frame,timestamp_ms,aoi_name,vid_x_min,vid_y_min,vid_x_max,vid_y_max,screen_x_min,screen_y_min,screen_x_max,screen_y_max,video_file,native_width,native_height,fps,total_frames,trait,level
0,0,left_eye,501.0,255.7,605.5,342.4,786.2,409.6,916.9,517.9,As93GgkTdt4.004.mp4,1280,720,25.0,383,extraversion,high
0,0,right_eye,660.6,243.6,764.3,331.5,985.7,394.4,1115.4,504.3,As93GgkTdt4.004.mp4,1280,720,25.0,383,extraversion,high
0,0,nose,603.3,306.1,686.4,430.4,914.1,472.6,1018.0,628.0,As93GgkTdt4.004.mp4,1280,720,25.0,383,extraversion,high
0,0,mouth,596.8,449.5,705.1,503.2,906.0,651.8,1041.4,718.9,As93GgkTdt4.004.mp4,1280,720,25.0,383,extraversion,high
0,0,forehead,481.6,194.9,793.3,469.0,762.0,333.6,1151.6,676.2,As93GgkTdt4.004.mp4,1280,720,25.0,383,extraversion,high
0,0,chin,487.6,332.0,793.3,561.0,769.5,505.1,1151.6,791.2,As93GgkTdt4.004.mp4,1280,720,25.0,383,extraversion,high
0,0,left_cheek,498.9,361.6,592.9,482.8,783.7,542.0,901.1,693.5,As93GgkTdt4.004.mp4,1280,720,25.0,383,extraversion,high
0,0,right_cheek,689.7,337.0,781.3,465.8,1022.1,511.3,1136.6,672.3,As93GgkTdt4.004.mp4,1280,720,25.0,383,extraversion,high
1,40,left_eye,502.4,256.1,607.7,342.3,787.9,410.1,919.7,517.9,As93GgkTdt4.004.mp4,1280,720,25.0,383,extraversion,high
1,40,right_eye,663.3,243.6,767.0,331.1,989.1,394.4,1118.8,503.9,As93GgkTdt4.004.mp4,1280,720,25.0,383,extraversion,high
1,40,nose,604.5,306.0,688.1,430.1,915.7,472.5,1020.1,627.6,As93GgkTdt4.004.mp4,1280,720,25.0,383,extraversion,high
1,40,mouth,596.6,448.2,707.9,503.6,905.7,650.3,1044.9,719.5,As93GgkTdt4.004.mp4,1280,720,25.0,383,extraversion,high
1,40,forehead,482.2,194.8,794.6,468.3,762.8,333.5,1153.3,675.4,As93GgkTdt4.004.mp4,1280,720,25.0,383,extraversion,high
1,40,chin,487.9,332.1,794.6,559.8,769.9,505.1,1153.3,789.7,As93GgkTdt4.004.mp4,1280,720,25.0,383,extraversion,high
1,40,left_cheek,499.1,361.5,593.8,482.2,783.9,541.8,902.3,692.8,As93GgkTdt4.004.mp4,1280,720,25.0,383,extraversion,high
1,40,right_cheek,691.9,337.0,783.8,465.3,1024.8,511.2,1139.7,671.6,As93GgkTdt4.004.mp4,1280,720,25.0,383,extraversion,high
2,80,left_eye,504.1,256.1,611.0,342.3,790.1,410.1,923.8,517.9,As93GgkTdt4.004.mp4,1280,720,25.0,383,extraversion,high
2,80,right_eye,668.7,243.7,773.1,331.3,995.9,394.6,1126.4,504.1,As93GgkTdt4.004.mp4,1280,720,25.0,383,extraversion,high
2,80,nose,606.7,306.1,690.7,431.1,918.3,472.6,1023.4,628.9,As93GgkTdt4.004.mp4,1280,720,25.0,383,extraversion,high
2,80,mouth,596.6,448.2,710.6,506.9,905.7,650.3,1048.3,723.6,As93GgkTdt4.004.mp4,1280,720,25.0,383,extraversion,high
2,80,forehead,483.0,194.0,799.3,467.6,763.7,332.5,1159.1,674.5,As93GgkTdt4.004.mp4,1280,720,25.0,383,extraversion,high
2,80,chin,488.3,332.3,799.3,560.8,770.4,505.3,1159.1,791.1,As93GgkTdt4.004.mp4,1280,720,25.0,383,extraversion,high
2,80,left_cheek,499.8,360.7,595.9,482.2,784.8,540.9,904.9,692.7,As93GgkTdt4.004.mp4,1280,720,25.0,383,extraversion,high
2,80,right_cheek,695.4,337.4,788.4,466.1,1029.3,511.7,1145.5,672.6,As93GgkTdt4.004.mp4,1280,720,25.0,383,extraversion,high
3,120,left_eye,504.2,255.6,611.4,342.3,790.2,409.5,924.2,517.9,As93GgkTdt4.004.mp4,1280,720,25.0,383,extraversion,high
3,120,right_eye,671.4,245.5,778.5,333.6,999.2,396.9,1133.1,507.1,As93GgkTdt4.004.mp4,1280,720,25.0,383,extraversion,high
3,120,nose,606.6,307.5,690.8,436.2,918.2,474.3,1023.5,635.3,As93GgkTdt4.004.mp4,1280,720,25.0,383,extraversion,high
3,120,mouth,592.8,452.1,710.5,513.7,901.1,655.1,1048.2,732.1,As93GgkTdt4.004.mp4,1280,720,25.0,383,extraversion,high
3,120,forehead,482.9,194.0,804.8,467.1,763.7,332.5,1166.0,673.9,As93GgkTdt4.004.mp4,1280,720,25.0,383,extraversion,high
3,120,chin,488.1,335.0,804.8,564.1,770.1,508.7,1166.0,795.2,As93GgkTdt4.004.mp4,1280,720,25.0,383,extraversion,high
3,120,left_cheek,499.2,359.8,595.7,483.0,784.0,539.8,904.7,693.7,As93GgkTdt4.004.mp4,1280,720,25.0,383,extraversion,high
3,120,right_cheek,696.5,341.2,793.0,472.0,1030.6,516.5,1151.3,679.9,As93GgkTdt4.004.mp4,1280,720,25.0,383,extraversion,high
4,160,left_eye,504.0,256.8,610.7,343.8,790.1,411.0,923.4,519.8,As93GgkTdt4.004.mp4,1280,720,25.0,383,extraversion,high
4,160,right_eye,671.1,253.5,780.7,340.9,998.8,406.8,1135.9,516.1,As93GgkTdt4.004.mp4,1280,720,25.0,383,extraversion,high
4,160,nose,600.9,313.3,687.5,443.1,911.1,481.6,1019.3,643.8,As93GgkTdt4.004.mp4,1280,720,25.0,383,extraversion,high
4,160,mouth,586.2,459.6,707.2,522.1,892.7,664.5,1044.0,742.6,As93GgkTdt4.004.mp4,1280,720,25.0,383,extraversion,high
4,160,forehead,483.4,198.6,810.0,466.8,764.2,338.3,1172.5,673.5,As93GgkTdt4.004.mp4,1280,720,25.0,383,extraversion,high
4,160,chin,488.1,343.8,810.0,568.3,770.1,519.7,1172.5,800.4,As93GgkTdt4.004.mp4,1280,720,25.0,383,extraversion,high
4,160,left_cheek,497.3,359.7,593.1,484.4,781.6,539.6,901.4,695.5,As93GgkTdt4.004.mp4,1280,720,25.0,383,extraversion,high
4,160,right_cheek,696.0,350.9,794.8,481.6,1029.9,528.6,1153.5,692.0,As93GgkTdt4.004.mp4,1280,720,25.0,383,extraversion,high
5,200,left_eye,503.0,257.8,604.3,344.9,788.8,412.3,915.4,521.1,As93GgkTdt4.004.mp4,1280,720,25.0,383,extraversion,high
5,200,right_eye,666.4,259.1,778.4,344.8,993.0,413.8,1132.9,521.0,As93GgkTdt4.004.mp4,1280,720,25.0,383,extraversion,high
5,200,nose,589.0,316.5,676.7,446.2,896.3,485.7,1005.8,647.8,As93GgkTdt4.004.mp4,1280,720,25.0,383,extraversion,high
5,200,mouth,577.9,464.5,696.9,524.8,882.4,670.6,1031.2,746.0,As93GgkTdt4.004.mp4,1280,720,25.0,383,extraversion,high
5,200,forehead,483.8,201.4,811.6,467.0,764.8,341.8,1174.5,673.7,As93GgkTdt4.004.mp4,1280,720,25.0,383,extraversion,high
5,200,chin,488.3,348.5,811.6,571.6,770.3,525.7,1174.5,804.5,As93GgkTdt4.004.mp4,1280,720,25.0,383,extraversion,high
5,200,left_cheek,494.1,358.6,585.1,484.8,777.6,538.3,891.4,696.1,As93GgkTdt4.004.mp4,1280,720,25.0,383,extraversion,high
5,200,right_cheek,688.0,356.3,793.1,487.2,1020.0,535.4,1151.4,699.0,As93GgkTdt4.004.mp4,1280,720,25.0,383,extraversion,high
6,240,left_eye,495.7,253.9,593.5,343.9,779.6,407.4,901.9,519.8,As93GgkTdt4.004.mp4,1280,720,25.0,383,extraversion,high
6,240,right_eye,653.0,257.1,773.5,344.0,976.3,411.4,1126.8,520.0,As93GgkTdt4.004.mp4,1280,720,25.0,383,extraversion,high
6,240,nose,573.8,314.9,661.6,444.1,877.3,483.6,987.0,645.1,As93GgkTdt4.004.mp4,1280,720,25.0,383,extraversion,high
6,240,mouth,566.1,463.4,684.0,521.6,867.6,669.2,1015.0,742.0,As93GgkTdt4.004.mp4,1280,720,25.0,383,extraversion,high
6,240,forehead,483.8,198.5,810.6,468.3,764.8,338.2,1173.3,675.4,As93GgkTdt4.004.mp4,1280,720,25.0,383,extraversion,high
6,240,chin,488.6,344.8,810.6,572.9,770.7,521.0,1173.3,806.1,As93GgkTdt4.004.mp4,1280,720,25.0,383,extraversion,high
6,240,left_cheek,488.0,352.9,572.9,483.3,770.0,531.1,876.2,694.1,As93GgkTdt4.004.mp4,1280,720,25.0,383,extraversion,high
6,240,right_cheek,675.2,356.1,789.7,488.4,1004.0,535.2,1147.1,700.5,As93GgkTdt4.004.mp4,1280,720,25.0,383,extraversion,high
7,280,left_eye,487.4,242.1,578.8,334.8,769.3,392.6,883.4,508.4,As93GgkTdt4.004.mp4,1280,720,25.0,383,extraversion,high
7,280,right_eye,635.2,256.7,759.8,343.2,954.0,410.9,1109.7,519.0,As93GgkTdt4.004.mp4,1280,720,25.0,383,extraversion,high
7,280,nose,551.0,307.8,639.1,439.3,848.8,474.7,958.8,639.2,As93GgkTdt4.004.mp4,1280,720,25.0,383,extraversion,high
7,280,mouth,548.4,458.1,662.4,512.6,845.5,662.6,988.0,730.7,As93GgkTdt4.004.mp4,1280,720,25.0,383,extraversion,high
7,280,forehead,484.1,190.2,808.9,468.0,765.1,327.7,1171.1,675.0,As93GgkTdt4.004.mp4,1280,720,25.0,383,extraversion,high
7,280,chin,491.2,332.9,808.9,571.8,774.0,506.1,1171.1,804.7,As93GgkTdt4.004.mp4,1280,720,25.0,383,extraversion,high
7,280,left_cheek,481.7,340.9,556.0,473.2,762.1,516.1,855.0,681.5,As93GgkTdt4.004.mp4,1280,720,25.0,383,extraversion,high
7,280,right_cheek,656.2,355.3,776.4,487.3,980.3,534.1,1130.4,699.1,As93GgkTdt4.004.mp4,1280,720,25.0,383,extraversion,high
8,320,left_eye,484.4,233.6,573.2,327.8,765.4,381.9,876.5,499.7,As93GgkTdt4.004.mp4,1280,720,25.0,383,extraversion,high
8,320,right_eye,626.5,251.7,751.5,340.9,943.2,404.6,1099.3,516.1,As93GgkTdt4.004.mp4,1280,720,25.0,383,extraversion,high
8,320,nose,541.8,300.9,628.4,432.5,837.2,466.2,945.5,630.6,As93GgkTdt4.004.mp4,1280,720,25.0,383,extraversion,high
8,320,mouth,541.2,452.3,649.2,507.4,836.5,655.4,971.5,724.3,As93GgkTdt4.004.mp4,1280,720,25.0,383,extraversion,high
8,320,forehead,485.0,182.1,808.5,472.3,766.3,317.6,1170.6,680.4,As93GgkTdt4.004.mp4,1280,720,25.0,383,extraversion,high
8,320,chin,493.5,326.6,808.5,570.0,776.9,498.3,1170.6,802.5,As93GgkTdt4.004.mp4,1280,720,25.0,383,extraversion,high
8,320,left_cheek,478.2,333.0,549.1,465.5,757.7,506.2,846.4,671.9,As93GgkTdt4.004.mp4,1280,720,25.0,383,extraversion,high
8,320,right_cheek,646.5,356.3,768.1,488.0,968.2,535.3,1120.1,700.0,As93GgkTdt4.004.mp4,1280,720,25.0,383,extraversion,high
9,360,left_eye,486.1,227.0,577.6,322.8,767.6,373.7,882.0,493.5,As93GgkTdt4.004.mp4,1280,720,25.0,383,extraversion,high
9,360,right_eye,629.4,246.9,754.0,336.2,946.8,398.7,1102.5,510.3,As93GgkTdt4.004.mp4,1280,720,25.0,383,extraversion,high
9,360,nose,546.4,295.7,632.2,426.9,843.0,459.6,950.3,623.6,As93GgkTdt4.004.mp4,1280,720,25.0,383,extraversion,high
9,360,mouth,547.3,447.8,652.1,506.0,844.2,649.7,975.2,722.5,As93GgkTdt4.004.mp4,1280,720,25.0,383,extraversion,high
9,360,forehead,485.8,177.9,809.3,470.7,767.3,312.4,1171.6,678.4,As93GgkTdt4.004.mp4,1280,720,25.0,383,extraversion,high
9,360,chin,493.9,321.7,809.3,569.6,777.4,492.1,1171.6,802.1,As93GgkTdt4.004.mp4,1280,720,25.0,383,extraversion,high
9,360,left_cheek,479.8,327.6,552.7,461.3,759.7,499.6,850.9,666.6,As93GgkTdt4.004.mp4,1280,720,25.0,383,extraversion,high
9,360,right_cheek,649.8,354.8,770.6,486.4,972.2,533.5,1123.2,698.0,As93GgkTdt4.004.mp4,1280,720,25.0,383,extraversion,high
10,400,left_eye,495.6,227.7,583.0,320.0,779.6,374.7,888.8,490.0,As93GgkTdt4.004.mp4,1280,720,25.0,383,extraversion,high
10,400,right_eye,633.3,243.8,767.0,332.7,951.6,394.7,1118.7,505.9,As93GgkTdt4.004.mp4,1280,720,25.0,383,extraversion,high
10,400,nose,558.1,293.5,644.3,423.1,857.6,456.9,965.4,618.9,As93GgkTdt4.004.mp4,1280,720,25.0,383,extraversion,high
10,400,mouth,553.4,443.3,654.7,507.7,851.7,644.1,978.4,724.6,As93GgkTdt4.004.mp4,1280,720,25.0,383,extraversion,high
10,400,forehead,495.9,176.7,825.1,469.3,779.9,310.9,1191.3,676.6,As93GgkTdt4.004.mp4,1280,720,25.0,383,extraversion,high
10,400,chin,504.1,320.4,824.4,569.2,790.2,490.5,1190.5,801.5,As93GgkTdt4.004.mp4,1280,720,25.0,383,extraversion,high
10,400,left_cheek,485.4,326.2,559.2,459.6,766.8,497.7,858.9,664.5,As93GgkTdt4.004.mp4,1280,720,25.0,383,extraversion,high
10,400,right_cheek,656.4,352.3,784.6,485.2,980.5,530.4,1140.7,696.5,As93GgkTdt4.004.mp4,1280,720,25.0,383,extraversion,high
11,440,left_eye,510.8,232.0,603.0,324.0,798.5,380.1,913.7,495.0,As93GgkTdt4.004.mp4,1280,720,25.0,383,extraversion,high
11,440,right_eye,659.4,245.9,782.3,333.9,984.3,397.4,1137.9,507.3,As93GgkTdt4.004.mp4,1280,720,25.0,383,extraversion,high
11,440,nose,580.5,295.2,667.0,425.5,885.6,459.0,993.8,621.9,As93GgkTdt4.004.mp4,1280,720,25.0,383,extraversion,high
11,440,mouth,578.0,443.6,694.5,514.9,882.5,644.5,1028.1,733.6,As93GgkTdt4.004.mp4,1280,720,25.0,383,extraversion,high
11,440,forehead,506.4,180.7,829.7,468.7,793.0,315.9,1197.2,675.8,As93GgkTdt4.004.mp4,1280,720,25.0,383,extraversion,high
11,440,chin,514.9,325.9,828.8,569.0,803.6,497.4,1196.0,801.2,As93GgkTdt4.004.mp4,1280,720,25.0,383,extraversion,high
11,440,left_cheek,504.2,331.8,581.8,463.4,790.2,504.7,887.3,669.2,As93GgkTdt4.004.mp4,1280,720,25.0,383,extraversion,high
11,440,right_cheek,681.9,352.0,798.1,485.2,1012.3,530.0,1157.6,696.4,As93GgkTdt4.004.mp4,1280,720,25.0,383,extraversion,high
12,480,left_eye,507.3,242.2,603.4,331.4,794.1,392.7,914.3,504.3,As93GgkTdt4.004.mp4,1280,720,25.0,383,extraversion,high
12,480,right_eye,661.1,252.6,780.7,338.2,986.4,405.8,1135.8,512.7,As93GgkTdt4.004.mp4,1280,720,25.0,383,extraversion,high
12,480,nose,582.5,303.3,669.7,428.1,888.1,469.1,997.1,625.1,As93GgkTdt4.004.mp4,1280,720,25.0,383,extraversion,high
12,480,mouth,578.6,445.0,701.6,514.6,883.2,646.2,1036.9,733.3,As93GgkTdt4.004.mp4,1280,720,25.0,383,extraversion,high
12,480,forehead,500.7,189.2,824.0,467.6,785.8,326.5,1190.0,674.5,As93GgkTdt4.004.mp4,1280,720,25.0,383,extraversion,high
12,480,chin,508.7,331.6,823.6,568.9,795.9,504.5,1189.4,801.1,As93GgkTdt4.004.mp4,1280,720,25.0,383,extraversion,high
12,480,left_cheek,501.7,337.5,582.4,465.9,787.1,511.8,888.0,672.4,As93GgkTdt4.004.mp4,1280,720,25.0,383,extraversion,high
12,480,right_cheek,683.8,352.3,795.8,484.6,1014.8,530.3,1154.8,695.7,As93GgkTdt4.004.mp4,1280,720,25.0,383,extraversion,high
13,520,left_eye,506.3,253.3,604.7,342.0,792.9,406.7,915.9,517.6,As93GgkTdt4.004.mp4,1280,720,25.0,383,extraversion,high
13,520,right_eye,663.3,259.1,782.1,346.2,989.2,413.9,1137.6,522.7,As93GgkTdt4.004.mp4,1280,720,25.0,383,extraversion,high
13,520,nose,584.0,312.7,672.7,438.8,890.0,480.8,1000.9,638.6,As93GgkTdt4.004.mp4,1280,720,25.0,383,extraversion,high
13,520,mouth,578.0,453.9,704.0,518.4,882.5,657.4,1040.0,738.0,As93GgkTdt4.004.mp4,1280,720,25.0,383,extraversion,high
13,520,forehead,498.6,198.3,822.3,472.6,783.2,337.9,1187.9,680.8,As93GgkTdt4.004.mp4,1280,720,25.0,383,extraversion,high
13,520,chin,506.2,346.0,822.0,572.5,792.8,522.5,1187.5,805.6,As93GgkTdt4.004.mp4,1280,720,25.0,383,extraversion,high
13,520,left_cheek,500.9,350.1,583.4,477.3,786.2,527.6,889.3,686.7,As93GgkTdt4.004.mp4,1280,720,25.0,383,extraversion,high
13,520,right_cheek,686.1,358.4,796.7,487.9,1017.6,538.0,1155.9,699.9,As93GgkTdt4.004.mp4,1280,720,25.0,383,extraversion,high
14,560,left_eye,505.3,253.6,603.5,342.1,791.6,407.0,914.4,517.6,As93GgkTdt4.004.mp4,1280,720,25.0,383,extraversion,high
14,560,right_eye,660.9,257.2,779.6,344.7,986.2,411.6,1134.5,520.9,As93GgkTdt4.004.mp4,1280,720,25.0,383,extraversion,high
14,560,nose,582.9,312.8,671.0,438.2,888.6,481.1,998.7,637.8,As93GgkTdt4.004.mp4,1280,720,25.0,383,extraversion,high
14,560,mouth,577.1,453.6,702.1,517.5,881.4,656.9,1037.6,736.9,As93GgkTdt4.004.mp4,1280,720,25.0,383,extraversion,high
14,560,forehead,498.3,198.8,821.9,472.9,782.8,338.5,1187.4,681.1,As93GgkTdt4.004.mp4,1280,720,25.0,383,extraversion,high
14,560,chin,504.2,351.3,821.6,575.2,790.3,529.1,1187.0,809.0,As93GgkTdt4.004.mp4,1280,720,25.0,383,extraversion,high
14,560,left_cheek,499.8,353.5,582.0,480.5,784.7,531.9,887.5,690.6,As93GgkTdt4.004.mp4,1280,720,25.0,383,extraversion,high
14,560,right_cheek,684.1,357.3,794.7,487.1,1015.1,536.6,1153.3,698.9,As93GgkTdt4.004.mp4,1280,720,25.0,383,extraversion,high
15,600,left_eye,504.5,252.8,603.1,341.2,790.6,406.0,913.9,516.5,As93GgkTdt4.004.mp4,1280,720,25.0,383,extraversion,high
15,600,right_eye,660.8,251.3,780.2,340.3,986.1,404.1,1135.3,515.4,As93GgkTdt4.004.mp4,1280,720,25.0,383,extraversion,high
15,600,nose,582.7,310.3,672.0,433.6,888.3,477.9,1000.0,632.0,As93GgkTdt4.004.mp4,1280,720,25.0,383,extraversion,high
15,600,mouth,578.7,448.6,700.5,517.1,883.4,650.7,1035.7,736.3,As93GgkTdt4.004.mp4,1280,720,25.0,383,extraversion,high
15,600,forehead,497.4,197.7,820.8,472.0,781.7,337.1,1186.0,680.0,As93GgkTdt4.004.mp4,1280,720,25.0,383,extraversion,high
15,600,chin,504.1,350.6,820.5,574.4,790.1,528.2,1185.7,808.1,As93GgkTdt4.004.mp4,1280,720,25.0,383,extraversion,high
15,600,left_cheek,499.1,351.4,581.5,478.9,783.8,529.3,886.9,688.6,As93GgkTdt4.004.mp4,1280,720,25.0,383,extraversion,high
15,600,right_cheek,684.0,352.4,794.1,484.1,1015.0,530.4,1152.6,695.1,As93GgkTdt4.004.mp4,1280,720,25.0,383,extraversion,high
16,640,left_eye,502.7,241.7,601.0,332.0,788.4,392.1,911.2,505.1,As93GgkTdt4.004.mp4,1280,720,25.0,383,extraversion,high
16,640,right_eye,660.1,241.9,780.0,333.5,985.2,392.3,1135.1,506.9,As93GgkTdt4.004.mp4,1280,720,25.0,383,extraversion,high
16,640,nose,581.9,300.7,670.7,423.4,887.4,465.9,998.4,619.2,As93GgkTdt4.004.mp4,1280,720,25.0,383,extraversion,high
16,640,mouth,578.0,440.0,700.0,513.1,882.5,640.0,1035.1,731.4,As93GgkTdt4.004.mp4,1280,720,25.0,383,extraversion,high
16,640,forehead,496.4,189.5,820.1,469.6,780.5,326.9,1185.1,677.0,As93GgkTdt4.004.mp4,1280,720,25.0,383,extraversion,high
16,640,chin,502.9,348.2,819.9,574.2,788.7,525.3,1184.9,807.7,As93GgkTdt4.004.mp4,1280,720,25.0,383,extraversion,high
16,640,left_cheek,498.6,346.9,581.4,474.6,783.3,523.6,886.8,683.3,As93GgkTdt4.004.mp4,1280,720,25.0,383,extraversion,high
16,640,right_cheek,683.1,346.4,793.5,478.9,1013.8,522.9,1151.9,688.6,As93GgkTdt4.004.mp4,1280,720,25.0,383,extraversion,high
17,680,left_eye,502.7,233.1,599.8,326.0,788.3,381.4,909.7,497.5,As93GgkTdt4.004.mp4,1280,720,25.0,383,extraversion,high
17,680,right_eye,660.3,237.5,780.0,330.6,985.3,386.8,1135.0,503.3,As93GgkTdt4.004.mp4,1280,720,25.0,383,extraversion,high
17,680,nose,581.5,293.5,670.0,416.4,886.9,456.8,997.5,610.5,As93GgkTdt4.004.mp4,1280,720,25.0,383,extraversion,high
17,680,mouth,577.9,435.3,693.1,505.6,882.3,634.2,1026.3,722.0,As93GgkTdt4.004.mp4,1280,720,25.0,383,extraversion,high
17,680,forehead,495.9,181.7,819.6,469.4,779.9,317.1,1184.5,676.8,As93GgkTdt4.004.mp4,1280,720,25.0,383,extraversion,high
17,680,chin,499.5,346.3,819.1,572.5,784.4,522.9,1183.9,805.7,As93GgkTdt4.004.mp4,1280,720,25.0,383,extraversion,high
17,680,left_cheek,497.2,340.6,580.9,470.9,781.5,515.8,886.1,678.6,As93GgkTdt4.004.mp4,1280,720,25.0,383,extraversion,high
17,680,right_cheek,682.6,344.9,793.3,477.3,1013.2,521.1,1151.6,686.6,As93GgkTdt4.004.mp4,1280,720,25.0,383,extraversion,high
18,720,left_eye,503.3,228.9,601.3,320.9,789.1,376.1,911.6,491.1,As93GgkTdt4.004.mp4,1280,720,25.0,383,extraversion,high
18,720,right_eye,664.4,236.6,782.2,330.1,990.5,385.7,1137.8,502.6,As93GgkTdt4.004.mp4,1280,720,25.0,383,extraversion,high
18,720,nose,582.0,290.3,669.9,414.1,887.5,452.9,997.4,607.7,As93GgkTdt4.004.mp4,1280,720,25.0,383,extraversion,high
18,720,mouth,576.4,434.4,686.1,492.2,880.5,633.0,1017.6,705.3,As93GgkTdt4.004.mp4,1280,720,25.0,383,extraversion,high
18,720,forehead,494.4,178.0,818.7,471.1,778.0,312.6,1183.4,678.9,As93GgkTdt4.004.mp4,1280,720,25.0,383,extraversion,high
18,720,chin,495.9,340.2,817.3,568.4,779.9,515.2,1181.6,800.5,As93GgkTdt4.004.mp4,1280,720,25.0,383,extraversion,high
18,720,left_cheek,496.6,335.2,580.6,467.7,780.7,509.0,885.8,674.7,As93GgkTdt4.004.mp4,1280,720,25.0,383,extraversion,high
18,720,right_cheek,682.8,345.8,793.0,477.8,1013.5,522.2,1151.2,687.2,As93GgkTdt4.004.mp4,1280,720,25.0,383,extraversion,high
19,760,left_eye,505.0,228.4,605.8,317.8,791.2,375.5,917.3,487.2,As93GgkTdt4.004.mp4,1280,720,25.0,383,extraversion,high
19,760,right_eye,668.5,237.6,784.5,329.7,995.6,387.0,1140.7,502.2,As93GgkTdt4.004.mp4,1280,720,25.0,383,extraversion,high
19,760,nose,582.8,290.5,670.1,414.0,888.5,453.1,997.6,607.5,As93GgkTdt4.004.mp4,1280,720,25.0,383,extraversion,high
19,760,mouth,573.6,433.5,683.1,487.4,877.0,631.8,1013.9,699.3,As93GgkTdt4.004.mp4,1280,720,25.0,383,extraversion,high
19,760,forehead,492.8,178.2,818.5,473.7,776.0,312.8,1183.1,682.2,As93GgkTdt4.004.mp4,1280,720,25.0,383,extraversion,high
19,760,chin,493.1,336.8,816.5,567.1,776.4,511.0,1180.6,798.9,As93GgkTdt4.004.mp4,1280,720,25.0,383,extraversion,high
19,760,left_cheek,495.6,332.5,581.0,465.1,779.6,505.7,886.2,671.3,As93GgkTdt4.004.mp4,1280,720,25.0,383,extraversion,high
19,760,right_cheek,683.8,346.8,792.9,477.9,1014.7,523.4,1151.1,687.4,As93GgkTdt4.004.mp4,1280,720,25.0,383,extraversion,high
20,800,left_eye,504.8,227.5,607.8,316.8,791.0,374.4,919.8,486.0,As93GgkTdt4.004.mp4,1280,720,25.0,383,extraversion,high
20,800,right_eye,670.4,237.6,784.4,329.2,998.0,387.0,1140.5,501.5,As93GgkTdt4.004.mp4,1280,720,25.0,383,extraversion,high
20,800,nose,582.8,290.2,670.6,413.0,888.5,452.8,998.3,606.3,As93GgkTdt4.004.mp4,1280,720,25.0,383,extraversion,high
20,800,mouth,571.7,432.4,681.6,487.1,874.7,630.5,1011.9,698.9,As93GgkTdt4.004.mp4,1280,720,25.0,383,extraversion,high
20,800,forehead,485.2,178.0,814.9,474.9,766.5,312.6,1178.6,683.6,As93GgkTdt4.004.mp4,1280,720,25.0,383,extraversion,high
20,800,chin,485.2,335.5,812.8,566.6,766.5,509.3,1176.0,798.3,As93GgkTdt4.004.mp4,1280,720,25.0,383,extraversion,high
20,800,left_cheek,491.3,331.3,580.8,463.7,774.1,504.2,886.0,669.6,As93GgkTdt4.004.mp4,1280,720,25.0,383,extraversion,high
20,800,right_cheek,684.3,347.4,792.8,478.0,1015.4,524.2,1151.0,687.5,As93GgkTdt4.004.mp4,1280,720,25.0,383,extraversion,high
21,840,left_eye,513.9,228.7,621.1,318.4,802.4,375.9,936.4,488.0,As93GgkTdt4.004.mp4,1280,720,25.0,383,extraversion,high
21,840,right_eye,683.5,238.8,796.1,329.4,1014.3,388.5,1155.1,501.7,As93GgkTdt4.004.mp4,1280,720,25.0,383,extraversion,high
21,840,nose,594.8,290.5,681.9,414.4,903.5,453.2,1012.4,608.0,As93GgkTdt4.004.mp4,1280,720,25.0,383,extraversion,high
21,840,mouth,579.2,434.0,689.1,490.7,884.0,632.5,1021.3,703.4,As93GgkTdt4.004.mp4,1280,720,25.0,383,extraversion,high
21,840,forehead,486.6,178.6,822.3,477.5,768.2,313.3,1187.9,686.8,As93GgkTdt4.004.mp4,1280,720,25.0,383,extraversion,high
21,840,chin,488.1,336.0,819.0,566.6,770.2,510.1,1183.7,798.3,As93GgkTdt4.004.mp4,1280,720,25.0,383,extraversion,high
21,840,left_cheek,495.7,332.5,591.4,464.8,779.6,505.7,899.2,671.0,As93GgkTdt4.004.mp4,1280,720,25.0,383,extraversion,high
21,840,right_cheek,696.4,348.7,803.0,480.5,1030.5,525.9,1163.7,690.6,As93GgkTdt4.004.mp4,1280,720,25.0,383,extraversion,high
22,880,left_eye,523.0,228.9,633.7,319.1,813.8,376.2,952.2,488.8,As93GgkTdt4.004.mp4,1280,720,25.0,383,extraversion,high
22,880,right_eye,694.8,239.4,808.1,330.2,1028.5,389.2,1170.1,502.8,As93GgkTdt4.004.mp4,1280,720,25.0,383,extraversion,high
22,880,nose,607.0,290.2,694.6,415.1,918.7,452.8,1028.3,608.9,As93GgkTdt4.004.mp4,1280,720,25.0,383,extraversion,high
22,880,mouth,589.6,434.9,700.8,492.3,897.0,633.7,1036.0,705.4,As93GgkTdt4.004.mp4,1280,720,25.0,383,extraversion,high
22,880,forehead,491.9,177.8,832.0,480.1,774.9,312.2,1200.0,690.2,As93GgkTdt4.004.mp4,1280,720,25.0,383,extraversion,high
22,880,chin,491.9,336.4,827.1,566.7,774.9,510.5,1193.9,798.3,As93GgkTdt4.004.mp4,1280,720,25.0,383,extraversion,high
22,880,left_cheek,504.5,332.8,602.6,465.3,790.6,506.1,913.3,671.7,As93GgkTdt4.004.mp4,1280,720,25.0,383,extraversion,high
22,880,right_cheek,708.5,350.2,813.1,483.0,1045.7,527.8,1176.4,693.7,As93GgkTdt4.004.mp4,1280,720,25.0,383,extraversion,high
23,920,left_eye,531.1,227.9,644.1,318.5,823.9,374.9,965.1,488.1,As93GgkTdt4.004.mp4,1280,720,25.0,383,extraversion,high
23,920,right_eye,703.6,239.7,817.6,331.2,1039.5,389.7,1182.0,504.0,As93GgkTdt4.004.mp4,1280,720,25.0,383,extraversion,high
23,920,nose,615.8,289.8,704.8,415.0,929.8,452.3,1041.0,608.7,As93GgkTdt4.004.mp4,1280,720,25.0,383,extraversion,high
23,920,mouth,598.1,435.5,708.5,492.4,907.6,634.3,1045.6,705.6,As93GgkTdt4.004.mp4,1280,720,25.0,383,extraversion,high
23,920,forehead,496.1,177.3,839.6,480.8,780.2,311.6,1209.5,691.0,As93GgkTdt4.004.mp4,1280,720,25.0,383,extraversion,high
23,920,chin,496.1,335.1,833.4,567.1,780.2,508.9,1201.8,798.9,As93GgkTdt4.004.mp4,1280,720,25.0,383,extraversion,high
23,920,left_cheek,511.0,331.2,611.2,464.7,798.8,504.0,924.0,670.9,As93GgkTdt4.004.mp4,1280,720,25.0,383,extraversion,high
23,920,right_cheek,717.9,351.5,821.0,484.2,1057.3,529.4,1186.3,695.2,As93GgkTdt4.004.mp4,1280,720,25.0,383,extraversion,high
24,960,left_eye,536.9,227.5,651.7,317.9,831.1,374.3,974.6,487.3,As93GgkTdt4.004.mp4,1280,720,25.0,383,extraversion,high
24,960,right_eye,709.8,240.0,823.6,332.8,1047.3,390.0,1189.5,506.0,As93GgkTdt4.004.mp4,1280,720,25.0,383,extraversion,high
24,960,nose,622.8,289.8,713.0,414.0,938.5,452.2,1051.2,607.5,As93GgkTdt4.004.mp4,1280,720,25.0,383,extraversion,high
24,960,mouth,601.7,435.6,714.2,500.8,912.1,634.5,1052.8,716.0,As93GgkTdt4.004.mp4,1280,720,25.0,383,extraversion,high
24,960,forehead,498.8,177.5,842.9,483.0,783.5,311.8,1213.6,693.8,As93GgkTdt4.004.mp4,1280,720,25.0,383,extraversion,high
24,960,chin,498.8,333.9,835.9,568.4,783.5,507.4,1204.9,800.5,As93GgkTdt4.004.mp4,1280,720,25.0,383,extraversion,high
24,960,left_cheek,515.5,329.6,617.5,464.1,804.4,502.1,931.9,670.2,As93GgkTdt4.004.mp4,1280,720,25.0,383,extraversion,high
24,960,right_cheek,725.0,353.0,825.7,485.6,1066.2,531.2,1192.1,697.0,As93GgkTdt4.004.mp4,1280,720,25.0,383,extraversion,high
25,1000,left_eye,541.8,228.0,658.6,318.4,837.2,375.0,983.2,487.9,As93GgkTdt4.004.mp4,1280,720,25.0,383,extraversion,high
25,1000,right_eye,715.6,244.2,828.0,337.9,1054.5,395.3,1195.1,512.4,As93GgkTdt4.004.mp4,1280,720,25.0,383,extraversion,high
25,1000,nose,629.0,290.8,718.2,414.5,946.3,453.5,1057.7,608.1,As93GgkTdt4.004.mp4,1280,720,25.0,383,extraversion,high
25,1000,mouth,605.2,435.9,717.5,506.4,916.4,634.9,1056.9,723.0,As93GgkTdt4.004.mp4,1280,720,25.0,383,extraversion,high
25,1000,forehead,500.1,178.7,844.0,486.3,785.2,313.4,1215.0,697.9,As93GgkTdt4.004.mp4,1280,720,25.0,383,extraversion,high
25,1000,chin,500.1,333.8,835.9,569.7,785.2,507.2,1204.9,802.1,As93GgkTdt4.004.mp4,1280,720,25.0,383,extraversion,high
25,1000,left_cheek,518.6,329.7,623.0,464.2,808.2,502.1,938.7,670.3,As93GgkTdt4.004.mp4,1280,720,25.0,383,extraversion,high
25,1000,right_cheek,729.8,357.0,827.9,488.2,1072.3,536.3,1194.9,700.2,As93GgkTdt4.004.mp4,1280,720,25.0,383,extraversion,high
26,1040,left_eye,545.2,230.0,662.5,319.3,841.4,377.5,988.2,489.1,As93GgkTdt4.004.mp4,1280,720,25.0,383,extraversion,high
26,1040,right_eye,717.9,250.0,829.2,342.4,1057.4,402.5,1196.5,518.0,As93GgkTdt4.004.mp4,1280,720,25.0,383,extraversion,high
26,1040,nose,632.1,294.4,721.5,416.0,950.2,458.0,1061.9,610.0,As93GgkTdt4.004.mp4,1280,720,25.0,383,extraversion,high
26,1040,mouth,606.2,437.2,721.0,506.5,917.8,636.6,1061.3,723.1,As93GgkTdt4.004.mp4,1280,720,25.0,383,extraversion,high
26,1040,forehead,501.0,181.9,842.7,487.7,786.3,317.3,1213.3,699.6,As93GgkTdt4.004.mp4,1280,720,25.0,383,extraversion,high
26,1040,chin,501.0,333.6,834.1,569.8,786.3,507.0,1202.6,802.2,As93GgkTdt4.004.mp4,1280,720,25.0,383,extraversion,high
26,1040,left_cheek,520.4,330.0,626.0,464.3,810.5,502.5,942.5,670.4,As93GgkTdt4.004.mp4,1280,720,25.0,383,extraversion,high
26,1040,right_cheek,732.5,360.9,827.9,490.0,1075.6,541.1,1194.9,702.5,As93GgkTdt4.004.mp4,1280,720,25.0,383,extraversion,high
27,1080,left_eye,547.7,234.7,667.3,324.3,844.7,383.4,994.2,495.3,As93GgkTdt4.004.mp4,1280,720,25.0,383,extraversion,high
27,1080,right_eye,720.4,257.2,829.6,349.3,1060.5,411.5,1197.0,526.6,As93GgkTdt4.004.mp4,1280,720,25.0,383,extraversion,high
27,1080,nose,634.7,300.5,724.8,422.4,953.4,465.7,1066.0,618.1,As93GgkTdt4.004.mp4,1280,720,25.0,383,extraversion,high
27,1080,mouth,605.4,441.0,723.6,508.6,916.8,641.2,1064.5,725.7,As93GgkTdt4.004.mp4,1280,720,25.0,383,extraversion,high
27,1080,forehead,500.7,185.6,841.2,492.1,785.8,322.0,1211.5,705.2,As93GgkTdt4.004.mp4,1280,720,25.0,383,extraversion,high
27,1080,chin,500.7,333.8,832.7,571.4,785.8,507.3,1200.9,804.3,As93GgkTdt4.004.mp4,1280,720,25.0,383,extraversion,high
27,1080,left_cheek,520.5,330.6,628.8,465.8,810.6,503.2,946.0,672.2,As93GgkTdt4.004.mp4,1280,720,25.0,383,extraversion,high
27,1080,right_cheek,734.8,367.5,827.6,495.3,1078.5,549.4,1194.5,709.1,As93GgkTdt4.004.mp4,1280,720,25.0,383,extraversion,high
28,1120,left_eye,549.9,241.2,669.7,330.5,847.4,391.5,997.1,503.1,As93GgkTdt4.004.mp4,1280,720,25.0,383,extraversion,high
28,1120,right_eye,721.3,265.7,829.6,356.1,1061.6,422.2,1197.0,535.2,As93GgkTdt4.004.mp4,1280,720,25.0,383,extraversion,high
28,1120,nose,635.8,307.6,725.8,428.7,954.7,474.6,1067.3,625.9,As93GgkTdt4.004.mp4,1280,720,25.0,383,extraversion,high
28,1120,mouth,604.5,444.2,727.0,512.6,915.7,645.2,1068.8,730.8,As93GgkTdt4.004.mp4,1280,720,25.0,383,extraversion,high
28,1120,forehead,500.3,191.5,840.4,497.8,785.4,329.4,1210.5,712.3,As93GgkTdt4.004.mp4,1280,720,25.0,383,extraversion,high
28,1120,chin,500.3,335.3,832.3,574.4,785.4,509.1,1200.4,808.0,As93GgkTdt4.004.mp4,1280,720,25.0,383,extraversion,high
28,1120,left_cheek,520.4,334.0,630.1,468.9,810.5,507.5,947.7,676.1,As93GgkTdt4.004.mp4,1280,720,25.0,383,extraversion,high
28,1120,right_cheek,735.5,374.1,827.0,501.0,1079.4,557.6,1193.7,716.2,As93GgkTdt4.004.mp4,1280,720,25.0,383,extraversion,high
29,1160,left_eye,549.4,246.2,669.8,334.8,846.8,397.7,997.3,508.5,As93GgkTdt4.004.mp4,1280,720,25.0,383,extraversion,high
29,1160,right_eye,720.1,271.5,827.5,360.5,1060.2,429.4,1194.3,540.6,As93GgkTdt4.004.mp4,1280,720,25.0,383,extraversion,high
29,1160,nose,635.4,312.7,725.5,433.2,954.3,480.8,1066.9,631.4,As93GgkTdt4.004.mp4,1280,720,25.0,383,extraversion,high
29,1160,mouth,602.8,446.6,726.9,517.7,913.5,648.2,1068.6,737.1,As93GgkTdt4.004.mp4,1280,720,25.0,383,extraversion,high
29,1160,forehead,497.7,196.0,839.6,501.7,782.1,335.0,1209.5,717.1,As93GgkTdt4.004.mp4,1280,720,25.0,383,extraversion,high
29,1160,chin,497.7,337.5,827.3,578.6,782.1,511.9,1194.1,813.3,As93GgkTdt4.004.mp4,1280,720,25.0,383,extraversion,high
29,1160,left_cheek,519.3,337.6,629.7,472.7,809.1,512.1,947.2,680.9,As93GgkTdt4.004.mp4,1280,720,25.0,383,extraversion,high
29,1160,right_cheek,734.5,378.4,825.1,504.9,1078.2,563.0,1191.4,721.2,As93GgkTdt4.004.mp4,1280,720,25.0,383,extraversion,high
30,1200,left_eye,547.4,246.6,668.4,335.2,844.2,398.3,995.5,509.0,As93GgkTdt4.004.mp4,1280,720,25.0,383,extraversion,high
30,1200,right_eye,718.5,272.2,825.2,360.7,1058.2,430.3,1191.5,540.9,As93GgkTdt4.004.mp4,1280,720,25.0,383,extraversion,high
30,1200,nose,634.6,313.0,723.6,432.7,953.2,481.2,1064.4,630.9,As93GgkTdt4.004.mp4,1280,720,25.0,383,extraversion,high
30,1200,mouth,598.9,446.3,723.8,525.9,908.6,647.9,1064.8,747.4,As93GgkTdt4.004.mp4,1280,720,25.0,383,extraversion,high
30,1200,forehead,492.1,197.1,835.2,502.3,775.1,336.3,1204.0,717.9,As93GgkTdt4.004.mp4,1280,720,25.0,383,extraversion,high
30,1200,chin,492.1,339.2,818.1,582.9,775.1,514.0,1182.6,818.6,As93GgkTdt4.004.mp4,1280,720,25.0,383,extraversion,high
30,1200,left_cheek,517.1,339.2,627.9,475.7,806.4,513.9,944.8,684.6,As93GgkTdt4.004.mp4,1280,720,25.0,383,extraversion,high
30,1200,right_cheek,732.4,378.6,821.6,506.3,1075.5,563.2,1186.9,722.9,As93GgkTdt4.004.mp4,1280,720,25.0,383,extraversion,high
31,1240,left_eye,545.9,241.3,665.2,333.6,842.4,391.6,991.5,507.0,As93GgkTdt4.004.mp4,1280,720,25.0,383,extraversion,high
31,1240,right_eye,716.6,269.9,819.3,356.9,1055.8,427.3,1184.2,536.2,As93GgkTdt4.004.mp4,1280,720,25.0,383,extraversion,high
31,1240,nose,633.3,311.3,721.5,427.5,951.6,479.1,1061.8,624.4,As93GgkTdt4.004.mp4,1280,720,25.0,383,extraversion,high
31,1240,mouth,592.7,438.9,723.1,523.9,900.9,638.6,1063.9,744.9,As93GgkTdt4.004.mp4,1280,720,25.0,383,extraversion,high
31,1240,forehead,480.6,193.9,825.3,499.8,760.7,332.4,1191.6,714.7,As93GgkTdt4.004.mp4,1280,720,25.0,383,extraversion,high
31,1240,chin,480.6,336.5,806.9,582.1,760.7,510.6,1168.6,817.6,As93GgkTdt4.004.mp4,1280,720,25.0,383,extraversion,high
31,1240,left_cheek,509.9,335.5,625.6,474.6,797.4,509.3,942.0,683.3,As93GgkTdt4.004.mp4,1280,720,25.0,383,extraversion,high
31,1240,right_cheek,730.4,376.5,813.1,503.5,1073.1,560.6,1176.4,719.4,As93GgkTdt4.004.mp4,1280,720,25.0,383,extraversion,high
32,1280,left_eye,538.1,229.2,664.0,323.3,832.6,376.5,990.0,494.1,As93GgkTdt4.004.mp4,1280,720,25.0,383,extraversion,high
32,1280,right_eye,710.5,251.8,812.6,347.4,1048.2,404.7,1175.8,524.3,As93GgkTdt4.004.mp4,1280,720,25.0,383,extraversion,high
32,1280,nose,631.3,296.3,718.3,414.8,949.1,460.3,1057.9,608.5,As93GgkTdt4.004.mp4,1280,720,25.0,383,extraversion,high
32,1280,mouth,584.5,427.4,717.4,515.9,890.7,624.3,1056.8,734.8,As93GgkTdt4.004.mp4,1280,720,25.0,383,extraversion,high
32,1280,forehead,476.2,184.5,819.0,492.3,755.2,320.6,1183.7,705.4,As93GgkTdt4.004.mp4,1280,720,25.0,383,extraversion,high
32,1280,chin,476.2,332.1,803.3,581.8,755.2,505.1,1164.2,817.3,As93GgkTdt4.004.mp4,1280,720,25.0,383,extraversion,high
32,1280,left_cheek,503.8,327.9,620.9,466.3,789.7,499.9,936.1,672.9,As93GgkTdt4.004.mp4,1280,720,25.0,383,extraversion,high
32,1280,right_cheek,725.2,363.3,807.0,493.1,1066.5,544.2,1168.7,706.4,As93GgkTdt4.004.mp4,1280,720,25.0,383,extraversion,high
33,1320,left_eye,523.4,223.7,649.0,316.8,814.3,369.6,971.2,486.0,As93GgkTdt4.004.mp4,1280,720,25.0,383,extraversion,high
33,1320,right_eye,700.5,242.6,802.1,338.8,1035.7,393.2,1162.7,513.5,As93GgkTdt4.004.mp4,1280,720,25.0,383,extraversion,high
33,1320,nose,621.2,288.8,708.9,408.4,936.5,451.0,1046.2,600.5,As93GgkTdt4.004.mp4,1280,720,25.0,383,extraversion,high
33,1320,mouth,577.4,422.7,709.9,506.9,881.8,618.3,1047.3,723.6,As93GgkTdt4.004.mp4,1280,720,25.0,383,extraversion,high
33,1320,forehead,466.9,178.4,807.9,485.5,743.6,313.0,1169.9,696.8,As93GgkTdt4.004.mp4,1280,720,25.0,383,extraversion,high
33,1320,chin,466.9,331.6,795.5,578.0,743.6,504.4,1154.4,812.5,As93GgkTdt4.004.mp4,1280,720,25.0,383,extraversion,high
33,1320,left_cheek,494.6,325.6,609.6,462.6,778.2,497.0,922.0,668.2,As93GgkTdt4.004.mp4,1280,720,25.0,383,extraversion,high
33,1320,right_cheek,715.6,355.2,799.1,485.4,1054.6,533.9,1158.9,696.8,As93GgkTdt4.004.mp4,1280,720,25.0,383,extraversion,high
34,1360,left_eye,513.9,224.2,637.7,316.0,802.4,370.3,957.2,484.9,As93GgkTdt4.004.mp4,1280,720,25.0,383,extraversion,high
34,1360,right_eye,691.5,242.1,794.6,336.8,1024.3,392.6,1153.2,511.0,As93GgkTdt4.004.mp4,1280,720,25.0,383,extraversion,high
34,1360,nose,609.7,288.4,698.1,407.7,922.1,450.5,1032.6,599.6,As93GgkTdt4.004.mp4,1280,720,25.0,383,extraversion,high
34,1360,mouth,571.0,423.1,698.6,502.6,873.8,618.9,1033.3,718.3,As93GgkTdt4.004.mp4,1280,720,25.0,383,extraversion,high
34,1360,forehead,459.8,178.2,800.8,481.7,734.8,312.8,1161.0,692.1,As93GgkTdt4.004.mp4,1280,720,25.0,383,extraversion,high
34,1360,chin,459.8,331.0,789.6,574.3,734.8,503.8,1147.0,807.9,As93GgkTdt4.004.mp4,1280,720,25.0,383,extraversion,high
34,1360,left_cheek,486.3,325.3,599.5,460.7,767.9,496.6,909.4,665.9,As93GgkTdt4.004.mp4,1280,720,25.0,383,extraversion,high
34,1360,right_cheek,706.0,353.6,792.0,482.9,1042.5,532.1,1149.9,693.7,As93GgkTdt4.004.mp4,1280,720,25.0,383,extraversion,high
35,1400,left_eye,506.2,225.9,629.5,317.4,792.8,372.3,946.8,486.7,As93GgkTdt4.004.mp4,1280,720,25.0,383,extraversion,high
35,1400,right_eye,684.5,244.1,788.5,338.1,1015.7,395.1,1145.6,512.7,As93GgkTdt4.004.mp4,1280,720,25.0,383,extraversion,high
35,1400,nose,602.1,290.5,689.7,410.4,912.6,453.1,1022.1,603.0,As93GgkTdt4.004.mp4,1280,720,25.0,383,extraversion,high
35,1400,mouth,567.4,426.0,688.4,498.8,869.3,622.4,1020.5,713.5,As93GgkTdt4.004.mp4,1280,720,25.0,383,extraversion,high
35,1400,forehead,455.3,179.4,794.8,481.2,729.1,314.2,1153.5,691.5,As93GgkTdt4.004.mp4,1280,720,25.0,383,extraversion,high
35,1400,chin,455.3,331.3,784.8,571.9,729.1,504.2,1141.0,804.9,As93GgkTdt4.004.mp4,1280,720,25.0,383,extraversion,high
35,1400,left_cheek,480.9,326.3,592.2,461.4,761.1,497.9,900.3,666.7,As93GgkTdt4.004.mp4,1280,720,25.0,383,extraversion,high
35,1400,right_cheek,698.4,355.4,786.2,484.0,1033.0,534.3,1142.8,695.0,As93GgkTdt4.004.mp4,1280,720,25.0,383,extraversion,high
36,1440,left_eye,499.1,230.2,621.3,322.4,783.9,377.8,936.6,493.0,As93GgkTdt4.004.mp4,1280,720,25.0,383,extraversion,high
36,1440,right_eye,678.7,246.6,783.0,341.2,1008.3,398.3,1138.8,516.5,As93GgkTdt4.004.mp4,1280,720,25.0,383,extraversion,high
36,1440,nose,593.5,295.9,681.9,416.8,901.8,459.9,1012.4,611.0,As93GgkTdt4.004.mp4,1280,720,25.0,383,extraversion,high
36,1440,mouth,563.6,434.4,679.5,500.6,864.5,633.1,1009.4,715.7,As93GgkTdt4.004.mp4,1280,720,25.0,383,extraversion,high
36,1440,forehead,449.2,183.7,789.1,482.1,721.5,319.6,1146.4,692.6,As93GgkTdt4.004.mp4,1280,720,25.0,383,extraversion,high
36,1440,chin,449.2,332.6,779.0,571.9,721.5,505.7,1133.8,804.8,As93GgkTdt4.004.mp4,1280,720,25.0,383,extraversion,high
36,1440,left_cheek,473.7,330.0,584.8,463.0,752.1,502.5,891.0,668.7,As93GgkTdt4.004.mp4,1280,720,25.0,383,extraversion,high
36,1440,right_cheek,690.8,358.7,780.0,484.1,1023.5,538.4,1134.9,695.1,As93GgkTdt4.004.mp4,1280,720,25.0,383,extraversion,high
37,1480,left_eye,501.5,237.5,622.9,331.0,786.9,386.9,938.6,503.8,As93GgkTdt4.004.mp4,1280,720,25.0,383,extraversion,high
37,1480,right_eye,681.5,255.1,788.2,349.0,1011.9,408.9,1145.3,526.3,As93GgkTdt4.004.mp4,1280,720,25.0,383,extraversion,high
37,1480,nose,594.9,304.9,683.4,425.3,903.6,471.2,1014.3,621.7,As93GgkTdt4.004.mp4,1280,720,25.0,383,extraversion,high
37,1480,mouth,565.4,443.4,684.2,503.6,866.7,644.2,1015.2,719.5,As93GgkTdt4.004.mp4,1280,720,25.0,383,extraversion,high
37,1480,forehead,453.9,190.8,795.8,482.7,727.4,328.4,1154.7,693.4,As93GgkTdt4.004.mp4,1280,720,25.0,383,extraversion,high
37,1480,chin,453.9,336.6,786.0,573.6,727.4,510.8,1142.5,807.0,As93GgkTdt4.004.mp4,1280,720,25.0,383,extraversion,high
37,1480,left_cheek,476.5,337.0,586.8,469.7,755.7,511.2,893.5,677.1,As93GgkTdt4.004.mp4,1280,720,25.0,383,extraversion,high
37,1480,right_cheek,693.4,366.3,784.9,490.8,1026.7,547.8,1141.1,703.5,As93GgkTdt4.004.mp4,1280,720,25.0,383,extraversion,high
38,1520,left_eye,497.5,241.6,618.5,333.5,781.8,392.0,933.1,506.9,As93GgkTdt4.004.mp4,1280,720,25.0,383,extraversion,high
38,1520,right_eye,679.1,258.6,787.2,350.3,1008.9,413.2,1144.0,527.8,As93GgkTdt4.004.mp4,1280,720,25.0,383,extraversion,high
38,1520,nose,595.0,308.9,682.5,430.8,903.8,476.1,1013.1,628.5,As93GgkTdt4.004.mp4,1280,720,25.0,383,extraversion,high
38,1520,mouth,565.5,449.4,685.0,507.4,866.8,651.7,1016.2,724.3,As93GgkTdt4.004.mp4,1280,720,25.0,383,extraversion,high
38,1520,forehead,454.5,194.3,794.7,483.1,728.2,332.9,1153.4,693.9,As93GgkTdt4.004.mp4,1280,720,25.0,383,extraversion,high
38,1520,chin,454.5,340.6,786.8,575.2,728.2,515.7,1143.5,809.0,As93GgkTdt4.004.mp4,1280,720,25.0,383,extraversion,high
38,1520,left_cheek,476.3,342.0,585.9,475.1,755.4,517.6,892.3,683.9,As93GgkTdt4.004.mp4,1280,720,25.0,383,extraversion,high
38,1520,right_cheek,692.0,368.4,784.5,493.8,1025.0,550.5,1140.6,707.2,As93GgkTdt4.004.mp4,1280,720,25.0,383,extraversion,high
39,1560,left_eye,495.7,242.7,617.2,333.8,779.6,393.4,931.5,507.3,As93GgkTdt4.004.mp4,1280,720,25.0,383,extraversion,high
39,1560,right_eye,677.2,259.2,784.0,349.4,1006.5,414.1,1140.0,526.8,As93GgkTdt4.004.mp4,1280,720,25.0,383,extraversion,high
39,1560,nose,594.2,309.1,683.2,432.6,902.8,476.4,1014.0,630.8,As93GgkTdt4.004.mp4,1280,720,25.0,383,extraversion,high
39,1560,mouth,565.9,452.6,685.8,513.8,867.4,655.8,1017.3,732.2,As93GgkTdt4.004.mp4,1280,720,25.0,383,extraversion,high
39,1560,forehead,453.8,194.2,791.2,483.4,727.3,332.7,1149.0,694.3,As93GgkTdt4.004.mp4,1280,720,25.0,383,extraversion,high
39,1560,chin,453.8,343.3,783.7,578.0,727.3,519.1,1139.7,812.6,As93GgkTdt4.004.mp4,1280,720,25.0,383,extraversion,high
39,1560,left_cheek,476.9,344.6,585.3,479.1,756.2,520.7,891.6,688.8,As93GgkTdt4.004.mp4,1280,720,25.0,383,extraversion,high
39,1560,right_cheek,691.5,368.4,782.8,495.1,1024.4,550.5,1138.5,708.9,As93GgkTdt4.004.mp4,1280,720,25.0,383,extraversion,high
40,1600,left_eye,494.3,242.6,615.6,333.5,777.9,393.2,929.4,506.9,As93GgkTdt4.004.mp4,1280,720,25.0,383,extraversion,high
40,1600,right_eye,673.6,258.4,778.5,347.9,1002.1,413.0,1133.1,524.9,As93GgkTdt4.004.mp4,1280,720,25.0,383,extraversion,high
40,1600,nose,593.8,307.6,682.2,431.3,902.2,474.6,1012.7,629.1,As93GgkTdt4.004.mp4,1280,720,25.0,383,extraversion,high
40,1600,mouth,562.2,450.4,687.1,524.8,862.8,653.0,1018.9,745.9,As93GgkTdt4.004.mp4,1280,720,25.0,383,extraversion,high
40,1600,forehead,450.2,193.1,787.1,483.7,722.8,331.3,1143.9,694.7,As93GgkTdt4.004.mp4,1280,720,25.0,383,extraversion,high
40,1600,chin,450.2,344.4,779.9,582.7,722.8,520.6,1134.9,818.3,As93GgkTdt4.004.mp4,1280,720,25.0,383,extraversion,high
40,1600,left_cheek,474.4,345.1,583.5,480.9,753.0,521.3,889.4,691.1,As93GgkTdt4.004.mp4,1280,720,25.0,383,extraversion,high
40,1600,right_cheek,689.8,367.6,779.6,495.2,1022.2,549.6,1134.5,709.0,As93GgkTdt4.004.mp4,1280,720,25.0,383,extraversion,high
41,1640,left_eye,491.3,242.0,612.4,333.0,774.2,392.6,925.5,506.2,As93GgkTdt4.004.mp4,1280,720,25.0,383,extraversion,high
41,1640,right_eye,671.0,257.9,775.0,346.2,998.7,412.4,1128.8,522.7,As93GgkTdt4.004.mp4,1280,720,25.0,383,extraversion,high
41,1640,nose,591.7,306.8,680.2,429.9,899.6,473.5,1010.3,627.3,As93GgkTdt4.004.mp4,1280,720,25.0,383,extraversion,high
41,1640,mouth,559.4,449.1,687.4,522.1,859.2,651.4,1019.3,742.6,As93GgkTdt4.004.mp4,1280,720,25.0,383,extraversion,high
41,1640,forehead,447.6,192.4,784.2,484.1,719.5,330.5,1140.3,695.2,As93GgkTdt4.004.mp4,1280,720,25.0,383,extraversion,high
41,1640,chin,447.6,345.9,778.1,583.0,719.5,522.4,1132.7,818.8,As93GgkTdt4.004.mp4,1280,720,25.0,383,extraversion,high
41,1640,left_cheek,471.9,344.8,581.1,480.1,749.9,521.0,886.3,690.1,As93GgkTdt4.004.mp4,1280,720,25.0,383,extraversion,high
41,1640,right_cheek,687.7,366.3,777.4,495.0,1019.6,547.9,1131.7,708.7,As93GgkTdt4.004.mp4,1280,720,25.0,383,extraversion,high
42,1680,left_eye,491.1,242.1,610.8,332.5,773.9,392.6,923.5,505.7,As93GgkTdt4.004.mp4,1280,720,25.0,383,extraversion,high
42,1680,right_eye,669.6,257.0,773.5,344.7,997.0,411.3,1126.9,520.9,As93GgkTdt4.004.mp4,1280,720,25.0,383,extraversion,high
42,1680,nose,590.7,306.5,679.5,429.3,898.4,473.1,1009.4,626.6,As93GgkTdt4.004.mp4,1280,720,25.0,383,extraversion,high
42,1680,mouth,559.3,444.8,688.1,517.5,859.1,646.0,1020.2,736.9,As93GgkTdt4.004.mp4,1280,720,25.0,383,extraversion,high
42,1680,forehead,448.9,192.1,784.0,485.1,721.1,330.1,1140.0,696.4,As93GgkTdt4.004.mp4,1280,720,25.0,383,extraversion,high
42,1680,chin,448.9,347.3,779.1,582.8,721.1,524.2,1133.8,818.6,As93GgkTdt4.004.mp4,1280,720,25.0,383,extraversion,high
42,1680,left_cheek,472.5,344.6,580.3,478.8,750.6,520.8,885.3,688.5,As93GgkTdt4.004.mp4,1280,720,25.0,383,extraversion,high
42,1680,right_cheek,687.0,364.3,777.1,493.3,1018.7,545.4,1131.3,706.6,As93GgkTdt4.004.mp4,1280,720,25.0,383,extraversion,high
43,1720,left_eye,491.6,242.4,611.4,332.7,774.5,392.9,924.2,505.9,As93GgkTdt4.004.mp4,1280,720,25.0,383,extraversion,high
43,1720,right_eye,670.3,253.5,774.6,342.4,997.9,406.8,1128.2,518.0,As93GgkTdt4.004.mp4,1280,720,25.0,383,extraversion,high
43,1720,nose,592.4,305.0,681.3,426.6,900.6,471.2,1011.6,623.2,As93GgkTdt4.004.mp4,1280,720,25.0,383,extraversion,high
43,1720,mouth,560.5,440.9,693.6,510.9,860.6,641.1,1027.0,728.6,As93GgkTdt4.004.mp4,1280,720,25.0,383,extraversion,high
43,1720,forehead,450.6,191.9,785.5,485.6,723.3,329.9,1141.9,696.9,As93GgkTdt4.004.mp4,1280,720,25.0,383,extraversion,high
43,1720,chin,450.6,352.9,780.6,582.1,723.3,531.1,1135.8,817.6,As93GgkTdt4.004.mp4,1280,720,25.0,383,extraversion,high
43,1720,left_cheek,474.1,347.3,582.1,480.3,752.7,524.2,887.6,690.3,As93GgkTdt4.004.mp4,1280,720,25.0,383,extraversion,high
43,1720,right_cheek,688.8,360.8,778.9,491.2,1021.0,541.0,1133.7,704.0,As93GgkTdt4.004.mp4,1280,720,25.0,383,extraversion,high
44,1760,left_eye,493.5,246.9,613.5,336.7,776.9,398.6,926.8,510.8,As93GgkTdt4.004.mp4,1280,720,25.0,383,extraversion,high
44,1760,right_eye,671.6,250.7,776.4,340.7,999.5,403.4,1130.5,515.9,As93GgkTdt4.004.mp4,1280,720,25.0,383,extraversion,high
44,1760,nose,600.3,304.8,690.0,426.2,910.3,471.0,1022.5,622.8,As93GgkTdt4.004.mp4,1280,720,25.0,383,extraversion,high
44,1760,mouth,577.1,440.9,706.2,509.6,881.4,641.2,1042.8,727.0,As93GgkTdt4.004.mp4,1280,720,25.0,383,extraversion,high
44,1760,forehead,453.7,192.5,787.0,486.0,727.1,330.6,1143.8,697.6,As93GgkTdt4.004.mp4,1280,720,25.0,383,extraversion,high
44,1760,chin,455.7,364.5,785.9,581.7,729.7,545.6,1142.4,817.1,As93GgkTdt4.004.mp4,1280,720,25.0,383,extraversion,high
44,1760,left_cheek,478.8,354.8,587.6,487.1,758.5,533.5,894.5,698.8,As93GgkTdt4.004.mp4,1280,720,25.0,383,extraversion,high
44,1760,right_cheek,694.5,357.6,783.2,488.5,1028.2,537.0,1139.0,700.7,As93GgkTdt4.004.mp4,1280,720,25.0,383,extraversion,high
45,1800,left_eye,494.5,252.4,614.6,341.5,778.1,405.5,928.2,516.8,As93GgkTdt4.004.mp4,1280,720,25.0,383,extraversion,high
45,1800,right_eye,673.9,248.5,775.6,338.9,1002.4,400.7,1129.5,513.7,As93GgkTdt4.004.mp4,1280,720,25.0,383,extraversion,high
45,1800,nose,610.9,304.8,698.5,426.2,923.6,471.0,1033.1,622.8,As93GgkTdt4.004.mp4,1280,720,25.0,383,extraversion,high
45,1800,mouth,590.6,443.1,713.5,510.4,898.3,643.9,1051.9,728.0,As93GgkTdt4.004.mp4,1280,720,25.0,383,extraversion,high
45,1800,forehead,453.8,194.2,785.3,494.4,727.3,332.7,1141.6,708.0,As93GgkTdt4.004.mp4,1280,720,25.0,383,extraversion,high
45,1800,chin,457.3,362.5,785.3,581.4,731.6,543.1,1141.6,816.7,As93GgkTdt4.004.mp4,1280,720,25.0,383,extraversion,high
45,1800,left_cheek,482.9,362.8,595.0,495.1,763.6,543.4,903.8,708.8,As93GgkTdt4.004.mp4,1280,720,25.0,383,extraversion,high
45,1800,right_cheek,700.4,354.6,786.1,485.2,1035.5,533.3,1142.7,696.6,As93GgkTdt4.004.mp4,1280,720,25.0,383,extraversion,high
46,1840,left_eye,492.3,257.1,611.1,346.3,775.3,411.4,923.8,522.9,As93GgkTdt4.004.mp4,1280,720,25.0,383,extraversion,high
46,1840,right_eye,674.1,249.2,771.1,339.0,1002.7,401.5,1123.9,513.7,As93GgkTdt4.004.mp4,1280,720,25.0,383,extraversion,high
46,1840,nose,608.7,308.0,696.7,429.6,920.9,475.0,1030.9,627.1,As93GgkTdt4.004.mp4,1280,720,25.0,383,extraversion,high
46,1840,mouth,590.0,450.7,711.0,510.2,897.5,653.4,1048.8,727.8,As93GgkTdt4.004.mp4,1280,720,25.0,383,extraversion,high
46,1840,forehead,454.3,198.2,782.3,493.3,727.8,337.7,1137.9,706.6,As93GgkTdt4.004.mp4,1280,720,25.0,383,extraversion,high
46,1840,chin,457.4,358.6,782.3,579.9,731.7,538.3,1137.9,814.9,As93GgkTdt4.004.mp4,1280,720,25.0,383,extraversion,high
46,1840,left_cheek,482.8,367.5,594.0,497.1,763.5,549.4,902.6,711.4,As93GgkTdt4.004.mp4,1280,720,25.0,383,extraversion,high
46,1840,right_cheek,699.6,353.3,786.1,483.2,1034.6,531.6,1142.6,694.1,As93GgkTdt4.004.mp4,1280,720,25.0,383,extraversion,high
47,1880,left_eye,490.1,256.8,608.5,345.6,772.6,411.0,920.6,521.9,As93GgkTdt4.004.mp4,1280,720,25.0,383,extraversion,high
47,1880,right_eye,673.8,249.5,772.3,339.1,1002.3,401.9,1125.4,513.9,As93GgkTdt4.004.mp4,1280,720,25.0,383,extraversion,high
47,1880,nose,607.0,308.7,694.4,430.0,918.8,475.8,1028.1,627.4,As93GgkTdt4.004.mp4,1280,720,25.0,383,extraversion,high
47,1880,mouth,585.7,451.6,708.4,510.3,892.2,654.6,1045.5,727.8,As93GgkTdt4.004.mp4,1280,720,25.0,383,extraversion,high
47,1880,forehead,454.2,198.8,782.8,488.6,727.8,338.5,1138.5,700.7,As93GgkTdt4.004.mp4,1280,720,25.0,383,extraversion,high
47,1880,chin,457.0,357.5,782.6,579.7,731.2,536.8,1138.3,814.7,As93GgkTdt4.004.mp4,1280,720,25.0,383,extraversion,high
47,1880,left_cheek,480.9,366.0,591.5,494.6,761.1,547.5,899.4,708.3,As93GgkTdt4.004.mp4,1280,720,25.0,383,extraversion,high
47,1880,right_cheek,697.8,353.2,785.6,483.0,1032.2,531.5,1142.0,693.8,As93GgkTdt4.004.mp4,1280,720,25.0,383,extraversion,high
48,1920,left_eye,489.0,254.6,606.8,343.6,771.2,408.3,918.5,519.5,As93GgkTdt4.004.mp4,1280,720,25.0,383,extraversion,high
48,1920,right_eye,672.3,249.2,772.4,338.4,1000.4,401.4,1125.5,513.0,As93GgkTdt4.004.mp4,1280,720,25.0,383,extraversion,high
48,1920,nose,603.1,308.3,690.9,429.2,913.9,475.3,1023.7,626.5,As93GgkTdt4.004.mp4,1280,720,25.0,383,extraversion,high
48,1920,mouth,583.7,451.0,704.5,510.6,889.6,653.8,1040.6,728.2,As93GgkTdt4.004.mp4,1280,720,25.0,383,extraversion,high
48,1920,forehead,454.3,198.7,783.4,486.6,727.8,338.4,1139.3,698.3,As93GgkTdt4.004.mp4,1280,720,25.0,383,extraversion,high
48,1920,chin,456.8,357.4,782.8,579.4,731.1,536.7,1138.5,814.3,As93GgkTdt4.004.mp4,1280,720,25.0,383,extraversion,high
48,1920,left_cheek,479.5,363.0,588.8,492.5,759.4,543.7,896.1,705.7,As93GgkTdt4.004.mp4,1280,720,25.0,383,extraversion,high
48,1920,right_cheek,695.4,352.8,784.7,482.4,1029.2,531.0,1140.9,693.0,As93GgkTdt4.004.mp4,1280,720,25.0,383,extraversion,high
49,1960,left_eye,489.5,253.6,606.4,341.4,771.9,407.0,917.9,516.8,As93GgkTdt4.004.mp4,1280,720,25.0,383,extraversion,high
49,1960,right_eye,671.2,249.3,770.9,335.6,999.0,401.6,1123.6,509.5,As93GgkTdt4.004.mp4,1280,720,25.0,383,extraversion,high
49,1960,nose,601.7,307.3,687.9,427.6,912.2,474.2,1019.9,624.5,As93GgkTdt4.004.mp4,1280,720,25.0,383,extraversion,high
49,1960,mouth,582.7,448.8,699.2,508.5,888.4,651.1,1034.1,725.6,As93GgkTdt4.004.mp4,1280,720,25.0,383,extraversion,high
49,1960,forehead,454.4,198.5,782.7,485.8,728.0,338.1,1138.4,697.3,As93GgkTdt4.004.mp4,1280,720,25.0,383,extraversion,high
49,1960,chin,456.8,357.9,782.2,577.3,731.1,537.4,1137.7,811.6,As93GgkTdt4.004.mp4,1280,720,25.0,383,extraversion,high
49,1960,left_cheek,479.5,362.1,587.9,490.8,759.3,542.6,894.9,703.4,As93GgkTdt4.004.mp4,1280,720,25.0,383,extraversion,high
49,1960,right_cheek,693.0,352.4,782.2,480.9,1026.2,530.5,1137.7,691.2,As93GgkTdt4.004.mp4,1280,720,25.0,383,extraversion,high
50,2000,left_eye,490.1,253.1,607.2,338.4,772.6,406.4,919.1,513.0,As93GgkTdt4.004.mp4,1280,720,25.0,383,extraversion,high
50,2000,right_eye,670.7,248.7,769.2,334.5,998.4,400.9,1121.5,508.1,As93GgkTdt4.004.mp4,1280,720,25.0,383,extraversion,high
50,2000,nose,600.9,305.4,686.6,426.2,911.1,471.8,1018.2,622.7,As93GgkTdt4.004.mp4,1280,720,25.0,383,extraversion,high
50,2000,mouth,582.3,446.7,698.6,505.4,887.9,648.4,1033.3,721.7,As93GgkTdt4.004.mp4,1280,720,25.0,383,extraversion,high
50,2000,forehead,454.6,196.7,781.3,485.4,728.2,335.8,1136.7,696.7,As93GgkTdt4.004.mp4,1280,720,25.0,383,extraversion,high
50,2000,chin,457.1,358.3,780.6,576.8,731.4,537.9,1135.8,811.0,As93GgkTdt4.004.mp4,1280,720,25.0,383,extraversion,high
50,2000,left_cheek,479.5,360.5,587.6,489.8,759.4,540.6,894.5,702.3,As93GgkTdt4.004.mp4,1280,720,25.0,383,extraversion,high
50,2000,right_cheek,691.5,352.3,779.7,480.8,1024.4,530.4,1134.7,691.0,As93GgkTdt4.004.mp4,1280,720,25.0,383,extraversion,high
51,2040,left_eye,490.1,253.0,606.5,336.5,772.6,406.3,918.1,510.7,As93GgkTdt4.004.mp4,1280,720,25.0,383,extraversion,high
51,2040,right_eye,669.2,247.9,767.1,333.7,996.5,399.9,1118.8,507.1,As93GgkTdt4.004.mp4,1280,720,25.0,383,extraversion,high
51,2040,nose,599.5,303.2,685.9,424.9,909.4,469.0,1017.3,621.1,As93GgkTdt4.004.mp4,1280,720,25.0,383,extraversion,high
51,2040,mouth,581.1,444.6,698.7,505.7,886.3,645.8,1033.4,722.1,As93GgkTdt4.004.mp4,1280,720,25.0,383,extraversion,high
51,2040,forehead,454.4,193.9,779.7,485.0,728.0,332.4,1134.6,696.3,As93GgkTdt4.004.mp4,1280,720,25.0,383,extraversion,high
51,2040,chin,457.0,356.0,779.1,576.1,731.2,535.0,1133.9,810.1,As93GgkTdt4.004.mp4,1280,720,25.0,383,extraversion,high
51,2040,left_cheek,479.1,359.0,586.6,489.3,758.9,538.7,893.2,701.6,As93GgkTdt4.004.mp4,1280,720,25.0,383,extraversion,high
51,2040,right_cheek,690.1,350.4,777.7,480.0,1022.7,528.0,1132.1,690.1,As93GgkTdt4.004.mp4,1280,720,25.0,383,extraversion,high
52,2080,left_eye,490.8,252.6,606.4,336.0,773.5,405.7,918.0,510.0,As93GgkTdt4.004.mp4,1280,720,25.0,383,extraversion,high
52,2080,right_eye,668.1,248.1,767.4,333.2,995.2,400.1,1119.2,506.5,As93GgkTdt4.004.mp4,1280,720,25.0,383,extraversion,high
52,2080,nose,597.4,302.6,685.1,424.8,906.8,468.3,1016.4,620.9,As93GgkTdt4.004.mp4,1280,720,25.0,383,extraversion,high
52,2080,mouth,580.4,444.7,698.4,506.5,885.5,645.9,1033.0,723.1,As93GgkTdt4.004.mp4,1280,720,25.0,383,extraversion,high
52,2080,forehead,457.1,193.3,780.8,482.2,731.4,331.6,1136.0,692.8,As93GgkTdt4.004.mp4,1280,720,25.0,383,extraversion,high
52,2080,chin,459.4,354.3,780.7,576.2,734.2,532.9,1135.9,810.2,As93GgkTdt4.004.mp4,1280,720,25.0,383,extraversion,high
52,2080,left_cheek,479.6,358.0,586.0,488.4,759.5,537.5,892.5,700.4,As93GgkTdt4.004.mp4,1280,720,25.0,383,extraversion,high
52,2080,right_cheek,689.4,349.5,777.9,479.9,1021.8,526.9,1132.4,689.9,As93GgkTdt4.004.mp4,1280,720,25.0,383,extraversion,high
53,2120,left_eye,491.3,252.4,606.3,334.7,774.1,405.5,917.8,508.4,As93GgkTdt4.004.mp4,1280,720,25.0,383,extraversion,high
53,2120,right_eye,667.1,247.7,766.1,332.3,993.9,399.6,1117.7,505.4,As93GgkTdt4.004.mp4,1280,720,25.0,383,extraversion,high
53,2120,nose,596.6,301.5,684.0,424.0,905.7,466.9,1015.0,620.0,As93GgkTdt4.004.mp4,1280,720,25.0,383,extraversion,high
53,2120,mouth,577.9,444.7,698.3,503.0,882.3,645.9,1032.9,718.8,As93GgkTdt4.004.mp4,1280,720,25.0,383,extraversion,high
53,2120,forehead,458.7,193.0,780.6,478.7,733.3,331.2,1135.7,688.3,As93GgkTdt4.004.mp4,1280,720,25.0,383,extraversion,high
53,2120,chin,460.6,352.8,780.6,574.0,735.7,531.0,1135.7,807.6,As93GgkTdt4.004.mp4,1280,720,25.0,383,extraversion,high
53,2120,left_cheek,480.3,356.2,585.7,486.0,760.4,535.2,892.1,697.5,As93GgkTdt4.004.mp4,1280,720,25.0,383,extraversion,high
53,2120,right_cheek,688.1,348.4,776.7,478.6,1020.2,525.4,1130.9,688.3,As93GgkTdt4.004.mp4,1280,720,25.0,383,extraversion,high
54,2160,left_eye,492.7,251.6,606.5,333.9,775.9,404.5,918.1,507.4,As93GgkTdt4.004.mp4,1280,720,25.0,383,extraversion,high
54,2160,right_eye,667.5,247.4,766.9,331.6,994.3,399.3,1118.6,504.5,As93GgkTdt4.004.mp4,1280,720,25.0,383,extraversion,high
54,2160,nose,596.2,300.7,682.9,423.5,905.2,465.9,1013.6,619.4,As93GgkTdt4.004.mp4,1280,720,25.0,383,extraversion,high
54,2160,mouth,576.9,444.6,698.5,500.3,881.1,645.8,1033.2,715.3,As93GgkTdt4.004.mp4,1280,720,25.0,383,extraversion,high
54,2160,forehead,461.3,192.0,783.2,476.2,736.7,330.0,1139.0,685.2,As93GgkTdt4.004.mp4,1280,720,25.0,383,extraversion,high
54,2160,chin,462.8,351.6,783.2,571.7,738.4,529.6,1139.0,804.6,As93GgkTdt4.004.mp4,1280,720,25.0,383,extraversion,high
54,2160,left_cheek,481.4,354.4,585.7,484.2,761.7,533.0,892.1,695.3,As93GgkTdt4.004.mp4,1280,720,25.0,383,extraversion,high
54,2160,right_cheek,688.2,347.7,777.0,478.1,1020.2,524.7,1131.3,687.6,As93GgkTdt4.004.mp4,1280,720,25.0,383,extraversion,high
55,2200,left_eye,492.9,250.4,606.3,333.1,776.1,403.0,917.9,506.3,As93GgkTdt4.004.mp4,1280,720,25.0,383,extraversion,high
55,2200,right_eye,667.0,245.7,766.9,330.7,993.8,397.1,1118.6,503.4,As93GgkTdt4.004.mp4,1280,720,25.0,383,extraversion,high
55,2200,nose,595.3,299.1,682.4,421.4,904.1,463.9,1013.0,616.8,As93GgkTdt4.004.mp4,1280,720,25.0,383,extraversion,high
55,2200,mouth,575.8,443.7,698.4,498.7,879.7,644.6,1033.0,713.4,As93GgkTdt4.004.mp4,1280,720,25.0,383,extraversion,high
55,2200,forehead,461.3,190.8,783.3,475.6,736.6,328.5,1139.1,684.4,As93GgkTdt4.004.mp4,1280,720,25.0,383,extraversion,high
55,2200,chin,462.7,352.1,783.3,570.2,738.3,530.1,1139.1,802.7,As93GgkTdt4.004.mp4,1280,720,25.0,383,extraversion,high
55,2200,left_cheek,481.5,353.0,585.2,482.4,761.8,531.3,891.5,693.0,As93GgkTdt4.004.mp4,1280,720,25.0,383,extraversion,high
55,2200,right_cheek,688.0,347.3,777.3,477.1,1020.0,524.1,1131.6,686.4,As93GgkTdt4.004.mp4,1280,720,25.0,383,extraversion,high
56,2240,left_eye,493.4,250.1,606.1,333.2,776.7,402.6,917.6,506.5,As93GgkTdt4.004.mp4,1280,720,25.0,383,extraversion,high
56,2240,right_eye,666.7,245.1,766.8,330.6,993.4,396.4,1118.5,503.3,As93GgkTdt4.004.mp4,1280,720,25.0,383,extraversion,high
56,2240,nose,595.2,298.7,682.4,419.5,904.1,463.4,1013.0,614.4,As93GgkTdt4.004.mp4,1280,720,25.0,383,extraversion,high
56,2240,mouth,575.8,442.2,698.5,499.3,879.8,642.8,1033.1,714.2,As93GgkTdt4.004.mp4,1280,720,25.0,383,extraversion,high
56,2240,forehead,462.1,190.5,784.1,476.7,737.6,328.1,1140.1,685.8,As93GgkTdt4.004.mp4,1280,720,25.0,383,extraversion,high
56,2240,chin,463.7,352.6,784.1,570.3,739.6,530.8,1140.1,802.9,As93GgkTdt4.004.mp4,1280,720,25.0,383,extraversion,high
56,2240,left_cheek,482.1,353.1,585.2,482.5,762.6,531.4,891.5,693.1,As93GgkTdt4.004.mp4,1280,720,25.0,383,extraversion,high
56,2240,right_cheek,688.2,347.2,777.5,476.8,1020.2,524.0,1131.9,685.9,As93GgkTdt4.004.mp4,1280,720,25.0,383,extraversion,high
57,2280,left_eye,493.5,250.0,606.0,333.3,776.8,402.5,917.5,506.6,As93GgkTdt4.004.mp4,1280,720,25.0,383,extraversion,high
57,2280,right_eye,666.7,244.8,766.9,330.7,993.4,396.0,1118.6,503.4,As93GgkTdt4.004.mp4,1280,720,25.0,383,extraversion,high
57,2280,nose,595.4,298.6,682.5,418.7,904.3,463.2,1013.1,613.4,As93GgkTdt4.004.mp4,1280,720,25.0,383,extraversion,high
57,2280,mouth,576.7,441.4,698.5,499.7,880.9,641.8,1033.1,714.6,As93GgkTdt4.004.mp4,1280,720,25.0,383,extraversion,high
57,2280,forehead,461.7,190.4,784.8,478.7,737.2,328.0,1141.0,688.4,As93GgkTdt4.004.mp4,1280,720,25.0,383,extraversion,high
57,2280,chin,463.3,352.7,784.8,570.3,739.2,530.8,1141.0,802.9,As93GgkTdt4.004.mp4,1280,720,25.0,383,extraversion,high
57,2280,left_cheek,482.1,353.1,585.2,482.6,762.7,531.4,891.5,693.2,As93GgkTdt4.004.mp4,1280,720,25.0,383,extraversion,high
57,2280,right_cheek,688.3,347.2,778.3,476.6,1020.4,524.0,1132.9,685.7,As93GgkTdt4.004.mp4,1280,720,25.0,383,extraversion,high
58,2320,left_eye,493.5,249.8,606.0,333.4,776.9,402.2,917.5,506.7,As93GgkTdt4.004.mp4,1280,720,25.0,383,extraversion,high
58,2320,right_eye,666.8,244.7,766.9,330.8,993.5,395.9,1118.7,503.5,As93GgkTdt4.004.mp4,1280,720,25.0,383,extraversion,high
58,2320,nose,595.6,298.6,682.5,418.4,904.4,463.2,1013.1,613.0,As93GgkTdt4.004.mp4,1280,720,25.0,383,extraversion,high
58,2320,mouth,577.6,440.3,698.6,500.1,882.0,640.4,1033.2,715.2,As93GgkTdt4.004.mp4,1280,720,25.0,383,extraversion,high
58,2320,forehead,461.6,190.3,785.3,480.0,737.1,327.9,1141.6,690.0,As93GgkTdt4.004.mp4,1280,720,25.0,383,extraversion,high
58,2320,chin,463.3,353.3,785.3,570.4,739.1,531.6,1141.6,803.0,As93GgkTdt4.004.mp4,1280,720,25.0,383,extraversion,high
58,2320,left_cheek,482.1,353.1,585.3,482.7,762.7,531.4,891.6,693.4,As93GgkTdt4.004.mp4,1280,720,25.0,383,extraversion,high
58,2320,right_cheek,688.4,347.4,779.1,476.8,1020.5,524.3,1133.9,686.0,As93GgkTdt4.004.mp4,1280,720,25.0,383,extraversion,high
59,2360,left_eye,494.2,249.6,606.1,333.4,777.7,402.0,917.6,506.8,As93GgkTdt4.004.mp4,1280,720,25.0,383,extraversion,high
59,2360,right_eye,666.9,244.7,767.0,331.0,993.6,395.9,1118.7,503.7,As93GgkTdt4.004.mp4,1280,720,25.0,383,extraversion,high
59,2360,nose,595.7,298.6,682.3,418.0,904.6,463.2,1012.8,612.5,As93GgkTdt4.004.mp4,1280,720,25.0,383,extraversion,high
59,2360,mouth,579.9,439.5,697.9,502.3,884.9,639.4,1032.3,717.9,As93GgkTdt4.004.mp4,1280,720,25.0,383,extraversion,high
59,2360,forehead,462.1,190.4,785.6,480.4,737.6,328.0,1142.0,690.5,As93GgkTdt4.004.mp4,1280,720,25.0,383,extraversion,high
59,2360,chin,463.8,354.1,785.6,570.6,739.7,532.6,1142.0,803.3,As93GgkTdt4.004.mp4,1280,720,25.0,383,extraversion,high
59,2360,left_cheek,482.7,353.1,585.4,482.8,763.3,531.3,891.7,693.4,As93GgkTdt4.004.mp4,1280,720,25.0,383,extraversion,high
59,2360,right_cheek,688.5,347.5,779.2,476.9,1020.6,524.4,1134.0,686.2,As93GgkTdt4.004.mp4,1280,720,25.0,383,extraversion,high
60,2400,left_eye,495.6,248.6,606.8,333.3,779.5,400.7,918.5,506.6,As93GgkTdt4.004.mp4,1280,720,25.0,383,extraversion,high
60,2400,right_eye,667.6,243.0,767.6,330.7,994.4,393.7,1119.5,503.3,As93GgkTdt4.004.mp4,1280,720,25.0,383,extraversion,high
60,2400,nose,597.5,297.7,682.8,416.3,906.9,462.2,1013.6,610.4,As93GgkTdt4.004.mp4,1280,720,25.0,383,extraversion,high
60,2400,mouth,583.2,438.8,697.9,511.4,889.0,638.5,1032.4,729.3,As93GgkTdt4.004.mp4,1280,720,25.0,383,extraversion,high
60,2400,forehead,463.0,190.4,786.6,480.6,738.7,328.1,1143.2,690.7,As93GgkTdt4.004.mp4,1280,720,25.0,383,extraversion,high
60,2400,chin,464.7,354.2,786.6,574.6,740.9,532.8,1143.2,808.3,As93GgkTdt4.004.mp4,1280,720,25.0,383,extraversion,high
60,2400,left_cheek,484.0,352.9,586.9,483.1,765.0,531.1,893.6,693.9,As93GgkTdt4.004.mp4,1280,720,25.0,383,extraversion,high
60,2400,right_cheek,689.3,347.3,780.0,477.0,1021.6,524.1,1135.0,686.2,As93GgkTdt4.004.mp4,1280,720,25.0,383,extraversion,high
61,2440,left_eye,495.8,247.1,606.9,333.3,779.8,398.8,918.7,506.6,As93GgkTdt4.004.mp4,1280,720,25.0,383,extraversion,high
61,2440,right_eye,667.9,241.1,767.7,330.6,994.9,391.4,1119.6,503.3,As93GgkTdt4.004.mp4,1280,720,25.0,383,extraversion,high
61,2440,nose,598.7,297.1,682.9,415.9,908.3,461.4,1013.6,609.9,As93GgkTdt4.004.mp4,1280,720,25.0,383,extraversion,high
61,2440,mouth,584.3,439.1,697.2,516.2,890.4,638.8,1031.5,735.3,As93GgkTdt4.004.mp4,1280,720,25.0,383,extraversion,high
61,2440,forehead,462.9,190.4,786.5,480.9,738.6,327.9,1143.1,691.1,As93GgkTdt4.004.mp4,1280,720,25.0,383,extraversion,high
61,2440,chin,464.5,354.3,786.5,577.8,740.7,532.8,1143.1,812.3,As93GgkTdt4.004.mp4,1280,720,25.0,383,extraversion,high
61,2440,left_cheek,484.3,352.9,587.4,484.1,765.4,531.1,894.3,695.1,As93GgkTdt4.004.mp4,1280,720,25.0,383,extraversion,high
61,2440,right_cheek,689.3,347.3,780.0,478.0,1021.6,524.2,1135.0,687.5,As93GgkTdt4.004.mp4,1280,720,25.0,383,extraversion,high
62,2480,left_eye,495.8,246.1,606.9,333.2,779.7,397.7,918.7,506.5,As93GgkTdt4.004.mp4,1280,720,25.0,383,extraversion,high
62,2480,right_eye,668.2,240.5,767.8,330.7,995.2,390.7,1119.8,503.3,As93GgkTdt4.004.mp4,1280,720,25.0,383,extraversion,high
62,2480,nose,598.7,296.9,682.4,416.1,908.4,461.1,1013.0,610.1,As93GgkTdt4.004.mp4,1280,720,25.0,383,extraversion,high
62,2480,mouth,584.3,439.3,694.7,518.2,890.4,639.1,1028.4,737.7,As93GgkTdt4.004.mp4,1280,720,25.0,383,extraversion,high
62,2480,forehead,462.7,190.1,786.4,480.8,738.4,327.6,1143.0,691.0,As93GgkTdt4.004.mp4,1280,720,25.0,383,extraversion,high
62,2480,chin,464.2,354.3,786.4,579.5,740.2,532.9,1143.0,814.4,As93GgkTdt4.004.mp4,1280,720,25.0,383,extraversion,high
62,2480,left_cheek,484.3,352.8,587.4,484.6,765.3,531.0,894.2,695.8,As93GgkTdt4.004.mp4,1280,720,25.0,383,extraversion,high
62,2480,right_cheek,689.2,347.4,779.7,479.1,1021.5,524.2,1134.6,688.9,As93GgkTdt4.004.mp4,1280,720,25.0,383,extraversion,high
63,2520,left_eye,495.7,245.2,606.9,332.7,779.7,396.5,918.7,505.9,As93GgkTdt4.004.mp4,1280,720,25.0,383,extraversion,high
63,2520,right_eye,668.4,240.0,767.9,330.4,995.5,390.0,1119.9,503.0,As93GgkTdt4.004.mp4,1280,720,25.0,383,extraversion,high
63,2520,nose,598.8,296.4,681.9,416.1,908.5,460.6,1012.3,610.1,As93GgkTdt4.004.mp4,1280,720,25.0,383,extraversion,high
63,2520,mouth,584.5,439.6,692.8,518.6,890.6,639.6,1026.0,738.2,As93GgkTdt4.004.mp4,1280,720,25.0,383,extraversion,high
63,2520,forehead,462.6,189.7,786.3,480.2,738.3,327.2,1142.9,690.2,As93GgkTdt4.004.mp4,1280,720,25.0,383,extraversion,high
63,2520,chin,463.9,354.2,786.3,580.4,739.9,532.8,1142.9,815.5,As93GgkTdt4.004.mp4,1280,720,25.0,383,extraversion,high
63,2520,left_cheek,484.2,352.3,587.4,484.6,765.3,530.4,894.2,695.8,As93GgkTdt4.004.mp4,1280,720,25.0,383,extraversion,high
63,2520,right_cheek,689.0,347.4,779.5,479.3,1021.3,524.2,1134.3,689.1,As93GgkTdt4.004.mp4,1280,720,25.0,383,extraversion,high
64,2560,left_eye,496.1,244.3,607.0,331.7,780.1,395.3,918.7,504.6,As93GgkTdt4.004.mp4,1280,720,25.0,383,extraversion,high
64,2560,right_eye,668.8,239.4,768.5,329.6,996.0,389.2,1120.6,502.0,As93GgkTdt4.004.mp4,1280,720,25.0,383,extraversion,high
64,2560,nose,598.9,295.7,681.8,415.6,908.6,459.6,1012.3,609.5,As93GgkTdt4.004.mp4,1280,720,25.0,383,extraversion,high
64,2560,mouth,584.9,439.7,691.9,518.7,891.2,639.7,1024.9,738.4,As93GgkTdt4.004.mp4,1280,720,25.0,383,extraversion,high
64,2560,forehead,463.4,188.9,786.7,479.3,739.2,326.1,1143.4,689.2,As93GgkTdt4.004.mp4,1280,720,25.0,383,extraversion,high
64,2560,chin,464.5,353.9,786.7,580.5,740.7,532.4,1143.4,815.6,As93GgkTdt4.004.mp4,1280,720,25.0,383,extraversion,high
64,2560,left_cheek,484.4,351.7,587.5,484.6,765.5,529.7,894.3,695.7,As93GgkTdt4.004.mp4,1280,720,25.0,383,extraversion,high
64,2560,right_cheek,689.0,347.0,779.6,479.3,1021.3,523.8,1134.5,689.1,As93GgkTdt4.004.mp4,1280,720,25.0,383,extraversion,high
65,2600,left_eye,496.5,243.3,607.1,331.0,780.7,394.1,918.8,503.7,As93GgkTdt4.004.mp4,1280,720,25.0,383,extraversion,high
65,2600,right_eye,669.0,238.3,768.6,328.8,996.2,387.9,1120.8,501.1,As93GgkTdt4.004.mp4,1280,720,25.0,383,extraversion,high
65,2600,nose,599.0,294.8,681.7,414.8,908.8,458.5,1012.1,608.5,As93GgkTdt4.004.mp4,1280,720,25.0,383,extraversion,high
65,2600,mouth,585.5,440.2,690.0,518.1,891.9,640.3,1022.6,737.6,As93GgkTdt4.004.mp4,1280,720,25.0,383,extraversion,high
65,2600,forehead,463.7,188.4,786.7,477.8,739.6,325.5,1143.4,687.2,As93GgkTdt4.004.mp4,1280,720,25.0,383,extraversion,high
65,2600,chin,464.8,353.8,786.7,580.1,741.0,532.2,1143.4,815.2,As93GgkTdt4.004.mp4,1280,720,25.0,383,extraversion,high
65,2600,left_cheek,484.5,350.7,587.6,483.8,765.7,528.4,894.4,694.7,As93GgkTdt4.004.mp4,1280,720,25.0,383,extraversion,high
65,2600,right_cheek,688.9,346.7,779.6,479.2,1021.2,523.4,1134.5,689.0,As93GgkTdt4.004.mp4,1280,720,25.0,383,extraversion,high
66,2640,left_eye,496.8,242.5,607.1,330.3,781.0,393.1,918.9,502.8,As93GgkTdt4.004.mp4,1280,720,25.0,383,extraversion,high
66,2640,right_eye,669.0,237.8,768.7,328.4,996.3,387.3,1120.9,500.5,As93GgkTdt4.004.mp4,1280,720,25.0,383,extraversion,high
66,2640,nose,599.0,294.1,681.7,414.0,908.8,457.7,1012.1,607.5,As93GgkTdt4.004.mp4,1280,720,25.0,383,extraversion,high
66,2640,mouth,586.2,440.4,689.1,517.3,892.7,640.5,1021.3,736.6,As93GgkTdt4.004.mp4,1280,720,25.0,383,extraversion,high
66,2640,forehead,463.8,188.0,786.7,476.1,739.8,325.0,1143.4,685.1,As93GgkTdt4.004.mp4,1280,720,25.0,383,extraversion,high
66,2640,chin,464.9,353.2,786.7,579.9,741.2,531.5,1143.4,814.9,As93GgkTdt4.004.mp4,1280,720,25.0,383,extraversion,high
66,2640,left_cheek,484.7,349.9,587.6,482.8,765.8,527.4,894.5,693.5,As93GgkTdt4.004.mp4,1280,720,25.0,383,extraversion,high
66,2640,right_cheek,688.9,346.2,779.5,478.7,1021.1,522.8,1134.4,688.4,As93GgkTdt4.004.mp4,1280,720,25.0,383,extraversion,high
67,2680,left_eye,497.9,242.2,607.3,329.7,782.4,392.7,919.1,502.1,As93GgkTdt4.004.mp4,1280,720,25.0,383,extraversion,high
67,2680,right_eye,669.2,237.8,769.3,327.9,996.5,387.2,1121.7,499.9,As93GgkTdt4.004.mp4,1280,720,25.0,383,extraversion,high
67,2680,nose,598.7,293.7,681.7,413.5,908.4,457.1,1012.1,606.8,As93GgkTdt4.004.mp4,1280,720,25.0,383,extraversion,high
67,2680,mouth,586.9,440.5,688.9,513.4,893.6,640.6,1021.2,731.8,As93GgkTdt4.004.mp4,1280,720,25.0,383,extraversion,high
67,2680,forehead,466.8,187.8,787.3,474.8,743.5,324.7,1144.1,683.5,As93GgkTdt4.004.mp4,1280,720,25.0,383,extraversion,high
67,2680,chin,468.1,352.8,787.2,578.9,745.1,531.1,1144.0,813.6,As93GgkTdt4.004.mp4,1280,720,25.0,383,extraversion,high
67,2680,left_cheek,486.1,349.6,587.7,481.9,767.6,527.0,894.6,692.3,As93GgkTdt4.004.mp4,1280,720,25.0,383,extraversion,high
67,2680,right_cheek,688.9,345.8,779.7,477.9,1021.2,522.3,1134.6,687.4,As93GgkTdt4.004.mp4,1280,720,25.0,383,extraversion,high
68,2720,left_eye,498.3,242.1,607.5,329.6,782.9,392.6,919.3,502.0,As93GgkTdt4.004.mp4,1280,720,25.0,383,extraversion,high
68,2720,right_eye,669.3,237.6,769.6,327.5,996.7,387.0,1122.0,499.4,As93GgkTdt4.004.mp4,1280,720,25.0,383,extraversion,high
68,2720,nose,598.8,293.3,681.9,413.2,908.4,456.6,1012.4,606.5,As93GgkTdt4.004.mp4,1280,720,25.0,383,extraversion,high
68,2720,mouth,589.0,440.3,688.4,507.8,896.2,640.4,1020.5,724.7,As93GgkTdt4.004.mp4,1280,720,25.0,383,extraversion,high
68,2720,forehead,468.2,187.6,787.3,474.6,745.3,324.5,1144.1,683.2,As93GgkTdt4.004.mp4,1280,720,25.0,383,extraversion,high
68,2720,chin,469.8,352.7,787.2,577.5,747.2,530.9,1144.0,811.8,As93GgkTdt4.004.mp4,1280,720,25.0,383,extraversion,high
68,2720,left_cheek,487.4,349.5,588.1,481.2,769.3,526.9,895.1,691.5,As93GgkTdt4.004.mp4,1280,720,25.0,383,extraversion,high
68,2720,right_cheek,689.0,345.3,779.7,476.6,1021.3,521.6,1134.7,685.8,As93GgkTdt4.004.mp4,1280,720,25.0,383,extraversion,high
69,2760,left_eye,498.4,242.1,607.4,329.5,783.0,392.6,919.3,501.9,As93GgkTdt4.004.mp4,1280,720,25.0,383,extraversion,high
69,2760,right_eye,669.2,237.6,769.4,327.1,996.5,387.0,1121.8,498.9,As93GgkTdt4.004.mp4,1280,720,25.0,383,extraversion,high
69,2760,nose,598.3,293.0,681.9,413.3,907.9,456.3,1012.4,606.6,As93GgkTdt4.004.mp4,1280,720,25.0,383,extraversion,high
69,2760,mouth,588.6,440.3,688.5,503.1,895.8,640.4,1020.6,718.9,As93GgkTdt4.004.mp4,1280,720,25.0,383,extraversion,high
69,2760,forehead,469.1,187.3,786.9,473.8,746.4,324.2,1143.6,682.2,As93GgkTdt4.004.mp4,1280,720,25.0,383,extraversion,high
69,2760,chin,470.6,352.1,786.9,576.4,748.3,530.1,1143.6,810.6,As93GgkTdt4.004.mp4,1280,720,25.0,383,extraversion,high
69,2760,left_cheek,487.8,349.6,588.1,480.9,769.7,527.0,895.1,691.1,As93GgkTdt4.004.mp4,1280,720,25.0,383,extraversion,high
69,2760,right_cheek,688.9,344.7,779.3,475.9,1021.1,520.9,1134.1,684.8,As93GgkTdt4.004.mp4,1280,720,25.0,383,extraversion,high
70,2800,left_eye,499.2,242.7,607.4,329.6,784.0,393.3,919.3,502.1,As93GgkTdt4.004.mp4,1280,720,25.0,383,extraversion,high
70,2800,right_eye,668.9,237.7,768.9,327.1,996.1,387.1,1121.2,498.9,As93GgkTdt4.004.mp4,1280,720,25.0,383,extraversion,high
70,2800,nose,598.3,293.1,681.9,414.7,907.9,456.4,1012.3,608.3,As93GgkTdt4.004.mp4,1280,720,25.0,383,extraversion,high
70,2800,mouth,588.5,441.1,688.8,501.3,895.6,641.4,1021.0,716.6,As93GgkTdt4.004.mp4,1280,720,25.0,383,extraversion,high
70,2800,forehead,470.3,187.3,786.9,474.0,747.9,324.1,1143.6,682.5,As93GgkTdt4.004.mp4,1280,720,25.0,383,extraversion,high
70,2800,chin,471.8,350.9,786.9,575.5,749.7,528.6,1143.6,809.4,As93GgkTdt4.004.mp4,1280,720,25.0,383,extraversion,high
70,2800,left_cheek,488.8,350.4,588.3,481.1,771.0,528.0,895.4,691.4,As93GgkTdt4.004.mp4,1280,720,25.0,383,extraversion,high
70,2800,right_cheek,688.7,344.5,779.1,475.9,1020.9,520.6,1133.9,684.8,As93GgkTdt4.004.mp4,1280,720,25.0,383,extraversion,high
71,2840,left_eye,498.2,243.5,605.3,330.2,782.7,394.4,916.6,502.8,As93GgkTdt4.004.mp4,1280,720,25.0,383,extraversion,high
71,2840,right_eye,666.2,237.5,767.3,326.5,992.7,386.9,1119.1,498.1,As93GgkTdt4.004.mp4,1280,720,25.0,383,extraversion,high
71,2840,nose,597.8,293.2,680.9,415.6,907.3,456.5,1011.1,609.5,As93GgkTdt4.004.mp4,1280,720,25.0,383,extraversion,high
71,2840,mouth,588.6,442.2,688.8,500.5,895.8,642.7,1021.0,715.7,As93GgkTdt4.004.mp4,1280,720,25.0,383,extraversion,high
71,2840,forehead,469.9,187.0,786.9,474.0,747.3,323.8,1143.6,682.5,As93GgkTdt4.004.mp4,1280,720,25.0,383,extraversion,high
71,2840,chin,471.6,348.1,786.9,574.2,749.5,525.1,1143.6,807.8,As93GgkTdt4.004.mp4,1280,720,25.0,383,extraversion,high
71,2840,left_cheek,488.5,351.6,588.0,481.9,770.7,529.5,895.0,692.4,As93GgkTdt4.004.mp4,1280,720,25.0,383,extraversion,high
71,2840,right_cheek,687.6,342.9,778.7,475.2,1019.5,518.7,1133.4,684.0,As93GgkTdt4.004.mp4,1280,720,25.0,383,extraversion,high
72,2880,left_eye,497.9,244.9,603.6,331.4,782.4,396.1,914.5,504.3,As93GgkTdt4.004.mp4,1280,720,25.0,383,extraversion,high
72,2880,right_eye,663.9,236.4,765.8,325.6,989.8,385.4,1117.2,497.1,As93GgkTdt4.004.mp4,1280,720,25.0,383,extraversion,high
72,2880,nose,597.8,293.3,680.5,416.3,907.3,456.6,1010.6,610.4,As93GgkTdt4.004.mp4,1280,720,25.0,383,extraversion,high
72,2880,mouth,590.1,443.3,691.1,500.2,897.6,644.1,1023.9,715.3,As93GgkTdt4.004.mp4,1280,720,25.0,383,extraversion,high
72,2880,forehead,470.3,186.6,787.7,475.0,747.9,323.2,1144.6,683.7,As93GgkTdt4.004.mp4,1280,720,25.0,383,extraversion,high
72,2880,chin,472.6,344.2,787.7,572.1,750.7,520.3,1144.6,805.1,As93GgkTdt4.004.mp4,1280,720,25.0,383,extraversion,high
72,2880,left_cheek,488.7,353.0,588.0,483.1,770.8,531.3,895.0,693.8,As93GgkTdt4.004.mp4,1280,720,25.0,383,extraversion,high
72,2880,right_cheek,687.1,340.3,778.7,473.3,1018.9,515.3,1133.4,681.7,As93GgkTdt4.004.mp4,1280,720,25.0,383,extraversion,high
73,2920,left_eye,496.5,247.3,602.3,332.9,780.6,399.1,912.9,506.1,As93GgkTdt4.004.mp4,1280,720,25.0,383,extraversion,high
73,2920,right_eye,662.3,236.0,764.5,325.0,987.9,385.0,1115.6,496.2,As93GgkTdt4.004.mp4,1280,720,25.0,383,extraversion,high
73,2920,nose,598.3,294.0,680.6,417.4,907.9,457.6,1010.7,611.7,As93GgkTdt4.004.mp4,1280,720,25.0,383,extraversion,high
73,2920,mouth,593.1,445.6,692.8,501.0,901.4,647.0,1026.0,716.3,As93GgkTdt4.004.mp4,1280,720,25.0,383,extraversion,high
73,2920,forehead,470.0,186.2,787.9,476.1,747.5,322.8,1144.8,685.1,As93GgkTdt4.004.mp4,1280,720,25.0,383,extraversion,high
73,2920,chin,472.3,341.7,787.9,570.7,750.4,517.1,1144.8,803.4,As93GgkTdt4.004.mp4,1280,720,25.0,383,extraversion,high
73,2920,left_cheek,488.6,354.7,588.1,484.6,770.7,533.4,895.1,695.8,As93GgkTdt4.004.mp4,1280,720,25.0,383,extraversion,high
73,2920,right_cheek,687.0,338.5,778.7,472.1,1018.8,513.1,1133.4,680.2,As93GgkTdt4.004.mp4,1280,720,25.0,383,extraversion,high
74,2960,left_eye,495.1,250.3,601.4,335.3,778.8,402.9,911.7,509.1,As93GgkTdt4.004.mp4,1280,720,25.0,383,extraversion,high
74,2960,right_eye,661.2,237.8,763.9,325.4,986.5,387.3,1114.9,496.8,As93GgkTdt4.004.mp4,1280,720,25.0,383,extraversion,high
74,2960,nose,598.3,297.2,680.5,420.9,907.9,461.5,1010.6,616.1,As93GgkTdt4.004.mp4,1280,720,25.0,383,extraversion,high
74,2960,mouth,596.1,449.4,692.2,511.2,905.2,651.7,1025.2,729.0,As93GgkTdt4.004.mp4,1280,720,25.0,383,extraversion,high
74,2960,forehead,469.9,187.4,788.1,476.4,747.3,324.2,1145.1,685.5,As93GgkTdt4.004.mp4,1280,720,25.0,383,extraversion,high
74,2960,chin,472.1,341.2,788.1,571.1,750.2,516.4,1145.1,803.9,As93GgkTdt4.004.mp4,1280,720,25.0,383,extraversion,high
74,2960,left_cheek,488.4,357.1,587.8,486.4,770.5,536.4,894.8,698.0,As93GgkTdt4.004.mp4,1280,720,25.0,383,extraversion,high
74,2960,right_cheek,686.7,338.9,778.7,472.5,1018.4,513.6,1133.4,680.6,As93GgkTdt4.004.mp4,1280,720,25.0,383,extraversion,high
75,3000,left_eye,494.2,254.3,601.2,338.9,777.7,407.9,911.5,513.6,As93GgkTdt4.004.mp4,1280,720,25.0,383,extraversion,high
75,3000,right_eye,661.2,242.6,763.7,329.0,986.4,393.3,1114.6,501.3,As93GgkTdt4.004.mp4,1280,720,25.0,383,extraversion,high
75,3000,nose,598.3,301.9,680.2,423.8,907.8,467.4,1010.3,619.7,As93GgkTdt4.004.mp4,1280,720,25.0,383,extraversion,high
75,3000,mouth,595.3,449.2,693.3,521.7,904.1,651.5,1026.7,742.2,As93GgkTdt4.004.mp4,1280,720,25.0,383,extraversion,high
75,3000,forehead,468.8,192.3,788.3,478.1,745.9,330.4,1145.4,687.6,As93GgkTdt4.004.mp4,1280,720,25.0,383,extraversion,high
75,3000,chin,471.7,342.2,788.3,572.3,749.6,517.8,1145.4,805.4,As93GgkTdt4.004.mp4,1280,720,25.0,383,extraversion,high
75,3000,left_cheek,487.6,360.6,587.4,488.9,769.5,540.7,894.3,701.2,As93GgkTdt4.004.mp4,1280,720,25.0,383,extraversion,high
75,3000,right_cheek,686.4,340.8,778.7,474.2,1018.0,516.1,1133.4,682.8,As93GgkTdt4.004.mp4,1280,720,25.0,383,extraversion,high
76,3040,left_eye,495.1,255.2,601.2,339.6,778.9,409.0,911.5,514.5,As93GgkTdt4.004.mp4,1280,720,25.0,383,extraversion,high
76,3040,right_eye,661.6,244.5,763.8,330.7,987.0,395.7,1114.8,503.4,As93GgkTdt4.004.mp4,1280,720,25.0,383,extraversion,high
76,3040,nose,598.4,303.0,680.6,423.8,908.1,468.7,1010.7,619.8,As93GgkTdt4.004.mp4,1280,720,25.0,383,extraversion,high
76,3040,mouth,591.1,446.8,697.9,518.7,898.9,648.5,1032.3,738.4,As93GgkTdt4.004.mp4,1280,720,25.0,383,extraversion,high
76,3040,forehead,470.1,193.7,789.5,479.2,747.6,332.1,1146.8,689.0,As93GgkTdt4.004.mp4,1280,720,25.0,383,extraversion,high
76,3040,chin,473.1,343.6,789.5,572.4,751.3,519.5,1146.8,805.5,As93GgkTdt4.004.mp4,1280,720,25.0,383,extraversion,high
76,3040,left_cheek,488.3,361.0,587.5,488.8,770.4,541.3,894.4,701.0,As93GgkTdt4.004.mp4,1280,720,25.0,383,extraversion,high
76,3040,right_cheek,686.6,342.6,779.3,474.7,1018.3,518.2,1134.1,683.4,As93GgkTdt4.004.mp4,1280,720,25.0,383,extraversion,high
77,3080,left_eye,495.5,255.2,601.8,339.7,779.4,409.0,912.2,514.6,As93GgkTdt4.004.mp4,1280,720,25.0,383,extraversion,high
77,3080,right_eye,661.6,245.5,764.6,331.7,987.1,396.8,1115.8,504.6,As93GgkTdt4.004.mp4,1280,720,25.0,383,extraversion,high
77,3080,nose,598.4,303.0,680.6,423.3,908.1,468.7,1010.8,619.1,As93GgkTdt4.004.mp4,1280,720,25.0,383,extraversion,high
77,3080,mouth,586.6,443.8,700.3,514.0,893.3,644.7,1035.4,732.5,As93GgkTdt4.004.mp4,1280,720,25.0,383,extraversion,high
77,3080,forehead,470.6,194.3,790.7,479.2,748.3,332.9,1148.4,689.0,As93GgkTdt4.004.mp4,1280,720,25.0,383,extraversion,high
77,3080,chin,473.5,345.5,790.7,569.8,751.9,521.9,1148.4,802.2,As93GgkTdt4.004.mp4,1280,720,25.0,383,extraversion,high
77,3080,left_cheek,488.5,360.3,587.5,488.3,770.6,540.4,894.4,700.4,As93GgkTdt4.004.mp4,1280,720,25.0,383,extraversion,high
77,3080,right_cheek,686.9,343.6,780.0,474.7,1018.6,519.5,1135.1,683.4,As93GgkTdt4.004.mp4,1280,720,25.0,383,extraversion,high
78,3120,left_eye,495.6,255.4,602.2,339.8,779.5,409.2,912.7,514.7,As93GgkTdt4.004.mp4,1280,720,25.0,383,extraversion,high
78,3120,right_eye,662.4,246.6,765.5,332.6,988.0,398.2,1116.9,505.8,As93GgkTdt4.004.mp4,1280,720,25.0,383,extraversion,high
78,3120,nose,598.5,303.3,681.3,423.3,908.1,469.1,1011.6,619.1,As93GgkTdt4.004.mp4,1280,720,25.0,383,extraversion,high
78,3120,mouth,583.6,442.6,701.5,509.1,889.6,643.2,1036.8,726.4,As93GgkTdt4.004.mp4,1280,720,25.0,383,extraversion,high
78,3120,forehead,470.6,194.8,791.0,479.5,748.3,333.5,1148.7,689.4,As93GgkTdt4.004.mp4,1280,720,25.0,383,extraversion,high
78,3120,chin,473.4,348.3,791.0,568.9,751.8,525.3,1148.7,801.1,As93GgkTdt4.004.mp4,1280,720,25.0,383,extraversion,high
78,3120,left_cheek,488.5,359.9,587.5,487.6,770.6,539.9,894.4,699.4,As93GgkTdt4.004.mp4,1280,720,25.0,383,extraversion,high
78,3120,right_cheek,687.6,345.0,780.5,474.7,1019.4,521.2,1135.7,683.4,As93GgkTdt4.004.mp4,1280,720,25.0,383,extraversion,high
79,3160,left_eye,495.6,255.5,602.2,339.8,779.5,409.4,912.7,514.7,As93GgkTdt4.004.mp4,1280,720,25.0,383,extraversion,high
79,3160,right_eye,662.5,246.9,765.5,332.9,988.1,398.6,1116.9,506.1,As93GgkTdt4.004.mp4,1280,720,25.0,383,extraversion,high
79,3160,nose,598.4,303.3,681.4,423.1,908.0,469.1,1011.8,618.8,As93GgkTdt4.004.mp4,1280,720,25.0,383,extraversion,high
79,3160,mouth,582.7,441.5,701.6,506.6,888.4,641.9,1037.0,723.2,As93GgkTdt4.004.mp4,1280,720,25.0,383,extraversion,high
79,3160,forehead,470.5,195.0,790.9,479.8,748.2,333.8,1148.6,689.8,As93GgkTdt4.004.mp4,1280,720,25.0,383,extraversion,high
79,3160,chin,473.4,349.6,790.9,568.4,751.8,527.0,1148.6,800.5,As93GgkTdt4.004.mp4,1280,720,25.0,383,extraversion,high
79,3160,left_cheek,488.4,359.6,587.5,486.8,770.5,539.5,894.3,698.5,As93GgkTdt4.004.mp4,1280,720,25.0,383,extraversion,high
79,3160,right_cheek,687.6,345.5,780.5,474.7,1019.6,521.9,1135.6,683.4,As93GgkTdt4.004.mp4,1280,720,25.0,383,extraversion,high
80,3200,left_eye,494.5,255.2,601.9,339.7,778.2,408.9,912.4,514.6,As93GgkTdt4.004.mp4,1280,720,25.0,383,extraversion,high
80,3200,right_eye,662.4,246.4,764.9,332.6,988.0,398.0,1116.1,505.7,As93GgkTdt4.004.mp4,1280,720,25.0,383,extraversion,high
80,3200,nose,597.7,303.1,681.2,423.0,907.1,468.8,1011.4,618.7,As93GgkTdt4.004.mp4,1280,720,25.0,383,extraversion,high
80,3200,mouth,581.5,440.4,700.9,504.7,886.9,640.5,1036.1,720.9,As93GgkTdt4.004.mp4,1280,720,25.0,383,extraversion,high
80,3200,forehead,469.3,194.8,789.2,479.4,746.6,333.5,1146.5,689.3,As93GgkTdt4.004.mp4,1280,720,25.0,383,extraversion,high
80,3200,chin,472.2,349.5,789.2,567.7,750.2,526.8,1146.5,799.6,As93GgkTdt4.004.mp4,1280,720,25.0,383,extraversion,high
80,3200,left_cheek,487.3,358.9,586.6,485.1,769.1,538.6,893.2,696.4,As93GgkTdt4.004.mp4,1280,720,25.0,383,extraversion,high
80,3200,right_cheek,687.2,345.5,779.9,474.1,1019.0,521.8,1134.8,682.6,As93GgkTdt4.004.mp4,1280,720,25.0,383,extraversion,high
81,3240,left_eye,493.1,255.0,601.2,339.2,776.4,408.7,911.5,514.0,As93GgkTdt4.004.mp4,1280,720,25.0,383,extraversion,high
81,3240,right_eye,661.8,246.2,763.8,332.3,987.3,397.8,1114.8,505.4,As93GgkTdt4.004.mp4,1280,720,25.0,383,extraversion,high
81,3240,nose,597.0,302.9,680.6,422.7,906.3,468.6,1010.8,618.4,As93GgkTdt4.004.mp4,1280,720,25.0,383,extraversion,high
81,3240,mouth,580.9,439.8,700.5,504.9,886.1,639.7,1035.6,721.2,As93GgkTdt4.004.mp4,1280,720,25.0,383,extraversion,high
81,3240,forehead,466.5,194.4,787.9,476.8,743.1,333.0,1144.9,686.0,As93GgkTdt4.004.mp4,1280,720,25.0,383,extraversion,high
81,3240,chin,469.7,347.6,787.9,567.3,747.1,524.5,1144.9,799.1,As93GgkTdt4.004.mp4,1280,720,25.0,383,extraversion,high
81,3240,left_cheek,485.6,357.7,585.7,483.4,767.0,537.1,892.1,694.2,As93GgkTdt4.004.mp4,1280,720,25.0,383,extraversion,high
81,3240,right_cheek,686.5,344.5,779.0,473.1,1018.2,520.6,1133.7,681.4,As93GgkTdt4.004.mp4,1280,720,25.0,383,extraversion,high
82,3280,left_eye,492.2,254.8,600.8,339.0,775.3,408.4,911.0,513.8,As93GgkTdt4.004.mp4,1280,720,25.0,383,extraversion,high
82,3280,right_eye,661.6,246.1,763.5,332.4,987.0,397.7,1114.4,505.4,As93GgkTdt4.004.mp4,1280,720,25.0,383,extraversion,high
82,3280,nose,596.5,302.9,680.3,423.8,905.6,468.6,1010.4,619.7,As93GgkTdt4.004.mp4,1280,720,25.0,383,extraversion,high
82,3280,mouth,580.9,440.5,699.2,506.4,886.1,640.7,1034.0,723.0,As93GgkTdt4.004.mp4,1280,720,25.0,383,extraversion,high
82,3280,forehead,464.7,194.2,786.5,475.8,740.9,332.7,1143.1,684.7,As93GgkTdt4.004.mp4,1280,720,25.0,383,extraversion,high
82,3280,chin,467.9,347.2,786.5,567.6,744.9,524.0,1143.1,799.5,As93GgkTdt4.004.mp4,1280,720,25.0,383,extraversion,high
82,3280,left_cheek,484.4,357.7,585.0,483.5,765.5,537.1,891.3,694.3,As93GgkTdt4.004.mp4,1280,720,25.0,383,extraversion,high
82,3280,right_cheek,686.0,344.5,778.0,473.3,1017.6,520.6,1132.6,681.6,As93GgkTdt4.004.mp4,1280,720,25.0,383,extraversion,high
83,3320,left_eye,491.4,254.6,599.7,339.0,774.2,408.3,909.6,513.7,As93GgkTdt4.004.mp4,1280,720,25.0,383,extraversion,high
83,3320,right_eye,660.8,246.0,762.4,332.2,986.0,397.4,1113.0,505.2,As93GgkTdt4.004.mp4,1280,720,25.0,383,extraversion,high
83,3320,nose,595.8,302.9,679.9,424.5,904.7,468.6,1009.8,620.6,As93GgkTdt4.004.mp4,1280,720,25.0,383,extraversion,high
83,3320,mouth,581.1,442.0,697.0,507.0,886.4,642.5,1031.2,723.8,As93GgkTdt4.004.mp4,1280,720,25.0,383,extraversion,high
83,3320,forehead,463.6,194.1,785.0,474.5,739.5,332.6,1141.2,683.2,As93GgkTdt4.004.mp4,1280,720,25.0,383,extraversion,high
83,3320,chin,466.9,345.4,785.0,566.9,743.7,521.7,1141.2,798.6,As93GgkTdt4.004.mp4,1280,720,25.0,383,extraversion,high
83,3320,left_cheek,483.5,357.7,584.2,483.5,764.4,537.1,890.3,694.4,As93GgkTdt4.004.mp4,1280,720,25.0,383,extraversion,high
83,3320,right_cheek,685.2,344.1,777.0,473.3,1016.5,520.1,1131.2,681.6,As93GgkTdt4.004.mp4,1280,720,25.0,383,extraversion,high
84,3360,left_eye,490.4,254.5,599.2,339.6,773.0,408.2,909.0,514.5,As93GgkTdt4.004.mp4,1280,720,25.0,383,extraversion,high
84,3360,right_eye,660.0,245.4,761.7,332.2,985.0,396.7,1112.1,505.3,As93GgkTdt4.004.mp4,1280,720,25.0,383,extraversion,high
84,3360,nose,595.0,303.1,679.8,425.2,903.8,468.9,1009.8,621.5,As93GgkTdt4.004.mp4,1280,720,25.0,383,extraversion,high
84,3360,mouth,581.3,443.3,696.1,507.0,886.7,644.1,1030.2,723.8,As93GgkTdt4.004.mp4,1280,720,25.0,383,extraversion,high
84,3360,forehead,463.5,194.0,783.9,474.5,739.4,332.5,1139.9,683.2,As93GgkTdt4.004.mp4,1280,720,25.0,383,extraversion,high
84,3360,chin,467.0,344.0,783.9,566.8,743.7,520.0,1139.9,798.5,As93GgkTdt4.004.mp4,1280,720,25.0,383,extraversion,high
84,3360,left_cheek,483.2,358.1,583.6,483.7,764.0,537.7,889.6,694.6,As93GgkTdt4.004.mp4,1280,720,25.0,383,extraversion,high
84,3360,right_cheek,684.8,343.7,776.2,473.2,1016.0,519.6,1130.3,681.5,As93GgkTdt4.004.mp4,1280,720,25.0,383,extraversion,high
85,3400,left_eye,489.5,254.0,598.6,339.5,771.9,407.5,908.3,514.4,As93GgkTdt4.004.mp4,1280,720,25.0,383,extraversion,high
85,3400,right_eye,659.3,243.2,760.9,332.2,984.1,394.0,1111.2,505.2,As93GgkTdt4.004.mp4,1280,720,25.0,383,extraversion,high
85,3400,nose,595.0,303.0,679.8,425.1,903.7,468.8,1009.7,621.4,As93GgkTdt4.004.mp4,1280,720,25.0,383,extraversion,high
85,3400,mouth,581.4,443.1,695.7,503.6,886.8,643.9,1029.7,719.5,As93GgkTdt4.004.mp4,1280,720,25.0,383,extraversion,high
85,3400,forehead,463.6,193.3,783.0,474.2,739.5,331.6,1138.7,682.7,As93GgkTdt4.004.mp4,1280,720,25.0,383,extraversion,high
85,3400,chin,467.1,342.5,783.0,565.0,743.9,518.1,1138.7,796.2,As93GgkTdt4.004.mp4,1280,720,25.0,383,extraversion,high
85,3400,left_cheek,483.1,358.3,583.3,483.5,763.9,537.8,889.1,694.4,As93GgkTdt4.004.mp4,1280,720,25.0,383,extraversion,high
85,3400,right_cheek,684.6,342.3,775.8,471.6,1015.7,517.9,1129.7,679.5,As93GgkTdt4.004.mp4,1280,720,25.0,383,extraversion,high
86,3440,left_eye,488.9,253.8,598.6,340.0,771.2,407.3,908.2,515.0,As93GgkTdt4.004.mp4,1280,720,25.0,383,extraversion,high
86,3440,right_eye,658.6,241.9,760.5,332.1,983.3,392.4,1110.6,505.2,As93GgkTdt4.004.mp4,1280,720,25.0,383,extraversion,high
86,3440,nose,594.8,303.0,679.6,425.1,903.5,468.8,1009.5,621.3,As93GgkTdt4.004.mp4,1280,720,25.0,383,extraversion,high
86,3440,mouth,581.5,443.1,695.7,501.0,886.9,643.9,1029.6,716.3,As93GgkTdt4.004.mp4,1280,720,25.0,383,extraversion,high
86,3440,forehead,463.6,192.6,782.9,474.3,739.5,330.7,1138.6,682.9,As93GgkTdt4.004.mp4,1280,720,25.0,383,extraversion,high
86,3440,chin,467.2,341.9,782.9,564.9,744.0,517.3,1138.6,796.1,As93GgkTdt4.004.mp4,1280,720,25.0,383,extraversion,high
86,3440,left_cheek,483.1,358.9,583.1,483.5,763.9,538.6,888.9,694.4,As93GgkTdt4.004.mp4,1280,720,25.0,383,extraversion,high
86,3440,right_cheek,684.3,341.4,775.5,470.8,1015.3,516.8,1129.4,678.6,As93GgkTdt4.004.mp4,1280,720,25.0,383,extraversion,high
87,3480,left_eye,488.9,252.6,598.3,340.0,771.1,405.8,907.9,515.0,As93GgkTdt4.004.mp4,1280,720,25.0,383,extraversion,high
87,3480,right_eye,658.3,239.3,760.4,331.3,982.9,389.1,1110.6,504.2,As93GgkTdt4.004.mp4,1280,720,25.0,383,extraversion,high
87,3480,nose,594.8,302.3,679.5,424.3,903.5,467.9,1009.4,620.3,As93GgkTdt4.004.mp4,1280,720,25.0,383,extraversion,high
87,3480,mouth,582.9,442.4,695.2,500.9,888.7,643.0,1028.9,716.2,As93GgkTdt4.004.mp4,1280,720,25.0,383,extraversion,high
87,3480,forehead,463.7,191.1,783.1,474.3,739.6,328.9,1138.9,682.9,As93GgkTdt4.004.mp4,1280,720,25.0,383,extraversion,high
87,3480,chin,467.6,341.0,783.1,564.9,744.5,516.2,1138.9,796.1,As93GgkTdt4.004.mp4,1280,720,25.0,383,extraversion,high
87,3480,left_cheek,483.1,359.0,583.1,483.6,763.9,538.7,888.9,694.5,As93GgkTdt4.004.mp4,1280,720,25.0,383,extraversion,high
87,3480,right_cheek,684.2,340.1,775.6,470.2,1015.3,515.1,1129.5,677.7,As93GgkTdt4.004.mp4,1280,720,25.0,383,extraversion,high
88,3520,left_eye,489.1,250.6,598.3,339.9,771.4,403.3,907.9,514.9,As93GgkTdt4.004.mp4,1280,720,25.0,383,extraversion,high
88,3520,right_eye,658.2,237.1,760.5,330.5,982.7,386.4,1110.7,503.1,As93GgkTdt4.004.mp4,1280,720,25.0,383,extraversion,high
88,3520,nose,594.9,301.4,679.1,423.9,903.6,466.7,1008.8,619.8,As93GgkTdt4.004.mp4,1280,720,25.0,383,extraversion,high
88,3520,mouth,585.1,443.3,693.2,501.4,891.3,644.1,1026.5,716.8,As93GgkTdt4.004.mp4,1280,720,25.0,383,extraversion,high
88,3520,forehead,465.2,189.7,783.9,474.2,741.6,327.1,1139.9,682.7,As93GgkTdt4.004.mp4,1280,720,25.0,383,extraversion,high
88,3520,chin,469.2,340.3,783.9,565.0,746.5,515.3,1139.9,796.3,As93GgkTdt4.004.mp4,1280,720,25.0,383,extraversion,high
88,3520,left_cheek,483.6,358.9,583.2,483.6,764.5,538.6,889.0,694.4,As93GgkTdt4.004.mp4,1280,720,25.0,383,extraversion,high
88,3520,right_cheek,684.1,339.5,775.6,470.2,1015.2,514.4,1129.5,677.8,As93GgkTdt4.004.mp4,1280,720,25.0,383,extraversion,high
89,3560,left_eye,489.3,249.2,598.4,339.9,771.6,401.6,908.0,514.9,As93GgkTdt4.004.mp4,1280,720,25.0,383,extraversion,high
89,3560,right_eye,658.1,235.7,761.1,330.1,982.7,384.6,1111.3,502.6,As93GgkTdt4.004.mp4,1280,720,25.0,383,extraversion,high
89,3560,nose,594.9,300.9,678.7,423.9,903.7,466.1,1008.3,619.8,As93GgkTdt4.004.mp4,1280,720,25.0,383,extraversion,high
89,3560,mouth,585.2,446.4,693.2,501.7,891.5,648.0,1026.5,717.2,As93GgkTdt4.004.mp4,1280,720,25.0,383,extraversion,high
89,3560,forehead,467.3,188.4,786.4,473.8,744.2,325.5,1143.0,682.2,As93GgkTdt4.004.mp4,1280,720,25.0,383,extraversion,high
89,3560,chin,471.2,339.4,786.4,565.1,749.0,514.3,1143.0,796.3,As93GgkTdt4.004.mp4,1280,720,25.0,383,extraversion,high
89,3560,left_cheek,484.4,358.9,583.2,483.6,765.5,538.6,889.0,694.5,As93GgkTdt4.004.mp4,1280,720,25.0,383,extraversion,high
89,3560,right_cheek,684.1,339.3,776.3,470.3,1015.2,514.1,1130.4,677.9,As93GgkTdt4.004.mp4,1280,720,25.0,383,extraversion,high
90,3600,left_eye,490.7,248.6,599.5,339.8,773.4,400.7,909.4,514.8,As93GgkTdt4.004.mp4,1280,720,25.0,383,extraversion,high
90,3600,right_eye,658.7,235.6,763.6,329.9,983.4,384.5,1114.5,502.4,As93GgkTdt4.004.mp4,1280,720,25.0,383,extraversion,high
90,3600,nose,595.4,300.7,678.7,424.9,904.2,465.9,1008.4,621.1,As93GgkTdt4.004.mp4,1280,720,25.0,383,extraversion,high
90,3600,mouth,585.3,449.8,693.5,502.0,891.6,652.3,1026.8,717.5,As93GgkTdt4.004.mp4,1280,720,25.0,383,extraversion,high
90,3600,forehead,470.1,187.5,790.3,472.6,747.6,324.4,1147.9,680.8,As93GgkTdt4.004.mp4,1280,720,25.0,383,extraversion,high
90,3600,chin,473.8,338.6,790.3,565.1,752.2,513.3,1147.9,796.4,As93GgkTdt4.004.mp4,1280,720,25.0,383,extraversion,high
90,3600,left_cheek,485.8,358.5,583.9,483.6,767.3,538.2,889.8,694.5,As93GgkTdt4.004.mp4,1280,720,25.0,383,extraversion,high
90,3600,right_cheek,684.7,339.3,778.8,470.7,1015.9,514.1,1133.5,678.3,As93GgkTdt4.004.mp4,1280,720,25.0,383,extraversion,high
91,3640,left_eye,492.2,247.4,601.1,339.5,775.3,399.2,911.4,514.4,As93GgkTdt4.004.mp4,1280,720,25.0,383,extraversion,high
91,3640,right_eye,659.5,235.6,766.6,329.8,984.3,384.5,1118.2,502.3,As93GgkTdt4.004.mp4,1280,720,25.0,383,extraversion,high
91,3640,nose,595.6,300.7,678.7,426.3,904.5,465.9,1008.4,622.8,As93GgkTdt4.004.mp4,1280,720,25.0,383,extraversion,high
91,3640,mouth,585.4,451.9,693.6,505.1,891.7,654.9,1027.0,721.4,As93GgkTdt4.004.mp4,1280,720,25.0,383,extraversion,high
91,3640,forehead,472.0,186.7,794.9,469.7,750.0,323.3,1153.7,677.2,As93GgkTdt4.004.mp4,1280,720,25.0,383,extraversion,high
91,3640,chin,475.5,337.0,794.9,565.2,754.4,511.2,1153.7,796.4,As93GgkTdt4.004.mp4,1280,720,25.0,383,extraversion,high
91,3640,left_cheek,486.8,357.3,584.5,483.4,768.5,536.6,890.6,694.3,As93GgkTdt4.004.mp4,1280,720,25.0,383,extraversion,high
91,3640,right_cheek,685.4,339.2,781.8,471.2,1016.7,514.0,1137.2,679.0,As93GgkTdt4.004.mp4,1280,720,25.0,383,extraversion,high
92,3680,left_eye,494.9,246.9,603.0,338.2,778.6,398.6,913.7,512.8,As93GgkTdt4.004.mp4,1280,720,25.0,383,extraversion,high
92,3680,right_eye,661.8,235.9,769.1,329.8,987.2,384.9,1121.4,502.2,As93GgkTdt4.004.mp4,1280,720,25.0,383,extraversion,high
92,3680,nose,596.0,300.7,679.8,427.0,905.0,465.9,1009.8,623.7,As93GgkTdt4.004.mp4,1280,720,25.0,383,extraversion,high
92,3680,mouth,584.8,450.9,696.7,510.6,891.0,653.6,1030.9,728.3,As93GgkTdt4.004.mp4,1280,720,25.0,383,extraversion,high
92,3680,forehead,474.5,186.7,796.2,466.6,753.1,323.4,1155.3,673.3,As93GgkTdt4.004.mp4,1280,720,25.0,383,extraversion,high
92,3680,chin,478.0,336.6,796.2,565.2,757.5,510.8,1155.3,796.6,As93GgkTdt4.004.mp4,1280,720,25.0,383,extraversion,high
92,3680,left_cheek,488.7,355.5,585.5,482.8,770.9,534.4,891.8,693.5,As93GgkTdt4.004.mp4,1280,720,25.0,383,extraversion,high
92,3680,right_cheek,686.9,339.3,783.7,471.9,1018.7,514.1,1139.6,679.8,As93GgkTdt4.004.mp4,1280,720,25.0,383,extraversion,high
93,3720,left_eye,496.3,247.0,603.6,337.7,780.4,398.8,914.4,512.2,As93GgkTdt4.004.mp4,1280,720,25.0,383,extraversion,high
93,3720,right_eye,663.8,238.3,770.9,329.9,989.7,387.9,1123.6,502.3,As93GgkTdt4.004.mp4,1280,720,25.0,383,extraversion,high
93,3720,nose,596.3,301.4,680.9,428.4,905.4,466.8,1011.2,625.5,As93GgkTdt4.004.mp4,1280,720,25.0,383,extraversion,high
93,3720,mouth,584.0,450.3,698.9,516.1,890.0,652.9,1033.6,735.1,As93GgkTdt4.004.mp4,1280,720,25.0,383,extraversion,high
93,3720,forehead,475.8,186.8,797.4,464.8,754.8,323.5,1156.7,671.1,As93GgkTdt4.004.mp4,1280,720,25.0,383,extraversion,high
93,3720,chin,479.5,336.9,797.4,565.5,759.3,511.1,1156.7,796.9,As93GgkTdt4.004.mp4,1280,720,25.0,383,extraversion,high
93,3720,left_cheek,489.9,354.7,586.2,482.4,772.3,533.3,892.7,693.0,As93GgkTdt4.004.mp4,1280,720,25.0,383,extraversion,high
93,3720,right_cheek,688.1,339.9,784.8,472.6,1020.1,514.9,1141.0,680.7,As93GgkTdt4.004.mp4,1280,720,25.0,383,extraversion,high
94,3760,left_eye,498.1,247.8,605.2,337.8,782.6,399.7,916.6,512.3,As93GgkTdt4.004.mp4,1280,720,25.0,383,extraversion,high
94,3760,right_eye,665.9,241.3,772.8,331.2,992.3,391.7,1126.0,504.0,As93GgkTdt4.004.mp4,1280,720,25.0,383,extraversion,high
94,3760,nose,597.2,303.1,683.3,430.1,906.6,468.8,1014.1,627.6,As93GgkTdt4.004.mp4,1280,720,25.0,383,extraversion,high
94,3760,mouth,584.0,451.1,700.8,516.4,890.1,653.8,1035.9,735.5,As93GgkTdt4.004.mp4,1280,720,25.0,383,extraversion,high
94,3760,forehead,477.8,188.4,798.3,464.9,757.3,325.4,1157.9,671.1,As93GgkTdt4.004.mp4,1280,720,25.0,383,extraversion,high
94,3760,chin,481.6,336.9,798.3,565.6,762.0,511.2,1157.9,797.0,As93GgkTdt4.004.mp4,1280,720,25.0,383,extraversion,high
94,3760,left_cheek,491.6,354.8,587.6,482.4,774.5,533.5,894.5,693.0,As93GgkTdt4.004.mp4,1280,720,25.0,383,extraversion,high
94,3760,right_cheek,689.9,341.5,786.2,473.8,1022.4,516.9,1142.8,682.2,As93GgkTdt4.004.mp4,1280,720,25.0,383,extraversion,high
95,3800,left_eye,498.3,248.9,605.9,338.4,782.9,401.2,917.4,513.0,As93GgkTdt4.004.mp4,1280,720,25.0,383,extraversion,high
95,3800,right_eye,666.4,241.8,773.6,331.8,993.0,392.2,1127.1,504.7,As93GgkTdt4.004.mp4,1280,720,25.0,383,extraversion,high
95,3800,nose,597.5,303.9,684.3,431.6,906.8,469.9,1015.4,629.5,As93GgkTdt4.004.mp4,1280,720,25.0,383,extraversion,high
95,3800,mouth,584.0,453.2,701.4,515.4,890.0,656.5,1036.7,734.2,As93GgkTdt4.004.mp4,1280,720,25.0,383,extraversion,high
95,3800,forehead,478.1,189.0,799.8,464.8,757.7,326.2,1159.7,671.0,As93GgkTdt4.004.mp4,1280,720,25.0,383,extraversion,high
95,3800,chin,482.0,337.2,799.8,565.6,762.5,511.5,1159.7,797.1,As93GgkTdt4.004.mp4,1280,720,25.0,383,extraversion,high
95,3800,left_cheek,492.1,354.9,588.2,482.4,775.1,533.6,895.3,693.0,As93GgkTdt4.004.mp4,1280,720,25.0,383,extraversion,high
95,3800,right_cheek,690.7,342.0,787.3,474.2,1023.4,517.5,1144.1,682.8,As93GgkTdt4.004.mp4,1280,720,25.0,383,extraversion,high
96,3840,left_eye,498.3,251.9,605.6,340.4,782.9,404.8,917.0,515.5,As93GgkTdt4.004.mp4,1280,720,25.0,383,extraversion,high
96,3840,right_eye,665.9,243.4,773.6,333.6,992.4,394.2,1127.0,507.0,As93GgkTdt4.004.mp4,1280,720,25.0,383,extraversion,high
96,3840,nose,597.1,306.2,684.0,434.2,906.3,472.8,1015.0,632.7,As93GgkTdt4.004.mp4,1280,720,25.0,383,extraversion,high
96,3840,mouth,584.1,457.0,701.0,514.1,890.1,661.3,1036.2,732.7,As93GgkTdt4.004.mp4,1280,720,25.0,383,extraversion,high
96,3840,forehead,478.6,190.9,802.3,464.9,758.2,328.7,1162.9,671.2,As93GgkTdt4.004.mp4,1280,720,25.0,383,extraversion,high
96,3840,chin,482.3,337.7,802.3,566.2,762.8,512.1,1162.9,797.7,As93GgkTdt4.004.mp4,1280,720,25.0,383,extraversion,high
96,3840,left_cheek,491.9,356.6,588.1,483.6,774.9,535.7,895.1,694.5,As93GgkTdt4.004.mp4,1280,720,25.0,383,extraversion,high
96,3840,right_cheek,690.4,343.4,788.0,476.1,1023.0,519.3,1145.0,685.1,As93GgkTdt4.004.mp4,1280,720,25.0,383,extraversion,high
97,3880,left_eye,498.2,254.5,605.4,342.6,782.8,408.1,916.7,518.3,As93GgkTdt4.004.mp4,1280,720,25.0,383,extraversion,high
97,3880,right_eye,665.6,245.3,774.2,335.4,992.0,396.7,1127.8,509.3,As93GgkTdt4.004.mp4,1280,720,25.0,383,extraversion,high
97,3880,nose,596.9,308.5,683.7,436.5,906.1,475.6,1014.6,635.6,As93GgkTdt4.004.mp4,1280,720,25.0,383,extraversion,high
97,3880,mouth,584.3,459.7,700.7,516.6,890.4,664.6,1035.9,735.7,As93GgkTdt4.004.mp4,1280,720,25.0,383,extraversion,high
97,3880,forehead,478.4,192.8,804.3,465.7,757.9,331.0,1165.4,672.2,As93GgkTdt4.004.mp4,1280,720,25.0,383,extraversion,high
97,3880,chin,482.1,338.8,804.3,567.4,762.6,513.5,1165.4,799.2,As93GgkTdt4.004.mp4,1280,720,25.0,383,extraversion,high
97,3880,left_cheek,491.7,358.4,588.0,485.3,774.6,538.1,895.0,696.6,As93GgkTdt4.004.mp4,1280,720,25.0,383,extraversion,high
97,3880,right_cheek,690.1,345.2,789.3,478.3,1022.7,521.5,1146.6,687.8,As93GgkTdt4.004.mp4,1280,720,25.0,383,extraversion,high
98,3920,left_eye,499.1,257.3,605.5,344.5,783.9,411.7,916.8,520.7,As93GgkTdt4.004.mp4,1280,720,25.0,383,extraversion,high
98,3920,right_eye,666.6,248.5,774.6,337.8,993.2,400.7,1128.3,512.3,As93GgkTdt4.004.mp4,1280,720,25.0,383,extraversion,high
98,3920,nose,597.2,311.8,683.6,440.2,906.5,479.7,1014.5,640.2,As93GgkTdt4.004.mp4,1280,720,25.0,383,extraversion,high
98,3920,mouth,585.4,462.8,700.6,521.7,891.8,668.5,1035.7,742.1,As93GgkTdt4.004.mp4,1280,720,25.0,383,extraversion,high
98,3920,forehead,478.8,196.3,802.9,467.5,758.4,335.4,1163.7,674.4,As93GgkTdt4.004.mp4,1280,720,25.0,383,extraversion,high
98,3920,chin,482.8,341.6,802.9,569.4,763.5,517.0,1163.7,801.8,As93GgkTdt4.004.mp4,1280,720,25.0,383,extraversion,high
98,3920,left_cheek,492.6,360.6,588.6,487.5,775.7,540.8,895.8,699.4,As93GgkTdt4.004.mp4,1280,720,25.0,383,extraversion,high
98,3920,right_cheek,690.4,348.3,789.0,481.1,1022.9,525.3,1146.3,691.4,As93GgkTdt4.004.mp4,1280,720,25.0,383,extraversion,high
99,3960,left_eye,500.4,258.8,606.8,346.1,785.4,413.6,918.5,522.7,As93GgkTdt4.004.mp4,1280,720,25.0,383,extraversion,high
99,3960,right_eye,669.1,252.2,776.0,341.3,996.3,405.3,1130.0,516.7,As93GgkTdt4.004.mp4,1280,720,25.0,383,extraversion,high
99,3960,nose,598.6,314.5,684.7,443.2,908.2,483.1,1015.9,644.0,As93GgkTdt4.004.mp4,1280,720,25.0,383,extraversion,high
99,3960,mouth,587.3,464.2,700.6,526.2,894.1,670.2,1035.8,747.8,As93GgkTdt4.004.mp4,1280,720,25.0,383,extraversion,high
99,3960,forehead,478.9,199.6,802.2,468.7,758.6,339.5,1162.8,675.9,As93GgkTdt4.004.mp4,1280,720,25.0,383,extraversion,high
99,3960,chin,483.1,345.3,802.2,571.1,763.8,521.6,1162.8,803.9,As93GgkTdt4.004.mp4,1280,720,25.0,383,extraversion,high
99,3960,left_cheek,493.5,362.0,590.0,488.9,776.8,542.5,897.5,701.2,As93GgkTdt4.004.mp4,1280,720,25.0,383,extraversion,high
99,3960,right_cheek,691.7,351.7,789.2,483.4,1024.6,529.7,1146.5,694.2,As93GgkTdt4.004.mp4,1280,720,25.0,383,extraversion,high
100,4000,left_eye,500.1,258.0,606.9,345.7,785.1,412.5,918.7,522.2,As93GgkTdt4.004.mp4,1280,720,25.0,383,extraversion,high
100,4000,right_eye,670.0,252.9,776.3,341.7,997.5,406.1,1130.4,517.1,As93GgkTdt4.004.mp4,1280,720,25.0,383,extraversion,high
100,4000,nose,599.1,314.2,685.3,442.7,908.9,482.8,1016.6,643.4,As93GgkTdt4.004.mp4,1280,720,25.0,383,extraversion,high
100,4000,mouth,587.7,463.1,701.2,526.3,894.7,668.9,1036.5,747.9,As93GgkTdt4.004.mp4,1280,720,25.0,383,extraversion,high
100,4000,forehead,478.8,199.4,801.7,468.8,758.5,339.2,1162.1,675.9,As93GgkTdt4.004.mp4,1280,720,25.0,383,extraversion,high
100,4000,chin,482.9,345.6,801.7,571.2,763.6,522.0,1162.1,804.0,As93GgkTdt4.004.mp4,1280,720,25.0,383,extraversion,high
100,4000,left_cheek,493.2,361.7,590.1,488.7,776.5,542.1,897.7,700.8,As93GgkTdt4.004.mp4,1280,720,25.0,383,extraversion,high
100,4000,right_cheek,692.3,351.9,789.0,483.0,1025.4,529.8,1146.3,693.7,As93GgkTdt4.004.mp4,1280,720,25.0,383,extraversion,high
101,4040,left_eye,500.0,256.3,607.3,344.7,785.0,410.4,919.1,520.8,As93GgkTdt4.004.mp4,1280,720,25.0,383,extraversion,high
101,4040,right_eye,670.4,251.5,776.2,340.9,998.1,404.4,1130.3,516.1,As93GgkTdt4.004.mp4,1280,720,25.0,383,extraversion,high
101,4040,nose,599.7,314.0,686.2,442.6,909.6,482.5,1017.8,643.3,As93GgkTdt4.004.mp4,1280,720,25.0,383,extraversion,high
101,4040,mouth,588.0,459.0,701.8,524.3,895.0,663.8,1037.2,745.4,As93GgkTdt4.004.mp4,1280,720,25.0,383,extraversion,high
101,4040,forehead,478.7,198.5,800.5,468.1,758.4,338.1,1160.6,675.1,As93GgkTdt4.004.mp4,1280,720,25.0,383,extraversion,high
101,4040,chin,482.5,345.0,800.3,571.1,763.2,521.3,1160.4,803.9,As93GgkTdt4.004.mp4,1280,720,25.0,383,extraversion,high
101,4040,left_cheek,493.1,360.4,590.3,487.7,776.3,540.6,897.8,699.7,As93GgkTdt4.004.mp4,1280,720,25.0,383,extraversion,high
101,4040,right_cheek,692.8,351.0,788.9,482.6,1026.1,528.7,1146.1,693.3,As93GgkTdt4.004.mp4,1280,720,25.0,383,extraversion,high
102,4080,left_eye,499.8,251.5,607.1,341.8,784.8,404.3,918.9,517.2,As93GgkTdt4.004.mp4,1280,720,25.0,383,extraversion,high
102,4080,right_eye,670.0,249.2,776.0,338.5,997.6,401.5,1130.0,513.2,As93GgkTdt4.004.mp4,1280,720,25.0,383,extraversion,high
102,4080,nose,599.6,309.6,686.0,437.1,909.5,477.0,1017.5,636.4,As93GgkTdt4.004.mp4,1280,720,25.0,383,extraversion,high
102,4080,mouth,587.6,451.6,702.2,523.6,894.5,654.5,1037.8,744.4,As93GgkTdt4.004.mp4,1280,720,25.0,383,extraversion,high
102,4080,forehead,478.1,196.3,800.2,467.1,757.7,335.3,1160.3,673.9,As93GgkTdt4.004.mp4,1280,720,25.0,383,extraversion,high
102,4080,chin,481.8,344.4,799.7,570.4,762.2,520.5,1159.7,803.0,As93GgkTdt4.004.mp4,1280,720,25.0,383,extraversion,high
102,4080,left_cheek,492.9,357.6,590.2,484.9,776.1,537.0,897.8,696.1,As93GgkTdt4.004.mp4,1280,720,25.0,383,extraversion,high
102,4080,right_cheek,692.7,348.9,788.8,479.3,1025.8,526.1,1146.0,689.1,As93GgkTdt4.004.mp4,1280,720,25.0,383,extraversion,high
103,4120,left_eye,499.1,250.5,606.3,340.9,783.9,403.1,917.9,516.2,As93GgkTdt4.004.mp4,1280,720,25.0,383,extraversion,high
103,4120,right_eye,669.6,248.4,775.9,337.9,997.0,400.4,1129.8,512.4,As93GgkTdt4.004.mp4,1280,720,25.0,383,extraversion,high
103,4120,nose,598.4,307.9,686.0,435.1,907.9,474.8,1017.5,633.9,As93GgkTdt4.004.mp4,1280,720,25.0,383,extraversion,high
103,4120,mouth,585.1,449.6,702.7,522.8,891.4,652.0,1038.4,743.5,As93GgkTdt4.004.mp4,1280,720,25.0,383,extraversion,high
103,4120,forehead,477.1,194.8,800.1,467.2,756.4,333.5,1160.1,673.9,As93GgkTdt4.004.mp4,1280,720,25.0,383,extraversion,high
103,4120,chin,480.5,344.2,799.7,570.3,760.6,520.3,1159.6,802.8,As93GgkTdt4.004.mp4,1280,720,25.0,383,extraversion,high
103,4120,left_cheek,491.6,356.7,588.9,483.8,774.5,535.9,896.1,694.8,As93GgkTdt4.004.mp4,1280,720,25.0,383,extraversion,high
103,4120,right_cheek,692.5,348.3,788.8,478.3,1025.6,525.4,1145.9,687.9,As93GgkTdt4.004.mp4,1280,720,25.0,383,extraversion,high
104,4160,left_eye,495.9,249.7,604.3,340.5,779.9,402.2,915.4,515.7,As93GgkTdt4.004.mp4,1280,720,25.0,383,extraversion,high
104,4160,right_eye,668.3,247.1,775.5,337.5,995.3,398.9,1129.4,511.8,As93GgkTdt4.004.mp4,1280,720,25.0,383,extraversion,high
104,4160,nose,596.3,306.9,685.7,434.6,905.3,473.6,1017.1,633.2,As93GgkTdt4.004.mp4,1280,720,25.0,383,extraversion,high
104,4160,mouth,580.6,448.5,704.1,522.4,885.8,650.6,1040.1,743.0,As93GgkTdt4.004.mp4,1280,720,25.0,383,extraversion,high
104,4160,forehead,472.3,192.8,800.0,467.5,750.3,331.0,1160.0,674.4,As93GgkTdt4.004.mp4,1280,720,25.0,383,extraversion,high
104,4160,chin,475.7,344.1,799.6,571.2,754.6,520.1,1159.5,804.1,As93GgkTdt4.004.mp4,1280,720,25.0,383,extraversion,high
104,4160,left_cheek,487.8,356.1,586.6,483.4,769.8,535.1,893.2,694.3,As93GgkTdt4.004.mp4,1280,720,25.0,383,extraversion,high
104,4160,right_cheek,692.0,347.9,788.5,477.9,1025.0,524.8,1145.7,687.4,As93GgkTdt4.004.mp4,1280,720,25.0,383,extraversion,high
105,4200,left_eye,494.6,248.3,603.9,340.3,778.2,400.4,914.8,515.3,As93GgkTdt4.004.mp4,1280,720,25.0,383,extraversion,high
105,4200,right_eye,667.8,246.0,775.5,337.0,994.7,397.5,1129.4,511.2,As93GgkTdt4.004.mp4,1280,720,25.0,383,extraversion,high
105,4200,nose,595.4,306.2,685.6,432.8,904.3,472.7,1017.0,631.0,As93GgkTdt4.004.mp4,1280,720,25.0,383,extraversion,high
105,4200,mouth,578.0,447.0,704.9,521.2,882.5,648.8,1041.1,741.5,As93GgkTdt4.004.mp4,1280,720,25.0,383,extraversion,high
105,4200,forehead,471.0,192.9,799.9,467.6,748.8,331.1,1159.9,674.5,As93GgkTdt4.004.mp4,1280,720,25.0,383,extraversion,high
105,4200,chin,474.3,344.3,799.6,571.3,752.9,520.4,1159.5,804.1,As93GgkTdt4.004.mp4,1280,720,25.0,383,extraversion,high
105,4200,left_cheek,486.6,355.6,585.6,482.5,768.3,534.5,892.0,693.1,As93GgkTdt4.004.mp4,1280,720,25.0,383,extraversion,high
105,4200,right_cheek,691.7,347.8,788.5,477.4,1024.7,524.7,1145.6,686.7,As93GgkTdt4.004.mp4,1280,720,25.0,383,extraversion,high
106,4240,left_eye,493.1,246.1,602.4,339.5,776.3,397.6,913.0,514.4,As93GgkTdt4.004.mp4,1280,720,25.0,383,extraversion,high
106,4240,right_eye,668.4,244.6,776.6,335.9,995.5,395.7,1130.7,509.9,As93GgkTdt4.004.mp4,1280,720,25.0,383,extraversion,high
106,4240,nose,595.0,305.1,686.0,429.7,903.7,471.4,1017.4,627.1,As93GgkTdt4.004.mp4,1280,720,25.0,383,extraversion,high
106,4240,mouth,576.9,444.1,706.1,518.3,881.1,645.1,1042.7,737.8,As93GgkTdt4.004.mp4,1280,720,25.0,383,extraversion,high
106,4240,forehead,470.8,192.9,799.8,466.2,748.5,331.1,1159.8,672.8,As93GgkTdt4.004.mp4,1280,720,25.0,383,extraversion,high
106,4240,chin,474.0,344.0,799.5,571.2,752.5,520.0,1159.4,804.0,As93GgkTdt4.004.mp4,1280,720,25.0,383,extraversion,high
106,4240,left_cheek,486.5,353.9,585.4,479.7,768.2,532.4,891.8,689.7,As93GgkTdt4.004.mp4,1280,720,25.0,383,extraversion,high
106,4240,right_cheek,691.8,345.7,788.4,474.2,1024.7,522.1,1145.5,682.8,As93GgkTdt4.004.mp4,1280,720,25.0,383,extraversion,high
107,4280,left_eye,492.0,243.6,601.9,337.5,775.0,394.5,912.3,511.9,As93GgkTdt4.004.mp4,1280,720,25.0,383,extraversion,high
107,4280,right_eye,668.7,242.5,777.3,334.7,995.9,393.1,1131.6,508.4,As93GgkTdt4.004.mp4,1280,720,25.0,383,extraversion,high
107,4280,nose,593.9,303.3,686.0,425.8,902.4,469.1,1017.5,622.2,As93GgkTdt4.004.mp4,1280,720,25.0,383,extraversion,high
107,4280,mouth,576.0,440.3,706.3,515.8,880.0,640.4,1042.9,734.7,As93GgkTdt4.004.mp4,1280,720,25.0,383,extraversion,high
107,4280,forehead,469.7,191.8,799.8,463.1,747.1,329.8,1159.7,668.9,As93GgkTdt4.004.mp4,1280,720,25.0,383,extraversion,high
107,4280,chin,472.6,342.4,799.5,570.6,750.7,518.0,1159.4,803.2,As93GgkTdt4.004.mp4,1280,720,25.0,383,extraversion,high
107,4280,left_cheek,485.5,350.6,584.8,476.5,766.8,528.2,891.0,685.6,As93GgkTdt4.004.mp4,1280,720,25.0,383,extraversion,high
107,4280,right_cheek,691.8,343.2,788.4,471.4,1024.7,519.1,1145.5,679.3,As93GgkTdt4.004.mp4,1280,720,25.0,383,extraversion,high
108,4320,left_eye,492.4,240.7,602.4,334.4,775.5,390.8,913.0,508.1,As93GgkTdt4.004.mp4,1280,720,25.0,383,extraversion,high
108,4320,right_eye,670.0,240.6,778.2,331.8,997.5,390.7,1132.8,504.7,As93GgkTdt4.004.mp4,1280,720,25.0,383,extraversion,high
108,4320,nose,594.3,300.7,686.6,423.6,902.8,465.9,1018.3,619.5,As93GgkTdt4.004.mp4,1280,720,25.0,383,extraversion,high
108,4320,mouth,576.0,437.4,706.3,513.6,880.0,636.8,1042.9,732.0,As93GgkTdt4.004.mp4,1280,720,25.0,383,extraversion,high
108,4320,forehead,469.6,190.8,799.7,461.4,747.0,328.5,1159.6,666.8,As93GgkTdt4.004.mp4,1280,720,25.0,383,extraversion,high
108,4320,chin,472.5,341.6,799.5,569.3,750.6,517.0,1159.3,801.7,As93GgkTdt4.004.mp4,1280,720,25.0,383,extraversion,high
108,4320,left_cheek,485.7,348.2,584.9,474.3,767.1,525.3,891.2,682.9,As93GgkTdt4.004.mp4,1280,720,25.0,383,extraversion,high
108,4320,right_cheek,692.6,341.7,788.8,469.8,1025.7,517.1,1146.1,677.3,As93GgkTdt4.004.mp4,1280,720,25.0,383,extraversion,high
109,4360,left_eye,493.1,239.5,604.2,333.6,776.4,389.3,915.2,507.1,As93GgkTdt4.004.mp4,1280,720,25.0,383,extraversion,high
109,4360,right_eye,670.5,239.1,778.0,331.7,998.1,388.8,1132.5,504.6,As93GgkTdt4.004.mp4,1280,720,25.0,383,extraversion,high
109,4360,nose,594.5,299.4,686.6,422.5,903.2,464.3,1018.2,618.1,As93GgkTdt4.004.mp4,1280,720,25.0,383,extraversion,high
109,4360,mouth,576.1,437.6,705.0,512.2,880.1,637.0,1041.3,730.2,As93GgkTdt4.004.mp4,1280,720,25.0,383,extraversion,high
109,4360,forehead,469.7,190.4,798.7,461.1,747.2,328.1,1158.4,666.4,As93GgkTdt4.004.mp4,1280,720,25.0,383,extraversion,high
109,4360,chin,472.8,341.8,797.9,568.4,751.0,517.2,1157.4,800.5,As93GgkTdt4.004.mp4,1280,720,25.0,383,extraversion,high
109,4360,left_cheek,486.0,347.6,585.4,473.7,767.5,524.5,891.8,682.1,As93GgkTdt4.004.mp4,1280,720,25.0,383,extraversion,high
109,4360,right_cheek,692.6,342.0,788.7,470.0,1025.7,517.4,1145.8,677.5,As93GgkTdt4.004.mp4,1280,720,25.0,383,extraversion,high
110,4400,left_eye,493.7,239.2,605.8,333.3,777.1,389.0,917.2,506.6,As93GgkTdt4.004.mp4,1280,720,25.0,383,extraversion,high
110,4400,right_eye,670.5,238.2,777.0,331.7,998.2,387.8,1131.2,504.6,As93GgkTdt4.004.mp4,1280,720,25.0,383,extraversion,high
110,4400,nose,595.2,299.3,686.5,423.5,904.0,464.1,1018.1,619.3,As93GgkTdt4.004.mp4,1280,720,25.0,383,extraversion,high
110,4400,mouth,577.4,438.4,702.3,509.5,881.7,638.0,1037.9,726.9,As93GgkTdt4.004.mp4,1280,720,25.0,383,extraversion,high
110,4400,forehead,470.0,189.5,794.4,460.4,747.5,326.9,1153.1,665.6,As93GgkTdt4.004.mp4,1280,720,25.0,383,extraversion,high
110,4400,chin,473.0,341.3,793.3,568.1,751.2,516.6,1151.7,800.1,As93GgkTdt4.004.mp4,1280,720,25.0,383,extraversion,high
110,4400,left_cheek,486.4,347.5,586.2,474.6,768.0,524.3,892.8,683.3,As93GgkTdt4.004.mp4,1280,720,25.0,383,extraversion,high
110,4400,right_cheek,692.5,342.1,786.8,470.5,1025.7,517.6,1143.6,678.1,As93GgkTdt4.004.mp4,1280,720,25.0,383,extraversion,high
111,4440,left_eye,494.0,239.8,606.2,333.5,777.6,389.7,917.8,506.8,As93GgkTdt4.004.mp4,1280,720,25.0,383,extraversion,high
111,4440,right_eye,671.0,238.3,776.7,332.3,998.8,387.9,1130.8,505.4,As93GgkTdt4.004.mp4,1280,720,25.0,383,extraversion,high
111,4440,nose,596.3,299.8,686.3,423.6,905.4,464.7,1017.9,619.5,As93GgkTdt4.004.mp4,1280,720,25.0,383,extraversion,high
111,4440,mouth,581.0,446.5,699.4,504.7,886.2,648.1,1034.2,720.9,As93GgkTdt4.004.mp4,1280,720,25.0,383,extraversion,high
111,4440,forehead,469.6,189.3,792.0,460.3,747.0,326.6,1150.0,665.4,As93GgkTdt4.004.mp4,1280,720,25.0,383,extraversion,high
111,4440,chin,472.2,341.4,791.0,567.9,750.3,516.7,1148.7,799.8,As93GgkTdt4.004.mp4,1280,720,25.0,383,extraversion,high
111,4440,left_cheek,486.4,347.8,587.0,474.8,768.0,524.8,893.8,683.5,As93GgkTdt4.004.mp4,1280,720,25.0,383,extraversion,high
111,4440,right_cheek,692.5,342.6,785.6,471.8,1025.6,518.3,1142.0,679.7,As93GgkTdt4.004.mp4,1280,720,25.0,383,extraversion,high
112,4480,left_eye,494.7,239.5,607.1,333.1,778.4,389.4,918.9,506.4,As93GgkTdt4.004.mp4,1280,720,25.0,383,extraversion,high
112,4480,right_eye,672.2,238.1,777.2,332.3,1000.2,387.7,1131.5,505.4,As93GgkTdt4.004.mp4,1280,720,25.0,383,extraversion,high
112,4480,nose,597.5,299.8,685.8,423.9,906.9,464.8,1017.3,619.9,As93GgkTdt4.004.mp4,1280,720,25.0,383,extraversion,high
112,4480,mouth,583.6,450.7,698.4,501.8,889.6,653.4,1033.0,717.3,As93GgkTdt4.004.mp4,1280,720,25.0,383,extraversion,high
112,4480,forehead,469.4,187.9,792.8,459.4,746.8,324.9,1150.9,664.3,As93GgkTdt4.004.mp4,1280,720,25.0,383,extraversion,high
112,4480,chin,472.0,341.0,791.9,567.2,750.0,516.2,1149.9,799.0,As93GgkTdt4.004.mp4,1280,720,25.0,383,extraversion,high
112,4480,left_cheek,486.5,347.4,588.2,475.1,768.2,524.3,895.2,683.8,As93GgkTdt4.004.mp4,1280,720,25.0,383,extraversion,high
112,4480,right_cheek,692.6,342.7,785.6,472.6,1025.7,518.3,1142.0,680.7,As93GgkTdt4.004.mp4,1280,720,25.0,383,extraversion,high
113,4520,left_eye,495.3,239.3,608.3,333.1,779.2,389.1,920.4,506.4,As93GgkTdt4.004.mp4,1280,720,25.0,383,extraversion,high
113,4520,right_eye,673.5,237.9,777.8,332.6,1001.9,387.3,1132.2,505.8,As93GgkTdt4.004.mp4,1280,720,25.0,383,extraversion,high
113,4520,nose,598.9,299.9,685.9,424.0,908.6,464.9,1017.3,620.0,As93GgkTdt4.004.mp4,1280,720,25.0,383,extraversion,high
113,4520,mouth,585.9,455.0,697.5,501.7,892.4,658.7,1031.9,717.1,As93GgkTdt4.004.mp4,1280,720,25.0,383,extraversion,high
113,4520,forehead,469.5,187.9,793.2,459.2,746.8,324.8,1151.5,663.9,As93GgkTdt4.004.mp4,1280,720,25.0,383,extraversion,high
113,4520,chin,472.0,341.0,792.3,567.7,750.0,516.3,1150.4,799.6,As93GgkTdt4.004.mp4,1280,720,25.0,383,extraversion,high
113,4520,left_cheek,487.0,347.4,589.4,475.1,768.7,524.2,896.7,683.9,As93GgkTdt4.004.mp4,1280,720,25.0,383,extraversion,high
113,4520,right_cheek,692.8,343.1,785.7,473.7,1026.1,518.9,1142.1,682.2,As93GgkTdt4.004.mp4,1280,720,25.0,383,extraversion,high
114,4560,left_eye,496.1,239.4,609.5,333.2,780.1,389.3,921.8,506.6,As93GgkTdt4.004.mp4,1280,720,25.0,383,extraversion,high
114,4560,right_eye,674.9,238.0,778.6,333.4,1003.7,387.6,1133.3,506.8,As93GgkTdt4.004.mp4,1280,720,25.0,383,extraversion,high
114,4560,nose,600.0,300.0,686.2,426.0,910.0,465.0,1017.8,622.5,As93GgkTdt4.004.mp4,1280,720,25.0,383,extraversion,high
114,4560,mouth,587.1,458.0,697.7,503.1,893.9,662.5,1032.1,718.8,As93GgkTdt4.004.mp4,1280,720,25.0,383,extraversion,high
114,4560,forehead,469.4,187.7,793.5,459.4,746.7,324.7,1151.9,664.3,As93GgkTdt4.004.mp4,1280,720,25.0,383,extraversion,high
114,4560,chin,471.9,341.5,792.6,567.7,749.9,516.9,1150.7,799.7,As93GgkTdt4.004.mp4,1280,720,25.0,383,extraversion,high
114,4560,left_cheek,487.3,347.6,590.4,476.6,769.2,524.5,898.0,685.8,As93GgkTdt4.004.mp4,1280,720,25.0,383,extraversion,high
114,4560,right_cheek,693.6,344.3,786.1,475.9,1027.0,520.3,1142.6,684.8,As93GgkTdt4.004.mp4,1280,720,25.0,383,extraversion,high
115,4600,left_eye,496.5,239.4,610.1,333.2,780.7,389.2,922.6,506.5,As93GgkTdt4.004.mp4,1280,720,25.0,383,extraversion,high
115,4600,right_eye,675.4,237.9,778.9,333.5,1004.2,387.4,1133.6,506.9,As93GgkTdt4.004.mp4,1280,720,25.0,383,extraversion,high
115,4600,nose,600.2,300.0,686.4,426.0,910.3,465.1,1018.0,622.5,As93GgkTdt4.004.mp4,1280,720,25.0,383,extraversion,high
115,4600,mouth,586.6,456.8,697.9,503.3,893.2,661.0,1032.4,719.1,As93GgkTdt4.004.mp4,1280,720,25.0,383,extraversion,high
115,4600,forehead,469.4,187.3,793.7,459.5,746.7,324.2,1152.1,664.4,As93GgkTdt4.004.mp4,1280,720,25.0,383,extraversion,high
115,4600,chin,471.9,341.8,792.8,567.6,749.8,517.2,1151.0,799.5,As93GgkTdt4.004.mp4,1280,720,25.0,383,extraversion,high
115,4600,left_cheek,487.5,347.6,590.7,476.9,769.3,524.4,898.4,686.1,As93GgkTdt4.004.mp4,1280,720,25.0,383,extraversion,high
115,4600,right_cheek,693.9,344.6,786.5,476.4,1027.4,520.7,1143.1,685.5,As93GgkTdt4.004.mp4,1280,720,25.0,383,extraversion,high
116,4640,left_eye,496.9,238.9,610.3,332.7,781.1,388.6,922.9,505.9,As93GgkTdt4.004.mp4,1280,720,25.0,383,extraversion,high
116,4640,right_eye,675.6,237.3,779.0,333.2,1004.4,386.7,1133.7,506.5,As93GgkTdt4.004.mp4,1280,720,25.0,383,extraversion,high
116,4640,nose,600.2,299.5,686.5,426.0,910.3,464.4,1018.1,622.5,As93GgkTdt4.004.mp4,1280,720,25.0,383,extraversion,high
116,4640,mouth,584.0,455.7,698.8,501.4,890.1,659.6,1033.5,716.8,As93GgkTdt4.004.mp4,1280,720,25.0,383,extraversion,high
116,4640,forehead,469.4,186.3,793.8,458.9,746.8,322.9,1152.2,663.7,As93GgkTdt4.004.mp4,1280,720,25.0,383,extraversion,high
116,4640,chin,471.8,341.6,792.8,567.2,749.8,517.1,1151.0,799.1,As93GgkTdt4.004.mp4,1280,720,25.0,383,extraversion,high
116,4640,left_cheek,487.6,346.9,590.8,476.9,769.5,523.6,898.5,686.1,As93GgkTdt4.004.mp4,1280,720,25.0,383,extraversion,high
116,4640,right_cheek,694.1,344.4,786.5,476.3,1027.6,520.5,1143.1,685.3,As93GgkTdt4.004.mp4,1280,720,25.0,383,extraversion,high
117,4680,left_eye,497.1,238.1,610.4,331.8,781.4,387.7,923.0,504.8,As93GgkTdt4.004.mp4,1280,720,25.0,383,extraversion,high
117,4680,right_eye,675.5,236.1,778.9,332.5,1004.4,385.1,1133.6,505.6,As93GgkTdt4.004.mp4,1280,720,25.0,383,extraversion,high
117,4680,nose,600.2,298.6,686.5,425.5,910.3,463.3,1018.2,621.9,As93GgkTdt4.004.mp4,1280,720,25.0,383,extraversion,high
117,4680,mouth,581.8,455.2,700.1,500.1,887.2,659.1,1035.2,715.1,As93GgkTdt4.004.mp4,1280,720,25.0,383,extraversion,high
117,4680,forehead,469.4,185.1,793.7,458.6,746.8,321.4,1152.1,663.3,As93GgkTdt4.004.mp4,1280,720,25.0,383,extraversion,high
117,4680,chin,471.8,341.1,792.7,567.3,749.8,516.4,1150.8,799.1,As93GgkTdt4.004.mp4,1280,720,25.0,383,extraversion,high
117,4680,left_cheek,487.6,346.2,590.8,476.6,769.6,522.8,898.5,685.7,As93GgkTdt4.004.mp4,1280,720,25.0,383,extraversion,high
117,4680,right_cheek,694.1,343.7,786.5,475.6,1027.6,519.7,1143.1,684.5,As93GgkTdt4.004.mp4,1280,720,25.0,383,extraversion,high
118,4720,left_eye,497.2,237.8,610.4,331.2,781.5,387.3,923.0,504.0,As93GgkTdt4.004.mp4,1280,720,25.0,383,extraversion,high
118,4720,right_eye,675.4,235.3,778.9,331.7,1004.3,384.2,1133.6,504.6,As93GgkTdt4.004.mp4,1280,720,25.0,383,extraversion,high
118,4720,nose,600.2,297.8,686.7,424.7,910.2,462.3,1018.3,620.8,As93GgkTdt4.004.mp4,1280,720,25.0,383,extraversion,high
118,4720,mouth,580.4,453.5,701.3,500.2,885.5,656.8,1036.6,715.2,As93GgkTdt4.004.mp4,1280,720,25.0,383,extraversion,high
118,4720,forehead,469.5,184.4,793.8,458.3,746.8,320.5,1152.2,662.8,As93GgkTdt4.004.mp4,1280,720,25.0,383,extraversion,high
118,4720,chin,471.9,340.6,792.7,566.6,749.8,515.7,1150.9,798.3,As93GgkTdt4.004.mp4,1280,720,25.0,383,extraversion,high
118,4720,left_cheek,487.6,345.7,590.8,476.2,769.6,522.2,898.5,685.2,As93GgkTdt4.004.mp4,1280,720,25.0,383,extraversion,high
118,4720,right_cheek,694.2,343.0,786.6,474.8,1027.8,518.8,1143.3,683.5,As93GgkTdt4.004.mp4,1280,720,25.0,383,extraversion,high
119,4760,left_eye,497.3,237.6,610.5,330.7,781.6,387.0,923.1,503.4,As93GgkTdt4.004.mp4,1280,720,25.0,383,extraversion,high
119,4760,right_eye,675.9,234.5,778.9,331.7,1004.9,383.2,1133.6,504.6,As93GgkTdt4.004.mp4,1280,720,25.0,383,extraversion,high
119,4760,nose,600.2,297.6,687.1,423.8,910.3,462.0,1018.9,619.7,As93GgkTdt4.004.mp4,1280,720,25.0,383,extraversion,high
119,4760,mouth,579.8,452.0,702.0,508.0,884.8,655.0,1037.5,725.0,As93GgkTdt4.004.mp4,1280,720,25.0,383,extraversion,high
119,4760,forehead,469.3,184.5,793.4,458.2,746.6,320.7,1151.7,662.7,As93GgkTdt4.004.mp4,1280,720,25.0,383,extraversion,high
119,4760,chin,471.8,340.6,791.9,567.1,749.7,515.7,1149.9,798.8,As93GgkTdt4.004.mp4,1280,720,25.0,383,extraversion,high
119,4760,left_cheek,487.7,345.6,590.8,476.1,769.6,521.9,898.5,685.2,As93GgkTdt4.004.mp4,1280,720,25.0,383,extraversion,high
119,4760,right_cheek,694.5,343.0,786.6,474.7,1028.1,518.7,1143.2,683.4,As93GgkTdt4.004.mp4,1280,720,25.0,383,extraversion,high
120,4800,left_eye,497.5,237.6,610.6,330.6,781.8,387.0,923.2,503.2,As93GgkTdt4.004.mp4,1280,720,25.0,383,extraversion,high
120,4800,right_eye,675.9,234.5,778.7,331.5,1004.9,383.1,1133.4,504.4,As93GgkTdt4.004.mp4,1280,720,25.0,383,extraversion,high
120,4800,nose,600.6,297.5,687.5,423.0,910.8,461.8,1019.3,618.8,As93GgkTdt4.004.mp4,1280,720,25.0,383,extraversion,high
120,4800,mouth,579.9,449.6,702.3,511.2,884.9,652.0,1037.9,729.0,As93GgkTdt4.004.mp4,1280,720,25.0,383,extraversion,high
120,4800,forehead,469.2,184.6,792.2,458.3,746.6,320.8,1150.2,662.9,As93GgkTdt4.004.mp4,1280,720,25.0,383,extraversion,high
120,4800,chin,471.7,340.6,790.5,567.2,749.6,515.8,1148.1,799.0,As93GgkTdt4.004.mp4,1280,720,25.0,383,extraversion,high
120,4800,left_cheek,487.9,345.6,591.0,476.2,769.9,522.1,898.7,685.2,As93GgkTdt4.004.mp4,1280,720,25.0,383,extraversion,high
120,4800,right_cheek,694.6,342.9,786.2,474.6,1028.2,518.6,1142.8,683.3,As93GgkTdt4.004.mp4,1280,720,25.0,383,extraversion,high
121,4840,left_eye,497.8,237.7,610.8,330.6,782.2,387.1,923.5,503.2,As93GgkTdt4.004.mp4,1280,720,25.0,383,extraversion,high
121,4840,right_eye,676.0,234.5,778.7,331.3,1005.0,383.1,1133.4,504.1,As93GgkTdt4.004.mp4,1280,720,25.0,383,extraversion,high
121,4840,nose,600.8,297.3,687.6,421.9,911.1,461.6,1019.5,617.4,As93GgkTdt4.004.mp4,1280,720,25.0,383,extraversion,high
121,4840,mouth,579.9,446.8,702.5,510.9,884.9,648.5,1038.2,728.7,As93GgkTdt4.004.mp4,1280,720,25.0,383,extraversion,high
121,4840,forehead,469.3,184.7,792.3,458.3,746.6,320.8,1150.3,662.9,As93GgkTdt4.004.mp4,1280,720,25.0,383,extraversion,high
121,4840,chin,471.7,340.7,790.7,566.8,749.7,515.8,1148.4,798.6,As93GgkTdt4.004.mp4,1280,720,25.0,383,extraversion,high
121,4840,left_cheek,488.3,345.7,591.2,476.0,770.3,522.1,899.0,685.0,As93GgkTdt4.004.mp4,1280,720,25.0,383,extraversion,high
121,4840,right_cheek,694.7,342.8,786.3,474.1,1028.4,518.4,1142.8,682.7,As93GgkTdt4.004.mp4,1280,720,25.0,383,extraversion,high
122,4880,left_eye,497.9,237.7,610.9,330.5,782.3,387.2,923.6,503.1,As93GgkTdt4.004.mp4,1280,720,25.0,383,extraversion,high
122,4880,right_eye,676.0,234.4,778.6,331.1,1004.9,383.1,1133.3,503.9,As93GgkTdt4.004.mp4,1280,720,25.0,383,extraversion,high
122,4880,nose,601.2,297.1,687.9,421.0,911.5,461.4,1019.9,616.2,As93GgkTdt4.004.mp4,1280,720,25.0,383,extraversion,high
122,4880,mouth,580.0,444.1,703.0,510.4,885.0,645.2,1038.7,728.0,As93GgkTdt4.004.mp4,1280,720,25.0,383,extraversion,high
122,4880,forehead,469.3,185.0,791.7,458.5,746.6,321.3,1149.6,663.1,As93GgkTdt4.004.mp4,1280,720,25.0,383,extraversion,high
122,4880,chin,471.8,340.8,790.0,566.9,749.7,516.0,1147.5,798.6,As93GgkTdt4.004.mp4,1280,720,25.0,383,extraversion,high
122,4880,left_cheek,488.6,345.7,591.4,475.8,770.8,522.2,899.3,684.8,As93GgkTdt4.004.mp4,1280,720,25.0,383,extraversion,high
122,4880,right_cheek,694.8,342.6,786.0,473.5,1028.5,518.3,1142.6,681.8,As93GgkTdt4.004.mp4,1280,720,25.0,383,extraversion,high
123,4920,left_eye,498.0,238.0,611.1,330.5,782.5,387.5,923.9,503.1,As93GgkTdt4.004.mp4,1280,720,25.0,383,extraversion,high
123,4920,right_eye,676.0,234.4,778.6,330.9,1005.0,383.0,1133.2,503.6,As93GgkTdt4.004.mp4,1280,720,25.0,383,extraversion,high
123,4920,nose,601.4,297.0,688.4,419.9,911.8,461.3,1020.5,614.9,As93GgkTdt4.004.mp4,1280,720,25.0,383,extraversion,high
123,4920,mouth,580.0,442.3,703.3,510.2,885.0,642.9,1039.2,727.7,As93GgkTdt4.004.mp4,1280,720,25.0,383,extraversion,high
123,4920,forehead,469.3,185.5,791.8,458.5,746.7,321.8,1149.7,663.1,As93GgkTdt4.004.mp4,1280,720,25.0,383,extraversion,high
123,4920,chin,471.8,340.8,790.1,566.6,749.7,516.0,1147.6,798.2,As93GgkTdt4.004.mp4,1280,720,25.0,383,extraversion,high
123,4920,left_cheek,488.9,345.8,591.6,475.3,771.1,522.2,899.5,684.2,As93GgkTdt4.004.mp4,1280,720,25.0,383,extraversion,high
123,4920,right_cheek,695.0,342.3,786.0,472.5,1028.8,517.9,1142.5,680.7,As93GgkTdt4.004.mp4,1280,720,25.0,383,extraversion,high
124,4960,left_eye,498.0,238.6,611.3,330.4,782.5,388.3,924.2,503.0,As93GgkTdt4.004.mp4,1280,720,25.0,383,extraversion,high
124,4960,right_eye,676.0,234.4,778.8,330.7,1005.0,383.0,1133.5,503.3,As93GgkTdt4.004.mp4,1280,720,25.0,383,extraversion,high
124,4960,nose,601.6,297.0,688.5,419.4,912.0,461.3,1020.6,614.3,As93GgkTdt4.004.mp4,1280,720,25.0,383,extraversion,high
124,4960,mouth,579.7,441.2,703.9,510.0,884.7,641.5,1039.9,727.5,As93GgkTdt4.004.mp4,1280,720,25.0,383,extraversion,high
124,4960,forehead,469.3,185.8,792.3,458.5,746.7,322.2,1150.3,663.2,As93GgkTdt4.004.mp4,1280,720,25.0,383,extraversion,high
124,4960,chin,471.8,340.8,790.5,566.1,749.7,516.0,1148.1,797.6,As93GgkTdt4.004.mp4,1280,720,25.0,383,extraversion,high
124,4960,left_cheek,488.9,345.8,591.7,474.9,771.2,522.2,899.6,683.7,As93GgkTdt4.004.mp4,1280,720,25.0,383,extraversion,high
124,4960,right_cheek,695.1,342.0,786.2,471.8,1028.9,517.5,1142.7,679.8,As93GgkTdt4.004.mp4,1280,720,25.0,383,extraversion,high
125,5000,left_eye,497.8,239.0,611.2,330.2,782.2,388.7,924.0,502.7,As93GgkTdt4.004.mp4,1280,720,25.0,383,extraversion,high
125,5000,right_eye,675.6,234.2,778.0,330.3,1004.5,382.8,1132.6,502.9,As93GgkTdt4.004.mp4,1280,720,25.0,383,extraversion,high
125,5000,nose,601.5,296.9,688.5,418.9,911.9,461.1,1020.6,613.7,As93GgkTdt4.004.mp4,1280,720,25.0,383,extraversion,high
125,5000,mouth,579.2,440.6,703.8,508.6,884.1,640.7,1039.8,725.7,As93GgkTdt4.004.mp4,1280,720,25.0,383,extraversion,high
125,5000,forehead,469.0,185.9,791.1,458.6,746.3,322.4,1148.9,663.2,As93GgkTdt4.004.mp4,1280,720,25.0,383,extraversion,high
125,5000,chin,471.4,340.8,789.5,565.9,749.3,516.0,1146.8,797.4,As93GgkTdt4.004.mp4,1280,720,25.0,383,extraversion,high
125,5000,left_cheek,488.8,345.7,591.5,474.6,771.0,522.2,899.4,683.2,As93GgkTdt4.004.mp4,1280,720,25.0,383,extraversion,high
125,5000,right_cheek,694.9,341.7,785.3,471.3,1028.7,517.1,1141.7,679.1,As93GgkTdt4.004.mp4,1280,720,25.0,383,extraversion,high
126,5040,left_eye,496.9,239.3,610.5,330.0,781.1,389.2,923.2,502.4,As93GgkTdt4.004.mp4,1280,720,25.0,383,extraversion,high
126,5040,right_eye,675.0,233.8,777.0,329.7,1003.7,382.3,1131.2,502.2,As93GgkTdt4.004.mp4,1280,720,25.0,383,extraversion,high
126,5040,nose,601.0,296.6,688.0,418.5,911.2,460.8,1020.0,613.1,As93GgkTdt4.004.mp4,1280,720,25.0,383,extraversion,high
126,5040,mouth,578.2,439.8,703.7,507.4,882.8,639.8,1039.7,724.2,As93GgkTdt4.004.mp4,1280,720,25.0,383,extraversion,high
126,5040,forehead,468.0,185.9,790.4,458.6,745.0,322.4,1148.0,663.2,As93GgkTdt4.004.mp4,1280,720,25.0,383,extraversion,high
126,5040,chin,470.4,340.3,788.8,565.1,748.0,515.4,1146.0,796.4,As93GgkTdt4.004.mp4,1280,720,25.0,383,extraversion,high
126,5040,left_cheek,488.2,345.7,590.9,474.2,770.2,522.1,898.6,682.8,As93GgkTdt4.004.mp4,1280,720,25.0,383,extraversion,high
126,5040,right_cheek,694.3,340.9,784.5,470.3,1027.8,516.1,1140.7,677.9,As93GgkTdt4.004.mp4,1280,720,25.0,383,extraversion,high
127,5080,left_eye,495.5,239.8,609.1,329.9,779.4,389.7,921.4,502.3,As93GgkTdt4.004.mp4,1280,720,25.0,383,extraversion,high
127,5080,right_eye,673.6,233.2,775.2,329.6,1002.1,381.5,1129.0,502.0,As93GgkTdt4.004.mp4,1280,720,25.0,383,extraversion,high
127,5080,nose,600.1,296.6,686.9,418.1,910.1,460.7,1018.6,612.6,As93GgkTdt4.004.mp4,1280,720,25.0,383,extraversion,high
127,5080,mouth,576.9,439.2,702.7,505.6,881.1,639.0,1038.4,722.0,As93GgkTdt4.004.mp4,1280,720,25.0,383,extraversion,high
127,5080,forehead,467.1,186.0,788.8,458.8,743.8,322.4,1146.0,663.5,As93GgkTdt4.004.mp4,1280,720,25.0,383,extraversion,high
127,5080,chin,469.5,339.9,787.3,563.8,746.9,514.9,1144.1,794.8,As93GgkTdt4.004.mp4,1280,720,25.0,383,extraversion,high
127,5080,left_cheek,487.3,345.8,589.9,474.1,769.1,522.2,897.3,682.6,As93GgkTdt4.004.mp4,1280,720,25.0,383,extraversion,high
127,5080,right_cheek,693.0,340.3,782.9,469.6,1026.2,515.3,1138.6,676.9,As93GgkTdt4.004.mp4,1280,720,25.0,383,extraversion,high
128,5120,left_eye,495.4,242.2,608.9,329.9,779.2,392.8,921.2,502.4,As93GgkTdt4.004.mp4,1280,720,25.0,383,extraversion,high
128,5120,right_eye,673.1,233.2,775.1,329.5,1001.4,381.6,1128.9,501.9,As93GgkTdt4.004.mp4,1280,720,25.0,383,extraversion,high
128,5120,nose,599.4,296.6,686.7,417.9,909.3,460.8,1018.4,612.4,As93GgkTdt4.004.mp4,1280,720,25.0,383,extraversion,high
128,5120,mouth,576.4,438.6,702.6,504.9,880.5,638.3,1038.3,721.1,As93GgkTdt4.004.mp4,1280,720,25.0,383,extraversion,high
128,5120,forehead,467.1,186.4,789.0,459.6,743.8,323.0,1146.2,664.5,As93GgkTdt4.004.mp4,1280,720,25.0,383,extraversion,high
128,5120,chin,469.6,339.9,787.5,563.7,747.0,514.9,1144.4,794.6,As93GgkTdt4.004.mp4,1280,720,25.0,383,extraversion,high
128,5120,left_cheek,487.2,346.4,589.5,474.1,769.0,523.0,896.8,682.6,As93GgkTdt4.004.mp4,1280,720,25.0,383,extraversion,high
128,5120,right_cheek,692.7,340.2,782.8,469.2,1025.9,515.2,1138.5,676.5,As93GgkTdt4.004.mp4,1280,720,25.0,383,extraversion,high
129,5160,left_eye,494.8,244.9,608.5,330.5,778.5,396.2,920.7,503.1,As93GgkTdt4.004.mp4,1280,720,25.0,383,extraversion,high
129,5160,right_eye,672.5,233.7,774.5,329.8,1000.7,382.1,1128.1,502.2,As93GgkTdt4.004.mp4,1280,720,25.0,383,extraversion,high
129,5160,nose,598.8,297.3,686.2,418.1,908.5,461.6,1017.8,612.6,As93GgkTdt4.004.mp4,1280,720,25.0,383,extraversion,high
129,5160,mouth,575.8,439.1,702.1,504.3,879.7,638.8,1037.7,720.4,As93GgkTdt4.004.mp4,1280,720,25.0,383,extraversion,high
129,5160,forehead,466.8,187.6,788.1,460.6,743.5,324.6,1145.1,665.8,As93GgkTdt4.004.mp4,1280,720,25.0,383,extraversion,high
129,5160,chin,469.4,339.9,786.6,563.7,746.7,514.9,1143.3,794.7,As93GgkTdt4.004.mp4,1280,720,25.0,383,extraversion,high
129,5160,left_cheek,486.9,347.5,589.0,474.2,768.6,524.4,896.2,682.8,As93GgkTdt4.004.mp4,1280,720,25.0,383,extraversion,high
129,5160,right_cheek,692.1,340.2,781.9,469.3,1025.2,515.2,1137.4,676.6,As93GgkTdt4.004.mp4,1280,720,25.0,383,extraversion,high
130,5200,left_eye,494.9,246.6,608.4,331.5,778.6,398.2,920.5,504.4,As93GgkTdt4.004.mp4,1280,720,25.0,383,extraversion,high
130,5200,right_eye,672.5,234.3,774.6,330.1,1000.6,382.9,1128.2,502.6,As93GgkTdt4.004.mp4,1280,720,25.0,383,extraversion,high
130,5200,nose,598.6,298.1,686.2,418.2,908.3,462.6,1017.7,612.7,As93GgkTdt4.004.mp4,1280,720,25.0,383,extraversion,high
130,5200,mouth,575.9,439.3,702.1,504.3,879.9,639.2,1037.7,720.4,As93GgkTdt4.004.mp4,1280,720,25.0,383,extraversion,high
130,5200,forehead,466.8,188.7,788.2,461.8,743.5,325.9,1145.2,667.3,As93GgkTdt4.004.mp4,1280,720,25.0,383,extraversion,high
130,5200,chin,469.4,340.0,786.7,563.8,746.7,515.1,1143.4,794.7,As93GgkTdt4.004.mp4,1280,720,25.0,383,extraversion,high
130,5200,left_cheek,486.9,348.8,588.9,474.6,768.7,526.0,896.1,683.2,As93GgkTdt4.004.mp4,1280,720,25.0,383,extraversion,high
130,5200,right_cheek,692.1,340.2,782.1,469.3,1025.1,515.3,1137.6,676.6,As93GgkTdt4.004.mp4,1280,720,25.0,383,extraversion,high
131,5240,left_eye,494.6,247.6,608.3,332.7,778.3,399.5,920.4,505.9,As93GgkTdt4.004.mp4,1280,720,25.0,383,extraversion,high
131,5240,right_eye,672.3,234.8,774.7,330.9,1000.4,383.5,1128.3,503.6,As93GgkTdt4.004.mp4,1280,720,25.0,383,extraversion,high
131,5240,nose,598.4,299.0,686.0,418.3,907.9,463.7,1017.5,612.9,As93GgkTdt4.004.mp4,1280,720,25.0,383,extraversion,high
131,5240,mouth,576.0,439.5,701.6,504.4,880.0,639.4,1037.0,720.5,As93GgkTdt4.004.mp4,1280,720,25.0,383,extraversion,high
131,5240,forehead,466.8,190.0,788.2,463.0,743.5,327.5,1145.3,668.7,As93GgkTdt4.004.mp4,1280,720,25.0,383,extraversion,high
131,5240,chin,469.4,340.9,786.7,564.1,746.8,516.1,1143.4,795.1,As93GgkTdt4.004.mp4,1280,720,25.0,383,extraversion,high
131,5240,left_cheek,486.9,349.9,588.7,475.1,768.6,527.3,895.9,683.9,As93GgkTdt4.004.mp4,1280,720,25.0,383,extraversion,high
131,5240,right_cheek,692.0,340.7,782.2,469.4,1025.0,515.9,1137.8,676.8,As93GgkTdt4.004.mp4,1280,720,25.0,383,extraversion,high
132,5280,left_eye,494.7,248.4,608.3,333.5,778.3,400.5,920.4,506.9,As93GgkTdt4.004.mp4,1280,720,25.0,383,extraversion,high
132,5280,right_eye,672.4,235.3,774.8,331.3,1000.5,384.1,1128.6,504.2,As93GgkTdt4.004.mp4,1280,720,25.0,383,extraversion,high
132,5280,nose,598.5,299.8,685.9,418.4,908.1,464.7,1017.4,613.0,As93GgkTdt4.004.mp4,1280,720,25.0,383,extraversion,high
132,5280,mouth,578.2,439.4,701.2,504.5,882.8,639.2,1036.5,720.6,As93GgkTdt4.004.mp4,1280,720,25.0,383,extraversion,high
132,5280,forehead,467.3,190.7,789.3,463.5,744.1,328.4,1146.7,669.4,As93GgkTdt4.004.mp4,1280,720,25.0,383,extraversion,high
132,5280,chin,470.1,341.0,788.0,564.1,747.6,516.2,1144.9,795.1,As93GgkTdt4.004.mp4,1280,720,25.0,383,extraversion,high
132,5280,left_cheek,487.2,350.4,588.8,475.2,769.0,528.0,896.0,684.1,As93GgkTdt4.004.mp4,1280,720,25.0,383,extraversion,high
132,5280,right_cheek,692.0,340.8,782.3,469.4,1025.0,516.0,1137.9,676.7,As93GgkTdt4.004.mp4,1280,720,25.0,383,extraversion,high
133,5320,left_eye,494.7,248.7,608.3,333.4,778.4,400.9,920.4,506.8,As93GgkTdt4.004.mp4,1280,720,25.0,383,extraversion,high
133,5320,right_eye,672.5,235.6,775.3,331.3,1000.6,384.5,1129.2,504.1,As93GgkTdt4.004.mp4,1280,720,25.0,383,extraversion,high
133,5320,nose,598.5,299.9,686.0,418.4,908.2,464.9,1017.4,613.0,As93GgkTdt4.004.mp4,1280,720,25.0,383,extraversion,high
133,5320,mouth,578.8,439.0,701.2,506.3,883.6,638.8,1036.6,722.9,As93GgkTdt4.004.mp4,1280,720,25.0,383,extraversion,high
133,5320,forehead,467.7,190.8,790.6,463.3,744.6,328.5,1148.3,669.2,As93GgkTdt4.004.mp4,1280,720,25.0,383,extraversion,high
133,5320,chin,470.5,340.8,789.3,564.2,748.1,516.1,1146.6,795.2,As93GgkTdt4.004.mp4,1280,720,25.0,383,extraversion,high
133,5320,left_cheek,487.3,350.3,588.8,475.2,769.1,527.9,896.0,684.0,As93GgkTdt4.004.mp4,1280,720,25.0,383,extraversion,high
133,5320,right_cheek,692.1,340.7,783.0,469.2,1025.1,515.9,1138.7,676.4,As93GgkTdt4.004.mp4,1280,720,25.0,383,extraversion,high
134,5360,left_eye,494.5,249.7,608.0,333.4,778.1,402.1,920.0,506.7,As93GgkTdt4.004.mp4,1280,720,25.0,383,extraversion,high
134,5360,right_eye,672.4,235.9,775.4,331.2,1000.5,384.9,1129.2,504.1,As93GgkTdt4.004.mp4,1280,720,25.0,383,extraversion,high
134,5360,nose,598.3,300.4,685.8,419.4,907.9,465.6,1017.2,614.3,As93GgkTdt4.004.mp4,1280,720,25.0,383,extraversion,high
134,5360,mouth,578.8,439.1,701.2,509.0,883.5,638.9,1036.5,726.2,As93GgkTdt4.004.mp4,1280,720,25.0,383,extraversion,high
134,5360,forehead,467.4,190.9,790.7,463.2,744.2,328.6,1148.3,669.0,As93GgkTdt4.004.mp4,1280,720,25.0,383,extraversion,high
134,5360,chin,470.3,340.2,789.4,564.5,747.8,515.3,1146.7,795.6,As93GgkTdt4.004.mp4,1280,720,25.0,383,extraversion,high
134,5360,left_cheek,487.0,350.5,588.7,475.4,768.8,528.1,895.8,684.3,As93GgkTdt4.004.mp4,1280,720,25.0,383,extraversion,high
134,5360,right_cheek,692.0,340.6,783.0,469.1,1024.9,515.7,1138.7,676.4,As93GgkTdt4.004.mp4,1280,720,25.0,383,extraversion,high
135,5400,left_eye,494.2,252.4,607.8,334.5,777.7,405.5,919.7,508.1,As93GgkTdt4.004.mp4,1280,720,25.0,383,extraversion,high
135,5400,right_eye,672.3,238.2,775.4,331.8,1000.4,387.8,1129.2,504.8,As93GgkTdt4.004.mp4,1280,720,25.0,383,extraversion,high
135,5400,nose,597.7,302.7,685.6,422.7,907.2,468.3,1016.9,618.3,As93GgkTdt4.004.mp4,1280,720,25.0,383,extraversion,high
135,5400,mouth,578.6,440.6,701.1,512.1,883.3,640.8,1036.4,730.1,As93GgkTdt4.004.mp4,1280,720,25.0,383,extraversion,high
135,5400,forehead,467.1,192.3,790.7,463.3,743.9,330.4,1148.4,669.2,As93GgkTdt4.004.mp4,1280,720,25.0,383,extraversion,high
135,5400,chin,470.1,340.2,789.4,565.6,747.7,515.3,1146.8,797.0,As93GgkTdt4.004.mp4,1280,720,25.0,383,extraversion,high
135,5400,left_cheek,486.7,351.7,588.3,476.7,768.4,529.6,895.4,685.9,As93GgkTdt4.004.mp4,1280,720,25.0,383,extraversion,high
135,5400,right_cheek,691.8,341.1,783.0,469.8,1024.7,516.4,1138.8,677.3,As93GgkTdt4.004.mp4,1280,720,25.0,383,extraversion,high
136,5440,left_eye,493.9,252.4,607.3,334.7,777.4,405.6,919.1,508.4,As93GgkTdt4.004.mp4,1280,720,25.0,383,extraversion,high
136,5440,right_eye,672.3,238.9,775.4,332.0,1000.3,388.6,1129.2,504.9,As93GgkTdt4.004.mp4,1280,720,25.0,383,extraversion,high
136,5440,nose,597.3,303.2,685.3,423.9,906.6,469.0,1016.6,619.9,As93GgkTdt4.004.mp4,1280,720,25.0,383,extraversion,high
136,5440,mouth,578.5,441.5,700.7,512.9,883.1,641.8,1035.9,731.1,As93GgkTdt4.004.mp4,1280,720,25.0,383,extraversion,high
136,5440,forehead,466.9,192.5,790.8,463.1,743.6,330.7,1148.5,668.9,As93GgkTdt4.004.mp4,1280,720,25.0,383,extraversion,high
136,5440,chin,470.0,339.8,789.5,565.6,747.5,514.8,1146.9,797.0,As93GgkTdt4.004.mp4,1280,720,25.0,383,extraversion,high
136,5440,left_cheek,486.4,351.7,588.0,476.8,768.1,529.6,895.1,686.0,As93GgkTdt4.004.mp4,1280,720,25.0,383,extraversion,high
136,5440,right_cheek,691.6,341.1,783.0,469.9,1024.5,516.4,1138.8,677.3,As93GgkTdt4.004.mp4,1280,720,25.0,383,extraversion,high
137,5480,left_eye,493.9,252.3,607.3,334.6,777.4,405.3,919.1,508.2,As93GgkTdt4.004.mp4,1280,720,25.0,383,extraversion,high
137,5480,right_eye,672.5,239.1,775.8,332.0,1000.6,388.9,1129.7,505.0,As93GgkTdt4.004.mp4,1280,720,25.0,383,extraversion,high
137,5480,nose,597.3,303.4,685.3,424.5,906.7,469.3,1016.6,620.7,As93GgkTdt4.004.mp4,1280,720,25.0,383,extraversion,high
137,5480,mouth,578.5,442.2,700.7,513.1,883.1,642.7,1035.9,731.3,As93GgkTdt4.004.mp4,1280,720,25.0,383,extraversion,high
137,5480,forehead,467.0,192.4,791.1,461.9,743.7,330.6,1148.8,667.3,As93GgkTdt4.004.mp4,1280,720,25.0,383,extraversion,high
137,5480,chin,470.0,339.1,789.6,565.6,747.5,513.9,1147.1,797.0,As93GgkTdt4.004.mp4,1280,720,25.0,383,extraversion,high
137,5480,left_cheek,486.4,351.7,588.1,476.8,768.1,529.6,895.1,686.0,As93GgkTdt4.004.mp4,1280,720,25.0,383,extraversion,high
137,5480,right_cheek,691.6,341.1,783.2,469.9,1024.5,516.4,1139.1,677.4,As93GgkTdt4.004.mp4,1280,720,25.0,383,extraversion,high
138,5520,left_eye,494.2,252.1,607.7,334.6,777.7,405.2,919.6,508.2,As93GgkTdt4.004.mp4,1280,720,25.0,383,extraversion,high
138,5520,right_eye,673.2,239.2,776.5,332.0,1001.5,389.1,1130.7,505.0,As93GgkTdt4.004.mp4,1280,720,25.0,383,extraversion,high
138,5520,nose,597.5,303.6,685.7,424.9,906.9,469.5,1017.1,621.1,As93GgkTdt4.004.mp4,1280,720,25.0,383,extraversion,high
138,5520,mouth,578.6,442.6,700.9,512.9,883.3,643.2,1036.1,731.1,As93GgkTdt4.004.mp4,1280,720,25.0,383,extraversion,high
138,5520,forehead,467.1,192.4,791.6,460.4,743.9,330.5,1149.5,665.5,As93GgkTdt4.004.mp4,1280,720,25.0,383,extraversion,high
138,5520,chin,470.2,338.2,790.2,565.6,747.8,512.7,1147.8,797.0,As93GgkTdt4.004.mp4,1280,720,25.0,383,extraversion,high
138,5520,left_cheek,486.7,351.4,588.5,476.6,768.3,529.3,895.6,685.8,As93GgkTdt4.004.mp4,1280,720,25.0,383,extraversion,high
138,5520,right_cheek,692.0,341.0,784.0,469.8,1025.1,516.2,1140.0,677.2,As93GgkTdt4.004.mp4,1280,720,25.0,383,extraversion,high
139,5560,left_eye,494.5,253.9,608.3,335.1,778.1,407.4,920.4,508.9,As93GgkTdt4.004.mp4,1280,720,25.0,383,extraversion,high
139,5560,right_eye,673.7,241.3,777.2,332.9,1002.1,391.6,1131.5,506.2,As93GgkTdt4.004.mp4,1280,720,25.0,383,extraversion,high
139,5560,nose,597.5,305.4,685.8,427.2,906.9,471.8,1017.3,623.9,As93GgkTdt4.004.mp4,1280,720,25.0,383,extraversion,high
139,5560,mouth,578.6,444.3,701.0,514.0,883.2,645.4,1036.2,732.5,As93GgkTdt4.004.mp4,1280,720,25.0,383,extraversion,high
139,5560,forehead,467.2,193.7,792.2,460.3,744.0,332.2,1150.2,665.3,As93GgkTdt4.004.mp4,1280,720,25.0,383,extraversion,high
139,5560,chin,470.3,338.2,790.8,565.9,747.9,512.8,1148.5,797.4,As93GgkTdt4.004.mp4,1280,720,25.0,383,extraversion,high
139,5560,left_cheek,486.7,351.6,588.6,476.9,768.4,529.6,895.8,686.1,As93GgkTdt4.004.mp4,1280,720,25.0,383,extraversion,high
139,5560,right_cheek,692.3,341.8,784.6,470.3,1025.3,517.3,1140.8,677.9,As93GgkTdt4.004.mp4,1280,720,25.0,383,extraversion,high
140,5600,left_eye,494.5,255.1,608.5,336.2,778.2,408.9,920.6,510.3,As93GgkTdt4.004.mp4,1280,720,25.0,383,extraversion,high
140,5600,right_eye,673.8,242.2,777.5,333.8,1002.3,392.8,1131.9,507.3,As93GgkTdt4.004.mp4,1280,720,25.0,383,extraversion,high
140,5600,nose,597.6,306.6,685.9,429.0,906.9,473.2,1017.3,626.3,As93GgkTdt4.004.mp4,1280,720,25.0,383,extraversion,high
140,5600,mouth,578.5,445.9,701.0,514.5,883.2,647.4,1036.2,733.1,As93GgkTdt4.004.mp4,1280,720,25.0,383,extraversion,high
140,5600,forehead,467.2,194.2,792.4,460.4,744.0,332.8,1150.5,665.5,As93GgkTdt4.004.mp4,1280,720,25.0,383,extraversion,high
140,5600,chin,470.3,338.3,791.1,566.4,747.8,512.8,1148.8,798.0,As93GgkTdt4.004.mp4,1280,720,25.0,383,extraversion,high
140,5600,left_cheek,486.7,352.4,588.7,477.7,768.4,530.5,895.9,687.1,As93GgkTdt4.004.mp4,1280,720,25.0,383,extraversion,high
140,5600,right_cheek,692.4,342.4,785.0,471.1,1025.5,518.1,1141.3,678.9,As93GgkTdt4.004.mp4,1280,720,25.0,383,extraversion,high
141,5640,left_eye,494.4,256.1,608.5,336.8,778.1,410.2,920.6,511.0,As93GgkTdt4.004.mp4,1280,720,25.0,383,extraversion,high
141,5640,right_eye,673.8,242.8,777.6,334.2,1002.3,393.5,1132.0,507.7,As93GgkTdt4.004.mp4,1280,720,25.0,383,extraversion,high
141,5640,nose,597.5,307.1,685.8,429.5,906.8,473.9,1017.3,626.9,As93GgkTdt4.004.mp4,1280,720,25.0,383,extraversion,high
141,5640,mouth,578.5,446.9,701.0,514.7,883.1,648.6,1036.2,733.4,As93GgkTdt4.004.mp4,1280,720,25.0,383,extraversion,high
141,5640,forehead,467.0,194.8,792.6,460.5,743.7,333.5,1150.8,665.6,As93GgkTdt4.004.mp4,1280,720,25.0,383,extraversion,high
141,5640,chin,470.0,338.3,791.3,566.5,747.6,512.9,1149.1,798.1,As93GgkTdt4.004.mp4,1280,720,25.0,383,extraversion,high
141,5640,left_cheek,486.6,352.9,588.7,478.1,768.2,531.2,895.8,687.6,As93GgkTdt4.004.mp4,1280,720,25.0,383,extraversion,high
141,5640,right_cheek,692.4,342.7,785.2,471.4,1025.5,518.4,1141.5,679.2,As93GgkTdt4.004.mp4,1280,720,25.0,383,extraversion,high
142,5680,left_eye,494.3,256.3,608.3,336.9,777.9,410.4,920.4,511.1,As93GgkTdt4.004.mp4,1280,720,25.0,383,extraversion,high
142,5680,right_eye,673.6,243.2,777.6,334.5,1002.0,394.0,1132.0,508.1,As93GgkTdt4.004.mp4,1280,720,25.0,383,extraversion,high
142,5680,nose,597.0,307.4,685.7,430.0,906.2,474.2,1017.1,627.5,As93GgkTdt4.004.mp4,1280,720,25.0,383,extraversion,high
142,5680,mouth,578.3,447.4,700.8,514.7,882.8,649.2,1036.0,733.4,As93GgkTdt4.004.mp4,1280,720,25.0,383,extraversion,high
142,5680,forehead,466.8,194.9,792.6,460.5,743.5,333.6,1150.8,665.6,As93GgkTdt4.004.mp4,1280,720,25.0,383,extraversion,high
142,5680,chin,469.9,338.3,791.3,566.6,747.3,512.9,1149.1,798.3,As93GgkTdt4.004.mp4,1280,720,25.0,383,extraversion,high
142,5680,left_cheek,486.3,353.1,588.4,478.4,767.9,531.4,895.5,688.0,As93GgkTdt4.004.mp4,1280,720,25.0,383,extraversion,high
142,5680,right_cheek,692.3,343.0,785.2,471.7,1025.4,518.8,1141.6,679.7,As93GgkTdt4.004.mp4,1280,720,25.0,383,extraversion,high
143,5720,left_eye,494.1,256.6,607.9,337.0,777.6,410.7,919.9,511.3,As93GgkTdt4.004.mp4,1280,720,25.0,383,extraversion,high
143,5720,right_eye,673.3,243.5,777.5,334.7,1001.7,394.3,1131.9,508.4,As93GgkTdt4.004.mp4,1280,720,25.0,383,extraversion,high
143,5720,nose,596.5,307.5,685.4,430.3,905.7,474.4,1016.8,627.9,As93GgkTdt4.004.mp4,1280,720,25.0,383,extraversion,high
143,5720,mouth,578.1,447.7,699.9,514.7,882.6,649.6,1034.9,733.4,As93GgkTdt4.004.mp4,1280,720,25.0,383,extraversion,high
143,5720,forehead,466.6,195.2,792.6,460.5,743.3,334.0,1150.7,665.6,As93GgkTdt4.004.mp4,1280,720,25.0,383,extraversion,high
143,5720,chin,469.7,338.5,791.2,566.7,747.1,513.2,1149.1,798.4,As93GgkTdt4.004.mp4,1280,720,25.0,383,extraversion,high
143,5720,left_cheek,486.0,353.3,588.1,478.7,767.5,531.6,895.1,688.3,As93GgkTdt4.004.mp4,1280,720,25.0,383,extraversion,high
143,5720,right_cheek,692.1,343.4,785.2,472.2,1025.1,519.2,1141.5,680.2,As93GgkTdt4.004.mp4,1280,720,25.0,383,extraversion,high
144,5760,left_eye,493.8,256.8,607.5,337.1,777.3,411.0,919.4,511.4,As93GgkTdt4.004.mp4,1280,720,25.0,383,extraversion,high
144,5760,right_eye,673.1,243.7,777.4,334.9,1001.3,394.6,1131.7,508.6,As93GgkTdt4.004.mp4,1280,720,25.0,383,extraversion,high
144,5760,nose,596.1,307.7,685.1,430.4,905.2,474.6,1016.4,628.0,As93GgkTdt4.004.mp4,1280,720,25.0,383,extraversion,high
144,5760,mouth,578.3,448.3,698.1,515.0,882.8,650.3,1032.6,733.7,As93GgkTdt4.004.mp4,1280,720,25.0,383,extraversion,high
144,5760,forehead,466.4,195.4,792.5,460.5,743.0,334.2,1150.7,665.7,As93GgkTdt4.004.mp4,1280,720,25.0,383,extraversion,high
144,5760,chin,469.5,338.7,791.2,566.9,746.9,513.3,1149.0,798.6,As93GgkTdt4.004.mp4,1280,720,25.0,383,extraversion,high
144,5760,left_cheek,485.8,353.4,587.8,479.0,767.2,531.8,894.7,688.7,As93GgkTdt4.004.mp4,1280,720,25.0,383,extraversion,high
144,5760,right_cheek,691.8,343.7,785.1,472.7,1024.7,519.6,1141.4,680.9,As93GgkTdt4.004.mp4,1280,720,25.0,383,extraversion,high
145,5800,left_eye,493.8,257.5,607.3,338.1,777.2,411.9,919.1,512.6,As93GgkTdt4.004.mp4,1280,720,25.0,383,extraversion,high
145,5800,right_eye,673.1,244.4,777.1,335.9,1001.3,395.5,1131.4,509.9,As93GgkTdt4.004.mp4,1280,720,25.0,383,extraversion,high
145,5800,nose,596.2,308.8,684.8,430.7,905.2,476.0,1016.1,628.4,As93GgkTdt4.004.mp4,1280,720,25.0,383,extraversion,high
145,5800,mouth,579.1,448.7,696.6,515.2,883.9,650.9,1030.8,734.0,As93GgkTdt4.004.mp4,1280,720,25.0,383,extraversion,high
145,5800,forehead,466.4,196.9,792.0,461.1,743.0,336.1,1150.1,666.4,As93GgkTdt4.004.mp4,1280,720,25.0,383,extraversion,high
145,5800,chin,469.6,339.7,790.9,567.0,746.9,514.6,1148.6,798.7,As93GgkTdt4.004.mp4,1280,720,25.0,383,extraversion,high
145,5800,left_cheek,485.8,354.3,587.8,479.6,767.3,532.9,894.8,689.5,As93GgkTdt4.004.mp4,1280,720,25.0,383,extraversion,high
145,5800,right_cheek,691.6,344.6,784.7,473.5,1024.5,520.8,1140.9,681.8,As93GgkTdt4.004.mp4,1280,720,25.0,383,extraversion,high
146,5840,left_eye,492.3,257.6,605.0,340.8,775.4,411.9,916.2,515.9,As93GgkTdt4.004.mp4,1280,720,25.0,383,extraversion,high
146,5840,right_eye,672.9,246.2,776.3,336.6,1001.2,397.8,1130.3,510.8,As93GgkTdt4.004.mp4,1280,720,25.0,383,extraversion,high
146,5840,nose,596.5,311.1,684.6,431.9,905.7,478.8,1015.7,629.9,As93GgkTdt4.004.mp4,1280,720,25.0,383,extraversion,high
146,5840,mouth,579.8,449.7,696.2,517.5,884.7,652.1,1030.2,736.9,As93GgkTdt4.004.mp4,1280,720,25.0,383,extraversion,high
146,5840,forehead,466.1,199.5,791.1,461.1,742.6,339.4,1148.9,666.3,As93GgkTdt4.004.mp4,1280,720,25.0,383,extraversion,high
146,5840,chin,469.4,339.6,790.2,567.3,746.7,514.6,1147.8,799.1,As93GgkTdt4.004.mp4,1280,720,25.0,383,extraversion,high
146,5840,left_cheek,485.7,354.8,587.7,480.4,767.2,533.5,894.7,690.5,As93GgkTdt4.004.mp4,1280,720,25.0,383,extraversion,high
146,5840,right_cheek,690.4,344.9,783.0,474.0,1023.0,521.1,1138.7,682.5,As93GgkTdt4.004.mp4,1280,720,25.0,383,extraversion,high
147,5880,left_eye,491.7,259.0,604.1,345.8,774.6,413.8,915.2,522.2,As93GgkTdt4.004.mp4,1280,720,25.0,383,extraversion,high
147,5880,right_eye,672.9,249.9,775.9,341.1,1001.1,402.4,1129.9,516.3,As93GgkTdt4.004.mp4,1280,720,25.0,383,extraversion,high
147,5880,nose,596.7,315.0,684.1,435.8,905.9,483.7,1015.1,634.8,As93GgkTdt4.004.mp4,1280,720,25.0,383,extraversion,high
147,5880,mouth,580.1,453.2,696.2,522.0,885.1,656.5,1030.2,742.4,As93GgkTdt4.004.mp4,1280,720,25.0,383,extraversion,high
147,5880,forehead,466.0,203.2,790.3,462.8,742.5,344.1,1147.9,668.6,As93GgkTdt4.004.mp4,1280,720,25.0,383,extraversion,high
147,5880,chin,469.4,342.0,789.3,569.2,746.7,517.5,1146.7,801.5,As93GgkTdt4.004.mp4,1280,720,25.0,383,extraversion,high
147,5880,left_cheek,485.6,358.0,587.6,483.6,767.0,537.6,894.5,694.5,As93GgkTdt4.004.mp4,1280,720,25.0,383,extraversion,high
147,5880,right_cheek,689.8,348.2,782.3,476.8,1022.2,525.2,1137.8,686.0,As93GgkTdt4.004.mp4,1280,720,25.0,383,extraversion,high
148,5920,left_eye,491.6,262.7,604.2,347.6,774.5,418.4,915.3,524.4,As93GgkTdt4.004.mp4,1280,720,25.0,383,extraversion,high
148,5920,right_eye,673.0,256.0,776.3,343.1,1001.2,410.0,1130.3,518.9,As93GgkTdt4.004.mp4,1280,720,25.0,383,extraversion,high
148,5920,nose,596.7,318.9,684.2,443.6,905.9,488.6,1015.3,644.5,As93GgkTdt4.004.mp4,1280,720,25.0,383,extraversion,high
148,5920,mouth,580.1,460.5,698.2,528.1,885.2,665.7,1032.7,750.1,As93GgkTdt4.004.mp4,1280,720,25.0,383,extraversion,high
148,5920,forehead,466.0,206.7,790.3,465.8,742.5,348.3,1147.9,672.3,As93GgkTdt4.004.mp4,1280,720,25.0,383,extraversion,high
148,5920,chin,469.4,345.1,789.4,575.4,746.7,521.4,1146.8,809.2,As93GgkTdt4.004.mp4,1280,720,25.0,383,extraversion,high
148,5920,left_cheek,485.6,361.6,587.6,488.1,767.0,542.0,894.5,700.1,As93GgkTdt4.004.mp4,1280,720,25.0,383,extraversion,high
148,5920,right_cheek,689.8,351.8,782.4,480.8,1022.3,529.7,1137.9,690.9,As93GgkTdt4.004.mp4,1280,720,25.0,383,extraversion,high
149,5960,left_eye,492.8,265.1,605.3,352.7,776.0,421.3,916.6,530.9,As93GgkTdt4.004.mp4,1280,720,25.0,383,extraversion,high
149,5960,right_eye,672.7,260.6,775.0,348.5,1000.9,415.8,1128.8,525.6,As93GgkTdt4.004.mp4,1280,720,25.0,383,extraversion,high
149,5960,nose,596.9,323.6,685.5,452.4,906.1,494.5,1016.9,655.5,As93GgkTdt4.004.mp4,1280,720,25.0,383,extraversion,high
149,5960,mouth,580.2,467.2,702.0,532.5,885.3,674.0,1037.5,755.7,As93GgkTdt4.004.mp4,1280,720,25.0,383,extraversion,high
149,5960,forehead,466.0,208.4,789.7,472.6,742.6,350.5,1147.1,680.8,As93GgkTdt4.004.mp4,1280,720,25.0,383,extraversion,high
149,5960,chin,469.5,349.9,788.7,581.5,746.9,527.4,1145.9,816.9,As93GgkTdt4.004.mp4,1280,720,25.0,383,extraversion,high
149,5960,left_cheek,485.7,367.4,587.7,494.6,767.1,549.2,894.6,708.2,As93GgkTdt4.004.mp4,1280,720,25.0,383,extraversion,high
149,5960,right_cheek,690.0,357.3,782.4,486.2,1022.5,536.7,1138.0,697.8,As93GgkTdt4.004.mp4,1280,720,25.0,383,extraversion,high
150,6000,left_eye,492.8,269.4,605.3,357.6,776.0,426.8,916.6,537.0,As93GgkTdt4.004.mp4,1280,720,25.0,383,extraversion,high
150,6000,right_eye,672.3,262.1,774.2,351.3,1000.4,417.7,1127.8,529.2,As93GgkTdt4.004.mp4,1280,720,25.0,383,extraversion,high
150,6000,nose,597.1,327.1,687.4,457.8,906.4,498.9,1019.3,662.3,As93GgkTdt4.004.mp4,1280,720,25.0,383,extraversion,high
150,6000,mouth,580.8,472.0,704.5,534.9,885.9,680.0,1040.6,758.7,As93GgkTdt4.004.mp4,1280,720,25.0,383,extraversion,high
150,6000,forehead,465.9,209.3,789.0,477.3,742.4,351.7,1146.2,686.6,As93GgkTdt4.004.mp4,1280,720,25.0,383,extraversion,high
150,6000,chin,469.5,349.9,788.2,584.3,746.8,527.4,1145.2,820.4,As93GgkTdt4.004.mp4,1280,720,25.0,383,extraversion,high
150,6000,left_cheek,485.5,372.5,587.7,500.0,766.9,555.7,894.7,715.0,As93GgkTdt4.004.mp4,1280,720,25.0,383,extraversion,high
150,6000,right_cheek,690.7,358.6,782.4,488.4,1023.4,538.2,1138.0,700.5,As93GgkTdt4.004.mp4,1280,720,25.0,383,extraversion,high
151,6040,left_eye,489.8,267.4,601.8,356.8,772.3,424.3,912.2,536.0,As93GgkTdt4.004.mp4,1280,720,25.0,383,extraversion,high
151,6040,right_eye,668.1,259.1,771.8,349.2,995.1,413.9,1124.7,526.5,As93GgkTdt4.004.mp4,1280,720,25.0,383,extraversion,high
151,6040,nose,596.9,324.4,687.4,456.4,906.1,495.5,1019.2,660.5,As93GgkTdt4.004.mp4,1280,720,25.0,383,extraversion,high
151,6040,mouth,581.6,473.1,704.4,531.7,887.0,681.4,1040.5,754.6,As93GgkTdt4.004.mp4,1280,720,25.0,383,extraversion,high
151,6040,forehead,463.8,206.8,788.3,476.5,739.7,348.5,1145.4,685.7,As93GgkTdt4.004.mp4,1280,720,25.0,383,extraversion,high
151,6040,chin,468.1,346.1,787.9,581.3,745.1,522.6,1144.9,816.6,As93GgkTdt4.004.mp4,1280,720,25.0,383,extraversion,high
151,6040,left_cheek,483.8,371.5,586.7,499.4,764.7,554.3,893.4,714.3,As93GgkTdt4.004.mp4,1280,720,25.0,383,extraversion,high
151,6040,right_cheek,690.4,356.8,782.4,486.5,1023.1,536.0,1138.0,698.2,As93GgkTdt4.004.mp4,1280,720,25.0,383,extraversion,high
152,6080,left_eye,483.4,260.8,596.1,356.3,764.3,415.9,905.1,535.4,As93GgkTdt4.004.mp4,1280,720,25.0,383,extraversion,high
152,6080,right_eye,660.5,250.6,766.6,344.0,985.6,403.2,1118.3,520.0,As93GgkTdt4.004.mp4,1280,720,25.0,383,extraversion,high
152,6080,nose,592.5,318.9,680.4,452.4,900.7,488.6,1010.5,655.5,As93GgkTdt4.004.mp4,1280,720,25.0,383,extraversion,high
152,6080,mouth,581.5,471.6,697.6,526.2,886.9,679.6,1032.0,747.7,As93GgkTdt4.004.mp4,1280,720,25.0,383,extraversion,high
152,6080,forehead,459.0,197.5,786.6,474.9,733.8,336.8,1143.3,683.6,As93GgkTdt4.004.mp4,1280,720,25.0,383,extraversion,high
152,6080,chin,464.6,338.9,786.6,580.8,740.7,513.6,1143.3,816.0,As93GgkTdt4.004.mp4,1280,720,25.0,383,extraversion,high
152,6080,left_cheek,479.1,370.0,581.7,496.6,758.9,552.5,887.1,710.8,As93GgkTdt4.004.mp4,1280,720,25.0,383,extraversion,high
152,6080,right_cheek,685.4,349.6,779.8,486.3,1016.7,527.0,1134.7,697.8,As93GgkTdt4.004.mp4,1280,720,25.0,383,extraversion,high
153,6120,left_eye,479.8,251.5,592.9,347.0,759.8,404.3,901.1,523.7,As93GgkTdt4.004.mp4,1280,720,25.0,383,extraversion,high
153,6120,right_eye,656.2,240.3,763.8,336.0,980.3,390.4,1114.7,510.0,As93GgkTdt4.004.mp4,1280,720,25.0,383,extraversion,high
153,6120,nose,588.6,310.2,674.8,446.3,895.7,477.8,1003.5,647.9,As93GgkTdt4.004.mp4,1280,720,25.0,383,extraversion,high
153,6120,mouth,579.5,469.3,692.1,517.7,884.4,676.7,1025.1,737.2,As93GgkTdt4.004.mp4,1280,720,25.0,383,extraversion,high
153,6120,forehead,456.9,189.3,786.1,468.0,731.2,326.7,1142.6,675.0,As93GgkTdt4.004.mp4,1280,720,25.0,383,extraversion,high
153,6120,chin,462.7,330.6,786.1,572.6,738.4,503.3,1142.6,805.7,As93GgkTdt4.004.mp4,1280,720,25.0,383,extraversion,high
153,6120,left_cheek,476.2,361.6,577.9,491.9,755.2,542.0,882.4,704.9,As93GgkTdt4.004.mp4,1280,720,25.0,383,extraversion,high
153,6120,right_cheek,680.9,341.1,777.5,479.3,1011.2,516.4,1131.8,689.1,As93GgkTdt4.004.mp4,1280,720,25.0,383,extraversion,high
154,6160,left_eye,480.0,248.2,591.9,343.5,760.0,400.2,899.9,519.4,As93GgkTdt4.004.mp4,1280,720,25.0,383,extraversion,high
154,6160,right_eye,654.4,238.1,762.8,334.2,978.1,387.6,1113.5,507.7,As93GgkTdt4.004.mp4,1280,720,25.0,383,extraversion,high
154,6160,nose,586.7,307.2,674.1,443.1,893.4,474.0,1002.7,643.9,As93GgkTdt4.004.mp4,1280,720,25.0,383,extraversion,high
154,6160,mouth,578.2,468.3,693.3,516.7,882.7,675.4,1026.6,735.9,As93GgkTdt4.004.mp4,1280,720,25.0,383,extraversion,high
154,6160,forehead,456.9,186.2,786.2,467.9,731.1,322.7,1142.8,674.8,As93GgkTdt4.004.mp4,1280,720,25.0,383,extraversion,high
154,6160,chin,462.8,331.3,786.2,571.5,738.5,504.1,1142.8,804.3,As93GgkTdt4.004.mp4,1280,720,25.0,383,extraversion,high
154,6160,left_cheek,475.5,359.6,576.7,491.5,754.4,539.5,880.9,704.4,As93GgkTdt4.004.mp4,1280,720,25.0,383,extraversion,high
154,6160,right_cheek,680.3,340.4,777.1,478.5,1010.3,515.5,1131.4,688.1,As93GgkTdt4.004.mp4,1280,720,25.0,383,extraversion,high
155,6200,left_eye,481.0,245.6,592.9,341.8,761.2,397.0,901.1,517.2,As93GgkTdt4.004.mp4,1280,720,25.0,383,extraversion,high
155,6200,right_eye,656.1,236.9,763.9,333.5,980.1,386.1,1114.9,506.9,As93GgkTdt4.004.mp4,1280,720,25.0,383,extraversion,high
155,6200,nose,587.0,305.7,675.3,439.9,893.8,472.1,1004.2,639.9,As93GgkTdt4.004.mp4,1280,720,25.0,383,extraversion,high
155,6200,mouth,577.0,462.6,694.1,517.6,881.2,668.3,1027.6,737.1,As93GgkTdt4.004.mp4,1280,720,25.0,383,extraversion,high
155,6200,forehead,457.7,185.1,786.4,467.7,732.1,321.4,1143.0,674.6,As93GgkTdt4.004.mp4,1280,720,25.0,383,extraversion,high
155,6200,chin,463.2,332.3,786.4,571.7,739.0,505.4,1143.0,804.6,As93GgkTdt4.004.mp4,1280,720,25.0,383,extraversion,high
155,6200,left_cheek,476.1,357.8,577.0,490.2,755.1,537.2,881.2,702.7,As93GgkTdt4.004.mp4,1280,720,25.0,383,extraversion,high
155,6200,right_cheek,681.3,340.4,777.5,477.7,1011.6,515.5,1131.9,687.1,As93GgkTdt4.004.mp4,1280,720,25.0,383,extraversion,high
156,6240,left_eye,481.8,244.8,593.8,341.3,762.2,396.1,902.2,516.6,As93GgkTdt4.004.mp4,1280,720,25.0,383,extraversion,high
156,6240,right_eye,657.6,237.6,764.7,333.9,982.0,387.0,1115.9,507.3,As93GgkTdt4.004.mp4,1280,720,25.0,383,extraversion,high
156,6240,nose,587.6,305.6,676.1,439.0,894.6,472.0,1005.2,638.8,As93GgkTdt4.004.mp4,1280,720,25.0,383,extraversion,high
156,6240,mouth,574.6,458.1,696.7,517.8,878.2,662.6,1030.8,737.3,As93GgkTdt4.004.mp4,1280,720,25.0,383,extraversion,high
156,6240,forehead,458.2,185.1,786.4,467.7,732.7,321.4,1143.0,674.6,As93GgkTdt4.004.mp4,1280,720,25.0,383,extraversion,high
156,6240,chin,463.4,333.3,786.4,571.8,739.3,506.7,1143.0,804.7,As93GgkTdt4.004.mp4,1280,720,25.0,383,extraversion,high
156,6240,left_cheek,476.5,356.9,577.6,489.0,755.6,536.2,882.0,701.3,As93GgkTdt4.004.mp4,1280,720,25.0,383,extraversion,high
156,6240,right_cheek,682.0,341.0,777.8,477.5,1012.5,516.2,1132.2,686.9,As93GgkTdt4.004.mp4,1280,720,25.0,383,extraversion,high
157,6280,left_eye,482.2,243.8,594.8,339.6,762.7,394.8,903.5,514.5,As93GgkTdt4.004.mp4,1280,720,25.0,383,extraversion,high
157,6280,right_eye,659.3,236.7,768.0,333.1,984.1,385.9,1120.0,506.4,As93GgkTdt4.004.mp4,1280,720,25.0,383,extraversion,high
157,6280,nose,587.7,304.3,678.4,436.8,894.7,470.4,1008.0,636.0,As93GgkTdt4.004.mp4,1280,720,25.0,383,extraversion,high
157,6280,mouth,573.7,454.2,700.8,517.9,877.1,657.7,1036.0,737.4,As93GgkTdt4.004.mp4,1280,720,25.0,383,extraversion,high
157,6280,forehead,458.4,184.2,790.9,467.3,733.0,320.2,1148.6,674.1,As93GgkTdt4.004.mp4,1280,720,25.0,383,extraversion,high
157,6280,chin,463.6,333.5,790.7,571.3,739.5,506.9,1148.4,804.1,As93GgkTdt4.004.mp4,1280,720,25.0,383,extraversion,high
157,6280,left_cheek,476.9,355.1,577.9,486.4,756.1,533.9,882.3,698.0,As93GgkTdt4.004.mp4,1280,720,25.0,383,extraversion,high
157,6280,right_cheek,684.4,340.4,781.4,476.4,1015.5,515.6,1136.7,685.5,As93GgkTdt4.004.mp4,1280,720,25.0,383,extraversion,high
158,6320,left_eye,485.1,243.3,599.0,338.9,766.4,394.1,908.8,513.6,As93GgkTdt4.004.mp4,1280,720,25.0,383,extraversion,high
158,6320,right_eye,664.9,236.2,773.5,333.2,991.1,385.2,1126.9,506.5,As93GgkTdt4.004.mp4,1280,720,25.0,383,extraversion,high
158,6320,nose,592.0,303.0,684.4,434.5,900.0,468.7,1015.5,633.1,As93GgkTdt4.004.mp4,1280,720,25.0,383,extraversion,high
158,6320,mouth,573.9,451.7,706.8,517.0,877.3,654.6,1043.5,736.3,As93GgkTdt4.004.mp4,1280,720,25.0,383,extraversion,high
158,6320,forehead,459.3,183.0,796.1,467.5,734.2,318.8,1155.2,674.4,As93GgkTdt4.004.mp4,1280,720,25.0,383,extraversion,high
158,6320,chin,463.9,333.9,795.7,571.3,739.8,507.3,1154.6,804.2,As93GgkTdt4.004.mp4,1280,720,25.0,383,extraversion,high
158,6320,left_cheek,478.2,354.6,581.4,485.6,757.7,533.2,886.8,697.0,As93GgkTdt4.004.mp4,1280,720,25.0,383,extraversion,high
158,6320,right_cheek,690.0,340.2,786.6,475.9,1022.5,515.2,1143.2,684.9,As93GgkTdt4.004.mp4,1280,720,25.0,383,extraversion,high
159,6360,left_eye,494.5,240.5,608.0,335.6,778.1,390.7,919.9,509.5,As93GgkTdt4.004.mp4,1280,720,25.0,383,extraversion,high
159,6360,right_eye,673.5,235.0,779.6,331.9,1001.8,383.8,1134.4,504.8,As93GgkTdt4.004.mp4,1280,720,25.0,383,extraversion,high
159,6360,nose,600.3,300.0,690.1,429.8,910.4,465.1,1022.6,627.3,As93GgkTdt4.004.mp4,1280,720,25.0,383,extraversion,high
159,6360,mouth,578.2,446.5,711.6,516.0,882.7,648.1,1049.5,735.0,As93GgkTdt4.004.mp4,1280,720,25.0,383,extraversion,high
159,6360,forehead,465.6,181.7,800.6,467.1,742.0,317.1,1160.7,673.8,As93GgkTdt4.004.mp4,1280,720,25.0,383,extraversion,high
159,6360,chin,469.0,334.0,799.5,571.1,746.2,507.5,1159.3,803.9,As93GgkTdt4.004.mp4,1280,720,25.0,383,extraversion,high
159,6360,left_cheek,484.7,351.6,588.9,483.2,765.9,529.4,896.1,694.0,As93GgkTdt4.004.mp4,1280,720,25.0,383,extraversion,high
159,6360,right_cheek,696.2,339.9,791.4,474.9,1030.3,514.9,1149.3,683.7,As93GgkTdt4.004.mp4,1280,720,25.0,383,extraversion,high
160,6400,left_eye,499.8,234.5,613.2,330.1,784.7,383.1,926.5,502.7,As93GgkTdt4.004.mp4,1280,720,25.0,383,extraversion,high
160,6400,right_eye,678.7,231.4,784.1,327.8,1008.4,379.3,1140.2,499.8,As93GgkTdt4.004.mp4,1280,720,25.0,383,extraversion,high
160,6400,nose,604.3,294.4,693.3,421.7,915.4,458.1,1026.7,617.2,As93GgkTdt4.004.mp4,1280,720,25.0,383,extraversion,high
160,6400,mouth,580.4,439.5,714.2,513.8,885.4,639.4,1052.7,732.2,As93GgkTdt4.004.mp4,1280,720,25.0,383,extraversion,high
160,6400,forehead,470.5,178.6,803.5,463.6,748.2,313.3,1164.4,669.5,As93GgkTdt4.004.mp4,1280,720,25.0,383,extraversion,high
160,6400,chin,473.3,334.1,802.0,569.3,751.6,507.7,1162.5,801.6,As93GgkTdt4.004.mp4,1280,720,25.0,383,extraversion,high
160,6400,left_cheek,489.2,345.8,593.0,477.6,771.5,522.3,901.2,686.9,As93GgkTdt4.004.mp4,1280,720,25.0,383,extraversion,high
160,6400,right_cheek,700.0,338.0,794.7,471.6,1035.0,512.5,1153.3,679.4,As93GgkTdt4.004.mp4,1280,720,25.0,383,extraversion,high
161,6440,left_eye,501.1,231.3,613.6,327.4,786.4,379.1,927.0,499.3,As93GgkTdt4.004.mp4,1280,720,25.0,383,extraversion,high
161,6440,right_eye,678.7,230.5,785.3,327.0,1008.3,378.1,1141.7,498.8,As93GgkTdt4.004.mp4,1280,720,25.0,383,extraversion,high
161,6440,nose,603.3,292.3,692.1,419.6,914.1,455.4,1025.2,614.5,As93GgkTdt4.004.mp4,1280,720,25.0,383,extraversion,high
161,6440,mouth,580.2,437.9,712.6,511.5,885.2,637.4,1050.7,729.3,As93GgkTdt4.004.mp4,1280,720,25.0,383,extraversion,high
161,6440,forehead,472.8,176.7,806.6,460.5,751.0,310.8,1168.2,665.6,As93GgkTdt4.004.mp4,1280,720,25.0,383,extraversion,high
161,6440,chin,475.1,335.3,805.0,568.3,753.8,509.2,1166.2,800.4,As93GgkTdt4.004.mp4,1280,720,25.0,383,extraversion,high
161,6440,left_cheek,489.9,342.3,592.4,474.1,772.3,517.8,900.5,682.6,As93GgkTdt4.004.mp4,1280,720,25.0,383,extraversion,high
161,6440,right_cheek,699.6,338.1,795.8,471.3,1034.6,512.7,1154.8,679.1,As93GgkTdt4.004.mp4,1280,720,25.0,383,extraversion,high
162,6480,left_eye,502.5,234.3,613.9,329.6,788.1,382.8,927.4,502.0,As93GgkTdt4.004.mp4,1280,720,25.0,383,extraversion,high
162,6480,right_eye,679.0,233.7,785.9,327.4,1008.8,382.1,1142.4,499.2,As93GgkTdt4.004.mp4,1280,720,25.0,383,extraversion,high
162,6480,nose,601.9,295.0,691.1,423.2,912.4,458.7,1023.9,619.0,As93GgkTdt4.004.mp4,1280,720,25.0,383,extraversion,high
162,6480,mouth,579.5,440.9,711.2,512.4,884.4,641.1,1049.0,730.5,As93GgkTdt4.004.mp4,1280,720,25.0,383,extraversion,high
162,6480,forehead,475.4,178.0,808.5,460.5,754.3,312.6,1170.7,665.6,As93GgkTdt4.004.mp4,1280,720,25.0,383,extraversion,high
162,6480,chin,477.1,341.5,807.0,568.6,756.3,516.9,1168.8,800.7,As93GgkTdt4.004.mp4,1280,720,25.0,383,extraversion,high
162,6480,left_cheek,490.5,343.6,591.7,475.0,773.1,519.5,899.6,683.7,As93GgkTdt4.004.mp4,1280,720,25.0,383,extraversion,high
162,6480,right_cheek,698.7,342.4,795.9,473.7,1033.4,518.0,1154.9,682.1,As93GgkTdt4.004.mp4,1280,720,25.0,383,extraversion,high
163,6520,left_eye,503.9,235.8,614.6,330.1,789.9,384.7,928.3,502.7,As93GgkTdt4.004.mp4,1280,720,25.0,383,extraversion,high
163,6520,right_eye,679.0,240.8,785.2,331.7,1008.8,390.9,1141.5,504.6,As93GgkTdt4.004.mp4,1280,720,25.0,383,extraversion,high
163,6520,nose,601.4,298.6,691.0,426.7,911.7,463.3,1023.8,623.3,As93GgkTdt4.004.mp4,1280,720,25.0,383,extraversion,high
163,6520,mouth,579.5,441.7,710.6,511.5,884.3,642.1,1048.2,729.4,As93GgkTdt4.004.mp4,1280,720,25.0,383,extraversion,high
163,6520,forehead,477.5,182.7,806.5,463.8,756.9,318.4,1168.1,669.7,As93GgkTdt4.004.mp4,1280,720,25.0,383,extraversion,high
163,6520,chin,479.3,343.0,805.1,568.6,759.1,518.8,1166.4,800.7,As93GgkTdt4.004.mp4,1280,720,25.0,383,extraversion,high
163,6520,left_cheek,492.4,345.2,592.1,476.2,775.4,521.5,900.1,685.2,As93GgkTdt4.004.mp4,1280,720,25.0,383,extraversion,high
163,6520,right_cheek,698.4,346.7,794.8,476.9,1033.0,523.4,1153.5,686.1,As93GgkTdt4.004.mp4,1280,720,25.0,383,extraversion,high
164,6560,left_eye,503.8,238.8,614.1,330.7,789.8,388.5,927.7,503.3,As93GgkTdt4.004.mp4,1280,720,25.0,383,extraversion,high
164,6560,right_eye,678.4,243.3,784.4,333.0,1008.0,394.1,1140.5,506.2,As93GgkTdt4.004.mp4,1280,720,25.0,383,extraversion,high
164,6560,nose,601.3,300.9,690.7,428.3,911.7,466.1,1023.3,625.4,As93GgkTdt4.004.mp4,1280,720,25.0,383,extraversion,high
164,6560,mouth,579.5,442.0,710.2,505.7,884.4,642.5,1047.7,722.2,As93GgkTdt4.004.mp4,1280,720,25.0,383,extraversion,high
164,6560,forehead,478.0,185.6,805.3,463.0,757.5,322.0,1166.7,668.8,As93GgkTdt4.004.mp4,1280,720,25.0,383,extraversion,high
164,6560,chin,479.8,343.5,804.0,566.5,759.8,519.4,1165.0,798.1,As93GgkTdt4.004.mp4,1280,720,25.0,383,extraversion,high
164,6560,left_cheek,492.9,346.0,592.2,476.0,776.1,522.5,900.3,684.9,As93GgkTdt4.004.mp4,1280,720,25.0,383,extraversion,high
164,6560,right_cheek,697.9,347.2,794.0,476.8,1032.4,524.0,1152.5,686.1,As93GgkTdt4.004.mp4,1280,720,25.0,383,extraversion,high
165,6600,left_eye,502.7,239.1,613.2,330.8,788.3,388.9,926.6,503.5,As93GgkTdt4.004.mp4,1280,720,25.0,383,extraversion,high
165,6600,right_eye,677.7,243.4,783.9,332.1,1007.1,394.2,1139.9,505.2,As93GgkTdt4.004.mp4,1280,720,25.0,383,extraversion,high
165,6600,nose,601.1,300.9,690.1,427.2,911.4,466.2,1022.6,624.0,As93GgkTdt4.004.mp4,1280,720,25.0,383,extraversion,high
165,6600,mouth,578.0,441.4,709.2,499.2,882.5,641.8,1046.5,714.0,As93GgkTdt4.004.mp4,1280,720,25.0,383,extraversion,high
165,6600,forehead,476.5,188.4,802.8,460.1,755.7,325.5,1163.5,665.1,As93GgkTdt4.004.mp4,1280,720,25.0,383,extraversion,high
165,6600,chin,478.6,343.0,801.8,564.6,758.3,518.7,1162.2,795.7,As93GgkTdt4.004.mp4,1280,720,25.0,383,extraversion,high
165,6600,left_cheek,492.3,345.0,591.9,470.8,775.3,521.3,899.8,678.5,As93GgkTdt4.004.mp4,1280,720,25.0,383,extraversion,high
165,6600,right_cheek,697.1,346.7,792.0,471.9,1031.3,523.4,1150.0,679.9,As93GgkTdt4.004.mp4,1280,720,25.0,383,extraversion,high
166,6640,left_eye,502.0,238.5,612.9,330.2,787.5,388.2,926.1,502.8,As93GgkTdt4.004.mp4,1280,720,25.0,383,extraversion,high
166,6640,right_eye,677.5,242.9,783.4,331.4,1006.9,393.6,1139.2,504.3,As93GgkTdt4.004.mp4,1280,720,25.0,383,extraversion,high
166,6640,nose,601.0,300.7,689.8,423.4,911.3,465.9,1022.3,619.3,As93GgkTdt4.004.mp4,1280,720,25.0,383,extraversion,high
166,6640,mouth,575.9,437.9,709.0,497.8,879.9,637.4,1046.3,712.2,As93GgkTdt4.004.mp4,1280,720,25.0,383,extraversion,high
166,6640,forehead,476.9,188.9,801.5,456.3,756.1,326.1,1161.9,660.4,As93GgkTdt4.004.mp4,1280,720,25.0,383,extraversion,high
166,6640,chin,478.6,341.7,800.6,562.8,758.3,517.2,1160.8,793.5,As93GgkTdt4.004.mp4,1280,720,25.0,383,extraversion,high
166,6640,left_cheek,492.9,342.5,591.7,467.0,776.1,518.2,899.7,673.8,As93GgkTdt4.004.mp4,1280,720,25.0,383,extraversion,high
166,6640,right_cheek,696.3,343.6,790.4,467.6,1030.4,519.4,1148.0,674.5,As93GgkTdt4.004.mp4,1280,720,25.0,383,extraversion,high
167,6680,left_eye,501.6,237.9,612.6,328.6,787.0,387.4,925.7,500.8,As93GgkTdt4.004.mp4,1280,720,25.0,383,extraversion,high
167,6680,right_eye,677.3,242.6,783.1,329.6,1006.6,393.3,1138.9,502.0,As93GgkTdt4.004.mp4,1280,720,25.0,383,extraversion,high
167,6680,nose,600.9,300.1,689.4,422.3,911.1,465.2,1021.8,617.9,As93GgkTdt4.004.mp4,1280,720,25.0,383,extraversion,high
167,6680,mouth,574.9,436.4,709.3,500.4,878.6,635.5,1046.6,715.5,As93GgkTdt4.004.mp4,1280,720,25.0,383,extraversion,high
167,6680,forehead,476.3,188.8,801.5,456.0,755.4,326.0,1161.8,660.0,As93GgkTdt4.004.mp4,1280,720,25.0,383,extraversion,high
167,6680,chin,478.2,341.3,800.6,563.4,757.7,516.6,1160.7,794.3,As93GgkTdt4.004.mp4,1280,720,25.0,383,extraversion,high
167,6680,left_cheek,492.5,341.5,591.6,467.1,775.6,516.9,899.5,673.8,As93GgkTdt4.004.mp4,1280,720,25.0,383,extraversion,high
167,6680,right_cheek,695.9,342.0,790.4,467.0,1029.9,517.4,1147.9,673.7,As93GgkTdt4.004.mp4,1280,720,25.0,383,extraversion,high
168,6720,left_eye,501.8,238.3,612.3,329.1,787.3,387.8,925.4,501.4,As93GgkTdt4.004.mp4,1280,720,25.0,383,extraversion,high
168,6720,right_eye,676.6,242.5,782.8,329.6,1005.8,393.1,1138.5,502.0,As93GgkTdt4.004.mp4,1280,720,25.0,383,extraversion,high
168,6720,nose,600.8,300.1,688.3,422.9,911.0,465.2,1020.4,618.7,As93GgkTdt4.004.mp4,1280,720,25.0,383,extraversion,high
168,6720,mouth,574.3,437.4,709.3,501.6,877.8,636.7,1046.7,717.0,As93GgkTdt4.004.mp4,1280,720,25.0,383,extraversion,high
168,6720,forehead,476.7,188.8,801.5,459.0,755.8,326.0,1161.9,663.8,As93GgkTdt4.004.mp4,1280,720,25.0,383,extraversion,high
168,6720,chin,478.5,343.2,800.6,564.6,758.1,518.9,1160.8,795.8,As93GgkTdt4.004.mp4,1280,720,25.0,383,extraversion,high
168,6720,left_cheek,492.6,341.6,591.5,468.6,775.8,517.0,899.4,675.8,As93GgkTdt4.004.mp4,1280,720,25.0,383,extraversion,high
168,6720,right_cheek,695.4,342.1,790.3,467.9,1029.2,517.6,1147.8,674.9,As93GgkTdt4.004.mp4,1280,720,25.0,383,extraversion,high
169,6760,left_eye,501.7,242.4,612.0,331.2,787.1,393.0,925.0,504.0,As93GgkTdt4.004.mp4,1280,720,25.0,383,extraversion,high
169,6760,right_eye,675.7,244.3,781.8,331.7,1004.7,395.4,1137.2,504.6,As93GgkTdt4.004.mp4,1280,720,25.0,383,extraversion,high
169,6760,nose,599.7,301.9,687.3,424.5,909.7,467.4,1019.1,620.6,As93GgkTdt4.004.mp4,1280,720,25.0,383,extraversion,high
169,6760,mouth,573.7,438.6,709.5,504.5,877.1,638.2,1046.8,720.6,As93GgkTdt4.004.mp4,1280,720,25.0,383,extraversion,high
169,6760,forehead,476.4,190.3,801.4,465.2,755.6,327.8,1161.8,671.5,As93GgkTdt4.004.mp4,1280,720,25.0,383,extraversion,high
169,6760,chin,478.3,347.5,800.5,566.5,757.9,524.3,1160.6,798.1,As93GgkTdt4.004.mp4,1280,720,25.0,383,extraversion,high
169,6760,left_cheek,492.4,345.3,591.0,471.6,775.6,521.6,898.8,679.5,As93GgkTdt4.004.mp4,1280,720,25.0,383,extraversion,high
169,6760,right_cheek,694.8,345.9,789.9,472.4,1028.5,522.4,1147.4,680.5,As93GgkTdt4.004.mp4,1280,720,25.0,383,extraversion,high
170,6800,left_eye,501.7,245.7,611.9,334.6,787.1,397.2,924.9,508.3,As93GgkTdt4.004.mp4,1280,720,25.0,383,extraversion,high
170,6800,right_eye,675.7,247.2,781.7,335.4,1004.6,398.9,1137.2,509.2,As93GgkTdt4.004.mp4,1280,720,25.0,383,extraversion,high
170,6800,nose,599.4,304.9,687.2,429.7,909.2,471.2,1019.0,627.1,As93GgkTdt4.004.mp4,1280,720,25.0,383,extraversion,high
170,6800,mouth,573.2,443.7,709.9,510.5,876.5,644.6,1047.4,728.1,As93GgkTdt4.004.mp4,1280,720,25.0,383,extraversion,high
170,6800,forehead,476.3,192.0,801.3,468.5,755.3,329.9,1161.6,675.7,As93GgkTdt4.004.mp4,1280,720,25.0,383,extraversion,high
170,6800,chin,478.2,349.8,800.1,570.2,757.7,527.3,1160.2,802.8,As93GgkTdt4.004.mp4,1280,720,25.0,383,extraversion,high
170,6800,left_cheek,492.3,348.9,590.9,475.9,775.4,526.1,898.6,684.9,As93GgkTdt4.004.mp4,1280,720,25.0,383,extraversion,high
170,6800,right_cheek,694.8,349.7,789.9,477.2,1028.5,527.1,1147.3,686.5,As93GgkTdt4.004.mp4,1280,720,25.0,383,extraversion,high
171,6840,left_eye,501.8,248.7,611.9,337.4,787.2,400.9,924.9,511.8,As93GgkTdt4.004.mp4,1280,720,25.0,383,extraversion,high
171,6840,right_eye,675.7,250.3,781.7,338.7,1004.6,402.8,1137.1,513.4,As93GgkTdt4.004.mp4,1280,720,25.0,383,extraversion,high
171,6840,nose,598.9,308.2,687.2,434.0,908.6,475.2,1019.0,632.5,As93GgkTdt4.004.mp4,1280,720,25.0,383,extraversion,high
171,6840,mouth,572.8,447.8,709.9,515.7,876.0,649.7,1047.3,734.7,As93GgkTdt4.004.mp4,1280,720,25.0,383,extraversion,high
171,6840,forehead,476.2,194.0,801.2,469.9,755.3,332.5,1161.5,677.3,As93GgkTdt4.004.mp4,1280,720,25.0,383,extraversion,high
171,6840,chin,478.1,350.5,799.8,573.4,757.6,528.2,1159.8,806.8,As93GgkTdt4.004.mp4,1280,720,25.0,383,extraversion,high
171,6840,left_cheek,492.2,351.0,590.7,478.7,775.2,528.7,898.4,688.3,As93GgkTdt4.004.mp4,1280,720,25.0,383,extraversion,high
171,6840,right_cheek,694.7,352.6,789.7,480.6,1028.4,530.8,1147.1,690.7,As93GgkTdt4.004.mp4,1280,720,25.0,383,extraversion,high
172,6880,left_eye,501.3,249.3,611.5,338.3,786.6,401.7,924.3,512.8,As93GgkTdt4.004.mp4,1280,720,25.0,383,extraversion,high
172,6880,right_eye,675.3,251.2,781.3,340.0,1004.1,404.0,1136.7,515.0,As93GgkTdt4.004.mp4,1280,720,25.0,383,extraversion,high
172,6880,nose,597.3,309.3,686.4,435.6,906.6,476.6,1017.9,634.5,As93GgkTdt4.004.mp4,1280,720,25.0,383,extraversion,high
172,6880,mouth,571.8,449.3,708.2,518.3,874.7,651.6,1045.3,737.9,As93GgkTdt4.004.mp4,1280,720,25.0,383,extraversion,high
172,6880,forehead,474.8,194.9,800.6,469.4,753.5,333.6,1160.8,676.8,As93GgkTdt4.004.mp4,1280,720,25.0,383,extraversion,high
172,6880,chin,476.7,350.2,798.9,574.6,755.9,527.7,1158.6,808.3,As93GgkTdt4.004.mp4,1280,720,25.0,383,extraversion,high
172,6880,left_cheek,490.4,351.2,589.3,478.9,773.0,529.0,896.6,688.6,As93GgkTdt4.004.mp4,1280,720,25.0,383,extraversion,high
172,6880,right_cheek,693.9,353.2,789.0,481.0,1027.4,531.5,1146.3,691.3,As93GgkTdt4.004.mp4,1280,720,25.0,383,extraversion,high
173,6920,left_eye,498.1,248.5,607.9,338.0,782.7,400.6,919.8,512.5,As93GgkTdt4.004.mp4,1280,720,25.0,383,extraversion,high
173,6920,right_eye,671.8,250.3,778.2,339.1,999.7,402.9,1132.7,513.8,As93GgkTdt4.004.mp4,1280,720,25.0,383,extraversion,high
173,6920,nose,594.3,308.5,682.0,434.5,902.8,475.6,1012.4,633.1,As93GgkTdt4.004.mp4,1280,720,25.0,383,extraversion,high
173,6920,mouth,569.4,448.9,703.2,516.9,871.8,651.2,1039.0,736.1,As93GgkTdt4.004.mp4,1280,720,25.0,383,extraversion,high
173,6920,forehead,470.7,194.4,797.9,469.3,748.3,333.0,1157.4,676.6,As93GgkTdt4.004.mp4,1280,720,25.0,383,extraversion,high
173,6920,chin,472.7,348.3,796.2,574.3,750.9,525.4,1155.2,807.9,As93GgkTdt4.004.mp4,1280,720,25.0,383,extraversion,high
173,6920,left_cheek,486.6,350.3,585.9,478.4,768.2,527.8,892.4,688.0,As93GgkTdt4.004.mp4,1280,720,25.0,383,extraversion,high
173,6920,right_cheek,690.0,352.5,785.9,480.2,1022.5,530.6,1142.4,690.3,As93GgkTdt4.004.mp4,1280,720,25.0,383,extraversion,high
174,6960,left_eye,494.5,245.4,603.5,335.2,778.1,396.8,914.4,509.0,As93GgkTdt4.004.mp4,1280,720,25.0,383,extraversion,high
174,6960,right_eye,668.1,246.5,774.2,336.3,995.1,398.1,1127.7,510.4,As93GgkTdt4.004.mp4,1280,720,25.0,383,extraversion,high
174,6960,nose,590.4,305.0,678.4,430.9,898.0,471.3,1008.0,628.6,As93GgkTdt4.004.mp4,1280,720,25.0,383,extraversion,high
174,6960,mouth,567.2,445.5,699.9,516.0,869.0,646.9,1034.9,734.9,As93GgkTdt4.004.mp4,1280,720,25.0,383,extraversion,high
174,6960,forehead,467.5,191.4,794.9,465.1,744.3,329.3,1153.6,671.3,As93GgkTdt4.004.mp4,1280,720,25.0,383,extraversion,high
174,6960,chin,469.6,345.2,793.3,571.1,747.0,521.5,1151.7,803.8,As93GgkTdt4.004.mp4,1280,720,25.0,383,extraversion,high
174,6960,left_cheek,483.2,347.1,582.3,475.3,764.1,523.9,887.8,684.1,As93GgkTdt4.004.mp4,1280,720,25.0,383,extraversion,high
174,6960,right_cheek,686.4,348.7,782.7,477.1,1018.0,525.9,1138.4,686.4,As93GgkTdt4.004.mp4,1280,720,25.0,383,extraversion,high
175,7000,left_eye,491.5,241.2,600.9,332.3,774.4,391.5,911.1,505.4,As93GgkTdt4.004.mp4,1280,720,25.0,383,extraversion,high
175,7000,right_eye,665.3,241.9,771.9,332.9,991.7,392.4,1124.8,506.2,As93GgkTdt4.004.mp4,1280,720,25.0,383,extraversion,high
175,7000,nose,587.8,301.2,676.4,426.9,894.8,466.5,1005.5,623.6,As93GgkTdt4.004.mp4,1280,720,25.0,383,extraversion,high
175,7000,mouth,564.1,442.6,698.8,514.6,865.2,643.3,1033.5,733.2,As93GgkTdt4.004.mp4,1280,720,25.0,383,extraversion,high
175,7000,forehead,464.4,187.2,793.6,462.6,740.5,324.0,1152.0,668.3,As93GgkTdt4.004.mp4,1280,720,25.0,383,extraversion,high
175,7000,chin,466.8,343.0,792.0,570.1,743.6,518.8,1149.9,802.6,As93GgkTdt4.004.mp4,1280,720,25.0,383,extraversion,high
175,7000,left_cheek,480.2,344.4,579.4,473.5,760.3,520.6,884.3,681.8,As93GgkTdt4.004.mp4,1280,720,25.0,383,extraversion,high
175,7000,right_cheek,684.4,345.4,781.1,474.7,1015.5,521.7,1136.4,683.4,As93GgkTdt4.004.mp4,1280,720,25.0,383,extraversion,high
176,7040,left_eye,490.2,238.9,599.6,330.5,772.7,388.7,909.5,503.1,As93GgkTdt4.004.mp4,1280,720,25.0,383,extraversion,high
176,7040,right_eye,663.8,239.8,770.1,331.6,989.8,389.7,1122.6,504.4,As93GgkTdt4.004.mp4,1280,720,25.0,383,extraversion,high
176,7040,nose,586.6,299.0,675.3,424.4,893.2,463.8,1004.1,620.6,As93GgkTdt4.004.mp4,1280,720,25.0,383,extraversion,high
176,7040,mouth,562.9,440.7,697.9,512.4,863.6,640.8,1032.3,730.5,As93GgkTdt4.004.mp4,1280,720,25.0,383,extraversion,high
176,7040,forehead,463.1,184.7,792.0,462.4,738.9,320.9,1150.0,668.0,As93GgkTdt4.004.mp4,1280,720,25.0,383,extraversion,high
176,7040,chin,465.6,342.3,790.4,569.2,742.0,517.8,1148.1,801.5,As93GgkTdt4.004.mp4,1280,720,25.0,383,extraversion,high
176,7040,left_cheek,479.1,343.0,578.2,472.5,758.8,518.8,882.8,680.7,As93GgkTdt4.004.mp4,1280,720,25.0,383,extraversion,high
176,7040,right_cheek,683.3,344.2,779.8,474.0,1014.2,520.3,1134.7,682.5,As93GgkTdt4.004.mp4,1280,720,25.0,383,extraversion,high
177,7080,left_eye,490.9,237.1,600.3,328.9,773.6,386.3,910.4,501.1,As93GgkTdt4.004.mp4,1280,720,25.0,383,extraversion,high
177,7080,right_eye,664.6,238.9,771.2,330.8,990.8,388.6,1124.0,503.5,As93GgkTdt4.004.mp4,1280,720,25.0,383,extraversion,high
177,7080,nose,586.4,297.3,675.3,422.5,893.0,461.7,1004.1,618.1,As93GgkTdt4.004.mp4,1280,720,25.0,383,extraversion,high
177,7080,mouth,563.1,439.6,697.6,510.1,863.8,639.5,1031.9,727.6,As93GgkTdt4.004.mp4,1280,720,25.0,383,extraversion,high
177,7080,forehead,464.2,183.1,792.8,462.4,740.3,318.8,1151.0,668.0,As93GgkTdt4.004.mp4,1280,720,25.0,383,extraversion,high
177,7080,chin,466.4,341.4,791.3,569.0,743.1,516.8,1149.1,801.2,As93GgkTdt4.004.mp4,1280,720,25.0,383,extraversion,high
177,7080,left_cheek,479.6,341.7,578.4,471.9,759.5,517.1,883.0,679.8,As93GgkTdt4.004.mp4,1280,720,25.0,383,extraversion,high
177,7080,right_cheek,683.8,344.1,780.6,473.9,1014.7,520.1,1135.7,682.4,As93GgkTdt4.004.mp4,1280,720,25.0,383,extraversion,high
178,7120,left_eye,491.1,235.4,600.6,327.9,773.9,384.2,910.7,499.8,As93GgkTdt4.004.mp4,1280,720,25.0,383,extraversion,high
178,7120,right_eye,665.0,239.0,771.5,330.8,991.2,388.7,1124.3,503.5,As93GgkTdt4.004.mp4,1280,720,25.0,383,extraversion,high
178,7120,nose,587.1,296.8,675.9,422.3,893.8,461.0,1004.8,617.9,As93GgkTdt4.004.mp4,1280,720,25.0,383,extraversion,high
178,7120,mouth,563.8,439.0,697.1,508.4,864.7,638.7,1031.4,725.5,As93GgkTdt4.004.mp4,1280,720,25.0,383,extraversion,high
178,7120,forehead,464.8,182.4,793.5,462.8,741.0,318.1,1151.9,668.5,As93GgkTdt4.004.mp4,1280,720,25.0,383,extraversion,high
178,7120,chin,467.1,339.4,791.5,568.2,743.9,514.2,1149.4,800.3,As93GgkTdt4.004.mp4,1280,720,25.0,383,extraversion,high
178,7120,left_cheek,480.3,339.8,579.2,470.7,760.4,514.7,884.0,678.4,As93GgkTdt4.004.mp4,1280,720,25.0,383,extraversion,high
178,7120,right_cheek,684.5,344.2,780.9,474.0,1015.6,520.3,1136.2,682.5,As93GgkTdt4.004.mp4,1280,720,25.0,383,extraversion,high
179,7160,left_eye,493.8,233.7,603.5,326.2,777.2,382.1,914.4,497.7,As93GgkTdt4.004.mp4,1280,720,25.0,383,extraversion,high
179,7160,right_eye,668.0,238.7,775.2,330.3,995.1,388.3,1129.0,502.8,As93GgkTdt4.004.mp4,1280,720,25.0,383,extraversion,high
179,7160,nose,587.4,296.1,676.1,421.8,894.2,460.2,1005.1,617.3,As93GgkTdt4.004.mp4,1280,720,25.0,383,extraversion,high
179,7160,mouth,564.3,438.5,697.2,507.1,865.4,638.1,1031.5,723.8,As93GgkTdt4.004.mp4,1280,720,25.0,383,extraversion,high
179,7160,forehead,466.4,181.6,796.7,462.8,743.0,317.0,1155.9,668.5,As93GgkTdt4.004.mp4,1280,720,25.0,383,extraversion,high
179,7160,chin,467.9,336.6,794.3,567.9,744.9,510.7,1152.9,799.9,As93GgkTdt4.004.mp4,1280,720,25.0,383,extraversion,high
179,7160,left_cheek,481.1,337.7,579.7,469.1,761.4,512.1,884.6,676.3,As93GgkTdt4.004.mp4,1280,720,25.0,383,extraversion,high
179,7160,right_cheek,685.6,344.3,783.1,474.0,1016.9,520.4,1138.9,682.6,As93GgkTdt4.004.mp4,1280,720,25.0,383,extraversion,high
180,7200,left_eye,496.3,231.9,606.5,324.6,780.3,379.9,918.1,495.7,As93GgkTdt4.004.mp4,1280,720,25.0,383,extraversion,high
180,7200,right_eye,670.0,238.6,778.0,329.6,997.6,388.2,1132.5,501.9,As93GgkTdt4.004.mp4,1280,720,25.0,383,extraversion,high
180,7200,nose,588.3,295.7,677.1,421.9,895.3,459.6,1006.4,617.3,As93GgkTdt4.004.mp4,1280,720,25.0,383,extraversion,high
180,7200,mouth,566.5,438.6,696.2,505.1,868.1,638.3,1030.2,721.4,As93GgkTdt4.004.mp4,1280,720,25.0,383,extraversion,high
180,7200,forehead,468.4,181.0,798.9,462.5,745.5,316.2,1158.7,668.1,As93GgkTdt4.004.mp4,1280,720,25.0,383,extraversion,high
180,7200,chin,469.3,333.4,796.4,567.2,746.6,506.8,1155.5,799.0,As93GgkTdt4.004.mp4,1280,720,25.0,383,extraversion,high
180,7200,left_cheek,482.5,335.6,581.0,467.4,763.1,509.5,886.3,674.2,As93GgkTdt4.004.mp4,1280,720,25.0,383,extraversion,high
180,7200,right_cheek,687.0,344.4,784.9,474.1,1018.7,520.5,1141.2,682.6,As93GgkTdt4.004.mp4,1280,720,25.0,383,extraversion,high
181,7240,left_eye,499.4,232.0,608.1,325.0,784.2,380.0,920.1,496.3,As93GgkTdt4.004.mp4,1280,720,25.0,383,extraversion,high
181,7240,right_eye,670.3,239.5,781.0,329.7,997.9,389.4,1136.3,502.1,As93GgkTdt4.004.mp4,1280,720,25.0,383,extraversion,high
181,7240,nose,588.9,295.7,677.3,422.0,896.1,459.7,1006.7,617.4,As93GgkTdt4.004.mp4,1280,720,25.0,383,extraversion,high
181,7240,mouth,568.1,441.6,694.7,505.6,870.1,642.0,1028.3,722.0,As93GgkTdt4.004.mp4,1280,720,25.0,383,extraversion,high
181,7240,forehead,473.0,182.8,801.0,461.6,751.2,318.4,1161.3,667.0,As93GgkTdt4.004.mp4,1280,720,25.0,383,extraversion,high
181,7240,chin,473.0,332.5,798.8,566.6,751.3,505.7,1158.5,798.3,As93GgkTdt4.004.mp4,1280,720,25.0,383,extraversion,high
181,7240,left_cheek,485.8,335.8,583.1,467.1,767.2,509.7,888.8,673.9,As93GgkTdt4.004.mp4,1280,720,25.0,383,extraversion,high
181,7240,right_cheek,687.3,345.0,786.2,474.6,1019.2,521.2,1142.8,683.3,As93GgkTdt4.004.mp4,1280,720,25.0,383,extraversion,high
182,7280,left_eye,499.2,233.2,608.0,326.2,784.0,381.5,920.0,497.7,As93GgkTdt4.004.mp4,1280,720,25.0,383,extraversion,high
182,7280,right_eye,673.2,244.8,783.5,335.4,1001.4,395.9,1139.4,509.2,As93GgkTdt4.004.mp4,1280,720,25.0,383,extraversion,high
182,7280,nose,590.0,300.5,678.5,425.4,897.6,465.6,1008.1,621.7,As93GgkTdt4.004.mp4,1280,720,25.0,383,extraversion,high
182,7280,mouth,571.7,447.2,693.6,505.7,874.6,648.9,1026.9,722.2,As93GgkTdt4.004.mp4,1280,720,25.0,383,extraversion,high
182,7280,forehead,474.8,186.5,801.8,461.9,753.5,323.1,1162.2,667.4,As93GgkTdt4.004.mp4,1280,720,25.0,383,extraversion,high
182,7280,chin,475.4,333.3,799.9,566.7,754.2,506.6,1159.8,798.4,As93GgkTdt4.004.mp4,1280,720,25.0,383,extraversion,high
182,7280,left_cheek,487.1,336.4,584.0,467.2,768.9,510.5,890.0,674.0,As93GgkTdt4.004.mp4,1280,720,25.0,383,extraversion,high
182,7280,right_cheek,688.5,349.0,787.7,478.4,1020.6,526.3,1144.6,688.0,As93GgkTdt4.004.mp4,1280,720,25.0,383,extraversion,high
183,7320,left_eye,501.0,240.1,608.6,330.4,786.2,390.1,920.8,503.0,As93GgkTdt4.004.mp4,1280,720,25.0,383,extraversion,high
183,7320,right_eye,673.6,251.6,783.7,338.5,1002.1,404.5,1139.6,513.2,As93GgkTdt4.004.mp4,1280,720,25.0,383,extraversion,high
183,7320,nose,590.9,306.4,678.1,432.5,898.6,472.9,1007.6,630.6,As93GgkTdt4.004.mp4,1280,720,25.0,383,extraversion,high
183,7320,mouth,574.8,457.0,690.9,507.6,878.5,661.2,1023.6,724.6,As93GgkTdt4.004.mp4,1280,720,25.0,383,extraversion,high
183,7320,forehead,477.3,193.0,803.1,464.3,756.6,331.2,1163.9,670.4,As93GgkTdt4.004.mp4,1280,720,25.0,383,extraversion,high
183,7320,chin,478.0,334.2,801.6,566.7,757.5,507.7,1162.0,798.4,As93GgkTdt4.004.mp4,1280,720,25.0,383,extraversion,high
183,7320,left_cheek,489.3,340.6,585.5,471.0,771.6,515.8,891.9,678.7,As93GgkTdt4.004.mp4,1280,720,25.0,383,extraversion,high
183,7320,right_cheek,688.5,354.0,788.4,482.9,1020.7,532.4,1145.5,693.6,As93GgkTdt4.004.mp4,1280,720,25.0,383,extraversion,high
184,7360,left_eye,503.5,248.5,609.4,335.7,789.4,400.6,921.8,509.6,As93GgkTdt4.004.mp4,1280,720,25.0,383,extraversion,high
184,7360,right_eye,673.5,257.9,783.3,343.2,1001.8,412.4,1139.1,519.0,As93GgkTdt4.004.mp4,1280,720,25.0,383,extraversion,high
184,7360,nose,590.8,312.3,677.3,440.5,898.5,480.4,1006.6,640.6,As93GgkTdt4.004.mp4,1280,720,25.0,383,extraversion,high
184,7360,mouth,574.9,463.6,690.2,513.4,878.7,669.5,1022.8,731.8,As93GgkTdt4.004.mp4,1280,720,25.0,383,extraversion,high
184,7360,forehead,478.9,196.7,802.9,467.8,758.6,335.8,1163.7,674.8,As93GgkTdt4.004.mp4,1280,720,25.0,383,extraversion,high
184,7360,chin,479.7,336.5,801.3,567.8,759.6,510.6,1161.7,799.7,As93GgkTdt4.004.mp4,1280,720,25.0,383,extraversion,high
184,7360,left_cheek,490.1,345.3,585.8,475.6,772.7,521.7,892.2,684.6,As93GgkTdt4.004.mp4,1280,720,25.0,383,extraversion,high
184,7360,right_cheek,688.3,359.3,788.2,487.6,1020.4,539.1,1145.3,699.5,As93GgkTdt4.004.mp4,1280,720,25.0,383,extraversion,high
185,7400,left_eye,505.7,255.5,610.4,341.5,792.2,409.3,923.1,516.8,As93GgkTdt4.004.mp4,1280,720,25.0,383,extraversion,high
185,7400,right_eye,673.6,263.0,782.8,347.7,1001.9,418.7,1138.5,524.6,As93GgkTdt4.004.mp4,1280,720,25.0,383,extraversion,high
185,7400,nose,591.4,318.3,677.4,447.5,899.3,487.8,1006.7,649.3,As93GgkTdt4.004.mp4,1280,720,25.0,383,extraversion,high
185,7400,mouth,576.4,469.0,691.0,519.9,880.5,676.3,1023.8,739.8,As93GgkTdt4.004.mp4,1280,720,25.0,383,extraversion,high
185,7400,forehead,481.8,202.0,804.0,470.1,762.2,342.5,1165.0,677.6,As93GgkTdt4.004.mp4,1280,720,25.0,383,extraversion,high
185,7400,chin,482.8,340.5,802.6,569.7,763.5,515.7,1163.2,802.2,As93GgkTdt4.004.mp4,1280,720,25.0,383,extraversion,high
185,7400,left_cheek,492.1,350.6,587.2,480.5,775.1,528.2,893.9,690.7,As93GgkTdt4.004.mp4,1280,720,25.0,383,extraversion,high
185,7400,right_cheek,688.4,363.3,788.9,491.4,1020.5,544.1,1146.1,704.3,As93GgkTdt4.004.mp4,1280,720,25.0,383,extraversion,high
186,7440,left_eye,505.7,259.3,610.3,344.9,792.1,414.1,922.8,521.1,As93GgkTdt4.004.mp4,1280,720,25.0,383,extraversion,high
186,7440,right_eye,673.5,264.7,782.6,349.8,1001.8,420.9,1138.3,527.2,As93GgkTdt4.004.mp4,1280,720,25.0,383,extraversion,high
186,7440,nose,591.9,320.7,677.7,449.5,899.9,490.9,1007.2,651.8,As93GgkTdt4.004.mp4,1280,720,25.0,383,extraversion,high
186,7440,mouth,579.6,471.7,691.4,524.6,884.5,679.7,1024.3,745.8,As93GgkTdt4.004.mp4,1280,720,25.0,383,extraversion,high
186,7440,forehead,482.4,204.4,805.9,470.4,763.0,345.5,1167.3,678.1,As93GgkTdt4.004.mp4,1280,720,25.0,383,extraversion,high
186,7440,chin,483.9,343.9,804.5,571.8,764.9,519.8,1165.6,804.8,As93GgkTdt4.004.mp4,1280,720,25.0,383,extraversion,high
186,7440,left_cheek,492.7,353.9,587.7,483.1,775.9,532.4,894.6,693.8,As93GgkTdt4.004.mp4,1280,720,25.0,383,extraversion,high
186,7440,right_cheek,688.7,364.0,790.2,492.3,1020.8,545.0,1147.7,705.3,As93GgkTdt4.004.mp4,1280,720,25.0,383,extraversion,high
187,7480,left_eye,507.5,262.0,611.2,347.5,794.4,417.4,924.0,524.3,As93GgkTdt4.004.mp4,1280,720,25.0,383,extraversion,high
187,7480,right_eye,674.8,265.9,783.3,350.8,1003.5,422.4,1139.1,528.6,As93GgkTdt4.004.mp4,1280,720,25.0,383,extraversion,high
187,7480,nose,595.0,322.4,680.0,451.1,903.7,493.0,1010.1,653.9,As93GgkTdt4.004.mp4,1280,720,25.0,383,extraversion,high
187,7480,mouth,584.8,473.6,692.5,528.3,891.0,682.0,1025.6,750.4,As93GgkTdt4.004.mp4,1280,720,25.0,383,extraversion,high
187,7480,forehead,485.4,206.4,808.2,471.5,766.7,348.0,1170.2,679.4,As93GgkTdt4.004.mp4,1280,720,25.0,383,extraversion,high
187,7480,chin,487.4,348.3,807.0,574.7,769.2,525.4,1168.8,808.4,As93GgkTdt4.004.mp4,1280,720,25.0,383,extraversion,high
187,7480,left_cheek,495.5,357.6,590.2,486.6,779.4,537.0,897.8,698.2,As93GgkTdt4.004.mp4,1280,720,25.0,383,extraversion,high
187,7480,right_cheek,690.6,364.6,792.5,493.4,1023.2,545.8,1150.6,706.8,As93GgkTdt4.004.mp4,1280,720,25.0,383,extraversion,high
188,7520,left_eye,507.3,261.1,611.4,347.7,794.1,416.4,924.3,524.6,As93GgkTdt4.004.mp4,1280,720,25.0,383,extraversion,high
188,7520,right_eye,675.0,263.1,783.1,349.3,1003.8,418.8,1138.9,526.7,As93GgkTdt4.004.mp4,1280,720,25.0,383,extraversion,high
188,7520,nose,598.8,321.1,683.4,449.2,908.5,491.4,1014.3,651.5,As93GgkTdt4.004.mp4,1280,720,25.0,383,extraversion,high
188,7520,mouth,587.8,472.1,695.4,528.1,894.7,680.1,1029.3,750.2,As93GgkTdt4.004.mp4,1280,720,25.0,383,extraversion,high
188,7520,forehead,485.1,205.4,807.3,470.9,766.3,346.7,1169.2,678.6,As93GgkTdt4.004.mp4,1280,720,25.0,383,extraversion,high
188,7520,chin,487.7,351.1,806.1,576.0,769.6,528.9,1167.7,810.0,As93GgkTdt4.004.mp4,1280,720,25.0,383,extraversion,high
188,7520,left_cheek,496.7,359.1,592.3,487.9,780.9,538.8,900.4,699.9,As93GgkTdt4.004.mp4,1280,720,25.0,383,extraversion,high
188,7520,right_cheek,692.7,362.7,792.6,491.9,1025.8,543.4,1150.7,704.9,As93GgkTdt4.004.mp4,1280,720,25.0,383,extraversion,high
189,7560,left_eye,507.6,258.8,611.8,346.5,794.5,413.4,924.7,523.1,As93GgkTdt4.004.mp4,1280,720,25.0,383,extraversion,high
189,7560,right_eye,675.3,260.5,783.0,348.6,1004.1,415.7,1138.7,525.7,As93GgkTdt4.004.mp4,1280,720,25.0,383,extraversion,high
189,7560,nose,601.6,319.2,687.1,447.1,912.0,489.0,1018.9,648.9,As93GgkTdt4.004.mp4,1280,720,25.0,383,extraversion,high
189,7560,mouth,590.5,469.5,698.5,526.3,898.2,676.8,1033.2,747.8,As93GgkTdt4.004.mp4,1280,720,25.0,383,extraversion,high
189,7560,forehead,486.1,203.9,806.9,468.8,767.7,344.8,1168.6,676.0,As93GgkTdt4.004.mp4,1280,720,25.0,383,extraversion,high
189,7560,chin,489.1,352.0,805.6,576.1,771.4,530.0,1167.0,810.2,As93GgkTdt4.004.mp4,1280,720,25.0,383,extraversion,high
189,7560,left_cheek,498.5,358.8,594.1,487.5,783.1,538.5,902.6,699.3,As93GgkTdt4.004.mp4,1280,720,25.0,383,extraversion,high
189,7560,right_cheek,694.9,360.1,793.0,491.2,1028.7,540.2,1151.2,704.0,As93GgkTdt4.004.mp4,1280,720,25.0,383,extraversion,high
190,7600,left_eye,507.2,257.9,612.0,345.3,794.0,412.3,925.0,521.6,As93GgkTdt4.004.mp4,1280,720,25.0,383,extraversion,high
190,7600,right_eye,675.2,254.2,782.9,345.0,1004.0,407.8,1138.6,521.3,As93GgkTdt4.004.mp4,1280,720,25.0,383,extraversion,high
190,7600,nose,601.7,316.9,687.5,444.8,912.1,486.1,1019.4,646.0,As93GgkTdt4.004.mp4,1280,720,25.0,383,extraversion,high
190,7600,mouth,590.8,467.5,699.8,525.0,898.5,674.4,1034.8,746.2,As93GgkTdt4.004.mp4,1280,720,25.0,383,extraversion,high
190,7600,forehead,486.1,201.8,806.8,465.0,767.6,342.3,1168.5,671.3,As93GgkTdt4.004.mp4,1280,720,25.0,383,extraversion,high
190,7600,chin,489.2,347.9,805.8,575.7,771.6,524.9,1167.3,809.7,As93GgkTdt4.004.mp4,1280,720,25.0,383,extraversion,high
190,7600,left_cheek,498.5,357.5,594.2,486.2,783.2,536.9,902.7,697.8,As93GgkTdt4.004.mp4,1280,720,25.0,383,extraversion,high
190,7600,right_cheek,695.3,354.8,793.4,487.1,1029.1,533.6,1151.7,698.8,As93GgkTdt4.004.mp4,1280,720,25.0,383,extraversion,high
191,7640,left_eye,507.1,255.5,611.7,344.1,793.9,409.3,924.6,520.2,As93GgkTdt4.004.mp4,1280,720,25.0,383,extraversion,high
191,7640,right_eye,674.9,250.0,782.7,340.6,1003.7,402.5,1138.4,515.8,As93GgkTdt4.004.mp4,1280,720,25.0,383,extraversion,high
191,7640,nose,601.3,313.1,687.3,440.4,911.7,481.4,1019.1,640.5,As93GgkTdt4.004.mp4,1280,720,25.0,383,extraversion,high
191,7640,mouth,590.3,462.6,699.9,523.9,897.9,668.3,1034.9,744.9,As93GgkTdt4.004.mp4,1280,720,25.0,383,extraversion,high
191,7640,forehead,485.6,198.3,806.6,464.3,767.0,337.9,1168.3,670.3,As93GgkTdt4.004.mp4,1280,720,25.0,383,extraversion,high
191,7640,chin,488.6,344.7,805.7,574.8,770.8,520.9,1167.2,808.5,As93GgkTdt4.004.mp4,1280,720,25.0,383,extraversion,high
191,7640,left_cheek,497.9,356.7,593.8,485.8,782.4,535.9,902.2,697.3,As93GgkTdt4.004.mp4,1280,720,25.0,383,extraversion,high
191,7640,right_cheek,695.1,351.0,793.3,483.1,1028.9,528.7,1151.6,693.9,As93GgkTdt4.004.mp4,1280,720,25.0,383,extraversion,high
192,7680,left_eye,505.8,252.8,611.2,342.4,792.3,406.0,924.0,518.0,As93GgkTdt4.004.mp4,1280,720,25.0,383,extraversion,high
192,7680,right_eye,673.7,248.3,781.2,338.7,1002.1,400.3,1136.5,513.4,As93GgkTdt4.004.mp4,1280,720,25.0,383,extraversion,high
192,7680,nose,600.7,310.7,686.9,437.8,910.9,478.4,1018.6,637.2,As93GgkTdt4.004.mp4,1280,720,25.0,383,extraversion,high
192,7680,mouth,589.3,458.7,699.6,521.8,896.7,663.3,1034.5,742.2,As93GgkTdt4.004.mp4,1280,720,25.0,383,extraversion,high
192,7680,forehead,485.5,196.0,805.9,463.9,766.8,335.0,1167.3,669.9,As93GgkTdt4.004.mp4,1280,720,25.0,383,extraversion,high
192,7680,chin,488.1,343.2,805.3,572.9,770.1,519.0,1166.7,806.2,As93GgkTdt4.004.mp4,1280,720,25.0,383,extraversion,high
192,7680,left_cheek,497.6,356.4,593.5,485.2,781.9,535.5,901.8,696.5,As93GgkTdt4.004.mp4,1280,720,25.0,383,extraversion,high
192,7680,right_cheek,694.8,349.1,792.9,481.0,1028.6,526.4,1151.2,691.2,As93GgkTdt4.004.mp4,1280,720,25.0,383,extraversion,high
193,7720,left_eye,504.3,250.3,609.8,339.9,790.4,402.8,922.3,514.9,As93GgkTdt4.004.mp4,1280,720,25.0,383,extraversion,high
193,7720,right_eye,672.0,246.5,779.6,336.5,1000.0,398.2,1134.5,510.6,As93GgkTdt4.004.mp4,1280,720,25.0,383,extraversion,high
193,7720,nose,600.2,308.5,686.8,435.6,910.2,475.7,1018.4,634.5,As93GgkTdt4.004.mp4,1280,720,25.0,383,extraversion,high
193,7720,mouth,588.6,455.4,699.3,519.0,895.8,659.3,1034.1,738.7,As93GgkTdt4.004.mp4,1280,720,25.0,383,extraversion,high
193,7720,forehead,484.9,194.2,804.5,463.3,766.1,332.7,1165.6,669.2,As93GgkTdt4.004.mp4,1280,720,25.0,383,extraversion,high
193,7720,chin,488.0,341.8,804.1,571.3,769.9,517.3,1165.1,804.1,As93GgkTdt4.004.mp4,1280,720,25.0,383,extraversion,high
193,7720,left_cheek,497.1,354.6,592.5,483.1,781.4,533.3,900.7,693.9,As93GgkTdt4.004.mp4,1280,720,25.0,383,extraversion,high
193,7720,right_cheek,694.0,347.4,791.6,478.9,1027.5,524.2,1149.5,688.7,As93GgkTdt4.004.mp4,1280,720,25.0,383,extraversion,high
194,7760,left_eye,502.2,248.6,608.2,338.0,787.7,400.8,920.2,512.5,As93GgkTdt4.004.mp4,1280,720,25.0,383,extraversion,high
194,7760,right_eye,670.3,245.0,778.2,335.0,997.8,396.3,1132.7,508.8,As93GgkTdt4.004.mp4,1280,720,25.0,383,extraversion,high
194,7760,nose,598.7,306.9,685.8,433.9,908.3,473.7,1017.3,632.4,As93GgkTdt4.004.mp4,1280,720,25.0,383,extraversion,high
194,7760,mouth,587.4,453.7,698.4,516.4,894.2,657.1,1033.0,735.5,As93GgkTdt4.004.mp4,1280,720,25.0,383,extraversion,high
194,7760,forehead,482.9,192.6,803.3,462.0,763.6,330.8,1164.1,667.5,As93GgkTdt4.004.mp4,1280,720,25.0,383,extraversion,high
194,7760,chin,486.2,340.2,802.9,569.7,767.8,515.3,1163.6,802.1,As93GgkTdt4.004.mp4,1280,720,25.0,383,extraversion,high
194,7760,left_cheek,495.3,352.5,590.7,481.0,779.1,530.7,898.3,691.3,As93GgkTdt4.004.mp4,1280,720,25.0,383,extraversion,high
194,7760,right_cheek,692.6,345.7,790.2,477.2,1025.7,522.1,1147.7,686.4,As93GgkTdt4.004.mp4,1280,720,25.0,383,extraversion,high
195,7800,left_eye,499.1,247.7,605.9,336.7,783.9,399.6,917.3,510.8,As93GgkTdt4.004.mp4,1280,720,25.0,383,extraversion,high
195,7800,right_eye,667.6,243.7,775.6,333.7,994.6,394.6,1129.5,507.1,As93GgkTdt4.004.mp4,1280,720,25.0,383,extraversion,high
195,7800,nose,596.7,305.8,684.1,433.0,905.9,472.3,1015.2,631.3,As93GgkTdt4.004.mp4,1280,720,25.0,383,extraversion,high
195,7800,mouth,584.8,452.0,697.9,515.1,891.0,655.0,1032.3,733.8,As93GgkTdt4.004.mp4,1280,720,25.0,383,extraversion,high
195,7800,forehead,478.7,191.1,800.6,461.3,758.4,328.9,1160.8,666.7,As93GgkTdt4.004.mp4,1280,720,25.0,383,extraversion,high
195,7800,chin,482.2,338.7,800.4,568.9,762.7,513.3,1160.5,801.1,As93GgkTdt4.004.mp4,1280,720,25.0,383,extraversion,high
195,7800,left_cheek,492.0,351.3,588.3,479.6,775.0,529.1,895.4,689.5,As93GgkTdt4.004.mp4,1280,720,25.0,383,extraversion,high
195,7800,right_cheek,690.6,344.0,788.1,475.3,1023.3,520.1,1145.1,684.2,As93GgkTdt4.004.mp4,1280,720,25.0,383,extraversion,high
196,7840,left_eye,497.9,247.1,604.1,336.1,782.4,398.8,915.1,510.1,As93GgkTdt4.004.mp4,1280,720,25.0,383,extraversion,high
196,7840,right_eye,665.9,242.8,775.0,332.8,992.3,393.4,1128.8,506.1,As93GgkTdt4.004.mp4,1280,720,25.0,383,extraversion,high
196,7840,nose,594.8,304.8,682.3,431.8,903.5,471.0,1012.9,629.8,As93GgkTdt4.004.mp4,1280,720,25.0,383,extraversion,high
196,7840,mouth,583.6,450.3,697.7,513.6,889.5,652.9,1032.2,731.9,As93GgkTdt4.004.mp4,1280,720,25.0,383,extraversion,high
196,7840,forehead,478.0,190.0,800.9,461.8,757.5,327.5,1161.1,667.2,As93GgkTdt4.004.mp4,1280,720,25.0,383,extraversion,high
196,7840,chin,481.5,338.9,800.6,568.1,761.9,513.6,1160.7,800.1,As93GgkTdt4.004.mp4,1280,720,25.0,383,extraversion,high
196,7840,left_cheek,490.8,351.0,586.6,479.3,773.5,528.8,893.3,689.1,As93GgkTdt4.004.mp4,1280,720,25.0,383,extraversion,high
196,7840,right_cheek,689.3,343.5,787.9,475.1,1021.7,519.3,1144.9,683.9,As93GgkTdt4.004.mp4,1280,720,25.0,383,extraversion,high
197,7880,left_eye,496.2,243.9,603.4,333.9,780.2,394.8,914.3,507.4,As93GgkTdt4.004.mp4,1280,720,25.0,383,extraversion,high
197,7880,right_eye,665.5,239.7,775.1,330.7,991.9,389.6,1128.9,503.3,As93GgkTdt4.004.mp4,1280,720,25.0,383,extraversion,high
197,7880,nose,593.3,301.5,681.1,428.0,901.7,466.9,1011.4,625.0,As93GgkTdt4.004.mp4,1280,720,25.0,383,extraversion,high
197,7880,mouth,583.1,445.7,697.7,509.6,888.8,647.1,1032.1,727.0,As93GgkTdt4.004.mp4,1280,720,25.0,383,extraversion,high
197,7880,forehead,476.6,187.0,801.0,461.8,755.7,323.8,1161.2,667.2,As93GgkTdt4.004.mp4,1280,720,25.0,383,extraversion,high
197,7880,chin,480.1,338.1,800.9,567.9,760.1,512.7,1161.1,799.9,As93GgkTdt4.004.mp4,1280,720,25.0,383,extraversion,high
197,7880,left_cheek,489.4,348.9,585.5,477.8,771.8,526.1,891.8,687.2,As93GgkTdt4.004.mp4,1280,720,25.0,383,extraversion,high
197,7880,right_cheek,688.6,341.3,788.0,473.4,1020.8,516.7,1145.0,681.8,As93GgkTdt4.004.mp4,1280,720,25.0,383,extraversion,high
198,7920,left_eye,496.2,240.3,603.6,330.7,780.2,390.4,914.5,503.3,As93GgkTdt4.004.mp4,1280,720,25.0,383,extraversion,high
198,7920,right_eye,665.9,236.8,775.4,328.3,992.4,386.0,1129.3,500.4,As93GgkTdt4.004.mp4,1280,720,25.0,383,extraversion,high
198,7920,nose,593.4,298.1,681.1,423.3,901.7,462.6,1011.4,619.2,As93GgkTdt4.004.mp4,1280,720,25.0,383,extraversion,high
198,7920,mouth,583.0,441.2,698.7,504.3,888.8,641.4,1033.4,720.4,As93GgkTdt4.004.mp4,1280,720,25.0,383,extraversion,high
198,7920,forehead,476.4,184.2,802.3,461.3,755.6,320.3,1162.8,666.7,As93GgkTdt4.004.mp4,1280,720,25.0,383,extraversion,high
198,7920,chin,479.8,337.3,802.3,566.7,759.8,511.6,1162.8,798.3,As93GgkTdt4.004.mp4,1280,720,25.0,383,extraversion,high
198,7920,left_cheek,489.5,346.0,585.5,475.0,771.9,522.5,891.9,683.7,As93GgkTdt4.004.mp4,1280,720,25.0,383,extraversion,high
198,7920,right_cheek,688.8,339.2,788.1,471.2,1021.0,514.0,1145.1,679.0,As93GgkTdt4.004.mp4,1280,720,25.0,383,extraversion,high
199,7960,left_eye,496.2,237.1,603.9,327.3,780.2,386.4,914.8,499.1,As93GgkTdt4.004.mp4,1280,720,25.0,383,extraversion,high
199,7960,right_eye,666.3,235.7,776.5,325.4,992.8,384.7,1130.6,496.7,As93GgkTdt4.004.mp4,1280,720,25.0,383,extraversion,high
199,7960,nose,593.1,296.3,680.7,420.2,901.4,460.4,1010.9,615.2,As93GgkTdt4.004.mp4,1280,720,25.0,383,extraversion,high
199,7960,mouth,582.4,437.6,699.1,500.4,888.0,637.0,1033.9,715.5,As93GgkTdt4.004.mp4,1280,720,25.0,383,extraversion,high
199,7960,forehead,476.7,184.3,805.0,458.6,755.9,320.3,1166.2,663.3,As93GgkTdt4.004.mp4,1280,720,25.0,383,extraversion,high
199,7960,chin,480.1,336.3,805.0,565.3,760.1,510.4,1166.2,796.7,As93GgkTdt4.004.mp4,1280,720,25.0,383,extraversion,high
199,7960,left_cheek,489.7,343.2,585.6,470.8,772.1,519.0,892.0,678.6,As93GgkTdt4.004.mp4,1280,720,25.0,383,extraversion,high
199,7960,right_cheek,688.9,337.2,789.6,467.7,1021.1,511.5,1147.0,674.6,As93GgkTdt4.004.mp4,1280,720,25.0,383,extraversion,high
200,8000,left_eye,494.2,235.3,602.6,324.9,777.7,384.1,913.2,496.1,As93GgkTdt4.004.mp4,1280,720,25.0,383,extraversion,high
200,8000,right_eye,666.5,236.0,777.0,324.1,993.1,385.0,1131.2,495.1,As93GgkTdt4.004.mp4,1280,720,25.0,383,extraversion,high
200,8000,nose,592.6,295.3,680.8,418.4,900.8,459.2,1010.9,613.0,As93GgkTdt4.004.mp4,1280,720,25.0,383,extraversion,high
200,8000,mouth,581.8,436.0,699.3,499.0,887.3,635.1,1034.1,713.7,As93GgkTdt4.004.mp4,1280,720,25.0,383,extraversion,high
200,8000,forehead,475.9,183.7,804.9,456.6,754.8,319.7,1166.1,660.8,As93GgkTdt4.004.mp4,1280,720,25.0,383,extraversion,high
200,8000,chin,478.8,335.9,804.9,564.9,758.5,509.8,1166.1,796.1,As93GgkTdt4.004.mp4,1280,720,25.0,383,extraversion,high
200,8000,left_cheek,488.6,341.4,584.8,468.7,770.7,516.7,891.1,675.8,As93GgkTdt4.004.mp4,1280,720,25.0,383,extraversion,high
200,8000,right_cheek,688.8,336.2,789.6,465.7,1021.0,510.3,1147.0,672.1,As93GgkTdt4.004.mp4,1280,720,25.0,383,extraversion,high
201,8039,left_eye,495.1,234.8,604.0,324.6,778.8,383.5,915.0,495.7,As93GgkTdt4.004.mp4,1280,720,25.0,383,extraversion,high
201,8039,right_eye,666.8,236.5,777.1,324.8,993.5,385.7,1131.4,496.0,As93GgkTdt4.004.mp4,1280,720,25.0,383,extraversion,high
201,8039,nose,592.7,295.4,680.5,418.7,900.8,459.3,1010.6,613.4,As93GgkTdt4.004.mp4,1280,720,25.0,383,extraversion,high
201,8039,mouth,581.7,437.1,698.9,499.5,887.1,636.4,1033.6,714.4,As93GgkTdt4.004.mp4,1280,720,25.0,383,extraversion,high
201,8039,forehead,477.0,184.6,804.8,454.8,756.3,320.7,1166.0,658.5,As93GgkTdt4.004.mp4,1280,720,25.0,383,extraversion,high
201,8039,chin,479.3,336.3,804.8,564.3,759.2,510.3,1166.0,795.4,As93GgkTdt4.004.mp4,1280,720,25.0,383,extraversion,high
201,8039,left_cheek,489.3,340.5,584.9,467.3,771.6,515.6,891.1,674.2,As93GgkTdt4.004.mp4,1280,720,25.0,383,extraversion,high
201,8039,right_cheek,688.8,337.1,789.6,466.0,1021.0,511.3,1147.0,672.5,As93GgkTdt4.004.mp4,1280,720,25.0,383,extraversion,high
202,8080,left_eye,496.6,235.3,604.5,325.7,780.7,384.1,915.6,497.1,As93GgkTdt4.004.mp4,1280,720,25.0,383,extraversion,high
202,8080,right_eye,667.0,237.1,777.1,325.1,993.8,386.4,1131.4,496.4,As93GgkTdt4.004.mp4,1280,720,25.0,383,extraversion,high
202,8080,nose,592.8,296.0,680.2,420.2,900.9,460.0,1010.3,615.3,As93GgkTdt4.004.mp4,1280,720,25.0,383,extraversion,high
202,8080,mouth,581.8,438.9,696.8,501.2,887.2,638.6,1031.1,716.5,As93GgkTdt4.004.mp4,1280,720,25.0,383,extraversion,high
202,8080,forehead,477.6,184.8,802.5,453.8,757.0,321.0,1163.2,657.3,As93GgkTdt4.004.mp4,1280,720,25.0,383,extraversion,high
202,8080,chin,479.8,336.9,802.5,563.8,759.7,511.2,1163.1,794.8,As93GgkTdt4.004.mp4,1280,720,25.0,383,extraversion,high
202,8080,left_cheek,489.9,340.5,585.0,468.1,772.4,515.6,891.2,675.1,As93GgkTdt4.004.mp4,1280,720,25.0,383,extraversion,high
202,8080,right_cheek,688.7,337.1,788.8,467.2,1020.8,511.4,1146.0,674.0,As93GgkTdt4.004.mp4,1280,720,25.0,383,extraversion,high
203,8119,left_eye,497.5,235.7,604.6,326.4,781.8,384.7,915.8,498.0,As93GgkTdt4.004.mp4,1280,720,25.0,383,extraversion,high
203,8119,right_eye,667.2,237.4,776.8,326.5,993.9,386.7,1131.0,498.2,As93GgkTdt4.004.mp4,1280,720,25.0,383,extraversion,high
203,8119,nose,592.5,296.4,680.1,420.4,900.6,460.5,1010.1,615.5,As93GgkTdt4.004.mp4,1280,720,25.0,383,extraversion,high
203,8119,mouth,581.1,440.0,695.8,501.8,886.4,640.0,1029.7,717.2,As93GgkTdt4.004.mp4,1280,720,25.0,383,extraversion,high
203,8119,forehead,477.6,185.1,800.1,454.1,757.0,321.3,1160.2,657.6,As93GgkTdt4.004.mp4,1280,720,25.0,383,extraversion,high
203,8119,chin,479.8,337.7,799.4,564.0,759.8,512.2,1159.2,795.0,As93GgkTdt4.004.mp4,1280,720,25.0,383,extraversion,high
203,8119,left_cheek,490.0,341.0,585.1,468.9,772.4,516.3,891.4,676.1,As93GgkTdt4.004.mp4,1280,720,25.0,383,extraversion,high
203,8119,right_cheek,688.5,338.8,787.5,467.3,1020.6,513.6,1144.3,674.1,As93GgkTdt4.004.mp4,1280,720,25.0,383,extraversion,high
204,8160,left_eye,497.7,238.5,604.9,327.3,782.1,388.2,916.1,499.2,As93GgkTdt4.004.mp4,1280,720,25.0,383,extraversion,high
204,8160,right_eye,667.2,239.6,776.3,329.7,994.0,389.5,1130.3,502.1,As93GgkTdt4.004.mp4,1280,720,25.0,383,extraversion,high
204,8160,nose,592.3,298.2,679.9,422.5,900.4,462.7,1009.8,618.1,As93GgkTdt4.004.mp4,1280,720,25.0,383,extraversion,high
204,8160,mouth,580.3,443.3,693.8,502.2,885.4,644.1,1027.2,717.8,As93GgkTdt4.004.mp4,1280,720,25.0,383,extraversion,high
204,8160,forehead,477.6,186.8,798.2,454.2,757.0,323.5,1157.8,657.8,As93GgkTdt4.004.mp4,1280,720,25.0,383,extraversion,high
204,8160,chin,479.8,338.6,797.2,564.2,759.8,513.3,1156.5,795.2,As93GgkTdt4.004.mp4,1280,720,25.0,383,extraversion,high
204,8160,left_cheek,490.0,341.3,585.2,469.1,772.5,516.6,891.6,676.4,As93GgkTdt4.004.mp4,1280,720,25.0,383,extraversion,high
204,8160,right_cheek,688.1,341.2,785.8,468.5,1020.1,516.5,1142.3,675.6,As93GgkTdt4.004.mp4,1280,720,25.0,383,extraversion,high
205,8200,left_eye,499.8,242.3,606.0,328.7,784.7,392.9,917.6,500.9,As93GgkTdt4.004.mp4,1280,720,25.0,383,extraversion,high
205,8200,right_eye,669.0,242.2,777.7,331.8,996.2,392.8,1132.2,504.7,As93GgkTdt4.004.mp4,1280,720,25.0,383,extraversion,high
205,8200,nose,592.5,300.4,679.9,425.2,900.6,465.5,1009.9,621.4,As93GgkTdt4.004.mp4,1280,720,25.0,383,extraversion,high
205,8200,mouth,580.4,446.8,693.1,502.5,885.5,648.6,1026.3,718.1,As93GgkTdt4.004.mp4,1280,720,25.0,383,extraversion,high
205,8200,forehead,479.0,189.2,800.7,454.8,758.7,326.5,1160.9,658.5,As93GgkTdt4.004.mp4,1280,720,25.0,383,extraversion,high
205,8200,chin,481.1,339.4,799.3,564.2,761.4,514.2,1159.2,795.2,As93GgkTdt4.004.mp4,1280,720,25.0,383,extraversion,high
205,8200,left_cheek,491.1,341.9,586.1,470.0,773.9,517.4,892.7,677.5,As93GgkTdt4.004.mp4,1280,720,25.0,383,extraversion,high
205,8200,right_cheek,688.5,344.2,786.9,471.9,1020.6,520.2,1143.7,679.9,As93GgkTdt4.004.mp4,1280,720,25.0,383,extraversion,high
206,8240,left_eye,500.4,244.3,608.0,330.5,785.5,395.3,920.0,503.2,As93GgkTdt4.004.mp4,1280,720,25.0,383,extraversion,high
206,8240,right_eye,670.7,243.7,778.3,333.5,998.3,394.7,1132.9,506.9,As93GgkTdt4.004.mp4,1280,720,25.0,383,extraversion,high
206,8240,nose,593.8,302.2,680.6,427.1,902.3,467.7,1010.7,623.8,As93GgkTdt4.004.mp4,1280,720,25.0,383,extraversion,high
206,8240,mouth,581.5,448.6,692.8,502.6,886.9,650.7,1025.9,718.3,As93GgkTdt4.004.mp4,1280,720,25.0,383,extraversion,high
206,8240,forehead,479.0,190.4,800.6,454.8,758.8,328.0,1160.8,658.5,As93GgkTdt4.004.mp4,1280,720,25.0,383,extraversion,high
206,8240,chin,481.1,339.5,799.3,564.2,761.4,514.4,1159.1,795.3,As93GgkTdt4.004.mp4,1280,720,25.0,383,extraversion,high
206,8240,left_cheek,491.9,342.7,587.6,470.9,774.9,518.4,894.5,678.7,As93GgkTdt4.004.mp4,1280,720,25.0,383,extraversion,high
206,8240,right_cheek,689.0,345.3,787.0,473.1,1021.3,521.6,1143.8,681.4,As93GgkTdt4.004.mp4,1280,720,25.0,383,extraversion,high
207,8280,left_eye,500.8,245.4,608.4,331.4,786.0,396.7,920.5,504.2,As93GgkTdt4.004.mp4,1280,720,25.0,383,extraversion,high
207,8280,right_eye,671.3,244.7,778.5,334.1,999.1,395.9,1133.1,507.6,As93GgkTdt4.004.mp4,1280,720,25.0,383,extraversion,high
207,8280,nose,594.3,303.3,680.6,428.2,902.8,469.2,1010.8,625.2,As93GgkTdt4.004.mp4,1280,720,25.0,383,extraversion,high
207,8280,mouth,581.6,448.9,692.1,502.2,887.0,651.2,1025.1,717.8,As93GgkTdt4.004.mp4,1280,720,25.0,383,extraversion,high
207,8280,forehead,479.0,191.4,800.5,454.8,758.8,329.3,1160.6,658.6,As93GgkTdt4.004.mp4,1280,720,25.0,383,extraversion,high
207,8280,chin,481.1,339.5,799.2,564.3,761.4,514.4,1159.0,795.4,As93GgkTdt4.004.mp4,1280,720,25.0,383,extraversion,high
207,8280,left_cheek,492.2,343.1,588.0,471.2,775.2,518.9,895.1,679.0,As93GgkTdt4.004.mp4,1280,720,25.0,383,extraversion,high
207,8280,right_cheek,689.2,346.0,787.1,473.8,1021.5,522.5,1143.8,682.3,As93GgkTdt4.004.mp4,1280,720,25.0,383,extraversion,high
208,8320,left_eye,501.8,245.7,608.8,331.4,787.2,397.2,921.0,504.2,As93GgkTdt4.004.mp4,1280,720,25.0,383,extraversion,high
208,8320,right_eye,671.6,245.4,778.5,334.3,999.5,396.7,1133.2,507.9,As93GgkTdt4.004.mp4,1280,720,25.0,383,extraversion,high
208,8320,nose,594.5,303.7,680.7,428.3,903.1,469.6,1010.8,625.4,As93GgkTdt4.004.mp4,1280,720,25.0,383,extraversion,high
208,8320,mouth,582.0,449.0,691.3,502.5,887.4,651.3,1024.1,718.1,As93GgkTdt4.004.mp4,1280,720,25.0,383,extraversion,high
208,8320,forehead,479.2,191.9,800.2,454.7,759.0,329.9,1160.2,658.3,As93GgkTdt4.004.mp4,1280,720,25.0,383,extraversion,high
208,8320,chin,481.1,338.4,798.9,564.2,761.4,513.0,1158.6,795.2,As93GgkTdt4.004.mp4,1280,720,25.0,383,extraversion,high
208,8320,left_cheek,492.6,343.2,588.5,471.1,775.7,518.9,895.6,678.9,As93GgkTdt4.004.mp4,1280,720,25.0,383,extraversion,high
208,8320,right_cheek,689.2,346.1,786.9,473.8,1021.5,522.7,1143.7,682.2,As93GgkTdt4.004.mp4,1280,720,25.0,383,extraversion,high
209,8360,left_eye,502.1,246.5,608.9,331.9,787.7,398.2,921.1,504.9,As93GgkTdt4.004.mp4,1280,720,25.0,383,extraversion,high
209,8360,right_eye,671.9,247.1,778.5,335.3,999.9,398.9,1133.1,509.1,As93GgkTdt4.004.mp4,1280,720,25.0,383,extraversion,high
209,8360,nose,594.7,305.1,681.2,429.5,903.4,471.4,1011.4,626.8,As93GgkTdt4.004.mp4,1280,720,25.0,383,extraversion,high
209,8360,mouth,582.1,451.1,690.4,508.2,887.6,653.8,1023.0,725.2,As93GgkTdt4.004.mp4,1280,720,25.0,383,extraversion,high
209,8360,forehead,479.0,193.3,798.6,454.7,758.7,331.6,1158.3,658.4,As93GgkTdt4.004.mp4,1280,720,25.0,383,extraversion,high
209,8360,chin,480.8,337.9,797.0,564.1,761.0,512.3,1156.3,795.1,As93GgkTdt4.004.mp4,1280,720,25.0,383,extraversion,high
209,8360,left_cheek,492.6,343.2,588.8,471.1,775.7,519.0,895.9,678.9,As93GgkTdt4.004.mp4,1280,720,25.0,383,extraversion,high
209,8360,right_cheek,689.3,347.3,786.5,474.6,1021.6,524.1,1143.2,683.3,As93GgkTdt4.004.mp4,1280,720,25.0,383,extraversion,high
210,8400,left_eye,502.1,250.5,608.0,333.6,787.6,403.1,920.0,506.9,As93GgkTdt4.004.mp4,1280,720,25.0,383,extraversion,high
210,8400,right_eye,672.0,251.6,778.5,337.5,1000.0,404.5,1133.1,511.8,As93GgkTdt4.004.mp4,1280,720,25.0,383,extraversion,high
210,8400,nose,594.6,308.5,680.5,433.1,903.2,475.6,1010.6,631.3,As93GgkTdt4.004.mp4,1280,720,25.0,383,extraversion,high
210,8400,mouth,582.1,455.9,688.3,515.1,887.6,659.8,1020.4,733.8,As93GgkTdt4.004.mp4,1280,720,25.0,383,extraversion,high
210,8400,forehead,478.8,196.7,797.8,456.2,758.5,335.9,1157.3,660.2,As93GgkTdt4.004.mp4,1280,720,25.0,383,extraversion,high
210,8400,chin,480.7,338.3,796.0,564.2,760.8,512.9,1155.1,795.2,As93GgkTdt4.004.mp4,1280,720,25.0,383,extraversion,high
210,8400,left_cheek,492.2,345.0,588.6,472.6,775.3,521.2,895.8,680.7,As93GgkTdt4.004.mp4,1280,720,25.0,383,extraversion,high
210,8400,right_cheek,689.0,350.5,786.1,477.2,1021.2,528.1,1142.6,686.5,As93GgkTdt4.004.mp4,1280,720,25.0,383,extraversion,high
211,8440,left_eye,502.0,255.6,607.8,338.0,787.5,409.5,919.7,512.5,As93GgkTdt4.004.mp4,1280,720,25.0,383,extraversion,high
211,8440,right_eye,671.7,256.3,778.4,341.9,999.6,410.4,1132.9,517.4,As93GgkTdt4.004.mp4,1280,720,25.0,383,extraversion,high
211,8440,nose,593.4,313.4,679.0,438.1,901.8,481.8,1008.8,637.6,As93GgkTdt4.004.mp4,1280,720,25.0,383,extraversion,high
211,8440,mouth,581.7,460.1,687.1,519.6,887.1,665.1,1018.9,739.6,As93GgkTdt4.004.mp4,1280,720,25.0,383,extraversion,high
211,8440,forehead,478.1,201.1,797.8,459.9,757.6,341.4,1157.3,664.8,As93GgkTdt4.004.mp4,1280,720,25.0,383,extraversion,high
211,8440,chin,480.0,340.8,796.1,566.0,760.0,516.0,1155.1,797.6,As93GgkTdt4.004.mp4,1280,720,25.0,383,extraversion,high
211,8440,left_cheek,491.3,348.6,587.9,475.7,774.2,525.8,894.8,684.7,As93GgkTdt4.004.mp4,1280,720,25.0,383,extraversion,high
211,8440,right_cheek,688.0,354.8,785.7,481.2,1020.0,533.5,1142.2,691.5,As93GgkTdt4.004.mp4,1280,720,25.0,383,extraversion,high
212,8480,left_eye,501.3,257.6,607.2,339.9,786.6,411.9,919.0,514.8,As93GgkTdt4.004.mp4,1280,720,25.0,383,extraversion,high
212,8480,right_eye,670.2,258.1,777.7,344.5,997.7,412.6,1132.1,520.6,As93GgkTdt4.004.mp4,1280,720,25.0,383,extraversion,high
212,8480,nose,592.1,315.4,677.9,440.1,900.1,484.3,1007.4,640.1,As93GgkTdt4.004.mp4,1280,720,25.0,383,extraversion,high
212,8480,mouth,581.1,461.4,687.0,521.3,886.4,666.8,1018.7,741.6,As93GgkTdt4.004.mp4,1280,720,25.0,383,extraversion,high
212,8480,forehead,476.4,202.9,797.3,462.2,755.4,343.6,1156.6,667.8,As93GgkTdt4.004.mp4,1280,720,25.0,383,extraversion,high
212,8480,chin,478.4,342.7,795.5,566.9,758.0,518.4,1154.3,798.6,As93GgkTdt4.004.mp4,1280,720,25.0,383,extraversion,high
212,8480,left_cheek,489.9,350.7,586.7,477.6,772.4,528.3,893.4,687.0,As93GgkTdt4.004.mp4,1280,720,25.0,383,extraversion,high
212,8480,right_cheek,687.0,356.9,785.2,483.1,1018.8,536.1,1141.4,693.9,As93GgkTdt4.004.mp4,1280,720,25.0,383,extraversion,high
213,8520,left_eye,499.6,259.0,605.7,341.3,784.5,413.7,917.1,516.7,As93GgkTdt4.004.mp4,1280,720,25.0,383,extraversion,high
213,8520,right_eye,668.6,259.1,776.8,345.6,995.7,413.9,1131.0,522.0,As93GgkTdt4.004.mp4,1280,720,25.0,383,extraversion,high
213,8520,nose,590.8,316.6,676.6,441.4,898.5,485.7,1005.7,641.7,As93GgkTdt4.004.mp4,1280,720,25.0,383,extraversion,high
213,8520,mouth,580.4,462.3,686.2,521.7,885.5,667.9,1017.7,742.2,As93GgkTdt4.004.mp4,1280,720,25.0,383,extraversion,high
213,8520,forehead,474.7,204.0,797.1,464.1,753.4,345.0,1156.3,670.1,As93GgkTdt4.004.mp4,1280,720,25.0,383,extraversion,high
213,8520,chin,476.9,344.7,795.4,567.8,756.1,520.8,1154.2,799.8,As93GgkTdt4.004.mp4,1280,720,25.0,383,extraversion,high
213,8520,left_cheek,488.2,352.4,585.2,479.2,770.3,530.5,891.5,689.0,As93GgkTdt4.004.mp4,1280,720,25.0,383,extraversion,high
213,8520,right_cheek,685.9,358.1,784.8,484.6,1017.3,537.7,1141.0,695.8,As93GgkTdt4.004.mp4,1280,720,25.0,383,extraversion,high
214,8560,left_eye,497.9,258.7,604.0,341.3,782.3,413.4,914.9,516.6,As93GgkTdt4.004.mp4,1280,720,25.0,383,extraversion,high
214,8560,right_eye,667.4,257.8,775.1,344.8,994.2,412.3,1128.9,521.0,As93GgkTdt4.004.mp4,1280,720,25.0,383,extraversion,high
214,8560,nose,590.3,315.9,675.8,440.7,897.9,484.9,1004.7,640.8,As93GgkTdt4.004.mp4,1280,720,25.0,383,extraversion,high
214,8560,mouth,580.1,461.2,686.2,520.7,885.2,666.5,1017.7,740.8,As93GgkTdt4.004.mp4,1280,720,25.0,383,extraversion,high
214,8560,forehead,473.4,203.3,795.8,463.7,751.7,344.2,1154.7,669.6,As93GgkTdt4.004.mp4,1280,720,25.0,383,extraversion,high
214,8560,chin,475.8,345.4,794.4,567.7,754.7,521.8,1153.1,799.7,As93GgkTdt4.004.mp4,1280,720,25.0,383,extraversion,high
214,8560,left_cheek,487.4,352.8,584.4,479.5,769.3,531.0,890.5,689.4,As93GgkTdt4.004.mp4,1280,720,25.0,383,extraversion,high
214,8560,right_cheek,685.0,356.9,783.8,483.9,1016.2,536.2,1139.7,694.8,As93GgkTdt4.004.mp4,1280,720,25.0,383,extraversion,high
215,8600,left_eye,497.6,258.5,603.8,340.9,782.0,413.1,914.7,516.1,As93GgkTdt4.004.mp4,1280,720,25.0,383,extraversion,high
215,8600,right_eye,667.2,257.0,774.3,343.9,994.0,411.2,1127.9,519.9,As93GgkTdt4.004.mp4,1280,720,25.0,383,extraversion,high
215,8600,nose,590.4,315.2,675.4,439.7,898.0,484.0,1004.3,639.7,As93GgkTdt4.004.mp4,1280,720,25.0,383,extraversion,high
215,8600,mouth,580.2,460.3,686.3,520.7,885.2,665.4,1017.8,740.9,As93GgkTdt4.004.mp4,1280,720,25.0,383,extraversion,high
215,8600,forehead,473.5,203.0,795.5,463.1,751.9,343.7,1154.3,668.9,As93GgkTdt4.004.mp4,1280,720,25.0,383,extraversion,high
215,8600,chin,475.9,346.0,794.3,568.1,754.9,522.5,1152.9,800.2,As93GgkTdt4.004.mp4,1280,720,25.0,383,extraversion,high
215,8600,left_cheek,487.5,352.9,584.3,479.4,769.4,531.1,890.4,689.3,As93GgkTdt4.004.mp4,1280,720,25.0,383,extraversion,high
215,8600,right_cheek,684.7,356.1,783.3,483.1,1015.9,535.1,1139.1,693.9,As93GgkTdt4.004.mp4,1280,720,25.0,383,extraversion,high
216,8640,left_eye,497.7,257.9,603.8,340.0,782.1,412.3,914.8,515.0,As93GgkTdt4.004.mp4,1280,720,25.0,383,extraversion,high
216,8640,right_eye,667.0,254.5,774.0,342.0,993.8,408.1,1127.4,517.5,As93GgkTdt4.004.mp4,1280,720,25.0,383,extraversion,high
216,8640,nose,590.4,313.6,675.3,438.3,898.0,482.1,1004.1,637.9,As93GgkTdt4.004.mp4,1280,720,25.0,383,extraversion,high
216,8640,mouth,580.3,459.4,686.3,521.6,885.3,664.2,1017.9,742.1,As93GgkTdt4.004.mp4,1280,720,25.0,383,extraversion,high
216,8640,forehead,473.6,201.6,795.2,462.1,752.0,342.0,1154.1,667.6,As93GgkTdt4.004.mp4,1280,720,25.0,383,extraversion,high
216,8640,chin,476.0,345.8,794.3,568.1,755.0,522.2,1152.8,800.1,As93GgkTdt4.004.mp4,1280,720,25.0,383,extraversion,high
216,8640,left_cheek,487.7,352.7,584.4,479.3,769.6,530.9,890.4,689.2,As93GgkTdt4.004.mp4,1280,720,25.0,383,extraversion,high
216,8640,right_cheek,684.6,354.5,783.1,482.6,1015.7,533.1,1138.9,693.2,As93GgkTdt4.004.mp4,1280,720,25.0,383,extraversion,high
217,8680,left_eye,497.7,252.6,603.9,335.6,782.1,405.7,914.9,509.4,As93GgkTdt4.004.mp4,1280,720,25.0,383,extraversion,high
217,8680,right_eye,667.1,248.8,773.9,337.0,993.9,401.0,1127.4,511.3,As93GgkTdt4.004.mp4,1280,720,25.0,383,extraversion,high
217,8680,nose,590.5,308.4,675.4,433.9,898.1,475.5,1004.3,632.4,As93GgkTdt4.004.mp4,1280,720,25.0,383,extraversion,high
217,8680,mouth,580.7,455.8,686.4,521.1,885.8,659.8,1018.0,741.4,As93GgkTdt4.004.mp4,1280,720,25.0,383,extraversion,high
217,8680,forehead,473.7,196.6,794.9,457.8,752.2,335.7,1153.6,662.3,As93GgkTdt4.004.mp4,1280,720,25.0,383,extraversion,high
217,8680,chin,476.2,342.3,794.0,567.6,755.2,517.8,1152.5,799.6,As93GgkTdt4.004.mp4,1280,720,25.0,383,extraversion,high
217,8680,left_cheek,487.8,348.8,584.4,476.9,769.7,526.1,890.5,686.1,As93GgkTdt4.004.mp4,1280,720,25.0,383,extraversion,high
217,8680,right_cheek,684.7,349.5,783.1,479.0,1015.9,526.9,1138.8,688.7,As93GgkTdt4.004.mp4,1280,720,25.0,383,extraversion,high
218,8720,left_eye,497.7,248.4,604.3,332.3,782.1,400.5,915.3,505.4,As93GgkTdt4.004.mp4,1280,720,25.0,383,extraversion,high
218,8720,right_eye,667.5,245.5,774.3,334.1,994.4,396.9,1127.9,507.6,As93GgkTdt4.004.mp4,1280,720,25.0,383,extraversion,high
218,8720,nose,590.5,305.1,675.5,430.9,898.2,471.4,1004.3,628.7,As93GgkTdt4.004.mp4,1280,720,25.0,383,extraversion,high
218,8720,mouth,581.2,454.0,686.4,520.7,886.5,657.5,1018.0,740.9,As93GgkTdt4.004.mp4,1280,720,25.0,383,extraversion,high
218,8720,forehead,474.3,193.5,795.0,455.3,752.9,331.9,1153.8,659.2,As93GgkTdt4.004.mp4,1280,720,25.0,383,extraversion,high
218,8720,chin,476.8,339.8,794.1,567.6,756.0,514.7,1152.6,799.5,As93GgkTdt4.004.mp4,1280,720,25.0,383,extraversion,high
218,8720,left_cheek,487.9,345.8,584.5,474.8,769.9,522.3,890.6,683.5,As93GgkTdt4.004.mp4,1280,720,25.0,383,extraversion,high
218,8720,right_cheek,684.8,346.9,783.1,476.7,1016.0,523.7,1138.8,685.9,As93GgkTdt4.004.mp4,1280,720,25.0,383,extraversion,high
219,8760,left_eye,498.0,246.4,605.1,331.0,782.5,398.0,916.4,503.8,As93GgkTdt4.004.mp4,1280,720,25.0,383,extraversion,high
219,8760,right_eye,668.7,244.1,775.1,333.0,995.8,395.1,1128.8,506.2,As93GgkTdt4.004.mp4,1280,720,25.0,383,extraversion,high
219,8760,nose,591.2,303.6,676.2,429.8,899.0,469.5,1005.3,627.2,As93GgkTdt4.004.mp4,1280,720,25.0,383,extraversion,high
219,8760,mouth,581.5,453.0,686.4,519.6,886.9,656.3,1018.0,739.5,As93GgkTdt4.004.mp4,1280,720,25.0,383,extraversion,high
219,8760,forehead,474.8,191.9,795.0,454.0,753.5,329.8,1153.8,657.4,As93GgkTdt4.004.mp4,1280,720,25.0,383,extraversion,high
219,8760,chin,477.1,338.1,794.1,567.4,756.4,512.6,1152.6,799.3,As93GgkTdt4.004.mp4,1280,720,25.0,383,extraversion,high
219,8760,left_cheek,488.2,344.2,585.0,473.8,770.3,520.3,891.3,682.2,As93GgkTdt4.004.mp4,1280,720,25.0,383,extraversion,high
219,8760,right_cheek,685.5,345.6,783.3,475.4,1016.9,522.0,1139.1,684.3,As93GgkTdt4.004.mp4,1280,720,25.0,383,extraversion,high
220,8800,left_eye,499.1,246.5,606.1,331.0,783.9,398.1,917.6,503.8,As93GgkTdt4.004.mp4,1280,720,25.0,383,extraversion,high
220,8800,right_eye,669.8,244.6,776.6,333.2,997.3,395.7,1130.8,506.5,As93GgkTdt4.004.mp4,1280,720,25.0,383,extraversion,high
220,8800,nose,592.0,303.8,678.0,429.7,900.0,469.8,1007.5,627.2,As93GgkTdt4.004.mp4,1280,720,25.0,383,extraversion,high
220,8800,mouth,581.7,453.3,687.5,515.7,887.2,656.6,1019.3,734.7,As93GgkTdt4.004.mp4,1280,720,25.0,383,extraversion,high
220,8800,forehead,475.7,191.7,796.5,453.9,754.6,329.7,1155.6,657.4,As93GgkTdt4.004.mp4,1280,720,25.0,383,extraversion,high
220,8800,chin,477.8,337.5,795.1,567.4,757.3,511.9,1153.9,799.2,As93GgkTdt4.004.mp4,1280,720,25.0,383,extraversion,high
220,8800,left_cheek,489.1,343.9,585.9,473.6,771.4,519.9,892.3,682.0,As93GgkTdt4.004.mp4,1280,720,25.0,383,extraversion,high
220,8800,right_cheek,686.9,345.8,784.5,475.4,1018.6,522.3,1140.7,684.3,As93GgkTdt4.004.mp4,1280,720,25.0,383,extraversion,high
221,8840,left_eye,500.0,246.9,607.6,331.3,785.0,398.6,919.5,504.2,As93GgkTdt4.004.mp4,1280,720,25.0,383,extraversion,high
221,8840,right_eye,671.3,244.8,778.3,333.4,999.2,395.9,1132.8,506.8,As93GgkTdt4.004.mp4,1280,720,25.0,383,extraversion,high
221,8840,nose,593.7,304.2,680.0,430.0,902.1,470.3,1010.0,627.6,As93GgkTdt4.004.mp4,1280,720,25.0,383,extraversion,high
221,8840,mouth,583.2,453.4,690.4,510.1,888.9,656.8,1023.0,727.6,As93GgkTdt4.004.mp4,1280,720,25.0,383,extraversion,high
221,8840,forehead,476.3,191.8,798.7,454.0,755.4,329.7,1158.4,657.5,As93GgkTdt4.004.mp4,1280,720,25.0,383,extraversion,high
221,8840,chin,478.4,337.7,797.5,567.4,758.0,512.2,1156.9,799.2,As93GgkTdt4.004.mp4,1280,720,25.0,383,extraversion,high
221,8840,left_cheek,490.2,344.2,587.5,473.7,772.7,520.3,894.4,682.1,As93GgkTdt4.004.mp4,1280,720,25.0,383,extraversion,high
221,8840,right_cheek,688.6,345.8,786.3,475.4,1020.7,522.2,1142.9,684.3,As93GgkTdt4.004.mp4,1280,720,25.0,383,extraversion,high
222,8880,left_eye,500.8,247.2,609.0,331.5,786.0,399.0,921.2,504.4,As93GgkTdt4.004.mp4,1280,720,25.0,383,extraversion,high
222,8880,right_eye,672.3,244.8,779.2,333.6,1000.4,396.1,1134.0,506.9,As93GgkTdt4.004.mp4,1280,720,25.0,383,extraversion,high
222,8880,nose,595.1,304.4,681.8,430.2,903.8,470.5,1012.2,627.7,As93GgkTdt4.004.mp4,1280,720,25.0,383,extraversion,high
222,8880,mouth,583.3,453.3,693.4,507.9,889.1,656.6,1026.8,724.9,As93GgkTdt4.004.mp4,1280,720,25.0,383,extraversion,high
222,8880,forehead,476.8,191.9,799.4,453.7,755.9,329.9,1159.3,657.1,As93GgkTdt4.004.mp4,1280,720,25.0,383,extraversion,high
222,8880,chin,478.8,337.9,798.2,567.3,758.5,512.3,1157.7,799.1,As93GgkTdt4.004.mp4,1280,720,25.0,383,extraversion,high
222,8880,left_cheek,491.1,344.4,588.7,473.7,773.9,520.5,895.9,682.1,As93GgkTdt4.004.mp4,1280,720,25.0,383,extraversion,high
222,8880,right_cheek,690.0,345.6,787.3,475.1,1022.5,522.0,1144.1,683.9,As93GgkTdt4.004.mp4,1280,720,25.0,383,extraversion,high
223,8920,left_eye,501.3,247.2,609.6,331.6,786.6,399.1,922.0,504.6,As93GgkTdt4.004.mp4,1280,720,25.0,383,extraversion,high
223,8920,right_eye,673.1,245.1,779.6,333.6,1001.4,396.4,1134.5,506.9,As93GgkTdt4.004.mp4,1280,720,25.0,383,extraversion,high
223,8920,nose,595.4,304.6,682.7,430.1,904.3,470.7,1013.3,627.6,As93GgkTdt4.004.mp4,1280,720,25.0,383,extraversion,high
223,8920,mouth,583.1,452.8,695.5,507.4,888.8,656.0,1029.4,724.2,As93GgkTdt4.004.mp4,1280,720,25.0,383,extraversion,high
223,8920,forehead,477.0,192.1,799.9,453.7,756.2,330.1,1159.9,657.1,As93GgkTdt4.004.mp4,1280,720,25.0,383,extraversion,high
223,8920,chin,478.9,338.0,798.7,567.3,758.7,512.5,1158.3,799.1,As93GgkTdt4.004.mp4,1280,720,25.0,383,extraversion,high
223,8920,left_cheek,491.5,344.5,589.2,473.7,774.4,520.6,896.5,682.1,As93GgkTdt4.004.mp4,1280,720,25.0,383,extraversion,high
223,8920,right_cheek,690.8,345.7,788.0,474.9,1023.6,522.1,1145.0,683.6,As93GgkTdt4.004.mp4,1280,720,25.0,383,extraversion,high
224,8960,left_eye,502.0,248.7,610.3,332.0,787.5,400.8,922.8,504.9,As93GgkTdt4.004.mp4,1280,720,25.0,383,extraversion,high
224,8960,right_eye,673.9,245.2,781.7,333.7,1002.4,396.5,1137.1,507.1,As93GgkTdt4.004.mp4,1280,720,25.0,383,extraversion,high
224,8960,nose,595.3,304.6,684.2,430.2,904.2,470.7,1015.3,627.7,As93GgkTdt4.004.mp4,1280,720,25.0,383,extraversion,high
224,8960,mouth,581.8,451.9,699.4,508.2,887.2,654.9,1034.3,725.3,As93GgkTdt4.004.mp4,1280,720,25.0,383,extraversion,high
224,8960,forehead,477.2,192.3,803.6,453.8,756.6,330.3,1164.5,657.3,As93GgkTdt4.004.mp4,1280,720,25.0,383,extraversion,high
224,8960,chin,479.2,338.9,802.2,567.7,759.0,513.6,1162.7,799.6,As93GgkTdt4.004.mp4,1280,720,25.0,383,extraversion,high
224,8960,left_cheek,491.7,345.1,589.4,474.3,774.6,521.3,896.7,682.8,As93GgkTdt4.004.mp4,1280,720,25.0,383,extraversion,high
224,8960,right_cheek,692.4,345.9,791.1,475.0,1025.5,522.3,1148.9,683.7,As93GgkTdt4.004.mp4,1280,720,25.0,383,extraversion,high
225,9000,left_eye,502.2,250.0,610.9,332.6,787.7,402.4,923.6,505.7,As93GgkTdt4.004.mp4,1280,720,25.0,383,extraversion,high
225,9000,right_eye,674.6,245.3,781.5,333.7,1003.3,396.7,1136.9,507.1,As93GgkTdt4.004.mp4,1280,720,25.0,383,extraversion,high
225,9000,nose,596.6,304.6,687.0,430.2,905.8,470.8,1018.8,627.8,As93GgkTdt4.004.mp4,1280,720,25.0,383,extraversion,high
225,9000,mouth,580.5,450.0,704.5,512.5,885.6,652.5,1040.7,730.6,As93GgkTdt4.004.mp4,1280,720,25.0,383,extraversion,high
225,9000,forehead,477.0,192.4,803.0,456.0,756.3,330.5,1163.7,659.9,As93GgkTdt4.004.mp4,1280,720,25.0,383,extraversion,high
225,9000,chin,479.0,339.9,801.7,568.5,758.8,514.9,1162.1,800.6,As93GgkTdt4.004.mp4,1280,720,25.0,383,extraversion,high
225,9000,left_cheek,492.0,346.6,590.3,475.2,775.0,523.2,897.8,684.0,As93GgkTdt4.004.mp4,1280,720,25.0,383,extraversion,high
225,9000,right_cheek,693.8,345.7,790.9,474.8,1027.3,522.1,1148.6,683.5,As93GgkTdt4.004.mp4,1280,720,25.0,383,extraversion,high
226,9040,left_eye,502.9,251.0,612.4,333.6,788.7,403.7,925.5,507.0,As93GgkTdt4.004.mp4,1280,720,25.0,383,extraversion,high
226,9040,right_eye,675.6,245.4,781.7,333.7,1004.5,396.8,1137.1,507.2,As93GgkTdt4.004.mp4,1280,720,25.0,383,extraversion,high
226,9040,nose,599.0,304.8,689.0,430.3,908.8,471.0,1021.2,627.8,As93GgkTdt4.004.mp4,1280,720,25.0,383,extraversion,high
226,9040,mouth,580.2,448.5,708.5,515.3,885.2,650.6,1045.6,734.1,As93GgkTdt4.004.mp4,1280,720,25.0,383,extraversion,high
226,9040,forehead,477.0,192.4,802.9,458.4,756.3,330.5,1163.6,663.0,As93GgkTdt4.004.mp4,1280,720,25.0,383,extraversion,high
226,9040,chin,479.2,340.0,801.3,569.0,759.0,515.0,1161.7,801.3,As93GgkTdt4.004.mp4,1280,720,25.0,383,extraversion,high
226,9040,left_cheek,492.8,347.9,591.8,476.1,776.0,524.9,899.8,685.1,As93GgkTdt4.004.mp4,1280,720,25.0,383,extraversion,high
226,9040,right_cheek,695.3,345.3,790.8,474.5,1029.1,521.7,1148.5,683.1,As93GgkTdt4.004.mp4,1280,720,25.0,383,extraversion,high
227,9080,left_eye,503.4,251.8,613.2,334.5,789.2,404.8,926.5,508.1,As93GgkTdt4.004.mp4,1280,720,25.0,383,extraversion,high
227,9080,right_eye,676.7,245.6,782.6,333.9,1005.8,397.0,1138.2,507.3,As93GgkTdt4.004.mp4,1280,720,25.0,383,extraversion,high
227,9080,nose,600.0,305.3,690.2,430.4,910.0,471.6,1022.7,628.0,As93GgkTdt4.004.mp4,1280,720,25.0,383,extraversion,high
227,9080,mouth,579.8,448.1,709.8,516.6,884.8,650.1,1047.3,735.8,As93GgkTdt4.004.mp4,1280,720,25.0,383,extraversion,high
227,9080,forehead,477.0,192.6,802.5,459.5,756.3,330.8,1163.1,664.4,As93GgkTdt4.004.mp4,1280,720,25.0,383,extraversion,high
227,9080,chin,479.2,340.5,801.0,569.6,759.0,515.6,1161.2,802.0,As93GgkTdt4.004.mp4,1280,720,25.0,383,extraversion,high
227,9080,left_cheek,493.1,348.8,592.6,476.5,776.4,526.0,900.8,685.6,As93GgkTdt4.004.mp4,1280,720,25.0,383,extraversion,high
227,9080,right_cheek,696.5,345.4,791.4,474.4,1030.7,521.7,1149.3,683.0,As93GgkTdt4.004.mp4,1280,720,25.0,383,extraversion,high
228,9120,left_eye,503.5,252.7,613.8,335.5,789.4,405.9,927.2,509.4,As93GgkTdt4.004.mp4,1280,720,25.0,383,extraversion,high
228,9120,right_eye,677.3,246.4,783.1,334.6,1006.6,398.0,1138.9,508.3,As93GgkTdt4.004.mp4,1280,720,25.0,383,extraversion,high
228,9120,nose,600.1,306.3,690.5,430.8,910.1,472.8,1023.2,628.5,As93GgkTdt4.004.mp4,1280,720,25.0,383,extraversion,high
228,9120,mouth,579.1,448.0,710.0,517.2,883.9,650.0,1047.6,736.5,As93GgkTdt4.004.mp4,1280,720,25.0,383,extraversion,high
228,9120,forehead,476.8,193.3,802.3,460.0,756.0,331.6,1162.9,665.1,As93GgkTdt4.004.mp4,1280,720,25.0,383,extraversion,high
228,9120,chin,479.0,341.6,800.8,570.5,758.8,517.0,1161.0,803.1,As93GgkTdt4.004.mp4,1280,720,25.0,383,extraversion,high
228,9120,left_cheek,493.1,349.4,592.9,476.6,776.4,526.8,901.1,685.8,As93GgkTdt4.004.mp4,1280,720,25.0,383,extraversion,high
228,9120,right_cheek,697.0,345.6,791.6,474.4,1031.2,522.0,1149.5,683.0,As93GgkTdt4.004.mp4,1280,720,25.0,383,extraversion,high
229,9160,left_eye,503.5,253.9,613.9,336.5,789.4,407.4,927.3,510.6,As93GgkTdt4.004.mp4,1280,720,25.0,383,extraversion,high
229,9160,right_eye,677.4,247.5,783.4,335.5,1006.8,399.4,1139.3,509.4,As93GgkTdt4.004.mp4,1280,720,25.0,383,extraversion,high
229,9160,nose,600.0,307.5,690.3,431.8,909.9,474.4,1022.9,629.8,As93GgkTdt4.004.mp4,1280,720,25.0,383,extraversion,high
229,9160,mouth,578.6,448.2,709.5,517.2,883.2,650.3,1046.9,736.4,As93GgkTdt4.004.mp4,1280,720,25.0,383,extraversion,high
229,9160,forehead,476.5,194.5,802.1,460.3,755.6,333.2,1162.6,665.3,As93GgkTdt4.004.mp4,1280,720,25.0,383,extraversion,high
229,9160,chin,478.7,342.5,800.6,570.4,758.4,518.1,1160.8,803.0,As93GgkTdt4.004.mp4,1280,720,25.0,383,extraversion,high
229,9160,left_cheek,493.1,350.0,592.8,476.9,776.4,527.4,901.0,686.1,As93GgkTdt4.004.mp4,1280,720,25.0,383,extraversion,high
229,9160,right_cheek,696.9,346.2,791.8,474.5,1031.2,522.8,1149.7,683.1,As93GgkTdt4.004.mp4,1280,720,25.0,383,extraversion,high
230,9200,left_eye,503.5,255.4,613.8,337.4,789.3,409.3,927.3,511.7,As93GgkTdt4.004.mp4,1280,720,25.0,383,extraversion,high
230,9200,right_eye,677.2,249.4,783.3,336.7,1006.5,401.8,1139.1,510.9,As93GgkTdt4.004.mp4,1280,720,25.0,383,extraversion,high
230,9200,nose,599.8,308.9,689.8,432.7,909.7,476.1,1022.3,630.9,As93GgkTdt4.004.mp4,1280,720,25.0,383,extraversion,high
230,9200,mouth,577.6,448.3,709.2,517.4,882.0,650.3,1046.5,736.7,As93GgkTdt4.004.mp4,1280,720,25.0,383,extraversion,high
230,9200,forehead,476.0,196.1,801.8,460.6,755.0,335.2,1162.2,665.7,As93GgkTdt4.004.mp4,1280,720,25.0,383,extraversion,high
230,9200,chin,478.0,343.6,800.1,570.5,757.5,519.5,1160.2,803.1,As93GgkTdt4.004.mp4,1280,720,25.0,383,extraversion,high
230,9200,left_cheek,492.7,350.7,592.7,477.3,775.9,528.4,900.9,686.7,As93GgkTdt4.004.mp4,1280,720,25.0,383,extraversion,high
230,9200,right_cheek,696.6,347.3,791.7,474.9,1030.7,524.1,1149.6,683.6,As93GgkTdt4.004.mp4,1280,720,25.0,383,extraversion,high
231,9240,left_eye,503.1,256.7,612.8,337.9,788.9,410.8,926.1,512.3,As93GgkTdt4.004.mp4,1280,720,25.0,383,extraversion,high
231,9240,right_eye,676.9,250.3,782.4,337.3,1006.1,402.8,1138.0,511.6,As93GgkTdt4.004.mp4,1280,720,25.0,383,extraversion,high
231,9240,nose,599.2,309.6,689.8,433.0,909.1,477.0,1022.2,631.2,As93GgkTdt4.004.mp4,1280,720,25.0,383,extraversion,high
231,9240,mouth,576.7,448.4,708.5,517.5,880.9,650.5,1045.6,736.8,As93GgkTdt4.004.mp4,1280,720,25.0,383,extraversion,high
231,9240,forehead,475.2,197.1,800.2,461.2,754.0,336.4,1160.2,666.5,As93GgkTdt4.004.mp4,1280,720,25.0,383,extraversion,high
231,9240,chin,477.3,344.4,798.6,571.1,756.6,520.4,1158.2,803.8,As93GgkTdt4.004.mp4,1280,720,25.0,383,extraversion,high
231,9240,left_cheek,492.2,351.4,592.3,477.5,775.2,529.2,900.3,686.9,As93GgkTdt4.004.mp4,1280,720,25.0,383,extraversion,high
231,9240,right_cheek,696.2,347.8,790.7,475.0,1030.3,524.7,1148.4,683.8,As93GgkTdt4.004.mp4,1280,720,25.0,383,extraversion,high
232,9280,left_eye,502.1,256.6,611.9,337.8,787.6,410.7,924.9,512.2,As93GgkTdt4.004.mp4,1280,720,25.0,383,extraversion,high
232,9280,right_eye,675.4,250.2,781.5,337.3,1004.2,402.8,1136.8,511.6,As93GgkTdt4.004.mp4,1280,720,25.0,383,extraversion,high
232,9280,nose,598.1,309.5,688.7,432.9,907.7,476.9,1020.9,631.1,As93GgkTdt4.004.mp4,1280,720,25.0,383,extraversion,high
232,9280,mouth,575.6,448.5,708.1,515.6,879.5,650.6,1045.1,734.5,As93GgkTdt4.004.mp4,1280,720,25.0,383,extraversion,high
232,9280,forehead,474.5,197.3,798.7,461.0,753.2,336.6,1158.4,666.2,As93GgkTdt4.004.mp4,1280,720,25.0,383,extraversion,high
232,9280,chin,476.6,344.3,797.4,569.7,755.8,520.3,1156.7,802.1,As93GgkTdt4.004.mp4,1280,720,25.0,383,extraversion,high
232,9280,left_cheek,491.4,351.3,591.3,477.4,774.3,529.1,899.1,686.8,As93GgkTdt4.004.mp4,1280,720,25.0,383,extraversion,high
232,9280,right_cheek,695.2,347.8,789.6,474.9,1029.0,524.7,1147.0,683.6,As93GgkTdt4.004.mp4,1280,720,25.0,383,extraversion,high
233,9320,left_eye,500.7,256.4,610.2,337.7,785.9,410.5,922.8,512.1,As93GgkTdt4.004.mp4,1280,720,25.0,383,extraversion,high
233,9320,right_eye,673.9,250.1,779.9,337.2,1002.4,402.6,1134.8,511.5,As93GgkTdt4.004.mp4,1280,720,25.0,383,extraversion,high
233,9320,nose,596.2,309.5,687.0,432.6,905.2,476.9,1018.8,630.7,As93GgkTdt4.004.mp4,1280,720,25.0,383,extraversion,high
233,9320,mouth,574.0,447.9,707.8,512.7,877.5,649.9,1044.7,730.9,As93GgkTdt4.004.mp4,1280,720,25.0,383,extraversion,high
233,9320,forehead,473.0,197.2,797.7,460.9,751.3,336.5,1157.1,666.1,As93GgkTdt4.004.mp4,1280,720,25.0,383,extraversion,high
233,9320,chin,475.1,344.3,796.4,568.6,753.9,520.3,1155.5,800.7,As93GgkTdt4.004.mp4,1280,720,25.0,383,extraversion,high
233,9320,left_cheek,489.9,351.2,589.5,477.2,772.4,528.9,896.9,686.5,As93GgkTdt4.004.mp4,1280,720,25.0,383,extraversion,high
233,9320,right_cheek,693.7,347.6,788.5,474.5,1027.1,524.5,1145.6,683.1,As93GgkTdt4.004.mp4,1280,720,25.0,383,extraversion,high
234,9360,left_eye,499.2,256.2,608.7,337.6,784.0,410.3,920.9,512.0,As93GgkTdt4.004.mp4,1280,720,25.0,383,extraversion,high
234,9360,right_eye,672.9,250.1,778.7,337.1,1001.1,402.6,1133.4,511.4,As93GgkTdt4.004.mp4,1280,720,25.0,383,extraversion,high
234,9360,nose,594.8,309.4,685.3,431.9,903.5,476.7,1016.7,629.9,As93GgkTdt4.004.mp4,1280,720,25.0,383,extraversion,high
234,9360,mouth,572.6,446.9,707.8,509.5,875.8,648.6,1044.7,726.8,As93GgkTdt4.004.mp4,1280,720,25.0,383,extraversion,high
234,9360,forehead,471.2,197.2,796.5,461.1,749.1,336.5,1155.6,666.4,As93GgkTdt4.004.mp4,1280,720,25.0,383,extraversion,high
234,9360,chin,473.3,344.3,795.2,568.1,751.7,520.4,1154.0,800.1,As93GgkTdt4.004.mp4,1280,720,25.0,383,extraversion,high
234,9360,left_cheek,488.3,351.1,588.0,476.9,770.4,528.9,895.0,686.1,As93GgkTdt4.004.mp4,1280,720,25.0,383,extraversion,high
234,9360,right_cheek,692.4,347.5,787.4,474.0,1025.5,524.3,1144.2,682.5,As93GgkTdt4.004.mp4,1280,720,25.0,383,extraversion,high
235,9400,left_eye,498.1,256.1,607.8,337.6,782.6,410.2,919.7,512.0,As93GgkTdt4.004.mp4,1280,720,25.0,383,extraversion,high
235,9400,right_eye,671.8,249.9,778.0,336.9,999.7,402.4,1132.5,511.1,As93GgkTdt4.004.mp4,1280,720,25.0,383,extraversion,high
235,9400,nose,593.7,309.1,684.1,431.4,902.1,476.4,1015.1,629.3,As93GgkTdt4.004.mp4,1280,720,25.0,383,extraversion,high
235,9400,mouth,571.7,446.4,706.7,506.9,874.7,648.0,1043.4,723.6,As93GgkTdt4.004.mp4,1280,720,25.0,383,extraversion,high
235,9400,forehead,470.5,197.1,796.2,461.0,748.1,336.4,1155.2,666.3,As93GgkTdt4.004.mp4,1280,720,25.0,383,extraversion,high
235,9400,chin,472.6,344.3,794.8,567.1,750.8,520.4,1153.5,798.9,As93GgkTdt4.004.mp4,1280,720,25.0,383,extraversion,high
235,9400,left_cheek,487.4,351.1,586.8,476.5,769.3,528.8,893.6,685.6,As93GgkTdt4.004.mp4,1280,720,25.0,383,extraversion,high
235,9400,right_cheek,691.3,347.3,786.6,473.7,1024.1,524.2,1143.3,682.1,As93GgkTdt4.004.mp4,1280,720,25.0,383,extraversion,high
236,9440,left_eye,497.2,255.0,606.8,336.9,781.4,408.7,918.5,511.1,As93GgkTdt4.004.mp4,1280,720,25.0,383,extraversion,high
236,9440,right_eye,670.4,248.5,776.6,335.8,998.0,400.6,1130.7,509.8,As93GgkTdt4.004.mp4,1280,720,25.0,383,extraversion,high
236,9440,nose,592.7,307.8,682.7,430.2,900.9,474.7,1013.4,627.8,As93GgkTdt4.004.mp4,1280,720,25.0,383,extraversion,high
236,9440,mouth,571.0,445.2,705.4,504.4,873.7,646.5,1041.8,720.5,As93GgkTdt4.004.mp4,1280,720,25.0,383,extraversion,high
236,9440,forehead,469.8,196.1,795.3,461.0,747.3,335.1,1154.1,666.2,As93GgkTdt4.004.mp4,1280,720,25.0,383,extraversion,high
236,9440,chin,472.0,344.1,794.0,566.3,750.0,520.1,1152.5,797.9,As93GgkTdt4.004.mp4,1280,720,25.0,383,extraversion,high
236,9440,left_cheek,486.7,350.6,585.9,475.4,768.4,528.2,892.3,684.3,As93GgkTdt4.004.mp4,1280,720,25.0,383,extraversion,high
236,9440,right_cheek,690.0,346.4,785.4,472.7,1022.5,523.0,1141.7,680.8,As93GgkTdt4.004.mp4,1280,720,25.0,383,extraversion,high
237,9480,left_eye,496.2,253.1,605.8,335.5,780.2,406.4,917.3,509.3,As93GgkTdt4.004.mp4,1280,720,25.0,383,extraversion,high
237,9480,right_eye,669.3,246.1,775.5,334.1,996.6,397.7,1129.4,507.6,As93GgkTdt4.004.mp4,1280,720,25.0,383,extraversion,high
237,9480,nose,591.7,305.7,681.6,428.2,899.7,472.1,1012.0,625.3,As93GgkTdt4.004.mp4,1280,720,25.0,383,extraversion,high
237,9480,mouth,570.3,443.5,704.0,502.2,872.9,644.3,1040.0,717.8,As93GgkTdt4.004.mp4,1280,720,25.0,383,extraversion,high
237,9480,forehead,469.2,194.3,794.5,460.6,746.5,332.8,1153.1,665.7,As93GgkTdt4.004.mp4,1280,720,25.0,383,extraversion,high
237,9480,chin,471.4,343.0,793.4,565.4,749.3,518.7,1151.7,796.7,As93GgkTdt4.004.mp4,1280,720,25.0,383,extraversion,high
237,9480,left_cheek,486.0,349.5,585.0,474.0,767.5,526.8,891.2,682.5,As93GgkTdt4.004.mp4,1280,720,25.0,383,extraversion,high
237,9480,right_cheek,688.9,344.6,784.3,471.1,1021.1,520.8,1140.3,678.9,As93GgkTdt4.004.mp4,1280,720,25.0,383,extraversion,high
238,9520,left_eye,495.9,252.0,605.6,334.1,779.9,405.0,916.9,507.7,As93GgkTdt4.004.mp4,1280,720,25.0,383,extraversion,high
238,9520,right_eye,668.8,244.6,774.9,332.7,996.0,395.7,1128.6,505.9,As93GgkTdt4.004.mp4,1280,720,25.0,383,extraversion,high
238,9520,nose,591.7,304.2,681.5,426.7,899.6,470.2,1011.9,623.3,As93GgkTdt4.004.mp4,1280,720,25.0,383,extraversion,high
238,9520,mouth,570.2,442.1,703.6,500.6,872.7,642.6,1039.6,715.7,As93GgkTdt4.004.mp4,1280,720,25.0,383,extraversion,high
238,9520,forehead,469.0,192.9,794.0,459.7,746.2,331.1,1152.5,664.7,As93GgkTdt4.004.mp4,1280,720,25.0,383,extraversion,high
238,9520,chin,471.2,341.6,792.9,564.2,749.0,517.1,1151.1,795.3,As93GgkTdt4.004.mp4,1280,720,25.0,383,extraversion,high
238,9520,left_cheek,485.8,348.4,584.7,472.6,767.3,525.5,890.9,680.8,As93GgkTdt4.004.mp4,1280,720,25.0,383,extraversion,high
238,9520,right_cheek,688.6,343.1,783.8,469.5,1020.8,518.8,1139.8,676.8,As93GgkTdt4.004.mp4,1280,720,25.0,383,extraversion,high
239,9560,left_eye,495.4,248.7,605.4,331.8,779.3,400.9,916.8,504.8,As93GgkTdt4.004.mp4,1280,720,25.0,383,extraversion,high
239,9560,right_eye,669.0,240.0,774.9,330.0,996.2,390.0,1128.6,502.5,As93GgkTdt4.004.mp4,1280,720,25.0,383,extraversion,high
239,9560,nose,591.9,300.6,681.7,422.9,899.8,465.7,1012.1,618.7,As93GgkTdt4.004.mp4,1280,720,25.0,383,extraversion,high
239,9560,mouth,570.4,438.6,703.7,498.0,873.0,638.3,1039.6,712.5,As93GgkTdt4.004.mp4,1280,720,25.0,383,extraversion,high
239,9560,forehead,468.4,189.3,793.8,458.9,745.6,326.6,1152.2,663.6,As93GgkTdt4.004.mp4,1280,720,25.0,383,extraversion,high
239,9560,chin,470.8,338.7,792.7,562.2,748.5,513.4,1150.9,792.8,As93GgkTdt4.004.mp4,1280,720,25.0,383,extraversion,high
239,9560,left_cheek,485.5,346.2,584.8,471.0,766.9,522.8,891.0,678.7,As93GgkTdt4.004.mp4,1280,720,25.0,383,extraversion,high
239,9560,right_cheek,688.8,339.7,783.9,466.7,1021.0,514.6,1139.8,673.3,As93GgkTdt4.004.mp4,1280,720,25.0,383,extraversion,high
240,9600,left_eye,494.6,245.5,605.1,328.8,778.2,396.9,916.3,500.9,As93GgkTdt4.004.mp4,1280,720,25.0,383,extraversion,high
240,9600,right_eye,668.9,236.0,774.6,326.2,996.1,385.0,1128.2,497.8,As93GgkTdt4.004.mp4,1280,720,25.0,383,extraversion,high
240,9600,nose,591.9,296.6,681.8,417.9,899.9,460.7,1012.3,612.4,As93GgkTdt4.004.mp4,1280,720,25.0,383,extraversion,high
240,9600,mouth,570.6,433.8,703.7,496.0,873.2,632.3,1039.6,710.1,As93GgkTdt4.004.mp4,1280,720,25.0,383,extraversion,high
240,9600,forehead,467.4,186.1,793.6,456.7,744.2,322.6,1152.0,660.9,As93GgkTdt4.004.mp4,1280,720,25.0,383,extraversion,high
240,9600,chin,470.0,334.7,792.7,554.4,747.5,508.4,1150.8,782.9,As93GgkTdt4.004.mp4,1280,720,25.0,383,extraversion,high
240,9600,left_cheek,485.0,343.3,584.7,468.1,766.3,519.1,890.9,675.1,As93GgkTdt4.004.mp4,1280,720,25.0,383,extraversion,high
240,9600,right_cheek,688.9,335.8,783.9,463.0,1021.1,509.8,1139.9,668.7,As93GgkTdt4.004.mp4,1280,720,25.0,383,extraversion,high
241,9640,left_eye,494.6,241.4,605.0,324.6,778.3,391.7,916.3,495.7,As93GgkTdt4.004.mp4,1280,720,25.0,383,extraversion,high
241,9640,right_eye,668.8,231.1,773.8,321.2,996.0,378.8,1127.2,491.4,As93GgkTdt4.004.mp4,1280,720,25.0,383,extraversion,high
241,9640,nose,592.0,292.3,682.0,413.1,900.0,455.4,1012.4,606.4,As93GgkTdt4.004.mp4,1280,720,25.0,383,extraversion,high
241,9640,mouth,570.6,428.5,704.6,491.4,873.3,625.6,1040.7,704.3,As93GgkTdt4.004.mp4,1280,720,25.0,383,extraversion,high
241,9640,forehead,467.6,181.2,792.9,453.6,744.5,316.6,1151.2,657.0,As93GgkTdt4.004.mp4,1280,720,25.0,383,extraversion,high
241,9640,chin,470.2,329.1,792.0,553.8,747.8,501.4,1150.0,782.3,As93GgkTdt4.004.mp4,1280,720,25.0,383,extraversion,high
241,9640,left_cheek,485.2,339.7,584.8,464.6,766.4,514.6,891.0,670.7,As93GgkTdt4.004.mp4,1280,720,25.0,383,extraversion,high
241,9640,right_cheek,689.0,330.2,783.8,457.7,1021.2,502.8,1139.7,662.2,As93GgkTdt4.004.mp4,1280,720,25.0,383,extraversion,high
242,9680,left_eye,494.0,236.5,604.3,320.4,777.5,385.6,915.4,490.5,As93GgkTdt4.004.mp4,1280,720,25.0,383,extraversion,high
242,9680,right_eye,668.5,226.3,772.5,317.0,995.6,372.8,1125.6,486.2,As93GgkTdt4.004.mp4,1280,720,25.0,383,extraversion,high
242,9680,nose,592.2,287.9,682.3,407.4,900.3,449.8,1012.8,599.2,As93GgkTdt4.004.mp4,1280,720,25.0,383,extraversion,high
242,9680,mouth,572.1,425.0,703.8,489.2,875.1,621.2,1039.7,701.5,As93GgkTdt4.004.mp4,1280,720,25.0,383,extraversion,high
242,9680,forehead,467.3,178.0,790.8,448.2,744.1,312.5,1148.4,650.3,As93GgkTdt4.004.mp4,1280,720,25.0,383,extraversion,high
242,9680,chin,469.9,322.9,790.2,553.8,747.4,493.7,1147.7,782.3,As93GgkTdt4.004.mp4,1280,720,25.0,383,extraversion,high
242,9680,left_cheek,485.1,335.4,584.9,460.9,766.4,509.3,891.1,666.2,As93GgkTdt4.004.mp4,1280,720,25.0,383,extraversion,high
242,9680,right_cheek,689.0,325.3,783.3,453.3,1021.3,496.6,1139.2,656.7,As93GgkTdt4.004.mp4,1280,720,25.0,383,extraversion,high
243,9720,left_eye,494.4,233.8,604.5,318.2,778.0,382.2,915.6,487.7,As93GgkTdt4.004.mp4,1280,720,25.0,383,extraversion,high
243,9720,right_eye,668.4,223.5,772.7,314.6,995.4,369.4,1125.8,483.3,As93GgkTdt4.004.mp4,1280,720,25.0,383,extraversion,high
243,9720,nose,594.3,285.6,682.4,406.2,902.8,446.9,1013.0,597.7,As93GgkTdt4.004.mp4,1280,720,25.0,383,extraversion,high
243,9720,mouth,577.6,426.5,700.2,485.0,882.0,623.2,1035.2,696.3,As93GgkTdt4.004.mp4,1280,720,25.0,383,extraversion,high
243,9720,forehead,468.8,175.4,791.1,444.9,746.0,309.2,1148.8,646.1,As93GgkTdt4.004.mp4,1280,720,25.0,383,extraversion,high
243,9720,chin,471.1,319.1,790.9,550.6,748.8,488.9,1148.6,778.3,As93GgkTdt4.004.mp4,1280,720,25.0,383,extraversion,high
243,9720,left_cheek,485.8,333.7,585.9,459.8,767.2,507.2,892.4,664.8,As93GgkTdt4.004.mp4,1280,720,25.0,383,extraversion,high
243,9720,right_cheek,689.1,322.9,784.0,451.9,1021.3,493.7,1140.1,654.9,As93GgkTdt4.004.mp4,1280,720,25.0,383,extraversion,high
244,9760,left_eye,494.8,230.2,604.2,316.9,778.5,377.8,915.2,486.1,As93GgkTdt4.004.mp4,1280,720,25.0,383,extraversion,high
244,9760,right_eye,667.9,221.3,772.8,311.4,994.9,366.6,1126.0,479.2,As93GgkTdt4.004.mp4,1280,720,25.0,383,extraversion,high
244,9760,nose,596.6,284.2,681.9,404.5,905.7,445.2,1012.4,595.6,As93GgkTdt4.004.mp4,1280,720,25.0,383,extraversion,high
244,9760,mouth,579.9,426.1,698.4,480.7,884.9,622.7,1033.1,690.8,As93GgkTdt4.004.mp4,1280,720,25.0,383,extraversion,high
244,9760,forehead,474.0,175.2,792.5,442.3,752.5,309.0,1150.6,642.9,As93GgkTdt4.004.mp4,1280,720,25.0,383,extraversion,high
244,9760,chin,476.1,316.2,792.5,547.8,755.1,485.2,1150.6,774.7,As93GgkTdt4.004.mp4,1280,720,25.0,383,extraversion,high
244,9760,left_cheek,488.5,332.5,587.2,458.3,770.6,505.6,894.1,662.9,As93GgkTdt4.004.mp4,1280,720,25.0,383,extraversion,high
244,9760,right_cheek,688.6,320.6,784.0,450.3,1020.7,490.8,1140.0,652.9,As93GgkTdt4.004.mp4,1280,720,25.0,383,extraversion,high
245,9800,left_eye,495.4,227.5,604.2,315.2,779.2,374.3,915.3,484.0,As93GgkTdt4.004.mp4,1280,720,25.0,383,extraversion,high
245,9800,right_eye,668.5,219.3,774.2,308.9,995.6,364.1,1127.7,476.1,As93GgkTdt4.004.mp4,1280,720,25.0,383,extraversion,high
245,9800,nose,597.9,282.5,682.6,402.9,907.4,443.1,1013.3,593.6,As93GgkTdt4.004.mp4,1280,720,25.0,383,extraversion,high
245,9800,mouth,581.5,427.4,699.0,484.3,886.9,624.2,1033.8,695.3,As93GgkTdt4.004.mp4,1280,720,25.0,383,extraversion,high
245,9800,forehead,476.3,173.9,795.5,440.8,755.3,307.4,1154.3,641.0,As93GgkTdt4.004.mp4,1280,720,25.0,383,extraversion,high
245,9800,chin,478.3,314.7,795.5,547.8,757.9,483.3,1154.3,774.7,As93GgkTdt4.004.mp4,1280,720,25.0,383,extraversion,high
245,9800,left_cheek,490.3,331.2,588.5,457.8,772.9,504.1,895.7,662.3,As93GgkTdt4.004.mp4,1280,720,25.0,383,extraversion,high
245,9800,right_cheek,689.0,319.0,784.9,449.4,1021.2,488.8,1141.2,651.8,As93GgkTdt4.004.mp4,1280,720,25.0,383,extraversion,high
246,9840,left_eye,496.9,229.7,604.9,316.9,781.2,377.2,916.1,486.2,As93GgkTdt4.004.mp4,1280,720,25.0,383,extraversion,high
246,9840,right_eye,668.5,222.0,774.2,310.9,995.6,367.4,1127.8,478.6,As93GgkTdt4.004.mp4,1280,720,25.0,383,extraversion,high
246,9840,nose,598.0,284.6,683.4,405.7,907.5,445.8,1014.2,597.1,As93GgkTdt4.004.mp4,1280,720,25.0,383,extraversion,high
246,9840,mouth,583.2,427.7,699.4,494.2,889.0,624.6,1034.2,707.8,As93GgkTdt4.004.mp4,1280,720,25.0,383,extraversion,high
246,9840,forehead,477.0,175.4,797.0,441.0,756.2,309.3,1156.3,641.2,As93GgkTdt4.004.mp4,1280,720,25.0,383,extraversion,high
246,9840,chin,479.3,318.3,797.0,551.5,759.2,487.8,1156.3,779.4,As93GgkTdt4.004.mp4,1280,720,25.0,383,extraversion,high
246,9840,left_cheek,491.4,331.8,588.9,458.1,774.3,504.8,896.1,662.6,As93GgkTdt4.004.mp4,1280,720,25.0,383,extraversion,high
246,9840,right_cheek,689.1,321.9,785.2,451.5,1021.4,492.4,1141.5,654.4,As93GgkTdt4.004.mp4,1280,720,25.0,383,extraversion,high
247,9880,left_eye,497.4,229.9,604.9,319.8,781.7,377.3,916.1,489.8,As93GgkTdt4.004.mp4,1280,720,25.0,383,extraversion,high
247,9880,right_eye,667.9,222.3,772.7,311.4,994.8,367.8,1125.8,479.3,As93GgkTdt4.004.mp4,1280,720,25.0,383,extraversion,high
247,9880,nose,598.6,286.5,683.7,411.0,908.3,448.2,1014.6,603.7,As93GgkTdt4.004.mp4,1280,720,25.0,383,extraversion,high
247,9880,mouth,583.4,429.7,702.2,501.8,889.2,627.2,1037.8,717.3,As93GgkTdt4.004.mp4,1280,720,25.0,383,extraversion,high
247,9880,forehead,476.4,176.2,796.8,448.4,755.5,310.2,1155.9,650.4,As93GgkTdt4.004.mp4,1280,720,25.0,383,extraversion,high
247,9880,chin,479.0,318.5,796.8,557.5,758.8,488.1,1155.9,786.9,As93GgkTdt4.004.mp4,1280,720,25.0,383,extraversion,high
247,9880,left_cheek,491.5,338.0,589.0,464.9,774.4,512.5,896.2,671.1,As93GgkTdt4.004.mp4,1280,720,25.0,383,extraversion,high
247,9880,right_cheek,689.2,322.1,784.7,454.3,1021.5,492.6,1140.9,657.9,As93GgkTdt4.004.mp4,1280,720,25.0,383,extraversion,high
248,9920,left_eye,497.6,242.2,604.9,329.9,782.0,392.8,916.2,502.4,As93GgkTdt4.004.mp4,1280,720,25.0,383,extraversion,high
248,9920,right_eye,667.4,234.3,771.5,323.2,994.2,382.9,1124.4,494.0,As93GgkTdt4.004.mp4,1280,720,25.0,383,extraversion,high
248,9920,nose,598.6,297.3,683.7,423.1,908.2,461.6,1014.6,618.9,As93GgkTdt4.004.mp4,1280,720,25.0,383,extraversion,high
248,9920,mouth,584.8,441.2,702.2,506.4,891.0,641.4,1037.8,723.0,As93GgkTdt4.004.mp4,1280,720,25.0,383,extraversion,high
248,9920,forehead,476.4,183.5,796.1,455.3,755.6,319.4,1155.1,659.2,As93GgkTdt4.004.mp4,1280,720,25.0,383,extraversion,high
248,9920,chin,479.7,326.5,796.1,559.4,759.6,498.1,1155.1,789.3,As93GgkTdt4.004.mp4,1280,720,25.0,383,extraversion,high
248,9920,left_cheek,491.7,346.9,589.0,472.8,774.6,523.6,896.3,680.9,As93GgkTdt4.004.mp4,1280,720,25.0,383,extraversion,high
248,9920,right_cheek,689.2,332.0,784.1,462.9,1021.5,505.0,1140.1,668.7,As93GgkTdt4.004.mp4,1280,720,25.0,383,extraversion,high
249,9960,left_eye,497.8,259.7,603.7,343.4,782.3,414.7,914.7,519.2,As93GgkTdt4.004.mp4,1280,720,25.0,383,extraversion,high
249,9960,right_eye,666.6,250.3,771.1,338.6,993.3,402.9,1123.9,513.2,As93GgkTdt4.004.mp4,1280,720,25.0,383,extraversion,high
249,9960,nose,598.5,313.7,682.8,440.5,908.2,482.1,1013.5,640.6,As93GgkTdt4.004.mp4,1280,720,25.0,383,extraversion,high
249,9960,mouth,584.9,455.1,700.9,516.9,891.1,658.9,1036.2,736.1,As93GgkTdt4.004.mp4,1280,720,25.0,383,extraversion,high
249,9960,forehead,476.5,198.2,796.0,460.5,755.7,337.8,1155.1,665.6,As93GgkTdt4.004.mp4,1280,720,25.0,383,extraversion,high
249,9960,chin,480.1,335.4,796.0,563.3,760.2,509.3,1155.1,794.1,As93GgkTdt4.004.mp4,1280,720,25.0,383,extraversion,high
249,9960,left_cheek,491.6,357.5,589.0,481.9,774.4,536.9,896.2,692.4,As93GgkTdt4.004.mp4,1280,720,25.0,383,extraversion,high
249,9960,right_cheek,688.8,344.8,784.1,474.3,1021.0,521.0,1140.1,682.9,As93GgkTdt4.004.mp4,1280,720,25.0,383,extraversion,high
250,10000,left_eye,498.0,273.1,603.4,354.1,782.4,431.4,914.3,532.6,As93GgkTdt4.004.mp4,1280,720,25.0,383,extraversion,high
250,10000,right_eye,666.1,262.5,770.3,348.4,992.6,418.1,1122.9,525.5,As93GgkTdt4.004.mp4,1280,720,25.0,383,extraversion,high
250,10000,nose,598.4,325.5,682.3,451.9,908.0,496.8,1012.9,654.9,As93GgkTdt4.004.mp4,1280,720,25.0,383,extraversion,high
250,10000,mouth,584.6,465.5,700.3,525.9,890.8,671.8,1035.4,747.3,As93GgkTdt4.004.mp4,1280,720,25.0,383,extraversion,high
250,10000,forehead,476.5,209.7,795.5,467.1,755.7,352.1,1154.4,673.8,As93GgkTdt4.004.mp4,1280,720,25.0,383,extraversion,high
250,10000,chin,480.4,342.4,795.5,568.0,760.4,518.0,1154.4,800.0,As93GgkTdt4.004.mp4,1280,720,25.0,383,extraversion,high
250,10000,left_cheek,491.5,367.5,588.9,490.0,774.4,549.3,896.2,702.5,As93GgkTdt4.004.mp4,1280,720,25.0,383,extraversion,high
250,10000,right_cheek,688.3,353.5,783.6,481.9,1020.4,531.8,1139.5,692.4,As93GgkTdt4.004.mp4,1280,720,25.0,383,extraversion,high
251,10040,left_eye,498.2,279.0,603.4,360.8,782.8,438.8,914.3,540.9,As93GgkTdt4.004.mp4,1280,720,25.0,383,extraversion,high
251,10040,right_eye,665.9,266.7,769.7,353.6,992.3,423.4,1122.1,531.9,As93GgkTdt4.004.mp4,1280,720,25.0,383,extraversion,high
251,10040,nose,599.2,331.0,682.5,458.2,908.9,503.8,1013.1,662.8,As93GgkTdt4.004.mp4,1280,720,25.0,383,extraversion,high
251,10040,mouth,586.0,471.3,701.3,531.8,892.5,679.2,1036.7,754.8,As93GgkTdt4.004.mp4,1280,720,25.0,383,extraversion,high
251,10040,forehead,476.8,214.1,794.0,476.0,756.0,357.6,1152.5,685.0,As93GgkTdt4.004.mp4,1280,720,25.0,383,extraversion,high
251,10040,chin,480.8,347.7,794.0,573.0,761.0,524.6,1152.5,806.2,As93GgkTdt4.004.mp4,1280,720,25.0,383,extraversion,high
251,10040,left_cheek,492.0,375.1,589.4,497.8,775.0,558.9,896.8,712.2,As93GgkTdt4.004.mp4,1280,720,25.0,383,extraversion,high
251,10040,right_cheek,688.3,358.4,783.2,487.1,1020.4,537.9,1138.9,698.8,As93GgkTdt4.004.mp4,1280,720,25.0,383,extraversion,high
252,10080,left_eye,497.4,276.4,602.8,360.8,781.8,435.4,913.5,541.0,As93GgkTdt4.004.mp4,1280,720,25.0,383,extraversion,high
252,10080,right_eye,664.7,264.8,768.1,352.2,990.9,421.0,1120.1,530.3,As93GgkTdt4.004.mp4,1280,720,25.0,383,extraversion,high
252,10080,nose,599.0,329.3,682.7,457.2,908.8,501.7,1013.3,661.5,As93GgkTdt4.004.mp4,1280,720,25.0,383,extraversion,high
252,10080,mouth,586.6,471.6,701.3,531.9,893.2,679.4,1036.7,754.9,As93GgkTdt4.004.mp4,1280,720,25.0,383,extraversion,high
252,10080,forehead,474.9,211.6,791.5,478.4,753.6,354.6,1149.4,688.0,As93GgkTdt4.004.mp4,1280,720,25.0,383,extraversion,high
252,10080,chin,480.2,348.2,791.5,573.7,760.2,525.3,1149.4,807.1,As93GgkTdt4.004.mp4,1280,720,25.0,383,extraversion,high
252,10080,left_cheek,491.8,375.6,589.4,499.0,774.7,559.6,896.7,713.8,As93GgkTdt4.004.mp4,1280,720,25.0,383,extraversion,high
252,10080,right_cheek,688.3,357.8,782.3,487.3,1020.4,537.2,1137.9,699.2,As93GgkTdt4.004.mp4,1280,720,25.0,383,extraversion,high
253,10120,left_eye,493.8,271.6,601.6,358.1,777.3,429.5,912.0,537.6,As93GgkTdt4.004.mp4,1280,720,25.0,383,extraversion,high
253,10120,right_eye,662.8,259.7,766.8,349.0,988.5,414.6,1118.5,526.2,As93GgkTdt4.004.mp4,1280,720,25.0,383,extraversion,high
253,10120,nose,597.9,324.6,682.6,453.4,907.4,495.8,1013.3,656.7,As93GgkTdt4.004.mp4,1280,720,25.0,383,extraversion,high
253,10120,mouth,586.2,471.3,701.4,527.8,892.7,679.1,1036.7,749.8,As93GgkTdt4.004.mp4,1280,720,25.0,383,extraversion,high
253,10120,forehead,470.4,206.7,790.1,479.0,748.0,348.4,1147.7,688.7,As93GgkTdt4.004.mp4,1280,720,25.0,383,extraversion,high
253,10120,chin,475.7,345.7,790.1,573.8,754.6,522.1,1147.7,807.2,As93GgkTdt4.004.mp4,1280,720,25.0,383,extraversion,high
253,10120,left_cheek,488.7,373.7,587.8,499.3,770.8,557.2,894.8,714.1,As93GgkTdt4.004.mp4,1280,720,25.0,383,extraversion,high
253,10120,right_cheek,688.0,354.6,781.7,486.4,1020.0,533.2,1137.1,698.0,As93GgkTdt4.004.mp4,1280,720,25.0,383,extraversion,high
254,10160,left_eye,490.2,268.3,599.7,354.3,772.7,425.3,909.6,532.9,As93GgkTdt4.004.mp4,1280,720,25.0,383,extraversion,high
254,10160,right_eye,660.8,257.7,766.1,345.9,986.0,412.2,1117.6,522.4,As93GgkTdt4.004.mp4,1280,720,25.0,383,extraversion,high
254,10160,nose,596.0,321.4,682.1,449.2,905.0,491.7,1012.6,651.5,As93GgkTdt4.004.mp4,1280,720,25.0,383,extraversion,high
254,10160,mouth,584.9,468.3,701.4,524.5,891.1,675.4,1036.7,745.7,As93GgkTdt4.004.mp4,1280,720,25.0,383,extraversion,high
254,10160,forehead,467.0,202.3,790.1,476.4,743.8,342.9,1147.6,685.5,As93GgkTdt4.004.mp4,1280,720,25.0,383,extraversion,high
254,10160,chin,472.6,345.0,790.1,572.2,750.7,521.3,1147.6,805.3,As93GgkTdt4.004.mp4,1280,720,25.0,383,extraversion,high
254,10160,left_cheek,485.6,370.2,585.5,496.5,766.9,552.8,891.8,710.7,As93GgkTdt4.004.mp4,1280,720,25.0,383,extraversion,high
254,10160,right_cheek,687.3,352.9,781.5,483.5,1019.2,531.1,1136.9,694.4,As93GgkTdt4.004.mp4,1280,720,25.0,383,extraversion,high
255,10200,left_eye,489.7,266.5,599.4,352.4,772.1,423.1,909.2,530.5,As93GgkTdt4.004.mp4,1280,720,25.0,383,extraversion,high
255,10200,right_eye,660.2,252.4,766.2,345.7,985.3,405.5,1117.7,522.1,As93GgkTdt4.004.mp4,1280,720,25.0,383,extraversion,high
255,10200,nose,594.9,320.6,681.6,447.3,903.6,490.7,1012.0,649.1,As93GgkTdt4.004.mp4,1280,720,25.0,383,extraversion,high
255,10200,mouth,584.5,466.6,701.1,523.0,890.6,673.2,1036.3,743.7,As93GgkTdt4.004.mp4,1280,720,25.0,383,extraversion,high
255,10200,forehead,466.8,199.5,790.3,474.8,743.5,339.3,1147.8,683.5,As93GgkTdt4.004.mp4,1280,720,25.0,383,extraversion,high
255,10200,chin,472.1,343.8,790.3,571.5,750.2,519.7,1147.8,804.4,As93GgkTdt4.004.mp4,1280,720,25.0,383,extraversion,high
255,10200,left_cheek,484.7,368.3,584.5,494.7,765.9,550.4,890.7,708.4,As93GgkTdt4.004.mp4,1280,720,25.0,383,extraversion,high
255,10200,right_cheek,686.8,352.1,781.5,482.1,1018.5,530.1,1136.8,692.6,As93GgkTdt4.004.mp4,1280,720,25.0,383,extraversion,high
256,10240,left_eye,489.7,261.6,599.2,350.2,772.2,417.0,909.1,527.7,As93GgkTdt4.004.mp4,1280,720,25.0,383,extraversion,high
256,10240,right_eye,660.3,247.3,766.4,341.4,985.3,399.2,1118.1,516.8,As93GgkTdt4.004.mp4,1280,720,25.0,383,extraversion,high
256,10240,nose,594.4,316.0,681.4,445.1,903.1,485.0,1011.7,646.3,As93GgkTdt4.004.mp4,1280,720,25.0,383,extraversion,high
256,10240,mouth,584.1,465.6,700.6,521.9,890.1,671.9,1035.7,742.3,As93GgkTdt4.004.mp4,1280,720,25.0,383,extraversion,high
256,10240,forehead,467.0,195.8,791.2,474.0,743.7,334.8,1149.0,682.4,As93GgkTdt4.004.mp4,1280,720,25.0,383,extraversion,high
256,10240,chin,472.0,340.2,791.2,571.1,750.1,515.2,1149.0,803.8,As93GgkTdt4.004.mp4,1280,720,25.0,383,extraversion,high
256,10240,left_cheek,484.4,367.5,584.1,493.8,765.5,549.4,890.1,707.2,As93GgkTdt4.004.mp4,1280,720,25.0,383,extraversion,high
256,10240,right_cheek,686.7,348.2,781.6,481.8,1018.4,525.3,1137.0,692.2,As93GgkTdt4.004.mp4,1280,720,25.0,383,extraversion,high
257,10280,left_eye,490.1,257.4,599.4,347.0,772.6,411.7,909.2,523.7,As93GgkTdt4.004.mp4,1280,720,25.0,383,extraversion,high
257,10280,right_eye,660.5,244.1,767.4,337.6,985.6,395.1,1119.3,512.0,As93GgkTdt4.004.mp4,1280,720,25.0,383,extraversion,high
257,10280,nose,594.5,312.1,681.8,441.5,903.1,480.1,1012.2,641.9,As93GgkTdt4.004.mp4,1280,720,25.0,383,extraversion,high
257,10280,mouth,584.2,460.9,700.6,521.7,890.2,666.2,1035.7,742.1,As93GgkTdt4.004.mp4,1280,720,25.0,383,extraversion,high
257,10280,forehead,467.3,193.2,791.9,473.7,744.2,331.5,1149.9,682.1,As93GgkTdt4.004.mp4,1280,720,25.0,383,extraversion,high
257,10280,chin,472.3,337.2,791.9,570.8,750.3,511.5,1149.9,803.4,As93GgkTdt4.004.mp4,1280,720,25.0,383,extraversion,high
257,10280,left_cheek,484.6,365.2,584.3,493.0,765.8,546.5,890.4,706.3,As93GgkTdt4.004.mp4,1280,720,25.0,383,extraversion,high
257,10280,right_cheek,687.2,344.4,782.4,479.1,1019.0,520.6,1138.0,688.9,As93GgkTdt4.004.mp4,1280,720,25.0,383,extraversion,high
258,10320,left_eye,490.4,254.9,600.8,345.0,772.9,408.6,911.0,521.2,As93GgkTdt4.004.mp4,1280,720,25.0,383,extraversion,high
258,10320,right_eye,662.8,241.9,770.1,335.3,988.5,392.3,1122.6,509.2,As93GgkTdt4.004.mp4,1280,720,25.0,383,extraversion,high
258,10320,nose,595.9,309.3,683.9,438.4,904.9,476.6,1014.9,638.0,As93GgkTdt4.004.mp4,1280,720,25.0,383,extraversion,high
258,10320,mouth,584.3,456.7,702.2,520.5,890.4,660.9,1037.7,740.6,As93GgkTdt4.004.mp4,1280,720,25.0,383,extraversion,high
258,10320,forehead,467.4,190.8,794.5,473.6,744.2,328.5,1153.2,682.0,As93GgkTdt4.004.mp4,1280,720,25.0,383,extraversion,high
258,10320,chin,472.2,335.4,794.5,570.0,750.3,509.3,1153.2,802.4,As93GgkTdt4.004.mp4,1280,720,25.0,383,extraversion,high
258,10320,left_cheek,484.8,363.0,584.8,491.6,766.0,543.8,891.0,704.4,As93GgkTdt4.004.mp4,1280,720,25.0,383,extraversion,high
258,10320,right_cheek,689.2,342.1,784.8,477.0,1021.4,517.6,1141.0,686.2,As93GgkTdt4.004.mp4,1280,720,25.0,383,extraversion,high
259,10360,left_eye,491.3,254.5,602.6,344.3,774.1,408.1,913.2,520.4,As93GgkTdt4.004.mp4,1280,720,25.0,383,extraversion,high
259,10360,right_eye,665.0,242.2,772.6,335.1,991.3,392.7,1125.7,508.9,As93GgkTdt4.004.mp4,1280,720,25.0,383,extraversion,high
259,10360,nose,597.6,308.9,685.3,437.2,907.0,476.1,1016.6,636.5,As93GgkTdt4.004.mp4,1280,720,25.0,383,extraversion,high
259,10360,mouth,585.0,454.7,703.5,519.2,891.2,658.4,1039.4,739.0,As93GgkTdt4.004.mp4,1280,720,25.0,383,extraversion,high
259,10360,forehead,467.9,191.1,797.9,473.3,744.9,328.9,1157.3,681.6,As93GgkTdt4.004.mp4,1280,720,25.0,383,extraversion,high
259,10360,chin,472.6,335.5,797.9,569.3,750.8,509.3,1157.3,801.6,As93GgkTdt4.004.mp4,1280,720,25.0,383,extraversion,high
259,10360,left_cheek,485.5,361.9,586.3,490.5,766.9,542.3,892.9,703.1,As93GgkTdt4.004.mp4,1280,720,25.0,383,extraversion,high
259,10360,right_cheek,690.7,342.0,787.1,476.7,1023.4,517.5,1143.8,685.8,As93GgkTdt4.004.mp4,1280,720,25.0,383,extraversion,high
260,10400,left_eye,492.6,254.3,603.7,344.0,775.7,407.8,914.6,520.0,As93GgkTdt4.004.mp4,1280,720,25.0,383,extraversion,high
260,10400,right_eye,666.5,242.5,775.6,335.0,993.1,393.1,1129.5,508.8,As93GgkTdt4.004.mp4,1280,720,25.0,383,extraversion,high
260,10400,nose,598.5,308.8,685.7,437.1,908.1,476.0,1017.2,636.3,As93GgkTdt4.004.mp4,1280,720,25.0,383,extraversion,high
260,10400,mouth,585.6,453.5,704.4,519.0,892.0,656.8,1040.5,738.8,As93GgkTdt4.004.mp4,1280,720,25.0,383,extraversion,high
260,10400,forehead,470.2,191.1,803.0,472.7,747.7,328.9,1163.7,680.9,As93GgkTdt4.004.mp4,1280,720,25.0,383,extraversion,high
260,10400,chin,474.8,335.9,803.0,569.2,753.6,509.9,1163.7,801.4,As93GgkTdt4.004.mp4,1280,720,25.0,383,extraversion,high
260,10400,left_cheek,486.6,361.4,587.2,490.0,768.3,541.8,894.0,702.5,As93GgkTdt4.004.mp4,1280,720,25.0,383,extraversion,high
260,10400,right_cheek,692.0,342.2,790.2,476.7,1024.9,517.7,1147.8,685.9,As93GgkTdt4.004.mp4,1280,720,25.0,383,extraversion,high
261,10440,left_eye,494.1,254.5,604.9,343.3,777.6,408.1,916.1,519.1,As93GgkTdt4.004.mp4,1280,720,25.0,383,extraversion,high
261,10440,right_eye,668.0,242.8,777.5,335.1,995.0,393.6,1131.9,508.9,As93GgkTdt4.004.mp4,1280,720,25.0,383,extraversion,high
261,10440,nose,599.4,308.6,686.8,436.6,909.2,475.7,1018.5,635.7,As93GgkTdt4.004.mp4,1280,720,25.0,383,extraversion,high
261,10440,mouth,586.3,452.6,705.4,519.4,892.9,655.7,1041.8,739.3,As93GgkTdt4.004.mp4,1280,720,25.0,383,extraversion,high
261,10440,forehead,471.7,191.2,805.6,472.3,749.6,329.1,1167.0,680.4,As93GgkTdt4.004.mp4,1280,720,25.0,383,extraversion,high
261,10440,chin,475.9,336.9,805.6,569.9,754.9,511.1,1167.0,802.4,As93GgkTdt4.004.mp4,1280,720,25.0,383,extraversion,high
261,10440,left_cheek,487.6,360.7,588.2,489.5,769.5,540.9,895.2,701.8,As93GgkTdt4.004.mp4,1280,720,25.0,383,extraversion,high
261,10440,right_cheek,693.2,342.2,792.3,477.0,1026.5,517.8,1150.4,686.2,As93GgkTdt4.004.mp4,1280,720,25.0,383,extraversion,high
262,10480,left_eye,494.2,254.0,605.2,342.2,777.7,407.5,916.6,517.8,As93GgkTdt4.004.mp4,1280,720,25.0,383,extraversion,high
262,10480,right_eye,668.8,242.8,779.1,334.7,996.0,393.4,1133.9,508.4,As93GgkTdt4.004.mp4,1280,720,25.0,383,extraversion,high
262,10480,nose,599.3,308.0,687.0,435.8,909.2,475.0,1018.8,634.7,As93GgkTdt4.004.mp4,1280,720,25.0,383,extraversion,high
262,10480,mouth,587.0,452.2,705.5,519.8,893.7,655.3,1041.8,739.7,As93GgkTdt4.004.mp4,1280,720,25.0,383,extraversion,high
262,10480,forehead,471.7,190.8,807.8,471.9,749.7,328.5,1169.7,679.9,As93GgkTdt4.004.mp4,1280,720,25.0,383,extraversion,high
262,10480,chin,475.9,336.9,807.8,570.3,754.8,511.1,1169.7,802.9,As93GgkTdt4.004.mp4,1280,720,25.0,383,extraversion,high
262,10480,left_cheek,487.6,359.6,588.3,488.8,769.5,539.5,895.3,700.9,As93GgkTdt4.004.mp4,1280,720,25.0,383,extraversion,high
262,10480,right_cheek,693.8,342.3,793.9,477.0,1027.2,517.8,1152.4,686.3,As93GgkTdt4.004.mp4,1280,720,25.0,383,extraversion,high
263,10520,left_eye,494.2,253.0,605.5,340.7,777.8,406.2,916.9,515.9,As93GgkTdt4.004.mp4,1280,720,25.0,383,extraversion,high
263,10520,right_eye,669.4,242.1,779.7,333.8,996.7,392.6,1134.6,507.3,As93GgkTdt4.004.mp4,1280,720,25.0,383,extraversion,high
263,10520,nose,599.4,306.9,687.4,434.6,909.2,473.6,1019.3,633.2,As93GgkTdt4.004.mp4,1280,720,25.0,383,extraversion,high
263,10520,mouth,587.4,452.3,705.4,519.4,894.2,655.4,1041.7,739.3,As93GgkTdt4.004.mp4,1280,720,25.0,383,extraversion,high
263,10520,forehead,471.8,190.1,807.7,470.2,749.8,327.6,1169.6,677.8,As93GgkTdt4.004.mp4,1280,720,25.0,383,extraversion,high
263,10520,chin,475.9,336.7,807.7,570.3,754.9,510.9,1169.6,802.8,As93GgkTdt4.004.mp4,1280,720,25.0,383,extraversion,high
263,10520,left_cheek,487.6,358.3,588.4,487.5,769.5,537.8,895.5,699.4,As93GgkTdt4.004.mp4,1280,720,25.0,383,extraversion,high
263,10520,right_cheek,694.1,341.9,794.2,476.9,1027.7,517.4,1152.8,686.1,As93GgkTdt4.004.mp4,1280,720,25.0,383,extraversion,high
264,10560,left_eye,494.3,251.9,605.7,338.2,777.9,404.9,917.1,512.8,As93GgkTdt4.004.mp4,1280,720,25.0,383,extraversion,high
264,10560,right_eye,669.7,242.0,779.3,331.7,997.1,392.4,1134.1,504.7,As93GgkTdt4.004.mp4,1280,720,25.0,383,extraversion,high
264,10560,nose,599.4,305.5,687.4,433.5,909.2,471.9,1019.3,631.9,As93GgkTdt4.004.mp4,1280,720,25.0,383,extraversion,high
264,10560,mouth,587.1,452.6,705.3,512.4,893.9,655.7,1041.7,730.5,As93GgkTdt4.004.mp4,1280,720,25.0,383,extraversion,high
264,10560,forehead,472.0,188.8,806.4,466.9,750.0,326.0,1168.0,673.6,As93GgkTdt4.004.mp4,1280,720,25.0,383,extraversion,high
264,10560,chin,475.9,335.9,806.4,568.7,754.8,509.9,1168.0,800.9,As93GgkTdt4.004.mp4,1280,720,25.0,383,extraversion,high
264,10560,left_cheek,487.7,355.9,588.6,485.4,769.6,534.8,895.7,696.8,As93GgkTdt4.004.mp4,1280,720,25.0,383,extraversion,high
264,10560,right_cheek,694.1,341.4,793.5,476.3,1027.6,516.7,1151.9,685.4,As93GgkTdt4.004.mp4,1280,720,25.0,383,extraversion,high
265,10600,left_eye,495.0,252.2,605.9,337.9,778.8,405.3,917.3,512.4,As93GgkTdt4.004.mp4,1280,720,25.0,383,extraversion,high
265,10600,right_eye,669.8,243.7,778.9,332.0,997.2,394.6,1133.6,505.0,As93GgkTdt4.004.mp4,1280,720,25.0,383,extraversion,high
265,10600,nose,599.4,305.8,686.7,433.1,909.2,472.3,1018.3,631.4,As93GgkTdt4.004.mp4,1280,720,25.0,383,extraversion,high
265,10600,mouth,587.0,455.6,705.0,509.9,893.7,659.5,1041.2,727.4,As93GgkTdt4.004.mp4,1280,720,25.0,383,extraversion,high
265,10600,forehead,472.2,189.5,806.0,467.0,750.2,326.9,1167.5,673.8,As93GgkTdt4.004.mp4,1280,720,25.0,383,extraversion,high
265,10600,chin,475.8,338.6,806.0,568.3,754.8,513.2,1167.5,800.3,As93GgkTdt4.004.mp4,1280,720,25.0,383,extraversion,high
265,10600,left_cheek,487.8,356.0,588.8,485.1,769.7,535.0,896.0,696.4,As93GgkTdt4.004.mp4,1280,720,25.0,383,extraversion,high
265,10600,right_cheek,694.0,342.8,793.4,476.7,1027.5,518.5,1151.8,685.9,As93GgkTdt4.004.mp4,1280,720,25.0,383,extraversion,high
266,10640,left_eye,496.3,252.1,606.7,337.7,780.3,405.2,918.4,512.1,As93GgkTdt4.004.mp4,1280,720,25.0,383,extraversion,high
266,10640,right_eye,672.6,245.0,780.5,332.2,1000.7,396.3,1135.6,505.3,As93GgkTdt4.004.mp4,1280,720,25.0,383,extraversion,high
266,10640,nose,601.2,306.0,687.3,432.2,911.4,472.5,1019.1,630.2,As93GgkTdt4.004.mp4,1280,720,25.0,383,extraversion,high
266,10640,mouth,587.2,456.5,705.4,508.8,894.1,660.7,1041.7,726.1,As93GgkTdt4.004.mp4,1280,720,25.0,383,extraversion,high
266,10640,forehead,474.6,192.8,805.7,466.9,753.2,331.0,1167.2,673.6,As93GgkTdt4.004.mp4,1280,720,25.0,383,extraversion,high
266,10640,chin,477.3,340.6,805.7,567.8,756.6,515.7,1167.2,799.7,As93GgkTdt4.004.mp4,1280,720,25.0,383,extraversion,high
266,10640,left_cheek,490.3,355.9,590.8,484.2,772.8,534.9,898.5,695.2,As93GgkTdt4.004.mp4,1280,720,25.0,383,extraversion,high
266,10640,right_cheek,694.5,343.8,793.0,476.7,1028.1,519.7,1151.2,685.9,As93GgkTdt4.004.mp4,1280,720,25.0,383,extraversion,high
267,10680,left_eye,493.2,252.3,604.5,337.8,776.5,405.3,915.7,512.3,As93GgkTdt4.004.mp4,1280,720,25.0,383,extraversion,high
267,10680,right_eye,672.0,245.9,780.4,332.6,1000.0,397.4,1135.4,505.8,As93GgkTdt4.004.mp4,1280,720,25.0,383,extraversion,high
267,10680,nose,599.1,306.1,685.7,430.2,908.9,472.6,1017.2,627.7,As93GgkTdt4.004.mp4,1280,720,25.0,383,extraversion,high
267,10680,mouth,583.4,456.0,702.9,508.4,889.2,660.1,1038.6,725.5,As93GgkTdt4.004.mp4,1280,720,25.0,383,extraversion,high
267,10680,forehead,469.7,193.8,800.9,465.9,747.1,332.3,1161.1,672.4,As93GgkTdt4.004.mp4,1280,720,25.0,383,extraversion,high
267,10680,chin,471.5,341.4,800.9,567.7,749.4,516.7,1161.1,799.6,As93GgkTdt4.004.mp4,1280,720,25.0,383,extraversion,high
267,10680,left_cheek,486.5,355.0,588.4,482.7,768.1,533.8,895.6,693.4,As93GgkTdt4.004.mp4,1280,720,25.0,383,extraversion,high
267,10680,right_cheek,692.8,344.3,790.4,476.6,1026.1,520.4,1148.0,685.8,As93GgkTdt4.004.mp4,1280,720,25.0,383,extraversion,high
268,10720,left_eye,493.1,250.0,604.6,336.1,776.3,402.6,915.7,510.1,As93GgkTdt4.004.mp4,1280,720,25.0,383,extraversion,high
268,10720,right_eye,672.2,245.9,779.9,332.1,1000.3,397.4,1134.9,505.1,As93GgkTdt4.004.mp4,1280,720,25.0,383,extraversion,high
268,10720,nose,599.1,304.7,685.7,426.6,908.9,470.8,1017.1,623.2,As93GgkTdt4.004.mp4,1280,720,25.0,383,extraversion,high
268,10720,mouth,583.2,452.6,701.9,504.8,889.0,655.7,1037.4,721.0,As93GgkTdt4.004.mp4,1280,720,25.0,383,extraversion,high
268,10720,forehead,469.1,193.8,798.7,464.4,746.3,332.3,1158.3,670.5,As93GgkTdt4.004.mp4,1280,720,25.0,383,extraversion,high
268,10720,chin,470.6,341.3,798.5,567.1,748.3,516.6,1158.2,798.9,As93GgkTdt4.004.mp4,1280,720,25.0,383,extraversion,high
268,10720,left_cheek,486.2,352.7,588.4,479.9,767.7,530.9,895.5,689.8,As93GgkTdt4.004.mp4,1280,720,25.0,383,extraversion,high
268,10720,right_cheek,692.8,344.1,789.4,474.5,1026.0,520.2,1146.7,683.1,As93GgkTdt4.004.mp4,1280,720,25.0,383,extraversion,high
269,10760,left_eye,494.0,249.2,606.9,335.1,777.5,401.6,918.6,508.9,As93GgkTdt4.004.mp4,1280,720,25.0,383,extraversion,high
269,10760,right_eye,674.4,245.9,780.1,332.1,1003.0,397.3,1135.1,505.2,As93GgkTdt4.004.mp4,1280,720,25.0,383,extraversion,high
269,10760,nose,600.3,303.9,686.6,425.2,910.4,469.9,1018.3,621.5,As93GgkTdt4.004.mp4,1280,720,25.0,383,extraversion,high
269,10760,mouth,583.1,449.6,702.9,501.0,888.8,652.0,1038.6,716.2,As93GgkTdt4.004.mp4,1280,720,25.0,383,extraversion,high
269,10760,forehead,469.2,193.7,797.5,463.5,746.5,332.1,1156.8,669.4,As93GgkTdt4.004.mp4,1280,720,25.0,383,extraversion,high
269,10760,chin,470.6,341.5,797.1,566.3,748.2,516.9,1156.4,797.9,As93GgkTdt4.004.mp4,1280,720,25.0,383,extraversion,high
269,10760,left_cheek,486.2,351.2,589.4,478.1,767.8,529.1,896.7,687.6,As93GgkTdt4.004.mp4,1280,720,25.0,383,extraversion,high
269,10760,right_cheek,693.6,344.1,789.3,473.2,1027.0,520.1,1146.6,681.5,As93GgkTdt4.004.mp4,1280,720,25.0,383,extraversion,high
270,10800,left_eye,492.4,248.5,606.7,333.2,775.5,400.6,918.4,506.5,As93GgkTdt4.004.mp4,1280,720,25.0,383,extraversion,high
270,10800,right_eye,673.9,246.0,778.7,332.2,1002.3,397.4,1133.4,505.2,As93GgkTdt4.004.mp4,1280,720,25.0,383,extraversion,high
270,10800,nose,599.8,303.4,685.9,424.1,909.7,469.2,1017.4,620.1,As93GgkTdt4.004.mp4,1280,720,25.0,383,extraversion,high
270,10800,mouth,579.1,446.7,700.7,495.5,883.8,648.3,1035.9,709.4,As93GgkTdt4.004.mp4,1280,720,25.0,383,extraversion,high
270,10800,forehead,464.5,193.7,792.2,462.9,740.6,332.1,1150.3,668.7,As93GgkTdt4.004.mp4,1280,720,25.0,383,extraversion,high
270,10800,chin,465.2,343.7,791.4,565.4,741.5,519.7,1149.2,796.7,As93GgkTdt4.004.mp4,1280,720,25.0,383,extraversion,high
270,10800,left_cheek,483.4,350.0,588.2,475.8,764.3,527.5,895.3,684.8,As93GgkTdt4.004.mp4,1280,720,25.0,383,extraversion,high
270,10800,right_cheek,692.7,344.4,786.0,472.5,1025.9,520.5,1142.5,680.7,As93GgkTdt4.004.mp4,1280,720,25.0,383,extraversion,high
271,10840,left_eye,492.8,245.7,608.4,330.7,776.0,397.1,920.5,503.4,As93GgkTdt4.004.mp4,1280,720,25.0,383,extraversion,high
271,10840,right_eye,674.1,244.5,778.4,331.9,1002.6,395.6,1132.9,504.8,As93GgkTdt4.004.mp4,1280,720,25.0,383,extraversion,high
271,10840,nose,599.8,300.7,685.8,421.2,909.7,465.9,1017.2,616.5,As93GgkTdt4.004.mp4,1280,720,25.0,383,extraversion,high
271,10840,mouth,577.9,441.8,700.8,490.8,882.3,642.2,1036.0,703.5,As93GgkTdt4.004.mp4,1280,720,25.0,383,extraversion,high
271,10840,forehead,464.2,191.9,791.4,462.2,740.3,329.9,1149.2,667.7,As93GgkTdt4.004.mp4,1280,720,25.0,383,extraversion,high
271,10840,chin,464.8,344.2,790.5,563.2,741.0,520.2,1148.1,794.0,As93GgkTdt4.004.mp4,1280,720,25.0,383,extraversion,high
271,10840,left_cheek,483.5,347.6,588.2,473.2,764.4,524.5,895.3,681.5,As93GgkTdt4.004.mp4,1280,720,25.0,383,extraversion,high
271,10840,right_cheek,692.7,344.3,785.6,470.9,1025.9,520.4,1142.0,678.6,As93GgkTdt4.004.mp4,1280,720,25.0,383,extraversion,high
272,10880,left_eye,493.3,244.5,609.6,329.5,776.6,395.6,922.1,501.9,As93GgkTdt4.004.mp4,1280,720,25.0,383,extraversion,high
272,10880,right_eye,674.3,242.9,777.2,331.4,1002.9,393.7,1131.5,504.3,As93GgkTdt4.004.mp4,1280,720,25.0,383,extraversion,high
272,10880,nose,599.7,298.8,686.0,418.6,909.7,463.5,1017.5,613.3,As93GgkTdt4.004.mp4,1280,720,25.0,383,extraversion,high
272,10880,mouth,576.5,438.9,700.8,487.8,880.6,638.7,1036.0,699.8,As93GgkTdt4.004.mp4,1280,720,25.0,383,extraversion,high
272,10880,forehead,463.3,190.3,788.7,461.8,739.1,327.8,1145.8,667.2,As93GgkTdt4.004.mp4,1280,720,25.0,383,extraversion,high
272,10880,chin,463.7,344.8,787.6,560.7,739.6,521.0,1144.5,790.8,As93GgkTdt4.004.mp4,1280,720,25.0,383,extraversion,high
272,10880,left_cheek,483.5,346.3,588.3,471.4,764.4,522.8,895.4,679.2,As93GgkTdt4.004.mp4,1280,720,25.0,383,extraversion,high
272,10880,right_cheek,692.8,344.2,784.3,469.5,1026.0,520.3,1140.3,676.8,As93GgkTdt4.004.mp4,1280,720,25.0,383,extraversion,high
273,10920,left_eye,496.0,245.2,613.9,329.7,780.0,396.5,927.4,502.1,As93GgkTdt4.004.mp4,1280,720,25.0,383,extraversion,high
273,10920,right_eye,676.3,243.0,777.7,331.4,1005.4,393.7,1132.2,504.3,As93GgkTdt4.004.mp4,1280,720,25.0,383,extraversion,high
273,10920,nose,601.9,298.5,689.1,418.3,912.4,463.2,1021.4,612.9,As93GgkTdt4.004.mp4,1280,720,25.0,383,extraversion,high
273,10920,mouth,576.9,438.8,704.0,487.6,881.1,638.5,1039.9,699.4,As93GgkTdt4.004.mp4,1280,720,25.0,383,extraversion,high
273,10920,forehead,463.2,190.0,789.6,462.0,739.0,327.5,1147.0,667.5,As93GgkTdt4.004.mp4,1280,720,25.0,383,extraversion,high
273,10920,chin,463.6,345.9,788.5,560.2,739.5,522.4,1145.6,790.2,As93GgkTdt4.004.mp4,1280,720,25.0,383,extraversion,high
273,10920,left_cheek,483.7,346.6,590.8,471.9,764.6,523.2,898.5,679.9,As93GgkTdt4.004.mp4,1280,720,25.0,383,extraversion,high
273,10920,right_cheek,695.2,344.4,784.5,469.7,1029.0,520.4,1140.6,677.2,As93GgkTdt4.004.mp4,1280,720,25.0,383,extraversion,high
274,10960,left_eye,500.9,245.4,618.3,329.5,786.1,396.8,932.9,501.8,As93GgkTdt4.004.mp4,1280,720,25.0,383,extraversion,high
274,10960,right_eye,679.3,243.1,780.0,331.4,1009.1,393.8,1135.0,504.2,As93GgkTdt4.004.mp4,1280,720,25.0,383,extraversion,high
274,10960,nose,605.3,298.4,692.3,417.8,916.6,463.0,1025.3,612.2,As93GgkTdt4.004.mp4,1280,720,25.0,383,extraversion,high
274,10960,mouth,577.2,438.1,707.6,486.7,881.5,637.6,1044.5,698.4,As93GgkTdt4.004.mp4,1280,720,25.0,383,extraversion,high
274,10960,forehead,463.7,189.9,790.4,462.0,739.6,327.4,1148.0,667.5,As93GgkTdt4.004.mp4,1280,720,25.0,383,extraversion,high
274,10960,chin,463.7,346.7,789.4,558.8,739.6,523.3,1146.7,788.5,As93GgkTdt4.004.mp4,1280,720,25.0,383,extraversion,high
274,10960,left_cheek,487.0,346.3,594.5,471.4,768.8,522.8,903.1,679.2,As93GgkTdt4.004.mp4,1280,720,25.0,383,extraversion,high
274,10960,right_cheek,698.3,344.5,786.0,469.6,1032.9,520.6,1142.6,677.0,As93GgkTdt4.004.mp4,1280,720,25.0,383,extraversion,high
275,11000,left_eye,504.5,245.6,622.1,329.7,790.7,397.0,937.6,502.1,As93GgkTdt4.004.mp4,1280,720,25.0,383,extraversion,high
275,11000,right_eye,682.3,243.4,782.0,331.4,1012.9,394.2,1137.5,504.2,As93GgkTdt4.004.mp4,1280,720,25.0,383,extraversion,high
275,11000,nose,609.2,298.7,696.3,417.9,921.5,463.3,1030.4,612.4,As93GgkTdt4.004.mp4,1280,720,25.0,383,extraversion,high
275,11000,mouth,579.4,437.5,712.4,486.4,884.3,636.9,1050.5,698.0,As93GgkTdt4.004.mp4,1280,720,25.0,383,extraversion,high
275,11000,forehead,466.3,190.0,790.8,462.2,742.9,327.6,1148.5,667.8,As93GgkTdt4.004.mp4,1280,720,25.0,383,extraversion,high
275,11000,chin,466.3,347.6,789.9,558.3,742.9,524.4,1147.4,787.9,As93GgkTdt4.004.mp4,1280,720,25.0,383,extraversion,high
275,11000,left_cheek,490.8,346.6,598.3,471.6,773.5,523.3,907.9,679.5,As93GgkTdt4.004.mp4,1280,720,25.0,383,extraversion,high
275,11000,right_cheek,701.7,344.8,788.1,469.6,1037.1,521.0,1145.1,677.0,As93GgkTdt4.004.mp4,1280,720,25.0,383,extraversion,high
276,11040,left_eye,506.8,245.7,623.9,329.5,793.6,397.1,939.9,501.8,As93GgkTdt4.004.mp4,1280,720,25.0,383,extraversion,high
276,11040,right_eye,684.0,244.0,783.4,331.2,1015.1,394.9,1139.3,504.1,As93GgkTdt4.004.mp4,1280,720,25.0,383,extraversion,high
276,11040,nose,611.1,298.4,697.9,417.2,923.9,463.1,1032.3,611.5,As93GgkTdt4.004.mp4,1280,720,25.0,383,extraversion,high
276,11040,mouth,582.6,435.8,714.2,484.9,888.2,634.8,1052.8,696.1,As93GgkTdt4.004.mp4,1280,720,25.0,383,extraversion,high
276,11040,forehead,468.4,190.1,791.8,462.3,745.6,327.7,1149.7,667.9,As93GgkTdt4.004.mp4,1280,720,25.0,383,extraversion,high
276,11040,chin,468.4,347.7,790.1,556.8,745.6,524.7,1147.7,786.0,As93GgkTdt4.004.mp4,1280,720,25.0,383,extraversion,high
276,11040,left_cheek,492.8,346.7,600.2,471.1,776.1,523.3,910.2,678.9,As93GgkTdt4.004.mp4,1280,720,25.0,383,extraversion,high
276,11040,right_cheek,703.3,345.0,790.1,469.3,1039.2,521.2,1147.6,676.6,As93GgkTdt4.004.mp4,1280,720,25.0,383,extraversion,high
277,11080,left_eye,507.6,246.0,624.8,329.5,794.5,397.5,940.9,501.9,As93GgkTdt4.004.mp4,1280,720,25.0,383,extraversion,high
277,11080,right_eye,684.6,244.2,784.7,331.1,1015.8,395.3,1140.9,503.9,As93GgkTdt4.004.mp4,1280,720,25.0,383,extraversion,high
277,11080,nose,611.8,298.4,698.7,416.7,924.7,463.0,1033.3,610.8,As93GgkTdt4.004.mp4,1280,720,25.0,383,extraversion,high
277,11080,mouth,584.0,434.7,714.5,483.7,890.0,633.4,1053.1,694.6,As93GgkTdt4.004.mp4,1280,720,25.0,383,extraversion,high
277,11080,forehead,469.9,190.2,793.9,462.3,747.4,327.7,1152.4,667.9,As93GgkTdt4.004.mp4,1280,720,25.0,383,extraversion,high
277,11080,chin,469.9,347.8,791.2,555.9,747.4,524.8,1149.0,784.9,As93GgkTdt4.004.mp4,1280,720,25.0,383,extraversion,high
277,11080,left_cheek,493.8,346.6,600.9,470.5,777.2,523.2,911.1,678.1,As93GgkTdt4.004.mp4,1280,720,25.0,383,extraversion,high
277,11080,right_cheek,704.2,345.0,791.4,468.9,1040.2,521.3,1149.3,676.1,As93GgkTdt4.004.mp4,1280,720,25.0,383,extraversion,high
278,11120,left_eye,507.0,246.1,624.3,329.5,793.7,397.6,940.4,501.9,As93GgkTdt4.004.mp4,1280,720,25.0,383,extraversion,high
278,11120,right_eye,684.7,244.3,785.4,330.9,1015.8,395.3,1141.8,503.7,As93GgkTdt4.004.mp4,1280,720,25.0,383,extraversion,high
278,11120,nose,611.2,298.3,698.5,416.2,924.0,462.9,1033.2,610.2,As93GgkTdt4.004.mp4,1280,720,25.0,383,extraversion,high
278,11120,mouth,584.3,433.9,714.3,483.1,890.4,632.3,1052.8,693.9,As93GgkTdt4.004.mp4,1280,720,25.0,383,extraversion,high
278,11120,forehead,470.0,190.2,795.3,462.0,747.4,327.8,1154.1,667.5,As93GgkTdt4.004.mp4,1280,720,25.0,383,extraversion,high
278,11120,chin,470.0,347.9,792.6,555.7,747.5,524.9,1150.7,784.6,As93GgkTdt4.004.mp4,1280,720,25.0,383,extraversion,high
278,11120,left_cheek,493.3,346.3,600.5,469.8,776.7,522.9,910.6,677.2,As93GgkTdt4.004.mp4,1280,720,25.0,383,extraversion,high
278,11120,right_cheek,704.2,345.0,792.4,468.2,1040.3,521.2,1150.4,675.2,As93GgkTdt4.004.mp4,1280,720,25.0,383,extraversion,high
279,11160,left_eye,506.4,246.6,623.7,329.5,793.0,398.2,939.6,501.9,As93GgkTdt4.004.mp4,1280,720,25.0,383,extraversion,high
279,11160,right_eye,684.6,244.3,786.0,330.8,1015.8,395.4,1142.5,503.5,As93GgkTdt4.004.mp4,1280,720,25.0,383,extraversion,high
279,11160,nose,610.6,298.4,698.2,416.3,923.2,463.0,1032.8,610.3,As93GgkTdt4.004.mp4,1280,720,25.0,383,extraversion,high
279,11160,mouth,584.2,433.7,714.3,483.4,890.2,632.1,1052.9,694.2,As93GgkTdt4.004.mp4,1280,720,25.0,383,extraversion,high
279,11160,forehead,469.8,190.3,796.2,462.1,747.3,327.8,1155.3,667.6,As93GgkTdt4.004.mp4,1280,720,25.0,383,extraversion,high
279,11160,chin,470.0,347.9,793.7,556.2,747.5,524.9,1152.1,785.2,As93GgkTdt4.004.mp4,1280,720,25.0,383,extraversion,high
279,11160,left_cheek,492.9,346.4,599.9,469.8,776.2,523.0,909.9,677.3,As93GgkTdt4.004.mp4,1280,720,25.0,383,extraversion,high
279,11160,right_cheek,704.1,345.0,793.0,468.2,1040.2,521.2,1151.2,675.3,As93GgkTdt4.004.mp4,1280,720,25.0,383,extraversion,high
280,11200,left_eye,506.0,246.8,622.9,329.2,792.5,398.5,938.7,501.5,As93GgkTdt4.004.mp4,1280,720,25.0,383,extraversion,high
280,11200,right_eye,684.4,244.3,786.2,330.3,1015.5,395.4,1142.7,502.9,As93GgkTdt4.004.mp4,1280,720,25.0,383,extraversion,high
280,11200,nose,610.1,298.3,697.8,416.5,922.6,462.9,1032.2,610.6,As93GgkTdt4.004.mp4,1280,720,25.0,383,extraversion,high
280,11200,mouth,583.8,433.1,713.8,482.8,889.8,631.3,1052.3,693.5,As93GgkTdt4.004.mp4,1280,720,25.0,383,extraversion,high
280,11200,forehead,468.7,189.8,796.8,462.1,745.8,327.3,1156.0,667.6,As93GgkTdt4.004.mp4,1280,720,25.0,383,extraversion,high
280,11200,chin,468.7,347.8,794.8,556.4,745.9,524.8,1153.5,785.5,As93GgkTdt4.004.mp4,1280,720,25.0,383,extraversion,high
280,11200,left_cheek,492.0,346.1,599.8,469.7,775.0,522.7,909.7,677.1,As93GgkTdt4.004.mp4,1280,720,25.0,383,extraversion,high
280,11200,right_cheek,703.8,344.4,793.5,467.7,1039.7,520.6,1151.8,674.6,As93GgkTdt4.004.mp4,1280,720,25.0,383,extraversion,high
281,11240,left_eye,505.7,248.1,622.5,329.2,792.1,400.1,938.1,501.5,As93GgkTdt4.004.mp4,1280,720,25.0,383,extraversion,high
281,11240,right_eye,684.1,244.5,785.9,330.1,1015.2,395.6,1142.4,502.6,As93GgkTdt4.004.mp4,1280,720,25.0,383,extraversion,high
281,11240,nose,609.2,298.4,697.5,416.6,921.5,463.0,1031.8,610.8,As93GgkTdt4.004.mp4,1280,720,25.0,383,extraversion,high
281,11240,mouth,583.4,433.4,713.5,482.6,889.2,631.8,1051.9,693.2,As93GgkTdt4.004.mp4,1280,720,25.0,383,extraversion,high
281,11240,forehead,467.2,189.7,796.8,462.1,744.1,327.2,1156.0,667.6,As93GgkTdt4.004.mp4,1280,720,25.0,383,extraversion,high
281,11240,chin,467.6,347.6,795.0,557.3,744.4,524.5,1153.7,786.7,As93GgkTdt4.004.mp4,1280,720,25.0,383,extraversion,high
281,11240,left_cheek,490.8,346.2,599.4,469.8,773.5,522.7,909.3,677.3,As93GgkTdt4.004.mp4,1280,720,25.0,383,extraversion,high
281,11240,right_cheek,703.5,344.2,793.3,467.6,1039.3,520.3,1151.7,674.5,As93GgkTdt4.004.mp4,1280,720,25.0,383,extraversion,high
282,11280,left_eye,504.8,250.1,621.2,329.2,791.1,402.6,936.5,501.5,As93GgkTdt4.004.mp4,1280,720,25.0,383,extraversion,high
282,11280,right_eye,683.0,245.4,785.1,329.9,1013.8,396.7,1141.4,502.3,As93GgkTdt4.004.mp4,1280,720,25.0,383,extraversion,high
282,11280,nose,606.8,298.5,696.4,416.7,918.4,463.1,1030.6,610.9,As93GgkTdt4.004.mp4,1280,720,25.0,383,extraversion,high
282,11280,mouth,581.3,433.2,713.1,481.5,886.6,631.5,1051.3,691.9,As93GgkTdt4.004.mp4,1280,720,25.0,383,extraversion,high
282,11280,forehead,466.9,189.9,796.7,462.1,743.6,327.4,1155.9,667.6,As93GgkTdt4.004.mp4,1280,720,25.0,383,extraversion,high
282,11280,chin,467.2,347.1,795.0,557.4,744.1,523.8,1153.7,786.7,As93GgkTdt4.004.mp4,1280,720,25.0,383,extraversion,high
282,11280,left_cheek,490.0,346.2,597.6,469.7,772.5,522.8,906.9,677.1,As93GgkTdt4.004.mp4,1280,720,25.0,383,extraversion,high
282,11280,right_cheek,702.3,343.9,793.2,467.0,1037.9,519.8,1151.5,673.8,As93GgkTdt4.004.mp4,1280,720,25.0,383,extraversion,high
283,11320,left_eye,503.4,252.0,619.5,329.4,789.2,405.0,934.3,501.7,As93GgkTdt4.004.mp4,1280,720,25.0,383,extraversion,high
283,11320,right_eye,681.3,246.9,783.3,329.8,1011.6,398.7,1139.1,502.2,As93GgkTdt4.004.mp4,1280,720,25.0,383,extraversion,high
283,11320,nose,604.7,299.1,695.2,416.7,915.9,463.9,1029.0,610.9,As93GgkTdt4.004.mp4,1280,720,25.0,383,extraversion,high
283,11320,mouth,579.7,433.4,712.0,481.6,884.6,631.7,1050.1,692.0,As93GgkTdt4.004.mp4,1280,720,25.0,383,extraversion,high
283,11320,forehead,466.0,190.8,795.4,462.0,742.6,328.4,1154.3,667.5,As93GgkTdt4.004.mp4,1280,720,25.0,383,extraversion,high
283,11320,chin,466.4,346.5,794.0,557.8,743.1,523.2,1152.5,787.2,As93GgkTdt4.004.mp4,1280,720,25.0,383,extraversion,high
283,11320,left_cheek,488.9,346.3,595.6,469.7,771.1,522.8,904.5,677.1,As93GgkTdt4.004.mp4,1280,720,25.0,383,extraversion,high
283,11320,right_cheek,700.5,343.7,791.5,466.7,1035.6,519.6,1149.4,673.4,As93GgkTdt4.004.mp4,1280,720,25.0,383,extraversion,high
284,11360,left_eye,501.4,253.4,617.0,329.8,786.8,406.7,931.3,502.2,As93GgkTdt4.004.mp4,1280,720,25.0,383,extraversion,high
284,11360,right_eye,679.1,248.5,781.2,329.8,1008.9,400.6,1136.5,502.2,As93GgkTdt4.004.mp4,1280,720,25.0,383,extraversion,high
284,11360,nose,602.3,299.7,693.0,416.8,912.9,464.6,1026.3,611.0,As93GgkTdt4.004.mp4,1280,720,25.0,383,extraversion,high
284,11360,mouth,577.8,433.5,710.3,481.7,882.3,631.9,1047.9,692.1,As93GgkTdt4.004.mp4,1280,720,25.0,383,extraversion,high
284,11360,forehead,465.3,191.9,794.1,462.0,741.7,329.9,1152.6,667.5,As93GgkTdt4.004.mp4,1280,720,25.0,383,extraversion,high
284,11360,chin,465.9,346.4,792.8,557.8,742.3,523.0,1151.0,787.3,As93GgkTdt4.004.mp4,1280,720,25.0,383,extraversion,high
284,11360,left_cheek,487.6,346.6,593.4,469.7,769.5,523.2,901.7,677.1,As93GgkTdt4.004.mp4,1280,720,25.0,383,extraversion,high
284,11360,right_cheek,698.3,343.7,789.4,466.4,1032.9,519.6,1146.8,673.1,As93GgkTdt4.004.mp4,1280,720,25.0,383,extraversion,high
285,11400,left_eye,499.8,254.3,614.9,330.4,784.8,407.9,928.6,503.0,As93GgkTdt4.004.mp4,1280,720,25.0,383,extraversion,high
285,11400,right_eye,677.1,249.7,779.5,329.9,1006.4,402.1,1134.4,502.3,As93GgkTdt4.004.mp4,1280,720,25.0,383,extraversion,high
285,11400,nose,600.3,300.3,691.2,417.1,910.4,465.4,1024.0,611.4,As93GgkTdt4.004.mp4,1280,720,25.0,383,extraversion,high
285,11400,mouth,576.6,433.6,708.6,481.8,880.7,631.9,1045.8,692.3,As93GgkTdt4.004.mp4,1280,720,25.0,383,extraversion,high
285,11400,forehead,464.9,192.7,793.2,462.0,741.1,330.9,1151.5,667.5,As93GgkTdt4.004.mp4,1280,720,25.0,383,extraversion,high
285,11400,chin,465.5,346.4,792.0,558.9,741.9,523.0,1150.0,788.6,As93GgkTdt4.004.mp4,1280,720,25.0,383,extraversion,high
285,11400,left_cheek,486.6,347.0,591.5,469.7,768.2,523.8,899.4,677.2,As93GgkTdt4.004.mp4,1280,720,25.0,383,extraversion,high
285,11400,right_cheek,696.5,343.7,787.9,466.5,1030.6,519.6,1144.9,673.1,As93GgkTdt4.004.mp4,1280,720,25.0,383,extraversion,high
286,11440,left_eye,498.5,255.2,612.6,331.1,783.1,409.0,925.7,503.8,As93GgkTdt4.004.mp4,1280,720,25.0,383,extraversion,high
286,11440,right_eye,674.2,251.2,776.9,330.0,1002.7,404.0,1131.1,502.5,As93GgkTdt4.004.mp4,1280,720,25.0,383,extraversion,high
286,11440,nose,598.8,301.0,688.5,418.2,908.5,466.3,1020.6,612.8,As93GgkTdt4.004.mp4,1280,720,25.0,383,extraversion,high
286,11440,mouth,576.0,433.9,706.4,485.4,880.0,632.4,1043.0,696.8,As93GgkTdt4.004.mp4,1280,720,25.0,383,extraversion,high
286,11440,forehead,464.4,193.6,791.2,462.8,740.5,332.0,1149.0,668.5,As93GgkTdt4.004.mp4,1280,720,25.0,383,extraversion,high
286,11440,chin,465.1,346.4,790.1,561.4,741.3,523.0,1147.7,791.8,As93GgkTdt4.004.mp4,1280,720,25.0,383,extraversion,high
286,11440,left_cheek,485.6,347.9,590.0,470.7,767.1,524.9,897.5,678.4,As93GgkTdt4.004.mp4,1280,720,25.0,383,extraversion,high
286,11440,right_cheek,693.9,343.9,785.4,466.9,1027.4,519.8,1141.8,673.6,As93GgkTdt4.004.mp4,1280,720,25.0,383,extraversion,high
287,11480,left_eye,496.7,255.7,610.6,331.4,780.9,409.7,923.2,504.2,As93GgkTdt4.004.mp4,1280,720,25.0,383,extraversion,high
287,11480,right_eye,672.6,252.0,775.6,330.2,1000.8,405.0,1129.5,502.7,As93GgkTdt4.004.mp4,1280,720,25.0,383,extraversion,high
287,11480,nose,597.5,301.3,687.1,418.2,906.9,466.6,1018.9,612.8,As93GgkTdt4.004.mp4,1280,720,25.0,383,extraversion,high
287,11480,mouth,574.9,434.4,705.2,502.1,878.6,633.0,1041.5,717.6,As93GgkTdt4.004.mp4,1280,720,25.0,383,extraversion,high
287,11480,forehead,463.3,194.2,791.1,463.3,739.1,332.8,1148.8,669.1,As93GgkTdt4.004.mp4,1280,720,25.0,383,extraversion,high
287,11480,chin,464.4,346.7,789.8,565.5,740.5,523.4,1147.2,796.9,As93GgkTdt4.004.mp4,1280,720,25.0,383,extraversion,high
287,11480,left_cheek,484.1,348.4,588.4,471.9,765.1,525.5,895.5,679.9,As93GgkTdt4.004.mp4,1280,720,25.0,383,extraversion,high
287,11480,right_cheek,692.5,344.1,784.3,467.9,1025.7,520.1,1140.3,674.9,As93GgkTdt4.004.mp4,1280,720,25.0,383,extraversion,high
288,11520,left_eye,495.8,256.3,609.8,331.7,779.8,410.4,922.2,504.6,As93GgkTdt4.004.mp4,1280,720,25.0,383,extraversion,high
288,11520,right_eye,671.8,252.0,774.2,330.6,999.7,405.0,1127.8,503.3,As93GgkTdt4.004.mp4,1280,720,25.0,383,extraversion,high
288,11520,nose,596.3,301.5,686.7,418.5,905.4,466.8,1018.3,613.1,As93GgkTdt4.004.mp4,1280,720,25.0,383,extraversion,high
288,11520,mouth,572.6,434.7,703.7,512.4,875.7,633.3,1039.7,730.6,As93GgkTdt4.004.mp4,1280,720,25.0,383,extraversion,high
288,11520,forehead,461.7,194.5,789.6,464.3,737.1,333.2,1147.1,670.4,As93GgkTdt4.004.mp4,1280,720,25.0,383,extraversion,high
288,11520,chin,463.0,347.5,787.9,569.1,738.8,524.4,1144.9,801.3,As93GgkTdt4.004.mp4,1280,720,25.0,383,extraversion,high
288,11520,left_cheek,482.5,349.1,587.0,473.8,763.1,526.3,893.8,682.3,As93GgkTdt4.004.mp4,1280,720,25.0,383,extraversion,high
288,11520,right_cheek,691.6,344.9,782.7,470.4,1024.5,521.2,1138.4,678.0,As93GgkTdt4.004.mp4,1280,720,25.0,383,extraversion,high
289,11560,left_eye,495.3,256.9,609.7,332.4,779.1,411.2,922.1,505.5,As93GgkTdt4.004.mp4,1280,720,25.0,383,extraversion,high
289,11560,right_eye,672.0,251.8,774.5,331.3,1000.0,404.8,1128.1,504.1,As93GgkTdt4.004.mp4,1280,720,25.0,383,extraversion,high
289,11560,nose,596.5,302.1,686.9,419.3,905.6,467.6,1018.6,614.1,As93GgkTdt4.004.mp4,1280,720,25.0,383,extraversion,high
289,11560,mouth,572.1,435.6,703.4,513.2,875.2,634.5,1039.2,731.4,As93GgkTdt4.004.mp4,1280,720,25.0,383,extraversion,high
289,11560,forehead,460.2,195.0,789.6,465.2,735.3,333.7,1147.0,671.4,As93GgkTdt4.004.mp4,1280,720,25.0,383,extraversion,high
289,11560,chin,462.0,348.0,787.7,569.7,737.5,524.9,1144.7,802.2,As93GgkTdt4.004.mp4,1280,720,25.0,383,extraversion,high
289,11560,left_cheek,481.9,350.0,587.0,475.1,762.3,527.5,893.7,683.9,As93GgkTdt4.004.mp4,1280,720,25.0,383,extraversion,high
289,11560,right_cheek,691.8,345.5,782.8,471.5,1024.8,521.9,1138.5,679.3,As93GgkTdt4.004.mp4,1280,720,25.0,383,extraversion,high
290,11600,left_eye,495.3,257.4,609.9,333.7,779.2,411.7,922.3,507.1,As93GgkTdt4.004.mp4,1280,720,25.0,383,extraversion,high
290,11600,right_eye,672.5,251.7,774.9,332.5,1000.6,404.6,1128.6,505.7,As93GgkTdt4.004.mp4,1280,720,25.0,383,extraversion,high
290,11600,nose,596.8,303.1,686.8,420.7,906.0,468.9,1018.5,615.9,As93GgkTdt4.004.mp4,1280,720,25.0,383,extraversion,high
290,11600,mouth,571.7,437.5,703.8,513.2,874.7,636.9,1039.7,731.5,As93GgkTdt4.004.mp4,1280,720,25.0,383,extraversion,high
290,11600,forehead,460.3,195.4,790.4,466.6,735.4,334.3,1148.1,673.2,As93GgkTdt4.004.mp4,1280,720,25.0,383,extraversion,high
290,11600,chin,462.1,348.5,788.4,569.9,737.6,525.6,1145.4,802.4,As93GgkTdt4.004.mp4,1280,720,25.0,383,extraversion,high
290,11600,left_cheek,482.0,351.2,587.3,476.7,762.5,529.0,894.1,685.9,As93GgkTdt4.004.mp4,1280,720,25.0,383,extraversion,high
290,11600,right_cheek,692.1,346.3,783.2,472.9,1025.2,522.9,1139.0,681.2,As93GgkTdt4.004.mp4,1280,720,25.0,383,extraversion,high
291,11640,left_eye,494.9,257.1,609.0,333.8,778.6,411.3,921.2,507.3,As93GgkTdt4.004.mp4,1280,720,25.0,383,extraversion,high
291,11640,right_eye,671.8,250.4,774.5,332.6,999.7,403.0,1128.2,505.7,As93GgkTdt4.004.mp4,1280,720,25.0,383,extraversion,high
291,11640,nose,595.5,303.1,685.5,421.4,904.3,468.8,1016.8,616.8,As93GgkTdt4.004.mp4,1280,720,25.0,383,extraversion,high
291,11640,mouth,570.0,437.8,702.9,511.6,872.5,637.3,1038.7,729.5,As93GgkTdt4.004.mp4,1280,720,25.0,383,extraversion,high
291,11640,forehead,460.3,195.2,789.9,466.7,735.4,334.0,1147.3,673.4,As93GgkTdt4.004.mp4,1280,720,25.0,383,extraversion,high
291,11640,chin,462.0,348.4,787.8,569.6,737.5,525.5,1144.8,802.0,As93GgkTdt4.004.mp4,1280,720,25.0,383,extraversion,high
291,11640,left_cheek,481.5,351.2,586.3,476.6,761.9,528.9,892.8,685.8,As93GgkTdt4.004.mp4,1280,720,25.0,383,extraversion,high
291,11640,right_cheek,691.1,346.3,782.7,472.7,1023.9,522.8,1138.4,680.8,As93GgkTdt4.004.mp4,1280,720,25.0,383,extraversion,high
292,11680,left_eye,495.1,253.8,609.2,333.8,778.9,407.2,921.5,507.3,As93GgkTdt4.004.mp4,1280,720,25.0,383,extraversion,high
292,11680,right_eye,673.3,246.4,775.2,332.4,1001.6,398.0,1129.0,505.5,As93GgkTdt4.004.mp4,1280,720,25.0,383,extraversion,high
292,11680,nose,595.8,302.8,685.8,421.4,904.8,468.5,1017.3,616.7,As93GgkTdt4.004.mp4,1280,720,25.0,383,extraversion,high
292,11680,mouth,570.4,437.7,703.0,509.6,873.0,637.1,1038.8,727.0,As93GgkTdt4.004.mp4,1280,720,25.0,383,extraversion,high
292,11680,forehead,461.1,194.3,790.5,466.6,736.4,332.9,1148.2,673.2,As93GgkTdt4.004.mp4,1280,720,25.0,383,extraversion,high
292,11680,chin,463.0,348.2,788.4,569.4,738.7,525.2,1145.6,801.8,As93GgkTdt4.004.mp4,1280,720,25.0,383,extraversion,high
292,11680,left_cheek,482.2,351.0,586.4,476.2,762.8,528.8,893.0,685.3,As93GgkTdt4.004.mp4,1280,720,25.0,383,extraversion,high
292,11680,right_cheek,691.2,345.9,783.2,472.2,1024.0,522.3,1139.0,680.2,As93GgkTdt4.004.mp4,1280,720,25.0,383,extraversion,high
293,11720,left_eye,493.0,253.2,606.6,334.5,776.2,406.4,918.3,508.1,As93GgkTdt4.004.mp4,1280,720,25.0,383,extraversion,high
293,11720,right_eye,672.4,245.9,774.9,332.3,1000.6,397.3,1128.6,505.4,As93GgkTdt4.004.mp4,1280,720,25.0,383,extraversion,high
293,11720,nose,595.7,303.5,685.7,422.0,904.6,469.3,1017.1,617.5,As93GgkTdt4.004.mp4,1280,720,25.0,383,extraversion,high
293,11720,mouth,569.7,437.9,703.3,510.7,872.1,637.4,1039.1,728.4,As93GgkTdt4.004.mp4,1280,720,25.0,383,extraversion,high
293,11720,forehead,461.5,194.8,790.0,466.7,736.9,333.5,1147.6,673.4,As93GgkTdt4.004.mp4,1280,720,25.0,383,extraversion,high
293,11720,chin,463.8,346.8,788.3,570.6,739.8,523.5,1145.4,803.2,As93GgkTdt4.004.mp4,1280,720,25.0,383,extraversion,high
293,11720,left_cheek,482.4,351.3,586.1,476.4,762.9,529.2,892.6,685.5,As93GgkTdt4.004.mp4,1280,720,25.0,383,extraversion,high
293,11720,right_cheek,690.6,345.1,782.5,471.9,1023.2,521.3,1138.1,679.9,As93GgkTdt4.004.mp4,1280,720,25.0,383,extraversion,high
294,11760,left_eye,492.4,252.8,606.3,336.9,775.5,406.0,917.8,511.2,As93GgkTdt4.004.mp4,1280,720,25.0,383,extraversion,high
294,11760,right_eye,672.7,245.6,775.8,333.5,1000.9,397.0,1129.7,506.9,As93GgkTdt4.004.mp4,1280,720,25.0,383,extraversion,high
294,11760,nose,595.8,304.5,685.8,422.6,904.7,470.6,1017.2,618.3,As93GgkTdt4.004.mp4,1280,720,25.0,383,extraversion,high
294,11760,mouth,570.1,438.0,703.6,510.8,872.6,637.5,1039.5,728.5,As93GgkTdt4.004.mp4,1280,720,25.0,383,extraversion,high
294,11760,forehead,462.3,195.1,790.5,466.9,737.9,333.8,1148.1,673.6,As93GgkTdt4.004.mp4,1280,720,25.0,383,extraversion,high
294,11760,chin,464.9,346.3,789.0,570.1,741.2,522.8,1146.3,802.6,As93GgkTdt4.004.mp4,1280,720,25.0,383,extraversion,high
294,11760,left_cheek,482.4,351.8,586.1,476.5,763.0,529.8,892.7,685.6,As93GgkTdt4.004.mp4,1280,720,25.0,383,extraversion,high
294,11760,right_cheek,690.8,344.9,782.7,471.8,1023.5,521.2,1138.3,679.7,As93GgkTdt4.004.mp4,1280,720,25.0,383,extraversion,high
295,11800,left_eye,492.3,252.8,605.9,337.7,775.4,406.1,917.4,512.1,As93GgkTdt4.004.mp4,1280,720,25.0,383,extraversion,high
295,11800,right_eye,672.8,245.4,776.7,333.7,1001.0,396.7,1130.8,507.1,As93GgkTdt4.004.mp4,1280,720,25.0,383,extraversion,high
295,11800,nose,595.7,304.9,685.8,422.8,904.6,471.1,1017.3,618.5,As93GgkTdt4.004.mp4,1280,720,25.0,383,extraversion,high
295,11800,mouth,570.2,437.9,704.3,510.4,872.7,637.4,1040.3,728.0,As93GgkTdt4.004.mp4,1280,720,25.0,383,extraversion,high
295,11800,forehead,463.7,195.3,791.4,466.8,739.6,334.1,1149.2,673.5,As93GgkTdt4.004.mp4,1280,720,25.0,383,extraversion,high
295,11800,chin,466.4,345.4,790.2,569.8,743.0,521.7,1147.7,802.2,As93GgkTdt4.004.mp4,1280,720,25.0,383,extraversion,high
295,11800,left_cheek,482.7,351.9,586.1,476.4,763.3,529.9,892.7,685.4,As93GgkTdt4.004.mp4,1280,720,25.0,383,extraversion,high
295,11800,right_cheek,691.0,344.5,782.8,471.1,1023.7,520.6,1138.5,678.9,As93GgkTdt4.004.mp4,1280,720,25.0,383,extraversion,high
296,11840,left_eye,492.5,254.6,606.1,337.3,775.7,408.2,917.6,511.6,As93GgkTdt4.004.mp4,1280,720,25.0,383,extraversion,high
296,11840,right_eye,672.8,245.4,777.3,333.6,1001.0,396.8,1131.7,507.1,As93GgkTdt4.004.mp4,1280,720,25.0,383,extraversion,high
296,11840,nose,595.6,305.3,685.6,423.3,904.5,471.6,1017.1,619.1,As93GgkTdt4.004.mp4,1280,720,25.0,383,extraversion,high
296,11840,mouth,570.0,438.1,704.7,510.4,872.5,637.6,1040.8,727.9,As93GgkTdt4.004.mp4,1280,720,25.0,383,extraversion,high
296,11840,forehead,464.4,196.3,794.3,466.7,740.5,335.4,1152.8,673.4,As93GgkTdt4.004.mp4,1280,720,25.0,383,extraversion,high
296,11840,chin,466.9,345.3,793.4,569.6,743.7,521.6,1151.7,802.0,As93GgkTdt4.004.mp4,1280,720,25.0,383,extraversion,high
296,11840,left_cheek,482.7,352.1,586.2,476.3,763.4,530.1,892.7,685.3,As93GgkTdt4.004.mp4,1280,720,25.0,383,extraversion,high
296,11840,right_cheek,691.1,344.4,784.5,471.0,1023.9,520.5,1140.7,678.8,As93GgkTdt4.004.mp4,1280,720,25.0,383,extraversion,high
297,11880,left_eye,492.7,256.1,606.1,337.1,775.9,410.1,917.6,511.4,As93GgkTdt4.004.mp4,1280,720,25.0,383,extraversion,high
297,11880,right_eye,671.9,245.6,777.3,333.5,999.8,397.0,1131.6,506.9,As93GgkTdt4.004.mp4,1280,720,25.0,383,extraversion,high
297,11880,nose,594.7,305.3,685.0,423.4,903.4,471.6,1016.3,619.2,As93GgkTdt4.004.mp4,1280,720,25.0,383,extraversion,high
297,11880,mouth,569.6,438.1,704.7,510.0,872.0,637.7,1040.9,727.5,As93GgkTdt4.004.mp4,1280,720,25.0,383,extraversion,high
297,11880,forehead,464.4,196.3,794.6,466.8,740.5,335.4,1153.3,673.5,As93GgkTdt4.004.mp4,1280,720,25.0,383,extraversion,high
297,11880,chin,466.8,345.3,793.7,569.4,743.5,521.6,1152.1,801.8,As93GgkTdt4.004.mp4,1280,720,25.0,383,extraversion,high
297,11880,left_cheek,482.8,352.4,585.8,476.2,763.5,530.5,892.2,685.3,As93GgkTdt4.004.mp4,1280,720,25.0,383,extraversion,high
297,11880,right_cheek,691.1,344.3,785.0,470.8,1023.8,520.4,1141.3,678.5,As93GgkTdt4.004.mp4,1280,720,25.0,383,extraversion,high
298,11920,left_eye,493.4,257.6,606.2,336.9,776.7,412.0,917.8,511.1,As93GgkTdt4.004.mp4,1280,720,25.0,383,extraversion,high
298,11920,right_eye,671.6,245.6,776.9,333.2,999.5,397.0,1131.1,506.5,As93GgkTdt4.004.mp4,1280,720,25.0,383,extraversion,high
298,11920,nose,594.6,305.2,684.8,423.4,903.3,471.5,1016.0,619.3,As93GgkTdt4.004.mp4,1280,720,25.0,383,extraversion,high
298,11920,mouth,569.6,438.2,704.8,509.8,872.0,637.7,1041.1,727.2,As93GgkTdt4.004.mp4,1280,720,25.0,383,extraversion,high
298,11920,forehead,464.6,196.3,794.5,467.1,740.8,335.3,1153.1,673.9,As93GgkTdt4.004.mp4,1280,720,25.0,383,extraversion,high
298,11920,chin,466.9,345.2,793.5,569.3,743.7,521.6,1151.8,801.6,As93GgkTdt4.004.mp4,1280,720,25.0,383,extraversion,high
298,11920,left_cheek,482.9,352.8,585.8,476.2,763.6,531.0,892.3,685.2,As93GgkTdt4.004.mp4,1280,720,25.0,383,extraversion,high
298,11920,right_cheek,691.1,344.2,785.1,470.4,1023.8,520.2,1141.3,678.1,As93GgkTdt4.004.mp4,1280,720,25.0,383,extraversion,high
299,11960,left_eye,493.4,258.5,606.3,336.8,776.8,413.1,917.8,511.0,As93GgkTdt4.004.mp4,1280,720,25.0,383,extraversion,high
299,11960,right_eye,671.0,245.7,776.2,332.7,998.7,397.1,1130.3,505.9,As93GgkTdt4.004.mp4,1280,720,25.0,383,extraversion,high
299,11960,nose,594.4,305.2,684.5,423.5,903.0,471.5,1015.6,619.3,As93GgkTdt4.004.mp4,1280,720,25.0,383,extraversion,high
299,11960,mouth,569.3,438.2,704.9,509.8,871.7,637.8,1041.1,727.3,As93GgkTdt4.004.mp4,1280,720,25.0,383,extraversion,high
299,11960,forehead,464.5,196.1,794.4,467.5,740.7,335.2,1153.1,674.3,As93GgkTdt4.004.mp4,1280,720,25.0,383,extraversion,high
299,11960,chin,466.9,345.0,793.4,569.2,743.6,521.3,1151.8,801.5,As93GgkTdt4.004.mp4,1280,720,25.0,383,extraversion,high
299,11960,left_cheek,482.9,353.1,585.7,476.3,763.6,531.3,892.1,685.4,As93GgkTdt4.004.mp4,1280,720,25.0,383,extraversion,high
299,11960,right_cheek,690.9,343.9,785.0,470.2,1023.6,519.9,1141.3,677.7,As93GgkTdt4.004.mp4,1280,720,25.0,383,extraversion,high
300,12000,left_eye,493.4,259.0,606.1,336.7,776.8,413.7,917.6,510.8,As93GgkTdt4.004.mp4,1280,720,25.0,383,extraversion,high
300,12000,right_eye,670.4,245.7,775.8,332.7,998.0,397.1,1129.7,505.9,As93GgkTdt4.004.mp4,1280,720,25.0,383,extraversion,high
300,12000,nose,594.3,305.2,684.2,423.7,902.8,471.5,1015.2,619.6,As93GgkTdt4.004.mp4,1280,720,25.0,383,extraversion,high
300,12000,mouth,569.3,438.4,704.9,510.5,871.6,637.9,1041.1,728.1,As93GgkTdt4.004.mp4,1280,720,25.0,383,extraversion,high
300,12000,forehead,464.2,196.0,794.4,467.9,740.2,335.1,1152.9,674.9,As93GgkTdt4.004.mp4,1280,720,25.0,383,extraversion,high
300,12000,chin,466.7,345.0,793.3,569.1,743.3,521.2,1151.6,801.4,As93GgkTdt4.004.mp4,1280,720,25.0,383,extraversion,high
300,12000,left_cheek,482.7,353.4,585.4,476.7,763.4,531.8,891.8,685.9,As93GgkTdt4.004.mp4,1280,720,25.0,383,extraversion,high
300,12000,right_cheek,690.6,343.9,784.9,470.2,1023.3,519.8,1141.2,677.7,As93GgkTdt4.004.mp4,1280,720,25.0,383,extraversion,high
301,12040,left_eye,493.3,259.6,605.8,336.7,776.6,414.5,917.2,510.8,As93GgkTdt4.004.mp4,1280,720,25.0,383,extraversion,high
301,12040,right_eye,670.0,246.0,775.4,332.7,997.4,397.5,1129.3,505.8,As93GgkTdt4.004.mp4,1280,720,25.0,383,extraversion,high
301,12040,nose,593.8,305.3,683.9,423.9,902.3,471.6,1014.8,619.8,As93GgkTdt4.004.mp4,1280,720,25.0,383,extraversion,high
301,12040,mouth,569.0,438.6,704.9,511.1,871.3,638.3,1041.1,728.9,As93GgkTdt4.004.mp4,1280,720,25.0,383,extraversion,high
301,12040,forehead,463.5,196.0,794.3,468.4,739.3,335.0,1152.9,675.4,As93GgkTdt4.004.mp4,1280,720,25.0,383,extraversion,high
301,12040,chin,466.0,345.0,793.2,569.2,742.5,521.2,1151.5,801.5,As93GgkTdt4.004.mp4,1280,720,25.0,383,extraversion,high
301,12040,left_cheek,482.2,353.8,585.0,477.1,762.8,532.2,891.3,686.4,As93GgkTdt4.004.mp4,1280,720,25.0,383,extraversion,high
301,12040,right_cheek,690.4,343.9,784.9,470.2,1022.9,519.8,1141.1,677.7,As93GgkTdt4.004.mp4,1280,720,25.0,383,extraversion,high
302,12080,left_eye,493.3,260.9,605.7,337.1,776.6,416.1,917.1,511.4,As93GgkTdt4.004.mp4,1280,720,25.0,383,extraversion,high
302,12080,right_eye,669.6,247.1,775.0,332.9,997.0,398.9,1128.7,506.1,As93GgkTdt4.004.mp4,1280,720,25.0,383,extraversion,high
302,12080,nose,593.7,305.9,683.5,424.3,902.1,472.4,1014.4,620.4,As93GgkTdt4.004.mp4,1280,720,25.0,383,extraversion,high
302,12080,mouth,569.0,439.1,704.9,511.7,871.3,638.9,1041.1,729.6,As93GgkTdt4.004.mp4,1280,720,25.0,383,extraversion,high
302,12080,forehead,463.4,196.4,794.0,469.0,739.3,335.5,1152.4,676.2,As93GgkTdt4.004.mp4,1280,720,25.0,383,extraversion,high
302,12080,chin,466.0,345.1,792.7,569.4,742.5,521.4,1150.9,801.7,As93GgkTdt4.004.mp4,1280,720,25.0,383,extraversion,high
302,12080,left_cheek,482.3,354.6,584.9,477.8,762.8,533.2,891.1,687.2,As93GgkTdt4.004.mp4,1280,720,25.0,383,extraversion,high
302,12080,right_cheek,690.0,344.1,784.6,470.3,1022.6,520.1,1140.7,677.9,As93GgkTdt4.004.mp4,1280,720,25.0,383,extraversion,high
303,12120,left_eye,493.3,261.8,605.5,337.6,776.6,417.2,916.9,512.0,As93GgkTdt4.004.mp4,1280,720,25.0,383,extraversion,high
303,12120,right_eye,669.4,248.3,774.7,333.1,996.7,400.3,1128.4,506.3,As93GgkTdt4.004.mp4,1280,720,25.0,383,extraversion,high
303,12120,nose,593.6,306.6,683.5,425.1,902.0,473.3,1014.3,621.4,As93GgkTdt4.004.mp4,1280,720,25.0,383,extraversion,high
303,12120,mouth,569.1,439.8,704.8,512.3,871.3,639.7,1041.1,730.4,As93GgkTdt4.004.mp4,1280,720,25.0,383,extraversion,high
303,12120,forehead,463.3,196.8,793.7,469.5,739.1,336.0,1152.2,676.9,As93GgkTdt4.004.mp4,1280,720,25.0,383,extraversion,high
303,12120,chin,465.8,345.3,792.5,569.6,742.3,521.7,1150.7,802.1,As93GgkTdt4.004.mp4,1280,720,25.0,383,extraversion,high
303,12120,left_cheek,482.2,355.3,584.8,478.4,762.7,534.1,891.0,688.1,As93GgkTdt4.004.mp4,1280,720,25.0,383,extraversion,high
303,12120,right_cheek,689.9,344.3,784.5,470.6,1022.4,520.4,1140.6,678.2,As93GgkTdt4.004.mp4,1280,720,25.0,383,extraversion,high
304,12160,left_eye,493.3,262.3,605.2,337.8,776.6,417.9,916.5,512.3,As93GgkTdt4.004.mp4,1280,720,25.0,383,extraversion,high
304,12160,right_eye,669.0,248.9,774.2,333.2,996.3,401.1,1127.8,506.4,As93GgkTdt4.004.mp4,1280,720,25.0,383,extraversion,high
304,12160,nose,593.4,307.0,683.1,425.5,901.8,473.8,1013.9,621.8,As93GgkTdt4.004.mp4,1280,720,25.0,383,extraversion,high
304,12160,mouth,569.1,440.1,704.6,512.7,871.3,640.2,1040.7,730.9,As93GgkTdt4.004.mp4,1280,720,25.0,383,extraversion,high
304,12160,forehead,463.2,197.2,793.4,469.9,739.0,336.5,1151.8,677.3,As93GgkTdt4.004.mp4,1280,720,25.0,383,extraversion,high
304,12160,chin,465.8,345.4,792.2,569.9,742.2,521.7,1150.3,802.4,As93GgkTdt4.004.mp4,1280,720,25.0,383,extraversion,high
304,12160,left_cheek,482.2,355.7,584.7,478.9,762.7,534.6,890.9,688.6,As93GgkTdt4.004.mp4,1280,720,25.0,383,extraversion,high
304,12160,right_cheek,689.5,344.4,784.1,470.7,1021.9,520.5,1140.1,678.4,As93GgkTdt4.004.mp4,1280,720,25.0,383,extraversion,high
305,12200,left_eye,493.3,262.7,605.0,338.0,776.6,418.4,916.3,512.5,As93GgkTdt4.004.mp4,1280,720,25.0,383,extraversion,high
305,12200,right_eye,668.8,249.7,774.0,333.3,995.9,402.1,1127.5,506.6,As93GgkTdt4.004.mp4,1280,720,25.0,383,extraversion,high
305,12200,nose,593.3,307.5,682.9,426.1,901.6,474.3,1013.6,622.6,As93GgkTdt4.004.mp4,1280,720,25.0,383,extraversion,high
305,12200,mouth,569.0,440.7,704.4,514.0,871.3,640.8,1040.5,732.5,As93GgkTdt4.004.mp4,1280,720,25.0,383,extraversion,high
305,12200,forehead,463.2,197.6,793.3,470.1,739.0,337.0,1151.7,677.6,As93GgkTdt4.004.mp4,1280,720,25.0,383,extraversion,high
305,12200,chin,465.8,345.5,792.1,570.4,742.2,521.9,1150.1,803.0,As93GgkTdt4.004.mp4,1280,720,25.0,383,extraversion,high
305,12200,left_cheek,482.2,356.0,584.6,479.3,762.7,535.0,890.7,689.1,As93GgkTdt4.004.mp4,1280,720,25.0,383,extraversion,high
305,12200,right_cheek,689.2,344.7,783.9,471.1,1021.5,520.9,1139.8,678.9,As93GgkTdt4.004.mp4,1280,720,25.0,383,extraversion,high
306,12240,left_eye,493.3,263.1,605.0,338.2,776.6,418.8,916.2,512.8,As93GgkTdt4.004.mp4,1280,720,25.0,383,extraversion,high
306,12240,right_eye,668.7,250.3,774.0,333.6,995.9,402.9,1127.4,507.0,As93GgkTdt4.004.mp4,1280,720,25.0,383,extraversion,high
306,12240,nose,593.2,307.8,682.8,426.6,901.5,474.8,1013.5,623.3,As93GgkTdt4.004.mp4,1280,720,25.0,383,extraversion,high
306,12240,mouth,569.0,441.2,704.2,515.1,871.3,641.5,1040.3,733.8,As93GgkTdt4.004.mp4,1280,720,25.0,383,extraversion,high
306,12240,forehead,463.2,198.0,793.2,470.3,739.0,337.5,1151.5,677.8,As93GgkTdt4.004.mp4,1280,720,25.0,383,extraversion,high
306,12240,chin,465.8,345.7,792.0,570.9,742.2,522.2,1150.0,803.6,As93GgkTdt4.004.mp4,1280,720,25.0,383,extraversion,high
306,12240,left_cheek,482.2,356.3,584.6,479.7,762.7,535.3,890.7,689.7,As93GgkTdt4.004.mp4,1280,720,25.0,383,extraversion,high
306,12240,right_cheek,689.1,345.0,783.7,471.7,1021.4,521.3,1139.6,679.6,As93GgkTdt4.004.mp4,1280,720,25.0,383,extraversion,high
307,12280,left_eye,493.4,263.3,605.0,338.4,776.7,419.1,916.2,513.0,As93GgkTdt4.004.mp4,1280,720,25.0,383,extraversion,high
307,12280,right_eye,668.8,250.7,774.0,333.8,996.0,403.4,1127.5,507.2,As93GgkTdt4.004.mp4,1280,720,25.0,383,extraversion,high
307,12280,nose,593.2,308.0,682.8,427.0,901.5,475.1,1013.5,623.8,As93GgkTdt4.004.mp4,1280,720,25.0,383,extraversion,high
307,12280,mouth,569.1,441.6,704.2,515.9,871.4,642.1,1040.2,734.9,As93GgkTdt4.004.mp4,1280,720,25.0,383,extraversion,high
307,12280,forehead,463.4,198.2,793.3,470.3,739.2,337.8,1151.7,677.8,As93GgkTdt4.004.mp4,1280,720,25.0,383,extraversion,high
307,12280,chin,465.9,345.9,792.0,571.1,742.4,522.4,1150.0,803.9,As93GgkTdt4.004.mp4,1280,720,25.0,383,extraversion,high
307,12280,left_cheek,482.2,356.3,584.6,480.0,762.8,535.4,890.7,689.9,As93GgkTdt4.004.mp4,1280,720,25.0,383,extraversion,high
307,12280,right_cheek,689.1,345.4,783.7,472.1,1021.4,521.7,1139.7,680.2,As93GgkTdt4.004.mp4,1280,720,25.0,383,extraversion,high
308,12320,left_eye,493.4,263.4,605.0,338.5,776.8,419.2,916.2,513.1,As93GgkTdt4.004.mp4,1280,720,25.0,383,extraversion,high
308,12320,right_eye,668.8,250.9,774.1,333.8,996.0,403.7,1127.7,507.3,As93GgkTdt4.004.mp4,1280,720,25.0,383,extraversion,high
308,12320,nose,593.3,308.2,682.8,427.2,901.6,475.2,1013.5,624.0,As93GgkTdt4.004.mp4,1280,720,25.0,383,extraversion,high
308,12320,mouth,569.2,441.8,704.2,516.2,871.6,642.3,1040.2,735.3,As93GgkTdt4.004.mp4,1280,720,25.0,383,extraversion,high
308,12320,forehead,463.5,198.4,793.5,470.2,739.4,337.9,1151.9,677.8,As93GgkTdt4.004.mp4,1280,720,25.0,383,extraversion,high
308,12320,chin,466.1,345.9,792.2,571.4,742.6,522.4,1150.2,804.3,As93GgkTdt4.004.mp4,1280,720,25.0,383,extraversion,high
308,12320,left_cheek,482.3,356.4,584.6,480.1,762.9,535.5,890.8,690.2,As93GgkTdt4.004.mp4,1280,720,25.0,383,extraversion,high
308,12320,right_cheek,689.1,345.4,783.8,472.3,1021.4,521.8,1139.8,680.4,As93GgkTdt4.004.mp4,1280,720,25.0,383,extraversion,high
309,12360,left_eye,493.7,263.5,605.2,338.5,777.1,419.4,916.4,513.1,As93GgkTdt4.004.mp4,1280,720,25.0,383,extraversion,high
309,12360,right_eye,668.9,251.1,774.4,333.9,996.2,403.9,1128.0,507.3,As93GgkTdt4.004.mp4,1280,720,25.0,383,extraversion,high
309,12360,nose,593.4,308.2,682.9,427.2,901.7,475.3,1013.6,624.0,As93GgkTdt4.004.mp4,1280,720,25.0,383,extraversion,high
309,12360,mouth,569.4,441.9,704.2,516.4,871.8,642.4,1040.3,735.5,As93GgkTdt4.004.mp4,1280,720,25.0,383,extraversion,high
309,12360,forehead,463.9,198.5,794.0,470.2,739.9,338.1,1152.5,677.8,As93GgkTdt4.004.mp4,1280,720,25.0,383,extraversion,high
309,12360,chin,466.4,345.9,792.6,571.5,743.0,522.4,1150.8,804.3,As93GgkTdt4.004.mp4,1280,720,25.0,383,extraversion,high
309,12360,left_cheek,482.5,356.4,584.8,480.1,763.2,535.5,891.0,690.2,As93GgkTdt4.004.mp4,1280,720,25.0,383,extraversion,high
309,12360,right_cheek,689.3,345.5,784.2,472.3,1021.6,521.8,1140.2,680.4,As93GgkTdt4.004.mp4,1280,720,25.0,383,extraversion,high
310,12400,left_eye,494.0,263.5,605.3,338.4,777.5,419.4,916.7,513.1,As93GgkTdt4.004.mp4,1280,720,25.0,383,extraversion,high
310,12400,right_eye,669.1,251.2,774.6,333.8,996.4,404.0,1128.2,507.3,As93GgkTdt4.004.mp4,1280,720,25.0,383,extraversion,high
310,12400,nose,593.5,308.2,683.1,427.2,901.9,475.2,1013.9,624.0,As93GgkTdt4.004.mp4,1280,720,25.0,383,extraversion,high
310,12400,mouth,569.6,441.9,704.3,516.4,872.0,642.3,1040.3,735.6,As93GgkTdt4.004.mp4,1280,720,25.0,383,extraversion,high
310,12400,forehead,464.2,198.5,794.2,470.1,740.3,338.1,1152.7,677.6,As93GgkTdt4.004.mp4,1280,720,25.0,383,extraversion,high
310,12400,chin,466.7,345.8,792.8,571.5,743.4,522.3,1151.0,804.4,As93GgkTdt4.004.mp4,1280,720,25.0,383,extraversion,high
310,12400,left_cheek,482.7,356.4,585.0,480.1,763.4,535.5,891.2,690.1,As93GgkTdt4.004.mp4,1280,720,25.0,383,extraversion,high
310,12400,right_cheek,689.4,345.4,784.3,472.3,1021.8,521.8,1140.4,680.4,As93GgkTdt4.004.mp4,1280,720,25.0,383,extraversion,high
311,12440,left_eye,494.3,263.4,605.5,338.1,777.9,419.3,916.9,512.7,As93GgkTdt4.004.mp4,1280,720,25.0,383,extraversion,high
311,12440,right_eye,669.3,251.2,774.7,333.6,996.6,404.0,1128.3,507.0,As93GgkTdt4.004.mp4,1280,720,25.0,383,extraversion,high
311,12440,nose,593.6,308.1,683.4,427.0,901.9,475.1,1014.2,623.8,As93GgkTdt4.004.mp4,1280,720,25.0,383,extraversion,high
311,12440,mouth,569.8,441.7,704.5,516.5,872.3,642.1,1040.6,735.6,As93GgkTdt4.004.mp4,1280,720,25.0,383,extraversion,high
311,12440,forehead,464.8,198.4,794.4,469.7,741.0,338.1,1153.0,677.2,As93GgkTdt4.004.mp4,1280,720,25.0,383,extraversion,high
311,12440,chin,467.2,345.6,793.1,571.5,744.0,522.0,1151.3,804.4,As93GgkTdt4.004.mp4,1280,720,25.0,383,extraversion,high
311,12440,left_cheek,483.1,356.2,585.1,480.0,763.8,535.2,891.4,690.0,As93GgkTdt4.004.mp4,1280,720,25.0,383,extraversion,high
311,12440,right_cheek,689.6,345.2,784.5,472.2,1022.0,521.5,1140.6,680.2,As93GgkTdt4.004.mp4,1280,720,25.0,383,extraversion,high
312,12480,left_eye,494.7,263.1,605.7,337.5,778.4,418.9,917.1,511.9,As93GgkTdt4.004.mp4,1280,720,25.0,383,extraversion,high
312,12480,right_eye,669.4,250.9,774.7,332.9,996.8,403.7,1128.3,506.2,As93GgkTdt4.004.mp4,1280,720,25.0,383,extraversion,high
312,12480,nose,593.7,307.6,683.8,426.5,902.1,474.5,1014.7,623.2,As93GgkTdt4.004.mp4,1280,720,25.0,383,extraversion,high
312,12480,mouth,570.1,441.3,704.6,516.4,872.6,641.6,1040.8,735.5,As93GgkTdt4.004.mp4,1280,720,25.0,383,extraversion,high
312,12480,forehead,465.1,197.9,794.3,469.5,741.4,337.4,1152.8,676.8,As93GgkTdt4.004.mp4,1280,720,25.0,383,extraversion,high
312,12480,chin,467.5,345.2,793.0,571.6,744.4,521.5,1151.3,804.5,As93GgkTdt4.004.mp4,1280,720,25.0,383,extraversion,high
312,12480,left_cheek,483.4,355.7,585.3,479.8,764.3,534.7,891.7,689.7,As93GgkTdt4.004.mp4,1280,720,25.0,383,extraversion,high
312,12480,right_cheek,689.7,344.7,784.5,471.8,1022.2,520.9,1140.6,679.8,As93GgkTdt4.004.mp4,1280,720,25.0,383,extraversion,high
313,12520,left_eye,495.1,262.2,606.0,336.6,778.9,417.8,917.6,510.7,As93GgkTdt4.004.mp4,1280,720,25.0,383,extraversion,high
313,12520,right_eye,669.7,250.3,774.7,332.1,997.1,402.9,1128.3,505.1,As93GgkTdt4.004.mp4,1280,720,25.0,383,extraversion,high
313,12520,nose,593.8,306.6,684.4,425.4,902.3,473.2,1015.5,621.8,As93GgkTdt4.004.mp4,1280,720,25.0,383,extraversion,high
313,12520,mouth,570.4,440.4,704.7,516.3,873.0,640.5,1040.9,735.4,As93GgkTdt4.004.mp4,1280,720,25.0,383,extraversion,high
313,12520,forehead,465.3,197.3,794.2,468.3,741.7,336.6,1152.8,675.4,As93GgkTdt4.004.mp4,1280,720,25.0,383,extraversion,high
313,12520,chin,467.8,344.7,793.0,571.6,744.8,520.8,1151.2,804.5,As93GgkTdt4.004.mp4,1280,720,25.0,383,extraversion,high
313,12520,left_cheek,483.8,354.8,585.6,478.9,764.8,533.5,892.1,688.6,As93GgkTdt4.004.mp4,1280,720,25.0,383,extraversion,high
313,12520,right_cheek,690.0,344.0,784.5,471.1,1022.5,520.0,1140.7,678.8,As93GgkTdt4.004.mp4,1280,720,25.0,383,extraversion,high
314,12560,left_eye,496.1,261.2,606.9,335.6,780.2,416.5,918.6,509.5,As93GgkTdt4.004.mp4,1280,720,25.0,383,extraversion,high
314,12560,right_eye,670.3,249.5,774.7,331.3,997.9,401.9,1128.3,504.1,As93GgkTdt4.004.mp4,1280,720,25.0,383,extraversion,high
314,12560,nose,594.7,305.5,685.3,424.0,903.4,471.8,1016.7,620.0,As93GgkTdt4.004.mp4,1280,720,25.0,383,extraversion,high
314,12560,mouth,571.5,439.4,704.9,515.9,874.3,639.2,1041.2,734.9,As93GgkTdt4.004.mp4,1280,720,25.0,383,extraversion,high
314,12560,forehead,465.7,196.5,793.8,467.3,742.2,335.6,1152.2,674.1,As93GgkTdt4.004.mp4,1280,720,25.0,383,extraversion,high
314,12560,chin,468.2,344.0,792.6,571.4,745.3,520.0,1150.7,804.3,As93GgkTdt4.004.mp4,1280,720,25.0,383,extraversion,high
314,12560,left_cheek,484.8,353.7,586.6,477.9,766.0,532.2,893.2,687.4,As93GgkTdt4.004.mp4,1280,720,25.0,383,extraversion,high
314,12560,right_cheek,690.5,343.2,784.5,470.1,1023.2,519.0,1140.6,677.7,As93GgkTdt4.004.mp4,1280,720,25.0,383,extraversion,high
315,12600,left_eye,497.4,260.0,607.9,334.6,781.7,415.0,919.9,508.2,As93GgkTdt4.004.mp4,1280,720,25.0,383,extraversion,high
315,12600,right_eye,671.5,248.2,775.3,330.4,999.4,400.2,1129.1,503.0,As93GgkTdt4.004.mp4,1280,720,25.0,383,extraversion,high
315,12600,nose,596.1,304.2,686.5,422.2,905.1,470.2,1018.1,617.7,As93GgkTdt4.004.mp4,1280,720,25.0,383,extraversion,high
315,12600,mouth,573.3,437.9,705.5,515.5,876.6,637.4,1041.9,734.3,As93GgkTdt4.004.mp4,1280,720,25.0,383,extraversion,high
315,12600,forehead,466.8,195.7,794.0,466.1,743.5,334.6,1152.5,672.7,As93GgkTdt4.004.mp4,1280,720,25.0,383,extraversion,high
315,12600,chin,469.2,343.1,792.9,570.8,746.5,518.9,1151.1,803.4,As93GgkTdt4.004.mp4,1280,720,25.0,383,extraversion,high
315,12600,left_cheek,486.0,352.8,587.8,476.8,767.4,531.0,894.8,686.0,As93GgkTdt4.004.mp4,1280,720,25.0,383,extraversion,high
315,12600,right_cheek,691.5,342.2,785.0,468.9,1024.4,517.7,1141.2,676.1,As93GgkTdt4.004.mp4,1280,720,25.0,383,extraversion,high
316,12640,left_eye,498.0,258.6,608.4,333.0,782.5,413.2,920.5,506.2,As93GgkTdt4.004.mp4,1280,720,25.0,383,extraversion,high
316,12640,right_eye,672.1,246.5,775.6,328.8,1000.1,398.2,1129.5,501.0,As93GgkTdt4.004.mp4,1280,720,25.0,383,extraversion,high
316,12640,nose,596.7,302.6,687.1,420.5,905.9,468.3,1018.9,615.6,As93GgkTdt4.004.mp4,1280,720,25.0,383,extraversion,high
316,12640,mouth,574.3,435.8,705.7,514.3,877.8,634.8,1042.2,732.9,As93GgkTdt4.004.mp4,1280,720,25.0,383,extraversion,high
316,12640,forehead,467.4,194.5,794.1,464.5,744.3,333.1,1152.6,670.6,As93GgkTdt4.004.mp4,1280,720,25.0,383,extraversion,high
316,12640,chin,469.8,341.8,793.0,569.5,747.2,517.2,1151.2,801.8,As93GgkTdt4.004.mp4,1280,720,25.0,383,extraversion,high
316,12640,left_cheek,486.5,351.4,588.3,475.2,768.1,529.2,895.4,683.9,As93GgkTdt4.004.mp4,1280,720,25.0,383,extraversion,high
316,12640,right_cheek,692.0,340.6,785.3,467.1,1025.1,515.8,1141.6,673.9,As93GgkTdt4.004.mp4,1280,720,25.0,383,extraversion,high
317,12680,left_eye,498.2,257.4,608.5,331.6,782.8,411.7,920.7,504.5,As93GgkTdt4.004.mp4,1280,720,25.0,383,extraversion,high
317,12680,right_eye,672.2,245.1,775.6,326.9,1000.3,396.4,1129.5,498.6,As93GgkTdt4.004.mp4,1280,720,25.0,383,extraversion,high
317,12680,nose,597.1,301.1,687.5,419.1,906.3,466.4,1019.4,613.8,As93GgkTdt4.004.mp4,1280,720,25.0,383,extraversion,high
317,12680,mouth,574.9,434.6,705.8,513.6,878.6,633.2,1042.2,731.9,As93GgkTdt4.004.mp4,1280,720,25.0,383,extraversion,high
317,12680,forehead,467.7,193.4,793.8,463.2,744.6,331.7,1152.3,669.1,As93GgkTdt4.004.mp4,1280,720,25.0,383,extraversion,high
317,12680,chin,470.1,340.2,792.7,568.8,747.6,515.2,1150.9,801.0,As93GgkTdt4.004.mp4,1280,720,25.0,383,extraversion,high
317,12680,left_cheek,486.8,350.3,588.5,474.0,768.5,527.8,895.6,682.5,As93GgkTdt4.004.mp4,1280,720,25.0,383,extraversion,high
317,12680,right_cheek,692.3,338.9,785.3,465.4,1025.3,513.7,1141.6,671.8,As93GgkTdt4.004.mp4,1280,720,25.0,383,extraversion,high
318,12720,left_eye,498.3,256.5,608.6,330.7,782.9,410.6,920.7,503.4,As93GgkTdt4.004.mp4,1280,720,25.0,383,extraversion,high
318,12720,right_eye,672.2,244.1,775.6,325.7,1000.2,395.1,1129.4,497.2,As93GgkTdt4.004.mp4,1280,720,25.0,383,extraversion,high
318,12720,nose,597.3,300.0,687.7,417.9,906.7,465.0,1019.6,612.4,As93GgkTdt4.004.mp4,1280,720,25.0,383,extraversion,high
318,12720,mouth,575.3,433.6,705.8,513.1,879.2,631.9,1042.2,731.4,As93GgkTdt4.004.mp4,1280,720,25.0,383,extraversion,high
318,12720,forehead,467.8,192.4,793.7,462.3,744.8,330.5,1152.2,667.9,As93GgkTdt4.004.mp4,1280,720,25.0,383,extraversion,high
318,12720,chin,470.2,339.0,792.7,568.2,747.8,513.7,1150.8,800.3,As93GgkTdt4.004.mp4,1280,720,25.0,383,extraversion,high
318,12720,left_cheek,487.0,349.4,588.7,473.0,768.7,526.7,895.9,681.3,As93GgkTdt4.004.mp4,1280,720,25.0,383,extraversion,high
318,12720,right_cheek,692.3,337.7,785.3,464.2,1025.4,512.1,1141.6,670.2,As93GgkTdt4.004.mp4,1280,720,25.0,383,extraversion,high
319,12760,left_eye,498.5,256.2,608.7,330.5,783.1,410.3,920.8,503.1,As93GgkTdt4.004.mp4,1280,720,25.0,383,extraversion,high
319,12760,right_eye,672.2,243.5,775.6,325.2,1000.2,394.4,1129.5,496.5,As93GgkTdt4.004.mp4,1280,720,25.0,383,extraversion,high
319,12760,nose,597.8,299.5,688.0,417.6,907.2,464.4,1020.0,611.9,As93GgkTdt4.004.mp4,1280,720,25.0,383,extraversion,high
319,12760,mouth,575.9,433.4,706.5,513.1,879.9,631.7,1043.1,731.4,As93GgkTdt4.004.mp4,1280,720,25.0,383,extraversion,high
319,12760,forehead,467.9,191.9,793.9,462.1,744.9,329.9,1152.3,667.7,As93GgkTdt4.004.mp4,1280,720,25.0,383,extraversion,high
319,12760,chin,470.4,338.2,792.9,568.0,748.0,512.7,1151.1,800.0,As93GgkTdt4.004.mp4,1280,720,25.0,383,extraversion,high
319,12760,left_cheek,487.2,349.2,589.0,472.9,769.0,526.5,896.3,681.1,As93GgkTdt4.004.mp4,1280,720,25.0,383,extraversion,high
319,12760,right_cheek,692.6,337.0,785.4,463.6,1025.8,511.2,1141.8,669.5,As93GgkTdt4.004.mp4,1280,720,25.0,383,extraversion,high
320,12800,left_eye,498.5,256.3,608.9,330.7,783.1,410.3,921.2,503.3,As93GgkTdt4.004.mp4,1280,720,25.0,383,extraversion,high
320,12800,right_eye,672.2,243.8,775.6,325.6,1000.3,394.8,1129.4,497.0,As93GgkTdt4.004.mp4,1280,720,25.0,383,extraversion,high
320,12800,nose,598.4,299.9,688.5,418.0,908.0,464.9,1020.6,612.4,As93GgkTdt4.004.mp4,1280,720,25.0,383,extraversion,high
320,12800,mouth,576.1,433.7,707.2,514.0,880.1,632.1,1044.0,732.5,As93GgkTdt4.004.mp4,1280,720,25.0,383,extraversion,high
320,12800,forehead,467.9,192.1,793.8,462.4,744.9,330.1,1152.3,668.0,As93GgkTdt4.004.mp4,1280,720,25.0,383,extraversion,high
320,12800,chin,470.3,338.5,792.9,568.3,747.9,513.1,1151.1,800.4,As93GgkTdt4.004.mp4,1280,720,25.0,383,extraversion,high
320,12800,left_cheek,487.3,349.2,589.4,473.0,769.1,526.5,896.8,681.2,As93GgkTdt4.004.mp4,1280,720,25.0,383,extraversion,high
320,12800,right_cheek,693.0,337.3,785.5,464.0,1026.2,511.7,1141.9,670.0,As93GgkTdt4.004.mp4,1280,720,25.0,383,extraversion,high
321,12840,left_eye,498.5,256.7,608.9,330.7,783.1,410.9,921.1,503.4,As93GgkTdt4.004.mp4,1280,720,25.0,383,extraversion,high
321,12840,right_eye,672.1,244.8,775.5,325.9,1000.2,396.0,1129.4,497.3,As93GgkTdt4.004.mp4,1280,720,25.0,383,extraversion,high
321,12840,nose,598.4,300.0,688.4,418.2,908.0,465.0,1020.5,612.8,As93GgkTdt4.004.mp4,1280,720,25.0,383,extraversion,high
321,12840,mouth,576.1,433.8,707.2,514.3,880.1,632.3,1044.0,732.9,As93GgkTdt4.004.mp4,1280,720,25.0,383,extraversion,high
321,12840,forehead,467.9,192.2,793.9,462.5,744.9,330.2,1152.4,668.1,As93GgkTdt4.004.mp4,1280,720,25.0,383,extraversion,high
321,12840,chin,470.4,338.7,793.0,568.3,748.0,513.4,1151.2,800.4,As93GgkTdt4.004.mp4,1280,720,25.0,383,extraversion,high
321,12840,left_cheek,487.3,349.3,589.4,473.1,769.1,526.6,896.8,681.3,As93GgkTdt4.004.mp4,1280,720,25.0,383,extraversion,high
321,12840,right_cheek,693.0,337.6,785.6,464.2,1026.2,512.0,1141.9,670.3,As93GgkTdt4.004.mp4,1280,720,25.0,383,extraversion,high
322,12880,left_eye,498.5,258.8,609.0,332.7,783.2,413.6,921.3,505.9,As93GgkTdt4.004.mp4,1280,720,25.0,383,extraversion,high
322,12880,right_eye,672.2,247.9,775.7,327.4,1000.3,399.8,1129.6,499.3,As93GgkTdt4.004.mp4,1280,720,25.0,383,extraversion,high
322,12880,nose,598.6,302.3,688.5,420.8,908.3,467.9,1020.6,616.0,As93GgkTdt4.004.mp4,1280,720,25.0,383,extraversion,high
322,12880,mouth,577.0,437.1,707.4,514.6,881.3,636.4,1044.2,733.2,As93GgkTdt4.004.mp4,1280,720,25.0,383,extraversion,high
322,12880,forehead,468.1,194.2,794.2,463.3,745.1,332.7,1152.7,669.2,As93GgkTdt4.004.mp4,1280,720,25.0,383,extraversion,high
322,12880,chin,470.6,339.5,793.3,568.3,748.2,514.4,1151.6,800.4,As93GgkTdt4.004.mp4,1280,720,25.0,383,extraversion,high
322,12880,left_cheek,487.5,351.6,589.7,474.7,769.4,529.4,897.1,683.3,As93GgkTdt4.004.mp4,1280,720,25.0,383,extraversion,high
322,12880,right_cheek,693.2,339.2,785.8,465.8,1026.4,514.0,1142.3,672.3,As93GgkTdt4.004.mp4,1280,720,25.0,383,extraversion,high
323,12920,left_eye,498.5,263.0,609.2,335.6,783.2,418.8,921.4,509.5,As93GgkTdt4.004.mp4,1280,720,25.0,383,extraversion,high
323,12920,right_eye,672.2,251.7,775.9,330.3,1000.3,404.7,1129.9,502.9,As93GgkTdt4.004.mp4,1280,720,25.0,383,extraversion,high
323,12920,nose,598.9,306.5,688.8,426.6,908.6,473.1,1021.0,623.2,As93GgkTdt4.004.mp4,1280,720,25.0,383,extraversion,high
323,12920,mouth,579.4,443.7,707.4,514.5,884.2,644.7,1044.2,733.2,As93GgkTdt4.004.mp4,1280,720,25.0,383,extraversion,high
323,12920,forehead,467.9,196.6,794.5,464.1,744.9,335.8,1153.1,670.1,As93GgkTdt4.004.mp4,1280,720,25.0,383,extraversion,high
323,12920,chin,470.5,340.0,793.6,568.2,748.1,515.0,1152.1,800.2,As93GgkTdt4.004.mp4,1280,720,25.0,383,extraversion,high
323,12920,left_cheek,487.5,354.3,589.9,477.3,769.4,532.9,897.4,686.6,As93GgkTdt4.004.mp4,1280,720,25.0,383,extraversion,high
323,12920,right_cheek,693.5,341.6,786.6,468.7,1026.8,517.0,1143.2,675.8,As93GgkTdt4.004.mp4,1280,720,25.0,383,extraversion,high
324,12960,left_eye,498.5,266.5,609.2,338.4,783.1,423.1,921.5,513.0,As93GgkTdt4.004.mp4,1280,720,25.0,383,extraversion,high
324,12960,right_eye,672.1,255.9,776.0,333.3,1000.1,409.9,1130.0,506.7,As93GgkTdt4.004.mp4,1280,720,25.0,383,extraversion,high
324,12960,nose,599.0,310.6,688.8,431.8,908.7,478.2,1021.0,629.7,As93GgkTdt4.004.mp4,1280,720,25.0,383,extraversion,high
324,12960,mouth,582.3,449.4,706.3,514.7,887.9,651.8,1042.8,733.3,As93GgkTdt4.004.mp4,1280,720,25.0,383,extraversion,high
324,12960,forehead,467.9,199.0,794.7,465.2,744.9,338.8,1153.3,671.5,As93GgkTdt4.004.mp4,1280,720,25.0,383,extraversion,high
324,12960,chin,470.5,340.5,793.9,568.1,748.1,515.6,1152.3,800.2,As93GgkTdt4.004.mp4,1280,720,25.0,383,extraversion,high
324,12960,left_cheek,487.5,357.1,590.0,480.6,769.4,536.4,897.5,690.7,As93GgkTdt4.004.mp4,1280,720,25.0,383,extraversion,high
324,12960,right_cheek,693.5,344.3,787.1,472.1,1026.9,520.4,1143.8,680.1,As93GgkTdt4.004.mp4,1280,720,25.0,383,extraversion,high
325,13000,left_eye,498.3,270.2,609.2,341.9,782.8,427.8,921.4,517.4,As93GgkTdt4.004.mp4,1280,720,25.0,383,extraversion,high
325,13000,right_eye,671.9,260.2,775.7,337.0,999.8,415.3,1129.6,511.3,As93GgkTdt4.004.mp4,1280,720,25.0,383,extraversion,high
325,13000,nose,599.0,314.7,688.7,436.3,908.7,483.4,1020.9,635.4,As93GgkTdt4.004.mp4,1280,720,25.0,383,extraversion,high
325,13000,mouth,583.9,454.2,705.0,516.9,889.9,657.7,1041.2,736.2,As93GgkTdt4.004.mp4,1280,720,25.0,383,extraversion,high
325,13000,forehead,467.8,203.0,793.7,466.8,744.8,343.8,1152.1,673.5,As93GgkTdt4.004.mp4,1280,720,25.0,383,extraversion,high
325,13000,chin,470.4,342.4,793.0,568.1,748.0,518.0,1151.3,800.2,As93GgkTdt4.004.mp4,1280,720,25.0,383,extraversion,high
325,13000,left_cheek,487.5,360.6,590.0,483.7,769.3,540.7,897.5,694.6,As93GgkTdt4.004.mp4,1280,720,25.0,383,extraversion,high
325,13000,right_cheek,693.4,347.7,787.0,475.1,1026.8,524.6,1143.7,683.8,As93GgkTdt4.004.mp4,1280,720,25.0,383,extraversion,high
326,13040,left_eye,498.1,274.5,608.9,345.5,782.6,433.1,921.1,521.8,As93GgkTdt4.004.mp4,1280,720,25.0,383,extraversion,high
326,13040,right_eye,671.2,264.5,774.9,340.6,999.0,420.6,1128.7,515.8,As93GgkTdt4.004.mp4,1280,720,25.0,383,extraversion,high
326,13040,nose,599.0,318.9,688.1,440.7,908.7,488.6,1020.1,640.9,As93GgkTdt4.004.mp4,1280,720,25.0,383,extraversion,high
326,13040,mouth,584.6,459.0,702.3,522.9,890.7,663.7,1037.8,743.7,As93GgkTdt4.004.mp4,1280,720,25.0,383,extraversion,high
326,13040,forehead,467.8,207.7,793.1,469.1,744.8,349.6,1151.4,676.4,As93GgkTdt4.004.mp4,1280,720,25.0,383,extraversion,high
326,13040,chin,470.5,345.7,792.5,569.8,748.1,522.1,1150.7,802.3,As93GgkTdt4.004.mp4,1280,720,25.0,383,extraversion,high
326,13040,left_cheek,487.5,363.9,590.0,486.9,769.4,544.9,897.5,698.6,As93GgkTdt4.004.mp4,1280,720,25.0,383,extraversion,high
326,13040,right_cheek,692.8,351.6,786.3,479.0,1026.0,529.6,1142.9,688.7,As93GgkTdt4.004.mp4,1280,720,25.0,383,extraversion,high
327,13080,left_eye,498.0,275.6,608.4,347.8,782.5,434.5,920.5,524.7,As93GgkTdt4.004.mp4,1280,720,25.0,383,extraversion,high
327,13080,right_eye,671.2,265.8,774.3,342.1,998.9,422.2,1127.8,517.6,As93GgkTdt4.004.mp4,1280,720,25.0,383,extraversion,high
327,13080,nose,599.7,321.3,687.9,442.4,909.7,491.6,1019.8,643.0,As93GgkTdt4.004.mp4,1280,720,25.0,383,extraversion,high
327,13080,mouth,586.6,459.8,701.9,526.4,893.2,664.7,1037.4,748.0,As93GgkTdt4.004.mp4,1280,720,25.0,383,extraversion,high
327,13080,forehead,468.7,212.3,792.0,471.3,745.8,355.3,1150.0,679.2,As93GgkTdt4.004.mp4,1280,720,25.0,383,extraversion,high
327,13080,chin,471.8,347.5,791.9,571.8,749.7,524.4,1149.9,804.7,As93GgkTdt4.004.mp4,1280,720,25.0,383,extraversion,high
327,13080,left_cheek,488.8,366.3,590.5,489.0,771.0,547.9,898.1,701.3,As93GgkTdt4.004.mp4,1280,720,25.0,383,extraversion,high
327,13080,right_cheek,692.1,353.1,784.8,480.5,1025.2,531.4,1141.0,690.6,As93GgkTdt4.004.mp4,1280,720,25.0,383,extraversion,high
328,13120,left_eye,496.1,273.9,606.6,347.2,780.1,432.4,918.3,524.0,As93GgkTdt4.004.mp4,1280,720,25.0,383,extraversion,high
328,13120,right_eye,670.6,263.9,773.6,341.0,998.3,419.9,1127.0,516.2,As93GgkTdt4.004.mp4,1280,720,25.0,383,extraversion,high
328,13120,nose,599.7,319.8,686.9,440.2,909.6,489.8,1018.7,640.2,As93GgkTdt4.004.mp4,1280,720,25.0,383,extraversion,high
328,13120,mouth,585.6,457.5,700.8,526.1,891.9,661.8,1035.9,747.7,As93GgkTdt4.004.mp4,1280,720,25.0,383,extraversion,high
328,13120,forehead,468.6,211.1,791.2,471.2,745.8,353.8,1149.0,679.0,As93GgkTdt4.004.mp4,1280,720,25.0,383,extraversion,high
328,13120,chin,471.7,346.9,791.2,572.2,749.6,523.6,1149.0,805.3,As93GgkTdt4.004.mp4,1280,720,25.0,383,extraversion,high
328,13120,left_cheek,488.6,365.6,590.2,488.4,770.8,546.9,897.7,700.5,As93GgkTdt4.004.mp4,1280,720,25.0,383,extraversion,high
328,13120,right_cheek,690.9,351.8,783.5,479.3,1023.6,529.7,1139.4,689.1,As93GgkTdt4.004.mp4,1280,720,25.0,383,extraversion,high
329,13160,left_eye,496.4,269.4,606.6,344.6,780.5,426.7,918.3,520.8,As93GgkTdt4.004.mp4,1280,720,25.0,383,extraversion,high
329,13160,right_eye,670.6,262.2,774.6,338.9,998.3,417.7,1128.3,513.6,As93GgkTdt4.004.mp4,1280,720,25.0,383,extraversion,high
329,13160,nose,599.7,318.5,686.5,439.9,909.6,488.1,1018.1,639.9,As93GgkTdt4.004.mp4,1280,720,25.0,383,extraversion,high
329,13160,mouth,585.8,456.4,701.1,524.8,892.3,660.5,1036.4,746.0,As93GgkTdt4.004.mp4,1280,720,25.0,383,extraversion,high
329,13160,forehead,470.0,211.0,793.9,469.1,747.5,353.7,1152.4,676.4,As93GgkTdt4.004.mp4,1280,720,25.0,383,extraversion,high
329,13160,chin,472.9,345.0,793.9,572.2,751.2,521.3,1152.4,805.2,As93GgkTdt4.004.mp4,1280,720,25.0,383,extraversion,high
329,13160,left_cheek,489.1,363.5,590.3,487.6,771.4,544.4,897.8,699.5,As93GgkTdt4.004.mp4,1280,720,25.0,383,extraversion,high
329,13160,right_cheek,691.0,350.2,784.8,478.8,1023.7,527.8,1141.0,688.5,As93GgkTdt4.004.mp4,1280,720,25.0,383,extraversion,high
330,13200,left_eye,495.4,263.2,605.4,338.3,779.3,419.0,916.7,512.9,As93GgkTdt4.004.mp4,1280,720,25.0,383,extraversion,high
330,13200,right_eye,669.1,255.2,774.3,332.8,996.4,409.0,1127.9,506.0,As93GgkTdt4.004.mp4,1280,720,25.0,383,extraversion,high
330,13200,nose,598.8,310.5,686.2,432.8,908.4,478.1,1017.8,631.0,As93GgkTdt4.004.mp4,1280,720,25.0,383,extraversion,high
330,13200,mouth,584.8,450.6,702.1,521.0,891.0,653.3,1037.6,741.2,As93GgkTdt4.004.mp4,1280,720,25.0,383,extraversion,high
330,13200,forehead,469.9,199.4,794.5,467.3,747.4,339.2,1153.2,674.2,As93GgkTdt4.004.mp4,1280,720,25.0,383,extraversion,high
330,13200,chin,472.9,341.7,794.5,570.8,751.1,517.2,1153.2,803.5,As93GgkTdt4.004.mp4,1280,720,25.0,383,extraversion,high
330,13200,left_cheek,487.6,358.2,589.0,483.7,769.6,537.7,896.2,694.6,As93GgkTdt4.004.mp4,1280,720,25.0,383,extraversion,high
330,13200,right_cheek,690.9,345.2,785.1,475.3,1023.6,521.5,1141.4,684.1,As93GgkTdt4.004.mp4,1280,720,25.0,383,extraversion,high
331,13240,left_eye,495.3,258.2,604.6,334.7,779.2,412.7,915.8,508.4,As93GgkTdt4.004.mp4,1280,720,25.0,383,extraversion,high
331,13240,right_eye,668.3,250.0,774.3,328.9,995.4,402.6,1127.9,501.1,As93GgkTdt4.004.mp4,1280,720,25.0,383,extraversion,high
331,13240,nose,597.6,305.5,685.8,427.3,907.1,471.9,1017.2,624.2,As93GgkTdt4.004.mp4,1280,720,25.0,383,extraversion,high
331,13240,mouth,582.6,445.7,703.3,516.4,888.3,647.1,1039.2,735.5,As93GgkTdt4.004.mp4,1280,720,25.0,383,extraversion,high
331,13240,forehead,470.5,193.9,796.7,465.6,748.2,332.4,1155.9,672.0,As93GgkTdt4.004.mp4,1280,720,25.0,383,extraversion,high
331,13240,chin,473.5,339.4,796.7,568.9,751.9,514.2,1155.9,801.1,As93GgkTdt4.004.mp4,1280,720,25.0,383,extraversion,high
331,13240,left_cheek,487.6,354.2,588.0,479.9,769.4,532.7,895.0,689.9,As93GgkTdt4.004.mp4,1280,720,25.0,383,extraversion,high
331,13240,right_cheek,690.9,341.8,785.8,472.0,1023.6,517.2,1142.2,680.1,As93GgkTdt4.004.mp4,1280,720,25.0,383,extraversion,high
332,13280,left_eye,495.3,254.1,604.0,332.2,779.1,407.6,915.0,505.2,As93GgkTdt4.004.mp4,1280,720,25.0,383,extraversion,high
332,13280,right_eye,667.5,246.1,774.3,326.7,994.4,397.6,1127.9,498.3,As93GgkTdt4.004.mp4,1280,720,25.0,383,extraversion,high
332,13280,nose,596.2,302.7,685.0,425.9,905.2,468.4,1016.3,622.3,As93GgkTdt4.004.mp4,1280,720,25.0,383,extraversion,high
332,13280,mouth,580.7,443.7,704.0,514.6,885.9,644.6,1039.9,733.2,As93GgkTdt4.004.mp4,1280,720,25.0,383,extraversion,high
332,13280,forehead,470.6,189.7,797.8,463.1,748.2,327.1,1157.2,668.9,As93GgkTdt4.004.mp4,1280,720,25.0,383,extraversion,high
332,13280,chin,473.5,337.0,797.8,568.6,751.9,511.2,1157.2,800.7,As93GgkTdt4.004.mp4,1280,720,25.0,383,extraversion,high
332,13280,left_cheek,487.1,350.9,586.9,477.9,768.9,528.6,893.6,687.4,As93GgkTdt4.004.mp4,1280,720,25.0,383,extraversion,high
332,13280,right_cheek,690.7,339.6,786.4,470.7,1023.4,514.5,1143.0,678.4,As93GgkTdt4.004.mp4,1280,720,25.0,383,extraversion,high
333,13320,left_eye,495.5,252.8,604.5,332.1,779.3,406.0,915.6,505.2,As93GgkTdt4.004.mp4,1280,720,25.0,383,extraversion,high
333,13320,right_eye,667.6,245.0,776.3,326.6,994.5,396.3,1130.4,498.3,As93GgkTdt4.004.mp4,1280,720,25.0,383,extraversion,high
333,13320,nose,596.3,302.8,685.2,426.6,905.4,468.5,1016.5,623.2,As93GgkTdt4.004.mp4,1280,720,25.0,383,extraversion,high
333,13320,mouth,580.9,445.6,704.0,514.2,886.2,647.0,1040.0,732.8,As93GgkTdt4.004.mp4,1280,720,25.0,383,extraversion,high
333,13320,forehead,472.0,187.9,800.9,462.2,750.1,324.9,1161.1,667.8,As93GgkTdt4.004.mp4,1280,720,25.0,383,extraversion,high
333,13320,chin,474.8,335.7,800.9,568.6,753.5,509.6,1161.1,800.7,As93GgkTdt4.004.mp4,1280,720,25.0,383,extraversion,high
333,13320,left_cheek,487.3,350.4,587.0,478.4,769.1,528.1,893.7,688.0,As93GgkTdt4.004.mp4,1280,720,25.0,383,extraversion,high
333,13320,right_cheek,691.4,339.7,789.1,470.9,1024.3,514.6,1146.4,678.6,As93GgkTdt4.004.mp4,1280,720,25.0,383,extraversion,high
334,13360,left_eye,496.0,252.9,605.2,332.6,780.0,406.1,916.5,505.8,As93GgkTdt4.004.mp4,1280,720,25.0,383,extraversion,high
334,13360,right_eye,668.5,245.6,779.1,327.4,995.7,397.0,1133.9,499.3,As93GgkTdt4.004.mp4,1280,720,25.0,383,extraversion,high
334,13360,nose,596.4,303.6,685.2,429.2,905.5,469.5,1016.5,626.5,As93GgkTdt4.004.mp4,1280,720,25.0,383,extraversion,high
334,13360,mouth,583.5,453.7,702.9,511.1,889.4,657.1,1038.6,728.9,As93GgkTdt4.004.mp4,1280,720,25.0,383,extraversion,high
334,13360,forehead,472.7,188.1,804.5,460.9,750.9,325.2,1165.7,666.1,As93GgkTdt4.004.mp4,1280,720,25.0,383,extraversion,high
334,13360,chin,475.4,336.1,804.5,568.4,754.3,510.1,1165.7,800.5,As93GgkTdt4.004.mp4,1280,720,25.0,383,extraversion,high
334,13360,left_cheek,487.4,350.5,587.3,478.4,769.3,528.1,894.1,688.0,As93GgkTdt4.004.mp4,1280,720,25.0,383,extraversion,high
334,13360,right_cheek,692.1,340.0,792.1,473.9,1025.2,515.1,1150.1,682.4,As93GgkTdt4.004.mp4,1280,720,25.0,383,extraversion,high
335,13400,left_eye,497.4,254.1,606.6,332.9,781.7,407.6,918.2,506.1,As93GgkTdt4.004.mp4,1280,720,25.0,383,extraversion,high
335,13400,right_eye,670.0,246.4,781.5,328.0,997.5,398.0,1136.9,500.0,As93GgkTdt4.004.mp4,1280,720,25.0,383,extraversion,high
335,13400,nose,596.8,304.1,685.6,432.8,906.0,470.2,1017.0,631.0,As93GgkTdt4.004.mp4,1280,720,25.0,383,extraversion,high
335,13400,mouth,584.3,458.7,702.9,512.1,890.3,663.3,1038.6,730.1,As93GgkTdt4.004.mp4,1280,720,25.0,383,extraversion,high
335,13400,forehead,473.9,189.0,807.3,461.3,752.4,326.2,1169.1,666.6,As93GgkTdt4.004.mp4,1280,720,25.0,383,extraversion,high
335,13400,chin,476.6,336.5,807.3,568.5,755.7,510.7,1169.1,800.6,As93GgkTdt4.004.mp4,1280,720,25.0,383,extraversion,high
335,13400,left_cheek,488.0,351.2,588.2,480.3,770.0,528.9,895.2,690.3,As93GgkTdt4.004.mp4,1280,720,25.0,383,extraversion,high
335,13400,right_cheek,693.3,341.3,794.6,477.1,1026.6,516.7,1153.2,686.3,As93GgkTdt4.004.mp4,1280,720,25.0,383,extraversion,high
336,13440,left_eye,497.5,254.5,606.8,334.7,781.9,408.2,918.5,508.4,As93GgkTdt4.004.mp4,1280,720,25.0,383,extraversion,high
336,13440,right_eye,670.5,247.0,781.2,329.4,998.2,398.7,1136.5,501.7,As93GgkTdt4.004.mp4,1280,720,25.0,383,extraversion,high
336,13440,nose,597.2,305.4,685.7,435.2,906.5,471.8,1017.2,634.0,As93GgkTdt4.004.mp4,1280,720,25.0,383,extraversion,high
336,13440,mouth,586.2,461.3,701.6,516.3,892.8,666.6,1037.0,735.4,As93GgkTdt4.004.mp4,1280,720,25.0,383,extraversion,high
336,13440,forehead,473.6,189.9,805.9,462.0,752.0,327.4,1167.3,667.4,As93GgkTdt4.004.mp4,1280,720,25.0,383,extraversion,high
336,13440,chin,476.3,336.8,805.9,569.8,755.4,511.0,1167.3,802.2,As93GgkTdt4.004.mp4,1280,720,25.0,383,extraversion,high
336,13440,left_cheek,488.0,352.3,588.6,482.8,770.0,530.3,895.8,693.6,As93GgkTdt4.004.mp4,1280,720,25.0,383,extraversion,high
336,13440,right_cheek,693.5,343.0,794.0,478.7,1026.9,518.7,1152.5,688.4,As93GgkTdt4.004.mp4,1280,720,25.0,383,extraversion,high
337,13480,left_eye,497.2,254.6,606.5,335.7,781.5,408.3,918.1,509.6,As93GgkTdt4.004.mp4,1280,720,25.0,383,extraversion,high
337,13480,right_eye,670.4,247.3,780.7,330.4,998.0,399.1,1135.9,503.0,As93GgkTdt4.004.mp4,1280,720,25.0,383,extraversion,high
337,13480,nose,597.2,306.4,685.6,436.0,906.5,473.0,1017.0,635.1,As93GgkTdt4.004.mp4,1280,720,25.0,383,extraversion,high
337,13480,mouth,586.1,461.8,700.1,518.9,892.6,667.3,1035.1,738.6,As93GgkTdt4.004.mp4,1280,720,25.0,383,extraversion,high
337,13480,forehead,473.5,190.3,805.2,462.4,751.9,327.9,1166.5,668.0,As93GgkTdt4.004.mp4,1280,720,25.0,383,extraversion,high
337,13480,chin,476.1,336.8,805.2,571.2,755.2,511.0,1166.5,804.0,As93GgkTdt4.004.mp4,1280,720,25.0,383,extraversion,high
337,13480,left_cheek,487.9,353.3,588.5,484.5,769.9,531.6,895.7,695.6,As93GgkTdt4.004.mp4,1280,720,25.0,383,extraversion,high
337,13480,right_cheek,693.5,343.8,793.6,479.5,1026.8,519.8,1152.0,689.4,As93GgkTdt4.004.mp4,1280,720,25.0,383,extraversion,high
338,13520,left_eye,496.8,254.9,606.2,336.3,781.0,408.7,917.8,510.4,As93GgkTdt4.004.mp4,1280,720,25.0,383,extraversion,high
338,13520,right_eye,669.9,247.5,780.5,330.5,997.4,399.3,1135.6,503.1,As93GgkTdt4.004.mp4,1280,720,25.0,383,extraversion,high
338,13520,nose,597.2,306.7,685.3,436.0,906.5,473.4,1016.6,635.1,As93GgkTdt4.004.mp4,1280,720,25.0,383,extraversion,high
338,13520,mouth,586.3,461.4,700.2,518.4,892.9,666.7,1035.2,738.1,As93GgkTdt4.004.mp4,1280,720,25.0,383,extraversion,high
338,13520,forehead,473.5,190.7,805.5,463.0,751.9,328.4,1166.8,668.7,As93GgkTdt4.004.mp4,1280,720,25.0,383,extraversion,high
338,13520,chin,476.4,337.0,805.5,571.3,755.5,511.3,1166.8,804.1,As93GgkTdt4.004.mp4,1280,720,25.0,383,extraversion,high
338,13520,left_cheek,487.9,354.1,588.5,485.1,769.9,532.7,895.7,696.4,As93GgkTdt4.004.mp4,1280,720,25.0,383,extraversion,high
338,13520,right_cheek,693.3,343.8,793.5,479.4,1026.7,519.8,1151.8,689.2,As93GgkTdt4.004.mp4,1280,720,25.0,383,extraversion,high
339,13560,left_eye,496.3,255.2,605.8,336.0,780.3,408.9,917.3,510.0,As93GgkTdt4.004.mp4,1280,720,25.0,383,extraversion,high
339,13560,right_eye,668.8,245.1,780.4,329.3,996.0,396.3,1135.5,501.7,As93GgkTdt4.004.mp4,1280,720,25.0,383,extraversion,high
339,13560,nose,597.1,306.0,684.6,436.0,906.4,472.5,1015.8,635.0,As93GgkTdt4.004.mp4,1280,720,25.0,383,extraversion,high
339,13560,mouth,586.2,460.5,700.1,514.0,892.7,665.6,1035.2,732.5,As93GgkTdt4.004.mp4,1280,720,25.0,383,extraversion,high
339,13560,forehead,473.5,188.9,806.6,462.7,751.9,326.1,1168.2,668.4,As93GgkTdt4.004.mp4,1280,720,25.0,383,extraversion,high
339,13560,chin,476.5,334.4,806.6,570.6,755.7,508.0,1168.2,803.2,As93GgkTdt4.004.mp4,1280,720,25.0,383,extraversion,high
339,13560,left_cheek,487.9,353.9,588.3,485.1,769.9,532.4,895.4,696.3,As93GgkTdt4.004.mp4,1280,720,25.0,383,extraversion,high
339,13560,right_cheek,692.8,341.6,793.4,478.3,1026.0,517.0,1151.8,687.9,As93GgkTdt4.004.mp4,1280,720,25.0,383,extraversion,high
340,13600,left_eye,495.7,254.8,605.4,335.2,779.7,408.5,916.7,509.0,As93GgkTdt4.004.mp4,1280,720,25.0,383,extraversion,high
340,13600,right_eye,667.7,243.2,779.9,327.7,994.6,394.0,1134.9,499.6,As93GgkTdt4.004.mp4,1280,720,25.0,383,extraversion,high
340,13600,nose,597.0,304.6,684.7,433.6,906.3,470.8,1015.8,632.0,As93GgkTdt4.004.mp4,1280,720,25.0,383,extraversion,high
340,13600,mouth,586.2,458.0,701.2,513.9,892.7,662.5,1036.5,732.4,As93GgkTdt4.004.mp4,1280,720,25.0,383,extraversion,high
340,13600,forehead,473.6,187.8,806.9,462.3,752.0,324.8,1168.6,667.9,As93GgkTdt4.004.mp4,1280,720,25.0,383,extraversion,high
340,13600,chin,476.8,332.0,806.9,570.3,755.9,505.0,1168.6,802.9,As93GgkTdt4.004.mp4,1280,720,25.0,383,extraversion,high
340,13600,left_cheek,487.9,353.6,588.2,484.1,769.9,532.0,895.2,695.1,As93GgkTdt4.004.mp4,1280,720,25.0,383,extraversion,high
340,13600,right_cheek,692.8,338.9,793.4,475.3,1026.0,513.6,1151.8,684.1,As93GgkTdt4.004.mp4,1280,720,25.0,383,extraversion,high
341,13640,left_eye,495.0,254.4,604.3,334.6,778.7,408.0,915.4,508.2,As93GgkTdt4.004.mp4,1280,720,25.0,383,extraversion,high
341,13640,right_eye,666.3,241.7,778.6,326.6,992.9,392.1,1133.3,498.2,As93GgkTdt4.004.mp4,1280,720,25.0,383,extraversion,high
341,13640,nose,596.7,303.6,684.7,431.7,905.8,469.5,1015.9,629.6,As93GgkTdt4.004.mp4,1280,720,25.0,383,extraversion,high
341,13640,mouth,586.2,452.7,702.4,514.7,892.7,655.9,1038.0,733.4,As93GgkTdt4.004.mp4,1280,720,25.0,383,extraversion,high
341,13640,forehead,473.5,187.1,806.7,462.4,751.9,323.8,1168.4,668.0,As93GgkTdt4.004.mp4,1280,720,25.0,383,extraversion,high
341,13640,chin,476.8,330.7,806.7,570.0,756.0,503.3,1168.4,802.5,As93GgkTdt4.004.mp4,1280,720,25.0,383,extraversion,high
341,13640,left_cheek,487.8,353.4,587.7,483.4,769.8,531.7,894.6,694.2,As93GgkTdt4.004.mp4,1280,720,25.0,383,extraversion,high
341,13640,right_cheek,692.6,337.1,793.3,472.7,1025.7,511.3,1151.7,680.9,As93GgkTdt4.004.mp4,1280,720,25.0,383,extraversion,high
342,13680,left_eye,494.0,254.1,603.6,334.0,777.5,407.6,914.5,507.5,As93GgkTdt4.004.mp4,1280,720,25.0,383,extraversion,high
342,13680,right_eye,665.6,241.4,778.3,326.0,991.9,391.7,1132.8,497.5,As93GgkTdt4.004.mp4,1280,720,25.0,383,extraversion,high
342,13680,nose,596.3,303.1,684.8,429.8,905.4,468.8,1016.0,627.3,As93GgkTdt4.004.mp4,1280,720,25.0,383,extraversion,high
342,13680,mouth,584.9,446.5,706.6,514.6,891.1,648.2,1043.3,733.2,As93GgkTdt4.004.mp4,1280,720,25.0,383,extraversion,high
342,13680,forehead,473.5,186.6,807.4,462.6,751.8,323.2,1169.3,668.3,As93GgkTdt4.004.mp4,1280,720,25.0,383,extraversion,high
342,13680,chin,476.8,330.6,807.4,569.8,756.0,503.2,1169.3,802.2,As93GgkTdt4.004.mp4,1280,720,25.0,383,extraversion,high
342,13680,left_cheek,487.5,353.1,587.0,482.1,769.4,531.4,893.7,692.6,As93GgkTdt4.004.mp4,1280,720,25.0,383,extraversion,high
342,13680,right_cheek,692.4,336.1,793.3,471.1,1025.5,510.2,1151.6,678.8,As93GgkTdt4.004.mp4,1280,720,25.0,383,extraversion,high
343,13720,left_eye,493.6,254.3,603.4,334.0,777.0,407.9,914.2,507.5,As93GgkTdt4.004.mp4,1280,720,25.0,383,extraversion,high
343,13720,right_eye,665.1,241.5,778.1,326.2,991.4,391.9,1132.6,497.8,As93GgkTdt4.004.mp4,1280,720,25.0,383,extraversion,high
343,13720,nose,596.0,303.1,684.8,430.0,905.0,468.9,1016.0,627.5,As93GgkTdt4.004.mp4,1280,720,25.0,383,extraversion,high
343,13720,mouth,582.4,445.5,710.0,513.1,888.0,646.9,1047.5,731.4,As93GgkTdt4.004.mp4,1280,720,25.0,383,extraversion,high
343,13720,forehead,473.4,186.9,807.9,464.5,751.8,323.6,1169.9,670.6,As93GgkTdt4.004.mp4,1280,720,25.0,383,extraversion,high
343,13720,chin,476.7,331.0,807.9,569.6,755.9,503.7,1169.9,802.0,As93GgkTdt4.004.mp4,1280,720,25.0,383,extraversion,high
343,13720,left_cheek,487.3,353.2,586.6,481.8,769.2,531.5,893.3,692.2,As93GgkTdt4.004.mp4,1280,720,25.0,383,extraversion,high
343,13720,right_cheek,692.3,336.7,793.3,471.0,1025.3,510.9,1151.6,678.8,As93GgkTdt4.004.mp4,1280,720,25.0,383,extraversion,high
344,13760,left_eye,493.6,257.1,603.0,335.5,777.0,411.4,913.7,509.4,As93GgkTdt4.004.mp4,1280,720,25.0,383,extraversion,high
344,13760,right_eye,665.3,245.8,778.2,329.1,991.6,397.3,1132.7,501.3,As93GgkTdt4.004.mp4,1280,720,25.0,383,extraversion,high
344,13760,nose,595.5,306.2,684.8,432.3,904.4,472.8,1016.0,630.4,As93GgkTdt4.004.mp4,1280,720,25.0,383,extraversion,high
344,13760,mouth,580.3,446.9,711.6,513.2,885.4,648.6,1049.5,731.6,As93GgkTdt4.004.mp4,1280,720,25.0,383,extraversion,high
344,13760,forehead,473.4,188.7,808.4,466.4,751.7,325.8,1170.5,673.0,As93GgkTdt4.004.mp4,1280,720,25.0,383,extraversion,high
344,13760,chin,476.7,333.6,808.4,569.6,755.9,507.0,1170.5,802.1,As93GgkTdt4.004.mp4,1280,720,25.0,383,extraversion,high
344,13760,left_cheek,487.2,354.2,586.4,482.1,768.9,532.8,893.0,692.6,As93GgkTdt4.004.mp4,1280,720,25.0,383,extraversion,high
344,13760,right_cheek,692.3,338.9,793.5,472.2,1025.3,513.7,1151.9,680.3,As93GgkTdt4.004.mp4,1280,720,25.0,383,extraversion,high
345,13800,left_eye,493.7,260.9,603.0,338.6,777.1,416.1,913.7,513.2,As93GgkTdt4.004.mp4,1280,720,25.0,383,extraversion,high
345,13800,right_eye,665.3,251.1,778.2,333.5,991.7,403.9,1132.7,506.9,As93GgkTdt4.004.mp4,1280,720,25.0,383,extraversion,high
345,13800,nose,595.3,310.7,684.6,436.7,904.2,478.3,1015.8,635.8,As93GgkTdt4.004.mp4,1280,720,25.0,383,extraversion,high
345,13800,mouth,580.6,449.8,710.5,516.3,885.8,652.2,1048.1,735.4,As93GgkTdt4.004.mp4,1280,720,25.0,383,extraversion,high
345,13800,forehead,473.3,193.2,808.3,467.6,751.7,331.6,1170.3,674.5,As93GgkTdt4.004.mp4,1280,720,25.0,383,extraversion,high
345,13800,chin,476.7,338.3,808.3,570.5,755.9,512.9,1170.3,803.1,As93GgkTdt4.004.mp4,1280,720,25.0,383,extraversion,high
345,13800,left_cheek,487.2,356.4,586.3,483.7,769.0,535.5,892.9,694.6,As93GgkTdt4.004.mp4,1280,720,25.0,383,extraversion,high
345,13800,right_cheek,692.1,344.0,793.5,476.6,1025.1,520.0,1151.9,685.7,As93GgkTdt4.004.mp4,1280,720,25.0,383,extraversion,high
346,13840,left_eye,494.1,265.2,603.0,342.4,777.6,421.5,913.7,518.0,As93GgkTdt4.004.mp4,1280,720,25.0,383,extraversion,high
346,13840,right_eye,666.0,256.7,778.3,338.2,992.5,410.9,1132.8,512.7,As93GgkTdt4.004.mp4,1280,720,25.0,383,extraversion,high
346,13840,nose,595.3,315.2,684.4,441.1,904.1,484.0,1015.6,641.4,As93GgkTdt4.004.mp4,1280,720,25.0,383,extraversion,high
346,13840,mouth,580.8,456.9,706.2,519.5,885.9,661.1,1042.8,739.4,As93GgkTdt4.004.mp4,1280,720,25.0,383,extraversion,high
346,13840,forehead,473.4,198.8,807.6,467.9,751.7,338.5,1169.5,674.9,As93GgkTdt4.004.mp4,1280,720,25.0,383,extraversion,high
346,13840,chin,476.8,342.4,807.6,570.8,756.0,518.0,1169.5,803.5,As93GgkTdt4.004.mp4,1280,720,25.0,383,extraversion,high
346,13840,left_cheek,487.3,359.1,586.3,486.0,769.1,538.8,892.9,697.5,As93GgkTdt4.004.mp4,1280,720,25.0,383,extraversion,high
346,13840,right_cheek,692.0,349.1,793.4,480.6,1024.9,526.3,1151.7,690.8,As93GgkTdt4.004.mp4,1280,720,25.0,383,extraversion,high
347,13880,left_eye,494.4,269.1,602.9,345.6,778.0,426.3,913.7,522.0,As93GgkTdt4.004.mp4,1280,720,25.0,383,extraversion,high
347,13880,right_eye,666.4,261.1,778.0,341.8,993.0,416.4,1132.5,517.3,As93GgkTdt4.004.mp4,1280,720,25.0,383,extraversion,high
347,13880,nose,595.1,319.1,684.0,445.4,903.8,488.8,1015.0,646.7,As93GgkTdt4.004.mp4,1280,720,25.0,383,extraversion,high
347,13880,mouth,580.9,463.1,701.2,519.4,886.2,668.9,1036.6,739.3,As93GgkTdt4.004.mp4,1280,720,25.0,383,extraversion,high
347,13880,forehead,473.5,202.8,804.1,467.8,751.9,343.5,1165.1,674.8,As93GgkTdt4.004.mp4,1280,720,25.0,383,extraversion,high
347,13880,chin,476.9,345.0,804.1,570.6,756.1,521.3,1165.1,803.3,As93GgkTdt4.004.mp4,1280,720,25.0,383,extraversion,high
347,13880,left_cheek,487.4,361.3,586.4,487.4,769.2,541.6,893.0,699.3,As93GgkTdt4.004.mp4,1280,720,25.0,383,extraversion,high
347,13880,right_cheek,691.4,352.8,791.8,483.3,1024.2,531.0,1149.8,694.1,As93GgkTdt4.004.mp4,1280,720,25.0,383,extraversion,high
348,13920,left_eye,495.8,272.9,603.2,348.5,779.7,431.2,913.9,525.6,As93GgkTdt4.004.mp4,1280,720,25.0,383,extraversion,high
348,13920,right_eye,666.6,265.1,777.8,345.1,993.3,421.4,1132.2,521.3,As93GgkTdt4.004.mp4,1280,720,25.0,383,extraversion,high
348,13920,nose,595.1,322.0,683.7,447.5,903.8,492.6,1014.6,649.4,As93GgkTdt4.004.mp4,1280,720,25.0,383,extraversion,high
348,13920,mouth,581.2,465.5,699.5,519.6,886.5,671.9,1034.3,739.5,As93GgkTdt4.004.mp4,1280,720,25.0,383,extraversion,high
348,13920,forehead,475.1,207.1,802.6,468.1,753.9,348.8,1163.2,675.1,As93GgkTdt4.004.mp4,1280,720,25.0,383,extraversion,high
348,13920,chin,478.2,347.8,802.6,570.1,757.7,524.7,1163.2,802.6,As93GgkTdt4.004.mp4,1280,720,25.0,383,extraversion,high
348,13920,left_cheek,488.4,363.5,586.5,488.2,770.5,544.4,893.2,700.3,As93GgkTdt4.004.mp4,1280,720,25.0,383,extraversion,high
348,13920,right_cheek,691.0,355.7,790.7,484.8,1023.7,534.6,1148.3,696.0,As93GgkTdt4.004.mp4,1280,720,25.0,383,extraversion,high
349,13960,left_eye,496.6,275.9,603.3,350.8,780.7,434.9,914.1,528.5,As93GgkTdt4.004.mp4,1280,720,25.0,383,extraversion,high
349,13960,right_eye,666.9,267.9,777.0,347.5,993.6,424.9,1131.3,524.3,As93GgkTdt4.004.mp4,1280,720,25.0,383,extraversion,high
349,13960,nose,595.1,325.3,683.7,449.7,903.8,496.6,1014.6,652.2,As93GgkTdt4.004.mp4,1280,720,25.0,383,extraversion,high
349,13960,mouth,581.2,465.4,700.0,519.8,886.5,671.8,1035.0,739.8,As93GgkTdt4.004.mp4,1280,720,25.0,383,extraversion,high
349,13960,forehead,475.7,210.8,800.0,468.8,754.7,353.5,1160.0,676.0,As93GgkTdt4.004.mp4,1280,720,25.0,383,extraversion,high
349,13960,chin,478.8,349.6,800.0,570.1,758.5,527.1,1160.0,802.6,As93GgkTdt4.004.mp4,1280,720,25.0,383,extraversion,high
349,13960,left_cheek,489.3,365.4,586.7,488.5,771.6,546.8,893.4,700.7,As93GgkTdt4.004.mp4,1280,720,25.0,383,extraversion,high
349,13960,right_cheek,690.7,357.4,789.0,484.9,1023.3,536.7,1146.3,696.1,As93GgkTdt4.004.mp4,1280,720,25.0,383,extraversion,high
350,14000,left_eye,498.2,277.7,604.7,354.6,782.7,437.1,915.8,533.3,As93GgkTdt4.004.mp4,1280,720,25.0,383,extraversion,high
350,14000,right_eye,667.1,269.5,776.5,350.5,993.9,426.9,1130.6,528.1,As93GgkTdt4.004.mp4,1280,720,25.0,383,extraversion,high
350,14000,nose,594.9,327.6,684.0,450.4,903.6,499.5,1015.0,653.0,As93GgkTdt4.004.mp4,1280,720,25.0,383,extraversion,high
350,14000,mouth,581.3,463.9,702.7,523.2,886.6,669.9,1038.3,744.0,As93GgkTdt4.004.mp4,1280,720,25.0,383,extraversion,high
350,14000,forehead,477.1,214.3,799.2,472.8,756.4,357.8,1159.0,681.0,As93GgkTdt4.004.mp4,1280,720,25.0,383,extraversion,high
350,14000,chin,480.3,353.0,799.2,572.5,760.3,531.2,1159.0,805.7,As93GgkTdt4.004.mp4,1280,720,25.0,383,extraversion,high
350,14000,left_cheek,491.2,368.5,587.2,489.6,774.0,550.6,894.1,702.0,As93GgkTdt4.004.mp4,1280,720,25.0,383,extraversion,high
350,14000,right_cheek,690.7,359.2,788.4,485.0,1023.3,539.0,1145.6,696.3,As93GgkTdt4.004.mp4,1280,720,25.0,383,extraversion,high
351,14040,left_eye,499.4,277.2,606.4,355.5,784.2,436.5,918.1,534.4,As93GgkTdt4.004.mp4,1280,720,25.0,383,extraversion,high
351,14040,right_eye,668.6,269.3,776.5,351.9,995.7,426.7,1130.7,529.9,As93GgkTdt4.004.mp4,1280,720,25.0,383,extraversion,high
351,14040,nose,594.9,327.8,685.0,449.3,903.6,499.7,1016.3,651.6,As93GgkTdt4.004.mp4,1280,720,25.0,383,extraversion,high
351,14040,mouth,580.8,463.1,707.7,526.6,886.0,668.9,1044.6,748.3,As93GgkTdt4.004.mp4,1280,720,25.0,383,extraversion,high
351,14040,forehead,478.3,215.6,799.1,475.2,757.8,359.5,1158.9,683.9,As93GgkTdt4.004.mp4,1280,720,25.0,383,extraversion,high
351,14040,chin,481.4,355.8,799.0,577.3,761.7,534.7,1158.8,811.7,As93GgkTdt4.004.mp4,1280,720,25.0,383,extraversion,high
351,14040,left_cheek,492.5,369.4,587.9,490.0,775.6,551.7,894.9,702.5,As93GgkTdt4.004.mp4,1280,720,25.0,383,extraversion,high
351,14040,right_cheek,691.2,360.4,788.5,485.3,1024.1,540.5,1145.6,696.6,As93GgkTdt4.004.mp4,1280,720,25.0,383,extraversion,high
352,14080,left_eye,500.3,277.0,607.4,355.4,785.4,436.3,919.3,534.3,As93GgkTdt4.004.mp4,1280,720,25.0,383,extraversion,high
352,14080,right_eye,669.9,268.7,776.6,351.4,997.3,425.8,1130.7,529.2,As93GgkTdt4.004.mp4,1280,720,25.0,383,extraversion,high
352,14080,nose,595.6,327.1,686.7,448.4,904.5,498.9,1018.4,650.5,As93GgkTdt4.004.mp4,1280,720,25.0,383,extraversion,high
352,14080,mouth,580.7,462.7,709.5,528.0,885.9,668.4,1046.8,750.0,As93GgkTdt4.004.mp4,1280,720,25.0,383,extraversion,high
352,14080,forehead,478.5,215.7,798.8,475.8,758.2,359.6,1158.5,684.8,As93GgkTdt4.004.mp4,1280,720,25.0,383,extraversion,high
352,14080,chin,481.7,356.2,798.6,579.8,762.2,535.2,1158.3,814.8,As93GgkTdt4.004.mp4,1280,720,25.0,383,extraversion,high
352,14080,left_cheek,493.3,369.5,589.0,490.2,776.7,551.9,896.3,702.7,As93GgkTdt4.004.mp4,1280,720,25.0,383,extraversion,high
352,14080,right_cheek,692.3,360.1,788.5,485.0,1025.3,540.1,1145.6,696.2,As93GgkTdt4.004.mp4,1280,720,25.0,383,extraversion,high
353,14120,left_eye,500.7,276.9,608.4,354.1,785.9,436.1,920.4,532.6,As93GgkTdt4.004.mp4,1280,720,25.0,383,extraversion,high
353,14120,right_eye,670.6,267.4,776.7,349.8,998.3,424.2,1130.9,527.2,As93GgkTdt4.004.mp4,1280,720,25.0,383,extraversion,high
353,14120,nose,596.4,325.9,687.5,447.2,905.6,497.3,1019.4,649.0,As93GgkTdt4.004.mp4,1280,720,25.0,383,extraversion,high
353,14120,mouth,580.8,461.4,708.8,526.7,886.0,666.8,1046.0,748.4,As93GgkTdt4.004.mp4,1280,720,25.0,383,extraversion,high
353,14120,forehead,478.7,214.0,799.1,475.1,758.4,357.5,1158.8,683.8,As93GgkTdt4.004.mp4,1280,720,25.0,383,extraversion,high
353,14120,chin,481.9,354.5,799.0,578.5,762.4,533.1,1158.7,813.1,As93GgkTdt4.004.mp4,1280,720,25.0,383,extraversion,high
353,14120,left_cheek,493.6,368.8,590.0,490.0,777.1,551.0,897.4,702.5,As93GgkTdt4.004.mp4,1280,720,25.0,383,extraversion,high
353,14120,right_cheek,692.9,358.9,788.5,484.6,1026.1,538.6,1145.7,695.7,As93GgkTdt4.004.mp4,1280,720,25.0,383,extraversion,high
354,14160,left_eye,500.5,276.2,608.2,352.6,785.6,435.2,920.2,530.7,As93GgkTdt4.004.mp4,1280,720,25.0,383,extraversion,high
354,14160,right_eye,670.5,265.7,776.7,347.6,998.2,422.1,1130.9,524.5,As93GgkTdt4.004.mp4,1280,720,25.0,383,extraversion,high
354,14160,nose,596.8,323.9,687.3,443.6,906.0,494.9,1019.2,644.5,As93GgkTdt4.004.mp4,1280,720,25.0,383,extraversion,high
354,14160,mouth,582.1,459.8,706.9,525.8,887.6,664.8,1043.6,747.3,As93GgkTdt4.004.mp4,1280,720,25.0,383,extraversion,high
354,14160,forehead,478.6,213.0,799.1,473.5,758.3,356.2,1158.9,681.8,As93GgkTdt4.004.mp4,1280,720,25.0,383,extraversion,high
354,14160,chin,481.9,353.1,799.0,577.6,762.3,531.3,1158.8,812.0,As93GgkTdt4.004.mp4,1280,720,25.0,383,extraversion,high
354,14160,left_cheek,493.4,368.5,590.0,488.6,776.7,550.6,897.5,700.7,As93GgkTdt4.004.mp4,1280,720,25.0,383,extraversion,high
354,14160,right_cheek,692.8,356.7,788.6,482.0,1026.0,535.9,1145.7,692.5,As93GgkTdt4.004.mp4,1280,720,25.0,383,extraversion,high
355,14200,left_eye,500.1,272.4,607.9,347.0,785.1,430.5,919.9,523.8,As93GgkTdt4.004.mp4,1280,720,25.0,383,extraversion,high
355,14200,right_eye,670.3,259.2,776.1,341.6,997.9,414.0,1130.1,517.0,As93GgkTdt4.004.mp4,1280,720,25.0,383,extraversion,high
355,14200,nose,596.8,318.0,686.9,438.6,906.0,487.6,1018.6,638.3,As93GgkTdt4.004.mp4,1280,720,25.0,383,extraversion,high
355,14200,mouth,582.8,457.3,703.3,520.7,888.5,661.7,1039.2,740.8,As93GgkTdt4.004.mp4,1280,720,25.0,383,extraversion,high
355,14200,forehead,477.5,207.6,797.8,469.0,756.8,349.5,1157.3,676.2,As93GgkTdt4.004.mp4,1280,720,25.0,383,extraversion,high
355,14200,chin,480.9,346.9,797.8,571.7,761.1,523.6,1157.2,804.6,As93GgkTdt4.004.mp4,1280,720,25.0,383,extraversion,high
355,14200,left_cheek,493.1,364.2,590.0,485.5,776.4,545.2,897.5,696.8,As93GgkTdt4.004.mp4,1280,720,25.0,383,extraversion,high
355,14200,right_cheek,692.5,351.2,788.0,478.1,1025.7,529.0,1145.0,687.6,As93GgkTdt4.004.mp4,1280,720,25.0,383,extraversion,high
356,14240,left_eye,499.2,268.6,607.7,342.4,784.0,425.7,919.6,518.0,As93GgkTdt4.004.mp4,1280,720,25.0,383,extraversion,high
356,14240,right_eye,668.9,254.7,775.1,336.8,996.1,408.4,1128.9,511.0,As93GgkTdt4.004.mp4,1280,720,25.0,383,extraversion,high
356,14240,nose,596.7,313.0,686.2,434.5,905.9,481.3,1017.7,633.2,As93GgkTdt4.004.mp4,1280,720,25.0,383,extraversion,high
356,14240,mouth,582.8,455.2,702.3,514.7,888.5,658.9,1037.9,733.4,As93GgkTdt4.004.mp4,1280,720,25.0,383,extraversion,high
356,14240,forehead,476.3,202.4,797.0,465.3,755.4,343.0,1156.2,671.6,As93GgkTdt4.004.mp4,1280,720,25.0,383,extraversion,high
356,14240,chin,479.7,341.8,797.0,568.0,759.6,517.3,1156.2,800.0,As93GgkTdt4.004.mp4,1280,720,25.0,383,extraversion,high
356,14240,left_cheek,492.5,360.0,589.7,482.3,775.7,540.0,897.1,692.9,As93GgkTdt4.004.mp4,1280,720,25.0,383,extraversion,high
356,14240,right_cheek,692.0,346.3,787.4,474.1,1025.0,522.9,1144.2,682.7,As93GgkTdt4.004.mp4,1280,720,25.0,383,extraversion,high
357,14280,left_eye,498.1,264.6,607.2,337.9,782.6,420.8,919.0,512.4,As93GgkTdt4.004.mp4,1280,720,25.0,383,extraversion,high
357,14280,right_eye,667.8,252.0,774.6,332.7,994.7,405.0,1128.3,505.9,As93GgkTdt4.004.mp4,1280,720,25.0,383,extraversion,high
357,14280,nose,596.2,308.7,685.4,430.8,905.3,475.8,1016.7,628.5,As93GgkTdt4.004.mp4,1280,720,25.0,383,extraversion,high
357,14280,mouth,582.5,452.3,701.1,511.3,888.1,655.3,1036.3,729.2,As93GgkTdt4.004.mp4,1280,720,25.0,383,extraversion,high
357,14280,forehead,474.3,198.1,796.8,461.9,752.9,337.6,1156.0,667.4,As93GgkTdt4.004.mp4,1280,720,25.0,383,extraversion,high
357,14280,chin,477.6,338.3,796.8,566.4,757.0,512.9,1156.0,798.0,As93GgkTdt4.004.mp4,1280,720,25.0,383,extraversion,high
357,14280,left_cheek,491.1,355.7,589.0,479.1,773.9,534.7,896.2,688.8,As93GgkTdt4.004.mp4,1280,720,25.0,383,extraversion,high
357,14280,right_cheek,691.4,342.8,787.0,471.0,1024.3,518.5,1143.8,678.8,As93GgkTdt4.004.mp4,1280,720,25.0,383,extraversion,high
358,14320,left_eye,497.2,260.4,606.6,333.5,781.4,415.5,918.3,506.9,As93GgkTdt4.004.mp4,1280,720,25.0,383,extraversion,high
358,14320,right_eye,667.4,249.0,774.7,329.3,994.3,401.2,1128.4,501.6,As93GgkTdt4.004.mp4,1280,720,25.0,383,extraversion,high
358,14320,nose,595.8,305.1,684.4,428.2,904.7,471.3,1015.6,625.3,As93GgkTdt4.004.mp4,1280,720,25.0,383,extraversion,high
358,14320,mouth,582.4,451.2,698.7,509.4,888.1,654.0,1033.4,726.8,As93GgkTdt4.004.mp4,1280,720,25.0,383,extraversion,high
358,14320,forehead,472.7,194.5,797.0,458.1,750.9,333.1,1156.2,662.6,As93GgkTdt4.004.mp4,1280,720,25.0,383,extraversion,high
358,14320,chin,475.8,335.0,797.0,565.5,754.8,508.7,1156.2,796.9,As93GgkTdt4.004.mp4,1280,720,25.0,383,extraversion,high
358,14320,left_cheek,489.4,351.7,588.3,476.3,771.8,529.6,895.4,685.4,As93GgkTdt4.004.mp4,1280,720,25.0,383,extraversion,high
358,14320,right_cheek,690.9,340.0,787.1,469.1,1023.6,514.9,1143.9,676.4,As93GgkTdt4.004.mp4,1280,720,25.0,383,extraversion,high
359,14360,left_eye,496.8,258.2,606.1,330.4,781.0,412.7,917.6,503.0,As93GgkTdt4.004.mp4,1280,720,25.0,383,extraversion,high
359,14360,right_eye,667.1,247.4,774.8,326.2,993.9,399.2,1128.5,497.8,As93GgkTdt4.004.mp4,1280,720,25.0,383,extraversion,high
359,14360,nose,595.7,302.8,682.7,426.9,904.6,468.5,1013.3,623.6,As93GgkTdt4.004.mp4,1280,720,25.0,383,extraversion,high
359,14360,mouth,583.2,451.3,695.3,505.9,889.0,654.1,1029.1,722.4,As93GgkTdt4.004.mp4,1280,720,25.0,383,extraversion,high
359,14360,forehead,472.3,192.1,797.8,455.2,750.4,330.1,1157.3,659.0,As93GgkTdt4.004.mp4,1280,720,25.0,383,extraversion,high
359,14360,chin,475.1,332.6,797.8,564.7,753.9,505.7,1157.3,795.8,As93GgkTdt4.004.mp4,1280,720,25.0,383,extraversion,high
359,14360,left_cheek,488.7,349.0,588.0,474.9,770.9,526.2,895.0,683.6,As93GgkTdt4.004.mp4,1280,720,25.0,383,extraversion,high
359,14360,right_cheek,690.1,338.1,787.1,468.6,1022.6,512.6,1143.9,675.7,As93GgkTdt4.004.mp4,1280,720,25.0,383,extraversion,high
360,14400,left_eye,495.8,256.9,604.9,328.8,779.7,411.1,916.1,501.0,As93GgkTdt4.004.mp4,1280,720,25.0,383,extraversion,high
360,14400,right_eye,666.6,247.0,774.2,324.2,993.3,398.8,1127.8,495.2,As93GgkTdt4.004.mp4,1280,720,25.0,383,extraversion,high
360,14400,nose,595.5,301.6,681.5,426.4,904.4,467.0,1011.9,623.0,As93GgkTdt4.004.mp4,1280,720,25.0,383,extraversion,high
360,14400,mouth,585.5,451.3,692.3,504.3,891.8,654.1,1025.4,720.4,As93GgkTdt4.004.mp4,1280,720,25.0,383,extraversion,high
360,14400,forehead,470.5,190.6,797.9,454.0,748.2,328.2,1157.4,657.5,As93GgkTdt4.004.mp4,1280,720,25.0,383,extraversion,high
360,14400,chin,472.9,331.0,797.9,564.7,751.1,503.7,1157.4,795.9,As93GgkTdt4.004.mp4,1280,720,25.0,383,extraversion,high
360,14400,left_cheek,486.9,347.9,587.5,474.6,768.7,524.9,894.4,683.2,As93GgkTdt4.004.mp4,1280,720,25.0,383,extraversion,high
360,14400,right_cheek,689.1,336.6,787.0,467.8,1021.3,510.8,1143.7,674.8,As93GgkTdt4.004.mp4,1280,720,25.0,383,extraversion,high
361,14440,left_eye,494.4,256.0,603.4,327.3,778.0,410.0,914.3,499.1,As93GgkTdt4.004.mp4,1280,720,25.0,383,extraversion,high
361,14440,right_eye,665.4,246.3,773.6,322.3,991.8,397.8,1127.0,492.9,As93GgkTdt4.004.mp4,1280,720,25.0,383,extraversion,high
361,14440,nose,595.4,300.3,680.8,425.5,904.2,465.4,1010.9,621.9,As93GgkTdt4.004.mp4,1280,720,25.0,383,extraversion,high
361,14440,mouth,587.5,451.3,690.8,504.0,894.4,654.1,1023.5,720.1,As93GgkTdt4.004.mp4,1280,720,25.0,383,extraversion,high
361,14440,forehead,469.0,189.0,798.3,453.4,746.3,326.2,1157.9,656.7,As93GgkTdt4.004.mp4,1280,720,25.0,383,extraversion,high
361,14440,chin,471.5,328.6,798.3,564.5,749.3,500.8,1157.9,795.7,As93GgkTdt4.004.mp4,1280,720,25.0,383,extraversion,high
361,14440,left_cheek,485.4,347.1,586.9,474.3,766.8,523.8,893.6,682.8,As93GgkTdt4.004.mp4,1280,720,25.0,383,extraversion,high
361,14440,right_cheek,688.2,334.7,787.0,466.7,1020.3,508.4,1143.7,673.4,As93GgkTdt4.004.mp4,1280,720,25.0,383,extraversion,high
362,14480,left_eye,494.0,255.1,603.0,326.8,777.5,408.9,913.7,498.5,As93GgkTdt4.004.mp4,1280,720,25.0,383,extraversion,high
362,14480,right_eye,665.0,245.7,773.5,321.8,991.3,397.1,1126.9,492.3,As93GgkTdt4.004.mp4,1280,720,25.0,383,extraversion,high
362,14480,nose,595.2,299.3,680.6,424.4,903.9,464.1,1010.8,620.5,As93GgkTdt4.004.mp4,1280,720,25.0,383,extraversion,high
362,14480,mouth,587.6,450.3,690.9,504.0,894.5,652.8,1023.7,720.0,As93GgkTdt4.004.mp4,1280,720,25.0,383,extraversion,high
362,14480,forehead,468.8,187.9,799.2,453.6,746.0,324.8,1159.0,657.0,As93GgkTdt4.004.mp4,1280,720,25.0,383,extraversion,high
362,14480,chin,471.2,328.6,799.2,564.9,749.0,500.7,1159.0,796.1,As93GgkTdt4.004.mp4,1280,720,25.0,383,extraversion,high
362,14480,left_cheek,485.0,346.5,586.5,474.1,766.2,523.2,893.1,682.6,As93GgkTdt4.004.mp4,1280,720,25.0,383,extraversion,high
362,14480,right_cheek,688.0,334.2,787.0,466.6,1020.0,507.8,1143.8,673.2,As93GgkTdt4.004.mp4,1280,720,25.0,383,extraversion,high
363,14520,left_eye,493.9,254.6,603.0,326.9,777.4,408.3,913.8,498.6,As93GgkTdt4.004.mp4,1280,720,25.0,383,extraversion,high
363,14520,right_eye,665.1,245.5,773.8,322.3,991.4,396.8,1127.3,492.9,As93GgkTdt4.004.mp4,1280,720,25.0,383,extraversion,high
363,14520,nose,595.1,298.5,680.8,421.8,903.8,463.1,1011.0,617.2,As93GgkTdt4.004.mp4,1280,720,25.0,383,extraversion,high
363,14520,mouth,587.2,446.3,691.7,504.5,894.0,647.9,1024.6,720.7,As93GgkTdt4.004.mp4,1280,720,25.0,383,extraversion,high
363,14520,forehead,468.3,188.3,800.4,454.2,745.3,325.3,1160.5,657.8,As93GgkTdt4.004.mp4,1280,720,25.0,383,extraversion,high
363,14520,chin,470.7,329.9,800.4,565.0,748.3,502.4,1160.5,796.2,As93GgkTdt4.004.mp4,1280,720,25.0,383,extraversion,high
363,14520,left_cheek,484.6,346.3,586.3,473.6,765.8,522.9,892.9,682.0,As93GgkTdt4.004.mp4,1280,720,25.0,383,extraversion,high
363,14520,right_cheek,688.1,334.7,788.1,466.2,1020.1,508.4,1145.1,672.7,As93GgkTdt4.004.mp4,1280,720,25.0,383,extraversion,high
364,14560,left_eye,494.2,255.6,603.7,328.2,777.7,409.5,914.6,500.2,As93GgkTdt4.004.mp4,1280,720,25.0,383,extraversion,high
364,14560,right_eye,665.9,245.8,774.8,323.5,992.4,397.2,1128.5,494.4,As93GgkTdt4.004.mp4,1280,720,25.0,383,extraversion,high
364,14560,nose,595.1,299.9,681.5,422.9,903.9,464.8,1011.9,618.7,As93GgkTdt4.004.mp4,1280,720,25.0,383,extraversion,high
364,14560,mouth,585.1,444.7,693.8,506.5,891.4,645.9,1027.2,723.1,As93GgkTdt4.004.mp4,1280,720,25.0,383,extraversion,high
364,14560,forehead,468.4,189.4,801.2,455.2,745.4,326.7,1161.5,659.1,As93GgkTdt4.004.mp4,1280,720,25.0,383,extraversion,high
364,14560,chin,470.7,332.3,801.2,565.1,748.4,505.4,1161.5,796.4,As93GgkTdt4.004.mp4,1280,720,25.0,383,extraversion,high
364,14560,left_cheek,484.8,347.3,586.4,474.1,766.1,524.1,893.0,682.6,As93GgkTdt4.004.mp4,1280,720,25.0,383,extraversion,high
364,14560,right_cheek,688.7,334.9,789.0,466.6,1020.9,508.6,1146.2,673.2,As93GgkTdt4.004.mp4,1280,720,25.0,383,extraversion,high
365,14600,left_eye,494.6,255.7,604.4,328.3,778.3,409.6,915.4,500.4,As93GgkTdt4.004.mp4,1280,720,25.0,383,extraversion,high
365,14600,right_eye,666.9,248.3,774.9,324.1,993.7,400.3,1128.6,495.1,As93GgkTdt4.004.mp4,1280,720,25.0,383,extraversion,high
365,14600,nose,595.3,300.4,682.6,423.7,904.1,465.5,1013.2,619.6,As93GgkTdt4.004.mp4,1280,720,25.0,383,extraversion,high
365,14600,mouth,584.0,442.7,697.1,506.8,889.9,643.4,1031.3,723.6,As93GgkTdt4.004.mp4,1280,720,25.0,383,extraversion,high
365,14600,forehead,468.6,190.5,800.4,459.6,745.7,328.2,1160.5,664.5,As93GgkTdt4.004.mp4,1280,720,25.0,383,extraversion,high
365,14600,chin,470.9,336.1,800.4,565.2,748.6,510.1,1160.5,796.4,As93GgkTdt4.004.mp4,1280,720,25.0,383,extraversion,high
365,14600,left_cheek,484.9,347.5,586.7,474.2,766.1,524.3,893.3,682.8,As93GgkTdt4.004.mp4,1280,720,25.0,383,extraversion,high
365,14600,right_cheek,689.2,336.7,788.7,466.7,1021.5,510.9,1145.9,673.4,As93GgkTdt4.004.mp4,1280,720,25.0,383,extraversion,high
366,14640,left_eye,495.0,256.6,605.0,328.8,778.8,410.8,916.2,501.0,As93GgkTdt4.004.mp4,1280,720,25.0,383,extraversion,high
366,14640,right_eye,668.0,250.1,774.9,324.8,995.0,402.7,1128.6,496.0,As93GgkTdt4.004.mp4,1280,720,25.0,383,extraversion,high
366,14640,nose,595.9,300.7,684.0,424.1,904.9,465.9,1015.0,620.2,As93GgkTdt4.004.mp4,1280,720,25.0,383,extraversion,high
366,14640,mouth,582.9,441.7,700.0,507.0,888.7,642.2,1035.1,723.7,As93GgkTdt4.004.mp4,1280,720,25.0,383,extraversion,high
366,14640,forehead,468.6,191.3,798.6,462.4,745.7,329.1,1158.2,668.0,As93GgkTdt4.004.mp4,1280,720,25.0,383,extraversion,high
366,14640,chin,470.8,337.6,798.6,565.4,748.5,512.0,1158.2,796.8,As93GgkTdt4.004.mp4,1280,720,25.0,383,extraversion,high
366,14640,left_cheek,485.0,348.5,587.2,474.8,766.3,525.6,894.0,683.5,As93GgkTdt4.004.mp4,1280,720,25.0,383,extraversion,high
366,14640,right_cheek,689.9,337.7,788.2,467.1,1022.4,512.1,1145.2,673.9,As93GgkTdt4.004.mp4,1280,720,25.0,383,extraversion,high
367,14680,left_eye,495.3,258.2,605.6,330.2,779.1,412.8,917.0,502.8,As93GgkTdt4.004.mp4,1280,720,25.0,383,extraversion,high
367,14680,right_eye,669.0,251.6,774.9,325.6,996.2,404.6,1128.7,497.0,As93GgkTdt4.004.mp4,1280,720,25.0,383,extraversion,high
367,14680,nose,597.0,301.9,685.7,424.4,906.3,467.4,1017.1,620.5,As93GgkTdt4.004.mp4,1280,720,25.0,383,extraversion,high
367,14680,mouth,582.6,440.3,701.5,507.1,888.2,640.4,1036.8,723.9,As93GgkTdt4.004.mp4,1280,720,25.0,383,extraversion,high
367,14680,forehead,468.5,192.6,797.7,464.2,745.6,330.8,1157.2,670.2,As93GgkTdt4.004.mp4,1280,720,25.0,383,extraversion,high
367,14680,chin,470.7,338.2,797.7,565.6,748.4,512.8,1157.2,797.0,As93GgkTdt4.004.mp4,1280,720,25.0,383,extraversion,high
367,14680,left_cheek,485.3,350.2,588.0,475.4,766.6,527.8,895.0,684.2,As93GgkTdt4.004.mp4,1280,720,25.0,383,extraversion,high
367,14680,right_cheek,690.8,338.1,788.0,467.2,1023.5,512.6,1145.1,674.0,As93GgkTdt4.004.mp4,1280,720,25.0,383,extraversion,high
368,14720,left_eye,495.5,261.3,606.4,333.6,779.4,416.7,918.0,507.0,As93GgkTdt4.004.mp4,1280,720,25.0,383,extraversion,high
368,14720,right_eye,669.6,254.4,775.2,328.1,997.0,408.0,1129.0,500.1,As93GgkTdt4.004.mp4,1280,720,25.0,383,extraversion,high
368,14720,nose,597.8,305.1,686.4,425.4,907.2,471.4,1018.0,621.8,As93GgkTdt4.004.mp4,1280,720,25.0,383,extraversion,high
368,14720,mouth,582.5,440.9,703.2,508.6,888.1,641.1,1039.0,725.7,As93GgkTdt4.004.mp4,1280,720,25.0,383,extraversion,high
368,14720,forehead,468.6,195.7,797.6,465.7,745.7,334.7,1157.0,672.2,As93GgkTdt4.004.mp4,1280,720,25.0,383,extraversion,high
368,14720,chin,470.8,339.3,797.6,565.8,748.5,514.2,1157.0,797.2,As93GgkTdt4.004.mp4,1280,720,25.0,383,extraversion,high
368,14720,left_cheek,485.6,353.4,588.6,477.5,767.0,531.8,895.8,686.9,As93GgkTdt4.004.mp4,1280,720,25.0,383,extraversion,high
368,14720,right_cheek,691.5,340.1,788.0,467.2,1024.4,515.1,1145.1,674.1,As93GgkTdt4.004.mp4,1280,720,25.0,383,extraversion,high
369,14760,left_eye,495.6,264.8,606.8,336.5,779.5,421.0,918.5,510.6,As93GgkTdt4.004.mp4,1280,720,25.0,383,extraversion,high
369,14760,right_eye,669.8,258.5,775.3,331.3,997.3,413.2,1129.1,504.1,As93GgkTdt4.004.mp4,1280,720,25.0,383,extraversion,high
369,14760,nose,597.9,309.2,687.0,429.5,907.3,476.5,1018.8,626.8,As93GgkTdt4.004.mp4,1280,720,25.0,383,extraversion,high
369,14760,mouth,582.5,443.7,702.8,512.4,888.1,644.6,1038.5,730.5,As93GgkTdt4.004.mp4,1280,720,25.0,383,extraversion,high
369,14760,forehead,468.4,199.5,797.3,465.4,745.5,339.3,1156.6,671.8,As93GgkTdt4.004.mp4,1280,720,25.0,383,extraversion,high
369,14760,chin,470.7,340.3,797.2,566.1,748.3,515.4,1156.5,797.6,As93GgkTdt4.004.mp4,1280,720,25.0,383,extraversion,high
369,14760,left_cheek,485.7,355.5,588.9,479.4,767.1,534.3,896.1,689.2,As93GgkTdt4.004.mp4,1280,720,25.0,383,extraversion,high
369,14760,right_cheek,691.8,342.9,788.1,469.0,1024.8,518.7,1145.1,676.3,As93GgkTdt4.004.mp4,1280,720,25.0,383,extraversion,high
370,14800,left_eye,496.0,267.0,607.2,338.6,780.1,423.7,919.0,513.2,As93GgkTdt4.004.mp4,1280,720,25.0,383,extraversion,high
370,14800,right_eye,669.9,261.8,775.7,334.2,997.4,417.2,1129.6,507.7,As93GgkTdt4.004.mp4,1280,720,25.0,383,extraversion,high
370,14800,nose,597.8,312.2,686.9,433.0,907.3,480.2,1018.6,631.2,As93GgkTdt4.004.mp4,1280,720,25.0,383,extraversion,high
370,14800,mouth,583.7,449.4,700.5,515.5,889.7,651.7,1035.6,734.3,As93GgkTdt4.004.mp4,1280,720,25.0,383,extraversion,high
370,14800,forehead,468.4,202.3,797.2,465.1,745.5,342.9,1156.5,671.3,As93GgkTdt4.004.mp4,1280,720,25.0,383,extraversion,high
370,14800,chin,470.7,342.0,797.0,566.5,748.4,517.6,1156.3,798.2,As93GgkTdt4.004.mp4,1280,720,25.0,383,extraversion,high
370,14800,left_cheek,485.8,356.4,588.9,480.6,767.3,535.5,896.2,690.7,As93GgkTdt4.004.mp4,1280,720,25.0,383,extraversion,high
370,14800,right_cheek,691.8,346.3,788.0,472.5,1024.7,522.9,1145.1,680.6,As93GgkTdt4.004.mp4,1280,720,25.0,383,extraversion,high
371,14840,left_eye,496.1,269.0,607.4,340.5,780.1,426.2,919.2,515.6,As93GgkTdt4.004.mp4,1280,720,25.0,383,extraversion,high
371,14840,right_eye,669.9,263.1,775.6,336.1,997.4,418.8,1129.5,510.1,As93GgkTdt4.004.mp4,1280,720,25.0,383,extraversion,high
371,14840,nose,597.8,314.3,686.8,436.5,907.3,482.9,1018.5,635.6,As93GgkTdt4.004.mp4,1280,720,25.0,383,extraversion,high
371,14840,mouth,584.5,454.4,698.8,516.4,890.6,658.0,1033.5,735.5,As93GgkTdt4.004.mp4,1280,720,25.0,383,extraversion,high
371,14840,forehead,468.1,203.6,795.1,464.9,745.2,344.5,1153.9,671.1,As93GgkTdt4.004.mp4,1280,720,25.0,383,extraversion,high
371,14840,chin,470.4,342.3,794.7,566.6,748.0,517.9,1153.4,798.3,As93GgkTdt4.004.mp4,1280,720,25.0,383,extraversion,high
371,14840,left_cheek,485.8,357.7,589.0,482.3,767.3,537.2,896.3,692.8,As93GgkTdt4.004.mp4,1280,720,25.0,383,extraversion,high
371,14840,right_cheek,691.8,347.7,787.3,474.5,1024.7,524.6,1144.1,683.1,As93GgkTdt4.004.mp4,1280,720,25.0,383,extraversion,high
372,14880,left_eye,496.2,270.2,607.4,341.6,780.3,427.7,919.3,517.0,As93GgkTdt4.004.mp4,1280,720,25.0,383,extraversion,high
372,14880,right_eye,669.9,264.3,775.6,337.0,997.4,420.3,1129.4,511.2,As93GgkTdt4.004.mp4,1280,720,25.0,383,extraversion,high
372,14880,nose,597.8,315.6,686.3,438.0,907.3,484.5,1017.8,637.5,As93GgkTdt4.004.mp4,1280,720,25.0,383,extraversion,high
372,14880,mouth,586.1,457.5,696.8,515.8,892.7,661.8,1031.1,734.7,As93GgkTdt4.004.mp4,1280,720,25.0,383,extraversion,high
372,14880,forehead,468.2,204.6,795.2,464.8,745.2,345.7,1154.0,671.0,As93GgkTdt4.004.mp4,1280,720,25.0,383,extraversion,high
372,14880,chin,470.4,342.2,794.8,566.9,748.0,517.8,1153.6,798.6,As93GgkTdt4.004.mp4,1280,720,25.0,383,extraversion,high
372,14880,left_cheek,485.9,358.4,589.1,483.1,767.4,538.0,896.3,693.8,As93GgkTdt4.004.mp4,1280,720,25.0,383,extraversion,high
372,14880,right_cheek,691.6,348.4,787.2,475.7,1024.5,525.5,1144.0,684.6,As93GgkTdt4.004.mp4,1280,720,25.0,383,extraversion,high
373,14920,left_eye,496.2,271.2,607.4,342.5,780.3,429.0,919.3,518.2,As93GgkTdt4.004.mp4,1280,720,25.0,383,extraversion,high
373,14920,right_eye,669.8,264.5,774.9,337.6,997.2,420.7,1128.7,512.0,As93GgkTdt4.004.mp4,1280,720,25.0,383,extraversion,high
373,14920,nose,597.8,316.4,686.1,439.3,907.3,485.6,1017.7,639.1,As93GgkTdt4.004.mp4,1280,720,25.0,383,extraversion,high
373,14920,mouth,587.2,459.0,696.0,515.4,893.9,663.8,1030.0,734.2,As93GgkTdt4.004.mp4,1280,720,25.0,383,extraversion,high
373,14920,forehead,468.1,204.9,794.1,464.7,745.1,346.2,1152.6,670.9,As93GgkTdt4.004.mp4,1280,720,25.0,383,extraversion,high
373,14920,chin,470.3,342.1,793.8,567.1,747.9,517.7,1152.3,798.8,As93GgkTdt4.004.mp4,1280,720,25.0,383,extraversion,high
373,14920,left_cheek,486.0,359.3,589.1,484.1,767.5,539.2,896.4,695.1,As93GgkTdt4.004.mp4,1280,720,25.0,383,extraversion,high
373,14920,right_cheek,691.3,348.7,786.4,476.4,1024.2,525.9,1143.0,685.5,As93GgkTdt4.004.mp4,1280,720,25.0,383,extraversion,high
374,14960,left_eye,496.2,271.5,607.4,343.1,780.2,429.4,919.3,518.9,As93GgkTdt4.004.mp4,1280,720,25.0,383,extraversion,high
374,14960,right_eye,669.5,264.2,774.8,337.7,996.9,420.3,1128.5,512.1,As93GgkTdt4.004.mp4,1280,720,25.0,383,extraversion,high
374,14960,nose,597.9,316.4,686.0,438.9,907.3,485.5,1017.5,638.7,As93GgkTdt4.004.mp4,1280,720,25.0,383,extraversion,high
374,14960,mouth,588.3,459.8,695.6,515.4,895.4,664.7,1029.6,734.2,As93GgkTdt4.004.mp4,1280,720,25.0,383,extraversion,high
374,14960,forehead,467.8,205.0,794.2,465.1,744.8,346.3,1152.8,671.3,As93GgkTdt4.004.mp4,1280,720,25.0,383,extraversion,high
374,14960,chin,470.1,342.0,794.0,567.5,747.6,517.5,1152.5,799.4,As93GgkTdt4.004.mp4,1280,720,25.0,383,extraversion,high
374,14960,left_cheek,486.0,360.1,589.1,484.9,767.5,540.2,896.4,696.1,As93GgkTdt4.004.mp4,1280,720,25.0,383,extraversion,high
374,14960,right_cheek,691.2,348.6,786.4,476.5,1024.0,525.8,1143.0,685.6,As93GgkTdt4.004.mp4,1280,720,25.0,383,extraversion,high
375,15000,left_eye,495.5,271.9,606.6,343.3,779.4,429.9,918.2,519.1,As93GgkTdt4.004.mp4,1280,720,25.0,383,extraversion,high
375,15000,right_eye,668.4,263.9,772.8,337.6,995.5,419.9,1126.0,512.0,As93GgkTdt4.004.mp4,1280,720,25.0,383,extraversion,high
375,15000,nose,597.8,316.1,685.6,438.2,907.3,485.2,1017.0,637.7,As93GgkTdt4.004.mp4,1280,720,25.0,383,extraversion,high
375,15000,mouth,588.7,459.0,695.2,516.4,895.8,663.7,1029.0,735.5,As93GgkTdt4.004.mp4,1280,720,25.0,383,extraversion,high
375,15000,forehead,467.0,205.2,791.8,465.8,743.8,346.5,1149.7,672.3,As93GgkTdt4.004.mp4,1280,720,25.0,383,extraversion,high
375,15000,chin,469.5,342.0,791.7,567.9,746.9,517.5,1149.6,799.9,As93GgkTdt4.004.mp4,1280,720,25.0,383,extraversion,high
375,15000,left_cheek,485.9,361.0,589.0,485.3,767.3,541.3,896.2,696.6,As93GgkTdt4.004.mp4,1280,720,25.0,383,extraversion,high
375,15000,right_cheek,690.5,348.4,784.8,476.2,1023.1,525.5,1141.0,685.3,As93GgkTdt4.004.mp4,1280,720,25.0,383,extraversion,high
376,15040,left_eye,494.6,271.6,605.1,343.0,778.3,429.5,916.3,518.7,As93GgkTdt4.004.mp4,1280,720,25.0,383,extraversion,high
376,15040,right_eye,666.9,263.6,771.4,337.3,993.7,419.5,1124.3,511.7,As93GgkTdt4.004.mp4,1280,720,25.0,383,extraversion,high
376,15040,nose,597.4,315.7,684.6,438.0,906.8,484.6,1015.7,637.4,As93GgkTdt4.004.mp4,1280,720,25.0,383,extraversion,high
376,15040,mouth,588.8,458.5,694.0,518.5,896.0,663.2,1027.5,738.1,As93GgkTdt4.004.mp4,1280,720,25.0,383,extraversion,high
376,15040,forehead,466.5,204.8,790.7,466.0,743.1,346.0,1148.3,672.5,As93GgkTdt4.004.mp4,1280,720,25.0,383,extraversion,high
376,15040,chin,469.1,342.0,790.7,568.9,746.3,517.4,1148.3,801.1,As93GgkTdt4.004.mp4,1280,720,25.0,383,extraversion,high
376,15040,left_cheek,485.5,361.0,588.3,485.2,766.9,541.2,895.4,696.5,As93GgkTdt4.004.mp4,1280,720,25.0,383,extraversion,high
376,15040,right_cheek,689.4,348.3,783.7,476.1,1021.8,525.4,1139.7,685.1,As93GgkTdt4.004.mp4,1280,720,25.0,383,extraversion,high
377,15080,left_eye,493.8,271.3,603.8,342.7,777.2,429.1,914.7,518.4,As93GgkTdt4.004.mp4,1280,720,25.0,383,extraversion,high
377,15080,right_eye,665.6,262.4,770.6,336.8,992.1,418.0,1123.2,511.0,As93GgkTdt4.004.mp4,1280,720,25.0,383,extraversion,high
377,15080,nose,596.9,315.4,683.5,437.6,906.1,484.3,1014.4,636.9,As93GgkTdt4.004.mp4,1280,720,25.0,383,extraversion,high
377,15080,mouth,588.7,458.0,693.5,518.2,895.9,662.5,1026.9,737.8,As93GgkTdt4.004.mp4,1280,720,25.0,383,extraversion,high
377,15080,forehead,465.7,204.6,790.7,465.8,742.2,345.7,1148.3,672.3,As93GgkTdt4.004.mp4,1280,720,25.0,383,extraversion,high
377,15080,chin,468.5,340.6,790.7,568.9,745.6,515.7,1148.3,801.1,As93GgkTdt4.004.mp4,1280,720,25.0,383,extraversion,high
377,15080,left_cheek,484.8,360.7,587.6,485.1,766.1,540.9,894.5,696.3,As93GgkTdt4.004.mp4,1280,720,25.0,383,extraversion,high
377,15080,right_cheek,688.6,346.9,783.5,474.9,1020.7,523.7,1139.3,683.6,As93GgkTdt4.004.mp4,1280,720,25.0,383,extraversion,high
378,15120,left_eye,493.0,271.2,602.9,342.7,776.2,429.0,913.7,518.3,As93GgkTdt4.004.mp4,1280,720,25.0,383,extraversion,high
378,15120,right_eye,664.8,260.2,770.0,335.5,991.0,415.3,1122.5,509.4,As93GgkTdt4.004.mp4,1280,720,25.0,383,extraversion,high
378,15120,nose,596.5,314.3,683.0,436.2,905.6,482.8,1013.8,635.2,As93GgkTdt4.004.mp4,1280,720,25.0,383,extraversion,high
378,15120,mouth,588.6,457.8,693.7,518.1,895.7,662.2,1027.1,737.7,As93GgkTdt4.004.mp4,1280,720,25.0,383,extraversion,high
378,15120,forehead,465.5,203.0,790.7,465.8,741.9,343.7,1148.4,672.2,As93GgkTdt4.004.mp4,1280,720,25.0,383,extraversion,high
378,15120,chin,468.3,338.8,790.7,568.8,745.4,513.5,1148.4,801.0,As93GgkTdt4.004.mp4,1280,720,25.0,383,extraversion,high
378,15120,left_cheek,484.6,360.5,587.1,485.0,765.7,540.7,893.9,696.3,As93GgkTdt4.004.mp4,1280,720,25.0,383,extraversion,high
378,15120,right_cheek,688.1,344.9,783.2,473.5,1020.1,521.1,1139.0,681.9,As93GgkTdt4.004.mp4,1280,720,25.0,383,extraversion,high
379,15160,left_eye,492.7,270.8,602.4,342.2,775.9,428.5,913.0,517.7,As93GgkTdt4.004.mp4,1280,720,25.0,383,extraversion,high
379,15160,right_eye,664.1,258.3,770.0,334.0,990.1,412.9,1122.5,507.5,As93GgkTdt4.004.mp4,1280,720,25.0,383,extraversion,high
379,15160,nose,596.2,313.0,682.5,434.6,905.2,481.2,1013.1,633.2,As93GgkTdt4.004.mp4,1280,720,25.0,383,extraversion,high
379,15160,mouth,588.5,457.1,693.8,517.7,895.7,661.3,1027.3,737.2,As93GgkTdt4.004.mp4,1280,720,25.0,383,extraversion,high
379,15160,forehead,465.5,201.6,790.8,465.5,741.9,342.1,1148.6,671.8,As93GgkTdt4.004.mp4,1280,720,25.0,383,extraversion,high
379,15160,chin,468.3,337.2,790.8,568.4,745.4,511.5,1148.6,800.5,As93GgkTdt4.004.mp4,1280,720,25.0,383,extraversion,high
379,15160,left_cheek,484.4,360.5,586.7,484.5,765.5,540.6,893.4,695.7,As93GgkTdt4.004.mp4,1280,720,25.0,383,extraversion,high
379,15160,right_cheek,687.8,343.2,783.3,472.0,1019.8,518.9,1139.1,680.1,As93GgkTdt4.004.mp4,1280,720,25.0,383,extraversion,high
380,15200,left_eye,492.7,270.3,602.4,341.5,775.9,427.9,913.0,516.8,As93GgkTdt4.004.mp4,1280,720,25.0,383,extraversion,high
380,15200,right_eye,664.1,257.6,770.2,332.8,990.1,412.0,1122.7,506.0,As93GgkTdt4.004.mp4,1280,720,25.0,383,extraversion,high
380,15200,nose,596.1,312.2,682.4,433.7,905.2,480.3,1012.9,632.2,As93GgkTdt4.004.mp4,1280,720,25.0,383,extraversion,high
380,15200,mouth,588.5,456.7,693.9,516.2,895.6,660.8,1027.4,735.3,As93GgkTdt4.004.mp4,1280,720,25.0,383,extraversion,high
380,15200,forehead,465.5,200.9,791.5,464.7,741.9,341.1,1149.4,670.8,As93GgkTdt4.004.mp4,1280,720,25.0,383,extraversion,high
380,15200,chin,468.3,336.3,791.5,567.8,745.4,510.4,1149.4,799.7,As93GgkTdt4.004.mp4,1280,720,25.0,383,extraversion,high
380,15200,left_cheek,484.4,360.1,586.7,483.7,765.5,540.1,893.3,694.6,As93GgkTdt4.004.mp4,1280,720,25.0,383,extraversion,high
380,15200,right_cheek,687.8,342.3,783.3,471.2,1019.8,517.9,1139.1,679.1,As93GgkTdt4.004.mp4,1280,720,25.0,383,extraversion,high
381,15240,left_eye,493.0,269.7,602.4,340.9,776.2,427.2,913.0,516.1,As93GgkTdt4.004.mp4,1280,720,25.0,383,extraversion,high
381,15240,right_eye,664.2,257.2,770.2,332.2,990.3,411.5,1122.8,505.3,As93GgkTdt4.004.mp4,1280,720,25.0,383,extraversion,high
381,15240,nose,596.2,311.7,682.4,433.5,905.2,479.7,1013.0,631.9,As93GgkTdt4.004.mp4,1280,720,25.0,383,extraversion,high
381,15240,mouth,588.1,456.6,695.7,511.0,895.2,660.7,1029.7,728.8,As93GgkTdt4.004.mp4,1280,720,25.0,383,extraversion,high
381,15240,forehead,466.0,200.2,792.4,463.7,742.5,340.2,1150.5,669.7,As93GgkTdt4.004.mp4,1280,720,25.0,383,extraversion,high
381,15240,chin,468.9,335.7,792.4,567.0,746.1,509.6,1150.5,798.7,As93GgkTdt4.004.mp4,1280,720,25.0,383,extraversion,high
381,15240,left_cheek,484.8,359.3,586.8,482.9,766.0,539.1,893.5,693.6,As93GgkTdt4.004.mp4,1280,720,25.0,383,extraversion,high
381,15240,right_cheek,687.9,341.9,783.4,470.7,1019.8,517.3,1139.3,678.4,As93GgkTdt4.004.mp4,1280,720,25.0,383,extraversion,high
382,15280,left_eye,494.3,269.3,603.5,340.5,777.9,426.6,914.4,515.6,As93GgkTdt4.004.mp4,1280,720,25.0,383,extraversion,high
382,15280,right_eye,664.5,257.0,770.8,332.1,990.6,411.3,1123.5,505.1,As93GgkTdt4.004.mp4,1280,720,25.0,383,extraversion,high
382,15280,nose,596.5,311.4,683.0,433.3,905.7,479.3,1013.7,631.6,As93GgkTdt4.004.mp4,1280,720,25.0,383,extraversion,high
382,15280,mouth,587.0,456.1,699.5,508.2,893.7,660.2,1034.4,725.2,As93GgkTdt4.004.mp4,1280,720,25.0,383,extraversion,high
382,15280,forehead,467.7,199.8,793.3,463.7,744.7,339.8,1151.7,669.6,As93GgkTdt4.004.mp4,1280,720,25.0,383,extraversion,high
382,15280,chin,470.6,335.9,793.3,566.9,748.3,509.9,1151.7,798.7,As93GgkTdt4.004.mp4,1280,720,25.0,383,extraversion,high
382,15280,left_cheek,486.3,358.8,587.5,482.3,767.9,538.5,894.4,692.9,As93GgkTdt4.004.mp4,1280,720,25.0,383,extraversion,high
382,15280,right_cheek,688.5,341.9,784.0,470.6,1020.6,517.3,1140.0,678.2,As93GgkTdt4.004.mp4,1280,720,25.0,383,extraversion,high
