frame,timestamp_ms,aoi_name,vid_x_min,vid_y_min,vid_x_max,vid_y_max,screen_x_min,screen_y_min,screen_x_max,screen_y_max,video_file,native_width,native_height,fps,total_frames,trait,level
0,0,left_eye,506.0,248.9,624.6,336.8,792.4,401.1,940.7,511.0,69BopbFc34U.000.mp4,1280,720,29.97,459,emotional_stability,high
0,0,right_eye,683.4,266.0,784.1,344.2,1014.3,422.5,1140.2,520.2,69BopbFc34U.000.mp4,1280,720,29.97,459,emotional_stability,high
0,0,nose,602.4,314.8,699.6,444.7,913.1,483.5,1034.5,645.8,69BopbFc34U.000.mp4,1280,720,29.97,459,emotional_stability,high
0,0,mouth,579.4,465.6,696.3,510.7,884.3,672.0,1030.4,728.4,69BopbFc34U.000.mp4,1280,720,29.97,459,emotional_stability,high
0,0,forehead,467.1,197.3,791.3,453.2,743.9,336.6,1149.1,656.5,69BopbFc34U.000.mp4,1280,720,29.97,459,emotional_stability,high
0,0,chin,467.1,326.4,780.3,564.9,743.9,498.0,1135.3,796.1,69BopbFc34U.000.mp4,1280,720,29.97,459,emotional_stability,high
0,0,left_cheek,491.4,340.3,598.3,471.2,774.2,515.3,907.9,679.0,69BopbFc34U.000.mp4,1280,720,29.97,459,emotional_stability,high
0,0,right_cheek,698.3,355.7,782.5,479.9,1032.8,534.7,1138.1,689.9,69BopbFc34U.000.mp4,1280,720,29.97,459,emotional_stability,high
1,33,left_eye,506.3,248.9,624.8,336.4,792.9,401.1,941.0,510.5,69BopbFc34U.000.mp4,1280,720,29.97,459,emotional_stability,high
1,33,right_eye,683.5,265.6,784.2,344.1,1014.4,422.0,1140.2,520.1,69BopbFc34U.000.mp4,1280,720,29.97,459,emotional_stability,high
1,33,nose,602.2,314.4,699.6,444.2,912.8,483.0,1034.5,645.2,69BopbFc34U.000.mp4,1280,720,29.97,459,emotional_stability,high
1,33,mouth,579.2,465.7,696.4,510.7,884.0,672.1,1030.4,728.4,69BopbFc34U.000.mp4,1280,720,29.97,459,emotional_stability,high
1,33,forehead,468.5,196.7,791.6,452.9,745.7,335.9,1149.5,656.2,69BopbFc34U.000.mp4,1280,720,29.97,459,emotional_stability,high
1,33,chin,468.5,326.4,779.9,564.4,745.7,498.0,1134.8,795.4,69BopbFc34U.000.mp4,1280,720,29.97,459,emotional_stability,high
1,33,left_cheek,491.9,340.2,598.3,471.1,774.9,515.3,907.9,678.9,69BopbFc34U.000.mp4,1280,720,29.97,459,emotional_stability,high
1,33,right_cheek,698.3,355.2,782.3,479.5,1032.9,534.0,1137.8,689.4,69BopbFc34U.000.mp4,1280,720,29.97,459,emotional_stability,high
2,66,left_eye,506.4,248.8,624.8,336.3,793.0,401.0,941.0,510.4,69BopbFc34U.000.mp4,1280,720,29.97,459,emotional_stability,high
2,66,right_eye,683.5,265.4,784.1,344.0,1014.4,421.7,1140.2,520.0,69BopbFc34U.000.mp4,1280,720,29.97,459,emotional_stability,high
2,66,nose,602.2,314.2,699.7,444.0,912.8,482.7,1034.6,645.0,69BopbFc34U.000.mp4,1280,720,29.97,459,emotional_stability,high
2,66,mouth,579.2,465.6,696.9,510.7,884.0,672.0,1031.1,728.4,69BopbFc34U.000.mp4,1280,720,29.97,459,emotional_stability,high
2,66,forehead,469.5,196.5,791.6,452.6,746.8,335.6,1149.5,655.8,69BopbFc34U.000.mp4,1280,720,29.97,459,emotional_stability,high
2,66,chin,469.5,326.4,779.5,564.1,746.8,498.1,1134.4,795.1,69BopbFc34U.000.mp4,1280,720,29.97,459,emotional_stability,high
2,66,left_cheek,492.4,340.2,598.3,471.1,775.5,515.3,907.9,678.8,69BopbFc34U.000.mp4,1280,720,29.97,459,emotional_stability,high
2,66,right_cheek,698.4,354.8,782.1,479.2,1033.0,533.5,1137.7,689.0,69BopbFc34U.000.mp4,1280,720,29.97,459,emotional_stability,high
3,100,left_eye,506.6,248.8,624.8,336.2,793.2,401.0,941.1,510.3,69BopbFc34U.000.mp4,1280,720,29.97,459,emotional_stability,high
3,100,right_eye,683.7,265.3,784.0,343.9,1014.6,421.6,1140.1,519.8,69BopbFc34U.000.mp4,1280,720,29.97,459,emotional_stability,high
3,100,nose,602.2,314.0,699.7,443.9,912.8,482.6,1034.7,644.9,69BopbFc34U.000.mp4,1280,720,29.97,459,emotional_stability,high
3,100,mouth,579.2,465.6,697.1,510.7,884.1,672.0,1031.4,728.4,69BopbFc34U.000.mp4,1280,720,29.97,459,emotional_stability,high
3,100,forehead,469.9,196.4,791.6,452.2,747.3,335.5,1149.4,655.3,69BopbFc34U.000.mp4,1280,720,29.97,459,emotional_stability,high
3,100,chin,469.9,326.4,779.2,563.7,747.3,498.1,1134.1,794.7,69BopbFc34U.000.mp4,1280,720,29.97,459,emotional_stability,high
3,100,left_cheek,492.7,340.2,598.3,471.0,775.9,515.3,907.9,678.7,69BopbFc34U.000.mp4,1280,720,29.97,459,emotional_stability,high
3,100,right_cheek,698.5,354.5,782.0,478.9,1033.1,533.1,1137.5,688.6,69BopbFc34U.000.mp4,1280,720,29.97,459,emotional_stability,high
4,133,left_eye,506.8,248.8,624.9,336.2,793.5,401.0,941.2,510.3,69BopbFc34U.000.mp4,1280,720,29.97,459,emotional_stability,high
4,133,right_eye,683.8,265.2,784.0,343.8,1014.8,421.5,1140.0,519.8,69BopbFc34U.000.mp4,1280,720,29.97,459,emotional_stability,high
4,133,nose,602.2,314.0,699.8,443.9,912.8,482.5,1034.8,644.9,69BopbFc34U.000.mp4,1280,720,29.97,459,emotional_stability,high
4,133,mouth,579.3,465.6,697.2,510.7,884.1,672.0,1031.5,728.4,69BopbFc34U.000.mp4,1280,720,29.97,459,emotional_stability,high
4,133,forehead,470.2,196.4,791.5,451.9,747.7,335.4,1149.4,654.9,69BopbFc34U.000.mp4,1280,720,29.97,459,emotional_stability,high
4,133,chin,470.2,326.4,779.1,563.4,747.7,498.1,1133.8,794.3,69BopbFc34U.000.mp4,1280,720,29.97,459,emotional_stability,high
4,133,left_cheek,493.0,340.2,598.4,470.9,776.3,515.2,908.0,678.6,69BopbFc34U.000.mp4,1280,720,29.97,459,emotional_stability,high
4,133,right_cheek,698.5,354.3,781.9,478.6,1033.1,532.9,1137.4,688.3,69BopbFc34U.000.mp4,1280,720,29.97,459,emotional_stability,high
5,166,left_eye,506.9,248.7,625.0,335.6,793.6,400.8,941.2,509.5,69BopbFc34U.000.mp4,1280,720,29.97,459,emotional_stability,high
5,166,right_eye,683.9,264.9,784.1,343.4,1014.9,421.1,1140.2,519.3,69BopbFc34U.000.mp4,1280,720,29.97,459,emotional_stability,high
5,166,nose,602.3,313.5,699.8,443.4,912.8,481.9,1034.8,644.3,69BopbFc34U.000.mp4,1280,720,29.97,459,emotional_stability,high
5,166,mouth,579.3,465.5,697.3,510.7,884.1,671.9,1031.6,728.4,69BopbFc34U.000.mp4,1280,720,29.97,459,emotional_stability,high
5,166,forehead,470.4,196.0,791.8,451.8,748.0,335.1,1149.8,654.8,69BopbFc34U.000.mp4,1280,720,29.97,459,emotional_stability,high
5,166,chin,470.4,326.4,779.3,563.2,748.0,498.1,1134.2,794.0,69BopbFc34U.000.mp4,1280,720,29.97,459,emotional_stability,high
5,166,left_cheek,493.2,340.1,598.5,470.7,776.5,515.1,908.1,678.3,69BopbFc34U.000.mp4,1280,720,29.97,459,emotional_stability,high
5,166,right_cheek,698.6,354.0,782.0,478.4,1033.3,532.5,1137.5,687.9,69BopbFc34U.000.mp4,1280,720,29.97,459,emotional_stability,high
6,200,left_eye,507.0,248.4,625.0,335.4,793.8,400.5,941.2,509.2,69BopbFc34U.000.mp4,1280,720,29.97,459,emotional_stability,high
6,200,right_eye,684.0,264.6,784.4,343.3,1015.0,420.8,1140.5,519.2,69BopbFc34U.000.mp4,1280,720,29.97,459,emotional_stability,high
6,200,nose,602.2,313.4,699.8,443.4,912.8,481.7,1034.8,644.2,69BopbFc34U.000.mp4,1280,720,29.97,459,emotional_stability,high
6,200,mouth,579.4,465.6,697.4,510.9,884.2,671.9,1031.7,728.6,69BopbFc34U.000.mp4,1280,720,29.97,459,emotional_stability,high
6,200,forehead,470.8,195.8,792.2,451.7,748.4,334.8,1150.2,654.7,69BopbFc34U.000.mp4,1280,720,29.97,459,emotional_stability,high
6,200,chin,470.8,326.3,779.5,563.2,748.4,497.8,1134.4,794.0,69BopbFc34U.000.mp4,1280,720,29.97,459,emotional_stability,high
6,200,left_cheek,493.5,339.9,598.5,470.6,776.8,514.8,908.1,678.2,69BopbFc34U.000.mp4,1280,720,29.97,459,emotional_stability,high
6,200,right_cheek,698.6,353.9,782.1,478.3,1033.3,532.4,1137.6,687.9,69BopbFc34U.000.mp4,1280,720,29.97,459,emotional_stability,high
7,233,left_eye,507.0,248.2,625.0,335.1,793.8,400.2,941.2,508.9,69BopbFc34U.000.mp4,1280,720,29.97,459,emotional_stability,high
7,233,right_eye,683.7,264.7,784.6,343.3,1014.6,420.9,1140.7,519.1,69BopbFc34U.000.mp4,1280,720,29.97,459,emotional_stability,high
7,233,nose,602.3,313.2,699.9,442.8,912.8,481.5,1034.8,643.5,69BopbFc34U.000.mp4,1280,720,29.97,459,emotional_stability,high
7,233,mouth,579.6,465.5,697.7,510.9,884.5,671.9,1032.1,728.6,69BopbFc34U.000.mp4,1280,720,29.97,459,emotional_stability,high
7,233,forehead,471.6,195.8,792.5,451.7,749.5,334.7,1150.6,654.6,69BopbFc34U.000.mp4,1280,720,29.97,459,emotional_stability,high
7,233,chin,471.6,326.4,779.6,563.2,749.5,497.9,1134.5,794.0,69BopbFc34U.000.mp4,1280,720,29.97,459,emotional_stability,high
7,233,left_cheek,493.6,339.9,598.5,470.6,777.0,514.8,908.1,678.2,69BopbFc34U.000.mp4,1280,720,29.97,459,emotional_stability,high
7,233,right_cheek,698.7,353.9,782.0,478.3,1033.3,532.4,1137.6,687.9,69BopbFc34U.000.mp4,1280,720,29.97,459,emotional_stability,high
8,266,left_eye,507.0,247.8,625.0,334.4,793.7,399.7,941.2,508.0,69BopbFc34U.000.mp4,1280,720,29.97,459,emotional_stability,high
8,266,right_eye,683.4,264.7,784.6,343.2,1014.3,420.9,1140.7,519.0,69BopbFc34U.000.mp4,1280,720,29.97,459,emotional_stability,high
8,266,nose,602.3,312.6,700.0,441.4,912.9,480.8,1035.0,641.8,69BopbFc34U.000.mp4,1280,720,29.97,459,emotional_stability,high
8,266,mouth,579.7,464.4,697.9,510.6,884.6,670.5,1032.3,728.3,69BopbFc34U.000.mp4,1280,720,29.97,459,emotional_stability,high
8,266,forehead,471.7,195.8,792.5,451.5,749.6,334.7,1150.6,654.4,69BopbFc34U.000.mp4,1280,720,29.97,459,emotional_stability,high
8,266,chin,471.7,326.4,779.5,562.8,749.6,498.0,1134.3,793.5,69BopbFc34U.000.mp4,1280,720,29.97,459,emotional_stability,high
8,266,left_cheek,493.7,339.6,598.5,470.1,777.1,514.6,908.1,677.6,69BopbFc34U.000.mp4,1280,720,29.97,459,emotional_stability,high
8,266,right_cheek,698.7,353.9,781.9,477.8,1033.3,532.3,1137.4,687.3,69BopbFc34U.000.mp4,1280,720,29.97,459,emotional_stability,high
9,300,left_eye,506.9,247.4,624.7,334.1,793.6,399.2,940.9,507.7,69BopbFc34U.000.mp4,1280,720,29.97,459,emotional_stability,high
9,300,right_eye,682.9,264.7,784.6,343.1,1013.6,420.9,1140.7,518.9,69BopbFc34U.000.mp4,1280,720,29.97,459,emotional_stability,high
9,300,nose,602.3,312.4,699.9,441.4,912.9,480.5,1034.8,641.7,69BopbFc34U.000.mp4,1280,720,29.97,459,emotional_stability,high
9,300,mouth,579.7,464.3,697.9,510.3,884.6,670.4,1032.3,727.9,69BopbFc34U.000.mp4,1280,720,29.97,459,emotional_stability,high
9,300,forehead,471.7,195.7,792.5,451.4,749.6,334.6,1150.6,654.2,69BopbFc34U.000.mp4,1280,720,29.97,459,emotional_stability,high
9,300,chin,471.7,326.2,779.5,562.6,749.6,497.8,1134.4,793.2,69BopbFc34U.000.mp4,1280,720,29.97,459,emotional_stability,high
9,300,left_cheek,493.7,339.3,598.3,469.7,777.1,514.2,907.9,677.1,69BopbFc34U.000.mp4,1280,720,29.97,459,emotional_stability,high
9,300,right_cheek,698.5,353.8,781.8,477.7,1033.2,532.3,1137.3,687.2,69BopbFc34U.000.mp4,1280,720,29.97,459,emotional_stability,high
10,333,left_eye,506.7,247.2,624.4,334.0,793.3,399.0,940.5,507.5,69BopbFc34U.000.mp4,1280,720,29.97,459,emotional_stability,high
10,333,right_eye,682.5,264.7,784.5,343.1,1013.1,420.9,1140.6,518.8,69BopbFc34U.000.mp4,1280,720,29.97,459,emotional_stability,high
10,333,nose,602.2,312.3,699.6,441.2,912.7,480.3,1034.5,641.5,69BopbFc34U.000.mp4,1280,720,29.97,459,emotional_stability,high
10,333,mouth,579.6,464.2,697.9,510.1,884.5,670.2,1032.3,727.6,69BopbFc34U.000.mp4,1280,720,29.97,459,emotional_stability,high
10,333,forehead,471.7,195.6,792.5,451.3,749.6,334.6,1150.6,654.1,69BopbFc34U.000.mp4,1280,720,29.97,459,emotional_stability,high
10,333,chin,471.7,326.2,779.5,562.4,749.6,497.8,1134.3,793.0,69BopbFc34U.000.mp4,1280,720,29.97,459,emotional_stability,high
10,333,left_cheek,493.6,339.2,598.1,469.5,777.0,514.0,907.6,676.9,69BopbFc34U.000.mp4,1280,720,29.97,459,emotional_stability,high
10,333,right_cheek,698.3,353.8,781.7,477.7,1032.9,532.3,1137.1,687.1,69BopbFc34U.000.mp4,1280,720,29.97,459,emotional_stability,high
11,367,left_eye,506.7,247.1,624.4,333.8,793.4,398.9,940.5,507.3,69BopbFc34U.000.mp4,1280,720,29.97,459,emotional_stability,high
11,367,right_eye,682.3,264.7,784.6,343.0,1012.9,420.9,1140.8,518.7,69BopbFc34U.000.mp4,1280,720,29.97,459,emotional_stability,high
11,367,nose,602.2,312.1,699.6,441.0,912.7,480.1,1034.5,641.3,69BopbFc34U.000.mp4,1280,720,29.97,459,emotional_stability,high
11,367,mouth,579.6,464.0,698.0,509.8,884.5,670.0,1032.4,727.3,69BopbFc34U.000.mp4,1280,720,29.97,459,emotional_stability,high
11,367,forehead,472.3,195.6,792.9,451.3,750.3,334.5,1151.1,654.1,69BopbFc34U.000.mp4,1280,720,29.97,459,emotional_stability,high
11,367,chin,472.3,326.2,780.1,562.2,750.3,497.7,1135.1,792.8,69BopbFc34U.000.mp4,1280,720,29.97,459,emotional_stability,high
11,367,left_cheek,493.7,339.1,598.1,469.3,777.1,513.8,907.6,676.7,69BopbFc34U.000.mp4,1280,720,29.97,459,emotional_stability,high
11,367,right_cheek,698.3,353.8,781.7,477.6,1032.9,532.2,1137.1,687.0,69BopbFc34U.000.mp4,1280,720,29.97,459,emotional_stability,high
12,400,left_eye,506.4,247.0,624.0,333.7,793.0,398.8,939.9,507.1,69BopbFc34U.000.mp4,1280,720,29.97,459,emotional_stability,high
12,400,right_eye,682.1,264.7,784.6,342.8,1012.7,420.9,1140.8,518.5,69BopbFc34U.000.mp4,1280,720,29.97,459,emotional_stability,high
12,400,nose,601.8,312.0,698.9,441.1,912.3,480.0,1033.6,641.3,69BopbFc34U.000.mp4,1280,720,29.97,459,emotional_stability,high
12,400,mouth,579.5,464.0,697.9,509.8,884.3,670.0,1032.4,727.3,69BopbFc34U.000.mp4,1280,720,29.97,459,emotional_stability,high
12,400,forehead,472.2,195.5,793.0,451.2,750.3,334.4,1151.2,654.0,69BopbFc34U.000.mp4,1280,720,29.97,459,emotional_stability,high
12,400,chin,472.2,326.0,780.5,562.3,750.3,497.6,1135.6,792.8,69BopbFc34U.000.mp4,1280,720,29.97,459,emotional_stability,high
12,400,left_cheek,493.6,338.9,597.8,469.3,777.0,513.7,907.2,676.6,69BopbFc34U.000.mp4,1280,720,29.97,459,emotional_stability,high
12,400,right_cheek,698.0,353.7,781.7,477.6,1032.5,532.2,1137.1,687.0,69BopbFc34U.000.mp4,1280,720,29.97,459,emotional_stability,high
13,433,left_eye,506.5,247.0,624.0,333.5,793.1,398.8,940.0,506.8,69BopbFc34U.000.mp4,1280,720,29.97,459,emotional_stability,high
13,433,right_eye,682.1,264.7,785.3,342.6,1012.7,420.9,1141.6,518.2,69BopbFc34U.000.mp4,1280,720,29.97,459,emotional_stability,high
13,433,nose,601.8,311.9,698.9,441.1,912.3,479.8,1033.6,641.4,69BopbFc34U.000.mp4,1280,720,29.97,459,emotional_stability,high
13,433,mouth,579.6,463.9,698.4,509.7,884.5,669.9,1033.0,727.2,69BopbFc34U.000.mp4,1280,720,29.97,459,emotional_stability,high
13,433,forehead,472.7,195.5,794.3,451.2,750.9,334.4,1152.9,654.0,69BopbFc34U.000.mp4,1280,720,29.97,459,emotional_stability,high
13,433,chin,472.8,325.9,782.3,562.3,751.0,497.4,1137.9,792.8,69BopbFc34U.000.mp4,1280,720,29.97,459,emotional_stability,high
13,433,left_cheek,493.8,338.8,597.8,469.2,777.2,513.5,907.3,676.5,69BopbFc34U.000.mp4,1280,720,29.97,459,emotional_stability,high
13,433,right_cheek,698.1,353.6,782.5,477.5,1032.6,532.0,1138.1,686.9,69BopbFc34U.000.mp4,1280,720,29.97,459,emotional_stability,high
14,467,left_eye,506.9,247.0,624.2,333.4,793.6,398.8,940.2,506.7,69BopbFc34U.000.mp4,1280,720,29.97,459,emotional_stability,high
14,467,right_eye,682.5,264.7,786.0,342.5,1013.1,420.9,1142.5,518.1,69BopbFc34U.000.mp4,1280,720,29.97,459,emotional_stability,high
14,467,nose,602.0,311.9,699.0,441.1,912.5,479.8,1033.8,641.4,69BopbFc34U.000.mp4,1280,720,29.97,459,emotional_stability,high
14,467,mouth,580.1,464.0,699.0,509.8,885.1,670.0,1033.8,727.2,69BopbFc34U.000.mp4,1280,720,29.97,459,emotional_stability,high
14,467,forehead,473.4,195.5,795.3,451.2,751.8,334.4,1154.1,654.0,69BopbFc34U.000.mp4,1280,720,29.97,459,emotional_stability,high
14,467,chin,473.6,325.8,783.6,562.3,752.0,497.3,1139.5,792.8,69BopbFc34U.000.mp4,1280,720,29.97,459,emotional_stability,high
14,467,left_cheek,494.3,338.7,598.1,469.2,777.8,513.4,907.6,676.5,69BopbFc34U.000.mp4,1280,720,29.97,459,emotional_stability,high
14,467,right_cheek,698.3,353.6,783.3,477.5,1032.9,532.0,1139.1,686.9,69BopbFc34U.000.mp4,1280,720,29.97,459,emotional_stability,high
15,500,left_eye,507.5,247.0,624.5,333.3,794.3,398.8,940.6,506.7,69BopbFc34U.000.mp4,1280,720,29.97,459,emotional_stability,high
15,500,right_eye,683.0,264.9,786.5,342.5,1013.7,421.1,1143.1,518.1,69BopbFc34U.000.mp4,1280,720,29.97,459,emotional_stability,high
15,500,nose,602.4,311.9,699.3,441.1,913.0,479.8,1034.2,641.4,69BopbFc34U.000.mp4,1280,720,29.97,459,emotional_stability,high
15,500,mouth,581.1,464.1,699.8,509.7,886.4,670.1,1034.7,727.2,69BopbFc34U.000.mp4,1280,720,29.97,459,emotional_stability,high
15,500,forehead,474.2,195.6,795.8,451.2,752.8,334.5,1154.7,654.0,69BopbFc34U.000.mp4,1280,720,29.97,459,emotional_stability,high
15,500,chin,474.4,325.8,784.3,562.3,753.0,497.3,1140.4,792.8,69BopbFc34U.000.mp4,1280,720,29.97,459,emotional_stability,high
15,500,left_cheek,495.0,338.7,598.6,469.1,778.7,513.3,908.3,676.4,69BopbFc34U.000.mp4,1280,720,29.97,459,emotional_stability,high
15,500,right_cheek,698.7,353.6,783.9,477.5,1033.4,532.0,1139.9,686.9,69BopbFc34U.000.mp4,1280,720,29.97,459,emotional_stability,high
16,533,left_eye,507.7,247.0,624.7,333.3,794.7,398.8,940.9,506.7,69BopbFc34U.000.mp4,1280,720,29.97,459,emotional_stability,high
16,533,right_eye,683.4,264.9,786.8,342.4,1014.3,421.2,1143.6,518.0,69BopbFc34U.000.mp4,1280,720,29.97,459,emotional_stability,high
16,533,nose,602.7,311.9,699.7,441.1,913.4,479.8,1034.6,641.4,69BopbFc34U.000.mp4,1280,720,29.97,459,emotional_stability,high
16,533,mouth,581.6,464.1,700.2,509.7,887.0,670.1,1035.3,727.2,69BopbFc34U.000.mp4,1280,720,29.97,459,emotional_stability,high
16,533,forehead,474.4,195.6,796.0,451.1,753.0,334.6,1155.1,653.9,69BopbFc34U.000.mp4,1280,720,29.97,459,emotional_stability,high
16,533,chin,474.6,325.8,784.6,562.3,753.2,497.3,1140.8,792.8,69BopbFc34U.000.mp4,1280,720,29.97,459,emotional_stability,high
16,533,left_cheek,495.2,338.7,598.9,469.1,779.1,513.3,908.7,676.4,69BopbFc34U.000.mp4,1280,720,29.97,459,emotional_stability,high
16,533,right_cheek,699.1,353.6,784.3,477.5,1033.8,532.0,1140.4,686.9,69BopbFc34U.000.mp4,1280,720,29.97,459,emotional_stability,high
17,567,left_eye,507.8,247.0,624.8,333.3,794.8,398.8,941.0,506.7,69BopbFc34U.000.mp4,1280,720,29.97,459,emotional_stability,high
17,567,right_eye,683.6,264.9,787.0,342.4,1014.5,421.2,1143.8,518.0,69BopbFc34U.000.mp4,1280,720,29.97,459,emotional_stability,high
17,567,nose,602.9,311.9,699.9,441.2,913.6,479.8,1034.8,641.4,69BopbFc34U.000.mp4,1280,720,29.97,459,emotional_stability,high
17,567,mouth,581.9,464.1,700.5,509.7,887.3,670.1,1035.6,727.2,69BopbFc34U.000.mp4,1280,720,29.97,459,emotional_stability,high
17,567,forehead,474.5,195.7,796.1,451.1,753.1,334.6,1155.1,653.8,69BopbFc34U.000.mp4,1280,720,29.97,459,emotional_stability,high
17,567,chin,474.7,325.8,784.8,562.2,753.3,497.3,1141.0,792.8,69BopbFc34U.000.mp4,1280,720,29.97,459,emotional_stability,high
17,567,left_cheek,495.4,338.7,599.1,469.1,779.2,513.3,908.9,676.4,69BopbFc34U.000.mp4,1280,720,29.97,459,emotional_stability,high
17,567,right_cheek,699.3,353.5,784.5,477.5,1034.1,531.9,1140.7,686.8,69BopbFc34U.000.mp4,1280,720,29.97,459,emotional_stability,high
18,600,left_eye,507.9,247.0,624.9,333.3,794.9,398.8,941.1,506.7,69BopbFc34U.000.mp4,1280,720,29.97,459,emotional_stability,high
18,600,right_eye,683.7,264.9,787.1,342.4,1014.7,421.2,1143.9,518.0,69BopbFc34U.000.mp4,1280,720,29.97,459,emotional_stability,high
18,600,nose,603.0,311.9,700.0,441.1,913.7,479.8,1035.1,641.4,69BopbFc34U.000.mp4,1280,720,29.97,459,emotional_stability,high
18,600,mouth,582.1,464.1,700.6,509.7,887.6,670.1,1035.7,727.2,69BopbFc34U.000.mp4,1280,720,29.97,459,emotional_stability,high
18,600,forehead,474.6,195.7,796.2,451.0,753.2,334.6,1155.2,653.8,69BopbFc34U.000.mp4,1280,720,29.97,459,emotional_stability,high
18,600,chin,474.7,325.8,784.7,562.2,753.4,497.3,1140.9,792.8,69BopbFc34U.000.mp4,1280,720,29.97,459,emotional_stability,high
18,600,left_cheek,495.5,338.7,599.2,469.1,779.3,513.3,909.0,676.4,69BopbFc34U.000.mp4,1280,720,29.97,459,emotional_stability,high
18,600,right_cheek,699.4,353.5,784.6,477.4,1034.3,531.9,1140.8,686.8,69BopbFc34U.000.mp4,1280,720,29.97,459,emotional_stability,high
19,633,left_eye,507.9,247.0,624.9,333.4,794.9,398.8,941.1,506.7,69BopbFc34U.000.mp4,1280,720,29.97,459,emotional_stability,high
19,633,right_eye,683.8,264.9,787.4,342.4,1014.7,421.2,1144.2,518.0,69BopbFc34U.000.mp4,1280,720,29.97,459,emotional_stability,high
19,633,nose,603.0,311.9,700.1,441.4,913.8,479.8,1035.1,641.7,69BopbFc34U.000.mp4,1280,720,29.97,459,emotional_stability,high
19,633,mouth,582.2,464.4,700.7,509.8,887.8,670.4,1035.9,727.2,69BopbFc34U.000.mp4,1280,720,29.97,459,emotional_stability,high
19,633,forehead,474.6,195.7,796.5,451.0,753.2,334.6,1155.6,653.8,69BopbFc34U.000.mp4,1280,720,29.97,459,emotional_stability,high
19,633,chin,474.8,325.9,785.2,562.3,753.4,497.3,1141.5,792.9,69BopbFc34U.000.mp4,1280,720,29.97,459,emotional_stability,high
19,633,left_cheek,495.5,338.7,599.3,469.2,779.4,513.4,909.1,676.5,69BopbFc34U.000.mp4,1280,720,29.97,459,emotional_stability,high
19,633,right_cheek,699.5,353.5,784.9,477.5,1034.4,531.9,1141.1,686.9,69BopbFc34U.000.mp4,1280,720,29.97,459,emotional_stability,high
20,667,left_eye,507.9,247.0,624.9,333.4,794.9,398.8,941.1,506.7,69BopbFc34U.000.mp4,1280,720,29.97,459,emotional_stability,high
20,667,right_eye,683.9,264.9,787.5,342.4,1014.9,421.1,1144.4,518.0,69BopbFc34U.000.mp4,1280,720,29.97,459,emotional_stability,high
20,667,nose,603.1,311.9,700.2,441.4,913.8,479.8,1035.2,641.8,69BopbFc34U.000.mp4,1280,720,29.97,459,emotional_stability,high
20,667,mouth,582.2,464.4,700.9,509.9,887.7,670.5,1036.1,727.4,69BopbFc34U.000.mp4,1280,720,29.97,459,emotional_stability,high
20,667,forehead,474.6,195.7,796.6,451.0,753.2,334.6,1155.8,653.8,69BopbFc34U.000.mp4,1280,720,29.97,459,emotional_stability,high
20,667,chin,474.7,325.9,785.3,562.3,753.4,497.4,1141.7,792.9,69BopbFc34U.000.mp4,1280,720,29.97,459,emotional_stability,high
20,667,left_cheek,495.5,338.7,599.3,469.2,779.4,513.4,909.1,676.5,69BopbFc34U.000.mp4,1280,720,29.97,459,emotional_stability,high
20,667,right_cheek,699.6,353.5,785.0,477.5,1034.5,531.9,1141.3,686.9,69BopbFc34U.000.mp4,1280,720,29.97,459,emotional_stability,high
21,700,left_eye,507.9,247.0,624.9,333.4,794.9,398.7,941.2,506.8,69BopbFc34U.000.mp4,1280,720,29.97,459,emotional_stability,high
21,700,right_eye,683.9,264.9,787.6,342.4,1014.9,421.1,1144.5,518.0,69BopbFc34U.000.mp4,1280,720,29.97,459,emotional_stability,high
21,700,nose,603.1,311.9,700.2,441.5,913.9,479.8,1035.3,641.8,69BopbFc34U.000.mp4,1280,720,29.97,459,emotional_stability,high
21,700,mouth,582.2,464.5,700.9,510.0,887.7,670.6,1036.2,727.4,69BopbFc34U.000.mp4,1280,720,29.97,459,emotional_stability,high
21,700,forehead,474.5,195.7,796.7,451.0,753.2,334.6,1155.9,653.8,69BopbFc34U.000.mp4,1280,720,29.97,459,emotional_stability,high
21,700,chin,474.7,325.9,785.4,562.3,753.3,497.4,1141.8,792.9,69BopbFc34U.000.mp4,1280,720,29.97,459,emotional_stability,high
21,700,left_cheek,495.5,338.7,599.3,469.2,779.4,513.4,909.1,676.5,69BopbFc34U.000.mp4,1280,720,29.97,459,emotional_stability,high
21,700,right_cheek,699.7,353.5,785.2,477.5,1034.6,531.9,1141.4,686.9,69BopbFc34U.000.mp4,1280,720,29.97,459,emotional_stability,high
22,734,left_eye,507.9,247.0,624.9,333.4,794.9,398.7,941.2,506.8,69BopbFc34U.000.mp4,1280,720,29.97,459,emotional_stability,high
22,734,right_eye,684.0,264.9,787.6,342.4,1015.0,421.1,1144.5,518.0,69BopbFc34U.000.mp4,1280,720,29.97,459,emotional_stability,high
22,734,nose,603.1,311.9,700.2,441.5,913.9,479.8,1035.3,641.9,69BopbFc34U.000.mp4,1280,720,29.97,459,emotional_stability,high
22,734,mouth,582.1,464.5,701.0,510.0,887.7,670.6,1036.2,727.4,69BopbFc34U.000.mp4,1280,720,29.97,459,emotional_stability,high
22,734,forehead,474.5,195.7,796.8,451.1,753.1,334.6,1156.0,653.8,69BopbFc34U.000.mp4,1280,720,29.97,459,emotional_stability,high
22,734,chin,474.7,325.9,785.5,562.4,753.3,497.4,1141.9,792.9,69BopbFc34U.000.mp4,1280,720,29.97,459,emotional_stability,high
22,734,left_cheek,495.5,338.7,599.3,469.2,779.4,513.4,909.1,676.5,69BopbFc34U.000.mp4,1280,720,29.97,459,emotional_stability,high
22,734,right_cheek,699.7,353.5,785.2,477.6,1034.6,531.9,1141.5,686.9,69BopbFc34U.000.mp4,1280,720,29.97,459,emotional_stability,high
23,767,left_eye,507.9,246.9,625.0,333.4,794.9,398.6,941.2,506.8,69BopbFc34U.000.mp4,1280,720,29.97,459,emotional_stability,high
23,767,right_eye,684.0,264.9,787.6,342.3,1015.0,421.1,1144.5,517.9,69BopbFc34U.000.mp4,1280,720,29.97,459,emotional_stability,high
23,767,nose,603.1,311.8,700.2,441.5,913.9,479.8,1035.3,641.8,69BopbFc34U.000.mp4,1280,720,29.97,459,emotional_stability,high
23,767,mouth,582.1,464.3,701.0,509.9,887.6,670.4,1036.2,727.4,69BopbFc34U.000.mp4,1280,720,29.97,459,emotional_stability,high
23,767,forehead,474.5,195.7,796.8,450.8,753.1,334.6,1156.0,653.5,69BopbFc34U.000.mp4,1280,720,29.97,459,emotional_stability,high
23,767,chin,474.7,325.8,785.4,562.2,753.3,497.3,1141.7,792.8,69BopbFc34U.000.mp4,1280,720,29.97,459,emotional_stability,high
23,767,left_cheek,495.5,338.7,599.3,469.1,779.4,513.4,909.1,676.3,69BopbFc34U.000.mp4,1280,720,29.97,459,emotional_stability,high
23,767,right_cheek,699.7,353.5,785.2,477.4,1034.6,531.8,1141.5,686.8,69BopbFc34U.000.mp4,1280,720,29.97,459,emotional_stability,high
24,800,left_eye,507.9,246.9,625.0,333.4,794.9,398.6,941.2,506.7,69BopbFc34U.000.mp4,1280,720,29.97,459,emotional_stability,high
24,800,right_eye,684.0,264.9,787.6,342.3,1015.0,421.1,1144.5,517.9,69BopbFc34U.000.mp4,1280,720,29.97,459,emotional_stability,high
24,800,nose,603.1,311.7,700.2,441.2,913.9,479.6,1035.3,641.5,69BopbFc34U.000.mp4,1280,720,29.97,459,emotional_stability,high
24,800,mouth,582.1,464.0,701.0,509.7,887.6,670.0,1036.2,727.1,69BopbFc34U.000.mp4,1280,720,29.97,459,emotional_stability,high
24,800,forehead,474.5,195.6,796.7,450.9,753.1,334.5,1155.9,653.6,69BopbFc34U.000.mp4,1280,720,29.97,459,emotional_stability,high
24,800,chin,474.6,325.8,785.3,562.2,753.3,497.3,1141.7,792.8,69BopbFc34U.000.mp4,1280,720,29.97,459,emotional_stability,high
24,800,left_cheek,495.5,338.7,599.3,469.1,779.3,513.3,909.1,676.3,69BopbFc34U.000.mp4,1280,720,29.97,459,emotional_stability,high
24,800,right_cheek,699.7,353.4,785.2,477.4,1034.6,531.7,1141.5,686.7,69BopbFc34U.000.mp4,1280,720,29.97,459,emotional_stability,high
25,834,left_eye,507.9,246.9,625.0,333.2,794.9,398.6,941.3,506.5,69BopbFc34U.000.mp4,1280,720,29.97,459,emotional_stability,high
25,834,right_eye,684.0,264.7,787.6,342.2,1015.0,420.9,1144.5,517.8,69BopbFc34U.000.mp4,1280,720,29.97,459,emotional_stability,high
25,834,nose,603.2,311.6,700.2,441.0,914.0,479.5,1035.3,641.3,69BopbFc34U.000.mp4,1280,720,29.97,459,emotional_stability,high
25,834,mouth,582.1,463.6,700.9,509.5,887.6,669.5,1036.2,726.9,69BopbFc34U.000.mp4,1280,720,29.97,459,emotional_stability,high
25,834,forehead,474.5,195.5,796.7,450.8,753.1,334.3,1155.9,653.6,69BopbFc34U.000.mp4,1280,720,29.97,459,emotional_stability,high
25,834,chin,474.6,325.8,785.2,562.2,753.3,497.3,1141.6,792.8,69BopbFc34U.000.mp4,1280,720,29.97,459,emotional_stability,high
25,834,left_cheek,495.5,338.6,599.3,469.0,779.3,513.2,909.1,676.2,69BopbFc34U.000.mp4,1280,720,29.97,459,emotional_stability,high
25,834,right_cheek,699.7,353.3,785.2,477.3,1034.6,531.7,1141.4,686.6,69BopbFc34U.000.mp4,1280,720,29.97,459,emotional_stability,high
26,867,left_eye,507.9,246.8,625.0,333.2,794.9,398.5,941.3,506.5,69BopbFc34U.000.mp4,1280,720,29.97,459,emotional_stability,high
26,867,right_eye,684.0,264.6,787.6,342.2,1015.0,420.7,1144.5,517.7,69BopbFc34U.000.mp4,1280,720,29.97,459,emotional_stability,high
26,867,nose,603.2,311.5,700.3,440.7,914.0,479.3,1035.4,640.9,69BopbFc34U.000.mp4,1280,720,29.97,459,emotional_stability,high
26,867,mouth,582.1,463.2,700.9,509.4,887.6,669.0,1036.2,726.8,69BopbFc34U.000.mp4,1280,720,29.97,459,emotional_stability,high
26,867,forehead,474.5,195.4,796.7,450.8,753.1,334.2,1155.9,653.6,69BopbFc34U.000.mp4,1280,720,29.97,459,emotional_stability,high
26,867,chin,474.6,325.8,785.2,562.2,753.3,497.3,1141.5,792.7,69BopbFc34U.000.mp4,1280,720,29.97,459,emotional_stability,high
26,867,left_cheek,495.5,338.5,599.3,468.9,779.3,513.2,909.2,676.2,69BopbFc34U.000.mp4,1280,720,29.97,459,emotional_stability,high
26,867,right_cheek,699.8,353.3,785.1,477.2,1034.7,531.6,1141.4,686.5,69BopbFc34U.000.mp4,1280,720,29.97,459,emotional_stability,high
27,900,left_eye,507.9,246.8,625.0,333.2,794.9,398.5,941.3,506.5,69BopbFc34U.000.mp4,1280,720,29.97,459,emotional_stability,high
27,900,right_eye,684.0,264.5,787.7,342.2,1015.0,420.7,1144.7,517.7,69BopbFc34U.000.mp4,1280,720,29.97,459,emotional_stability,high
27,900,nose,603.3,311.5,700.3,440.7,914.1,479.3,1035.4,640.9,69BopbFc34U.000.mp4,1280,720,29.97,459,emotional_stability,high
27,900,mouth,582.2,463.2,700.9,509.4,887.8,669.0,1036.2,726.8,69BopbFc34U.000.mp4,1280,720,29.97,459,emotional_stability,high
27,900,forehead,474.4,195.4,796.8,451.0,753.1,334.2,1156.0,653.7,69BopbFc34U.000.mp4,1280,720,29.97,459,emotional_stability,high
27,900,chin,474.6,326.0,785.3,562.3,753.2,497.4,1141.6,792.8,69BopbFc34U.000.mp4,1280,720,29.97,459,emotional_stability,high
27,900,left_cheek,495.5,338.6,599.4,469.0,779.3,513.2,909.2,676.2,69BopbFc34U.000.mp4,1280,720,29.97,459,emotional_stability,high
27,900,right_cheek,699.8,353.3,785.2,477.2,1034.7,531.6,1141.4,686.5,69BopbFc34U.000.mp4,1280,720,29.97,459,emotional_stability,high
28,934,left_eye,508.0,246.8,625.1,333.1,794.9,398.5,941.4,506.4,69BopbFc34U.000.mp4,1280,720,29.97,459,emotional_stability,high
28,934,right_eye,684.1,264.5,787.8,342.2,1015.1,420.6,1144.7,517.7,69BopbFc34U.000.mp4,1280,720,29.97,459,emotional_stability,high
28,934,nose,603.3,311.4,700.3,440.7,914.1,479.3,1035.4,640.9,69BopbFc34U.000.mp4,1280,720,29.97,459,emotional_stability,high
28,934,mouth,582.2,463.2,700.9,509.5,887.8,669.0,1036.2,726.8,69BopbFc34U.000.mp4,1280,720,29.97,459,emotional_stability,high
28,934,forehead,474.4,195.3,796.8,451.0,753.0,334.1,1156.0,653.7,69BopbFc34U.000.mp4,1280,720,29.97,459,emotional_stability,high
28,934,chin,474.6,325.9,785.3,562.3,753.2,497.4,1141.6,792.8,69BopbFc34U.000.mp4,1280,720,29.97,459,emotional_stability,high
28,934,left_cheek,495.5,338.5,599.4,469.0,779.3,513.1,909.2,676.2,69BopbFc34U.000.mp4,1280,720,29.97,459,emotional_stability,high
28,934,right_cheek,699.8,353.3,785.2,477.2,1034.7,531.6,1141.5,686.6,69BopbFc34U.000.mp4,1280,720,29.97,459,emotional_stability,high
29,967,left_eye,508.0,246.8,625.2,333.1,795.0,398.5,941.5,506.4,69BopbFc34U.000.mp4,1280,720,29.97,459,emotional_stability,high
29,967,right_eye,684.1,264.5,787.8,342.2,1015.2,420.6,1144.8,517.7,69BopbFc34U.000.mp4,1280,720,29.97,459,emotional_stability,high
29,967,nose,603.3,311.4,700.3,440.7,914.1,479.3,1035.4,640.8,69BopbFc34U.000.mp4,1280,720,29.97,459,emotional_stability,high
29,967,mouth,582.2,463.1,700.9,509.5,887.8,668.9,1036.1,726.9,69BopbFc34U.000.mp4,1280,720,29.97,459,emotional_stability,high
29,967,forehead,474.4,195.2,796.8,451.0,753.0,334.0,1156.1,653.8,69BopbFc34U.000.mp4,1280,720,29.97,459,emotional_stability,high
29,967,chin,474.6,325.9,785.3,562.3,753.2,497.4,1141.6,792.8,69BopbFc34U.000.mp4,1280,720,29.97,459,emotional_stability,high
29,967,left_cheek,495.5,338.5,599.4,469.0,779.4,513.1,909.3,676.2,69BopbFc34U.000.mp4,1280,720,29.97,459,emotional_stability,high
29,967,right_cheek,699.8,353.3,785.2,477.3,1034.8,531.6,1141.5,686.6,69BopbFc34U.000.mp4,1280,720,29.97,459,emotional_stability,high
30,1001,left_eye,508.0,246.5,625.2,332.8,795.0,398.1,941.5,506.0,69BopbFc34U.000.mp4,1280,720,29.97,459,emotional_stability,high
30,1001,right_eye,684.2,264.4,787.8,341.9,1015.3,420.5,1144.8,517.3,69BopbFc34U.000.mp4,1280,720,29.97,459,emotional_stability,high
30,1001,nose,603.3,311.2,700.4,440.4,914.1,479.0,1035.5,640.5,69BopbFc34U.000.mp4,1280,720,29.97,459,emotional_stability,high
30,1001,mouth,582.2,463.1,700.9,509.5,887.8,668.9,1036.1,726.8,69BopbFc34U.000.mp4,1280,720,29.97,459,emotional_stability,high
30,1001,forehead,474.4,195.1,796.8,450.9,753.0,333.8,1156.0,653.7,69BopbFc34U.000.mp4,1280,720,29.97,459,emotional_stability,high
30,1001,chin,474.6,325.7,785.3,562.2,753.2,497.2,1141.6,792.8,69BopbFc34U.000.mp4,1280,720,29.97,459,emotional_stability,high
30,1001,left_cheek,495.5,338.3,599.4,468.9,779.4,512.9,909.3,676.1,69BopbFc34U.000.mp4,1280,720,29.97,459,emotional_stability,high
30,1001,right_cheek,699.9,353.1,785.2,477.1,1034.8,531.4,1141.5,686.4,69BopbFc34U.000.mp4,1280,720,29.97,459,emotional_stability,high
31,1034,left_eye,508.0,246.3,625.3,332.6,795.1,397.9,941.6,505.8,69BopbFc34U.000.mp4,1280,720,29.97,459,emotional_stability,high
31,1034,right_eye,684.3,264.3,787.9,341.7,1015.3,420.3,1144.8,517.2,69BopbFc34U.000.mp4,1280,720,29.97,459,emotional_stability,high
31,1034,nose,603.3,311.1,700.4,440.4,914.1,478.9,1035.5,640.5,69BopbFc34U.000.mp4,1280,720,29.97,459,emotional_stability,high
31,1034,mouth,582.2,463.1,700.9,509.5,887.8,668.9,1036.1,726.8,69BopbFc34U.000.mp4,1280,720,29.97,459,emotional_stability,high
31,1034,forehead,474.4,194.9,796.8,450.8,753.0,333.6,1156.1,653.5,69BopbFc34U.000.mp4,1280,720,29.97,459,emotional_stability,high
31,1034,chin,474.6,325.5,785.3,562.2,753.2,496.8,1141.6,792.8,69BopbFc34U.000.mp4,1280,720,29.97,459,emotional_stability,high
31,1034,left_cheek,495.5,338.1,599.5,468.8,779.4,512.6,909.3,676.0,69BopbFc34U.000.mp4,1280,720,29.97,459,emotional_stability,high
31,1034,right_cheek,699.9,353.0,785.2,477.1,1034.9,531.2,1141.5,686.4,69BopbFc34U.000.mp4,1280,720,29.97,459,emotional_stability,high
32,1067,left_eye,508.0,246.3,625.3,332.7,795.0,397.9,941.6,505.9,69BopbFc34U.000.mp4,1280,720,29.97,459,emotional_stability,high
32,1067,right_eye,684.3,264.2,787.8,341.8,1015.3,420.3,1144.8,517.2,69BopbFc34U.000.mp4,1280,720,29.97,459,emotional_stability,high
32,1067,nose,603.2,311.1,700.4,440.6,914.1,478.9,1035.5,640.8,69BopbFc34U.000.mp4,1280,720,29.97,459,emotional_stability,high
32,1067,mouth,582.1,463.3,700.7,510.6,887.6,669.1,1035.9,728.2,69BopbFc34U.000.mp4,1280,720,29.97,459,emotional_stability,high
32,1067,forehead,474.3,194.8,796.8,450.8,752.9,333.5,1156.0,653.5,69BopbFc34U.000.mp4,1280,720,29.97,459,emotional_stability,high
32,1067,chin,474.5,325.4,785.2,562.5,753.1,496.8,1141.5,793.1,69BopbFc34U.000.mp4,1280,720,29.97,459,emotional_stability,high
32,1067,left_cheek,495.5,338.1,599.5,469.2,779.3,512.6,909.3,676.5,69BopbFc34U.000.mp4,1280,720,29.97,459,emotional_stability,high
32,1067,right_cheek,699.9,353.0,785.1,477.3,1034.8,531.2,1141.4,686.6,69BopbFc34U.000.mp4,1280,720,29.97,459,emotional_stability,high
33,1101,left_eye,507.7,246.3,625.0,332.7,794.6,397.9,941.2,505.9,69BopbFc34U.000.mp4,1280,720,29.97,459,emotional_stability,high
33,1101,right_eye,684.0,264.2,787.3,341.8,1014.9,420.2,1144.1,517.2,69BopbFc34U.000.mp4,1280,720,29.97,459,emotional_stability,high
33,1101,nose,602.6,311.2,699.9,440.8,913.2,478.9,1034.9,641.0,69BopbFc34U.000.mp4,1280,720,29.97,459,emotional_stability,high
33,1101,mouth,581.1,463.6,699.3,511.8,886.4,669.5,1034.2,729.8,69BopbFc34U.000.mp4,1280,720,29.97,459,emotional_stability,high
33,1101,forehead,473.6,194.8,795.9,450.8,752.0,333.5,1154.9,653.5,69BopbFc34U.000.mp4,1280,720,29.97,459,emotional_stability,high
33,1101,chin,473.8,325.4,784.2,562.9,752.2,496.7,1140.3,793.6,69BopbFc34U.000.mp4,1280,720,29.97,459,emotional_stability,high
33,1101,left_cheek,494.8,338.1,598.9,469.3,778.5,512.7,908.7,676.6,69BopbFc34U.000.mp4,1280,720,29.97,459,emotional_stability,high
33,1101,right_cheek,699.4,353.0,784.5,477.4,1034.2,531.2,1140.6,686.7,69BopbFc34U.000.mp4,1280,720,29.97,459,emotional_stability,high
34,1134,left_eye,507.4,246.3,624.7,332.7,794.2,397.9,940.9,505.9,69BopbFc34U.000.mp4,1280,720,29.97,459,emotional_stability,high
34,1134,right_eye,683.7,264.2,787.0,341.8,1014.7,420.2,1143.8,517.2,69BopbFc34U.000.mp4,1280,720,29.97,459,emotional_stability,high
34,1134,nose,602.1,311.2,699.7,440.8,912.6,478.9,1034.6,641.0,69BopbFc34U.000.mp4,1280,720,29.97,459,emotional_stability,high
34,1134,mouth,580.8,463.7,698.2,512.4,885.9,669.6,1032.8,730.6,69BopbFc34U.000.mp4,1280,720,29.97,459,emotional_stability,high
34,1134,forehead,473.3,194.8,795.7,450.8,751.7,333.5,1154.6,653.5,69BopbFc34U.000.mp4,1280,720,29.97,459,emotional_stability,high
34,1134,chin,473.5,325.4,784.0,563.2,751.8,496.7,1140.0,793.9,69BopbFc34U.000.mp4,1280,720,29.97,459,emotional_stability,high
34,1134,left_cheek,494.4,338.1,598.6,469.4,778.0,512.7,908.2,676.7,69BopbFc34U.000.mp4,1280,720,29.97,459,emotional_stability,high
34,1134,right_cheek,699.1,353.0,784.2,477.5,1033.9,531.2,1140.2,686.9,69BopbFc34U.000.mp4,1280,720,29.97,459,emotional_stability,high
35,1167,left_eye,507.3,246.4,624.7,332.7,794.1,398.0,940.9,505.9,69BopbFc34U.000.mp4,1280,720,29.97,459,emotional_stability,high
35,1167,right_eye,683.7,264.2,786.9,341.8,1014.6,420.3,1143.6,517.2,69BopbFc34U.000.mp4,1280,720,29.97,459,emotional_stability,high
35,1167,nose,602.0,311.2,699.6,440.8,912.5,479.0,1034.5,641.0,69BopbFc34U.000.mp4,1280,720,29.97,459,emotional_stability,high
35,1167,mouth,580.6,463.7,698.2,512.9,885.7,669.6,1032.7,731.1,69BopbFc34U.000.mp4,1280,720,29.97,459,emotional_stability,high
35,1167,forehead,473.1,194.8,795.6,450.9,751.4,333.5,1154.5,653.6,69BopbFc34U.000.mp4,1280,720,29.97,459,emotional_stability,high
35,1167,chin,473.3,325.4,783.8,563.3,751.6,496.8,1139.7,794.2,69BopbFc34U.000.mp4,1280,720,29.97,459,emotional_stability,high
35,1167,left_cheek,494.3,338.2,598.5,469.4,777.9,512.7,908.1,676.8,69BopbFc34U.000.mp4,1280,720,29.97,459,emotional_stability,high
35,1167,right_cheek,699.1,353.0,784.1,477.5,1033.8,531.3,1140.1,686.9,69BopbFc34U.000.mp4,1280,720,29.97,459,emotional_stability,high
36,1201,left_eye,507.3,246.4,624.7,332.7,794.1,398.1,940.9,505.9,69BopbFc34U.000.mp4,1280,720,29.97,459,emotional_stability,high
36,1201,right_eye,683.7,264.3,786.9,341.8,1014.6,420.4,1143.6,517.2,69BopbFc34U.000.mp4,1280,720,29.97,459,emotional_stability,high
36,1201,nose,602.0,311.2,699.7,440.8,912.5,479.0,1034.6,641.0,69BopbFc34U.000.mp4,1280,720,29.97,459,emotional_stability,high
36,1201,mouth,580.6,463.7,698.2,513.1,885.7,669.7,1032.8,731.4,69BopbFc34U.000.mp4,1280,720,29.97,459,emotional_stability,high
36,1201,forehead,473.1,194.8,795.6,450.9,751.4,333.5,1154.5,653.6,69BopbFc34U.000.mp4,1280,720,29.97,459,emotional_stability,high
36,1201,chin,473.3,325.5,783.8,563.4,751.6,496.9,1139.7,794.3,69BopbFc34U.000.mp4,1280,720,29.97,459,emotional_stability,high
36,1201,left_cheek,494.3,338.2,598.5,469.5,777.9,512.8,908.1,676.9,69BopbFc34U.000.mp4,1280,720,29.97,459,emotional_stability,high
36,1201,right_cheek,699.1,353.1,784.1,477.6,1033.9,531.3,1140.1,687.0,69BopbFc34U.000.mp4,1280,720,29.97,459,emotional_stability,high
37,1234,left_eye,507.4,246.6,624.9,332.7,794.3,398.2,941.2,505.9,69BopbFc34U.000.mp4,1280,720,29.97,459,emotional_stability,high
37,1234,right_eye,683.8,264.5,786.9,341.8,1014.7,420.6,1143.6,517.2,69BopbFc34U.000.mp4,1280,720,29.97,459,emotional_stability,high
37,1234,nose,602.2,311.2,699.8,440.9,912.8,479.0,1034.8,641.1,69BopbFc34U.000.mp4,1280,720,29.97,459,emotional_stability,high
37,1234,mouth,580.6,463.8,698.3,513.2,885.8,669.7,1032.9,731.5,69BopbFc34U.000.mp4,1280,720,29.97,459,emotional_stability,high
37,1234,forehead,473.2,194.9,795.6,450.9,751.6,333.7,1154.5,653.6,69BopbFc34U.000.mp4,1280,720,29.97,459,emotional_stability,high
37,1234,chin,473.4,325.6,783.8,563.5,751.7,497.0,1139.7,794.4,69BopbFc34U.000.mp4,1280,720,29.97,459,emotional_stability,high
37,1234,left_cheek,494.3,338.3,598.6,469.6,777.9,512.9,908.2,677.0,69BopbFc34U.000.mp4,1280,720,29.97,459,emotional_stability,high
37,1234,right_cheek,699.2,353.1,784.1,477.6,1034.0,531.4,1140.1,687.0,69BopbFc34U.000.mp4,1280,720,29.97,459,emotional_stability,high
38,1267,left_eye,507.6,246.7,625.1,332.8,794.5,398.3,941.4,506.0,69BopbFc34U.000.mp4,1280,720,29.97,459,emotional_stability,high
38,1267,right_eye,683.9,264.6,786.9,341.8,1014.8,420.7,1143.7,517.3,69BopbFc34U.000.mp4,1280,720,29.97,459,emotional_stability,high
38,1267,nose,602.4,311.3,699.9,441.0,913.0,479.2,1034.9,641.2,69BopbFc34U.000.mp4,1280,720,29.97,459,emotional_stability,high
38,1267,mouth,580.7,463.9,698.3,513.3,885.9,669.8,1032.9,731.6,69BopbFc34U.000.mp4,1280,720,29.97,459,emotional_stability,high
38,1267,forehead,473.3,195.1,795.6,450.9,751.6,333.8,1154.5,653.6,69BopbFc34U.000.mp4,1280,720,29.97,459,emotional_stability,high
38,1267,chin,473.4,325.6,783.8,563.6,751.7,497.0,1139.7,794.5,69BopbFc34U.000.mp4,1280,720,29.97,459,emotional_stability,high
38,1267,left_cheek,494.4,338.4,598.7,469.7,778.0,513.0,908.4,677.1,69BopbFc34U.000.mp4,1280,720,29.97,459,emotional_stability,high
38,1267,right_cheek,699.3,353.2,784.2,477.7,1034.1,531.5,1140.2,687.1,69BopbFc34U.000.mp4,1280,720,29.97,459,emotional_stability,high
39,1301,left_eye,507.7,246.8,625.3,332.9,794.6,398.5,941.6,506.1,69BopbFc34U.000.mp4,1280,720,29.97,459,emotional_stability,high
39,1301,right_eye,684.0,264.7,787.1,341.9,1015.0,420.9,1143.8,517.3,69BopbFc34U.000.mp4,1280,720,29.97,459,emotional_stability,high
39,1301,nose,602.7,311.4,700.3,440.9,913.4,479.2,1035.4,641.2,69BopbFc34U.000.mp4,1280,720,29.97,459,emotional_stability,high
39,1301,mouth,580.9,463.9,698.5,513.3,886.1,669.9,1033.1,731.6,69BopbFc34U.000.mp4,1280,720,29.97,459,emotional_stability,high
39,1301,forehead,473.3,195.3,795.7,451.0,751.6,334.1,1154.6,653.7,69BopbFc34U.000.mp4,1280,720,29.97,459,emotional_stability,high
39,1301,chin,473.4,325.8,783.8,563.6,751.7,497.2,1139.8,794.5,69BopbFc34U.000.mp4,1280,720,29.97,459,emotional_stability,high
39,1301,left_cheek,494.4,338.5,598.9,469.7,778.1,513.1,908.6,677.1,69BopbFc34U.000.mp4,1280,720,29.97,459,emotional_stability,high
39,1301,right_cheek,699.5,353.2,784.3,477.7,1034.4,531.5,1140.3,687.1,69BopbFc34U.000.mp4,1280,720,29.97,459,emotional_stability,high
40,1334,left_eye,507.8,246.9,625.4,332.9,794.8,398.6,941.8,506.2,69BopbFc34U.000.mp4,1280,720,29.97,459,emotional_stability,high
40,1334,right_eye,684.1,264.7,787.1,341.9,1015.2,420.9,1143.9,517.4,69BopbFc34U.000.mp4,1280,720,29.97,459,emotional_stability,high
40,1334,nose,602.8,311.4,700.5,440.9,913.5,479.3,1035.6,641.2,69BopbFc34U.000.mp4,1280,720,29.97,459,emotional_stability,high
40,1334,mouth,581.0,463.9,698.6,513.4,886.2,669.9,1033.2,731.7,69BopbFc34U.000.mp4,1280,720,29.97,459,emotional_stability,high
40,1334,forehead,473.3,195.4,795.8,451.0,751.7,334.2,1154.7,653.7,69BopbFc34U.000.mp4,1280,720,29.97,459,emotional_stability,high
40,1334,chin,473.4,325.8,783.8,563.6,751.8,497.2,1139.8,794.5,69BopbFc34U.000.mp4,1280,720,29.97,459,emotional_stability,high
40,1334,left_cheek,494.5,338.5,599.0,469.7,778.1,513.1,908.7,677.1,69BopbFc34U.000.mp4,1280,720,29.97,459,emotional_stability,high
40,1334,right_cheek,699.7,353.3,784.4,477.7,1034.6,531.6,1140.5,687.1,69BopbFc34U.000.mp4,1280,720,29.97,459,emotional_stability,high
41,1368,left_eye,507.9,246.9,625.5,332.9,794.9,398.7,941.9,506.2,69BopbFc34U.000.mp4,1280,720,29.97,459,emotional_stability,high
41,1368,right_eye,684.3,264.8,787.2,341.9,1015.3,421.0,1144.0,517.4,69BopbFc34U.000.mp4,1280,720,29.97,459,emotional_stability,high
41,1368,nose,602.9,311.5,700.6,441.0,913.7,479.4,1035.8,641.3,69BopbFc34U.000.mp4,1280,720,29.97,459,emotional_stability,high
41,1368,mouth,581.1,464.0,698.7,513.4,886.3,670.0,1033.3,731.8,69BopbFc34U.000.mp4,1280,720,29.97,459,emotional_stability,high
41,1368,forehead,473.4,195.4,795.8,451.0,751.8,334.3,1154.7,653.7,69BopbFc34U.000.mp4,1280,720,29.97,459,emotional_stability,high
41,1368,chin,473.4,325.8,783.9,563.7,751.8,497.2,1139.8,794.6,69BopbFc34U.000.mp4,1280,720,29.97,459,emotional_stability,high
41,1368,left_cheek,494.6,338.5,599.0,469.7,778.2,513.1,908.8,677.1,69BopbFc34U.000.mp4,1280,720,29.97,459,emotional_stability,high
41,1368,right_cheek,699.7,353.3,784.4,477.7,1034.7,531.6,1140.6,687.1,69BopbFc34U.000.mp4,1280,720,29.97,459,emotional_stability,high
42,1401,left_eye,508.0,247.0,625.6,332.9,795.0,398.7,942.0,506.2,69BopbFc34U.000.mp4,1280,720,29.97,459,emotional_stability,high
42,1401,right_eye,684.3,264.9,787.2,341.9,1015.3,421.1,1144.0,517.4,69BopbFc34U.000.mp4,1280,720,29.97,459,emotional_stability,high
42,1401,nose,603.1,311.5,700.6,441.0,913.8,479.4,1035.8,641.3,69BopbFc34U.000.mp4,1280,720,29.97,459,emotional_stability,high
42,1401,mouth,581.2,464.1,698.7,513.2,886.5,670.1,1033.4,731.6,69BopbFc34U.000.mp4,1280,720,29.97,459,emotional_stability,high
42,1401,forehead,473.4,195.5,795.8,450.8,751.8,334.3,1154.7,653.5,69BopbFc34U.000.mp4,1280,720,29.97,459,emotional_stability,high
42,1401,chin,473.5,325.7,783.9,563.6,751.8,497.1,1139.8,794.4,69BopbFc34U.000.mp4,1280,720,29.97,459,emotional_stability,high
42,1401,left_cheek,494.6,338.5,599.1,469.6,778.2,513.1,908.9,677.0,69BopbFc34U.000.mp4,1280,720,29.97,459,emotional_stability,high
42,1401,right_cheek,699.8,353.3,784.4,477.6,1034.7,531.6,1140.6,687.0,69BopbFc34U.000.mp4,1280,720,29.97,459,emotional_stability,high
43,1434,left_eye,508.1,247.0,625.7,332.9,795.1,398.8,942.1,506.2,69BopbFc34U.000.mp4,1280,720,29.97,459,emotional_stability,high
43,1434,right_eye,684.3,265.0,787.2,341.9,1015.3,421.2,1144.0,517.4,69BopbFc34U.000.mp4,1280,720,29.97,459,emotional_stability,high
43,1434,nose,603.1,311.5,700.6,441.0,913.9,479.4,1035.8,641.2,69BopbFc34U.000.mp4,1280,720,29.97,459,emotional_stability,high
43,1434,mouth,581.2,464.1,698.7,513.1,886.6,670.1,1033.4,731.4,69BopbFc34U.000.mp4,1280,720,29.97,459,emotional_stability,high
43,1434,forehead,473.5,195.6,795.8,450.6,751.8,334.4,1154.7,653.3,69BopbFc34U.000.mp4,1280,720,29.97,459,emotional_stability,high
43,1434,chin,473.5,325.7,783.9,563.4,751.8,497.1,1139.8,794.3,69BopbFc34U.000.mp4,1280,720,29.97,459,emotional_stability,high
43,1434,left_cheek,494.6,338.4,599.2,469.6,778.3,513.1,909.0,676.9,69BopbFc34U.000.mp4,1280,720,29.97,459,emotional_stability,high
43,1434,right_cheek,699.8,353.3,784.5,477.6,1034.7,531.6,1140.6,686.9,69BopbFc34U.000.mp4,1280,720,29.97,459,emotional_stability,high
44,1468,left_eye,508.1,247.1,625.7,332.9,795.1,398.9,942.1,506.2,69BopbFc34U.000.mp4,1280,720,29.97,459,emotional_stability,high
44,1468,right_eye,684.3,265.1,787.2,341.9,1015.3,421.4,1144.0,517.4,69BopbFc34U.000.mp4,1280,720,29.97,459,emotional_stability,high
44,1468,nose,603.2,311.5,700.7,440.9,914.0,479.4,1035.9,641.2,69BopbFc34U.000.mp4,1280,720,29.97,459,emotional_stability,high
44,1468,mouth,581.4,464.0,698.7,512.9,886.8,670.1,1033.4,731.1,69BopbFc34U.000.mp4,1280,720,29.97,459,emotional_stability,high
44,1468,forehead,473.5,195.6,795.8,450.4,751.8,334.6,1154.8,653.1,69BopbFc34U.000.mp4,1280,720,29.97,459,emotional_stability,high
44,1468,chin,473.5,325.6,783.9,563.3,751.8,497.0,1139.8,794.1,69BopbFc34U.000.mp4,1280,720,29.97,459,emotional_stability,high
44,1468,left_cheek,494.6,338.4,599.2,469.5,778.3,513.0,909.0,676.9,69BopbFc34U.000.mp4,1280,720,29.97,459,emotional_stability,high
44,1468,right_cheek,699.8,353.2,784.5,477.5,1034.7,531.5,1140.6,686.9,69BopbFc34U.000.mp4,1280,720,29.97,459,emotional_stability,high
45,1501,left_eye,507.7,247.1,625.4,332.9,794.7,398.9,941.8,506.2,69BopbFc34U.000.mp4,1280,720,29.97,459,emotional_stability,high
45,1501,right_eye,684.0,265.2,786.8,341.9,1015.0,421.5,1143.5,517.4,69BopbFc34U.000.mp4,1280,720,29.97,459,emotional_stability,high
45,1501,nose,603.0,311.6,700.2,441.0,913.7,479.5,1035.3,641.2,69BopbFc34U.000.mp4,1280,720,29.97,459,emotional_stability,high
45,1501,mouth,581.4,464.0,698.2,512.8,886.8,670.0,1032.7,731.0,69BopbFc34U.000.mp4,1280,720,29.97,459,emotional_stability,high
45,1501,forehead,472.8,195.6,795.1,450.4,751.0,334.6,1153.9,653.0,69BopbFc34U.000.mp4,1280,720,29.97,459,emotional_stability,high
45,1501,chin,472.8,325.6,782.8,563.1,751.0,497.0,1138.5,793.8,69BopbFc34U.000.mp4,1280,720,29.97,459,emotional_stability,high
45,1501,left_cheek,494.3,338.4,599.0,469.5,777.8,513.0,908.7,676.9,69BopbFc34U.000.mp4,1280,720,29.97,459,emotional_stability,high
45,1501,right_cheek,699.3,353.2,783.8,477.5,1034.1,531.5,1139.8,686.8,69BopbFc34U.000.mp4,1280,720,29.97,459,emotional_stability,high
46,1534,left_eye,507.4,247.1,625.1,332.9,794.2,398.9,941.4,506.1,69BopbFc34U.000.mp4,1280,720,29.97,459,emotional_stability,high
46,1534,right_eye,683.4,265.2,786.3,341.8,1014.2,421.5,1142.8,517.3,69BopbFc34U.000.mp4,1280,720,29.97,459,emotional_stability,high
46,1534,nose,602.6,311.5,699.7,440.7,913.2,479.4,1034.7,640.9,69BopbFc34U.000.mp4,1280,720,29.97,459,emotional_stability,high
46,1534,mouth,581.1,463.9,697.9,512.3,886.3,669.8,1032.4,730.3,69BopbFc34U.000.mp4,1280,720,29.97,459,emotional_stability,high
46,1534,forehead,472.5,195.6,794.7,450.3,750.6,334.6,1153.4,652.9,69BopbFc34U.000.mp4,1280,720,29.97,459,emotional_stability,high
46,1534,chin,472.5,325.5,782.4,562.8,750.6,496.8,1138.0,793.5,69BopbFc34U.000.mp4,1280,720,29.97,459,emotional_stability,high
46,1534,left_cheek,493.9,338.3,598.6,469.2,777.4,512.9,908.3,676.6,69BopbFc34U.000.mp4,1280,720,29.97,459,emotional_stability,high
46,1534,right_cheek,698.8,353.2,783.2,477.3,1033.5,531.5,1139.0,686.6,69BopbFc34U.000.mp4,1280,720,29.97,459,emotional_stability,high
47,1568,left_eye,507.1,247.0,624.8,332.8,793.9,398.8,941.0,506.0,69BopbFc34U.000.mp4,1280,720,29.97,459,emotional_stability,high
47,1568,right_eye,682.9,265.1,785.8,341.8,1013.7,421.4,1142.3,517.2,69BopbFc34U.000.mp4,1280,720,29.97,459,emotional_stability,high
47,1568,nose,602.3,311.5,699.4,440.3,912.8,479.3,1034.2,640.4,69BopbFc34U.000.mp4,1280,720,29.97,459,emotional_stability,high
47,1568,mouth,580.8,463.2,697.8,511.5,886.0,669.0,1032.3,729.4,69BopbFc34U.000.mp4,1280,720,29.97,459,emotional_stability,high
47,1568,forehead,472.3,195.6,794.4,450.2,750.3,334.5,1153.0,652.8,69BopbFc34U.000.mp4,1280,720,29.97,459,emotional_stability,high
47,1568,chin,472.3,325.5,782.0,562.5,750.3,496.8,1137.6,793.2,69BopbFc34U.000.mp4,1280,720,29.97,459,emotional_stability,high
47,1568,left_cheek,493.7,338.3,598.3,469.1,777.1,512.8,907.8,676.3,69BopbFc34U.000.mp4,1280,720,29.97,459,emotional_stability,high
47,1568,right_cheek,698.4,353.1,782.8,477.1,1033.0,531.4,1138.5,686.3,69BopbFc34U.000.mp4,1280,720,29.97,459,emotional_stability,high
48,1601,left_eye,506.7,247.0,624.0,332.8,793.4,398.8,940.0,506.0,69BopbFc34U.000.mp4,1280,720,29.97,459,emotional_stability,high
48,1601,right_eye,682.5,265.1,785.3,341.7,1013.1,421.4,1141.6,517.2,69BopbFc34U.000.mp4,1280,720,29.97,459,emotional_stability,high
48,1601,nose,601.7,311.4,698.5,440.1,912.1,479.3,1033.1,640.1,69BopbFc34U.000.mp4,1280,720,29.97,459,emotional_stability,high
48,1601,mouth,580.6,463.0,697.5,511.3,885.7,668.7,1031.9,729.1,69BopbFc34U.000.mp4,1280,720,29.97,459,emotional_stability,high
48,1601,forehead,472.2,195.6,794.0,450.2,750.2,334.4,1152.5,652.8,69BopbFc34U.000.mp4,1280,720,29.97,459,emotional_stability,high
48,1601,chin,472.2,325.5,782.0,562.2,750.3,496.8,1137.4,792.8,69BopbFc34U.000.mp4,1280,720,29.97,459,emotional_stability,high
48,1601,left_cheek,493.5,338.3,597.7,469.0,776.8,512.8,907.1,676.3,69BopbFc34U.000.mp4,1280,720,29.97,459,emotional_stability,high
48,1601,right_cheek,697.9,353.1,782.5,477.0,1032.3,531.3,1138.1,686.2,69BopbFc34U.000.mp4,1280,720,29.97,459,emotional_stability,high
49,1634,left_eye,506.7,247.0,623.9,332.7,793.4,398.8,939.8,505.9,69BopbFc34U.000.mp4,1280,720,29.97,459,emotional_stability,high
49,1634,right_eye,682.3,264.9,785.3,341.7,1012.9,421.1,1141.7,517.1,69BopbFc34U.000.mp4,1280,720,29.97,459,emotional_stability,high
49,1634,nose,601.7,311.3,698.5,439.8,912.1,479.1,1033.2,639.7,69BopbFc34U.000.mp4,1280,720,29.97,459,emotional_stability,high
49,1634,mouth,580.6,462.9,697.5,511.0,885.8,668.7,1031.9,728.8,69BopbFc34U.000.mp4,1280,720,29.97,459,emotional_stability,high
49,1634,forehead,472.4,195.4,794.0,450.2,750.5,334.2,1152.5,652.8,69BopbFc34U.000.mp4,1280,720,29.97,459,emotional_stability,high
49,1634,chin,472.5,325.5,782.0,562.2,750.6,496.8,1137.5,792.7,69BopbFc34U.000.mp4,1280,720,29.97,459,emotional_stability,high
49,1634,left_cheek,493.5,338.2,597.7,469.0,776.9,512.8,907.1,676.3,69BopbFc34U.000.mp4,1280,720,29.97,459,emotional_stability,high
49,1634,right_cheek,697.9,353.0,782.5,476.9,1032.3,531.2,1138.2,686.1,69BopbFc34U.000.mp4,1280,720,29.97,459,emotional_stability,high
50,1668,left_eye,506.7,246.9,623.8,332.7,793.4,398.6,939.7,505.9,69BopbFc34U.000.mp4,1280,720,29.97,459,emotional_stability,high
50,1668,right_eye,682.4,264.7,785.4,341.7,1013.0,420.9,1141.7,517.1,69BopbFc34U.000.mp4,1280,720,29.97,459,emotional_stability,high
50,1668,nose,601.7,311.2,698.5,439.7,912.1,479.0,1033.1,639.6,69BopbFc34U.000.mp4,1280,720,29.97,459,emotional_stability,high
50,1668,mouth,580.7,462.9,697.6,510.9,885.9,668.6,1031.9,728.7,69BopbFc34U.000.mp4,1280,720,29.97,459,emotional_stability,high
50,1668,forehead,472.5,195.3,794.0,450.2,750.6,334.1,1152.6,652.7,69BopbFc34U.000.mp4,1280,720,29.97,459,emotional_stability,high
50,1668,chin,472.5,325.5,782.1,562.0,750.7,496.8,1137.6,792.5,69BopbFc34U.000.mp4,1280,720,29.97,459,emotional_stability,high
50,1668,left_cheek,493.5,338.2,597.7,469.0,776.9,512.8,907.1,676.3,69BopbFc34U.000.mp4,1280,720,29.97,459,emotional_stability,high
50,1668,right_cheek,697.9,352.9,782.5,476.9,1032.4,531.2,1138.2,686.1,69BopbFc34U.000.mp4,1280,720,29.97,459,emotional_stability,high
51,1701,left_eye,506.7,246.7,623.6,332.7,793.4,398.4,939.5,505.9,69BopbFc34U.000.mp4,1280,720,29.97,459,emotional_stability,high
51,1701,right_eye,682.4,264.6,785.4,341.7,1013.0,420.8,1141.7,517.1,69BopbFc34U.000.mp4,1280,720,29.97,459,emotional_stability,high
51,1701,nose,601.6,311.2,698.4,439.7,912.0,479.0,1033.0,639.6,69BopbFc34U.000.mp4,1280,720,29.97,459,emotional_stability,high
51,1701,mouth,580.8,462.9,697.6,510.9,886.0,668.6,1032.0,728.6,69BopbFc34U.000.mp4,1280,720,29.97,459,emotional_stability,high
51,1701,forehead,472.5,195.1,794.1,450.3,750.6,333.9,1152.7,652.9,69BopbFc34U.000.mp4,1280,720,29.97,459,emotional_stability,high
51,1701,chin,472.6,325.5,782.4,562.0,750.7,496.9,1138.0,792.6,69BopbFc34U.000.mp4,1280,720,29.97,459,emotional_stability,high
51,1701,left_cheek,493.5,338.3,597.7,469.1,776.9,512.8,907.1,676.4,69BopbFc34U.000.mp4,1280,720,29.97,459,emotional_stability,high
51,1701,right_cheek,697.9,352.9,782.6,476.9,1032.4,531.2,1138.3,686.1,69BopbFc34U.000.mp4,1280,720,29.97,459,emotional_stability,high
52,1735,left_eye,506.5,246.6,623.4,332.7,793.2,398.3,939.2,505.9,69BopbFc34U.000.mp4,1280,720,29.97,459,emotional_stability,high
52,1735,right_eye,682.4,264.4,785.4,341.7,1013.0,420.5,1141.8,517.1,69BopbFc34U.000.mp4,1280,720,29.97,459,emotional_stability,high
52,1735,nose,601.5,311.2,698.3,439.8,911.9,479.0,1032.9,639.7,69BopbFc34U.000.mp4,1280,720,29.97,459,emotional_stability,high
52,1735,mouth,580.7,463.0,697.6,510.9,885.9,668.8,1032.0,728.6,69BopbFc34U.000.mp4,1280,720,29.97,459,emotional_stability,high
52,1735,forehead,472.5,195.0,794.3,450.3,750.6,333.8,1152.8,652.9,69BopbFc34U.000.mp4,1280,720,29.97,459,emotional_stability,high
52,1735,chin,472.6,325.5,782.6,562.1,750.8,496.9,1138.3,792.6,69BopbFc34U.000.mp4,1280,720,29.97,459,emotional_stability,high
52,1735,left_cheek,493.5,338.3,597.6,469.1,776.9,512.8,907.0,676.4,69BopbFc34U.000.mp4,1280,720,29.97,459,emotional_stability,high
52,1735,right_cheek,697.9,352.9,782.6,476.9,1032.3,531.2,1138.3,686.1,69BopbFc34U.000.mp4,1280,720,29.97,459,emotional_stability,high
53,1768,left_eye,506.4,246.5,623.2,332.8,793.0,398.2,939.0,505.9,69BopbFc34U.000.mp4,1280,720,29.97,459,emotional_stability,high
53,1768,right_eye,682.4,264.3,785.5,341.7,1013.0,420.3,1141.8,517.1,69BopbFc34U.000.mp4,1280,720,29.97,459,emotional_stability,high
53,1768,nose,601.4,311.2,698.2,439.8,911.7,479.0,1032.8,639.8,69BopbFc34U.000.mp4,1280,720,29.97,459,emotional_stability,high
53,1768,mouth,580.7,463.1,697.6,510.9,885.9,668.8,1032.0,728.6,69BopbFc34U.000.mp4,1280,720,29.97,459,emotional_stability,high
53,1768,forehead,472.5,194.9,794.3,450.3,750.6,333.6,1152.9,652.9,69BopbFc34U.000.mp4,1280,720,29.97,459,emotional_stability,high
53,1768,chin,472.6,325.5,782.7,562.1,750.8,496.9,1138.4,792.6,69BopbFc34U.000.mp4,1280,720,29.97,459,emotional_stability,high
53,1768,left_cheek,493.5,338.3,597.5,469.1,776.9,512.8,906.9,676.4,69BopbFc34U.000.mp4,1280,720,29.97,459,emotional_stability,high
53,1768,right_cheek,697.9,352.9,782.6,476.9,1032.3,531.1,1138.3,686.1,69BopbFc34U.000.mp4,1280,720,29.97,459,emotional_stability,high
54,1801,left_eye,506.4,246.4,623.1,332.8,793.0,398.1,938.9,505.9,69BopbFc34U.000.mp4,1280,720,29.97,459,emotional_stability,high
54,1801,right_eye,682.4,264.1,785.5,341.7,1013.0,420.2,1141.9,517.1,69BopbFc34U.000.mp4,1280,720,29.97,459,emotional_stability,high
54,1801,nose,601.3,311.2,698.1,439.9,911.6,479.0,1032.6,639.8,69BopbFc34U.000.mp4,1280,720,29.97,459,emotional_stability,high
54,1801,mouth,580.6,463.1,697.6,510.9,885.8,668.8,1032.0,728.6,69BopbFc34U.000.mp4,1280,720,29.97,459,emotional_stability,high
54,1801,forehead,472.5,194.8,794.3,450.3,750.6,333.5,1152.9,652.9,69BopbFc34U.000.mp4,1280,720,29.97,459,emotional_stability,high
54,1801,chin,472.6,325.5,782.8,562.1,750.8,496.9,1138.5,792.6,69BopbFc34U.000.mp4,1280,720,29.97,459,emotional_stability,high
54,1801,left_cheek,493.5,338.3,597.4,469.1,776.9,512.8,906.8,676.4,69BopbFc34U.000.mp4,1280,720,29.97,459,emotional_stability,high
54,1801,right_cheek,697.8,352.9,782.7,476.9,1032.2,531.1,1138.3,686.1,69BopbFc34U.000.mp4,1280,720,29.97,459,emotional_stability,high
55,1835,left_eye,506.3,246.3,623.0,332.7,792.9,397.8,938.8,505.9,69BopbFc34U.000.mp4,1280,720,29.97,459,emotional_stability,high
55,1835,right_eye,682.4,263.9,785.5,341.6,1013.0,419.9,1141.9,517.0,69BopbFc34U.000.mp4,1280,720,29.97,459,emotional_stability,high
55,1835,nose,601.2,311.1,698.0,439.9,911.4,478.8,1032.5,639.8,69BopbFc34U.000.mp4,1280,720,29.97,459,emotional_stability,high
55,1835,mouth,580.5,463.1,697.6,510.9,885.7,668.8,1032.0,728.6,69BopbFc34U.000.mp4,1280,720,29.97,459,emotional_stability,high
55,1835,forehead,472.5,194.5,794.5,450.3,750.7,333.2,1153.1,652.9,69BopbFc34U.000.mp4,1280,720,29.97,459,emotional_stability,high
55,1835,chin,472.6,325.4,783.1,562.1,750.8,496.8,1138.9,792.6,69BopbFc34U.000.mp4,1280,720,29.97,459,emotional_stability,high
55,1835,left_cheek,493.5,338.2,597.4,469.1,776.8,512.7,906.7,676.4,69BopbFc34U.000.mp4,1280,720,29.97,459,emotional_stability,high
55,1835,right_cheek,697.8,352.8,782.7,476.9,1032.2,531.0,1138.4,686.1,69BopbFc34U.000.mp4,1280,720,29.97,459,emotional_stability,high
56,1868,left_eye,506.3,246.2,623.1,332.7,792.9,397.7,938.8,505.8,69BopbFc34U.000.mp4,1280,720,29.97,459,emotional_stability,high
56,1868,right_eye,682.5,263.9,785.7,341.6,1013.1,419.8,1142.1,517.0,69BopbFc34U.000.mp4,1280,720,29.97,459,emotional_stability,high
56,1868,nose,601.2,311.0,698.1,439.8,911.4,478.7,1032.6,639.8,69BopbFc34U.000.mp4,1280,720,29.97,459,emotional_stability,high
56,1868,mouth,580.6,463.1,697.7,510.8,885.7,668.9,1032.1,728.5,69BopbFc34U.000.mp4,1280,720,29.97,459,emotional_stability,high
56,1868,forehead,472.7,194.4,794.9,450.3,750.8,333.0,1153.6,652.9,69BopbFc34U.000.mp4,1280,720,29.97,459,emotional_stability,high
56,1868,chin,472.8,325.4,783.8,562.1,751.0,496.8,1139.8,792.6,69BopbFc34U.000.mp4,1280,720,29.97,459,emotional_stability,high
56,1868,left_cheek,493.5,338.2,597.4,469.1,776.9,512.7,906.7,676.4,69BopbFc34U.000.mp4,1280,720,29.97,459,emotional_stability,high
56,1868,right_cheek,697.8,352.8,783.1,476.9,1032.3,531.0,1138.9,686.1,69BopbFc34U.000.mp4,1280,720,29.97,459,emotional_stability,high
57,1901,left_eye,506.6,246.1,623.2,332.7,793.2,397.7,939.0,505.8,69BopbFc34U.000.mp4,1280,720,29.97,459,emotional_stability,high
57,1901,right_eye,682.6,263.8,786.0,341.6,1013.3,419.8,1142.5,517.0,69BopbFc34U.000.mp4,1280,720,29.97,459,emotional_stability,high
57,1901,nose,601.3,311.0,698.1,439.8,911.6,478.7,1032.6,639.8,69BopbFc34U.000.mp4,1280,720,29.97,459,emotional_stability,high
57,1901,mouth,580.6,463.1,697.8,510.8,885.7,668.9,1032.3,728.5,69BopbFc34U.000.mp4,1280,720,29.97,459,emotional_stability,high
57,1901,forehead,473.2,194.4,795.3,450.4,751.5,333.0,1154.1,653.0,69BopbFc34U.000.mp4,1280,720,29.97,459,emotional_stability,high
57,1901,chin,473.3,325.4,784.2,562.1,751.6,496.8,1140.3,792.7,69BopbFc34U.000.mp4,1280,720,29.97,459,emotional_stability,high
57,1901,left_cheek,493.9,338.2,597.5,469.1,777.3,512.7,906.9,676.4,69BopbFc34U.000.mp4,1280,720,29.97,459,emotional_stability,high
57,1901,right_cheek,697.9,352.8,783.3,476.9,1032.4,531.0,1139.2,686.1,69BopbFc34U.000.mp4,1280,720,29.97,459,emotional_stability,high
58,1935,left_eye,506.6,245.9,623.2,332.6,793.2,397.4,939.0,505.7,69BopbFc34U.000.mp4,1280,720,29.97,459,emotional_stability,high
58,1935,right_eye,682.7,263.6,786.2,341.5,1013.3,419.5,1142.7,516.9,69BopbFc34U.000.mp4,1280,720,29.97,459,emotional_stability,high
58,1935,nose,601.3,310.8,698.1,439.7,911.6,478.5,1032.6,639.7,69BopbFc34U.000.mp4,1280,720,29.97,459,emotional_stability,high
58,1935,mouth,580.6,462.9,697.9,510.7,885.7,668.6,1032.4,728.4,69BopbFc34U.000.mp4,1280,720,29.97,459,emotional_stability,high
58,1935,forehead,473.2,194.1,795.5,450.5,751.5,332.7,1154.3,653.1,69BopbFc34U.000.mp4,1280,720,29.97,459,emotional_stability,high
58,1935,chin,473.3,325.4,784.4,562.1,751.6,496.7,1140.5,792.7,69BopbFc34U.000.mp4,1280,720,29.97,459,emotional_stability,high
58,1935,left_cheek,493.9,338.0,597.5,469.0,777.3,512.5,906.9,676.3,69BopbFc34U.000.mp4,1280,720,29.97,459,emotional_stability,high
58,1935,right_cheek,697.9,352.8,783.5,476.9,1032.4,531.0,1139.4,686.1,69BopbFc34U.000.mp4,1280,720,29.97,459,emotional_stability,high
59,1968,left_eye,506.5,245.6,623.1,332.5,793.2,397.0,938.9,505.6,69BopbFc34U.000.mp4,1280,720,29.97,459,emotional_stability,high
59,1968,right_eye,682.7,263.2,786.4,341.5,1013.3,419.1,1143.0,516.9,69BopbFc34U.000.mp4,1280,720,29.97,459,emotional_stability,high
59,1968,nose,601.2,310.5,698.1,439.4,911.5,478.1,1032.6,639.3,69BopbFc34U.000.mp4,1280,720,29.97,459,emotional_stability,high
59,1968,mouth,580.4,462.6,698.1,510.3,885.5,668.2,1032.6,727.9,69BopbFc34U.000.mp4,1280,720,29.97,459,emotional_stability,high
59,1968,forehead,473.2,193.8,795.7,450.6,751.5,332.3,1154.7,653.3,69BopbFc34U.000.mp4,1280,720,29.97,459,emotional_stability,high
59,1968,chin,473.3,325.4,784.8,562.1,751.7,496.7,1141.0,792.7,69BopbFc34U.000.mp4,1280,720,29.97,459,emotional_stability,high
59,1968,left_cheek,493.8,337.9,597.5,468.9,777.3,512.4,906.8,676.1,69BopbFc34U.000.mp4,1280,720,29.97,459,emotional_stability,high
59,1968,right_cheek,697.9,352.8,783.7,476.9,1032.4,531.0,1139.7,686.1,69BopbFc34U.000.mp4,1280,720,29.97,459,emotional_stability,high
60,2002,left_eye,506.4,245.4,623.1,332.1,793.0,396.8,938.9,505.2,69BopbFc34U.000.mp4,1280,720,29.97,459,emotional_stability,high
60,2002,right_eye,682.6,263.2,786.6,341.2,1013.3,419.0,1143.2,516.4,69BopbFc34U.000.mp4,1280,720,29.97,459,emotional_stability,high
60,2002,nose,601.5,310.3,698.4,438.9,911.9,477.8,1033.0,638.7,69BopbFc34U.000.mp4,1280,720,29.97,459,emotional_stability,high
60,2002,mouth,580.6,462.0,698.6,508.0,885.8,667.5,1033.2,724.9,69BopbFc34U.000.mp4,1280,720,29.97,459,emotional_stability,high
60,2002,forehead,473.1,193.8,795.8,450.3,751.4,332.3,1154.7,652.8,69BopbFc34U.000.mp4,1280,720,29.97,459,emotional_stability,high
60,2002,chin,473.3,325.3,784.9,561.5,751.6,496.7,1141.1,791.9,69BopbFc34U.000.mp4,1280,720,29.97,459,emotional_stability,high
60,2002,left_cheek,493.8,337.8,597.5,468.5,777.2,512.2,906.9,675.7,69BopbFc34U.000.mp4,1280,720,29.97,459,emotional_stability,high
60,2002,right_cheek,698.0,352.3,783.8,476.2,1032.5,530.4,1139.8,685.2,69BopbFc34U.000.mp4,1280,720,29.97,459,emotional_stability,high
61,2035,left_eye,506.3,245.3,623.1,331.9,792.9,396.6,938.9,504.9,69BopbFc34U.000.mp4,1280,720,29.97,459,emotional_stability,high
61,2035,right_eye,682.5,263.1,786.6,341.0,1013.2,418.9,1143.3,516.3,69BopbFc34U.000.mp4,1280,720,29.97,459,emotional_stability,high
61,2035,nose,601.6,310.1,698.5,438.6,912.0,477.6,1033.1,638.3,69BopbFc34U.000.mp4,1280,720,29.97,459,emotional_stability,high
61,2035,mouth,581.1,461.8,698.8,506.4,886.4,667.2,1033.5,723.0,69BopbFc34U.000.mp4,1280,720,29.97,459,emotional_stability,high
61,2035,forehead,473.1,193.8,795.8,450.0,751.4,332.2,1154.8,652.5,69BopbFc34U.000.mp4,1280,720,29.97,459,emotional_stability,high
61,2035,chin,473.2,325.3,784.9,560.7,751.5,496.6,1141.1,790.9,69BopbFc34U.000.mp4,1280,720,29.97,459,emotional_stability,high
61,2035,left_cheek,493.7,337.6,597.5,468.2,777.2,512.0,906.9,675.2,69BopbFc34U.000.mp4,1280,720,29.97,459,emotional_stability,high
61,2035,right_cheek,698.1,352.0,783.8,475.8,1032.6,530.1,1139.8,684.8,69BopbFc34U.000.mp4,1280,720,29.97,459,emotional_stability,high
62,2068,left_eye,506.3,245.2,623.1,331.9,792.9,396.5,938.9,504.8,69BopbFc34U.000.mp4,1280,720,29.97,459,emotional_stability,high
62,2068,right_eye,682.5,263.1,787.0,341.0,1013.2,418.9,1143.8,516.3,69BopbFc34U.000.mp4,1280,720,29.97,459,emotional_stability,high
62,2068,nose,601.7,310.0,698.6,438.4,912.2,477.6,1033.3,638.0,69BopbFc34U.000.mp4,1280,720,29.97,459,emotional_stability,high
62,2068,mouth,581.7,461.5,699.1,504.9,887.1,666.9,1033.8,721.1,69BopbFc34U.000.mp4,1280,720,29.97,459,emotional_stability,high
62,2068,forehead,473.2,193.8,796.3,449.9,751.5,332.2,1155.4,652.4,69BopbFc34U.000.mp4,1280,720,29.97,459,emotional_stability,high
62,2068,chin,473.4,325.2,785.7,560.0,751.7,496.5,1142.1,790.0,69BopbFc34U.000.mp4,1280,720,29.97,459,emotional_stability,high
62,2068,left_cheek,493.8,337.5,597.6,467.8,777.2,511.8,907.0,674.7,69BopbFc34U.000.mp4,1280,720,29.97,459,emotional_stability,high
62,2068,right_cheek,698.1,352.0,784.2,475.6,1032.7,529.9,1140.2,684.5,69BopbFc34U.000.mp4,1280,720,29.97,459,emotional_stability,high
63,2102,left_eye,506.3,245.1,623.1,331.9,792.9,396.4,938.9,504.9,69BopbFc34U.000.mp4,1280,720,29.97,459,emotional_stability,high
63,2102,right_eye,682.5,263.1,787.7,341.1,1013.2,418.8,1144.6,516.4,69BopbFc34U.000.mp4,1280,720,29.97,459,emotional_stability,high
63,2102,nose,601.9,310.0,698.7,438.3,912.4,477.5,1033.4,637.9,69BopbFc34U.000.mp4,1280,720,29.97,459,emotional_stability,high
63,2102,mouth,582.1,461.2,699.3,505.0,887.6,666.5,1034.1,721.2,69BopbFc34U.000.mp4,1280,720,29.97,459,emotional_stability,high
63,2102,forehead,473.3,193.8,797.0,449.9,751.7,332.2,1156.2,652.4,69BopbFc34U.000.mp4,1280,720,29.97,459,emotional_stability,high
63,2102,chin,473.5,325.2,786.6,559.8,751.8,496.5,1143.2,789.7,69BopbFc34U.000.mp4,1280,720,29.97,459,emotional_stability,high
63,2102,left_cheek,493.9,337.4,597.7,467.6,777.3,511.8,907.1,674.5,69BopbFc34U.000.mp4,1280,720,29.97,459,emotional_stability,high
63,2102,right_cheek,698.3,351.9,784.7,475.6,1032.8,529.9,1140.9,684.4,69BopbFc34U.000.mp4,1280,720,29.97,459,emotional_stability,high
64,2135,left_eye,506.3,245.1,623.1,331.9,792.9,396.4,938.9,504.9,69BopbFc34U.000.mp4,1280,720,29.97,459,emotional_stability,high
64,2135,right_eye,682.6,263.1,788.2,341.1,1013.2,418.8,1145.2,516.4,69BopbFc34U.000.mp4,1280,720,29.97,459,emotional_stability,high
64,2135,nose,601.9,310.0,698.7,438.5,912.4,477.6,1033.3,638.2,69BopbFc34U.000.mp4,1280,720,29.97,459,emotional_stability,high
64,2135,mouth,582.1,461.2,699.4,505.3,887.6,666.5,1034.2,721.6,69BopbFc34U.000.mp4,1280,720,29.97,459,emotional_stability,high
64,2135,forehead,473.4,193.8,797.5,449.9,751.8,332.2,1156.8,652.4,69BopbFc34U.000.mp4,1280,720,29.97,459,emotional_stability,high
64,2135,chin,473.5,325.1,787.2,559.8,751.9,496.4,1144.0,789.7,69BopbFc34U.000.mp4,1280,720,29.97,459,emotional_stability,high
64,2135,left_cheek,493.9,337.4,597.7,467.5,777.4,511.7,907.2,674.4,69BopbFc34U.000.mp4,1280,720,29.97,459,emotional_stability,high
64,2135,right_cheek,698.3,351.9,785.1,475.6,1032.9,529.9,1141.3,684.5,69BopbFc34U.000.mp4,1280,720,29.97,459,emotional_stability,high
65,2168,left_eye,506.5,245.1,623.2,332.0,793.1,396.4,939.0,505.0,69BopbFc34U.000.mp4,1280,720,29.97,459,emotional_stability,high
65,2168,right_eye,682.6,263.1,788.8,341.2,1013.3,418.9,1146.0,516.5,69BopbFc34U.000.mp4,1280,720,29.97,459,emotional_stability,high
65,2168,nose,602.0,310.2,698.7,439.5,912.5,477.7,1033.3,639.4,69BopbFc34U.000.mp4,1280,720,29.97,459,emotional_stability,high
65,2168,mouth,582.1,461.5,699.5,505.8,887.6,666.9,1034.4,722.3,69BopbFc34U.000.mp4,1280,720,29.97,459,emotional_stability,high
65,2168,forehead,473.7,193.8,798.3,449.9,752.1,332.2,1157.8,652.4,69BopbFc34U.000.mp4,1280,720,29.97,459,emotional_stability,high
65,2168,chin,473.8,324.8,787.9,560.0,752.3,496.0,1144.8,790.0,69BopbFc34U.000.mp4,1280,720,29.97,459,emotional_stability,high
65,2168,left_cheek,494.0,337.3,597.8,467.5,777.6,511.6,907.3,674.4,69BopbFc34U.000.mp4,1280,720,29.97,459,emotional_stability,high
65,2168,right_cheek,698.4,351.9,785.5,475.7,1032.9,529.9,1141.9,684.6,69BopbFc34U.000.mp4,1280,720,29.97,459,emotional_stability,high
66,2202,left_eye,506.8,245.1,623.3,332.1,793.5,396.3,939.2,505.1,69BopbFc34U.000.mp4,1280,720,29.97,459,emotional_stability,high
66,2202,right_eye,682.7,263.1,789.1,341.3,1013.4,418.8,1146.4,516.6,69BopbFc34U.000.mp4,1280,720,29.97,459,emotional_stability,high
66,2202,nose,601.9,310.3,698.5,440.7,912.3,477.9,1033.1,640.8,69BopbFc34U.000.mp4,1280,720,29.97,459,emotional_stability,high
66,2202,mouth,581.8,462.9,699.5,508.1,887.3,668.6,1034.3,725.1,69BopbFc34U.000.mp4,1280,720,29.97,459,emotional_stability,high
66,2202,forehead,473.9,193.7,798.6,450.4,752.3,332.1,1158.2,653.0,69BopbFc34U.000.mp4,1280,720,29.97,459,emotional_stability,high
66,2202,chin,473.9,324.7,788.3,561.6,752.4,495.8,1145.4,792.0,69BopbFc34U.000.mp4,1280,720,29.97,459,emotional_stability,high
66,2202,left_cheek,494.1,337.3,597.8,467.8,777.6,511.6,907.3,674.7,69BopbFc34U.000.mp4,1280,720,29.97,459,emotional_stability,high
66,2202,right_cheek,698.4,352.1,785.9,476.6,1032.9,530.2,1142.4,685.8,69BopbFc34U.000.mp4,1280,720,29.97,459,emotional_stability,high
67,2235,left_eye,506.8,245.0,623.4,332.0,793.5,396.3,939.2,505.0,69BopbFc34U.000.mp4,1280,720,29.97,459,emotional_stability,high
67,2235,right_eye,682.9,263.1,789.3,341.3,1013.6,418.8,1146.6,516.6,69BopbFc34U.000.mp4,1280,720,29.97,459,emotional_stability,high
67,2235,nose,601.5,310.3,698.3,440.9,911.9,477.9,1032.8,641.1,69BopbFc34U.000.mp4,1280,720,29.97,459,emotional_stability,high
67,2235,mouth,580.1,463.3,699.5,510.1,885.1,669.1,1034.3,727.6,69BopbFc34U.000.mp4,1280,720,29.97,459,emotional_stability,high
67,2235,forehead,473.9,193.6,798.8,450.8,752.3,332.0,1158.5,653.5,69BopbFc34U.000.mp4,1280,720,29.97,459,emotional_stability,high
67,2235,chin,473.9,324.3,788.5,562.4,752.4,495.4,1145.6,793.0,69BopbFc34U.000.mp4,1280,720,29.97,459,emotional_stability,high
67,2235,left_cheek,494.0,337.2,597.7,467.9,777.5,511.5,907.1,674.9,69BopbFc34U.000.mp4,1280,720,29.97,459,emotional_stability,high
67,2235,right_cheek,698.4,352.4,786.1,477.2,1033.0,530.4,1142.6,686.5,69BopbFc34U.000.mp4,1280,720,29.97,459,emotional_stability,high
68,2268,left_eye,506.6,244.9,623.3,332.0,793.2,396.1,939.1,505.0,69BopbFc34U.000.mp4,1280,720,29.97,459,emotional_stability,high
68,2268,right_eye,682.9,263.0,789.4,341.3,1013.6,418.8,1146.8,516.7,69BopbFc34U.000.mp4,1280,720,29.97,459,emotional_stability,high
68,2268,nose,600.4,310.5,697.8,441.6,910.5,478.1,1032.3,642.0,69BopbFc34U.000.mp4,1280,720,29.97,459,emotional_stability,high
68,2268,mouth,578.0,464.0,699.5,510.9,882.5,670.0,1034.3,728.7,69BopbFc34U.000.mp4,1280,720,29.97,459,emotional_stability,high
68,2268,forehead,473.5,193.4,798.8,450.9,751.9,331.7,1158.5,653.6,69BopbFc34U.000.mp4,1280,720,29.97,459,emotional_stability,high
68,2268,chin,473.5,323.8,788.5,562.9,751.9,494.7,1145.6,793.7,69BopbFc34U.000.mp4,1280,720,29.97,459,emotional_stability,high
68,2268,left_cheek,493.5,337.1,597.1,468.1,776.8,511.4,906.4,675.2,69BopbFc34U.000.mp4,1280,720,29.97,459,emotional_stability,high
68,2268,right_cheek,698.2,352.4,786.1,477.8,1032.8,530.5,1142.6,687.2,69BopbFc34U.000.mp4,1280,720,29.97,459,emotional_stability,high
69,2302,left_eye,506.3,244.8,623.0,332.0,792.9,396.0,938.8,505.0,69BopbFc34U.000.mp4,1280,720,29.97,459,emotional_stability,high
69,2302,right_eye,682.7,263.0,789.4,341.4,1013.4,418.8,1146.8,516.7,69BopbFc34U.000.mp4,1280,720,29.97,459,emotional_stability,high
69,2302,nose,599.3,310.6,697.2,442.1,909.2,478.2,1031.4,642.6,69BopbFc34U.000.mp4,1280,720,29.97,459,emotional_stability,high
69,2302,mouth,576.5,464.4,699.3,511.6,880.7,670.5,1034.1,729.5,69BopbFc34U.000.mp4,1280,720,29.97,459,emotional_stability,high
69,2302,forehead,473.3,193.3,798.9,450.9,751.6,331.6,1158.6,653.6,69BopbFc34U.000.mp4,1280,720,29.97,459,emotional_stability,high
69,2302,chin,473.3,323.2,788.6,563.1,751.6,494.0,1145.7,793.8,69BopbFc34U.000.mp4,1280,720,29.97,459,emotional_stability,high
69,2302,left_cheek,493.0,337.0,596.6,468.3,776.3,511.3,905.7,675.4,69BopbFc34U.000.mp4,1280,720,29.97,459,emotional_stability,high
69,2302,right_cheek,697.9,352.4,786.1,478.0,1032.4,530.6,1142.6,687.5,69BopbFc34U.000.mp4,1280,720,29.97,459,emotional_stability,high
70,2335,left_eye,506.1,244.8,622.9,332.1,792.7,396.0,938.6,505.2,69BopbFc34U.000.mp4,1280,720,29.97,459,emotional_stability,high
70,2335,right_eye,682.6,263.0,789.4,341.5,1013.3,418.8,1146.7,516.9,69BopbFc34U.000.mp4,1280,720,29.97,459,emotional_stability,high
70,2335,nose,598.7,310.8,696.7,442.7,908.4,478.5,1030.8,643.4,69BopbFc34U.000.mp4,1280,720,29.97,459,emotional_stability,high
70,2335,mouth,575.9,464.8,699.1,512.0,879.8,671.0,1033.9,730.1,69BopbFc34U.000.mp4,1280,720,29.97,459,emotional_stability,high
70,2335,forehead,473.1,193.1,798.9,451.0,751.3,331.4,1158.6,653.7,69BopbFc34U.000.mp4,1280,720,29.97,459,emotional_stability,high
70,2335,chin,473.1,322.9,788.7,563.2,751.3,493.6,1145.9,794.0,69BopbFc34U.000.mp4,1280,720,29.97,459,emotional_stability,high
70,2335,left_cheek,492.7,337.0,596.2,468.7,775.9,511.2,905.2,675.9,69BopbFc34U.000.mp4,1280,720,29.97,459,emotional_stability,high
70,2335,right_cheek,697.7,352.5,786.1,478.4,1032.1,530.6,1142.6,688.0,69BopbFc34U.000.mp4,1280,720,29.97,459,emotional_stability,high
71,2369,left_eye,505.8,244.9,622.6,332.8,792.2,396.1,938.2,506.0,69BopbFc34U.000.mp4,1280,720,29.97,459,emotional_stability,high
71,2369,right_eye,682.5,263.5,789.4,342.1,1013.2,419.3,1146.7,517.6,69BopbFc34U.000.mp4,1280,720,29.97,459,emotional_stability,high
71,2369,nose,598.4,311.6,696.2,443.7,908.0,479.5,1030.3,644.6,69BopbFc34U.000.mp4,1280,720,29.97,459,emotional_stability,high
71,2369,mouth,575.7,465.4,699.1,512.0,879.7,671.8,1033.8,730.1,69BopbFc34U.000.mp4,1280,720,29.97,459,emotional_stability,high
71,2369,forehead,472.9,193.2,799.0,451.3,751.1,331.5,1158.7,654.1,69BopbFc34U.000.mp4,1280,720,29.97,459,emotional_stability,high
71,2369,chin,472.9,322.9,788.9,563.5,751.1,493.7,1146.2,794.3,69BopbFc34U.000.mp4,1280,720,29.97,459,emotional_stability,high
71,2369,left_cheek,492.5,337.1,595.9,469.2,775.6,511.4,904.8,676.5,69BopbFc34U.000.mp4,1280,720,29.97,459,emotional_stability,high
71,2369,right_cheek,697.4,352.9,786.1,479.0,1031.8,531.1,1142.6,688.8,69BopbFc34U.000.mp4,1280,720,29.97,459,emotional_stability,high
72,2402,left_eye,505.4,245.0,622.2,333.2,791.7,396.3,937.7,506.4,69BopbFc34U.000.mp4,1280,720,29.97,459,emotional_stability,high
72,2402,right_eye,682.3,263.9,789.4,342.5,1012.9,419.9,1146.7,518.1,69BopbFc34U.000.mp4,1280,720,29.97,459,emotional_stability,high
72,2402,nose,597.8,312.0,695.8,444.0,907.3,480.0,1029.7,645.0,69BopbFc34U.000.mp4,1280,720,29.97,459,emotional_stability,high
72,2402,mouth,575.2,466.0,698.8,512.5,879.0,672.5,1033.5,730.6,69BopbFc34U.000.mp4,1280,720,29.97,459,emotional_stability,high
72,2402,forehead,472.7,193.3,799.0,451.9,750.9,331.6,1158.7,654.9,69BopbFc34U.000.mp4,1280,720,29.97,459,emotional_stability,high
72,2402,chin,472.7,323.0,788.9,563.9,750.9,493.7,1146.2,794.9,69BopbFc34U.000.mp4,1280,720,29.97,459,emotional_stability,high
72,2402,left_cheek,492.2,337.3,595.5,469.8,775.3,511.6,904.3,677.2,69BopbFc34U.000.mp4,1280,720,29.97,459,emotional_stability,high
72,2402,right_cheek,697.1,353.4,786.0,479.6,1031.4,531.7,1142.5,689.6,69BopbFc34U.000.mp4,1280,720,29.97,459,emotional_stability,high
73,2435,left_eye,504.9,245.0,621.8,333.3,791.1,396.3,937.3,506.6,69BopbFc34U.000.mp4,1280,720,29.97,459,emotional_stability,high
73,2435,right_eye,682.1,264.2,789.4,342.7,1012.7,420.3,1146.7,518.4,69BopbFc34U.000.mp4,1280,720,29.97,459,emotional_stability,high
73,2435,nose,597.4,312.2,695.7,444.4,906.8,480.2,1029.6,645.5,69BopbFc34U.000.mp4,1280,720,29.97,459,emotional_stability,high
73,2435,mouth,574.7,466.7,698.6,513.1,878.4,673.4,1033.2,731.3,69BopbFc34U.000.mp4,1280,720,29.97,459,emotional_stability,high
73,2435,forehead,472.6,193.4,799.0,452.3,750.7,331.7,1158.8,655.3,69BopbFc34U.000.mp4,1280,720,29.97,459,emotional_stability,high
73,2435,chin,472.6,323.1,788.9,564.5,750.7,493.8,1146.1,795.6,69BopbFc34U.000.mp4,1280,720,29.97,459,emotional_stability,high
73,2435,left_cheek,491.8,337.4,595.1,470.2,774.8,511.8,903.8,677.7,69BopbFc34U.000.mp4,1280,720,29.97,459,emotional_stability,high
73,2435,right_cheek,697.0,353.7,786.0,480.0,1031.2,532.1,1142.5,690.1,69BopbFc34U.000.mp4,1280,720,29.97,459,emotional_stability,high
74,2469,left_eye,504.7,245.1,621.7,333.3,790.9,396.4,937.1,506.7,69BopbFc34U.000.mp4,1280,720,29.97,459,emotional_stability,high
74,2469,right_eye,682.0,264.4,789.4,342.9,1012.5,420.5,1146.7,518.6,69BopbFc34U.000.mp4,1280,720,29.97,459,emotional_stability,high
74,2469,nose,597.1,312.3,695.5,444.7,906.4,480.4,1029.4,645.8,69BopbFc34U.000.mp4,1280,720,29.97,459,emotional_stability,high
74,2469,mouth,574.4,467.0,698.2,513.7,878.0,673.8,1032.8,732.1,69BopbFc34U.000.mp4,1280,720,29.97,459,emotional_stability,high
74,2469,forehead,472.4,193.4,799.0,452.6,750.5,331.7,1158.8,655.7,69BopbFc34U.000.mp4,1280,720,29.97,459,emotional_stability,high
74,2469,chin,472.4,323.1,788.9,564.7,750.5,493.9,1146.1,795.9,69BopbFc34U.000.mp4,1280,720,29.97,459,emotional_stability,high
74,2469,left_cheek,491.5,337.5,594.8,470.4,774.4,511.9,903.4,678.0,69BopbFc34U.000.mp4,1280,720,29.97,459,emotional_stability,high
74,2469,right_cheek,696.8,353.9,786.0,480.4,1031.0,532.4,1142.5,690.5,69BopbFc34U.000.mp4,1280,720,29.97,459,emotional_stability,high
75,2502,left_eye,504.5,245.1,621.4,333.4,790.6,396.4,936.7,506.8,69BopbFc34U.000.mp4,1280,720,29.97,459,emotional_stability,high
75,2502,right_eye,681.9,264.5,789.4,343.0,1012.4,420.6,1146.8,518.8,69BopbFc34U.000.mp4,1280,720,29.97,459,emotional_stability,high
75,2502,nose,596.7,312.3,695.4,444.8,905.9,480.4,1029.2,646.0,69BopbFc34U.000.mp4,1280,720,29.97,459,emotional_stability,high
75,2502,mouth,574.2,467.2,698.0,514.5,877.7,674.0,1032.5,733.1,69BopbFc34U.000.mp4,1280,720,29.97,459,emotional_stability,high
75,2502,forehead,472.3,193.4,799.3,453.1,750.4,331.7,1159.1,656.3,69BopbFc34U.000.mp4,1280,720,29.97,459,emotional_stability,high
75,2502,chin,472.3,323.2,789.3,565.1,750.4,494.0,1146.6,796.4,69BopbFc34U.000.mp4,1280,720,29.97,459,emotional_stability,high
75,2502,left_cheek,491.3,337.7,594.5,470.8,774.1,512.1,903.1,678.5,69BopbFc34U.000.mp4,1280,720,29.97,459,emotional_stability,high
75,2502,right_cheek,696.7,354.2,786.0,480.8,1030.9,532.7,1142.5,691.0,69BopbFc34U.000.mp4,1280,720,29.97,459,emotional_stability,high
76,2535,left_eye,504.3,245.2,621.2,333.4,790.4,396.5,936.5,506.8,69BopbFc34U.000.mp4,1280,720,29.97,459,emotional_stability,high
76,2535,right_eye,681.9,264.6,789.5,343.2,1012.3,420.7,1146.8,519.0,69BopbFc34U.000.mp4,1280,720,29.97,459,emotional_stability,high
76,2535,nose,596.5,312.4,695.4,444.8,905.6,480.5,1029.2,646.0,69BopbFc34U.000.mp4,1280,720,29.97,459,emotional_stability,high
76,2535,mouth,573.9,467.3,697.8,514.7,877.4,674.1,1032.2,733.4,69BopbFc34U.000.mp4,1280,720,29.97,459,emotional_stability,high
76,2535,forehead,472.2,193.4,799.4,453.4,750.2,331.8,1159.2,656.8,69BopbFc34U.000.mp4,1280,720,29.97,459,emotional_stability,high
76,2535,chin,472.2,323.3,789.3,565.2,750.2,494.1,1146.7,796.5,69BopbFc34U.000.mp4,1280,720,29.97,459,emotional_stability,high
76,2535,left_cheek,491.1,337.7,594.2,470.9,773.9,512.1,902.8,678.6,69BopbFc34U.000.mp4,1280,720,29.97,459,emotional_stability,high
76,2535,right_cheek,696.7,354.4,786.0,481.1,1030.8,533.0,1142.5,691.4,69BopbFc34U.000.mp4,1280,720,29.97,459,emotional_stability,high
77,2569,left_eye,504.0,245.2,620.9,333.5,790.0,396.5,936.2,506.8,69BopbFc34U.000.mp4,1280,720,29.97,459,emotional_stability,high
77,2569,right_eye,681.8,264.7,789.5,343.2,1012.2,420.8,1146.9,519.1,69BopbFc34U.000.mp4,1280,720,29.97,459,emotional_stability,high
77,2569,nose,596.2,312.4,695.3,444.8,905.3,480.5,1029.1,645.9,69BopbFc34U.000.mp4,1280,720,29.97,459,emotional_stability,high
77,2569,mouth,573.9,467.2,697.7,514.8,877.3,674.0,1032.1,733.4,69BopbFc34U.000.mp4,1280,720,29.97,459,emotional_stability,high
77,2569,forehead,472.0,193.4,799.5,453.7,750.0,331.8,1159.4,657.1,69BopbFc34U.000.mp4,1280,720,29.97,459,emotional_stability,high
77,2569,chin,472.0,323.4,789.5,565.3,750.0,494.2,1146.9,796.6,69BopbFc34U.000.mp4,1280,720,29.97,459,emotional_stability,high
77,2569,left_cheek,490.8,337.7,594.0,470.9,773.5,512.2,902.5,678.6,69BopbFc34U.000.mp4,1280,720,29.97,459,emotional_stability,high
77,2569,right_cheek,696.6,354.6,786.1,481.2,1030.8,533.3,1142.6,691.5,69BopbFc34U.000.mp4,1280,720,29.97,459,emotional_stability,high
78,2602,left_eye,503.6,245.0,620.6,333.1,789.5,396.2,935.7,506.3,69BopbFc34U.000.mp4,1280,720,29.97,459,emotional_stability,high
78,2602,right_eye,681.4,264.6,789.3,343.2,1011.7,420.8,1146.7,519.0,69BopbFc34U.000.mp4,1280,720,29.97,459,emotional_stability,high
78,2602,nose,595.8,312.2,695.1,444.7,904.8,480.3,1028.9,645.9,69BopbFc34U.000.mp4,1280,720,29.97,459,emotional_stability,high
78,2602,mouth,573.7,467.1,697.3,514.6,877.2,673.9,1031.7,733.2,69BopbFc34U.000.mp4,1280,720,29.97,459,emotional_stability,high
78,2602,forehead,471.3,193.3,799.4,453.7,749.2,331.7,1159.3,657.2,69BopbFc34U.000.mp4,1280,720,29.97,459,emotional_stability,high
78,2602,chin,471.3,323.3,789.5,565.3,749.2,494.2,1146.9,796.6,69BopbFc34U.000.mp4,1280,720,29.97,459,emotional_stability,high
78,2602,left_cheek,490.2,337.5,593.6,470.6,772.8,511.9,902.0,678.3,69BopbFc34U.000.mp4,1280,720,29.97,459,emotional_stability,high
78,2602,right_cheek,696.3,354.6,785.9,481.2,1030.4,533.2,1142.4,691.5,69BopbFc34U.000.mp4,1280,720,29.97,459,emotional_stability,high
79,2635,left_eye,503.1,244.8,619.9,333.0,788.9,396.0,934.8,506.3,69BopbFc34U.000.mp4,1280,720,29.97,459,emotional_stability,high
79,2635,right_eye,680.8,264.4,789.2,343.2,1011.0,420.6,1146.5,519.0,69BopbFc34U.000.mp4,1280,720,29.97,459,emotional_stability,high
79,2635,nose,595.4,312.0,694.5,444.0,904.3,480.0,1028.1,645.1,69BopbFc34U.000.mp4,1280,720,29.97,459,emotional_stability,high
79,2635,mouth,573.6,466.7,696.9,513.4,877.0,673.3,1031.1,731.8,69BopbFc34U.000.mp4,1280,720,29.97,459,emotional_stability,high
79,2635,forehead,471.1,193.2,799.4,453.8,748.9,331.5,1159.3,657.3,69BopbFc34U.000.mp4,1280,720,29.97,459,emotional_stability,high
79,2635,chin,471.1,323.4,789.5,565.2,748.9,494.2,1146.9,796.4,69BopbFc34U.000.mp4,1280,720,29.97,459,emotional_stability,high
79,2635,left_cheek,489.9,337.4,593.0,470.4,772.4,511.8,901.3,678.0,69BopbFc34U.000.mp4,1280,720,29.97,459,emotional_stability,high
79,2635,right_cheek,695.8,354.6,785.8,481.2,1029.8,533.2,1142.3,691.4,69BopbFc34U.000.mp4,1280,720,29.97,459,emotional_stability,high
80,2669,left_eye,502.6,244.7,619.2,333.0,788.3,395.9,934.0,506.2,69BopbFc34U.000.mp4,1280,720,29.97,459,emotional_stability,high
80,2669,right_eye,680.3,264.4,789.1,343.2,1010.4,420.5,1146.3,519.0,69BopbFc34U.000.mp4,1280,720,29.97,459,emotional_stability,high
80,2669,nose,595.3,311.8,693.9,443.6,904.2,479.8,1027.4,644.5,69BopbFc34U.000.mp4,1280,720,29.97,459,emotional_stability,high
80,2669,mouth,573.7,465.9,696.5,510.8,877.1,672.3,1030.6,728.5,69BopbFc34U.000.mp4,1280,720,29.97,459,emotional_stability,high
80,2669,forehead,471.0,193.1,799.4,453.8,748.8,331.4,1159.2,657.3,69BopbFc34U.000.mp4,1280,720,29.97,459,emotional_stability,high
80,2669,chin,471.0,323.4,789.5,564.6,748.8,494.2,1146.9,795.8,69BopbFc34U.000.mp4,1280,720,29.97,459,emotional_stability,high
80,2669,left_cheek,489.8,337.3,592.8,469.9,772.2,511.6,901.0,677.4,69BopbFc34U.000.mp4,1280,720,29.97,459,emotional_stability,high
80,2669,right_cheek,695.5,354.6,785.7,480.9,1029.4,533.2,1142.1,691.1,69BopbFc34U.000.mp4,1280,720,29.97,459,emotional_stability,high
81,2702,left_eye,502.6,244.7,618.8,333.0,788.2,395.9,933.5,506.3,69BopbFc34U.000.mp4,1280,720,29.97,459,emotional_stability,high
81,2702,right_eye,680.3,264.2,788.8,343.1,1010.4,420.2,1146.0,518.8,69BopbFc34U.000.mp4,1280,720,29.97,459,emotional_stability,high
81,2702,nose,595.3,311.8,693.6,443.1,904.1,479.7,1027.0,643.9,69BopbFc34U.000.mp4,1280,720,29.97,459,emotional_stability,high
81,2702,mouth,573.8,465.1,695.9,508.2,877.2,671.4,1029.9,725.2,69BopbFc34U.000.mp4,1280,720,29.97,459,emotional_stability,high
81,2702,forehead,471.0,193.1,799.3,453.8,748.8,331.4,1159.2,657.2,69BopbFc34U.000.mp4,1280,720,29.97,459,emotional_stability,high
81,2702,chin,471.0,323.4,789.6,563.5,748.8,494.2,1147.0,794.3,69BopbFc34U.000.mp4,1280,720,29.97,459,emotional_stability,high
81,2702,left_cheek,489.8,337.2,592.9,469.4,772.2,511.6,901.1,676.7,69BopbFc34U.000.mp4,1280,720,29.97,459,emotional_stability,high
81,2702,right_cheek,695.3,354.3,785.7,480.3,1029.2,532.9,1142.1,690.4,69BopbFc34U.000.mp4,1280,720,29.97,459,emotional_stability,high
82,2736,left_eye,502.6,245.3,618.8,333.5,788.2,396.6,933.4,506.9,69BopbFc34U.000.mp4,1280,720,29.97,459,emotional_stability,high
82,2736,right_eye,680.3,264.2,788.6,343.1,1010.4,420.3,1145.8,518.9,69BopbFc34U.000.mp4,1280,720,29.97,459,emotional_stability,high
82,2736,nose,595.3,311.8,693.6,442.6,904.2,479.7,1026.9,643.2,69BopbFc34U.000.mp4,1280,720,29.97,459,emotional_stability,high
82,2736,mouth,574.6,464.5,695.6,506.8,878.3,670.6,1029.5,723.5,69BopbFc34U.000.mp4,1280,720,29.97,459,emotional_stability,high
82,2736,forehead,471.0,193.3,799.3,453.8,748.8,331.6,1159.1,657.3,69BopbFc34U.000.mp4,1280,720,29.97,459,emotional_stability,high
82,2736,chin,471.0,323.8,789.7,562.6,748.8,494.8,1147.1,793.3,69BopbFc34U.000.mp4,1280,720,29.97,459,emotional_stability,high
82,2736,left_cheek,490.0,337.3,592.9,469.2,772.5,511.6,901.1,676.5,69BopbFc34U.000.mp4,1280,720,29.97,459,emotional_stability,high
82,2736,right_cheek,695.3,354.3,785.7,480.0,1029.2,532.8,1142.1,690.0,69BopbFc34U.000.mp4,1280,720,29.97,459,emotional_stability,high
83,2769,left_eye,502.2,245.4,618.4,333.7,787.7,396.8,933.0,507.2,69BopbFc34U.000.mp4,1280,720,29.97,459,emotional_stability,high
83,2769,right_eye,680.1,264.2,787.9,343.1,1010.1,420.3,1144.9,518.9,69BopbFc34U.000.mp4,1280,720,29.97,459,emotional_stability,high
83,2769,nose,595.3,311.8,693.1,442.1,904.2,479.7,1026.4,642.6,69BopbFc34U.000.mp4,1280,720,29.97,459,emotional_stability,high
83,2769,mouth,574.8,463.9,694.8,506.1,878.5,669.8,1028.4,722.6,69BopbFc34U.000.mp4,1280,720,29.97,459,emotional_stability,high
83,2769,forehead,470.7,193.4,798.7,453.9,748.4,331.7,1158.4,657.3,69BopbFc34U.000.mp4,1280,720,29.97,459,emotional_stability,high
83,2769,chin,470.7,324.3,789.3,561.8,748.4,495.4,1146.6,792.2,69BopbFc34U.000.mp4,1280,720,29.97,459,emotional_stability,high
83,2769,left_cheek,490.0,337.4,592.9,469.0,772.5,511.7,901.1,676.3,69BopbFc34U.000.mp4,1280,720,29.97,459,emotional_stability,high
83,2769,right_cheek,695.0,354.2,785.1,479.5,1028.8,532.8,1141.4,689.4,69BopbFc34U.000.mp4,1280,720,29.97,459,emotional_stability,high
84,2802,left_eye,502.2,245.6,618.4,333.8,787.7,397.0,933.0,507.2,69BopbFc34U.000.mp4,1280,720,29.97,459,emotional_stability,high
84,2802,right_eye,680.0,264.2,787.2,343.1,1010.0,420.2,1144.0,518.9,69BopbFc34U.000.mp4,1280,720,29.97,459,emotional_stability,high
84,2802,nose,595.4,311.8,692.8,441.7,904.2,479.7,1026.0,642.1,69BopbFc34U.000.mp4,1280,720,29.97,459,emotional_stability,high
84,2802,mouth,575.0,463.6,694.4,506.1,878.7,669.5,1028.0,722.6,69BopbFc34U.000.mp4,1280,720,29.97,459,emotional_stability,high
84,2802,forehead,470.6,193.4,798.0,453.9,748.2,331.8,1157.4,657.3,69BopbFc34U.000.mp4,1280,720,29.97,459,emotional_stability,high
84,2802,chin,470.6,324.6,788.5,561.1,748.2,495.8,1145.7,791.4,69BopbFc34U.000.mp4,1280,720,29.97,459,emotional_stability,high
84,2802,left_cheek,490.0,337.4,592.9,468.8,772.5,511.8,901.1,676.0,69BopbFc34U.000.mp4,1280,720,29.97,459,emotional_stability,high
84,2802,right_cheek,694.9,354.2,784.7,479.2,1028.6,532.7,1140.9,689.0,69BopbFc34U.000.mp4,1280,720,29.97,459,emotional_stability,high
85,2836,left_eye,501.6,245.9,618.1,334.0,786.9,397.3,932.6,507.5,69BopbFc34U.000.mp4,1280,720,29.97,459,emotional_stability,high
85,2836,right_eye,679.8,264.2,786.2,343.2,1009.7,420.3,1142.8,519.0,69BopbFc34U.000.mp4,1280,720,29.97,459,emotional_stability,high
85,2836,nose,595.2,311.8,692.6,441.3,904.0,479.7,1025.8,641.6,69BopbFc34U.000.mp4,1280,720,29.97,459,emotional_stability,high
85,2836,mouth,575.0,463.2,693.4,506.4,878.7,669.0,1026.7,723.0,69BopbFc34U.000.mp4,1280,720,29.97,459,emotional_stability,high
85,2836,forehead,469.9,193.8,796.6,453.9,747.4,332.3,1155.7,657.3,69BopbFc34U.000.mp4,1280,720,29.97,459,emotional_stability,high
85,2836,chin,469.9,325.0,786.7,560.9,747.4,496.2,1143.4,791.1,69BopbFc34U.000.mp4,1280,720,29.97,459,emotional_stability,high
85,2836,left_cheek,489.7,337.5,592.7,468.7,772.2,511.9,900.9,675.9,69BopbFc34U.000.mp4,1280,720,29.97,459,emotional_stability,high
85,2836,right_cheek,694.5,354.2,783.8,478.9,1028.1,532.7,1139.7,688.6,69BopbFc34U.000.mp4,1280,720,29.97,459,emotional_stability,high
86,2869,left_eye,501.6,246.1,618.1,334.2,786.9,397.7,932.6,507.7,69BopbFc34U.000.mp4,1280,720,29.97,459,emotional_stability,high
86,2869,right_eye,679.7,264.4,785.6,343.3,1009.6,420.5,1142.0,519.2,69BopbFc34U.000.mp4,1280,720,29.97,459,emotional_stability,high
86,2869,nose,595.3,311.9,692.6,441.3,904.1,479.8,1025.8,641.6,69BopbFc34U.000.mp4,1280,720,29.97,459,emotional_stability,high
86,2869,mouth,575.0,463.1,693.4,506.6,878.7,668.9,1026.7,723.3,69BopbFc34U.000.mp4,1280,720,29.97,459,emotional_stability,high
86,2869,forehead,469.6,194.1,795.7,453.9,746.9,332.7,1154.6,657.4,69BopbFc34U.000.mp4,1280,720,29.97,459,emotional_stability,high
86,2869,chin,469.6,325.3,785.5,560.9,746.9,496.6,1141.9,791.1,69BopbFc34U.000.mp4,1280,720,29.97,459,emotional_stability,high
86,2869,left_cheek,489.7,337.7,592.7,468.6,772.1,512.1,900.9,675.8,69BopbFc34U.000.mp4,1280,720,29.97,459,emotional_stability,high
86,2869,right_cheek,694.4,354.3,783.2,478.9,1028.0,532.9,1139.0,688.6,69BopbFc34U.000.mp4,1280,720,29.97,459,emotional_stability,high
87,2902,left_eye,501.9,246.7,619.0,334.3,787.3,398.4,933.7,507.9,69BopbFc34U.000.mp4,1280,720,29.97,459,emotional_stability,high
87,2902,right_eye,680.0,264.6,785.4,343.4,1010.0,420.8,1141.7,519.2,69BopbFc34U.000.mp4,1280,720,29.97,459,emotional_stability,high
87,2902,nose,595.8,312.0,692.9,441.3,904.7,479.9,1026.1,641.7,69BopbFc34U.000.mp4,1280,720,29.97,459,emotional_stability,high
87,2902,mouth,575.1,463.1,693.5,506.8,878.9,668.9,1026.9,723.5,69BopbFc34U.000.mp4,1280,720,29.97,459,emotional_stability,high
87,2902,forehead,469.2,194.3,795.4,453.9,746.5,332.9,1154.2,657.4,69BopbFc34U.000.mp4,1280,720,29.97,459,emotional_stability,high
87,2902,chin,469.2,325.4,784.8,561.0,746.5,496.7,1141.0,791.2,69BopbFc34U.000.mp4,1280,720,29.97,459,emotional_stability,high
87,2902,left_cheek,489.7,337.8,593.0,468.6,772.2,512.2,901.3,675.8,69BopbFc34U.000.mp4,1280,720,29.97,459,emotional_stability,high
87,2902,right_cheek,694.5,354.3,783.1,478.9,1028.1,532.9,1138.9,688.6,69BopbFc34U.000.mp4,1280,720,29.97,459,emotional_stability,high
88,2936,left_eye,502.0,247.2,619.6,334.6,787.5,399.0,934.5,508.3,69BopbFc34U.000.mp4,1280,720,29.97,459,emotional_stability,high
88,2936,right_eye,680.1,264.8,785.0,343.6,1010.1,421.0,1141.2,519.5,69BopbFc34U.000.mp4,1280,720,29.97,459,emotional_stability,high
88,2936,nose,596.2,312.2,693.3,441.8,905.3,480.3,1026.6,642.2,69BopbFc34U.000.mp4,1280,720,29.97,459,emotional_stability,high
88,2936,mouth,575.2,463.2,693.6,507.1,879.0,669.0,1026.9,723.8,69BopbFc34U.000.mp4,1280,720,29.97,459,emotional_stability,high
88,2936,forehead,468.5,194.4,794.7,453.9,745.7,333.0,1153.4,657.4,69BopbFc34U.000.mp4,1280,720,29.97,459,emotional_stability,high
88,2936,chin,468.5,325.3,783.7,561.0,745.7,496.7,1139.6,791.3,69BopbFc34U.000.mp4,1280,720,29.97,459,emotional_stability,high
88,2936,left_cheek,489.7,337.8,593.3,468.6,772.1,512.3,901.6,675.8,69BopbFc34U.000.mp4,1280,720,29.97,459,emotional_stability,high
88,2936,right_cheek,694.6,354.4,782.9,478.9,1028.2,533.0,1138.6,688.6,69BopbFc34U.000.mp4,1280,720,29.97,459,emotional_stability,high
89,2969,left_eye,502.2,247.6,620.0,334.8,787.8,399.5,935.0,508.5,69BopbFc34U.000.mp4,1280,720,29.97,459,emotional_stability,high
89,2969,right_eye,680.3,264.9,784.6,343.6,1010.4,421.2,1140.7,519.6,69BopbFc34U.000.mp4,1280,720,29.97,459,emotional_stability,high
89,2969,nose,596.8,312.4,693.6,441.9,906.0,480.5,1027.0,642.4,69BopbFc34U.000.mp4,1280,720,29.97,459,emotional_stability,high
89,2969,mouth,575.8,463.2,693.6,507.2,879.7,669.0,1027.0,724.0,69BopbFc34U.000.mp4,1280,720,29.97,459,emotional_stability,high
89,2969,forehead,468.4,194.5,794.2,453.9,745.5,333.2,1152.7,657.4,69BopbFc34U.000.mp4,1280,720,29.97,459,emotional_stability,high
89,2969,chin,468.4,325.4,783.1,561.0,745.5,496.7,1138.9,791.3,69BopbFc34U.000.mp4,1280,720,29.97,459,emotional_stability,high
89,2969,left_cheek,489.7,337.9,593.7,468.6,772.2,512.4,902.1,675.8,69BopbFc34U.000.mp4,1280,720,29.97,459,emotional_stability,high
89,2969,right_cheek,694.6,354.4,782.6,478.9,1028.3,533.0,1138.3,688.6,69BopbFc34U.000.mp4,1280,720,29.97,459,emotional_stability,high
90,3003,left_eye,502.7,247.7,620.8,335.0,788.3,399.6,936.0,508.7,69BopbFc34U.000.mp4,1280,720,29.97,459,emotional_stability,high
90,3003,right_eye,681.1,265.1,784.6,343.7,1011.4,421.3,1140.7,519.6,69BopbFc34U.000.mp4,1280,720,29.97,459,emotional_stability,high
90,3003,nose,597.9,312.6,694.9,442.4,907.4,480.8,1028.6,643.0,69BopbFc34U.000.mp4,1280,720,29.97,459,emotional_stability,high
90,3003,mouth,577.0,463.2,694.1,507.5,881.2,669.0,1027.7,724.3,69BopbFc34U.000.mp4,1280,720,29.97,459,emotional_stability,high
90,3003,forehead,468.4,194.5,794.0,453.7,745.5,333.2,1152.5,657.1,69BopbFc34U.000.mp4,1280,720,29.97,459,emotional_stability,high
90,3003,chin,468.4,325.3,782.8,561.1,745.5,496.7,1138.5,791.4,69BopbFc34U.000.mp4,1280,720,29.97,459,emotional_stability,high
90,3003,left_cheek,490.0,338.0,594.6,468.6,772.5,512.5,903.3,675.8,69BopbFc34U.000.mp4,1280,720,29.97,459,emotional_stability,high
90,3003,right_cheek,695.2,354.4,782.7,478.8,1029.1,533.0,1138.3,688.5,69BopbFc34U.000.mp4,1280,720,29.97,459,emotional_stability,high
91,3036,left_eye,502.9,247.8,621.2,335.1,788.7,399.7,936.5,508.9,69BopbFc34U.000.mp4,1280,720,29.97,459,emotional_stability,high
91,3036,right_eye,681.7,265.2,784.6,343.7,1012.1,421.5,1140.8,519.6,69BopbFc34U.000.mp4,1280,720,29.97,459,emotional_stability,high
91,3036,nose,598.6,312.8,695.6,442.9,908.2,481.0,1029.5,643.6,69BopbFc34U.000.mp4,1280,720,29.97,459,emotional_stability,high
91,3036,mouth,577.8,463.4,694.6,508.2,882.3,669.2,1028.3,725.3,69BopbFc34U.000.mp4,1280,720,29.97,459,emotional_stability,high
91,3036,forehead,468.4,194.6,794.0,453.6,745.5,333.2,1152.5,657.0,69BopbFc34U.000.mp4,1280,720,29.97,459,emotional_stability,high
91,3036,chin,468.4,325.3,782.7,561.4,745.5,496.7,1138.4,791.8,69BopbFc34U.000.mp4,1280,720,29.97,459,emotional_stability,high
91,3036,left_cheek,490.2,338.1,595.3,468.7,772.8,512.6,904.1,675.9,69BopbFc34U.000.mp4,1280,720,29.97,459,emotional_stability,high
91,3036,right_cheek,695.7,354.4,782.7,478.8,1029.7,532.9,1138.4,688.6,69BopbFc34U.000.mp4,1280,720,29.97,459,emotional_stability,high
92,3069,left_eye,503.3,247.9,621.7,335.2,789.1,399.9,937.1,509.0,69BopbFc34U.000.mp4,1280,720,29.97,459,emotional_stability,high
92,3069,right_eye,682.5,265.2,784.7,343.7,1013.1,421.5,1140.8,519.6,69BopbFc34U.000.mp4,1280,720,29.97,459,emotional_stability,high
92,3069,nose,599.3,312.9,696.7,443.0,909.2,481.1,1030.8,643.7,69BopbFc34U.000.mp4,1280,720,29.97,459,emotional_stability,high
92,3069,mouth,578.7,463.5,695.7,508.7,883.4,669.4,1029.6,725.9,69BopbFc34U.000.mp4,1280,720,29.97,459,emotional_stability,high
92,3069,forehead,468.5,194.6,794.1,453.6,745.6,333.3,1152.6,657.0,69BopbFc34U.000.mp4,1280,720,29.97,459,emotional_stability,high
92,3069,chin,468.5,325.6,782.8,561.8,745.6,497.0,1138.5,792.2,69BopbFc34U.000.mp4,1280,720,29.97,459,emotional_stability,high
92,3069,left_cheek,490.6,338.4,595.9,469.0,773.3,513.0,904.9,676.2,69BopbFc34U.000.mp4,1280,720,29.97,459,emotional_stability,high
92,3069,right_cheek,696.5,354.4,782.8,478.9,1030.6,532.9,1138.5,688.6,69BopbFc34U.000.mp4,1280,720,29.97,459,emotional_stability,high
93,3103,left_eye,503.7,248.1,622.3,335.3,789.6,400.1,937.8,509.1,69BopbFc34U.000.mp4,1280,720,29.97,459,emotional_stability,high
93,3103,right_eye,682.9,265.4,784.7,343.7,1013.6,421.8,1140.9,519.6,69BopbFc34U.000.mp4,1280,720,29.97,459,emotional_stability,high
93,3103,nose,599.7,313.1,697.1,443.3,909.6,481.4,1031.3,644.2,69BopbFc34U.000.mp4,1280,720,29.97,459,emotional_stability,high
93,3103,mouth,578.9,463.6,695.8,509.1,883.6,669.6,1029.7,726.4,69BopbFc34U.000.mp4,1280,720,29.97,459,emotional_stability,high
93,3103,forehead,468.5,194.8,793.9,453.6,745.6,333.5,1152.4,657.0,69BopbFc34U.000.mp4,1280,720,29.97,459,emotional_stability,high
93,3103,chin,468.5,325.6,782.2,562.3,745.6,497.0,1137.8,792.8,69BopbFc34U.000.mp4,1280,720,29.97,459,emotional_stability,high
93,3103,left_cheek,490.8,338.5,596.3,469.1,773.6,513.1,905.4,676.3,69BopbFc34U.000.mp4,1280,720,29.97,459,emotional_stability,high
93,3103,right_cheek,696.8,354.4,782.8,478.9,1031.0,533.0,1138.5,688.6,69BopbFc34U.000.mp4,1280,720,29.97,459,emotional_stability,high
94,3136,left_eye,504.5,248.4,622.9,335.4,790.6,400.5,938.6,509.3,69BopbFc34U.000.mp4,1280,720,29.97,459,emotional_stability,high
94,3136,right_eye,683.4,265.8,784.7,343.8,1014.3,422.2,1140.9,519.7,69BopbFc34U.000.mp4,1280,720,29.97,459,emotional_stability,high
94,3136,nose,600.1,313.4,697.4,443.8,910.2,481.7,1031.8,644.8,69BopbFc34U.000.mp4,1280,720,29.97,459,emotional_stability,high
94,3136,mouth,579.2,464.0,696.0,509.5,884.1,670.0,1030.0,726.9,69BopbFc34U.000.mp4,1280,720,29.97,459,emotional_stability,high
94,3136,forehead,468.7,194.9,793.9,453.7,745.9,333.6,1152.4,657.1,69BopbFc34U.000.mp4,1280,720,29.97,459,emotional_stability,high
94,3136,chin,468.7,325.7,782.3,562.9,745.9,497.1,1137.9,793.6,69BopbFc34U.000.mp4,1280,720,29.97,459,emotional_stability,high
94,3136,left_cheek,491.3,338.8,596.8,469.4,774.1,513.5,906.0,676.8,69BopbFc34U.000.mp4,1280,720,29.97,459,emotional_stability,high
94,3136,right_cheek,697.2,354.5,782.8,479.1,1031.5,533.1,1138.6,688.9,69BopbFc34U.000.mp4,1280,720,29.97,459,emotional_stability,high
95,3169,left_eye,505.1,248.6,623.4,335.6,791.3,400.8,939.2,509.4,69BopbFc34U.000.mp4,1280,720,29.97,459,emotional_stability,high
95,3169,right_eye,683.8,265.9,784.8,343.8,1014.7,422.4,1141.0,519.8,69BopbFc34U.000.mp4,1280,720,29.97,459,emotional_stability,high
95,3169,nose,600.4,313.5,697.6,443.9,910.5,481.9,1032.1,644.9,69BopbFc34U.000.mp4,1280,720,29.97,459,emotional_stability,high
95,3169,mouth,579.5,464.3,696.0,510.1,884.4,670.4,1030.0,727.6,69BopbFc34U.000.mp4,1280,720,29.97,459,emotional_stability,high
95,3169,forehead,468.9,194.9,794.0,454.0,746.2,333.7,1152.5,657.4,69BopbFc34U.000.mp4,1280,720,29.97,459,emotional_stability,high
95,3169,chin,468.9,325.8,782.4,563.3,746.2,497.3,1138.0,794.2,69BopbFc34U.000.mp4,1280,720,29.97,459,emotional_stability,high
95,3169,left_cheek,491.7,338.9,597.1,469.6,774.6,513.7,906.4,677.1,69BopbFc34U.000.mp4,1280,720,29.97,459,emotional_stability,high
95,3169,right_cheek,697.5,354.6,782.9,479.4,1031.9,533.3,1138.7,689.2,69BopbFc34U.000.mp4,1280,720,29.97,459,emotional_stability,high
96,3203,left_eye,505.6,248.8,623.7,335.7,792.0,401.0,939.7,509.6,69BopbFc34U.000.mp4,1280,720,29.97,459,emotional_stability,high
96,3203,right_eye,684.1,266.1,785.0,343.9,1015.1,422.7,1141.2,519.9,69BopbFc34U.000.mp4,1280,720,29.97,459,emotional_stability,high
96,3203,nose,600.4,313.7,697.7,444.3,910.5,482.2,1032.1,645.4,69BopbFc34U.000.mp4,1280,720,29.97,459,emotional_stability,high
96,3203,mouth,579.7,464.9,696.0,511.1,884.6,671.1,1030.0,728.9,69BopbFc34U.000.mp4,1280,720,29.97,459,emotional_stability,high
96,3203,forehead,469.1,195.1,794.0,454.0,746.4,333.9,1152.5,657.4,69BopbFc34U.000.mp4,1280,720,29.97,459,emotional_stability,high
96,3203,chin,469.1,325.8,782.4,563.9,746.4,497.3,1138.0,794.9,69BopbFc34U.000.mp4,1280,720,29.97,459,emotional_stability,high
96,3203,left_cheek,492.0,339.0,597.3,469.8,775.0,513.8,906.6,677.3,69BopbFc34U.000.mp4,1280,720,29.97,459,emotional_stability,high
96,3203,right_cheek,697.7,354.7,783.0,479.6,1032.1,533.4,1138.8,689.5,69BopbFc34U.000.mp4,1280,720,29.97,459,emotional_stability,high
97,3236,left_eye,505.9,249.0,624.1,335.8,792.4,401.3,940.1,509.7,69BopbFc34U.000.mp4,1280,720,29.97,459,emotional_stability,high
97,3236,right_eye,684.3,266.2,785.2,343.9,1015.3,422.8,1141.5,519.9,69BopbFc34U.000.mp4,1280,720,29.97,459,emotional_stability,high
97,3236,nose,600.3,313.9,697.8,444.5,910.4,482.4,1032.2,645.7,69BopbFc34U.000.mp4,1280,720,29.97,459,emotional_stability,high
97,3236,mouth,579.6,465.3,696.0,511.9,884.5,671.6,1030.0,729.8,69BopbFc34U.000.mp4,1280,720,29.97,459,emotional_stability,high
97,3236,forehead,469.3,195.2,794.1,454.0,746.6,334.1,1152.7,657.5,69BopbFc34U.000.mp4,1280,720,29.97,459,emotional_stability,high
97,3236,chin,469.3,325.8,782.5,564.4,746.6,497.3,1138.1,795.5,69BopbFc34U.000.mp4,1280,720,29.97,459,emotional_stability,high
97,3236,left_cheek,492.2,339.1,597.4,470.0,775.2,513.9,906.8,677.5,69BopbFc34U.000.mp4,1280,720,29.97,459,emotional_stability,high
97,3236,right_cheek,697.9,354.8,783.2,479.8,1032.3,533.5,1138.9,689.7,69BopbFc34U.000.mp4,1280,720,29.97,459,emotional_stability,high
98,3269,left_eye,506.2,249.2,624.4,335.8,792.7,401.5,940.5,509.8,69BopbFc34U.000.mp4,1280,720,29.97,459,emotional_stability,high
98,3269,right_eye,684.5,266.4,785.5,344.0,1015.7,423.0,1141.8,520.0,69BopbFc34U.000.mp4,1280,720,29.97,459,emotional_stability,high
98,3269,nose,600.3,314.0,698.0,444.6,910.4,482.5,1032.5,645.8,69BopbFc34U.000.mp4,1280,720,29.97,459,emotional_stability,high
98,3269,mouth,579.6,465.5,696.0,512.5,884.5,671.9,1030.0,730.6,69BopbFc34U.000.mp4,1280,720,29.97,459,emotional_stability,high
98,3269,forehead,469.4,195.3,794.3,454.2,746.8,334.2,1152.8,657.7,69BopbFc34U.000.mp4,1280,720,29.97,459,emotional_stability,high
98,3269,chin,469.4,325.9,782.5,564.9,746.8,497.3,1138.1,796.1,69BopbFc34U.000.mp4,1280,720,29.97,459,emotional_stability,high
98,3269,left_cheek,492.3,339.2,597.5,470.1,775.3,514.0,906.8,677.6,69BopbFc34U.000.mp4,1280,720,29.97,459,emotional_stability,high
98,3269,right_cheek,698.1,355.0,783.3,480.1,1032.6,533.8,1139.1,690.2,69BopbFc34U.000.mp4,1280,720,29.97,459,emotional_stability,high
99,3303,left_eye,506.3,249.2,624.7,335.9,792.9,401.5,940.9,509.8,69BopbFc34U.000.mp4,1280,720,29.97,459,emotional_stability,high
99,3303,right_eye,684.8,266.4,785.7,344.0,1016.0,423.1,1142.1,520.0,69BopbFc34U.000.mp4,1280,720,29.97,459,emotional_stability,high
99,3303,nose,600.3,314.2,698.3,444.8,910.4,482.7,1032.9,646.0,69BopbFc34U.000.mp4,1280,720,29.97,459,emotional_stability,high
99,3303,mouth,579.4,465.8,696.1,513.0,884.3,672.2,1030.1,731.2,69BopbFc34U.000.mp4,1280,720,29.97,459,emotional_stability,high
99,3303,forehead,469.4,195.4,794.4,454.3,746.8,334.2,1153.0,657.9,69BopbFc34U.000.mp4,1280,720,29.97,459,emotional_stability,high
99,3303,chin,469.4,325.8,782.5,565.3,746.8,497.3,1138.2,796.6,69BopbFc34U.000.mp4,1280,720,29.97,459,emotional_stability,high
99,3303,left_cheek,492.3,339.2,597.5,470.2,775.4,514.0,906.9,677.8,69BopbFc34U.000.mp4,1280,720,29.97,459,emotional_stability,high
99,3303,right_cheek,698.4,355.2,783.5,480.4,1033.0,534.0,1139.4,690.5,69BopbFc34U.000.mp4,1280,720,29.97,459,emotional_stability,high
100,3336,left_eye,506.4,249.2,624.9,335.9,793.0,401.5,941.1,509.9,69BopbFc34U.000.mp4,1280,720,29.97,459,emotional_stability,high
100,3336,right_eye,684.9,266.5,785.8,344.1,1016.2,423.1,1142.2,520.1,69BopbFc34U.000.mp4,1280,720,29.97,459,emotional_stability,high
100,3336,nose,600.3,314.3,698.4,445.0,910.3,482.8,1033.0,646.3,69BopbFc34U.000.mp4,1280,720,29.97,459,emotional_stability,high
100,3336,mouth,579.3,466.1,696.0,513.5,884.1,672.6,1030.1,731.8,69BopbFc34U.000.mp4,1280,720,29.97,459,emotional_stability,high
100,3336,forehead,469.4,195.4,794.5,454.3,746.8,334.2,1153.1,657.9,69BopbFc34U.000.mp4,1280,720,29.97,459,emotional_stability,high
100,3336,chin,469.4,325.7,782.5,565.4,746.8,497.1,1138.1,796.7,69BopbFc34U.000.mp4,1280,720,29.97,459,emotional_stability,high
100,3336,left_cheek,492.3,339.2,597.5,470.3,775.4,514.0,906.9,677.9,69BopbFc34U.000.mp4,1280,720,29.97,459,emotional_stability,high
100,3336,right_cheek,698.5,355.3,783.6,480.6,1033.1,534.1,1139.5,690.7,69BopbFc34U.000.mp4,1280,720,29.97,459,emotional_stability,high
101,3370,left_eye,506.4,249.1,624.9,335.8,793.0,401.4,941.1,509.8,69BopbFc34U.000.mp4,1280,720,29.97,459,emotional_stability,high
101,3370,right_eye,685.0,266.4,786.0,343.9,1016.3,423.0,1142.5,519.9,69BopbFc34U.000.mp4,1280,720,29.97,459,emotional_stability,high
101,3370,nose,600.2,314.2,698.5,444.9,910.3,482.7,1033.2,646.1,69BopbFc34U.000.mp4,1280,720,29.97,459,emotional_stability,high
101,3370,mouth,579.1,466.1,696.0,513.6,883.9,672.6,1030.0,732.0,69BopbFc34U.000.mp4,1280,720,29.97,459,emotional_stability,high
101,3370,forehead,469.5,195.3,794.6,454.2,746.8,334.2,1153.2,657.8,69BopbFc34U.000.mp4,1280,720,29.97,459,emotional_stability,high
101,3370,chin,469.5,325.6,782.5,565.4,746.8,497.0,1138.1,796.8,69BopbFc34U.000.mp4,1280,720,29.97,459,emotional_stability,high
101,3370,left_cheek,492.3,339.1,597.5,470.3,775.4,513.9,906.9,677.9,69BopbFc34U.000.mp4,1280,720,29.97,459,emotional_stability,high
101,3370,right_cheek,698.6,355.2,783.6,480.6,1033.2,534.0,1139.5,690.7,69BopbFc34U.000.mp4,1280,720,29.97,459,emotional_stability,high
102,3403,left_eye,506.4,249.0,625.0,335.8,793.0,401.3,941.2,509.7,69BopbFc34U.000.mp4,1280,720,29.97,459,emotional_stability,high
102,3403,right_eye,685.0,266.3,786.1,343.9,1016.3,422.9,1142.6,519.9,69BopbFc34U.000.mp4,1280,720,29.97,459,emotional_stability,high
102,3403,nose,600.2,314.2,698.5,444.9,910.3,482.7,1033.1,646.1,69BopbFc34U.000.mp4,1280,720,29.97,459,emotional_stability,high
102,3403,mouth,579.0,466.1,696.0,513.5,883.8,672.6,1030.0,731.9,69BopbFc34U.000.mp4,1280,720,29.97,459,emotional_stability,high
102,3403,forehead,469.5,195.3,794.6,454.1,746.8,334.1,1153.3,657.6,69BopbFc34U.000.mp4,1280,720,29.97,459,emotional_stability,high
102,3403,chin,469.5,325.4,782.5,565.4,746.8,496.7,1138.1,796.7,69BopbFc34U.000.mp4,1280,720,29.97,459,emotional_stability,high
102,3403,left_cheek,492.3,339.1,597.5,470.3,775.4,513.8,906.9,677.9,69BopbFc34U.000.mp4,1280,720,29.97,459,emotional_stability,high
102,3403,right_cheek,698.6,355.2,783.7,480.6,1033.2,534.0,1139.6,690.7,69BopbFc34U.000.mp4,1280,720,29.97,459,emotional_stability,high
103,3436,left_eye,506.4,248.8,625.0,335.4,793.0,401.1,941.2,509.2,69BopbFc34U.000.mp4,1280,720,29.97,459,emotional_stability,high
103,3436,right_eye,685.1,266.1,786.2,343.4,1016.3,422.6,1142.7,519.3,69BopbFc34U.000.mp4,1280,720,29.97,459,emotional_stability,high
103,3436,nose,600.2,313.8,698.6,444.1,910.2,482.2,1033.2,645.2,69BopbFc34U.000.mp4,1280,720,29.97,459,emotional_stability,high
103,3436,mouth,578.7,465.9,696.0,513.5,883.4,672.3,1030.0,731.8,69BopbFc34U.000.mp4,1280,720,29.97,459,emotional_stability,high
103,3436,forehead,469.5,195.2,794.6,453.8,746.8,334.1,1153.3,657.2,69BopbFc34U.000.mp4,1280,720,29.97,459,emotional_stability,high
103,3436,chin,469.5,325.3,782.4,565.3,746.8,496.6,1138.0,796.6,69BopbFc34U.000.mp4,1280,720,29.97,459,emotional_stability,high
103,3436,left_cheek,492.3,338.9,597.5,470.2,775.4,513.6,906.9,677.7,69BopbFc34U.000.mp4,1280,720,29.97,459,emotional_stability,high
103,3436,right_cheek,698.6,354.9,783.7,480.2,1033.3,533.7,1139.6,690.2,69BopbFc34U.000.mp4,1280,720,29.97,459,emotional_stability,high
104,3470,left_eye,506.4,248.5,624.9,335.0,793.0,400.7,941.2,508.8,69BopbFc34U.000.mp4,1280,720,29.97,459,emotional_stability,high
104,3470,right_eye,685.1,265.9,786.2,343.0,1016.3,422.3,1142.7,518.8,69BopbFc34U.000.mp4,1280,720,29.97,459,emotional_stability,high
104,3470,nose,600.2,313.5,698.6,443.8,910.2,481.9,1033.2,644.8,69BopbFc34U.000.mp4,1280,720,29.97,459,emotional_stability,high
104,3470,mouth,578.5,465.8,696.1,513.5,883.2,672.2,1030.1,731.8,69BopbFc34U.000.mp4,1280,720,29.97,459,emotional_stability,high
104,3470,forehead,469.5,195.1,794.6,453.7,746.9,333.9,1153.3,657.1,69BopbFc34U.000.mp4,1280,720,29.97,459,emotional_stability,high
104,3470,chin,469.5,325.2,782.4,565.3,746.9,496.5,1138.0,796.6,69BopbFc34U.000.mp4,1280,720,29.97,459,emotional_stability,high
104,3470,left_cheek,492.3,338.8,597.5,470.1,775.4,513.5,906.9,677.6,69BopbFc34U.000.mp4,1280,720,29.97,459,emotional_stability,high
104,3470,right_cheek,698.6,354.7,783.6,480.0,1033.3,533.4,1139.6,690.0,69BopbFc34U.000.mp4,1280,720,29.97,459,emotional_stability,high
105,3503,left_eye,506.3,248.3,624.9,334.8,792.8,400.3,941.1,508.6,69BopbFc34U.000.mp4,1280,720,29.97,459,emotional_stability,high
105,3503,right_eye,684.9,265.7,786.2,342.9,1016.1,422.1,1142.7,518.6,69BopbFc34U.000.mp4,1280,720,29.97,459,emotional_stability,high
105,3503,nose,600.1,313.3,698.4,443.5,910.1,481.7,1033.0,644.4,69BopbFc34U.000.mp4,1280,720,29.97,459,emotional_stability,high
105,3503,mouth,577.8,465.5,696.0,513.4,882.3,671.9,1030.0,731.8,69BopbFc34U.000.mp4,1280,720,29.97,459,emotional_stability,high
105,3503,forehead,469.5,195.1,794.5,453.7,746.8,333.9,1153.1,657.1,69BopbFc34U.000.mp4,1280,720,29.97,459,emotional_stability,high
105,3503,chin,469.5,325.1,782.0,565.3,746.8,496.4,1137.5,796.6,69BopbFc34U.000.mp4,1280,720,29.97,459,emotional_stability,high
105,3503,left_cheek,492.3,338.7,597.4,470.0,775.3,513.3,906.8,677.5,69BopbFc34U.000.mp4,1280,720,29.97,459,emotional_stability,high
105,3503,right_cheek,698.5,354.7,783.4,480.0,1033.1,533.3,1139.2,690.0,69BopbFc34U.000.mp4,1280,720,29.97,459,emotional_stability,high
106,3536,left_eye,506.0,248.1,624.8,334.6,792.5,400.1,941.0,508.3,69BopbFc34U.000.mp4,1280,720,29.97,459,emotional_stability,high
106,3536,right_eye,684.5,265.5,785.8,342.8,1015.7,421.8,1142.3,518.5,69BopbFc34U.000.mp4,1280,720,29.97,459,emotional_stability,high
106,3536,nose,599.9,313.2,698.1,443.2,909.9,481.5,1032.6,644.0,69BopbFc34U.000.mp4,1280,720,29.97,459,emotional_stability,high
106,3536,mouth,577.2,465.3,695.7,513.3,881.4,671.6,1029.6,731.7,69BopbFc34U.000.mp4,1280,720,29.97,459,emotional_stability,high
106,3536,forehead,469.0,195.0,793.9,453.6,746.2,333.7,1152.3,657.0,69BopbFc34U.000.mp4,1280,720,29.97,459,emotional_stability,high
106,3536,chin,469.0,325.0,781.0,565.2,746.2,496.3,1136.3,796.5,69BopbFc34U.000.mp4,1280,720,29.97,459,emotional_stability,high
106,3536,left_cheek,491.9,338.5,597.1,470.0,774.9,513.1,906.4,677.5,69BopbFc34U.000.mp4,1280,720,29.97,459,emotional_stability,high
106,3536,right_cheek,698.2,354.6,782.7,479.9,1032.7,533.3,1138.4,689.9,69BopbFc34U.000.mp4,1280,720,29.97,459,emotional_stability,high
107,3570,left_eye,505.8,248.0,624.6,334.4,792.2,400.0,940.7,508.1,69BopbFc34U.000.mp4,1280,720,29.97,459,emotional_stability,high
107,3570,right_eye,684.4,265.5,785.6,342.6,1015.5,421.8,1142.0,518.3,69BopbFc34U.000.mp4,1280,720,29.97,459,emotional_stability,high
107,3570,nose,599.6,313.1,697.7,443.2,909.5,481.4,1032.1,643.9,69BopbFc34U.000.mp4,1280,720,29.97,459,emotional_stability,high
107,3570,mouth,576.7,465.3,695.5,513.3,880.9,671.6,1029.3,731.6,69BopbFc34U.000.mp4,1280,720,29.97,459,emotional_stability,high
107,3570,forehead,468.8,194.9,793.6,453.4,746.0,333.6,1152.0,656.8,69BopbFc34U.000.mp4,1280,720,29.97,459,emotional_stability,high
107,3570,chin,468.8,324.9,780.6,565.0,746.0,496.1,1135.7,796.3,69BopbFc34U.000.mp4,1280,720,29.97,459,emotional_stability,high
107,3570,left_cheek,491.6,338.4,596.8,469.9,774.5,513.0,906.0,677.4,69BopbFc34U.000.mp4,1280,720,29.97,459,emotional_stability,high
107,3570,right_cheek,697.9,354.5,782.3,479.8,1032.3,533.1,1137.9,689.7,69BopbFc34U.000.mp4,1280,720,29.97,459,emotional_stability,high
108,3603,left_eye,505.5,247.9,624.3,334.4,791.9,399.9,940.4,508.0,69BopbFc34U.000.mp4,1280,720,29.97,459,emotional_stability,high
108,3603,right_eye,684.1,265.5,785.5,342.6,1015.2,421.8,1141.8,518.3,69BopbFc34U.000.mp4,1280,720,29.97,459,emotional_stability,high
108,3603,nose,599.5,313.1,697.5,442.9,909.4,481.3,1031.9,643.7,69BopbFc34U.000.mp4,1280,720,29.97,459,emotional_stability,high
108,3603,mouth,576.5,465.1,695.4,512.7,880.6,671.4,1029.3,730.9,69BopbFc34U.000.mp4,1280,720,29.97,459,emotional_stability,high
108,3603,forehead,468.6,194.9,793.5,453.4,745.8,333.6,1151.9,656.8,69BopbFc34U.000.mp4,1280,720,29.97,459,emotional_stability,high
108,3603,chin,468.6,324.9,780.6,564.6,745.8,496.1,1135.7,795.8,69BopbFc34U.000.mp4,1280,720,29.97,459,emotional_stability,high
108,3603,left_cheek,491.4,338.4,596.6,469.8,774.2,513.0,905.8,677.2,69BopbFc34U.000.mp4,1280,720,29.97,459,emotional_stability,high
108,3603,right_cheek,697.7,354.5,782.2,479.7,1032.1,533.1,1137.8,689.6,69BopbFc34U.000.mp4,1280,720,29.97,459,emotional_stability,high
109,3636,left_eye,505.3,248.0,624.1,334.4,791.6,399.9,940.2,508.0,69BopbFc34U.000.mp4,1280,720,29.97,459,emotional_stability,high
109,3636,right_eye,683.9,265.5,785.4,342.6,1014.9,421.8,1141.8,518.3,69BopbFc34U.000.mp4,1280,720,29.97,459,emotional_stability,high
109,3636,nose,599.5,313.1,697.5,442.9,909.3,481.3,1031.9,643.6,69BopbFc34U.000.mp4,1280,720,29.97,459,emotional_stability,high
109,3636,mouth,576.4,464.9,695.4,512.1,880.5,671.1,1029.3,730.1,69BopbFc34U.000.mp4,1280,720,29.97,459,emotional_stability,high
109,3636,forehead,468.5,194.9,793.6,453.4,745.7,333.6,1151.9,656.8,69BopbFc34U.000.mp4,1280,720,29.97,459,emotional_stability,high
109,3636,chin,468.5,324.8,780.6,564.4,745.7,496.0,1135.7,795.5,69BopbFc34U.000.mp4,1280,720,29.97,459,emotional_stability,high
109,3636,left_cheek,491.2,338.3,596.5,469.6,774.0,512.9,905.6,677.0,69BopbFc34U.000.mp4,1280,720,29.97,459,emotional_stability,high
109,3636,right_cheek,697.6,354.5,782.2,479.7,1032.0,533.1,1137.8,689.6,69BopbFc34U.000.mp4,1280,720,29.97,459,emotional_stability,high
110,3670,left_eye,505.1,248.0,624.0,334.4,791.3,400.0,939.9,508.0,69BopbFc34U.000.mp4,1280,720,29.97,459,emotional_stability,high
110,3670,right_eye,683.6,265.5,785.4,342.6,1014.5,421.9,1141.8,518.3,69BopbFc34U.000.mp4,1280,720,29.97,459,emotional_stability,high
110,3670,nose,599.4,313.1,697.4,442.9,909.3,481.4,1031.8,643.6,69BopbFc34U.000.mp4,1280,720,29.97,459,emotional_stability,high
110,3670,mouth,576.4,464.8,695.5,511.2,880.4,671.0,1029.4,729.0,69BopbFc34U.000.mp4,1280,720,29.97,459,emotional_stability,high
110,3670,forehead,468.4,194.9,793.6,453.3,745.5,333.6,1152.0,656.6,69BopbFc34U.000.mp4,1280,720,29.97,459,emotional_stability,high
110,3670,chin,468.4,324.7,780.6,564.0,745.5,495.9,1135.8,795.0,69BopbFc34U.000.mp4,1280,720,29.97,459,emotional_stability,high
110,3670,left_cheek,491.1,338.3,596.5,469.6,773.9,512.9,905.6,677.0,69BopbFc34U.000.mp4,1280,720,29.97,459,emotional_stability,high
110,3670,right_cheek,697.5,354.4,782.2,479.6,1031.9,533.0,1137.8,689.5,69BopbFc34U.000.mp4,1280,720,29.97,459,emotional_stability,high
111,3703,left_eye,504.9,248.1,623.7,334.4,791.1,400.1,939.7,508.0,69BopbFc34U.000.mp4,1280,720,29.97,459,emotional_stability,high
111,3703,right_eye,683.5,265.5,785.2,342.6,1014.3,421.9,1141.5,518.3,69BopbFc34U.000.mp4,1280,720,29.97,459,emotional_stability,high
111,3703,nose,599.4,313.1,697.3,442.9,909.3,481.4,1031.7,643.6,69BopbFc34U.000.mp4,1280,720,29.97,459,emotional_stability,high
111,3703,mouth,576.4,464.7,695.5,510.3,880.4,670.9,1029.4,727.8,69BopbFc34U.000.mp4,1280,720,29.97,459,emotional_stability,high
111,3703,forehead,468.4,194.9,793.3,453.0,745.5,333.6,1151.6,656.2,69BopbFc34U.000.mp4,1280,720,29.97,459,emotional_stability,high
111,3703,chin,468.4,324.6,780.5,563.2,745.5,495.8,1135.6,794.0,69BopbFc34U.000.mp4,1280,720,29.97,459,emotional_stability,high
111,3703,left_cheek,491.0,338.3,596.4,469.5,773.8,512.8,905.5,676.8,69BopbFc34U.000.mp4,1280,720,29.97,459,emotional_stability,high
111,3703,right_cheek,697.4,354.3,782.1,479.4,1031.7,532.9,1137.6,689.2,69BopbFc34U.000.mp4,1280,720,29.97,459,emotional_stability,high
112,3737,left_eye,504.8,248.1,623.6,334.4,791.0,400.2,939.5,508.1,69BopbFc34U.000.mp4,1280,720,29.97,459,emotional_stability,high
112,3737,right_eye,683.4,265.6,785.2,342.6,1014.2,422.1,1141.5,518.3,69BopbFc34U.000.mp4,1280,720,29.97,459,emotional_stability,high
112,3737,nose,599.4,313.2,697.3,442.9,909.3,481.5,1031.6,643.6,69BopbFc34U.000.mp4,1280,720,29.97,459,emotional_stability,high
112,3737,mouth,576.4,464.5,695.8,509.5,880.5,670.7,1029.7,726.9,69BopbFc34U.000.mp4,1280,720,29.97,459,emotional_stability,high
112,3737,forehead,468.3,194.9,793.3,452.8,745.4,333.6,1151.6,656.1,69BopbFc34U.000.mp4,1280,720,29.97,459,emotional_stability,high
112,3737,chin,468.3,324.5,780.6,562.6,745.4,495.6,1135.7,793.3,69BopbFc34U.000.mp4,1280,720,29.97,459,emotional_stability,high
112,3737,left_cheek,491.0,338.2,596.4,469.3,773.7,512.8,905.5,676.7,69BopbFc34U.000.mp4,1280,720,29.97,459,emotional_stability,high
112,3737,right_cheek,697.4,354.2,782.1,479.2,1031.7,532.8,1137.6,689.0,69BopbFc34U.000.mp4,1280,720,29.97,459,emotional_stability,high
113,3770,left_eye,504.7,248.2,623.5,334.5,790.9,400.3,939.4,508.1,69BopbFc34U.000.mp4,1280,720,29.97,459,emotional_stability,high
113,3770,right_eye,683.2,265.7,785.2,342.6,1014.1,422.2,1141.5,518.3,69BopbFc34U.000.mp4,1280,720,29.97,459,emotional_stability,high
113,3770,nose,599.4,313.2,697.3,442.9,909.3,481.5,1031.6,643.6,69BopbFc34U.000.mp4,1280,720,29.97,459,emotional_stability,high
113,3770,mouth,576.5,464.3,696.0,508.6,880.6,670.3,1030.0,725.7,69BopbFc34U.000.mp4,1280,720,29.97,459,emotional_stability,high
113,3770,forehead,468.3,194.9,793.3,452.7,745.4,333.6,1151.6,655.9,69BopbFc34U.000.mp4,1280,720,29.97,459,emotional_stability,high
113,3770,chin,468.3,324.4,780.6,562.1,745.4,495.5,1135.8,792.6,69BopbFc34U.000.mp4,1280,720,29.97,459,emotional_stability,high
113,3770,left_cheek,491.0,338.2,596.4,469.2,773.7,512.8,905.5,676.5,69BopbFc34U.000.mp4,1280,720,29.97,459,emotional_stability,high
113,3770,right_cheek,697.3,354.1,782.1,479.0,1031.7,532.6,1137.6,688.8,69BopbFc34U.000.mp4,1280,720,29.97,459,emotional_stability,high
114,3803,left_eye,504.7,248.4,623.4,334.5,790.9,400.4,939.3,508.1,69BopbFc34U.000.mp4,1280,720,29.97,459,emotional_stability,high
114,3803,right_eye,683.2,265.8,785.2,342.7,1014.0,422.3,1141.5,518.3,69BopbFc34U.000.mp4,1280,720,29.97,459,emotional_stability,high
114,3803,nose,599.4,313.3,697.3,442.9,909.3,481.6,1031.6,643.6,69BopbFc34U.000.mp4,1280,720,29.97,459,emotional_stability,high
114,3803,mouth,576.8,464.2,696.2,508.1,881.0,670.3,1030.2,725.1,69BopbFc34U.000.mp4,1280,720,29.97,459,emotional_stability,high
114,3803,forehead,468.3,194.9,793.3,452.7,745.4,333.6,1151.6,655.8,69BopbFc34U.000.mp4,1280,720,29.97,459,emotional_stability,high
114,3803,chin,468.3,324.4,780.8,561.8,745.4,495.5,1136.0,792.2,69BopbFc34U.000.mp4,1280,720,29.97,459,emotional_stability,high
114,3803,left_cheek,491.0,338.2,596.4,469.1,773.7,512.8,905.5,676.4,69BopbFc34U.000.mp4,1280,720,29.97,459,emotional_stability,high
114,3803,right_cheek,697.3,354.0,782.1,478.9,1031.7,532.5,1137.6,688.6,69BopbFc34U.000.mp4,1280,720,29.97,459,emotional_stability,high
115,3837,left_eye,504.7,248.4,623.4,334.5,790.9,400.6,939.2,508.1,69BopbFc34U.000.mp4,1280,720,29.97,459,emotional_stability,high
115,3837,right_eye,683.2,265.9,785.2,342.7,1014.0,422.4,1141.5,518.3,69BopbFc34U.000.mp4,1280,720,29.97,459,emotional_stability,high
115,3837,nose,599.4,313.3,697.3,442.8,909.3,481.6,1031.6,643.5,69BopbFc34U.000.mp4,1280,720,29.97,459,emotional_stability,high
115,3837,mouth,577.0,464.1,696.3,507.8,881.3,670.2,1030.4,724.7,69BopbFc34U.000.mp4,1280,720,29.97,459,emotional_stability,high
115,3837,forehead,468.3,194.9,793.3,452.6,745.4,333.7,1151.6,655.7,69BopbFc34U.000.mp4,1280,720,29.97,459,emotional_stability,high
115,3837,chin,468.3,324.4,780.9,561.5,745.4,495.5,1136.1,791.9,69BopbFc34U.000.mp4,1280,720,29.97,459,emotional_stability,high
115,3837,left_cheek,491.0,338.2,596.4,469.0,773.7,512.7,905.5,676.3,69BopbFc34U.000.mp4,1280,720,29.97,459,emotional_stability,high
115,3837,right_cheek,697.3,353.9,782.1,478.8,1031.7,532.4,1137.6,688.5,69BopbFc34U.000.mp4,1280,720,29.97,459,emotional_stability,high
116,3870,left_eye,504.7,248.5,623.4,334.5,790.9,400.7,939.2,508.2,69BopbFc34U.000.mp4,1280,720,29.97,459,emotional_stability,high
116,3870,right_eye,683.2,265.9,785.3,342.7,1014.0,422.4,1141.6,518.4,69BopbFc34U.000.mp4,1280,720,29.97,459,emotional_stability,high
116,3870,nose,599.4,313.3,697.4,442.8,909.3,481.6,1031.7,643.5,69BopbFc34U.000.mp4,1280,720,29.97,459,emotional_stability,high
116,3870,mouth,577.3,464.2,696.6,507.9,881.6,670.2,1030.7,724.8,69BopbFc34U.000.mp4,1280,720,29.97,459,emotional_stability,high
116,3870,forehead,468.3,194.9,793.4,452.6,745.4,333.7,1151.8,655.8,69BopbFc34U.000.mp4,1280,720,29.97,459,emotional_stability,high
116,3870,chin,468.3,324.4,781.2,561.6,745.4,495.5,1136.5,792.0,69BopbFc34U.000.mp4,1280,720,29.97,459,emotional_stability,high
116,3870,left_cheek,491.0,338.2,596.4,469.0,773.7,512.7,905.5,676.3,69BopbFc34U.000.mp4,1280,720,29.97,459,emotional_stability,high
116,3870,right_cheek,697.4,353.9,782.3,478.8,1031.7,532.4,1137.9,688.5,69BopbFc34U.000.mp4,1280,720,29.97,459,emotional_stability,high
117,3903,left_eye,504.7,248.6,623.4,334.5,790.9,400.8,939.2,508.2,69BopbFc34U.000.mp4,1280,720,29.97,459,emotional_stability,high
117,3903,right_eye,683.2,265.9,785.3,342.7,1014.0,422.4,1141.6,518.4,69BopbFc34U.000.mp4,1280,720,29.97,459,emotional_stability,high
117,3903,nose,599.4,313.3,697.5,442.9,909.3,481.6,1031.8,643.6,69BopbFc34U.000.mp4,1280,720,29.97,459,emotional_stability,high
117,3903,mouth,577.4,464.3,696.7,508.6,881.7,670.4,1030.9,725.7,69BopbFc34U.000.mp4,1280,720,29.97,459,emotional_stability,high
117,3903,forehead,468.3,194.9,793.5,452.6,745.4,333.7,1151.9,655.8,69BopbFc34U.000.mp4,1280,720,29.97,459,emotional_stability,high
117,3903,chin,468.3,324.4,781.3,562.1,745.4,495.5,1136.7,792.6,69BopbFc34U.000.mp4,1280,720,29.97,459,emotional_stability,high
117,3903,left_cheek,491.0,338.2,596.4,469.1,773.7,512.8,905.6,676.3,69BopbFc34U.000.mp4,1280,720,29.97,459,emotional_stability,high
117,3903,right_cheek,697.4,353.9,782.5,478.8,1031.8,532.4,1138.1,688.5,69BopbFc34U.000.mp4,1280,720,29.97,459,emotional_stability,high
118,3937,left_eye,504.7,248.6,623.4,334.5,790.9,400.8,939.2,508.2,69BopbFc34U.000.mp4,1280,720,29.97,459,emotional_stability,high
118,3937,right_eye,683.2,265.9,785.3,342.7,1014.0,422.4,1141.6,518.4,69BopbFc34U.000.mp4,1280,720,29.97,459,emotional_stability,high
118,3937,nose,599.4,313.3,697.5,442.9,909.3,481.6,1031.8,643.6,69BopbFc34U.000.mp4,1280,720,29.97,459,emotional_stability,high
118,3937,mouth,577.4,464.6,696.4,510.6,881.7,670.8,1030.6,728.2,69BopbFc34U.000.mp4,1280,720,29.97,459,emotional_stability,high
118,3937,forehead,468.3,194.9,793.5,452.9,745.4,333.6,1151.8,656.1,69BopbFc34U.000.mp4,1280,720,29.97,459,emotional_stability,high
118,3937,chin,468.3,324.5,781.3,563.2,745.4,495.6,1136.6,794.0,69BopbFc34U.000.mp4,1280,720,29.97,459,emotional_stability,high
118,3937,left_cheek,491.0,338.2,596.4,469.3,773.7,512.8,905.5,676.6,69BopbFc34U.000.mp4,1280,720,29.97,459,emotional_stability,high
118,3937,right_cheek,697.5,354.0,782.5,479.1,1031.8,532.5,1138.1,688.9,69BopbFc34U.000.mp4,1280,720,29.97,459,emotional_stability,high
119,3970,left_eye,504.7,248.6,623.4,334.5,790.9,400.7,939.2,508.1,69BopbFc34U.000.mp4,1280,720,29.97,459,emotional_stability,high
119,3970,right_eye,683.2,265.9,785.3,342.7,1014.0,422.4,1141.6,518.3,69BopbFc34U.000.mp4,1280,720,29.97,459,emotional_stability,high
119,3970,nose,599.2,313.3,697.4,443.0,909.0,481.6,1031.8,643.7,69BopbFc34U.000.mp4,1280,720,29.97,459,emotional_stability,high
119,3970,mouth,577.0,465.3,695.4,513.4,881.2,671.6,1029.3,731.7,69BopbFc34U.000.mp4,1280,720,29.97,459,emotional_stability,high
119,3970,forehead,468.3,194.9,793.4,453.0,745.4,333.6,1151.7,656.3,69BopbFc34U.000.mp4,1280,720,29.97,459,emotional_stability,high
119,3970,chin,468.3,324.5,781.0,564.2,745.4,495.6,1136.3,795.3,69BopbFc34U.000.mp4,1280,720,29.97,459,emotional_stability,high
119,3970,left_cheek,491.0,338.2,596.3,469.6,773.7,512.8,905.4,677.0,69BopbFc34U.000.mp4,1280,720,29.97,459,emotional_stability,high
119,3970,right_cheek,697.4,354.1,782.4,479.5,1031.8,532.6,1138.0,689.4,69BopbFc34U.000.mp4,1280,720,29.97,459,emotional_stability,high
120,4004,left_eye,504.8,248.4,623.4,334.4,791.0,400.5,939.2,508.0,69BopbFc34U.000.mp4,1280,720,29.97,459,emotional_stability,high
120,4004,right_eye,683.3,265.9,785.1,342.7,1014.1,422.4,1141.4,518.3,69BopbFc34U.000.mp4,1280,720,29.97,459,emotional_stability,high
120,4004,nose,598.9,313.3,697.1,443.5,908.6,481.6,1031.4,644.4,69BopbFc34U.000.mp4,1280,720,29.97,459,emotional_stability,high
120,4004,mouth,575.9,465.7,694.6,517.2,879.9,672.2,1028.3,736.5,69BopbFc34U.000.mp4,1280,720,29.97,459,emotional_stability,high
120,4004,forehead,468.3,194.8,793.2,453.1,745.4,333.5,1151.5,656.4,69BopbFc34U.000.mp4,1280,720,29.97,459,emotional_stability,high
120,4004,chin,468.3,324.5,780.6,564.9,745.4,495.6,1135.7,796.2,69BopbFc34U.000.mp4,1280,720,29.97,459,emotional_stability,high
120,4004,left_cheek,491.0,338.2,596.2,469.9,773.7,512.8,905.2,677.4,69BopbFc34U.000.mp4,1280,720,29.97,459,emotional_stability,high
120,4004,right_cheek,697.3,354.3,782.2,479.9,1031.6,532.9,1137.8,689.9,69BopbFc34U.000.mp4,1280,720,29.97,459,emotional_stability,high
121,4037,left_eye,504.9,248.1,623.4,334.3,791.2,400.1,939.3,507.9,69BopbFc34U.000.mp4,1280,720,29.97,459,emotional_stability,high
121,4037,right_eye,683.2,265.9,785.1,342.6,1014.1,422.4,1141.3,518.3,69BopbFc34U.000.mp4,1280,720,29.97,459,emotional_stability,high
121,4037,nose,598.1,313.2,696.7,443.6,907.6,481.5,1030.8,644.5,69BopbFc34U.000.mp4,1280,720,29.97,459,emotional_stability,high
121,4037,mouth,574.4,465.7,694.0,518.9,878.0,672.2,1027.5,738.6,69BopbFc34U.000.mp4,1280,720,29.97,459,emotional_stability,high
121,4037,forehead,468.3,194.8,793.1,453.1,745.4,333.5,1151.4,656.4,69BopbFc34U.000.mp4,1280,720,29.97,459,emotional_stability,high
121,4037,chin,468.3,324.4,780.3,565.2,745.4,495.4,1135.4,796.5,69BopbFc34U.000.mp4,1280,720,29.97,459,emotional_stability,high
121,4037,left_cheek,490.9,338.2,595.9,470.1,773.6,512.8,904.8,677.6,69BopbFc34U.000.mp4,1280,720,29.97,459,emotional_stability,high
121,4037,right_cheek,697.1,354.4,782.0,480.1,1031.3,533.0,1137.5,690.1,69BopbFc34U.000.mp4,1280,720,29.97,459,emotional_stability,high
122,4070,left_eye,505.5,248.0,623.6,334.4,791.9,400.1,939.5,507.9,69BopbFc34U.000.mp4,1280,720,29.97,459,emotional_stability,high
122,4070,right_eye,683.9,265.9,785.3,342.7,1014.8,422.4,1141.7,518.4,69BopbFc34U.000.mp4,1280,720,29.97,459,emotional_stability,high
122,4070,nose,598.1,313.3,696.7,444.7,907.6,481.6,1030.8,645.9,69BopbFc34U.000.mp4,1280,720,29.97,459,emotional_stability,high
122,4070,mouth,574.4,466.3,694.0,520.2,878.1,672.8,1027.4,740.3,69BopbFc34U.000.mp4,1280,720,29.97,459,emotional_stability,high
122,4070,forehead,468.8,194.8,793.6,453.2,746.0,333.5,1152.0,656.5,69BopbFc34U.000.mp4,1280,720,29.97,459,emotional_stability,high
122,4070,chin,468.8,324.4,780.7,565.7,746.0,495.4,1135.8,797.2,69BopbFc34U.000.mp4,1280,720,29.97,459,emotional_stability,high
122,4070,left_cheek,491.1,338.3,595.9,470.7,773.8,512.9,904.8,678.4,69BopbFc34U.000.mp4,1280,720,29.97,459,emotional_stability,high
122,4070,right_cheek,697.2,354.6,782.4,480.5,1031.4,533.2,1137.9,690.6,69BopbFc34U.000.mp4,1280,720,29.97,459,emotional_stability,high
123,4104,left_eye,505.8,247.4,624.0,334.2,792.2,399.3,940.0,507.7,69BopbFc34U.000.mp4,1280,720,29.97,459,emotional_stability,high
123,4104,right_eye,683.9,265.2,785.4,342.6,1014.9,421.6,1141.8,518.3,69BopbFc34U.000.mp4,1280,720,29.97,459,emotional_stability,high
123,4104,nose,598.2,312.8,696.8,443.5,907.7,481.0,1030.9,644.4,69BopbFc34U.000.mp4,1280,720,29.97,459,emotional_stability,high
123,4104,mouth,574.1,465.4,694.0,519.1,877.7,671.8,1027.5,738.8,69BopbFc34U.000.mp4,1280,720,29.97,459,emotional_stability,high
123,4104,forehead,468.8,194.7,793.6,453.2,746.0,333.3,1152.0,656.5,69BopbFc34U.000.mp4,1280,720,29.97,459,emotional_stability,high
123,4104,chin,468.8,324.4,780.7,565.6,746.0,495.5,1135.8,796.9,69BopbFc34U.000.mp4,1280,720,29.97,459,emotional_stability,high
123,4104,left_cheek,491.1,338.3,595.9,470.7,773.9,512.9,904.9,678.4,69BopbFc34U.000.mp4,1280,720,29.97,459,emotional_stability,high
123,4104,right_cheek,697.4,354.6,782.4,480.4,1031.7,533.3,1138.0,690.5,69BopbFc34U.000.mp4,1280,720,29.97,459,emotional_stability,high
124,4137,left_eye,505.9,246.4,624.0,334.4,792.3,398.0,940.1,508.0,69BopbFc34U.000.mp4,1280,720,29.97,459,emotional_stability,high
124,4137,right_eye,684.3,263.3,785.7,342.7,1015.3,419.2,1142.1,518.3,69BopbFc34U.000.mp4,1280,720,29.97,459,emotional_stability,high
124,4137,nose,598.8,312.2,697.1,443.5,908.4,480.2,1031.4,644.4,69BopbFc34U.000.mp4,1280,720,29.97,459,emotional_stability,high
124,4137,mouth,575.2,465.5,695.3,517.8,878.9,671.9,1029.1,737.3,69BopbFc34U.000.mp4,1280,720,29.97,459,emotional_stability,high
124,4137,forehead,469.2,193.5,794.4,453.9,746.5,331.9,1153.0,657.4,69BopbFc34U.000.mp4,1280,720,29.97,459,emotional_stability,high
124,4137,chin,469.2,325.3,781.6,565.5,746.5,496.7,1137.0,796.9,69BopbFc34U.000.mp4,1280,720,29.97,459,emotional_stability,high
124,4137,left_cheek,491.3,338.7,596.1,471.1,774.1,513.3,905.1,678.8,69BopbFc34U.000.mp4,1280,720,29.97,459,emotional_stability,high
124,4137,right_cheek,698.0,354.6,783.2,480.5,1032.5,533.3,1139.0,690.6,69BopbFc34U.000.mp4,1280,720,29.97,459,emotional_stability,high
125,4170,left_eye,505.6,242.7,623.7,334.4,792.0,393.4,939.7,508.0,69BopbFc34U.000.mp4,1280,720,29.97,459,emotional_stability,high
125,4170,right_eye,684.6,254.0,785.7,341.9,1015.7,407.5,1142.1,517.4,69BopbFc34U.000.mp4,1280,720,29.97,459,emotional_stability,high
125,4170,nose,600.0,308.6,698.1,442.1,910.0,475.7,1032.6,642.6,69BopbFc34U.000.mp4,1280,720,29.97,459,emotional_stability,high
125,4170,mouth,577.9,465.2,697.9,514.4,882.4,671.5,1032.4,733.1,69BopbFc34U.000.mp4,1280,720,29.97,459,emotional_stability,high
125,4170,forehead,469.3,191.7,794.4,453.2,746.7,329.6,1153.0,656.5,69BopbFc34U.000.mp4,1280,720,29.97,459,emotional_stability,high
125,4170,chin,469.3,327.2,781.6,564.5,746.7,499.0,1137.1,795.6,69BopbFc34U.000.mp4,1280,720,29.97,459,emotional_stability,high
125,4170,left_cheek,491.4,339.2,596.3,471.1,774.3,513.9,905.4,678.9,69BopbFc34U.000.mp4,1280,720,29.97,459,emotional_stability,high
125,4170,right_cheek,698.8,352.8,783.6,478.9,1033.5,531.0,1139.4,688.6,69BopbFc34U.000.mp4,1280,720,29.97,459,emotional_stability,high
126,4204,left_eye,504.9,237.4,621.7,334.5,791.1,386.7,937.2,508.2,69BopbFc34U.000.mp4,1280,720,29.97,459,emotional_stability,high
126,4204,right_eye,684.6,242.3,783.8,339.2,1015.7,392.8,1139.7,514.0,69BopbFc34U.000.mp4,1280,720,29.97,459,emotional_stability,high
126,4204,nose,602.0,304.4,698.9,441.4,912.6,470.4,1033.6,641.8,69BopbFc34U.000.mp4,1280,720,29.97,459,emotional_stability,high
126,4204,mouth,581.8,465.1,700.9,513.3,887.3,671.4,1036.1,731.6,69BopbFc34U.000.mp4,1280,720,29.97,459,emotional_stability,high
126,4204,forehead,469.4,189.7,792.7,449.2,746.8,327.1,1150.9,651.5,69BopbFc34U.000.mp4,1280,720,29.97,459,emotional_stability,high
126,4204,chin,469.7,329.6,781.4,564.0,747.2,502.0,1136.8,795.0,69BopbFc34U.000.mp4,1280,720,29.97,459,emotional_stability,high
126,4204,left_cheek,491.8,340.8,596.5,472.4,774.7,516.0,905.6,680.5,69BopbFc34U.000.mp4,1280,720,29.97,459,emotional_stability,high
126,4204,right_cheek,699.1,347.6,783.6,475.7,1033.9,524.6,1139.5,684.7,69BopbFc34U.000.mp4,1280,720,29.97,459,emotional_stability,high
127,4237,left_eye,503.2,233.8,618.7,334.6,789.0,382.3,933.3,508.3,69BopbFc34U.000.mp4,1280,720,29.97,459,emotional_stability,high
127,4237,right_eye,683.7,235.8,781.1,336.1,1014.6,384.7,1136.3,510.2,69BopbFc34U.000.mp4,1280,720,29.97,459,emotional_stability,high
127,4237,nose,602.1,301.9,698.9,441.0,912.6,467.4,1033.6,641.3,69BopbFc34U.000.mp4,1280,720,29.97,459,emotional_stability,high
127,4237,mouth,584.1,465.1,700.6,513.3,890.2,671.4,1035.8,731.7,69BopbFc34U.000.mp4,1280,720,29.97,459,emotional_stability,high
127,4237,forehead,468.7,188.3,790.2,446.6,745.8,325.3,1147.8,648.3,69BopbFc34U.000.mp4,1280,720,29.97,459,emotional_stability,high
127,4237,chin,469.7,330.3,780.0,564.0,747.2,502.8,1135.0,795.0,69BopbFc34U.000.mp4,1280,720,29.97,459,emotional_stability,high
127,4237,left_cheek,491.7,341.9,596.3,473.5,774.6,517.3,905.4,681.9,69BopbFc34U.000.mp4,1280,720,29.97,459,emotional_stability,high
127,4237,right_cheek,698.9,342.9,783.2,472.8,1033.6,518.6,1139.0,681.0,69BopbFc34U.000.mp4,1280,720,29.97,459,emotional_stability,high
128,4270,left_eye,500.3,234.5,615.7,334.8,785.4,383.1,929.6,508.5,69BopbFc34U.000.mp4,1280,720,29.97,459,emotional_stability,high
128,4270,right_eye,682.1,235.8,779.0,334.4,1012.6,384.8,1133.7,508.0,69BopbFc34U.000.mp4,1280,720,29.97,459,emotional_stability,high
128,4270,nose,602.0,301.2,698.7,440.2,912.5,466.4,1033.4,640.3,69BopbFc34U.000.mp4,1280,720,29.97,459,emotional_stability,high
128,4270,mouth,583.8,464.9,700.7,512.9,889.8,671.1,1035.8,731.2,69BopbFc34U.000.mp4,1280,720,29.97,459,emotional_stability,high
128,4270,forehead,466.7,188.2,788.9,447.7,743.4,325.2,1146.1,649.6,69BopbFc34U.000.mp4,1280,720,29.97,459,emotional_stability,high
128,4270,chin,468.9,330.6,779.3,563.4,746.2,503.3,1134.2,794.2,69BopbFc34U.000.mp4,1280,720,29.97,459,emotional_stability,high
128,4270,left_cheek,490.7,343.1,595.4,474.2,773.4,518.9,904.3,682.8,69BopbFc34U.000.mp4,1280,720,29.97,459,emotional_stability,high
128,4270,right_cheek,698.2,340.6,782.6,470.7,1032.8,515.8,1138.3,678.4,69BopbFc34U.000.mp4,1280,720,29.97,459,emotional_stability,high
129,4304,left_eye,497.0,236.3,613.3,335.2,781.3,385.4,926.6,509.0,69BopbFc34U.000.mp4,1280,720,29.97,459,emotional_stability,high
129,4304,right_eye,680.1,241.0,777.4,333.7,1010.1,391.3,1131.8,507.1,69BopbFc34U.000.mp4,1280,720,29.97,459,emotional_stability,high
129,4304,nose,601.9,302.3,698.7,439.1,912.4,467.9,1033.4,638.9,69BopbFc34U.000.mp4,1280,720,29.97,459,emotional_stability,high
129,4304,mouth,583.2,463.4,701.4,508.3,889.0,669.2,1036.7,725.4,69BopbFc34U.000.mp4,1280,720,29.97,459,emotional_stability,high
129,4304,forehead,464.7,188.5,787.1,448.9,740.8,325.7,1143.9,651.2,69BopbFc34U.000.mp4,1280,720,29.97,459,emotional_stability,high
129,4304,chin,467.2,329.7,778.8,561.3,744.0,502.1,1133.5,791.6,69BopbFc34U.000.mp4,1280,720,29.97,459,emotional_stability,high
129,4304,left_cheek,489.0,344.5,594.5,474.2,771.2,520.6,903.1,682.8,69BopbFc34U.000.mp4,1280,720,29.97,459,emotional_stability,high
129,4304,right_cheek,697.6,339.7,781.6,468.8,1032.0,514.6,1137.0,676.0,69BopbFc34U.000.mp4,1280,720,29.97,459,emotional_stability,high
130,4337,left_eye,493.1,241.1,609.8,335.3,776.4,391.3,922.3,509.1,69BopbFc34U.000.mp4,1280,720,29.97,459,emotional_stability,high
130,4337,right_eye,676.0,243.1,774.6,333.2,1005.0,393.8,1128.2,506.5,69BopbFc34U.000.mp4,1280,720,29.97,459,emotional_stability,high
130,4337,nose,599.8,303.0,696.5,437.2,909.7,468.7,1030.7,636.5,69BopbFc34U.000.mp4,1280,720,29.97,459,emotional_stability,high
130,4337,mouth,580.9,461.3,701.3,505.3,886.1,666.6,1036.7,721.6,69BopbFc34U.000.mp4,1280,720,29.97,459,emotional_stability,high
130,4337,forehead,461.2,188.7,784.0,449.7,736.5,325.9,1140.0,652.2,69BopbFc34U.000.mp4,1280,720,29.97,459,emotional_stability,high
130,4337,chin,463.6,329.5,777.0,559.6,739.5,501.9,1131.3,789.5,69BopbFc34U.000.mp4,1280,720,29.97,459,emotional_stability,high
130,4337,left_cheek,485.6,345.2,591.8,474.1,767.0,521.5,899.7,682.6,69BopbFc34U.000.mp4,1280,720,29.97,459,emotional_stability,high
130,4337,right_cheek,694.8,339.1,778.7,467.4,1028.5,513.9,1133.4,674.3,69BopbFc34U.000.mp4,1280,720,29.97,459,emotional_stability,high
131,4371,left_eye,490.7,243.9,607.1,335.7,773.4,394.9,918.9,509.6,69BopbFc34U.000.mp4,1280,720,29.97,459,emotional_stability,high
131,4371,right_eye,673.7,244.2,773.3,333.7,1002.2,395.3,1126.7,507.1,69BopbFc34U.000.mp4,1280,720,29.97,459,emotional_stability,high
131,4371,nose,597.8,303.3,694.1,437.2,907.3,469.1,1027.6,636.4,69BopbFc34U.000.mp4,1280,720,29.97,459,emotional_stability,high
131,4371,mouth,579.4,461.2,699.6,504.9,884.2,666.5,1034.5,721.1,69BopbFc34U.000.mp4,1280,720,29.97,459,emotional_stability,high
131,4371,forehead,459.9,188.7,782.8,449.9,734.9,325.9,1138.5,652.4,69BopbFc34U.000.mp4,1280,720,29.97,459,emotional_stability,high
131,4371,chin,462.4,329.0,776.1,558.7,738.0,501.2,1130.1,788.4,69BopbFc34U.000.mp4,1280,720,29.97,459,emotional_stability,high
131,4371,left_cheek,483.7,345.6,589.7,474.0,764.7,522.0,897.1,682.6,69BopbFc34U.000.mp4,1280,720,29.97,459,emotional_stability,high
131,4371,right_cheek,692.5,339.1,777.0,467.4,1025.6,513.8,1131.3,674.3,69BopbFc34U.000.mp4,1280,720,29.97,459,emotional_stability,high
132,4404,left_eye,489.1,247.0,605.5,336.7,771.3,398.8,916.9,510.8,69BopbFc34U.000.mp4,1280,720,29.97,459,emotional_stability,high
132,4404,right_eye,672.5,244.9,772.6,334.1,1000.6,396.1,1125.8,507.6,69BopbFc34U.000.mp4,1280,720,29.97,459,emotional_stability,high
132,4404,nose,596.7,304.7,693.1,437.3,905.9,470.9,1026.4,636.6,69BopbFc34U.000.mp4,1280,720,29.97,459,emotional_stability,high
132,4404,mouth,579.3,461.1,698.3,504.0,884.1,666.3,1032.9,720.0,69BopbFc34U.000.mp4,1280,720,29.97,459,emotional_stability,high
132,4404,forehead,459.1,189.9,781.4,450.0,733.9,327.3,1136.7,652.5,69BopbFc34U.000.mp4,1280,720,29.97,459,emotional_stability,high
132,4404,chin,461.6,328.7,774.9,557.9,737.0,500.9,1128.6,787.4,69BopbFc34U.000.mp4,1280,720,29.97,459,emotional_stability,high
132,4404,left_cheek,482.8,346.5,588.6,474.1,763.5,523.2,895.8,682.6,69BopbFc34U.000.mp4,1280,720,29.97,459,emotional_stability,high
132,4404,right_cheek,691.2,339.3,775.7,467.0,1024.1,514.1,1129.7,673.8,69BopbFc34U.000.mp4,1280,720,29.97,459,emotional_stability,high
133,4437,left_eye,488.4,248.7,604.6,337.6,770.5,400.9,915.8,512.0,69BopbFc34U.000.mp4,1280,720,29.97,459,emotional_stability,high
133,4437,right_eye,671.9,245.2,772.0,334.4,999.9,396.5,1124.9,508.0,69BopbFc34U.000.mp4,1280,720,29.97,459,emotional_stability,high
133,4437,nose,595.9,306.3,692.1,438.4,904.8,472.9,1025.1,638.0,69BopbFc34U.000.mp4,1280,720,29.97,459,emotional_stability,high
133,4437,mouth,578.9,461.3,696.7,504.8,883.6,666.6,1030.9,721.0,69BopbFc34U.000.mp4,1280,720,29.97,459,emotional_stability,high
133,4437,forehead,458.9,190.9,780.7,450.1,733.6,328.6,1135.8,652.6,69BopbFc34U.000.mp4,1280,720,29.97,459,emotional_stability,high
133,4437,chin,461.3,329.1,774.5,558.2,736.7,501.4,1128.1,787.7,69BopbFc34U.000.mp4,1280,720,29.97,459,emotional_stability,high
133,4437,left_cheek,482.2,347.3,587.8,474.4,762.8,524.1,894.7,683.0,69BopbFc34U.000.mp4,1280,720,29.97,459,emotional_stability,high
133,4437,right_cheek,690.3,340.0,775.2,467.6,1022.9,514.9,1128.9,674.6,69BopbFc34U.000.mp4,1280,720,29.97,459,emotional_stability,high
134,4471,left_eye,488.7,249.8,604.2,338.2,770.8,402.2,915.3,512.8,69BopbFc34U.000.mp4,1280,720,29.97,459,emotional_stability,high
134,4471,right_eye,670.9,246.7,771.1,334.9,998.6,398.4,1123.8,508.6,69BopbFc34U.000.mp4,1280,720,29.97,459,emotional_stability,high
134,4471,nose,594.4,307.8,690.2,440.6,903.0,474.8,1022.8,640.7,69BopbFc34U.000.mp4,1280,720,29.97,459,emotional_stability,high
134,4471,mouth,577.2,462.5,694.6,505.5,881.5,668.1,1028.2,721.9,69BopbFc34U.000.mp4,1280,720,29.97,459,emotional_stability,high
134,4471,forehead,458.7,192.4,780.4,449.8,733.4,330.5,1135.5,652.3,69BopbFc34U.000.mp4,1280,720,29.97,459,emotional_stability,high
134,4471,chin,461.1,329.6,774.2,558.4,736.4,501.9,1127.7,788.0,69BopbFc34U.000.mp4,1280,720,29.97,459,emotional_stability,high
134,4471,left_cheek,482.0,347.4,586.9,474.6,762.5,524.3,893.7,683.2,69BopbFc34U.000.mp4,1280,720,29.97,459,emotional_stability,high
134,4471,right_cheek,688.8,340.4,774.4,468.1,1020.9,515.5,1128.0,675.1,69BopbFc34U.000.mp4,1280,720,29.97,459,emotional_stability,high
135,4504,left_eye,488.5,250.0,603.7,338.5,770.6,402.5,914.6,513.1,69BopbFc34U.000.mp4,1280,720,29.97,459,emotional_stability,high
135,4504,right_eye,670.1,248.3,771.0,335.6,997.6,400.4,1123.7,509.5,69BopbFc34U.000.mp4,1280,720,29.97,459,emotional_stability,high
135,4504,nose,592.4,308.8,687.9,442.2,900.5,476.0,1019.8,642.7,69BopbFc34U.000.mp4,1280,720,29.97,459,emotional_stability,high
135,4504,mouth,574.9,464.7,692.5,507.5,878.6,670.9,1025.6,724.4,69BopbFc34U.000.mp4,1280,720,29.97,459,emotional_stability,high
135,4504,forehead,458.3,193.4,780.8,449.6,732.9,331.8,1136.0,652.1,69BopbFc34U.000.mp4,1280,720,29.97,459,emotional_stability,high
135,4504,chin,460.6,329.7,774.4,559.7,735.7,502.1,1128.0,789.6,69BopbFc34U.000.mp4,1280,720,29.97,459,emotional_stability,high
135,4504,left_cheek,481.3,347.3,585.7,474.7,761.6,524.1,892.1,683.4,69BopbFc34U.000.mp4,1280,720,29.97,459,emotional_stability,high
135,4504,right_cheek,687.3,341.2,774.1,469.3,1019.1,516.5,1127.7,676.6,69BopbFc34U.000.mp4,1280,720,29.97,459,emotional_stability,high
136,4537,left_eye,488.6,249.6,603.5,337.8,770.8,402.0,914.4,512.2,69BopbFc34U.000.mp4,1280,720,29.97,459,emotional_stability,high
136,4537,right_eye,670.8,250.7,771.6,335.6,998.5,403.3,1124.5,509.6,69BopbFc34U.000.mp4,1280,720,29.97,459,emotional_stability,high
136,4537,nose,591.0,309.6,686.5,442.9,898.8,477.0,1018.1,643.7,69BopbFc34U.000.mp4,1280,720,29.97,459,emotional_stability,high
136,4537,mouth,573.2,464.9,691.9,509.0,876.5,671.2,1024.9,726.2,69BopbFc34U.000.mp4,1280,720,29.97,459,emotional_stability,high
136,4537,forehead,458.5,193.6,781.2,449.0,733.1,332.0,1136.5,651.3,69BopbFc34U.000.mp4,1280,720,29.97,459,emotional_stability,high
136,4537,chin,460.7,330.4,774.6,560.9,735.8,503.0,1128.2,791.1,69BopbFc34U.000.mp4,1280,720,29.97,459,emotional_stability,high
136,4537,left_cheek,480.6,347.0,584.3,474.7,760.7,523.7,890.4,683.4,69BopbFc34U.000.mp4,1280,720,29.97,459,emotional_stability,high
136,4537,right_cheek,686.9,342.3,774.4,470.8,1018.6,517.9,1128.0,678.5,69BopbFc34U.000.mp4,1280,720,29.97,459,emotional_stability,high
137,4571,left_eye,488.8,249.4,604.1,337.8,771.0,401.8,915.1,512.2,69BopbFc34U.000.mp4,1280,720,29.97,459,emotional_stability,high
137,4571,right_eye,671.4,254.6,773.2,339.5,999.2,408.2,1126.5,514.3,69BopbFc34U.000.mp4,1280,720,29.97,459,emotional_stability,high
137,4571,nose,591.3,311.1,686.4,445.0,899.1,478.9,1018.0,646.2,69BopbFc34U.000.mp4,1280,720,29.97,459,emotional_stability,high
137,4571,mouth,571.9,465.0,692.4,510.3,874.9,671.2,1025.5,727.9,69BopbFc34U.000.mp4,1280,720,29.97,459,emotional_stability,high
137,4571,forehead,458.8,193.3,783.8,446.9,733.5,331.7,1139.8,648.6,69BopbFc34U.000.mp4,1280,720,29.97,459,emotional_stability,high
137,4571,chin,460.9,330.4,775.0,563.1,736.1,503.0,1128.8,793.8,69BopbFc34U.000.mp4,1280,720,29.97,459,emotional_stability,high
137,4571,left_cheek,480.8,344.6,584.9,474.7,761.0,520.7,891.1,683.4,69BopbFc34U.000.mp4,1280,720,29.97,459,emotional_stability,high
137,4571,right_cheek,687.3,345.5,774.7,474.3,1019.2,521.9,1128.4,682.8,69BopbFc34U.000.mp4,1280,720,29.97,459,emotional_stability,high
138,4604,left_eye,490.8,249.2,607.5,337.8,773.4,401.5,919.3,512.2,69BopbFc34U.000.mp4,1280,720,29.97,459,emotional_stability,high
138,4604,right_eye,672.5,256.8,776.4,342.8,1000.6,411.0,1130.5,518.5,69BopbFc34U.000.mp4,1280,720,29.97,459,emotional_stability,high
138,4604,nose,591.8,312.0,687.1,444.9,899.7,480.0,1018.9,646.2,69BopbFc34U.000.mp4,1280,720,29.97,459,emotional_stability,high
138,4604,mouth,571.5,464.9,692.7,510.4,874.4,671.2,1025.8,727.9,69BopbFc34U.000.mp4,1280,720,29.97,459,emotional_stability,high
138,4604,forehead,459.7,193.2,786.0,447.1,734.6,331.6,1142.5,648.8,69BopbFc34U.000.mp4,1280,720,29.97,459,emotional_stability,high
138,4604,chin,461.3,328.5,775.5,563.7,736.6,500.6,1129.4,794.6,69BopbFc34U.000.mp4,1280,720,29.97,459,emotional_stability,high
138,4604,left_cheek,481.0,342.9,585.3,474.5,761.3,518.6,891.6,683.1,69BopbFc34U.000.mp4,1280,720,29.97,459,emotional_stability,high
138,4604,right_cheek,687.5,348.2,775.0,476.0,1019.4,525.3,1128.8,685.0,69BopbFc34U.000.mp4,1280,720,29.97,459,emotional_stability,high
139,4637,left_eye,493.7,248.8,611.4,336.8,777.1,401.0,924.3,511.0,69BopbFc34U.000.mp4,1280,720,29.97,459,emotional_stability,high
139,4637,right_eye,675.7,259.1,780.1,342.9,1004.6,413.8,1135.1,518.7,69BopbFc34U.000.mp4,1280,720,29.97,459,emotional_stability,high
139,4637,nose,592.5,312.2,688.1,444.7,900.6,480.3,1020.2,645.9,69BopbFc34U.000.mp4,1280,720,29.97,459,emotional_stability,high
139,4637,mouth,572.0,464.9,693.8,509.9,875.0,671.2,1027.2,727.4,69BopbFc34U.000.mp4,1280,720,29.97,459,emotional_stability,high
139,4637,forehead,462.3,193.2,788.9,448.9,737.9,331.5,1146.1,651.2,69BopbFc34U.000.mp4,1280,720,29.97,459,emotional_stability,high
139,4637,chin,463.2,327.2,777.5,563.6,739.1,499.0,1131.9,794.5,69BopbFc34U.000.mp4,1280,720,29.97,459,emotional_stability,high
139,4637,left_cheek,482.3,341.3,586.7,473.5,762.9,516.6,893.4,681.9,69BopbFc34U.000.mp4,1280,720,29.97,459,emotional_stability,high
139,4637,right_cheek,689.8,350.2,777.1,477.1,1022.2,527.7,1131.4,686.4,69BopbFc34U.000.mp4,1280,720,29.97,459,emotional_stability,high
140,4671,left_eye,498.4,248.2,616.8,336.4,783.1,400.3,930.9,510.5,69BopbFc34U.000.mp4,1280,720,29.97,459,emotional_stability,high
140,4671,right_eye,680.8,260.6,783.8,342.9,1011.0,415.7,1139.7,518.7,69BopbFc34U.000.mp4,1280,720,29.97,459,emotional_stability,high
140,4671,nose,596.2,312.7,692.2,444.5,905.3,480.9,1025.2,645.7,69BopbFc34U.000.mp4,1280,720,29.97,459,emotional_stability,high
140,4671,mouth,574.7,465.0,695.7,509.1,878.4,671.3,1029.6,726.4,69BopbFc34U.000.mp4,1280,720,29.97,459,emotional_stability,high
140,4671,forehead,465.5,193.2,791.7,451.2,741.9,331.5,1149.6,654.0,69BopbFc34U.000.mp4,1280,720,29.97,459,emotional_stability,high
140,4671,chin,465.7,326.7,779.6,563.5,742.2,498.3,1134.4,794.4,69BopbFc34U.000.mp4,1280,720,29.97,459,emotional_stability,high
140,4671,left_cheek,485.9,340.4,591.1,472.7,767.3,515.5,898.9,680.9,69BopbFc34U.000.mp4,1280,720,29.97,459,emotional_stability,high
140,4671,right_cheek,694.0,351.8,780.4,478.2,1027.5,529.8,1135.5,687.7,69BopbFc34U.000.mp4,1280,720,29.97,459,emotional_stability,high
141,4704,left_eye,505.0,248.1,623.0,336.3,791.2,400.1,938.8,510.4,69BopbFc34U.000.mp4,1280,720,29.97,459,emotional_stability,high
141,4704,right_eye,685.0,262.9,786.8,344.0,1016.3,418.7,1143.5,520.1,69BopbFc34U.000.mp4,1280,720,29.97,459,emotional_stability,high
141,4704,nose,600.4,313.4,696.5,444.2,910.5,481.7,1030.6,645.3,69BopbFc34U.000.mp4,1280,720,29.97,459,emotional_stability,high
141,4704,mouth,578.5,464.9,697.4,508.5,883.1,671.1,1031.8,725.7,69BopbFc34U.000.mp4,1280,720,29.97,459,emotional_stability,high
141,4704,forehead,469.0,193.5,794.5,453.9,746.3,331.9,1153.1,657.4,69BopbFc34U.000.mp4,1280,720,29.97,459,emotional_stability,high
141,4704,chin,469.0,326.6,781.2,563.5,746.3,498.3,1136.5,794.4,69BopbFc34U.000.mp4,1280,720,29.97,459,emotional_stability,high
141,4704,left_cheek,490.5,339.9,595.8,471.8,773.1,514.9,904.8,679.7,69BopbFc34U.000.mp4,1280,720,29.97,459,emotional_stability,high
141,4704,right_cheek,698.2,354.1,783.4,479.4,1032.7,532.6,1139.3,689.3,69BopbFc34U.000.mp4,1280,720,29.97,459,emotional_stability,high
142,4738,left_eye,508.7,248.0,627.0,336.3,795.8,400.0,943.7,510.3,69BopbFc34U.000.mp4,1280,720,29.97,459,emotional_stability,high
142,4738,right_eye,687.7,265.1,788.2,345.3,1019.6,421.3,1145.2,521.6,69BopbFc34U.000.mp4,1280,720,29.97,459,emotional_stability,high
142,4738,nose,602.7,313.8,698.8,444.0,913.3,482.2,1033.5,645.0,69BopbFc34U.000.mp4,1280,720,29.97,459,emotional_stability,high
142,4738,mouth,580.3,464.9,698.3,507.8,885.4,671.1,1032.8,724.7,69BopbFc34U.000.mp4,1280,720,29.97,459,emotional_stability,high
142,4738,forehead,470.2,194.0,795.8,456.7,747.7,332.5,1154.8,660.9,69BopbFc34U.000.mp4,1280,720,29.97,459,emotional_stability,high
142,4738,chin,470.2,326.4,782.3,563.5,747.7,498.0,1137.8,794.3,69BopbFc34U.000.mp4,1280,720,29.97,459,emotional_stability,high
142,4738,left_cheek,493.1,339.4,598.7,470.8,776.3,514.2,908.3,678.5,69BopbFc34U.000.mp4,1280,720,29.97,459,emotional_stability,high
142,4738,right_cheek,700.4,356.5,785.1,481.0,1035.5,535.6,1141.3,691.2,69BopbFc34U.000.mp4,1280,720,29.97,459,emotional_stability,high
143,4771,left_eye,510.4,247.9,629.4,336.3,797.9,399.9,946.7,510.3,69BopbFc34U.000.mp4,1280,720,29.97,459,emotional_stability,high
143,4771,right_eye,689.2,266.9,789.5,346.8,1021.5,423.7,1146.9,523.4,69BopbFc34U.000.mp4,1280,720,29.97,459,emotional_stability,high
143,4771,nose,603.6,314.1,700.0,443.8,914.5,482.6,1035.1,644.8,69BopbFc34U.000.mp4,1280,720,29.97,459,emotional_stability,high
143,4771,mouth,580.6,464.8,698.5,507.6,885.7,670.9,1033.1,724.5,69BopbFc34U.000.mp4,1280,720,29.97,459,emotional_stability,high
143,4771,forehead,470.4,194.3,797.2,459.1,748.1,332.8,1156.5,663.8,69BopbFc34U.000.mp4,1280,720,29.97,459,emotional_stability,high
143,4771,chin,470.4,326.3,782.7,563.4,748.1,497.9,1138.3,794.3,69BopbFc34U.000.mp4,1280,720,29.97,459,emotional_stability,high
143,4771,left_cheek,494.0,338.8,599.8,469.9,777.5,513.5,909.8,677.4,69BopbFc34U.000.mp4,1280,720,29.97,459,emotional_stability,high
143,4771,right_cheek,701.8,358.6,786.0,482.2,1037.2,538.3,1142.5,692.8,69BopbFc34U.000.mp4,1280,720,29.97,459,emotional_stability,high
144,4804,left_eye,511.8,246.7,631.6,336.1,799.7,398.4,949.4,510.2,69BopbFc34U.000.mp4,1280,720,29.97,459,emotional_stability,high
144,4804,right_eye,690.3,267.5,790.6,347.8,1022.8,424.3,1148.3,524.8,69BopbFc34U.000.mp4,1280,720,29.97,459,emotional_stability,high
144,4804,nose,604.4,314.3,700.7,443.9,915.5,482.9,1035.9,644.8,69BopbFc34U.000.mp4,1280,720,29.97,459,emotional_stability,high
144,4804,mouth,580.4,464.7,698.6,507.6,885.6,670.9,1033.3,724.5,69BopbFc34U.000.mp4,1280,720,29.97,459,emotional_stability,high
144,4804,forehead,470.3,194.3,797.9,459.9,747.8,332.9,1157.4,664.9,69BopbFc34U.000.mp4,1280,720,29.97,459,emotional_stability,high
144,4804,chin,470.3,324.9,782.4,563.4,747.8,496.1,1138.0,794.2,69BopbFc34U.000.mp4,1280,720,29.97,459,emotional_stability,high
144,4804,left_cheek,494.4,337.6,600.8,469.1,778.0,511.9,911.0,676.4,69BopbFc34U.000.mp4,1280,720,29.97,459,emotional_stability,high
144,4804,right_cheek,702.5,360.1,786.3,483.3,1038.1,540.1,1142.9,694.1,69BopbFc34U.000.mp4,1280,720,29.97,459,emotional_stability,high
145,4838,left_eye,514.0,244.4,634.5,335.4,802.4,395.5,953.1,509.2,69BopbFc34U.000.mp4,1280,720,29.97,459,emotional_stability,high
145,4838,right_eye,691.8,267.9,791.9,348.1,1024.8,424.9,1149.9,525.1,69BopbFc34U.000.mp4,1280,720,29.97,459,emotional_stability,high
145,4838,nose,605.1,314.3,702.3,443.8,916.4,482.9,1037.9,644.8,69BopbFc34U.000.mp4,1280,720,29.97,459,emotional_stability,high
145,4838,mouth,580.2,464.7,699.1,507.6,885.2,670.9,1033.8,724.6,69BopbFc34U.000.mp4,1280,720,29.97,459,emotional_stability,high
145,4838,forehead,470.3,194.1,798.8,460.1,747.9,332.6,1158.5,665.1,69BopbFc34U.000.mp4,1280,720,29.97,459,emotional_stability,high
145,4838,chin,470.3,322.2,782.2,563.4,747.9,492.7,1137.8,794.2,69BopbFc34U.000.mp4,1280,720,29.97,459,emotional_stability,high
145,4838,left_cheek,495.4,335.6,602.1,468.0,779.2,509.5,912.6,675.0,69BopbFc34U.000.mp4,1280,720,29.97,459,emotional_stability,high
145,4838,right_cheek,703.8,360.7,786.6,484.0,1039.7,540.9,1143.2,695.0,69BopbFc34U.000.mp4,1280,720,29.97,459,emotional_stability,high
146,4871,left_eye,514.3,242.0,635.4,334.1,802.9,392.5,954.2,507.6,69BopbFc34U.000.mp4,1280,720,29.97,459,emotional_stability,high
146,4871,right_eye,692.0,267.8,791.9,348.2,1025.1,424.8,1149.8,525.3,69BopbFc34U.000.mp4,1280,720,29.97,459,emotional_stability,high
146,4871,nose,605.2,314.2,702.4,443.2,916.4,482.8,1038.0,644.0,69BopbFc34U.000.mp4,1280,720,29.97,459,emotional_stability,high
146,4871,mouth,580.1,464.1,699.0,508.2,885.1,670.1,1033.7,725.3,69BopbFc34U.000.mp4,1280,720,29.97,459,emotional_stability,high
146,4871,forehead,469.9,192.3,798.4,460.4,747.3,330.4,1158.0,665.5,69BopbFc34U.000.mp4,1280,720,29.97,459,emotional_stability,high
146,4871,chin,469.9,320.3,781.3,563.3,747.3,490.4,1136.7,794.2,69BopbFc34U.000.mp4,1280,720,29.97,459,emotional_stability,high
146,4871,left_cheek,495.1,333.5,602.1,466.5,778.8,506.9,912.6,673.1,69BopbFc34U.000.mp4,1280,720,29.97,459,emotional_stability,high
146,4871,right_cheek,703.7,361.2,786.2,484.1,1039.7,541.4,1142.8,695.1,69BopbFc34U.000.mp4,1280,720,29.97,459,emotional_stability,high
147,4904,left_eye,514.8,241.7,635.7,333.5,803.5,392.1,954.6,506.9,69BopbFc34U.000.mp4,1280,720,29.97,459,emotional_stability,high
147,4904,right_eye,691.7,268.9,791.7,349.4,1024.7,426.2,1149.7,526.7,69BopbFc34U.000.mp4,1280,720,29.97,459,emotional_stability,high
147,4904,nose,604.6,314.1,701.9,442.2,915.8,482.6,1037.3,642.8,69BopbFc34U.000.mp4,1280,720,29.97,459,emotional_stability,high
147,4904,mouth,579.2,462.7,697.5,510.0,884.0,668.3,1031.9,727.5,69BopbFc34U.000.mp4,1280,720,29.97,459,emotional_stability,high
147,4904,forehead,469.6,191.8,798.0,462.7,747.0,329.8,1157.5,668.4,69BopbFc34U.000.mp4,1280,720,29.97,459,emotional_stability,high
147,4904,chin,469.6,320.2,780.0,563.5,747.0,490.3,1135.0,794.4,69BopbFc34U.000.mp4,1280,720,29.97,459,emotional_stability,high
147,4904,left_cheek,494.7,332.9,601.6,466.1,778.4,506.1,912.0,672.6,69BopbFc34U.000.mp4,1280,720,29.97,459,emotional_stability,high
147,4904,right_cheek,703.3,363.0,785.9,485.5,1039.2,543.8,1142.3,696.8,69BopbFc34U.000.mp4,1280,720,29.97,459,emotional_stability,high
148,4938,left_eye,516.3,241.1,636.8,332.9,805.4,391.3,956.0,506.1,69BopbFc34U.000.mp4,1280,720,29.97,459,emotional_stability,high
148,4938,right_eye,692.1,269.2,792.2,349.9,1025.1,426.5,1150.2,527.3,69BopbFc34U.000.mp4,1280,720,29.97,459,emotional_stability,high
148,4938,nose,604.3,314.1,702.0,441.9,915.4,482.6,1037.4,642.4,69BopbFc34U.000.mp4,1280,720,29.97,459,emotional_stability,high
148,4938,mouth,578.5,462.2,696.5,511.4,883.2,667.8,1030.6,729.3,69BopbFc34U.000.mp4,1280,720,29.97,459,emotional_stability,high
148,4938,forehead,469.7,191.4,798.5,463.5,747.1,329.3,1158.1,669.3,69BopbFc34U.000.mp4,1280,720,29.97,459,emotional_stability,high
148,4938,chin,469.7,319.5,779.7,563.7,747.1,489.4,1134.6,794.6,69BopbFc34U.000.mp4,1280,720,29.97,459,emotional_stability,high
148,4938,left_cheek,495.0,332.2,601.8,465.6,778.8,505.2,912.2,672.0,69BopbFc34U.000.mp4,1280,720,29.97,459,emotional_stability,high
148,4938,right_cheek,703.4,364.0,785.7,486.2,1039.2,545.0,1142.1,697.8,69BopbFc34U.000.mp4,1280,720,29.97,459,emotional_stability,high
149,4971,left_eye,517.5,240.1,638.0,331.9,806.9,390.1,957.5,504.9,69BopbFc34U.000.mp4,1280,720,29.97,459,emotional_stability,high
149,4971,right_eye,692.9,269.6,793.0,350.0,1026.1,427.0,1151.3,527.5,69BopbFc34U.000.mp4,1280,720,29.97,459,emotional_stability,high
149,4971,nose,604.1,313.7,702.4,440.4,915.2,482.2,1038.0,640.5,69BopbFc34U.000.mp4,1280,720,29.97,459,emotional_stability,high
149,4971,mouth,577.3,460.7,696.1,511.9,881.7,665.8,1030.2,729.9,69BopbFc34U.000.mp4,1280,720,29.97,459,emotional_stability,high
149,4971,forehead,469.9,190.9,799.3,464.0,747.4,328.6,1159.1,670.0,69BopbFc34U.000.mp4,1280,720,29.97,459,emotional_stability,high
149,4971,chin,469.9,318.7,779.7,563.7,747.4,488.3,1134.6,794.6,69BopbFc34U.000.mp4,1280,720,29.97,459,emotional_stability,high
149,4971,left_cheek,495.0,331.0,602.1,464.5,778.8,503.7,912.6,670.6,69BopbFc34U.000.mp4,1280,720,29.97,459,emotional_stability,high
149,4971,right_cheek,703.9,364.5,785.7,486.3,1039.9,545.6,1142.1,697.9,69BopbFc34U.000.mp4,1280,720,29.97,459,emotional_stability,high
150,5005,left_eye,517.4,239.6,637.9,331.4,806.7,389.5,957.4,504.3,69BopbFc34U.000.mp4,1280,720,29.97,459,emotional_stability,high
150,5005,right_eye,692.4,269.8,793.2,350.2,1025.5,427.2,1151.5,527.8,69BopbFc34U.000.mp4,1280,720,29.97,459,emotional_stability,high
150,5005,nose,604.1,313.6,702.1,439.8,915.1,482.0,1037.6,639.7,69BopbFc34U.000.mp4,1280,720,29.97,459,emotional_stability,high
150,5005,mouth,576.2,460.0,695.0,512.2,880.2,665.1,1028.8,730.3,69BopbFc34U.000.mp4,1280,720,29.97,459,emotional_stability,high
150,5005,forehead,469.9,190.4,799.4,464.3,747.4,328.0,1159.2,670.4,69BopbFc34U.000.mp4,1280,720,29.97,459,emotional_stability,high
150,5005,chin,469.9,317.9,779.5,563.8,747.4,487.3,1134.4,794.8,69BopbFc34U.000.mp4,1280,720,29.97,459,emotional_stability,high
150,5005,left_cheek,494.9,330.3,601.8,464.0,778.6,502.8,912.2,670.0,69BopbFc34U.000.mp4,1280,720,29.97,459,emotional_stability,high
150,5005,right_cheek,703.7,364.9,785.6,486.6,1039.6,546.2,1142.0,698.3,69BopbFc34U.000.mp4,1280,720,29.97,459,emotional_stability,high
151,5038,left_eye,517.8,239.4,638.2,331.1,807.2,389.2,957.8,503.9,69BopbFc34U.000.mp4,1280,720,29.97,459,emotional_stability,high
151,5038,right_eye,692.2,269.8,793.0,350.4,1025.2,427.2,1151.2,528.0,69BopbFc34U.000.mp4,1280,720,29.97,459,emotional_stability,high
151,5038,nose,604.0,313.4,702.0,439.0,915.0,481.7,1037.4,638.7,69BopbFc34U.000.mp4,1280,720,29.97,459,emotional_stability,high
151,5038,mouth,575.4,459.4,694.3,512.1,879.2,664.3,1027.8,730.1,69BopbFc34U.000.mp4,1280,720,29.97,459,emotional_stability,high
151,5038,forehead,470.0,190.3,799.2,464.3,747.5,327.9,1159.0,670.4,69BopbFc34U.000.mp4,1280,720,29.97,459,emotional_stability,high
151,5038,chin,470.0,317.8,779.0,563.8,747.5,487.2,1133.7,794.7,69BopbFc34U.000.mp4,1280,720,29.97,459,emotional_stability,high
151,5038,left_cheek,494.8,330.0,601.7,463.6,778.6,502.5,912.1,669.5,69BopbFc34U.000.mp4,1280,720,29.97,459,emotional_stability,high
151,5038,right_cheek,703.5,365.1,785.4,486.6,1039.4,546.4,1141.7,698.2,69BopbFc34U.000.mp4,1280,720,29.97,459,emotional_stability,high
152,5071,left_eye,518.1,239.0,638.3,330.8,807.6,388.8,957.8,503.5,69BopbFc34U.000.mp4,1280,720,29.97,459,emotional_stability,high
152,5071,right_eye,691.9,269.6,792.8,350.4,1024.9,427.0,1150.9,528.0,69BopbFc34U.000.mp4,1280,720,29.97,459,emotional_stability,high
152,5071,nose,604.0,313.1,701.8,438.8,915.0,481.4,1037.3,638.5,69BopbFc34U.000.mp4,1280,720,29.97,459,emotional_stability,high
152,5071,mouth,575.1,459.1,693.3,512.0,878.9,663.9,1026.6,730.0,69BopbFc34U.000.mp4,1280,720,29.97,459,emotional_stability,high
152,5071,forehead,470.0,190.0,799.0,464.4,747.5,327.5,1158.7,670.5,69BopbFc34U.000.mp4,1280,720,29.97,459,emotional_stability,high
152,5071,chin,470.0,317.2,778.7,563.8,747.5,486.5,1133.3,794.7,69BopbFc34U.000.mp4,1280,720,29.97,459,emotional_stability,high
152,5071,left_cheek,494.7,329.6,601.6,463.2,778.4,501.9,912.0,669.0,69BopbFc34U.000.mp4,1280,720,29.97,459,emotional_stability,high
152,5071,right_cheek,703.4,365.1,785.1,486.6,1039.2,546.4,1141.4,698.3,69BopbFc34U.000.mp4,1280,720,29.97,459,emotional_stability,high
153,5105,left_eye,517.6,239.2,637.6,330.7,807.0,388.9,957.0,503.3,69BopbFc34U.000.mp4,1280,720,29.97,459,emotional_stability,high
153,5105,right_eye,691.3,269.5,792.5,350.7,1024.2,426.9,1150.6,528.3,69BopbFc34U.000.mp4,1280,720,29.97,459,emotional_stability,high
153,5105,nose,602.9,313.0,701.0,438.3,913.7,481.2,1036.3,637.9,69BopbFc34U.000.mp4,1280,720,29.97,459,emotional_stability,high
153,5105,mouth,574.2,458.3,691.9,511.7,877.8,662.9,1024.9,729.7,69BopbFc34U.000.mp4,1280,720,29.97,459,emotional_stability,high
153,5105,forehead,469.9,190.1,798.5,465.0,747.4,327.6,1158.1,671.3,69BopbFc34U.000.mp4,1280,720,29.97,459,emotional_stability,high
153,5105,chin,469.9,317.6,777.6,563.8,747.4,486.9,1132.0,794.7,69BopbFc34U.000.mp4,1280,720,29.97,459,emotional_stability,high
153,5105,left_cheek,494.1,329.6,601.3,462.9,777.6,502.0,911.6,668.6,69BopbFc34U.000.mp4,1280,720,29.97,459,emotional_stability,high
153,5105,right_cheek,702.8,365.7,783.8,486.8,1038.5,547.1,1139.7,698.5,69BopbFc34U.000.mp4,1280,720,29.97,459,emotional_stability,high
154,5138,left_eye,517.5,238.7,637.1,329.7,806.9,388.4,956.4,502.1,69BopbFc34U.000.mp4,1280,720,29.97,459,emotional_stability,high
154,5138,right_eye,689.7,269.4,790.4,350.4,1022.2,426.7,1148.0,528.0,69BopbFc34U.000.mp4,1280,720,29.97,459,emotional_stability,high
154,5138,nose,602.7,311.6,700.0,435.7,913.4,479.5,1035.0,634.7,69BopbFc34U.000.mp4,1280,720,29.97,459,emotional_stability,high
154,5138,mouth,573.8,455.6,691.0,509.7,877.3,659.5,1023.7,727.1,69BopbFc34U.000.mp4,1280,720,29.97,459,emotional_stability,high
154,5138,forehead,469.7,190.1,796.5,464.7,747.1,327.6,1155.7,670.9,69BopbFc34U.000.mp4,1280,720,29.97,459,emotional_stability,high
154,5138,chin,469.7,317.7,775.0,562.6,747.1,487.1,1128.8,793.2,69BopbFc34U.000.mp4,1280,720,29.97,459,emotional_stability,high
154,5138,left_cheek,493.7,329.0,601.1,461.8,777.1,501.3,911.3,667.2,69BopbFc34U.000.mp4,1280,720,29.97,459,emotional_stability,high
154,5138,right_cheek,701.5,365.3,781.3,486.2,1036.9,546.6,1136.6,697.8,69BopbFc34U.000.mp4,1280,720,29.97,459,emotional_stability,high
155,5171,left_eye,517.2,237.0,636.9,327.7,806.6,386.3,956.1,499.6,69BopbFc34U.000.mp4,1280,720,29.97,459,emotional_stability,high
155,5171,right_eye,688.4,267.0,788.6,348.4,1020.5,423.8,1145.8,525.5,69BopbFc34U.000.mp4,1280,720,29.97,459,emotional_stability,high
155,5171,nose,602.5,309.0,698.8,432.5,913.1,476.2,1033.6,630.6,69BopbFc34U.000.mp4,1280,720,29.97,459,emotional_stability,high
155,5171,mouth,573.2,451.6,690.1,507.3,876.5,654.5,1022.7,724.1,69BopbFc34U.000.mp4,1280,720,29.97,459,emotional_stability,high
155,5171,forehead,469.4,189.2,795.1,464.1,746.8,326.5,1153.9,670.1,69BopbFc34U.000.mp4,1280,720,29.97,459,emotional_stability,high
155,5171,chin,469.4,317.1,773.8,560.7,746.8,486.4,1127.2,790.9,69BopbFc34U.000.mp4,1280,720,29.97,459,emotional_stability,high
155,5171,left_cheek,493.4,327.6,600.8,459.9,776.8,499.5,911.0,664.9,69BopbFc34U.000.mp4,1280,720,29.97,459,emotional_stability,high
155,5171,right_cheek,700.4,364.0,779.7,484.0,1035.5,545.0,1134.7,694.9,69BopbFc34U.000.mp4,1280,720,29.97,459,emotional_stability,high
156,5205,left_eye,517.1,234.9,636.7,325.4,806.3,383.6,955.9,496.8,69BopbFc34U.000.mp4,1280,720,29.97,459,emotional_stability,high
156,5205,right_eye,687.1,263.3,786.3,345.3,1018.9,419.2,1142.8,521.7,69BopbFc34U.000.mp4,1280,720,29.97,459,emotional_stability,high
156,5205,nose,602.5,305.8,698.0,429.3,913.1,472.2,1032.5,626.7,69BopbFc34U.000.mp4,1280,720,29.97,459,emotional_stability,high
156,5205,mouth,572.9,448.4,689.8,504.0,876.1,650.5,1022.3,720.0,69BopbFc34U.000.mp4,1280,720,29.97,459,emotional_stability,high
156,5205,forehead,469.2,187.7,792.7,461.8,746.4,324.7,1150.9,667.2,69BopbFc34U.000.mp4,1280,720,29.97,459,emotional_stability,high
156,5205,chin,469.2,316.3,771.6,558.6,746.4,485.4,1124.5,788.2,69BopbFc34U.000.mp4,1280,720,29.97,459,emotional_stability,high
156,5205,left_cheek,493.3,326.0,600.6,457.9,776.6,497.5,910.7,662.4,69BopbFc34U.000.mp4,1280,720,29.97,459,emotional_stability,high
156,5205,right_cheek,699.5,361.1,778.2,480.6,1034.4,541.4,1132.8,690.8,69BopbFc34U.000.mp4,1280,720,29.97,459,emotional_stability,high
157,5238,left_eye,517.0,233.8,636.1,323.9,806.2,382.2,955.1,494.9,69BopbFc34U.000.mp4,1280,720,29.97,459,emotional_stability,high
157,5238,right_eye,686.4,260.4,784.5,342.5,1018.0,415.4,1140.6,518.2,69BopbFc34U.000.mp4,1280,720,29.97,459,emotional_stability,high
157,5238,nose,602.4,303.4,697.8,426.6,913.1,469.2,1032.2,623.2,69BopbFc34U.000.mp4,1280,720,29.97,459,emotional_stability,high
157,5238,mouth,573.0,446.1,689.8,501.8,876.3,647.6,1022.2,717.3,69BopbFc34U.000.mp4,1280,720,29.97,459,emotional_stability,high
157,5238,forehead,469.1,187.1,790.8,458.8,746.3,323.8,1148.5,663.5,69BopbFc34U.000.mp4,1280,720,29.97,459,emotional_stability,high
157,5238,chin,469.1,316.1,770.4,557.2,746.3,485.2,1123.0,786.5,69BopbFc34U.000.mp4,1280,720,29.97,459,emotional_stability,high
157,5238,left_cheek,493.3,325.2,600.4,456.6,776.6,496.5,910.5,660.7,69BopbFc34U.000.mp4,1280,720,29.97,459,emotional_stability,high
157,5238,right_cheek,699.0,358.0,777.3,477.4,1033.7,537.5,1131.6,686.8,69BopbFc34U.000.mp4,1280,720,29.97,459,emotional_stability,high
158,5271,left_eye,516.9,231.2,635.7,322.3,806.2,379.0,954.7,492.9,69BopbFc34U.000.mp4,1280,720,29.97,459,emotional_stability,high
158,5271,right_eye,685.9,257.4,783.6,340.5,1017.4,411.8,1139.5,515.6,69BopbFc34U.000.mp4,1280,720,29.97,459,emotional_stability,high
158,5271,nose,602.8,301.1,697.8,424.3,913.4,466.3,1032.3,620.3,69BopbFc34U.000.mp4,1280,720,29.97,459,emotional_stability,high
158,5271,mouth,573.1,443.3,690.0,500.6,876.3,644.1,1022.5,715.8,69BopbFc34U.000.mp4,1280,720,29.97,459,emotional_stability,high
158,5271,forehead,469.0,185.8,789.7,456.6,746.3,322.3,1147.2,660.7,69BopbFc34U.000.mp4,1280,720,29.97,459,emotional_stability,high
158,5271,chin,469.0,315.8,769.4,556.3,746.3,484.7,1121.8,785.3,69BopbFc34U.000.mp4,1280,720,29.97,459,emotional_stability,high
158,5271,left_cheek,493.4,324.2,600.4,455.4,776.8,495.3,910.5,659.3,69BopbFc34U.000.mp4,1280,720,29.97,459,emotional_stability,high
158,5271,right_cheek,698.9,355.5,776.5,475.1,1033.6,534.4,1130.6,683.9,69BopbFc34U.000.mp4,1280,720,29.97,459,emotional_stability,high
159,5305,left_eye,516.7,229.2,635.3,320.8,805.9,376.5,954.1,491.0,69BopbFc34U.000.mp4,1280,720,29.97,459,emotional_stability,high
159,5305,right_eye,686.0,254.2,783.2,338.4,1017.5,407.7,1139.0,512.9,69BopbFc34U.000.mp4,1280,720,29.97,459,emotional_stability,high
159,5305,nose,603.7,299.0,698.5,422.8,914.7,463.8,1033.2,618.5,69BopbFc34U.000.mp4,1280,720,29.97,459,emotional_stability,high
159,5305,mouth,573.8,441.6,690.2,500.6,877.3,642.0,1022.8,715.7,69BopbFc34U.000.mp4,1280,720,29.97,459,emotional_stability,high
159,5305,forehead,469.2,184.6,788.8,453.7,746.4,320.8,1146.0,657.1,69BopbFc34U.000.mp4,1280,720,29.97,459,emotional_stability,high
159,5305,chin,469.2,315.5,769.0,555.9,746.4,484.4,1121.2,784.8,69BopbFc34U.000.mp4,1280,720,29.97,459,emotional_stability,high
159,5305,left_cheek,494.2,323.6,600.5,454.8,777.8,494.6,910.7,658.4,69BopbFc34U.000.mp4,1280,720,29.97,459,emotional_stability,high
159,5305,right_cheek,698.9,352.7,776.6,472.8,1033.7,530.9,1130.8,681.0,69BopbFc34U.000.mp4,1280,720,29.97,459,emotional_stability,high
160,5338,left_eye,517.2,228.4,636.0,319.9,806.4,375.5,955.0,489.9,69BopbFc34U.000.mp4,1280,720,29.97,459,emotional_stability,high
160,5338,right_eye,687.2,253.1,783.6,336.9,1019.1,406.4,1139.5,511.1,69BopbFc34U.000.mp4,1280,720,29.97,459,emotional_stability,high
160,5338,nose,607.6,298.0,701.0,422.4,919.4,462.5,1036.3,618.0,69BopbFc34U.000.mp4,1280,720,29.97,459,emotional_stability,high
160,5338,mouth,576.8,441.0,692.4,501.3,881.0,641.2,1025.4,716.6,69BopbFc34U.000.mp4,1280,720,29.97,459,emotional_stability,high
160,5338,forehead,470.1,183.9,789.2,453.3,747.6,319.9,1146.5,656.7,69BopbFc34U.000.mp4,1280,720,29.97,459,emotional_stability,high
160,5338,chin,470.1,315.3,769.6,556.3,747.6,484.1,1122.0,785.4,69BopbFc34U.000.mp4,1280,720,29.97,459,emotional_stability,high
160,5338,left_cheek,497.0,323.3,603.1,455.1,781.2,494.2,913.8,658.9,69BopbFc34U.000.mp4,1280,720,29.97,459,emotional_stability,high
160,5338,right_cheek,700.9,351.4,776.8,472.6,1036.1,529.3,1131.0,680.7,69BopbFc34U.000.mp4,1280,720,29.97,459,emotional_stability,high
161,5372,left_eye,518.2,228.1,637.4,319.6,807.7,375.2,956.7,489.5,69BopbFc34U.000.mp4,1280,720,29.97,459,emotional_stability,high
161,5372,right_eye,689.4,252.8,784.4,336.2,1021.7,406.0,1140.5,510.3,69BopbFc34U.000.mp4,1280,720,29.97,459,emotional_stability,high
161,5372,nose,610.4,297.6,703.6,422.5,923.0,462.0,1039.5,618.1,69BopbFc34U.000.mp4,1280,720,29.97,459,emotional_stability,high
161,5372,mouth,579.2,441.4,695.3,501.7,884.0,641.7,1029.1,717.1,69BopbFc34U.000.mp4,1280,720,29.97,459,emotional_stability,high
161,5372,forehead,472.0,183.7,789.5,453.2,750.0,319.7,1146.8,656.5,69BopbFc34U.000.mp4,1280,720,29.97,459,emotional_stability,high
161,5372,chin,472.0,315.4,770.4,556.4,750.0,484.2,1123.0,785.5,69BopbFc34U.000.mp4,1280,720,29.97,459,emotional_stability,high
161,5372,left_cheek,498.8,323.4,605.4,455.5,783.5,494.3,916.7,659.3,69BopbFc34U.000.mp4,1280,720,29.97,459,emotional_stability,high
161,5372,right_cheek,703.4,350.9,778.8,472.4,1039.2,528.6,1133.5,680.6,69BopbFc34U.000.mp4,1280,720,29.97,459,emotional_stability,high
162,5405,left_eye,519.9,228.0,639.8,319.5,809.9,375.0,959.8,489.3,69BopbFc34U.000.mp4,1280,720,29.97,459,emotional_stability,high
162,5405,right_eye,692.6,252.4,787.2,335.9,1025.7,405.5,1144.0,509.9,69BopbFc34U.000.mp4,1280,720,29.97,459,emotional_stability,high
162,5405,nose,613.6,297.4,707.1,422.6,927.0,461.7,1043.8,618.2,69BopbFc34U.000.mp4,1280,720,29.97,459,emotional_stability,high
162,5405,mouth,581.7,441.5,698.0,503.6,887.1,641.9,1032.5,719.5,69BopbFc34U.000.mp4,1280,720,29.97,459,emotional_stability,high
162,5405,forehead,473.4,183.6,791.7,453.4,751.7,319.5,1149.6,656.8,69BopbFc34U.000.mp4,1280,720,29.97,459,emotional_stability,high
162,5405,chin,473.4,315.4,772.7,558.3,751.7,484.3,1125.8,787.9,69BopbFc34U.000.mp4,1280,720,29.97,459,emotional_stability,high
162,5405,left_cheek,500.9,323.5,608.3,455.8,786.1,494.3,920.4,659.7,69BopbFc34U.000.mp4,1280,720,29.97,459,emotional_stability,high
162,5405,right_cheek,706.7,350.5,782.1,472.9,1043.4,528.2,1137.6,681.1,69BopbFc34U.000.mp4,1280,720,29.97,459,emotional_stability,high
163,5438,left_eye,521.5,228.0,642.4,319.7,811.8,375.0,963.0,489.6,69BopbFc34U.000.mp4,1280,720,29.97,459,emotional_stability,high
163,5438,right_eye,695.5,252.6,790.9,336.2,1029.4,405.7,1148.6,510.2,69BopbFc34U.000.mp4,1280,720,29.97,459,emotional_stability,high
163,5438,nose,616.3,297.6,710.3,423.1,930.4,462.0,1047.8,618.9,69BopbFc34U.000.mp4,1280,720,29.97,459,emotional_stability,high
163,5438,mouth,584.1,442.2,701.1,507.1,890.1,642.8,1036.3,723.9,69BopbFc34U.000.mp4,1280,720,29.97,459,emotional_stability,high
163,5438,forehead,474.3,183.5,795.0,453.8,752.8,319.4,1153.7,657.3,69BopbFc34U.000.mp4,1280,720,29.97,459,emotional_stability,high
163,5438,chin,474.3,315.5,775.3,560.9,752.8,484.3,1129.1,791.1,69BopbFc34U.000.mp4,1280,720,29.97,459,emotional_stability,high
163,5438,left_cheek,502.4,323.7,610.8,456.7,788.1,494.6,923.5,660.8,69BopbFc34U.000.mp4,1280,720,29.97,459,emotional_stability,high
163,5438,right_cheek,710.1,350.8,785.6,473.4,1047.6,528.5,1142.0,681.8,69BopbFc34U.000.mp4,1280,720,29.97,459,emotional_stability,high
164,5472,left_eye,523.0,228.3,645.0,320.1,813.7,375.4,966.2,490.1,69BopbFc34U.000.mp4,1280,720,29.97,459,emotional_stability,high
164,5472,right_eye,698.4,253.3,794.2,336.7,1033.0,406.6,1152.7,510.9,69BopbFc34U.000.mp4,1280,720,29.97,459,emotional_stability,high
164,5472,nose,618.7,298.2,712.9,423.6,933.4,462.7,1051.1,619.5,69BopbFc34U.000.mp4,1280,720,29.97,459,emotional_stability,high
164,5472,mouth,586.7,442.6,703.0,511.4,893.4,643.3,1038.7,729.2,69BopbFc34U.000.mp4,1280,720,29.97,459,emotional_stability,high
164,5472,forehead,474.8,183.6,798.2,454.4,753.5,319.5,1157.7,658.0,69BopbFc34U.000.mp4,1280,720,29.97,459,emotional_stability,high
164,5472,chin,474.8,315.7,777.6,563.4,753.5,484.6,1132.0,794.3,69BopbFc34U.000.mp4,1280,720,29.97,459,emotional_stability,high
164,5472,left_cheek,503.6,323.7,612.9,458.5,789.5,494.6,926.2,663.1,69BopbFc34U.000.mp4,1280,720,29.97,459,emotional_stability,high
164,5472,right_cheek,712.8,351.4,788.6,474.2,1051.1,529.2,1145.8,682.7,69BopbFc34U.000.mp4,1280,720,29.97,459,emotional_stability,high
165,5505,left_eye,524.3,228.6,647.2,320.2,815.4,375.7,969.0,490.3,69BopbFc34U.000.mp4,1280,720,29.97,459,emotional_stability,high
165,5505,right_eye,699.8,253.6,795.9,336.9,1034.8,407.0,1154.8,511.1,69BopbFc34U.000.mp4,1280,720,29.97,459,emotional_stability,high
165,5505,nose,619.4,298.4,714.6,425.1,934.2,463.0,1053.3,621.3,69BopbFc34U.000.mp4,1280,720,29.97,459,emotional_stability,high
165,5505,mouth,587.5,444.0,704.1,512.8,894.3,645.0,1040.1,731.1,69BopbFc34U.000.mp4,1280,720,29.97,459,emotional_stability,high
165,5505,forehead,474.8,183.8,799.9,455.6,753.5,319.7,1159.9,659.5,69BopbFc34U.000.mp4,1280,720,29.97,459,emotional_stability,high
165,5505,chin,474.8,316.1,778.6,565.0,753.5,485.1,1133.3,796.2,69BopbFc34U.000.mp4,1280,720,29.97,459,emotional_stability,high
165,5505,left_cheek,504.0,324.3,613.8,460.4,790.0,495.3,927.3,665.5,69BopbFc34U.000.mp4,1280,720,29.97,459,emotional_stability,high
165,5505,right_cheek,714.3,351.6,789.9,476.1,1052.8,529.5,1147.4,685.1,69BopbFc34U.000.mp4,1280,720,29.97,459,emotional_stability,high
166,5538,left_eye,525.4,229.0,648.9,321.9,816.7,376.2,971.1,492.4,69BopbFc34U.000.mp4,1280,720,29.97,459,emotional_stability,high
166,5538,right_eye,701.2,255.2,796.7,338.2,1036.5,409.0,1155.9,512.8,69BopbFc34U.000.mp4,1280,720,29.97,459,emotional_stability,high
166,5538,nose,619.5,300.0,716.3,428.6,934.3,465.0,1055.3,625.7,69BopbFc34U.000.mp4,1280,720,29.97,459,emotional_stability,high
166,5538,mouth,587.6,448.0,706.0,512.5,894.5,650.0,1042.5,730.6,69BopbFc34U.000.mp4,1280,720,29.97,459,emotional_stability,high
166,5538,forehead,475.1,183.8,800.6,457.2,753.8,319.8,1160.7,661.5,69BopbFc34U.000.mp4,1280,720,29.97,459,emotional_stability,high
166,5538,chin,475.1,316.8,779.3,565.9,753.8,486.0,1134.2,797.4,69BopbFc34U.000.mp4,1280,720,29.97,459,emotional_stability,high
166,5538,left_cheek,504.3,325.7,614.5,462.4,790.4,497.1,928.1,668.0,69BopbFc34U.000.mp4,1280,720,29.97,459,emotional_stability,high
166,5538,right_cheek,715.4,353.1,791.0,478.5,1054.3,531.4,1148.8,688.1,69BopbFc34U.000.mp4,1280,720,29.97,459,emotional_stability,high
167,5572,left_eye,525.8,230.9,649.3,324.6,817.3,378.7,971.6,495.8,69BopbFc34U.000.mp4,1280,720,29.97,459,emotional_stability,high
167,5572,right_eye,701.5,258.3,796.7,340.1,1036.9,412.9,1155.8,515.1,69BopbFc34U.000.mp4,1280,720,29.97,459,emotional_stability,high
167,5572,nose,619.9,302.5,716.8,431.7,934.8,468.1,1056.0,629.6,69BopbFc34U.000.mp4,1280,720,29.97,459,emotional_stability,high
167,5572,mouth,590.5,454.5,709.3,508.6,898.1,658.2,1046.6,725.8,69BopbFc34U.000.mp4,1280,720,29.97,459,emotional_stability,high
167,5572,forehead,475.3,184.7,800.4,459.5,754.1,320.9,1160.5,664.4,69BopbFc34U.000.mp4,1280,720,29.97,459,emotional_stability,high
167,5572,chin,475.3,320.1,779.7,565.4,754.1,490.1,1134.6,796.7,69BopbFc34U.000.mp4,1280,720,29.97,459,emotional_stability,high
167,5572,left_cheek,504.0,328.6,614.9,463.8,790.0,500.8,928.6,669.7,69BopbFc34U.000.mp4,1280,720,29.97,459,emotional_stability,high
167,5572,right_cheek,715.5,355.0,790.9,479.9,1054.4,533.8,1148.7,689.9,69BopbFc34U.000.mp4,1280,720,29.97,459,emotional_stability,high
168,5605,left_eye,525.5,234.0,648.9,327.6,816.8,382.5,971.1,499.5,69BopbFc34U.000.mp4,1280,720,29.97,459,emotional_stability,high
168,5605,right_eye,701.2,262.5,796.3,342.3,1036.4,418.2,1155.3,517.9,69BopbFc34U.000.mp4,1280,720,29.97,459,emotional_stability,high
168,5605,nose,620.4,305.7,717.6,433.8,935.5,472.2,1057.0,632.3,69BopbFc34U.000.mp4,1280,720,29.97,459,emotional_stability,high
168,5605,mouth,592.5,456.9,713.3,504.8,900.7,661.1,1051.6,721.1,69BopbFc34U.000.mp4,1280,720,29.97,459,emotional_stability,high
168,5605,forehead,475.2,187.0,800.0,460.6,754.0,323.8,1159.9,665.7,69BopbFc34U.000.mp4,1280,720,29.97,459,emotional_stability,high
168,5605,chin,475.2,323.1,779.5,564.8,754.0,493.9,1134.3,796.0,69BopbFc34U.000.mp4,1280,720,29.97,459,emotional_stability,high
168,5605,left_cheek,503.9,331.6,615.2,465.1,789.9,504.5,929.0,671.4,69BopbFc34U.000.mp4,1280,720,29.97,459,emotional_stability,high
168,5605,right_cheek,715.5,356.7,790.7,480.3,1054.4,535.8,1148.3,690.4,69BopbFc34U.000.mp4,1280,720,29.97,459,emotional_stability,high
169,5638,left_eye,525.2,236.9,648.1,329.5,816.5,386.1,970.1,501.9,69BopbFc34U.000.mp4,1280,720,29.97,459,emotional_stability,high
169,5638,right_eye,700.5,264.9,795.8,343.7,1035.6,421.1,1154.8,519.6,69BopbFc34U.000.mp4,1280,720,29.97,459,emotional_stability,high
169,5638,nose,619.6,308.1,717.1,435.5,934.5,475.1,1056.3,634.4,69BopbFc34U.000.mp4,1280,720,29.97,459,emotional_stability,high
169,5638,mouth,592.2,459.0,713.1,501.6,900.2,663.7,1051.4,717.1,69BopbFc34U.000.mp4,1280,720,29.97,459,emotional_stability,high
169,5638,forehead,474.7,189.2,799.8,460.7,753.4,326.5,1159.7,665.9,69BopbFc34U.000.mp4,1280,720,29.97,459,emotional_stability,high
169,5638,chin,474.7,324.2,779.3,564.1,753.4,495.2,1134.2,795.1,69BopbFc34U.000.mp4,1280,720,29.97,459,emotional_stability,high
169,5638,left_cheek,503.9,333.1,614.5,465.9,789.9,506.4,928.1,672.4,69BopbFc34U.000.mp4,1280,720,29.97,459,emotional_stability,high
169,5638,right_cheek,714.8,357.5,790.2,480.7,1053.5,536.9,1147.7,690.9,69BopbFc34U.000.mp4,1280,720,29.97,459,emotional_stability,high
170,5672,left_eye,524.4,239.3,647.7,331.0,815.5,389.1,969.6,503.7,69BopbFc34U.000.mp4,1280,720,29.97,459,emotional_stability,high
170,5672,right_eye,700.1,266.7,795.5,344.9,1035.1,423.4,1154.4,521.1,69BopbFc34U.000.mp4,1280,720,29.97,459,emotional_stability,high
170,5672,nose,619.3,309.6,716.8,435.4,934.1,477.0,1056.0,634.3,69BopbFc34U.000.mp4,1280,720,29.97,459,emotional_stability,high
170,5672,mouth,592.9,458.6,712.3,500.4,901.1,663.2,1050.4,715.5,69BopbFc34U.000.mp4,1280,720,29.97,459,emotional_stability,high
170,5672,forehead,474.2,191.0,799.5,462.0,752.8,328.8,1159.3,667.5,69BopbFc34U.000.mp4,1280,720,29.97,459,emotional_stability,high
170,5672,chin,474.2,326.9,779.1,564.0,752.8,498.6,1133.9,795.0,69BopbFc34U.000.mp4,1280,720,29.97,459,emotional_stability,high
170,5672,left_cheek,503.8,335.1,614.1,467.0,789.7,508.9,927.6,673.7,69BopbFc34U.000.mp4,1280,720,29.97,459,emotional_stability,high
170,5672,right_cheek,714.4,358.8,789.8,481.3,1053.0,538.5,1147.3,691.7,69BopbFc34U.000.mp4,1280,720,29.97,459,emotional_stability,high
171,5705,left_eye,523.6,241.0,647.7,332.2,814.5,391.2,969.6,505.2,69BopbFc34U.000.mp4,1280,720,29.97,459,emotional_stability,high
171,5705,right_eye,700.0,267.3,795.4,345.7,1035.0,424.2,1154.2,522.1,69BopbFc34U.000.mp4,1280,720,29.97,459,emotional_stability,high
171,5705,nose,619.1,310.6,716.6,435.4,933.9,478.2,1055.8,634.3,69BopbFc34U.000.mp4,1280,720,29.97,459,emotional_stability,high
171,5705,mouth,592.8,458.5,712.0,500.5,901.0,663.1,1050.0,715.6,69BopbFc34U.000.mp4,1280,720,29.97,459,emotional_stability,high
171,5705,forehead,473.5,192.6,798.9,463.0,751.9,330.7,1158.6,668.7,69BopbFc34U.000.mp4,1280,720,29.97,459,emotional_stability,high
171,5705,chin,473.5,328.9,778.5,563.9,751.9,501.1,1133.1,794.8,69BopbFc34U.000.mp4,1280,720,29.97,459,emotional_stability,high
171,5705,left_cheek,503.4,336.7,613.8,468.1,789.2,510.8,927.2,675.1,69BopbFc34U.000.mp4,1280,720,29.97,459,emotional_stability,high
171,5705,right_cheek,714.1,359.6,789.7,481.9,1052.6,539.6,1147.1,692.4,69BopbFc34U.000.mp4,1280,720,29.97,459,emotional_stability,high
172,5739,left_eye,522.1,242.3,646.7,333.5,812.7,392.9,968.4,506.9,69BopbFc34U.000.mp4,1280,720,29.97,459,emotional_stability,high
172,5739,right_eye,699.5,267.9,795.2,346.5,1034.4,424.9,1154.0,523.1,69BopbFc34U.000.mp4,1280,720,29.97,459,emotional_stability,high
172,5739,nose,618.9,311.6,716.4,435.9,933.6,479.5,1055.4,634.8,69BopbFc34U.000.mp4,1280,720,29.97,459,emotional_stability,high
172,5739,mouth,592.5,459.2,711.6,500.5,900.6,664.0,1049.5,715.6,69BopbFc34U.000.mp4,1280,720,29.97,459,emotional_stability,high
172,5739,forehead,472.5,193.3,798.8,464.3,750.6,331.7,1158.5,670.4,69BopbFc34U.000.mp4,1280,720,29.97,459,emotional_stability,high
172,5739,chin,472.5,330.4,778.5,563.9,750.6,503.0,1133.1,794.8,69BopbFc34U.000.mp4,1280,720,29.97,459,emotional_stability,high
172,5739,left_cheek,502.1,338.1,613.7,469.4,787.7,512.6,927.2,676.8,69BopbFc34U.000.mp4,1280,720,29.97,459,emotional_stability,high
172,5739,right_cheek,713.9,360.6,789.5,482.9,1052.4,540.8,1146.9,693.7,69BopbFc34U.000.mp4,1280,720,29.97,459,emotional_stability,high
173,5772,left_eye,517.5,243.8,642.1,334.3,806.9,394.7,962.6,507.8,69BopbFc34U.000.mp4,1280,720,29.97,459,emotional_stability,high
173,5772,right_eye,696.3,268.2,793.1,346.8,1030.4,425.2,1151.4,523.5,69BopbFc34U.000.mp4,1280,720,29.97,459,emotional_stability,high
173,5772,nose,616.8,312.2,714.4,436.6,931.0,480.2,1053.0,635.8,69BopbFc34U.000.mp4,1280,720,29.97,459,emotional_stability,high
173,5772,mouth,592.2,460.2,711.2,500.2,900.3,665.3,1049.0,715.2,69BopbFc34U.000.mp4,1280,720,29.97,459,emotional_stability,high
173,5772,forehead,469.3,194.1,796.9,465.0,746.6,332.6,1156.2,671.3,69BopbFc34U.000.mp4,1280,720,29.97,459,emotional_stability,high
173,5772,chin,469.3,331.4,777.9,563.9,746.6,504.3,1132.4,794.9,69BopbFc34U.000.mp4,1280,720,29.97,459,emotional_stability,high
173,5772,left_cheek,499.1,339.3,611.1,470.5,783.9,514.2,923.8,678.2,69BopbFc34U.000.mp4,1280,720,29.97,459,emotional_stability,high
173,5772,right_cheek,711.7,360.8,788.4,483.5,1049.6,541.0,1145.5,694.4,69BopbFc34U.000.mp4,1280,720,29.97,459,emotional_stability,high
174,5805,left_eye,512.3,244.9,636.2,335.1,800.3,396.1,955.3,508.9,69BopbFc34U.000.mp4,1280,720,29.97,459,emotional_stability,high
174,5805,right_eye,692.0,267.9,790.3,346.9,1025.0,424.9,1147.8,523.7,69BopbFc34U.000.mp4,1280,720,29.97,459,emotional_stability,high
174,5805,nose,613.1,312.4,710.5,436.2,926.4,480.5,1048.1,635.3,69BopbFc34U.000.mp4,1280,720,29.97,459,emotional_stability,high
174,5805,mouth,590.6,459.8,709.8,499.1,898.2,664.7,1047.3,713.9,69BopbFc34U.000.mp4,1280,720,29.97,459,emotional_stability,high
174,5805,forehead,466.1,194.9,794.3,465.5,742.6,333.7,1152.8,671.9,69BopbFc34U.000.mp4,1280,720,29.97,459,emotional_stability,high
174,5805,chin,466.1,333.9,777.0,563.8,742.6,507.4,1131.3,794.8,69BopbFc34U.000.mp4,1280,720,29.97,459,emotional_stability,high
174,5805,left_cheek,495.0,340.9,606.9,471.2,778.7,516.1,918.7,679.0,69BopbFc34U.000.mp4,1280,720,29.97,459,emotional_stability,high
174,5805,right_cheek,708.2,360.8,786.4,483.5,1045.3,541.1,1143.0,694.4,69BopbFc34U.000.mp4,1280,720,29.97,459,emotional_stability,high
175,5839,left_eye,508.6,245.9,632.1,336.3,795.7,397.4,950.1,510.3,69BopbFc34U.000.mp4,1280,720,29.97,459,emotional_stability,high
175,5839,right_eye,688.9,267.7,787.3,347.1,1021.1,424.7,1144.1,523.9,69BopbFc34U.000.mp4,1280,720,29.97,459,emotional_stability,high
175,5839,nose,609.7,313.0,707.8,436.5,922.2,481.3,1044.7,635.6,69BopbFc34U.000.mp4,1280,720,29.97,459,emotional_stability,high
175,5839,mouth,587.6,459.6,707.6,498.6,894.5,664.5,1044.5,713.3,69BopbFc34U.000.mp4,1280,720,29.97,459,emotional_stability,high
175,5839,forehead,464.0,195.7,791.6,465.4,740.0,334.7,1149.5,671.7,69BopbFc34U.000.mp4,1280,720,29.97,459,emotional_stability,high
175,5839,chin,464.0,335.0,775.2,563.8,740.0,508.8,1129.0,794.8,69BopbFc34U.000.mp4,1280,720,29.97,459,emotional_stability,high
175,5839,left_cheek,492.0,342.2,603.5,472.0,775.0,517.7,914.4,680.0,69BopbFc34U.000.mp4,1280,720,29.97,459,emotional_stability,high
175,5839,right_cheek,705.4,360.8,783.8,483.4,1041.7,540.9,1139.7,694.3,69BopbFc34U.000.mp4,1280,720,29.97,459,emotional_stability,high
176,5872,left_eye,510.0,246.7,633.2,337.0,797.5,398.4,951.5,511.3,69BopbFc34U.000.mp4,1280,720,29.97,459,emotional_stability,high
176,5872,right_eye,689.8,267.5,787.9,347.1,1022.2,424.4,1144.9,523.9,69BopbFc34U.000.mp4,1280,720,29.97,459,emotional_stability,high
176,5872,nose,610.4,313.1,708.2,437.2,923.0,481.4,1045.3,636.5,69BopbFc34U.000.mp4,1280,720,29.97,459,emotional_stability,high
176,5872,mouth,587.5,459.5,707.6,498.2,894.3,664.4,1044.5,712.8,69BopbFc34U.000.mp4,1280,720,29.97,459,emotional_stability,high
176,5872,forehead,464.6,195.6,794.1,465.3,740.7,334.5,1152.7,671.7,69BopbFc34U.000.mp4,1280,720,29.97,459,emotional_stability,high
176,5872,chin,464.6,334.8,778.0,563.7,740.7,508.5,1132.5,794.7,69BopbFc34U.000.mp4,1280,720,29.97,459,emotional_stability,high
176,5872,left_cheek,493.3,342.6,604.2,472.1,776.6,518.2,915.3,680.1,69BopbFc34U.000.mp4,1280,720,29.97,459,emotional_stability,high
176,5872,right_cheek,706.1,360.7,784.8,483.3,1042.6,540.9,1141.0,694.2,69BopbFc34U.000.mp4,1280,720,29.97,459,emotional_stability,high
177,5905,left_eye,508.9,246.4,631.4,336.8,796.1,398.0,949.3,511.0,69BopbFc34U.000.mp4,1280,720,29.97,459,emotional_stability,high
177,5905,right_eye,689.7,266.9,788.3,347.0,1022.1,423.6,1145.4,523.8,69BopbFc34U.000.mp4,1280,720,29.97,459,emotional_stability,high
177,5905,nose,608.9,312.8,707.8,437.1,921.1,481.0,1044.8,636.4,69BopbFc34U.000.mp4,1280,720,29.97,459,emotional_stability,high
177,5905,mouth,586.9,459.3,707.6,497.3,893.6,664.1,1044.5,711.6,69BopbFc34U.000.mp4,1280,720,29.97,459,emotional_stability,high
177,5905,forehead,465.4,195.4,794.2,464.4,741.7,334.2,1152.8,670.5,69BopbFc34U.000.mp4,1280,720,29.97,459,emotional_stability,high
177,5905,chin,465.4,334.2,779.4,563.2,741.7,507.8,1134.2,794.0,69BopbFc34U.000.mp4,1280,720,29.97,459,emotional_stability,high
177,5905,left_cheek,493.0,342.1,603.4,471.7,776.3,517.7,914.3,679.7,69BopbFc34U.000.mp4,1280,720,29.97,459,emotional_stability,high
177,5905,right_cheek,705.9,359.7,785.0,482.7,1042.4,539.6,1141.2,693.3,69BopbFc34U.000.mp4,1280,720,29.97,459,emotional_stability,high
178,5939,left_eye,508.6,246.2,630.9,336.8,795.7,397.8,948.6,511.0,69BopbFc34U.000.mp4,1280,720,29.97,459,emotional_stability,high
178,5939,right_eye,689.7,265.8,788.4,346.7,1022.1,422.2,1145.5,523.3,69BopbFc34U.000.mp4,1280,720,29.97,459,emotional_stability,high
178,5939,nose,608.9,312.6,707.8,437.0,921.1,480.7,1044.7,636.3,69BopbFc34U.000.mp4,1280,720,29.97,459,emotional_stability,high
178,5939,mouth,586.9,458.6,707.7,497.3,893.6,663.2,1044.7,711.6,69BopbFc34U.000.mp4,1280,720,29.97,459,emotional_stability,high
178,5939,forehead,465.9,195.2,794.2,463.1,742.4,334.0,1152.8,668.9,69BopbFc34U.000.mp4,1280,720,29.97,459,emotional_stability,high
178,5939,chin,465.9,334.1,779.4,562.6,742.4,507.7,1134.3,793.2,69BopbFc34U.000.mp4,1280,720,29.97,459,emotional_stability,high
178,5939,left_cheek,493.2,342.1,603.3,471.6,776.5,517.6,914.2,679.4,69BopbFc34U.000.mp4,1280,720,29.97,459,emotional_stability,high
178,5939,right_cheek,705.8,358.3,785.1,481.6,1042.3,537.9,1141.3,692.0,69BopbFc34U.000.mp4,1280,720,29.97,459,emotional_stability,high
179,5972,left_eye,508.3,246.7,630.1,337.0,795.4,398.4,947.6,511.2,69BopbFc34U.000.mp4,1280,720,29.97,459,emotional_stability,high
179,5972,right_eye,689.6,265.0,788.3,346.2,1022.0,421.3,1145.4,522.8,69BopbFc34U.000.mp4,1280,720,29.97,459,emotional_stability,high
179,5972,nose,608.5,312.4,707.8,437.0,920.6,480.5,1044.8,636.2,69BopbFc34U.000.mp4,1280,720,29.97,459,emotional_stability,high
179,5972,mouth,587.0,457.9,707.9,497.5,893.7,662.3,1044.9,711.9,69BopbFc34U.000.mp4,1280,720,29.97,459,emotional_stability,high
179,5972,forehead,466.1,195.2,794.2,461.2,742.7,333.9,1152.8,666.5,69BopbFc34U.000.mp4,1280,720,29.97,459,emotional_stability,high
179,5972,chin,466.1,334.1,779.7,562.1,742.7,507.7,1134.6,792.6,69BopbFc34U.000.mp4,1280,720,29.97,459,emotional_stability,high
179,5972,left_cheek,493.2,342.3,603.1,471.4,776.5,517.9,913.9,679.3,69BopbFc34U.000.mp4,1280,720,29.97,459,emotional_stability,high
179,5972,right_cheek,705.8,357.1,785.1,480.4,1042.2,536.4,1141.4,690.5,69BopbFc34U.000.mp4,1280,720,29.97,459,emotional_stability,high
180,6006,left_eye,507.2,246.8,629.1,337.0,794.0,398.5,946.4,511.3,69BopbFc34U.000.mp4,1280,720,29.97,459,emotional_stability,high
180,6006,right_eye,689.2,264.8,787.6,346.1,1021.5,421.0,1144.5,522.6,69BopbFc34U.000.mp4,1280,720,29.97,459,emotional_stability,high
180,6006,nose,608.0,312.4,707.6,437.1,920.0,480.5,1044.5,636.4,69BopbFc34U.000.mp4,1280,720,29.97,459,emotional_stability,high
180,6006,mouth,587.0,458.0,707.9,497.5,893.7,662.5,1044.9,711.8,69BopbFc34U.000.mp4,1280,720,29.97,459,emotional_stability,high
180,6006,forehead,466.3,195.2,793.3,459.8,742.9,334.0,1151.7,664.7,69BopbFc34U.000.mp4,1280,720,29.97,459,emotional_stability,high
180,6006,chin,466.3,334.1,779.6,561.7,742.9,507.7,1134.5,792.1,69BopbFc34U.000.mp4,1280,720,29.97,459,emotional_stability,high
180,6006,left_cheek,492.5,342.5,602.4,471.6,775.6,518.2,913.0,679.4,69BopbFc34U.000.mp4,1280,720,29.97,459,emotional_stability,high
180,6006,right_cheek,705.5,356.5,785.2,479.9,1041.8,535.6,1141.5,689.8,69BopbFc34U.000.mp4,1280,720,29.97,459,emotional_stability,high
181,6039,left_eye,506.9,247.1,628.9,337.3,793.6,398.9,946.1,511.6,69BopbFc34U.000.mp4,1280,720,29.97,459,emotional_stability,high
181,6039,right_eye,689.4,263.8,787.8,345.7,1021.7,419.7,1144.7,522.1,69BopbFc34U.000.mp4,1280,720,29.97,459,emotional_stability,high
181,6039,nose,608.4,312.4,707.7,437.2,920.4,480.4,1044.6,636.4,69BopbFc34U.000.mp4,1280,720,29.97,459,emotional_stability,high
181,6039,mouth,587.9,458.1,708.2,497.3,894.8,662.6,1045.2,711.6,69BopbFc34U.000.mp4,1280,720,29.97,459,emotional_stability,high
181,6039,forehead,466.8,195.1,793.4,459.1,743.4,333.9,1151.7,663.9,69BopbFc34U.000.mp4,1280,720,29.97,459,emotional_stability,high
181,6039,chin,466.8,335.0,780.2,561.3,743.4,508.7,1135.2,791.7,69BopbFc34U.000.mp4,1280,720,29.97,459,emotional_stability,high
181,6039,left_cheek,492.7,343.3,602.6,471.8,775.9,519.1,913.3,679.8,69BopbFc34U.000.mp4,1280,720,29.97,459,emotional_stability,high
181,6039,right_cheek,705.6,355.8,785.7,479.3,1042.0,534.7,1142.1,689.1,69BopbFc34U.000.mp4,1280,720,29.97,459,emotional_stability,high
182,6072,left_eye,505.5,247.2,627.1,337.2,791.9,399.0,943.8,511.5,69BopbFc34U.000.mp4,1280,720,29.97,459,emotional_stability,high
182,6072,right_eye,688.7,262.5,786.9,344.4,1020.9,418.2,1143.6,520.6,69BopbFc34U.000.mp4,1280,720,29.97,459,emotional_stability,high
182,6072,nose,608.0,312.2,707.6,437.1,920.0,480.2,1044.5,636.4,69BopbFc34U.000.mp4,1280,720,29.97,459,emotional_stability,high
182,6072,mouth,587.9,457.7,708.5,496.4,894.8,662.1,1045.7,710.5,69BopbFc34U.000.mp4,1280,720,29.97,459,emotional_stability,high
182,6072,forehead,466.8,195.1,792.4,457.4,743.4,333.8,1150.4,661.8,69BopbFc34U.000.mp4,1280,720,29.97,459,emotional_stability,high
182,6072,chin,466.8,335.4,780.1,560.7,743.4,509.3,1135.1,790.8,69BopbFc34U.000.mp4,1280,720,29.97,459,emotional_stability,high
182,6072,left_cheek,492.4,343.6,602.1,471.8,775.5,519.4,912.6,679.7,69BopbFc34U.000.mp4,1280,720,29.97,459,emotional_stability,high
182,6072,right_cheek,705.3,354.1,785.6,477.5,1041.7,532.6,1142.0,686.9,69BopbFc34U.000.mp4,1280,720,29.97,459,emotional_stability,high
183,6106,left_eye,504.8,247.5,626.0,337.2,791.0,399.4,942.5,511.5,69BopbFc34U.000.mp4,1280,720,29.97,459,emotional_stability,high
183,6106,right_eye,688.3,260.2,786.9,343.1,1020.4,415.3,1143.6,518.9,69BopbFc34U.000.mp4,1280,720,29.97,459,emotional_stability,high
183,6106,nose,608.2,311.8,707.6,436.8,920.2,479.8,1044.5,636.0,69BopbFc34U.000.mp4,1280,720,29.97,459,emotional_stability,high
183,6106,mouth,588.1,457.5,709.1,494.5,895.1,661.9,1046.3,708.1,69BopbFc34U.000.mp4,1280,720,29.97,459,emotional_stability,high
183,6106,forehead,467.1,195.0,792.4,455.4,743.9,333.8,1150.5,659.2,69BopbFc34U.000.mp4,1280,720,29.97,459,emotional_stability,high
183,6106,chin,467.1,336.2,780.6,558.6,743.9,510.3,1135.7,788.3,69BopbFc34U.000.mp4,1280,720,29.97,459,emotional_stability,high
183,6106,left_cheek,492.4,344.2,601.8,471.7,775.5,520.3,912.3,679.6,69BopbFc34U.000.mp4,1280,720,29.97,459,emotional_stability,high
183,6106,right_cheek,705.4,352.0,785.7,475.3,1041.7,530.1,1142.2,684.2,69BopbFc34U.000.mp4,1280,720,29.97,459,emotional_stability,high
184,6139,left_eye,504.8,248.4,626.0,337.4,791.0,400.5,942.5,511.8,69BopbFc34U.000.mp4,1280,720,29.97,459,emotional_stability,high
184,6139,right_eye,688.4,258.0,786.9,342.1,1020.5,412.5,1143.7,517.6,69BopbFc34U.000.mp4,1280,720,29.97,459,emotional_stability,high
184,6139,nose,608.4,311.7,708.6,437.7,920.5,479.6,1045.7,637.1,69BopbFc34U.000.mp4,1280,720,29.97,459,emotional_stability,high
184,6139,mouth,590.4,458.8,710.7,492.3,898.0,663.5,1048.4,705.3,69BopbFc34U.000.mp4,1280,720,29.97,459,emotional_stability,high
184,6139,forehead,467.8,194.9,792.5,453.4,744.7,333.7,1150.6,656.8,69BopbFc34U.000.mp4,1280,720,29.97,459,emotional_stability,high
184,6139,chin,468.0,336.5,782.5,558.2,745.0,510.7,1138.1,787.7,69BopbFc34U.000.mp4,1280,720,29.97,459,emotional_stability,high
184,6139,left_cheek,492.5,345.1,602.0,472.1,775.7,521.4,912.5,680.1,69BopbFc34U.000.mp4,1280,720,29.97,459,emotional_stability,high
184,6139,right_cheek,706.0,350.1,787.9,474.4,1042.5,527.7,1144.9,683.0,69BopbFc34U.000.mp4,1280,720,29.97,459,emotional_stability,high
185,6172,left_eye,503.0,248.4,623.9,337.6,788.7,400.6,939.9,512.0,69BopbFc34U.000.mp4,1280,720,29.97,459,emotional_stability,high
185,6172,right_eye,687.8,255.8,786.1,340.0,1019.8,409.7,1142.6,515.0,69BopbFc34U.000.mp4,1280,720,29.97,459,emotional_stability,high
185,6172,nose,608.4,311.2,708.6,438.3,920.5,479.0,1045.7,637.9,69BopbFc34U.000.mp4,1280,720,29.97,459,emotional_stability,high
185,6172,mouth,591.0,459.4,710.9,490.9,898.8,664.3,1048.6,703.6,69BopbFc34U.000.mp4,1280,720,29.97,459,emotional_stability,high
185,6172,forehead,467.5,194.6,791.6,453.1,744.4,333.2,1149.6,656.4,69BopbFc34U.000.mp4,1280,720,29.97,459,emotional_stability,high
185,6172,chin,467.9,337.1,782.3,557.9,744.9,511.4,1137.9,787.4,69BopbFc34U.000.mp4,1280,720,29.97,459,emotional_stability,high
185,6172,left_cheek,492.1,345.9,601.5,472.7,775.1,522.4,911.9,680.9,69BopbFc34U.000.mp4,1280,720,29.97,459,emotional_stability,high
185,6172,right_cheek,705.8,347.9,787.9,473.1,1042.2,524.8,1144.8,681.4,69BopbFc34U.000.mp4,1280,720,29.97,459,emotional_stability,high
186,6206,left_eye,499.8,249.1,620.3,338.1,784.8,401.4,935.3,512.6,69BopbFc34U.000.mp4,1280,720,29.97,459,emotional_stability,high
186,6206,right_eye,685.9,253.8,783.8,338.9,1017.3,407.3,1139.8,513.6,69BopbFc34U.000.mp4,1280,720,29.97,459,emotional_stability,high
186,6206,nose,607.7,311.0,708.4,439.2,919.7,478.8,1045.5,638.9,69BopbFc34U.000.mp4,1280,720,29.97,459,emotional_stability,high
186,6206,mouth,591.7,459.9,711.1,491.5,899.6,664.9,1048.9,704.4,69BopbFc34U.000.mp4,1280,720,29.97,459,emotional_stability,high
186,6206,forehead,466.2,194.3,789.4,455.0,742.8,332.9,1146.7,658.7,69BopbFc34U.000.mp4,1280,720,29.97,459,emotional_stability,high
186,6206,chin,467.3,337.4,782.2,558.1,744.2,511.7,1137.8,787.6,69BopbFc34U.000.mp4,1280,720,29.97,459,emotional_stability,high
186,6206,left_cheek,490.9,347.7,600.3,474.5,773.6,524.6,910.4,683.1,69BopbFc34U.000.mp4,1280,720,29.97,459,emotional_stability,high
186,6206,right_cheek,704.9,345.9,787.5,472.4,1041.1,522.4,1144.4,680.5,69BopbFc34U.000.mp4,1280,720,29.97,459,emotional_stability,high
187,6239,left_eye,497.5,249.2,616.9,338.0,781.8,401.5,931.1,512.5,69BopbFc34U.000.mp4,1280,720,29.97,459,emotional_stability,high
187,6239,right_eye,683.5,252.2,781.2,336.6,1014.3,405.2,1136.4,510.8,69BopbFc34U.000.mp4,1280,720,29.97,459,emotional_stability,high
187,6239,nose,606.4,309.7,707.1,438.5,918.0,477.1,1043.9,638.1,69BopbFc34U.000.mp4,1280,720,29.97,459,emotional_stability,high
187,6239,mouth,591.6,459.4,711.1,490.8,899.4,664.3,1048.8,703.6,69BopbFc34U.000.mp4,1280,720,29.97,459,emotional_stability,high
187,6239,forehead,465.3,193.5,787.8,455.3,741.6,331.9,1144.7,659.1,69BopbFc34U.000.mp4,1280,720,29.97,459,emotional_stability,high
187,6239,chin,466.9,335.3,782.1,558.1,743.7,509.2,1137.7,787.6,69BopbFc34U.000.mp4,1280,720,29.97,459,emotional_stability,high
187,6239,left_cheek,489.8,347.9,598.7,474.6,772.3,524.9,908.3,683.3,69BopbFc34U.000.mp4,1280,720,29.97,459,emotional_stability,high
187,6239,right_cheek,703.0,343.4,786.4,470.6,1038.8,519.2,1143.0,678.2,69BopbFc34U.000.mp4,1280,720,29.97,459,emotional_stability,high
188,6272,left_eye,496.8,249.4,615.4,338.0,781.0,401.7,929.2,512.5,69BopbFc34U.000.mp4,1280,720,29.97,459,emotional_stability,high
188,6272,right_eye,682.7,251.0,780.4,335.2,1013.3,403.8,1135.5,509.0,69BopbFc34U.000.mp4,1280,720,29.97,459,emotional_stability,high
188,6272,nose,606.0,309.0,705.8,437.2,917.5,476.2,1042.2,636.5,69BopbFc34U.000.mp4,1280,720,29.97,459,emotional_stability,high
188,6272,mouth,591.5,457.6,711.0,490.5,899.3,662.0,1048.8,703.2,69BopbFc34U.000.mp4,1280,720,29.97,459,emotional_stability,high
188,6272,forehead,465.4,192.9,787.3,455.1,741.7,331.1,1144.1,658.8,69BopbFc34U.000.mp4,1280,720,29.97,459,emotional_stability,high
188,6272,chin,467.0,333.0,782.0,558.1,743.7,506.3,1137.5,787.7,69BopbFc34U.000.mp4,1280,720,29.97,459,emotional_stability,high
188,6272,left_cheek,489.8,347.9,598.1,474.6,772.2,524.9,907.6,683.3,69BopbFc34U.000.mp4,1280,720,29.97,459,emotional_stability,high
188,6272,right_cheek,701.9,341.3,785.6,469.0,1037.4,516.7,1142.0,676.3,69BopbFc34U.000.mp4,1280,720,29.97,459,emotional_stability,high
189,6306,left_eye,496.5,249.3,614.6,337.9,780.7,401.6,928.2,512.3,69BopbFc34U.000.mp4,1280,720,29.97,459,emotional_stability,high
189,6306,right_eye,681.8,250.0,779.6,334.3,1012.2,402.5,1134.5,507.9,69BopbFc34U.000.mp4,1280,720,29.97,459,emotional_stability,high
189,6306,nose,605.1,307.6,704.2,434.1,916.4,474.5,1040.3,632.6,69BopbFc34U.000.mp4,1280,720,29.97,459,emotional_stability,high
189,6306,mouth,590.8,455.1,710.7,489.9,898.6,658.9,1048.4,702.4,69BopbFc34U.000.mp4,1280,720,29.97,459,emotional_stability,high
189,6306,forehead,465.4,192.6,787.0,455.3,741.8,330.8,1143.7,659.1,69BopbFc34U.000.mp4,1280,720,29.97,459,emotional_stability,high
189,6306,chin,467.0,333.6,781.8,558.3,743.7,506.9,1137.3,787.9,69BopbFc34U.000.mp4,1280,720,29.97,459,emotional_stability,high
189,6306,left_cheek,489.7,347.9,597.4,474.5,772.2,524.9,906.8,683.1,69BopbFc34U.000.mp4,1280,720,29.97,459,emotional_stability,high
189,6306,right_cheek,700.9,340.7,784.5,468.1,1036.1,515.9,1140.6,675.1,69BopbFc34U.000.mp4,1280,720,29.97,459,emotional_stability,high
190,6339,left_eye,496.8,249.2,614.5,337.7,781.0,401.6,928.1,512.1,69BopbFc34U.000.mp4,1280,720,29.97,459,emotional_stability,high
190,6339,right_eye,681.6,249.2,779.5,333.6,1012.0,401.5,1134.4,507.0,69BopbFc34U.000.mp4,1280,720,29.97,459,emotional_stability,high
190,6339,nose,604.8,306.8,703.6,433.1,916.0,473.5,1039.4,631.3,69BopbFc34U.000.mp4,1280,720,29.97,459,emotional_stability,high
190,6339,mouth,590.5,454.6,710.6,490.0,898.1,658.2,1048.2,702.5,69BopbFc34U.000.mp4,1280,720,29.97,459,emotional_stability,high
190,6339,forehead,465.5,192.2,787.1,455.4,741.9,330.2,1143.8,659.3,69BopbFc34U.000.mp4,1280,720,29.97,459,emotional_stability,high
190,6339,chin,467.2,333.4,781.8,558.4,744.0,506.8,1137.3,788.0,69BopbFc34U.000.mp4,1280,720,29.97,459,emotional_stability,high
190,6339,left_cheek,489.8,347.9,597.3,474.5,772.3,524.9,906.6,683.1,69BopbFc34U.000.mp4,1280,720,29.97,459,emotional_stability,high
190,6339,right_cheek,700.4,340.2,784.1,467.5,1035.5,515.2,1140.1,674.4,69BopbFc34U.000.mp4,1280,720,29.97,459,emotional_stability,high
191,6373,left_eye,496.9,248.8,614.7,337.2,781.1,401.0,928.4,511.5,69BopbFc34U.000.mp4,1280,720,29.97,459,emotional_stability,high
191,6373,right_eye,681.4,248.4,779.2,333.1,1011.8,400.5,1134.0,506.3,69BopbFc34U.000.mp4,1280,720,29.97,459,emotional_stability,high
191,6373,nose,605.0,306.2,703.5,432.8,916.2,472.7,1039.4,631.0,69BopbFc34U.000.mp4,1280,720,29.97,459,emotional_stability,high
191,6373,mouth,590.5,454.7,710.6,490.1,898.1,658.3,1048.2,702.6,69BopbFc34U.000.mp4,1280,720,29.97,459,emotional_stability,high
191,6373,forehead,465.6,191.9,786.7,455.4,742.0,329.9,1143.4,659.2,69BopbFc34U.000.mp4,1280,720,29.97,459,emotional_stability,high
191,6373,chin,467.4,332.6,781.6,558.4,744.2,505.7,1137.0,788.0,69BopbFc34U.000.mp4,1280,720,29.97,459,emotional_stability,high
191,6373,left_cheek,489.9,347.7,597.4,474.4,772.4,524.7,906.8,683.0,69BopbFc34U.000.mp4,1280,720,29.97,459,emotional_stability,high
191,6373,right_cheek,700.3,339.6,783.5,467.0,1035.4,514.5,1139.4,673.8,69BopbFc34U.000.mp4,1280,720,29.97,459,emotional_stability,high
192,6406,left_eye,497.2,248.8,615.3,337.2,781.5,401.0,929.1,511.4,69BopbFc34U.000.mp4,1280,720,29.97,459,emotional_stability,high
192,6406,right_eye,681.7,249.3,779.5,333.5,1012.1,401.6,1134.4,506.9,69BopbFc34U.000.mp4,1280,720,29.97,459,emotional_stability,high
192,6406,nose,605.1,306.3,703.4,434.0,916.4,472.8,1039.2,632.5,69BopbFc34U.000.mp4,1280,720,29.97,459,emotional_stability,high
192,6406,mouth,590.5,455.4,710.3,490.6,898.1,659.2,1047.8,703.3,69BopbFc34U.000.mp4,1280,720,29.97,459,emotional_stability,high
192,6406,forehead,465.6,192.0,786.8,455.1,742.1,330.0,1143.5,658.9,69BopbFc34U.000.mp4,1280,720,29.97,459,emotional_stability,high
192,6406,chin,467.5,331.9,781.6,558.9,744.4,504.8,1137.0,788.7,69BopbFc34U.000.mp4,1280,720,29.97,459,emotional_stability,high
192,6406,left_cheek,490.0,347.7,597.6,474.6,772.5,524.6,907.0,683.2,69BopbFc34U.000.mp4,1280,720,29.97,459,emotional_stability,high
192,6406,right_cheek,700.4,340.0,783.4,467.5,1035.5,515.0,1139.3,674.4,69BopbFc34U.000.mp4,1280,720,29.97,459,emotional_stability,high
193,6439,left_eye,497.4,249.3,615.5,337.3,781.7,401.6,929.4,511.6,69BopbFc34U.000.mp4,1280,720,29.97,459,emotional_stability,high
193,6439,right_eye,681.9,249.8,779.6,333.9,1012.3,402.2,1134.5,507.3,69BopbFc34U.000.mp4,1280,720,29.97,459,emotional_stability,high
193,6439,nose,605.1,306.6,703.5,434.5,916.4,473.3,1039.3,633.1,69BopbFc34U.000.mp4,1280,720,29.97,459,emotional_stability,high
193,6439,mouth,591.0,455.6,710.0,491.9,898.7,659.5,1047.5,704.9,69BopbFc34U.000.mp4,1280,720,29.97,459,emotional_stability,high
193,6439,forehead,465.8,192.1,786.7,455.0,742.2,330.2,1143.4,658.8,69BopbFc34U.000.mp4,1280,720,29.97,459,emotional_stability,high
193,6439,chin,467.9,332.5,781.6,559.4,744.9,505.6,1136.9,789.2,69BopbFc34U.000.mp4,1280,720,29.97,459,emotional_stability,high
193,6439,left_cheek,490.3,348.1,597.7,475.0,772.8,525.1,907.1,683.8,69BopbFc34U.000.mp4,1280,720,29.97,459,emotional_stability,high
193,6439,right_cheek,700.4,340.5,783.3,467.9,1035.5,515.7,1139.1,674.8,69BopbFc34U.000.mp4,1280,720,29.97,459,emotional_stability,high
194,6473,left_eye,497.6,249.4,615.8,337.4,782.0,401.7,929.8,511.8,69BopbFc34U.000.mp4,1280,720,29.97,459,emotional_stability,high
194,6473,right_eye,682.0,250.1,779.8,334.1,1012.6,402.7,1134.8,507.6,69BopbFc34U.000.mp4,1280,720,29.97,459,emotional_stability,high
194,6473,nose,605.2,307.0,703.6,435.0,916.6,473.7,1039.5,633.7,69BopbFc34U.000.mp4,1280,720,29.97,459,emotional_stability,high
194,6473,mouth,591.1,456.1,709.8,492.9,898.9,660.1,1047.2,706.2,69BopbFc34U.000.mp4,1280,720,29.97,459,emotional_stability,high
194,6473,forehead,465.9,192.2,786.8,455.0,742.4,330.3,1143.5,658.8,69BopbFc34U.000.mp4,1280,720,29.97,459,emotional_stability,high
194,6473,chin,468.2,332.9,781.5,560.0,745.2,506.1,1136.9,790.0,69BopbFc34U.000.mp4,1280,720,29.97,459,emotional_stability,high
194,6473,left_cheek,490.6,348.3,597.8,475.3,773.2,525.4,907.3,684.2,69BopbFc34U.000.mp4,1280,720,29.97,459,emotional_stability,high
194,6473,right_cheek,700.6,340.9,783.3,468.1,1035.7,516.1,1139.1,675.2,69BopbFc34U.000.mp4,1280,720,29.97,459,emotional_stability,high
195,6506,left_eye,497.7,249.5,616.0,337.4,782.2,401.9,930.0,511.8,69BopbFc34U.000.mp4,1280,720,29.97,459,emotional_stability,high
195,6506,right_eye,682.1,250.3,779.9,334.3,1012.7,402.9,1134.9,507.8,69BopbFc34U.000.mp4,1280,720,29.97,459,emotional_stability,high
195,6506,nose,605.9,307.2,703.6,435.4,917.3,474.0,1039.5,634.3,69BopbFc34U.000.mp4,1280,720,29.97,459,emotional_stability,high
195,6506,mouth,591.7,456.7,709.8,493.4,899.6,660.8,1047.2,706.8,69BopbFc34U.000.mp4,1280,720,29.97,459,emotional_stability,high
195,6506,forehead,466.3,192.4,786.8,455.1,742.8,330.5,1143.5,658.8,69BopbFc34U.000.mp4,1280,720,29.97,459,emotional_stability,high
195,6506,chin,468.6,333.2,781.5,560.6,745.7,506.5,1136.8,790.8,69BopbFc34U.000.mp4,1280,720,29.97,459,emotional_stability,high
195,6506,left_cheek,491.2,348.4,598.4,475.5,773.9,525.6,907.9,684.4,69BopbFc34U.000.mp4,1280,720,29.97,459,emotional_stability,high
195,6506,right_cheek,700.6,341.1,783.3,468.2,1035.8,516.4,1139.1,675.2,69BopbFc34U.000.mp4,1280,720,29.97,459,emotional_stability,high
196,6539,left_eye,499.2,249.4,617.8,337.1,783.9,401.8,932.3,511.3,69BopbFc34U.000.mp4,1280,720,29.97,459,emotional_stability,high
196,6539,right_eye,682.9,250.3,780.5,334.3,1013.6,402.9,1135.6,507.8,69BopbFc34U.000.mp4,1280,720,29.97,459,emotional_stability,high
196,6539,nose,607.7,307.3,704.6,435.5,919.7,474.1,1040.8,634.3,69BopbFc34U.000.mp4,1280,720,29.97,459,emotional_stability,high
196,6539,mouth,592.6,456.8,710.2,493.9,900.7,661.0,1047.8,707.3,69BopbFc34U.000.mp4,1280,720,29.97,459,emotional_stability,high
196,6539,forehead,466.8,192.4,786.9,455.0,743.6,330.6,1143.6,658.7,69BopbFc34U.000.mp4,1280,720,29.97,459,emotional_stability,high
196,6539,chin,469.1,333.4,781.3,560.7,746.3,506.8,1136.6,790.8,69BopbFc34U.000.mp4,1280,720,29.97,459,emotional_stability,high
196,6539,left_cheek,492.2,348.3,600.0,475.5,775.3,525.4,910.0,684.4,69BopbFc34U.000.mp4,1280,720,29.97,459,emotional_stability,high
196,6539,right_cheek,701.3,341.3,783.4,468.3,1036.6,516.7,1139.2,675.4,69BopbFc34U.000.mp4,1280,720,29.97,459,emotional_stability,high
197,6573,left_eye,500.2,249.0,618.8,336.8,785.2,401.2,933.4,511.1,69BopbFc34U.000.mp4,1280,720,29.97,459,emotional_stability,high
197,6573,right_eye,683.5,250.5,781.1,334.3,1014.4,403.2,1136.4,507.9,69BopbFc34U.000.mp4,1280,720,29.97,459,emotional_stability,high
197,6573,nose,608.6,307.3,705.2,435.5,920.7,474.2,1041.5,634.3,69BopbFc34U.000.mp4,1280,720,29.97,459,emotional_stability,high
197,6573,mouth,593.0,456.9,710.5,494.0,901.2,661.1,1048.1,707.5,69BopbFc34U.000.mp4,1280,720,29.97,459,emotional_stability,high
197,6573,forehead,467.8,192.4,787.2,454.9,744.8,330.5,1143.9,658.6,69BopbFc34U.000.mp4,1280,720,29.97,459,emotional_stability,high
197,6573,chin,469.9,333.6,781.2,560.7,747.4,507.0,1136.5,790.9,69BopbFc34U.000.mp4,1280,720,29.97,459,emotional_stability,high
197,6573,left_cheek,493.1,348.1,600.8,475.5,776.4,525.1,911.0,684.3,69BopbFc34U.000.mp4,1280,720,29.97,459,emotional_stability,high
197,6573,right_cheek,701.8,341.5,783.5,468.4,1037.2,516.8,1139.4,675.5,69BopbFc34U.000.mp4,1280,720,29.97,459,emotional_stability,high
198,6606,left_eye,500.9,248.5,619.2,336.4,786.1,400.7,934.0,510.6,69BopbFc34U.000.mp4,1280,720,29.97,459,emotional_stability,high
198,6606,right_eye,683.7,250.6,781.2,334.4,1014.6,403.3,1136.5,507.9,69BopbFc34U.000.mp4,1280,720,29.97,459,emotional_stability,high
198,6606,nose,608.5,307.3,705.2,435.0,920.7,474.1,1041.5,633.8,69BopbFc34U.000.mp4,1280,720,29.97,459,emotional_stability,high
198,6606,mouth,592.9,456.9,710.5,494.0,901.2,661.1,1048.1,707.5,69BopbFc34U.000.mp4,1280,720,29.97,459,emotional_stability,high
198,6606,forehead,468.5,192.4,787.3,454.2,745.6,330.5,1144.1,657.8,69BopbFc34U.000.mp4,1280,720,29.97,459,emotional_stability,high
198,6606,chin,470.4,333.8,781.2,560.7,748.0,507.2,1136.5,790.9,69BopbFc34U.000.mp4,1280,720,29.97,459,emotional_stability,high
198,6606,left_cheek,493.4,347.3,600.9,474.9,776.8,524.1,911.1,683.6,69BopbFc34U.000.mp4,1280,720,29.97,459,emotional_stability,high
198,6606,right_cheek,701.8,341.5,783.6,468.5,1037.3,516.8,1139.5,675.6,69BopbFc34U.000.mp4,1280,720,29.97,459,emotional_stability,high
199,6639,left_eye,501.3,248.4,619.4,336.3,786.6,400.4,934.3,510.3,69BopbFc34U.000.mp4,1280,720,29.97,459,emotional_stability,high
199,6639,right_eye,683.8,251.3,781.3,334.5,1014.7,404.1,1136.6,508.1,69BopbFc34U.000.mp4,1280,720,29.97,459,emotional_stability,high
199,6639,nose,608.5,307.3,705.2,434.9,920.6,474.1,1041.5,633.6,69BopbFc34U.000.mp4,1280,720,29.97,459,emotional_stability,high
199,6639,mouth,592.6,456.9,710.4,494.6,900.8,661.1,1048.0,708.3,69BopbFc34U.000.mp4,1280,720,29.97,459,emotional_stability,high
199,6639,forehead,468.9,192.5,787.5,453.7,746.2,330.6,1144.3,657.1,69BopbFc34U.000.mp4,1280,720,29.97,459,emotional_stability,high
199,6639,chin,470.8,334.4,781.2,560.7,748.5,508.0,1136.5,790.9,69BopbFc34U.000.mp4,1280,720,29.97,459,emotional_stability,high
199,6639,left_cheek,493.7,346.9,600.9,474.6,777.1,523.6,911.2,683.2,69BopbFc34U.000.mp4,1280,720,29.97,459,emotional_stability,high
199,6639,right_cheek,701.8,341.9,783.6,468.8,1037.3,517.4,1139.5,676.0,69BopbFc34U.000.mp4,1280,720,29.97,459,emotional_stability,high
200,6673,left_eye,501.3,248.4,619.4,336.3,786.7,400.5,934.3,510.3,69BopbFc34U.000.mp4,1280,720,29.97,459,emotional_stability,high
200,6673,right_eye,683.8,252.5,781.4,334.8,1014.7,405.6,1136.7,508.6,69BopbFc34U.000.mp4,1280,720,29.97,459,emotional_stability,high
200,6673,nose,608.3,307.4,705.1,434.7,920.3,474.3,1041.3,633.4,69BopbFc34U.000.mp4,1280,720,29.97,459,emotional_stability,high
200,6673,mouth,592.3,456.9,709.9,495.1,900.4,661.1,1047.3,708.9,69BopbFc34U.000.mp4,1280,720,29.97,459,emotional_stability,high
200,6673,forehead,469.3,192.7,787.7,453.5,746.6,330.9,1144.7,656.9,69BopbFc34U.000.mp4,1280,720,29.97,459,emotional_stability,high
200,6673,chin,471.1,335.0,781.3,560.7,748.9,508.7,1136.6,790.8,69BopbFc34U.000.mp4,1280,720,29.97,459,emotional_stability,high
200,6673,left_cheek,493.8,346.7,600.9,474.5,777.2,523.4,911.1,683.1,69BopbFc34U.000.mp4,1280,720,29.97,459,emotional_stability,high
200,6673,right_cheek,701.8,342.4,783.6,469.1,1037.3,518.0,1139.5,676.4,69BopbFc34U.000.mp4,1280,720,29.97,459,emotional_stability,high
201,6706,left_eye,501.3,249.1,619.4,336.4,786.6,401.4,934.2,510.5,69BopbFc34U.000.mp4,1280,720,29.97,459,emotional_stability,high
201,6706,right_eye,683.8,254.0,781.5,335.5,1014.7,407.5,1136.8,509.3,69BopbFc34U.000.mp4,1280,720,29.97,459,emotional_stability,high
201,6706,nose,608.0,308.3,704.9,435.4,919.9,475.4,1041.1,634.3,69BopbFc34U.000.mp4,1280,720,29.97,459,emotional_stability,high
201,6706,mouth,592.0,457.7,709.3,496.2,900.0,662.1,1046.7,710.3,69BopbFc34U.000.mp4,1280,720,29.97,459,emotional_stability,high
201,6706,forehead,469.5,193.5,787.9,453.3,746.8,331.9,1144.8,656.7,69BopbFc34U.000.mp4,1280,720,29.97,459,emotional_stability,high
201,6706,chin,471.3,335.1,781.3,560.7,749.1,508.9,1136.6,790.8,69BopbFc34U.000.mp4,1280,720,29.97,459,emotional_stability,high
201,6706,left_cheek,493.8,346.8,600.9,474.6,777.2,523.5,911.1,683.2,69BopbFc34U.000.mp4,1280,720,29.97,459,emotional_stability,high
201,6706,right_cheek,701.8,343.0,783.6,469.6,1037.2,518.8,1139.5,677.0,69BopbFc34U.000.mp4,1280,720,29.97,459,emotional_stability,high
202,6740,left_eye,501.3,249.8,619.2,336.9,786.6,402.3,934.0,511.1,69BopbFc34U.000.mp4,1280,720,29.97,459,emotional_stability,high
202,6740,right_eye,683.7,254.9,781.5,336.3,1014.6,408.6,1136.9,510.4,69BopbFc34U.000.mp4,1280,720,29.97,459,emotional_stability,high
202,6740,nose,607.4,309.0,704.4,435.6,919.3,476.3,1040.5,634.5,69BopbFc34U.000.mp4,1280,720,29.97,459,emotional_stability,high
202,6740,mouth,591.5,457.8,708.7,496.8,899.3,662.3,1045.9,711.0,69BopbFc34U.000.mp4,1280,720,29.97,459,emotional_stability,high
202,6740,forehead,469.6,194.2,787.9,453.3,747.0,332.7,1144.9,656.7,69BopbFc34U.000.mp4,1280,720,29.97,459,emotional_stability,high
202,6740,chin,471.4,335.9,781.3,560.7,749.2,509.8,1136.6,790.8,69BopbFc34U.000.mp4,1280,720,29.97,459,emotional_stability,high
202,6740,left_cheek,493.8,346.9,600.6,474.6,777.2,523.6,910.8,683.3,69BopbFc34U.000.mp4,1280,720,29.97,459,emotional_stability,high
202,6740,right_cheek,701.5,343.9,783.6,470.2,1036.9,519.8,1139.5,677.8,69BopbFc34U.000.mp4,1280,720,29.97,459,emotional_stability,high
203,6773,left_eye,501.0,250.2,618.0,337.3,786.2,402.7,932.5,511.6,69BopbFc34U.000.mp4,1280,720,29.97,459,emotional_stability,high
203,6773,right_eye,682.5,255.0,780.4,336.6,1013.2,408.8,1135.5,510.7,69BopbFc34U.000.mp4,1280,720,29.97,459,emotional_stability,high
203,6773,nose,605.7,309.3,703.0,435.8,917.1,476.6,1038.7,634.8,69BopbFc34U.000.mp4,1280,720,29.97,459,emotional_stability,high
203,6773,mouth,590.4,457.8,707.5,497.0,897.9,662.3,1044.4,711.3,69BopbFc34U.000.mp4,1280,720,29.97,459,emotional_stability,high
203,6773,forehead,469.6,194.5,787.5,453.3,747.0,333.1,1144.3,656.6,69BopbFc34U.000.mp4,1280,720,29.97,459,emotional_stability,high
203,6773,chin,471.4,335.9,780.8,560.6,749.2,509.9,1136.0,790.7,69BopbFc34U.000.mp4,1280,720,29.97,459,emotional_stability,high
203,6773,left_cheek,493.5,347.0,599.4,474.6,776.9,523.7,909.3,683.3,69BopbFc34U.000.mp4,1280,720,29.97,459,emotional_stability,high
203,6773,right_cheek,700.2,343.9,782.6,470.2,1035.2,519.9,1138.2,677.8,69BopbFc34U.000.mp4,1280,720,29.97,459,emotional_stability,high
204,6806,left_eye,499.5,250.2,616.7,336.1,784.3,402.7,930.8,510.1,69BopbFc34U.000.mp4,1280,720,29.97,459,emotional_stability,high
204,6806,right_eye,682.2,255.0,780.4,336.2,1012.7,408.7,1135.5,510.2,69BopbFc34U.000.mp4,1280,720,29.97,459,emotional_stability,high
204,6806,nose,604.6,309.6,701.1,436.7,915.8,477.0,1036.4,635.8,69BopbFc34U.000.mp4,1280,720,29.97,459,emotional_stability,high
204,6806,mouth,589.2,458.2,706.4,497.9,896.5,662.8,1043.0,712.4,69BopbFc34U.000.mp4,1280,720,29.97,459,emotional_stability,high
204,6806,forehead,468.3,194.4,787.2,451.5,745.3,333.0,1144.0,654.3,69BopbFc34U.000.mp4,1280,720,29.97,459,emotional_stability,high
204,6806,chin,470.1,334.4,780.1,560.6,747.7,508.0,1135.1,790.7,69BopbFc34U.000.mp4,1280,720,29.97,459,emotional_stability,high
204,6806,left_cheek,491.8,346.2,597.8,474.6,774.8,522.8,907.2,683.2,69BopbFc34U.000.mp4,1280,720,29.97,459,emotional_stability,high
204,6806,right_cheek,699.0,343.6,781.9,470.2,1033.7,519.5,1137.4,677.8,69BopbFc34U.000.mp4,1280,720,29.97,459,emotional_stability,high
205,6840,left_eye,499.2,250.2,616.2,337.1,783.9,402.7,930.3,511.4,69BopbFc34U.000.mp4,1280,720,29.97,459,emotional_stability,high
205,6840,right_eye,681.2,256.1,779.9,337.9,1011.5,410.1,1134.9,512.4,69BopbFc34U.000.mp4,1280,720,29.97,459,emotional_stability,high
205,6840,nose,604.2,310.5,698.5,437.0,915.3,478.1,1033.1,636.2,69BopbFc34U.000.mp4,1280,720,29.97,459,emotional_stability,high
205,6840,mouth,588.5,458.2,705.8,498.9,895.6,662.8,1042.3,713.6,69BopbFc34U.000.mp4,1280,720,29.97,459,emotional_stability,high
205,6840,forehead,467.1,194.4,787.2,451.4,743.9,333.0,1144.0,654.2,69BopbFc34U.000.mp4,1280,720,29.97,459,emotional_stability,high
205,6840,chin,469.1,334.4,779.9,560.9,746.3,508.0,1134.8,791.1,69BopbFc34U.000.mp4,1280,720,29.97,459,emotional_stability,high
205,6840,left_cheek,491.2,346.1,597.0,474.6,774.0,522.6,906.3,683.2,69BopbFc34U.000.mp4,1280,720,29.97,459,emotional_stability,high
205,6840,right_cheek,697.4,343.8,781.1,470.6,1031.8,519.8,1136.4,678.2,69BopbFc34U.000.mp4,1280,720,29.97,459,emotional_stability,high
206,6873,left_eye,498.8,250.0,615.7,337.5,783.5,402.5,929.6,511.9,69BopbFc34U.000.mp4,1280,720,29.97,459,emotional_stability,high
206,6873,right_eye,680.9,256.4,779.7,338.9,1011.1,410.5,1134.6,513.7,69BopbFc34U.000.mp4,1280,720,29.97,459,emotional_stability,high
206,6873,nose,603.6,311.5,697.9,438.4,914.5,479.3,1032.4,638.0,69BopbFc34U.000.mp4,1280,720,29.97,459,emotional_stability,high
206,6873,mouth,588.2,459.0,705.5,499.9,895.3,663.8,1041.9,714.8,69BopbFc34U.000.mp4,1280,720,29.97,459,emotional_stability,high
206,6873,forehead,466.6,194.4,787.1,450.6,743.2,333.0,1143.8,653.2,69BopbFc34U.000.mp4,1280,720,29.97,459,emotional_stability,high
206,6873,chin,468.5,334.4,779.5,561.6,745.6,508.0,1134.4,792.0,69BopbFc34U.000.mp4,1280,720,29.97,459,emotional_stability,high
206,6873,left_cheek,490.7,345.8,596.3,474.7,773.4,522.3,905.4,683.4,69BopbFc34U.000.mp4,1280,720,29.97,459,emotional_stability,high
206,6873,right_cheek,696.8,344.0,780.6,471.3,1030.9,520.0,1135.8,679.1,69BopbFc34U.000.mp4,1280,720,29.97,459,emotional_stability,high
207,6906,left_eye,497.4,249.5,614.4,336.9,781.8,401.9,928.0,511.2,69BopbFc34U.000.mp4,1280,720,29.97,459,emotional_stability,high
207,6906,right_eye,680.5,256.3,779.7,337.8,1010.6,410.4,1134.6,512.2,69BopbFc34U.000.mp4,1280,720,29.97,459,emotional_stability,high
207,6906,nose,602.0,311.4,697.6,439.5,912.5,479.2,1032.0,639.4,69BopbFc34U.000.mp4,1280,720,29.97,459,emotional_stability,high
207,6906,mouth,587.6,460.4,705.0,500.2,894.5,665.5,1041.3,715.3,69BopbFc34U.000.mp4,1280,720,29.97,459,emotional_stability,high
207,6906,forehead,466.1,193.8,787.1,449.8,742.7,332.2,1143.9,652.3,69BopbFc34U.000.mp4,1280,720,29.97,459,emotional_stability,high
207,6906,chin,468.2,333.8,779.5,562.1,745.3,507.3,1134.4,792.7,69BopbFc34U.000.mp4,1280,720,29.97,459,emotional_stability,high
207,6906,left_cheek,489.6,345.2,595.1,474.7,772.0,521.5,903.9,683.4,69BopbFc34U.000.mp4,1280,720,29.97,459,emotional_stability,high
207,6906,right_cheek,696.5,344.0,780.6,471.7,1030.6,520.0,1135.8,679.6,69BopbFc34U.000.mp4,1280,720,29.97,459,emotional_stability,high
208,6940,left_eye,496.7,248.9,613.8,335.4,780.8,401.1,927.3,509.3,69BopbFc34U.000.mp4,1280,720,29.97,459,emotional_stability,high
208,6940,right_eye,680.6,256.1,780.0,337.1,1010.7,410.1,1134.9,511.4,69BopbFc34U.000.mp4,1280,720,29.97,459,emotional_stability,high
208,6940,nose,601.4,311.2,697.8,439.5,911.8,479.0,1032.3,639.4,69BopbFc34U.000.mp4,1280,720,29.97,459,emotional_stability,high
208,6940,mouth,587.3,460.7,704.8,500.3,894.2,665.9,1041.0,715.3,69BopbFc34U.000.mp4,1280,720,29.97,459,emotional_stability,high
208,6940,forehead,465.9,193.1,787.4,448.9,742.4,331.3,1144.3,651.1,69BopbFc34U.000.mp4,1280,720,29.97,459,emotional_stability,high
208,6940,chin,468.0,332.9,779.9,562.2,745.0,506.1,1134.9,792.7,69BopbFc34U.000.mp4,1280,720,29.97,459,emotional_stability,high
208,6940,left_cheek,489.0,344.4,594.6,474.5,771.2,520.5,903.3,683.2,69BopbFc34U.000.mp4,1280,720,29.97,459,emotional_stability,high
208,6940,right_cheek,696.6,343.8,780.6,471.7,1030.7,519.7,1135.8,679.6,69BopbFc34U.000.mp4,1280,720,29.97,459,emotional_stability,high
209,6973,left_eye,496.8,248.4,614.0,334.9,781.0,400.5,927.5,508.6,69BopbFc34U.000.mp4,1280,720,29.97,459,emotional_stability,high
209,6973,right_eye,680.6,256.1,780.3,336.8,1010.7,410.1,1135.4,511.0,69BopbFc34U.000.mp4,1280,720,29.97,459,emotional_stability,high
209,6973,nose,601.7,311.2,698.2,439.7,912.1,478.9,1032.7,639.6,69BopbFc34U.000.mp4,1280,720,29.97,459,emotional_stability,high
209,6973,mouth,587.4,461.0,704.9,500.8,894.3,666.2,1041.1,716.1,69BopbFc34U.000.mp4,1280,720,29.97,459,emotional_stability,high
209,6973,forehead,465.9,192.7,787.6,447.9,742.3,330.9,1144.5,649.8,69BopbFc34U.000.mp4,1280,720,29.97,459,emotional_stability,high
209,6973,chin,468.0,331.9,780.2,562.2,745.0,504.8,1135.2,792.7,69BopbFc34U.000.mp4,1280,720,29.97,459,emotional_stability,high
209,6973,left_cheek,489.1,343.9,594.9,474.4,771.3,519.8,903.6,683.1,69BopbFc34U.000.mp4,1280,720,29.97,459,emotional_stability,high
209,6973,right_cheek,696.8,343.6,780.9,471.7,1031.0,519.5,1136.1,679.6,69BopbFc34U.000.mp4,1280,720,29.97,459,emotional_stability,high
210,7007,left_eye,497.1,248.8,614.2,335.3,781.4,401.1,927.7,509.1,69BopbFc34U.000.mp4,1280,720,29.97,459,emotional_stability,high
210,7007,right_eye,680.8,256.1,780.5,336.9,1011.0,410.1,1135.6,511.2,69BopbFc34U.000.mp4,1280,720,29.97,459,emotional_stability,high
210,7007,nose,601.8,311.4,698.4,439.9,912.3,479.3,1033.0,639.9,69BopbFc34U.000.mp4,1280,720,29.97,459,emotional_stability,high
210,7007,mouth,587.7,461.2,704.7,501.1,894.6,666.5,1040.9,716.4,69BopbFc34U.000.mp4,1280,720,29.97,459,emotional_stability,high
210,7007,forehead,465.9,193.1,787.9,447.7,742.4,331.4,1144.9,649.7,69BopbFc34U.000.mp4,1280,720,29.97,459,emotional_stability,high
210,7007,chin,468.0,332.0,780.8,562.2,745.0,505.0,1135.9,792.7,69BopbFc34U.000.mp4,1280,720,29.97,459,emotional_stability,high
210,7007,left_cheek,489.1,343.9,594.9,474.4,771.4,519.9,903.7,683.1,69BopbFc34U.000.mp4,1280,720,29.97,459,emotional_stability,high
210,7007,right_cheek,696.8,343.7,781.4,471.8,1031.0,519.6,1136.8,679.8,69BopbFc34U.000.mp4,1280,720,29.97,459,emotional_stability,high
211,7040,left_eye,497.9,249.9,614.8,335.8,782.3,402.4,928.4,509.8,69BopbFc34U.000.mp4,1280,720,29.97,459,emotional_stability,high
211,7040,right_eye,681.0,256.5,780.7,337.1,1011.3,410.6,1135.9,511.4,69BopbFc34U.000.mp4,1280,720,29.97,459,emotional_stability,high
211,7040,nose,601.9,311.8,698.6,440.2,912.4,479.7,1033.2,640.3,69BopbFc34U.000.mp4,1280,720,29.97,459,emotional_stability,high
211,7040,mouth,587.8,461.5,704.6,501.5,894.7,666.9,1040.8,716.9,69BopbFc34U.000.mp4,1280,720,29.97,459,emotional_stability,high
211,7040,forehead,466.2,193.9,788.3,447.8,742.8,332.3,1145.3,649.7,69BopbFc34U.000.mp4,1280,720,29.97,459,emotional_stability,high
211,7040,chin,468.2,332.2,781.1,562.1,745.3,505.3,1136.4,792.6,69BopbFc34U.000.mp4,1280,720,29.97,459,emotional_stability,high
211,7040,left_cheek,489.5,344.1,595.4,474.5,771.9,520.2,904.2,683.1,69BopbFc34U.000.mp4,1280,720,29.97,459,emotional_stability,high
211,7040,right_cheek,697.0,343.9,781.8,471.9,1031.2,519.9,1137.3,679.9,69BopbFc34U.000.mp4,1280,720,29.97,459,emotional_stability,high
212,7073,left_eye,498.3,250.8,615.0,337.3,782.9,403.6,928.8,511.7,69BopbFc34U.000.mp4,1280,720,29.97,459,emotional_stability,high
212,7073,right_eye,681.3,256.7,781.1,337.7,1011.7,410.9,1136.3,512.2,69BopbFc34U.000.mp4,1280,720,29.97,459,emotional_stability,high
212,7073,nose,602.0,312.3,699.0,440.4,912.5,480.3,1033.7,640.5,69BopbFc34U.000.mp4,1280,720,29.97,459,emotional_stability,high
212,7073,mouth,587.9,461.4,704.6,501.6,894.9,666.8,1040.7,717.0,69BopbFc34U.000.mp4,1280,720,29.97,459,emotional_stability,high
212,7073,forehead,466.6,194.6,788.5,447.9,743.3,333.3,1145.7,649.9,69BopbFc34U.000.mp4,1280,720,29.97,459,emotional_stability,high
212,7073,chin,468.5,332.6,781.3,561.9,745.6,505.7,1136.7,792.4,69BopbFc34U.000.mp4,1280,720,29.97,459,emotional_stability,high
212,7073,left_cheek,490.1,344.8,595.8,474.5,772.6,521.1,904.8,683.2,69BopbFc34U.000.mp4,1280,720,29.97,459,emotional_stability,high
212,7073,right_cheek,697.3,344.4,782.2,472.0,1031.6,520.5,1137.7,680.0,69BopbFc34U.000.mp4,1280,720,29.97,459,emotional_stability,high
213,7107,left_eye,498.6,251.7,615.2,338.1,783.3,404.6,929.0,512.7,69BopbFc34U.000.mp4,1280,720,29.97,459,emotional_stability,high
213,7107,right_eye,681.5,257.5,781.1,338.0,1011.8,411.8,1136.4,512.5,69BopbFc34U.000.mp4,1280,720,29.97,459,emotional_stability,high
213,7107,nose,602.1,312.8,699.3,440.8,912.6,481.0,1034.1,641.0,69BopbFc34U.000.mp4,1280,720,29.97,459,emotional_stability,high
213,7107,mouth,588.0,461.4,704.6,501.7,895.0,666.7,1040.7,717.1,69BopbFc34U.000.mp4,1280,720,29.97,459,emotional_stability,high
213,7107,forehead,466.8,195.4,788.6,448.0,743.5,334.3,1145.7,650.0,69BopbFc34U.000.mp4,1280,720,29.97,459,emotional_stability,high
213,7107,chin,468.6,332.7,781.4,561.9,745.7,505.9,1136.7,792.3,69BopbFc34U.000.mp4,1280,720,29.97,459,emotional_stability,high
213,7107,left_cheek,490.4,345.3,596.1,474.7,773.0,521.7,905.2,683.3,69BopbFc34U.000.mp4,1280,720,29.97,459,emotional_stability,high
213,7107,right_cheek,697.5,344.6,782.3,472.0,1031.8,520.7,1137.8,680.0,69BopbFc34U.000.mp4,1280,720,29.97,459,emotional_stability,high
214,7140,left_eye,498.8,252.4,615.3,338.7,783.5,405.5,929.2,513.4,69BopbFc34U.000.mp4,1280,720,29.97,459,emotional_stability,high
214,7140,right_eye,681.6,257.8,781.2,338.4,1011.9,412.2,1136.5,513.0,69BopbFc34U.000.mp4,1280,720,29.97,459,emotional_stability,high
214,7140,nose,602.2,313.2,699.6,441.2,912.7,481.5,1034.5,641.5,69BopbFc34U.000.mp4,1280,720,29.97,459,emotional_stability,high
214,7140,mouth,588.0,461.4,704.6,502.0,895.0,666.7,1040.7,717.5,69BopbFc34U.000.mp4,1280,720,29.97,459,emotional_stability,high
214,7140,forehead,467.0,196.1,788.6,448.1,743.7,335.1,1145.7,650.1,69BopbFc34U.000.mp4,1280,720,29.97,459,emotional_stability,high
214,7140,chin,468.7,333.0,781.4,561.8,745.9,506.2,1136.8,792.3,69BopbFc34U.000.mp4,1280,720,29.97,459,emotional_stability,high
214,7140,left_cheek,490.6,345.9,596.3,474.8,773.3,522.3,905.3,683.5,69BopbFc34U.000.mp4,1280,720,29.97,459,emotional_stability,high
214,7140,right_cheek,697.6,344.8,782.3,472.1,1032.0,521.0,1137.9,680.1,69BopbFc34U.000.mp4,1280,720,29.97,459,emotional_stability,high
215,7173,left_eye,498.9,252.9,615.4,339.1,783.6,406.1,929.3,513.8,69BopbFc34U.000.mp4,1280,720,29.97,459,emotional_stability,high
215,7173,right_eye,681.6,258.0,781.3,338.7,1012.0,412.5,1136.6,513.3,69BopbFc34U.000.mp4,1280,720,29.97,459,emotional_stability,high
215,7173,nose,602.3,313.6,699.9,441.7,912.8,481.9,1034.9,642.2,69BopbFc34U.000.mp4,1280,720,29.97,459,emotional_stability,high
215,7173,mouth,588.1,461.7,704.6,502.2,895.2,667.2,1040.7,717.7,69BopbFc34U.000.mp4,1280,720,29.97,459,emotional_stability,high
215,7173,forehead,467.1,196.5,788.6,448.2,743.9,335.6,1145.8,650.3,69BopbFc34U.000.mp4,1280,720,29.97,459,emotional_stability,high
215,7173,chin,468.8,333.4,781.4,561.8,746.0,506.8,1136.8,792.3,69BopbFc34U.000.mp4,1280,720,29.97,459,emotional_stability,high
215,7173,left_cheek,490.8,346.4,596.4,475.0,773.5,523.0,905.5,683.8,69BopbFc34U.000.mp4,1280,720,29.97,459,emotional_stability,high
215,7173,right_cheek,697.8,345.0,782.4,472.2,1032.2,521.3,1138.0,680.2,69BopbFc34U.000.mp4,1280,720,29.97,459,emotional_stability,high
216,7207,left_eye,499.0,253.3,615.7,339.3,783.7,406.6,929.6,514.1,69BopbFc34U.000.mp4,1280,720,29.97,459,emotional_stability,high
216,7207,right_eye,681.6,258.1,781.5,339.0,1012.0,412.6,1136.9,513.7,69BopbFc34U.000.mp4,1280,720,29.97,459,emotional_stability,high
216,7207,nose,602.3,313.6,700.4,441.7,912.9,482.0,1035.4,642.1,69BopbFc34U.000.mp4,1280,720,29.97,459,emotional_stability,high
216,7207,mouth,588.1,462.2,704.5,502.6,895.2,667.7,1040.7,718.3,69BopbFc34U.000.mp4,1280,720,29.97,459,emotional_stability,high
216,7207,forehead,467.2,196.8,788.7,448.9,744.0,336.0,1145.9,651.1,69BopbFc34U.000.mp4,1280,720,29.97,459,emotional_stability,high
216,7207,chin,468.9,334.1,781.6,561.9,746.1,507.7,1137.0,792.4,69BopbFc34U.000.mp4,1280,720,29.97,459,emotional_stability,high
216,7207,left_cheek,491.0,346.9,596.6,475.4,773.7,523.6,905.8,684.3,69BopbFc34U.000.mp4,1280,720,29.97,459,emotional_stability,high
216,7207,right_cheek,698.1,345.4,782.6,472.5,1032.6,521.7,1138.3,680.6,69BopbFc34U.000.mp4,1280,720,29.97,459,emotional_stability,high
217,7240,left_eye,499.1,253.6,616.0,339.5,783.9,407.0,930.0,514.4,69BopbFc34U.000.mp4,1280,720,29.97,459,emotional_stability,high
217,7240,right_eye,681.6,258.3,781.6,339.1,1012.0,412.9,1137.0,513.9,69BopbFc34U.000.mp4,1280,720,29.97,459,emotional_stability,high
217,7240,nose,602.3,313.8,700.7,441.8,912.9,482.2,1035.9,642.3,69BopbFc34U.000.mp4,1280,720,29.97,459,emotional_stability,high
217,7240,mouth,588.2,462.7,704.5,503.1,895.2,668.4,1040.7,718.9,69BopbFc34U.000.mp4,1280,720,29.97,459,emotional_stability,high
217,7240,forehead,467.3,197.2,788.7,449.3,744.1,336.5,1145.9,651.6,69BopbFc34U.000.mp4,1280,720,29.97,459,emotional_stability,high
217,7240,chin,468.9,334.5,781.6,562.0,746.1,508.1,1137.0,792.5,69BopbFc34U.000.mp4,1280,720,29.97,459,emotional_stability,high
217,7240,left_cheek,491.1,347.3,596.8,475.7,773.8,524.1,906.0,684.7,69BopbFc34U.000.mp4,1280,720,29.97,459,emotional_stability,high
217,7240,right_cheek,698.3,345.6,782.7,472.7,1032.8,522.0,1138.4,680.8,69BopbFc34U.000.mp4,1280,720,29.97,459,emotional_stability,high
218,7273,left_eye,499.3,253.8,616.3,339.8,784.1,407.2,930.4,514.7,69BopbFc34U.000.mp4,1280,720,29.97,459,emotional_stability,high
218,7273,right_eye,681.8,258.7,781.7,339.5,1012.2,413.4,1137.2,514.4,69BopbFc34U.000.mp4,1280,720,29.97,459,emotional_stability,high
218,7273,nose,602.4,313.9,701.0,441.8,912.9,482.3,1036.2,642.3,69BopbFc34U.000.mp4,1280,720,29.97,459,emotional_stability,high
218,7273,mouth,588.1,462.7,704.6,503.9,895.1,668.4,1040.8,719.8,69BopbFc34U.000.mp4,1280,720,29.97,459,emotional_stability,high
218,7273,forehead,467.5,197.4,788.9,449.6,744.4,336.7,1146.1,652.1,69BopbFc34U.000.mp4,1280,720,29.97,459,emotional_stability,high
218,7273,chin,469.1,335.1,781.7,562.0,746.3,508.9,1137.1,792.5,69BopbFc34U.000.mp4,1280,720,29.97,459,emotional_stability,high
218,7273,left_cheek,491.2,347.5,596.9,475.9,774.0,524.3,906.2,684.8,69BopbFc34U.000.mp4,1280,720,29.97,459,emotional_stability,high
218,7273,right_cheek,698.5,346.0,782.9,473.0,1033.2,522.5,1138.6,681.3,69BopbFc34U.000.mp4,1280,720,29.97,459,emotional_stability,high
219,7307,left_eye,499.2,253.9,616.3,340.1,784.0,407.4,930.4,515.2,69BopbFc34U.000.mp4,1280,720,29.97,459,emotional_stability,high
219,7307,right_eye,681.8,258.9,781.6,339.7,1012.3,413.7,1137.1,514.7,69BopbFc34U.000.mp4,1280,720,29.97,459,emotional_stability,high
219,7307,nose,602.4,314.0,701.0,441.9,913.0,482.5,1036.2,642.4,69BopbFc34U.000.mp4,1280,720,29.97,459,emotional_stability,high
219,7307,mouth,588.0,462.7,704.5,504.1,895.0,668.4,1040.6,720.1,69BopbFc34U.000.mp4,1280,720,29.97,459,emotional_stability,high
219,7307,forehead,467.1,197.4,788.8,450.0,743.9,336.7,1146.0,652.5,69BopbFc34U.000.mp4,1280,720,29.97,459,emotional_stability,high
219,7307,chin,468.7,335.3,781.6,562.1,745.8,509.2,1137.0,792.7,69BopbFc34U.000.mp4,1280,720,29.97,459,emotional_stability,high
219,7307,left_cheek,491.1,347.7,596.9,476.1,773.9,524.7,906.2,685.1,69BopbFc34U.000.mp4,1280,720,29.97,459,emotional_stability,high
219,7307,right_cheek,698.5,346.1,782.9,473.1,1033.2,522.7,1138.6,681.4,69BopbFc34U.000.mp4,1280,720,29.97,459,emotional_stability,high
220,7340,left_eye,499.2,253.8,616.8,340.3,784.0,407.3,930.9,515.4,69BopbFc34U.000.mp4,1280,720,29.97,459,emotional_stability,high
220,7340,right_eye,682.0,259.3,781.7,340.2,1012.5,414.1,1137.1,515.2,69BopbFc34U.000.mp4,1280,720,29.97,459,emotional_stability,high
220,7340,nose,602.4,314.2,701.2,442.3,913.0,482.8,1036.5,642.9,69BopbFc34U.000.mp4,1280,720,29.97,459,emotional_stability,high
220,7340,mouth,587.9,463.0,704.5,504.6,894.8,668.8,1040.6,720.7,69BopbFc34U.000.mp4,1280,720,29.97,459,emotional_stability,high
220,7340,forehead,467.0,197.4,788.8,450.0,743.8,336.8,1146.0,652.6,69BopbFc34U.000.mp4,1280,720,29.97,459,emotional_stability,high
220,7340,chin,468.5,335.5,781.5,562.2,745.6,509.3,1136.9,792.8,69BopbFc34U.000.mp4,1280,720,29.97,459,emotional_stability,high
220,7340,left_cheek,491.1,347.8,597.0,476.2,773.9,524.7,906.3,685.2,69BopbFc34U.000.mp4,1280,720,29.97,459,emotional_stability,high
220,7340,right_cheek,698.7,346.6,782.9,473.6,1033.3,523.3,1138.6,682.0,69BopbFc34U.000.mp4,1280,720,29.97,459,emotional_stability,high
221,7374,left_eye,499.3,253.8,617.3,340.4,784.1,407.3,931.6,515.5,69BopbFc34U.000.mp4,1280,720,29.97,459,emotional_stability,high
221,7374,right_eye,682.3,259.6,781.7,340.4,1012.8,414.5,1137.2,515.6,69BopbFc34U.000.mp4,1280,720,29.97,459,emotional_stability,high
221,7374,nose,602.7,314.3,701.8,442.4,913.4,482.9,1037.2,643.0,69BopbFc34U.000.mp4,1280,720,29.97,459,emotional_stability,high
221,7374,mouth,587.9,463.3,704.5,504.9,894.9,669.1,1040.7,721.1,69BopbFc34U.000.mp4,1280,720,29.97,459,emotional_stability,high
221,7374,forehead,467.0,197.5,788.8,450.1,743.7,336.9,1146.0,652.6,69BopbFc34U.000.mp4,1280,720,29.97,459,emotional_stability,high
221,7374,chin,468.4,335.5,781.3,562.2,745.5,509.4,1136.6,792.8,69BopbFc34U.000.mp4,1280,720,29.97,459,emotional_stability,high
221,7374,left_cheek,491.1,347.8,597.3,476.3,773.9,524.8,906.6,685.3,69BopbFc34U.000.mp4,1280,720,29.97,459,emotional_stability,high
221,7374,right_cheek,699.0,346.9,782.9,473.8,1033.8,523.7,1138.7,682.3,69BopbFc34U.000.mp4,1280,720,29.97,459,emotional_stability,high
222,7407,left_eye,499.5,253.8,617.8,340.5,784.3,407.2,932.3,515.6,69BopbFc34U.000.mp4,1280,720,29.97,459,emotional_stability,high
222,7407,right_eye,682.5,259.6,781.8,340.5,1013.1,414.5,1137.3,515.7,69BopbFc34U.000.mp4,1280,720,29.97,459,emotional_stability,high
222,7407,nose,603.1,314.3,702.2,442.4,913.9,482.9,1037.7,643.0,69BopbFc34U.000.mp4,1280,720,29.97,459,emotional_stability,high
222,7407,mouth,588.0,463.3,704.5,505.0,895.0,669.1,1040.7,721.2,69BopbFc34U.000.mp4,1280,720,29.97,459,emotional_stability,high
222,7407,forehead,466.9,197.5,788.8,450.3,743.7,336.9,1146.0,652.8,69BopbFc34U.000.mp4,1280,720,29.97,459,emotional_stability,high
222,7407,chin,468.3,335.7,781.1,562.2,745.4,509.6,1136.4,792.8,69BopbFc34U.000.mp4,1280,720,29.97,459,emotional_stability,high
222,7407,left_cheek,491.1,347.9,597.6,476.3,773.9,524.8,907.0,685.4,69BopbFc34U.000.mp4,1280,720,29.97,459,emotional_stability,high
222,7407,right_cheek,699.3,347.1,783.0,473.9,1034.1,523.9,1138.7,682.4,69BopbFc34U.000.mp4,1280,720,29.97,459,emotional_stability,high
223,7440,left_eye,499.7,253.7,618.2,340.5,784.6,407.2,932.7,515.6,69BopbFc34U.000.mp4,1280,720,29.97,459,emotional_stability,high
223,7440,right_eye,682.6,259.6,781.9,340.6,1013.3,414.4,1137.3,515.7,69BopbFc34U.000.mp4,1280,720,29.97,459,emotional_stability,high
223,7440,nose,603.4,314.3,702.4,442.4,914.3,482.8,1038.0,642.9,69BopbFc34U.000.mp4,1280,720,29.97,459,emotional_stability,high
223,7440,mouth,588.2,463.3,704.6,504.9,895.2,669.1,1040.8,721.2,69BopbFc34U.000.mp4,1280,720,29.97,459,emotional_stability,high
223,7440,forehead,466.9,197.5,788.8,450.3,743.7,336.9,1145.9,652.9,69BopbFc34U.000.mp4,1280,720,29.97,459,emotional_stability,high
223,7440,chin,468.3,335.7,781.0,562.2,745.4,509.6,1136.3,792.7,69BopbFc34U.000.mp4,1280,720,29.97,459,emotional_stability,high
223,7440,left_cheek,491.1,347.9,597.9,476.4,773.9,524.9,907.3,685.4,69BopbFc34U.000.mp4,1280,720,29.97,459,emotional_stability,high
223,7440,right_cheek,699.5,347.2,783.0,473.9,1034.3,524.0,1138.8,682.4,69BopbFc34U.000.mp4,1280,720,29.97,459,emotional_stability,high
224,7474,left_eye,499.8,253.7,618.3,340.5,784.8,407.1,932.9,515.6,69BopbFc34U.000.mp4,1280,720,29.97,459,emotional_stability,high
224,7474,right_eye,682.7,259.5,781.9,340.6,1013.4,414.4,1137.4,515.7,69BopbFc34U.000.mp4,1280,720,29.97,459,emotional_stability,high
224,7474,nose,603.6,314.2,702.5,442.2,914.5,482.8,1038.1,642.7,69BopbFc34U.000.mp4,1280,720,29.97,459,emotional_stability,high
224,7474,mouth,588.2,462.9,704.7,504.9,895.2,668.6,1040.9,721.1,69BopbFc34U.000.mp4,1280,720,29.97,459,emotional_stability,high
224,7474,forehead,466.9,197.4,788.8,450.3,743.7,336.8,1145.9,652.9,69BopbFc34U.000.mp4,1280,720,29.97,459,emotional_stability,high
224,7474,chin,468.3,335.7,781.0,562.2,745.4,509.7,1136.3,792.7,69BopbFc34U.000.mp4,1280,720,29.97,459,emotional_stability,high
224,7474,left_cheek,491.2,347.9,598.0,476.3,774.0,524.9,907.5,685.4,69BopbFc34U.000.mp4,1280,720,29.97,459,emotional_stability,high
224,7474,right_cheek,699.6,347.2,783.1,473.9,1034.5,524.0,1138.8,682.4,69BopbFc34U.000.mp4,1280,720,29.97,459,emotional_stability,high
225,7507,left_eye,500.0,253.7,618.5,340.5,785.0,407.1,933.1,515.6,69BopbFc34U.000.mp4,1280,720,29.97,459,emotional_stability,high
225,7507,right_eye,682.9,259.5,782.0,340.6,1013.6,414.4,1137.5,515.7,69BopbFc34U.000.mp4,1280,720,29.97,459,emotional_stability,high
225,7507,nose,603.6,314.2,702.7,442.0,914.5,482.8,1038.3,642.5,69BopbFc34U.000.mp4,1280,720,29.97,459,emotional_stability,high
225,7507,mouth,588.2,462.6,704.7,504.8,895.3,668.2,1040.9,721.0,69BopbFc34U.000.mp4,1280,720,29.97,459,emotional_stability,high
225,7507,forehead,467.0,197.4,788.8,450.3,743.8,336.8,1146.0,652.9,69BopbFc34U.000.mp4,1280,720,29.97,459,emotional_stability,high
225,7507,chin,468.4,335.7,781.0,562.1,745.5,509.7,1136.3,792.6,69BopbFc34U.000.mp4,1280,720,29.97,459,emotional_stability,high
225,7507,left_cheek,491.3,347.9,598.1,476.3,774.1,524.9,907.6,685.4,69BopbFc34U.000.mp4,1280,720,29.97,459,emotional_stability,high
225,7507,right_cheek,699.7,347.2,783.1,473.9,1034.6,524.0,1138.9,682.4,69BopbFc34U.000.mp4,1280,720,29.97,459,emotional_stability,high
226,7540,left_eye,500.1,253.5,618.5,340.4,785.1,406.9,933.1,515.6,69BopbFc34U.000.mp4,1280,720,29.97,459,emotional_stability,high
226,7540,right_eye,683.0,259.5,782.1,340.6,1013.7,414.4,1137.6,515.8,69BopbFc34U.000.mp4,1280,720,29.97,459,emotional_stability,high
226,7540,nose,603.7,314.1,702.6,441.6,914.6,482.7,1038.3,642.0,69BopbFc34U.000.mp4,1280,720,29.97,459,emotional_stability,high
226,7540,mouth,588.2,462.3,704.7,504.6,895.3,667.9,1040.8,720.8,69BopbFc34U.000.mp4,1280,720,29.97,459,emotional_stability,high
226,7540,forehead,467.1,197.4,788.8,450.3,743.9,336.8,1146.0,652.9,69BopbFc34U.000.mp4,1280,720,29.97,459,emotional_stability,high
226,7540,chin,468.5,335.8,781.1,561.9,745.6,509.7,1136.3,792.4,69BopbFc34U.000.mp4,1280,720,29.97,459,emotional_stability,high
226,7540,left_cheek,491.3,347.9,598.1,476.1,774.2,524.8,907.7,685.1,69BopbFc34U.000.mp4,1280,720,29.97,459,emotional_stability,high
226,7540,right_cheek,699.7,347.3,783.1,473.9,1034.7,524.1,1138.9,682.4,69BopbFc34U.000.mp4,1280,720,29.97,459,emotional_stability,high
227,7574,left_eye,500.1,253.2,618.4,340.4,785.1,406.5,933.0,515.5,69BopbFc34U.000.mp4,1280,720,29.97,459,emotional_stability,high
227,7574,right_eye,682.9,259.4,782.1,340.6,1013.6,414.3,1137.6,515.8,69BopbFc34U.000.mp4,1280,720,29.97,459,emotional_stability,high
227,7574,nose,603.7,313.8,702.6,440.5,914.6,482.2,1038.3,640.7,69BopbFc34U.000.mp4,1280,720,29.97,459,emotional_stability,high
227,7574,mouth,588.2,461.9,704.6,503.5,895.3,667.4,1040.7,719.4,69BopbFc34U.000.mp4,1280,720,29.97,459,emotional_stability,high
227,7574,forehead,467.2,197.4,788.7,450.3,744.0,336.7,1145.9,652.9,69BopbFc34U.000.mp4,1280,720,29.97,459,emotional_stability,high
227,7574,chin,468.5,335.9,781.0,561.7,745.6,509.8,1136.2,792.2,69BopbFc34U.000.mp4,1280,720,29.97,459,emotional_stability,high
227,7574,left_cheek,491.3,347.8,598.1,475.8,774.2,524.7,907.7,684.7,69BopbFc34U.000.mp4,1280,720,29.97,459,emotional_stability,high
227,7574,right_cheek,699.7,347.3,783.0,473.7,1034.7,524.1,1138.8,682.1,69BopbFc34U.000.mp4,1280,720,29.97,459,emotional_stability,high
228,7607,left_eye,500.1,252.8,618.4,340.3,785.1,406.0,933.0,515.3,69BopbFc34U.000.mp4,1280,720,29.97,459,emotional_stability,high
228,7607,right_eye,682.8,259.4,782.0,340.6,1013.5,414.2,1137.5,515.7,69BopbFc34U.000.mp4,1280,720,29.97,459,emotional_stability,high
228,7607,nose,603.7,313.6,702.6,440.2,914.7,482.0,1038.3,640.3,69BopbFc34U.000.mp4,1280,720,29.97,459,emotional_stability,high
228,7607,mouth,588.3,461.5,704.6,503.1,895.3,666.9,1040.7,718.8,69BopbFc34U.000.mp4,1280,720,29.97,459,emotional_stability,high
228,7607,forehead,467.2,197.3,788.6,450.3,744.0,336.6,1145.8,652.9,69BopbFc34U.000.mp4,1280,720,29.97,459,emotional_stability,high
228,7607,chin,468.5,335.9,780.9,561.7,745.6,509.9,1136.1,792.1,69BopbFc34U.000.mp4,1280,720,29.97,459,emotional_stability,high
228,7607,left_cheek,491.3,347.6,598.1,475.6,774.2,524.6,907.7,684.6,69BopbFc34U.000.mp4,1280,720,29.97,459,emotional_stability,high
228,7607,right_cheek,699.7,347.3,782.9,473.6,1034.6,524.1,1138.6,682.0,69BopbFc34U.000.mp4,1280,720,29.97,459,emotional_stability,high
229,7640,left_eye,499.8,252.6,618.0,340.1,784.8,405.7,932.5,515.1,69BopbFc34U.000.mp4,1280,720,29.97,459,emotional_stability,high
229,7640,right_eye,682.2,259.2,781.5,340.5,1012.8,414.0,1136.8,515.6,69BopbFc34U.000.mp4,1280,720,29.97,459,emotional_stability,high
229,7640,nose,603.4,313.2,702.3,440.2,914.2,481.5,1037.9,640.3,69BopbFc34U.000.mp4,1280,720,29.97,459,emotional_stability,high
229,7640,mouth,587.8,461.6,704.0,502.8,894.7,667.0,1040.0,718.5,69BopbFc34U.000.mp4,1280,720,29.97,459,emotional_stability,high
229,7640,forehead,466.9,197.1,787.9,450.3,743.7,336.4,1144.9,652.8,69BopbFc34U.000.mp4,1280,720,29.97,459,emotional_stability,high
229,7640,chin,468.2,335.9,779.8,561.5,745.3,509.8,1134.8,791.9,69BopbFc34U.000.mp4,1280,720,29.97,459,emotional_stability,high
229,7640,left_cheek,491.1,347.5,597.7,475.5,773.9,524.4,907.2,684.3,69BopbFc34U.000.mp4,1280,720,29.97,459,emotional_stability,high
229,7640,right_cheek,699.3,347.2,782.1,473.4,1034.1,524.0,1137.6,681.7,69BopbFc34U.000.mp4,1280,720,29.97,459,emotional_stability,high
230,7674,left_eye,499.5,252.4,617.7,339.9,784.4,405.5,932.1,514.8,69BopbFc34U.000.mp4,1280,720,29.97,459,emotional_stability,high
230,7674,right_eye,681.9,259.1,781.1,340.4,1012.4,413.9,1136.4,515.5,69BopbFc34U.000.mp4,1280,720,29.97,459,emotional_stability,high
230,7674,nose,603.2,313.0,701.8,440.1,913.9,481.3,1037.3,640.1,69BopbFc34U.000.mp4,1280,720,29.97,459,emotional_stability,high
230,7674,mouth,587.5,461.5,703.5,502.6,894.3,666.9,1039.4,718.2,69BopbFc34U.000.mp4,1280,720,29.97,459,emotional_stability,high
230,7674,forehead,466.7,197.0,787.6,450.2,743.4,336.3,1144.5,652.8,69BopbFc34U.000.mp4,1280,720,29.97,459,emotional_stability,high
230,7674,chin,468.0,335.9,779.4,561.4,745.0,509.8,1134.2,791.7,69BopbFc34U.000.mp4,1280,720,29.97,459,emotional_stability,high
230,7674,left_cheek,490.9,347.4,597.5,475.3,773.6,524.2,906.9,684.1,69BopbFc34U.000.mp4,1280,720,29.97,459,emotional_stability,high
230,7674,right_cheek,698.9,347.2,781.7,473.3,1033.6,524.0,1137.2,681.6,69BopbFc34U.000.mp4,1280,720,29.97,459,emotional_stability,high
231,7707,left_eye,499.0,252.1,617.2,339.7,783.7,405.2,931.5,514.6,69BopbFc34U.000.mp4,1280,720,29.97,459,emotional_stability,high
231,7707,right_eye,681.1,258.7,780.4,340.3,1011.4,413.4,1135.5,515.3,69BopbFc34U.000.mp4,1280,720,29.97,459,emotional_stability,high
231,7707,nose,602.9,312.7,701.2,440.0,913.6,480.8,1036.5,640.0,69BopbFc34U.000.mp4,1280,720,29.97,459,emotional_stability,high
231,7707,mouth,587.2,461.5,703.1,502.3,894.0,666.9,1038.8,717.9,69BopbFc34U.000.mp4,1280,720,29.97,459,emotional_stability,high
231,7707,forehead,466.1,196.7,786.9,450.1,742.6,335.9,1143.6,652.6,69BopbFc34U.000.mp4,1280,720,29.97,459,emotional_stability,high
231,7707,chin,467.4,335.8,778.6,561.2,744.3,509.7,1133.3,791.5,69BopbFc34U.000.mp4,1280,720,29.97,459,emotional_stability,high
231,7707,left_cheek,490.4,347.2,597.1,475.1,773.0,524.0,906.4,683.9,69BopbFc34U.000.mp4,1280,720,29.97,459,emotional_stability,high
231,7707,right_cheek,698.3,347.0,781.0,473.0,1032.9,523.7,1136.3,681.2,69BopbFc34U.000.mp4,1280,720,29.97,459,emotional_stability,high
232,7741,left_eye,498.9,252.0,617.0,339.5,783.6,405.0,931.3,514.4,69BopbFc34U.000.mp4,1280,720,29.97,459,emotional_stability,high
232,7741,right_eye,680.8,258.5,779.8,340.1,1011.0,413.1,1134.7,515.1,69BopbFc34U.000.mp4,1280,720,29.97,459,emotional_stability,high
232,7741,nose,602.7,312.5,700.7,439.9,913.4,480.6,1035.9,639.9,69BopbFc34U.000.mp4,1280,720,29.97,459,emotional_stability,high
232,7741,mouth,586.8,461.4,702.8,502.1,893.5,666.8,1038.4,717.6,69BopbFc34U.000.mp4,1280,720,29.97,459,emotional_stability,high
232,7741,forehead,465.7,196.7,786.3,449.9,742.1,335.8,1142.9,652.4,69BopbFc34U.000.mp4,1280,720,29.97,459,emotional_stability,high
232,7741,chin,467.0,335.7,778.0,560.9,743.8,509.6,1132.5,791.1,69BopbFc34U.000.mp4,1280,720,29.97,459,emotional_stability,high
232,7741,left_cheek,490.1,347.0,596.9,474.9,772.6,523.8,906.1,683.6,69BopbFc34U.000.mp4,1280,720,29.97,459,emotional_stability,high
232,7741,right_cheek,697.9,346.8,780.6,472.7,1032.4,523.5,1135.7,680.8,69BopbFc34U.000.mp4,1280,720,29.97,459,emotional_stability,high
233,7774,left_eye,498.7,252.0,616.9,339.4,783.4,405.0,931.2,514.3,69BopbFc34U.000.mp4,1280,720,29.97,459,emotional_stability,high
233,7774,right_eye,680.6,258.5,779.5,340.1,1010.8,413.1,1134.4,515.1,69BopbFc34U.000.mp4,1280,720,29.97,459,emotional_stability,high
233,7774,nose,602.6,312.5,700.5,439.9,913.3,480.6,1035.7,639.9,69BopbFc34U.000.mp4,1280,720,29.97,459,emotional_stability,high
233,7774,mouth,586.7,461.4,702.6,501.9,893.3,666.7,1038.2,717.4,69BopbFc34U.000.mp4,1280,720,29.97,459,emotional_stability,high
233,7774,forehead,465.3,196.7,786.0,449.8,741.6,335.8,1142.5,652.3,69BopbFc34U.000.mp4,1280,720,29.97,459,emotional_stability,high
233,7774,chin,466.7,335.6,777.5,560.7,743.4,509.5,1131.9,790.9,69BopbFc34U.000.mp4,1280,720,29.97,459,emotional_stability,high
233,7774,left_cheek,489.9,347.0,596.8,474.8,772.4,523.8,906.0,683.5,69BopbFc34U.000.mp4,1280,720,29.97,459,emotional_stability,high
233,7774,right_cheek,697.7,346.7,780.3,472.5,1032.1,523.4,1135.4,680.6,69BopbFc34U.000.mp4,1280,720,29.97,459,emotional_stability,high
234,7807,left_eye,498.6,252.0,616.9,339.3,783.3,405.0,931.2,514.2,69BopbFc34U.000.mp4,1280,720,29.97,459,emotional_stability,high
234,7807,right_eye,680.5,258.5,779.4,340.0,1010.6,413.1,1134.2,515.0,69BopbFc34U.000.mp4,1280,720,29.97,459,emotional_stability,high
234,7807,nose,602.6,312.5,700.4,439.8,913.3,480.6,1035.5,639.7,69BopbFc34U.000.mp4,1280,720,29.97,459,emotional_stability,high
234,7807,mouth,586.6,461.0,702.5,501.4,893.3,666.3,1038.1,716.8,69BopbFc34U.000.mp4,1280,720,29.97,459,emotional_stability,high
234,7807,forehead,465.1,196.6,785.8,449.8,741.4,335.8,1142.3,652.2,69BopbFc34U.000.mp4,1280,720,29.97,459,emotional_stability,high
234,7807,chin,466.5,335.6,777.2,560.4,743.1,509.5,1131.5,790.5,69BopbFc34U.000.mp4,1280,720,29.97,459,emotional_stability,high
234,7807,left_cheek,489.8,346.9,596.8,474.6,772.2,523.7,906.0,683.3,69BopbFc34U.000.mp4,1280,720,29.97,459,emotional_stability,high
234,7807,right_cheek,697.6,346.7,780.1,472.4,1032.0,523.4,1135.1,680.4,69BopbFc34U.000.mp4,1280,720,29.97,459,emotional_stability,high
235,7841,left_eye,498.6,252.0,616.9,339.2,783.3,405.0,931.2,514.0,69BopbFc34U.000.mp4,1280,720,29.97,459,emotional_stability,high
235,7841,right_eye,680.5,258.5,779.4,340.0,1010.6,413.1,1134.2,515.0,69BopbFc34U.000.mp4,1280,720,29.97,459,emotional_stability,high
235,7841,nose,602.6,312.5,700.3,439.8,913.2,480.6,1035.4,639.7,69BopbFc34U.000.mp4,1280,720,29.97,459,emotional_stability,high
235,7841,mouth,586.6,461.0,702.4,500.5,893.3,666.3,1038.0,715.6,69BopbFc34U.000.mp4,1280,720,29.97,459,emotional_stability,high
235,7841,forehead,465.0,196.6,785.9,449.5,741.2,335.7,1142.4,651.8,69BopbFc34U.000.mp4,1280,720,29.97,459,emotional_stability,high
235,7841,chin,466.3,335.3,777.2,559.3,742.9,509.1,1131.5,789.1,69BopbFc34U.000.mp4,1280,720,29.97,459,emotional_stability,high
235,7841,left_cheek,489.7,346.8,596.8,474.4,772.1,523.4,906.0,683.0,69BopbFc34U.000.mp4,1280,720,29.97,459,emotional_stability,high
235,7841,right_cheek,697.6,346.7,780.1,472.3,1032.0,523.3,1135.2,680.4,69BopbFc34U.000.mp4,1280,720,29.97,459,emotional_stability,high
236,7874,left_eye,498.6,252.0,616.8,339.3,783.2,405.0,931.1,514.1,69BopbFc34U.000.mp4,1280,720,29.97,459,emotional_stability,high
236,7874,right_eye,680.5,258.7,779.4,340.2,1010.6,413.4,1134.2,515.2,69BopbFc34U.000.mp4,1280,720,29.97,459,emotional_stability,high
236,7874,nose,602.4,312.5,700.3,439.8,913.0,480.6,1035.3,639.7,69BopbFc34U.000.mp4,1280,720,29.97,459,emotional_stability,high
236,7874,mouth,586.7,460.3,702.2,499.7,893.3,665.4,1037.8,714.6,69BopbFc34U.000.mp4,1280,720,29.97,459,emotional_stability,high
236,7874,forehead,465.0,196.6,785.9,449.5,741.2,335.7,1142.4,651.8,69BopbFc34U.000.mp4,1280,720,29.97,459,emotional_stability,high
236,7874,chin,466.3,335.3,777.3,558.7,742.9,509.1,1131.6,788.3,69BopbFc34U.000.mp4,1280,720,29.97,459,emotional_stability,high
236,7874,left_cheek,489.7,346.7,596.7,474.3,772.1,523.4,905.9,682.9,69BopbFc34U.000.mp4,1280,720,29.97,459,emotional_stability,high
236,7874,right_cheek,697.6,346.8,780.2,472.3,1032.0,523.6,1135.2,680.4,69BopbFc34U.000.mp4,1280,720,29.97,459,emotional_stability,high
237,7907,left_eye,498.5,252.1,616.8,339.3,783.2,405.1,931.0,514.1,69BopbFc34U.000.mp4,1280,720,29.97,459,emotional_stability,high
237,7907,right_eye,680.5,259.0,779.4,340.3,1010.6,413.8,1134.2,515.3,69BopbFc34U.000.mp4,1280,720,29.97,459,emotional_stability,high
237,7907,nose,602.3,312.5,700.2,439.7,912.9,480.6,1035.3,639.7,69BopbFc34U.000.mp4,1280,720,29.97,459,emotional_stability,high
237,7907,mouth,586.7,460.2,702.2,499.0,893.4,665.3,1037.7,713.8,69BopbFc34U.000.mp4,1280,720,29.97,459,emotional_stability,high
237,7907,forehead,465.0,196.6,785.9,449.5,741.2,335.8,1142.4,651.9,69BopbFc34U.000.mp4,1280,720,29.97,459,emotional_stability,high
237,7907,chin,466.3,335.3,777.3,558.2,742.9,509.2,1131.6,787.8,69BopbFc34U.000.mp4,1280,720,29.97,459,emotional_stability,high
237,7907,left_cheek,489.7,346.7,596.7,474.2,772.1,523.4,905.8,682.8,69BopbFc34U.000.mp4,1280,720,29.97,459,emotional_stability,high
237,7907,right_cheek,697.6,347.0,780.2,472.3,1031.9,523.8,1135.2,680.4,69BopbFc34U.000.mp4,1280,720,29.97,459,emotional_stability,high
238,7941,left_eye,498.5,252.1,616.8,339.3,783.2,405.2,931.0,514.1,69BopbFc34U.000.mp4,1280,720,29.97,459,emotional_stability,high
238,7941,right_eye,680.5,259.2,779.4,340.3,1010.6,414.0,1134.3,515.4,69BopbFc34U.000.mp4,1280,720,29.97,459,emotional_stability,high
238,7941,nose,602.3,312.5,700.2,439.7,912.9,480.6,1035.3,639.7,69BopbFc34U.000.mp4,1280,720,29.97,459,emotional_stability,high
238,7941,mouth,586.9,460.2,702.2,499.0,893.6,665.2,1037.7,713.8,69BopbFc34U.000.mp4,1280,720,29.97,459,emotional_stability,high
238,7941,forehead,465.0,196.7,785.9,449.7,741.2,335.8,1142.4,652.1,69BopbFc34U.000.mp4,1280,720,29.97,459,emotional_stability,high
238,7941,chin,466.3,335.6,777.3,558.2,742.9,509.5,1131.6,787.8,69BopbFc34U.000.mp4,1280,720,29.97,459,emotional_stability,high
238,7941,left_cheek,489.7,346.8,596.7,474.2,772.1,523.4,905.8,682.8,69BopbFc34U.000.mp4,1280,720,29.97,459,emotional_stability,high
238,7941,right_cheek,697.6,347.2,780.2,472.5,1031.9,524.1,1135.2,680.6,69BopbFc34U.000.mp4,1280,720,29.97,459,emotional_stability,high
239,7974,left_eye,498.6,252.1,616.9,339.3,783.3,405.2,931.1,514.1,69BopbFc34U.000.mp4,1280,720,29.97,459,emotional_stability,high
239,7974,right_eye,680.6,259.3,779.4,340.3,1010.7,414.1,1134.3,515.4,69BopbFc34U.000.mp4,1280,720,29.97,459,emotional_stability,high
239,7974,nose,602.4,312.5,700.2,440.3,913.0,480.7,1035.3,640.3,69BopbFc34U.000.mp4,1280,720,29.97,459,emotional_stability,high
239,7974,mouth,587.0,460.5,702.1,500.2,893.8,665.6,1037.7,715.2,69BopbFc34U.000.mp4,1280,720,29.97,459,emotional_stability,high
239,7974,forehead,465.0,196.7,786.0,450.1,741.2,335.8,1142.5,652.6,69BopbFc34U.000.mp4,1280,720,29.97,459,emotional_stability,high
239,7974,chin,466.3,335.8,777.3,559.2,742.9,509.7,1131.6,789.0,69BopbFc34U.000.mp4,1280,720,29.97,459,emotional_stability,high
239,7974,left_cheek,489.7,346.8,596.8,474.4,772.2,523.5,905.9,683.0,69BopbFc34U.000.mp4,1280,720,29.97,459,emotional_stability,high
239,7974,right_cheek,697.6,347.4,780.2,472.7,1032.0,524.2,1135.2,680.9,69BopbFc34U.000.mp4,1280,720,29.97,459,emotional_stability,high
240,8008,left_eye,498.7,252.1,617.0,339.3,783.4,405.2,931.3,514.1,69BopbFc34U.000.mp4,1280,720,29.97,459,emotional_stability,high
240,8008,right_eye,680.6,259.2,779.4,340.3,1010.8,414.0,1134.3,515.4,69BopbFc34U.000.mp4,1280,720,29.97,459,emotional_stability,high
240,8008,nose,602.7,312.5,700.4,440.4,913.4,480.6,1035.5,640.4,69BopbFc34U.000.mp4,1280,720,29.97,459,emotional_stability,high
240,8008,mouth,587.1,460.9,702.1,504.9,893.8,666.1,1037.6,721.1,69BopbFc34U.000.mp4,1280,720,29.97,459,emotional_stability,high
240,8008,forehead,465.0,196.7,785.9,450.9,741.2,335.8,1142.4,653.6,69BopbFc34U.000.mp4,1280,720,29.97,459,emotional_stability,high
240,8008,chin,466.3,336.4,777.1,561.1,742.9,510.5,1131.4,791.4,69BopbFc34U.000.mp4,1280,720,29.97,459,emotional_stability,high
240,8008,left_cheek,489.8,347.0,596.8,474.9,772.2,523.8,906.0,683.6,69BopbFc34U.000.mp4,1280,720,29.97,459,emotional_stability,high
240,8008,right_cheek,697.6,347.5,780.2,473.2,1032.0,524.4,1135.3,681.5,69BopbFc34U.000.mp4,1280,720,29.97,459,emotional_stability,high
241,8041,left_eye,499.1,252.1,617.3,339.3,783.9,405.2,931.6,514.1,69BopbFc34U.000.mp4,1280,720,29.97,459,emotional_stability,high
241,8041,right_eye,680.7,259.2,779.4,340.3,1010.9,414.0,1134.3,515.3,69BopbFc34U.000.mp4,1280,720,29.97,459,emotional_stability,high
241,8041,nose,602.7,312.5,700.4,441.5,913.4,480.6,1035.5,641.9,69BopbFc34U.000.mp4,1280,720,29.97,459,emotional_stability,high
241,8041,mouth,586.8,464.5,701.3,510.5,893.5,670.7,1036.6,728.2,69BopbFc34U.000.mp4,1280,720,29.97,459,emotional_stability,high
241,8041,forehead,465.1,196.7,785.9,451.4,741.4,335.9,1142.4,654.3,69BopbFc34U.000.mp4,1280,720,29.97,459,emotional_stability,high
241,8041,chin,466.4,336.7,777.0,563.5,743.0,510.9,1131.3,794.4,69BopbFc34U.000.mp4,1280,720,29.97,459,emotional_stability,high
241,8041,left_cheek,489.8,347.4,596.8,476.0,772.2,524.2,906.0,685.1,69BopbFc34U.000.mp4,1280,720,29.97,459,emotional_stability,high
241,8041,right_cheek,697.6,347.7,780.2,474.0,1032.0,524.6,1135.3,682.5,69BopbFc34U.000.mp4,1280,720,29.97,459,emotional_stability,high
242,8074,left_eye,499.1,251.3,617.3,338.9,783.9,404.2,931.7,513.7,69BopbFc34U.000.mp4,1280,720,29.97,459,emotional_stability,high
242,8074,right_eye,680.8,258.7,779.5,339.8,1011.0,413.4,1134.3,514.8,69BopbFc34U.000.mp4,1280,720,29.97,459,emotional_stability,high
242,8074,nose,601.6,312.0,700.4,441.9,912.0,480.0,1035.5,642.4,69BopbFc34U.000.mp4,1280,720,29.97,459,emotional_stability,high
242,8074,mouth,584.1,466.8,700.7,515.0,890.2,673.5,1035.9,733.7,69BopbFc34U.000.mp4,1280,720,29.97,459,emotional_stability,high
242,8074,forehead,465.1,196.2,786.6,451.4,741.4,335.2,1143.2,654.2,69BopbFc34U.000.mp4,1280,720,29.97,459,emotional_stability,high
242,8074,chin,466.4,336.5,777.2,565.2,743.0,510.6,1131.4,796.5,69BopbFc34U.000.mp4,1280,720,29.97,459,emotional_stability,high
242,8074,left_cheek,489.5,347.3,596.2,476.4,771.9,524.1,905.3,685.5,69BopbFc34U.000.mp4,1280,720,29.97,459,emotional_stability,high
242,8074,right_cheek,697.6,347.7,780.4,474.8,1032.1,524.6,1135.6,683.4,69BopbFc34U.000.mp4,1280,720,29.97,459,emotional_stability,high
243,8108,left_eye,499.3,250.6,617.5,338.6,784.2,403.3,931.9,513.3,69BopbFc34U.000.mp4,1280,720,29.97,459,emotional_stability,high
243,8108,right_eye,681.0,257.9,779.6,339.7,1011.3,412.4,1134.5,514.6,69BopbFc34U.000.mp4,1280,720,29.97,459,emotional_stability,high
243,8108,nose,601.2,311.6,700.5,442.5,911.4,479.6,1035.7,643.1,69BopbFc34U.000.mp4,1280,720,29.97,459,emotional_stability,high
243,8108,mouth,582.6,467.8,700.8,517.5,888.3,674.7,1036.0,736.9,69BopbFc34U.000.mp4,1280,720,29.97,459,emotional_stability,high
243,8108,forehead,465.1,195.4,787.1,451.4,741.4,334.3,1143.9,654.3,69BopbFc34U.000.mp4,1280,720,29.97,459,emotional_stability,high
243,8108,chin,466.4,336.4,777.4,566.7,743.0,510.5,1131.7,798.4,69BopbFc34U.000.mp4,1280,720,29.97,459,emotional_stability,high
243,8108,left_cheek,489.4,347.3,596.0,477.0,771.8,524.1,905.0,686.2,69BopbFc34U.000.mp4,1280,720,29.97,459,emotional_stability,high
243,8108,right_cheek,697.8,347.7,780.8,475.5,1032.2,524.7,1136.0,684.4,69BopbFc34U.000.mp4,1280,720,29.97,459,emotional_stability,high
244,8141,left_eye,499.5,250.0,617.8,338.3,784.4,402.5,932.3,512.9,69BopbFc34U.000.mp4,1280,720,29.97,459,emotional_stability,high
244,8141,right_eye,681.3,257.3,780.0,339.4,1011.7,411.6,1135.0,514.2,69BopbFc34U.000.mp4,1280,720,29.97,459,emotional_stability,high
244,8141,nose,601.1,311.3,700.9,442.4,911.4,479.1,1036.1,643.0,69BopbFc34U.000.mp4,1280,720,29.97,459,emotional_stability,high
244,8141,mouth,582.3,468.0,700.8,515.6,887.8,675.0,1036.0,734.5,69BopbFc34U.000.mp4,1280,720,29.97,459,emotional_stability,high
244,8141,forehead,465.1,194.9,787.7,451.4,741.4,333.6,1144.6,654.3,69BopbFc34U.000.mp4,1280,720,29.97,459,emotional_stability,high
244,8141,chin,466.5,336.3,777.6,566.2,743.1,510.3,1132.0,797.8,69BopbFc34U.000.mp4,1280,720,29.97,459,emotional_stability,high
244,8141,left_cheek,489.4,347.2,596.0,477.1,771.7,524.0,905.0,686.4,69BopbFc34U.000.mp4,1280,720,29.97,459,emotional_stability,high
244,8141,right_cheek,698.1,347.8,781.1,475.6,1032.7,524.7,1136.4,684.6,69BopbFc34U.000.mp4,1280,720,29.97,459,emotional_stability,high
245,8174,left_eye,499.9,249.5,618.5,338.0,784.8,401.9,933.1,512.5,69BopbFc34U.000.mp4,1280,720,29.97,459,emotional_stability,high
245,8174,right_eye,681.6,256.9,780.2,339.2,1012.0,411.1,1135.3,514.1,69BopbFc34U.000.mp4,1280,720,29.97,459,emotional_stability,high
245,8174,nose,601.4,311.0,701.2,442.3,911.7,478.7,1036.5,642.9,69BopbFc34U.000.mp4,1280,720,29.97,459,emotional_stability,high
245,8174,mouth,582.4,467.7,700.9,514.0,888.0,674.7,1036.1,732.5,69BopbFc34U.000.mp4,1280,720,29.97,459,emotional_stability,high
245,8174,forehead,465.2,194.3,788.0,451.5,741.4,332.9,1145.1,654.3,69BopbFc34U.000.mp4,1280,720,29.97,459,emotional_stability,high
245,8174,chin,466.5,336.0,777.7,565.8,743.1,510.0,1132.2,797.3,69BopbFc34U.000.mp4,1280,720,29.97,459,emotional_stability,high
245,8174,left_cheek,489.4,346.9,596.1,477.1,771.7,523.7,905.1,686.3,69BopbFc34U.000.mp4,1280,720,29.97,459,emotional_stability,high
245,8174,right_cheek,698.5,347.8,781.4,475.8,1033.1,524.7,1136.8,684.7,69BopbFc34U.000.mp4,1280,720,29.97,459,emotional_stability,high
246,8208,left_eye,500.1,249.2,618.9,337.8,785.1,401.5,933.7,512.2,69BopbFc34U.000.mp4,1280,720,29.97,459,emotional_stability,high
246,8208,right_eye,681.8,256.6,780.5,339.1,1012.3,410.7,1135.6,513.8,69BopbFc34U.000.mp4,1280,720,29.97,459,emotional_stability,high
246,8208,nose,602.0,310.8,701.4,442.2,912.5,478.4,1036.8,642.8,69BopbFc34U.000.mp4,1280,720,29.97,459,emotional_stability,high
246,8208,mouth,582.5,467.5,701.4,513.2,888.1,674.4,1036.7,731.4,69BopbFc34U.000.mp4,1280,720,29.97,459,emotional_stability,high
246,8208,forehead,465.2,193.8,788.3,451.4,741.5,332.3,1145.4,654.2,69BopbFc34U.000.mp4,1280,720,29.97,459,emotional_stability,high
246,8208,chin,466.5,335.4,778.0,565.7,743.1,509.3,1132.5,797.1,69BopbFc34U.000.mp4,1280,720,29.97,459,emotional_stability,high
246,8208,left_cheek,489.4,346.6,596.4,477.0,771.8,523.2,905.4,686.3,69BopbFc34U.000.mp4,1280,720,29.97,459,emotional_stability,high
246,8208,right_cheek,698.8,347.8,781.7,475.8,1033.5,524.7,1137.2,684.8,69BopbFc34U.000.mp4,1280,720,29.97,459,emotional_stability,high
247,8241,left_eye,500.1,248.6,618.9,337.5,785.1,400.8,933.7,511.8,69BopbFc34U.000.mp4,1280,720,29.97,459,emotional_stability,high
247,8241,right_eye,681.8,256.2,780.6,338.9,1012.3,410.3,1135.8,513.6,69BopbFc34U.000.mp4,1280,720,29.97,459,emotional_stability,high
247,8241,nose,602.0,310.5,701.4,442.2,912.5,478.2,1036.8,642.7,69BopbFc34U.000.mp4,1280,720,29.97,459,emotional_stability,high
247,8241,mouth,582.2,467.3,701.5,512.6,887.7,674.2,1036.8,730.8,69BopbFc34U.000.mp4,1280,720,29.97,459,emotional_stability,high
247,8241,forehead,465.2,193.4,788.4,451.1,741.5,331.8,1145.5,653.8,69BopbFc34U.000.mp4,1280,720,29.97,459,emotional_stability,high
247,8241,chin,466.4,334.7,778.0,565.5,743.1,508.4,1132.6,796.9,69BopbFc34U.000.mp4,1280,720,29.97,459,emotional_stability,high
247,8241,left_cheek,489.4,346.0,596.4,476.8,771.7,522.5,905.5,686.1,69BopbFc34U.000.mp4,1280,720,29.97,459,emotional_stability,high
247,8241,right_cheek,698.8,347.7,781.7,475.8,1033.5,524.6,1137.2,684.8,69BopbFc34U.000.mp4,1280,720,29.97,459,emotional_stability,high
248,8274,left_eye,500.1,248.2,619.1,337.3,785.1,400.3,933.8,511.6,69BopbFc34U.000.mp4,1280,720,29.97,459,emotional_stability,high
248,8274,right_eye,681.9,256.0,780.8,338.8,1012.3,410.1,1136.0,513.5,69BopbFc34U.000.mp4,1280,720,29.97,459,emotional_stability,high
248,8274,nose,602.3,310.4,701.5,442.0,912.8,478.0,1036.9,642.5,69BopbFc34U.000.mp4,1280,720,29.97,459,emotional_stability,high
248,8274,mouth,582.3,467.2,701.8,512.3,887.9,674.0,1037.2,730.3,69BopbFc34U.000.mp4,1280,720,29.97,459,emotional_stability,high
248,8274,forehead,465.2,193.3,788.5,450.7,741.5,331.7,1145.6,653.4,69BopbFc34U.000.mp4,1280,720,29.97,459,emotional_stability,high
248,8274,chin,466.4,334.4,778.1,565.4,743.0,507.9,1132.6,796.7,69BopbFc34U.000.mp4,1280,720,29.97,459,emotional_stability,high
248,8274,left_cheek,489.4,345.8,596.5,476.7,771.7,522.2,905.6,685.9,69BopbFc34U.000.mp4,1280,720,29.97,459,emotional_stability,high
248,8274,right_cheek,698.9,347.6,781.8,475.8,1033.6,524.5,1137.3,684.7,69BopbFc34U.000.mp4,1280,720,29.97,459,emotional_stability,high
249,8308,left_eye,500.2,248.0,619.3,337.1,785.3,400.1,934.1,511.4,69BopbFc34U.000.mp4,1280,720,29.97,459,emotional_stability,high
249,8308,right_eye,682.0,256.0,780.9,338.7,1012.5,410.0,1136.1,513.3,69BopbFc34U.000.mp4,1280,720,29.97,459,emotional_stability,high
249,8308,nose,602.5,310.3,701.6,441.9,913.2,477.9,1037.0,642.3,69BopbFc34U.000.mp4,1280,720,29.97,459,emotional_stability,high
249,8308,mouth,582.4,467.1,702.0,512.0,888.0,673.9,1037.5,730.0,69BopbFc34U.000.mp4,1280,720,29.97,459,emotional_stability,high
249,8308,forehead,465.2,193.3,788.5,450.5,741.5,331.6,1145.7,653.2,69BopbFc34U.000.mp4,1280,720,29.97,459,emotional_stability,high
249,8308,chin,466.4,334.2,778.1,565.3,743.0,507.7,1132.6,796.6,69BopbFc34U.000.mp4,1280,720,29.97,459,emotional_stability,high
249,8308,left_cheek,489.4,345.6,596.6,476.6,771.7,522.0,905.7,685.7,69BopbFc34U.000.mp4,1280,720,29.97,459,emotional_stability,high
249,8308,right_cheek,699.0,347.6,781.9,475.8,1033.8,524.5,1137.4,684.7,69BopbFc34U.000.mp4,1280,720,29.97,459,emotional_stability,high
250,8341,left_eye,500.3,247.9,619.7,336.9,785.4,399.9,934.6,511.1,69BopbFc34U.000.mp4,1280,720,29.97,459,emotional_stability,high
250,8341,right_eye,682.4,256.0,781.1,338.6,1012.9,410.0,1136.4,513.2,69BopbFc34U.000.mp4,1280,720,29.97,459,emotional_stability,high
250,8341,nose,602.8,310.2,702.0,441.7,913.5,477.8,1037.5,642.2,69BopbFc34U.000.mp4,1280,720,29.97,459,emotional_stability,high
250,8341,mouth,582.4,467.0,702.2,511.2,888.0,673.8,1037.7,728.9,69BopbFc34U.000.mp4,1280,720,29.97,459,emotional_stability,high
250,8341,forehead,465.3,193.2,788.6,450.0,741.6,331.5,1145.7,652.5,69BopbFc34U.000.mp4,1280,720,29.97,459,emotional_stability,high
250,8341,chin,466.4,333.7,778.1,565.3,743.1,507.1,1132.6,796.6,69BopbFc34U.000.mp4,1280,720,29.97,459,emotional_stability,high
250,8341,left_cheek,489.4,345.2,596.8,476.2,771.8,521.5,906.0,685.2,69BopbFc34U.000.mp4,1280,720,29.97,459,emotional_stability,high
250,8341,right_cheek,699.3,347.6,782.0,475.7,1034.2,524.5,1137.5,684.7,69BopbFc34U.000.mp4,1280,720,29.97,459,emotional_stability,high
251,8375,left_eye,500.5,247.8,620.1,336.7,785.7,399.8,935.1,510.9,69BopbFc34U.000.mp4,1280,720,29.97,459,emotional_stability,high
251,8375,right_eye,682.7,256.0,781.4,338.5,1013.4,410.0,1136.7,513.1,69BopbFc34U.000.mp4,1280,720,29.97,459,emotional_stability,high
251,8375,nose,603.0,310.2,702.2,441.7,913.8,477.8,1037.8,642.1,69BopbFc34U.000.mp4,1280,720,29.97,459,emotional_stability,high
251,8375,mouth,582.4,467.0,702.5,510.7,888.1,673.7,1038.1,728.4,69BopbFc34U.000.mp4,1280,720,29.97,459,emotional_stability,high
251,8375,forehead,465.4,193.2,788.9,449.6,741.7,331.5,1146.1,652.0,69BopbFc34U.000.mp4,1280,720,29.97,459,emotional_stability,high
251,8375,chin,466.5,333.4,778.3,565.2,743.2,506.7,1132.9,796.5,69BopbFc34U.000.mp4,1280,720,29.97,459,emotional_stability,high
251,8375,left_cheek,489.5,345.0,597.0,475.9,771.9,521.2,906.3,684.9,69BopbFc34U.000.mp4,1280,720,29.97,459,emotional_stability,high
251,8375,right_cheek,699.6,347.6,782.2,475.7,1034.5,524.4,1137.8,684.7,69BopbFc34U.000.mp4,1280,720,29.97,459,emotional_stability,high
252,8408,left_eye,500.5,247.2,620.0,336.3,785.6,399.0,935.1,510.3,69BopbFc34U.000.mp4,1280,720,29.97,459,emotional_stability,high
252,8408,right_eye,682.7,255.9,781.4,338.3,1013.4,409.8,1136.7,512.9,69BopbFc34U.000.mp4,1280,720,29.97,459,emotional_stability,high
252,8408,nose,603.0,309.8,702.2,440.8,913.7,477.2,1037.8,641.0,69BopbFc34U.000.mp4,1280,720,29.97,459,emotional_stability,high
252,8408,mouth,582.5,466.4,702.4,509.7,888.1,673.0,1038.0,727.1,69BopbFc34U.000.mp4,1280,720,29.97,459,emotional_stability,high
252,8408,forehead,465.3,192.7,788.9,449.4,741.6,330.9,1146.1,651.7,69BopbFc34U.000.mp4,1280,720,29.97,459,emotional_stability,high
252,8408,chin,466.3,333.1,778.2,564.9,742.9,506.4,1132.7,796.1,69BopbFc34U.000.mp4,1280,720,29.97,459,emotional_stability,high
252,8408,left_cheek,489.4,344.5,597.0,475.5,771.8,520.6,906.3,684.3,69BopbFc34U.000.mp4,1280,720,29.97,459,emotional_stability,high
252,8408,right_cheek,699.6,347.4,782.2,475.5,1034.5,524.3,1137.7,684.3,69BopbFc34U.000.mp4,1280,720,29.97,459,emotional_stability,high
253,8441,left_eye,500.5,246.9,620.0,336.0,785.6,398.6,935.0,510.0,69BopbFc34U.000.mp4,1280,720,29.97,459,emotional_stability,high
253,8441,right_eye,682.7,255.6,781.4,338.1,1013.4,409.5,1136.8,512.6,69BopbFc34U.000.mp4,1280,720,29.97,459,emotional_stability,high
253,8441,nose,603.0,309.5,702.2,440.3,913.7,476.9,1037.8,640.4,69BopbFc34U.000.mp4,1280,720,29.97,459,emotional_stability,high
253,8441,mouth,582.5,466.3,702.4,508.9,888.1,672.9,1038.0,726.2,69BopbFc34U.000.mp4,1280,720,29.97,459,emotional_stability,high
253,8441,forehead,465.2,192.5,788.9,449.1,741.6,330.7,1146.1,651.4,69BopbFc34U.000.mp4,1280,720,29.97,459,emotional_stability,high
253,8441,chin,466.3,332.9,778.2,564.4,742.9,506.1,1132.7,795.5,69BopbFc34U.000.mp4,1280,720,29.97,459,emotional_stability,high
253,8441,left_cheek,489.4,344.2,597.0,475.2,771.8,520.3,906.3,684.0,69BopbFc34U.000.mp4,1280,720,29.97,459,emotional_stability,high
253,8441,right_cheek,699.6,347.3,782.2,475.3,1034.5,524.1,1137.7,684.1,69BopbFc34U.000.mp4,1280,720,29.97,459,emotional_stability,high
254,8475,left_eye,500.4,246.8,620.0,335.8,785.5,398.5,935.0,509.8,69BopbFc34U.000.mp4,1280,720,29.97,459,emotional_stability,high
254,8475,right_eye,682.7,255.4,781.4,337.9,1013.4,409.3,1136.8,512.4,69BopbFc34U.000.mp4,1280,720,29.97,459,emotional_stability,high
254,8475,nose,603.0,309.4,702.2,440.2,913.7,476.7,1037.8,640.2,69BopbFc34U.000.mp4,1280,720,29.97,459,emotional_stability,high
254,8475,mouth,582.5,466.2,702.3,508.4,888.1,672.8,1037.8,725.5,69BopbFc34U.000.mp4,1280,720,29.97,459,emotional_stability,high
254,8475,forehead,465.2,192.5,788.9,448.9,741.5,330.6,1146.1,651.1,69BopbFc34U.000.mp4,1280,720,29.97,459,emotional_stability,high
254,8475,chin,466.3,332.7,778.1,564.3,742.9,505.9,1132.6,795.4,69BopbFc34U.000.mp4,1280,720,29.97,459,emotional_stability,high
254,8475,left_cheek,489.4,344.0,597.0,474.9,771.7,520.0,906.2,683.7,69BopbFc34U.000.mp4,1280,720,29.97,459,emotional_stability,high
254,8475,right_cheek,699.6,347.2,782.1,475.0,1034.5,524.0,1137.7,683.8,69BopbFc34U.000.mp4,1280,720,29.97,459,emotional_stability,high
255,8508,left_eye,500.4,246.6,620.0,335.6,785.5,398.2,935.0,509.5,69BopbFc34U.000.mp4,1280,720,29.97,459,emotional_stability,high
255,8508,right_eye,682.7,255.4,781.5,337.8,1013.4,409.2,1136.8,512.2,69BopbFc34U.000.mp4,1280,720,29.97,459,emotional_stability,high
255,8508,nose,603.0,309.2,702.2,439.8,913.7,476.5,1037.8,639.7,69BopbFc34U.000.mp4,1280,720,29.97,459,emotional_stability,high
255,8508,mouth,582.4,465.8,702.2,507.9,888.0,672.3,1037.8,724.9,69BopbFc34U.000.mp4,1280,720,29.97,459,emotional_stability,high
255,8508,forehead,465.2,192.4,788.9,448.8,741.5,330.5,1146.1,651.0,69BopbFc34U.000.mp4,1280,720,29.97,459,emotional_stability,high
255,8508,chin,466.3,332.6,778.0,563.9,742.9,505.7,1132.5,794.8,69BopbFc34U.000.mp4,1280,720,29.97,459,emotional_stability,high
255,8508,left_cheek,489.4,343.8,597.0,474.6,771.7,519.8,906.2,683.2,69BopbFc34U.000.mp4,1280,720,29.97,459,emotional_stability,high
255,8508,right_cheek,699.6,347.2,782.1,474.8,1034.5,523.9,1137.7,683.5,69BopbFc34U.000.mp4,1280,720,29.97,459,emotional_stability,high
256,8541,left_eye,500.4,246.5,620.0,335.5,785.5,398.1,935.0,509.4,69BopbFc34U.000.mp4,1280,720,29.97,459,emotional_stability,high
256,8541,right_eye,682.7,255.3,781.5,337.7,1013.4,409.1,1136.9,512.1,69BopbFc34U.000.mp4,1280,720,29.97,459,emotional_stability,high
256,8541,nose,603.0,309.1,702.2,439.5,913.7,476.3,1037.8,639.4,69BopbFc34U.000.mp4,1280,720,29.97,459,emotional_stability,high
256,8541,mouth,582.4,465.5,702.2,507.6,888.1,671.9,1037.7,724.5,69BopbFc34U.000.mp4,1280,720,29.97,459,emotional_stability,high
256,8541,forehead,465.2,192.3,788.9,448.8,741.5,330.4,1146.1,651.0,69BopbFc34U.000.mp4,1280,720,29.97,459,emotional_stability,high
256,8541,chin,466.3,332.6,778.0,563.8,742.9,505.7,1132.4,794.8,69BopbFc34U.000.mp4,1280,720,29.97,459,emotional_stability,high
256,8541,left_cheek,489.4,343.7,597.0,474.4,771.7,519.7,906.2,683.1,69BopbFc34U.000.mp4,1280,720,29.97,459,emotional_stability,high
256,8541,right_cheek,699.6,347.1,782.1,474.7,1034.5,523.9,1137.6,683.4,69BopbFc34U.000.mp4,1280,720,29.97,459,emotional_stability,high
257,8575,left_eye,500.4,246.4,620.0,335.5,785.5,398.0,935.0,509.3,69BopbFc34U.000.mp4,1280,720,29.97,459,emotional_stability,high
257,8575,right_eye,682.8,255.3,781.7,337.6,1013.5,409.1,1137.1,512.1,69BopbFc34U.000.mp4,1280,720,29.97,459,emotional_stability,high
257,8575,nose,603.0,309.0,702.3,439.4,913.8,476.3,1037.8,639.3,69BopbFc34U.000.mp4,1280,720,29.97,459,emotional_stability,high
257,8575,mouth,582.4,465.5,702.2,507.3,888.1,671.9,1037.7,724.2,69BopbFc34U.000.mp4,1280,720,29.97,459,emotional_stability,high
257,8575,forehead,465.2,192.3,789.0,448.7,741.5,330.4,1146.2,650.9,69BopbFc34U.000.mp4,1280,720,29.97,459,emotional_stability,high
257,8575,chin,466.3,332.5,778.0,563.6,742.9,505.7,1132.5,794.5,69BopbFc34U.000.mp4,1280,720,29.97,459,emotional_stability,high
257,8575,left_cheek,489.4,343.7,597.0,474.4,771.7,519.6,906.3,683.0,69BopbFc34U.000.mp4,1280,720,29.97,459,emotional_stability,high
257,8575,right_cheek,699.6,347.1,782.1,474.7,1034.5,523.9,1137.7,683.3,69BopbFc34U.000.mp4,1280,720,29.97,459,emotional_stability,high
258,8608,left_eye,500.4,246.4,620.0,335.4,785.5,398.0,935.0,509.3,69BopbFc34U.000.mp4,1280,720,29.97,459,emotional_stability,high
258,8608,right_eye,682.8,255.2,781.7,337.6,1013.5,409.0,1137.1,512.0,69BopbFc34U.000.mp4,1280,720,29.97,459,emotional_stability,high
258,8608,nose,603.1,309.0,702.3,439.4,913.8,476.2,1037.9,639.2,69BopbFc34U.000.mp4,1280,720,29.97,459,emotional_stability,high
258,8608,mouth,582.5,465.5,702.2,507.1,888.2,671.8,1037.8,723.9,69BopbFc34U.000.mp4,1280,720,29.97,459,emotional_stability,high
258,8608,forehead,465.2,192.3,789.0,448.7,741.5,330.4,1146.2,650.8,69BopbFc34U.000.mp4,1280,720,29.97,459,emotional_stability,high
258,8608,chin,466.3,332.5,778.0,563.6,742.8,505.6,1132.5,794.4,69BopbFc34U.000.mp4,1280,720,29.97,459,emotional_stability,high
258,8608,left_cheek,489.4,343.7,597.1,474.4,771.7,519.6,906.3,683.0,69BopbFc34U.000.mp4,1280,720,29.97,459,emotional_stability,high
258,8608,right_cheek,699.6,347.0,782.1,474.7,1034.5,523.8,1137.6,683.3,69BopbFc34U.000.mp4,1280,720,29.97,459,emotional_stability,high
259,8641,left_eye,500.4,246.3,620.0,335.4,785.5,397.9,935.0,509.2,69BopbFc34U.000.mp4,1280,720,29.97,459,emotional_stability,high
259,8641,right_eye,682.9,255.2,781.8,337.6,1013.6,409.0,1137.2,512.0,69BopbFc34U.000.mp4,1280,720,29.97,459,emotional_stability,high
259,8641,nose,603.1,309.0,702.3,439.4,913.8,476.2,1037.9,639.2,69BopbFc34U.000.mp4,1280,720,29.97,459,emotional_stability,high
259,8641,mouth,582.5,465.5,702.2,507.0,888.2,671.8,1037.8,723.7,69BopbFc34U.000.mp4,1280,720,29.97,459,emotional_stability,high
259,8641,forehead,465.2,192.3,789.0,448.6,741.5,330.4,1146.3,650.8,69BopbFc34U.000.mp4,1280,720,29.97,459,emotional_stability,high
259,8641,chin,466.3,332.4,778.1,563.4,742.9,505.5,1132.6,794.2,69BopbFc34U.000.mp4,1280,720,29.97,459,emotional_stability,high
259,8641,left_cheek,489.4,343.6,597.1,474.3,771.7,519.5,906.3,682.9,69BopbFc34U.000.mp4,1280,720,29.97,459,emotional_stability,high
259,8641,right_cheek,699.6,347.0,782.2,474.6,1034.6,523.8,1137.7,683.3,69BopbFc34U.000.mp4,1280,720,29.97,459,emotional_stability,high
260,8675,left_eye,500.3,246.1,619.9,335.2,785.4,397.7,934.9,509.0,69BopbFc34U.000.mp4,1280,720,29.97,459,emotional_stability,high
260,8675,right_eye,682.9,254.9,781.8,337.3,1013.6,408.6,1137.3,511.6,69BopbFc34U.000.mp4,1280,720,29.97,459,emotional_stability,high
260,8675,nose,603.1,308.8,702.3,439.2,913.8,476.0,1037.9,639.1,69BopbFc34U.000.mp4,1280,720,29.97,459,emotional_stability,high
260,8675,mouth,582.5,465.4,702.3,506.8,888.2,671.8,1037.9,723.5,69BopbFc34U.000.mp4,1280,720,29.97,459,emotional_stability,high
260,8675,forehead,465.2,192.1,789.0,448.4,741.5,330.1,1146.3,650.5,69BopbFc34U.000.mp4,1280,720,29.97,459,emotional_stability,high
260,8675,chin,466.2,332.3,778.1,563.4,742.8,505.4,1132.6,794.2,69BopbFc34U.000.mp4,1280,720,29.97,459,emotional_stability,high
260,8675,left_cheek,489.4,343.5,597.0,474.3,771.7,519.3,906.3,682.8,69BopbFc34U.000.mp4,1280,720,29.97,459,emotional_stability,high
260,8675,right_cheek,699.6,346.7,782.2,474.4,1034.6,523.3,1137.7,683.1,69BopbFc34U.000.mp4,1280,720,29.97,459,emotional_stability,high
261,8708,left_eye,500.3,246.1,619.9,335.0,785.4,397.6,934.9,508.8,69BopbFc34U.000.mp4,1280,720,29.97,459,emotional_stability,high
261,8708,right_eye,682.9,254.7,781.9,337.1,1013.6,408.4,1137.4,511.3,69BopbFc34U.000.mp4,1280,720,29.97,459,emotional_stability,high
261,8708,nose,603.1,308.6,702.4,439.1,913.8,475.8,1037.9,638.9,69BopbFc34U.000.mp4,1280,720,29.97,459,emotional_stability,high
261,8708,mouth,582.5,465.4,702.4,506.7,888.2,671.8,1038.0,723.4,69BopbFc34U.000.mp4,1280,720,29.97,459,emotional_stability,high
261,8708,forehead,465.2,192.1,789.1,448.3,741.5,330.1,1146.3,650.4,69BopbFc34U.000.mp4,1280,720,29.97,459,emotional_stability,high
261,8708,chin,466.2,332.2,778.1,563.3,742.8,505.3,1132.6,794.1,69BopbFc34U.000.mp4,1280,720,29.97,459,emotional_stability,high
261,8708,left_cheek,489.4,343.4,597.0,474.2,771.7,519.2,906.3,682.7,69BopbFc34U.000.mp4,1280,720,29.97,459,emotional_stability,high
261,8708,right_cheek,699.7,346.5,782.2,474.3,1034.6,523.1,1137.7,682.9,69BopbFc34U.000.mp4,1280,720,29.97,459,emotional_stability,high
262,8742,left_eye,500.4,246.0,620.1,334.9,785.5,397.5,935.1,508.7,69BopbFc34U.000.mp4,1280,720,29.97,459,emotional_stability,high
262,8742,right_eye,683.0,254.6,782.0,337.0,1013.8,408.3,1137.5,511.3,69BopbFc34U.000.mp4,1280,720,29.97,459,emotional_stability,high
262,8742,nose,603.2,308.6,702.4,439.2,914.0,475.8,1037.9,639.0,69BopbFc34U.000.mp4,1280,720,29.97,459,emotional_stability,high
262,8742,mouth,582.7,465.4,702.5,506.7,888.4,671.8,1038.1,723.4,69BopbFc34U.000.mp4,1280,720,29.97,459,emotional_stability,high
262,8742,forehead,465.2,191.9,789.1,448.3,741.5,329.9,1146.4,650.4,69BopbFc34U.000.mp4,1280,720,29.97,459,emotional_stability,high
262,8742,chin,466.2,332.1,778.1,563.3,742.8,505.2,1132.7,794.1,69BopbFc34U.000.mp4,1280,720,29.97,459,emotional_stability,high
262,8742,left_cheek,489.4,343.4,597.2,474.2,771.7,519.2,906.5,682.8,69BopbFc34U.000.mp4,1280,720,29.97,459,emotional_stability,high
262,8742,right_cheek,699.7,346.5,782.2,474.3,1034.7,523.1,1137.8,682.9,69BopbFc34U.000.mp4,1280,720,29.97,459,emotional_stability,high
263,8775,left_eye,500.4,245.9,620.1,334.8,785.5,397.4,935.1,508.5,69BopbFc34U.000.mp4,1280,720,29.97,459,emotional_stability,high
263,8775,right_eye,683.0,254.6,782.1,337.0,1013.8,408.2,1137.6,511.2,69BopbFc34U.000.mp4,1280,720,29.97,459,emotional_stability,high
263,8775,nose,603.2,308.6,702.4,439.2,914.0,475.7,1038.0,639.0,69BopbFc34U.000.mp4,1280,720,29.97,459,emotional_stability,high
263,8775,mouth,582.7,465.4,702.5,506.9,888.4,671.8,1038.2,723.6,69BopbFc34U.000.mp4,1280,720,29.97,459,emotional_stability,high
263,8775,forehead,465.2,191.8,789.2,448.3,741.5,329.8,1146.5,650.4,69BopbFc34U.000.mp4,1280,720,29.97,459,emotional_stability,high
263,8775,chin,466.2,332.1,778.3,563.3,742.8,505.1,1132.8,794.1,69BopbFc34U.000.mp4,1280,720,29.97,459,emotional_stability,high
263,8775,left_cheek,489.4,343.3,597.2,474.2,771.7,519.1,906.5,682.7,69BopbFc34U.000.mp4,1280,720,29.97,459,emotional_stability,high
263,8775,right_cheek,699.8,346.5,782.3,474.3,1034.7,523.1,1137.9,682.9,69BopbFc34U.000.mp4,1280,720,29.97,459,emotional_stability,high
264,8808,left_eye,500.4,245.9,620.1,334.6,785.5,397.3,935.1,508.3,69BopbFc34U.000.mp4,1280,720,29.97,459,emotional_stability,high
264,8808,right_eye,683.0,254.5,782.2,336.9,1013.8,408.1,1137.7,511.1,69BopbFc34U.000.mp4,1280,720,29.97,459,emotional_stability,high
264,8808,nose,603.2,308.5,702.4,439.2,914.0,475.6,1038.0,639.0,69BopbFc34U.000.mp4,1280,720,29.97,459,emotional_stability,high
264,8808,mouth,582.7,465.4,702.5,507.1,888.4,671.7,1038.2,723.9,69BopbFc34U.000.mp4,1280,720,29.97,459,emotional_stability,high
264,8808,forehead,465.2,191.6,789.3,448.3,741.5,329.5,1146.6,650.4,69BopbFc34U.000.mp4,1280,720,29.97,459,emotional_stability,high
264,8808,chin,466.2,332.0,778.3,563.4,742.8,505.0,1132.9,794.2,69BopbFc34U.000.mp4,1280,720,29.97,459,emotional_stability,high
264,8808,left_cheek,489.4,343.2,597.2,474.2,771.7,519.0,906.5,682.7,69BopbFc34U.000.mp4,1280,720,29.97,459,emotional_stability,high
264,8808,right_cheek,699.8,346.5,782.4,474.3,1034.7,523.1,1137.9,682.9,69BopbFc34U.000.mp4,1280,720,29.97,459,emotional_stability,high
265,8842,left_eye,500.5,245.8,620.1,334.5,785.6,397.3,935.2,508.1,69BopbFc34U.000.mp4,1280,720,29.97,459,emotional_stability,high
265,8842,right_eye,683.1,254.4,782.2,336.8,1013.8,408.1,1137.8,511.0,69BopbFc34U.000.mp4,1280,720,29.97,459,emotional_stability,high
265,8842,nose,603.2,308.5,702.4,439.2,914.0,475.6,1038.0,639.0,69BopbFc34U.000.mp4,1280,720,29.97,459,emotional_stability,high
265,8842,mouth,582.7,465.4,702.5,507.3,888.4,671.7,1038.2,724.2,69BopbFc34U.000.mp4,1280,720,29.97,459,emotional_stability,high
265,8842,forehead,465.2,191.5,789.3,448.2,741.5,329.4,1146.6,650.3,69BopbFc34U.000.mp4,1280,720,29.97,459,emotional_stability,high
265,8842,chin,466.2,331.8,778.4,563.4,742.8,504.7,1133.0,794.3,69BopbFc34U.000.mp4,1280,720,29.97,459,emotional_stability,high
265,8842,left_cheek,489.4,343.1,597.2,474.2,771.7,518.9,906.5,682.7,69BopbFc34U.000.mp4,1280,720,29.97,459,emotional_stability,high
265,8842,right_cheek,699.8,346.4,782.4,474.3,1034.7,523.0,1138.0,682.9,69BopbFc34U.000.mp4,1280,720,29.97,459,emotional_stability,high
266,8875,left_eye,500.5,245.8,620.2,334.4,785.6,397.3,935.2,508.0,69BopbFc34U.000.mp4,1280,720,29.97,459,emotional_stability,high
266,8875,right_eye,683.1,254.4,782.3,336.7,1013.8,408.0,1137.8,510.9,69BopbFc34U.000.mp4,1280,720,29.97,459,emotional_stability,high
266,8875,nose,603.1,308.5,702.4,439.4,913.9,475.6,1038.0,639.2,69BopbFc34U.000.mp4,1280,720,29.97,459,emotional_stability,high
266,8875,mouth,582.6,465.4,702.6,508.2,888.3,671.8,1038.2,725.3,69BopbFc34U.000.mp4,1280,720,29.97,459,emotional_stability,high
266,8875,forehead,465.2,191.4,789.3,448.1,741.5,329.2,1146.7,650.2,69BopbFc34U.000.mp4,1280,720,29.97,459,emotional_stability,high
266,8875,chin,466.2,331.5,778.4,563.7,742.8,504.4,1133.0,794.6,69BopbFc34U.000.mp4,1280,720,29.97,459,emotional_stability,high
266,8875,left_cheek,489.4,343.0,597.2,474.2,771.7,518.8,906.5,682.7,69BopbFc34U.000.mp4,1280,720,29.97,459,emotional_stability,high
266,8875,right_cheek,699.8,346.3,782.4,474.4,1034.8,522.9,1138.0,682.9,69BopbFc34U.000.mp4,1280,720,29.97,459,emotional_stability,high
267,8908,left_eye,500.5,245.8,620.2,334.4,785.7,397.2,935.3,508.0,69BopbFc34U.000.mp4,1280,720,29.97,459,emotional_stability,high
267,8908,right_eye,683.1,254.4,782.3,336.6,1013.9,407.9,1137.8,510.8,69BopbFc34U.000.mp4,1280,720,29.97,459,emotional_stability,high
267,8908,nose,602.9,308.4,702.5,439.4,913.7,475.5,1038.1,639.3,69BopbFc34U.000.mp4,1280,720,29.97,459,emotional_stability,high
267,8908,mouth,582.6,465.5,702.5,510.2,888.2,671.9,1038.1,727.7,69BopbFc34U.000.mp4,1280,720,29.97,459,emotional_stability,high
267,8908,forehead,465.2,191.3,789.3,448.1,741.5,329.1,1146.7,650.1,69BopbFc34U.000.mp4,1280,720,29.97,459,emotional_stability,high
267,8908,chin,466.2,331.5,778.4,564.5,742.8,504.4,1133.0,795.6,69BopbFc34U.000.mp4,1280,720,29.97,459,emotional_stability,high
267,8908,left_cheek,489.4,343.0,597.2,474.2,771.7,518.8,906.5,682.8,69BopbFc34U.000.mp4,1280,720,29.97,459,emotional_stability,high
267,8908,right_cheek,699.8,346.2,782.4,474.4,1034.8,522.8,1138.0,683.0,69BopbFc34U.000.mp4,1280,720,29.97,459,emotional_stability,high
268,8942,left_eye,500.5,245.6,620.1,334.3,785.6,396.9,935.1,507.9,69BopbFc34U.000.mp4,1280,720,29.97,459,emotional_stability,high
268,8942,right_eye,683.0,254.4,782.2,336.6,1013.7,407.9,1137.7,510.7,69BopbFc34U.000.mp4,1280,720,29.97,459,emotional_stability,high
268,8942,nose,601.7,308.4,702.4,439.7,912.2,475.5,1038.0,639.7,69BopbFc34U.000.mp4,1280,720,29.97,459,emotional_stability,high
268,8942,mouth,581.7,465.7,702.3,513.7,887.1,672.1,1037.8,732.1,69BopbFc34U.000.mp4,1280,720,29.97,459,emotional_stability,high
268,8942,forehead,465.0,191.1,789.3,448.0,741.3,328.9,1146.7,650.1,69BopbFc34U.000.mp4,1280,720,29.97,459,emotional_stability,high
268,8942,chin,466.0,331.2,778.4,565.1,742.6,504.0,1133.0,796.4,69BopbFc34U.000.mp4,1280,720,29.97,459,emotional_stability,high
268,8942,left_cheek,489.1,342.9,596.7,474.3,771.3,518.7,905.8,682.9,69BopbFc34U.000.mp4,1280,720,29.97,459,emotional_stability,high
268,8942,right_cheek,699.7,346.2,782.4,474.5,1034.6,522.8,1138.0,683.1,69BopbFc34U.000.mp4,1280,720,29.97,459,emotional_stability,high
269,8975,left_eye,500.1,245.4,619.6,334.3,785.2,396.7,934.5,507.9,69BopbFc34U.000.mp4,1280,720,29.97,459,emotional_stability,high
269,8975,right_eye,682.7,254.4,781.6,336.5,1013.4,408.0,1137.0,510.7,69BopbFc34U.000.mp4,1280,720,29.97,459,emotional_stability,high
269,8975,nose,599.8,308.3,701.8,439.9,909.8,475.4,1037.2,639.8,69BopbFc34U.000.mp4,1280,720,29.97,459,emotional_stability,high
269,8975,mouth,578.8,465.5,701.9,515.8,883.5,671.9,1037.4,734.8,69BopbFc34U.000.mp4,1280,720,29.97,459,emotional_stability,high
269,8975,forehead,464.4,191.0,789.0,448.1,740.5,328.8,1146.3,650.1,69BopbFc34U.000.mp4,1280,720,29.97,459,emotional_stability,high
269,8975,chin,465.5,331.2,778.1,565.9,741.9,504.0,1132.6,797.3,69BopbFc34U.000.mp4,1280,720,29.97,459,emotional_stability,high
269,8975,left_cheek,488.3,342.9,595.5,474.4,770.3,518.6,904.3,683.0,69BopbFc34U.000.mp4,1280,720,29.97,459,emotional_stability,high
269,8975,right_cheek,699.3,346.2,782.1,474.6,1034.1,522.8,1137.7,683.3,69BopbFc34U.000.mp4,1280,720,29.97,459,emotional_stability,high
270,9009,left_eye,499.9,245.3,619.4,334.3,784.9,396.7,934.3,507.8,69BopbFc34U.000.mp4,1280,720,29.97,459,emotional_stability,high
270,9009,right_eye,682.6,254.3,781.5,336.5,1013.2,407.9,1136.9,510.7,69BopbFc34U.000.mp4,1280,720,29.97,459,emotional_stability,high
270,9009,nose,599.4,308.3,701.7,440.0,909.2,475.4,1037.2,640.0,69BopbFc34U.000.mp4,1280,720,29.97,459,emotional_stability,high
270,9009,mouth,577.4,464.9,702.2,516.3,881.8,671.1,1037.8,735.4,69BopbFc34U.000.mp4,1280,720,29.97,459,emotional_stability,high
270,9009,forehead,464.2,191.0,789.0,448.6,740.2,328.7,1146.3,650.8,69BopbFc34U.000.mp4,1280,720,29.97,459,emotional_stability,high
270,9009,chin,465.3,331.2,778.1,566.5,741.6,504.0,1132.6,798.1,69BopbFc34U.000.mp4,1280,720,29.97,459,emotional_stability,high
270,9009,left_cheek,487.8,342.9,595.0,474.4,769.8,518.6,903.8,683.1,69BopbFc34U.000.mp4,1280,720,29.97,459,emotional_stability,high
270,9009,right_cheek,699.3,346.3,782.1,474.9,1034.1,522.9,1137.7,683.6,69BopbFc34U.000.mp4,1280,720,29.97,459,emotional_stability,high
271,9042,left_eye,499.8,244.9,619.4,334.2,784.7,396.1,934.3,507.8,69BopbFc34U.000.mp4,1280,720,29.97,459,emotional_stability,high
271,9042,right_eye,682.5,254.3,781.5,336.6,1013.2,407.8,1136.9,510.7,69BopbFc34U.000.mp4,1280,720,29.97,459,emotional_stability,high
271,9042,nose,599.2,308.2,701.8,440.2,909.0,475.3,1037.3,640.2,69BopbFc34U.000.mp4,1280,720,29.97,459,emotional_stability,high
271,9042,mouth,576.6,464.2,703.0,516.0,880.8,670.3,1038.8,735.1,69BopbFc34U.000.mp4,1280,720,29.97,459,emotional_stability,high
271,9042,forehead,464.1,190.7,789.1,449.3,740.1,328.4,1146.3,651.6,69BopbFc34U.000.mp4,1280,720,29.97,459,emotional_stability,high
271,9042,chin,465.2,331.2,778.1,566.6,741.5,504.0,1132.6,798.3,69BopbFc34U.000.mp4,1280,720,29.97,459,emotional_stability,high
271,9042,left_cheek,487.7,342.9,594.9,474.5,769.6,518.6,903.6,683.1,69BopbFc34U.000.mp4,1280,720,29.97,459,emotional_stability,high
271,9042,right_cheek,699.3,346.4,782.2,475.1,1034.1,523.0,1137.7,683.9,69BopbFc34U.000.mp4,1280,720,29.97,459,emotional_stability,high
272,9075,left_eye,499.9,244.9,620.0,334.4,784.8,396.2,935.0,508.0,69BopbFc34U.000.mp4,1280,720,29.97,459,emotional_stability,high
272,9075,right_eye,683.3,254.4,782.3,337.3,1014.1,407.9,1137.8,511.6,69BopbFc34U.000.mp4,1280,720,29.97,459,emotional_stability,high
272,9075,nose,599.2,308.5,702.6,440.5,909.0,475.6,1038.2,640.6,69BopbFc34U.000.mp4,1280,720,29.97,459,emotional_stability,high
272,9075,mouth,576.4,464.2,703.9,516.8,880.5,670.3,1039.9,735.9,69BopbFc34U.000.mp4,1280,720,29.97,459,emotional_stability,high
272,9075,forehead,464.1,190.8,789.7,449.9,740.1,328.5,1147.1,652.4,69BopbFc34U.000.mp4,1280,720,29.97,459,emotional_stability,high
272,9075,chin,465.1,331.3,778.3,567.0,741.4,504.2,1132.9,798.7,69BopbFc34U.000.mp4,1280,720,29.97,459,emotional_stability,high
272,9075,left_cheek,487.6,342.9,594.9,474.6,769.5,518.6,903.6,683.3,69BopbFc34U.000.mp4,1280,720,29.97,459,emotional_stability,high
272,9075,right_cheek,700.1,347.1,783.0,475.7,1035.1,523.8,1138.7,684.6,69BopbFc34U.000.mp4,1280,720,29.97,459,emotional_stability,high
273,9109,left_eye,500.6,244.9,622.0,334.4,785.8,396.1,937.5,508.0,69BopbFc34U.000.mp4,1280,720,29.97,459,emotional_stability,high
273,9109,right_eye,684.7,254.8,783.6,337.9,1015.9,408.4,1139.4,512.3,69BopbFc34U.000.mp4,1280,720,29.97,459,emotional_stability,high
273,9109,nose,600.0,308.6,703.9,440.5,910.0,475.8,1039.9,640.6,69BopbFc34U.000.mp4,1280,720,29.97,459,emotional_stability,high
273,9109,mouth,576.5,463.6,705.4,516.4,880.7,669.5,1041.7,735.5,69BopbFc34U.000.mp4,1280,720,29.97,459,emotional_stability,high
273,9109,forehead,464.3,190.8,790.8,451.0,740.3,328.5,1148.5,653.8,69BopbFc34U.000.mp4,1280,720,29.97,459,emotional_stability,high
273,9109,chin,465.2,331.4,778.7,567.0,741.6,504.2,1133.4,798.7,69BopbFc34U.000.mp4,1280,720,29.97,459,emotional_stability,high
273,9109,left_cheek,487.8,342.9,595.7,474.6,769.7,518.6,904.6,683.3,69BopbFc34U.000.mp4,1280,720,29.97,459,emotional_stability,high
273,9109,right_cheek,701.6,347.8,784.0,476.2,1037.0,524.8,1140.0,685.2,69BopbFc34U.000.mp4,1280,720,29.97,459,emotional_stability,high
274,9142,left_eye,501.0,244.7,622.7,334.4,786.2,395.9,938.3,508.0,69BopbFc34U.000.mp4,1280,720,29.97,459,emotional_stability,high
274,9142,right_eye,685.0,255.4,783.6,338.0,1016.2,409.2,1139.6,512.6,69BopbFc34U.000.mp4,1280,720,29.97,459,emotional_stability,high
274,9142,nose,600.0,308.6,704.0,440.3,910.0,475.8,1040.0,640.3,69BopbFc34U.000.mp4,1280,720,29.97,459,emotional_stability,high
274,9142,mouth,575.9,463.0,705.6,516.2,879.8,668.8,1042.0,735.2,69BopbFc34U.000.mp4,1280,720,29.97,459,emotional_stability,high
274,9142,forehead,464.3,190.9,790.9,451.7,740.4,328.6,1148.6,654.7,69BopbFc34U.000.mp4,1280,720,29.97,459,emotional_stability,high
274,9142,chin,465.2,331.4,778.7,566.9,741.5,504.3,1133.4,798.7,69BopbFc34U.000.mp4,1280,720,29.97,459,emotional_stability,high
274,9142,left_cheek,487.8,342.8,595.8,474.6,769.8,518.5,904.8,683.2,69BopbFc34U.000.mp4,1280,720,29.97,459,emotional_stability,high
274,9142,right_cheek,701.8,348.4,784.1,476.3,1037.3,525.5,1140.2,685.4,69BopbFc34U.000.mp4,1280,720,29.97,459,emotional_stability,high
275,9175,left_eye,502.6,244.3,624.7,334.3,788.3,395.4,940.9,507.9,69BopbFc34U.000.mp4,1280,720,29.97,459,emotional_stability,high
275,9175,right_eye,686.1,255.8,784.8,338.1,1017.6,409.8,1140.9,512.7,69BopbFc34U.000.mp4,1280,720,29.97,459,emotional_stability,high
275,9175,nose,601.8,308.7,704.5,439.9,912.3,475.9,1040.6,639.9,69BopbFc34U.000.mp4,1280,720,29.97,459,emotional_stability,high
275,9175,mouth,576.6,463.4,705.7,508.8,880.8,669.2,1042.1,726.0,69BopbFc34U.000.mp4,1280,720,29.97,459,emotional_stability,high
275,9175,forehead,465.3,190.9,791.6,451.8,741.6,328.6,1149.4,654.7,69BopbFc34U.000.mp4,1280,720,29.97,459,emotional_stability,high
275,9175,chin,465.6,330.7,778.8,565.1,742.0,503.3,1133.5,796.4,69BopbFc34U.000.mp4,1280,720,29.97,459,emotional_stability,high
275,9175,left_cheek,488.6,342.0,597.3,473.9,770.8,517.5,906.6,682.4,69BopbFc34U.000.mp4,1280,720,29.97,459,emotional_stability,high
275,9175,right_cheek,702.5,348.7,784.3,476.3,1038.1,525.9,1140.3,685.4,69BopbFc34U.000.mp4,1280,720,29.97,459,emotional_stability,high
276,9209,left_eye,502.6,243.4,624.7,333.6,788.3,394.3,940.8,507.0,69BopbFc34U.000.mp4,1280,720,29.97,459,emotional_stability,high
276,9209,right_eye,686.0,255.9,784.7,338.1,1017.4,409.9,1140.8,512.7,69BopbFc34U.000.mp4,1280,720,29.97,459,emotional_stability,high
276,9209,nose,602.7,308.4,704.6,438.5,913.4,475.5,1040.8,638.1,69BopbFc34U.000.mp4,1280,720,29.97,459,emotional_stability,high
276,9209,mouth,578.0,462.7,705.6,504.6,882.5,668.3,1042.0,720.7,69BopbFc34U.000.mp4,1280,720,29.97,459,emotional_stability,high
276,9209,forehead,465.3,190.7,791.5,451.7,741.6,328.4,1149.4,654.6,69BopbFc34U.000.mp4,1280,720,29.97,459,emotional_stability,high
276,9209,chin,465.4,330.0,778.4,562.2,741.8,502.5,1133.0,792.7,69BopbFc34U.000.mp4,1280,720,29.97,459,emotional_stability,high
276,9209,left_cheek,488.7,340.8,597.7,472.5,770.9,516.0,907.1,680.6,69BopbFc34U.000.mp4,1280,720,29.97,459,emotional_stability,high
276,9209,right_cheek,702.5,348.7,784.1,475.9,1038.1,525.9,1140.1,684.9,69BopbFc34U.000.mp4,1280,720,29.97,459,emotional_stability,high
277,9242,left_eye,503.1,243.3,625.4,333.6,788.8,394.1,941.7,507.0,69BopbFc34U.000.mp4,1280,720,29.97,459,emotional_stability,high
277,9242,right_eye,686.1,257.1,784.7,339.2,1017.7,411.3,1140.9,514.0,69BopbFc34U.000.mp4,1280,720,29.97,459,emotional_stability,high
277,9242,nose,603.8,308.6,704.8,437.6,914.7,475.8,1041.0,637.0,69BopbFc34U.000.mp4,1280,720,29.97,459,emotional_stability,high
277,9242,mouth,579.7,461.3,705.6,503.7,884.6,666.6,1042.0,719.6,69BopbFc34U.000.mp4,1280,720,29.97,459,emotional_stability,high
277,9242,forehead,465.5,190.8,791.4,451.6,741.8,328.6,1149.3,654.5,69BopbFc34U.000.mp4,1280,720,29.97,459,emotional_stability,high
277,9242,chin,465.5,329.6,777.8,559.5,741.8,502.0,1132.2,789.4,69BopbFc34U.000.mp4,1280,720,29.97,459,emotional_stability,high
277,9242,left_cheek,489.0,340.5,598.3,471.5,771.2,515.6,907.9,679.4,69BopbFc34U.000.mp4,1280,720,29.97,459,emotional_stability,high
277,9242,right_cheek,702.6,349.4,784.0,475.8,1038.2,526.8,1139.9,684.8,69BopbFc34U.000.mp4,1280,720,29.97,459,emotional_stability,high
278,9275,left_eye,504.0,243.4,626.6,334.1,790.0,394.2,943.2,507.6,69BopbFc34U.000.mp4,1280,720,29.97,459,emotional_stability,high
278,9275,right_eye,686.5,258.4,784.9,341.0,1018.2,413.1,1141.1,516.2,69BopbFc34U.000.mp4,1280,720,29.97,459,emotional_stability,high
278,9275,nose,604.7,309.5,704.8,437.7,915.8,476.9,1041.1,637.1,69BopbFc34U.000.mp4,1280,720,29.97,459,emotional_stability,high
278,9275,mouth,581.0,460.7,705.5,504.7,886.2,665.9,1041.8,720.9,69BopbFc34U.000.mp4,1280,720,29.97,459,emotional_stability,high
278,9275,forehead,465.5,191.0,791.4,452.0,741.8,328.8,1149.2,655.0,69BopbFc34U.000.mp4,1280,720,29.97,459,emotional_stability,high
278,9275,chin,465.5,329.6,777.0,560.2,741.8,502.0,1131.3,790.2,69BopbFc34U.000.mp4,1280,720,29.97,459,emotional_stability,high
278,9275,left_cheek,489.4,340.5,598.9,471.4,771.8,515.6,908.7,679.3,69BopbFc34U.000.mp4,1280,720,29.97,459,emotional_stability,high
278,9275,right_cheek,702.7,350.8,783.9,476.1,1038.4,528.5,1139.9,685.1,69BopbFc34U.000.mp4,1280,720,29.97,459,emotional_stability,high
279,9309,left_eye,505.6,243.4,627.9,334.1,792.0,394.2,944.9,507.6,69BopbFc34U.000.mp4,1280,720,29.97,459,emotional_stability,high
279,9309,right_eye,687.1,259.6,784.9,341.4,1018.9,414.5,1141.1,516.8,69BopbFc34U.000.mp4,1280,720,29.97,459,emotional_stability,high
279,9309,nose,605.1,309.7,705.4,437.6,916.3,477.2,1041.7,637.0,69BopbFc34U.000.mp4,1280,720,29.97,459,emotional_stability,high
279,9309,mouth,581.2,460.9,705.3,505.4,886.4,666.1,1041.6,721.8,69BopbFc34U.000.mp4,1280,720,29.97,459,emotional_stability,high
279,9309,forehead,465.9,191.2,791.2,452.7,742.3,329.0,1149.0,655.9,69BopbFc34U.000.mp4,1280,720,29.97,459,emotional_stability,high
279,9309,chin,465.9,329.4,776.3,560.6,742.3,501.8,1130.4,790.8,69BopbFc34U.000.mp4,1280,720,29.97,459,emotional_stability,high
279,9309,left_cheek,490.2,340.3,599.6,471.3,772.8,515.3,909.5,679.2,69BopbFc34U.000.mp4,1280,720,29.97,459,emotional_stability,high
279,9309,right_cheek,703.0,351.8,783.8,476.6,1038.8,529.7,1139.7,685.7,69BopbFc34U.000.mp4,1280,720,29.97,459,emotional_stability,high
280,9342,left_eye,506.7,243.2,629.1,334.0,793.4,394.0,946.3,507.4,69BopbFc34U.000.mp4,1280,720,29.97,459,emotional_stability,high
280,9342,right_eye,687.9,259.9,785.6,341.5,1019.8,414.9,1142.0,516.8,69BopbFc34U.000.mp4,1280,720,29.97,459,emotional_stability,high
280,9342,nose,605.1,309.8,705.7,437.6,916.3,477.2,1042.2,637.0,69BopbFc34U.000.mp4,1280,720,29.97,459,emotional_stability,high
280,9342,mouth,581.1,460.9,704.0,505.6,886.4,666.1,1040.0,722.0,69BopbFc34U.000.mp4,1280,720,29.97,459,emotional_stability,high
280,9342,forehead,466.1,191.2,791.3,453.2,742.6,329.0,1149.1,656.5,69BopbFc34U.000.mp4,1280,720,29.97,459,emotional_stability,high
280,9342,chin,466.1,328.4,776.1,560.9,742.6,500.5,1130.1,791.1,69BopbFc34U.000.mp4,1280,720,29.97,459,emotional_stability,high
280,9342,left_cheek,490.6,339.5,599.9,471.0,773.3,514.4,909.9,678.8,69BopbFc34U.000.mp4,1280,720,29.97,459,emotional_stability,high
280,9342,right_cheek,703.5,352.3,783.8,477.2,1039.4,530.4,1139.7,686.5,69BopbFc34U.000.mp4,1280,720,29.97,459,emotional_stability,high
281,9376,left_eye,509.1,243.2,631.1,334.0,796.4,394.1,948.9,507.5,69BopbFc34U.000.mp4,1280,720,29.97,459,emotional_stability,high
281,9376,right_eye,689.2,261.6,786.6,342.5,1021.5,417.1,1143.3,518.2,69BopbFc34U.000.mp4,1280,720,29.97,459,emotional_stability,high
281,9376,nose,605.6,310.8,706.4,438.4,917.0,478.5,1042.9,638.0,69BopbFc34U.000.mp4,1280,720,29.97,459,emotional_stability,high
281,9376,mouth,581.1,462.4,703.4,507.9,886.4,668.1,1039.2,724.8,69BopbFc34U.000.mp4,1280,720,29.97,459,emotional_stability,high
281,9376,forehead,467.3,191.9,791.7,454.1,744.2,329.9,1149.6,657.6,69BopbFc34U.000.mp4,1280,720,29.97,459,emotional_stability,high
281,9376,chin,467.3,328.0,776.1,562.5,744.2,500.0,1130.1,793.1,69BopbFc34U.000.mp4,1280,720,29.97,459,emotional_stability,high
281,9376,left_cheek,492.0,339.5,600.9,471.1,775.0,514.3,911.1,678.9,69BopbFc34U.000.mp4,1280,720,29.97,459,emotional_stability,high
281,9376,right_cheek,704.2,354.1,783.9,478.9,1040.3,532.6,1139.9,688.6,69BopbFc34U.000.mp4,1280,720,29.97,459,emotional_stability,high
282,9409,left_eye,510.8,243.8,632.3,334.3,798.4,394.7,950.4,507.9,69BopbFc34U.000.mp4,1280,720,29.97,459,emotional_stability,high
282,9409,right_eye,689.8,264.2,786.6,343.7,1022.2,420.2,1143.3,519.6,69BopbFc34U.000.mp4,1280,720,29.97,459,emotional_stability,high
282,9409,nose,605.9,311.9,707.0,439.4,917.4,479.8,1043.7,639.3,69BopbFc34U.000.mp4,1280,720,29.97,459,emotional_stability,high
282,9409,mouth,581.1,463.9,703.1,508.7,886.3,669.9,1038.9,725.8,69BopbFc34U.000.mp4,1280,720,29.97,459,emotional_stability,high
282,9409,forehead,468.2,193.0,791.6,455.5,745.3,331.2,1149.6,659.3,69BopbFc34U.000.mp4,1280,720,29.97,459,emotional_stability,high
282,9409,chin,468.2,327.9,775.8,563.4,745.3,499.8,1129.7,794.3,69BopbFc34U.000.mp4,1280,720,29.97,459,emotional_stability,high
282,9409,left_cheek,493.3,339.5,601.7,471.1,776.6,514.3,912.2,678.9,69BopbFc34U.000.mp4,1280,720,29.97,459,emotional_stability,high
282,9409,right_cheek,704.6,355.7,783.9,480.2,1040.7,534.6,1139.9,690.3,69BopbFc34U.000.mp4,1280,720,29.97,459,emotional_stability,high
283,9442,left_eye,512.4,244.9,633.5,335.3,800.5,396.1,951.9,509.1,69BopbFc34U.000.mp4,1280,720,29.97,459,emotional_stability,high
283,9442,right_eye,690.5,266.9,787.3,345.9,1023.1,423.7,1144.1,522.4,69BopbFc34U.000.mp4,1280,720,29.97,459,emotional_stability,high
283,9442,nose,606.0,313.5,707.1,440.6,917.5,481.9,1043.9,640.7,69BopbFc34U.000.mp4,1280,720,29.97,459,emotional_stability,high
283,9442,mouth,581.1,464.9,703.0,509.3,886.3,671.1,1038.8,726.6,69BopbFc34U.000.mp4,1280,720,29.97,459,emotional_stability,high
283,9442,forehead,469.5,194.6,792.4,458.0,746.9,333.3,1150.5,662.5,69BopbFc34U.000.mp4,1280,720,29.97,459,emotional_stability,high
283,9442,chin,469.5,327.9,775.8,563.9,746.9,499.9,1129.8,794.8,69BopbFc34U.000.mp4,1280,720,29.97,459,emotional_stability,high
283,9442,left_cheek,494.5,339.5,602.3,471.2,778.1,514.4,912.9,679.0,69BopbFc34U.000.mp4,1280,720,29.97,459,emotional_stability,high
283,9442,right_cheek,704.9,358.5,784.0,482.2,1041.2,538.1,1140.0,692.8,69BopbFc34U.000.mp4,1280,720,29.97,459,emotional_stability,high
284,9476,left_eye,513.3,245.0,634.2,335.3,801.6,396.3,952.7,509.1,69BopbFc34U.000.mp4,1280,720,29.97,459,emotional_stability,high
284,9476,right_eye,690.5,267.4,787.3,345.9,1023.1,424.2,1144.1,522.4,69BopbFc34U.000.mp4,1280,720,29.97,459,emotional_stability,high
284,9476,nose,606.8,313.5,707.1,440.8,918.5,481.9,1043.8,641.0,69BopbFc34U.000.mp4,1280,720,29.97,459,emotional_stability,high
284,9476,mouth,581.2,465.0,702.9,508.0,886.5,671.2,1038.6,725.0,69BopbFc34U.000.mp4,1280,720,29.97,459,emotional_stability,high
284,9476,forehead,470.0,194.8,792.4,458.7,747.4,333.5,1150.5,663.4,69BopbFc34U.000.mp4,1280,720,29.97,459,emotional_stability,high
284,9476,chin,470.0,327.9,775.8,563.8,747.4,499.8,1129.7,794.8,69BopbFc34U.000.mp4,1280,720,29.97,459,emotional_stability,high
284,9476,left_cheek,495.5,339.4,603.2,471.1,779.4,514.2,913.9,678.8,69BopbFc34U.000.mp4,1280,720,29.97,459,emotional_stability,high
284,9476,right_cheek,705.0,358.6,783.9,482.3,1041.2,538.2,1139.9,692.8,69BopbFc34U.000.mp4,1280,720,29.97,459,emotional_stability,high
285,9509,left_eye,513.9,245.0,634.7,335.2,802.4,396.3,953.3,509.1,69BopbFc34U.000.mp4,1280,720,29.97,459,emotional_stability,high
285,9509,right_eye,690.4,267.6,787.2,345.9,1023.0,424.6,1144.0,522.3,69BopbFc34U.000.mp4,1280,720,29.97,459,emotional_stability,high
285,9509,nose,607.7,313.6,707.1,440.8,919.6,482.1,1043.8,641.0,69BopbFc34U.000.mp4,1280,720,29.97,459,emotional_stability,high
285,9509,mouth,582.0,465.0,702.9,505.9,887.5,671.2,1038.6,722.4,69BopbFc34U.000.mp4,1280,720,29.97,459,emotional_stability,high
285,9509,forehead,470.5,195.1,792.4,458.3,748.1,333.8,1150.4,662.8,69BopbFc34U.000.mp4,1280,720,29.97,459,emotional_stability,high
285,9509,chin,470.5,327.5,775.1,562.8,748.1,499.3,1128.9,793.5,69BopbFc34U.000.mp4,1280,720,29.97,459,emotional_stability,high
285,9509,left_cheek,496.3,339.1,603.9,470.4,780.4,513.9,914.8,678.0,69BopbFc34U.000.mp4,1280,720,29.97,459,emotional_stability,high
285,9509,right_cheek,704.9,358.4,783.4,481.9,1041.2,538.0,1139.3,692.4,69BopbFc34U.000.mp4,1280,720,29.97,459,emotional_stability,high
286,9542,left_eye,514.3,245.5,634.6,335.4,802.8,396.8,953.2,509.2,69BopbFc34U.000.mp4,1280,720,29.97,459,emotional_stability,high
286,9542,right_eye,690.3,268.5,787.0,346.5,1022.9,425.6,1143.7,523.1,69BopbFc34U.000.mp4,1280,720,29.97,459,emotional_stability,high
286,9542,nose,607.7,313.9,706.9,440.6,919.6,482.4,1043.6,640.8,69BopbFc34U.000.mp4,1280,720,29.97,459,emotional_stability,high
286,9542,mouth,582.1,464.4,702.9,505.0,887.6,670.5,1038.6,721.2,69BopbFc34U.000.mp4,1280,720,29.97,459,emotional_stability,high
286,9542,forehead,471.2,196.0,792.0,458.3,749.1,335.0,1150.0,662.8,69BopbFc34U.000.mp4,1280,720,29.97,459,emotional_stability,high
286,9542,chin,471.2,327.5,774.8,561.3,749.1,499.4,1128.5,791.7,69BopbFc34U.000.mp4,1280,720,29.97,459,emotional_stability,high
286,9542,left_cheek,496.9,339.1,603.9,469.8,781.1,513.8,914.9,677.2,69BopbFc34U.000.mp4,1280,720,29.97,459,emotional_stability,high
286,9542,right_cheek,704.9,358.8,782.9,481.7,1041.1,538.6,1138.6,692.1,69BopbFc34U.000.mp4,1280,720,29.97,459,emotional_stability,high
287,9576,left_eye,514.7,245.5,634.7,334.9,803.4,396.8,953.4,508.7,69BopbFc34U.000.mp4,1280,720,29.97,459,emotional_stability,high
287,9576,right_eye,689.9,268.1,785.7,346.2,1022.4,425.1,1142.2,522.7,69BopbFc34U.000.mp4,1280,720,29.97,459,emotional_stability,high
287,9576,nose,607.8,313.8,706.3,439.8,919.8,482.3,1042.9,639.8,69BopbFc34U.000.mp4,1280,720,29.97,459,emotional_stability,high
287,9576,mouth,582.2,463.3,702.4,503.3,887.7,669.1,1038.0,719.2,69BopbFc34U.000.mp4,1280,720,29.97,459,emotional_stability,high
287,9576,forehead,471.1,196.0,790.8,458.0,748.9,335.0,1148.4,662.6,69BopbFc34U.000.mp4,1280,720,29.97,459,emotional_stability,high
287,9576,chin,471.1,327.2,773.2,559.6,748.9,499.0,1126.5,789.5,69BopbFc34U.000.mp4,1280,720,29.97,459,emotional_stability,high
287,9576,left_cheek,497.0,338.5,604.0,468.5,781.2,513.1,915.1,675.6,69BopbFc34U.000.mp4,1280,720,29.97,459,emotional_stability,high
287,9576,right_cheek,704.4,358.4,781.3,481.0,1040.5,538.0,1136.6,691.2,69BopbFc34U.000.mp4,1280,720,29.97,459,emotional_stability,high
288,9609,left_eye,514.2,245.4,634.4,334.5,802.8,396.7,953.0,508.1,69BopbFc34U.000.mp4,1280,720,29.97,459,emotional_stability,high
288,9609,right_eye,689.1,267.9,784.5,346.0,1021.4,424.9,1140.6,522.5,69BopbFc34U.000.mp4,1280,720,29.97,459,emotional_stability,high
288,9609,nose,607.7,313.8,704.7,439.1,919.7,482.2,1040.9,638.9,69BopbFc34U.000.mp4,1280,720,29.97,459,emotional_stability,high
288,9609,mouth,582.0,462.1,701.0,501.7,887.5,667.6,1036.2,717.1,69BopbFc34U.000.mp4,1280,720,29.97,459,emotional_stability,high
288,9609,forehead,470.9,195.8,789.1,457.9,748.6,334.8,1146.4,662.3,69BopbFc34U.000.mp4,1280,720,29.97,459,emotional_stability,high
288,9609,chin,470.9,326.7,771.6,558.6,748.6,498.3,1124.5,788.2,69BopbFc34U.000.mp4,1280,720,29.97,459,emotional_stability,high
288,9609,left_cheek,496.7,337.7,604.0,467.2,780.9,512.1,915.0,674.0,69BopbFc34U.000.mp4,1280,720,29.97,459,emotional_stability,high
288,9609,right_cheek,703.1,358.2,779.6,480.6,1038.9,537.8,1134.6,690.7,69BopbFc34U.000.mp4,1280,720,29.97,459,emotional_stability,high
289,9642,left_eye,514.0,245.4,634.2,334.3,802.6,396.7,952.7,507.9,69BopbFc34U.000.mp4,1280,720,29.97,459,emotional_stability,high
289,9642,right_eye,688.1,268.5,783.3,346.3,1020.1,425.6,1139.1,522.9,69BopbFc34U.000.mp4,1280,720,29.97,459,emotional_stability,high
289,9642,nose,607.4,313.7,703.3,438.5,919.2,482.1,1039.1,638.2,69BopbFc34U.000.mp4,1280,720,29.97,459,emotional_stability,high
289,9642,mouth,581.9,461.7,699.9,500.9,887.4,667.1,1034.8,716.1,69BopbFc34U.000.mp4,1280,720,29.97,459,emotional_stability,high
289,9642,forehead,470.8,196.1,788.0,458.1,748.5,335.1,1145.0,662.7,69BopbFc34U.000.mp4,1280,720,29.97,459,emotional_stability,high
289,9642,chin,470.8,326.6,770.8,557.7,748.5,498.3,1123.5,787.1,69BopbFc34U.000.mp4,1280,720,29.97,459,emotional_stability,high
289,9642,left_cheek,496.5,337.4,603.7,466.6,780.7,511.8,914.6,673.3,69BopbFc34U.000.mp4,1280,720,29.97,459,emotional_stability,high
289,9642,right_cheek,701.9,358.8,778.5,480.5,1037.3,538.5,1133.1,690.7,69BopbFc34U.000.mp4,1280,720,29.97,459,emotional_stability,high
290,9676,left_eye,514.5,245.3,634.3,333.8,803.1,396.6,952.9,507.3,69BopbFc34U.000.mp4,1280,720,29.97,459,emotional_stability,high
290,9676,right_eye,687.8,268.7,783.2,346.3,1019.7,425.9,1138.9,522.9,69BopbFc34U.000.mp4,1280,720,29.97,459,emotional_stability,high
290,9676,nose,607.3,313.6,703.2,438.1,919.2,482.1,1039.0,637.6,69BopbFc34U.000.mp4,1280,720,29.97,459,emotional_stability,high
290,9676,mouth,581.9,461.0,698.9,500.3,887.4,666.3,1033.7,715.3,69BopbFc34U.000.mp4,1280,720,29.97,459,emotional_stability,high
290,9676,forehead,470.8,196.2,787.9,458.0,748.5,335.2,1144.9,662.5,69BopbFc34U.000.mp4,1280,720,29.97,459,emotional_stability,high
290,9676,chin,470.8,325.9,770.1,557.0,748.5,497.3,1122.6,786.2,69BopbFc34U.000.mp4,1280,720,29.97,459,emotional_stability,high
290,9676,left_cheek,496.6,336.6,603.6,465.6,780.7,510.8,914.5,672.1,69BopbFc34U.000.mp4,1280,720,29.97,459,emotional_stability,high
290,9676,right_cheek,701.6,358.8,778.0,480.2,1037.0,538.5,1132.5,690.3,69BopbFc34U.000.mp4,1280,720,29.97,459,emotional_stability,high
291,9709,left_eye,514.8,244.9,634.3,333.6,803.5,396.2,952.9,507.0,69BopbFc34U.000.mp4,1280,720,29.97,459,emotional_stability,high
291,9709,right_eye,687.5,268.8,782.8,346.4,1019.4,426.1,1138.5,522.9,69BopbFc34U.000.mp4,1280,720,29.97,459,emotional_stability,high
291,9709,nose,607.3,313.6,702.9,437.9,919.1,482.0,1038.6,637.4,69BopbFc34U.000.mp4,1280,720,29.97,459,emotional_stability,high
291,9709,mouth,581.8,460.7,698.4,500.4,887.3,665.8,1033.0,715.5,69BopbFc34U.000.mp4,1280,720,29.97,459,emotional_stability,high
291,9709,forehead,470.7,196.2,787.6,458.0,748.4,335.2,1144.5,662.5,69BopbFc34U.000.mp4,1280,720,29.97,459,emotional_stability,high
291,9709,chin,470.7,325.0,769.7,556.8,748.4,496.2,1122.1,786.0,69BopbFc34U.000.mp4,1280,720,29.97,459,emotional_stability,high
291,9709,left_cheek,496.6,336.0,603.5,465.0,780.8,510.0,914.4,671.3,69BopbFc34U.000.mp4,1280,720,29.97,459,emotional_stability,high
291,9709,right_cheek,701.3,358.9,777.6,480.1,1036.6,538.6,1132.0,690.1,69BopbFc34U.000.mp4,1280,720,29.97,459,emotional_stability,high
292,9743,left_eye,515.7,244.8,634.4,333.4,804.6,396.0,953.1,506.8,69BopbFc34U.000.mp4,1280,720,29.97,459,emotional_stability,high
292,9743,right_eye,687.5,269.1,782.8,346.4,1019.4,426.3,1138.5,523.0,69BopbFc34U.000.mp4,1280,720,29.97,459,emotional_stability,high
292,9743,nose,607.2,313.6,702.6,438.0,919.0,482.0,1038.2,637.4,69BopbFc34U.000.mp4,1280,720,29.97,459,emotional_stability,high
292,9743,mouth,581.8,460.5,697.8,500.7,887.2,665.6,1032.2,715.9,69BopbFc34U.000.mp4,1280,720,29.97,459,emotional_stability,high
292,9743,forehead,471.1,196.1,787.7,458.0,748.9,335.2,1144.6,662.4,69BopbFc34U.000.mp4,1280,720,29.97,459,emotional_stability,high
292,9743,chin,471.1,324.3,769.8,557.1,748.9,495.3,1122.3,786.4,69BopbFc34U.000.mp4,1280,720,29.97,459,emotional_stability,high
292,9743,left_cheek,497.1,335.6,603.5,464.8,781.4,509.5,914.3,671.0,69BopbFc34U.000.mp4,1280,720,29.97,459,emotional_stability,high
292,9743,right_cheek,701.1,359.0,777.6,480.1,1036.4,538.8,1132.0,690.1,69BopbFc34U.000.mp4,1280,720,29.97,459,emotional_stability,high
293,9776,left_eye,516.8,244.8,635.3,333.4,806.0,396.0,954.2,506.7,69BopbFc34U.000.mp4,1280,720,29.97,459,emotional_stability,high
293,9776,right_eye,687.7,269.6,782.9,346.9,1019.6,427.0,1138.6,523.6,69BopbFc34U.000.mp4,1280,720,29.97,459,emotional_stability,high
293,9776,nose,606.9,313.6,702.4,438.2,918.7,482.0,1038.0,637.7,69BopbFc34U.000.mp4,1280,720,29.97,459,emotional_stability,high
293,9776,mouth,580.9,460.6,697.3,501.7,886.1,665.7,1031.6,717.2,69BopbFc34U.000.mp4,1280,720,29.97,459,emotional_stability,high
293,9776,forehead,471.1,196.1,787.9,458.2,748.9,335.2,1144.8,662.7,69BopbFc34U.000.mp4,1280,720,29.97,459,emotional_stability,high
293,9776,chin,471.1,323.7,769.9,557.2,748.9,494.7,1122.4,786.5,69BopbFc34U.000.mp4,1280,720,29.97,459,emotional_stability,high
293,9776,left_cheek,497.3,335.3,603.4,464.8,781.6,509.1,914.3,671.0,69BopbFc34U.000.mp4,1280,720,29.97,459,emotional_stability,high
293,9776,right_cheek,701.1,360.0,777.8,480.5,1036.4,539.9,1132.3,690.6,69BopbFc34U.000.mp4,1280,720,29.97,459,emotional_stability,high
294,9809,left_eye,519.7,244.8,638.5,333.3,809.6,396.0,958.2,506.6,69BopbFc34U.000.mp4,1280,720,29.97,459,emotional_stability,high
294,9809,right_eye,689.5,270.2,784.3,347.2,1021.8,427.8,1140.3,523.9,69BopbFc34U.000.mp4,1280,720,29.97,459,emotional_stability,high
294,9809,nose,608.0,313.6,703.5,438.2,920.0,482.0,1039.3,637.8,69BopbFc34U.000.mp4,1280,720,29.97,459,emotional_stability,high
294,9809,mouth,581.9,460.5,697.4,501.4,887.4,665.6,1031.8,716.8,69BopbFc34U.000.mp4,1280,720,29.97,459,emotional_stability,high
294,9809,forehead,472.1,196.1,789.2,458.4,750.1,335.1,1146.5,663.0,69BopbFc34U.000.mp4,1280,720,29.97,459,emotional_stability,high
294,9809,chin,472.1,323.4,770.0,557.2,750.1,494.3,1122.5,786.5,69BopbFc34U.000.mp4,1280,720,29.97,459,emotional_stability,high
294,9809,left_cheek,498.5,335.0,605.2,464.6,783.1,508.7,916.6,670.7,69BopbFc34U.000.mp4,1280,720,29.97,459,emotional_stability,high
294,9809,right_cheek,702.5,360.5,778.6,480.7,1038.1,540.6,1133.2,690.8,69BopbFc34U.000.mp4,1280,720,29.97,459,emotional_stability,high
295,9843,left_eye,521.7,244.8,641.5,333.2,812.1,396.0,961.9,506.6,69BopbFc34U.000.mp4,1280,720,29.97,459,emotional_stability,high
295,9843,right_eye,691.5,270.8,785.9,347.4,1024.3,428.5,1142.3,524.3,69BopbFc34U.000.mp4,1280,720,29.97,459,emotional_stability,high
295,9843,nose,609.5,313.6,705.2,438.3,921.8,482.0,1041.5,637.8,69BopbFc34U.000.mp4,1280,720,29.97,459,emotional_stability,high
295,9843,mouth,582.4,460.5,698.6,501.5,888.0,665.6,1033.3,716.8,69BopbFc34U.000.mp4,1280,720,29.97,459,emotional_stability,high
295,9843,forehead,472.4,196.0,790.6,458.5,750.5,335.1,1148.2,663.2,69BopbFc34U.000.mp4,1280,720,29.97,459,emotional_stability,high
295,9843,chin,472.4,323.0,770.1,557.3,750.5,493.8,1122.6,786.6,69BopbFc34U.000.mp4,1280,720,29.97,459,emotional_stability,high
295,9843,left_cheek,499.1,334.7,606.9,464.4,783.9,508.3,918.6,670.5,69BopbFc34U.000.mp4,1280,720,29.97,459,emotional_stability,high
295,9843,right_cheek,704.1,361.0,779.6,480.8,1040.1,541.2,1134.4,691.1,69BopbFc34U.000.mp4,1280,720,29.97,459,emotional_stability,high
296,9876,left_eye,523.1,244.8,643.1,333.2,813.9,395.9,963.9,506.5,69BopbFc34U.000.mp4,1280,720,29.97,459,emotional_stability,high
296,9876,right_eye,692.5,271.2,786.4,347.7,1025.6,429.0,1142.9,524.6,69BopbFc34U.000.mp4,1280,720,29.97,459,emotional_stability,high
296,9876,nose,610.1,313.6,706.1,438.6,922.7,482.1,1042.6,638.3,69BopbFc34U.000.mp4,1280,720,29.97,459,emotional_stability,high
296,9876,mouth,582.4,460.5,699.1,502.5,888.0,665.6,1033.8,718.1,69BopbFc34U.000.mp4,1280,720,29.97,459,emotional_stability,high
296,9876,forehead,472.4,195.9,790.9,458.8,750.4,334.9,1148.6,663.5,69BopbFc34U.000.mp4,1280,720,29.97,459,emotional_stability,high
296,9876,chin,472.4,322.7,769.9,558.1,750.4,493.4,1122.4,787.6,69BopbFc34U.000.mp4,1280,720,29.97,459,emotional_stability,high
296,9876,left_cheek,499.2,334.4,607.6,464.5,783.9,508.0,919.5,670.6,69BopbFc34U.000.mp4,1280,720,29.97,459,emotional_stability,high
296,9876,right_cheek,704.8,361.4,779.8,481.3,1041.0,541.8,1134.7,691.6,69BopbFc34U.000.mp4,1280,720,29.97,459,emotional_stability,high
297,9909,left_eye,524.5,244.8,644.6,333.2,815.6,396.0,965.8,506.5,69BopbFc34U.000.mp4,1280,720,29.97,459,emotional_stability,high
297,9909,right_eye,693.8,271.8,787.2,348.3,1027.3,429.8,1144.1,525.4,69BopbFc34U.000.mp4,1280,720,29.97,459,emotional_stability,high
297,9909,nose,610.5,313.8,706.9,439.0,923.1,482.2,1043.7,638.8,69BopbFc34U.000.mp4,1280,720,29.97,459,emotional_stability,high
297,9909,mouth,582.4,460.5,699.0,505.3,887.9,665.6,1033.7,721.6,69BopbFc34U.000.mp4,1280,720,29.97,459,emotional_stability,high
297,9909,forehead,472.4,195.8,791.7,460.1,750.5,334.8,1149.6,665.1,69BopbFc34U.000.mp4,1280,720,29.97,459,emotional_stability,high
297,9909,chin,472.4,322.6,769.9,560.3,750.5,493.2,1122.3,790.4,69BopbFc34U.000.mp4,1280,720,29.97,459,emotional_stability,high
297,9909,left_cheek,499.1,334.3,608.1,464.5,783.9,507.9,920.1,670.6,69BopbFc34U.000.mp4,1280,720,29.97,459,emotional_stability,high
297,9909,right_cheek,705.7,362.6,780.4,482.6,1042.1,543.3,1135.5,693.3,69BopbFc34U.000.mp4,1280,720,29.97,459,emotional_stability,high
298,9943,left_eye,524.8,244.8,645.0,333.2,816.0,396.0,966.2,506.5,69BopbFc34U.000.mp4,1280,720,29.97,459,emotional_stability,high
298,9943,right_eye,694.1,272.2,787.9,348.8,1027.7,430.2,1144.9,526.0,69BopbFc34U.000.mp4,1280,720,29.97,459,emotional_stability,high
298,9943,nose,610.4,313.9,706.9,439.9,923.0,482.4,1043.6,639.9,69BopbFc34U.000.mp4,1280,720,29.97,459,emotional_stability,high
298,9943,mouth,580.8,460.5,698.7,508.1,886.0,665.7,1033.4,725.2,69BopbFc34U.000.mp4,1280,720,29.97,459,emotional_stability,high
298,9943,forehead,472.3,195.4,792.9,461.2,750.4,334.2,1151.1,666.5,69BopbFc34U.000.mp4,1280,720,29.97,459,emotional_stability,high
298,9943,chin,472.3,321.8,769.9,562.1,750.4,492.3,1122.4,792.6,69BopbFc34U.000.mp4,1280,720,29.97,459,emotional_stability,high
298,9943,left_cheek,498.9,334.1,607.9,464.6,783.7,507.6,919.9,670.7,69BopbFc34U.000.mp4,1280,720,29.97,459,emotional_stability,high
298,9943,right_cheek,705.8,363.4,780.9,484.1,1042.3,544.3,1136.2,695.1,69BopbFc34U.000.mp4,1280,720,29.97,459,emotional_stability,high
299,9976,left_eye,524.2,245.0,644.2,333.3,815.2,396.2,965.2,506.7,69BopbFc34U.000.mp4,1280,720,29.97,459,emotional_stability,high
299,9976,right_eye,693.8,272.2,787.8,349.4,1027.2,430.3,1144.7,526.7,69BopbFc34U.000.mp4,1280,720,29.97,459,emotional_stability,high
299,9976,nose,609.8,314.1,706.8,440.9,922.2,482.7,1043.4,641.1,69BopbFc34U.000.mp4,1280,720,29.97,459,emotional_stability,high
299,9976,mouth,579.6,461.5,698.0,510.7,884.5,666.9,1032.4,728.3,69BopbFc34U.000.mp4,1280,720,29.97,459,emotional_stability,high
299,9976,forehead,472.0,195.3,792.8,462.4,750.0,334.2,1150.9,668.0,69BopbFc34U.000.mp4,1280,720,29.97,459,emotional_stability,high
299,9976,chin,472.0,322.0,770.0,563.9,750.0,492.4,1122.5,794.9,69BopbFc34U.000.mp4,1280,720,29.97,459,emotional_stability,high
299,9976,left_cheek,498.5,334.1,607.7,465.7,783.1,507.6,919.6,672.1,69BopbFc34U.000.mp4,1280,720,29.97,459,emotional_stability,high
299,9976,right_cheek,705.7,364.1,781.0,485.4,1042.2,545.1,1136.2,696.7,69BopbFc34U.000.mp4,1280,720,29.97,459,emotional_stability,high
300,10010,left_eye,523.7,245.0,643.8,333.6,814.6,396.2,964.8,507.0,69BopbFc34U.000.mp4,1280,720,29.97,459,emotional_stability,high
300,10010,right_eye,693.6,272.4,787.8,349.8,1027.0,430.5,1144.8,527.2,69BopbFc34U.000.mp4,1280,720,29.97,459,emotional_stability,high
300,10010,nose,608.9,314.4,706.7,441.7,921.1,483.0,1043.4,642.1,69BopbFc34U.000.mp4,1280,720,29.97,459,emotional_stability,high
300,10010,mouth,578.4,462.3,697.6,512.0,883.0,667.8,1032.0,730.0,69BopbFc34U.000.mp4,1280,720,29.97,459,emotional_stability,high
300,10010,forehead,471.5,195.2,792.8,462.9,749.4,334.0,1151.1,668.6,69BopbFc34U.000.mp4,1280,720,29.97,459,emotional_stability,high
300,10010,chin,471.5,322.0,770.0,564.7,749.4,492.5,1122.6,795.9,69BopbFc34U.000.mp4,1280,720,29.97,459,emotional_stability,high
300,10010,left_cheek,497.6,334.1,607.6,466.5,782.0,507.7,919.5,673.1,69BopbFc34U.000.mp4,1280,720,29.97,459,emotional_stability,high
300,10010,right_cheek,705.6,364.4,781.0,486.1,1042.0,545.5,1136.2,697.6,69BopbFc34U.000.mp4,1280,720,29.97,459,emotional_stability,high
301,10043,left_eye,523.5,245.0,643.4,333.7,814.3,396.2,964.3,507.1,69BopbFc34U.000.mp4,1280,720,29.97,459,emotional_stability,high
301,10043,right_eye,693.5,272.3,787.8,350.1,1026.9,430.4,1144.7,527.7,69BopbFc34U.000.mp4,1280,720,29.97,459,emotional_stability,high
301,10043,nose,607.9,314.5,706.1,441.9,919.9,483.1,1042.6,642.3,69BopbFc34U.000.mp4,1280,720,29.97,459,emotional_stability,high
301,10043,mouth,577.4,462.6,696.9,512.3,881.8,668.3,1031.1,730.4,69BopbFc34U.000.mp4,1280,720,29.97,459,emotional_stability,high
301,10043,forehead,470.3,195.1,792.8,463.5,747.9,333.8,1151.0,669.4,69BopbFc34U.000.mp4,1280,720,29.97,459,emotional_stability,high
301,10043,chin,470.3,322.1,770.1,565.2,747.9,492.6,1122.6,796.5,69BopbFc34U.000.mp4,1280,720,29.97,459,emotional_stability,high
301,10043,left_cheek,496.2,334.2,606.9,467.1,780.3,507.7,918.6,673.8,69BopbFc34U.000.mp4,1280,720,29.97,459,emotional_stability,high
301,10043,right_cheek,705.5,364.8,781.0,486.6,1041.8,545.9,1136.2,698.3,69BopbFc34U.000.mp4,1280,720,29.97,459,emotional_stability,high
302,10076,left_eye,523.2,244.9,643.4,333.7,814.0,396.2,964.2,507.1,69BopbFc34U.000.mp4,1280,720,29.97,459,emotional_stability,high
302,10076,right_eye,693.4,272.6,788.0,350.3,1026.8,430.8,1145.0,527.9,69BopbFc34U.000.mp4,1280,720,29.97,459,emotional_stability,high
302,10076,nose,607.5,314.6,706.1,442.1,919.4,483.2,1042.6,642.6,69BopbFc34U.000.mp4,1280,720,29.97,459,emotional_stability,high
302,10076,mouth,577.2,462.9,696.6,512.0,881.4,668.6,1030.7,730.0,69BopbFc34U.000.mp4,1280,720,29.97,459,emotional_stability,high
302,10076,forehead,469.9,194.9,793.0,463.8,747.4,333.6,1151.3,669.8,69BopbFc34U.000.mp4,1280,720,29.97,459,emotional_stability,high
302,10076,chin,469.9,322.0,770.1,565.1,747.4,492.5,1122.7,796.4,69BopbFc34U.000.mp4,1280,720,29.97,459,emotional_stability,high
302,10076,left_cheek,495.6,334.2,606.7,467.1,779.5,507.7,918.4,673.9,69BopbFc34U.000.mp4,1280,720,29.97,459,emotional_stability,high
302,10076,right_cheek,705.4,365.1,781.1,486.9,1041.7,546.4,1136.3,698.6,69BopbFc34U.000.mp4,1280,720,29.97,459,emotional_stability,high
303,10110,left_eye,523.0,244.8,643.4,333.6,813.7,395.9,964.3,507.0,69BopbFc34U.000.mp4,1280,720,29.97,459,emotional_stability,high
303,10110,right_eye,693.3,272.7,788.2,350.4,1026.6,430.9,1145.3,528.0,69BopbFc34U.000.mp4,1280,720,29.97,459,emotional_stability,high
303,10110,nose,607.5,314.6,706.1,442.0,919.3,483.2,1042.6,642.5,69BopbFc34U.000.mp4,1280,720,29.97,459,emotional_stability,high
303,10110,mouth,577.1,462.9,696.4,511.5,881.3,668.6,1030.5,729.4,69BopbFc34U.000.mp4,1280,720,29.97,459,emotional_stability,high
303,10110,forehead,469.5,194.5,793.3,463.9,746.9,333.2,1151.7,669.9,69BopbFc34U.000.mp4,1280,720,29.97,459,emotional_stability,high
303,10110,chin,469.5,321.8,770.1,564.9,746.9,492.2,1122.7,796.1,69BopbFc34U.000.mp4,1280,720,29.97,459,emotional_stability,high
303,10110,left_cheek,495.2,334.0,606.7,467.1,779.1,507.5,918.4,673.9,69BopbFc34U.000.mp4,1280,720,29.97,459,emotional_stability,high
303,10110,right_cheek,705.3,365.2,781.1,486.9,1041.7,546.5,1136.4,698.6,69BopbFc34U.000.mp4,1280,720,29.97,459,emotional_stability,high
304,10143,left_eye,522.9,244.3,643.8,333.3,813.7,395.4,964.8,506.7,69BopbFc34U.000.mp4,1280,720,29.97,459,emotional_stability,high
304,10143,right_eye,693.6,272.9,788.9,350.4,1027.1,431.2,1146.1,528.0,69BopbFc34U.000.mp4,1280,720,29.97,459,emotional_stability,high
304,10143,nose,607.9,314.6,706.3,442.0,919.8,483.2,1042.8,642.5,69BopbFc34U.000.mp4,1280,720,29.97,459,emotional_stability,high
304,10143,mouth,577.2,462.9,696.5,510.0,881.5,668.6,1030.7,727.5,69BopbFc34U.000.mp4,1280,720,29.97,459,emotional_stability,high
304,10143,forehead,469.4,194.1,793.8,464.1,746.8,332.7,1152.3,670.1,69BopbFc34U.000.mp4,1280,720,29.97,459,emotional_stability,high
304,10143,chin,469.4,321.5,770.1,564.8,746.8,491.9,1122.7,796.0,69BopbFc34U.000.mp4,1280,720,29.97,459,emotional_stability,high
304,10143,left_cheek,495.2,333.6,606.7,466.8,779.1,507.0,918.4,673.5,69BopbFc34U.000.mp4,1280,720,29.97,459,emotional_stability,high
304,10143,right_cheek,705.6,365.4,781.4,486.8,1042.0,546.7,1136.8,698.5,69BopbFc34U.000.mp4,1280,720,29.97,459,emotional_stability,high
305,10176,left_eye,523.3,243.6,644.8,332.9,814.1,394.6,965.9,506.1,69BopbFc34U.000.mp4,1280,720,29.97,459,emotional_stability,high
305,10176,right_eye,694.0,273.0,789.7,350.4,1027.5,431.3,1147.2,528.0,69BopbFc34U.000.mp4,1280,720,29.97,459,emotional_stability,high
305,10176,nose,608.6,314.5,706.5,442.0,920.7,483.2,1043.1,642.5,69BopbFc34U.000.mp4,1280,720,29.97,459,emotional_stability,high
305,10176,mouth,578.1,462.6,696.7,508.5,882.7,668.3,1030.8,725.7,69BopbFc34U.000.mp4,1280,720,29.97,459,emotional_stability,high
305,10176,forehead,469.4,193.5,794.7,464.4,746.7,331.8,1153.4,670.5,69BopbFc34U.000.mp4,1280,720,29.97,459,emotional_stability,high
305,10176,chin,469.4,321.0,770.5,564.8,746.7,491.3,1123.2,795.9,69BopbFc34U.000.mp4,1280,720,29.97,459,emotional_stability,high
305,10176,left_cheek,495.3,333.0,607.1,466.3,779.1,506.2,918.8,672.9,69BopbFc34U.000.mp4,1280,720,29.97,459,emotional_stability,high
305,10176,right_cheek,706.0,365.6,782.0,486.8,1042.5,546.9,1137.5,698.6,69BopbFc34U.000.mp4,1280,720,29.97,459,emotional_stability,high
306,10210,left_eye,524.1,242.7,646.0,332.3,815.2,393.3,967.4,505.4,69BopbFc34U.000.mp4,1280,720,29.97,459,emotional_stability,high
306,10210,right_eye,694.5,273.1,790.8,350.4,1028.1,431.4,1148.5,528.0,69BopbFc34U.000.mp4,1280,720,29.97,459,emotional_stability,high
306,10210,nose,609.8,314.4,706.8,441.5,922.2,483.0,1043.5,641.9,69BopbFc34U.000.mp4,1280,720,29.97,459,emotional_stability,high
306,10210,mouth,579.9,462.1,697.2,506.1,884.9,667.6,1031.4,722.6,69BopbFc34U.000.mp4,1280,720,29.97,459,emotional_stability,high
306,10210,forehead,469.4,192.9,795.8,464.7,746.7,331.1,1154.7,670.9,69BopbFc34U.000.mp4,1280,720,29.97,459,emotional_stability,high
306,10210,chin,469.4,320.4,771.2,564.1,746.7,490.5,1124.0,795.1,69BopbFc34U.000.mp4,1280,720,29.97,459,emotional_stability,high
306,10210,left_cheek,495.4,332.1,607.9,465.5,779.2,505.2,919.9,671.9,69BopbFc34U.000.mp4,1280,720,29.97,459,emotional_stability,high
306,10210,right_cheek,706.5,365.7,782.6,486.8,1043.1,547.1,1138.3,698.5,69BopbFc34U.000.mp4,1280,720,29.97,459,emotional_stability,high
307,10243,left_eye,525.0,242.2,647.5,331.5,816.2,392.7,969.3,504.4,69BopbFc34U.000.mp4,1280,720,29.97,459,emotional_stability,high
307,10243,right_eye,695.4,273.4,791.7,350.4,1029.2,431.7,1149.6,528.0,69BopbFc34U.000.mp4,1280,720,29.97,459,emotional_stability,high
307,10243,nose,611.6,314.1,708.0,440.6,924.5,482.6,1045.1,640.8,69BopbFc34U.000.mp4,1280,720,29.97,459,emotional_stability,high
307,10243,mouth,581.8,461.2,698.2,504.4,887.3,666.6,1032.8,720.4,69BopbFc34U.000.mp4,1280,720,29.97,459,emotional_stability,high
307,10243,forehead,469.5,192.6,796.4,464.7,746.8,330.7,1155.4,670.9,69BopbFc34U.000.mp4,1280,720,29.97,459,emotional_stability,high
307,10243,chin,469.5,319.8,771.4,563.0,746.8,489.7,1124.3,793.7,69BopbFc34U.000.mp4,1280,720,29.97,459,emotional_stability,high
307,10243,left_cheek,495.9,331.2,609.2,464.5,779.8,504.1,921.5,670.6,69BopbFc34U.000.mp4,1280,720,29.97,459,emotional_stability,high
307,10243,right_cheek,707.6,365.7,783.1,486.7,1044.5,547.1,1138.9,698.4,69BopbFc34U.000.mp4,1280,720,29.97,459,emotional_stability,high
308,10276,left_eye,525.8,242.0,648.8,331.1,817.2,392.4,971.1,503.9,69BopbFc34U.000.mp4,1280,720,29.97,459,emotional_stability,high
308,10276,right_eye,696.1,274.0,792.0,350.3,1030.1,432.5,1150.0,527.9,69BopbFc34U.000.mp4,1280,720,29.97,459,emotional_stability,high
308,10276,nose,612.7,314.1,708.8,440.4,925.9,482.6,1046.0,640.5,69BopbFc34U.000.mp4,1280,720,29.97,459,emotional_stability,high
308,10276,mouth,582.4,460.8,698.8,503.4,888.0,666.0,1033.5,719.2,69BopbFc34U.000.mp4,1280,720,29.97,459,emotional_stability,high
308,10276,forehead,469.5,192.3,796.6,464.8,746.8,330.4,1155.7,671.0,69BopbFc34U.000.mp4,1280,720,29.97,459,emotional_stability,high
308,10276,chin,469.5,319.0,771.4,562.6,746.8,488.7,1124.2,793.3,69BopbFc34U.000.mp4,1280,720,29.97,459,emotional_stability,high
308,10276,left_cheek,496.1,330.6,610.2,464.1,780.1,503.3,922.7,670.1,69BopbFc34U.000.mp4,1280,720,29.97,459,emotional_stability,high
308,10276,right_cheek,708.2,365.7,783.3,486.6,1045.3,547.2,1139.1,698.3,69BopbFc34U.000.mp4,1280,720,29.97,459,emotional_stability,high
309,10310,left_eye,526.1,241.9,649.4,331.0,817.6,392.3,971.8,503.7,69BopbFc34U.000.mp4,1280,720,29.97,459,emotional_stability,high
309,10310,right_eye,696.4,275.1,792.2,350.5,1030.5,433.8,1150.2,528.1,69BopbFc34U.000.mp4,1280,720,29.97,459,emotional_stability,high
309,10310,nose,613.0,314.1,709.1,440.4,926.2,482.6,1046.4,640.5,69BopbFc34U.000.mp4,1280,720,29.97,459,emotional_stability,high
309,10310,mouth,582.4,460.7,699.1,503.0,888.0,665.8,1033.9,718.7,69BopbFc34U.000.mp4,1280,720,29.97,459,emotional_stability,high
309,10310,forehead,469.5,192.2,796.8,465.2,746.8,330.3,1156.0,671.4,69BopbFc34U.000.mp4,1280,720,29.97,459,emotional_stability,high
309,10310,chin,469.5,318.6,771.3,562.4,746.8,488.2,1124.2,793.1,69BopbFc34U.000.mp4,1280,720,29.97,459,emotional_stability,high
309,10310,left_cheek,496.1,330.3,610.4,463.9,780.1,502.9,923.1,669.8,69BopbFc34U.000.mp4,1280,720,29.97,459,emotional_stability,high
309,10310,right_cheek,708.5,366.2,783.4,486.8,1045.6,547.7,1139.2,698.5,69BopbFc34U.000.mp4,1280,720,29.97,459,emotional_stability,high
310,10343,left_eye,526.3,241.8,649.7,330.8,817.8,392.2,972.1,503.5,69BopbFc34U.000.mp4,1280,720,29.97,459,emotional_stability,high
310,10343,right_eye,696.6,275.9,792.4,350.6,1030.7,434.9,1150.5,528.2,69BopbFc34U.000.mp4,1280,720,29.97,459,emotional_stability,high
310,10343,nose,613.3,314.1,709.2,440.4,926.6,482.7,1046.6,640.5,69BopbFc34U.000.mp4,1280,720,29.97,459,emotional_stability,high
310,10343,mouth,582.5,460.6,699.3,502.9,888.2,665.7,1034.2,718.6,69BopbFc34U.000.mp4,1280,720,29.97,459,emotional_stability,high
310,10343,forehead,469.5,192.2,797.1,465.4,746.9,330.2,1156.4,671.7,69BopbFc34U.000.mp4,1280,720,29.97,459,emotional_stability,high
310,10343,chin,469.5,318.2,771.3,562.3,746.9,487.8,1124.2,792.9,69BopbFc34U.000.mp4,1280,720,29.97,459,emotional_stability,high
310,10343,left_cheek,496.1,330.0,610.6,463.7,780.2,502.5,923.3,669.6,69BopbFc34U.000.mp4,1280,720,29.97,459,emotional_stability,high
310,10343,right_cheek,708.7,366.5,783.5,487.0,1045.8,548.2,1139.4,698.7,69BopbFc34U.000.mp4,1280,720,29.97,459,emotional_stability,high
311,10377,left_eye,526.6,241.8,650.0,330.8,818.3,392.2,972.5,503.4,69BopbFc34U.000.mp4,1280,720,29.97,459,emotional_stability,high
311,10377,right_eye,696.8,276.5,792.4,350.8,1031.0,435.6,1150.5,528.5,69BopbFc34U.000.mp4,1280,720,29.97,459,emotional_stability,high
311,10377,nose,613.7,314.2,709.4,440.4,927.1,482.8,1046.7,640.5,69BopbFc34U.000.mp4,1280,720,29.97,459,emotional_stability,high
311,10377,mouth,582.8,460.5,699.5,502.6,888.5,665.6,1034.3,718.3,69BopbFc34U.000.mp4,1280,720,29.97,459,emotional_stability,high
311,10377,forehead,469.6,192.2,797.2,465.6,747.0,330.3,1156.4,672.0,69BopbFc34U.000.mp4,1280,720,29.97,459,emotional_stability,high
311,10377,chin,469.6,318.1,771.3,562.1,747.0,487.6,1124.1,792.6,69BopbFc34U.000.mp4,1280,720,29.97,459,emotional_stability,high
311,10377,left_cheek,496.4,330.0,611.0,463.6,780.5,502.4,923.7,669.5,69BopbFc34U.000.mp4,1280,720,29.97,459,emotional_stability,high
311,10377,right_cheek,708.8,367.0,783.5,487.1,1046.0,548.7,1139.4,698.8,69BopbFc34U.000.mp4,1280,720,29.97,459,emotional_stability,high
312,10410,left_eye,526.9,241.7,650.0,330.7,818.6,392.1,972.5,503.4,69BopbFc34U.000.mp4,1280,720,29.97,459,emotional_stability,high
312,10410,right_eye,696.7,276.8,792.4,350.9,1030.9,436.0,1150.5,528.6,69BopbFc34U.000.mp4,1280,720,29.97,459,emotional_stability,high
312,10410,nose,613.7,314.2,709.4,440.2,927.1,482.8,1046.7,640.2,69BopbFc34U.000.mp4,1280,720,29.97,459,emotional_stability,high
312,10410,mouth,582.8,460.4,699.5,502.4,888.5,665.5,1034.3,718.0,69BopbFc34U.000.mp4,1280,720,29.97,459,emotional_stability,high
312,10410,forehead,469.8,192.2,797.2,465.8,747.2,330.3,1156.5,672.3,69BopbFc34U.000.mp4,1280,720,29.97,459,emotional_stability,high
312,10410,chin,469.8,318.0,771.3,561.5,747.2,487.5,1124.1,791.9,69BopbFc34U.000.mp4,1280,720,29.97,459,emotional_stability,high
312,10410,left_cheek,496.6,329.8,611.0,463.3,780.7,502.3,923.8,669.1,69BopbFc34U.000.mp4,1280,720,29.97,459,emotional_stability,high
312,10410,right_cheek,708.8,367.2,783.5,487.1,1045.9,549.0,1139.4,698.9,69BopbFc34U.000.mp4,1280,720,29.97,459,emotional_stability,high
313,10443,left_eye,527.1,241.7,649.9,330.7,818.8,392.1,972.4,503.4,69BopbFc34U.000.mp4,1280,720,29.97,459,emotional_stability,high
313,10443,right_eye,696.7,277.3,792.7,351.3,1030.9,436.6,1150.9,529.1,69BopbFc34U.000.mp4,1280,720,29.97,459,emotional_stability,high
313,10443,nose,613.5,314.3,709.3,439.9,926.9,482.9,1046.6,639.9,69BopbFc34U.000.mp4,1280,720,29.97,459,emotional_stability,high
313,10443,mouth,582.6,460.4,699.4,502.5,888.2,665.5,1034.3,718.1,69BopbFc34U.000.mp4,1280,720,29.97,459,emotional_stability,high
313,10443,forehead,470.3,192.3,797.6,466.3,747.9,330.3,1157.0,672.9,69BopbFc34U.000.mp4,1280,720,29.97,459,emotional_stability,high
313,10443,chin,470.3,317.9,771.6,561.5,747.9,487.3,1124.5,791.8,69BopbFc34U.000.mp4,1280,720,29.97,459,emotional_stability,high
313,10443,left_cheek,496.6,329.7,610.9,463.0,780.8,502.1,923.7,668.8,69BopbFc34U.000.mp4,1280,720,29.97,459,emotional_stability,high
313,10443,right_cheek,708.7,367.7,783.6,487.4,1045.9,549.6,1139.5,699.3,69BopbFc34U.000.mp4,1280,720,29.97,459,emotional_stability,high
314,10477,left_eye,526.7,241.7,648.7,330.7,818.4,392.2,970.9,503.4,69BopbFc34U.000.mp4,1280,720,29.97,459,emotional_stability,high
314,10477,right_eye,695.9,277.7,792.6,351.7,1029.9,437.1,1150.8,529.7,69BopbFc34U.000.mp4,1280,720,29.97,459,emotional_stability,high
314,10477,nose,611.9,314.4,707.2,439.7,924.9,483.1,1044.0,639.6,69BopbFc34U.000.mp4,1280,720,29.97,459,emotional_stability,high
314,10477,mouth,580.6,460.4,698.0,502.7,885.8,665.5,1032.5,718.4,69BopbFc34U.000.mp4,1280,720,29.97,459,emotional_stability,high
314,10477,forehead,470.4,192.3,797.5,468.0,748.0,330.4,1156.9,675.0,69BopbFc34U.000.mp4,1280,720,29.97,459,emotional_stability,high
314,10477,chin,470.4,317.9,772.2,561.5,748.0,487.4,1125.2,791.9,69BopbFc34U.000.mp4,1280,720,29.97,459,emotional_stability,high
314,10477,left_cheek,496.4,329.7,609.8,463.0,780.6,502.2,922.2,668.7,69BopbFc34U.000.mp4,1280,720,29.97,459,emotional_stability,high
314,10477,right_cheek,707.7,368.7,783.6,488.1,1044.7,550.8,1139.5,700.2,69BopbFc34U.000.mp4,1280,720,29.97,459,emotional_stability,high
315,10510,left_eye,526.4,242.1,647.8,331.1,818.0,392.6,969.7,503.9,69BopbFc34U.000.mp4,1280,720,29.97,459,emotional_stability,high
315,10510,right_eye,695.5,278.4,792.7,352.5,1029.4,438.0,1150.9,530.7,69BopbFc34U.000.mp4,1280,720,29.97,459,emotional_stability,high
315,10510,nose,610.1,315.2,705.7,439.8,922.7,484.0,1042.2,639.7,69BopbFc34U.000.mp4,1280,720,29.97,459,emotional_stability,high
315,10510,mouth,578.8,460.4,696.8,503.6,883.5,665.5,1031.0,719.5,69BopbFc34U.000.mp4,1280,720,29.97,459,emotional_stability,high
315,10510,forehead,470.5,192.6,798.0,469.0,748.1,330.7,1157.5,676.3,69BopbFc34U.000.mp4,1280,720,29.97,459,emotional_stability,high
315,10510,chin,470.5,317.9,773.3,561.5,748.1,487.4,1126.6,791.9,69BopbFc34U.000.mp4,1280,720,29.97,459,emotional_stability,high
315,10510,left_cheek,495.9,329.8,608.8,462.9,779.9,502.2,921.0,668.6,69BopbFc34U.000.mp4,1280,720,29.97,459,emotional_stability,high
315,10510,right_cheek,706.9,369.6,783.6,489.0,1043.7,552.0,1139.5,701.3,69BopbFc34U.000.mp4,1280,720,29.97,459,emotional_stability,high
316,10543,left_eye,525.7,242.6,646.3,332.0,817.2,393.3,967.9,505.0,69BopbFc34U.000.mp4,1280,720,29.97,459,emotional_stability,high
316,10543,right_eye,695.1,279.4,792.7,353.2,1028.8,439.3,1150.8,531.5,69BopbFc34U.000.mp4,1280,720,29.97,459,emotional_stability,high
316,10543,nose,608.5,315.9,704.4,439.9,920.6,484.8,1040.5,639.9,69BopbFc34U.000.mp4,1280,720,29.97,459,emotional_stability,high
316,10543,mouth,577.8,460.4,695.7,504.6,882.3,665.6,1029.6,720.7,69BopbFc34U.000.mp4,1280,720,29.97,459,emotional_stability,high
316,10543,forehead,470.5,192.9,798.4,469.7,748.1,331.2,1158.0,677.2,69BopbFc34U.000.mp4,1280,720,29.97,459,emotional_stability,high
316,10543,chin,470.5,318.0,774.7,561.7,748.1,487.5,1128.4,792.1,69BopbFc34U.000.mp4,1280,720,29.97,459,emotional_stability,high
316,10543,left_cheek,495.5,329.8,607.6,462.9,779.4,502.2,919.5,668.6,69BopbFc34U.000.mp4,1280,720,29.97,459,emotional_stability,high
316,10543,right_cheek,706.0,370.2,783.7,489.5,1042.5,552.7,1139.6,701.9,69BopbFc34U.000.mp4,1280,720,29.97,459,emotional_stability,high
317,10577,left_eye,524.9,243.3,645.1,332.8,816.2,394.1,966.4,506.1,69BopbFc34U.000.mp4,1280,720,29.97,459,emotional_stability,high
317,10577,right_eye,694.7,280.4,792.7,354.0,1028.4,440.4,1150.9,532.4,69BopbFc34U.000.mp4,1280,720,29.97,459,emotional_stability,high
317,10577,nose,606.9,317.0,703.0,441.7,918.6,486.2,1038.8,642.2,69BopbFc34U.000.mp4,1280,720,29.97,459,emotional_stability,high
317,10577,mouth,576.6,460.7,695.1,506.0,880.7,665.9,1028.9,722.5,69BopbFc34U.000.mp4,1280,720,29.97,459,emotional_stability,high
317,10577,forehead,470.5,193.2,798.7,470.2,748.1,331.5,1158.4,677.8,69BopbFc34U.000.mp4,1280,720,29.97,459,emotional_stability,high
317,10577,chin,470.5,317.9,776.1,562.8,748.1,487.4,1130.1,793.5,69BopbFc34U.000.mp4,1280,720,29.97,459,emotional_stability,high
317,10577,left_cheek,494.9,329.9,606.6,463.0,778.6,502.3,918.2,668.8,69BopbFc34U.000.mp4,1280,720,29.97,459,emotional_stability,high
317,10577,right_cheek,705.1,370.8,783.8,490.6,1041.4,553.4,1139.8,703.2,69BopbFc34U.000.mp4,1280,720,29.97,459,emotional_stability,high
318,10610,left_eye,524.0,244.0,643.9,333.6,815.0,394.9,964.8,507.0,69BopbFc34U.000.mp4,1280,720,29.97,459,emotional_stability,high
318,10610,right_eye,694.0,280.8,792.7,354.5,1027.5,441.0,1150.9,533.2,69BopbFc34U.000.mp4,1280,720,29.97,459,emotional_stability,high
318,10610,nose,605.2,317.7,701.9,442.7,916.5,487.1,1037.3,643.4,69BopbFc34U.000.mp4,1280,720,29.97,459,emotional_stability,high
318,10610,mouth,574.9,460.8,694.6,507.4,878.6,666.1,1028.2,724.3,69BopbFc34U.000.mp4,1280,720,29.97,459,emotional_stability,high
318,10610,forehead,470.4,193.6,799.3,470.8,748.0,332.0,1159.1,678.5,69BopbFc34U.000.mp4,1280,720,29.97,459,emotional_stability,high
318,10610,chin,470.4,317.9,777.4,563.8,748.0,487.4,1131.7,794.7,69BopbFc34U.000.mp4,1280,720,29.97,459,emotional_stability,high
318,10610,left_cheek,494.1,330.1,605.4,463.2,777.6,502.6,916.7,669.0,69BopbFc34U.000.mp4,1280,720,29.97,459,emotional_stability,high
318,10610,right_cheek,704.3,371.3,784.0,491.4,1040.4,554.1,1140.0,704.2,69BopbFc34U.000.mp4,1280,720,29.97,459,emotional_stability,high
319,10643,left_eye,522.8,243.9,643.1,333.5,813.5,394.9,963.8,506.9,69BopbFc34U.000.mp4,1280,720,29.97,459,emotional_stability,high
319,10643,right_eye,693.8,280.7,792.9,354.5,1027.2,440.8,1151.1,533.1,69BopbFc34U.000.mp4,1280,720,29.97,459,emotional_stability,high
319,10643,nose,605.1,317.6,701.9,443.1,916.3,487.0,1037.3,643.9,69BopbFc34U.000.mp4,1280,720,29.97,459,emotional_stability,high
319,10643,mouth,574.6,461.4,694.5,507.4,878.2,666.8,1028.2,724.3,69BopbFc34U.000.mp4,1280,720,29.97,459,emotional_stability,high
319,10643,forehead,470.4,193.5,799.7,470.5,748.0,331.9,1159.7,678.1,69BopbFc34U.000.mp4,1280,720,29.97,459,emotional_stability,high
319,10643,chin,470.4,317.6,777.7,563.7,748.0,487.0,1132.2,794.6,69BopbFc34U.000.mp4,1280,720,29.97,459,emotional_stability,high
319,10643,left_cheek,493.9,330.1,605.0,463.3,777.3,502.6,916.3,669.1,69BopbFc34U.000.mp4,1280,720,29.97,459,emotional_stability,high
319,10643,right_cheek,704.2,371.1,784.1,491.2,1040.2,553.9,1140.2,703.9,69BopbFc34U.000.mp4,1280,720,29.97,459,emotional_stability,high
320,10677,left_eye,522.5,244.2,643.0,333.8,813.1,395.3,963.7,507.3,69BopbFc34U.000.mp4,1280,720,29.97,459,emotional_stability,high
320,10677,right_eye,693.8,280.9,793.0,354.4,1027.2,441.1,1151.3,533.0,69BopbFc34U.000.mp4,1280,720,29.97,459,emotional_stability,high
320,10677,nose,605.2,318.0,702.0,443.9,916.5,487.5,1037.5,644.9,69BopbFc34U.000.mp4,1280,720,29.97,459,emotional_stability,high
320,10677,mouth,574.8,461.4,694.7,507.7,878.5,666.7,1028.3,724.6,69BopbFc34U.000.mp4,1280,720,29.97,459,emotional_stability,high
320,10677,forehead,470.3,193.5,800.1,470.5,747.9,331.9,1160.2,678.1,69BopbFc34U.000.mp4,1280,720,29.97,459,emotional_stability,high
320,10677,chin,470.3,317.1,778.3,563.7,747.9,486.3,1132.9,794.6,69BopbFc34U.000.mp4,1280,720,29.97,459,emotional_stability,high
320,10677,left_cheek,493.7,330.1,605.0,463.3,777.2,502.6,916.2,669.1,69BopbFc34U.000.mp4,1280,720,29.97,459,emotional_stability,high
320,10677,right_cheek,704.2,371.0,784.5,491.1,1040.2,553.7,1140.7,703.8,69BopbFc34U.000.mp4,1280,720,29.97,459,emotional_stability,high
321,10710,left_eye,522.2,244.2,642.8,333.8,812.8,395.3,963.5,507.2,69BopbFc34U.000.mp4,1280,720,29.97,459,emotional_stability,high
321,10710,right_eye,693.8,280.8,793.5,354.4,1027.2,441.0,1151.9,532.9,69BopbFc34U.000.mp4,1280,720,29.97,459,emotional_stability,high
321,10710,nose,605.3,318.0,702.2,443.7,916.7,487.5,1037.7,644.7,69BopbFc34U.000.mp4,1280,720,29.97,459,emotional_stability,high
321,10710,mouth,575.0,461.3,694.8,507.6,878.7,666.6,1028.5,724.5,69BopbFc34U.000.mp4,1280,720,29.97,459,emotional_stability,high
321,10710,forehead,470.3,193.6,800.8,470.3,747.9,332.0,1161.0,677.9,69BopbFc34U.000.mp4,1280,720,29.97,459,emotional_stability,high
321,10710,chin,470.3,316.9,779.1,563.6,747.9,486.1,1133.9,794.6,69BopbFc34U.000.mp4,1280,720,29.97,459,emotional_stability,high
321,10710,left_cheek,493.8,330.1,605.1,463.2,777.2,502.6,916.4,669.0,69BopbFc34U.000.mp4,1280,720,29.97,459,emotional_stability,high
321,10710,right_cheek,704.2,370.9,785.2,491.0,1040.3,553.7,1141.5,703.7,69BopbFc34U.000.mp4,1280,720,29.97,459,emotional_stability,high
322,10744,left_eye,522.7,245.8,642.9,334.4,813.3,397.3,963.6,508.0,69BopbFc34U.000.mp4,1280,720,29.97,459,emotional_stability,high
322,10744,right_eye,694.2,281.5,793.8,354.5,1027.8,441.9,1152.2,533.2,69BopbFc34U.000.mp4,1280,720,29.97,459,emotional_stability,high
322,10744,nose,605.7,318.9,702.2,443.9,917.1,488.6,1037.8,644.8,69BopbFc34U.000.mp4,1280,720,29.97,459,emotional_stability,high
322,10744,mouth,575.5,461.3,695.7,507.6,879.3,666.6,1029.6,724.5,69BopbFc34U.000.mp4,1280,720,29.97,459,emotional_stability,high
322,10744,forehead,470.9,194.6,800.9,470.2,748.6,333.3,1161.2,677.8,69BopbFc34U.000.mp4,1280,720,29.97,459,emotional_stability,high
322,10744,chin,470.9,316.9,779.2,563.6,748.6,486.2,1134.0,794.5,69BopbFc34U.000.mp4,1280,720,29.97,459,emotional_stability,high
322,10744,left_cheek,494.7,330.5,605.5,463.3,778.4,503.1,916.8,669.1,69BopbFc34U.000.mp4,1280,720,29.97,459,emotional_stability,high
322,10744,right_cheek,704.4,370.8,785.6,490.9,1040.5,553.5,1142.0,703.6,69BopbFc34U.000.mp4,1280,720,29.97,459,emotional_stability,high
323,10777,left_eye,524.4,246.9,644.5,334.9,815.5,398.6,965.6,508.6,69BopbFc34U.000.mp4,1280,720,29.97,459,emotional_stability,high
323,10777,right_eye,695.8,282.4,796.2,355.4,1029.8,443.0,1155.3,534.3,69BopbFc34U.000.mp4,1280,720,29.97,459,emotional_stability,high
323,10777,nose,606.7,319.6,704.6,444.0,918.3,489.4,1040.7,644.9,69BopbFc34U.000.mp4,1280,720,29.97,459,emotional_stability,high
323,10777,mouth,577.1,461.6,697.3,507.9,881.4,667.1,1031.6,724.9,69BopbFc34U.000.mp4,1280,720,29.97,459,emotional_stability,high
323,10777,forehead,472.9,195.4,803.2,470.1,751.1,334.3,1164.0,677.6,69BopbFc34U.000.mp4,1280,720,29.97,459,emotional_stability,high
323,10777,chin,472.9,317.2,780.6,563.6,751.1,486.5,1135.7,794.4,69BopbFc34U.000.mp4,1280,720,29.97,459,emotional_stability,high
323,10777,left_cheek,496.3,331.0,606.9,463.5,780.4,503.7,918.7,669.4,69BopbFc34U.000.mp4,1280,720,29.97,459,emotional_stability,high
323,10777,right_cheek,706.4,371.3,787.6,491.0,1042.9,554.1,1144.5,703.8,69BopbFc34U.000.mp4,1280,720,29.97,459,emotional_stability,high
324,10810,left_eye,525.7,247.3,646.1,335.2,817.1,399.1,967.6,509.0,69BopbFc34U.000.mp4,1280,720,29.97,459,emotional_stability,high
324,10810,right_eye,697.5,283.2,797.4,355.8,1031.9,444.0,1156.8,534.8,69BopbFc34U.000.mp4,1280,720,29.97,459,emotional_stability,high
324,10810,nose,607.9,319.9,706.2,444.1,919.9,489.9,1042.7,645.1,69BopbFc34U.000.mp4,1280,720,29.97,459,emotional_stability,high
324,10810,mouth,578.5,461.6,698.9,508.5,883.1,667.0,1033.6,725.6,69BopbFc34U.000.mp4,1280,720,29.97,459,emotional_stability,high
324,10810,forehead,473.5,195.8,804.4,470.4,751.9,334.8,1165.5,678.0,69BopbFc34U.000.mp4,1280,720,29.97,459,emotional_stability,high
324,10810,chin,473.5,317.6,782.3,564.0,751.9,487.0,1137.9,795.0,69BopbFc34U.000.mp4,1280,720,29.97,459,emotional_stability,high
324,10810,left_cheek,497.3,331.2,608.3,463.7,781.6,504.0,920.4,669.6,69BopbFc34U.000.mp4,1280,720,29.97,459,emotional_stability,high
324,10810,right_cheek,707.9,371.9,789.3,491.4,1044.9,554.8,1146.7,704.2,69BopbFc34U.000.mp4,1280,720,29.97,459,emotional_stability,high
325,10844,left_eye,526.0,247.3,646.7,335.3,817.5,399.2,968.4,509.2,69BopbFc34U.000.mp4,1280,720,29.97,459,emotional_stability,high
325,10844,right_eye,698.2,283.3,797.9,355.9,1032.8,444.2,1157.4,534.8,69BopbFc34U.000.mp4,1280,720,29.97,459,emotional_stability,high
325,10844,nose,608.5,320.1,707.4,444.7,920.6,490.1,1044.3,645.8,69BopbFc34U.000.mp4,1280,720,29.97,459,emotional_stability,high
325,10844,mouth,579.2,461.7,700.5,509.0,883.9,667.1,1035.7,726.2,69BopbFc34U.000.mp4,1280,720,29.97,459,emotional_stability,high
325,10844,forehead,473.9,195.9,804.9,470.5,752.4,334.9,1166.2,678.1,69BopbFc34U.000.mp4,1280,720,29.97,459,emotional_stability,high
325,10844,chin,473.9,317.8,782.9,564.7,752.4,487.2,1138.7,795.8,69BopbFc34U.000.mp4,1280,720,29.97,459,emotional_stability,high
325,10844,left_cheek,497.9,331.5,609.0,464.0,782.3,504.3,921.2,670.0,69BopbFc34U.000.mp4,1280,720,29.97,459,emotional_stability,high
325,10844,right_cheek,708.8,372.0,790.1,491.7,1046.0,555.0,1147.7,704.6,69BopbFc34U.000.mp4,1280,720,29.97,459,emotional_stability,high
326,10877,left_eye,526.1,247.3,647.1,335.3,817.7,399.1,968.9,509.1,69BopbFc34U.000.mp4,1280,720,29.97,459,emotional_stability,high
326,10877,right_eye,698.5,283.2,798.0,355.7,1033.2,444.0,1157.4,534.6,69BopbFc34U.000.mp4,1280,720,29.97,459,emotional_stability,high
326,10877,nose,609.2,319.9,708.5,444.2,921.5,489.8,1045.7,645.3,69BopbFc34U.000.mp4,1280,720,29.97,459,emotional_stability,high
326,10877,mouth,579.6,461.4,701.8,509.0,884.5,666.7,1037.3,726.2,69BopbFc34U.000.mp4,1280,720,29.97,459,emotional_stability,high
326,10877,forehead,473.9,195.9,805.0,470.5,752.4,334.9,1166.2,678.1,69BopbFc34U.000.mp4,1280,720,29.97,459,emotional_stability,high
326,10877,chin,473.9,318.1,783.1,564.6,752.4,487.6,1138.9,795.8,69BopbFc34U.000.mp4,1280,720,29.97,459,emotional_stability,high
326,10877,left_cheek,498.2,331.5,609.4,464.0,782.7,504.4,921.7,670.0,69BopbFc34U.000.mp4,1280,720,29.97,459,emotional_stability,high
326,10877,right_cheek,709.5,371.9,790.5,491.5,1046.9,554.8,1148.1,704.4,69BopbFc34U.000.mp4,1280,720,29.97,459,emotional_stability,high
327,10910,left_eye,526.1,247.1,647.1,335.0,817.6,398.8,968.9,508.8,69BopbFc34U.000.mp4,1280,720,29.97,459,emotional_stability,high
327,10910,right_eye,698.5,282.7,798.0,354.8,1033.2,443.4,1157.5,533.6,69BopbFc34U.000.mp4,1280,720,29.97,459,emotional_stability,high
327,10910,nose,609.3,319.5,709.0,444.2,921.6,489.4,1046.2,645.3,69BopbFc34U.000.mp4,1280,720,29.97,459,emotional_stability,high
327,10910,mouth,579.6,461.4,702.3,508.9,884.4,666.7,1037.9,726.1,69BopbFc34U.000.mp4,1280,720,29.97,459,emotional_stability,high
327,10910,forehead,473.8,195.7,805.0,469.5,752.3,334.7,1166.3,676.9,69BopbFc34U.000.mp4,1280,720,29.97,459,emotional_stability,high
327,10910,chin,473.8,318.0,783.3,564.6,752.3,487.5,1139.2,795.7,69BopbFc34U.000.mp4,1280,720,29.97,459,emotional_stability,high
327,10910,left_cheek,498.1,331.5,609.4,464.0,782.6,504.3,921.8,670.0,69BopbFc34U.000.mp4,1280,720,29.97,459,emotional_stability,high
327,10910,right_cheek,709.7,371.0,790.7,491.1,1047.1,553.7,1148.3,703.8,69BopbFc34U.000.mp4,1280,720,29.97,459,emotional_stability,high
328,10944,left_eye,525.1,246.0,646.6,334.4,816.3,397.5,968.2,508.0,69BopbFc34U.000.mp4,1280,720,29.97,459,emotional_stability,high
328,10944,right_eye,698.5,281.0,797.9,353.7,1033.1,441.3,1157.4,532.1,69BopbFc34U.000.mp4,1280,720,29.97,459,emotional_stability,high
328,10944,nose,609.2,318.6,708.7,443.9,921.5,488.3,1045.9,644.9,69BopbFc34U.000.mp4,1280,720,29.97,459,emotional_stability,high
328,10944,mouth,579.2,460.8,702.3,508.8,884.0,666.0,1037.9,726.0,69BopbFc34U.000.mp4,1280,720,29.97,459,emotional_stability,high
328,10944,forehead,473.4,195.0,804.8,468.4,751.8,333.8,1166.0,675.5,69BopbFc34U.000.mp4,1280,720,29.97,459,emotional_stability,high
328,10944,chin,473.4,317.8,783.1,564.3,751.8,487.3,1138.9,795.4,69BopbFc34U.000.mp4,1280,720,29.97,459,emotional_stability,high
328,10944,left_cheek,497.8,331.2,609.1,463.7,782.2,504.0,921.4,669.6,69BopbFc34U.000.mp4,1280,720,29.97,459,emotional_stability,high
328,10944,right_cheek,709.5,369.6,790.5,490.0,1046.9,552.0,1148.1,702.5,69BopbFc34U.000.mp4,1280,720,29.97,459,emotional_stability,high
329,10977,left_eye,523.3,245.0,644.6,333.5,814.1,396.3,965.8,506.9,69BopbFc34U.000.mp4,1280,720,29.97,459,emotional_stability,high
329,10977,right_eye,696.7,278.3,796.7,352.0,1030.9,437.9,1155.8,530.0,69BopbFc34U.000.mp4,1280,720,29.97,459,emotional_stability,high
329,10977,nose,608.1,317.4,707.6,443.3,920.2,486.8,1044.4,644.2,69BopbFc34U.000.mp4,1280,720,29.97,459,emotional_stability,high
329,10977,mouth,578.1,459.6,702.1,508.0,882.7,664.5,1037.6,725.0,69BopbFc34U.000.mp4,1280,720,29.97,459,emotional_stability,high
329,10977,forehead,472.2,193.9,803.9,466.1,750.2,332.4,1164.9,672.6,69BopbFc34U.000.mp4,1280,720,29.97,459,emotional_stability,high
329,10977,chin,472.2,317.3,783.0,563.8,750.2,486.6,1138.8,794.8,69BopbFc34U.000.mp4,1280,720,29.97,459,emotional_stability,high
329,10977,left_cheek,496.7,330.8,607.8,463.2,780.9,503.5,919.8,669.0,69BopbFc34U.000.mp4,1280,720,29.97,459,emotional_stability,high
329,10977,right_cheek,708.4,367.1,790.0,488.2,1045.5,548.9,1147.5,700.2,69BopbFc34U.000.mp4,1280,720,29.97,459,emotional_stability,high
330,11011,left_eye,520.8,244.6,642.0,333.1,811.1,395.7,962.5,506.3,69BopbFc34U.000.mp4,1280,720,29.97,459,emotional_stability,high
330,11011,right_eye,694.9,276.6,794.8,350.6,1028.6,435.8,1153.5,528.2,69BopbFc34U.000.mp4,1280,720,29.97,459,emotional_stability,high
330,11011,nose,607.1,316.4,706.5,442.5,918.9,485.5,1043.1,643.1,69BopbFc34U.000.mp4,1280,720,29.97,459,emotional_stability,high
330,11011,mouth,577.5,458.7,701.9,507.1,881.8,663.4,1037.4,723.9,69BopbFc34U.000.mp4,1280,720,29.97,459,emotional_stability,high
330,11011,forehead,471.4,193.5,802.1,464.5,749.2,331.9,1162.6,670.6,69BopbFc34U.000.mp4,1280,720,29.97,459,emotional_stability,high
330,11011,chin,471.4,317.3,782.5,563.1,749.2,486.6,1138.1,793.9,69BopbFc34U.000.mp4,1280,720,29.97,459,emotional_stability,high
330,11011,left_cheek,496.1,330.7,606.5,462.9,780.1,503.4,918.1,668.7,69BopbFc34U.000.mp4,1280,720,29.97,459,emotional_stability,high
330,11011,right_cheek,707.0,365.3,788.9,486.5,1043.8,546.6,1146.2,698.2,69BopbFc34U.000.mp4,1280,720,29.97,459,emotional_stability,high
331,11044,left_eye,518.3,244.6,639.0,332.9,807.8,395.7,958.8,506.1,69BopbFc34U.000.mp4,1280,720,29.97,459,emotional_stability,high
331,11044,right_eye,692.4,276.0,792.4,350.0,1025.5,435.0,1150.6,527.4,69BopbFc34U.000.mp4,1280,720,29.97,459,emotional_stability,high
331,11044,nose,605.2,316.0,704.4,442.0,916.5,484.9,1040.6,642.5,69BopbFc34U.000.mp4,1280,720,29.97,459,emotional_stability,high
331,11044,mouth,576.1,457.8,701.4,506.4,880.1,662.3,1036.7,723.0,69BopbFc34U.000.mp4,1280,720,29.97,459,emotional_stability,high
331,11044,forehead,470.3,193.5,800.0,463.8,747.8,331.8,1160.0,669.8,69BopbFc34U.000.mp4,1280,720,29.97,459,emotional_stability,high
331,11044,chin,470.3,317.3,781.9,562.8,747.8,486.7,1137.4,793.5,69BopbFc34U.000.mp4,1280,720,29.97,459,emotional_stability,high
331,11044,left_cheek,495.1,330.8,604.4,462.8,778.8,503.5,915.5,668.5,69BopbFc34U.000.mp4,1280,720,29.97,459,emotional_stability,high
331,11044,right_cheek,705.0,364.4,787.4,485.6,1041.2,545.5,1144.2,697.0,69BopbFc34U.000.mp4,1280,720,29.97,459,emotional_stability,high
332,11077,left_eye,516.8,245.0,636.9,332.9,806.0,396.3,956.1,506.1,69BopbFc34U.000.mp4,1280,720,29.97,459,emotional_stability,high
332,11077,right_eye,690.3,275.6,790.2,349.4,1022.9,434.5,1147.8,526.7,69BopbFc34U.000.mp4,1280,720,29.97,459,emotional_stability,high
332,11077,nose,604.2,315.8,703.1,441.5,915.2,484.8,1038.8,641.9,69BopbFc34U.000.mp4,1280,720,29.97,459,emotional_stability,high
332,11077,mouth,575.0,456.6,701.0,505.8,878.7,660.7,1036.2,722.3,69BopbFc34U.000.mp4,1280,720,29.97,459,emotional_stability,high
332,11077,forehead,469.7,193.8,798.0,463.0,747.1,332.2,1157.5,668.8,69BopbFc34U.000.mp4,1280,720,29.97,459,emotional_stability,high
332,11077,chin,469.7,318.4,780.9,562.5,747.1,488.0,1136.2,793.1,69BopbFc34U.000.mp4,1280,720,29.97,459,emotional_stability,high
332,11077,left_cheek,494.7,331.4,603.1,462.8,778.4,504.3,913.9,668.6,69BopbFc34U.000.mp4,1280,720,29.97,459,emotional_stability,high
332,11077,right_cheek,703.4,363.5,785.8,484.6,1039.2,544.4,1142.2,695.8,69BopbFc34U.000.mp4,1280,720,29.97,459,emotional_stability,high
333,11111,left_eye,515.3,245.8,634.9,333.0,804.1,397.3,953.7,506.2,69BopbFc34U.000.mp4,1280,720,29.97,459,emotional_stability,high
333,11111,right_eye,688.8,275.4,788.7,349.0,1021.0,434.3,1145.9,526.2,69BopbFc34U.000.mp4,1280,720,29.97,459,emotional_stability,high
333,11111,nose,602.7,315.9,701.6,441.5,913.4,484.8,1037.0,641.9,69BopbFc34U.000.mp4,1280,720,29.97,459,emotional_stability,high
333,11111,mouth,574.1,456.8,700.4,505.8,877.6,660.9,1035.5,722.2,69BopbFc34U.000.mp4,1280,720,29.97,459,emotional_stability,high
333,11111,forehead,469.4,194.1,797.1,462.0,746.8,332.7,1156.4,667.5,69BopbFc34U.000.mp4,1280,720,29.97,459,emotional_stability,high
333,11111,chin,469.4,319.1,780.4,562.2,746.8,488.8,1135.5,792.8,69BopbFc34U.000.mp4,1280,720,29.97,459,emotional_stability,high
333,11111,left_cheek,494.2,332.2,601.6,463.1,777.8,505.3,912.1,668.8,69BopbFc34U.000.mp4,1280,720,29.97,459,emotional_stability,high
333,11111,right_cheek,702.1,362.8,784.8,484.1,1037.6,543.5,1141.0,695.1,69BopbFc34U.000.mp4,1280,720,29.97,459,emotional_stability,high
334,11144,left_eye,515.3,247.5,634.6,333.8,804.2,399.4,953.2,507.2,69BopbFc34U.000.mp4,1280,720,29.97,459,emotional_stability,high
334,11144,right_eye,689.4,275.3,789.4,348.9,1021.8,434.1,1146.7,526.2,69BopbFc34U.000.mp4,1280,720,29.97,459,emotional_stability,high
334,11144,nose,603.0,316.1,701.9,441.7,913.8,485.1,1037.4,642.2,69BopbFc34U.000.mp4,1280,720,29.97,459,emotional_stability,high
334,11144,mouth,574.4,457.1,700.4,505.6,878.0,661.4,1035.5,722.0,69BopbFc34U.000.mp4,1280,720,29.97,459,emotional_stability,high
334,11144,forehead,470.0,195.3,797.5,461.0,747.5,334.2,1156.8,666.3,69BopbFc34U.000.mp4,1280,720,29.97,459,emotional_stability,high
334,11144,chin,470.0,320.6,781.3,561.9,747.5,490.7,1136.6,792.4,69BopbFc34U.000.mp4,1280,720,29.97,459,emotional_stability,high
334,11144,left_cheek,494.2,333.9,601.9,463.8,777.8,507.3,912.4,669.8,69BopbFc34U.000.mp4,1280,720,29.97,459,emotional_stability,high
334,11144,right_cheek,702.4,362.5,785.0,483.6,1038.0,543.1,1141.2,694.5,69BopbFc34U.000.mp4,1280,720,29.97,459,emotional_stability,high
335,11177,left_eye,513.5,249.0,632.4,335.5,801.9,401.3,950.5,509.3,69BopbFc34U.000.mp4,1280,720,29.97,459,emotional_stability,high
335,11177,right_eye,687.7,275.1,787.5,349.1,1019.6,433.9,1144.4,526.3,69BopbFc34U.000.mp4,1280,720,29.97,459,emotional_stability,high
335,11177,nose,602.0,316.6,700.6,442.2,912.6,485.7,1035.8,642.7,69BopbFc34U.000.mp4,1280,720,29.97,459,emotional_stability,high
335,11177,mouth,574.1,457.2,699.8,505.5,877.6,661.5,1034.8,721.9,69BopbFc34U.000.mp4,1280,720,29.97,459,emotional_stability,high
335,11177,forehead,469.0,196.7,795.8,460.4,746.3,335.9,1154.7,665.6,69BopbFc34U.000.mp4,1280,720,29.97,459,emotional_stability,high
335,11177,chin,469.0,321.5,780.9,561.8,746.3,491.9,1136.2,792.3,69BopbFc34U.000.mp4,1280,720,29.97,459,emotional_stability,high
335,11177,left_cheek,493.5,335.2,600.6,464.4,776.9,509.0,910.7,670.5,69BopbFc34U.000.mp4,1280,720,29.97,459,emotional_stability,high
335,11177,right_cheek,700.9,362.1,784.2,483.3,1036.2,542.6,1140.3,694.1,69BopbFc34U.000.mp4,1280,720,29.97,459,emotional_stability,high
336,11211,left_eye,513.8,251.9,632.4,336.9,802.3,404.9,950.5,511.2,69BopbFc34U.000.mp4,1280,720,29.97,459,emotional_stability,high
336,11211,right_eye,688.3,275.1,788.1,349.2,1020.3,433.9,1145.1,526.5,69BopbFc34U.000.mp4,1280,720,29.97,459,emotional_stability,high
336,11211,nose,602.4,317.8,700.9,443.3,913.0,487.2,1036.1,644.1,69BopbFc34U.000.mp4,1280,720,29.97,459,emotional_stability,high
336,11211,mouth,575.2,458.7,700.1,505.5,878.9,663.4,1035.2,721.9,69BopbFc34U.000.mp4,1280,720,29.97,459,emotional_stability,high
336,11211,forehead,471.0,198.5,796.4,459.0,748.7,338.2,1155.4,663.8,69BopbFc34U.000.mp4,1280,720,29.97,459,emotional_stability,high
336,11211,chin,471.0,323.0,782.7,561.6,748.7,493.8,1138.3,792.0,69BopbFc34U.000.mp4,1280,720,29.97,459,emotional_stability,high
336,11211,left_cheek,494.4,337.2,601.0,466.0,778.0,511.5,911.2,672.5,69BopbFc34U.000.mp4,1280,720,29.97,459,emotional_stability,high
336,11211,right_cheek,701.3,361.6,785.0,483.0,1036.7,541.9,1141.2,693.8,69BopbFc34U.000.mp4,1280,720,29.97,459,emotional_stability,high
337,11244,left_eye,511.6,253.0,630.2,337.7,799.5,406.2,947.8,512.1,69BopbFc34U.000.mp4,1280,720,29.97,459,emotional_stability,high
337,11244,right_eye,686.7,274.8,787.3,349.1,1018.4,433.5,1144.2,526.4,69BopbFc34U.000.mp4,1280,720,29.97,459,emotional_stability,high
337,11244,nose,602.0,318.0,700.6,443.4,912.5,487.5,1035.8,644.2,69BopbFc34U.000.mp4,1280,720,29.97,459,emotional_stability,high
337,11244,mouth,575.1,458.9,700.1,505.2,878.9,663.6,1035.2,721.5,69BopbFc34U.000.mp4,1280,720,29.97,459,emotional_stability,high
337,11244,forehead,470.3,199.2,795.8,458.4,747.9,339.0,1154.7,663.0,69BopbFc34U.000.mp4,1280,720,29.97,459,emotional_stability,high
337,11244,chin,470.3,324.2,782.6,561.6,747.9,495.2,1138.2,792.0,69BopbFc34U.000.mp4,1280,720,29.97,459,emotional_stability,high
337,11244,left_cheek,494.1,338.1,600.2,466.5,777.7,512.7,910.3,673.2,69BopbFc34U.000.mp4,1280,720,29.97,459,emotional_stability,high
337,11244,right_cheek,700.7,360.6,784.8,482.4,1035.9,540.7,1141.0,693.0,69BopbFc34U.000.mp4,1280,720,29.97,459,emotional_stability,high
338,11277,left_eye,509.8,252.9,628.2,337.9,797.2,406.1,945.2,512.4,69BopbFc34U.000.mp4,1280,720,29.97,459,emotional_stability,high
338,11277,right_eye,685.7,273.4,785.9,348.1,1017.1,431.8,1142.4,525.1,69BopbFc34U.000.mp4,1280,720,29.97,459,emotional_stability,high
338,11277,nose,601.8,318.0,700.3,443.4,912.2,487.5,1035.3,644.2,69BopbFc34U.000.mp4,1280,720,29.97,459,emotional_stability,high
338,11277,mouth,575.3,459.4,700.1,504.8,879.1,664.3,1035.1,721.0,69BopbFc34U.000.mp4,1280,720,29.97,459,emotional_stability,high
338,11277,forehead,470.3,199.2,794.8,456.4,747.9,339.0,1153.5,660.4,69BopbFc34U.000.mp4,1280,720,29.97,459,emotional_stability,high
338,11277,chin,470.3,325.3,782.4,561.1,747.9,496.6,1138.0,791.3,69BopbFc34U.000.mp4,1280,720,29.97,459,emotional_stability,high
338,11277,left_cheek,493.8,339.0,599.6,467.2,777.2,513.8,909.5,674.0,69BopbFc34U.000.mp4,1280,720,29.97,459,emotional_stability,high
338,11277,right_cheek,700.2,358.6,784.5,480.7,1035.2,538.2,1140.6,690.8,69BopbFc34U.000.mp4,1280,720,29.97,459,emotional_stability,high
339,11311,left_eye,508.5,253.0,626.5,337.9,795.7,406.2,943.1,512.3,69BopbFc34U.000.mp4,1280,720,29.97,459,emotional_stability,high
339,11311,right_eye,684.4,272.0,784.8,346.8,1015.5,430.1,1141.0,523.4,69BopbFc34U.000.mp4,1280,720,29.97,459,emotional_stability,high
339,11311,nose,600.8,317.7,698.9,442.9,911.0,487.1,1033.6,643.6,69BopbFc34U.000.mp4,1280,720,29.97,459,emotional_stability,high
339,11311,mouth,575.2,459.4,699.6,503.9,879.0,664.2,1034.5,719.9,69BopbFc34U.000.mp4,1280,720,29.97,459,emotional_stability,high
339,11311,forehead,469.9,199.1,793.9,454.6,747.3,338.9,1152.4,658.2,69BopbFc34U.000.mp4,1280,720,29.97,459,emotional_stability,high
339,11311,chin,469.9,325.3,782.2,560.3,747.3,496.6,1137.7,790.3,69BopbFc34U.000.mp4,1280,720,29.97,459,emotional_stability,high
339,11311,left_cheek,493.1,339.0,598.6,467.2,776.4,513.8,908.2,674.0,69BopbFc34U.000.mp4,1280,720,29.97,459,emotional_stability,high
339,11311,right_cheek,698.9,356.8,783.7,479.0,1033.6,536.0,1139.7,688.8,69BopbFc34U.000.mp4,1280,720,29.97,459,emotional_stability,high
340,11344,left_eye,508.3,253.5,626.0,337.8,795.4,406.8,942.5,512.2,69BopbFc34U.000.mp4,1280,720,29.97,459,emotional_stability,high
340,11344,right_eye,684.7,270.8,785.2,345.5,1015.8,428.5,1141.5,521.9,69BopbFc34U.000.mp4,1280,720,29.97,459,emotional_stability,high
340,11344,nose,600.8,317.4,699.1,442.2,911.0,486.7,1033.9,642.7,69BopbFc34U.000.mp4,1280,720,29.97,459,emotional_stability,high
340,11344,mouth,575.1,458.5,699.7,503.7,878.9,663.2,1034.7,719.7,69BopbFc34U.000.mp4,1280,720,29.97,459,emotional_stability,high
340,11344,forehead,469.9,199.1,794.3,453.3,747.4,338.9,1152.9,656.6,69BopbFc34U.000.mp4,1280,720,29.97,459,emotional_stability,high
340,11344,chin,469.9,325.7,782.9,559.9,747.4,497.2,1138.6,789.9,69BopbFc34U.000.mp4,1280,720,29.97,459,emotional_stability,high
340,11344,left_cheek,493.1,339.3,598.5,467.1,776.4,514.1,908.1,673.9,69BopbFc34U.000.mp4,1280,720,29.97,459,emotional_stability,high
340,11344,right_cheek,699.1,355.4,783.8,477.7,1033.9,534.3,1139.7,687.1,69BopbFc34U.000.mp4,1280,720,29.97,459,emotional_stability,high
341,11378,left_eye,508.7,254.2,626.3,338.1,795.9,407.7,942.9,512.6,69BopbFc34U.000.mp4,1280,720,29.97,459,emotional_stability,high
341,11378,right_eye,685.1,269.7,785.6,344.9,1016.4,427.2,1142.0,521.1,69BopbFc34U.000.mp4,1280,720,29.97,459,emotional_stability,high
341,11378,nose,601.0,317.4,699.2,442.7,911.2,486.7,1034.1,643.3,69BopbFc34U.000.mp4,1280,720,29.97,459,emotional_stability,high
341,11378,mouth,577.0,459.8,700.0,504.0,881.2,664.7,1035.1,720.0,69BopbFc34U.000.mp4,1280,720,29.97,459,emotional_stability,high
341,11378,forehead,470.3,199.1,794.4,451.9,747.9,338.8,1153.0,654.9,69BopbFc34U.000.mp4,1280,720,29.97,459,emotional_stability,high
341,11378,chin,470.3,326.0,783.9,559.9,747.9,497.5,1139.9,789.9,69BopbFc34U.000.mp4,1280,720,29.97,459,emotional_stability,high
341,11378,left_cheek,493.3,340.1,598.8,467.8,776.6,515.1,908.4,674.8,69BopbFc34U.000.mp4,1280,720,29.97,459,emotional_stability,high
341,11378,right_cheek,699.3,354.2,784.7,477.5,1034.1,532.8,1140.9,686.8,69BopbFc34U.000.mp4,1280,720,29.97,459,emotional_stability,high
342,11411,left_eye,507.8,255.0,625.0,338.7,794.8,408.7,941.2,513.3,69BopbFc34U.000.mp4,1280,720,29.97,459,emotional_stability,high
342,11411,right_eye,684.4,269.2,784.8,344.6,1015.4,426.5,1141.0,520.7,69BopbFc34U.000.mp4,1280,720,29.97,459,emotional_stability,high
342,11411,nose,600.8,317.4,699.3,443.7,911.1,486.7,1034.1,644.6,69BopbFc34U.000.mp4,1280,720,29.97,459,emotional_stability,high
342,11411,mouth,577.5,461.1,700.1,504.6,881.9,666.3,1035.1,720.7,69BopbFc34U.000.mp4,1280,720,29.97,459,emotional_stability,high
342,11411,forehead,470.2,199.2,794.0,451.0,747.8,339.0,1152.5,653.7,69BopbFc34U.000.mp4,1280,720,29.97,459,emotional_stability,high
342,11411,chin,470.2,326.7,783.8,560.1,747.8,498.3,1139.7,790.1,69BopbFc34U.000.mp4,1280,720,29.97,459,emotional_stability,high
342,11411,left_cheek,493.1,341.2,598.5,468.9,776.4,516.4,908.1,676.1,69BopbFc34U.000.mp4,1280,720,29.97,459,emotional_stability,high
342,11411,right_cheek,699.1,353.4,784.7,477.4,1033.9,531.8,1140.9,686.7,69BopbFc34U.000.mp4,1280,720,29.97,459,emotional_stability,high
343,11444,left_eye,505.9,256.5,623.0,339.5,792.4,410.6,938.7,514.3,69BopbFc34U.000.mp4,1280,720,29.97,459,emotional_stability,high
343,11444,right_eye,683.5,268.4,784.3,344.3,1014.4,425.5,1140.4,520.4,69BopbFc34U.000.mp4,1280,720,29.97,459,emotional_stability,high
343,11444,nose,600.3,317.5,699.1,444.7,910.3,486.8,1033.9,645.8,69BopbFc34U.000.mp4,1280,720,29.97,459,emotional_stability,high
343,11444,mouth,577.6,462.5,700.1,505.9,882.1,668.1,1035.1,722.4,69BopbFc34U.000.mp4,1280,720,29.97,459,emotional_stability,high
343,11444,forehead,469.5,199.5,794.0,449.1,746.9,339.3,1152.4,651.4,69BopbFc34U.000.mp4,1280,720,29.97,459,emotional_stability,high
343,11444,chin,469.8,327.5,783.7,560.2,747.3,499.4,1139.7,790.3,69BopbFc34U.000.mp4,1280,720,29.97,459,emotional_stability,high
343,11444,left_cheek,492.3,342.4,597.7,470.1,775.4,518.1,907.1,677.6,69BopbFc34U.000.mp4,1280,720,29.97,459,emotional_stability,high
343,11444,right_cheek,698.6,352.2,784.7,476.8,1033.3,530.3,1140.9,686.0,69BopbFc34U.000.mp4,1280,720,29.97,459,emotional_stability,high
344,11478,left_eye,504.6,257.2,621.6,340.3,790.8,411.5,937.0,515.4,69BopbFc34U.000.mp4,1280,720,29.97,459,emotional_stability,high
344,11478,right_eye,682.9,268.3,783.8,344.2,1013.6,425.3,1139.8,520.2,69BopbFc34U.000.mp4,1280,720,29.97,459,emotional_stability,high
344,11478,nose,599.7,317.7,698.6,445.2,909.6,487.1,1033.3,646.5,69BopbFc34U.000.mp4,1280,720,29.97,459,emotional_stability,high
344,11478,mouth,577.8,462.8,699.7,506.6,882.3,668.5,1034.7,723.3,69BopbFc34U.000.mp4,1280,720,29.97,459,emotional_stability,high
344,11478,forehead,468.9,199.8,793.6,448.0,746.1,339.7,1152.0,650.0,69BopbFc34U.000.mp4,1280,720,29.97,459,emotional_stability,high
344,11478,chin,469.4,328.0,783.7,560.3,746.7,500.0,1139.6,790.4,69BopbFc34U.000.mp4,1280,720,29.97,459,emotional_stability,high
344,11478,left_cheek,491.7,343.2,597.0,470.8,774.6,519.0,906.3,678.5,69BopbFc34U.000.mp4,1280,720,29.97,459,emotional_stability,high
344,11478,right_cheek,698.0,351.6,784.6,476.3,1032.5,529.5,1140.7,685.4,69BopbFc34U.000.mp4,1280,720,29.97,459,emotional_stability,high
345,11511,left_eye,503.3,257.6,619.9,341.2,789.1,412.1,934.8,516.5,69BopbFc34U.000.mp4,1280,720,29.97,459,emotional_stability,high
345,11511,right_eye,681.8,268.4,782.9,344.3,1012.2,425.4,1138.6,520.3,69BopbFc34U.000.mp4,1280,720,29.97,459,emotional_stability,high
345,11511,nose,598.8,318.2,697.3,446.1,908.5,487.7,1031.7,647.7,69BopbFc34U.000.mp4,1280,720,29.97,459,emotional_stability,high
345,11511,mouth,577.8,463.7,698.6,507.5,882.3,669.6,1033.3,724.4,69BopbFc34U.000.mp4,1280,720,29.97,459,emotional_stability,high
345,11511,forehead,468.4,200.2,793.0,447.3,745.5,340.2,1151.2,649.1,69BopbFc34U.000.mp4,1280,720,29.97,459,emotional_stability,high
345,11511,chin,469.1,328.1,783.6,560.6,746.4,500.2,1139.4,790.8,69BopbFc34U.000.mp4,1280,720,29.97,459,emotional_stability,high
345,11511,left_cheek,491.1,343.8,596.0,471.4,773.8,519.7,905.0,679.3,69BopbFc34U.000.mp4,1280,720,29.97,459,emotional_stability,high
345,11511,right_cheek,696.8,351.4,783.9,476.3,1031.0,529.2,1139.9,685.3,69BopbFc34U.000.mp4,1280,720,29.97,459,emotional_stability,high
346,11544,left_eye,503.0,258.7,619.4,342.3,788.7,413.3,934.3,517.8,69BopbFc34U.000.mp4,1280,720,29.97,459,emotional_stability,high
346,11544,right_eye,681.8,268.6,782.8,344.5,1012.3,425.7,1138.5,520.6,69BopbFc34U.000.mp4,1280,720,29.97,459,emotional_stability,high
346,11544,nose,598.4,319.2,697.1,448.0,908.0,489.0,1031.4,649.9,69BopbFc34U.000.mp4,1280,720,29.97,459,emotional_stability,high
346,11544,mouth,577.8,465.1,698.3,508.9,882.2,671.4,1032.8,726.2,69BopbFc34U.000.mp4,1280,720,29.97,459,emotional_stability,high
346,11544,forehead,468.5,200.7,792.8,447.9,745.6,340.8,1151.1,649.9,69BopbFc34U.000.mp4,1280,720,29.97,459,emotional_stability,high
346,11544,chin,469.1,328.7,783.6,561.3,746.4,500.9,1139.4,791.6,69BopbFc34U.000.mp4,1280,720,29.97,459,emotional_stability,high
346,11544,left_cheek,490.7,344.8,595.6,472.6,773.4,521.1,904.4,680.8,69BopbFc34U.000.mp4,1280,720,29.97,459,emotional_stability,high
346,11544,right_cheek,696.7,351.9,783.9,476.4,1030.8,529.9,1139.9,685.5,69BopbFc34U.000.mp4,1280,720,29.97,459,emotional_stability,high
347,11578,left_eye,502.0,259.3,618.1,343.5,787.5,414.1,932.6,519.4,69BopbFc34U.000.mp4,1280,720,29.97,459,emotional_stability,high
347,11578,right_eye,680.6,268.7,781.9,345.2,1010.7,425.9,1137.4,521.5,69BopbFc34U.000.mp4,1280,720,29.97,459,emotional_stability,high
347,11578,nose,597.1,320.1,696.0,449.1,906.3,490.2,1030.0,651.4,69BopbFc34U.000.mp4,1280,720,29.97,459,emotional_stability,high
347,11578,mouth,577.3,466.1,697.1,510.3,881.6,672.6,1031.3,727.9,69BopbFc34U.000.mp4,1280,720,29.97,459,emotional_stability,high
347,11578,forehead,468.1,201.0,792.5,448.5,745.1,341.3,1150.7,650.7,69BopbFc34U.000.mp4,1280,720,29.97,459,emotional_stability,high
347,11578,chin,468.8,329.6,783.5,562.5,746.0,502.0,1139.4,793.1,69BopbFc34U.000.mp4,1280,720,29.97,459,emotional_stability,high
347,11578,left_cheek,490.1,345.8,594.4,473.7,772.6,522.2,903.0,682.2,69BopbFc34U.000.mp4,1280,720,29.97,459,emotional_stability,high
347,11578,right_cheek,695.5,352.3,783.3,476.8,1029.4,530.3,1139.1,685.9,69BopbFc34U.000.mp4,1280,720,29.97,459,emotional_stability,high
348,11611,left_eye,501.2,260.1,617.1,344.1,786.5,415.1,931.4,520.1,69BopbFc34U.000.mp4,1280,720,29.97,459,emotional_stability,high
348,11611,right_eye,680.1,268.8,781.4,345.4,1010.1,426.0,1136.8,521.7,69BopbFc34U.000.mp4,1280,720,29.97,459,emotional_stability,high
348,11611,nose,596.4,320.7,695.4,449.5,905.5,490.9,1029.2,651.9,69BopbFc34U.000.mp4,1280,720,29.97,459,emotional_stability,high
348,11611,mouth,577.2,467.0,697.1,510.1,881.5,673.7,1031.4,727.7,69BopbFc34U.000.mp4,1280,720,29.97,459,emotional_stability,high
348,11611,forehead,468.0,201.7,792.3,448.8,745.0,342.1,1150.3,651.0,69BopbFc34U.000.mp4,1280,720,29.97,459,emotional_stability,high
348,11611,chin,468.7,330.5,783.5,562.7,745.9,503.2,1139.4,793.3,69BopbFc34U.000.mp4,1280,720,29.97,459,emotional_stability,high
348,11611,left_cheek,489.8,346.6,593.8,474.4,772.2,523.3,902.3,683.0,69BopbFc34U.000.mp4,1280,720,29.97,459,emotional_stability,high
348,11611,right_cheek,695.1,352.4,783.1,476.9,1028.8,530.5,1138.8,686.1,69BopbFc34U.000.mp4,1280,720,29.97,459,emotional_stability,high
349,11644,left_eye,500.6,260.1,616.2,344.2,785.8,415.2,930.3,520.3,69BopbFc34U.000.mp4,1280,720,29.97,459,emotional_stability,high
349,11644,right_eye,679.2,268.8,780.7,345.4,1009.0,426.0,1135.9,521.8,69BopbFc34U.000.mp4,1280,720,29.97,459,emotional_stability,high
349,11644,nose,596.1,320.7,694.9,449.2,905.1,490.8,1028.6,651.5,69BopbFc34U.000.mp4,1280,720,29.97,459,emotional_stability,high
349,11644,mouth,576.1,466.6,697.2,509.2,880.1,673.2,1031.5,726.4,69BopbFc34U.000.mp4,1280,720,29.97,459,emotional_stability,high
349,11644,forehead,468.0,202.3,791.7,448.8,745.0,342.8,1149.7,651.0,69BopbFc34U.000.mp4,1280,720,29.97,459,emotional_stability,high
349,11644,chin,468.7,331.4,783.4,562.2,745.9,504.2,1139.3,792.7,69BopbFc34U.000.mp4,1280,720,29.97,459,emotional_stability,high
349,11644,left_cheek,489.5,346.8,593.3,474.1,771.9,523.5,901.6,682.6,69BopbFc34U.000.mp4,1280,720,29.97,459,emotional_stability,high
349,11644,right_cheek,694.6,352.4,782.5,476.7,1028.2,530.5,1138.2,685.8,69BopbFc34U.000.mp4,1280,720,29.97,459,emotional_stability,high
350,11678,left_eye,500.4,259.9,615.5,344.0,785.5,414.8,929.4,520.0,69BopbFc34U.000.mp4,1280,720,29.97,459,emotional_stability,high
350,11678,right_eye,678.4,268.2,780.2,345.3,1008.0,425.3,1135.2,521.7,69BopbFc34U.000.mp4,1280,720,29.97,459,emotional_stability,high
350,11678,nose,595.8,320.6,694.1,449.2,904.8,490.8,1027.6,651.5,69BopbFc34U.000.mp4,1280,720,29.97,459,emotional_stability,high
350,11678,mouth,575.8,466.5,696.9,508.1,879.7,673.1,1031.2,725.1,69BopbFc34U.000.mp4,1280,720,29.97,459,emotional_stability,high
350,11678,forehead,468.1,202.2,791.6,448.2,745.1,342.8,1149.5,650.2,69BopbFc34U.000.mp4,1280,720,29.97,459,emotional_stability,high
350,11678,chin,468.7,331.2,783.5,561.9,745.9,504.0,1139.3,792.4,69BopbFc34U.000.mp4,1280,720,29.97,459,emotional_stability,high
350,11678,left_cheek,489.4,346.5,592.9,473.8,771.7,523.2,901.1,682.3,69BopbFc34U.000.mp4,1280,720,29.97,459,emotional_stability,high
350,11678,right_cheek,693.9,351.8,782.3,476.2,1027.4,529.7,1137.9,685.2,69BopbFc34U.000.mp4,1280,720,29.97,459,emotional_stability,high
351,11711,left_eye,500.6,259.6,615.4,343.8,785.8,414.6,929.2,519.8,69BopbFc34U.000.mp4,1280,720,29.97,459,emotional_stability,high
351,11711,right_eye,678.4,267.4,780.0,345.1,1008.0,424.2,1135.0,521.3,69BopbFc34U.000.mp4,1280,720,29.97,459,emotional_stability,high
351,11711,nose,595.7,320.2,693.8,448.9,904.6,490.3,1027.3,651.2,69BopbFc34U.000.mp4,1280,720,29.97,459,emotional_stability,high
351,11711,mouth,575.8,466.3,696.8,508.8,879.7,672.9,1031.0,726.0,69BopbFc34U.000.mp4,1280,720,29.97,459,emotional_stability,high
351,11711,forehead,468.2,202.2,791.6,448.4,745.2,342.7,1149.5,650.5,69BopbFc34U.000.mp4,1280,720,29.97,459,emotional_stability,high
351,11711,chin,469.0,331.7,783.6,562.4,746.3,504.7,1139.5,793.0,69BopbFc34U.000.mp4,1280,720,29.97,459,emotional_stability,high
351,11711,left_cheek,489.5,346.5,592.7,473.7,771.9,523.1,900.9,682.2,69BopbFc34U.000.mp4,1280,720,29.97,459,emotional_stability,high
351,11711,right_cheek,693.8,351.7,782.2,476.2,1027.3,529.6,1137.8,685.3,69BopbFc34U.000.mp4,1280,720,29.97,459,emotional_stability,high
352,11745,left_eye,500.3,259.5,614.8,343.8,785.4,414.4,928.5,519.7,69BopbFc34U.000.mp4,1280,720,29.97,459,emotional_stability,high
352,11745,right_eye,677.7,266.9,779.7,344.9,1007.1,423.6,1134.7,521.1,69BopbFc34U.000.mp4,1280,720,29.97,459,emotional_stability,high
352,11745,nose,594.2,319.5,693.4,447.3,902.8,489.4,1026.7,649.1,69BopbFc34U.000.mp4,1280,720,29.97,459,emotional_stability,high
352,11745,mouth,574.8,465.4,696.4,509.6,878.5,671.8,1030.5,727.0,69BopbFc34U.000.mp4,1280,720,29.97,459,emotional_stability,high
352,11745,forehead,468.2,202.1,791.4,448.5,745.2,342.6,1149.3,650.6,69BopbFc34U.000.mp4,1280,720,29.97,459,emotional_stability,high
352,11745,chin,469.0,332.0,783.6,562.5,746.3,505.0,1139.4,793.1,69BopbFc34U.000.mp4,1280,720,29.97,459,emotional_stability,high
352,11745,left_cheek,489.3,346.3,592.0,473.6,771.6,522.9,900.0,682.0,69BopbFc34U.000.mp4,1280,720,29.97,459,emotional_stability,high
352,11745,right_cheek,693.2,351.7,781.8,476.3,1026.5,529.6,1137.2,685.3,69BopbFc34U.000.mp4,1280,720,29.97,459,emotional_stability,high
353,11778,left_eye,499.7,259.4,614.0,343.7,784.6,414.3,927.5,519.6,69BopbFc34U.000.mp4,1280,720,29.97,459,emotional_stability,high
353,11778,right_eye,676.9,266.4,779.1,344.7,1006.2,423.0,1133.9,520.9,69BopbFc34U.000.mp4,1280,720,29.97,459,emotional_stability,high
353,11778,nose,593.7,319.1,692.6,446.7,902.1,488.9,1025.7,648.4,69BopbFc34U.000.mp4,1280,720,29.97,459,emotional_stability,high
353,11778,mouth,574.8,465.3,695.6,509.2,878.6,671.7,1029.6,726.6,69BopbFc34U.000.mp4,1280,720,29.97,459,emotional_stability,high
353,11778,forehead,468.1,202.0,790.7,448.6,745.1,342.5,1148.4,650.7,69BopbFc34U.000.mp4,1280,720,29.97,459,emotional_stability,high
353,11778,chin,468.9,332.3,783.2,562.5,746.2,505.4,1139.0,793.1,69BopbFc34U.000.mp4,1280,720,29.97,459,emotional_stability,high
353,11778,left_cheek,489.1,346.4,591.5,473.6,771.4,523.0,899.3,682.0,69BopbFc34U.000.mp4,1280,720,29.97,459,emotional_stability,high
353,11778,right_cheek,692.5,351.6,781.0,476.2,1025.6,529.5,1136.3,685.3,69BopbFc34U.000.mp4,1280,720,29.97,459,emotional_stability,high
354,11811,left_eye,499.1,259.3,613.2,343.6,783.9,414.2,926.5,519.5,69BopbFc34U.000.mp4,1280,720,29.97,459,emotional_stability,high
354,11811,right_eye,676.0,265.6,778.3,344.5,1005.0,422.0,1132.8,520.7,69BopbFc34U.000.mp4,1280,720,29.97,459,emotional_stability,high
354,11811,nose,593.3,318.8,692.0,446.1,901.7,488.5,1024.9,647.6,69BopbFc34U.000.mp4,1280,720,29.97,459,emotional_stability,high
354,11811,mouth,574.7,465.2,695.5,507.3,878.4,671.5,1029.4,724.1,69BopbFc34U.000.mp4,1280,720,29.97,459,emotional_stability,high
354,11811,forehead,467.8,202.0,790.1,448.4,744.8,342.5,1147.7,650.4,69BopbFc34U.000.mp4,1280,720,29.97,459,emotional_stability,high
354,11811,chin,468.7,332.5,783.1,562.0,745.9,505.6,1138.8,792.5,69BopbFc34U.000.mp4,1280,720,29.97,459,emotional_stability,high
354,11811,left_cheek,488.7,346.4,591.0,473.5,770.9,523.0,898.8,681.9,69BopbFc34U.000.mp4,1280,720,29.97,459,emotional_stability,high
354,11811,right_cheek,691.9,351.0,780.4,475.6,1024.9,528.8,1135.5,684.5,69BopbFc34U.000.mp4,1280,720,29.97,459,emotional_stability,high
355,11845,left_eye,498.7,259.3,612.8,343.6,783.4,414.1,926.0,519.5,69BopbFc34U.000.mp4,1280,720,29.97,459,emotional_stability,high
355,11845,right_eye,675.8,265.1,778.0,344.0,1004.8,421.4,1132.5,520.0,69BopbFc34U.000.mp4,1280,720,29.97,459,emotional_stability,high
355,11845,nose,593.3,318.3,692.0,445.0,901.7,487.9,1025.0,646.3,69BopbFc34U.000.mp4,1280,720,29.97,459,emotional_stability,high
355,11845,mouth,574.8,464.8,695.6,505.6,878.4,671.0,1029.5,722.0,69BopbFc34U.000.mp4,1280,720,29.97,459,emotional_stability,high
355,11845,forehead,467.8,202.0,789.9,447.5,744.7,342.5,1147.4,649.3,69BopbFc34U.000.mp4,1280,720,29.97,459,emotional_stability,high
355,11845,chin,468.7,332.5,783.0,561.0,745.9,505.7,1138.8,791.2,69BopbFc34U.000.mp4,1280,720,29.97,459,emotional_stability,high
355,11845,left_cheek,488.7,346.4,590.9,473.5,770.8,523.0,898.7,681.8,69BopbFc34U.000.mp4,1280,720,29.97,459,emotional_stability,high
355,11845,right_cheek,691.9,350.1,780.3,474.5,1024.9,527.6,1135.4,683.2,69BopbFc34U.000.mp4,1280,720,29.97,459,emotional_stability,high
356,11878,left_eye,498.3,259.2,612.4,343.5,782.9,414.0,925.6,519.3,69BopbFc34U.000.mp4,1280,720,29.97,459,emotional_stability,high
356,11878,right_eye,675.6,264.6,777.6,343.5,1004.6,420.8,1132.0,519.3,69BopbFc34U.000.mp4,1280,720,29.97,459,emotional_stability,high
356,11878,nose,593.4,317.6,692.1,444.0,901.8,487.1,1025.1,645.0,69BopbFc34U.000.mp4,1280,720,29.97,459,emotional_stability,high
356,11878,mouth,574.7,463.7,695.7,503.6,878.4,669.6,1029.6,719.5,69BopbFc34U.000.mp4,1280,720,29.97,459,emotional_stability,high
356,11878,forehead,467.5,201.8,789.6,447.2,744.4,342.2,1147.0,649.0,69BopbFc34U.000.mp4,1280,720,29.97,459,emotional_stability,high
356,11878,chin,468.5,332.8,783.0,559.7,745.7,506.0,1138.7,789.6,69BopbFc34U.000.mp4,1280,720,29.97,459,emotional_stability,high
356,11878,left_cheek,488.4,346.4,590.8,473.3,770.5,523.0,898.5,681.6,69BopbFc34U.000.mp4,1280,720,29.97,459,emotional_stability,high
356,11878,right_cheek,691.9,349.4,780.3,473.6,1024.9,526.8,1135.3,682.0,69BopbFc34U.000.mp4,1280,720,29.97,459,emotional_stability,high
357,11911,left_eye,497.8,259.2,612.1,343.2,782.3,414.0,925.1,519.0,69BopbFc34U.000.mp4,1280,720,29.97,459,emotional_stability,high
357,11911,right_eye,675.4,264.0,777.1,342.8,1004.3,420.0,1131.4,518.6,69BopbFc34U.000.mp4,1280,720,29.97,459,emotional_stability,high
357,11911,nose,593.6,317.1,692.1,443.5,901.9,486.4,1025.1,644.4,69BopbFc34U.000.mp4,1280,720,29.97,459,emotional_stability,high
357,11911,mouth,574.8,462.9,695.8,502.8,878.4,668.7,1029.7,718.4,69BopbFc34U.000.mp4,1280,720,29.97,459,emotional_stability,high
357,11911,forehead,467.1,201.6,789.1,446.5,743.8,342.0,1146.4,648.1,69BopbFc34U.000.mp4,1280,720,29.97,459,emotional_stability,high
357,11911,chin,468.2,333.0,782.7,558.8,745.3,506.2,1138.3,788.5,69BopbFc34U.000.mp4,1280,720,29.97,459,emotional_stability,high
357,11911,left_cheek,488.1,346.4,590.7,473.0,770.2,523.0,898.4,681.3,69BopbFc34U.000.mp4,1280,720,29.97,459,emotional_stability,high
357,11911,right_cheek,691.8,348.5,780.1,472.7,1024.8,525.6,1135.1,680.9,69BopbFc34U.000.mp4,1280,720,29.97,459,emotional_stability,high
358,11945,left_eye,497.7,259.2,612.0,343.2,782.1,414.0,925.1,519.0,69BopbFc34U.000.mp4,1280,720,29.97,459,emotional_stability,high
358,11945,right_eye,675.6,263.9,776.9,342.8,1004.5,419.9,1131.2,518.5,69BopbFc34U.000.mp4,1280,720,29.97,459,emotional_stability,high
358,11945,nose,593.6,317.0,692.2,443.6,902.0,486.3,1025.2,644.5,69BopbFc34U.000.mp4,1280,720,29.97,459,emotional_stability,high
358,11945,mouth,574.8,462.8,695.8,502.8,878.4,668.5,1029.7,718.5,69BopbFc34U.000.mp4,1280,720,29.97,459,emotional_stability,high
358,11945,forehead,466.8,201.5,788.8,446.5,743.5,341.8,1145.9,648.2,69BopbFc34U.000.mp4,1280,720,29.97,459,emotional_stability,high
358,11945,chin,468.0,333.1,782.4,558.6,745.0,506.4,1137.9,788.3,69BopbFc34U.000.mp4,1280,720,29.97,459,emotional_stability,high
358,11945,left_cheek,487.8,346.5,590.6,473.0,769.8,523.1,898.2,681.2,69BopbFc34U.000.mp4,1280,720,29.97,459,emotional_stability,high
358,11945,right_cheek,691.8,348.5,780.0,472.7,1024.8,525.6,1135.0,680.9,69BopbFc34U.000.mp4,1280,720,29.97,459,emotional_stability,high
359,11978,left_eye,497.4,259.2,611.8,343.1,781.8,413.9,924.8,518.9,69BopbFc34U.000.mp4,1280,720,29.97,459,emotional_stability,high
359,11978,right_eye,675.4,263.6,776.5,342.7,1004.2,419.5,1130.6,518.4,69BopbFc34U.000.mp4,1280,720,29.97,459,emotional_stability,high
359,11978,nose,593.6,316.9,692.0,443.6,902.0,486.2,1025.0,644.5,69BopbFc34U.000.mp4,1280,720,29.97,459,emotional_stability,high
359,11978,mouth,574.7,462.8,695.8,502.9,878.3,668.5,1029.8,718.6,69BopbFc34U.000.mp4,1280,720,29.97,459,emotional_stability,high
359,11978,forehead,466.4,201.3,788.2,446.7,743.0,341.6,1145.3,648.3,69BopbFc34U.000.mp4,1280,720,29.97,459,emotional_stability,high
359,11978,chin,467.6,333.1,781.8,558.7,744.5,506.4,1137.3,788.4,69BopbFc34U.000.mp4,1280,720,29.97,459,emotional_stability,high
359,11978,left_cheek,487.5,346.5,590.4,473.0,769.4,523.1,898.0,681.2,69BopbFc34U.000.mp4,1280,720,29.97,459,emotional_stability,high
359,11978,right_cheek,691.6,348.4,779.7,472.8,1024.5,525.5,1134.6,681.0,69BopbFc34U.000.mp4,1280,720,29.97,459,emotional_stability,high
360,12012,left_eye,497.0,258.5,611.6,342.1,781.3,413.1,924.6,517.6,69BopbFc34U.000.mp4,1280,720,29.97,459,emotional_stability,high
360,12012,right_eye,675.2,263.0,776.4,342.2,1004.0,418.7,1130.5,517.7,69BopbFc34U.000.mp4,1280,720,29.97,459,emotional_stability,high
360,12012,nose,593.2,316.2,691.9,443.1,901.5,485.2,1024.8,643.8,69BopbFc34U.000.mp4,1280,720,29.97,459,emotional_stability,high
360,12012,mouth,573.9,462.2,695.7,503.0,877.4,667.7,1029.7,718.8,69BopbFc34U.000.mp4,1280,720,29.97,459,emotional_stability,high
360,12012,forehead,466.1,200.4,788.1,446.6,742.6,340.5,1145.1,648.3,69BopbFc34U.000.mp4,1280,720,29.97,459,emotional_stability,high
360,12012,chin,467.2,333.1,781.7,558.8,744.0,506.4,1137.1,788.5,69BopbFc34U.000.mp4,1280,720,29.97,459,emotional_stability,high
360,12012,left_cheek,487.1,346.2,590.0,472.6,768.8,522.8,897.5,680.7,69BopbFc34U.000.mp4,1280,720,29.97,459,emotional_stability,high
360,12012,right_cheek,691.5,348.4,779.6,472.7,1024.3,525.5,1134.5,680.9,69BopbFc34U.000.mp4,1280,720,29.97,459,emotional_stability,high
361,12045,left_eye,496.9,258.1,611.5,341.4,781.1,412.6,924.4,516.8,69BopbFc34U.000.mp4,1280,720,29.97,459,emotional_stability,high
361,12045,right_eye,674.8,262.7,776.3,341.9,1003.5,418.4,1130.3,517.3,69BopbFc34U.000.mp4,1280,720,29.97,459,emotional_stability,high
361,12045,nose,592.7,315.7,691.5,443.0,900.8,484.6,1024.3,643.8,69BopbFc34U.000.mp4,1280,720,29.97,459,emotional_stability,high
361,12045,mouth,573.3,462.1,695.1,505.2,876.6,667.6,1028.9,721.5,69BopbFc34U.000.mp4,1280,720,29.97,459,emotional_stability,high
361,12045,forehead,465.6,200.1,787.8,446.6,741.9,340.2,1144.8,648.3,69BopbFc34U.000.mp4,1280,720,29.97,459,emotional_stability,high
361,12045,chin,466.7,333.1,781.1,560.1,743.3,506.3,1136.4,790.1,69BopbFc34U.000.mp4,1280,720,29.97,459,emotional_stability,high
361,12045,left_cheek,486.8,345.9,589.6,472.4,768.4,522.4,897.0,680.5,69BopbFc34U.000.mp4,1280,720,29.97,459,emotional_stability,high
361,12045,right_cheek,691.0,348.4,779.2,472.8,1023.8,525.5,1134.0,681.0,69BopbFc34U.000.mp4,1280,720,29.97,459,emotional_stability,high
362,12078,left_eye,496.7,257.3,611.5,340.7,780.9,411.6,924.4,515.9,69BopbFc34U.000.mp4,1280,720,29.97,459,emotional_stability,high
362,12078,right_eye,674.7,262.5,776.1,341.6,1003.3,418.1,1130.2,517.0,69BopbFc34U.000.mp4,1280,720,29.97,459,emotional_stability,high
362,12078,nose,592.4,315.5,691.4,443.1,900.5,484.4,1024.2,643.9,69BopbFc34U.000.mp4,1280,720,29.97,459,emotional_stability,high
362,12078,mouth,572.4,462.1,694.9,510.3,875.5,667.6,1028.6,727.9,69BopbFc34U.000.mp4,1280,720,29.97,459,emotional_stability,high
362,12078,forehead,465.2,199.5,787.7,446.8,741.5,339.4,1144.6,648.5,69BopbFc34U.000.mp4,1280,720,29.97,459,emotional_stability,high
362,12078,chin,466.4,332.7,780.7,563.0,743.0,505.9,1135.9,793.8,69BopbFc34U.000.mp4,1280,720,29.97,459,emotional_stability,high
362,12078,left_cheek,486.5,345.6,589.4,472.4,768.2,522.0,896.7,680.5,69BopbFc34U.000.mp4,1280,720,29.97,459,emotional_stability,high
362,12078,right_cheek,690.9,348.5,779.1,473.1,1023.6,525.6,1133.8,681.4,69BopbFc34U.000.mp4,1280,720,29.97,459,emotional_stability,high
363,12112,left_eye,496.8,256.2,611.5,340.1,781.0,410.3,924.4,515.1,69BopbFc34U.000.mp4,1280,720,29.97,459,emotional_stability,high
363,12112,right_eye,674.7,262.5,776.2,341.5,1003.4,418.2,1130.3,516.9,69BopbFc34U.000.mp4,1280,720,29.97,459,emotional_stability,high
363,12112,nose,592.4,315.5,691.5,443.7,900.5,484.4,1024.4,644.6,69BopbFc34U.000.mp4,1280,720,29.97,459,emotional_stability,high
363,12112,mouth,571.2,461.8,695.0,514.2,874.0,667.3,1028.8,732.7,69BopbFc34U.000.mp4,1280,720,29.97,459,emotional_stability,high
363,12112,forehead,464.9,198.6,787.6,447.5,741.2,338.2,1144.6,649.4,69BopbFc34U.000.mp4,1280,720,29.97,459,emotional_stability,high
363,12112,chin,466.2,332.1,780.2,565.4,742.8,505.2,1135.3,796.8,69BopbFc34U.000.mp4,1280,720,29.97,459,emotional_stability,high
363,12112,left_cheek,486.5,345.2,589.4,472.5,768.1,521.5,896.8,680.6,69BopbFc34U.000.mp4,1280,720,29.97,459,emotional_stability,high
363,12112,right_cheek,690.9,348.6,779.1,474.0,1023.6,525.7,1133.8,682.6,69BopbFc34U.000.mp4,1280,720,29.97,459,emotional_stability,high
364,12145,left_eye,497.2,255.3,613.0,339.2,781.5,409.1,926.3,514.0,69BopbFc34U.000.mp4,1280,720,29.97,459,emotional_stability,high
364,12145,right_eye,675.9,262.6,777.1,341.5,1004.9,418.2,1131.4,516.9,69BopbFc34U.000.mp4,1280,720,29.97,459,emotional_stability,high
364,12145,nose,592.5,315.5,692.1,444.2,900.6,484.4,1025.1,645.3,69BopbFc34U.000.mp4,1280,720,29.97,459,emotional_stability,high
364,12145,mouth,570.8,461.8,695.1,515.5,873.5,667.3,1028.8,734.3,69BopbFc34U.000.mp4,1280,720,29.97,459,emotional_stability,high
364,12145,forehead,464.9,197.9,787.9,448.7,741.2,337.4,1144.9,650.9,69BopbFc34U.000.mp4,1280,720,29.97,459,emotional_stability,high
364,12145,chin,466.1,330.3,780.2,566.6,742.7,502.9,1135.3,798.2,69BopbFc34U.000.mp4,1280,720,29.97,459,emotional_stability,high
364,12145,left_cheek,486.5,344.0,589.5,472.5,768.1,520.0,896.9,680.6,69BopbFc34U.000.mp4,1280,720,29.97,459,emotional_stability,high
364,12145,right_cheek,691.5,349.6,779.3,475.8,1024.4,527.0,1134.2,684.8,69BopbFc34U.000.mp4,1280,720,29.97,459,emotional_stability,high
365,12178,left_eye,498.0,254.2,614.6,338.4,782.6,407.8,928.3,513.0,69BopbFc34U.000.mp4,1280,720,29.97,459,emotional_stability,high
365,12178,right_eye,676.5,262.6,777.7,341.4,1005.6,418.3,1132.1,516.8,69BopbFc34U.000.mp4,1280,720,29.97,459,emotional_stability,high
365,12178,nose,592.7,315.3,692.3,444.2,900.8,484.1,1025.4,645.3,69BopbFc34U.000.mp4,1280,720,29.97,459,emotional_stability,high
365,12178,mouth,570.7,461.7,695.3,514.3,873.4,667.1,1029.1,732.8,69BopbFc34U.000.mp4,1280,720,29.97,459,emotional_stability,high
365,12178,forehead,465.0,197.3,788.3,450.0,741.2,336.6,1145.4,652.5,69BopbFc34U.000.mp4,1280,720,29.97,459,emotional_stability,high
365,12178,chin,466.1,329.9,780.3,566.6,742.7,502.4,1135.3,798.2,69BopbFc34U.000.mp4,1280,720,29.97,459,emotional_stability,high
365,12178,left_cheek,486.5,343.4,589.9,472.4,768.1,519.2,897.3,680.5,69BopbFc34U.000.mp4,1280,720,29.97,459,emotional_stability,high
365,12178,right_cheek,692.0,350.0,779.5,476.3,1025.0,527.5,1134.4,685.4,69BopbFc34U.000.mp4,1280,720,29.97,459,emotional_stability,high
366,12212,left_eye,498.6,253.1,615.3,337.7,783.2,406.4,929.1,512.2,69BopbFc34U.000.mp4,1280,720,29.97,459,emotional_stability,high
366,12212,right_eye,676.9,262.7,778.1,341.4,1006.1,418.4,1132.6,516.7,69BopbFc34U.000.mp4,1280,720,29.97,459,emotional_stability,high
366,12212,nose,592.7,314.9,692.5,443.7,900.9,483.6,1025.6,644.6,69BopbFc34U.000.mp4,1280,720,29.97,459,emotional_stability,high
366,12212,mouth,570.5,461.3,695.6,513.9,873.1,666.6,1029.5,732.3,69BopbFc34U.000.mp4,1280,720,29.97,459,emotional_stability,high
366,12212,forehead,465.0,196.8,788.6,451.0,741.2,336.0,1145.8,653.8,69BopbFc34U.000.mp4,1280,720,29.97,459,emotional_stability,high
366,12212,chin,466.1,329.7,780.3,566.3,742.6,502.1,1135.3,797.9,69BopbFc34U.000.mp4,1280,720,29.97,459,emotional_stability,high
366,12212,left_cheek,486.5,342.8,590.0,472.0,768.1,518.4,897.5,680.0,69BopbFc34U.000.mp4,1280,720,29.97,459,emotional_stability,high
366,12212,right_cheek,692.3,350.3,779.7,476.4,1025.3,527.9,1134.6,685.5,69BopbFc34U.000.mp4,1280,720,29.97,459,emotional_stability,high
367,12245,left_eye,498.8,252.2,615.8,337.2,783.5,405.3,929.7,511.5,69BopbFc34U.000.mp4,1280,720,29.97,459,emotional_stability,high
367,12245,right_eye,677.1,262.7,778.3,341.2,1006.4,418.3,1132.9,516.5,69BopbFc34U.000.mp4,1280,720,29.97,459,emotional_stability,high
367,12245,nose,592.7,314.3,692.7,443.2,900.9,482.9,1025.8,644.0,69BopbFc34U.000.mp4,1280,720,29.97,459,emotional_stability,high
367,12245,mouth,570.4,461.3,695.8,513.0,873.0,666.6,1029.7,731.2,69BopbFc34U.000.mp4,1280,720,29.97,459,emotional_stability,high
367,12245,forehead,465.0,196.3,788.7,451.2,741.3,335.4,1145.8,654.0,69BopbFc34U.000.mp4,1280,720,29.97,459,emotional_stability,high
367,12245,chin,466.1,329.4,780.3,566.1,742.6,501.8,1135.3,797.6,69BopbFc34U.000.mp4,1280,720,29.97,459,emotional_stability,high
367,12245,left_cheek,486.5,342.2,590.1,471.6,768.2,517.8,897.6,679.6,69BopbFc34U.000.mp4,1280,720,29.97,459,emotional_stability,high
367,12245,right_cheek,692.5,350.4,779.7,476.4,1025.6,528.0,1134.6,685.5,69BopbFc34U.000.mp4,1280,720,29.97,459,emotional_stability,high
368,12278,left_eye,499.0,251.7,616.0,336.8,783.7,404.7,930.0,511.0,69BopbFc34U.000.mp4,1280,720,29.97,459,emotional_stability,high
368,12278,right_eye,677.4,262.7,778.5,341.0,1006.7,418.4,1133.1,516.3,69BopbFc34U.000.mp4,1280,720,29.97,459,emotional_stability,high
368,12278,nose,592.7,313.9,692.9,442.6,900.9,482.4,1026.2,643.2,69BopbFc34U.000.mp4,1280,720,29.97,459,emotional_stability,high
368,12278,mouth,570.3,460.7,696.1,511.9,872.9,665.9,1030.2,729.9,69BopbFc34U.000.mp4,1280,720,29.97,459,emotional_stability,high
368,12278,forehead,465.0,196.0,788.7,451.3,741.3,335.0,1145.8,654.2,69BopbFc34U.000.mp4,1280,720,29.97,459,emotional_stability,high
368,12278,chin,466.0,329.3,780.2,566.0,742.5,501.6,1135.2,797.5,69BopbFc34U.000.mp4,1280,720,29.97,459,emotional_stability,high
368,12278,left_cheek,486.5,341.9,590.1,471.1,768.2,517.3,897.7,678.8,69BopbFc34U.000.mp4,1280,720,29.97,459,emotional_stability,high
368,12278,right_cheek,692.7,350.5,779.8,476.4,1025.9,528.1,1134.7,685.4,69BopbFc34U.000.mp4,1280,720,29.97,459,emotional_stability,high
369,12312,left_eye,499.3,251.8,616.4,336.8,784.2,404.8,930.4,510.9,69BopbFc34U.000.mp4,1280,720,29.97,459,emotional_stability,high
369,12312,right_eye,677.6,262.7,778.5,340.9,1007.0,418.4,1133.1,516.2,69BopbFc34U.000.mp4,1280,720,29.97,459,emotional_stability,high
369,12312,nose,592.9,313.8,693.2,442.1,901.1,482.2,1026.5,642.6,69BopbFc34U.000.mp4,1280,720,29.97,459,emotional_stability,high
369,12312,mouth,570.4,460.2,696.3,510.8,873.0,665.2,1030.4,728.5,69BopbFc34U.000.mp4,1280,720,29.97,459,emotional_stability,high
369,12312,forehead,465.0,196.0,788.6,451.3,741.3,335.1,1145.8,654.1,69BopbFc34U.000.mp4,1280,720,29.97,459,emotional_stability,high
369,12312,chin,466.0,329.3,779.8,565.8,742.5,501.6,1134.7,797.2,69BopbFc34U.000.mp4,1280,720,29.97,459,emotional_stability,high
369,12312,left_cheek,486.6,341.7,590.3,470.6,768.3,517.2,897.9,678.2,69BopbFc34U.000.mp4,1280,720,29.97,459,emotional_stability,high
369,12312,right_cheek,692.9,350.5,779.8,476.2,1026.1,528.1,1134.7,685.3,69BopbFc34U.000.mp4,1280,720,29.97,459,emotional_stability,high
370,12345,left_eye,499.3,251.7,616.3,336.6,784.1,404.6,930.4,510.7,69BopbFc34U.000.mp4,1280,720,29.97,459,emotional_stability,high
370,12345,right_eye,677.6,262.7,778.5,340.7,1007.0,418.4,1133.1,515.9,69BopbFc34U.000.mp4,1280,720,29.97,459,emotional_stability,high
370,12345,nose,592.9,313.4,693.4,440.9,901.1,481.7,1026.7,641.2,69BopbFc34U.000.mp4,1280,720,29.97,459,emotional_stability,high
370,12345,mouth,570.4,459.5,696.4,508.5,873.0,664.4,1030.5,725.6,69BopbFc34U.000.mp4,1280,720,29.97,459,emotional_stability,high
370,12345,forehead,464.7,196.0,788.6,451.2,740.9,335.0,1145.7,654.0,69BopbFc34U.000.mp4,1280,720,29.97,459,emotional_stability,high
370,12345,chin,465.5,329.3,779.4,565.0,741.9,501.6,1134.3,796.2,69BopbFc34U.000.mp4,1280,720,29.97,459,emotional_stability,high
370,12345,left_cheek,486.5,341.5,590.4,469.9,768.2,516.9,897.9,677.3,69BopbFc34U.000.mp4,1280,720,29.97,459,emotional_stability,high
370,12345,right_cheek,693.0,350.4,779.8,475.7,1026.2,528.0,1134.7,684.6,69BopbFc34U.000.mp4,1280,720,29.97,459,emotional_stability,high
371,12379,left_eye,499.1,251.5,616.3,336.5,783.9,404.4,930.3,510.6,69BopbFc34U.000.mp4,1280,720,29.97,459,emotional_stability,high
371,12379,right_eye,677.7,262.6,778.5,340.5,1007.1,418.2,1133.1,515.6,69BopbFc34U.000.mp4,1280,720,29.97,459,emotional_stability,high
371,12379,nose,593.0,313.1,693.9,440.4,901.3,481.3,1027.3,640.5,69BopbFc34U.000.mp4,1280,720,29.97,459,emotional_stability,high
371,12379,mouth,570.5,459.3,696.6,507.0,873.1,664.1,1030.8,723.7,69BopbFc34U.000.mp4,1280,720,29.97,459,emotional_stability,high
371,12379,forehead,464.5,195.8,788.4,450.7,740.7,334.8,1145.6,653.4,69BopbFc34U.000.mp4,1280,720,29.97,459,emotional_stability,high
371,12379,chin,465.3,329.2,778.9,564.2,741.6,501.5,1133.7,795.2,69BopbFc34U.000.mp4,1280,720,29.97,459,emotional_stability,high
371,12379,left_cheek,486.5,341.4,590.4,469.6,768.1,516.8,898.0,677.0,69BopbFc34U.000.mp4,1280,720,29.97,459,emotional_stability,high
371,12379,right_cheek,693.2,350.0,779.8,475.1,1026.5,527.6,1134.7,683.8,69BopbFc34U.000.mp4,1280,720,29.97,459,emotional_stability,high
372,12412,left_eye,499.0,251.3,616.3,336.3,783.8,404.2,930.4,510.4,69BopbFc34U.000.mp4,1280,720,29.97,459,emotional_stability,high
372,12412,right_eye,677.9,262.5,778.5,340.3,1007.4,418.1,1133.1,515.4,69BopbFc34U.000.mp4,1280,720,29.97,459,emotional_stability,high
372,12412,nose,593.3,312.7,694.4,439.7,901.6,480.9,1028.0,639.7,69BopbFc34U.000.mp4,1280,720,29.97,459,emotional_stability,high
372,12412,mouth,570.8,458.9,696.8,506.4,873.5,663.6,1031.0,723.0,69BopbFc34U.000.mp4,1280,720,29.97,459,emotional_stability,high
372,12412,forehead,464.3,195.7,788.3,450.4,740.4,334.6,1145.4,653.0,69BopbFc34U.000.mp4,1280,720,29.97,459,emotional_stability,high
372,12412,chin,465.1,329.2,778.6,563.5,741.3,501.6,1133.2,794.4,69BopbFc34U.000.mp4,1280,720,29.97,459,emotional_stability,high
372,12412,left_cheek,486.4,341.4,590.5,469.4,768.0,516.7,898.1,676.8,69BopbFc34U.000.mp4,1280,720,29.97,459,emotional_stability,high
372,12412,right_cheek,693.5,349.8,779.8,474.6,1026.9,527.3,1134.7,683.3,69BopbFc34U.000.mp4,1280,720,29.97,459,emotional_stability,high
373,12445,left_eye,499.1,251.1,616.7,336.4,783.9,403.9,930.9,510.5,69BopbFc34U.000.mp4,1280,720,29.97,459,emotional_stability,high
373,12445,right_eye,678.9,262.4,778.7,340.3,1008.6,418.0,1133.3,515.3,69BopbFc34U.000.mp4,1280,720,29.97,459,emotional_stability,high
373,12445,nose,594.3,312.7,695.7,439.8,902.9,480.9,1029.7,639.8,69BopbFc34U.000.mp4,1280,720,29.97,459,emotional_stability,high
373,12445,mouth,572.3,458.9,697.1,505.7,875.4,663.7,1031.4,722.2,69BopbFc34U.000.mp4,1280,720,29.97,459,emotional_stability,high
373,12445,forehead,464.3,195.5,788.3,449.8,740.4,334.4,1145.4,652.2,69BopbFc34U.000.mp4,1280,720,29.97,459,emotional_stability,high
373,12445,chin,465.1,329.2,778.6,563.3,741.3,501.5,1133.2,794.1,69BopbFc34U.000.mp4,1280,720,29.97,459,emotional_stability,high
373,12445,left_cheek,486.5,341.4,591.2,469.3,768.2,516.7,899.0,676.6,69BopbFc34U.000.mp4,1280,720,29.97,459,emotional_stability,high
373,12445,right_cheek,694.4,349.7,780.0,474.4,1028.0,527.1,1135.0,683.0,69BopbFc34U.000.mp4,1280,720,29.97,459,emotional_stability,high
374,12479,left_eye,499.1,251.0,616.8,336.4,783.9,403.8,931.1,510.5,69BopbFc34U.000.mp4,1280,720,29.97,459,emotional_stability,high
374,12479,right_eye,679.2,262.7,778.9,340.5,1008.9,418.3,1133.6,515.6,69BopbFc34U.000.mp4,1280,720,29.97,459,emotional_stability,high
374,12479,nose,594.8,312.7,696.2,439.9,903.5,480.9,1030.2,639.9,69BopbFc34U.000.mp4,1280,720,29.97,459,emotional_stability,high
374,12479,mouth,572.3,458.8,697.6,506.3,875.4,663.5,1031.9,722.9,69BopbFc34U.000.mp4,1280,720,29.97,459,emotional_stability,high
374,12479,forehead,464.4,195.6,788.3,450.2,740.4,334.4,1145.4,652.8,69BopbFc34U.000.mp4,1280,720,29.97,459,emotional_stability,high
374,12479,chin,465.0,329.2,778.6,563.6,741.3,501.5,1133.2,794.5,69BopbFc34U.000.mp4,1280,720,29.97,459,emotional_stability,high
374,12479,left_cheek,486.5,341.4,591.4,469.3,768.1,516.7,899.2,676.6,69BopbFc34U.000.mp4,1280,720,29.97,459,emotional_stability,high
374,12479,right_cheek,694.7,350.1,780.1,474.7,1028.4,527.6,1135.1,683.4,69BopbFc34U.000.mp4,1280,720,29.97,459,emotional_stability,high
375,12512,left_eye,499.1,251.1,617.5,336.4,783.9,403.8,931.8,510.5,69BopbFc34U.000.mp4,1280,720,29.97,459,emotional_stability,high
375,12512,right_eye,679.6,263.7,779.1,340.7,1009.5,419.7,1133.8,515.8,69BopbFc34U.000.mp4,1280,720,29.97,459,emotional_stability,high
375,12512,nose,595.3,312.8,697.0,440.0,904.2,481.0,1031.2,640.0,69BopbFc34U.000.mp4,1280,720,29.97,459,emotional_stability,high
375,12512,mouth,572.3,459.0,697.7,506.7,875.4,663.8,1032.1,723.4,69BopbFc34U.000.mp4,1280,720,29.97,459,emotional_stability,high
375,12512,forehead,464.1,195.6,788.3,450.5,740.2,334.5,1145.4,653.2,69BopbFc34U.000.mp4,1280,720,29.97,459,emotional_stability,high
375,12512,chin,464.6,329.1,778.3,563.9,740.8,501.4,1132.9,794.8,69BopbFc34U.000.mp4,1280,720,29.97,459,emotional_stability,high
375,12512,left_cheek,486.5,341.4,591.8,469.3,768.1,516.7,899.7,676.7,69BopbFc34U.000.mp4,1280,720,29.97,459,emotional_stability,high
375,12512,right_cheek,695.2,350.5,780.1,475.1,1029.0,528.2,1135.1,683.9,69BopbFc34U.000.mp4,1280,720,29.97,459,emotional_stability,high
376,12545,left_eye,500.5,251.1,620.3,336.4,785.6,403.9,935.3,510.6,69BopbFc34U.000.mp4,1280,720,29.97,459,emotional_stability,high
376,12545,right_eye,681.5,264.9,780.7,341.3,1011.9,421.2,1135.8,516.7,69BopbFc34U.000.mp4,1280,720,29.97,459,emotional_stability,high
376,12545,nose,596.7,313.5,698.4,440.9,905.8,481.9,1033.0,641.1,69BopbFc34U.000.mp4,1280,720,29.97,459,emotional_stability,high
376,12545,mouth,572.7,459.4,697.9,507.3,875.9,664.3,1032.4,724.1,69BopbFc34U.000.mp4,1280,720,29.97,459,emotional_stability,high
376,12545,forehead,464.4,195.8,789.2,450.7,740.5,334.8,1146.5,653.4,69BopbFc34U.000.mp4,1280,720,29.97,459,emotional_stability,high
376,12545,chin,464.7,328.7,778.3,564.4,740.9,500.8,1132.9,795.5,69BopbFc34U.000.mp4,1280,720,29.97,459,emotional_stability,high
376,12545,left_cheek,486.8,341.3,593.2,469.3,768.5,516.6,901.5,676.7,69BopbFc34U.000.mp4,1280,720,29.97,459,emotional_stability,high
376,12545,right_cheek,696.6,351.4,780.7,475.9,1030.8,529.3,1135.9,684.8,69BopbFc34U.000.mp4,1280,720,29.97,459,emotional_stability,high
377,12579,left_eye,500.9,251.0,621.6,336.2,786.2,403.7,937.1,510.2,69BopbFc34U.000.mp4,1280,720,29.97,459,emotional_stability,high
377,12579,right_eye,682.9,265.8,782.0,341.5,1013.7,422.3,1137.5,516.8,69BopbFc34U.000.mp4,1280,720,29.97,459,emotional_stability,high
377,12579,nose,597.6,313.6,699.8,441.0,907.0,482.0,1034.7,641.3,69BopbFc34U.000.mp4,1280,720,29.97,459,emotional_stability,high
377,12579,mouth,573.0,460.2,698.1,507.5,876.3,665.3,1032.6,724.4,69BopbFc34U.000.mp4,1280,720,29.97,459,emotional_stability,high
377,12579,forehead,464.4,195.8,789.8,450.8,740.5,334.8,1147.2,653.5,69BopbFc34U.000.mp4,1280,720,29.97,459,emotional_stability,high
377,12579,chin,464.6,327.8,778.3,564.4,740.8,499.8,1132.9,795.5,69BopbFc34U.000.mp4,1280,720,29.97,459,emotional_stability,high
377,12579,left_cheek,487.0,340.7,594.2,469.3,768.8,515.9,902.8,676.6,69BopbFc34U.000.mp4,1280,720,29.97,459,emotional_stability,high
377,12579,right_cheek,697.8,351.8,781.2,476.1,1032.3,529.8,1136.5,685.1,69BopbFc34U.000.mp4,1280,720,29.97,459,emotional_stability,high
378,12612,left_eye,501.8,251.0,623.4,336.5,787.3,403.8,939.2,510.6,69BopbFc34U.000.mp4,1280,720,29.97,459,emotional_stability,high
378,12612,right_eye,684.1,267.3,783.4,342.5,1015.1,424.1,1139.3,518.1,69BopbFc34U.000.mp4,1280,720,29.97,459,emotional_stability,high
378,12612,nose,598.6,314.6,700.9,441.5,908.3,483.2,1036.1,641.9,69BopbFc34U.000.mp4,1280,720,29.97,459,emotional_stability,high
378,12612,mouth,573.2,460.2,699.0,508.9,876.5,665.3,1033.8,726.1,69BopbFc34U.000.mp4,1280,720,29.97,459,emotional_stability,high
378,12612,forehead,464.4,196.2,790.6,451.2,740.5,335.3,1148.3,654.0,69BopbFc34U.000.mp4,1280,720,29.97,459,emotional_stability,high
378,12612,chin,464.5,327.7,778.3,565.0,740.6,499.6,1132.9,796.3,69BopbFc34U.000.mp4,1280,720,29.97,459,emotional_stability,high
378,12612,left_cheek,487.2,340.7,595.2,469.3,769.0,515.9,904.0,676.6,69BopbFc34U.000.mp4,1280,720,29.97,459,emotional_stability,high
378,12612,right_cheek,699.0,352.9,782.1,476.8,1033.8,531.1,1137.6,686.0,69BopbFc34U.000.mp4,1280,720,29.97,459,emotional_stability,high
379,12645,left_eye,502.6,251.6,624.6,337.3,788.2,404.5,940.7,511.6,69BopbFc34U.000.mp4,1280,720,29.97,459,emotional_stability,high
379,12645,right_eye,685.5,269.1,784.8,343.6,1016.9,426.3,1141.0,519.6,69BopbFc34U.000.mp4,1280,720,29.97,459,emotional_stability,high
379,12645,nose,599.4,316.0,702.3,443.1,909.3,485.0,1037.9,643.9,69BopbFc34U.000.mp4,1280,720,29.97,459,emotional_stability,high
379,12645,mouth,573.3,460.8,699.9,510.5,876.7,666.0,1034.8,728.1,69BopbFc34U.000.mp4,1280,720,29.97,459,emotional_stability,high
379,12645,forehead,464.4,197.2,791.8,451.6,740.6,336.5,1149.8,654.5,69BopbFc34U.000.mp4,1280,720,29.97,459,emotional_stability,high
379,12645,chin,464.5,327.7,778.5,565.6,740.6,499.6,1133.1,797.0,69BopbFc34U.000.mp4,1280,720,29.97,459,emotional_stability,high
379,12645,left_cheek,487.4,340.9,596.0,469.7,769.3,516.2,905.0,677.2,69BopbFc34U.000.mp4,1280,720,29.97,459,emotional_stability,high
379,12645,right_cheek,700.3,354.0,783.1,477.7,1035.3,532.6,1138.9,687.1,69BopbFc34U.000.mp4,1280,720,29.97,459,emotional_stability,high
380,12679,left_eye,502.5,252.5,624.7,338.4,788.2,405.6,940.9,513.0,69BopbFc34U.000.mp4,1280,720,29.97,459,emotional_stability,high
380,12679,right_eye,685.7,269.5,785.2,344.4,1017.1,426.9,1141.5,520.5,69BopbFc34U.000.mp4,1280,720,29.97,459,emotional_stability,high
380,12679,nose,599.8,317.2,702.8,444.4,909.7,486.5,1038.5,645.5,69BopbFc34U.000.mp4,1280,720,29.97,459,emotional_stability,high
380,12679,mouth,573.3,461.1,700.6,512.2,876.6,666.4,1035.7,730.3,69BopbFc34U.000.mp4,1280,720,29.97,459,emotional_stability,high
380,12679,forehead,464.1,198.0,792.1,452.0,740.1,337.5,1150.1,655.0,69BopbFc34U.000.mp4,1280,720,29.97,459,emotional_stability,high
380,12679,chin,464.1,328.0,778.5,566.5,740.1,500.0,1133.2,798.1,69BopbFc34U.000.mp4,1280,720,29.97,459,emotional_stability,high
380,12679,left_cheek,487.4,341.6,596.3,470.7,769.3,517.1,905.3,678.4,69BopbFc34U.000.mp4,1280,720,29.97,459,emotional_stability,high
380,12679,right_cheek,700.7,354.6,783.5,478.4,1035.9,533.3,1139.4,687.9,69BopbFc34U.000.mp4,1280,720,29.97,459,emotional_stability,high
381,12712,left_eye,502.6,253.5,625.1,339.3,788.2,406.8,941.3,514.2,69BopbFc34U.000.mp4,1280,720,29.97,459,emotional_stability,high
381,12712,right_eye,686.0,270.0,785.4,345.0,1017.5,427.6,1141.7,521.3,69BopbFc34U.000.mp4,1280,720,29.97,459,emotional_stability,high
381,12712,nose,600.1,318.1,703.3,445.2,910.1,487.6,1039.2,646.5,69BopbFc34U.000.mp4,1280,720,29.97,459,emotional_stability,high
381,12712,mouth,573.3,461.6,700.9,513.1,876.6,667.1,1036.2,731.4,69BopbFc34U.000.mp4,1280,720,29.97,459,emotional_stability,high
381,12712,forehead,463.7,198.9,792.2,452.2,739.6,338.6,1150.3,655.3,69BopbFc34U.000.mp4,1280,720,29.97,459,emotional_stability,high
381,12712,chin,463.7,328.6,778.5,566.9,739.6,500.7,1133.2,798.6,69BopbFc34U.000.mp4,1280,720,29.97,459,emotional_stability,high
381,12712,left_cheek,487.4,342.5,596.5,471.7,769.3,518.2,905.6,679.6,69BopbFc34U.000.mp4,1280,720,29.97,459,emotional_stability,high
381,12712,right_cheek,701.1,355.0,783.8,478.8,1036.4,533.8,1139.7,688.5,69BopbFc34U.000.mp4,1280,720,29.97,459,emotional_stability,high
382,12746,left_eye,502.3,253.9,624.7,339.9,787.9,407.3,940.8,514.8,69BopbFc34U.000.mp4,1280,720,29.97,459,emotional_stability,high
382,12746,right_eye,685.8,269.7,785.3,345.2,1017.2,427.2,1141.6,521.4,69BopbFc34U.000.mp4,1280,720,29.97,459,emotional_stability,high
382,12746,nose,599.9,318.3,703.0,445.5,909.8,487.8,1038.8,646.8,69BopbFc34U.000.mp4,1280,720,29.97,459,emotional_stability,high
382,12746,mouth,572.8,461.7,701.1,513.7,876.0,667.2,1036.3,732.1,69BopbFc34U.000.mp4,1280,720,29.97,459,emotional_stability,high
382,12746,forehead,462.3,198.9,792.3,452.5,737.8,338.6,1150.3,655.7,69BopbFc34U.000.mp4,1280,720,29.97,459,emotional_stability,high
382,12746,chin,462.3,329.0,778.5,567.2,737.8,501.2,1133.2,799.0,69BopbFc34U.000.mp4,1280,720,29.97,459,emotional_stability,high
382,12746,left_cheek,486.6,343.1,596.4,472.5,768.3,518.8,905.4,680.6,69BopbFc34U.000.mp4,1280,720,29.97,459,emotional_stability,high
382,12746,right_cheek,701.0,355.0,783.9,479.1,1036.2,533.8,1139.8,688.9,69BopbFc34U.000.mp4,1280,720,29.97,459,emotional_stability,high
383,12779,left_eye,501.2,253.9,624.4,339.8,786.5,407.4,940.6,514.8,69BopbFc34U.000.mp4,1280,720,29.97,459,emotional_stability,high
383,12779,right_eye,685.6,269.5,785.2,345.0,1017.0,426.9,1141.6,521.3,69BopbFc34U.000.mp4,1280,720,29.97,459,emotional_stability,high
383,12779,nose,599.7,318.1,703.2,445.4,909.7,487.6,1039.0,646.7,69BopbFc34U.000.mp4,1280,720,29.97,459,emotional_stability,high
383,12779,mouth,572.7,462.0,701.1,513.7,875.9,667.5,1036.4,732.1,69BopbFc34U.000.mp4,1280,720,29.97,459,emotional_stability,high
383,12779,forehead,461.4,198.8,792.3,452.2,736.7,338.5,1150.4,655.3,69BopbFc34U.000.mp4,1280,720,29.97,459,emotional_stability,high
383,12779,chin,461.4,329.2,778.5,567.1,736.7,501.5,1133.2,798.9,69BopbFc34U.000.mp4,1280,720,29.97,459,emotional_stability,high
383,12779,left_cheek,485.8,343.3,596.3,472.7,767.2,519.1,905.3,680.9,69BopbFc34U.000.mp4,1280,720,29.97,459,emotional_stability,high
383,12779,right_cheek,701.0,354.9,783.9,479.1,1036.2,533.6,1139.9,688.9,69BopbFc34U.000.mp4,1280,720,29.97,459,emotional_stability,high
384,12812,left_eye,499.8,254.7,624.2,340.2,784.8,408.4,940.3,515.3,69BopbFc34U.000.mp4,1280,720,29.97,459,emotional_stability,high
384,12812,right_eye,685.5,269.4,785.1,345.0,1016.8,426.8,1141.4,521.2,69BopbFc34U.000.mp4,1280,720,29.97,459,emotional_stability,high
384,12812,nose,599.6,318.1,703.3,445.5,909.6,487.6,1039.2,646.9,69BopbFc34U.000.mp4,1280,720,29.97,459,emotional_stability,high
384,12812,mouth,572.5,462.4,701.3,514.7,875.7,668.0,1036.6,733.3,69BopbFc34U.000.mp4,1280,720,29.97,459,emotional_stability,high
384,12812,forehead,459.7,198.8,792.3,451.8,734.6,338.5,1150.4,654.8,69BopbFc34U.000.mp4,1280,720,29.97,459,emotional_stability,high
384,12812,chin,459.7,329.9,778.4,567.3,734.6,502.4,1133.0,799.2,69BopbFc34U.000.mp4,1280,720,29.97,459,emotional_stability,high
384,12812,left_cheek,484.5,344.2,596.0,473.8,765.6,520.3,904.9,682.2,69BopbFc34U.000.mp4,1280,720,29.97,459,emotional_stability,high
384,12812,right_cheek,700.9,354.5,783.9,479.0,1036.1,533.2,1139.9,688.8,69BopbFc34U.000.mp4,1280,720,29.97,459,emotional_stability,high
385,12846,left_eye,498.1,255.4,623.6,341.3,782.6,409.3,939.5,516.7,69BopbFc34U.000.mp4,1280,720,29.97,459,emotional_stability,high
385,12846,right_eye,685.4,269.1,785.0,344.9,1016.7,426.4,1141.3,521.1,69BopbFc34U.000.mp4,1280,720,29.97,459,emotional_stability,high
385,12846,nose,599.5,318.7,703.6,448.3,909.4,488.3,1039.5,650.4,69BopbFc34U.000.mp4,1280,720,29.97,459,emotional_stability,high
385,12846,mouth,572.9,466.6,701.4,515.0,876.2,673.2,1036.7,733.8,69BopbFc34U.000.mp4,1280,720,29.97,459,emotional_stability,high
385,12846,forehead,458.3,198.9,792.0,450.6,732.9,338.6,1150.0,653.2,69BopbFc34U.000.mp4,1280,720,29.97,459,emotional_stability,high
385,12846,chin,458.3,330.3,778.0,567.8,732.9,502.9,1132.5,799.8,69BopbFc34U.000.mp4,1280,720,29.97,459,emotional_stability,high
385,12846,left_cheek,483.1,345.6,595.4,475.7,763.8,522.1,904.3,684.6,69BopbFc34U.000.mp4,1280,720,29.97,459,emotional_stability,high
385,12846,right_cheek,700.8,353.9,783.9,479.0,1036.1,532.4,1139.9,688.7,69BopbFc34U.000.mp4,1280,720,29.97,459,emotional_stability,high
386,12879,left_eye,495.5,256.7,621.6,342.7,779.4,410.9,937.0,518.4,69BopbFc34U.000.mp4,1280,720,29.97,459,emotional_stability,high
386,12879,right_eye,684.7,268.5,784.9,344.8,1015.9,425.6,1141.1,521.1,69BopbFc34U.000.mp4,1280,720,29.97,459,emotional_stability,high
386,12879,nose,598.7,319.3,703.6,450.2,908.4,489.1,1039.4,652.7,69BopbFc34U.000.mp4,1280,720,29.97,459,emotional_stability,high
386,12879,mouth,573.3,469.2,701.3,515.8,876.6,676.5,1036.7,734.7,69BopbFc34U.000.mp4,1280,720,29.97,459,emotional_stability,high
386,12879,forehead,455.9,199.1,791.3,449.7,729.9,338.8,1149.2,652.1,69BopbFc34U.000.mp4,1280,720,29.97,459,emotional_stability,high
386,12879,chin,456.3,331.4,777.6,568.2,730.3,504.3,1132.0,800.2,69BopbFc34U.000.mp4,1280,720,29.97,459,emotional_stability,high
386,12879,left_cheek,481.2,347.5,594.3,477.7,761.5,524.4,902.9,687.1,69BopbFc34U.000.mp4,1280,720,29.97,459,emotional_stability,high
386,12879,right_cheek,700.8,353.2,783.9,479.0,1036.0,531.5,1139.9,688.8,69BopbFc34U.000.mp4,1280,720,29.97,459,emotional_stability,high
387,12912,left_eye,493.8,257.3,620.1,343.8,777.3,411.7,935.1,519.8,69BopbFc34U.000.mp4,1280,720,29.97,459,emotional_stability,high
387,12912,right_eye,684.0,267.8,784.5,344.8,1015.0,424.8,1140.6,521.0,69BopbFc34U.000.mp4,1280,720,29.97,459,emotional_stability,high
387,12912,nose,597.9,320.0,703.5,452.1,907.4,490.1,1039.3,655.2,69BopbFc34U.000.mp4,1280,720,29.97,459,emotional_stability,high
387,12912,mouth,573.4,471.2,701.3,516.4,876.7,679.0,1036.7,735.5,69BopbFc34U.000.mp4,1280,720,29.97,459,emotional_stability,high
387,12912,forehead,454.2,199.1,790.4,449.1,727.8,338.9,1148.1,651.4,69BopbFc34U.000.mp4,1280,720,29.97,459,emotional_stability,high
387,12912,chin,454.6,332.1,777.0,568.5,728.3,505.2,1131.3,800.6,69BopbFc34U.000.mp4,1280,720,29.97,459,emotional_stability,high
387,12912,left_cheek,479.5,348.9,593.2,479.2,759.4,526.1,901.5,689.0,69BopbFc34U.000.mp4,1280,720,29.97,459,emotional_stability,high
387,12912,right_cheek,700.6,352.3,783.8,479.0,1035.8,530.4,1139.8,688.8,69BopbFc34U.000.mp4,1280,720,29.97,459,emotional_stability,high
388,12946,left_eye,493.6,258.3,619.7,344.6,777.0,412.8,934.7,520.7,69BopbFc34U.000.mp4,1280,720,29.97,459,emotional_stability,high
388,12946,right_eye,683.8,267.6,784.3,344.8,1014.8,424.4,1140.4,521.0,69BopbFc34U.000.mp4,1280,720,29.97,459,emotional_stability,high
388,12946,nose,597.8,320.7,703.5,452.8,907.2,490.9,1039.3,656.0,69BopbFc34U.000.mp4,1280,720,29.97,459,emotional_stability,high
388,12946,mouth,574.1,471.8,701.3,516.6,877.6,679.8,1036.7,735.7,69BopbFc34U.000.mp4,1280,720,29.97,459,emotional_stability,high
388,12946,forehead,454.2,199.4,789.9,449.9,727.8,339.2,1147.4,652.4,69BopbFc34U.000.mp4,1280,720,29.97,459,emotional_stability,high
388,12946,chin,454.7,333.0,776.6,568.5,728.4,506.2,1130.7,800.6,69BopbFc34U.000.mp4,1280,720,29.97,459,emotional_stability,high
388,12946,left_cheek,479.4,349.9,593.0,480.1,759.3,527.4,901.2,690.1,69BopbFc34U.000.mp4,1280,720,29.97,459,emotional_stability,high
388,12946,right_cheek,700.6,352.1,783.8,479.1,1035.7,530.1,1139.8,688.9,69BopbFc34U.000.mp4,1280,720,29.97,459,emotional_stability,high
389,12979,left_eye,493.7,259.3,619.8,345.1,777.2,414.1,934.7,521.4,69BopbFc34U.000.mp4,1280,720,29.97,459,emotional_stability,high
389,12979,right_eye,683.8,267.4,784.3,344.8,1014.7,424.3,1140.3,521.0,69BopbFc34U.000.mp4,1280,720,29.97,459,emotional_stability,high
389,12979,nose,598.0,321.2,704.1,453.2,907.5,491.5,1040.1,656.5,69BopbFc34U.000.mp4,1280,720,29.97,459,emotional_stability,high
389,12979,mouth,575.7,472.6,701.5,516.4,879.6,680.7,1036.9,735.6,69BopbFc34U.000.mp4,1280,720,29.97,459,emotional_stability,high
389,12979,forehead,454.0,199.8,789.6,450.5,727.5,339.8,1147.0,653.1,69BopbFc34U.000.mp4,1280,720,29.97,459,emotional_stability,high
389,12979,chin,454.5,333.9,776.1,568.5,728.1,507.3,1130.1,800.7,69BopbFc34U.000.mp4,1280,720,29.97,459,emotional_stability,high
389,12979,left_cheek,479.6,350.8,593.0,480.7,759.4,528.5,901.2,690.8,69BopbFc34U.000.mp4,1280,720,29.97,459,emotional_stability,high
389,12979,right_cheek,700.7,351.9,783.8,479.2,1035.8,529.9,1139.8,689.0,69BopbFc34U.000.mp4,1280,720,29.97,459,emotional_stability,high
390,13013,left_eye,494.0,259.6,620.1,345.6,777.4,414.4,935.1,521.9,69BopbFc34U.000.mp4,1280,720,29.97,459,emotional_stability,high
390,13013,right_eye,683.9,267.4,784.2,344.9,1014.9,424.3,1140.2,521.1,69BopbFc34U.000.mp4,1280,720,29.97,459,emotional_stability,high
390,13013,nose,598.9,321.3,705.0,452.8,908.6,491.6,1041.3,656.0,69BopbFc34U.000.mp4,1280,720,29.97,459,emotional_stability,high
390,13013,mouth,577.0,472.5,702.1,516.3,881.3,680.6,1037.6,735.4,69BopbFc34U.000.mp4,1280,720,29.97,459,emotional_stability,high
390,13013,forehead,453.7,200.2,788.8,451.5,727.2,340.2,1146.1,654.4,69BopbFc34U.000.mp4,1280,720,29.97,459,emotional_stability,high
390,13013,chin,454.2,335.2,774.6,568.5,727.8,508.9,1128.3,800.6,69BopbFc34U.000.mp4,1280,720,29.97,459,emotional_stability,high
390,13013,left_cheek,479.7,351.5,593.3,481.0,759.6,529.3,901.6,691.3,69BopbFc34U.000.mp4,1280,720,29.97,459,emotional_stability,high
390,13013,right_cheek,701.0,351.9,783.7,479.2,1036.3,529.8,1139.7,689.0,69BopbFc34U.000.mp4,1280,720,29.97,459,emotional_stability,high
391,13046,left_eye,494.0,259.6,620.5,346.1,777.5,414.6,935.6,522.6,69BopbFc34U.000.mp4,1280,720,29.97,459,emotional_stability,high
391,13046,right_eye,684.2,267.3,784.1,344.9,1015.2,424.1,1140.2,521.2,69BopbFc34U.000.mp4,1280,720,29.97,459,emotional_stability,high
391,13046,nose,599.9,321.5,706.2,453.6,909.9,491.9,1042.7,656.9,69BopbFc34U.000.mp4,1280,720,29.97,459,emotional_stability,high
391,13046,mouth,578.0,473.1,702.9,516.4,882.5,681.4,1038.7,735.5,69BopbFc34U.000.mp4,1280,720,29.97,459,emotional_stability,high
391,13046,forehead,453.4,200.2,788.6,452.1,726.8,340.2,1145.7,655.2,69BopbFc34U.000.mp4,1280,720,29.97,459,emotional_stability,high
391,13046,chin,454.0,335.6,773.9,568.6,727.4,509.5,1127.4,800.7,69BopbFc34U.000.mp4,1280,720,29.97,459,emotional_stability,high
391,13046,left_cheek,479.8,352.1,593.8,481.8,759.8,530.1,902.2,692.2,69BopbFc34U.000.mp4,1280,720,29.97,459,emotional_stability,high
391,13046,right_cheek,701.5,351.8,783.7,479.3,1036.9,529.8,1139.7,689.1,69BopbFc34U.000.mp4,1280,720,29.97,459,emotional_stability,high
392,13079,left_eye,494.1,259.5,621.0,346.1,777.6,414.4,936.2,522.6,69BopbFc34U.000.mp4,1280,720,29.97,459,emotional_stability,high
392,13079,right_eye,684.3,267.2,784.1,344.9,1015.4,424.0,1140.2,521.1,69BopbFc34U.000.mp4,1280,720,29.97,459,emotional_stability,high
392,13079,nose,600.4,321.6,706.8,453.5,910.5,492.0,1043.5,656.9,69BopbFc34U.000.mp4,1280,720,29.97,459,emotional_stability,high
392,13079,mouth,578.3,473.2,703.8,516.3,882.9,681.5,1039.8,735.4,69BopbFc34U.000.mp4,1280,720,29.97,459,emotional_stability,high
392,13079,forehead,453.4,200.2,788.4,452.1,726.8,340.2,1145.5,655.1,69BopbFc34U.000.mp4,1280,720,29.97,459,emotional_stability,high
392,13079,chin,453.9,335.5,773.4,568.7,727.4,509.4,1126.7,800.8,69BopbFc34U.000.mp4,1280,720,29.97,459,emotional_stability,high
392,13079,left_cheek,479.9,352.0,594.1,481.9,759.9,530.0,902.6,692.4,69BopbFc34U.000.mp4,1280,720,29.97,459,emotional_stability,high
392,13079,right_cheek,701.9,351.6,783.7,479.3,1037.4,529.5,1139.6,689.1,69BopbFc34U.000.mp4,1280,720,29.97,459,emotional_stability,high
393,13113,left_eye,494.2,259.4,621.3,345.9,777.7,414.3,936.6,522.4,69BopbFc34U.000.mp4,1280,720,29.97,459,emotional_stability,high
393,13113,right_eye,684.4,267.0,784.1,344.9,1015.5,423.8,1140.1,521.1,69BopbFc34U.000.mp4,1280,720,29.97,459,emotional_stability,high
393,13113,nose,600.6,321.5,707.0,453.4,910.7,491.9,1043.7,656.7,69BopbFc34U.000.mp4,1280,720,29.97,459,emotional_stability,high
393,13113,mouth,578.4,472.9,704.1,516.0,883.1,681.1,1040.2,735.0,69BopbFc34U.000.mp4,1280,720,29.97,459,emotional_stability,high
393,13113,forehead,453.5,200.2,788.1,452.0,726.9,340.2,1145.1,655.0,69BopbFc34U.000.mp4,1280,720,29.97,459,emotional_stability,high
393,13113,chin,454.0,335.5,772.7,568.6,727.5,509.4,1125.9,800.8,69BopbFc34U.000.mp4,1280,720,29.97,459,emotional_stability,high
393,13113,left_cheek,480.0,351.8,594.3,481.6,760.0,529.8,902.9,692.0,69BopbFc34U.000.mp4,1280,720,29.97,459,emotional_stability,high
393,13113,right_cheek,702.1,351.4,783.5,479.2,1037.6,529.3,1139.4,689.0,69BopbFc34U.000.mp4,1280,720,29.97,459,emotional_stability,high
394,13146,left_eye,494.3,259.3,621.8,345.8,777.9,414.2,937.2,522.2,69BopbFc34U.000.mp4,1280,720,29.97,459,emotional_stability,high
394,13146,right_eye,684.5,266.6,784.1,344.8,1015.6,423.3,1140.1,521.0,69BopbFc34U.000.mp4,1280,720,29.97,459,emotional_stability,high
394,13146,nose,600.6,321.4,706.9,453.2,910.8,491.7,1043.7,656.5,69BopbFc34U.000.mp4,1280,720,29.97,459,emotional_stability,high
394,13146,mouth,578.3,472.7,704.3,515.6,882.9,680.8,1040.3,734.5,69BopbFc34U.000.mp4,1280,720,29.97,459,emotional_stability,high
394,13146,forehead,453.7,200.0,788.1,451.9,727.1,340.0,1145.1,654.9,69BopbFc34U.000.mp4,1280,720,29.97,459,emotional_stability,high
394,13146,chin,454.1,335.5,772.7,568.3,727.6,509.3,1125.9,800.4,69BopbFc34U.000.mp4,1280,720,29.97,459,emotional_stability,high
394,13146,left_cheek,480.0,351.6,594.5,481.4,760.0,529.5,903.1,691.7,69BopbFc34U.000.mp4,1280,720,29.97,459,emotional_stability,high
394,13146,right_cheek,702.1,351.4,783.4,479.1,1037.7,529.2,1139.3,688.9,69BopbFc34U.000.mp4,1280,720,29.97,459,emotional_stability,high
395,13179,left_eye,494.5,259.3,622.0,345.7,778.2,414.1,937.5,522.1,69BopbFc34U.000.mp4,1280,720,29.97,459,emotional_stability,high
395,13179,right_eye,684.5,266.3,783.9,344.8,1015.6,422.9,1139.9,521.0,69BopbFc34U.000.mp4,1280,720,29.97,459,emotional_stability,high
395,13179,nose,600.6,321.3,706.9,452.5,910.8,491.7,1043.6,655.6,69BopbFc34U.000.mp4,1280,720,29.97,459,emotional_stability,high
395,13179,mouth,578.2,471.8,703.9,515.1,882.8,679.7,1039.9,733.8,69BopbFc34U.000.mp4,1280,720,29.97,459,emotional_stability,high
395,13179,forehead,453.8,200.0,787.8,451.8,727.3,340.0,1144.8,654.8,69BopbFc34U.000.mp4,1280,720,29.97,459,emotional_stability,high
395,13179,chin,454.2,335.4,772.3,568.3,727.8,509.2,1125.4,800.4,69BopbFc34U.000.mp4,1280,720,29.97,459,emotional_stability,high
395,13179,left_cheek,480.1,351.5,594.5,481.3,760.1,529.4,903.1,691.7,69BopbFc34U.000.mp4,1280,720,29.97,459,emotional_stability,high
395,13179,right_cheek,702.1,351.4,783.0,479.1,1037.6,529.2,1138.7,688.8,69BopbFc34U.000.mp4,1280,720,29.97,459,emotional_stability,high
396,13213,left_eye,494.9,258.6,622.2,345.5,778.6,413.2,937.8,521.8,69BopbFc34U.000.mp4,1280,720,29.97,459,emotional_stability,high
396,13213,right_eye,684.5,266.2,783.6,344.8,1015.6,422.7,1139.6,520.9,69BopbFc34U.000.mp4,1280,720,29.97,459,emotional_stability,high
396,13213,nose,600.6,320.9,706.8,451.0,910.8,491.1,1043.5,653.7,69BopbFc34U.000.mp4,1280,720,29.97,459,emotional_stability,high
396,13213,mouth,578.1,471.4,703.7,514.1,882.7,679.2,1039.6,732.7,69BopbFc34U.000.mp4,1280,720,29.97,459,emotional_stability,high
396,13213,forehead,454.1,199.8,787.6,451.7,727.6,339.7,1144.5,654.7,69BopbFc34U.000.mp4,1280,720,29.97,459,emotional_stability,high
396,13213,chin,454.4,335.3,772.0,567.7,728.0,509.1,1125.0,799.6,69BopbFc34U.000.mp4,1280,720,29.97,459,emotional_stability,high
396,13213,left_cheek,480.3,351.4,594.6,481.0,760.4,529.2,903.2,691.3,69BopbFc34U.000.mp4,1280,720,29.97,459,emotional_stability,high
396,13213,right_cheek,702.1,351.4,782.4,478.9,1037.6,529.2,1138.0,688.6,69BopbFc34U.000.mp4,1280,720,29.97,459,emotional_stability,high
397,13246,left_eye,495.2,257.6,622.5,344.8,779.0,412.0,938.2,521.0,69BopbFc34U.000.mp4,1280,720,29.97,459,emotional_stability,high
397,13246,right_eye,684.5,266.1,783.4,344.6,1015.6,422.6,1139.3,520.7,69BopbFc34U.000.mp4,1280,720,29.97,459,emotional_stability,high
397,13246,nose,600.8,320.2,706.7,449.6,911.0,490.2,1043.4,651.9,69BopbFc34U.000.mp4,1280,720,29.97,459,emotional_stability,high
397,13246,mouth,578.2,471.0,703.4,513.1,882.7,678.8,1039.3,731.3,69BopbFc34U.000.mp4,1280,720,29.97,459,emotional_stability,high
397,13246,forehead,454.3,199.4,787.4,451.6,727.9,339.3,1144.3,654.5,69BopbFc34U.000.mp4,1280,720,29.97,459,emotional_stability,high
397,13246,chin,454.6,335.2,771.5,567.3,728.3,509.0,1124.3,799.1,69BopbFc34U.000.mp4,1280,720,29.97,459,emotional_stability,high
397,13246,left_cheek,480.7,350.8,594.8,480.5,760.8,528.5,903.4,690.6,69BopbFc34U.000.mp4,1280,720,29.97,459,emotional_stability,high
397,13246,right_cheek,702.1,351.3,782.0,478.6,1037.6,529.2,1137.5,688.3,69BopbFc34U.000.mp4,1280,720,29.97,459,emotional_stability,high
398,13279,left_eye,495.9,256.7,622.9,343.9,779.9,410.9,938.6,519.9,69BopbFc34U.000.mp4,1280,720,29.97,459,emotional_stability,high
398,13279,right_eye,684.5,266.0,783.2,344.3,1015.6,422.5,1139.1,520.4,69BopbFc34U.000.mp4,1280,720,29.97,459,emotional_stability,high
398,13279,nose,600.8,319.3,706.7,448.4,910.9,489.1,1043.4,650.5,69BopbFc34U.000.mp4,1280,720,29.97,459,emotional_stability,high
398,13279,mouth,578.1,470.1,703.4,512.1,882.6,677.6,1039.2,730.1,69BopbFc34U.000.mp4,1280,720,29.97,459,emotional_stability,high
398,13279,forehead,454.6,199.0,787.4,451.1,728.3,338.8,1144.2,653.8,69BopbFc34U.000.mp4,1280,720,29.97,459,emotional_stability,high
398,13279,chin,454.9,334.9,771.5,566.9,728.6,508.6,1124.4,798.7,69BopbFc34U.000.mp4,1280,720,29.97,459,emotional_stability,high
398,13279,left_cheek,481.0,349.8,594.8,479.3,761.3,527.3,903.5,689.1,69BopbFc34U.000.mp4,1280,720,29.97,459,emotional_stability,high
398,13279,right_cheek,702.1,351.3,781.8,478.1,1037.6,529.1,1137.2,687.7,69BopbFc34U.000.mp4,1280,720,29.97,459,emotional_stability,high
399,13313,left_eye,496.3,255.5,623.2,342.7,780.3,409.3,939.0,518.4,69BopbFc34U.000.mp4,1280,720,29.97,459,emotional_stability,high
399,13313,right_eye,684.4,265.8,783.1,343.8,1015.5,422.3,1138.8,519.8,69BopbFc34U.000.mp4,1280,720,29.97,459,emotional_stability,high
399,13313,nose,600.9,318.1,706.7,446.6,911.1,487.7,1043.3,648.2,69BopbFc34U.000.mp4,1280,720,29.97,459,emotional_stability,high
399,13313,mouth,577.9,468.0,703.4,511.0,882.4,675.0,1039.2,728.7,69BopbFc34U.000.mp4,1280,720,29.97,459,emotional_stability,high
399,13313,forehead,455.0,198.7,787.3,450.4,728.7,338.3,1144.1,653.0,69BopbFc34U.000.mp4,1280,720,29.97,459,emotional_stability,high
399,13313,chin,455.2,334.4,771.3,566.3,729.0,508.0,1124.1,797.8,69BopbFc34U.000.mp4,1280,720,29.97,459,emotional_stability,high
399,13313,left_cheek,481.5,348.6,595.0,477.9,761.8,525.8,903.8,687.4,69BopbFc34U.000.mp4,1280,720,29.97,459,emotional_stability,high
399,13313,right_cheek,702.0,351.1,781.3,477.3,1037.6,528.8,1136.6,686.6,69BopbFc34U.000.mp4,1280,720,29.97,459,emotional_stability,high
400,13346,left_eye,496.5,254.2,623.5,341.3,780.7,407.7,939.3,516.6,69BopbFc34U.000.mp4,1280,720,29.97,459,emotional_stability,high
400,13346,right_eye,684.2,265.4,782.9,343.1,1015.3,421.8,1138.6,518.9,69BopbFc34U.000.mp4,1280,720,29.97,459,emotional_stability,high
400,13346,nose,601.2,317.0,706.6,445.1,911.5,486.2,1043.3,646.4,69BopbFc34U.000.mp4,1280,720,29.97,459,emotional_stability,high
400,13346,mouth,577.5,466.5,703.4,509.8,881.8,673.1,1039.2,727.3,69BopbFc34U.000.mp4,1280,720,29.97,459,emotional_stability,high
400,13346,forehead,455.2,198.2,787.2,449.5,729.1,337.7,1144.0,651.9,69BopbFc34U.000.mp4,1280,720,29.97,459,emotional_stability,high
400,13346,chin,455.4,333.6,771.2,565.9,729.2,507.0,1124.0,797.4,69BopbFc34U.000.mp4,1280,720,29.97,459,emotional_stability,high
400,13346,left_cheek,481.7,347.3,595.2,476.7,762.1,524.1,904.0,685.8,69BopbFc34U.000.mp4,1280,720,29.97,459,emotional_stability,high
400,13346,right_cheek,702.0,350.7,781.0,476.5,1037.5,528.3,1136.2,685.6,69BopbFc34U.000.mp4,1280,720,29.97,459,emotional_stability,high
401,13380,left_eye,497.6,253.6,624.1,341.1,782.1,407.0,940.1,516.3,69BopbFc34U.000.mp4,1280,720,29.97,459,emotional_stability,high
401,13380,right_eye,684.3,265.3,782.9,343.1,1015.4,421.6,1138.6,518.8,69BopbFc34U.000.mp4,1280,720,29.97,459,emotional_stability,high
401,13380,nose,601.5,316.5,706.6,444.6,911.9,485.6,1043.2,645.8,69BopbFc34U.000.mp4,1280,720,29.97,459,emotional_stability,high
401,13380,mouth,577.4,466.0,703.3,509.0,881.8,672.5,1039.2,726.3,69BopbFc34U.000.mp4,1280,720,29.97,459,emotional_stability,high
401,13380,forehead,456.5,197.9,787.3,449.3,730.6,337.3,1144.1,651.6,69BopbFc34U.000.mp4,1280,720,29.97,459,emotional_stability,high
401,13380,chin,456.6,333.5,771.2,565.6,730.7,506.9,1124.0,797.0,69BopbFc34U.000.mp4,1280,720,29.97,459,emotional_stability,high
401,13380,left_cheek,482.6,346.9,595.6,476.1,763.3,523.6,904.5,685.2,69BopbFc34U.000.mp4,1280,720,29.97,459,emotional_stability,high
401,13380,right_cheek,702.0,350.7,781.0,476.3,1037.5,528.3,1136.2,685.4,69BopbFc34U.000.mp4,1280,720,29.97,459,emotional_stability,high
402,13413,left_eye,498.5,253.5,624.7,341.1,783.2,406.9,940.9,516.4,69BopbFc34U.000.mp4,1280,720,29.97,459,emotional_stability,high
402,13413,right_eye,684.6,265.3,783.0,343.1,1015.8,421.6,1138.7,518.8,69BopbFc34U.000.mp4,1280,720,29.97,459,emotional_stability,high
402,13413,nose,601.8,316.5,706.5,444.9,912.2,485.6,1043.2,646.1,69BopbFc34U.000.mp4,1280,720,29.97,459,emotional_stability,high
402,13413,mouth,577.8,466.2,703.4,509.2,882.2,672.7,1039.2,726.5,69BopbFc34U.000.mp4,1280,720,29.97,459,emotional_stability,high
402,13413,forehead,457.5,197.7,787.4,449.1,731.8,337.2,1144.2,651.4,69BopbFc34U.000.mp4,1280,720,29.97,459,emotional_stability,high
402,13413,chin,457.6,333.3,771.3,565.6,732.0,506.7,1124.2,797.0,69BopbFc34U.000.mp4,1280,720,29.97,459,emotional_stability,high
402,13413,left_cheek,483.5,346.8,596.1,476.1,764.4,523.4,905.2,685.1,69BopbFc34U.000.mp4,1280,720,29.97,459,emotional_stability,high
402,13413,right_cheek,702.1,350.8,781.0,476.4,1037.6,528.5,1136.3,685.4,69BopbFc34U.000.mp4,1280,720,29.97,459,emotional_stability,high
403,13446,left_eye,499.0,253.3,625.1,340.4,783.7,406.6,941.3,515.6,69BopbFc34U.000.mp4,1280,720,29.97,459,emotional_stability,high
403,13446,right_eye,684.7,265.3,783.0,342.9,1015.9,421.6,1138.7,518.6,69BopbFc34U.000.mp4,1280,720,29.97,459,emotional_stability,high
403,13446,nose,602.1,316.1,706.5,443.8,912.6,485.1,1043.1,644.7,69BopbFc34U.000.mp4,1280,720,29.97,459,emotional_stability,high
403,13446,mouth,577.8,465.2,703.4,508.3,882.2,671.5,1039.2,725.3,69BopbFc34U.000.mp4,1280,720,29.97,459,emotional_stability,high
403,13446,forehead,457.8,197.6,787.3,448.7,732.3,337.0,1144.2,650.9,69BopbFc34U.000.mp4,1280,720,29.97,459,emotional_stability,high
403,13446,chin,457.9,333.0,771.4,564.9,732.3,506.2,1124.2,796.2,69BopbFc34U.000.mp4,1280,720,29.97,459,emotional_stability,high
403,13446,left_cheek,483.9,346.1,596.4,475.4,764.9,522.6,905.5,684.3,69BopbFc34U.000.mp4,1280,720,29.97,459,emotional_stability,high
403,13446,right_cheek,702.1,350.8,781.0,476.1,1037.6,528.5,1136.3,685.2,69BopbFc34U.000.mp4,1280,720,29.97,459,emotional_stability,high
404,13480,left_eye,500.0,252.6,625.9,339.3,785.0,405.8,942.4,514.1,69BopbFc34U.000.mp4,1280,720,29.97,459,emotional_stability,high
404,13480,right_eye,684.7,264.5,783.0,342.4,1015.9,420.7,1138.8,518.0,69BopbFc34U.000.mp4,1280,720,29.97,459,emotional_stability,high
404,13480,nose,602.6,315.1,706.5,442.6,913.3,483.9,1043.2,643.2,69BopbFc34U.000.mp4,1280,720,29.97,459,emotional_stability,high
404,13480,mouth,577.7,463.7,703.8,506.4,882.2,669.7,1039.8,723.0,69BopbFc34U.000.mp4,1280,720,29.97,459,emotional_stability,high
404,13480,forehead,458.6,196.7,787.4,448.3,733.3,335.9,1144.2,650.3,69BopbFc34U.000.mp4,1280,720,29.97,459,emotional_stability,high
404,13480,chin,458.6,332.1,771.4,564.6,733.3,505.2,1124.2,795.7,69BopbFc34U.000.mp4,1280,720,29.97,459,emotional_stability,high
404,13480,left_cheek,484.8,345.0,597.1,474.5,766.0,521.2,906.3,683.2,69BopbFc34U.000.mp4,1280,720,29.97,459,emotional_stability,high
404,13480,right_cheek,702.2,350.3,781.0,475.5,1037.7,527.8,1136.2,684.4,69BopbFc34U.000.mp4,1280,720,29.97,459,emotional_stability,high
405,13513,left_eye,501.2,251.4,627.1,338.3,786.5,404.3,943.9,512.9,69BopbFc34U.000.mp4,1280,720,29.97,459,emotional_stability,high
405,13513,right_eye,685.0,264.2,783.4,341.9,1016.2,420.3,1139.2,517.4,69BopbFc34U.000.mp4,1280,720,29.97,459,emotional_stability,high
405,13513,nose,603.3,314.3,706.8,442.0,914.1,482.9,1043.5,642.5,69BopbFc34U.000.mp4,1280,720,29.97,459,emotional_stability,high
405,13513,mouth,577.9,463.5,704.4,505.5,882.4,669.4,1040.5,721.9,69BopbFc34U.000.mp4,1280,720,29.97,459,emotional_stability,high
405,13513,forehead,459.3,196.1,787.9,448.0,734.2,335.1,1144.8,650.0,69BopbFc34U.000.mp4,1280,720,29.97,459,emotional_stability,high
405,13513,chin,459.3,331.4,771.7,564.2,734.2,504.3,1124.6,795.2,69BopbFc34U.000.mp4,1280,720,29.97,459,emotional_stability,high
405,13513,left_cheek,485.5,344.0,597.9,473.9,766.9,520.1,907.3,682.3,69BopbFc34U.000.mp4,1280,720,29.97,459,emotional_stability,high
405,13513,right_cheek,702.5,350.1,781.1,475.3,1038.2,527.6,1136.4,684.1,69BopbFc34U.000.mp4,1280,720,29.97,459,emotional_stability,high
406,13546,left_eye,502.4,250.5,628.2,337.5,788.0,403.2,945.3,511.8,69BopbFc34U.000.mp4,1280,720,29.97,459,emotional_stability,high
406,13546,right_eye,685.8,264.0,783.9,341.4,1017.2,420.0,1139.9,516.8,69BopbFc34U.000.mp4,1280,720,29.97,459,emotional_stability,high
406,13546,nose,604.0,313.7,707.3,440.9,915.0,482.1,1044.1,641.1,69BopbFc34U.000.mp4,1280,720,29.97,459,emotional_stability,high
406,13546,mouth,578.4,462.7,705.2,504.6,883.0,668.4,1041.5,720.7,69BopbFc34U.000.mp4,1280,720,29.97,459,emotional_stability,high
406,13546,forehead,460.3,195.5,788.5,448.1,735.4,334.3,1145.6,650.1,69BopbFc34U.000.mp4,1280,720,29.97,459,emotional_stability,high
406,13546,chin,460.3,330.9,772.4,563.7,735.4,503.6,1125.4,794.6,69BopbFc34U.000.mp4,1280,720,29.97,459,emotional_stability,high
406,13546,left_cheek,486.5,343.2,598.8,473.2,768.1,519.1,908.4,681.5,69BopbFc34U.000.mp4,1280,720,29.97,459,emotional_stability,high
406,13546,right_cheek,703.2,349.9,781.6,475.0,1039.0,527.4,1137.0,683.8,69BopbFc34U.000.mp4,1280,720,29.97,459,emotional_stability,high
407,13580,left_eye,503.8,249.8,629.3,336.7,789.8,402.2,946.6,510.9,69BopbFc34U.000.mp4,1280,720,29.97,459,emotional_stability,high
407,13580,right_eye,686.6,263.9,784.4,341.1,1018.2,419.9,1140.5,516.4,69BopbFc34U.000.mp4,1280,720,29.97,459,emotional_stability,high
407,13580,nose,604.9,312.9,707.7,439.9,916.1,481.2,1044.7,639.8,69BopbFc34U.000.mp4,1280,720,29.97,459,emotional_stability,high
407,13580,mouth,579.2,461.5,705.6,503.5,884.1,666.9,1041.9,719.4,69BopbFc34U.000.mp4,1280,720,29.97,459,emotional_stability,high
407,13580,forehead,461.9,194.9,789.4,448.1,737.4,333.7,1146.8,650.2,69BopbFc34U.000.mp4,1280,720,29.97,459,emotional_stability,high
407,13580,chin,461.9,330.5,773.2,563.1,737.4,503.2,1126.5,793.9,69BopbFc34U.000.mp4,1280,720,29.97,459,emotional_stability,high
407,13580,left_cheek,487.9,342.5,599.8,472.2,769.9,518.1,909.7,680.2,69BopbFc34U.000.mp4,1280,720,29.97,459,emotional_stability,high
407,13580,right_cheek,703.9,349.9,782.1,474.6,1039.8,527.4,1137.6,683.3,69BopbFc34U.000.mp4,1280,720,29.97,459,emotional_stability,high
408,13613,left_eye,504.7,248.8,630.0,335.8,790.8,401.0,947.5,509.8,69BopbFc34U.000.mp4,1280,720,29.97,459,emotional_stability,high
408,13613,right_eye,687.3,263.8,785.1,340.6,1019.2,419.8,1141.4,515.7,69BopbFc34U.000.mp4,1280,720,29.97,459,emotional_stability,high
408,13613,nose,606.2,312.2,708.5,438.8,917.7,480.3,1045.6,638.5,69BopbFc34U.000.mp4,1280,720,29.97,459,emotional_stability,high
408,13613,mouth,580.0,460.9,706.9,502.7,885.0,666.1,1043.6,718.4,69BopbFc34U.000.mp4,1280,720,29.97,459,emotional_stability,high
408,13613,forehead,463.3,194.8,790.1,448.1,739.1,333.5,1147.7,650.2,69BopbFc34U.000.mp4,1280,720,29.97,459,emotional_stability,high
408,13613,chin,463.3,330.2,774.1,562.3,739.1,502.7,1127.6,792.9,69BopbFc34U.000.mp4,1280,720,29.97,459,emotional_stability,high
408,13613,left_cheek,489.1,341.7,600.8,471.2,771.4,517.2,911.1,679.0,69BopbFc34U.000.mp4,1280,720,29.97,459,emotional_stability,high
408,13613,right_cheek,704.6,349.8,782.8,474.1,1040.8,527.2,1138.5,682.6,69BopbFc34U.000.mp4,1280,720,29.97,459,emotional_stability,high
409,13646,left_eye,505.9,248.7,630.5,336.1,792.4,400.9,948.1,510.1,69BopbFc34U.000.mp4,1280,720,29.97,459,emotional_stability,high
409,13646,right_eye,688.4,263.8,786.4,340.6,1020.5,419.8,1143.0,515.8,69BopbFc34U.000.mp4,1280,720,29.97,459,emotional_stability,high
409,13646,nose,606.9,312.4,709.0,439.3,918.6,480.5,1046.2,639.2,69BopbFc34U.000.mp4,1280,720,29.97,459,emotional_stability,high
409,13646,mouth,581.5,461.1,707.8,503.0,886.8,666.4,1044.8,718.8,69BopbFc34U.000.mp4,1280,720,29.97,459,emotional_stability,high
409,13646,forehead,465.6,194.8,791.5,448.2,742.0,333.5,1149.3,650.3,69BopbFc34U.000.mp4,1280,720,29.97,459,emotional_stability,high
409,13646,chin,465.6,329.6,775.6,562.1,742.0,502.1,1129.5,792.7,69BopbFc34U.000.mp4,1280,720,29.97,459,emotional_stability,high
409,13646,left_cheek,490.9,341.6,601.9,471.0,773.7,517.0,912.4,678.7,69BopbFc34U.000.mp4,1280,720,29.97,459,emotional_stability,high
409,13646,right_cheek,705.4,349.8,784.0,474.1,1041.7,527.3,1140.0,682.7,69BopbFc34U.000.mp4,1280,720,29.97,459,emotional_stability,high
410,13680,left_eye,506.9,248.8,631.7,336.0,793.7,401.0,949.7,510.0,69BopbFc34U.000.mp4,1280,720,29.97,459,emotional_stability,high
410,13680,right_eye,689.5,264.0,787.7,340.7,1021.9,419.9,1144.7,515.8,69BopbFc34U.000.mp4,1280,720,29.97,459,emotional_stability,high
410,13680,nose,608.4,312.6,710.3,439.6,920.5,480.7,1047.9,639.5,69BopbFc34U.000.mp4,1280,720,29.97,459,emotional_stability,high
410,13680,mouth,582.6,461.2,708.5,503.4,888.3,666.5,1045.6,719.2,69BopbFc34U.000.mp4,1280,720,29.97,459,emotional_stability,high
410,13680,forehead,466.2,194.8,792.7,448.1,742.8,333.6,1150.9,650.2,69BopbFc34U.000.mp4,1280,720,29.97,459,emotional_stability,high
410,13680,chin,466.2,328.8,776.8,562.1,742.8,500.9,1131.0,792.7,69BopbFc34U.000.mp4,1280,720,29.97,459,emotional_stability,high
410,13680,left_cheek,491.9,341.2,603.2,470.8,774.8,516.5,914.0,678.4,69BopbFc34U.000.mp4,1280,720,29.97,459,emotional_stability,high
410,13680,right_cheek,706.5,349.8,785.3,474.2,1043.1,527.3,1141.6,682.7,69BopbFc34U.000.mp4,1280,720,29.97,459,emotional_stability,high
411,13713,left_eye,508.4,248.7,633.5,336.1,795.6,400.9,951.8,510.1,69BopbFc34U.000.mp4,1280,720,29.97,459,emotional_stability,high
411,13713,right_eye,691.0,264.2,788.8,340.7,1023.7,420.2,1146.0,515.9,69BopbFc34U.000.mp4,1280,720,29.97,459,emotional_stability,high
411,13713,nose,610.1,312.7,712.0,439.6,922.6,480.9,1050.0,639.5,69BopbFc34U.000.mp4,1280,720,29.97,459,emotional_stability,high
411,13713,mouth,585.3,461.3,708.9,503.5,891.6,666.7,1046.1,719.4,69BopbFc34U.000.mp4,1280,720,29.97,459,emotional_stability,high
411,13713,forehead,467.2,194.9,793.6,448.1,744.0,333.6,1152.0,650.1,69BopbFc34U.000.mp4,1280,720,29.97,459,emotional_stability,high
411,13713,chin,467.2,328.6,777.2,562.2,744.0,500.8,1131.5,792.7,69BopbFc34U.000.mp4,1280,720,29.97,459,emotional_stability,high
411,13713,left_cheek,493.3,341.2,604.9,470.8,776.6,516.5,916.1,678.5,69BopbFc34U.000.mp4,1280,720,29.97,459,emotional_stability,high
411,13713,right_cheek,707.9,350.0,786.2,474.2,1044.8,527.5,1142.7,682.8,69BopbFc34U.000.mp4,1280,720,29.97,459,emotional_stability,high
412,13747,left_eye,510.0,248.7,634.8,336.1,797.5,400.9,953.5,510.2,69BopbFc34U.000.mp4,1280,720,29.97,459,emotional_stability,high
412,13747,right_eye,692.3,264.6,789.6,340.8,1025.3,420.7,1147.1,516.0,69BopbFc34U.000.mp4,1280,720,29.97,459,emotional_stability,high
412,13747,nose,611.2,312.8,713.0,439.8,924.0,480.9,1051.2,639.8,69BopbFc34U.000.mp4,1280,720,29.97,459,emotional_stability,high
412,13747,mouth,587.1,461.5,708.8,504.0,893.9,666.9,1046.0,720.0,69BopbFc34U.000.mp4,1280,720,29.97,459,emotional_stability,high
412,13747,forehead,468.5,195.0,794.6,448.1,745.7,333.8,1153.2,650.1,69BopbFc34U.000.mp4,1280,720,29.97,459,emotional_stability,high
412,13747,chin,468.5,328.5,777.7,562.2,745.7,500.6,1132.2,792.7,69BopbFc34U.000.mp4,1280,720,29.97,459,emotional_stability,high
412,13747,left_cheek,494.7,341.2,606.1,470.8,778.4,516.5,917.6,678.4,69BopbFc34U.000.mp4,1280,720,29.97,459,emotional_stability,high
412,13747,right_cheek,708.8,350.2,786.9,474.2,1046.0,527.7,1143.6,682.8,69BopbFc34U.000.mp4,1280,720,29.97,459,emotional_stability,high
413,13780,left_eye,510.8,248.8,635.3,336.1,798.5,401.0,954.1,510.2,69BopbFc34U.000.mp4,1280,720,29.97,459,emotional_stability,high
413,13780,right_eye,692.9,265.2,790.1,340.8,1026.2,421.5,1147.6,516.0,69BopbFc34U.000.mp4,1280,720,29.97,459,emotional_stability,high
413,13780,nose,611.8,312.8,713.6,440.0,924.8,481.0,1052.0,640.0,69BopbFc34U.000.mp4,1280,720,29.97,459,emotional_stability,high
413,13780,mouth,588.3,461.5,708.8,505.1,895.4,666.9,1046.0,721.4,69BopbFc34U.000.mp4,1280,720,29.97,459,emotional_stability,high
413,13780,forehead,469.2,195.5,795.1,447.8,746.5,334.3,1153.8,649.8,69BopbFc34U.000.mp4,1280,720,29.97,459,emotional_stability,high
413,13780,chin,469.2,328.5,778.4,562.2,746.5,500.7,1133.0,792.8,69BopbFc34U.000.mp4,1280,720,29.97,459,emotional_stability,high
413,13780,left_cheek,495.5,341.3,606.8,470.6,779.4,516.6,918.4,678.2,69BopbFc34U.000.mp4,1280,720,29.97,459,emotional_stability,high
413,13780,right_cheek,709.4,350.2,787.5,474.0,1046.8,527.7,1144.4,682.6,69BopbFc34U.000.mp4,1280,720,29.97,459,emotional_stability,high
414,13813,left_eye,511.1,248.9,635.3,336.2,798.8,401.2,954.1,510.2,69BopbFc34U.000.mp4,1280,720,29.97,459,emotional_stability,high
414,13813,right_eye,693.2,265.7,790.5,341.0,1026.5,422.1,1148.1,516.3,69BopbFc34U.000.mp4,1280,720,29.97,459,emotional_stability,high
414,13813,nose,611.9,313.2,713.6,440.1,924.9,481.5,1052.0,640.1,69BopbFc34U.000.mp4,1280,720,29.97,459,emotional_stability,high
414,13813,mouth,587.9,461.2,708.8,507.5,894.9,666.5,1046.0,724.4,69BopbFc34U.000.mp4,1280,720,29.97,459,emotional_stability,high
414,13813,forehead,469.6,196.0,795.5,447.8,747.0,335.0,1154.4,649.8,69BopbFc34U.000.mp4,1280,720,29.97,459,emotional_stability,high
414,13813,chin,469.6,328.6,778.8,562.4,747.0,500.7,1133.5,793.0,69BopbFc34U.000.mp4,1280,720,29.97,459,emotional_stability,high
414,13813,left_cheek,495.8,341.3,606.9,470.6,779.8,516.7,918.6,678.3,69BopbFc34U.000.mp4,1280,720,29.97,459,emotional_stability,high
414,13813,right_cheek,709.6,350.4,787.9,474.1,1047.0,528.0,1144.8,682.6,69BopbFc34U.000.mp4,1280,720,29.97,459,emotional_stability,high
415,13847,left_eye,511.2,249.2,635.1,336.4,799.0,401.5,953.9,510.5,69BopbFc34U.000.mp4,1280,720,29.97,459,emotional_stability,high
415,13847,right_eye,693.2,266.2,790.7,341.5,1026.5,422.8,1148.4,516.9,69BopbFc34U.000.mp4,1280,720,29.97,459,emotional_stability,high
415,13847,nose,611.6,313.7,713.4,440.5,924.5,482.1,1051.7,640.7,69BopbFc34U.000.mp4,1280,720,29.97,459,emotional_stability,high
415,13847,mouth,587.4,461.3,708.7,508.4,894.3,666.6,1045.9,725.5,69BopbFc34U.000.mp4,1280,720,29.97,459,emotional_stability,high
415,13847,forehead,470.1,196.6,795.9,448.0,747.6,335.7,1154.9,650.0,69BopbFc34U.000.mp4,1280,720,29.97,459,emotional_stability,high
415,13847,chin,470.1,328.6,779.3,562.6,747.6,500.8,1134.1,793.3,69BopbFc34U.000.mp4,1280,720,29.97,459,emotional_stability,high
415,13847,left_cheek,495.9,341.4,606.7,470.7,779.8,516.7,918.3,678.3,69BopbFc34U.000.mp4,1280,720,29.97,459,emotional_stability,high
415,13847,right_cheek,709.4,351.0,788.0,474.4,1046.8,528.7,1145.0,683.0,69BopbFc34U.000.mp4,1280,720,29.97,459,emotional_stability,high
416,13880,left_eye,510.8,249.4,634.4,336.4,798.4,401.8,953.0,510.5,69BopbFc34U.000.mp4,1280,720,29.97,459,emotional_stability,high
416,13880,right_eye,693.1,266.4,790.5,341.6,1026.3,423.0,1148.2,516.9,69BopbFc34U.000.mp4,1280,720,29.97,459,emotional_stability,high
416,13880,nose,611.6,313.7,712.5,440.3,924.5,482.1,1050.6,640.4,69BopbFc34U.000.mp4,1280,720,29.97,459,emotional_stability,high
416,13880,mouth,587.1,461.4,708.4,508.4,893.9,666.7,1045.5,725.5,69BopbFc34U.000.mp4,1280,720,29.97,459,emotional_stability,high
416,13880,forehead,469.7,196.9,795.7,449.2,747.1,336.2,1154.6,651.5,69BopbFc34U.000.mp4,1280,720,29.97,459,emotional_stability,high
416,13880,chin,469.7,329.3,779.2,562.8,747.1,501.6,1134.0,793.5,69BopbFc34U.000.mp4,1280,720,29.97,459,emotional_stability,high
416,13880,left_cheek,495.5,341.4,606.6,470.7,779.3,516.8,918.2,678.4,69BopbFc34U.000.mp4,1280,720,29.97,459,emotional_stability,high
416,13880,right_cheek,709.2,351.5,787.8,474.6,1046.5,529.4,1144.8,683.2,69BopbFc34U.000.mp4,1280,720,29.97,459,emotional_stability,high
417,13913,left_eye,510.7,249.7,632.8,336.5,798.4,402.1,951.0,510.6,69BopbFc34U.000.mp4,1280,720,29.97,459,emotional_stability,high
417,13913,right_eye,692.0,266.5,789.8,341.6,1024.9,423.2,1147.2,517.0,69BopbFc34U.000.mp4,1280,720,29.97,459,emotional_stability,high
417,13913,nose,610.4,313.7,710.6,440.3,923.0,482.1,1048.3,640.4,69BopbFc34U.000.mp4,1280,720,29.97,459,emotional_stability,high
417,13913,mouth,585.3,461.3,707.0,508.2,891.7,666.7,1043.8,725.3,69BopbFc34U.000.mp4,1280,720,29.97,459,emotional_stability,high
417,13913,forehead,469.4,197.2,795.0,450.0,746.8,336.5,1153.8,652.5,69BopbFc34U.000.mp4,1280,720,29.97,459,emotional_stability,high
417,13913,chin,469.4,329.8,779.1,563.0,746.8,502.3,1133.9,793.7,69BopbFc34U.000.mp4,1280,720,29.97,459,emotional_stability,high
417,13913,left_cheek,495.2,341.4,605.5,470.7,779.0,516.8,916.9,678.4,69BopbFc34U.000.mp4,1280,720,29.97,459,emotional_stability,high
417,13913,right_cheek,707.7,351.9,787.0,474.7,1044.7,529.9,1143.7,683.3,69BopbFc34U.000.mp4,1280,720,29.97,459,emotional_stability,high
418,13947,left_eye,508.4,249.6,630.1,336.2,795.5,402.0,947.7,510.3,69BopbFc34U.000.mp4,1280,720,29.97,459,emotional_stability,high
418,13947,right_eye,689.7,266.4,787.8,341.5,1022.1,423.0,1144.8,516.9,69BopbFc34U.000.mp4,1280,720,29.97,459,emotional_stability,high
418,13947,nose,607.4,313.5,707.8,439.8,919.3,481.9,1044.7,639.7,69BopbFc34U.000.mp4,1280,720,29.97,459,emotional_stability,high
418,13947,mouth,581.3,459.8,703.9,508.4,886.6,664.7,1039.9,725.5,69BopbFc34U.000.mp4,1280,720,29.97,459,emotional_stability,high
418,13947,forehead,468.1,197.2,793.2,450.0,745.1,336.4,1151.5,652.4,69BopbFc34U.000.mp4,1280,720,29.97,459,emotional_stability,high
418,13947,chin,468.1,329.7,777.9,563.0,745.1,502.1,1132.4,793.7,69BopbFc34U.000.mp4,1280,720,29.97,459,emotional_stability,high
418,13947,left_cheek,493.6,341.2,602.7,470.3,777.0,516.5,913.4,677.9,69BopbFc34U.000.mp4,1280,720,29.97,459,emotional_stability,high
418,13947,right_cheek,705.2,351.9,785.0,474.5,1041.6,529.9,1141.2,683.1,69BopbFc34U.000.mp4,1280,720,29.97,459,emotional_stability,high
419,13980,left_eye,505.2,249.4,626.4,336.0,791.5,401.8,943.0,510.0,69BopbFc34U.000.mp4,1280,720,29.97,459,emotional_stability,high
419,13980,right_eye,686.7,266.0,785.1,341.3,1018.4,422.5,1141.4,516.7,69BopbFc34U.000.mp4,1280,720,29.97,459,emotional_stability,high
419,13980,nose,604.1,313.2,704.7,439.7,915.1,481.5,1040.9,639.6,69BopbFc34U.000.mp4,1280,720,29.97,459,emotional_stability,high
419,13980,mouth,578.5,459.5,700.3,509.0,883.1,664.4,1035.4,726.2,69BopbFc34U.000.mp4,1280,720,29.97,459,emotional_stability,high
419,13980,forehead,466.7,197.1,790.8,449.7,743.3,336.4,1148.5,652.1,69BopbFc34U.000.mp4,1280,720,29.97,459,emotional_stability,high
419,13980,chin,466.7,329.5,776.0,563.0,743.4,501.8,1130.1,793.7,69BopbFc34U.000.mp4,1280,720,29.97,459,emotional_stability,high
419,13980,left_cheek,491.4,341.1,599.5,470.0,774.3,516.4,909.3,677.5,69BopbFc34U.000.mp4,1280,720,29.97,459,emotional_stability,high
419,13980,right_cheek,702.2,351.8,782.3,474.4,1037.7,529.7,1137.9,682.9,69BopbFc34U.000.mp4,1280,720,29.97,459,emotional_stability,high
420,14014,left_eye,501.9,249.6,623.0,335.9,787.4,402.0,938.8,509.9,69BopbFc34U.000.mp4,1280,720,29.97,459,emotional_stability,high
420,14014,right_eye,684.0,266.0,782.7,341.0,1015.1,422.5,1138.4,516.2,69BopbFc34U.000.mp4,1280,720,29.97,459,emotional_stability,high
420,14014,nose,601.4,313.1,702.4,439.5,911.8,481.4,1038.0,639.3,69BopbFc34U.000.mp4,1280,720,29.97,459,emotional_stability,high
420,14014,mouth,576.8,459.7,698.2,509.0,881.0,664.6,1032.8,726.2,69BopbFc34U.000.mp4,1280,720,29.97,459,emotional_stability,high
420,14014,forehead,464.7,197.1,788.5,449.5,740.8,336.4,1145.6,651.9,69BopbFc34U.000.mp4,1280,720,29.97,459,emotional_stability,high
420,14014,chin,464.9,329.5,774.5,562.9,741.1,501.8,1128.1,793.6,69BopbFc34U.000.mp4,1280,720,29.97,459,emotional_stability,high
420,14014,left_cheek,489.0,341.1,596.7,470.0,771.2,516.4,905.9,677.5,69BopbFc34U.000.mp4,1280,720,29.97,459,emotional_stability,high
420,14014,right_cheek,699.6,351.6,780.1,474.3,1034.6,529.5,1135.1,682.8,69BopbFc34U.000.mp4,1280,720,29.97,459,emotional_stability,high
421,14047,left_eye,499.2,250.0,619.9,336.0,784.0,402.4,934.9,510.1,69BopbFc34U.000.mp4,1280,720,29.97,459,emotional_stability,high
421,14047,right_eye,681.4,265.9,780.4,341.0,1011.7,422.4,1135.6,516.2,69BopbFc34U.000.mp4,1280,720,29.97,459,emotional_stability,high
421,14047,nose,599.2,313.1,699.9,439.5,908.9,481.4,1034.8,639.4,69BopbFc34U.000.mp4,1280,720,29.97,459,emotional_stability,high
421,14047,mouth,575.2,459.7,696.4,509.1,879.0,664.6,1030.5,726.4,69BopbFc34U.000.mp4,1280,720,29.97,459,emotional_stability,high
421,14047,forehead,462.7,197.4,786.3,449.5,738.3,336.7,1142.9,651.9,69BopbFc34U.000.mp4,1280,720,29.97,459,emotional_stability,high
421,14047,chin,463.1,330.0,773.4,562.8,738.8,502.6,1126.7,793.5,69BopbFc34U.000.mp4,1280,720,29.97,459,emotional_stability,high
421,14047,left_cheek,486.8,341.6,594.3,470.1,768.5,517.0,902.9,677.6,69BopbFc34U.000.mp4,1280,720,29.97,459,emotional_stability,high
421,14047,right_cheek,697.2,351.6,778.4,474.3,1031.5,529.5,1133.0,682.8,69BopbFc34U.000.mp4,1280,720,29.97,459,emotional_stability,high
422,14080,left_eye,497.1,251.0,617.6,336.8,781.4,403.8,932.0,511.0,69BopbFc34U.000.mp4,1280,720,29.97,459,emotional_stability,high
422,14080,right_eye,679.8,265.9,779.1,341.1,1009.8,422.4,1133.8,516.4,69BopbFc34U.000.mp4,1280,720,29.97,459,emotional_stability,high
422,14080,nose,597.1,313.6,698.2,440.2,906.4,482.0,1032.8,640.3,69BopbFc34U.000.mp4,1280,720,29.97,459,emotional_stability,high
422,14080,mouth,573.6,459.8,695.8,509.9,877.1,664.8,1029.7,727.4,69BopbFc34U.000.mp4,1280,720,29.97,459,emotional_stability,high
422,14080,forehead,461.2,197.8,785.2,449.5,736.5,337.3,1141.5,651.9,69BopbFc34U.000.mp4,1280,720,29.97,459,emotional_stability,high
422,14080,chin,461.7,330.7,772.8,562.8,737.2,503.4,1126.0,793.5,69BopbFc34U.000.mp4,1280,720,29.97,459,emotional_stability,high
422,14080,left_cheek,485.1,342.4,592.5,470.4,766.3,518.1,900.6,678.0,69BopbFc34U.000.mp4,1280,720,29.97,459,emotional_stability,high
422,14080,right_cheek,695.6,351.6,777.5,474.3,1029.5,529.5,1131.9,682.9,69BopbFc34U.000.mp4,1280,720,29.97,459,emotional_stability,high
423,14114,left_eye,495.8,251.9,616.2,337.1,779.8,404.8,930.3,511.4,69BopbFc34U.000.mp4,1280,720,29.97,459,emotional_stability,high
423,14114,right_eye,678.7,265.9,778.0,341.2,1008.4,422.4,1132.6,516.5,69BopbFc34U.000.mp4,1280,720,29.97,459,emotional_stability,high
423,14114,nose,595.8,313.7,697.2,440.3,904.8,482.1,1031.5,640.4,69BopbFc34U.000.mp4,1280,720,29.97,459,emotional_stability,high
423,14114,mouth,572.9,460.2,694.6,510.5,876.1,665.2,1028.2,728.1,69BopbFc34U.000.mp4,1280,720,29.97,459,emotional_stability,high
423,14114,forehead,460.1,198.3,784.3,449.5,735.2,337.8,1140.3,651.9,69BopbFc34U.000.mp4,1280,720,29.97,459,emotional_stability,high
423,14114,chin,460.8,331.7,771.9,562.8,736.0,504.6,1124.9,793.5,69BopbFc34U.000.mp4,1280,720,29.97,459,emotional_stability,high
423,14114,left_cheek,483.9,343.3,591.2,470.9,764.9,519.1,899.0,678.6,69BopbFc34U.000.mp4,1280,720,29.97,459,emotional_stability,high
423,14114,right_cheek,694.4,351.6,776.5,474.3,1028.1,529.5,1130.6,682.9,69BopbFc34U.000.mp4,1280,720,29.97,459,emotional_stability,high
424,14147,left_eye,495.0,252.4,615.9,337.3,778.8,405.5,929.9,511.6,69BopbFc34U.000.mp4,1280,720,29.97,459,emotional_stability,high
424,14147,right_eye,678.1,265.9,777.7,341.2,1007.7,422.4,1132.1,516.5,69BopbFc34U.000.mp4,1280,720,29.97,459,emotional_stability,high
424,14147,nose,596.0,313.8,697.0,440.3,905.0,482.2,1031.3,640.4,69BopbFc34U.000.mp4,1280,720,29.97,459,emotional_stability,high
424,14147,mouth,573.5,461.1,694.4,508.8,876.9,666.4,1028.0,726.0,69BopbFc34U.000.mp4,1280,720,29.97,459,emotional_stability,high
424,14147,forehead,459.4,198.4,783.8,449.4,734.2,338.0,1139.7,651.8,69BopbFc34U.000.mp4,1280,720,29.97,459,emotional_stability,high
424,14147,chin,459.9,332.4,771.3,561.7,734.9,505.4,1124.1,792.2,69BopbFc34U.000.mp4,1280,720,29.97,459,emotional_stability,high
424,14147,left_cheek,483.3,343.8,591.0,471.2,764.1,519.7,898.7,678.9,69BopbFc34U.000.mp4,1280,720,29.97,459,emotional_stability,high
424,14147,right_cheek,694.2,351.6,776.0,474.3,1027.7,529.5,1130.1,682.9,69BopbFc34U.000.mp4,1280,720,29.97,459,emotional_stability,high
425,14180,left_eye,494.6,252.5,615.6,337.5,778.3,405.7,929.4,511.9,69BopbFc34U.000.mp4,1280,720,29.97,459,emotional_stability,high
425,14180,right_eye,677.4,265.7,777.3,341.3,1006.8,422.1,1131.6,516.6,69BopbFc34U.000.mp4,1280,720,29.97,459,emotional_stability,high
425,14180,nose,596.1,313.8,696.8,439.5,905.2,482.2,1031.0,639.4,69BopbFc34U.000.mp4,1280,720,29.97,459,emotional_stability,high
425,14180,mouth,574.0,461.1,694.5,506.4,877.5,666.4,1028.1,723.0,69BopbFc34U.000.mp4,1280,720,29.97,459,emotional_stability,high
425,14180,forehead,459.1,198.4,783.3,449.4,733.9,338.1,1139.2,651.8,69BopbFc34U.000.mp4,1280,720,29.97,459,emotional_stability,high
425,14180,chin,459.7,333.1,770.9,559.5,734.6,506.3,1123.6,789.3,69BopbFc34U.000.mp4,1280,720,29.97,459,emotional_stability,high
425,14180,left_cheek,483.2,344.2,590.9,471.3,764.0,520.2,898.6,679.1,69BopbFc34U.000.mp4,1280,720,29.97,459,emotional_stability,high
425,14180,right_cheek,693.9,351.5,775.7,474.2,1027.4,529.3,1129.7,682.8,69BopbFc34U.000.mp4,1280,720,29.97,459,emotional_stability,high
426,14214,left_eye,494.3,252.5,615.2,337.5,777.8,405.6,929.0,511.8,69BopbFc34U.000.mp4,1280,720,29.97,459,emotional_stability,high
426,14214,right_eye,677.2,265.3,777.0,341.3,1006.5,421.7,1131.2,516.6,69BopbFc34U.000.mp4,1280,720,29.97,459,emotional_stability,high
426,14214,nose,596.3,313.7,696.8,439.5,905.3,482.1,1031.0,639.4,69BopbFc34U.000.mp4,1280,720,29.97,459,emotional_stability,high
426,14214,mouth,574.2,461.3,694.2,506.0,877.8,666.6,1027.8,722.5,69BopbFc34U.000.mp4,1280,720,29.97,459,emotional_stability,high
426,14214,forehead,458.5,198.3,782.8,449.0,733.1,337.9,1138.5,651.2,69BopbFc34U.000.mp4,1280,720,29.97,459,emotional_stability,high
426,14214,chin,459.1,332.9,770.4,559.5,733.9,506.2,1123.0,789.4,69BopbFc34U.000.mp4,1280,720,29.97,459,emotional_stability,high
426,14214,left_cheek,483.0,344.1,590.9,471.3,763.7,520.2,898.7,679.1,69BopbFc34U.000.mp4,1280,720,29.97,459,emotional_stability,high
426,14214,right_cheek,693.7,351.1,775.6,474.1,1027.1,528.8,1129.4,682.6,69BopbFc34U.000.mp4,1280,720,29.97,459,emotional_stability,high
427,14247,left_eye,494.4,252.4,615.2,337.3,778.0,405.5,929.0,511.6,69BopbFc34U.000.mp4,1280,720,29.97,459,emotional_stability,high
427,14247,right_eye,677.5,264.8,777.0,340.9,1006.9,421.0,1131.3,516.1,69BopbFc34U.000.mp4,1280,720,29.97,459,emotional_stability,high
427,14247,nose,595.4,313.6,696.6,439.9,904.2,482.0,1030.7,639.9,69BopbFc34U.000.mp4,1280,720,29.97,459,emotional_stability,high
427,14247,mouth,574.4,462.7,693.6,509.4,878.1,668.3,1027.1,726.8,69BopbFc34U.000.mp4,1280,720,29.97,459,emotional_stability,high
427,14247,forehead,458.4,197.9,783.1,448.9,732.9,337.4,1138.8,651.1,69BopbFc34U.000.mp4,1280,720,29.97,459,emotional_stability,high
427,14247,chin,459.0,332.9,770.5,560.4,733.8,506.1,1123.1,790.6,69BopbFc34U.000.mp4,1280,720,29.97,459,emotional_stability,high
427,14247,left_cheek,482.6,344.1,590.5,471.7,763.2,520.1,898.1,679.6,69BopbFc34U.000.mp4,1280,720,29.97,459,emotional_stability,high
427,14247,right_cheek,693.6,350.8,775.8,474.2,1027.0,528.5,1129.8,682.8,69BopbFc34U.000.mp4,1280,720,29.97,459,emotional_stability,high
428,14280,left_eye,494.9,252.1,615.7,337.0,778.6,405.1,929.7,511.3,69BopbFc34U.000.mp4,1280,720,29.97,459,emotional_stability,high
428,14280,right_eye,677.9,264.3,777.2,340.4,1007.4,420.4,1131.5,515.5,69BopbFc34U.000.mp4,1280,720,29.97,459,emotional_stability,high
428,14280,nose,594.5,313.5,696.8,440.8,903.1,481.9,1031.0,641.0,69BopbFc34U.000.mp4,1280,720,29.97,459,emotional_stability,high
428,14280,mouth,574.1,463.5,693.4,511.9,877.6,669.4,1026.8,729.9,69BopbFc34U.000.mp4,1280,720,29.97,459,emotional_stability,high
428,14280,forehead,458.6,197.1,783.4,448.6,733.2,336.4,1139.2,650.8,69BopbFc34U.000.mp4,1280,720,29.97,459,emotional_stability,high
428,14280,chin,459.2,331.4,770.6,561.8,734.0,504.3,1123.3,792.3,69BopbFc34U.000.mp4,1280,720,29.97,459,emotional_stability,high
428,14280,left_cheek,482.6,343.8,590.4,471.8,763.2,519.7,898.0,679.8,69BopbFc34U.000.mp4,1280,720,29.97,459,emotional_stability,high
428,14280,right_cheek,693.8,350.6,776.1,474.6,1027.3,528.3,1130.1,683.3,69BopbFc34U.000.mp4,1280,720,29.97,459,emotional_stability,high
429,14314,left_eye,495.0,251.7,616.1,336.7,778.8,404.7,930.2,510.8,69BopbFc34U.000.mp4,1280,720,29.97,459,emotional_stability,high
429,14314,right_eye,678.1,263.8,777.4,340.2,1007.6,419.8,1131.7,515.2,69BopbFc34U.000.mp4,1280,720,29.97,459,emotional_stability,high
429,14314,nose,595.0,313.2,697.1,440.8,903.7,481.5,1031.3,641.0,69BopbFc34U.000.mp4,1280,720,29.97,459,emotional_stability,high
429,14314,mouth,574.3,463.4,693.8,511.7,877.8,669.3,1027.2,729.6,69BopbFc34U.000.mp4,1280,720,29.97,459,emotional_stability,high
429,14314,forehead,458.6,196.4,783.7,448.6,733.3,335.5,1139.7,650.8,69BopbFc34U.000.mp4,1280,720,29.97,459,emotional_stability,high
429,14314,chin,459.3,331.2,771.3,562.8,734.1,503.9,1124.1,793.5,69BopbFc34U.000.mp4,1280,720,29.97,459,emotional_stability,high
429,14314,left_cheek,482.8,343.5,590.8,471.9,763.5,519.4,898.5,679.9,69BopbFc34U.000.mp4,1280,720,29.97,459,emotional_stability,high
429,14314,right_cheek,694.0,350.5,776.5,474.7,1027.5,528.2,1130.6,683.4,69BopbFc34U.000.mp4,1280,720,29.97,459,emotional_stability,high
430,14347,left_eye,496.7,251.6,618.2,336.8,780.9,404.5,932.7,511.1,69BopbFc34U.000.mp4,1280,720,29.97,459,emotional_stability,high
430,14347,right_eye,679.6,263.9,778.4,340.5,1009.5,419.9,1133.0,515.6,69BopbFc34U.000.mp4,1280,720,29.97,459,emotional_stability,high
430,14347,nose,596.0,313.3,698.4,441.4,905.0,481.6,1033.0,641.7,69BopbFc34U.000.mp4,1280,720,29.97,459,emotional_stability,high
430,14347,mouth,575.2,464.0,695.2,512.1,878.9,670.0,1029.0,730.1,69BopbFc34U.000.mp4,1280,720,29.97,459,emotional_stability,high
430,14347,forehead,459.7,196.3,785.0,450.0,734.6,335.4,1141.3,652.6,69BopbFc34U.000.mp4,1280,720,29.97,459,emotional_stability,high
430,14347,chin,460.2,331.2,772.4,563.7,735.2,504.0,1125.5,794.6,69BopbFc34U.000.mp4,1280,720,29.97,459,emotional_stability,high
430,14347,left_cheek,483.8,343.6,591.9,472.6,764.7,519.5,899.9,680.8,69BopbFc34U.000.mp4,1280,720,29.97,459,emotional_stability,high
430,14347,right_cheek,695.4,351.0,777.7,476.2,1029.3,528.8,1132.2,685.3,69BopbFc34U.000.mp4,1280,720,29.97,459,emotional_stability,high
431,14381,left_eye,499.2,251.5,620.9,337.0,784.0,404.3,936.1,511.2,69BopbFc34U.000.mp4,1280,720,29.97,459,emotional_stability,high
431,14381,right_eye,681.8,264.1,780.5,340.9,1012.3,420.1,1135.6,516.2,69BopbFc34U.000.mp4,1280,720,29.97,459,emotional_stability,high
431,14381,nose,598.2,313.4,700.2,441.8,907.8,481.7,1035.2,642.3,69BopbFc34U.000.mp4,1280,720,29.97,459,emotional_stability,high
431,14381,mouth,576.5,465.2,697.9,512.0,880.7,671.5,1032.4,730.1,69BopbFc34U.000.mp4,1280,720,29.97,459,emotional_stability,high
431,14381,forehead,462.1,196.3,787.1,451.2,737.7,335.4,1143.9,654.0,69BopbFc34U.000.mp4,1280,720,29.97,459,emotional_stability,high
431,14381,chin,462.4,331.3,774.1,563.8,738.0,504.1,1127.6,794.7,69BopbFc34U.000.mp4,1280,720,29.97,459,emotional_stability,high
431,14381,left_cheek,485.9,343.6,594.0,473.0,767.4,519.5,902.5,681.2,69BopbFc34U.000.mp4,1280,720,29.97,459,emotional_stability,high
431,14381,right_cheek,697.6,351.7,779.5,477.0,1032.0,529.7,1134.4,686.3,69BopbFc34U.000.mp4,1280,720,29.97,459,emotional_stability,high
432,14414,left_eye,501.0,251.1,623.7,337.1,786.3,403.9,939.7,511.3,69BopbFc34U.000.mp4,1280,720,29.97,459,emotional_stability,high
432,14414,right_eye,684.1,264.6,782.5,341.4,1015.1,420.8,1138.2,516.8,69BopbFc34U.000.mp4,1280,720,29.97,459,emotional_stability,high
432,14414,nose,601.1,313.6,702.6,442.4,911.3,482.0,1038.2,643.0,69BopbFc34U.000.mp4,1280,720,29.97,459,emotional_stability,high
432,14414,mouth,578.5,465.9,700.8,511.7,883.1,672.3,1035.9,729.7,69BopbFc34U.000.mp4,1280,720,29.97,459,emotional_stability,high
432,14414,forehead,463.1,196.3,789.2,451.9,738.9,335.4,1146.5,654.8,69BopbFc34U.000.mp4,1280,720,29.97,459,emotional_stability,high
432,14414,chin,463.2,331.3,775.4,563.8,738.9,504.1,1129.2,794.8,69BopbFc34U.000.mp4,1280,720,29.97,459,emotional_stability,high
432,14414,left_cheek,487.3,343.6,596.4,473.2,769.1,519.5,905.6,681.5,69BopbFc34U.000.mp4,1280,720,29.97,459,emotional_stability,high
432,14414,right_cheek,699.9,352.3,781.3,477.7,1034.9,530.3,1136.6,687.1,69BopbFc34U.000.mp4,1280,720,29.97,459,emotional_stability,high
433,14447,left_eye,503.7,251.1,627.2,337.3,789.7,403.9,944.0,511.6,69BopbFc34U.000.mp4,1280,720,29.97,459,emotional_stability,high
433,14447,right_eye,687.0,265.2,786.2,342.1,1018.8,421.5,1142.8,517.6,69BopbFc34U.000.mp4,1280,720,29.97,459,emotional_stability,high
433,14447,nose,604.7,313.9,706.1,443.1,915.9,482.4,1042.7,643.9,69BopbFc34U.000.mp4,1280,720,29.97,459,emotional_stability,high
433,14447,mouth,581.1,466.0,703.9,511.7,886.4,672.5,1039.9,729.6,69BopbFc34U.000.mp4,1280,720,29.97,459,emotional_stability,high
433,14447,forehead,465.0,196.3,792.6,452.4,741.3,335.4,1150.7,655.5,69BopbFc34U.000.mp4,1280,720,29.97,459,emotional_stability,high
433,14447,chin,465.0,331.3,777.7,564.1,741.3,504.2,1132.2,795.1,69BopbFc34U.000.mp4,1280,720,29.97,459,emotional_stability,high
433,14447,left_cheek,489.7,343.7,599.7,473.5,772.2,519.6,909.6,681.9,69BopbFc34U.000.mp4,1280,720,29.97,459,emotional_stability,high
433,14447,right_cheek,703.2,352.8,784.3,478.2,1039.1,531.0,1140.3,687.7,69BopbFc34U.000.mp4,1280,720,29.97,459,emotional_stability,high
434,14481,left_eye,505.8,250.9,629.1,337.3,792.2,403.6,946.4,511.6,69BopbFc34U.000.mp4,1280,720,29.97,459,emotional_stability,high
434,14481,right_eye,689.0,265.5,787.7,342.2,1021.2,421.9,1144.6,517.7,69BopbFc34U.000.mp4,1280,720,29.97,459,emotional_stability,high
434,14481,nose,607.0,313.9,708.1,442.8,918.7,482.4,1045.1,643.5,69BopbFc34U.000.mp4,1280,720,29.97,459,emotional_stability,high
434,14481,mouth,583.8,465.9,705.6,510.5,889.8,672.4,1042.0,728.2,69BopbFc34U.000.mp4,1280,720,29.97,459,emotional_stability,high
434,14481,forehead,466.5,196.3,794.1,452.6,743.2,335.4,1152.7,655.8,69BopbFc34U.000.mp4,1280,720,29.97,459,emotional_stability,high
434,14481,chin,466.5,331.4,779.6,564.0,743.2,504.2,1134.6,795.0,69BopbFc34U.000.mp4,1280,720,29.97,459,emotional_stability,high
434,14481,left_cheek,491.7,343.7,601.8,473.5,774.7,519.6,912.3,681.9,69BopbFc34U.000.mp4,1280,720,29.97,459,emotional_stability,high
434,14481,right_cheek,705.1,352.9,785.9,478.1,1041.3,531.2,1142.4,687.6,69BopbFc34U.000.mp4,1280,720,29.97,459,emotional_stability,high
435,14514,left_eye,507.5,250.6,630.8,337.3,794.4,403.2,948.6,511.6,69BopbFc34U.000.mp4,1280,720,29.97,459,emotional_stability,high
435,14514,right_eye,690.2,265.7,789.2,342.3,1022.7,422.1,1146.5,517.9,69BopbFc34U.000.mp4,1280,720,29.97,459,emotional_stability,high
435,14514,nose,608.2,313.9,709.3,442.7,920.2,482.4,1046.6,643.4,69BopbFc34U.000.mp4,1280,720,29.97,459,emotional_stability,high
435,14514,mouth,585.3,465.8,706.7,509.6,891.6,672.3,1043.4,727.1,69BopbFc34U.000.mp4,1280,720,29.97,459,emotional_stability,high
435,14514,forehead,468.0,196.3,795.5,452.6,745.0,335.4,1154.4,655.7,69BopbFc34U.000.mp4,1280,720,29.97,459,emotional_stability,high
435,14514,chin,468.0,331.2,780.6,563.9,745.0,504.0,1135.8,794.9,69BopbFc34U.000.mp4,1280,720,29.97,459,emotional_stability,high
435,14514,left_cheek,493.2,343.5,603.3,473.5,776.5,519.3,914.1,681.9,69BopbFc34U.000.mp4,1280,720,29.97,459,emotional_stability,high
435,14514,right_cheek,706.3,353.0,787.0,478.1,1042.9,531.2,1143.8,687.6,69BopbFc34U.000.mp4,1280,720,29.97,459,emotional_stability,high
436,14547,left_eye,508.3,249.7,631.8,337.1,795.4,402.1,949.7,511.4,69BopbFc34U.000.mp4,1280,720,29.97,459,emotional_stability,high
436,14547,right_eye,691.3,265.7,790.6,342.3,1024.1,422.1,1148.2,517.9,69BopbFc34U.000.mp4,1280,720,29.97,459,emotional_stability,high
436,14547,nose,609.1,313.9,710.3,442.6,921.4,482.3,1047.9,643.3,69BopbFc34U.000.mp4,1280,720,29.97,459,emotional_stability,high
436,14547,mouth,586.2,465.8,707.6,509.3,892.8,672.2,1044.5,726.6,69BopbFc34U.000.mp4,1280,720,29.97,459,emotional_stability,high
436,14547,forehead,468.6,196.0,796.5,452.9,745.8,335.0,1155.6,656.2,69BopbFc34U.000.mp4,1280,720,29.97,459,emotional_stability,high
436,14547,chin,468.6,331.1,781.3,563.9,745.8,503.8,1136.7,794.9,69BopbFc34U.000.mp4,1280,720,29.97,459,emotional_stability,high
436,14547,left_cheek,493.9,343.2,604.1,473.5,777.4,518.9,915.1,681.8,69BopbFc34U.000.mp4,1280,720,29.97,459,emotional_stability,high
436,14547,right_cheek,707.4,353.2,788.1,478.2,1044.3,531.5,1145.1,687.7,69BopbFc34U.000.mp4,1280,720,29.97,459,emotional_stability,high
437,14581,left_eye,510.2,249.4,633.7,337.1,797.7,401.7,952.1,511.4,69BopbFc34U.000.mp4,1280,720,29.97,459,emotional_stability,high
437,14581,right_eye,692.9,266.1,792.3,342.6,1026.1,422.6,1150.4,518.3,69BopbFc34U.000.mp4,1280,720,29.97,459,emotional_stability,high
437,14581,nose,610.5,313.9,711.7,442.7,923.1,482.4,1049.6,643.3,69BopbFc34U.000.mp4,1280,720,29.97,459,emotional_stability,high
437,14581,mouth,587.2,465.7,709.5,508.7,894.0,672.1,1046.8,725.9,69BopbFc34U.000.mp4,1280,720,29.97,459,emotional_stability,high
437,14581,forehead,470.2,196.0,798.4,453.5,747.7,335.0,1158.1,656.9,69BopbFc34U.000.mp4,1280,720,29.97,459,emotional_stability,high
437,14581,chin,470.2,331.0,783.2,563.9,747.7,503.7,1139.0,794.9,69BopbFc34U.000.mp4,1280,720,29.97,459,emotional_stability,high
437,14581,left_cheek,495.4,343.1,605.6,473.5,779.2,518.8,917.0,681.8,69BopbFc34U.000.mp4,1280,720,29.97,459,emotional_stability,high
437,14581,right_cheek,709.1,353.8,790.0,478.6,1046.4,532.2,1147.5,688.3,69BopbFc34U.000.mp4,1280,720,29.97,459,emotional_stability,high
438,14614,left_eye,511.4,249.0,634.6,336.8,799.2,401.3,953.3,511.0,69BopbFc34U.000.mp4,1280,720,29.97,459,emotional_stability,high
438,14614,right_eye,693.9,266.2,792.8,342.6,1027.3,422.7,1151.0,518.3,69BopbFc34U.000.mp4,1280,720,29.97,459,emotional_stability,high
438,14614,nose,611.7,313.7,712.8,441.1,924.7,482.1,1051.0,641.4,69BopbFc34U.000.mp4,1280,720,29.97,459,emotional_stability,high
438,14614,mouth,588.3,464.7,710.6,507.5,895.3,670.9,1048.2,724.4,69BopbFc34U.000.mp4,1280,720,29.97,459,emotional_stability,high
438,14614,forehead,471.2,195.9,798.9,454.4,749.0,334.9,1158.7,658.0,69BopbFc34U.000.mp4,1280,720,29.97,459,emotional_stability,high
438,14614,chin,471.2,331.2,783.7,563.8,749.0,504.0,1139.6,794.7,69BopbFc34U.000.mp4,1280,720,29.97,459,emotional_stability,high
438,14614,left_cheek,496.6,342.9,606.7,473.2,780.8,518.6,918.3,681.5,69BopbFc34U.000.mp4,1280,720,29.97,459,emotional_stability,high
438,14614,right_cheek,710.0,354.1,790.4,478.6,1047.5,532.6,1148.0,688.2,69BopbFc34U.000.mp4,1280,720,29.97,459,emotional_stability,high
439,14647,left_eye,512.4,248.3,635.6,336.1,800.5,400.4,954.5,510.1,69BopbFc34U.000.mp4,1280,720,29.97,459,emotional_stability,high
439,14647,right_eye,694.6,266.2,793.0,342.6,1028.3,422.8,1151.3,518.3,69BopbFc34U.000.mp4,1280,720,29.97,459,emotional_stability,high
439,14647,nose,612.6,313.2,713.9,439.6,925.8,481.4,1052.4,639.5,69BopbFc34U.000.mp4,1280,720,29.97,459,emotional_stability,high
439,14647,mouth,588.6,462.7,712.1,505.7,895.8,668.4,1050.1,722.1,69BopbFc34U.000.mp4,1280,720,29.97,459,emotional_stability,high
439,14647,forehead,471.9,195.8,799.0,454.5,749.8,334.7,1158.8,658.1,69BopbFc34U.000.mp4,1280,720,29.97,459,emotional_stability,high
439,14647,chin,471.9,331.2,783.6,563.3,749.8,504.0,1139.5,794.1,69BopbFc34U.000.mp4,1280,720,29.97,459,emotional_stability,high
439,14647,left_cheek,497.6,342.3,607.5,472.4,781.9,517.8,919.4,680.5,69BopbFc34U.000.mp4,1280,720,29.97,459,emotional_stability,high
439,14647,right_cheek,710.7,354.0,790.5,478.3,1048.4,532.6,1148.1,687.9,69BopbFc34U.000.mp4,1280,720,29.97,459,emotional_stability,high
440,14681,left_eye,513.2,248.2,636.0,336.1,801.6,400.3,955.0,510.1,69BopbFc34U.000.mp4,1280,720,29.97,459,emotional_stability,high
440,14681,right_eye,694.7,266.6,793.1,343.0,1028.4,423.2,1151.3,518.7,69BopbFc34U.000.mp4,1280,720,29.97,459,emotional_stability,high
440,14681,nose,612.8,313.1,713.7,437.8,926.0,481.4,1052.1,637.2,69BopbFc34U.000.mp4,1280,720,29.97,459,emotional_stability,high
440,14681,mouth,588.4,459.0,713.1,503.5,895.4,663.7,1051.4,719.4,69BopbFc34U.000.mp4,1280,720,29.97,459,emotional_stability,high
440,14681,forehead,472.5,195.8,799.1,455.1,750.6,334.8,1158.8,658.9,69BopbFc34U.000.mp4,1280,720,29.97,459,emotional_stability,high
440,14681,chin,472.5,331.3,784.2,562.5,750.6,504.2,1140.3,793.1,69BopbFc34U.000.mp4,1280,720,29.97,459,emotional_stability,high
440,14681,left_cheek,498.3,342.0,607.8,471.2,782.9,517.5,919.8,679.0,69BopbFc34U.000.mp4,1280,720,29.97,459,emotional_stability,high
440,14681,right_cheek,710.8,354.4,790.7,478.0,1048.6,533.0,1148.4,687.5,69BopbFc34U.000.mp4,1280,720,29.97,459,emotional_stability,high
441,14714,left_eye,513.5,247.8,636.3,335.7,801.8,399.8,955.4,509.6,69BopbFc34U.000.mp4,1280,720,29.97,459,emotional_stability,high
441,14714,right_eye,694.7,266.7,793.1,343.0,1028.4,423.4,1151.4,518.7,69BopbFc34U.000.mp4,1280,720,29.97,459,emotional_stability,high
441,14714,nose,612.9,313.0,713.8,437.7,926.1,481.2,1052.3,637.1,69BopbFc34U.000.mp4,1280,720,29.97,459,emotional_stability,high
441,14714,mouth,588.2,459.4,713.1,501.8,895.2,664.2,1051.4,717.2,69BopbFc34U.000.mp4,1280,720,29.97,459,emotional_stability,high
441,14714,forehead,472.8,195.8,799.0,455.0,751.0,334.8,1158.8,658.7,69BopbFc34U.000.mp4,1280,720,29.97,459,emotional_stability,high
441,14714,chin,472.8,330.9,783.9,561.0,751.0,503.6,1139.8,791.2,69BopbFc34U.000.mp4,1280,720,29.97,459,emotional_stability,high
441,14714,left_cheek,498.5,341.2,608.0,470.2,783.1,516.5,920.0,677.8,69BopbFc34U.000.mp4,1280,720,29.97,459,emotional_stability,high
441,14714,right_cheek,710.9,354.4,790.5,477.7,1048.6,532.9,1148.1,687.1,69BopbFc34U.000.mp4,1280,720,29.97,459,emotional_stability,high
442,14748,left_eye,513.5,247.1,636.2,335.2,801.9,398.9,955.3,509.0,69BopbFc34U.000.mp4,1280,720,29.97,459,emotional_stability,high
442,14748,right_eye,694.5,266.8,792.9,342.9,1028.1,423.5,1151.1,518.6,69BopbFc34U.000.mp4,1280,720,29.97,459,emotional_stability,high
442,14748,nose,613.1,312.5,713.7,436.2,926.4,480.6,1052.2,635.3,69BopbFc34U.000.mp4,1280,720,29.97,459,emotional_stability,high
442,14748,mouth,588.1,457.4,712.9,500.0,895.1,661.7,1051.1,715.0,69BopbFc34U.000.mp4,1280,720,29.97,459,emotional_stability,high
442,14748,forehead,472.9,195.7,798.7,454.9,751.1,334.6,1158.4,658.6,69BopbFc34U.000.mp4,1280,720,29.97,459,emotional_stability,high
442,14748,chin,472.9,330.5,783.6,559.7,751.1,503.2,1139.5,789.7,69BopbFc34U.000.mp4,1280,720,29.97,459,emotional_stability,high
442,14748,left_cheek,498.6,340.4,608.0,468.9,783.3,515.4,920.0,676.1,69BopbFc34U.000.mp4,1280,720,29.97,459,emotional_stability,high
442,14748,right_cheek,710.7,354.3,790.3,477.0,1048.4,532.9,1147.8,686.3,69BopbFc34U.000.mp4,1280,720,29.97,459,emotional_stability,high
443,14781,left_eye,513.5,246.5,636.1,334.9,801.9,398.1,955.1,508.6,69BopbFc34U.000.mp4,1280,720,29.97,459,emotional_stability,high
443,14781,right_eye,694.3,266.7,792.6,342.9,1027.9,423.3,1150.8,518.6,69BopbFc34U.000.mp4,1280,720,29.97,459,emotional_stability,high
443,14781,nose,613.1,312.1,713.6,435.5,926.3,480.1,1051.9,634.3,69BopbFc34U.000.mp4,1280,720,29.97,459,emotional_stability,high
443,14781,mouth,588.2,456.3,712.5,499.4,895.3,660.4,1050.6,714.2,69BopbFc34U.000.mp4,1280,720,29.97,459,emotional_stability,high
443,14781,forehead,472.9,195.5,798.5,454.9,751.1,334.4,1158.1,658.6,69BopbFc34U.000.mp4,1280,720,29.97,459,emotional_stability,high
443,14781,chin,472.9,330.1,783.4,558.9,751.1,502.6,1139.3,788.6,69BopbFc34U.000.mp4,1280,720,29.97,459,emotional_stability,high
443,14781,left_cheek,498.6,339.7,607.9,467.9,783.3,514.6,919.9,674.9,69BopbFc34U.000.mp4,1280,720,29.97,459,emotional_stability,high
443,14781,right_cheek,710.5,354.3,790.1,476.3,1048.2,532.9,1147.6,685.4,69BopbFc34U.000.mp4,1280,720,29.97,459,emotional_stability,high
444,14814,left_eye,513.3,246.1,635.9,334.7,801.6,397.6,954.8,508.4,69BopbFc34U.000.mp4,1280,720,29.97,459,emotional_stability,high
444,14814,right_eye,694.1,266.6,792.5,342.9,1027.6,423.3,1150.6,518.6,69BopbFc34U.000.mp4,1280,720,29.97,459,emotional_stability,high
444,14814,nose,612.9,311.8,713.4,434.7,926.1,479.8,1051.7,633.4,69BopbFc34U.000.mp4,1280,720,29.97,459,emotional_stability,high
444,14814,mouth,588.4,455.4,712.2,499.2,895.5,659.3,1050.3,714.0,69BopbFc34U.000.mp4,1280,720,29.97,459,emotional_stability,high
444,14814,forehead,472.7,195.4,798.4,454.8,750.8,334.3,1158.0,658.5,69BopbFc34U.000.mp4,1280,720,29.97,459,emotional_stability,high
444,14814,chin,472.7,329.8,783.3,559.0,750.8,502.3,1139.1,788.7,69BopbFc34U.000.mp4,1280,720,29.97,459,emotional_stability,high
444,14814,left_cheek,498.4,339.3,607.8,467.6,783.0,514.1,919.7,674.5,69BopbFc34U.000.mp4,1280,720,29.97,459,emotional_stability,high
444,14814,right_cheek,710.4,354.3,789.9,476.1,1048.0,532.9,1147.4,685.2,69BopbFc34U.000.mp4,1280,720,29.97,459,emotional_stability,high
445,14848,left_eye,512.9,246.2,635.0,334.7,801.1,397.7,953.7,508.4,69BopbFc34U.000.mp4,1280,720,29.97,459,emotional_stability,high
445,14848,right_eye,694.0,266.9,792.5,343.1,1027.5,423.7,1150.6,518.9,69BopbFc34U.000.mp4,1280,720,29.97,459,emotional_stability,high
445,14848,nose,612.0,311.9,712.8,434.8,925.0,479.9,1051.0,633.4,69BopbFc34U.000.mp4,1280,720,29.97,459,emotional_stability,high
445,14848,mouth,588.1,456.0,711.7,499.5,895.2,660.0,1049.7,714.3,69BopbFc34U.000.mp4,1280,720,29.97,459,emotional_stability,high
445,14848,forehead,472.5,195.5,798.3,455.1,750.6,334.4,1157.9,658.9,69BopbFc34U.000.mp4,1280,720,29.97,459,emotional_stability,high
445,14848,chin,472.5,329.9,783.2,559.4,750.6,502.3,1139.0,789.2,69BopbFc34U.000.mp4,1280,720,29.97,459,emotional_stability,high
445,14848,left_cheek,498.3,339.4,607.2,467.7,782.8,514.2,919.0,674.6,69BopbFc34U.000.mp4,1280,720,29.97,459,emotional_stability,high
445,14848,right_cheek,710.0,354.8,789.9,476.8,1047.5,533.5,1147.4,686.0,69BopbFc34U.000.mp4,1280,720,29.97,459,emotional_stability,high
446,14881,left_eye,510.3,246.2,631.8,334.7,797.9,397.7,949.8,508.3,69BopbFc34U.000.mp4,1280,720,29.97,459,emotional_stability,high
446,14881,right_eye,691.0,267.4,791.1,343.6,1023.7,424.3,1148.9,519.5,69BopbFc34U.000.mp4,1280,720,29.97,459,emotional_stability,high
446,14881,nose,609.4,312.0,709.2,435.0,921.8,479.9,1046.5,633.7,69BopbFc34U.000.mp4,1280,720,29.97,459,emotional_stability,high
446,14881,mouth,586.0,456.3,708.9,501.3,892.5,660.4,1046.2,716.6,69BopbFc34U.000.mp4,1280,720,29.97,459,emotional_stability,high
446,14881,forehead,471.5,195.5,797.4,456.7,749.4,334.4,1156.7,660.9,69BopbFc34U.000.mp4,1280,720,29.97,459,emotional_stability,high
446,14881,chin,471.5,330.0,782.9,561.3,749.4,502.5,1138.7,791.7,69BopbFc34U.000.mp4,1280,720,29.97,459,emotional_stability,high
446,14881,left_cheek,496.4,339.5,604.4,467.8,780.5,514.3,915.5,674.8,69BopbFc34U.000.mp4,1280,720,29.97,459,emotional_stability,high
446,14881,right_cheek,707.0,355.7,788.2,478.1,1043.8,534.6,1145.3,687.6,69BopbFc34U.000.mp4,1280,720,29.97,459,emotional_stability,high
447,14914,left_eye,508.0,246.2,628.6,334.7,795.0,397.7,945.8,508.4,69BopbFc34U.000.mp4,1280,720,29.97,459,emotional_stability,high
447,14914,right_eye,686.7,267.8,789.2,343.8,1018.4,424.7,1146.5,519.8,69BopbFc34U.000.mp4,1280,720,29.97,459,emotional_stability,high
447,14914,nose,606.4,312.1,705.8,435.8,918.0,480.1,1042.2,634.7,69BopbFc34U.000.mp4,1280,720,29.97,459,emotional_stability,high
447,14914,mouth,583.1,456.5,705.4,504.6,888.9,660.6,1041.8,720.8,69BopbFc34U.000.mp4,1280,720,29.97,459,emotional_stability,high
447,14914,forehead,470.3,195.7,796.0,456.8,747.9,334.6,1155.0,661.0,69BopbFc34U.000.mp4,1280,720,29.97,459,emotional_stability,high
447,14914,chin,470.3,330.1,782.2,562.7,747.9,502.6,1137.8,793.4,69BopbFc34U.000.mp4,1280,720,29.97,459,emotional_stability,high
447,14914,left_cheek,494.4,339.6,601.6,468.3,778.0,514.5,911.9,675.4,69BopbFc34U.000.mp4,1280,720,29.97,459,emotional_stability,high
447,14914,right_cheek,703.8,356.0,785.9,478.5,1039.7,535.0,1142.4,688.1,69BopbFc34U.000.mp4,1280,720,29.97,459,emotional_stability,high
448,14948,left_eye,506.9,246.4,627.3,334.9,793.6,398.0,944.1,508.6,69BopbFc34U.000.mp4,1280,720,29.97,459,emotional_stability,high
448,14948,right_eye,685.6,268.1,788.7,344.1,1017.0,425.1,1145.9,520.2,69BopbFc34U.000.mp4,1280,720,29.97,459,emotional_stability,high
448,14948,nose,604.7,312.7,704.4,438.9,915.8,480.8,1040.4,638.6,69BopbFc34U.000.mp4,1280,720,29.97,459,emotional_stability,high
448,14948,mouth,581.9,460.8,703.4,507.2,887.4,666.0,1039.2,724.0,69BopbFc34U.000.mp4,1280,720,29.97,459,emotional_stability,high
448,14948,forehead,470.0,195.9,795.8,457.0,747.5,334.9,1154.7,661.2,69BopbFc34U.000.mp4,1280,720,29.97,459,emotional_stability,high
448,14948,chin,470.0,330.1,782.1,564.3,747.5,502.6,1137.7,795.4,69BopbFc34U.000.mp4,1280,720,29.97,459,emotional_stability,high
448,14948,left_cheek,493.4,339.9,600.2,469.5,776.8,514.9,910.2,676.9,69BopbFc34U.000.mp4,1280,720,29.97,459,emotional_stability,high
448,14948,right_cheek,702.6,356.5,785.3,479.6,1038.2,535.6,1141.7,689.5,69BopbFc34U.000.mp4,1280,720,29.97,459,emotional_stability,high
449,14981,left_eye,505.3,246.9,625.3,335.6,791.6,398.7,941.7,509.6,69BopbFc34U.000.mp4,1280,720,29.97,459,emotional_stability,high
449,14981,right_eye,684.2,268.2,788.0,344.5,1015.2,425.3,1145.0,520.6,69BopbFc34U.000.mp4,1280,720,29.97,459,emotional_stability,high
449,14981,nose,603.6,313.3,703.4,439.9,914.5,481.6,1039.3,639.9,69BopbFc34U.000.mp4,1280,720,29.97,459,emotional_stability,high
449,14981,mouth,580.7,461.2,702.2,511.1,885.8,666.5,1037.8,728.9,69BopbFc34U.000.mp4,1280,720,29.97,459,emotional_stability,high
449,14981,forehead,469.5,196.6,795.2,457.1,746.9,335.8,1154.0,661.4,69BopbFc34U.000.mp4,1280,720,29.97,459,emotional_stability,high
449,14981,chin,469.5,331.1,782.0,565.9,746.9,503.8,1137.5,797.4,69BopbFc34U.000.mp4,1280,720,29.97,459,emotional_stability,high
449,14981,left_cheek,492.4,341.2,598.9,471.2,775.5,516.5,908.6,679.0,69BopbFc34U.000.mp4,1280,720,29.97,459,emotional_stability,high
449,14981,right_cheek,701.6,356.7,784.6,480.1,1037.0,535.8,1140.7,690.1,69BopbFc34U.000.mp4,1280,720,29.97,459,emotional_stability,high
450,15015,left_eye,504.8,247.9,624.8,336.4,791.0,399.9,940.9,510.5,69BopbFc34U.000.mp4,1280,720,29.97,459,emotional_stability,high
450,15015,right_eye,683.6,268.3,787.8,344.9,1014.5,425.3,1144.7,521.1,69BopbFc34U.000.mp4,1280,720,29.97,459,emotional_stability,high
450,15015,nose,603.1,313.8,702.6,441.5,913.8,482.3,1038.3,641.9,69BopbFc34U.000.mp4,1280,720,29.97,459,emotional_stability,high
450,15015,mouth,580.1,462.5,701.5,512.9,885.1,668.2,1036.8,731.1,69BopbFc34U.000.mp4,1280,720,29.97,459,emotional_stability,high
450,15015,forehead,469.3,197.0,795.1,457.4,746.6,336.3,1153.9,661.8,69BopbFc34U.000.mp4,1280,720,29.97,459,emotional_stability,high
450,15015,chin,469.3,332.0,782.0,567.1,746.6,505.0,1137.5,798.9,69BopbFc34U.000.mp4,1280,720,29.97,459,emotional_stability,high
450,15015,left_cheek,491.8,342.5,598.3,473.1,774.7,518.2,907.9,681.3,69BopbFc34U.000.mp4,1280,720,29.97,459,emotional_stability,high
450,15015,right_cheek,701.0,356.9,784.3,480.8,1036.3,536.1,1140.4,691.0,69BopbFc34U.000.mp4,1280,720,29.97,459,emotional_stability,high
451,15048,left_eye,504.4,248.7,624.3,336.8,790.5,400.9,940.4,511.1,69BopbFc34U.000.mp4,1280,720,29.97,459,emotional_stability,high
451,15048,right_eye,683.3,268.3,787.6,345.1,1014.2,425.3,1144.5,521.3,69BopbFc34U.000.mp4,1280,720,29.97,459,emotional_stability,high
451,15048,nose,602.3,314.3,702.5,442.7,912.9,482.8,1038.1,643.4,69BopbFc34U.000.mp4,1280,720,29.97,459,emotional_stability,high
451,15048,mouth,579.4,464.3,701.1,514.9,884.3,670.4,1036.4,733.6,69BopbFc34U.000.mp4,1280,720,29.97,459,emotional_stability,high
451,15048,forehead,469.1,197.3,795.1,457.5,746.4,336.7,1153.9,661.8,69BopbFc34U.000.mp4,1280,720,29.97,459,emotional_stability,high
451,15048,chin,469.1,332.4,782.0,567.9,746.4,505.5,1137.5,799.8,69BopbFc34U.000.mp4,1280,720,29.97,459,emotional_stability,high
451,15048,left_cheek,491.2,343.3,597.8,474.3,774.1,519.1,907.2,682.9,69BopbFc34U.000.mp4,1280,720,29.97,459,emotional_stability,high
451,15048,right_cheek,700.8,357.0,784.3,481.3,1035.9,536.2,1140.4,691.6,69BopbFc34U.000.mp4,1280,720,29.97,459,emotional_stability,high
452,15081,left_eye,504.3,249.3,624.0,337.2,790.4,401.6,940.0,511.5,69BopbFc34U.000.mp4,1280,720,29.97,459,emotional_stability,high
452,15081,right_eye,683.0,268.3,787.0,345.1,1013.8,425.4,1143.7,521.4,69BopbFc34U.000.mp4,1280,720,29.97,459,emotional_stability,high
452,15081,nose,601.9,314.5,702.4,442.9,912.4,483.2,1038.0,643.6,69BopbFc34U.000.mp4,1280,720,29.97,459,emotional_stability,high
452,15081,mouth,578.3,464.3,701.2,515.9,882.9,670.4,1036.5,734.8,69BopbFc34U.000.mp4,1280,720,29.97,459,emotional_stability,high
452,15081,forehead,469.1,197.7,794.8,457.5,746.3,337.2,1153.5,661.9,69BopbFc34U.000.mp4,1280,720,29.97,459,emotional_stability,high
452,15081,chin,469.1,333.0,782.0,568.2,746.3,506.2,1137.5,800.3,69BopbFc34U.000.mp4,1280,720,29.97,459,emotional_stability,high
452,15081,left_cheek,491.0,343.9,597.4,474.7,773.7,519.9,906.7,683.4,69BopbFc34U.000.mp4,1280,720,29.97,459,emotional_stability,high
452,15081,right_cheek,700.5,357.0,784.1,481.4,1035.7,536.2,1140.1,691.7,69BopbFc34U.000.mp4,1280,720,29.97,459,emotional_stability,high
453,15115,left_eye,504.3,250.5,623.8,338.0,790.4,403.1,939.7,512.4,69BopbFc34U.000.mp4,1280,720,29.97,459,emotional_stability,high
453,15115,right_eye,682.8,268.7,786.1,345.5,1013.5,425.8,1142.6,521.8,69BopbFc34U.000.mp4,1280,720,29.97,459,emotional_stability,high
453,15115,nose,601.7,315.2,702.2,443.2,912.1,484.0,1037.8,644.0,69BopbFc34U.000.mp4,1280,720,29.97,459,emotional_stability,high
453,15115,mouth,578.3,464.2,700.9,516.4,882.9,670.2,1036.1,735.6,69BopbFc34U.000.mp4,1280,720,29.97,459,emotional_stability,high
453,15115,forehead,469.0,198.5,793.9,457.6,746.3,338.1,1152.4,661.9,69BopbFc34U.000.mp4,1280,720,29.97,459,emotional_stability,high
453,15115,chin,469.0,333.8,781.4,568.3,746.3,507.3,1136.7,800.3,69BopbFc34U.000.mp4,1280,720,29.97,459,emotional_stability,high
453,15115,left_cheek,490.9,344.8,597.2,475.2,773.7,521.0,906.5,684.0,69BopbFc34U.000.mp4,1280,720,29.97,459,emotional_stability,high
453,15115,right_cheek,700.2,357.2,783.4,481.5,1035.3,536.6,1139.2,691.9,69BopbFc34U.000.mp4,1280,720,29.97,459,emotional_stability,high
454,15148,left_eye,504.2,251.1,623.5,338.3,790.3,403.9,939.3,512.8,69BopbFc34U.000.mp4,1280,720,29.97,459,emotional_stability,high
454,15148,right_eye,682.3,268.8,785.4,345.6,1012.8,426.0,1141.8,522.0,69BopbFc34U.000.mp4,1280,720,29.97,459,emotional_stability,high
454,15148,nose,601.7,315.5,702.0,443.2,912.1,484.3,1037.5,644.0,69BopbFc34U.000.mp4,1280,720,29.97,459,emotional_stability,high
454,15148,mouth,578.4,464.5,700.6,515.8,883.0,670.6,1035.8,734.7,69BopbFc34U.000.mp4,1280,720,29.97,459,emotional_stability,high
454,15148,forehead,468.9,198.9,793.2,457.6,746.2,338.7,1151.5,661.9,69BopbFc34U.000.mp4,1280,720,29.97,459,emotional_stability,high
454,15148,chin,468.9,334.1,780.8,568.2,746.2,507.7,1136.1,800.3,69BopbFc34U.000.mp4,1280,720,29.97,459,emotional_stability,high
454,15148,left_cheek,490.9,345.1,597.1,475.4,773.6,521.4,906.4,684.3,69BopbFc34U.000.mp4,1280,720,29.97,459,emotional_stability,high
454,15148,right_cheek,699.9,357.3,782.8,481.5,1034.8,536.6,1138.5,691.9,69BopbFc34U.000.mp4,1280,720,29.97,459,emotional_stability,high
455,15181,left_eye,504.1,251.4,623.5,338.5,790.1,404.2,939.4,513.2,69BopbFc34U.000.mp4,1280,720,29.97,459,emotional_stability,high
455,15181,right_eye,682.1,268.8,785.2,345.7,1012.6,426.1,1141.5,522.1,69BopbFc34U.000.mp4,1280,720,29.97,459,emotional_stability,high
455,15181,nose,601.8,315.6,702.3,443.0,912.2,484.5,1037.8,643.8,69BopbFc34U.000.mp4,1280,720,29.97,459,emotional_stability,high
455,15181,mouth,578.8,464.8,700.9,512.7,883.5,670.9,1036.1,730.8,69BopbFc34U.000.mp4,1280,720,29.97,459,emotional_stability,high
455,15181,forehead,468.8,199.3,792.8,457.5,746.0,339.1,1151.0,661.9,69BopbFc34U.000.mp4,1280,720,29.97,459,emotional_stability,high
455,15181,chin,468.8,334.6,780.4,567.6,746.0,508.2,1135.5,799.5,69BopbFc34U.000.mp4,1280,720,29.97,459,emotional_stability,high
455,15181,left_cheek,490.9,345.3,597.4,475.3,773.7,521.6,906.7,684.1,69BopbFc34U.000.mp4,1280,720,29.97,459,emotional_stability,high
455,15181,right_cheek,700.0,357.3,782.6,481.5,1035.0,536.6,1138.2,691.8,69BopbFc34U.000.mp4,1280,720,29.97,459,emotional_stability,high
456,15215,left_eye,504.1,251.6,623.6,339.0,790.2,404.6,939.5,513.8,69BopbFc34U.000.mp4,1280,720,29.97,459,emotional_stability,high
456,15215,right_eye,683.6,268.9,785.3,345.7,1014.5,426.2,1141.7,522.1,69BopbFc34U.000.mp4,1280,720,29.97,459,emotional_stability,high
456,15215,nose,602.8,316.0,702.4,443.0,913.5,485.0,1038.0,643.8,69BopbFc34U.000.mp4,1280,720,29.97,459,emotional_stability,high
456,15215,mouth,581.0,465.0,700.9,509.8,886.3,671.3,1036.1,727.3,69BopbFc34U.000.mp4,1280,720,29.97,459,emotional_stability,high
456,15215,forehead,468.9,199.4,792.5,457.2,746.1,339.3,1150.7,661.5,69BopbFc34U.000.mp4,1280,720,29.97,459,emotional_stability,high
456,15215,chin,468.9,334.5,780.3,565.1,746.1,508.1,1135.4,796.3,69BopbFc34U.000.mp4,1280,720,29.97,459,emotional_stability,high
456,15215,left_cheek,491.6,345.4,598.2,475.2,774.6,521.7,907.7,684.0,69BopbFc34U.000.mp4,1280,720,29.97,459,emotional_stability,high
456,15215,right_cheek,700.2,357.2,782.7,481.2,1035.2,536.5,1138.3,691.5,69BopbFc34U.000.mp4,1280,720,29.97,459,emotional_stability,high
457,15248,left_eye,505.1,252.1,624.6,339.4,791.3,405.2,940.7,514.2,69BopbFc34U.000.mp4,1280,720,29.97,459,emotional_stability,high
457,15248,right_eye,685.5,269.1,785.4,345.8,1016.9,426.4,1141.7,522.3,69BopbFc34U.000.mp4,1280,720,29.97,459,emotional_stability,high
457,15248,nose,604.1,316.2,703.5,442.9,915.2,485.3,1039.3,643.6,69BopbFc34U.000.mp4,1280,720,29.97,459,emotional_stability,high
457,15248,mouth,583.6,465.0,702.2,507.2,889.5,671.2,1037.7,724.0,69BopbFc34U.000.mp4,1280,720,29.97,459,emotional_stability,high
457,15248,forehead,469.4,199.7,792.4,456.6,746.7,339.6,1150.5,660.7,69BopbFc34U.000.mp4,1280,720,29.97,459,emotional_stability,high
457,15248,chin,469.4,334.5,780.2,562.3,746.7,508.1,1135.2,792.9,69BopbFc34U.000.mp4,1280,720,29.97,459,emotional_stability,high
457,15248,left_cheek,492.6,345.4,599.5,475.0,775.7,521.7,909.4,683.7,69BopbFc34U.000.mp4,1280,720,29.97,459,emotional_stability,high
457,15248,right_cheek,701.1,357.1,782.9,480.7,1036.4,536.4,1138.7,690.9,69BopbFc34U.000.mp4,1280,720,29.97,459,emotional_stability,high
458,15281,left_eye,506.2,252.2,626.1,339.4,792.7,405.3,942.6,514.2,69BopbFc34U.000.mp4,1280,720,29.97,459,emotional_stability,high
458,15281,right_eye,686.9,269.2,785.4,345.8,1018.6,426.5,1141.8,522.3,69BopbFc34U.000.mp4,1280,720,29.97,459,emotional_stability,high
458,15281,nose,606.0,316.2,704.6,442.4,917.5,485.3,1040.7,643.0,69BopbFc34U.000.mp4,1280,720,29.97,459,emotional_stability,high
458,15281,mouth,585.9,464.5,703.8,504.9,892.4,670.7,1039.8,721.1,69BopbFc34U.000.mp4,1280,720,29.97,459,emotional_stability,high
458,15281,forehead,469.9,199.8,792.4,455.6,747.4,339.8,1150.5,659.4,69BopbFc34U.000.mp4,1280,720,29.97,459,emotional_stability,high
458,15281,chin,469.9,334.4,780.1,559.9,747.4,508.0,1135.1,789.8,69BopbFc34U.000.mp4,1280,720,29.97,459,emotional_stability,high
458,15281,left_cheek,493.7,345.3,601.1,474.3,777.1,521.6,911.4,682.8,69BopbFc34U.000.mp4,1280,720,29.97,459,emotional_stability,high
458,15281,right_cheek,702.2,356.7,783.3,479.6,1037.7,535.9,1139.1,689.5,69BopbFc34U.000.mp4,1280,720,29.97,459,emotional_stability,high
