frame,timestamp_ms,aoi_name,vid_x_min,vid_y_min,vid_x_max,vid_y_max,screen_x_min,screen_y_min,screen_x_max,screen_y_max,video_file,native_width,native_height,fps,total_frames,trait,level
0,0,left_eye,502.4,253.2,600.1,345.2,788.0,406.5,910.2,521.6,8hW6WfYBP18.001.mp4,1280,720,25.0,383,extraversion,low
0,0,right_eye,668.6,252.1,788.5,349.1,995.7,405.1,1145.7,526.4,8hW6WfYBP18.001.mp4,1280,720,25.0,383,extraversion,low
0,0,nose,574.1,312.1,683.6,430.0,877.7,480.1,1014.5,627.6,8hW6WfYBP18.001.mp4,1280,720,25.0,383,extraversion,low
0,0,mouth,551.7,461.7,708.3,544.5,849.7,667.1,1045.4,770.6,8hW6WfYBP18.001.mp4,1280,720,25.0,383,extraversion,low
0,0,forehead,494.1,213.3,821.4,496.9,777.6,356.6,1186.7,711.2,8hW6WfYBP18.001.mp4,1280,720,25.0,383,extraversion,low
0,0,chin,495.5,372.2,821.4,594.5,779.3,555.3,1186.7,833.1,8hW6WfYBP18.001.mp4,1280,720,25.0,383,extraversion,low
0,0,left_cheek,491.3,363.7,576.3,493.3,774.1,544.6,880.4,706.7,8hW6WfYBP18.001.mp4,1280,720,25.0,383,extraversion,low
0,0,right_cheek,692.7,370.6,801.6,503.1,1025.9,553.2,1162.0,718.8,8hW6WfYBP18.001.mp4,1280,720,25.0,383,extraversion,low
1,40,left_eye,503.0,249.4,600.6,344.8,788.7,401.8,910.8,521.0,8hW6WfYBP18.001.mp4,1280,720,25.0,383,extraversion,low
1,40,right_eye,668.5,242.7,789.0,347.8,995.6,393.4,1146.2,524.8,8hW6WfYBP18.001.mp4,1280,720,25.0,383,extraversion,low
1,40,nose,573.7,306.6,683.2,429.1,877.2,473.2,1014.0,626.4,8hW6WfYBP18.001.mp4,1280,720,25.0,383,extraversion,low
1,40,mouth,554.1,461.4,708.1,546.2,852.7,666.7,1045.2,772.7,8hW6WfYBP18.001.mp4,1280,720,25.0,383,extraversion,low
1,40,forehead,494.1,196.4,821.9,500.9,777.6,335.5,1187.4,716.1,8hW6WfYBP18.001.mp4,1280,720,25.0,383,extraversion,low
1,40,chin,495.4,373.1,821.8,600.9,779.3,556.3,1187.3,841.1,8hW6WfYBP18.001.mp4,1280,720,25.0,383,extraversion,low
1,40,left_cheek,491.2,363.2,576.1,494.9,774.0,544.0,880.1,708.6,8hW6WfYBP18.001.mp4,1280,720,25.0,383,extraversion,low
1,40,right_cheek,692.7,369.0,801.7,504.3,1025.9,551.2,1162.2,720.4,8hW6WfYBP18.001.mp4,1280,720,25.0,383,extraversion,low
2,80,left_eye,503.0,247.5,600.7,344.1,788.8,399.4,910.9,520.2,8hW6WfYBP18.001.mp4,1280,720,25.0,383,extraversion,low
2,80,right_eye,667.9,240.1,789.1,345.9,994.8,390.1,1146.4,522.3,8hW6WfYBP18.001.mp4,1280,720,25.0,383,extraversion,low
2,80,nose,573.5,304.0,682.5,428.9,876.9,470.0,1013.2,626.1,8hW6WfYBP18.001.mp4,1280,720,25.0,383,extraversion,low
2,80,mouth,555.3,461.1,708.1,550.6,854.1,666.4,1045.1,778.3,8hW6WfYBP18.001.mp4,1280,720,25.0,383,extraversion,low
2,80,forehead,493.5,190.9,823.1,502.0,776.8,328.6,1188.8,717.5,8hW6WfYBP18.001.mp4,1280,720,25.0,383,extraversion,low
2,80,chin,495.1,373.8,822.5,608.6,778.9,557.2,1188.1,850.8,8hW6WfYBP18.001.mp4,1280,720,25.0,383,extraversion,low
2,80,left_cheek,491.0,362.9,575.8,497.2,773.8,543.7,879.7,711.4,8hW6WfYBP18.001.mp4,1280,720,25.0,383,extraversion,low
2,80,right_cheek,692.6,366.9,801.8,504.8,1025.8,548.6,1162.3,721.0,8hW6WfYBP18.001.mp4,1280,720,25.0,383,extraversion,low
3,120,left_eye,503.0,246.5,600.8,343.7,788.8,398.2,911.0,519.7,8hW6WfYBP18.001.mp4,1280,720,25.0,383,extraversion,low
3,120,right_eye,667.7,239.3,789.2,345.3,994.6,389.1,1146.5,521.6,8hW6WfYBP18.001.mp4,1280,720,25.0,383,extraversion,low
3,120,nose,572.8,303.1,682.5,428.7,876.0,468.9,1013.2,625.9,8hW6WfYBP18.001.mp4,1280,720,25.0,383,extraversion,low
3,120,mouth,555.2,460.6,708.1,553.3,853.9,665.7,1045.1,781.6,8hW6WfYBP18.001.mp4,1280,720,25.0,383,extraversion,low
3,120,forehead,493.5,190.5,823.7,501.8,776.8,328.2,1189.6,717.2,8hW6WfYBP18.001.mp4,1280,720,25.0,383,extraversion,low
3,120,chin,495.2,373.7,823.0,609.0,778.9,557.2,1188.8,851.3,8hW6WfYBP18.001.mp4,1280,720,25.0,383,extraversion,low
3,120,left_cheek,490.7,362.4,575.4,497.3,773.4,543.0,879.2,711.7,8hW6WfYBP18.001.mp4,1280,720,25.0,383,extraversion,low
3,120,right_cheek,692.6,366.0,802.0,504.9,1025.8,547.5,1162.5,721.2,8hW6WfYBP18.001.mp4,1280,720,25.0,383,extraversion,low
4,160,left_eye,503.0,246.1,600.8,343.6,788.7,397.6,911.0,519.5,8hW6WfYBP18.001.mp4,1280,720,25.0,383,extraversion,low
4,160,right_eye,667.2,238.9,789.2,344.8,994.0,388.6,1146.5,521.1,8hW6WfYBP18.001.mp4,1280,720,25.0,383,extraversion,low
4,160,nose,572.5,302.7,682.2,428.6,875.6,468.3,1012.8,625.8,8hW6WfYBP18.001.mp4,1280,720,25.0,383,extraversion,low
4,160,mouth,555.1,460.3,708.0,554.4,853.9,665.4,1045.0,782.9,8hW6WfYBP18.001.mp4,1280,720,25.0,383,extraversion,low
4,160,forehead,493.3,190.2,823.8,501.7,776.6,327.8,1189.8,717.2,8hW6WfYBP18.001.mp4,1280,720,25.0,383,extraversion,low
4,160,chin,495.0,373.8,823.2,610.1,778.8,557.3,1189.0,852.6,8hW6WfYBP18.001.mp4,1280,720,25.0,383,extraversion,low
4,160,left_cheek,490.5,362.3,575.1,497.8,773.1,542.9,878.9,712.3,8hW6WfYBP18.001.mp4,1280,720,25.0,383,extraversion,low
4,160,right_cheek,692.5,365.5,802.0,505.0,1025.6,546.8,1162.5,721.2,8hW6WfYBP18.001.mp4,1280,720,25.0,383,extraversion,low
5,200,left_eye,503.2,245.6,601.2,343.2,789.0,397.0,911.5,519.0,8hW6WfYBP18.001.mp4,1280,720,25.0,383,extraversion,low
5,200,right_eye,667.3,238.7,789.5,344.4,994.1,388.3,1146.9,520.5,8hW6WfYBP18.001.mp4,1280,720,25.0,383,extraversion,low
5,200,nose,572.4,302.3,682.5,428.2,875.5,467.8,1013.1,625.2,8hW6WfYBP18.001.mp4,1280,720,25.0,383,extraversion,low
5,200,mouth,555.4,459.1,708.0,554.0,854.3,663.8,1045.0,782.5,8hW6WfYBP18.001.mp4,1280,720,25.0,383,extraversion,low
5,200,forehead,493.5,190.2,824.2,501.6,776.9,327.7,1190.3,717.0,8hW6WfYBP18.001.mp4,1280,720,25.0,383,extraversion,low
5,200,chin,495.3,373.4,823.6,608.8,779.1,556.7,1189.5,851.0,8hW6WfYBP18.001.mp4,1280,720,25.0,383,extraversion,low
5,200,left_cheek,490.5,361.6,575.1,497.7,773.1,542.0,878.9,712.1,8hW6WfYBP18.001.mp4,1280,720,25.0,383,extraversion,low
5,200,right_cheek,692.7,364.8,802.4,504.9,1025.8,546.1,1163.0,721.1,8hW6WfYBP18.001.mp4,1280,720,25.0,383,extraversion,low
6,240,left_eye,503.3,245.6,601.1,343.1,789.1,397.0,911.4,518.8,8hW6WfYBP18.001.mp4,1280,720,25.0,383,extraversion,low
6,240,right_eye,666.3,238.6,788.5,344.0,992.9,388.2,1145.7,520.0,8hW6WfYBP18.001.mp4,1280,720,25.0,383,extraversion,low
6,240,nose,572.2,302.0,682.0,427.4,875.3,467.6,1012.5,624.3,8hW6WfYBP18.001.mp4,1280,720,25.0,383,extraversion,low
6,240,mouth,555.4,457.6,707.6,553.4,854.2,662.1,1044.5,781.8,8hW6WfYBP18.001.mp4,1280,720,25.0,383,extraversion,low
6,240,forehead,493.6,190.2,824.0,501.5,777.0,327.8,1190.0,716.9,8hW6WfYBP18.001.mp4,1280,720,25.0,383,extraversion,low
6,240,chin,495.5,373.3,823.4,608.2,779.4,556.7,1189.3,850.3,8hW6WfYBP18.001.mp4,1280,720,25.0,383,extraversion,low
6,240,left_cheek,490.5,361.4,575.0,497.6,773.2,541.7,878.7,712.0,8hW6WfYBP18.001.mp4,1280,720,25.0,383,extraversion,low
6,240,right_cheek,692.0,364.2,801.5,504.5,1025.0,545.3,1161.9,720.6,8hW6WfYBP18.001.mp4,1280,720,25.0,383,extraversion,low
7,280,left_eye,503.4,245.7,601.1,342.6,789.3,397.2,911.4,518.3,8hW6WfYBP18.001.mp4,1280,720,25.0,383,extraversion,low
7,280,right_eye,666.2,238.7,788.4,343.5,992.8,388.4,1145.5,519.4,8hW6WfYBP18.001.mp4,1280,720,25.0,383,extraversion,low
7,280,nose,572.2,301.8,682.0,426.6,875.3,467.3,1012.5,623.3,8hW6WfYBP18.001.mp4,1280,720,25.0,383,extraversion,low
7,280,mouth,555.7,456.6,707.3,553.1,854.6,660.7,1044.2,781.4,8hW6WfYBP18.001.mp4,1280,720,25.0,383,extraversion,low
7,280,forehead,493.8,190.3,824.0,500.3,777.3,327.9,1190.0,715.4,8hW6WfYBP18.001.mp4,1280,720,25.0,383,extraversion,low
7,280,chin,495.7,373.0,823.4,607.7,779.7,556.2,1189.3,849.6,8hW6WfYBP18.001.mp4,1280,720,25.0,383,extraversion,low
7,280,left_cheek,490.6,360.8,575.0,496.9,773.2,541.0,878.7,711.2,8hW6WfYBP18.001.mp4,1280,720,25.0,383,extraversion,low
7,280,right_cheek,692.0,363.5,801.4,503.4,1025.0,544.3,1161.8,719.3,8hW6WfYBP18.001.mp4,1280,720,25.0,383,extraversion,low
8,320,left_eye,503.5,245.8,601.1,342.5,789.4,397.2,911.3,518.2,8hW6WfYBP18.001.mp4,1280,720,25.0,383,extraversion,low
8,320,right_eye,665.9,238.6,787.9,343.4,992.3,388.3,1144.9,519.2,8hW6WfYBP18.001.mp4,1280,720,25.0,383,extraversion,low
8,320,nose,572.2,301.8,681.7,426.5,875.2,467.2,1012.1,623.1,8hW6WfYBP18.001.mp4,1280,720,25.0,383,extraversion,low
8,320,mouth,555.8,456.6,707.2,553.2,854.8,660.8,1044.0,781.5,8hW6WfYBP18.001.mp4,1280,720,25.0,383,extraversion,low
8,320,forehead,494.0,190.4,823.9,499.7,777.5,328.0,1189.9,714.6,8hW6WfYBP18.001.mp4,1280,720,25.0,383,extraversion,low
8,320,chin,496.0,372.9,823.3,607.8,779.9,556.1,1189.2,849.7,8hW6WfYBP18.001.mp4,1280,720,25.0,383,extraversion,low
8,320,left_cheek,490.7,360.7,574.9,496.8,773.4,540.9,878.7,711.0,8hW6WfYBP18.001.mp4,1280,720,25.0,383,extraversion,low
8,320,right_cheek,691.7,363.3,800.9,503.0,1024.6,544.1,1161.2,718.8,8hW6WfYBP18.001.mp4,1280,720,25.0,383,extraversion,low
9,360,left_eye,503.6,245.9,601.0,342.5,789.5,397.3,911.3,518.1,8hW6WfYBP18.001.mp4,1280,720,25.0,383,extraversion,low
9,360,right_eye,665.4,238.7,787.5,343.3,991.8,388.3,1144.4,519.1,8hW6WfYBP18.001.mp4,1280,720,25.0,383,extraversion,low
9,360,nose,572.1,301.8,681.6,426.2,875.2,467.2,1012.0,622.8,8hW6WfYBP18.001.mp4,1280,720,25.0,383,extraversion,low
9,360,mouth,555.9,456.3,706.8,553.2,854.9,660.4,1043.5,781.5,8hW6WfYBP18.001.mp4,1280,720,25.0,383,extraversion,low
9,360,forehead,494.2,190.5,823.9,499.3,777.7,328.1,1189.9,714.2,8hW6WfYBP18.001.mp4,1280,720,25.0,383,extraversion,low
9,360,chin,496.1,372.7,823.3,607.6,780.1,555.9,1189.2,849.4,8hW6WfYBP18.001.mp4,1280,720,25.0,383,extraversion,low
9,360,left_cheek,490.8,360.6,574.9,496.7,773.4,540.7,878.6,710.8,8hW6WfYBP18.001.mp4,1280,720,25.0,383,extraversion,low
9,360,right_cheek,691.5,363.1,800.8,502.8,1024.4,543.9,1161.0,718.5,8hW6WfYBP18.001.mp4,1280,720,25.0,383,extraversion,low
10,400,left_eye,503.6,245.9,600.6,342.5,789.5,397.4,910.8,518.1,8hW6WfYBP18.001.mp4,1280,720,25.0,383,extraversion,low
10,400,right_eye,664.8,238.8,786.8,343.2,991.0,388.5,1143.5,519.1,8hW6WfYBP18.001.mp4,1280,720,25.0,383,extraversion,low
10,400,nose,571.9,301.9,680.7,426.2,874.9,467.3,1010.9,622.8,8hW6WfYBP18.001.mp4,1280,720,25.0,383,extraversion,low
10,400,mouth,555.9,456.4,706.7,553.2,854.9,660.5,1043.4,781.5,8hW6WfYBP18.001.mp4,1280,720,25.0,383,extraversion,low
10,400,forehead,494.1,190.5,823.6,499.2,777.7,328.1,1189.5,714.0,8hW6WfYBP18.001.mp4,1280,720,25.0,383,extraversion,low
10,400,chin,496.1,372.7,823.0,607.4,780.1,555.9,1188.8,849.3,8hW6WfYBP18.001.mp4,1280,720,25.0,383,extraversion,low
10,400,left_cheek,490.7,360.6,574.6,496.6,773.4,540.8,878.2,710.8,8hW6WfYBP18.001.mp4,1280,720,25.0,383,extraversion,low
10,400,right_cheek,690.8,363.1,800.2,502.7,1023.6,543.9,1160.2,718.4,8hW6WfYBP18.001.mp4,1280,720,25.0,383,extraversion,low
11,440,left_eye,503.6,246.0,600.5,342.5,789.4,397.5,910.6,518.1,8hW6WfYBP18.001.mp4,1280,720,25.0,383,extraversion,low
11,440,right_eye,664.6,238.9,786.5,343.2,990.7,388.6,1143.1,519.0,8hW6WfYBP18.001.mp4,1280,720,25.0,383,extraversion,low
11,440,nose,571.8,301.9,680.4,426.2,874.7,467.4,1010.5,622.8,8hW6WfYBP18.001.mp4,1280,720,25.0,383,extraversion,low
11,440,mouth,555.8,456.5,706.6,553.2,854.8,660.6,1043.3,781.5,8hW6WfYBP18.001.mp4,1280,720,25.0,383,extraversion,low
11,440,forehead,494.1,190.7,823.3,498.9,777.7,328.3,1189.1,713.6,8hW6WfYBP18.001.mp4,1280,720,25.0,383,extraversion,low
11,440,chin,496.1,372.6,822.8,607.3,780.1,555.8,1188.5,849.2,8hW6WfYBP18.001.mp4,1280,720,25.0,383,extraversion,low
11,440,left_cheek,490.7,360.6,574.4,496.5,773.4,540.7,878.1,710.6,8hW6WfYBP18.001.mp4,1280,720,25.0,383,extraversion,low
11,440,right_cheek,690.6,363.1,799.9,502.6,1023.2,543.9,1159.9,718.2,8hW6WfYBP18.001.mp4,1280,720,25.0,383,extraversion,low
12,480,left_eye,503.6,246.0,600.4,342.5,789.4,397.5,910.5,518.1,8hW6WfYBP18.001.mp4,1280,720,25.0,383,extraversion,low
12,480,right_eye,664.5,239.0,786.5,343.2,990.7,388.7,1143.2,519.0,8hW6WfYBP18.001.mp4,1280,720,25.0,383,extraversion,low
12,480,nose,571.7,301.9,680.3,426.2,874.6,467.4,1010.4,622.8,8hW6WfYBP18.001.mp4,1280,720,25.0,383,extraversion,low
12,480,mouth,555.8,456.6,706.6,553.1,854.8,660.7,1043.3,781.4,8hW6WfYBP18.001.mp4,1280,720,25.0,383,extraversion,low
12,480,forehead,494.2,190.7,823.3,498.8,777.7,328.4,1189.1,713.5,8hW6WfYBP18.001.mp4,1280,720,25.0,383,extraversion,low
12,480,chin,496.1,372.6,822.8,607.3,780.2,555.7,1188.5,849.1,8hW6WfYBP18.001.mp4,1280,720,25.0,383,extraversion,low
12,480,left_cheek,490.7,360.6,574.4,496.4,773.4,540.7,878.0,710.5,8hW6WfYBP18.001.mp4,1280,720,25.0,383,extraversion,low
12,480,right_cheek,690.6,363.0,799.9,502.5,1023.2,543.8,1159.9,718.1,8hW6WfYBP18.001.mp4,1280,720,25.0,383,extraversion,low
13,520,left_eye,503.8,246.0,600.5,342.5,789.7,397.5,910.7,518.1,8hW6WfYBP18.001.mp4,1280,720,25.0,383,extraversion,low
13,520,right_eye,664.5,239.0,786.6,343.2,990.7,388.8,1143.3,519.0,8hW6WfYBP18.001.mp4,1280,720,25.0,383,extraversion,low
13,520,nose,571.8,301.9,680.5,426.2,874.7,467.4,1010.6,622.7,8hW6WfYBP18.001.mp4,1280,720,25.0,383,extraversion,low
13,520,mouth,556.0,456.6,706.7,553.2,855.1,660.8,1043.3,781.5,8hW6WfYBP18.001.mp4,1280,720,25.0,383,extraversion,low
13,520,forehead,494.4,190.7,823.3,498.7,778.0,328.4,1189.2,713.3,8hW6WfYBP18.001.mp4,1280,720,25.0,383,extraversion,low
13,520,chin,496.3,372.6,823.0,607.3,780.4,555.7,1188.7,849.2,8hW6WfYBP18.001.mp4,1280,720,25.0,383,extraversion,low
13,520,left_cheek,490.8,360.5,574.6,496.4,773.6,540.7,878.2,710.5,8hW6WfYBP18.001.mp4,1280,720,25.0,383,extraversion,low
13,520,right_cheek,690.7,363.0,800.1,502.3,1023.4,543.7,1160.2,717.9,8hW6WfYBP18.001.mp4,1280,720,25.0,383,extraversion,low
14,560,left_eye,503.8,246.0,600.5,342.7,789.8,397.6,910.6,518.3,8hW6WfYBP18.001.mp4,1280,720,25.0,383,extraversion,low
14,560,right_eye,664.5,239.1,786.2,343.2,990.6,388.9,1142.7,519.0,8hW6WfYBP18.001.mp4,1280,720,25.0,383,extraversion,low
14,560,nose,572.0,302.0,680.5,426.5,875.0,467.5,1010.7,623.2,8hW6WfYBP18.001.mp4,1280,720,25.0,383,extraversion,low
14,560,mouth,556.0,457.3,707.3,550.1,855.0,661.6,1044.1,777.6,8hW6WfYBP18.001.mp4,1280,720,25.0,383,extraversion,low
14,560,forehead,494.4,190.6,822.4,498.7,778.1,328.2,1188.1,713.3,8hW6WfYBP18.001.mp4,1280,720,25.0,383,extraversion,low
14,560,chin,496.4,372.6,822.2,606.3,780.5,555.8,1187.8,847.9,8hW6WfYBP18.001.mp4,1280,720,25.0,383,extraversion,low
14,560,left_cheek,491.1,360.9,574.7,496.5,773.8,541.1,878.3,710.6,8hW6WfYBP18.001.mp4,1280,720,25.0,383,extraversion,low
14,560,right_cheek,690.7,363.0,799.8,502.4,1023.3,543.7,1159.8,717.9,8hW6WfYBP18.001.mp4,1280,720,25.0,383,extraversion,low
15,600,left_eye,503.8,246.1,600.4,342.7,789.8,397.7,910.5,518.3,8hW6WfYBP18.001.mp4,1280,720,25.0,383,extraversion,low
15,600,right_eye,664.3,239.1,786.1,343.1,990.4,388.9,1142.7,518.9,8hW6WfYBP18.001.mp4,1280,720,25.0,383,extraversion,low
15,600,nose,572.0,302.1,680.6,426.9,875.1,467.6,1010.7,623.6,8hW6WfYBP18.001.mp4,1280,720,25.0,383,extraversion,low
15,600,mouth,555.8,457.6,708.9,549.8,854.8,662.0,1046.1,777.3,8hW6WfYBP18.001.mp4,1280,720,25.0,383,extraversion,low
15,600,forehead,494.5,190.5,822.4,498.3,778.1,328.1,1188.0,712.9,8hW6WfYBP18.001.mp4,1280,720,25.0,383,extraversion,low
15,600,chin,496.4,372.6,822.2,606.3,780.5,555.8,1187.7,847.9,8hW6WfYBP18.001.mp4,1280,720,25.0,383,extraversion,low
15,600,left_cheek,491.1,361.1,574.7,496.6,773.9,541.4,878.4,710.8,8hW6WfYBP18.001.mp4,1280,720,25.0,383,extraversion,low
15,600,right_cheek,690.7,362.9,799.8,502.3,1023.3,543.7,1159.8,717.9,8hW6WfYBP18.001.mp4,1280,720,25.0,383,extraversion,low
16,640,left_eye,503.9,246.1,600.4,342.6,789.9,397.6,910.5,518.3,8hW6WfYBP18.001.mp4,1280,720,25.0,383,extraversion,low
16,640,right_eye,664.3,238.9,786.0,343.0,990.4,388.7,1142.5,518.8,8hW6WfYBP18.001.mp4,1280,720,25.0,383,extraversion,low
16,640,nose,572.3,302.0,680.6,426.9,875.3,467.6,1010.8,623.6,8hW6WfYBP18.001.mp4,1280,720,25.0,383,extraversion,low
16,640,mouth,555.8,457.6,708.9,548.0,854.7,662.0,1046.1,775.0,8hW6WfYBP18.001.mp4,1280,720,25.0,383,extraversion,low
16,640,forehead,494.5,190.3,822.1,497.8,778.1,327.8,1187.6,712.2,8hW6WfYBP18.001.mp4,1280,720,25.0,383,extraversion,low
16,640,chin,496.4,372.2,822.0,605.0,780.5,555.3,1187.5,846.3,8hW6WfYBP18.001.mp4,1280,720,25.0,383,extraversion,low
16,640,left_cheek,491.2,361.0,574.8,496.4,774.0,541.3,878.5,710.5,8hW6WfYBP18.001.mp4,1280,720,25.0,383,extraversion,low
16,640,right_cheek,690.7,362.7,799.8,502.0,1023.3,543.4,1159.7,717.5,8hW6WfYBP18.001.mp4,1280,720,25.0,383,extraversion,low
17,680,left_eye,504.1,244.9,600.5,342.1,790.1,396.2,910.6,517.6,8hW6WfYBP18.001.mp4,1280,720,25.0,383,extraversion,low
17,680,right_eye,664.3,237.5,786.0,342.3,990.4,386.8,1142.5,517.8,8hW6WfYBP18.001.mp4,1280,720,25.0,383,extraversion,low
17,680,nose,572.6,301.3,681.6,426.9,875.8,466.7,1012.0,623.6,8hW6WfYBP18.001.mp4,1280,720,25.0,383,extraversion,low
17,680,mouth,555.7,458.3,712.4,543.9,854.6,662.9,1050.5,769.9,8hW6WfYBP18.001.mp4,1280,720,25.0,383,extraversion,low
17,680,forehead,494.5,188.6,822.1,496.0,778.1,325.7,1187.6,710.1,8hW6WfYBP18.001.mp4,1280,720,25.0,383,extraversion,low
17,680,chin,496.4,370.4,822.0,602.7,780.5,553.1,1187.5,843.3,8hW6WfYBP18.001.mp4,1280,720,25.0,383,extraversion,low
17,680,left_cheek,491.3,360.3,575.2,495.0,774.2,540.3,879.0,708.7,8hW6WfYBP18.001.mp4,1280,720,25.0,383,extraversion,low
17,680,right_cheek,691.1,361.7,800.0,500.8,1023.9,542.2,1160.0,716.0,8hW6WfYBP18.001.mp4,1280,720,25.0,383,extraversion,low
18,720,left_eye,504.0,243.4,600.5,341.4,790.1,394.3,910.6,516.8,8hW6WfYBP18.001.mp4,1280,720,25.0,383,extraversion,low
18,720,right_eye,664.4,235.6,786.4,341.1,990.5,384.5,1143.0,516.4,8hW6WfYBP18.001.mp4,1280,720,25.0,383,extraversion,low
18,720,nose,573.2,300.5,682.9,427.0,876.5,465.6,1013.7,623.8,8hW6WfYBP18.001.mp4,1280,720,25.0,383,extraversion,low
18,720,mouth,555.6,458.6,715.8,543.3,854.5,663.3,1054.7,769.1,8hW6WfYBP18.001.mp4,1280,720,25.0,383,extraversion,low
18,720,forehead,494.4,186.7,822.5,494.2,778.0,323.3,1188.1,707.8,8hW6WfYBP18.001.mp4,1280,720,25.0,383,extraversion,low
18,720,chin,496.4,369.4,822.5,599.7,780.5,551.7,1188.1,839.6,8hW6WfYBP18.001.mp4,1280,720,25.0,383,extraversion,low
18,720,left_cheek,491.5,360.0,575.6,494.6,774.4,540.0,879.5,708.3,8hW6WfYBP18.001.mp4,1280,720,25.0,383,extraversion,low
18,720,right_cheek,691.9,360.5,800.9,499.8,1024.9,540.6,1161.1,714.8,8hW6WfYBP18.001.mp4,1280,720,25.0,383,extraversion,low
19,760,left_eye,504.0,239.8,600.3,340.7,790.1,389.7,910.4,515.9,8hW6WfYBP18.001.mp4,1280,720,25.0,383,extraversion,low
19,760,right_eye,664.4,231.4,786.4,340.5,990.5,379.2,1143.0,515.6,8hW6WfYBP18.001.mp4,1280,720,25.0,383,extraversion,low
19,760,nose,573.4,298.6,683.0,427.0,876.7,463.3,1013.8,623.8,8hW6WfYBP18.001.mp4,1280,720,25.0,383,extraversion,low
19,760,mouth,555.8,459.0,716.9,545.8,854.8,663.7,1056.1,772.3,8hW6WfYBP18.001.mp4,1280,720,25.0,383,extraversion,low
19,760,forehead,494.4,183.9,823.2,494.4,778.0,319.9,1189.0,708.0,8hW6WfYBP18.001.mp4,1280,720,25.0,383,extraversion,low
19,760,chin,496.5,369.4,823.2,602.4,780.6,551.8,1189.0,843.0,8hW6WfYBP18.001.mp4,1280,720,25.0,383,extraversion,low
19,760,left_cheek,491.5,359.2,575.6,494.6,774.3,539.0,879.5,708.3,8hW6WfYBP18.001.mp4,1280,720,25.0,383,extraversion,low
19,760,right_cheek,692.2,359.5,801.3,499.6,1025.3,539.4,1161.6,714.5,8hW6WfYBP18.001.mp4,1280,720,25.0,383,extraversion,low
20,800,left_eye,504.0,237.1,600.1,340.2,790.0,386.4,910.2,515.2,8hW6WfYBP18.001.mp4,1280,720,25.0,383,extraversion,low
20,800,right_eye,664.4,229.4,786.3,340.1,990.5,376.7,1142.9,515.1,8hW6WfYBP18.001.mp4,1280,720,25.0,383,extraversion,low
20,800,nose,573.4,297.0,683.0,426.9,876.7,461.3,1013.8,623.6,8hW6WfYBP18.001.mp4,1280,720,25.0,383,extraversion,low
20,800,mouth,555.8,459.3,716.1,546.6,854.8,664.1,1055.1,773.2,8hW6WfYBP18.001.mp4,1280,720,25.0,383,extraversion,low
20,800,forehead,494.3,182.5,823.7,494.5,777.9,318.1,1189.6,708.1,8hW6WfYBP18.001.mp4,1280,720,25.0,383,extraversion,low
20,800,chin,496.5,368.6,823.5,603.2,780.6,550.7,1189.4,844.0,8hW6WfYBP18.001.mp4,1280,720,25.0,383,extraversion,low
20,800,left_cheek,491.2,358.3,575.4,494.4,774.0,537.9,879.3,708.0,8hW6WfYBP18.001.mp4,1280,720,25.0,383,extraversion,low
20,800,right_cheek,692.2,359.0,801.3,499.5,1025.3,538.7,1161.7,714.4,8hW6WfYBP18.001.mp4,1280,720,25.0,383,extraversion,low
21,840,left_eye,503.8,234.2,599.6,339.8,789.8,382.7,909.5,514.8,8hW6WfYBP18.001.mp4,1280,720,25.0,383,extraversion,low
21,840,right_eye,663.8,227.4,785.7,339.6,989.8,374.2,1142.2,514.5,8hW6WfYBP18.001.mp4,1280,720,25.0,383,extraversion,low
21,840,nose,572.7,295.7,683.0,425.9,875.8,459.7,1013.7,622.4,8hW6WfYBP18.001.mp4,1280,720,25.0,383,extraversion,low
21,840,mouth,555.7,459.3,716.1,552.0,854.7,664.1,1055.1,780.1,8hW6WfYBP18.001.mp4,1280,720,25.0,383,extraversion,low
21,840,forehead,494.2,181.4,823.7,493.5,777.8,316.8,1189.7,706.9,8hW6WfYBP18.001.mp4,1280,720,25.0,383,extraversion,low
21,840,chin,496.6,368.5,823.6,603.9,780.7,550.6,1189.5,844.8,8hW6WfYBP18.001.mp4,1280,720,25.0,383,extraversion,low
21,840,left_cheek,490.6,358.1,574.8,494.4,773.3,537.6,878.6,708.0,8hW6WfYBP18.001.mp4,1280,720,25.0,383,extraversion,low
21,840,right_cheek,692.2,358.3,801.3,498.8,1025.3,537.9,1161.7,713.5,8hW6WfYBP18.001.mp4,1280,720,25.0,383,extraversion,low
22,880,left_eye,503.8,233.2,599.5,339.6,789.7,381.5,909.3,514.5,8hW6WfYBP18.001.mp4,1280,720,25.0,383,extraversion,low
22,880,right_eye,663.7,226.6,785.5,339.4,989.6,373.2,1141.9,514.2,8hW6WfYBP18.001.mp4,1280,720,25.0,383,extraversion,low
22,880,nose,572.4,295.2,683.0,425.5,875.5,459.0,1013.7,621.9,8hW6WfYBP18.001.mp4,1280,720,25.0,383,extraversion,low
22,880,mouth,555.7,459.2,716.3,553.3,854.6,664.1,1055.4,781.7,8hW6WfYBP18.001.mp4,1280,720,25.0,383,extraversion,low
22,880,forehead,494.2,181.0,823.8,493.2,777.7,316.2,1189.7,706.5,8hW6WfYBP18.001.mp4,1280,720,25.0,383,extraversion,low
22,880,chin,496.6,368.2,823.6,604.3,780.7,550.2,1189.5,845.4,8hW6WfYBP18.001.mp4,1280,720,25.0,383,extraversion,low
22,880,left_cheek,490.3,357.9,574.6,494.4,772.9,537.4,878.2,708.0,8hW6WfYBP18.001.mp4,1280,720,25.0,383,extraversion,low
22,880,right_cheek,692.2,358.0,801.3,498.5,1025.3,537.5,1161.7,713.1,8hW6WfYBP18.001.mp4,1280,720,25.0,383,extraversion,low
23,920,left_eye,503.3,232.7,598.3,339.6,789.2,380.8,907.8,514.5,8hW6WfYBP18.001.mp4,1280,720,25.0,383,extraversion,low
23,920,right_eye,662.0,226.2,783.9,338.7,987.5,372.7,1139.9,513.4,8hW6WfYBP18.001.mp4,1280,720,25.0,383,extraversion,low
23,920,nose,571.2,295.1,682.2,425.1,874.0,458.9,1012.8,621.4,8hW6WfYBP18.001.mp4,1280,720,25.0,383,extraversion,low
23,920,mouth,555.6,459.2,716.6,553.6,854.5,664.0,1055.7,782.0,8hW6WfYBP18.001.mp4,1280,720,25.0,383,extraversion,low
23,920,forehead,493.9,181.3,823.7,492.2,777.4,316.6,1189.6,705.3,8hW6WfYBP18.001.mp4,1280,720,25.0,383,extraversion,low
23,920,chin,496.7,367.7,823.6,604.3,780.9,549.6,1189.4,845.3,8hW6WfYBP18.001.mp4,1280,720,25.0,383,extraversion,low
23,920,left_cheek,490.0,358.0,573.8,494.4,772.5,537.5,877.3,708.0,8hW6WfYBP18.001.mp4,1280,720,25.0,383,extraversion,low
23,920,right_cheek,691.8,356.8,801.1,496.3,1024.7,536.0,1161.3,710.4,8hW6WfYBP18.001.mp4,1280,720,25.0,383,extraversion,low
24,960,left_eye,503.1,232.8,597.7,339.6,788.8,381.1,907.2,514.5,8hW6WfYBP18.001.mp4,1280,720,25.0,383,extraversion,low
24,960,right_eye,661.6,226.0,783.6,338.6,987.0,372.5,1139.4,513.2,8hW6WfYBP18.001.mp4,1280,720,25.0,383,extraversion,low
24,960,nose,570.9,295.2,682.2,425.1,873.6,459.0,1012.7,621.4,8hW6WfYBP18.001.mp4,1280,720,25.0,383,extraversion,low
24,960,mouth,555.6,459.1,717.2,553.3,854.5,663.9,1056.5,781.6,8hW6WfYBP18.001.mp4,1280,720,25.0,383,extraversion,low
24,960,forehead,493.8,181.6,823.6,491.5,777.2,317.0,1189.5,704.4,8hW6WfYBP18.001.mp4,1280,720,25.0,383,extraversion,low
24,960,chin,496.7,367.3,823.5,603.3,780.9,549.1,1189.4,844.1,8hW6WfYBP18.001.mp4,1280,720,25.0,383,extraversion,low
24,960,left_cheek,489.8,358.0,573.6,494.4,772.3,537.5,877.0,708.0,8hW6WfYBP18.001.mp4,1280,720,25.0,383,extraversion,low
24,960,right_cheek,691.7,356.5,801.0,495.8,1024.6,535.6,1161.3,709.7,8hW6WfYBP18.001.mp4,1280,720,25.0,383,extraversion,low
25,1000,left_eye,500.8,232.2,594.5,339.3,785.9,380.3,903.1,514.1,8hW6WfYBP18.001.mp4,1280,720,25.0,383,extraversion,low
25,1000,right_eye,658.9,223.3,782.9,335.6,983.7,369.1,1138.6,509.5,8hW6WfYBP18.001.mp4,1280,720,25.0,383,extraversion,low
25,1000,nose,568.8,294.5,681.4,425.2,871.0,458.2,1011.8,621.5,8hW6WfYBP18.001.mp4,1280,720,25.0,383,extraversion,low
25,1000,mouth,554.9,456.7,719.3,553.2,853.6,660.9,1059.1,781.5,8hW6WfYBP18.001.mp4,1280,720,25.0,383,extraversion,low
25,1000,forehead,492.6,179.9,823.9,491.1,775.8,314.9,1189.9,703.8,8hW6WfYBP18.001.mp4,1280,720,25.0,383,extraversion,low
25,1000,chin,496.6,364.5,823.9,602.4,780.7,545.6,1189.9,843.0,8hW6WfYBP18.001.mp4,1280,720,25.0,383,extraversion,low
25,1000,left_cheek,488.1,358.1,571.8,494.8,770.2,537.6,874.7,708.5,8hW6WfYBP18.001.mp4,1280,720,25.0,383,extraversion,low
25,1000,right_cheek,691.2,352.9,801.1,492.4,1024.0,531.2,1161.4,705.5,8hW6WfYBP18.001.mp4,1280,720,25.0,383,extraversion,low
26,1040,left_eye,499.5,232.2,593.1,339.1,784.4,380.2,901.3,513.9,8hW6WfYBP18.001.mp4,1280,720,25.0,383,extraversion,low
26,1040,right_eye,657.8,222.6,782.7,334.3,982.3,368.2,1138.4,507.8,8hW6WfYBP18.001.mp4,1280,720,25.0,383,extraversion,low
26,1040,nose,568.0,294.2,681.1,425.2,870.0,457.7,1011.3,621.5,8hW6WfYBP18.001.mp4,1280,720,25.0,383,extraversion,low
26,1040,mouth,554.5,456.4,720.3,553.2,853.1,660.5,1060.3,781.5,8hW6WfYBP18.001.mp4,1280,720,25.0,383,extraversion,low
26,1040,forehead,491.8,178.5,824.3,493.4,774.8,313.1,1190.4,706.7,8hW6WfYBP18.001.mp4,1280,720,25.0,383,extraversion,low
26,1040,chin,496.4,364.0,824.3,603.5,780.5,545.0,1190.4,844.4,8hW6WfYBP18.001.mp4,1280,720,25.0,383,extraversion,low
26,1040,left_cheek,487.3,358.4,571.2,496.0,769.1,538.0,874.0,710.0,8hW6WfYBP18.001.mp4,1280,720,25.0,383,extraversion,low
26,1040,right_cheek,690.8,351.8,801.2,492.4,1023.6,529.8,1161.5,705.5,8hW6WfYBP18.001.mp4,1280,720,25.0,383,extraversion,low
27,1080,left_eye,498.9,231.9,592.2,339.0,783.6,379.9,900.2,513.8,8hW6WfYBP18.001.mp4,1280,720,25.0,383,extraversion,low
27,1080,right_eye,656.8,222.7,782.4,333.0,981.0,368.4,1138.0,506.3,8hW6WfYBP18.001.mp4,1280,720,25.0,383,extraversion,low
27,1080,nose,567.8,294.2,680.2,426.4,869.8,457.7,1010.3,623.0,8hW6WfYBP18.001.mp4,1280,720,25.0,383,extraversion,low
27,1080,mouth,554.0,457.7,718.7,551.4,852.5,662.2,1058.4,779.3,8hW6WfYBP18.001.mp4,1280,720,25.0,383,extraversion,low
27,1080,forehead,491.6,178.0,824.4,493.3,774.5,312.5,1190.5,706.6,8hW6WfYBP18.001.mp4,1280,720,25.0,383,extraversion,low
27,1080,chin,496.4,362.9,824.4,604.5,780.5,543.6,1190.5,845.6,8hW6WfYBP18.001.mp4,1280,720,25.0,383,extraversion,low
27,1080,left_cheek,487.2,358.6,570.8,497.3,769.0,538.3,873.5,711.7,8hW6WfYBP18.001.mp4,1280,720,25.0,383,extraversion,low
27,1080,right_cheek,690.2,351.9,801.2,492.9,1022.7,529.9,1161.5,706.1,8hW6WfYBP18.001.mp4,1280,720,25.0,383,extraversion,low
28,1120,left_eye,498.7,231.6,592.0,338.7,783.4,379.5,899.9,513.4,8hW6WfYBP18.001.mp4,1280,720,25.0,383,extraversion,low
28,1120,right_eye,656.4,222.2,782.1,332.1,980.5,367.8,1137.6,505.1,8hW6WfYBP18.001.mp4,1280,720,25.0,383,extraversion,low
28,1120,nose,567.7,293.9,679.4,428.2,869.6,457.3,1009.3,625.3,8hW6WfYBP18.001.mp4,1280,720,25.0,383,extraversion,low
28,1120,mouth,553.3,460.0,715.1,541.0,851.6,665.0,1053.9,766.2,8hW6WfYBP18.001.mp4,1280,720,25.0,383,extraversion,low
28,1120,forehead,491.1,176.9,824.5,494.4,773.8,311.2,1190.7,708.0,8hW6WfYBP18.001.mp4,1280,720,25.0,383,extraversion,low
28,1120,chin,495.7,363.4,824.5,607.3,779.6,544.2,1190.7,849.1,8hW6WfYBP18.001.mp4,1280,720,25.0,383,extraversion,low
28,1120,left_cheek,486.9,358.7,570.7,498.7,768.6,538.4,873.4,713.4,8hW6WfYBP18.001.mp4,1280,720,25.0,383,extraversion,low
28,1120,right_cheek,689.1,352.3,801.2,495.6,1021.4,530.3,1161.5,709.4,8hW6WfYBP18.001.mp4,1280,720,25.0,383,extraversion,low
29,1160,left_eye,498.6,231.3,591.8,338.6,783.3,379.1,899.8,513.3,8hW6WfYBP18.001.mp4,1280,720,25.0,383,extraversion,low
29,1160,right_eye,656.3,222.0,782.0,331.8,980.4,367.5,1137.4,504.7,8hW6WfYBP18.001.mp4,1280,720,25.0,383,extraversion,low
29,1160,nose,567.6,293.6,678.9,428.9,869.5,457.0,1008.7,626.1,8hW6WfYBP18.001.mp4,1280,720,25.0,383,extraversion,low
29,1160,mouth,553.1,461.9,713.3,539.1,851.4,667.4,1051.6,763.9,8hW6WfYBP18.001.mp4,1280,720,25.0,383,extraversion,low
29,1160,forehead,490.9,176.8,824.6,494.4,773.6,311.0,1190.7,708.0,8hW6WfYBP18.001.mp4,1280,720,25.0,383,extraversion,low
29,1160,chin,495.3,363.7,824.6,608.8,779.1,544.6,1190.7,851.0,8hW6WfYBP18.001.mp4,1280,720,25.0,383,extraversion,low
29,1160,left_cheek,486.6,358.7,570.6,499.1,768.3,538.4,873.2,713.9,8hW6WfYBP18.001.mp4,1280,720,25.0,383,extraversion,low
29,1160,right_cheek,688.5,352.5,801.1,496.9,1020.7,530.6,1161.4,711.2,8hW6WfYBP18.001.mp4,1280,720,25.0,383,extraversion,low
30,1200,left_eye,498.6,231.3,591.9,338.5,783.2,379.1,899.8,513.2,8hW6WfYBP18.001.mp4,1280,720,25.0,383,extraversion,low
30,1200,right_eye,656.3,221.9,782.0,331.5,980.3,367.3,1137.5,504.4,8hW6WfYBP18.001.mp4,1280,720,25.0,383,extraversion,low
30,1200,nose,567.4,293.5,679.0,428.8,869.3,456.9,1008.7,626.0,8hW6WfYBP18.001.mp4,1280,720,25.0,383,extraversion,low
30,1200,mouth,553.2,463.1,712.5,540.5,851.5,668.9,1050.7,765.6,8hW6WfYBP18.001.mp4,1280,720,25.0,383,extraversion,low
30,1200,forehead,490.9,176.9,824.7,493.6,773.7,311.2,1190.9,707.0,8hW6WfYBP18.001.mp4,1280,720,25.0,383,extraversion,low
30,1200,chin,495.3,362.6,824.7,608.7,779.1,543.2,1190.9,850.9,8hW6WfYBP18.001.mp4,1280,720,25.0,383,extraversion,low
30,1200,left_cheek,486.7,358.7,570.5,498.9,768.4,538.4,873.1,713.7,8hW6WfYBP18.001.mp4,1280,720,25.0,383,extraversion,low
30,1200,right_cheek,688.6,352.2,801.2,496.9,1020.7,530.2,1161.5,711.1,8hW6WfYBP18.001.mp4,1280,720,25.0,383,extraversion,low
31,1240,left_eye,498.6,231.1,591.8,338.5,783.2,378.9,899.7,513.1,8hW6WfYBP18.001.mp4,1280,720,25.0,383,extraversion,low
31,1240,right_eye,656.2,221.8,782.0,331.4,980.3,367.2,1137.5,504.2,8hW6WfYBP18.001.mp4,1280,720,25.0,383,extraversion,low
31,1240,nose,567.4,293.4,678.9,428.7,869.2,456.8,1008.7,625.9,8hW6WfYBP18.001.mp4,1280,720,25.0,383,extraversion,low
31,1240,mouth,553.2,463.2,712.1,541.5,851.5,669.0,1050.1,766.8,8hW6WfYBP18.001.mp4,1280,720,25.0,383,extraversion,low
31,1240,forehead,491.0,176.9,824.9,493.4,773.7,311.2,1191.1,706.8,8hW6WfYBP18.001.mp4,1280,720,25.0,383,extraversion,low
31,1240,chin,495.3,362.4,824.9,609.7,779.1,543.0,1191.1,852.2,8hW6WfYBP18.001.mp4,1280,720,25.0,383,extraversion,low
31,1240,left_cheek,486.7,358.7,570.4,498.9,768.4,538.4,873.0,713.7,8hW6WfYBP18.001.mp4,1280,720,25.0,383,extraversion,low
31,1240,right_cheek,688.6,352.1,801.2,497.0,1020.7,530.2,1161.5,711.2,8hW6WfYBP18.001.mp4,1280,720,25.0,383,extraversion,low
32,1280,left_eye,498.6,231.1,591.8,338.5,783.2,378.9,899.8,513.1,8hW6WfYBP18.001.mp4,1280,720,25.0,383,extraversion,low
32,1280,right_eye,656.3,221.8,782.0,331.4,980.4,367.3,1137.5,504.3,8hW6WfYBP18.001.mp4,1280,720,25.0,383,extraversion,low
32,1280,nose,567.4,293.5,679.0,428.3,869.3,456.8,1008.8,625.4,8hW6WfYBP18.001.mp4,1280,720,25.0,383,extraversion,low
32,1280,mouth,555.5,462.2,710.6,542.1,854.3,667.7,1048.2,767.6,8hW6WfYBP18.001.mp4,1280,720,25.0,383,extraversion,low
32,1280,forehead,491.0,177.0,825.2,492.8,773.7,311.2,1191.5,706.0,8hW6WfYBP18.001.mp4,1280,720,25.0,383,extraversion,low
32,1280,chin,495.5,361.9,825.2,608.7,779.4,542.3,1191.5,850.9,8hW6WfYBP18.001.mp4,1280,720,25.0,383,extraversion,low
32,1280,left_cheek,486.8,358.7,570.5,498.7,768.5,538.4,873.1,713.3,8hW6WfYBP18.001.mp4,1280,720,25.0,383,extraversion,low
32,1280,right_cheek,688.6,351.6,801.6,495.7,1020.7,529.5,1162.0,709.6,8hW6WfYBP18.001.mp4,1280,720,25.0,383,extraversion,low
33,1320,left_eye,498.6,231.2,591.8,338.3,783.3,378.9,899.8,512.9,8hW6WfYBP18.001.mp4,1280,720,25.0,383,extraversion,low
33,1320,right_eye,656.4,221.8,782.1,331.3,980.4,367.3,1137.6,504.1,8hW6WfYBP18.001.mp4,1280,720,25.0,383,extraversion,low
33,1320,nose,567.4,293.5,679.1,428.2,869.3,456.9,1008.9,625.2,8hW6WfYBP18.001.mp4,1280,720,25.0,383,extraversion,low
33,1320,mouth,556.1,460.7,710.5,542.7,855.1,665.8,1048.2,768.4,8hW6WfYBP18.001.mp4,1280,720,25.0,383,extraversion,low
33,1320,forehead,491.0,177.1,825.3,492.8,773.7,311.4,1191.6,706.0,8hW6WfYBP18.001.mp4,1280,720,25.0,383,extraversion,low
33,1320,chin,495.9,361.4,825.3,608.7,779.8,541.8,1191.6,850.9,8hW6WfYBP18.001.mp4,1280,720,25.0,383,extraversion,low
33,1320,left_cheek,487.0,358.7,570.5,498.6,768.7,538.4,873.1,713.3,8hW6WfYBP18.001.mp4,1280,720,25.0,383,extraversion,low
33,1320,right_cheek,688.6,351.2,801.7,495.0,1020.8,529.0,1162.2,708.8,8hW6WfYBP18.001.mp4,1280,720,25.0,383,extraversion,low
34,1360,left_eye,498.7,230.6,592.3,336.6,783.4,378.2,900.4,510.8,8hW6WfYBP18.001.mp4,1280,720,25.0,383,extraversion,low
34,1360,right_eye,656.6,221.1,782.4,330.9,980.7,366.3,1138.0,503.6,8hW6WfYBP18.001.mp4,1280,720,25.0,383,extraversion,low
34,1360,nose,567.3,293.3,680.4,427.3,869.2,456.6,1010.5,624.1,8hW6WfYBP18.001.mp4,1280,720,25.0,383,extraversion,low
34,1360,mouth,556.2,454.2,716.3,542.0,855.3,657.8,1055.4,767.4,8hW6WfYBP18.001.mp4,1280,720,25.0,383,extraversion,low
34,1360,forehead,491.0,176.3,827.6,492.1,773.7,310.4,1194.5,705.1,8hW6WfYBP18.001.mp4,1280,720,25.0,383,extraversion,low
34,1360,chin,495.4,357.4,827.6,607.9,779.3,536.7,1194.5,849.9,8hW6WfYBP18.001.mp4,1280,720,25.0,383,extraversion,low
34,1360,left_cheek,487.0,356.9,570.7,495.8,768.7,536.1,873.3,709.8,8hW6WfYBP18.001.mp4,1280,720,25.0,383,extraversion,low
34,1360,right_cheek,689.1,346.9,802.8,489.7,1021.4,523.7,1163.5,702.1,8hW6WfYBP18.001.mp4,1280,720,25.0,383,extraversion,low
35,1400,left_eye,499.0,230.1,593.4,336.0,783.8,377.6,901.8,510.0,8hW6WfYBP18.001.mp4,1280,720,25.0,383,extraversion,low
35,1400,right_eye,657.4,220.4,783.8,330.6,981.8,365.5,1139.8,503.2,8hW6WfYBP18.001.mp4,1280,720,25.0,383,extraversion,low
35,1400,nose,567.8,293.1,681.7,426.6,869.7,456.3,1012.2,623.2,8hW6WfYBP18.001.mp4,1280,720,25.0,383,extraversion,low
35,1400,mouth,557.5,453.1,720.0,541.3,856.9,656.3,1060.0,766.7,8hW6WfYBP18.001.mp4,1280,720,25.0,383,extraversion,low
35,1400,forehead,491.0,176.1,829.9,490.7,773.8,310.1,1197.4,703.4,8hW6WfYBP18.001.mp4,1280,720,25.0,383,extraversion,low
35,1400,chin,495.4,355.3,829.9,607.3,779.3,534.1,1197.4,849.1,8hW6WfYBP18.001.mp4,1280,720,25.0,383,extraversion,low
35,1400,left_cheek,487.1,356.0,571.6,494.3,768.9,535.0,874.4,707.9,8hW6WfYBP18.001.mp4,1280,720,25.0,383,extraversion,low
35,1400,right_cheek,690.3,345.4,804.7,487.4,1022.8,521.8,1165.9,699.3,8hW6WfYBP18.001.mp4,1280,720,25.0,383,extraversion,low
36,1440,left_eye,499.6,229.5,594.4,334.6,784.5,376.9,903.0,508.2,8hW6WfYBP18.001.mp4,1280,720,25.0,383,extraversion,low
36,1440,right_eye,658.3,219.6,784.7,329.3,982.9,364.5,1140.9,501.7,8hW6WfYBP18.001.mp4,1280,720,25.0,383,extraversion,low
36,1440,nose,567.6,292.2,683.5,424.9,869.5,455.2,1014.3,621.1,8hW6WfYBP18.001.mp4,1280,720,25.0,383,extraversion,low
36,1440,mouth,555.0,450.2,726.4,543.4,853.7,652.7,1067.9,769.3,8hW6WfYBP18.001.mp4,1280,720,25.0,383,extraversion,low
36,1440,forehead,492.0,174.9,831.0,489.4,775.0,308.6,1198.7,701.8,8hW6WfYBP18.001.mp4,1280,720,25.0,383,extraversion,low
36,1440,chin,496.1,354.7,831.0,607.1,780.1,533.4,1198.7,848.9,8hW6WfYBP18.001.mp4,1280,720,25.0,383,extraversion,low
36,1440,left_cheek,487.1,353.9,571.9,491.1,768.9,532.3,874.8,703.9,8hW6WfYBP18.001.mp4,1280,720,25.0,383,extraversion,low
36,1440,right_cheek,691.9,343.2,806.8,484.7,1024.9,519.1,1168.5,695.8,8hW6WfYBP18.001.mp4,1280,720,25.0,383,extraversion,low
37,1480,left_eye,499.7,228.9,595.1,333.7,784.6,376.1,903.8,507.2,8hW6WfYBP18.001.mp4,1280,720,25.0,383,extraversion,low
37,1480,right_eye,659.3,219.0,785.5,329.2,984.1,363.7,1141.8,501.5,8hW6WfYBP18.001.mp4,1280,720,25.0,383,extraversion,low
37,1480,nose,567.5,291.5,684.5,424.0,869.4,454.4,1015.7,620.0,8hW6WfYBP18.001.mp4,1280,720,25.0,383,extraversion,low
37,1480,mouth,554.3,449.6,727.9,544.9,852.9,652.0,1069.9,771.1,8hW6WfYBP18.001.mp4,1280,720,25.0,383,extraversion,low
37,1480,forehead,492.4,174.6,831.2,487.9,775.5,308.2,1199.0,699.8,8hW6WfYBP18.001.mp4,1280,720,25.0,383,extraversion,low
37,1480,chin,496.4,354.2,831.2,607.1,780.6,532.7,1199.0,848.9,8hW6WfYBP18.001.mp4,1280,720,25.0,383,extraversion,low
37,1480,left_cheek,487.1,352.8,572.1,489.8,768.9,531.1,875.2,702.3,8hW6WfYBP18.001.mp4,1280,720,25.0,383,extraversion,low
37,1480,right_cheek,692.8,342.6,807.6,483.5,1026.0,518.3,1169.5,694.4,8hW6WfYBP18.001.mp4,1280,720,25.0,383,extraversion,low
38,1520,left_eye,499.8,228.7,595.6,333.5,784.8,375.9,904.6,506.8,8hW6WfYBP18.001.mp4,1280,720,25.0,383,extraversion,low
38,1520,right_eye,660.2,218.9,785.6,328.4,985.2,363.6,1142.0,500.5,8hW6WfYBP18.001.mp4,1280,720,25.0,383,extraversion,low
38,1520,nose,567.5,291.4,687.6,424.1,869.4,454.2,1019.5,620.1,8hW6WfYBP18.001.mp4,1280,720,25.0,383,extraversion,low
38,1520,mouth,553.4,448.5,733.2,549.2,851.7,650.6,1076.5,776.6,8hW6WfYBP18.001.mp4,1280,720,25.0,383,extraversion,low
38,1520,forehead,492.6,174.5,831.0,488.1,775.8,308.1,1198.7,700.1,8hW6WfYBP18.001.mp4,1280,720,25.0,383,extraversion,low
38,1520,chin,496.8,354.8,831.0,607.0,781.0,533.5,1198.7,848.7,8hW6WfYBP18.001.mp4,1280,720,25.0,383,extraversion,low
38,1520,left_cheek,487.2,353.0,572.6,489.7,768.9,531.2,875.7,702.1,8hW6WfYBP18.001.mp4,1280,720,25.0,383,extraversion,low
38,1520,right_cheek,694.8,342.6,808.1,483.2,1028.5,518.3,1170.1,694.0,8hW6WfYBP18.001.mp4,1280,720,25.0,383,extraversion,low
39,1560,left_eye,499.9,228.6,595.8,333.3,784.8,375.8,904.8,506.6,8hW6WfYBP18.001.mp4,1280,720,25.0,383,extraversion,low
39,1560,right_eye,660.3,218.7,785.6,327.9,985.3,363.4,1142.0,499.9,8hW6WfYBP18.001.mp4,1280,720,25.0,383,extraversion,low
39,1560,nose,567.5,291.3,688.4,424.1,869.4,454.1,1020.5,620.1,8hW6WfYBP18.001.mp4,1280,720,25.0,383,extraversion,low
39,1560,mouth,552.9,448.2,734.3,550.5,851.1,650.3,1077.9,778.2,8hW6WfYBP18.001.mp4,1280,720,25.0,383,extraversion,low
39,1560,forehead,492.7,174.5,830.7,488.1,775.9,308.1,1198.4,700.2,8hW6WfYBP18.001.mp4,1280,720,25.0,383,extraversion,low
39,1560,chin,497.0,355.0,830.7,607.0,781.3,533.7,1198.4,848.7,8hW6WfYBP18.001.mp4,1280,720,25.0,383,extraversion,low
39,1560,left_cheek,487.2,353.1,572.7,489.4,769.0,531.3,875.9,701.8,8hW6WfYBP18.001.mp4,1280,720,25.0,383,extraversion,low
39,1560,right_cheek,695.5,342.4,808.5,482.8,1029.3,518.1,1170.7,693.5,8hW6WfYBP18.001.mp4,1280,720,25.0,383,extraversion,low
40,1600,left_eye,499.9,228.6,596.2,333.3,784.9,375.7,905.3,506.6,8hW6WfYBP18.001.mp4,1280,720,25.0,383,extraversion,low
40,1600,right_eye,660.4,218.1,785.6,327.4,985.5,362.6,1142.0,499.2,8hW6WfYBP18.001.mp4,1280,720,25.0,383,extraversion,low
40,1600,nose,567.9,291.0,690.0,424.0,869.9,453.8,1022.5,620.0,8hW6WfYBP18.001.mp4,1280,720,25.0,383,extraversion,low
40,1600,mouth,552.6,447.0,738.3,550.1,850.7,648.8,1082.9,777.6,8hW6WfYBP18.001.mp4,1280,720,25.0,383,extraversion,low
40,1600,forehead,492.7,173.8,830.6,489.4,775.9,307.2,1198.2,701.8,8hW6WfYBP18.001.mp4,1280,720,25.0,383,extraversion,low
40,1600,chin,497.2,355.1,830.6,607.0,781.5,533.9,1198.2,848.7,8hW6WfYBP18.001.mp4,1280,720,25.0,383,extraversion,low
40,1600,left_cheek,487.5,353.2,573.1,489.6,769.4,531.5,876.4,702.0,8hW6WfYBP18.001.mp4,1280,720,25.0,383,extraversion,low
40,1600,right_cheek,696.4,341.8,809.3,482.0,1030.6,517.3,1171.6,692.5,8hW6WfYBP18.001.mp4,1280,720,25.0,383,extraversion,low
41,1640,left_eye,500.0,228.4,597.0,333.2,785.0,375.5,906.3,506.6,8hW6WfYBP18.001.mp4,1280,720,25.0,383,extraversion,low
41,1640,right_eye,660.8,217.0,785.5,327.0,986.0,361.2,1141.8,498.7,8hW6WfYBP18.001.mp4,1280,720,25.0,383,extraversion,low
41,1640,nose,569.1,290.3,692.2,423.0,871.4,452.9,1025.2,618.8,8hW6WfYBP18.001.mp4,1280,720,25.0,383,extraversion,low
41,1640,mouth,552.6,444.8,741.0,549.8,850.7,646.0,1086.3,777.3,8hW6WfYBP18.001.mp4,1280,720,25.0,383,extraversion,low
41,1640,forehead,492.5,173.0,829.8,489.8,775.6,306.3,1197.3,702.3,8hW6WfYBP18.001.mp4,1280,720,25.0,383,extraversion,low
41,1640,chin,497.0,354.7,829.8,602.0,781.3,533.4,1197.3,842.6,8hW6WfYBP18.001.mp4,1280,720,25.0,383,extraversion,low
41,1640,left_cheek,487.7,353.3,574.2,489.2,769.7,531.6,877.7,701.5,8hW6WfYBP18.001.mp4,1280,720,25.0,383,extraversion,low
41,1640,right_cheek,697.8,340.8,809.8,479.4,1032.2,516.0,1172.2,689.2,8hW6WfYBP18.001.mp4,1280,720,25.0,383,extraversion,low
42,1680,left_eye,500.0,228.4,597.0,333.3,785.0,375.5,906.3,506.6,8hW6WfYBP18.001.mp4,1280,720,25.0,383,extraversion,low
42,1680,right_eye,660.8,216.8,784.8,326.8,985.9,361.0,1141.0,498.5,8hW6WfYBP18.001.mp4,1280,720,25.0,383,extraversion,low
42,1680,nose,569.8,290.1,692.3,422.5,872.2,452.7,1025.3,618.1,8hW6WfYBP18.001.mp4,1280,720,25.0,383,extraversion,low
42,1680,mouth,552.7,445.2,740.0,548.9,850.9,646.5,1085.0,776.1,8hW6WfYBP18.001.mp4,1280,720,25.0,383,extraversion,low
42,1680,forehead,492.4,173.1,828.5,489.9,775.5,306.4,1195.7,702.4,8hW6WfYBP18.001.mp4,1280,720,25.0,383,extraversion,low
42,1680,chin,497.0,354.5,828.5,601.9,781.3,533.1,1195.7,842.3,8hW6WfYBP18.001.mp4,1280,720,25.0,383,extraversion,low
42,1680,left_cheek,488.1,353.4,574.6,489.2,770.2,531.7,878.3,701.5,8hW6WfYBP18.001.mp4,1280,720,25.0,383,extraversion,low
42,1680,right_cheek,697.8,340.8,809.6,479.3,1032.3,516.0,1172.0,689.1,8hW6WfYBP18.001.mp4,1280,720,25.0,383,extraversion,low
43,1720,left_eye,499.9,228.4,597.0,333.7,784.9,375.5,906.2,507.1,8hW6WfYBP18.001.mp4,1280,720,25.0,383,extraversion,low
43,1720,right_eye,660.7,216.3,784.0,326.8,985.9,360.3,1140.0,498.5,8hW6WfYBP18.001.mp4,1280,720,25.0,383,extraversion,low
43,1720,nose,570.4,290.1,692.2,422.4,873.0,452.6,1025.2,618.0,8hW6WfYBP18.001.mp4,1280,720,25.0,383,extraversion,low
43,1720,mouth,552.9,445.5,738.5,555.8,851.1,646.9,1083.1,784.7,8hW6WfYBP18.001.mp4,1280,720,25.0,383,extraversion,low
43,1720,forehead,491.5,173.2,827.5,494.2,774.4,306.5,1194.3,707.7,8hW6WfYBP18.001.mp4,1280,720,25.0,383,extraversion,low
43,1720,chin,496.3,355.6,827.5,610.1,780.4,534.5,1194.3,852.7,8hW6WfYBP18.001.mp4,1280,720,25.0,383,extraversion,low
43,1720,left_cheek,488.2,354.6,574.8,491.4,770.2,533.2,878.4,704.3,8hW6WfYBP18.001.mp4,1280,720,25.0,383,extraversion,low
43,1720,right_cheek,697.7,341.1,809.5,479.5,1032.1,516.3,1171.9,689.4,8hW6WfYBP18.001.mp4,1280,720,25.0,383,extraversion,low
44,1760,left_eye,499.6,228.8,596.9,334.5,784.5,376.0,906.1,508.1,8hW6WfYBP18.001.mp4,1280,720,25.0,383,extraversion,low
44,1760,right_eye,660.7,216.3,784.0,326.9,985.9,360.4,1140.0,498.7,8hW6WfYBP18.001.mp4,1280,720,25.0,383,extraversion,low
44,1760,nose,570.8,290.0,692.3,422.3,873.5,452.6,1025.4,617.8,8hW6WfYBP18.001.mp4,1280,720,25.0,383,extraversion,low
44,1760,mouth,553.2,444.7,739.1,555.4,851.5,645.9,1083.8,784.2,8hW6WfYBP18.001.mp4,1280,720,25.0,383,extraversion,low
44,1760,forehead,491.1,173.2,827.3,494.8,773.8,306.5,1194.2,708.5,8hW6WfYBP18.001.mp4,1280,720,25.0,383,extraversion,low
44,1760,chin,496.0,356.3,827.3,609.6,780.0,535.4,1194.2,852.0,8hW6WfYBP18.001.mp4,1280,720,25.0,383,extraversion,low
44,1760,left_cheek,488.2,354.8,575.0,491.6,770.3,533.5,878.7,704.5,8hW6WfYBP18.001.mp4,1280,720,25.0,383,extraversion,low
44,1760,right_cheek,697.8,341.2,809.4,480.1,1032.2,516.6,1171.7,690.2,8hW6WfYBP18.001.mp4,1280,720,25.0,383,extraversion,low
45,1800,left_eye,498.8,228.9,596.5,335.5,783.5,376.2,905.7,509.4,8hW6WfYBP18.001.mp4,1280,720,25.0,383,extraversion,low
45,1800,right_eye,660.6,216.3,783.4,327.3,985.7,360.4,1139.3,499.1,8hW6WfYBP18.001.mp4,1280,720,25.0,383,extraversion,low
45,1800,nose,570.9,290.1,692.2,422.3,873.6,452.6,1025.2,617.9,8hW6WfYBP18.001.mp4,1280,720,25.0,383,extraversion,low
45,1800,mouth,553.2,445.1,739.4,558.7,851.4,646.3,1084.3,788.4,8hW6WfYBP18.001.mp4,1280,720,25.0,383,extraversion,low
45,1800,forehead,489.2,173.8,826.7,496.5,771.5,307.3,1193.3,710.6,8hW6WfYBP18.001.mp4,1280,720,25.0,383,extraversion,low
45,1800,chin,494.1,357.0,826.7,611.9,777.6,536.2,1193.3,854.9,8hW6WfYBP18.001.mp4,1280,720,25.0,383,extraversion,low
45,1800,left_cheek,488.0,355.7,575.0,493.2,770.0,534.7,878.7,706.6,8hW6WfYBP18.001.mp4,1280,720,25.0,383,extraversion,low
45,1800,right_cheek,697.7,341.3,809.3,480.3,1032.1,516.6,1171.7,690.4,8hW6WfYBP18.001.mp4,1280,720,25.0,383,extraversion,low
46,1840,left_eye,498.3,230.0,596.1,336.5,782.9,377.5,905.2,510.6,8hW6WfYBP18.001.mp4,1280,720,25.0,383,extraversion,low
46,1840,right_eye,660.3,216.3,783.4,327.9,985.4,360.4,1139.2,499.9,8hW6WfYBP18.001.mp4,1280,720,25.0,383,extraversion,low
46,1840,nose,571.1,290.2,692.0,422.4,873.8,452.8,1025.0,618.0,8hW6WfYBP18.001.mp4,1280,720,25.0,383,extraversion,low
46,1840,mouth,553.5,445.3,738.9,557.6,851.8,646.6,1083.6,787.0,8hW6WfYBP18.001.mp4,1280,720,25.0,383,extraversion,low
46,1840,forehead,489.0,174.0,826.7,496.5,771.3,307.4,1193.3,710.6,8hW6WfYBP18.001.mp4,1280,720,25.0,383,extraversion,low
46,1840,chin,494.1,357.4,826.7,611.3,777.6,536.8,1193.3,854.1,8hW6WfYBP18.001.mp4,1280,720,25.0,383,extraversion,low
46,1840,left_cheek,488.0,356.4,574.9,493.4,770.0,535.5,878.7,706.8,8hW6WfYBP18.001.mp4,1280,720,25.0,383,extraversion,low
46,1840,right_cheek,697.6,341.5,809.3,480.7,1032.0,516.9,1171.6,690.8,8hW6WfYBP18.001.mp4,1280,720,25.0,383,extraversion,low
47,1880,left_eye,497.4,230.2,595.6,337.0,781.8,377.8,904.6,511.3,8hW6WfYBP18.001.mp4,1280,720,25.0,383,extraversion,low
47,1880,right_eye,660.0,216.5,782.8,328.4,985.0,360.6,1138.5,500.5,8hW6WfYBP18.001.mp4,1280,720,25.0,383,extraversion,low
47,1880,nose,571.1,290.4,691.5,422.4,873.8,452.9,1024.4,618.0,8hW6WfYBP18.001.mp4,1280,720,25.0,383,extraversion,low
47,1880,mouth,553.4,445.6,738.8,557.1,851.8,647.0,1083.5,786.3,8hW6WfYBP18.001.mp4,1280,720,25.0,383,extraversion,low
47,1880,forehead,487.2,174.2,825.7,496.3,769.0,307.8,1192.1,710.4,8hW6WfYBP18.001.mp4,1280,720,25.0,383,extraversion,low
47,1880,chin,491.9,357.5,825.7,611.0,774.8,536.9,1192.1,853.8,8hW6WfYBP18.001.mp4,1280,720,25.0,383,extraversion,low
47,1880,left_cheek,487.1,356.9,574.6,493.8,768.8,536.1,878.3,707.3,8hW6WfYBP18.001.mp4,1280,720,25.0,383,extraversion,low
47,1880,right_cheek,697.1,342.0,808.1,480.9,1031.4,517.5,1170.1,691.2,8hW6WfYBP18.001.mp4,1280,720,25.0,383,extraversion,low
48,1920,left_eye,497.1,231.0,595.1,337.7,781.4,378.8,903.9,512.1,8hW6WfYBP18.001.mp4,1280,720,25.0,383,extraversion,low
48,1920,right_eye,659.3,217.0,782.1,329.1,984.1,361.2,1137.6,501.3,8hW6WfYBP18.001.mp4,1280,720,25.0,383,extraversion,low
48,1920,nose,571.0,290.8,691.0,422.4,873.7,453.5,1023.8,618.0,8hW6WfYBP18.001.mp4,1280,720,25.0,383,extraversion,low
48,1920,mouth,553.5,445.7,737.6,556.6,851.9,647.1,1082.0,785.8,8hW6WfYBP18.001.mp4,1280,720,25.0,383,extraversion,low
48,1920,forehead,486.9,174.8,824.7,496.8,768.6,308.5,1190.8,711.0,8hW6WfYBP18.001.mp4,1280,720,25.0,383,extraversion,low
48,1920,chin,491.7,357.9,824.7,610.7,774.6,537.4,1190.8,853.4,8hW6WfYBP18.001.mp4,1280,720,25.0,383,extraversion,low
48,1920,left_cheek,486.9,357.6,574.3,494.4,768.7,537.0,877.9,708.0,8hW6WfYBP18.001.mp4,1280,720,25.0,383,extraversion,low
48,1920,right_cheek,696.5,342.5,806.9,481.3,1030.6,518.1,1168.6,691.6,8hW6WfYBP18.001.mp4,1280,720,25.0,383,extraversion,low
49,1960,left_eye,496.2,231.8,594.2,338.0,780.3,379.7,902.7,512.6,8hW6WfYBP18.001.mp4,1280,720,25.0,383,extraversion,low
49,1960,right_eye,658.7,217.9,781.8,329.4,983.4,362.3,1137.3,501.8,8hW6WfYBP18.001.mp4,1280,720,25.0,383,extraversion,low
49,1960,nose,571.0,291.2,689.8,422.3,873.7,454.0,1022.2,617.9,8hW6WfYBP18.001.mp4,1280,720,25.0,383,extraversion,low
49,1960,mouth,553.6,446.6,732.5,555.3,852.0,648.2,1075.7,784.2,8hW6WfYBP18.001.mp4,1280,720,25.0,383,extraversion,low
49,1960,forehead,486.4,175.6,823.7,496.6,768.0,309.5,1189.6,710.8,8hW6WfYBP18.001.mp4,1280,720,25.0,383,extraversion,low
49,1960,chin,491.3,358.0,823.7,610.1,774.1,537.6,1189.6,852.6,8hW6WfYBP18.001.mp4,1280,720,25.0,383,extraversion,low
49,1960,left_cheek,486.7,357.9,573.8,494.5,768.3,537.3,877.2,708.1,8hW6WfYBP18.001.mp4,1280,720,25.0,383,extraversion,low
49,1960,right_cheek,695.4,343.3,804.8,482.6,1029.3,519.1,1166.0,693.2,8hW6WfYBP18.001.mp4,1280,720,25.0,383,extraversion,low
50,2000,left_eye,496.2,232.9,593.9,338.5,780.2,381.1,902.4,513.1,8hW6WfYBP18.001.mp4,1280,720,25.0,383,extraversion,low
50,2000,right_eye,658.3,218.8,781.6,329.7,982.9,363.5,1137.0,502.2,8hW6WfYBP18.001.mp4,1280,720,25.0,383,extraversion,low
50,2000,nose,570.9,291.8,689.2,422.3,873.7,454.7,1021.5,617.9,8hW6WfYBP18.001.mp4,1280,720,25.0,383,extraversion,low
50,2000,mouth,554.0,447.3,730.3,554.9,852.5,649.1,1072.8,783.6,8hW6WfYBP18.001.mp4,1280,720,25.0,383,extraversion,low
50,2000,forehead,486.5,176.8,823.4,496.5,768.2,311.0,1189.2,710.6,8hW6WfYBP18.001.mp4,1280,720,25.0,383,extraversion,low
50,2000,chin,491.4,358.4,823.4,609.8,774.3,538.0,1189.2,852.2,8hW6WfYBP18.001.mp4,1280,720,25.0,383,extraversion,low
50,2000,left_cheek,486.7,358.3,573.6,494.6,768.3,537.9,877.0,708.3,8hW6WfYBP18.001.mp4,1280,720,25.0,383,extraversion,low
50,2000,right_cheek,694.9,343.9,803.8,483.2,1028.6,519.9,1164.8,694.0,8hW6WfYBP18.001.mp4,1280,720,25.0,383,extraversion,low
51,2040,left_eye,494.8,233.5,593.2,338.8,778.5,381.9,901.5,513.5,8hW6WfYBP18.001.mp4,1280,720,25.0,383,extraversion,low
51,2040,right_eye,658.0,219.7,781.4,330.1,982.5,364.7,1136.8,502.6,8hW6WfYBP18.001.mp4,1280,720,25.0,383,extraversion,low
51,2040,nose,571.1,292.1,686.8,420.8,873.9,455.1,1018.5,616.0,8hW6WfYBP18.001.mp4,1280,720,25.0,383,extraversion,low
51,2040,mouth,555.5,448.4,720.3,554.0,854.4,650.5,1060.4,782.5,8hW6WfYBP18.001.mp4,1280,720,25.0,383,extraversion,low
51,2040,forehead,485.1,178.6,822.2,493.8,766.4,313.2,1187.7,707.3,8hW6WfYBP18.001.mp4,1280,720,25.0,383,extraversion,low
51,2040,chin,489.8,358.4,822.2,607.2,772.3,538.0,1187.7,849.0,8hW6WfYBP18.001.mp4,1280,720,25.0,383,extraversion,low
51,2040,left_cheek,485.9,358.6,572.8,494.9,767.4,538.3,876.0,708.6,8hW6WfYBP18.001.mp4,1280,720,25.0,383,extraversion,low
51,2040,right_cheek,693.9,345.6,801.6,485.4,1027.4,522.0,1162.1,696.7,8hW6WfYBP18.001.mp4,1280,720,25.0,383,extraversion,low
52,2080,left_eye,494.2,234.2,593.0,338.8,777.8,382.8,901.2,513.6,8hW6WfYBP18.001.mp4,1280,720,25.0,383,extraversion,low
52,2080,right_eye,657.4,220.8,781.2,330.2,981.8,366.0,1136.5,502.7,8hW6WfYBP18.001.mp4,1280,720,25.0,383,extraversion,low
52,2080,nose,571.1,292.6,685.5,420.3,873.9,455.7,1016.8,615.3,8hW6WfYBP18.001.mp4,1280,720,25.0,383,extraversion,low
52,2080,mouth,556.3,448.9,718.7,554.0,855.4,651.2,1058.4,782.5,8hW6WfYBP18.001.mp4,1280,720,25.0,383,extraversion,low
52,2080,forehead,484.9,179.6,822.1,491.6,766.1,314.5,1187.6,704.5,8hW6WfYBP18.001.mp4,1280,720,25.0,383,extraversion,low
52,2080,chin,489.5,357.8,822.1,607.0,771.8,537.2,1187.6,848.8,8hW6WfYBP18.001.mp4,1280,720,25.0,383,extraversion,low
52,2080,left_cheek,485.4,358.8,572.0,495.0,766.8,538.6,875.0,708.7,8hW6WfYBP18.001.mp4,1280,720,25.0,383,extraversion,low
52,2080,right_cheek,693.2,346.0,801.3,486.1,1026.5,522.6,1161.7,697.6,8hW6WfYBP18.001.mp4,1280,720,25.0,383,extraversion,low
53,2120,left_eye,493.7,235.9,593.0,339.4,777.2,384.9,901.2,514.3,8hW6WfYBP18.001.mp4,1280,720,25.0,383,extraversion,low
53,2120,right_eye,657.4,222.8,781.2,330.5,981.7,368.5,1136.5,503.1,8hW6WfYBP18.001.mp4,1280,720,25.0,383,extraversion,low
53,2120,nose,571.4,293.1,683.9,419.6,874.2,456.3,1014.9,614.5,8hW6WfYBP18.001.mp4,1280,720,25.0,383,extraversion,low
53,2120,mouth,562.1,450.5,711.5,554.8,862.6,653.1,1049.3,783.4,8hW6WfYBP18.001.mp4,1280,720,25.0,383,extraversion,low
53,2120,forehead,484.3,181.6,821.1,490.7,765.4,317.0,1186.4,703.3,8hW6WfYBP18.001.mp4,1280,720,25.0,383,extraversion,low
53,2120,chin,488.3,357.4,821.1,606.9,770.4,536.7,1186.4,848.7,8hW6WfYBP18.001.mp4,1280,720,25.0,383,extraversion,low
53,2120,left_cheek,485.1,359.8,571.7,496.6,766.4,539.8,874.6,710.7,8hW6WfYBP18.001.mp4,1280,720,25.0,383,extraversion,low
53,2120,right_cheek,692.6,347.2,801.1,488.1,1025.7,524.1,1161.3,700.2,8hW6WfYBP18.001.mp4,1280,720,25.0,383,extraversion,low
54,2160,left_eye,493.8,237.5,593.0,340.3,777.3,386.9,901.3,515.4,8hW6WfYBP18.001.mp4,1280,720,25.0,383,extraversion,low
54,2160,right_eye,657.4,225.1,781.2,331.2,981.7,371.4,1136.6,504.0,8hW6WfYBP18.001.mp4,1280,720,25.0,383,extraversion,low
54,2160,nose,571.6,294.1,683.6,419.6,874.5,457.6,1014.6,614.5,8hW6WfYBP18.001.mp4,1280,720,25.0,383,extraversion,low
54,2160,mouth,564.1,452.0,710.8,555.2,865.1,655.0,1048.6,784.1,8hW6WfYBP18.001.mp4,1280,720,25.0,383,extraversion,low
54,2160,forehead,484.4,183.0,820.5,490.6,765.5,318.7,1185.6,703.2,8hW6WfYBP18.001.mp4,1280,720,25.0,383,extraversion,low
54,2160,chin,488.5,357.4,820.5,606.9,770.6,536.7,1185.6,848.7,8hW6WfYBP18.001.mp4,1280,720,25.0,383,extraversion,low
54,2160,left_cheek,485.2,361.0,571.7,497.9,766.4,541.2,874.6,712.4,8hW6WfYBP18.001.mp4,1280,720,25.0,383,extraversion,low
54,2160,right_cheek,692.5,348.2,801.0,489.7,1025.6,525.3,1161.2,702.2,8hW6WfYBP18.001.mp4,1280,720,25.0,383,extraversion,low
55,2200,left_eye,493.9,238.7,593.3,340.8,777.4,388.3,901.7,515.9,8hW6WfYBP18.001.mp4,1280,720,25.0,383,extraversion,low
55,2200,right_eye,657.8,226.1,781.5,331.7,982.3,372.6,1136.9,504.6,8hW6WfYBP18.001.mp4,1280,720,25.0,383,extraversion,low
55,2200,nose,573.4,294.5,683.7,419.2,876.7,458.1,1014.6,614.0,8hW6WfYBP18.001.mp4,1280,720,25.0,383,extraversion,low
55,2200,mouth,570.7,455.7,706.8,555.2,873.4,659.6,1043.5,784.0,8hW6WfYBP18.001.mp4,1280,720,25.0,383,extraversion,low
55,2200,forehead,484.5,183.8,820.6,490.7,765.6,319.8,1185.8,703.4,8hW6WfYBP18.001.mp4,1280,720,25.0,383,extraversion,low
55,2200,chin,488.5,357.4,820.6,607.3,770.6,536.8,1185.8,849.2,8hW6WfYBP18.001.mp4,1280,720,25.0,383,extraversion,low
55,2200,left_cheek,485.2,361.6,572.1,499.2,766.6,542.1,875.1,714.1,8hW6WfYBP18.001.mp4,1280,720,25.0,383,extraversion,low
55,2200,right_cheek,692.6,348.8,801.0,491.0,1025.7,526.0,1161.2,703.8,8hW6WfYBP18.001.mp4,1280,720,25.0,383,extraversion,low
56,2240,left_eye,494.0,239.4,593.5,341.1,777.5,389.2,901.9,516.4,8hW6WfYBP18.001.mp4,1280,720,25.0,383,extraversion,low
56,2240,right_eye,658.2,226.6,781.8,332.0,982.7,373.2,1137.3,505.1,8hW6WfYBP18.001.mp4,1280,720,25.0,383,extraversion,low
56,2240,nose,573.8,294.9,683.6,419.1,877.3,458.7,1014.6,613.9,8hW6WfYBP18.001.mp4,1280,720,25.0,383,extraversion,low
56,2240,mouth,572.3,456.1,705.9,555.3,875.4,660.2,1042.4,784.2,8hW6WfYBP18.001.mp4,1280,720,25.0,383,extraversion,low
56,2240,forehead,484.5,184.3,820.8,490.8,765.6,320.4,1186.0,703.5,8hW6WfYBP18.001.mp4,1280,720,25.0,383,extraversion,low
56,2240,chin,488.5,357.5,820.8,607.3,770.7,536.8,1186.0,849.2,8hW6WfYBP18.001.mp4,1280,720,25.0,383,extraversion,low
56,2240,left_cheek,485.3,362.1,572.3,499.9,766.7,542.7,875.3,714.8,8hW6WfYBP18.001.mp4,1280,720,25.0,383,extraversion,low
56,2240,right_cheek,692.6,349.2,801.1,491.6,1025.8,526.5,1161.3,704.5,8hW6WfYBP18.001.mp4,1280,720,25.0,383,extraversion,low
57,2280,left_eye,494.0,240.1,593.8,341.1,777.5,390.1,902.2,516.4,8hW6WfYBP18.001.mp4,1280,720,25.0,383,extraversion,low
57,2280,right_eye,658.8,226.6,781.8,332.1,983.5,373.2,1137.3,505.1,8hW6WfYBP18.001.mp4,1280,720,25.0,383,extraversion,low
57,2280,nose,575.8,295.0,684.3,418.9,879.8,458.7,1015.3,613.6,8hW6WfYBP18.001.mp4,1280,720,25.0,383,extraversion,low
57,2280,mouth,576.5,457.1,705.4,551.2,880.6,661.4,1041.8,778.9,8hW6WfYBP18.001.mp4,1280,720,25.0,383,extraversion,low
57,2280,forehead,484.5,184.4,820.8,492.1,765.6,320.5,1186.0,705.2,8hW6WfYBP18.001.mp4,1280,720,25.0,383,extraversion,low
57,2280,chin,488.6,358.0,820.8,607.1,770.7,537.5,1186.0,848.9,8hW6WfYBP18.001.mp4,1280,720,25.0,383,extraversion,low
57,2280,left_cheek,485.9,362.2,573.6,500.2,767.4,542.7,877.0,715.2,8hW6WfYBP18.001.mp4,1280,720,25.0,383,extraversion,low
57,2280,right_cheek,692.8,349.3,801.1,491.5,1026.0,526.7,1161.3,704.3,8hW6WfYBP18.001.mp4,1280,720,25.0,383,extraversion,low
58,2320,left_eye,495.8,239.7,596.0,340.5,779.7,389.7,905.0,515.7,8hW6WfYBP18.001.mp4,1280,720,25.0,383,extraversion,low
58,2320,right_eye,659.8,226.4,781.9,331.4,984.7,373.0,1137.4,504.2,8hW6WfYBP18.001.mp4,1280,720,25.0,383,extraversion,low
58,2320,nose,578.8,295.0,685.2,418.7,883.5,458.7,1016.5,613.4,8hW6WfYBP18.001.mp4,1280,720,25.0,383,extraversion,low
58,2320,mouth,579.9,456.9,707.4,544.4,884.9,661.1,1044.3,770.5,8hW6WfYBP18.001.mp4,1280,720,25.0,383,extraversion,low
58,2320,forehead,485.4,184.0,824.5,494.8,766.8,320.0,1190.6,708.5,8hW6WfYBP18.001.mp4,1280,720,25.0,383,extraversion,low
58,2320,chin,489.0,358.3,824.5,606.9,771.3,537.9,1190.6,848.6,8hW6WfYBP18.001.mp4,1280,720,25.0,383,extraversion,low
58,2320,left_cheek,488.0,362.1,576.8,501.0,770.0,542.6,880.9,716.2,8hW6WfYBP18.001.mp4,1280,720,25.0,383,extraversion,low
58,2320,right_cheek,693.3,349.3,802.0,492.3,1026.7,526.7,1162.5,705.3,8hW6WfYBP18.001.mp4,1280,720,25.0,383,extraversion,low
59,2360,left_eye,497.0,240.5,597.2,340.7,781.3,390.6,906.5,515.8,8hW6WfYBP18.001.mp4,1280,720,25.0,383,extraversion,low
59,2360,right_eye,660.8,226.5,782.6,331.4,986.0,373.1,1138.3,504.3,8hW6WfYBP18.001.mp4,1280,720,25.0,383,extraversion,low
59,2360,nose,580.3,295.7,685.2,418.9,885.3,459.6,1016.5,613.6,8hW6WfYBP18.001.mp4,1280,720,25.0,383,extraversion,low
59,2360,mouth,579.9,458.0,708.4,543.8,884.9,662.5,1045.5,769.8,8hW6WfYBP18.001.mp4,1280,720,25.0,383,extraversion,low
59,2360,forehead,486.4,183.9,826.2,497.1,768.0,319.9,1192.8,711.4,8hW6WfYBP18.001.mp4,1280,720,25.0,383,extraversion,low
59,2360,chin,489.7,358.9,826.2,607.0,772.1,538.7,1192.8,848.7,8hW6WfYBP18.001.mp4,1280,720,25.0,383,extraversion,low
59,2360,left_cheek,489.5,362.4,578.4,502.0,771.9,543.0,882.9,717.5,8hW6WfYBP18.001.mp4,1280,720,25.0,383,extraversion,low
59,2360,right_cheek,693.4,349.5,802.7,492.7,1026.7,526.8,1163.3,705.9,8hW6WfYBP18.001.mp4,1280,720,25.0,383,extraversion,low
60,2400,left_eye,497.5,241.1,598.0,340.7,781.9,391.4,907.5,515.9,8hW6WfYBP18.001.mp4,1280,720,25.0,383,extraversion,low
60,2400,right_eye,662.3,227.7,784.6,331.9,987.9,374.6,1140.8,504.9,8hW6WfYBP18.001.mp4,1280,720,25.0,383,extraversion,low
60,2400,nose,580.5,297.7,685.2,418.3,885.6,462.1,1016.5,612.9,8hW6WfYBP18.001.mp4,1280,720,25.0,383,extraversion,low
60,2400,mouth,581.9,458.0,705.8,539.6,887.4,662.5,1042.2,764.5,8hW6WfYBP18.001.mp4,1280,720,25.0,383,extraversion,low
60,2400,forehead,487.8,184.9,827.0,497.7,769.7,321.2,1193.8,712.1,8hW6WfYBP18.001.mp4,1280,720,25.0,383,extraversion,low
60,2400,chin,490.7,360.2,827.0,607.2,773.4,540.3,1193.8,849.0,8hW6WfYBP18.001.mp4,1280,720,25.0,383,extraversion,low
60,2400,left_cheek,490.7,362.4,579.0,501.9,773.4,543.0,883.7,717.4,8hW6WfYBP18.001.mp4,1280,720,25.0,383,extraversion,low
60,2400,right_cheek,693.6,349.9,803.5,493.4,1027.0,527.4,1164.4,706.7,8hW6WfYBP18.001.mp4,1280,720,25.0,383,extraversion,low
61,2440,left_eye,497.6,241.8,598.2,340.7,782.1,392.3,907.8,515.9,8hW6WfYBP18.001.mp4,1280,720,25.0,383,extraversion,low
61,2440,right_eye,663.2,228.6,785.6,332.0,989.1,375.7,1142.0,505.0,8hW6WfYBP18.001.mp4,1280,720,25.0,383,extraversion,low
61,2440,nose,580.3,299.7,685.2,418.1,885.4,464.6,1016.6,612.6,8hW6WfYBP18.001.mp4,1280,720,25.0,383,extraversion,low
61,2440,mouth,581.9,457.8,704.7,538.3,887.4,662.3,1040.8,762.8,8hW6WfYBP18.001.mp4,1280,720,25.0,383,extraversion,low
61,2440,forehead,488.8,185.7,827.3,498.4,771.0,322.1,1194.1,713.1,8hW6WfYBP18.001.mp4,1280,720,25.0,383,extraversion,low
61,2440,chin,491.5,361.2,827.3,607.2,774.3,541.5,1194.1,849.0,8hW6WfYBP18.001.mp4,1280,720,25.0,383,extraversion,low
61,2440,left_cheek,491.5,362.4,579.1,502.0,774.4,543.0,883.9,717.5,8hW6WfYBP18.001.mp4,1280,720,25.0,383,extraversion,low
61,2440,right_cheek,693.7,350.3,803.7,494.0,1027.1,527.8,1164.7,707.5,8hW6WfYBP18.001.mp4,1280,720,25.0,383,extraversion,low
62,2480,left_eye,497.7,242.1,599.1,339.5,782.1,392.6,908.9,514.3,8hW6WfYBP18.001.mp4,1280,720,25.0,383,extraversion,low
62,2480,right_eye,665.1,229.7,787.5,330.7,991.3,377.1,1144.4,503.4,8hW6WfYBP18.001.mp4,1280,720,25.0,383,extraversion,low
62,2480,nose,581.0,299.6,685.4,417.1,886.2,464.5,1016.7,611.4,8hW6WfYBP18.001.mp4,1280,720,25.0,383,extraversion,low
62,2480,mouth,580.9,454.3,705.6,548.1,886.1,657.9,1042.0,775.1,8hW6WfYBP18.001.mp4,1280,720,25.0,383,extraversion,low
62,2480,forehead,488.8,186.5,827.1,498.1,771.0,323.1,1193.9,712.7,8hW6WfYBP18.001.mp4,1280,720,25.0,383,extraversion,low
62,2480,chin,491.4,361.6,827.1,609.5,774.2,541.9,1193.9,851.8,8hW6WfYBP18.001.mp4,1280,720,25.0,383,extraversion,low
62,2480,left_cheek,491.3,361.7,579.2,501.9,774.1,542.1,884.0,717.4,8hW6WfYBP18.001.mp4,1280,720,25.0,383,extraversion,low
62,2480,right_cheek,694.8,350.1,805.0,493.8,1028.5,527.7,1166.3,707.2,8hW6WfYBP18.001.mp4,1280,720,25.0,383,extraversion,low
63,2520,left_eye,497.7,242.5,599.7,339.2,782.2,393.1,909.6,514.0,8hW6WfYBP18.001.mp4,1280,720,25.0,383,extraversion,low
63,2520,right_eye,665.3,230.3,788.0,330.4,991.6,377.8,1145.0,503.0,8hW6WfYBP18.001.mp4,1280,720,25.0,383,extraversion,low
63,2520,nose,581.4,298.8,685.4,416.8,886.8,463.5,1016.7,611.0,8hW6WfYBP18.001.mp4,1280,720,25.0,383,extraversion,low
63,2520,mouth,580.8,452.6,706.1,552.3,886.0,655.8,1042.6,780.4,8hW6WfYBP18.001.mp4,1280,720,25.0,383,extraversion,low
63,2520,forehead,488.7,186.9,827.1,498.0,770.9,323.6,1193.8,712.5,8hW6WfYBP18.001.mp4,1280,720,25.0,383,extraversion,low
63,2520,chin,491.3,361.5,827.1,610.3,774.1,541.9,1193.8,852.9,8hW6WfYBP18.001.mp4,1280,720,25.0,383,extraversion,low
63,2520,left_cheek,491.1,361.5,579.2,501.8,773.9,541.8,884.1,717.3,8hW6WfYBP18.001.mp4,1280,720,25.0,383,extraversion,low
63,2520,right_cheek,695.3,350.0,805.7,493.7,1029.1,527.5,1167.2,707.1,8hW6WfYBP18.001.mp4,1280,720,25.0,383,extraversion,low
64,2560,left_eye,498.5,242.4,600.9,338.9,783.1,393.0,911.1,513.6,8hW6WfYBP18.001.mp4,1280,720,25.0,383,extraversion,low
64,2560,right_eye,666.2,230.4,788.4,330.4,992.7,377.9,1145.5,503.0,8hW6WfYBP18.001.mp4,1280,720,25.0,383,extraversion,low
64,2560,nose,583.1,296.8,685.7,414.3,888.9,461.0,1017.1,607.8,8hW6WfYBP18.001.mp4,1280,720,25.0,383,extraversion,low
64,2560,mouth,580.7,449.4,705.7,552.0,885.8,651.8,1042.1,780.0,8hW6WfYBP18.001.mp4,1280,720,25.0,383,extraversion,low
64,2560,forehead,489.1,186.9,826.7,497.3,771.4,323.6,1193.4,711.6,8hW6WfYBP18.001.mp4,1280,720,25.0,383,extraversion,low
64,2560,chin,491.7,362.8,826.7,609.2,774.6,543.5,1193.4,851.5,8hW6WfYBP18.001.mp4,1280,720,25.0,383,extraversion,low
64,2560,left_cheek,491.5,360.6,580.0,500.4,774.4,540.8,885.0,715.5,8hW6WfYBP18.001.mp4,1280,720,25.0,383,extraversion,low
64,2560,right_cheek,696.1,350.0,805.8,493.5,1030.1,527.5,1167.3,706.9,8hW6WfYBP18.001.mp4,1280,720,25.0,383,extraversion,low
65,2600,left_eye,498.9,242.3,601.4,338.5,783.7,392.9,911.8,513.1,8hW6WfYBP18.001.mp4,1280,720,25.0,383,extraversion,low
65,2600,right_eye,666.6,230.5,788.7,330.4,993.2,378.1,1145.8,503.0,8hW6WfYBP18.001.mp4,1280,720,25.0,383,extraversion,low
65,2600,nose,583.1,296.0,685.6,413.7,888.9,460.0,1017.0,607.1,8hW6WfYBP18.001.mp4,1280,720,25.0,383,extraversion,low
65,2600,mouth,580.3,448.3,705.4,551.7,885.3,650.3,1041.8,779.6,8hW6WfYBP18.001.mp4,1280,720,25.0,383,extraversion,low
65,2600,forehead,489.3,186.9,826.3,496.7,771.7,323.6,1192.9,710.9,8hW6WfYBP18.001.mp4,1280,720,25.0,383,extraversion,low
65,2600,chin,491.9,363.5,826.3,608.6,774.8,544.4,1192.9,850.8,8hW6WfYBP18.001.mp4,1280,720,25.0,383,extraversion,low
65,2600,left_cheek,491.7,360.1,580.0,499.7,774.6,540.1,885.0,714.6,8hW6WfYBP18.001.mp4,1280,720,25.0,383,extraversion,low
65,2600,right_cheek,696.1,350.0,805.8,493.4,1030.1,527.5,1167.2,706.8,8hW6WfYBP18.001.mp4,1280,720,25.0,383,extraversion,low
66,2640,left_eye,500.0,242.1,601.7,338.2,785.0,392.6,912.1,512.8,8hW6WfYBP18.001.mp4,1280,720,25.0,383,extraversion,low
66,2640,right_eye,666.9,230.4,788.7,330.6,993.6,378.0,1145.9,503.2,8hW6WfYBP18.001.mp4,1280,720,25.0,383,extraversion,low
66,2640,nose,582.9,295.3,685.6,413.3,888.6,459.1,1017.1,606.6,8hW6WfYBP18.001.mp4,1280,720,25.0,383,extraversion,low
66,2640,mouth,580.1,447.5,700.4,540.4,885.2,649.4,1035.5,765.5,8hW6WfYBP18.001.mp4,1280,720,25.0,383,extraversion,low
66,2640,forehead,490.7,186.8,825.9,495.1,773.3,323.5,1192.4,708.9,8hW6WfYBP18.001.mp4,1280,720,25.0,383,extraversion,low
66,2640,chin,493.1,363.7,825.9,603.9,776.4,544.7,1192.4,844.9,8hW6WfYBP18.001.mp4,1280,720,25.0,383,extraversion,low
66,2640,left_cheek,492.2,359.4,580.2,496.9,775.3,539.2,885.2,711.2,8hW6WfYBP18.001.mp4,1280,720,25.0,383,extraversion,low
66,2640,right_cheek,696.1,350.0,805.8,492.4,1030.1,527.6,1167.2,705.5,8hW6WfYBP18.001.mp4,1280,720,25.0,383,extraversion,low
67,2680,left_eye,500.7,242.0,601.6,337.9,785.9,392.5,912.0,512.4,8hW6WfYBP18.001.mp4,1280,720,25.0,383,extraversion,low
67,2680,right_eye,667.1,230.4,788.7,330.6,993.9,378.0,1145.9,503.3,8hW6WfYBP18.001.mp4,1280,720,25.0,383,extraversion,low
67,2680,nose,582.7,294.7,685.6,412.5,888.4,458.3,1017.0,605.6,8hW6WfYBP18.001.mp4,1280,720,25.0,383,extraversion,low
67,2680,mouth,580.0,447.0,698.3,536.5,884.9,648.7,1032.9,760.6,8hW6WfYBP18.001.mp4,1280,720,25.0,383,extraversion,low
67,2680,forehead,491.9,186.8,825.6,493.7,774.8,323.4,1192.0,707.2,8hW6WfYBP18.001.mp4,1280,720,25.0,383,extraversion,low
67,2680,chin,494.0,363.9,825.6,601.9,777.5,544.9,1192.0,842.4,8hW6WfYBP18.001.mp4,1280,720,25.0,383,extraversion,low
67,2680,left_cheek,492.5,358.4,580.1,495.0,775.7,538.1,885.2,708.8,8hW6WfYBP18.001.mp4,1280,720,25.0,383,extraversion,low
67,2680,right_cheek,696.1,350.0,805.7,491.0,1030.1,527.5,1167.1,703.7,8hW6WfYBP18.001.mp4,1280,720,25.0,383,extraversion,low
68,2720,left_eye,502.6,241.9,601.5,337.2,788.2,392.4,911.9,511.5,8hW6WfYBP18.001.mp4,1280,720,25.0,383,extraversion,low
68,2720,right_eye,667.5,230.3,788.9,330.5,994.4,377.9,1146.1,503.2,8hW6WfYBP18.001.mp4,1280,720,25.0,383,extraversion,low
68,2720,nose,580.3,294.1,686.1,412.6,885.4,457.6,1017.6,605.8,8hW6WfYBP18.001.mp4,1280,720,25.0,383,extraversion,low
68,2720,mouth,576.8,443.8,698.4,536.3,880.9,644.7,1033.0,760.3,8hW6WfYBP18.001.mp4,1280,720,25.0,383,extraversion,low
68,2720,forehead,494.6,186.4,825.6,492.4,778.2,323.0,1192.0,705.5,8hW6WfYBP18.001.mp4,1280,720,25.0,383,extraversion,low
68,2720,chin,496.8,364.4,825.6,601.8,781.0,545.5,1192.0,842.3,8hW6WfYBP18.001.mp4,1280,720,25.0,383,extraversion,low
68,2720,left_cheek,493.2,357.2,580.1,493.0,776.5,536.4,885.1,706.3,8hW6WfYBP18.001.mp4,1280,720,25.0,383,extraversion,low
68,2720,right_cheek,696.1,350.0,805.7,490.9,1030.1,527.5,1167.1,703.6,8hW6WfYBP18.001.mp4,1280,720,25.0,383,extraversion,low
69,2760,left_eye,503.2,241.6,601.5,336.8,789.0,392.0,911.9,511.0,8hW6WfYBP18.001.mp4,1280,720,25.0,383,extraversion,low
69,2760,right_eye,667.8,230.1,789.3,330.5,994.7,377.6,1146.7,503.2,8hW6WfYBP18.001.mp4,1280,720,25.0,383,extraversion,low
69,2760,nose,579.2,293.8,686.3,412.8,884.0,457.2,1017.9,605.9,8hW6WfYBP18.001.mp4,1280,720,25.0,383,extraversion,low
69,2760,mouth,575.7,442.9,698.3,535.8,879.6,643.6,1032.9,759.8,8hW6WfYBP18.001.mp4,1280,720,25.0,383,extraversion,low
69,2760,forehead,495.3,186.3,825.6,491.6,779.1,322.9,1192.1,704.5,8hW6WfYBP18.001.mp4,1280,720,25.0,383,extraversion,low
69,2760,chin,497.7,364.8,825.6,601.9,782.2,546.0,1192.1,842.4,8hW6WfYBP18.001.mp4,1280,720,25.0,383,extraversion,low
69,2760,left_cheek,493.4,356.5,580.1,492.1,776.8,535.6,885.1,705.1,8hW6WfYBP18.001.mp4,1280,720,25.0,383,extraversion,low
69,2760,right_cheek,696.1,350.0,805.7,490.8,1030.1,527.5,1167.1,703.5,8hW6WfYBP18.001.mp4,1280,720,25.0,383,extraversion,low
70,2800,left_eye,503.2,241.8,601.4,336.8,789.0,392.2,911.7,511.0,8hW6WfYBP18.001.mp4,1280,720,25.0,383,extraversion,low
70,2800,right_eye,667.7,230.3,789.3,331.1,994.6,377.9,1146.6,503.9,8hW6WfYBP18.001.mp4,1280,720,25.0,383,extraversion,low
70,2800,nose,577.9,294.2,686.2,414.3,882.4,457.7,1017.7,607.9,8hW6WfYBP18.001.mp4,1280,720,25.0,383,extraversion,low
70,2800,mouth,573.2,443.7,698.8,535.9,876.5,644.7,1033.5,759.9,8hW6WfYBP18.001.mp4,1280,720,25.0,383,extraversion,low
70,2800,forehead,495.4,186.3,825.6,491.1,779.3,322.9,1192.0,703.9,8hW6WfYBP18.001.mp4,1280,720,25.0,383,extraversion,low
70,2800,chin,498.2,365.0,825.6,601.4,782.8,546.3,1192.0,841.7,8hW6WfYBP18.001.mp4,1280,720,25.0,383,extraversion,low
70,2800,left_cheek,493.5,356.6,579.7,492.4,776.8,535.8,884.6,705.4,8hW6WfYBP18.001.mp4,1280,720,25.0,383,extraversion,low
70,2800,right_cheek,695.8,350.7,805.6,491.0,1029.7,528.3,1167.1,703.7,8hW6WfYBP18.001.mp4,1280,720,25.0,383,extraversion,low
71,2840,left_eye,503.7,245.4,601.4,345.5,789.6,396.8,911.7,521.8,8hW6WfYBP18.001.mp4,1280,720,25.0,383,extraversion,low
71,2840,right_eye,666.3,232.1,788.0,339.0,992.8,380.1,1145.0,513.7,8hW6WfYBP18.001.mp4,1280,720,25.0,383,extraversion,low
71,2840,nose,580.5,301.0,683.7,422.3,885.6,466.3,1014.7,617.9,8hW6WfYBP18.001.mp4,1280,720,25.0,383,extraversion,low
71,2840,mouth,576.7,450.5,699.6,541.8,880.9,653.1,1034.4,767.3,8hW6WfYBP18.001.mp4,1280,720,25.0,383,extraversion,low
71,2840,forehead,495.4,186.6,825.6,491.2,779.3,323.3,1192.0,704.0,8hW6WfYBP18.001.mp4,1280,720,25.0,383,extraversion,low
71,2840,chin,498.1,363.7,825.6,601.2,782.6,544.6,1192.0,841.5,8hW6WfYBP18.001.mp4,1280,720,25.0,383,extraversion,low
71,2840,left_cheek,495.7,363.2,580.9,498.0,779.6,544.0,886.1,712.5,8hW6WfYBP18.001.mp4,1280,720,25.0,383,extraversion,low
71,2840,right_cheek,694.4,353.9,804.6,495.1,1028.0,532.3,1165.8,708.9,8hW6WfYBP18.001.mp4,1280,720,25.0,383,extraversion,low
72,2880,left_eye,503.7,246.5,600.7,347.6,789.7,398.1,910.9,524.5,8hW6WfYBP18.001.mp4,1280,720,25.0,383,extraversion,low
72,2880,right_eye,665.4,232.8,787.4,341.2,991.7,381.0,1144.2,516.5,8hW6WfYBP18.001.mp4,1280,720,25.0,383,extraversion,low
72,2880,nose,581.3,302.7,682.2,424.1,886.6,468.3,1012.7,620.1,8hW6WfYBP18.001.mp4,1280,720,25.0,383,extraversion,low
72,2880,mouth,578.6,452.8,699.7,544.4,883.2,656.1,1034.6,770.5,8hW6WfYBP18.001.mp4,1280,720,25.0,383,extraversion,low
72,2880,forehead,494.7,186.7,825.7,491.4,778.4,323.4,1192.1,704.3,8hW6WfYBP18.001.mp4,1280,720,25.0,383,extraversion,low
72,2880,chin,497.9,363.4,825.7,601.3,782.3,544.3,1192.1,841.6,8hW6WfYBP18.001.mp4,1280,720,25.0,383,extraversion,low
72,2880,left_cheek,495.8,364.7,581.0,499.7,779.8,545.9,886.3,714.6,8hW6WfYBP18.001.mp4,1280,720,25.0,383,extraversion,low
72,2880,right_cheek,693.3,354.6,804.1,496.5,1026.6,533.3,1165.1,710.6,8hW6WfYBP18.001.mp4,1280,720,25.0,383,extraversion,low
73,2920,left_eye,503.8,253.0,600.9,356.4,789.8,406.2,911.2,535.5,8hW6WfYBP18.001.mp4,1280,720,25.0,383,extraversion,low
73,2920,right_eye,664.9,240.4,786.8,351.3,991.1,390.5,1143.5,529.1,8hW6WfYBP18.001.mp4,1280,720,25.0,383,extraversion,low
73,2920,nose,581.3,309.9,681.8,432.0,886.7,477.4,1012.2,630.0,8hW6WfYBP18.001.mp4,1280,720,25.0,383,extraversion,low
73,2920,mouth,574.4,462.2,700.6,558.0,878.0,667.7,1035.7,787.5,8hW6WfYBP18.001.mp4,1280,720,25.0,383,extraversion,low
73,2920,forehead,494.5,191.9,825.7,497.4,778.1,329.9,1192.1,711.7,8hW6WfYBP18.001.mp4,1280,720,25.0,383,extraversion,low
73,2920,chin,498.8,368.1,825.7,608.1,783.5,550.2,1192.1,850.1,8hW6WfYBP18.001.mp4,1280,720,25.0,383,extraversion,low
73,2920,left_cheek,497.0,371.8,581.2,507.0,781.3,554.7,886.5,723.7,8hW6WfYBP18.001.mp4,1280,720,25.0,383,extraversion,low
73,2920,right_cheek,692.8,362.7,803.1,505.0,1026.0,543.3,1163.9,721.3,8hW6WfYBP18.001.mp4,1280,720,25.0,383,extraversion,low
74,2960,left_eye,503.8,254.9,600.9,356.5,789.7,408.6,911.1,535.6,8hW6WfYBP18.001.mp4,1280,720,25.0,383,extraversion,low
74,2960,right_eye,664.3,242.6,786.8,350.9,990.3,393.2,1143.5,528.6,8hW6WfYBP18.001.mp4,1280,720,25.0,383,extraversion,low
74,2960,nose,581.3,311.4,680.6,433.0,886.7,479.2,1010.8,631.3,8hW6WfYBP18.001.mp4,1280,720,25.0,383,extraversion,low
74,2960,mouth,574.5,461.8,700.7,556.9,878.2,667.2,1035.8,786.2,8hW6WfYBP18.001.mp4,1280,720,25.0,383,extraversion,low
74,2960,forehead,494.3,193.6,826.1,498.1,777.9,332.0,1192.6,712.7,8hW6WfYBP18.001.mp4,1280,720,25.0,383,extraversion,low
74,2960,chin,498.9,368.9,826.1,608.6,783.6,551.2,1192.6,850.8,8hW6WfYBP18.001.mp4,1280,720,25.0,383,extraversion,low
74,2960,left_cheek,496.9,372.4,581.1,507.5,781.2,555.5,886.4,724.4,8hW6WfYBP18.001.mp4,1280,720,25.0,383,extraversion,low
74,2960,right_cheek,692.0,363.7,803.0,505.9,1025.0,544.7,1163.8,722.4,8hW6WfYBP18.001.mp4,1280,720,25.0,383,extraversion,low
75,3000,left_eye,503.5,257.0,600.6,355.7,789.3,411.3,910.8,534.7,8hW6WfYBP18.001.mp4,1280,720,25.0,383,extraversion,low
75,3000,right_eye,664.3,245.5,788.5,352.0,990.4,396.9,1145.6,529.9,8hW6WfYBP18.001.mp4,1280,720,25.0,383,extraversion,low
75,3000,nose,579.1,313.6,680.6,437.4,883.9,482.0,1010.7,636.8,8hW6WfYBP18.001.mp4,1280,720,25.0,383,extraversion,low
75,3000,mouth,571.0,465.0,701.8,561.6,873.7,671.3,1037.3,791.9,8hW6WfYBP18.001.mp4,1280,720,25.0,383,extraversion,low
75,3000,forehead,494.5,196.0,827.8,497.8,778.1,335.0,1194.7,712.3,8hW6WfYBP18.001.mp4,1280,720,25.0,383,extraversion,low
75,3000,chin,499.7,370.7,827.8,609.8,784.6,553.3,1194.7,852.3,8hW6WfYBP18.001.mp4,1280,720,25.0,383,extraversion,low
75,3000,left_cheek,496.8,372.8,580.3,508.0,780.9,556.0,885.3,725.0,8hW6WfYBP18.001.mp4,1280,720,25.0,383,extraversion,low
75,3000,right_cheek,691.9,366.5,803.4,508.5,1024.9,548.2,1164.2,725.6,8hW6WfYBP18.001.mp4,1280,720,25.0,383,extraversion,low
76,3040,left_eye,503.4,257.6,600.6,355.1,789.3,412.0,910.8,533.8,8hW6WfYBP18.001.mp4,1280,720,25.0,383,extraversion,low
76,3040,right_eye,664.5,246.2,790.6,351.8,990.6,397.7,1148.3,529.7,8hW6WfYBP18.001.mp4,1280,720,25.0,383,extraversion,low
76,3040,nose,578.6,313.5,680.6,437.4,883.2,481.9,1010.8,636.7,8hW6WfYBP18.001.mp4,1280,720,25.0,383,extraversion,low
76,3040,mouth,570.5,464.7,702.2,561.6,873.1,670.9,1037.8,792.0,8hW6WfYBP18.001.mp4,1280,720,25.0,383,extraversion,low
76,3040,forehead,494.8,196.4,830.7,497.5,778.5,335.5,1198.3,711.9,8hW6WfYBP18.001.mp4,1280,720,25.0,383,extraversion,low
76,3040,chin,500.4,371.4,830.7,609.6,785.6,554.2,1198.3,852.0,8hW6WfYBP18.001.mp4,1280,720,25.0,383,extraversion,low
76,3040,left_cheek,496.6,372.6,580.1,507.4,780.8,555.8,885.1,724.2,8hW6WfYBP18.001.mp4,1280,720,25.0,383,extraversion,low
76,3040,right_cheek,692.0,366.8,804.9,508.2,1025.0,548.5,1166.1,725.3,8hW6WfYBP18.001.mp4,1280,720,25.0,383,extraversion,low
77,3080,left_eye,503.8,260.0,601.2,355.6,789.8,415.0,911.5,534.5,8hW6WfYBP18.001.mp4,1280,720,25.0,383,extraversion,low
77,3080,right_eye,665.0,249.1,791.7,353.9,991.3,401.3,1149.7,532.4,8hW6WfYBP18.001.mp4,1280,720,25.0,383,extraversion,low
77,3080,nose,578.4,315.9,680.7,441.7,883.0,484.9,1010.9,642.1,8hW6WfYBP18.001.mp4,1280,720,25.0,383,extraversion,low
77,3080,mouth,569.3,470.0,706.9,563.0,871.6,677.4,1043.6,793.7,8hW6WfYBP18.001.mp4,1280,720,25.0,383,extraversion,low
77,3080,forehead,496.3,197.4,832.2,498.9,780.3,336.8,1200.3,713.6,8hW6WfYBP18.001.mp4,1280,720,25.0,383,extraversion,low
77,3080,chin,502.7,372.9,832.2,610.9,788.4,556.1,1200.3,853.6,8hW6WfYBP18.001.mp4,1280,720,25.0,383,extraversion,low
77,3080,left_cheek,496.9,373.1,580.1,508.5,781.1,556.4,885.2,725.6,8hW6WfYBP18.001.mp4,1280,720,25.0,383,extraversion,low
77,3080,right_cheek,692.2,369.3,806.0,510.9,1025.3,551.7,1167.5,728.7,8hW6WfYBP18.001.mp4,1280,720,25.0,383,extraversion,low
78,3120,left_eye,504.5,260.3,602.2,355.5,790.6,415.3,912.8,534.4,8hW6WfYBP18.001.mp4,1280,720,25.0,383,extraversion,low
78,3120,right_eye,666.2,249.8,794.0,354.1,992.7,402.2,1152.6,532.6,8hW6WfYBP18.001.mp4,1280,720,25.0,383,extraversion,low
78,3120,nose,578.4,316.0,680.9,441.4,883.0,485.0,1011.1,641.7,8hW6WfYBP18.001.mp4,1280,720,25.0,383,extraversion,low
78,3120,mouth,569.6,470.7,709.0,563.4,872.0,678.3,1046.3,794.2,8hW6WfYBP18.001.mp4,1280,720,25.0,383,extraversion,low
78,3120,forehead,498.1,198.1,834.6,498.0,782.7,337.6,1203.2,712.5,8hW6WfYBP18.001.mp4,1280,720,25.0,383,extraversion,low
78,3120,chin,505.0,372.7,834.6,610.7,791.2,555.9,1203.2,853.4,8hW6WfYBP18.001.mp4,1280,720,25.0,383,extraversion,low
78,3120,left_cheek,497.7,373.0,580.6,507.9,782.1,556.2,885.7,724.9,8hW6WfYBP18.001.mp4,1280,720,25.0,383,extraversion,low
78,3120,right_cheek,693.2,369.2,808.1,510.1,1026.5,551.5,1170.2,727.6,8hW6WfYBP18.001.mp4,1280,720,25.0,383,extraversion,low
79,3160,left_eye,504.5,258.5,602.1,353.7,790.6,413.1,912.7,532.1,8hW6WfYBP18.001.mp4,1280,720,25.0,383,extraversion,low
79,3160,right_eye,665.9,248.2,793.8,352.8,992.4,400.3,1152.2,531.0,8hW6WfYBP18.001.mp4,1280,720,25.0,383,extraversion,low
79,3160,nose,577.0,314.6,679.7,440.6,881.3,483.3,1009.6,640.8,8hW6WfYBP18.001.mp4,1280,720,25.0,383,extraversion,low
79,3160,mouth,566.1,470.2,710.4,562.0,867.6,677.8,1048.0,792.5,8hW6WfYBP18.001.mp4,1280,720,25.0,383,extraversion,low
79,3160,forehead,498.1,196.7,834.2,498.5,782.6,335.9,1202.8,713.1,8hW6WfYBP18.001.mp4,1280,720,25.0,383,extraversion,low
79,3160,chin,504.6,372.5,834.2,610.3,790.7,555.6,1202.8,852.9,8hW6WfYBP18.001.mp4,1280,720,25.0,383,extraversion,low
79,3160,left_cheek,497.5,370.5,579.7,506.9,781.9,553.1,884.6,723.7,8hW6WfYBP18.001.mp4,1280,720,25.0,383,extraversion,low
79,3160,right_cheek,692.5,368.7,807.9,510.0,1025.6,550.9,1169.8,727.5,8hW6WfYBP18.001.mp4,1280,720,25.0,383,extraversion,low
80,3200,left_eye,504.2,255.9,602.0,351.7,790.3,409.9,912.5,529.6,8hW6WfYBP18.001.mp4,1280,720,25.0,383,extraversion,low
80,3200,right_eye,665.4,247.8,793.6,352.5,991.8,399.8,1152.0,530.6,8hW6WfYBP18.001.mp4,1280,720,25.0,383,extraversion,low
80,3200,nose,575.4,314.5,679.0,439.5,879.3,483.1,1008.8,639.3,8hW6WfYBP18.001.mp4,1280,720,25.0,383,extraversion,low
80,3200,mouth,564.5,469.4,711.0,561.8,865.6,676.8,1048.7,792.2,8hW6WfYBP18.001.mp4,1280,720,25.0,383,extraversion,low
80,3200,forehead,498.1,195.3,834.0,498.0,782.6,334.1,1202.5,712.6,8hW6WfYBP18.001.mp4,1280,720,25.0,383,extraversion,low
80,3200,chin,504.9,371.9,834.0,609.9,791.2,554.8,1202.5,852.4,8hW6WfYBP18.001.mp4,1280,720,25.0,383,extraversion,low
80,3200,left_cheek,497.4,368.2,578.9,504.4,781.8,550.2,883.6,720.6,8hW6WfYBP18.001.mp4,1280,720,25.0,383,extraversion,low
80,3200,right_cheek,691.9,368.2,807.7,509.4,1024.9,550.2,1169.6,726.8,8hW6WfYBP18.001.mp4,1280,720,25.0,383,extraversion,low
81,3240,left_eye,504.1,254.4,601.8,350.7,790.1,408.0,912.2,528.4,8hW6WfYBP18.001.mp4,1280,720,25.0,383,extraversion,low
81,3240,right_eye,664.2,247.5,793.4,352.0,990.3,399.4,1151.8,530.1,8hW6WfYBP18.001.mp4,1280,720,25.0,383,extraversion,low
81,3240,nose,573.6,314.4,677.9,438.8,877.0,483.0,1007.4,638.5,8hW6WfYBP18.001.mp4,1280,720,25.0,383,extraversion,low
81,3240,mouth,562.7,469.5,711.8,561.3,863.4,676.8,1049.7,791.6,8hW6WfYBP18.001.mp4,1280,720,25.0,383,extraversion,low
81,3240,forehead,498.4,194.3,833.8,497.7,783.0,332.9,1202.3,712.1,8hW6WfYBP18.001.mp4,1280,720,25.0,383,extraversion,low
81,3240,chin,505.5,370.7,833.8,608.6,791.8,553.4,1202.3,850.8,8hW6WfYBP18.001.mp4,1280,720,25.0,383,extraversion,low
81,3240,left_cheek,497.1,366.7,577.8,502.1,781.4,548.4,882.2,717.7,8hW6WfYBP18.001.mp4,1280,720,25.0,383,extraversion,low
81,3240,right_cheek,690.9,367.7,807.6,509.2,1023.7,549.6,1169.4,726.5,8hW6WfYBP18.001.mp4,1280,720,25.0,383,extraversion,low
82,3280,left_eye,503.9,253.5,601.4,350.0,789.9,406.9,911.7,527.5,8hW6WfYBP18.001.mp4,1280,720,25.0,383,extraversion,low
82,3280,right_eye,663.2,247.3,793.1,351.9,989.0,399.1,1151.3,529.9,8hW6WfYBP18.001.mp4,1280,720,25.0,383,extraversion,low
82,3280,nose,573.1,313.7,677.1,438.4,876.4,482.1,1006.4,638.0,8hW6WfYBP18.001.mp4,1280,720,25.0,383,extraversion,low
82,3280,mouth,562.3,469.1,711.8,561.2,862.9,676.3,1049.7,791.5,8hW6WfYBP18.001.mp4,1280,720,25.0,383,extraversion,low
82,3280,forehead,498.3,193.3,833.6,497.5,782.8,331.7,1202.0,711.9,8hW6WfYBP18.001.mp4,1280,720,25.0,383,extraversion,low
82,3280,chin,505.2,370.5,833.6,607.3,791.6,553.1,1202.0,849.1,8hW6WfYBP18.001.mp4,1280,720,25.0,383,extraversion,low
82,3280,left_cheek,496.4,366.1,577.2,501.0,780.5,547.6,881.5,716.3,8hW6WfYBP18.001.mp4,1280,720,25.0,383,extraversion,low
82,3280,right_cheek,690.2,367.4,807.1,508.8,1022.7,549.3,1168.9,726.0,8hW6WfYBP18.001.mp4,1280,720,25.0,383,extraversion,low
83,3320,left_eye,503.3,253.5,600.2,349.8,789.1,406.9,910.3,527.2,8hW6WfYBP18.001.mp4,1280,720,25.0,383,extraversion,low
83,3320,right_eye,661.8,246.8,791.5,351.5,987.2,398.5,1149.4,529.4,8hW6WfYBP18.001.mp4,1280,720,25.0,383,extraversion,low
83,3320,nose,572.2,313.2,675.7,438.5,875.2,481.5,1004.7,638.1,8hW6WfYBP18.001.mp4,1280,720,25.0,383,extraversion,low
83,3320,mouth,561.1,468.9,710.9,557.4,861.4,676.1,1048.7,786.8,8hW6WfYBP18.001.mp4,1280,720,25.0,383,extraversion,low
83,3320,forehead,498.2,193.2,833.6,497.5,782.7,331.5,1202.0,711.9,8hW6WfYBP18.001.mp4,1280,720,25.0,383,extraversion,low
83,3320,chin,505.3,370.5,833.6,603.8,791.6,553.1,1202.0,844.8,8hW6WfYBP18.001.mp4,1280,720,25.0,383,extraversion,low
83,3320,left_cheek,495.8,365.9,576.3,500.4,779.8,547.4,880.3,715.5,8hW6WfYBP18.001.mp4,1280,720,25.0,383,extraversion,low
83,3320,right_cheek,688.7,367.3,805.4,508.5,1020.8,549.1,1166.8,725.6,8hW6WfYBP18.001.mp4,1280,720,25.0,383,extraversion,low
84,3360,left_eye,503.4,253.6,600.0,349.5,789.2,407.0,910.0,526.9,8hW6WfYBP18.001.mp4,1280,720,25.0,383,extraversion,low
84,3360,right_eye,661.5,246.7,790.6,351.4,986.9,398.3,1148.2,529.3,8hW6WfYBP18.001.mp4,1280,720,25.0,383,extraversion,low
84,3360,nose,572.3,312.8,674.6,438.8,875.4,481.1,1003.2,638.5,8hW6WfYBP18.001.mp4,1280,720,25.0,383,extraversion,low
84,3360,mouth,561.1,469.2,710.8,556.7,861.3,676.5,1048.4,785.8,8hW6WfYBP18.001.mp4,1280,720,25.0,383,extraversion,low
84,3360,forehead,498.6,193.2,833.1,497.9,783.3,331.5,1201.4,712.3,8hW6WfYBP18.001.mp4,1280,720,25.0,383,extraversion,low
84,3360,chin,505.9,370.6,833.0,603.3,792.4,553.2,1201.3,844.1,8hW6WfYBP18.001.mp4,1280,720,25.0,383,extraversion,low
84,3360,left_cheek,495.8,365.9,576.3,500.1,779.8,547.3,880.4,715.1,8hW6WfYBP18.001.mp4,1280,720,25.0,383,extraversion,low
84,3360,right_cheek,687.9,367.4,804.1,508.2,1019.9,549.3,1165.2,725.3,8hW6WfYBP18.001.mp4,1280,720,25.0,383,extraversion,low
85,3400,left_eye,503.3,253.7,599.8,349.5,789.2,407.1,909.8,526.8,8hW6WfYBP18.001.mp4,1280,720,25.0,383,extraversion,low
85,3400,right_eye,661.1,247.1,789.9,351.7,986.4,398.9,1147.4,529.6,8hW6WfYBP18.001.mp4,1280,720,25.0,383,extraversion,low
85,3400,nose,572.2,312.7,673.8,439.1,875.2,480.9,1002.2,638.8,8hW6WfYBP18.001.mp4,1280,720,25.0,383,extraversion,low
85,3400,mouth,561.1,469.6,709.7,556.2,861.3,677.0,1047.1,785.2,8hW6WfYBP18.001.mp4,1280,720,25.0,383,extraversion,low
85,3400,forehead,498.8,193.3,832.8,498.4,783.5,331.6,1201.0,713.0,8hW6WfYBP18.001.mp4,1280,720,25.0,383,extraversion,low
85,3400,chin,506.3,370.6,832.6,603.3,792.8,553.2,1200.7,844.1,8hW6WfYBP18.001.mp4,1280,720,25.0,383,extraversion,low
85,3400,left_cheek,495.8,365.8,576.2,500.0,779.7,547.3,880.2,714.9,8hW6WfYBP18.001.mp4,1280,720,25.0,383,extraversion,low
85,3400,right_cheek,687.3,367.9,803.3,508.0,1019.1,549.9,1164.2,725.1,8hW6WfYBP18.001.mp4,1280,720,25.0,383,extraversion,low
86,3440,left_eye,503.3,253.7,599.5,349.4,789.2,407.1,909.4,526.8,8hW6WfYBP18.001.mp4,1280,720,25.0,383,extraversion,low
86,3440,right_eye,660.8,247.2,789.5,351.7,986.0,399.0,1146.9,529.7,8hW6WfYBP18.001.mp4,1280,720,25.0,383,extraversion,low
86,3440,nose,572.0,312.6,673.3,439.2,875.0,480.8,1001.7,639.0,8hW6WfYBP18.001.mp4,1280,720,25.0,383,extraversion,low
86,3440,mouth,561.1,469.8,709.0,555.8,861.3,677.3,1046.3,784.8,8hW6WfYBP18.001.mp4,1280,720,25.0,383,extraversion,low
86,3440,forehead,498.9,193.3,832.3,498.6,783.6,331.6,1200.4,713.3,8hW6WfYBP18.001.mp4,1280,720,25.0,383,extraversion,low
86,3440,chin,506.5,370.7,831.9,603.2,793.1,553.3,1199.9,844.0,8hW6WfYBP18.001.mp4,1280,720,25.0,383,extraversion,low
86,3440,left_cheek,495.8,365.9,576.0,500.0,779.7,547.3,880.0,715.0,8hW6WfYBP18.001.mp4,1280,720,25.0,383,extraversion,low
86,3440,right_cheek,686.9,368.1,802.8,507.9,1018.6,550.1,1163.5,724.9,8hW6WfYBP18.001.mp4,1280,720,25.0,383,extraversion,low
87,3480,left_eye,503.5,253.8,599.6,349.4,789.4,407.2,909.4,526.8,8hW6WfYBP18.001.mp4,1280,720,25.0,383,extraversion,low
87,3480,right_eye,660.9,248.1,789.5,352.2,986.1,400.1,1146.9,530.2,8hW6WfYBP18.001.mp4,1280,720,25.0,383,extraversion,low
87,3480,nose,572.1,312.9,673.4,439.8,875.1,481.1,1001.7,639.7,8hW6WfYBP18.001.mp4,1280,720,25.0,383,extraversion,low
87,3480,mouth,560.7,470.2,708.4,554.4,860.8,677.7,1045.5,783.0,8hW6WfYBP18.001.mp4,1280,720,25.0,383,extraversion,low
87,3480,forehead,499.3,193.4,832.3,499.3,784.2,331.8,1200.4,714.1,8hW6WfYBP18.001.mp4,1280,720,25.0,383,extraversion,low
87,3480,chin,506.7,370.0,832.0,603.3,793.4,552.5,1200.0,844.1,8hW6WfYBP18.001.mp4,1280,720,25.0,383,extraversion,low
87,3480,left_cheek,495.8,365.5,576.0,499.8,779.7,546.9,880.1,714.8,8hW6WfYBP18.001.mp4,1280,720,25.0,383,extraversion,low
87,3480,right_cheek,686.9,368.9,802.9,508.3,1018.6,551.1,1163.6,725.4,8hW6WfYBP18.001.mp4,1280,720,25.0,383,extraversion,low
88,3520,left_eye,504.1,253.9,599.9,349.4,790.1,407.4,909.8,526.8,8hW6WfYBP18.001.mp4,1280,720,25.0,383,extraversion,low
88,3520,right_eye,661.0,249.2,789.6,352.9,986.2,401.5,1147.0,531.1,8hW6WfYBP18.001.mp4,1280,720,25.0,383,extraversion,low
88,3520,nose,572.1,313.3,673.6,440.5,875.1,481.6,1002.0,640.6,8hW6WfYBP18.001.mp4,1280,720,25.0,383,extraversion,low
88,3520,mouth,560.6,470.5,708.0,553.3,860.8,678.2,1045.0,781.6,8hW6WfYBP18.001.mp4,1280,720,25.0,383,extraversion,low
88,3520,forehead,500.3,193.6,832.4,499.8,785.4,332.0,1200.5,714.8,8hW6WfYBP18.001.mp4,1280,720,25.0,383,extraversion,low
88,3520,chin,507.4,369.3,832.0,603.4,794.3,551.7,1200.0,844.2,8hW6WfYBP18.001.mp4,1280,720,25.0,383,extraversion,low
88,3520,left_cheek,496.1,365.3,576.2,499.8,780.1,546.6,880.2,714.7,8hW6WfYBP18.001.mp4,1280,720,25.0,383,extraversion,low
88,3520,right_cheek,687.0,369.9,802.9,509.0,1018.7,552.4,1163.6,726.2,8hW6WfYBP18.001.mp4,1280,720,25.0,383,extraversion,low
89,3560,left_eye,504.4,254.0,600.0,349.4,790.4,407.4,910.0,526.8,8hW6WfYBP18.001.mp4,1280,720,25.0,383,extraversion,low
89,3560,right_eye,661.0,249.5,789.8,353.3,986.3,401.8,1147.2,531.6,8hW6WfYBP18.001.mp4,1280,720,25.0,383,extraversion,low
89,3560,nose,572.2,313.5,673.7,440.9,875.2,481.9,1002.1,641.1,8hW6WfYBP18.001.mp4,1280,720,25.0,383,extraversion,low
89,3560,mouth,560.5,470.8,707.9,553.1,860.6,678.5,1044.9,781.3,8hW6WfYBP18.001.mp4,1280,720,25.0,383,extraversion,low
89,3560,forehead,500.9,193.7,832.7,500.3,786.1,332.1,1200.9,715.4,8hW6WfYBP18.001.mp4,1280,720,25.0,383,extraversion,low
89,3560,chin,507.8,369.1,832.3,603.4,794.8,551.4,1200.3,844.2,8hW6WfYBP18.001.mp4,1280,720,25.0,383,extraversion,low
89,3560,left_cheek,496.2,365.2,576.2,499.8,780.2,546.5,880.3,714.7,8hW6WfYBP18.001.mp4,1280,720,25.0,383,extraversion,low
89,3560,right_cheek,687.1,370.4,803.0,509.4,1018.8,553.0,1163.7,726.7,8hW6WfYBP18.001.mp4,1280,720,25.0,383,extraversion,low
90,3600,left_eye,504.4,253.9,600.1,349.4,790.5,407.4,910.1,526.8,8hW6WfYBP18.001.mp4,1280,720,25.0,383,extraversion,low
90,3600,right_eye,661.2,249.8,790.4,353.4,986.5,402.3,1148.0,531.7,8hW6WfYBP18.001.mp4,1280,720,25.0,383,extraversion,low
90,3600,nose,572.2,313.5,673.7,440.8,875.3,481.9,1002.1,641.1,8hW6WfYBP18.001.mp4,1280,720,25.0,383,extraversion,low
90,3600,mouth,559.5,470.8,706.3,553.4,859.3,678.5,1042.9,781.8,8hW6WfYBP18.001.mp4,1280,720,25.0,383,extraversion,low
90,3600,forehead,500.9,193.6,833.1,500.6,786.2,331.9,1201.4,715.7,8hW6WfYBP18.001.mp4,1280,720,25.0,383,extraversion,low
90,3600,chin,507.8,368.5,832.5,603.1,794.7,550.6,1200.6,843.9,8hW6WfYBP18.001.mp4,1280,720,25.0,383,extraversion,low
90,3600,left_cheek,496.1,364.8,576.2,499.8,780.2,546.0,880.3,714.7,8hW6WfYBP18.001.mp4,1280,720,25.0,383,extraversion,low
90,3600,right_cheek,687.1,370.9,803.3,510.0,1018.9,553.6,1164.1,727.5,8hW6WfYBP18.001.mp4,1280,720,25.0,383,extraversion,low
91,3640,left_eye,504.5,253.9,600.1,349.4,790.6,407.4,910.2,526.8,8hW6WfYBP18.001.mp4,1280,720,25.0,383,extraversion,low
91,3640,right_eye,661.6,250.0,790.8,353.5,987.0,402.6,1148.5,531.9,8hW6WfYBP18.001.mp4,1280,720,25.0,383,extraversion,low
91,3640,nose,572.2,313.5,673.8,440.7,875.3,481.9,1002.2,640.9,8hW6WfYBP18.001.mp4,1280,720,25.0,383,extraversion,low
91,3640,mouth,559.2,470.7,705.5,553.5,858.9,678.4,1041.9,781.9,8hW6WfYBP18.001.mp4,1280,720,25.0,383,extraversion,low
91,3640,forehead,500.9,193.6,833.2,501.2,786.1,332.0,1201.6,716.5,8hW6WfYBP18.001.mp4,1280,720,25.0,383,extraversion,low
91,3640,chin,507.7,368.4,832.5,603.2,794.7,550.5,1200.6,844.0,8hW6WfYBP18.001.mp4,1280,720,25.0,383,extraversion,low
91,3640,left_cheek,496.1,364.6,576.2,499.8,780.2,545.8,880.3,714.7,8hW6WfYBP18.001.mp4,1280,720,25.0,383,extraversion,low
91,3640,right_cheek,687.2,371.3,803.4,510.5,1019.0,554.2,1164.2,728.1,8hW6WfYBP18.001.mp4,1280,720,25.0,383,extraversion,low
92,3680,left_eye,504.5,253.9,600.2,348.2,790.6,407.4,910.3,525.2,8hW6WfYBP18.001.mp4,1280,720,25.0,383,extraversion,low
92,3680,right_eye,662.0,249.9,791.6,352.2,987.5,402.4,1149.5,530.2,8hW6WfYBP18.001.mp4,1280,720,25.0,383,extraversion,low
92,3680,nose,572.4,313.2,673.5,440.3,875.4,481.6,1001.8,640.3,8hW6WfYBP18.001.mp4,1280,720,25.0,383,extraversion,low
92,3680,mouth,558.3,470.7,704.4,557.7,857.9,678.4,1040.5,787.1,8hW6WfYBP18.001.mp4,1280,720,25.0,383,extraversion,low
92,3680,forehead,500.9,193.3,833.3,501.8,786.2,331.7,1201.6,717.3,8hW6WfYBP18.001.mp4,1280,720,25.0,383,extraversion,low
92,3680,chin,507.7,367.5,832.5,610.0,794.6,549.3,1200.6,852.5,8hW6WfYBP18.001.mp4,1280,720,25.0,383,extraversion,low
92,3680,left_cheek,496.1,363.7,576.2,499.8,780.1,544.7,880.3,714.8,8hW6WfYBP18.001.mp4,1280,720,25.0,383,extraversion,low
92,3680,right_cheek,687.2,371.3,803.4,511.7,1018.9,554.1,1164.2,729.6,8hW6WfYBP18.001.mp4,1280,720,25.0,383,extraversion,low
93,3720,left_eye,504.7,254.2,600.5,348.1,790.8,407.8,910.6,525.1,8hW6WfYBP18.001.mp4,1280,720,25.0,383,extraversion,low
93,3720,right_eye,662.3,250.0,791.8,351.7,987.9,402.5,1149.8,529.6,8hW6WfYBP18.001.mp4,1280,720,25.0,383,extraversion,low
93,3720,nose,572.3,313.2,673.6,439.9,875.4,481.5,1001.9,639.9,8hW6WfYBP18.001.mp4,1280,720,25.0,383,extraversion,low
93,3720,mouth,558.1,470.2,704.1,558.5,857.7,677.8,1040.1,788.1,8hW6WfYBP18.001.mp4,1280,720,25.0,383,extraversion,low
93,3720,forehead,501.0,194.1,833.3,502.2,786.2,332.6,1201.6,717.7,8hW6WfYBP18.001.mp4,1280,720,25.0,383,extraversion,low
93,3720,chin,507.7,367.5,832.5,612.7,794.6,549.4,1200.6,855.9,8hW6WfYBP18.001.mp4,1280,720,25.0,383,extraversion,low
93,3720,left_cheek,496.1,363.6,576.2,499.9,780.1,544.5,880.3,714.8,8hW6WfYBP18.001.mp4,1280,720,25.0,383,extraversion,low
93,3720,right_cheek,687.2,371.4,803.4,512.0,1019.0,554.2,1164.2,729.9,8hW6WfYBP18.001.mp4,1280,720,25.0,383,extraversion,low
94,3760,left_eye,505.9,253.5,600.5,346.8,792.3,406.9,910.6,523.5,8hW6WfYBP18.001.mp4,1280,720,25.0,383,extraversion,low
94,3760,right_eye,662.3,249.0,791.0,348.7,987.9,401.3,1148.8,525.9,8hW6WfYBP18.001.mp4,1280,720,25.0,383,extraversion,low
94,3760,nose,572.0,311.3,673.6,438.0,875.0,479.1,1002.0,637.5,8hW6WfYBP18.001.mp4,1280,720,25.0,383,extraversion,low
94,3760,mouth,557.8,470.1,704.4,558.2,857.3,677.6,1040.4,787.8,8hW6WfYBP18.001.mp4,1280,720,25.0,383,extraversion,low
94,3760,forehead,501.5,192.5,830.8,501.4,786.9,330.6,1198.4,716.8,8hW6WfYBP18.001.mp4,1280,720,25.0,383,extraversion,low
94,3760,chin,507.7,366.9,829.5,611.6,794.6,548.6,1196.9,854.6,8hW6WfYBP18.001.mp4,1280,720,25.0,383,extraversion,low
94,3760,left_cheek,496.3,362.6,576.1,499.7,780.4,543.3,880.2,714.6,8hW6WfYBP18.001.mp4,1280,720,25.0,383,extraversion,low
94,3760,right_cheek,687.4,370.3,803.0,511.1,1019.2,552.9,1163.7,728.9,8hW6WfYBP18.001.mp4,1280,720,25.0,383,extraversion,low
95,3800,left_eye,506.1,253.6,600.5,346.3,792.6,406.9,910.6,522.9,8hW6WfYBP18.001.mp4,1280,720,25.0,383,extraversion,low
95,3800,right_eye,662.0,248.2,790.0,347.9,987.5,400.2,1147.5,524.9,8hW6WfYBP18.001.mp4,1280,720,25.0,383,extraversion,low
95,3800,nose,571.8,310.7,673.7,437.6,874.7,478.3,1002.1,637.0,8hW6WfYBP18.001.mp4,1280,720,25.0,383,extraversion,low
95,3800,mouth,557.0,469.0,704.0,556.4,856.3,676.3,1040.0,785.5,8hW6WfYBP18.001.mp4,1280,720,25.0,383,extraversion,low
95,3800,forehead,501.6,191.3,830.4,501.2,787.0,329.1,1198.0,716.4,8hW6WfYBP18.001.mp4,1280,720,25.0,383,extraversion,low
95,3800,chin,507.7,366.6,829.3,611.3,794.6,548.3,1196.6,854.1,8hW6WfYBP18.001.mp4,1280,720,25.0,383,extraversion,low
95,3800,left_cheek,496.5,362.3,576.1,499.5,780.6,542.8,880.1,714.4,8hW6WfYBP18.001.mp4,1280,720,25.0,383,extraversion,low
95,3800,right_cheek,687.4,369.8,802.7,510.8,1019.3,552.2,1163.4,728.6,8hW6WfYBP18.001.mp4,1280,720,25.0,383,extraversion,low
96,3840,left_eye,506.1,253.3,600.5,345.8,792.6,406.7,910.6,522.3,8hW6WfYBP18.001.mp4,1280,720,25.0,383,extraversion,low
96,3840,right_eye,661.9,246.6,789.7,346.3,987.4,398.2,1147.1,522.8,8hW6WfYBP18.001.mp4,1280,720,25.0,383,extraversion,low
96,3840,nose,571.8,309.4,674.9,436.5,874.8,476.8,1003.6,635.7,8hW6WfYBP18.001.mp4,1280,720,25.0,383,extraversion,low
96,3840,mouth,557.1,466.0,704.3,551.9,856.4,672.4,1040.4,779.8,8hW6WfYBP18.001.mp4,1280,720,25.0,383,extraversion,low
96,3840,forehead,501.6,190.2,830.4,497.6,787.0,327.7,1198.0,712.1,8hW6WfYBP18.001.mp4,1280,720,25.0,383,extraversion,low
96,3840,chin,507.7,366.1,829.4,608.4,794.6,547.7,1196.7,850.5,8hW6WfYBP18.001.mp4,1280,720,25.0,383,extraversion,low
96,3840,left_cheek,496.8,361.8,576.1,498.9,781.0,542.3,880.1,713.6,8hW6WfYBP18.001.mp4,1280,720,25.0,383,extraversion,low
96,3840,right_cheek,688.0,366.9,802.9,507.5,1020.0,548.6,1163.6,724.4,8hW6WfYBP18.001.mp4,1280,720,25.0,383,extraversion,low
97,3880,left_eye,506.2,253.5,600.4,345.8,792.7,406.9,910.6,522.3,8hW6WfYBP18.001.mp4,1280,720,25.0,383,extraversion,low
97,3880,right_eye,661.7,246.5,789.4,346.1,987.2,398.2,1146.7,522.6,8hW6WfYBP18.001.mp4,1280,720,25.0,383,extraversion,low
97,3880,nose,571.8,309.2,675.2,436.1,874.8,476.5,1004.0,635.2,8hW6WfYBP18.001.mp4,1280,720,25.0,383,extraversion,low
97,3880,mouth,557.4,465.5,704.4,551.2,856.8,671.9,1040.5,779.0,8hW6WfYBP18.001.mp4,1280,720,25.0,383,extraversion,low
97,3880,forehead,501.6,190.0,830.3,497.7,787.0,327.5,1197.9,712.1,8hW6WfYBP18.001.mp4,1280,720,25.0,383,extraversion,low
97,3880,chin,507.6,366.5,829.4,608.3,794.5,548.1,1196.7,850.3,8hW6WfYBP18.001.mp4,1280,720,25.0,383,extraversion,low
97,3880,left_cheek,497.0,361.9,576.2,498.8,781.2,542.3,880.3,713.5,8hW6WfYBP18.001.mp4,1280,720,25.0,383,extraversion,low
97,3880,right_cheek,688.2,366.3,802.9,506.9,1020.2,547.8,1163.6,723.6,8hW6WfYBP18.001.mp4,1280,720,25.0,383,extraversion,low
98,3920,left_eye,505.4,254.3,600.1,346.2,791.7,407.8,910.1,522.8,8hW6WfYBP18.001.mp4,1280,720,25.0,383,extraversion,low
98,3920,right_eye,661.5,246.5,788.6,346.1,986.9,398.1,1145.8,522.6,8hW6WfYBP18.001.mp4,1280,720,25.0,383,extraversion,low
98,3920,nose,571.9,309.2,675.4,436.1,874.9,476.6,1004.3,635.2,8hW6WfYBP18.001.mp4,1280,720,25.0,383,extraversion,low
98,3920,mouth,558.5,465.5,704.0,551.6,858.1,671.9,1040.0,779.5,8hW6WfYBP18.001.mp4,1280,720,25.0,383,extraversion,low
98,3920,forehead,499.5,190.1,829.2,497.1,784.4,327.7,1196.5,711.4,8hW6WfYBP18.001.mp4,1280,720,25.0,383,extraversion,low
98,3920,chin,505.8,367.5,828.6,608.2,792.2,549.3,1195.7,850.2,8hW6WfYBP18.001.mp4,1280,720,25.0,383,extraversion,low
98,3920,left_cheek,497.0,362.8,576.2,499.7,781.2,543.5,880.3,714.7,8hW6WfYBP18.001.mp4,1280,720,25.0,383,extraversion,low
98,3920,right_cheek,688.2,366.1,802.9,506.8,1020.3,547.6,1163.6,723.6,8hW6WfYBP18.001.mp4,1280,720,25.0,383,extraversion,low
99,3960,left_eye,505.2,254.6,599.8,346.3,791.5,408.3,909.8,522.9,8hW6WfYBP18.001.mp4,1280,720,25.0,383,extraversion,low
99,3960,right_eye,661.3,246.5,788.0,346.1,986.6,398.2,1145.0,522.6,8hW6WfYBP18.001.mp4,1280,720,25.0,383,extraversion,low
99,3960,nose,572.0,309.3,675.5,436.2,875.0,476.6,1004.4,635.3,8hW6WfYBP18.001.mp4,1280,720,25.0,383,extraversion,low
99,3960,mouth,558.9,465.5,703.6,551.8,858.6,671.9,1039.5,779.7,8hW6WfYBP18.001.mp4,1280,720,25.0,383,extraversion,low
99,3960,forehead,498.9,190.2,828.5,496.7,783.7,327.7,1195.7,710.9,8hW6WfYBP18.001.mp4,1280,720,25.0,383,extraversion,low
99,3960,chin,504.8,367.6,828.0,607.9,791.1,549.5,1195.1,849.9,8hW6WfYBP18.001.mp4,1280,720,25.0,383,extraversion,low
99,3960,left_cheek,496.9,363.0,576.2,500.0,781.1,543.7,880.3,715.0,8hW6WfYBP18.001.mp4,1280,720,25.0,383,extraversion,low
99,3960,right_cheek,688.3,365.9,802.8,506.8,1020.3,547.4,1163.6,723.5,8hW6WfYBP18.001.mp4,1280,720,25.0,383,extraversion,low
100,4000,left_eye,503.9,254.6,599.6,346.3,789.8,408.3,909.6,522.9,8hW6WfYBP18.001.mp4,1280,720,25.0,383,extraversion,low
100,4000,right_eye,661.2,245.8,787.2,345.4,986.5,397.3,1144.0,521.7,8hW6WfYBP18.001.mp4,1280,720,25.0,383,extraversion,low
100,4000,nose,572.0,309.1,676.4,436.3,875.0,476.4,1005.5,635.4,8hW6WfYBP18.001.mp4,1280,720,25.0,383,extraversion,low
100,4000,mouth,558.9,465.6,703.9,549.5,858.6,672.0,1039.9,776.8,8hW6WfYBP18.001.mp4,1280,720,25.0,383,extraversion,low
100,4000,forehead,496.3,190.3,826.6,494.4,780.4,327.8,1193.2,708.1,8hW6WfYBP18.001.mp4,1280,720,25.0,383,extraversion,low
100,4000,chin,502.3,367.4,826.5,605.8,787.9,549.3,1193.1,847.3,8hW6WfYBP18.001.mp4,1280,720,25.0,383,extraversion,low
100,4000,left_cheek,495.6,363.0,576.2,500.0,779.5,543.7,880.2,715.0,8hW6WfYBP18.001.mp4,1280,720,25.0,383,extraversion,low
100,4000,right_cheek,688.3,364.9,802.6,506.2,1020.4,546.2,1163.2,722.8,8hW6WfYBP18.001.mp4,1280,720,25.0,383,extraversion,low
101,4040,left_eye,503.4,254.6,599.5,346.2,789.3,408.3,909.3,522.7,8hW6WfYBP18.001.mp4,1280,720,25.0,383,extraversion,low
101,4040,right_eye,661.1,245.2,786.3,344.6,986.3,396.5,1142.9,520.7,8hW6WfYBP18.001.mp4,1280,720,25.0,383,extraversion,low
101,4040,nose,572.2,308.8,676.9,436.3,875.3,476.0,1006.1,635.4,8hW6WfYBP18.001.mp4,1280,720,25.0,383,extraversion,low
101,4040,mouth,559.1,465.6,704.0,548.2,858.9,672.1,1040.0,775.2,8hW6WfYBP18.001.mp4,1280,720,25.0,383,extraversion,low
101,4040,forehead,495.8,190.0,825.6,494.2,779.8,327.5,1192.0,707.7,8hW6WfYBP18.001.mp4,1280,720,25.0,383,extraversion,low
101,4040,chin,501.6,367.7,825.6,605.1,787.0,549.6,1192.0,846.4,8hW6WfYBP18.001.mp4,1280,720,25.0,383,extraversion,low
101,4040,left_cheek,495.2,363.2,576.2,500.3,779.0,544.0,880.2,715.3,8hW6WfYBP18.001.mp4,1280,720,25.0,383,extraversion,low
101,4040,right_cheek,688.4,364.3,802.3,505.9,1020.5,545.4,1162.8,722.3,8hW6WfYBP18.001.mp4,1280,720,25.0,383,extraversion,low
102,4080,left_eye,503.1,254.2,599.6,345.7,788.9,407.8,909.5,522.1,8hW6WfYBP18.001.mp4,1280,720,25.0,383,extraversion,low
102,4080,right_eye,661.3,243.8,786.3,343.1,986.6,394.7,1142.8,518.9,8hW6WfYBP18.001.mp4,1280,720,25.0,383,extraversion,low
102,4080,nose,572.4,307.7,678.1,436.3,875.4,474.6,1007.6,635.3,8hW6WfYBP18.001.mp4,1280,720,25.0,383,extraversion,low
102,4080,mouth,559.0,465.7,705.1,544.9,858.8,672.1,1041.4,771.1,8hW6WfYBP18.001.mp4,1280,720,25.0,383,extraversion,low
102,4080,forehead,495.4,189.2,824.9,493.3,779.2,326.5,1191.1,706.7,8hW6WfYBP18.001.mp4,1280,720,25.0,383,extraversion,low
102,4080,chin,500.4,366.9,824.9,604.1,785.5,548.7,1191.1,845.2,8hW6WfYBP18.001.mp4,1280,720,25.0,383,extraversion,low
102,4080,left_cheek,494.7,363.2,576.4,500.2,778.4,544.0,880.5,715.3,8hW6WfYBP18.001.mp4,1280,720,25.0,383,extraversion,low
102,4080,right_cheek,688.9,363.2,802.2,505.0,1021.2,544.0,1162.7,721.2,8hW6WfYBP18.001.mp4,1280,720,25.0,383,extraversion,low
103,4120,left_eye,503.1,254.4,599.9,345.9,788.9,408.0,909.9,522.4,8hW6WfYBP18.001.mp4,1280,720,25.0,383,extraversion,low
103,4120,right_eye,661.4,243.9,786.3,343.4,986.8,394.8,1142.8,519.3,8hW6WfYBP18.001.mp4,1280,720,25.0,383,extraversion,low
103,4120,nose,573.5,307.8,679.0,436.8,876.9,474.7,1008.7,636.0,8hW6WfYBP18.001.mp4,1280,720,25.0,383,extraversion,low
103,4120,mouth,559.1,467.2,707.0,545.6,858.8,674.0,1043.7,772.0,8hW6WfYBP18.001.mp4,1280,720,25.0,383,extraversion,low
103,4120,forehead,495.3,189.3,824.4,493.4,779.1,326.6,1190.5,706.7,8hW6WfYBP18.001.mp4,1280,720,25.0,383,extraversion,low
103,4120,chin,500.2,367.1,824.4,604.1,785.2,548.9,1190.5,845.2,8hW6WfYBP18.001.mp4,1280,720,25.0,383,extraversion,low
103,4120,left_cheek,494.8,364.2,576.9,500.8,778.4,545.3,881.2,716.0,8hW6WfYBP18.001.mp4,1280,720,25.0,383,extraversion,low
103,4120,right_cheek,689.5,363.4,802.1,505.1,1021.8,544.2,1162.7,721.3,8hW6WfYBP18.001.mp4,1280,720,25.0,383,extraversion,low
104,4160,left_eye,502.6,254.6,599.9,346.1,788.2,408.3,909.9,522.6,8hW6WfYBP18.001.mp4,1280,720,25.0,383,extraversion,low
104,4160,right_eye,661.5,243.9,786.2,343.3,986.8,394.8,1142.8,519.1,8hW6WfYBP18.001.mp4,1280,720,25.0,383,extraversion,low
104,4160,nose,575.0,307.8,679.7,436.5,878.7,474.8,1009.6,635.6,8hW6WfYBP18.001.mp4,1280,720,25.0,383,extraversion,low
104,4160,mouth,560.4,467.4,707.6,546.1,860.5,674.2,1044.5,772.7,8hW6WfYBP18.001.mp4,1280,720,25.0,383,extraversion,low
104,4160,forehead,494.2,189.3,824.3,491.7,777.7,326.6,1190.4,704.6,8hW6WfYBP18.001.mp4,1280,720,25.0,383,extraversion,low
104,4160,chin,498.9,366.2,824.3,602.4,783.7,547.7,1190.4,843.0,8hW6WfYBP18.001.mp4,1280,720,25.0,383,extraversion,low
104,4160,left_cheek,494.3,364.8,577.2,500.9,777.9,546.0,881.5,716.1,8hW6WfYBP18.001.mp4,1280,720,25.0,383,extraversion,low
104,4160,right_cheek,690.2,362.8,802.1,504.2,1022.7,543.5,1162.7,720.2,8hW6WfYBP18.001.mp4,1280,720,25.0,383,extraversion,low
105,4200,left_eye,501.5,255.6,600.0,346.4,786.9,409.5,910.0,522.9,8hW6WfYBP18.001.mp4,1280,720,25.0,383,extraversion,low
105,4200,right_eye,661.6,243.9,786.2,343.0,987.0,394.9,1142.8,518.7,8hW6WfYBP18.001.mp4,1280,720,25.0,383,extraversion,low
105,4200,nose,577.8,307.9,681.0,436.1,882.2,474.9,1011.2,635.1,8hW6WfYBP18.001.mp4,1280,720,25.0,383,extraversion,low
105,4200,mouth,564.1,467.4,707.9,549.5,865.2,674.3,1044.9,776.9,8hW6WfYBP18.001.mp4,1280,720,25.0,383,extraversion,low
105,4200,forehead,492.0,189.3,823.9,490.5,775.0,326.7,1189.9,703.2,8hW6WfYBP18.001.mp4,1280,720,25.0,383,extraversion,low
105,4200,chin,497.6,365.4,823.9,602.5,782.0,546.8,1189.9,843.2,8hW6WfYBP18.001.mp4,1280,720,25.0,383,extraversion,low
105,4200,left_cheek,494.1,365.9,578.0,501.5,777.6,547.4,882.5,716.9,8hW6WfYBP18.001.mp4,1280,720,25.0,383,extraversion,low
105,4200,right_cheek,691.2,361.9,802.1,503.2,1024.0,542.4,1162.7,719.0,8hW6WfYBP18.001.mp4,1280,720,25.0,383,extraversion,low
106,4240,left_eye,501.3,255.8,600.0,346.4,786.6,409.8,910.0,523.0,8hW6WfYBP18.001.mp4,1280,720,25.0,383,extraversion,low
106,4240,right_eye,661.8,243.9,786.3,342.7,987.3,394.9,1142.8,518.4,8hW6WfYBP18.001.mp4,1280,720,25.0,383,extraversion,low
106,4240,nose,578.2,307.9,681.3,435.9,882.7,474.9,1011.6,634.9,8hW6WfYBP18.001.mp4,1280,720,25.0,383,extraversion,low
106,4240,mouth,564.6,467.4,708.3,551.1,865.8,674.3,1045.4,778.9,8hW6WfYBP18.001.mp4,1280,720,25.0,383,extraversion,low
106,4240,forehead,491.9,189.4,823.8,490.4,774.8,326.7,1189.7,703.0,8hW6WfYBP18.001.mp4,1280,720,25.0,383,extraversion,low
106,4240,chin,497.6,364.7,823.8,602.5,782.0,545.9,1189.7,843.1,8hW6WfYBP18.001.mp4,1280,720,25.0,383,extraversion,low
106,4240,left_cheek,493.9,366.1,578.2,501.7,777.4,547.7,882.7,717.2,8hW6WfYBP18.001.mp4,1280,720,25.0,383,extraversion,low
106,4240,right_cheek,691.7,361.4,802.2,502.8,1024.6,541.8,1162.7,718.6,8hW6WfYBP18.001.mp4,1280,720,25.0,383,extraversion,low
107,4280,left_eye,501.1,256.5,600.4,347.1,786.3,410.6,910.5,523.9,8hW6WfYBP18.001.mp4,1280,720,25.0,383,extraversion,low
107,4280,right_eye,662.7,244.0,786.5,342.8,988.4,395.0,1143.1,518.5,8hW6WfYBP18.001.mp4,1280,720,25.0,383,extraversion,low
107,4280,nose,579.4,308.2,684.0,436.3,884.2,475.3,1015.0,635.4,8hW6WfYBP18.001.mp4,1280,720,25.0,383,extraversion,low
107,4280,mouth,564.8,467.6,712.5,554.9,866.0,674.5,1050.6,783.6,8hW6WfYBP18.001.mp4,1280,720,25.0,383,extraversion,low
107,4280,forehead,491.0,189.7,823.8,491.1,773.8,327.1,1189.7,703.9,8hW6WfYBP18.001.mp4,1280,720,25.0,383,extraversion,low
107,4280,chin,496.7,364.4,823.8,603.3,780.9,545.5,1189.7,844.2,8hW6WfYBP18.001.mp4,1280,720,25.0,383,extraversion,low
107,4280,left_cheek,493.8,367.0,578.9,502.5,777.3,548.8,883.7,718.1,8hW6WfYBP18.001.mp4,1280,720,25.0,383,extraversion,low
107,4280,right_cheek,693.6,361.3,802.7,502.8,1027.0,541.6,1163.3,718.5,8hW6WfYBP18.001.mp4,1280,720,25.0,383,extraversion,low
108,4320,left_eye,501.1,257.2,600.5,347.6,786.3,411.5,910.7,524.5,8hW6WfYBP18.001.mp4,1280,720,25.0,383,extraversion,low
108,4320,right_eye,663.5,244.1,787.0,342.9,989.4,395.1,1143.7,518.6,8hW6WfYBP18.001.mp4,1280,720,25.0,383,extraversion,low
108,4320,nose,579.9,308.8,685.7,436.8,884.9,475.9,1017.2,636.0,8hW6WfYBP18.001.mp4,1280,720,25.0,383,extraversion,low
108,4320,mouth,565.0,468.2,714.6,556.2,866.2,675.3,1053.2,785.2,8hW6WfYBP18.001.mp4,1280,720,25.0,383,extraversion,low
108,4320,forehead,490.9,189.9,823.8,491.6,773.6,327.4,1189.8,704.5,8hW6WfYBP18.001.mp4,1280,720,25.0,383,extraversion,low
108,4320,chin,496.3,364.0,823.8,604.1,780.4,545.1,1189.8,845.1,8hW6WfYBP18.001.mp4,1280,720,25.0,383,extraversion,low
108,4320,left_cheek,493.7,367.7,579.5,503.3,777.2,549.7,884.3,719.1,8hW6WfYBP18.001.mp4,1280,720,25.0,383,extraversion,low
108,4320,right_cheek,694.9,361.2,803.6,502.8,1028.6,541.5,1164.6,718.5,8hW6WfYBP18.001.mp4,1280,720,25.0,383,extraversion,low
109,4360,left_eye,501.1,257.7,602.1,348.3,786.4,412.2,912.6,525.3,8hW6WfYBP18.001.mp4,1280,720,25.0,383,extraversion,low
109,4360,right_eye,664.9,244.4,788.5,343.5,991.1,395.5,1145.6,519.4,8hW6WfYBP18.001.mp4,1280,720,25.0,383,extraversion,low
109,4360,nose,579.6,309.6,687.1,437.4,884.6,477.0,1018.9,636.7,8hW6WfYBP18.001.mp4,1280,720,25.0,383,extraversion,low
109,4360,mouth,565.5,468.2,714.8,558.2,866.9,675.3,1053.5,787.7,8hW6WfYBP18.001.mp4,1280,720,25.0,383,extraversion,low
109,4360,forehead,491.0,191.8,825.3,492.9,773.7,329.7,1191.7,706.1,8hW6WfYBP18.001.mp4,1280,720,25.0,383,extraversion,low
109,4360,chin,496.5,365.1,825.3,607.8,780.6,546.4,1191.7,849.7,8hW6WfYBP18.001.mp4,1280,720,25.0,383,extraversion,low
109,4360,left_cheek,493.8,368.7,580.0,504.0,777.3,550.9,884.9,720.0,8hW6WfYBP18.001.mp4,1280,720,25.0,383,extraversion,low
109,4360,right_cheek,695.6,361.5,804.6,503.1,1029.5,541.9,1165.8,718.9,8hW6WfYBP18.001.mp4,1280,720,25.0,383,extraversion,low
110,4400,left_eye,500.7,257.7,602.5,348.8,785.9,412.1,913.1,525.9,8hW6WfYBP18.001.mp4,1280,720,25.0,383,extraversion,low
110,4400,right_eye,665.1,244.4,788.9,344.0,991.4,395.5,1146.1,520.0,8hW6WfYBP18.001.mp4,1280,720,25.0,383,extraversion,low
110,4400,nose,579.5,309.7,686.7,437.4,884.4,477.2,1018.3,636.7,8hW6WfYBP18.001.mp4,1280,720,25.0,383,extraversion,low
110,4400,mouth,566.2,468.2,714.5,559.4,867.8,675.2,1053.1,789.3,8hW6WfYBP18.001.mp4,1280,720,25.0,383,extraversion,low
110,4400,forehead,491.1,193.3,825.7,492.8,773.9,331.6,1192.1,706.0,8hW6WfYBP18.001.mp4,1280,720,25.0,383,extraversion,low
110,4400,chin,496.5,365.6,825.7,607.6,780.6,547.0,1192.1,849.4,8hW6WfYBP18.001.mp4,1280,720,25.0,383,extraversion,low
110,4400,left_cheek,493.7,369.0,579.9,503.9,777.2,551.2,884.9,719.9,8hW6WfYBP18.001.mp4,1280,720,25.0,383,extraversion,low
110,4400,right_cheek,695.4,361.6,804.9,502.9,1029.3,542.0,1166.1,718.6,8hW6WfYBP18.001.mp4,1280,720,25.0,383,extraversion,low
111,4440,left_eye,500.4,257.9,602.4,348.7,785.5,412.4,913.0,525.9,8hW6WfYBP18.001.mp4,1280,720,25.0,383,extraversion,low
111,4440,right_eye,665.6,244.4,790.6,344.2,992.0,395.6,1148.2,520.3,8hW6WfYBP18.001.mp4,1280,720,25.0,383,extraversion,low
111,4440,nose,580.4,310.4,686.4,437.2,885.5,477.9,1018.0,636.5,8hW6WfYBP18.001.mp4,1280,720,25.0,383,extraversion,low
111,4440,mouth,570.6,466.4,711.2,559.1,873.2,673.1,1048.9,788.8,8hW6WfYBP18.001.mp4,1280,720,25.0,383,extraversion,low
111,4440,forehead,491.3,193.9,828.4,492.3,774.1,332.3,1195.5,705.4,8hW6WfYBP18.001.mp4,1280,720,25.0,383,extraversion,low
111,4440,chin,496.5,365.5,828.4,607.6,780.6,546.9,1195.5,849.5,8hW6WfYBP18.001.mp4,1280,720,25.0,383,extraversion,low
111,4440,left_cheek,493.8,368.8,580.5,503.8,777.2,551.1,885.6,719.8,8hW6WfYBP18.001.mp4,1280,720,25.0,383,extraversion,low
111,4440,right_cheek,695.2,361.6,805.6,502.9,1029.0,542.0,1166.9,718.6,8hW6WfYBP18.001.mp4,1280,720,25.0,383,extraversion,low
112,4480,left_eye,500.3,258.1,602.4,349.0,785.3,412.6,912.9,526.2,8hW6WfYBP18.001.mp4,1280,720,25.0,383,extraversion,low
112,4480,right_eye,666.1,244.5,792.0,344.5,992.7,395.7,1150.0,520.6,8hW6WfYBP18.001.mp4,1280,720,25.0,383,extraversion,low
112,4480,nose,580.8,310.8,686.1,437.2,886.0,478.5,1017.6,636.5,8hW6WfYBP18.001.mp4,1280,720,25.0,383,extraversion,low
112,4480,mouth,572.6,466.0,710.0,558.4,875.7,672.5,1047.5,788.0,8hW6WfYBP18.001.mp4,1280,720,25.0,383,extraversion,low
112,4480,forehead,491.4,194.3,830.3,492.2,774.2,332.9,1197.9,705.3,8hW6WfYBP18.001.mp4,1280,720,25.0,383,extraversion,low
112,4480,chin,496.6,365.5,830.3,607.4,780.7,546.9,1197.9,849.3,8hW6WfYBP18.001.mp4,1280,720,25.0,383,extraversion,low
112,4480,left_cheek,493.8,368.8,580.8,503.7,777.3,551.0,886.0,719.7,8hW6WfYBP18.001.mp4,1280,720,25.0,383,extraversion,low
112,4480,right_cheek,695.1,361.6,806.4,502.9,1028.9,542.0,1168.0,718.7,8hW6WfYBP18.001.mp4,1280,720,25.0,383,extraversion,low
113,4520,left_eye,500.3,258.4,602.6,348.3,785.4,413.0,913.3,525.4,8hW6WfYBP18.001.mp4,1280,720,25.0,383,extraversion,low
113,4520,right_eye,666.6,244.5,791.8,343.4,993.3,395.7,1149.8,519.2,8hW6WfYBP18.001.mp4,1280,720,25.0,383,extraversion,low
113,4520,nose,582.3,310.8,686.2,436.9,887.9,478.5,1017.7,636.1,8hW6WfYBP18.001.mp4,1280,720,25.0,383,extraversion,low
113,4520,mouth,574.5,465.5,710.0,554.6,878.2,671.9,1047.6,783.3,8hW6WfYBP18.001.mp4,1280,720,25.0,383,extraversion,low
113,4520,forehead,491.5,194.5,830.0,492.2,774.3,333.1,1197.4,705.3,8hW6WfYBP18.001.mp4,1280,720,25.0,383,extraversion,low
113,4520,chin,496.6,365.3,830.0,606.9,780.7,546.6,1197.4,848.7,8hW6WfYBP18.001.mp4,1280,720,25.0,383,extraversion,low
113,4520,left_cheek,494.1,369.0,581.7,503.6,777.6,551.3,887.2,719.5,8hW6WfYBP18.001.mp4,1280,720,25.0,383,extraversion,low
113,4520,right_cheek,695.3,361.0,806.6,501.9,1029.1,541.3,1168.3,717.4,8hW6WfYBP18.001.mp4,1280,720,25.0,383,extraversion,low
114,4560,left_eye,500.3,258.5,602.6,348.1,785.4,413.1,913.2,525.1,8hW6WfYBP18.001.mp4,1280,720,25.0,383,extraversion,low
114,4560,right_eye,666.6,244.6,791.7,342.8,993.2,395.8,1149.6,518.5,8hW6WfYBP18.001.mp4,1280,720,25.0,383,extraversion,low
114,4560,nose,582.4,310.8,686.0,436.6,888.0,478.5,1017.5,635.7,8hW6WfYBP18.001.mp4,1280,720,25.0,383,extraversion,low
114,4560,mouth,574.3,465.3,710.0,552.2,877.8,671.6,1047.5,780.3,8hW6WfYBP18.001.mp4,1280,720,25.0,383,extraversion,low
114,4560,forehead,491.4,194.7,829.9,492.2,774.3,333.4,1197.4,705.2,8hW6WfYBP18.001.mp4,1280,720,25.0,383,extraversion,low
114,4560,chin,496.7,365.1,829.9,605.8,780.9,546.4,1197.4,847.3,8hW6WfYBP18.001.mp4,1280,720,25.0,383,extraversion,low
114,4560,left_cheek,494.1,369.0,581.8,503.3,777.6,551.3,887.3,719.1,8hW6WfYBP18.001.mp4,1280,720,25.0,383,extraversion,low
114,4560,right_cheek,695.2,360.8,806.5,501.3,1029.1,541.0,1168.2,716.6,8hW6WfYBP18.001.mp4,1280,720,25.0,383,extraversion,low
115,4600,left_eye,500.2,258.4,601.9,348.1,785.2,413.0,912.4,525.1,8hW6WfYBP18.001.mp4,1280,720,25.0,383,extraversion,low
115,4600,right_eye,666.4,244.0,791.0,342.7,992.9,395.0,1148.8,518.4,8hW6WfYBP18.001.mp4,1280,720,25.0,383,extraversion,low
115,4600,nose,581.4,310.6,686.9,436.0,886.7,478.2,1018.6,635.0,8hW6WfYBP18.001.mp4,1280,720,25.0,383,extraversion,low
115,4600,mouth,572.8,466.2,716.1,552.3,876.0,672.8,1055.1,780.3,8hW6WfYBP18.001.mp4,1280,720,25.0,383,extraversion,low
115,4600,forehead,491.0,194.4,826.6,492.1,773.8,333.0,1193.2,705.2,8hW6WfYBP18.001.mp4,1280,720,25.0,383,extraversion,low
115,4600,chin,496.5,364.1,826.6,602.2,780.6,545.2,1193.2,842.8,8hW6WfYBP18.001.mp4,1280,720,25.0,383,extraversion,low
115,4600,left_cheek,493.7,369.2,581.3,503.3,777.2,551.5,886.6,719.1,8hW6WfYBP18.001.mp4,1280,720,25.0,383,extraversion,low
115,4600,right_cheek,695.8,360.2,806.4,500.0,1029.8,540.2,1167.9,715.0,8hW6WfYBP18.001.mp4,1280,720,25.0,383,extraversion,low
116,4640,left_eye,500.1,258.4,601.9,348.0,785.2,413.0,912.3,525.0,8hW6WfYBP18.001.mp4,1280,720,25.0,383,extraversion,low
116,4640,right_eye,666.3,244.0,790.7,342.7,992.9,395.0,1148.4,518.4,8hW6WfYBP18.001.mp4,1280,720,25.0,383,extraversion,low
116,4640,nose,581.3,310.4,687.3,435.6,886.6,478.0,1019.1,634.5,8hW6WfYBP18.001.mp4,1280,720,25.0,383,extraversion,low
116,4640,mouth,572.0,466.6,717.8,551.6,874.9,673.3,1057.3,779.5,8hW6WfYBP18.001.mp4,1280,720,25.0,383,extraversion,low
116,4640,forehead,491.0,193.9,825.7,492.6,773.8,332.3,1192.1,705.7,8hW6WfYBP18.001.mp4,1280,720,25.0,383,extraversion,low
116,4640,chin,496.5,364.2,825.7,601.5,780.7,545.2,1192.1,841.9,8hW6WfYBP18.001.mp4,1280,720,25.0,383,extraversion,low
116,4640,left_cheek,493.6,369.4,581.1,503.3,777.1,551.8,886.4,719.2,8hW6WfYBP18.001.mp4,1280,720,25.0,383,extraversion,low
116,4640,right_cheek,696.1,360.2,806.3,500.1,1030.2,540.2,1167.9,715.1,8hW6WfYBP18.001.mp4,1280,720,25.0,383,extraversion,low
117,4680,left_eye,498.8,258.2,600.0,347.9,783.5,412.8,910.0,524.9,8hW6WfYBP18.001.mp4,1280,720,25.0,383,extraversion,low
117,4680,right_eye,664.8,243.0,788.6,342.5,991.0,393.7,1145.8,518.1,8hW6WfYBP18.001.mp4,1280,720,25.0,383,extraversion,low
117,4680,nose,579.1,310.1,687.1,435.6,883.9,477.6,1018.9,634.5,8hW6WfYBP18.001.mp4,1280,720,25.0,383,extraversion,low
117,4680,mouth,567.3,467.5,718.5,555.7,869.2,674.4,1058.2,784.6,8hW6WfYBP18.001.mp4,1280,720,25.0,383,extraversion,low
117,4680,forehead,489.3,193.0,823.9,493.7,771.6,331.3,1189.9,707.1,8hW6WfYBP18.001.mp4,1280,720,25.0,383,extraversion,low
117,4680,chin,494.9,364.3,823.9,604.7,778.6,545.4,1189.9,845.8,8hW6WfYBP18.001.mp4,1280,720,25.0,383,extraversion,low
117,4680,left_cheek,492.1,369.5,579.3,503.3,775.2,551.8,884.1,719.1,8hW6WfYBP18.001.mp4,1280,720,25.0,383,extraversion,low
117,4680,right_cheek,695.9,360.1,805.1,500.2,1029.8,540.2,1166.4,715.2,8hW6WfYBP18.001.mp4,1280,720,25.0,383,extraversion,low
118,4720,left_eye,497.0,258.2,598.0,347.9,781.2,412.7,907.4,524.8,8hW6WfYBP18.001.mp4,1280,720,25.0,383,extraversion,low
118,4720,right_eye,662.4,242.5,786.3,342.4,988.0,393.1,1142.8,518.0,8hW6WfYBP18.001.mp4,1280,720,25.0,383,extraversion,low
118,4720,nose,576.3,309.9,686.5,435.6,880.4,477.4,1018.1,634.5,8hW6WfYBP18.001.mp4,1280,720,25.0,383,extraversion,low
118,4720,mouth,563.4,469.0,718.3,557.2,864.3,676.3,1057.8,786.5,8hW6WfYBP18.001.mp4,1280,720,25.0,383,extraversion,low
118,4720,forehead,487.3,192.3,822.0,493.7,769.2,330.4,1187.5,707.2,8hW6WfYBP18.001.mp4,1280,720,25.0,383,extraversion,low
118,4720,chin,493.0,364.2,822.0,605.9,776.2,545.2,1187.5,847.4,8hW6WfYBP18.001.mp4,1280,720,25.0,383,extraversion,low
118,4720,left_cheek,490.5,369.5,577.0,503.3,773.1,551.8,881.3,719.1,8hW6WfYBP18.001.mp4,1280,720,25.0,383,extraversion,low
118,4720,right_cheek,694.9,359.9,803.5,500.1,1028.6,539.9,1164.3,715.1,8hW6WfYBP18.001.mp4,1280,720,25.0,383,extraversion,low
119,4760,left_eye,496.2,258.1,597.4,348.0,780.2,412.6,906.8,525.0,8hW6WfYBP18.001.mp4,1280,720,25.0,383,extraversion,low
119,4760,right_eye,661.4,242.1,785.3,342.3,986.7,392.7,1141.6,517.8,8hW6WfYBP18.001.mp4,1280,720,25.0,383,extraversion,low
119,4760,nose,575.4,309.8,686.4,435.7,879.2,477.2,1018.0,634.6,8hW6WfYBP18.001.mp4,1280,720,25.0,383,extraversion,low
119,4760,mouth,562.5,469.7,718.4,557.8,863.1,677.1,1058.0,787.3,8hW6WfYBP18.001.mp4,1280,720,25.0,383,extraversion,low
119,4760,forehead,486.3,191.7,821.6,493.9,767.9,329.6,1187.0,707.4,8hW6WfYBP18.001.mp4,1280,720,25.0,383,extraversion,low
119,4760,chin,492.0,363.9,821.6,607.2,775.0,544.9,1187.0,849.0,8hW6WfYBP18.001.mp4,1280,720,25.0,383,extraversion,low
119,4760,left_cheek,489.8,369.4,576.3,503.4,772.3,551.8,880.4,719.2,8hW6WfYBP18.001.mp4,1280,720,25.0,383,extraversion,low
119,4760,right_cheek,694.5,359.8,802.9,500.1,1028.1,539.7,1163.6,715.1,8hW6WfYBP18.001.mp4,1280,720,25.0,383,extraversion,low
120,4800,left_eye,494.8,258.1,596.5,348.4,778.5,412.6,905.6,525.5,8hW6WfYBP18.001.mp4,1280,720,25.0,383,extraversion,low
120,4800,right_eye,660.4,242.2,784.3,342.3,985.5,392.7,1140.3,517.9,8hW6WfYBP18.001.mp4,1280,720,25.0,383,extraversion,low
120,4800,nose,574.6,309.8,686.1,436.5,878.3,477.2,1017.7,635.6,8hW6WfYBP18.001.mp4,1280,720,25.0,383,extraversion,low
120,4800,mouth,560.4,469.6,718.2,557.7,860.5,677.0,1057.8,787.1,8hW6WfYBP18.001.mp4,1280,720,25.0,383,extraversion,low
120,4800,forehead,484.7,191.3,820.4,494.0,765.9,329.1,1185.6,707.5,8hW6WfYBP18.001.mp4,1280,720,25.0,383,extraversion,low
120,4800,chin,490.6,363.6,820.4,607.0,773.3,544.4,1185.6,848.7,8hW6WfYBP18.001.mp4,1280,720,25.0,383,extraversion,low
120,4800,left_cheek,488.7,369.7,575.6,503.7,770.9,552.1,879.4,719.6,8hW6WfYBP18.001.mp4,1280,720,25.0,383,extraversion,low
120,4800,right_cheek,693.7,359.7,801.8,500.0,1027.1,539.6,1162.3,715.0,8hW6WfYBP18.001.mp4,1280,720,25.0,383,extraversion,low
121,4840,left_eye,494.5,257.9,596.1,348.4,778.1,412.4,905.1,525.5,8hW6WfYBP18.001.mp4,1280,720,25.0,383,extraversion,low
121,4840,right_eye,660.1,241.8,783.8,342.1,985.1,392.3,1139.8,517.7,8hW6WfYBP18.001.mp4,1280,720,25.0,383,extraversion,low
121,4840,nose,574.4,309.6,685.8,436.5,878.0,476.9,1017.3,635.6,8hW6WfYBP18.001.mp4,1280,720,25.0,383,extraversion,low
121,4840,mouth,559.2,469.3,718.0,557.6,859.0,676.7,1057.5,787.0,8hW6WfYBP18.001.mp4,1280,720,25.0,383,extraversion,low
121,4840,forehead,484.3,190.8,819.7,494.0,765.4,328.5,1184.6,707.5,8hW6WfYBP18.001.mp4,1280,720,25.0,383,extraversion,low
121,4840,chin,490.3,363.2,819.7,606.9,772.8,544.0,1184.6,848.6,8hW6WfYBP18.001.mp4,1280,720,25.0,383,extraversion,low
121,4840,left_cheek,488.5,369.6,575.2,503.7,770.6,552.0,879.0,719.6,8hW6WfYBP18.001.mp4,1280,720,25.0,383,extraversion,low
121,4840,right_cheek,693.2,359.3,801.1,499.8,1026.5,539.1,1161.3,714.8,8hW6WfYBP18.001.mp4,1280,720,25.0,383,extraversion,low
122,4880,left_eye,493.4,257.5,595.7,348.2,776.7,411.9,904.6,525.2,8hW6WfYBP18.001.mp4,1280,720,25.0,383,extraversion,low
122,4880,right_eye,659.9,241.5,783.9,341.9,984.8,391.9,1139.9,517.4,8hW6WfYBP18.001.mp4,1280,720,25.0,383,extraversion,low
122,4880,nose,574.1,309.4,684.9,436.4,877.6,476.8,1016.2,635.5,8hW6WfYBP18.001.mp4,1280,720,25.0,383,extraversion,low
122,4880,mouth,560.0,468.8,713.8,556.5,860.0,676.0,1052.3,785.6,8hW6WfYBP18.001.mp4,1280,720,25.0,383,extraversion,low
122,4880,forehead,483.7,190.6,819.9,492.4,764.7,328.3,1184.9,705.5,8hW6WfYBP18.001.mp4,1280,720,25.0,383,extraversion,low
122,4880,chin,489.8,362.2,819.9,606.8,772.3,542.8,1184.9,848.5,8hW6WfYBP18.001.mp4,1280,720,25.0,383,extraversion,low
122,4880,left_cheek,487.8,369.1,574.8,503.2,769.7,551.3,878.5,719.0,8hW6WfYBP18.001.mp4,1280,720,25.0,383,extraversion,low
122,4880,right_cheek,692.5,358.9,800.9,499.7,1025.6,538.6,1161.2,714.6,8hW6WfYBP18.001.mp4,1280,720,25.0,383,extraversion,low
123,4920,left_eye,492.9,257.4,595.4,348.1,776.2,411.7,904.3,525.1,8hW6WfYBP18.001.mp4,1280,720,25.0,383,extraversion,low
123,4920,right_eye,659.7,241.3,784.0,341.8,984.6,391.6,1140.0,517.2,8hW6WfYBP18.001.mp4,1280,720,25.0,383,extraversion,low
123,4920,nose,574.0,309.3,684.4,436.3,877.4,476.6,1015.5,635.3,8hW6WfYBP18.001.mp4,1280,720,25.0,383,extraversion,low
123,4920,mouth,560.3,468.0,712.7,555.7,860.4,675.0,1050.8,784.6,8hW6WfYBP18.001.mp4,1280,720,25.0,383,extraversion,low
123,4920,forehead,483.4,190.5,820.0,491.8,764.2,328.1,1185.0,704.8,8hW6WfYBP18.001.mp4,1280,720,25.0,383,extraversion,low
123,4920,chin,489.6,361.9,820.0,606.8,772.0,542.3,1185.0,848.4,8hW6WfYBP18.001.mp4,1280,720,25.0,383,extraversion,low
123,4920,left_cheek,487.4,368.8,574.6,503.0,769.2,551.0,878.2,718.7,8hW6WfYBP18.001.mp4,1280,720,25.0,383,extraversion,low
123,4920,right_cheek,692.2,358.6,800.9,499.6,1025.2,538.3,1161.1,714.5,8hW6WfYBP18.001.mp4,1280,720,25.0,383,extraversion,low
124,4960,left_eye,492.8,257.2,595.5,347.9,776.0,411.6,904.3,524.9,8hW6WfYBP18.001.mp4,1280,720,25.0,383,extraversion,low
124,4960,right_eye,659.7,241.2,784.1,341.4,984.7,391.4,1140.1,516.8,8hW6WfYBP18.001.mp4,1280,720,25.0,383,extraversion,low
124,4960,nose,574.1,309.2,684.4,436.2,877.6,476.5,1015.4,635.3,8hW6WfYBP18.001.mp4,1280,720,25.0,383,extraversion,low
124,4960,mouth,561.0,467.4,711.4,555.5,861.3,674.3,1049.3,784.3,8hW6WfYBP18.001.mp4,1280,720,25.0,383,extraversion,low
124,4960,forehead,483.3,190.4,820.1,491.4,764.1,328.0,1185.2,704.3,8hW6WfYBP18.001.mp4,1280,720,25.0,383,extraversion,low
124,4960,chin,489.5,361.3,820.1,606.7,771.9,541.6,1185.2,848.4,8hW6WfYBP18.001.mp4,1280,720,25.0,383,extraversion,low
124,4960,left_cheek,487.4,368.6,574.7,502.9,769.2,550.8,878.4,718.7,8hW6WfYBP18.001.mp4,1280,720,25.0,383,extraversion,low
124,4960,right_cheek,692.1,358.3,800.9,499.5,1025.1,537.8,1161.1,714.4,8hW6WfYBP18.001.mp4,1280,720,25.0,383,extraversion,low
125,5000,left_eye,492.7,257.2,595.5,347.9,775.8,411.5,904.4,524.9,8hW6WfYBP18.001.mp4,1280,720,25.0,383,extraversion,low
125,5000,right_eye,659.8,241.1,784.1,341.3,984.8,391.4,1140.1,516.6,8hW6WfYBP18.001.mp4,1280,720,25.0,383,extraversion,low
125,5000,nose,574.1,309.2,684.4,436.2,877.7,476.5,1015.5,635.3,8hW6WfYBP18.001.mp4,1280,720,25.0,383,extraversion,low
125,5000,mouth,562.0,467.4,711.3,555.4,862.5,674.3,1049.1,784.3,8hW6WfYBP18.001.mp4,1280,720,25.0,383,extraversion,low
125,5000,forehead,483.2,190.4,820.2,491.3,764.0,328.0,1185.3,704.1,8hW6WfYBP18.001.mp4,1280,720,25.0,383,extraversion,low
125,5000,chin,489.5,361.0,820.2,606.7,771.9,541.2,1185.3,848.3,8hW6WfYBP18.001.mp4,1280,720,25.0,383,extraversion,low
125,5000,left_cheek,487.4,368.6,574.8,503.0,769.2,550.8,878.5,718.7,8hW6WfYBP18.001.mp4,1280,720,25.0,383,extraversion,low
125,5000,right_cheek,692.1,358.1,800.9,499.5,1025.1,537.6,1161.1,714.4,8hW6WfYBP18.001.mp4,1280,720,25.0,383,extraversion,low
126,5040,left_eye,492.6,257.4,595.6,347.9,775.8,411.7,904.5,524.9,8hW6WfYBP18.001.mp4,1280,720,25.0,383,extraversion,low
126,5040,right_eye,660.0,241.3,784.3,340.8,984.9,391.7,1140.3,516.0,8hW6WfYBP18.001.mp4,1280,720,25.0,383,extraversion,low
126,5040,nose,574.9,309.2,685.9,436.2,878.6,476.5,1017.4,635.2,8hW6WfYBP18.001.mp4,1280,720,25.0,383,extraversion,low
126,5040,mouth,563.8,466.7,712.3,555.4,864.8,673.4,1050.4,784.2,8hW6WfYBP18.001.mp4,1280,720,25.0,383,extraversion,low
126,5040,forehead,483.3,190.4,820.2,491.3,764.1,328.0,1185.3,704.2,8hW6WfYBP18.001.mp4,1280,720,25.0,383,extraversion,low
126,5040,chin,489.7,360.2,820.2,606.6,772.1,540.3,1185.3,848.3,8hW6WfYBP18.001.mp4,1280,720,25.0,383,extraversion,low
126,5040,left_cheek,487.4,368.8,575.0,503.3,769.3,550.9,878.7,719.1,8hW6WfYBP18.001.mp4,1280,720,25.0,383,extraversion,low
126,5040,right_cheek,692.9,357.4,801.3,498.8,1026.1,536.8,1161.7,713.6,8hW6WfYBP18.001.mp4,1280,720,25.0,383,extraversion,low
127,5080,left_eye,492.6,257.5,595.6,347.9,775.7,411.9,904.5,524.9,8hW6WfYBP18.001.mp4,1280,720,25.0,383,extraversion,low
127,5080,right_eye,660.2,241.6,784.5,340.5,985.2,392.0,1140.7,515.6,8hW6WfYBP18.001.mp4,1280,720,25.0,383,extraversion,low
127,5080,nose,575.4,309.3,686.5,436.2,879.3,476.6,1018.2,635.2,8hW6WfYBP18.001.mp4,1280,720,25.0,383,extraversion,low
127,5080,mouth,564.5,466.3,713.0,555.4,865.6,672.9,1051.2,784.2,8hW6WfYBP18.001.mp4,1280,720,25.0,383,extraversion,low
127,5080,forehead,483.3,190.5,820.3,491.4,764.1,328.1,1185.3,704.2,8hW6WfYBP18.001.mp4,1280,720,25.0,383,extraversion,low
127,5080,chin,489.7,359.9,820.3,606.6,772.2,539.8,1185.3,848.2,8hW6WfYBP18.001.mp4,1280,720,25.0,383,extraversion,low
127,5080,left_cheek,487.5,368.8,575.1,503.5,769.4,551.0,878.9,719.4,8hW6WfYBP18.001.mp4,1280,720,25.0,383,extraversion,low
127,5080,right_cheek,693.3,357.1,801.7,498.5,1026.7,536.3,1162.1,713.1,8hW6WfYBP18.001.mp4,1280,720,25.0,383,extraversion,low
128,5120,left_eye,492.6,257.6,595.6,347.9,775.7,412.0,904.5,524.9,8hW6WfYBP18.001.mp4,1280,720,25.0,383,extraversion,low
128,5120,right_eye,660.4,241.8,784.7,340.3,985.4,392.2,1140.9,515.4,8hW6WfYBP18.001.mp4,1280,720,25.0,383,extraversion,low
128,5120,nose,575.7,309.3,686.8,436.1,879.6,476.6,1018.5,635.1,8hW6WfYBP18.001.mp4,1280,720,25.0,383,extraversion,low
128,5120,mouth,564.8,466.0,713.3,555.3,866.0,672.5,1051.6,784.2,8hW6WfYBP18.001.mp4,1280,720,25.0,383,extraversion,low
128,5120,forehead,483.4,190.6,820.3,491.4,764.2,328.2,1185.4,704.2,8hW6WfYBP18.001.mp4,1280,720,25.0,383,extraversion,low
128,5120,chin,489.8,359.7,820.3,606.5,772.2,539.6,1185.4,848.2,8hW6WfYBP18.001.mp4,1280,720,25.0,383,extraversion,low
128,5120,left_cheek,487.5,368.9,575.2,503.5,769.4,551.1,879.0,719.4,8hW6WfYBP18.001.mp4,1280,720,25.0,383,extraversion,low
128,5120,right_cheek,693.6,356.9,801.9,498.3,1027.0,536.1,1162.3,712.8,8hW6WfYBP18.001.mp4,1280,720,25.0,383,extraversion,low
129,5160,left_eye,492.1,257.7,595.6,347.9,775.2,412.2,904.5,524.9,8hW6WfYBP18.001.mp4,1280,720,25.0,383,extraversion,low
129,5160,right_eye,660.4,241.9,784.7,340.2,985.5,392.3,1140.9,515.3,8hW6WfYBP18.001.mp4,1280,720,25.0,383,extraversion,low
129,5160,nose,575.7,309.3,686.8,435.9,879.6,476.6,1018.5,634.9,8hW6WfYBP18.001.mp4,1280,720,25.0,383,extraversion,low
129,5160,mouth,564.8,466.0,713.4,555.3,866.0,672.4,1051.7,784.1,8hW6WfYBP18.001.mp4,1280,720,25.0,383,extraversion,low
129,5160,forehead,483.2,190.8,820.3,491.4,764.0,328.5,1185.4,704.2,8hW6WfYBP18.001.mp4,1280,720,25.0,383,extraversion,low
129,5160,chin,489.7,359.5,820.3,606.5,772.2,539.4,1185.4,848.1,8hW6WfYBP18.001.mp4,1280,720,25.0,383,extraversion,low
129,5160,left_cheek,487.5,368.9,575.2,503.6,769.3,551.2,879.0,719.5,8hW6WfYBP18.001.mp4,1280,720,25.0,383,extraversion,low
129,5160,right_cheek,693.6,356.8,801.9,498.1,1027.0,535.9,1162.3,712.6,8hW6WfYBP18.001.mp4,1280,720,25.0,383,extraversion,low
130,5200,left_eye,493.1,258.6,597.0,347.9,776.3,413.3,906.2,524.9,8hW6WfYBP18.001.mp4,1280,720,25.0,383,extraversion,low
130,5200,right_eye,663.2,242.2,786.5,339.9,989.1,392.8,1143.1,514.9,8hW6WfYBP18.001.mp4,1280,720,25.0,383,extraversion,low
130,5200,nose,577.9,309.6,690.9,434.8,882.4,477.0,1023.6,633.5,8hW6WfYBP18.001.mp4,1280,720,25.0,383,extraversion,low
130,5200,mouth,567.9,458.6,720.4,555.5,869.9,663.2,1060.5,784.4,8hW6WfYBP18.001.mp4,1280,720,25.0,383,extraversion,low
130,5200,forehead,484.3,190.8,822.0,494.4,765.4,328.5,1187.5,708.0,8hW6WfYBP18.001.mp4,1280,720,25.0,383,extraversion,low
130,5200,chin,490.7,359.4,822.0,609.2,773.4,539.3,1187.5,851.5,8hW6WfYBP18.001.mp4,1280,720,25.0,383,extraversion,low
130,5200,left_cheek,488.8,369.4,577.5,504.4,771.0,551.7,881.9,720.5,8hW6WfYBP18.001.mp4,1280,720,25.0,383,extraversion,low
130,5200,right_cheek,697.0,355.5,804.1,496.4,1031.2,534.4,1165.2,710.5,8hW6WfYBP18.001.mp4,1280,720,25.0,383,extraversion,low
131,5240,left_eye,493.6,259.5,597.7,348.1,777.0,414.3,907.1,525.2,8hW6WfYBP18.001.mp4,1280,720,25.0,383,extraversion,low
131,5240,right_eye,664.7,242.7,788.0,339.9,990.8,393.3,1145.0,514.8,8hW6WfYBP18.001.mp4,1280,720,25.0,383,extraversion,low
131,5240,nose,579.2,309.9,692.9,434.7,884.0,477.4,1026.1,633.4,8hW6WfYBP18.001.mp4,1280,720,25.0,383,extraversion,low
131,5240,mouth,569.6,457.1,722.8,556.9,871.9,661.4,1063.5,786.1,8hW6WfYBP18.001.mp4,1280,720,25.0,383,extraversion,low
131,5240,forehead,484.8,190.8,824.1,495.7,766.1,328.5,1190.2,709.6,8hW6WfYBP18.001.mp4,1280,720,25.0,383,extraversion,low
131,5240,chin,491.3,359.3,824.1,611.0,774.1,539.2,1190.2,853.7,8hW6WfYBP18.001.mp4,1280,720,25.0,383,extraversion,low
131,5240,left_cheek,489.6,369.5,578.8,504.9,772.0,551.8,883.5,721.1,8hW6WfYBP18.001.mp4,1280,720,25.0,383,extraversion,low
131,5240,right_cheek,698.8,355.0,806.8,495.6,1033.5,533.7,1168.5,709.5,8hW6WfYBP18.001.mp4,1280,720,25.0,383,extraversion,low
132,5280,left_eye,495.3,259.5,599.2,348.2,779.2,414.3,909.0,525.3,8hW6WfYBP18.001.mp4,1280,720,25.0,383,extraversion,low
132,5280,right_eye,667.4,242.5,790.1,339.9,994.3,393.1,1147.7,514.8,8hW6WfYBP18.001.mp4,1280,720,25.0,383,extraversion,low
132,5280,nose,580.7,310.0,694.6,434.3,885.9,477.5,1028.2,632.9,8hW6WfYBP18.001.mp4,1280,720,25.0,383,extraversion,low
132,5280,mouth,570.2,455.9,725.8,559.9,872.8,659.8,1067.3,789.9,8hW6WfYBP18.001.mp4,1280,720,25.0,383,extraversion,low
132,5280,forehead,486.5,190.6,825.3,497.4,768.1,328.2,1191.7,711.7,8hW6WfYBP18.001.mp4,1280,720,25.0,383,extraversion,low
132,5280,chin,492.4,359.3,825.3,615.8,775.5,539.2,1191.7,859.7,8hW6WfYBP18.001.mp4,1280,720,25.0,383,extraversion,low
132,5280,left_cheek,491.0,369.5,580.5,505.9,773.7,551.8,885.6,722.4,8hW6WfYBP18.001.mp4,1280,720,25.0,383,extraversion,low
132,5280,right_cheek,700.7,354.9,808.1,495.7,1035.8,533.6,1170.1,709.6,8hW6WfYBP18.001.mp4,1280,720,25.0,383,extraversion,low
133,5320,left_eye,496.2,259.5,600.2,348.5,780.2,414.4,910.2,525.6,8hW6WfYBP18.001.mp4,1280,720,25.0,383,extraversion,low
133,5320,right_eye,668.9,242.3,791.5,339.9,996.1,392.8,1149.3,514.8,8hW6WfYBP18.001.mp4,1280,720,25.0,383,extraversion,low
133,5320,nose,581.9,310.1,696.0,434.3,887.4,477.7,1030.0,632.9,8hW6WfYBP18.001.mp4,1280,720,25.0,383,extraversion,low
133,5320,mouth,570.5,455.2,729.1,560.7,873.2,659.0,1071.4,790.8,8hW6WfYBP18.001.mp4,1280,720,25.0,383,extraversion,low
133,5320,forehead,487.1,190.4,826.5,497.3,768.9,328.0,1193.1,711.6,8hW6WfYBP18.001.mp4,1280,720,25.0,383,extraversion,low
133,5320,chin,493.1,358.7,826.5,616.0,776.4,538.4,1193.1,860.0,8hW6WfYBP18.001.mp4,1280,720,25.0,383,extraversion,low
133,5320,left_cheek,491.7,369.5,581.7,506.3,774.6,551.8,887.1,722.8,8hW6WfYBP18.001.mp4,1280,720,25.0,383,extraversion,low
133,5320,right_cheek,702.1,354.2,809.1,495.6,1037.6,532.8,1171.3,709.5,8hW6WfYBP18.001.mp4,1280,720,25.0,383,extraversion,low
134,5360,left_eye,496.6,259.5,600.7,348.7,780.7,414.4,910.9,525.8,8hW6WfYBP18.001.mp4,1280,720,25.0,383,extraversion,low
134,5360,right_eye,669.5,242.1,791.9,339.9,996.9,392.6,1149.9,514.8,8hW6WfYBP18.001.mp4,1280,720,25.0,383,extraversion,low
134,5360,nose,582.8,310.3,696.4,434.3,888.5,477.8,1030.6,632.9,8hW6WfYBP18.001.mp4,1280,720,25.0,383,extraversion,low
134,5360,mouth,570.6,455.1,729.4,560.7,873.3,658.9,1071.8,790.9,8hW6WfYBP18.001.mp4,1280,720,25.0,383,extraversion,low
134,5360,forehead,487.2,190.2,826.7,497.1,769.0,327.8,1193.4,711.4,8hW6WfYBP18.001.mp4,1280,720,25.0,383,extraversion,low
134,5360,chin,493.1,358.3,826.7,616.1,776.3,537.9,1193.4,860.1,8hW6WfYBP18.001.mp4,1280,720,25.0,383,extraversion,low
134,5360,left_cheek,491.9,369.4,582.3,506.4,774.9,551.8,887.9,723.0,8hW6WfYBP18.001.mp4,1280,720,25.0,383,extraversion,low
134,5360,right_cheek,702.5,354.0,809.3,495.7,1038.2,532.4,1171.6,709.6,8hW6WfYBP18.001.mp4,1280,720,25.0,383,extraversion,low
135,5400,left_eye,496.9,261.1,602.8,349.8,781.2,416.4,913.5,527.3,8hW6WfYBP18.001.mp4,1280,720,25.0,383,extraversion,low
135,5400,right_eye,670.6,242.0,792.8,339.9,998.3,392.5,1151.1,514.9,8hW6WfYBP18.001.mp4,1280,720,25.0,383,extraversion,low
135,5400,nose,584.3,311.0,698.9,435.0,890.4,478.8,1033.6,633.7,8hW6WfYBP18.001.mp4,1280,720,25.0,383,extraversion,low
135,5400,mouth,572.4,455.2,731.8,560.7,875.4,659.0,1074.7,790.9,8hW6WfYBP18.001.mp4,1280,720,25.0,383,extraversion,low
135,5400,forehead,487.5,190.6,827.5,499.4,769.4,328.3,1194.4,714.2,8hW6WfYBP18.001.mp4,1280,720,25.0,383,extraversion,low
135,5400,chin,493.6,358.4,827.5,615.5,777.0,538.0,1194.4,859.4,8hW6WfYBP18.001.mp4,1280,720,25.0,383,extraversion,low
135,5400,left_cheek,493.2,370.8,583.8,507.5,776.5,553.5,889.7,724.4,8hW6WfYBP18.001.mp4,1280,720,25.0,383,extraversion,low
135,5400,right_cheek,704.1,353.9,810.5,495.5,1040.2,532.4,1173.2,709.4,8hW6WfYBP18.001.mp4,1280,720,25.0,383,extraversion,low
136,5440,left_eye,497.5,261.6,603.1,350.5,781.8,417.0,913.9,528.2,8hW6WfYBP18.001.mp4,1280,720,25.0,383,extraversion,low
136,5440,right_eye,670.9,242.0,792.9,339.9,998.7,392.5,1151.2,514.9,8hW6WfYBP18.001.mp4,1280,720,25.0,383,extraversion,low
136,5440,nose,585.3,311.5,699.9,435.5,891.6,479.4,1034.8,634.3,8hW6WfYBP18.001.mp4,1280,720,25.0,383,extraversion,low
136,5440,mouth,573.2,455.2,732.5,560.7,876.5,659.0,1075.7,790.8,8hW6WfYBP18.001.mp4,1280,720,25.0,383,extraversion,low
136,5440,forehead,487.8,190.8,827.5,499.7,769.7,328.5,1194.4,714.7,8hW6WfYBP18.001.mp4,1280,720,25.0,383,extraversion,low
136,5440,chin,494.2,358.3,827.5,615.1,777.7,537.9,1194.4,858.9,8hW6WfYBP18.001.mp4,1280,720,25.0,383,extraversion,low
136,5440,left_cheek,494.0,371.4,584.5,507.8,777.5,554.3,890.6,724.7,8hW6WfYBP18.001.mp4,1280,720,25.0,383,extraversion,low
136,5440,right_cheek,704.8,353.8,811.0,495.3,1041.1,532.3,1173.7,709.1,8hW6WfYBP18.001.mp4,1280,720,25.0,383,extraversion,low
137,5480,left_eye,497.7,262.8,606.2,352.6,782.1,418.4,917.7,530.8,8hW6WfYBP18.001.mp4,1280,720,25.0,383,extraversion,low
137,5480,right_eye,671.7,242.4,794.0,340.6,999.6,393.0,1152.6,515.7,8hW6WfYBP18.001.mp4,1280,720,25.0,383,extraversion,low
137,5480,nose,587.0,313.0,702.5,436.2,893.8,481.3,1038.1,635.2,8hW6WfYBP18.001.mp4,1280,720,25.0,383,extraversion,low
137,5480,mouth,577.3,455.5,733.8,561.8,881.6,659.4,1077.3,792.3,8hW6WfYBP18.001.mp4,1280,720,25.0,383,extraversion,low
137,5480,forehead,488.1,193.7,830.5,500.8,770.2,332.1,1198.1,716.1,8hW6WfYBP18.001.mp4,1280,720,25.0,383,extraversion,low
137,5480,chin,495.2,358.4,830.5,614.9,778.9,537.9,1198.1,858.6,8hW6WfYBP18.001.mp4,1280,720,25.0,383,extraversion,low
137,5480,left_cheek,495.5,373.8,586.4,508.8,779.3,557.2,893.1,726.0,8hW6WfYBP18.001.mp4,1280,720,25.0,383,extraversion,low
137,5480,right_cheek,706.3,353.9,812.8,495.3,1042.9,532.3,1176.0,709.1,8hW6WfYBP18.001.mp4,1280,720,25.0,383,extraversion,low
138,5520,left_eye,498.4,262.8,607.1,353.3,783.0,418.5,918.9,531.6,8hW6WfYBP18.001.mp4,1280,720,25.0,383,extraversion,low
138,5520,right_eye,672.4,242.3,794.2,340.9,1000.5,392.9,1152.7,516.1,8hW6WfYBP18.001.mp4,1280,720,25.0,383,extraversion,low
138,5520,nose,588.3,313.6,703.8,436.7,895.4,482.0,1039.7,635.9,8hW6WfYBP18.001.mp4,1280,720,25.0,383,extraversion,low
138,5520,mouth,578.0,455.6,733.8,561.9,882.5,659.5,1077.3,792.3,8hW6WfYBP18.001.mp4,1280,720,25.0,383,extraversion,low
138,5520,forehead,488.4,194.3,830.9,501.3,770.5,332.9,1198.6,716.6,8hW6WfYBP18.001.mp4,1280,720,25.0,383,extraversion,low
138,5520,chin,495.4,358.4,830.9,614.8,779.2,538.0,1198.6,858.4,8hW6WfYBP18.001.mp4,1280,720,25.0,383,extraversion,low
138,5520,left_cheek,496.1,374.4,587.5,509.2,780.1,558.0,894.4,726.5,8hW6WfYBP18.001.mp4,1280,720,25.0,383,extraversion,low
138,5520,right_cheek,707.1,353.9,813.3,495.1,1043.9,532.4,1176.6,708.9,8hW6WfYBP18.001.mp4,1280,720,25.0,383,extraversion,low
139,5560,left_eye,497.7,263.3,606.5,354.7,782.2,419.1,918.2,533.4,8hW6WfYBP18.001.mp4,1280,720,25.0,383,extraversion,low
139,5560,right_eye,672.1,242.3,794.4,342.9,1000.1,392.9,1153.1,518.6,8hW6WfYBP18.001.mp4,1280,720,25.0,383,extraversion,low
139,5560,nose,588.2,314.5,702.7,437.9,895.3,483.1,1038.3,637.4,8hW6WfYBP18.001.mp4,1280,720,25.0,383,extraversion,low
139,5560,mouth,577.2,461.4,733.0,562.2,881.5,666.7,1076.2,792.8,8hW6WfYBP18.001.mp4,1280,720,25.0,383,extraversion,low
139,5560,forehead,487.9,194.5,832.8,501.0,769.9,333.1,1201.0,716.2,8hW6WfYBP18.001.mp4,1280,720,25.0,383,extraversion,low
139,5560,chin,495.1,358.2,832.8,614.6,778.8,537.7,1201.0,858.2,8hW6WfYBP18.001.mp4,1280,720,25.0,383,extraversion,low
139,5560,left_cheek,495.9,375.2,587.0,509.6,779.9,559.0,893.7,727.0,8hW6WfYBP18.001.mp4,1280,720,25.0,383,extraversion,low
139,5560,right_cheek,706.5,354.4,812.9,497.0,1043.1,533.0,1176.1,711.2,8hW6WfYBP18.001.mp4,1280,720,25.0,383,extraversion,low
140,5600,left_eye,497.4,264.0,606.2,356.0,781.7,420.0,917.8,535.0,8hW6WfYBP18.001.mp4,1280,720,25.0,383,extraversion,low
140,5600,right_eye,671.8,242.7,794.5,344.4,999.8,393.4,1153.2,520.6,8hW6WfYBP18.001.mp4,1280,720,25.0,383,extraversion,low
140,5600,nose,588.2,315.4,702.0,439.0,895.3,484.3,1037.5,638.8,8hW6WfYBP18.001.mp4,1280,720,25.0,383,extraversion,low
140,5600,mouth,576.8,463.8,732.4,562.9,881.0,669.8,1075.6,793.6,8hW6WfYBP18.001.mp4,1280,720,25.0,383,extraversion,low
140,5600,forehead,487.7,194.9,833.4,500.7,769.6,333.6,1201.8,715.9,8hW6WfYBP18.001.mp4,1280,720,25.0,383,extraversion,low
140,5600,chin,494.9,358.3,833.4,614.9,778.7,537.8,1201.8,858.7,8hW6WfYBP18.001.mp4,1280,720,25.0,383,extraversion,low
140,5600,left_cheek,495.7,376.0,586.7,510.4,779.7,560.0,893.4,728.0,8hW6WfYBP18.001.mp4,1280,720,25.0,383,extraversion,low
140,5600,right_cheek,706.1,355.5,812.9,498.9,1042.6,534.3,1176.1,713.6,8hW6WfYBP18.001.mp4,1280,720,25.0,383,extraversion,low
141,5640,left_eye,496.4,264.8,605.0,357.5,780.5,421.0,916.3,536.9,8hW6WfYBP18.001.mp4,1280,720,25.0,383,extraversion,low
141,5640,right_eye,668.3,243.7,794.3,346.9,995.4,394.7,1152.8,523.6,8hW6WfYBP18.001.mp4,1280,720,25.0,383,extraversion,low
141,5640,nose,587.5,316.4,694.3,441.7,894.4,485.6,1027.9,642.1,8hW6WfYBP18.001.mp4,1280,720,25.0,383,extraversion,low
141,5640,mouth,577.3,469.2,721.3,564.2,881.6,676.5,1061.6,795.3,8hW6WfYBP18.001.mp4,1280,720,25.0,383,extraversion,low
141,5640,forehead,487.6,195.6,833.6,501.0,769.5,334.4,1202.0,716.3,8hW6WfYBP18.001.mp4,1280,720,25.0,383,extraversion,low
141,5640,chin,495.0,359.6,833.6,615.9,778.7,539.5,1202.0,859.9,8hW6WfYBP18.001.mp4,1280,720,25.0,383,extraversion,low
141,5640,left_cheek,495.1,377.7,585.6,512.6,778.8,562.1,892.0,730.7,8hW6WfYBP18.001.mp4,1280,720,25.0,383,extraversion,low
141,5640,right_cheek,701.3,357.9,812.4,503.4,1036.6,537.4,1175.5,719.2,8hW6WfYBP18.001.mp4,1280,720,25.0,383,extraversion,low
142,5680,left_eye,496.0,265.3,604.2,358.1,780.0,421.6,915.2,537.6,8hW6WfYBP18.001.mp4,1280,720,25.0,383,extraversion,low
142,5680,right_eye,666.9,244.3,794.2,347.9,993.6,395.3,1152.7,524.9,8hW6WfYBP18.001.mp4,1280,720,25.0,383,extraversion,low
142,5680,nose,586.5,316.9,692.5,442.6,893.2,486.1,1025.6,643.3,8hW6WfYBP18.001.mp4,1280,720,25.0,383,extraversion,low
142,5680,mouth,577.1,470.4,719.0,564.7,881.4,678.0,1058.7,795.9,8hW6WfYBP18.001.mp4,1280,720,25.0,383,extraversion,low
142,5680,forehead,487.5,195.9,833.5,501.2,769.4,334.9,1201.9,716.5,8hW6WfYBP18.001.mp4,1280,720,25.0,383,extraversion,low
142,5680,chin,495.1,360.6,833.5,616.1,778.8,540.7,1201.9,860.1,8hW6WfYBP18.001.mp4,1280,720,25.0,383,extraversion,low
142,5680,left_cheek,494.7,378.4,584.7,513.4,778.4,562.9,890.9,731.8,8hW6WfYBP18.001.mp4,1280,720,25.0,383,extraversion,low
142,5680,right_cheek,699.8,359.2,812.1,504.7,1034.8,539.0,1175.1,720.9,8hW6WfYBP18.001.mp4,1280,720,25.0,383,extraversion,low
143,5720,left_eye,495.1,265.2,600.3,358.7,778.9,421.4,910.3,538.4,8hW6WfYBP18.001.mp4,1280,720,25.0,383,extraversion,low
143,5720,right_eye,661.0,245.0,789.6,350.0,986.3,396.3,1147.0,527.4,8hW6WfYBP18.001.mp4,1280,720,25.0,383,extraversion,low
143,5720,nose,580.1,317.2,682.9,442.6,885.1,486.5,1013.6,643.3,8hW6WfYBP18.001.mp4,1280,720,25.0,383,extraversion,low
143,5720,mouth,575.7,472.9,708.0,564.5,879.6,681.2,1045.0,795.7,8hW6WfYBP18.001.mp4,1280,720,25.0,383,extraversion,low
143,5720,forehead,487.4,196.0,833.1,501.2,769.3,335.0,1201.3,716.5,8hW6WfYBP18.001.mp4,1280,720,25.0,383,extraversion,low
143,5720,chin,495.5,361.7,833.1,616.2,779.4,542.1,1201.3,860.3,8hW6WfYBP18.001.mp4,1280,720,25.0,383,extraversion,low
143,5720,left_cheek,493.6,378.1,580.0,513.5,777.0,562.7,885.1,731.8,8hW6WfYBP18.001.mp4,1280,720,25.0,383,extraversion,low
143,5720,right_cheek,692.4,360.8,806.9,506.5,1025.5,541.0,1168.6,723.1,8hW6WfYBP18.001.mp4,1280,720,25.0,383,extraversion,low
144,5760,left_eye,494.3,265.1,599.1,359.0,777.9,421.4,908.8,538.8,8hW6WfYBP18.001.mp4,1280,720,25.0,383,extraversion,low
144,5760,right_eye,659.4,245.2,788.0,350.3,984.3,396.5,1145.0,527.9,8hW6WfYBP18.001.mp4,1280,720,25.0,383,extraversion,low
144,5760,nose,578.4,317.2,681.7,442.7,883.1,486.5,1012.1,643.3,8hW6WfYBP18.001.mp4,1280,720,25.0,383,extraversion,low
144,5760,mouth,575.3,473.2,706.6,564.9,879.1,681.5,1043.3,796.1,8hW6WfYBP18.001.mp4,1280,720,25.0,383,extraversion,low
144,5760,forehead,486.8,196.0,832.7,501.1,768.5,335.0,1200.8,716.4,8hW6WfYBP18.001.mp4,1280,720,25.0,383,extraversion,low
144,5760,chin,495.6,362.4,832.7,616.8,779.5,543.0,1200.8,861.0,8hW6WfYBP18.001.mp4,1280,720,25.0,383,extraversion,low
144,5760,left_cheek,492.8,378.0,578.5,513.6,776.0,562.5,883.1,732.0,8hW6WfYBP18.001.mp4,1280,720,25.0,383,extraversion,low
144,5760,right_cheek,690.9,361.4,805.3,507.0,1023.7,541.8,1166.6,723.8,8hW6WfYBP18.001.mp4,1280,720,25.0,383,extraversion,low
145,5800,left_eye,494.1,265.2,595.9,359.9,777.6,421.5,904.9,539.8,8hW6WfYBP18.001.mp4,1280,720,25.0,383,extraversion,low
145,5800,right_eye,655.9,246.9,784.7,353.0,979.9,398.7,1140.9,531.3,8hW6WfYBP18.001.mp4,1280,720,25.0,383,extraversion,low
145,5800,nose,572.9,318.3,673.6,445.1,876.1,487.8,1002.0,646.4,8hW6WfYBP18.001.mp4,1280,720,25.0,383,extraversion,low
145,5800,mouth,572.3,479.4,694.1,563.1,875.3,689.2,1027.6,793.9,8hW6WfYBP18.001.mp4,1280,720,25.0,383,extraversion,low
145,5800,forehead,486.9,196.9,829.8,500.7,768.6,336.1,1197.3,715.8,8hW6WfYBP18.001.mp4,1280,720,25.0,383,extraversion,low
145,5800,chin,496.9,365.2,829.8,618.2,781.1,546.6,1197.3,862.7,8hW6WfYBP18.001.mp4,1280,720,25.0,383,extraversion,low
145,5800,left_cheek,492.2,377.9,575.1,513.7,775.3,562.4,878.9,732.2,8hW6WfYBP18.001.mp4,1280,720,25.0,383,extraversion,low
145,5800,right_cheek,684.9,364.9,800.6,511.3,1016.1,546.1,1160.7,729.1,8hW6WfYBP18.001.mp4,1280,720,25.0,383,extraversion,low
146,5840,left_eye,493.1,265.4,594.4,361.0,776.4,421.8,903.0,541.2,8hW6WfYBP18.001.mp4,1280,720,25.0,383,extraversion,low
146,5840,right_eye,654.7,248.0,783.4,354.5,978.3,400.0,1139.3,533.2,8hW6WfYBP18.001.mp4,1280,720,25.0,383,extraversion,low
146,5840,nose,571.3,319.3,672.5,446.5,874.1,489.1,1000.6,648.1,8hW6WfYBP18.001.mp4,1280,720,25.0,383,extraversion,low
146,5840,mouth,570.7,481.1,693.0,562.2,873.4,691.3,1026.3,792.8,8hW6WfYBP18.001.mp4,1280,720,25.0,383,extraversion,low
146,5840,forehead,486.6,197.8,827.4,500.5,768.3,337.3,1194.2,715.6,8hW6WfYBP18.001.mp4,1280,720,25.0,383,extraversion,low
146,5840,chin,496.9,366.3,827.4,618.4,781.1,547.8,1194.2,863.0,8hW6WfYBP18.001.mp4,1280,720,25.0,383,extraversion,low
146,5840,left_cheek,491.0,377.9,573.7,514.0,773.8,562.4,877.1,732.5,8hW6WfYBP18.001.mp4,1280,720,25.0,383,extraversion,low
146,5840,right_cheek,683.5,366.1,798.7,512.4,1014.4,547.7,1158.4,730.4,8hW6WfYBP18.001.mp4,1280,720,25.0,383,extraversion,low
147,5880,left_eye,492.7,264.9,592.0,360.0,775.8,421.1,900.0,540.0,8hW6WfYBP18.001.mp4,1280,720,25.0,383,extraversion,low
147,5880,right_eye,652.9,248.5,783.4,352.9,976.2,400.7,1139.3,531.1,8hW6WfYBP18.001.mp4,1280,720,25.0,383,extraversion,low
147,5880,nose,566.4,319.2,667.4,446.6,868.0,489.0,994.2,648.2,8hW6WfYBP18.001.mp4,1280,720,25.0,383,extraversion,low
147,5880,mouth,565.9,483.6,683.9,561.3,867.4,694.5,1014.9,791.7,8hW6WfYBP18.001.mp4,1280,720,25.0,383,extraversion,low
147,5880,forehead,487.6,197.7,827.5,499.1,769.5,337.1,1194.4,713.8,8hW6WfYBP18.001.mp4,1280,720,25.0,383,extraversion,low
147,5880,chin,498.1,369.4,827.5,619.2,782.6,551.7,1194.4,864.0,8hW6WfYBP18.001.mp4,1280,720,25.0,383,extraversion,low
147,5880,left_cheek,489.6,376.4,570.3,513.8,772.0,560.5,872.9,732.3,8hW6WfYBP18.001.mp4,1280,720,25.0,383,extraversion,low
147,5880,right_cheek,680.3,368.4,798.4,515.8,1010.4,550.5,1158.0,734.7,8hW6WfYBP18.001.mp4,1280,720,25.0,383,extraversion,low
148,5920,left_eye,492.7,263.1,591.5,354.5,775.9,418.8,899.3,533.1,8hW6WfYBP18.001.mp4,1280,720,25.0,383,extraversion,low
148,5920,right_eye,652.9,248.4,783.8,352.5,976.2,400.4,1139.7,530.7,8hW6WfYBP18.001.mp4,1280,720,25.0,383,extraversion,low
148,5920,nose,563.9,317.6,664.9,445.8,864.8,487.0,991.1,647.3,8hW6WfYBP18.001.mp4,1280,720,25.0,383,extraversion,low
148,5920,mouth,561.2,482.4,681.4,561.4,861.5,693.0,1011.7,791.7,8hW6WfYBP18.001.mp4,1280,720,25.0,383,extraversion,low
148,5920,forehead,489.1,197.7,827.6,504.0,771.4,337.1,1194.5,720.0,8hW6WfYBP18.001.mp4,1280,720,25.0,383,extraversion,low
148,5920,chin,500.3,373.9,827.6,620.7,785.4,557.4,1194.5,865.8,8hW6WfYBP18.001.mp4,1280,720,25.0,383,extraversion,low
148,5920,left_cheek,489.3,374.0,568.8,513.0,771.7,557.5,871.0,731.2,8hW6WfYBP18.001.mp4,1280,720,25.0,383,extraversion,low
148,5920,right_cheek,678.8,370.7,797.8,518.5,1008.5,553.4,1157.2,738.1,8hW6WfYBP18.001.mp4,1280,720,25.0,383,extraversion,low
149,5960,left_eye,492.4,262.0,591.3,353.1,775.5,417.6,899.2,531.4,8hW6WfYBP18.001.mp4,1280,720,25.0,383,extraversion,low
149,5960,right_eye,653.2,248.2,784.1,352.3,976.5,400.3,1140.1,530.4,8hW6WfYBP18.001.mp4,1280,720,25.0,383,extraversion,low
149,5960,nose,563.0,316.8,665.0,445.4,863.7,486.0,991.2,646.7,8hW6WfYBP18.001.mp4,1280,720,25.0,383,extraversion,low
149,5960,mouth,560.0,482.3,681.0,561.4,860.0,692.9,1011.2,791.7,8hW6WfYBP18.001.mp4,1280,720,25.0,383,extraversion,low
149,5960,forehead,489.2,197.6,827.6,503.8,771.5,337.0,1194.5,719.7,8hW6WfYBP18.001.mp4,1280,720,25.0,383,extraversion,low
149,5960,chin,500.4,373.8,827.6,621.4,785.5,557.3,1194.5,866.8,8hW6WfYBP18.001.mp4,1280,720,25.0,383,extraversion,low
149,5960,left_cheek,488.8,372.7,568.1,512.4,771.0,555.8,870.1,730.4,8hW6WfYBP18.001.mp4,1280,720,25.0,383,extraversion,low
149,5960,right_cheek,678.7,370.9,797.7,518.9,1008.4,553.7,1157.1,738.6,8hW6WfYBP18.001.mp4,1280,720,25.0,383,extraversion,low
150,6000,left_eye,493.1,259.6,591.7,350.4,776.3,414.4,899.6,528.0,8hW6WfYBP18.001.mp4,1280,720,25.0,383,extraversion,low
150,6000,right_eye,653.6,248.4,784.3,351.7,977.0,400.4,1140.4,529.6,8hW6WfYBP18.001.mp4,1280,720,25.0,383,extraversion,low
150,6000,nose,564.0,315.2,665.8,441.7,865.1,484.0,992.2,642.1,8hW6WfYBP18.001.mp4,1280,720,25.0,383,extraversion,low
150,6000,mouth,560.1,478.3,685.7,565.4,860.2,687.9,1017.1,796.8,8hW6WfYBP18.001.mp4,1280,720,25.0,383,extraversion,low
150,6000,forehead,490.8,197.5,829.3,504.8,773.5,336.9,1196.7,721.0,8hW6WfYBP18.001.mp4,1280,720,25.0,383,extraversion,low
150,6000,chin,501.2,375.9,829.3,621.4,786.5,559.9,1196.7,866.8,8hW6WfYBP18.001.mp4,1280,720,25.0,383,extraversion,low
150,6000,left_cheek,488.9,371.3,568.2,510.9,771.1,554.2,870.3,728.7,8hW6WfYBP18.001.mp4,1280,720,25.0,383,extraversion,low
150,6000,right_cheek,679.9,371.2,798.0,518.0,1009.8,553.9,1157.5,737.5,8hW6WfYBP18.001.mp4,1280,720,25.0,383,extraversion,low
151,6040,left_eye,493.7,258.9,592.0,350.0,777.1,413.7,900.0,527.5,8hW6WfYBP18.001.mp4,1280,720,25.0,383,extraversion,low
151,6040,right_eye,653.8,248.5,784.4,351.3,977.2,400.6,1140.5,529.1,8hW6WfYBP18.001.mp4,1280,720,25.0,383,extraversion,low
151,6040,nose,564.2,314.2,665.8,439.7,865.3,482.8,992.3,639.7,8hW6WfYBP18.001.mp4,1280,720,25.0,383,extraversion,low
151,6040,mouth,559.9,475.9,687.0,566.5,859.9,684.8,1018.8,798.1,8hW6WfYBP18.001.mp4,1280,720,25.0,383,extraversion,low
151,6040,forehead,492.0,197.5,829.8,504.9,775.0,336.8,1197.3,721.1,8hW6WfYBP18.001.mp4,1280,720,25.0,383,extraversion,low
151,6040,chin,502.3,376.3,829.8,621.3,787.9,560.3,1197.3,866.6,8hW6WfYBP18.001.mp4,1280,720,25.0,383,extraversion,low
151,6040,left_cheek,489.0,370.8,568.4,509.9,771.2,553.5,870.4,727.4,8hW6WfYBP18.001.mp4,1280,720,25.0,383,extraversion,low
151,6040,right_cheek,680.2,371.0,798.4,517.5,1010.2,553.8,1158.1,736.9,8hW6WfYBP18.001.mp4,1280,720,25.0,383,extraversion,low
152,6080,left_eye,496.0,258.4,592.3,349.6,780.0,413.0,900.4,527.0,8hW6WfYBP18.001.mp4,1280,720,25.0,383,extraversion,low
152,6080,right_eye,653.9,249.1,786.0,351.2,977.4,401.3,1142.5,529.0,8hW6WfYBP18.001.mp4,1280,720,25.0,383,extraversion,low
152,6080,nose,565.1,313.8,666.8,438.8,866.4,482.3,993.5,638.5,8hW6WfYBP18.001.mp4,1280,720,25.0,383,extraversion,low
152,6080,mouth,560.4,473.3,687.7,566.7,860.5,681.7,1019.6,798.4,8hW6WfYBP18.001.mp4,1280,720,25.0,383,extraversion,low
152,6080,forehead,494.2,197.4,831.8,506.2,777.7,336.8,1199.8,722.8,8hW6WfYBP18.001.mp4,1280,720,25.0,383,extraversion,low
152,6080,chin,504.5,376.3,831.8,621.8,790.6,560.4,1199.8,867.3,8hW6WfYBP18.001.mp4,1280,720,25.0,383,extraversion,low
152,6080,left_cheek,490.4,370.2,568.8,509.6,773.0,552.7,871.1,727.0,8hW6WfYBP18.001.mp4,1280,720,25.0,383,extraversion,low
152,6080,right_cheek,680.8,371.1,800.3,517.5,1011.0,553.8,1160.3,736.9,8hW6WfYBP18.001.mp4,1280,720,25.0,383,extraversion,low
153,6120,left_eye,497.2,258.1,592.4,349.6,781.5,412.6,900.5,527.0,8hW6WfYBP18.001.mp4,1280,720,25.0,383,extraversion,low
153,6120,right_eye,654.1,249.2,786.1,351.1,977.6,401.5,1142.7,528.9,8hW6WfYBP18.001.mp4,1280,720,25.0,383,extraversion,low
153,6120,nose,565.4,313.3,667.5,437.7,866.8,481.7,994.4,637.1,8hW6WfYBP18.001.mp4,1280,720,25.0,383,extraversion,low
153,6120,mouth,560.2,472.4,688.7,566.6,860.3,680.5,1020.9,798.3,8hW6WfYBP18.001.mp4,1280,720,25.0,383,extraversion,low
153,6120,forehead,495.1,197.4,831.7,506.5,778.8,336.8,1199.7,723.2,8hW6WfYBP18.001.mp4,1280,720,25.0,383,extraversion,low
153,6120,chin,505.3,377.1,831.7,621.9,791.7,561.4,1199.7,867.4,8hW6WfYBP18.001.mp4,1280,720,25.0,383,extraversion,low
153,6120,left_cheek,491.2,370.1,569.2,509.4,774.0,552.6,871.5,726.7,8hW6WfYBP18.001.mp4,1280,720,25.0,383,extraversion,low
153,6120,right_cheek,681.2,371.1,800.3,517.2,1011.5,553.9,1160.4,736.5,8hW6WfYBP18.001.mp4,1280,720,25.0,383,extraversion,low
154,6160,left_eye,500.3,256.6,594.3,349.3,785.4,410.7,902.8,526.6,8hW6WfYBP18.001.mp4,1280,720,25.0,383,extraversion,low
154,6160,right_eye,655.7,249.5,787.2,350.7,979.6,401.9,1144.0,528.4,8hW6WfYBP18.001.mp4,1280,720,25.0,383,extraversion,low
154,6160,nose,567.2,312.6,667.6,436.6,869.0,480.7,994.6,635.7,8hW6WfYBP18.001.mp4,1280,720,25.0,383,extraversion,low
154,6160,mouth,560.5,470.2,690.6,566.1,860.6,677.7,1023.3,797.7,8hW6WfYBP18.001.mp4,1280,720,25.0,383,extraversion,low
154,6160,forehead,498.1,197.4,833.4,506.3,782.6,336.7,1201.7,722.8,8hW6WfYBP18.001.mp4,1280,720,25.0,383,extraversion,low
154,6160,chin,506.9,377.1,833.1,622.1,793.6,561.4,1201.3,867.6,8hW6WfYBP18.001.mp4,1280,720,25.0,383,extraversion,low
154,6160,left_cheek,493.4,369.3,570.8,508.8,776.8,551.6,873.5,725.9,8hW6WfYBP18.001.mp4,1280,720,25.0,383,extraversion,low
154,6160,right_cheek,682.1,371.0,801.9,517.0,1012.6,553.7,1162.3,736.2,8hW6WfYBP18.001.mp4,1280,720,25.0,383,extraversion,low
155,6200,left_eye,501.1,255.9,594.6,349.1,786.4,409.9,903.3,526.4,8hW6WfYBP18.001.mp4,1280,720,25.0,383,extraversion,low
155,6200,right_eye,656.4,249.6,787.7,350.4,980.5,402.0,1144.6,528.0,8hW6WfYBP18.001.mp4,1280,720,25.0,383,extraversion,low
155,6200,nose,567.4,311.7,667.9,435.6,869.3,479.7,994.9,634.5,8hW6WfYBP18.001.mp4,1280,720,25.0,383,extraversion,low
155,6200,mouth,560.8,469.5,690.8,566.0,861.0,676.8,1023.5,797.5,8hW6WfYBP18.001.mp4,1280,720,25.0,383,extraversion,low
155,6200,forehead,498.6,196.4,833.5,505.9,783.3,335.5,1201.9,722.4,8hW6WfYBP18.001.mp4,1280,720,25.0,383,extraversion,low
155,6200,chin,507.5,377.0,833.2,622.1,794.3,561.3,1201.5,867.7,8hW6WfYBP18.001.mp4,1280,720,25.0,383,extraversion,low
155,6200,left_cheek,494.2,368.7,571.2,508.3,777.7,550.9,874.0,725.4,8hW6WfYBP18.001.mp4,1280,720,25.0,383,extraversion,low
155,6200,right_cheek,682.3,370.9,802.2,516.9,1012.9,553.6,1162.8,736.1,8hW6WfYBP18.001.mp4,1280,720,25.0,383,extraversion,low
156,6240,left_eye,506.3,254.6,598.1,349.1,792.8,408.2,907.6,526.4,8hW6WfYBP18.001.mp4,1280,720,25.0,383,extraversion,low
156,6240,right_eye,660.1,250.0,789.1,350.4,985.1,402.6,1146.4,528.0,8hW6WfYBP18.001.mp4,1280,720,25.0,383,extraversion,low
156,6240,nose,569.7,311.4,669.7,434.5,872.2,479.3,997.2,633.1,8hW6WfYBP18.001.mp4,1280,720,25.0,383,extraversion,low
156,6240,mouth,561.0,467.4,692.5,564.5,861.2,674.3,1025.6,795.6,8hW6WfYBP18.001.mp4,1280,720,25.0,383,extraversion,low
156,6240,forehead,503.8,196.5,833.5,505.7,789.7,335.6,1201.9,722.1,8hW6WfYBP18.001.mp4,1280,720,25.0,383,extraversion,low
156,6240,chin,510.1,375.9,833.1,622.0,797.7,559.9,1201.3,867.6,8hW6WfYBP18.001.mp4,1280,720,25.0,383,extraversion,low
156,6240,left_cheek,497.4,367.6,573.8,506.2,781.8,549.5,877.2,722.8,8hW6WfYBP18.001.mp4,1280,720,25.0,383,extraversion,low
156,6240,right_cheek,684.2,371.0,802.5,516.4,1015.2,553.7,1163.2,735.5,8hW6WfYBP18.001.mp4,1280,720,25.0,383,extraversion,low
157,6280,left_eye,507.4,254.8,599.3,349.2,794.2,408.5,909.1,526.5,8hW6WfYBP18.001.mp4,1280,720,25.0,383,extraversion,low
157,6280,right_eye,661.5,251.3,789.8,351.0,986.8,404.2,1147.3,528.8,8hW6WfYBP18.001.mp4,1280,720,25.0,383,extraversion,low
157,6280,nose,570.8,311.5,671.1,434.9,873.6,479.4,998.9,633.6,8hW6WfYBP18.001.mp4,1280,720,25.0,383,extraversion,low
157,6280,mouth,561.0,468.0,693.9,564.8,861.3,675.0,1027.4,796.0,8hW6WfYBP18.001.mp4,1280,720,25.0,383,extraversion,low
157,6280,forehead,504.7,196.6,833.6,505.9,790.8,335.8,1202.0,722.4,8hW6WfYBP18.001.mp4,1280,720,25.0,383,extraversion,low
157,6280,chin,511.2,375.9,833.0,621.3,799.0,559.8,1201.2,866.6,8hW6WfYBP18.001.mp4,1280,720,25.0,383,extraversion,low
157,6280,left_cheek,498.5,367.8,574.9,506.3,783.2,549.7,878.6,722.8,8hW6WfYBP18.001.mp4,1280,720,25.0,383,extraversion,low
157,6280,right_cheek,685.3,372.0,802.9,516.4,1016.7,555.0,1163.7,735.5,8hW6WfYBP18.001.mp4,1280,720,25.0,383,extraversion,low
158,6320,left_eye,510.2,254.2,601.2,349.3,797.7,407.8,911.5,526.7,8hW6WfYBP18.001.mp4,1280,720,25.0,383,extraversion,low
158,6320,right_eye,663.5,252.0,791.3,351.6,989.4,405.0,1149.1,529.5,8hW6WfYBP18.001.mp4,1280,720,25.0,383,extraversion,low
158,6320,nose,571.9,311.6,673.0,435.0,874.8,479.4,1001.2,633.8,8hW6WfYBP18.001.mp4,1280,720,25.0,383,extraversion,low
158,6320,mouth,561.0,468.0,697.0,564.8,861.3,675.0,1031.2,796.0,8hW6WfYBP18.001.mp4,1280,720,25.0,383,extraversion,low
158,6320,forehead,507.1,196.6,834.8,506.5,793.9,335.8,1203.5,723.2,8hW6WfYBP18.001.mp4,1280,720,25.0,383,extraversion,low
158,6320,chin,512.6,374.9,833.7,620.7,800.7,558.6,1202.1,865.9,8hW6WfYBP18.001.mp4,1280,720,25.0,383,extraversion,low
158,6320,left_cheek,499.7,367.3,576.3,505.4,784.6,549.1,880.4,721.7,8hW6WfYBP18.001.mp4,1280,720,25.0,383,extraversion,low
158,6320,right_cheek,687.0,372.6,804.1,516.3,1018.8,555.8,1165.1,735.4,8hW6WfYBP18.001.mp4,1280,720,25.0,383,extraversion,low
159,6360,left_eye,510.5,253.8,601.6,349.3,798.2,407.2,911.9,526.6,8hW6WfYBP18.001.mp4,1280,720,25.0,383,extraversion,low
159,6360,right_eye,664.4,252.3,792.0,351.9,990.4,405.3,1150.0,529.9,8hW6WfYBP18.001.mp4,1280,720,25.0,383,extraversion,low
159,6360,nose,572.6,311.4,674.2,435.1,875.7,479.3,1002.7,633.9,8hW6WfYBP18.001.mp4,1280,720,25.0,383,extraversion,low
159,6360,mouth,561.1,468.1,698.8,564.6,861.4,675.1,1033.4,795.8,8hW6WfYBP18.001.mp4,1280,720,25.0,383,extraversion,low
159,6360,forehead,507.2,196.5,835.3,507.1,794.0,335.6,1204.1,723.9,8hW6WfYBP18.001.mp4,1280,720,25.0,383,extraversion,low
159,6360,chin,512.8,374.4,834.0,620.0,801.0,558.0,1202.5,865.0,8hW6WfYBP18.001.mp4,1280,720,25.0,383,extraversion,low
159,6360,left_cheek,500.1,366.8,577.0,505.0,785.1,548.5,881.2,721.3,8hW6WfYBP18.001.mp4,1280,720,25.0,383,extraversion,low
159,6360,right_cheek,688.0,373.1,804.8,516.4,1020.0,556.4,1166.0,735.5,8hW6WfYBP18.001.mp4,1280,720,25.0,383,extraversion,low
160,6400,left_eye,509.3,254.0,601.2,349.0,796.6,407.5,911.5,526.2,8hW6WfYBP18.001.mp4,1280,720,25.0,383,extraversion,low
160,6400,right_eye,664.3,254.7,791.9,354.0,990.3,408.4,1149.9,532.5,8hW6WfYBP18.001.mp4,1280,720,25.0,383,extraversion,low
160,6400,nose,571.8,312.2,674.1,436.5,874.8,480.3,1002.6,635.7,8hW6WfYBP18.001.mp4,1280,720,25.0,383,extraversion,low
160,6400,mouth,560.0,468.3,699.8,564.9,860.0,675.3,1034.8,796.1,8hW6WfYBP18.001.mp4,1280,720,25.0,383,extraversion,low
160,6400,forehead,506.2,196.8,835.1,511.0,792.7,336.0,1203.9,728.8,8hW6WfYBP18.001.mp4,1280,720,25.0,383,extraversion,low
160,6400,chin,510.2,374.1,833.9,620.0,797.8,557.6,1202.4,865.0,8hW6WfYBP18.001.mp4,1280,720,25.0,383,extraversion,low
160,6400,left_cheek,498.7,366.4,576.8,504.5,783.4,548.0,881.0,720.6,8hW6WfYBP18.001.mp4,1280,720,25.0,383,extraversion,low
160,6400,right_cheek,687.8,375.4,804.6,517.9,1019.8,559.3,1165.8,737.4,8hW6WfYBP18.001.mp4,1280,720,25.0,383,extraversion,low
161,6440,left_eye,508.7,255.7,601.0,349.0,795.9,409.6,911.2,526.3,8hW6WfYBP18.001.mp4,1280,720,25.0,383,extraversion,low
161,6440,right_eye,664.3,257.6,792.0,356.4,990.4,412.0,1150.0,535.5,8hW6WfYBP18.001.mp4,1280,720,25.0,383,extraversion,low
161,6440,nose,571.8,314.4,674.0,438.4,874.7,482.9,1002.5,638.0,8hW6WfYBP18.001.mp4,1280,720,25.0,383,extraversion,low
161,6440,mouth,559.2,468.6,701.0,565.2,858.9,675.7,1036.3,796.5,8hW6WfYBP18.001.mp4,1280,720,25.0,383,extraversion,low
161,6440,forehead,505.6,199.3,835.0,512.3,792.0,339.1,1203.7,730.4,8hW6WfYBP18.001.mp4,1280,720,25.0,383,extraversion,low
161,6440,chin,509.0,374.1,833.9,619.0,796.2,557.7,1202.4,863.8,8hW6WfYBP18.001.mp4,1280,720,25.0,383,extraversion,low
161,6440,left_cheek,498.2,366.5,576.6,504.5,782.7,548.2,880.8,720.6,8hW6WfYBP18.001.mp4,1280,720,25.0,383,extraversion,low
161,6440,right_cheek,687.7,377.6,804.6,519.0,1019.6,562.0,1165.7,738.7,8hW6WfYBP18.001.mp4,1280,720,25.0,383,extraversion,low
162,6480,left_eye,510.5,255.8,604.5,349.0,798.1,409.7,915.6,526.2,8hW6WfYBP18.001.mp4,1280,720,25.0,383,extraversion,low
162,6480,right_eye,667.7,259.5,793.6,358.7,994.6,414.3,1152.1,538.4,8hW6WfYBP18.001.mp4,1280,720,25.0,383,extraversion,low
162,6480,nose,572.3,314.9,674.8,439.1,875.3,483.6,1003.5,638.9,8hW6WfYBP18.001.mp4,1280,720,25.0,383,extraversion,low
162,6480,mouth,557.5,468.7,704.8,565.2,856.9,675.8,1041.0,796.5,8hW6WfYBP18.001.mp4,1280,720,25.0,383,extraversion,low
162,6480,forehead,505.3,199.5,835.0,514.1,791.6,339.4,1203.7,732.6,8hW6WfYBP18.001.mp4,1280,720,25.0,383,extraversion,low
162,6480,chin,507.3,371.6,833.4,617.5,794.2,554.5,1201.8,861.9,8hW6WfYBP18.001.mp4,1280,720,25.0,383,extraversion,low
162,6480,left_cheek,498.1,364.7,577.4,501.4,782.6,545.9,881.8,716.8,8hW6WfYBP18.001.mp4,1280,720,25.0,383,extraversion,low
162,6480,right_cheek,688.6,379.1,804.5,519.3,1020.7,563.8,1165.7,739.1,8hW6WfYBP18.001.mp4,1280,720,25.0,383,extraversion,low
163,6520,left_eye,509.9,255.2,605.1,349.0,797.4,409.0,916.4,526.2,8hW6WfYBP18.001.mp4,1280,720,25.0,383,extraversion,low
163,6520,right_eye,668.9,259.9,793.6,361.5,996.1,414.9,1152.0,541.9,8hW6WfYBP18.001.mp4,1280,720,25.0,383,extraversion,low
163,6520,nose,572.2,315.1,674.7,439.4,875.2,483.9,1003.4,639.3,8hW6WfYBP18.001.mp4,1280,720,25.0,383,extraversion,low
163,6520,mouth,554.4,468.7,703.6,564.8,853.0,675.9,1039.6,796.0,8hW6WfYBP18.001.mp4,1280,720,25.0,383,extraversion,low
163,6520,forehead,500.9,199.5,833.0,516.0,786.1,339.4,1201.3,735.0,8hW6WfYBP18.001.mp4,1280,720,25.0,383,extraversion,low
163,6520,chin,500.9,369.8,830.7,615.7,786.1,552.2,1198.4,859.7,8hW6WfYBP18.001.mp4,1280,720,25.0,383,extraversion,low
163,6520,left_cheek,495.2,363.1,577.3,499.2,779.0,543.9,881.6,714.0,8hW6WfYBP18.001.mp4,1280,720,25.0,383,extraversion,low
163,6520,right_cheek,688.5,380.9,803.7,519.9,1020.7,566.1,1164.6,739.9,8hW6WfYBP18.001.mp4,1280,720,25.0,383,extraversion,low
164,6560,left_eye,510.5,255.2,606.2,349.4,798.1,409.0,917.7,526.8,8hW6WfYBP18.001.mp4,1280,720,25.0,383,extraversion,low
164,6560,right_eye,669.5,260.4,793.5,362.5,996.9,415.4,1151.9,543.1,8hW6WfYBP18.001.mp4,1280,720,25.0,383,extraversion,low
164,6560,nose,572.0,315.7,674.7,440.3,875.0,484.6,1003.3,640.4,8hW6WfYBP18.001.mp4,1280,720,25.0,383,extraversion,low
164,6560,mouth,553.4,468.8,703.3,564.8,851.7,676.0,1039.1,796.0,8hW6WfYBP18.001.mp4,1280,720,25.0,383,extraversion,low
164,6560,forehead,501.1,200.1,831.5,517.0,786.4,340.1,1199.4,736.3,8hW6WfYBP18.001.mp4,1280,720,25.0,383,extraversion,low
164,6560,chin,501.1,369.0,829.1,615.9,786.4,551.2,1196.3,859.9,8hW6WfYBP18.001.mp4,1280,720,25.0,383,extraversion,low
164,6560,left_cheek,494.8,362.3,577.2,498.2,778.5,542.9,881.4,712.8,8hW6WfYBP18.001.mp4,1280,720,25.0,383,extraversion,low
164,6560,right_cheek,688.4,381.7,802.8,520.6,1020.6,567.2,1163.5,740.8,8hW6WfYBP18.001.mp4,1280,720,25.0,383,extraversion,low
165,6600,left_eye,511.1,255.2,607.5,350.5,798.8,409.0,919.4,528.1,8hW6WfYBP18.001.mp4,1280,720,25.0,383,extraversion,low
165,6600,right_eye,669.8,260.8,793.0,363.8,997.3,415.9,1151.3,544.7,8hW6WfYBP18.001.mp4,1280,720,25.0,383,extraversion,low
165,6600,nose,572.0,316.2,674.7,440.3,875.0,485.2,1003.4,640.3,8hW6WfYBP18.001.mp4,1280,720,25.0,383,extraversion,low
165,6600,mouth,549.6,469.0,702.9,550.8,846.9,676.2,1038.6,778.5,8hW6WfYBP18.001.mp4,1280,720,25.0,383,extraversion,low
165,6600,forehead,498.8,200.1,826.8,516.4,783.5,340.1,1193.5,735.5,8hW6WfYBP18.001.mp4,1280,720,25.0,383,extraversion,low
165,6600,chin,498.8,367.0,824.3,611.6,783.5,548.7,1190.4,854.5,8hW6WfYBP18.001.mp4,1280,720,25.0,383,extraversion,low
165,6600,left_cheek,494.5,361.5,577.2,497.3,778.1,541.9,881.5,711.7,8hW6WfYBP18.001.mp4,1280,720,25.0,383,extraversion,low
165,6600,right_cheek,688.4,382.6,800.2,520.6,1020.5,568.3,1160.3,740.7,8hW6WfYBP18.001.mp4,1280,720,25.0,383,extraversion,low
166,6640,left_eye,511.4,255.0,607.9,351.0,799.2,408.8,919.8,528.8,8hW6WfYBP18.001.mp4,1280,720,25.0,383,extraversion,low
166,6640,right_eye,669.8,260.7,792.3,364.0,997.2,415.8,1150.4,545.0,8hW6WfYBP18.001.mp4,1280,720,25.0,383,extraversion,low
166,6640,nose,572.0,316.3,674.6,440.2,875.0,485.4,1003.3,640.3,8hW6WfYBP18.001.mp4,1280,720,25.0,383,extraversion,low
166,6640,mouth,547.9,468.6,702.9,546.8,844.8,675.7,1038.6,773.5,8hW6WfYBP18.001.mp4,1280,720,25.0,383,extraversion,low
166,6640,forehead,498.0,199.9,824.5,515.9,782.5,339.9,1190.7,734.9,8hW6WfYBP18.001.mp4,1280,720,25.0,383,extraversion,low
166,6640,chin,498.0,366.5,822.3,610.8,782.5,548.2,1187.9,853.4,8hW6WfYBP18.001.mp4,1280,720,25.0,383,extraversion,low
166,6640,left_cheek,494.1,361.0,577.1,496.3,777.6,541.3,881.4,710.4,8hW6WfYBP18.001.mp4,1280,720,25.0,383,extraversion,low
166,6640,right_cheek,688.1,382.6,798.7,520.6,1020.2,568.3,1158.4,740.7,8hW6WfYBP18.001.mp4,1280,720,25.0,383,extraversion,low
167,6680,left_eye,511.2,253.8,607.4,350.6,799.1,407.2,919.2,528.2,8hW6WfYBP18.001.mp4,1280,720,25.0,383,extraversion,low
167,6680,right_eye,670.3,260.1,792.3,363.1,997.9,415.2,1150.4,543.9,8hW6WfYBP18.001.mp4,1280,720,25.0,383,extraversion,low
167,6680,nose,571.1,316.1,674.4,439.6,873.9,485.2,1003.0,639.5,8hW6WfYBP18.001.mp4,1280,720,25.0,383,extraversion,low
167,6680,mouth,547.6,464.9,698.3,538.6,844.5,671.1,1032.9,763.3,8hW6WfYBP18.001.mp4,1280,720,25.0,383,extraversion,low
167,6680,forehead,496.0,199.5,824.3,515.6,780.0,339.4,1190.4,734.5,8hW6WfYBP18.001.mp4,1280,720,25.0,383,extraversion,low
167,6680,chin,496.0,365.7,822.2,608.2,780.0,547.2,1187.7,850.2,8hW6WfYBP18.001.mp4,1280,720,25.0,383,extraversion,low
167,6680,left_cheek,492.4,359.3,576.7,493.9,775.5,539.2,880.9,707.3,8hW6WfYBP18.001.mp4,1280,720,25.0,383,extraversion,low
167,6680,right_cheek,687.4,382.3,798.3,519.8,1019.2,567.8,1157.9,739.8,8hW6WfYBP18.001.mp4,1280,720,25.0,383,extraversion,low
168,6720,left_eye,511.1,253.4,607.2,350.3,798.9,406.7,918.9,527.8,8hW6WfYBP18.001.mp4,1280,720,25.0,383,extraversion,low
168,6720,right_eye,670.7,259.7,792.3,362.7,998.4,414.6,1150.4,543.3,8hW6WfYBP18.001.mp4,1280,720,25.0,383,extraversion,low
168,6720,nose,570.4,315.9,674.1,439.2,873.0,484.9,1002.6,639.0,8hW6WfYBP18.001.mp4,1280,720,25.0,383,extraversion,low
168,6720,mouth,547.4,463.4,696.7,537.0,844.2,669.2,1030.9,761.2,8hW6WfYBP18.001.mp4,1280,720,25.0,383,extraversion,low
168,6720,forehead,495.4,199.2,825.0,515.4,779.2,339.0,1191.2,734.3,8hW6WfYBP18.001.mp4,1280,720,25.0,383,extraversion,low
168,6720,chin,495.4,365.6,822.9,607.0,779.2,547.0,1188.6,848.8,8hW6WfYBP18.001.mp4,1280,720,25.0,383,extraversion,low
168,6720,left_cheek,491.6,358.7,576.4,492.9,774.5,538.3,880.5,706.1,8hW6WfYBP18.001.mp4,1280,720,25.0,383,extraversion,low
168,6720,right_cheek,686.9,382.1,798.3,519.1,1018.6,567.6,1157.9,738.9,8hW6WfYBP18.001.mp4,1280,720,25.0,383,extraversion,low
169,6760,left_eye,512.5,251.0,610.6,342.4,800.6,403.8,923.2,518.0,8hW6WfYBP18.001.mp4,1280,720,25.0,383,extraversion,low
169,6760,right_eye,675.2,257.9,795.0,358.2,1004.0,412.3,1153.7,537.7,8hW6WfYBP18.001.mp4,1280,720,25.0,383,extraversion,low
169,6760,nose,572.0,312.4,677.3,435.8,875.0,480.5,1006.6,634.7,8hW6WfYBP18.001.mp4,1280,720,25.0,383,extraversion,low
169,6760,mouth,547.8,461.6,697.5,539.9,844.8,667.0,1031.9,764.9,8hW6WfYBP18.001.mp4,1280,720,25.0,383,extraversion,low
169,6760,forehead,495.7,198.5,825.3,515.6,779.6,338.2,1191.6,734.5,8hW6WfYBP18.001.mp4,1280,720,25.0,383,extraversion,low
169,6760,chin,495.7,365.6,823.1,607.1,779.6,547.0,1188.9,848.9,8hW6WfYBP18.001.mp4,1280,720,25.0,383,extraversion,low
169,6760,left_cheek,491.6,357.0,577.4,491.4,774.5,536.2,881.8,704.3,8hW6WfYBP18.001.mp4,1280,720,25.0,383,extraversion,low
169,6760,right_cheek,689.7,380.1,800.0,518.6,1022.2,565.1,1160.0,738.3,8hW6WfYBP18.001.mp4,1280,720,25.0,383,extraversion,low
170,6800,left_eye,513.1,250.2,611.7,341.3,801.4,402.7,924.6,516.6,8hW6WfYBP18.001.mp4,1280,720,25.0,383,extraversion,low
170,6800,right_eye,676.2,256.9,795.8,356.5,1005.2,411.1,1154.8,535.7,8hW6WfYBP18.001.mp4,1280,720,25.0,383,extraversion,low
170,6800,nose,572.6,311.0,678.4,434.5,875.8,478.8,1008.0,633.1,8hW6WfYBP18.001.mp4,1280,720,25.0,383,extraversion,low
170,6800,mouth,548.1,461.0,698.1,540.9,845.1,666.2,1032.7,766.1,8hW6WfYBP18.001.mp4,1280,720,25.0,383,extraversion,low
170,6800,forehead,496.0,198.0,825.5,515.8,780.0,337.5,1191.9,734.8,8hW6WfYBP18.001.mp4,1280,720,25.0,383,extraversion,low
170,6800,chin,496.0,365.8,823.2,607.6,780.0,547.2,1189.0,849.4,8hW6WfYBP18.001.mp4,1280,720,25.0,383,extraversion,low
170,6800,left_cheek,491.7,356.7,577.9,491.2,774.6,535.8,882.4,704.0,8hW6WfYBP18.001.mp4,1280,720,25.0,383,extraversion,low
170,6800,right_cheek,690.8,379.1,800.8,518.3,1023.4,563.9,1161.0,737.9,8hW6WfYBP18.001.mp4,1280,720,25.0,383,extraversion,low
171,6840,left_eye,513.3,248.6,611.9,340.4,801.6,400.7,924.9,515.5,8hW6WfYBP18.001.mp4,1280,720,25.0,383,extraversion,low
171,6840,right_eye,676.5,254.5,795.9,354.4,1005.7,408.2,1154.9,533.0,8hW6WfYBP18.001.mp4,1280,720,25.0,383,extraversion,low
171,6840,nose,572.9,308.6,680.5,432.2,876.2,475.7,1010.7,630.3,8hW6WfYBP18.001.mp4,1280,720,25.0,383,extraversion,low
171,6840,mouth,545.1,461.4,703.9,541.8,841.4,666.8,1039.9,767.2,8hW6WfYBP18.001.mp4,1280,720,25.0,383,extraversion,low
171,6840,forehead,496.3,196.3,823.8,513.9,780.3,335.3,1189.8,732.3,8hW6WfYBP18.001.mp4,1280,720,25.0,383,extraversion,low
171,6840,chin,496.3,365.2,821.3,607.0,780.3,546.5,1186.6,848.8,8hW6WfYBP18.001.mp4,1280,720,25.0,383,extraversion,low
171,6840,left_cheek,491.7,356.0,577.9,491.1,774.6,535.0,882.4,703.9,8hW6WfYBP18.001.mp4,1280,720,25.0,383,extraversion,low
171,6840,right_cheek,692.4,377.4,801.1,516.8,1025.5,561.8,1161.4,736.0,8hW6WfYBP18.001.mp4,1280,720,25.0,383,extraversion,low
172,6880,left_eye,513.4,247.7,612.2,340.1,801.8,399.6,925.2,515.1,8hW6WfYBP18.001.mp4,1280,720,25.0,383,extraversion,low
172,6880,right_eye,676.7,253.6,796.1,353.7,1005.9,407.0,1155.1,532.1,8hW6WfYBP18.001.mp4,1280,720,25.0,383,extraversion,low
172,6880,nose,573.0,307.6,681.5,431.4,876.3,474.5,1011.9,629.3,8hW6WfYBP18.001.mp4,1280,720,25.0,383,extraversion,low
172,6880,mouth,544.3,461.6,706.8,542.8,840.4,667.0,1043.5,768.5,8hW6WfYBP18.001.mp4,1280,720,25.0,383,extraversion,low
172,6880,forehead,496.4,195.2,823.3,513.5,780.5,334.0,1189.1,731.8,8hW6WfYBP18.001.mp4,1280,720,25.0,383,extraversion,low
172,6880,chin,496.4,365.1,820.8,606.2,780.5,546.4,1185.9,847.7,8hW6WfYBP18.001.mp4,1280,720,25.0,383,extraversion,low
172,6880,left_cheek,491.7,355.8,577.9,490.9,774.7,534.7,882.4,703.6,8hW6WfYBP18.001.mp4,1280,720,25.0,383,extraversion,low
172,6880,right_cheek,693.2,376.7,801.6,516.2,1026.5,560.9,1162.0,735.2,8hW6WfYBP18.001.mp4,1280,720,25.0,383,extraversion,low
173,6920,left_eye,513.4,247.4,611.9,340.2,801.7,399.2,924.9,515.2,8hW6WfYBP18.001.mp4,1280,720,25.0,383,extraversion,low
173,6920,right_eye,676.6,252.6,796.0,352.9,1005.7,405.8,1155.0,531.1,8hW6WfYBP18.001.mp4,1280,720,25.0,383,extraversion,low
173,6920,nose,573.0,306.9,681.6,430.7,876.3,473.6,1012.1,628.4,8hW6WfYBP18.001.mp4,1280,720,25.0,383,extraversion,low
173,6920,mouth,544.3,461.2,707.0,552.0,840.4,666.5,1043.8,780.0,8hW6WfYBP18.001.mp4,1280,720,25.0,383,extraversion,low
173,6920,forehead,496.5,194.3,822.7,512.8,780.6,332.9,1188.4,731.0,8hW6WfYBP18.001.mp4,1280,720,25.0,383,extraversion,low
173,6920,chin,496.5,365.1,820.1,606.1,780.6,546.4,1185.1,847.6,8hW6WfYBP18.001.mp4,1280,720,25.0,383,extraversion,low
173,6920,left_cheek,491.7,355.8,577.9,491.1,774.6,534.8,882.4,703.8,8hW6WfYBP18.001.mp4,1280,720,25.0,383,extraversion,low
173,6920,right_cheek,693.4,375.9,801.6,515.1,1026.8,559.9,1162.0,733.9,8hW6WfYBP18.001.mp4,1280,720,25.0,383,extraversion,low
174,6960,left_eye,513.3,247.0,611.7,340.1,801.6,398.8,924.6,515.2,8hW6WfYBP18.001.mp4,1280,720,25.0,383,extraversion,low
174,6960,right_eye,676.7,251.9,795.9,352.4,1005.8,404.9,1154.9,530.5,8hW6WfYBP18.001.mp4,1280,720,25.0,383,extraversion,low
174,6960,nose,573.0,306.4,681.9,430.1,876.3,473.0,1012.4,627.7,8hW6WfYBP18.001.mp4,1280,720,25.0,383,extraversion,low
174,6960,mouth,544.6,461.0,707.0,554.9,840.7,666.3,1043.8,783.6,8hW6WfYBP18.001.mp4,1280,720,25.0,383,extraversion,low
174,6960,forehead,496.5,193.8,822.6,511.9,780.6,332.3,1188.2,729.9,8hW6WfYBP18.001.mp4,1280,720,25.0,383,extraversion,low
174,6960,chin,496.5,365.2,819.8,606.1,780.6,546.5,1184.8,847.7,8hW6WfYBP18.001.mp4,1280,720,25.0,383,extraversion,low
174,6960,left_cheek,491.5,355.8,577.8,491.1,774.4,534.8,882.2,703.9,8hW6WfYBP18.001.mp4,1280,720,25.0,383,extraversion,low
174,6960,right_cheek,693.7,375.2,801.6,514.3,1027.1,559.0,1162.0,732.9,8hW6WfYBP18.001.mp4,1280,720,25.0,383,extraversion,low
175,7000,left_eye,512.3,247.2,611.3,340.3,800.4,399.0,924.1,515.4,8hW6WfYBP18.001.mp4,1280,720,25.0,383,extraversion,low
175,7000,right_eye,676.6,251.6,794.9,352.2,1005.7,404.5,1153.6,530.2,8hW6WfYBP18.001.mp4,1280,720,25.0,383,extraversion,low
175,7000,nose,573.0,306.3,681.7,430.1,876.2,472.9,1012.1,627.6,8hW6WfYBP18.001.mp4,1280,720,25.0,383,extraversion,low
175,7000,mouth,544.8,461.1,707.1,555.9,841.0,666.3,1043.8,784.9,8hW6WfYBP18.001.mp4,1280,720,25.0,383,extraversion,low
175,7000,forehead,495.5,193.5,821.5,511.3,779.4,331.8,1186.9,729.1,8hW6WfYBP18.001.mp4,1280,720,25.0,383,extraversion,low
175,7000,chin,495.5,365.3,818.8,606.3,779.4,546.6,1183.5,847.9,8hW6WfYBP18.001.mp4,1280,720,25.0,383,extraversion,low
175,7000,left_cheek,491.0,355.9,577.3,491.1,773.7,534.9,881.7,703.9,8hW6WfYBP18.001.mp4,1280,720,25.0,383,extraversion,low
175,7000,right_cheek,693.5,374.8,801.2,513.7,1026.8,558.5,1161.5,732.2,8hW6WfYBP18.001.mp4,1280,720,25.0,383,extraversion,low
176,7040,left_eye,511.5,246.9,610.8,340.4,799.4,398.6,923.5,515.6,8hW6WfYBP18.001.mp4,1280,720,25.0,383,extraversion,low
176,7040,right_eye,676.5,251.3,794.4,351.9,1005.6,404.1,1153.0,529.9,8hW6WfYBP18.001.mp4,1280,720,25.0,383,extraversion,low
176,7040,nose,572.9,306.2,681.7,430.0,876.2,472.7,1012.1,627.5,8hW6WfYBP18.001.mp4,1280,720,25.0,383,extraversion,low
176,7040,mouth,544.9,461.1,707.3,556.5,841.2,666.3,1044.2,785.7,8hW6WfYBP18.001.mp4,1280,720,25.0,383,extraversion,low
176,7040,forehead,495.3,193.0,821.0,511.0,779.1,331.2,1186.2,728.8,8hW6WfYBP18.001.mp4,1280,720,25.0,383,extraversion,low
176,7040,chin,495.3,365.5,818.3,606.3,779.1,546.8,1182.9,847.9,8hW6WfYBP18.001.mp4,1280,720,25.0,383,extraversion,low
176,7040,left_cheek,490.8,356.0,577.1,491.3,773.5,535.0,881.4,704.1,8hW6WfYBP18.001.mp4,1280,720,25.0,383,extraversion,low
176,7040,right_cheek,693.3,374.4,800.9,513.5,1026.7,558.1,1161.2,731.9,8hW6WfYBP18.001.mp4,1280,720,25.0,383,extraversion,low
177,7080,left_eye,509.6,246.6,608.8,340.4,797.0,398.2,921.0,515.5,8hW6WfYBP18.001.mp4,1280,720,25.0,383,extraversion,low
177,7080,right_eye,674.2,250.2,792.7,350.5,1002.8,402.7,1150.8,528.1,8hW6WfYBP18.001.mp4,1280,720,25.0,383,extraversion,low
177,7080,nose,572.4,305.3,681.5,429.1,875.5,471.6,1011.8,626.3,8hW6WfYBP18.001.mp4,1280,720,25.0,383,extraversion,low
177,7080,mouth,545.3,460.2,707.3,557.1,841.6,665.2,1044.1,786.4,8hW6WfYBP18.001.mp4,1280,720,25.0,383,extraversion,low
177,7080,forehead,494.8,192.0,820.4,507.6,778.5,330.1,1185.5,724.5,8hW6WfYBP18.001.mp4,1280,720,25.0,383,extraversion,low
177,7080,chin,494.8,365.2,818.1,605.3,778.5,546.4,1182.6,846.6,8hW6WfYBP18.001.mp4,1280,720,25.0,383,extraversion,low
177,7080,left_cheek,490.2,356.0,576.0,491.5,772.8,535.1,880.0,704.4,8hW6WfYBP18.001.mp4,1280,720,25.0,383,extraversion,low
177,7080,right_cheek,693.1,372.9,800.4,511.9,1026.3,556.2,1160.5,729.9,8hW6WfYBP18.001.mp4,1280,720,25.0,383,extraversion,low
178,7120,left_eye,508.1,246.6,607.3,340.4,795.1,398.3,919.1,515.6,8hW6WfYBP18.001.mp4,1280,720,25.0,383,extraversion,low
178,7120,right_eye,672.8,249.7,792.4,349.6,1001.1,402.1,1150.5,527.0,8hW6WfYBP18.001.mp4,1280,720,25.0,383,extraversion,low
178,7120,nose,572.2,305.3,680.8,429.0,875.2,471.7,1011.0,626.3,8hW6WfYBP18.001.mp4,1280,720,25.0,383,extraversion,low
178,7120,mouth,547.0,458.9,705.1,556.5,843.7,663.7,1041.4,785.6,8hW6WfYBP18.001.mp4,1280,720,25.0,383,extraversion,low
178,7120,forehead,494.7,192.0,820.6,507.0,778.4,330.0,1185.8,723.7,8hW6WfYBP18.001.mp4,1280,720,25.0,383,extraversion,low
178,7120,chin,494.7,365.4,818.3,605.3,778.4,546.7,1182.8,846.6,8hW6WfYBP18.001.mp4,1280,720,25.0,383,extraversion,low
178,7120,left_cheek,490.2,356.4,575.7,492.7,772.7,535.5,879.6,705.9,8hW6WfYBP18.001.mp4,1280,720,25.0,383,extraversion,low
178,7120,right_cheek,692.7,372.2,800.4,511.5,1025.9,555.2,1160.5,729.4,8hW6WfYBP18.001.mp4,1280,720,25.0,383,extraversion,low
179,7160,left_eye,507.5,246.6,606.4,340.4,794.4,398.2,918.0,515.5,8hW6WfYBP18.001.mp4,1280,720,25.0,383,extraversion,low
179,7160,right_eye,671.9,249.1,792.1,349.0,999.9,401.3,1150.1,526.2,8hW6WfYBP18.001.mp4,1280,720,25.0,383,extraversion,low
179,7160,nose,572.1,305.0,679.8,428.6,875.2,471.2,1009.7,625.8,8hW6WfYBP18.001.mp4,1280,720,25.0,383,extraversion,low
179,7160,mouth,547.7,457.7,704.4,556.1,844.6,662.1,1040.6,785.1,8hW6WfYBP18.001.mp4,1280,720,25.0,383,extraversion,low
179,7160,forehead,494.7,191.7,820.8,506.0,778.4,329.7,1186.0,722.5,8hW6WfYBP18.001.mp4,1280,720,25.0,383,extraversion,low
179,7160,chin,494.8,365.4,818.4,605.2,778.4,546.7,1183.0,846.5,8hW6WfYBP18.001.mp4,1280,720,25.0,383,extraversion,low
179,7160,left_cheek,490.1,356.4,575.4,493.1,772.6,535.5,879.3,706.4,8hW6WfYBP18.001.mp4,1280,720,25.0,383,extraversion,low
179,7160,right_cheek,692.2,371.3,800.4,510.9,1025.3,554.1,1160.5,728.6,8hW6WfYBP18.001.mp4,1280,720,25.0,383,extraversion,low
180,7200,left_eye,507.0,247.0,605.2,340.7,793.7,398.8,916.5,515.9,8hW6WfYBP18.001.mp4,1280,720,25.0,383,extraversion,low
180,7200,right_eye,670.7,249.1,792.0,348.8,998.4,401.3,1150.0,526.0,8hW6WfYBP18.001.mp4,1280,720,25.0,383,extraversion,low
180,7200,nose,572.7,305.1,678.5,428.7,875.8,471.4,1008.1,625.9,8hW6WfYBP18.001.mp4,1280,720,25.0,383,extraversion,low
180,7200,mouth,553.1,457.9,696.9,553.5,851.4,662.4,1031.1,781.8,8hW6WfYBP18.001.mp4,1280,720,25.0,383,extraversion,low
180,7200,forehead,494.8,191.9,821.4,504.7,778.5,329.9,1186.8,720.8,8hW6WfYBP18.001.mp4,1280,720,25.0,383,extraversion,low
180,7200,chin,495.2,365.4,819.6,603.0,778.9,546.8,1184.6,843.7,8hW6WfYBP18.001.mp4,1280,720,25.0,383,extraversion,low
180,7200,left_cheek,490.4,356.6,575.4,493.3,773.0,535.8,879.3,706.6,8hW6WfYBP18.001.mp4,1280,720,25.0,383,extraversion,low
180,7200,right_cheek,691.5,371.1,800.6,510.1,1024.4,553.9,1160.7,727.6,8hW6WfYBP18.001.mp4,1280,720,25.0,383,extraversion,low
181,7240,left_eye,506.6,247.2,604.8,340.7,793.2,399.0,916.0,515.9,8hW6WfYBP18.001.mp4,1280,720,25.0,383,extraversion,low
181,7240,right_eye,670.3,248.6,791.9,348.1,997.9,400.7,1149.9,525.1,8hW6WfYBP18.001.mp4,1280,720,25.0,383,extraversion,low
181,7240,nose,573.2,305.0,677.4,428.3,876.6,471.3,1006.7,625.4,8hW6WfYBP18.001.mp4,1280,720,25.0,383,extraversion,low
181,7240,mouth,554.7,458.0,694.9,551.3,853.4,662.5,1028.6,779.1,8hW6WfYBP18.001.mp4,1280,720,25.0,383,extraversion,low
181,7240,forehead,494.4,192.0,821.6,504.0,778.0,330.0,1187.0,720.0,8hW6WfYBP18.001.mp4,1280,720,25.0,383,extraversion,low
181,7240,chin,495.1,365.4,819.9,602.3,778.8,546.8,1184.9,842.9,8hW6WfYBP18.001.mp4,1280,720,25.0,383,extraversion,low
181,7240,left_cheek,490.5,356.7,575.4,493.3,773.1,535.9,879.3,706.6,8hW6WfYBP18.001.mp4,1280,720,25.0,383,extraversion,low
181,7240,right_cheek,690.8,370.4,800.6,509.3,1023.6,553.0,1160.7,726.6,8hW6WfYBP18.001.mp4,1280,720,25.0,383,extraversion,low
182,7280,left_eye,506.7,247.5,604.7,340.7,793.4,399.3,915.9,515.9,8hW6WfYBP18.001.mp4,1280,720,25.0,383,extraversion,low
182,7280,right_eye,670.1,248.3,791.9,347.3,997.6,400.3,1149.8,524.1,8hW6WfYBP18.001.mp4,1280,720,25.0,383,extraversion,low
182,7280,nose,573.5,305.1,677.4,428.5,876.9,471.3,1006.8,625.6,8hW6WfYBP18.001.mp4,1280,720,25.0,383,extraversion,low
182,7280,mouth,557.1,458.1,693.6,545.2,856.4,662.6,1027.0,771.5,8hW6WfYBP18.001.mp4,1280,720,25.0,383,extraversion,low
182,7280,forehead,494.9,192.0,822.3,503.5,778.6,330.0,1187.9,719.4,8hW6WfYBP18.001.mp4,1280,720,25.0,383,extraversion,low
182,7280,chin,495.7,365.5,821.1,601.5,779.6,546.8,1186.4,841.9,8hW6WfYBP18.001.mp4,1280,720,25.0,383,extraversion,low
182,7280,left_cheek,491.3,356.8,575.9,493.3,774.2,536.0,879.9,706.6,8hW6WfYBP18.001.mp4,1280,720,25.0,383,extraversion,low
182,7280,right_cheek,690.8,369.9,800.9,508.8,1023.5,552.3,1161.1,726.0,8hW6WfYBP18.001.mp4,1280,720,25.0,383,extraversion,low
183,7320,left_eye,506.8,247.7,604.7,340.7,793.5,399.6,915.9,515.9,8hW6WfYBP18.001.mp4,1280,720,25.0,383,extraversion,low
183,7320,right_eye,670.1,248.1,791.7,347.0,997.6,400.1,1149.6,523.7,8hW6WfYBP18.001.mp4,1280,720,25.0,383,extraversion,low
183,7320,nose,573.9,305.1,677.4,428.6,877.4,471.4,1006.8,625.8,8hW6WfYBP18.001.mp4,1280,720,25.0,383,extraversion,low
183,7320,mouth,557.5,458.1,693.0,543.5,856.9,662.7,1026.3,769.4,8hW6WfYBP18.001.mp4,1280,720,25.0,383,extraversion,low
183,7320,forehead,494.9,192.0,822.3,503.5,778.7,330.0,1187.9,719.3,8hW6WfYBP18.001.mp4,1280,720,25.0,383,extraversion,low
183,7320,chin,495.9,365.6,821.2,601.0,779.9,547.0,1186.5,841.2,8hW6WfYBP18.001.mp4,1280,720,25.0,383,extraversion,low
183,7320,left_cheek,491.9,357.1,576.3,493.3,774.9,536.3,880.4,706.6,8hW6WfYBP18.001.mp4,1280,720,25.0,383,extraversion,low
183,7320,right_cheek,690.7,369.7,800.9,508.6,1023.4,552.1,1161.1,725.7,8hW6WfYBP18.001.mp4,1280,720,25.0,383,extraversion,low
184,7360,left_eye,507.4,247.7,605.2,340.4,794.2,399.6,916.5,515.5,8hW6WfYBP18.001.mp4,1280,720,25.0,383,extraversion,low
184,7360,right_eye,670.5,247.7,792.2,346.1,998.2,399.6,1150.2,522.6,8hW6WfYBP18.001.mp4,1280,720,25.0,383,extraversion,low
184,7360,nose,574.8,304.9,679.2,428.3,878.5,471.1,1009.0,625.3,8hW6WfYBP18.001.mp4,1280,720,25.0,383,extraversion,low
184,7360,mouth,558.1,457.7,693.8,543.5,857.6,662.1,1027.2,769.4,8hW6WfYBP18.001.mp4,1280,720,25.0,383,extraversion,low
184,7360,forehead,495.8,192.0,823.4,502.6,779.7,330.0,1189.2,718.2,8hW6WfYBP18.001.mp4,1280,720,25.0,383,extraversion,low
184,7360,chin,496.6,365.6,822.5,599.6,780.7,547.0,1188.1,839.6,8hW6WfYBP18.001.mp4,1280,720,25.0,383,extraversion,low
184,7360,left_cheek,492.8,357.1,577.4,493.0,776.0,536.4,881.7,706.3,8hW6WfYBP18.001.mp4,1280,720,25.0,383,extraversion,low
184,7360,right_cheek,691.6,369.0,802.0,508.1,1024.5,551.3,1162.5,725.1,8hW6WfYBP18.001.mp4,1280,720,25.0,383,extraversion,low
185,7400,left_eye,507.7,247.7,605.5,340.3,794.6,399.7,916.9,515.3,8hW6WfYBP18.001.mp4,1280,720,25.0,383,extraversion,low
185,7400,right_eye,670.7,247.4,792.2,345.6,998.4,399.2,1150.3,522.1,8hW6WfYBP18.001.mp4,1280,720,25.0,383,extraversion,low
185,7400,nose,575.5,304.6,679.9,428.0,879.4,470.8,1009.9,625.0,8hW6WfYBP18.001.mp4,1280,720,25.0,383,extraversion,low
185,7400,mouth,558.2,457.4,694.2,542.7,857.8,661.7,1027.7,768.4,8hW6WfYBP18.001.mp4,1280,720,25.0,383,extraversion,low
185,7400,forehead,496.0,191.8,823.6,502.7,780.0,329.8,1189.4,718.3,8hW6WfYBP18.001.mp4,1280,720,25.0,383,extraversion,low
185,7400,chin,496.9,365.8,822.7,599.1,781.1,547.2,1188.4,838.9,8hW6WfYBP18.001.mp4,1280,720,25.0,383,extraversion,low
185,7400,left_cheek,493.6,357.1,578.1,493.0,776.9,536.4,882.7,706.2,8hW6WfYBP18.001.mp4,1280,720,25.0,383,extraversion,low
185,7400,right_cheek,691.9,368.7,802.3,507.9,1024.9,550.9,1162.8,724.8,8hW6WfYBP18.001.mp4,1280,720,25.0,383,extraversion,low
186,7440,left_eye,507.9,247.7,606.4,339.6,794.8,399.6,918.0,514.5,8hW6WfYBP18.001.mp4,1280,720,25.0,383,extraversion,low
186,7440,right_eye,672.4,247.0,793.7,344.9,1000.5,398.7,1152.2,521.1,8hW6WfYBP18.001.mp4,1280,720,25.0,383,extraversion,low
186,7440,nose,577.5,304.0,682.5,426.8,881.8,470.0,1013.1,623.4,8hW6WfYBP18.001.mp4,1280,720,25.0,383,extraversion,low
186,7440,mouth,559.3,456.9,701.5,548.5,859.1,661.1,1036.9,775.7,8hW6WfYBP18.001.mp4,1280,720,25.0,383,extraversion,low
186,7440,forehead,496.0,191.8,824.6,501.7,780.0,329.8,1190.7,717.2,8hW6WfYBP18.001.mp4,1280,720,25.0,383,extraversion,low
186,7440,chin,496.9,365.8,823.8,599.8,781.1,547.3,1189.7,839.8,8hW6WfYBP18.001.mp4,1280,720,25.0,383,extraversion,low
186,7440,left_cheek,493.9,357.1,579.2,492.9,777.4,536.4,884.0,706.2,8hW6WfYBP18.001.mp4,1280,720,25.0,383,extraversion,low
186,7440,right_cheek,694.5,367.8,804.2,507.1,1028.1,549.7,1165.3,723.8,8hW6WfYBP18.001.mp4,1280,720,25.0,383,extraversion,low
187,7480,left_eye,508.3,247.6,607.1,339.2,795.4,399.4,918.8,514.0,8hW6WfYBP18.001.mp4,1280,720,25.0,383,extraversion,low
187,7480,right_eye,673.4,246.8,794.6,344.9,1001.8,398.5,1153.3,521.1,8hW6WfYBP18.001.mp4,1280,720,25.0,383,extraversion,low
187,7480,nose,578.1,303.8,683.2,426.5,882.6,469.7,1014.0,623.1,8hW6WfYBP18.001.mp4,1280,720,25.0,383,extraversion,low
187,7480,mouth,559.5,456.9,703.2,550.8,859.4,661.1,1039.0,778.6,8hW6WfYBP18.001.mp4,1280,720,25.0,383,extraversion,low
187,7480,forehead,496.0,191.8,825.2,501.7,780.0,329.8,1191.5,717.1,8hW6WfYBP18.001.mp4,1280,720,25.0,383,extraversion,low
187,7480,chin,496.9,365.6,824.4,600.9,781.2,547.0,1190.5,841.2,8hW6WfYBP18.001.mp4,1280,720,25.0,383,extraversion,low
187,7480,left_cheek,494.1,356.9,579.6,492.9,777.6,536.2,884.5,706.2,8hW6WfYBP18.001.mp4,1280,720,25.0,383,extraversion,low
187,7480,right_cheek,695.3,367.6,805.2,507.1,1029.1,549.5,1166.5,723.9,8hW6WfYBP18.001.mp4,1280,720,25.0,383,extraversion,low
188,7520,left_eye,508.5,247.6,607.6,338.5,795.7,399.4,919.5,513.2,8hW6WfYBP18.001.mp4,1280,720,25.0,383,extraversion,low
188,7520,right_eye,674.0,246.9,795.6,344.4,1002.5,398.6,1154.5,520.5,8hW6WfYBP18.001.mp4,1280,720,25.0,383,extraversion,low
188,7520,nose,578.0,303.7,683.8,426.3,882.5,469.6,1014.7,622.8,8hW6WfYBP18.001.mp4,1280,720,25.0,383,extraversion,low
188,7520,mouth,559.7,457.3,705.6,554.7,859.6,661.6,1042.0,783.4,8hW6WfYBP18.001.mp4,1280,720,25.0,383,extraversion,low
188,7520,forehead,496.0,191.8,826.6,502.1,780.1,329.8,1193.2,717.7,8hW6WfYBP18.001.mp4,1280,720,25.0,383,extraversion,low
188,7520,chin,496.9,366.0,825.8,604.8,781.2,547.4,1192.3,846.0,8hW6WfYBP18.001.mp4,1280,720,25.0,383,extraversion,low
188,7520,left_cheek,494.1,357.0,579.8,493.1,777.6,536.2,884.8,706.4,8hW6WfYBP18.001.mp4,1280,720,25.0,383,extraversion,low
188,7520,right_cheek,695.9,367.4,806.2,507.2,1029.9,549.3,1167.7,724.0,8hW6WfYBP18.001.mp4,1280,720,25.0,383,extraversion,low
189,7560,left_eye,508.7,247.4,607.9,337.6,795.9,399.2,919.9,512.0,8hW6WfYBP18.001.mp4,1280,720,25.0,383,extraversion,low
189,7560,right_eye,674.3,246.8,796.0,344.0,1002.9,398.5,1155.0,520.0,8hW6WfYBP18.001.mp4,1280,720,25.0,383,extraversion,low
189,7560,nose,577.9,303.4,684.5,425.8,882.3,469.3,1015.7,622.3,8hW6WfYBP18.001.mp4,1280,720,25.0,383,extraversion,low
189,7560,mouth,559.6,456.9,705.8,555.6,859.5,661.1,1042.2,784.5,8hW6WfYBP18.001.mp4,1280,720,25.0,383,extraversion,low
189,7560,forehead,496.2,191.8,827.1,501.5,780.2,329.8,1193.9,716.8,8hW6WfYBP18.001.mp4,1280,720,25.0,383,extraversion,low
189,7560,chin,497.0,365.5,826.4,604.8,781.3,546.8,1193.0,846.0,8hW6WfYBP18.001.mp4,1280,720,25.0,383,extraversion,low
189,7560,left_cheek,494.1,356.6,579.8,492.8,777.6,535.7,884.7,706.0,8hW6WfYBP18.001.mp4,1280,720,25.0,383,extraversion,low
189,7560,right_cheek,696.4,367.0,806.5,507.0,1030.5,548.8,1168.2,723.7,8hW6WfYBP18.001.mp4,1280,720,25.0,383,extraversion,low
190,7600,left_eye,508.5,247.4,607.8,337.6,795.6,399.2,919.8,512.0,8hW6WfYBP18.001.mp4,1280,720,25.0,383,extraversion,low
190,7600,right_eye,674.3,246.8,796.0,343.8,1002.8,398.5,1154.9,519.8,8hW6WfYBP18.001.mp4,1280,720,25.0,383,extraversion,low
190,7600,nose,577.8,303.3,684.4,425.7,882.3,469.2,1015.5,622.2,8hW6WfYBP18.001.mp4,1280,720,25.0,383,extraversion,low
190,7600,mouth,559.5,457.0,705.3,556.1,859.3,661.2,1041.6,785.1,8hW6WfYBP18.001.mp4,1280,720,25.0,383,extraversion,low
190,7600,forehead,496.0,191.8,827.3,501.6,780.0,329.8,1194.1,717.0,8hW6WfYBP18.001.mp4,1280,720,25.0,383,extraversion,low
190,7600,chin,496.8,365.5,826.5,605.0,781.0,546.8,1193.1,846.2,8hW6WfYBP18.001.mp4,1280,720,25.0,383,extraversion,low
190,7600,left_cheek,493.9,356.6,579.6,492.9,777.4,535.7,884.5,706.1,8hW6WfYBP18.001.mp4,1280,720,25.0,383,extraversion,low
190,7600,right_cheek,696.2,367.0,806.4,507.0,1030.3,548.8,1168.1,723.8,8hW6WfYBP18.001.mp4,1280,720,25.0,383,extraversion,low
191,7640,left_eye,508.4,247.4,607.8,337.6,795.5,399.3,919.7,512.0,8hW6WfYBP18.001.mp4,1280,720,25.0,383,extraversion,low
191,7640,right_eye,674.3,246.8,796.4,343.9,1002.8,398.5,1155.5,519.8,8hW6WfYBP18.001.mp4,1280,720,25.0,383,extraversion,low
191,7640,nose,577.8,303.4,684.3,425.8,882.2,469.2,1015.3,622.2,8hW6WfYBP18.001.mp4,1280,720,25.0,383,extraversion,low
191,7640,mouth,559.4,457.5,704.8,557.2,859.2,661.9,1041.0,786.4,8hW6WfYBP18.001.mp4,1280,720,25.0,383,extraversion,low
191,7640,forehead,496.0,191.8,827.7,501.7,780.0,329.8,1194.6,717.1,8hW6WfYBP18.001.mp4,1280,720,25.0,383,extraversion,low
191,7640,chin,496.8,365.6,826.8,606.3,781.0,547.0,1193.5,847.8,8hW6WfYBP18.001.mp4,1280,720,25.0,383,extraversion,low
191,7640,left_cheek,493.7,356.7,579.6,493.2,777.2,535.9,884.5,706.6,8hW6WfYBP18.001.mp4,1280,720,25.0,383,extraversion,low
191,7640,right_cheek,696.2,367.1,806.9,507.4,1030.3,548.9,1168.6,724.2,8hW6WfYBP18.001.mp4,1280,720,25.0,383,extraversion,low
192,7680,left_eye,508.2,247.4,607.8,337.6,795.3,399.3,919.7,511.9,8hW6WfYBP18.001.mp4,1280,720,25.0,383,extraversion,low
192,7680,right_eye,674.2,246.7,796.4,343.9,1002.8,398.4,1155.5,519.8,8hW6WfYBP18.001.mp4,1280,720,25.0,383,extraversion,low
192,7680,nose,577.7,303.4,684.2,426.0,882.2,469.2,1015.3,622.5,8hW6WfYBP18.001.mp4,1280,720,25.0,383,extraversion,low
192,7680,mouth,559.3,457.5,702.3,554.9,859.2,661.9,1037.9,783.6,8hW6WfYBP18.001.mp4,1280,720,25.0,383,extraversion,low
192,7680,forehead,495.5,191.8,827.6,501.8,779.3,329.7,1194.5,717.2,8hW6WfYBP18.001.mp4,1280,720,25.0,383,extraversion,low
192,7680,chin,496.3,365.6,826.7,606.2,780.4,547.0,1193.4,847.8,8hW6WfYBP18.001.mp4,1280,720,25.0,383,extraversion,low
192,7680,left_cheek,493.5,356.7,579.5,493.5,776.9,535.9,884.4,706.9,8hW6WfYBP18.001.mp4,1280,720,25.0,383,extraversion,low
192,7680,right_cheek,696.2,367.1,806.8,507.5,1030.3,548.9,1168.5,724.3,8hW6WfYBP18.001.mp4,1280,720,25.0,383,extraversion,low
193,7720,left_eye,508.1,247.4,607.8,337.4,795.1,399.3,919.7,511.7,8hW6WfYBP18.001.mp4,1280,720,25.0,383,extraversion,low
193,7720,right_eye,674.2,246.7,796.4,343.8,1002.8,398.3,1155.5,519.7,8hW6WfYBP18.001.mp4,1280,720,25.0,383,extraversion,low
193,7720,nose,577.7,303.3,684.1,426.0,882.1,469.1,1015.1,622.4,8hW6WfYBP18.001.mp4,1280,720,25.0,383,extraversion,low
193,7720,mouth,559.0,457.4,700.7,553.2,858.7,661.8,1035.9,781.4,8hW6WfYBP18.001.mp4,1280,720,25.0,383,extraversion,low
193,7720,forehead,495.3,191.6,827.6,502.0,779.1,329.5,1194.5,717.5,8hW6WfYBP18.001.mp4,1280,720,25.0,383,extraversion,low
193,7720,chin,496.1,365.6,826.7,606.1,780.1,547.0,1193.4,847.7,8hW6WfYBP18.001.mp4,1280,720,25.0,383,extraversion,low
193,7720,left_cheek,493.4,356.7,579.4,493.6,776.8,535.9,884.3,707.0,8hW6WfYBP18.001.mp4,1280,720,25.0,383,extraversion,low
193,7720,right_cheek,696.1,367.1,806.7,507.6,1030.1,548.9,1168.4,724.5,8hW6WfYBP18.001.mp4,1280,720,25.0,383,extraversion,low
194,7760,left_eye,507.8,247.7,607.8,337.4,794.8,399.7,919.7,511.7,8hW6WfYBP18.001.mp4,1280,720,25.0,383,extraversion,low
194,7760,right_eye,674.2,246.8,796.6,343.8,1002.7,398.5,1155.7,519.7,8hW6WfYBP18.001.mp4,1280,720,25.0,383,extraversion,low
194,7760,nose,577.6,303.5,683.9,427.4,882.0,469.4,1014.9,624.3,8hW6WfYBP18.001.mp4,1280,720,25.0,383,extraversion,low
194,7760,mouth,558.9,457.5,699.4,550.9,858.6,661.9,1034.2,778.7,8hW6WfYBP18.001.mp4,1280,720,25.0,383,extraversion,low
194,7760,forehead,495.1,191.6,827.6,502.7,778.8,329.5,1194.5,718.4,8hW6WfYBP18.001.mp4,1280,720,25.0,383,extraversion,low
194,7760,chin,495.9,365.8,826.6,606.1,779.9,547.2,1193.3,847.6,8hW6WfYBP18.001.mp4,1280,720,25.0,383,extraversion,low
194,7760,left_cheek,493.4,356.9,579.4,493.9,776.7,536.1,884.2,707.4,8hW6WfYBP18.001.mp4,1280,720,25.0,383,extraversion,low
194,7760,right_cheek,696.0,367.4,806.7,508.2,1030.0,549.2,1168.4,725.2,8hW6WfYBP18.001.mp4,1280,720,25.0,383,extraversion,low
195,7800,left_eye,507.0,248.5,607.2,337.8,793.8,400.7,919.0,512.3,8hW6WfYBP18.001.mp4,1280,720,25.0,383,extraversion,low
195,7800,right_eye,673.8,247.4,796.5,344.0,1002.3,399.2,1155.7,520.0,8hW6WfYBP18.001.mp4,1280,720,25.0,383,extraversion,low
195,7800,nose,577.2,304.1,683.5,429.0,881.4,470.2,1014.4,626.2,8hW6WfYBP18.001.mp4,1280,720,25.0,383,extraversion,low
195,7800,mouth,559.6,458.2,698.2,548.7,859.5,662.8,1032.7,775.9,8hW6WfYBP18.001.mp4,1280,720,25.0,383,extraversion,low
195,7800,forehead,494.4,191.6,827.7,502.9,778.0,329.5,1194.6,718.6,8hW6WfYBP18.001.mp4,1280,720,25.0,383,extraversion,low
195,7800,chin,495.4,365.9,826.7,606.0,779.3,547.4,1193.4,847.5,8hW6WfYBP18.001.mp4,1280,720,25.0,383,extraversion,low
195,7800,left_cheek,493.0,357.3,579.2,494.3,776.2,536.6,884.0,707.8,8hW6WfYBP18.001.mp4,1280,720,25.0,383,extraversion,low
195,7800,right_cheek,695.5,367.7,806.7,508.3,1029.4,549.6,1168.3,725.4,8hW6WfYBP18.001.mp4,1280,720,25.0,383,extraversion,low
196,7840,left_eye,506.6,249.6,606.9,338.7,793.3,402.0,918.6,513.3,8hW6WfYBP18.001.mp4,1280,720,25.0,383,extraversion,low
196,7840,right_eye,673.5,248.1,796.5,344.3,1001.9,400.1,1155.6,520.4,8hW6WfYBP18.001.mp4,1280,720,25.0,383,extraversion,low
196,7840,nose,577.0,305.2,683.2,430.6,881.3,471.5,1014.0,628.2,8hW6WfYBP18.001.mp4,1280,720,25.0,383,extraversion,low
196,7840,mouth,559.6,458.6,697.9,548.8,859.5,663.3,1032.4,776.1,8hW6WfYBP18.001.mp4,1280,720,25.0,383,extraversion,low
196,7840,forehead,494.1,191.8,827.7,503.0,777.7,329.8,1194.6,718.8,8hW6WfYBP18.001.mp4,1280,720,25.0,383,extraversion,low
196,7840,chin,495.2,366.4,826.7,605.9,779.0,547.9,1193.4,847.4,8hW6WfYBP18.001.mp4,1280,720,25.0,383,extraversion,low
196,7840,left_cheek,492.7,358.1,579.1,495.0,775.9,537.7,883.9,708.8,8hW6WfYBP18.001.mp4,1280,720,25.0,383,extraversion,low
196,7840,right_cheek,695.2,368.3,806.6,508.6,1029.0,550.4,1168.3,725.8,8hW6WfYBP18.001.mp4,1280,720,25.0,383,extraversion,low
197,7880,left_eye,505.8,250.8,606.3,339.7,792.2,403.5,917.8,514.7,8hW6WfYBP18.001.mp4,1280,720,25.0,383,extraversion,low
197,7880,right_eye,672.9,249.4,795.9,345.4,1001.1,401.7,1154.9,521.7,8hW6WfYBP18.001.mp4,1280,720,25.0,383,extraversion,low
197,7880,nose,576.7,306.6,682.6,432.2,880.9,473.2,1013.3,630.2,8hW6WfYBP18.001.mp4,1280,720,25.0,383,extraversion,low
197,7880,mouth,559.6,459.4,697.5,549.0,859.6,664.3,1031.9,776.3,8hW6WfYBP18.001.mp4,1280,720,25.0,383,extraversion,low
197,7880,forehead,493.2,192.5,827.0,503.3,776.5,330.6,1193.8,719.1,8hW6WfYBP18.001.mp4,1280,720,25.0,383,extraversion,low
197,7880,chin,494.3,367.0,826.0,605.9,777.9,548.7,1192.6,847.4,8hW6WfYBP18.001.mp4,1280,720,25.0,383,extraversion,low
197,7880,left_cheek,492.2,359.1,578.7,495.7,775.3,538.9,883.4,709.6,8hW6WfYBP18.001.mp4,1280,720,25.0,383,extraversion,low
197,7880,right_cheek,694.5,369.4,805.9,509.2,1028.1,551.7,1167.3,726.5,8hW6WfYBP18.001.mp4,1280,720,25.0,383,extraversion,low
198,7920,left_eye,505.2,251.2,605.9,340.2,791.5,404.0,917.3,515.2,8hW6WfYBP18.001.mp4,1280,720,25.0,383,extraversion,low
198,7920,right_eye,672.6,250.0,795.6,345.7,1000.8,402.6,1154.6,522.2,8hW6WfYBP18.001.mp4,1280,720,25.0,383,extraversion,low
198,7920,nose,576.5,307.2,682.6,432.8,880.6,474.0,1013.2,631.0,8hW6WfYBP18.001.mp4,1280,720,25.0,383,extraversion,low
198,7920,mouth,559.7,459.8,697.5,549.0,859.6,664.8,1031.9,776.2,8hW6WfYBP18.001.mp4,1280,720,25.0,383,extraversion,low
198,7920,forehead,492.6,192.8,826.7,503.3,775.7,331.0,1193.4,719.1,8hW6WfYBP18.001.mp4,1280,720,25.0,383,extraversion,low
198,7920,chin,493.7,367.0,825.8,605.7,777.1,548.7,1192.2,847.1,8hW6WfYBP18.001.mp4,1280,720,25.0,383,extraversion,low
198,7920,left_cheek,491.7,359.4,578.5,495.9,774.7,539.2,883.1,709.9,8hW6WfYBP18.001.mp4,1280,720,25.0,383,extraversion,low
198,7920,right_cheek,694.2,369.8,805.7,509.3,1027.8,552.3,1167.1,726.6,8hW6WfYBP18.001.mp4,1280,720,25.0,383,extraversion,low
199,7960,left_eye,504.4,252.1,604.9,340.4,790.5,405.1,916.1,515.5,8hW6WfYBP18.001.mp4,1280,720,25.0,383,extraversion,low
199,7960,right_eye,671.7,250.8,794.4,346.0,999.6,403.5,1153.0,522.5,8hW6WfYBP18.001.mp4,1280,720,25.0,383,extraversion,low
199,7960,nose,575.6,308.0,682.3,433.9,879.5,475.0,1012.8,632.3,8hW6WfYBP18.001.mp4,1280,720,25.0,383,extraversion,low
199,7960,mouth,559.1,460.9,697.5,549.1,858.9,666.2,1031.8,776.4,8hW6WfYBP18.001.mp4,1280,720,25.0,383,extraversion,low
199,7960,forehead,491.8,193.2,825.4,503.4,774.8,331.5,1191.8,719.2,8hW6WfYBP18.001.mp4,1280,720,25.0,383,extraversion,low
199,7960,chin,492.9,367.0,824.5,605.6,776.1,548.8,1190.6,847.0,8hW6WfYBP18.001.mp4,1280,720,25.0,383,extraversion,low
199,7960,left_cheek,491.0,359.8,577.7,496.3,773.7,539.7,882.2,710.4,8hW6WfYBP18.001.mp4,1280,720,25.0,383,extraversion,low
199,7960,right_cheek,693.5,370.5,804.6,509.9,1026.9,553.1,1165.7,727.3,8hW6WfYBP18.001.mp4,1280,720,25.0,383,extraversion,low
200,8000,left_eye,503.9,252.3,604.4,340.6,789.9,405.4,915.5,515.7,8hW6WfYBP18.001.mp4,1280,720,25.0,383,extraversion,low
200,8000,right_eye,671.3,251.1,794.1,346.2,999.1,403.9,1152.6,522.8,8hW6WfYBP18.001.mp4,1280,720,25.0,383,extraversion,low
200,8000,nose,575.1,308.3,682.1,434.4,878.9,475.4,1012.6,633.0,8hW6WfYBP18.001.mp4,1280,720,25.0,383,extraversion,low
200,8000,mouth,558.7,461.5,697.5,549.3,858.4,666.8,1031.9,776.6,8hW6WfYBP18.001.mp4,1280,720,25.0,383,extraversion,low
200,8000,forehead,491.4,193.3,825.3,503.4,774.3,331.7,1191.6,719.2,8hW6WfYBP18.001.mp4,1280,720,25.0,383,extraversion,low
200,8000,chin,492.5,367.0,824.4,605.6,775.6,548.7,1190.5,847.0,8hW6WfYBP18.001.mp4,1280,720,25.0,383,extraversion,low
200,8000,left_cheek,490.4,359.8,577.3,496.5,773.0,539.8,881.6,710.6,8hW6WfYBP18.001.mp4,1280,720,25.0,383,extraversion,low
200,8000,right_cheek,693.3,370.8,804.4,510.1,1026.6,553.5,1165.5,727.6,8hW6WfYBP18.001.mp4,1280,720,25.0,383,extraversion,low
201,8039,left_eye,503.4,252.7,604.0,340.6,789.2,405.9,914.9,515.7,8hW6WfYBP18.001.mp4,1280,720,25.0,383,extraversion,low
201,8039,right_eye,670.8,251.3,793.4,346.3,998.5,404.2,1151.7,522.8,8hW6WfYBP18.001.mp4,1280,720,25.0,383,extraversion,low
201,8039,nose,574.3,308.6,681.9,434.8,877.9,475.7,1012.4,633.5,8hW6WfYBP18.001.mp4,1280,720,25.0,383,extraversion,low
201,8039,mouth,558.0,461.5,697.5,548.7,857.5,666.8,1031.9,775.8,8hW6WfYBP18.001.mp4,1280,720,25.0,383,extraversion,low
201,8039,forehead,491.0,193.4,824.5,503.4,773.7,331.8,1190.6,719.2,8hW6WfYBP18.001.mp4,1280,720,25.0,383,extraversion,low
201,8039,chin,492.0,367.0,823.6,605.2,775.0,548.8,1189.5,846.6,8hW6WfYBP18.001.mp4,1280,720,25.0,383,extraversion,low
201,8039,left_cheek,490.0,360.1,576.8,496.7,772.5,540.1,881.0,710.9,8hW6WfYBP18.001.mp4,1280,720,25.0,383,extraversion,low
201,8039,right_cheek,692.8,371.0,803.7,510.3,1026.0,553.8,1164.6,727.9,8hW6WfYBP18.001.mp4,1280,720,25.0,383,extraversion,low
202,8080,left_eye,502.6,252.7,603.2,340.5,788.3,405.9,914.1,515.6,8hW6WfYBP18.001.mp4,1280,720,25.0,383,extraversion,low
202,8080,right_eye,670.3,251.3,792.9,346.2,997.9,404.1,1151.1,522.8,8hW6WfYBP18.001.mp4,1280,720,25.0,383,extraversion,low
202,8080,nose,573.3,308.5,681.6,434.8,876.6,475.7,1012.0,633.5,8hW6WfYBP18.001.mp4,1280,720,25.0,383,extraversion,low
202,8080,mouth,557.0,461.5,697.5,547.8,856.3,666.9,1031.9,774.8,8hW6WfYBP18.001.mp4,1280,720,25.0,383,extraversion,low
202,8080,forehead,490.4,193.4,824.0,503.4,773.0,331.8,1190.0,719.2,8hW6WfYBP18.001.mp4,1280,720,25.0,383,extraversion,low
202,8080,chin,491.4,367.0,823.2,605.1,774.2,548.7,1189.0,846.4,8hW6WfYBP18.001.mp4,1280,720,25.0,383,extraversion,low
202,8080,left_cheek,489.3,360.0,576.0,496.7,771.6,540.1,880.1,710.9,8hW6WfYBP18.001.mp4,1280,720,25.0,383,extraversion,low
202,8080,right_cheek,692.3,371.0,803.3,510.4,1025.4,553.8,1164.2,728.0,8hW6WfYBP18.001.mp4,1280,720,25.0,383,extraversion,low
203,8119,left_eye,502.3,252.8,603.2,340.4,787.8,406.0,914.0,515.5,8hW6WfYBP18.001.mp4,1280,720,25.0,383,extraversion,low
203,8119,right_eye,670.2,251.4,792.5,346.2,997.7,404.2,1150.6,522.7,8hW6WfYBP18.001.mp4,1280,720,25.0,383,extraversion,low
203,8119,nose,573.2,308.5,681.6,435.0,876.5,475.7,1012.0,633.8,8hW6WfYBP18.001.mp4,1280,720,25.0,383,extraversion,low
203,8119,mouth,556.6,461.8,697.5,547.0,855.8,667.2,1031.9,773.7,8hW6WfYBP18.001.mp4,1280,720,25.0,383,extraversion,low
203,8119,forehead,489.7,193.4,823.3,503.5,772.1,331.8,1189.1,719.4,8hW6WfYBP18.001.mp4,1280,720,25.0,383,extraversion,low
203,8119,chin,490.6,367.2,822.6,605.2,773.3,549.0,1188.2,846.5,8hW6WfYBP18.001.mp4,1280,720,25.0,383,extraversion,low
203,8119,left_cheek,488.9,360.2,575.9,497.0,771.1,540.3,879.9,711.2,8hW6WfYBP18.001.mp4,1280,720,25.0,383,extraversion,low
203,8119,right_cheek,692.2,371.1,803.0,510.6,1025.2,553.8,1163.8,728.3,8hW6WfYBP18.001.mp4,1280,720,25.0,383,extraversion,low
204,8160,left_eye,502.1,252.8,603.1,340.3,787.6,406.0,913.9,515.4,8hW6WfYBP18.001.mp4,1280,720,25.0,383,extraversion,low
204,8160,right_eye,670.0,251.4,792.2,346.1,997.5,404.2,1150.2,522.7,8hW6WfYBP18.001.mp4,1280,720,25.0,383,extraversion,low
204,8160,nose,573.1,308.6,681.7,435.2,876.4,475.7,1012.1,634.0,8hW6WfYBP18.001.mp4,1280,720,25.0,383,extraversion,low
204,8160,mouth,556.4,462.1,697.6,546.7,855.5,667.6,1032.0,773.4,8hW6WfYBP18.001.mp4,1280,720,25.0,383,extraversion,low
204,8160,forehead,489.2,193.4,822.8,503.3,771.5,331.8,1188.5,719.2,8hW6WfYBP18.001.mp4,1280,720,25.0,383,extraversion,low
204,8160,chin,490.1,367.1,822.1,605.2,772.6,548.9,1187.7,846.4,8hW6WfYBP18.001.mp4,1280,720,25.0,383,extraversion,low
204,8160,left_cheek,488.6,360.2,575.8,497.0,770.7,540.3,879.8,711.3,8hW6WfYBP18.001.mp4,1280,720,25.0,383,extraversion,low
204,8160,right_cheek,692.1,371.1,802.8,510.7,1025.1,553.9,1163.5,728.3,8hW6WfYBP18.001.mp4,1280,720,25.0,383,extraversion,low
205,8200,left_eye,502.1,252.8,603.4,339.9,787.7,406.0,914.2,514.9,8hW6WfYBP18.001.mp4,1280,720,25.0,383,extraversion,low
205,8200,right_eye,670.2,251.4,792.2,345.9,997.8,404.2,1150.3,522.4,8hW6WfYBP18.001.mp4,1280,720,25.0,383,extraversion,low
205,8200,nose,573.6,308.6,682.7,435.2,877.0,475.7,1013.3,634.0,8hW6WfYBP18.001.mp4,1280,720,25.0,383,extraversion,low
205,8200,mouth,556.6,462.1,698.8,546.8,855.8,667.6,1033.5,773.6,8hW6WfYBP18.001.mp4,1280,720,25.0,383,extraversion,low
205,8200,forehead,489.1,193.4,822.8,503.3,771.3,331.8,1188.5,719.1,8hW6WfYBP18.001.mp4,1280,720,25.0,383,extraversion,low
205,8200,chin,490.0,367.1,822.1,605.2,772.4,548.9,1187.7,846.5,8hW6WfYBP18.001.mp4,1280,720,25.0,383,extraversion,low
205,8200,left_cheek,488.6,360.3,576.0,497.1,770.8,540.3,880.1,711.4,8hW6WfYBP18.001.mp4,1280,720,25.0,383,extraversion,low
205,8200,right_cheek,692.7,371.1,802.9,510.7,1025.8,553.9,1163.7,728.4,8hW6WfYBP18.001.mp4,1280,720,25.0,383,extraversion,low
206,8240,left_eye,502.1,252.8,603.5,339.7,787.7,406.0,914.3,514.6,8hW6WfYBP18.001.mp4,1280,720,25.0,383,extraversion,low
206,8240,right_eye,670.3,251.4,792.2,345.8,997.9,404.2,1150.3,522.2,8hW6WfYBP18.001.mp4,1280,720,25.0,383,extraversion,low
206,8240,nose,573.9,308.5,683.2,435.2,877.3,475.7,1014.0,634.0,8hW6WfYBP18.001.mp4,1280,720,25.0,383,extraversion,low
206,8240,mouth,557.0,462.2,699.6,546.9,856.2,667.7,1034.4,773.6,8hW6WfYBP18.001.mp4,1280,720,25.0,383,extraversion,low
206,8240,forehead,489.0,193.4,822.8,503.1,771.2,331.8,1188.5,718.8,8hW6WfYBP18.001.mp4,1280,720,25.0,383,extraversion,low
206,8240,chin,489.9,367.2,822.2,605.4,772.4,548.9,1187.7,846.8,8hW6WfYBP18.001.mp4,1280,720,25.0,383,extraversion,low
206,8240,left_cheek,488.7,360.3,576.2,497.2,770.8,540.4,880.2,711.5,8hW6WfYBP18.001.mp4,1280,720,25.0,383,extraversion,low
206,8240,right_cheek,692.9,371.1,803.0,510.7,1026.1,553.8,1163.8,728.3,8hW6WfYBP18.001.mp4,1280,720,25.0,383,extraversion,low
207,8280,left_eye,502.2,252.7,603.9,339.7,787.7,405.9,914.9,514.6,8hW6WfYBP18.001.mp4,1280,720,25.0,383,extraversion,low
207,8280,right_eye,670.9,251.4,792.7,345.6,998.7,404.2,1150.9,522.1,8hW6WfYBP18.001.mp4,1280,720,25.0,383,extraversion,low
207,8280,nose,574.8,308.5,684.6,435.2,878.6,475.7,1015.8,634.0,8hW6WfYBP18.001.mp4,1280,720,25.0,383,extraversion,low
207,8280,mouth,558.6,462.4,700.3,547.4,858.3,668.0,1035.4,774.3,8hW6WfYBP18.001.mp4,1280,720,25.0,383,extraversion,low
207,8280,forehead,489.0,193.5,822.9,503.0,771.3,331.8,1188.6,718.7,8hW6WfYBP18.001.mp4,1280,720,25.0,383,extraversion,low
207,8280,chin,489.9,367.3,822.3,605.8,772.4,549.1,1187.9,847.3,8hW6WfYBP18.001.mp4,1280,720,25.0,383,extraversion,low
207,8280,left_cheek,488.9,360.4,576.9,497.6,771.1,540.5,881.1,712.0,8hW6WfYBP18.001.mp4,1280,720,25.0,383,extraversion,low
207,8280,right_cheek,694.0,371.0,803.7,510.7,1027.5,553.8,1164.7,728.4,8hW6WfYBP18.001.mp4,1280,720,25.0,383,extraversion,low
208,8320,left_eye,502.3,252.8,604.7,339.2,787.9,406.0,915.9,514.0,8hW6WfYBP18.001.mp4,1280,720,25.0,383,extraversion,low
208,8320,right_eye,671.9,251.4,793.4,345.4,999.9,404.3,1151.8,521.8,8hW6WfYBP18.001.mp4,1280,720,25.0,383,extraversion,low
208,8320,nose,576.2,308.6,685.1,435.4,880.2,475.8,1016.4,634.3,8hW6WfYBP18.001.mp4,1280,720,25.0,383,extraversion,low
208,8320,mouth,560.4,463.2,700.3,549.6,860.5,669.0,1035.4,777.1,8hW6WfYBP18.001.mp4,1280,720,25.0,383,extraversion,low
208,8320,forehead,489.0,194.2,823.6,502.2,771.3,332.7,1189.4,717.7,8hW6WfYBP18.001.mp4,1280,720,25.0,383,extraversion,low
208,8320,chin,490.0,367.2,823.4,606.0,772.5,549.0,1189.3,847.5,8hW6WfYBP18.001.mp4,1280,720,25.0,383,extraversion,low
208,8320,left_cheek,488.9,360.5,577.8,497.7,771.1,540.6,882.2,712.1,8hW6WfYBP18.001.mp4,1280,720,25.0,383,extraversion,low
208,8320,right_cheek,694.3,371.0,804.2,510.7,1027.9,553.7,1165.2,728.4,8hW6WfYBP18.001.mp4,1280,720,25.0,383,extraversion,low
209,8360,left_eye,502.4,253.3,604.9,339.1,787.9,406.6,916.1,513.9,8hW6WfYBP18.001.mp4,1280,720,25.0,383,extraversion,low
209,8360,right_eye,672.3,251.7,793.9,345.5,1000.3,404.7,1152.4,521.8,8hW6WfYBP18.001.mp4,1280,720,25.0,383,extraversion,low
209,8360,nose,576.6,308.9,685.1,436.0,880.7,476.1,1016.4,635.0,8hW6WfYBP18.001.mp4,1280,720,25.0,383,extraversion,low
209,8360,mouth,561.0,464.2,700.2,551.3,861.3,670.2,1035.3,779.1,8hW6WfYBP18.001.mp4,1280,720,25.0,383,extraversion,low
209,8360,forehead,489.2,194.6,823.9,502.1,771.5,333.2,1189.8,717.6,8hW6WfYBP18.001.mp4,1280,720,25.0,383,extraversion,low
209,8360,chin,490.0,367.2,823.9,606.1,772.5,549.0,1189.8,847.6,8hW6WfYBP18.001.mp4,1280,720,25.0,383,extraversion,low
209,8360,left_cheek,488.9,360.8,578.0,498.0,771.2,540.9,882.6,712.5,8hW6WfYBP18.001.mp4,1280,720,25.0,383,extraversion,low
209,8360,right_cheek,694.4,371.0,804.4,510.8,1028.0,553.8,1165.5,728.5,8hW6WfYBP18.001.mp4,1280,720,25.0,383,extraversion,low
210,8400,left_eye,502.3,253.6,604.9,339.2,787.9,407.0,916.1,514.0,8hW6WfYBP18.001.mp4,1280,720,25.0,383,extraversion,low
210,8400,right_eye,672.2,252.3,794.0,345.5,1000.3,405.4,1152.5,521.9,8hW6WfYBP18.001.mp4,1280,720,25.0,383,extraversion,low
210,8400,nose,576.5,309.0,684.0,436.2,880.7,476.3,1015.1,635.2,8hW6WfYBP18.001.mp4,1280,720,25.0,383,extraversion,low
210,8400,mouth,561.2,467.3,698.9,554.7,861.5,674.2,1033.6,783.3,8hW6WfYBP18.001.mp4,1280,720,25.0,383,extraversion,low
210,8400,forehead,489.2,194.6,824.2,504.3,771.5,333.2,1190.2,720.3,8hW6WfYBP18.001.mp4,1280,720,25.0,383,extraversion,low
210,8400,chin,489.9,367.5,824.2,610.2,772.4,549.4,1190.2,852.8,8hW6WfYBP18.001.mp4,1280,720,25.0,383,extraversion,low
210,8400,left_cheek,488.9,361.3,578.0,500.2,771.1,541.6,882.5,715.2,8hW6WfYBP18.001.mp4,1280,720,25.0,383,extraversion,low
210,8400,right_cheek,694.1,371.3,804.4,513.2,1027.6,554.1,1165.5,731.5,8hW6WfYBP18.001.mp4,1280,720,25.0,383,extraversion,low
211,8440,left_eye,502.3,253.6,604.9,339.3,787.8,406.9,916.1,514.1,8hW6WfYBP18.001.mp4,1280,720,25.0,383,extraversion,low
211,8440,right_eye,672.2,252.4,794.2,345.5,1000.3,405.5,1152.7,521.9,8hW6WfYBP18.001.mp4,1280,720,25.0,383,extraversion,low
211,8440,nose,576.5,309.2,684.3,436.6,880.7,476.5,1015.3,635.8,8hW6WfYBP18.001.mp4,1280,720,25.0,383,extraversion,low
211,8440,mouth,561.5,467.9,698.9,558.8,861.9,674.9,1033.6,788.5,8hW6WfYBP18.001.mp4,1280,720,25.0,383,extraversion,low
211,8440,forehead,489.2,195.3,824.4,504.3,771.5,334.1,1190.5,720.3,8hW6WfYBP18.001.mp4,1280,720,25.0,383,extraversion,low
211,8440,chin,489.9,367.7,824.4,613.1,772.4,549.6,1190.5,856.4,8hW6WfYBP18.001.mp4,1280,720,25.0,383,extraversion,low
211,8440,left_cheek,488.9,361.7,578.0,501.2,771.1,542.1,882.5,716.5,8hW6WfYBP18.001.mp4,1280,720,25.0,383,extraversion,low
211,8440,right_cheek,694.1,371.4,804.8,513.7,1027.7,554.2,1165.9,732.1,8hW6WfYBP18.001.mp4,1280,720,25.0,383,extraversion,low
212,8480,left_eye,502.2,252.0,604.5,339.2,787.8,405.0,915.6,514.0,8hW6WfYBP18.001.mp4,1280,720,25.0,383,extraversion,low
212,8480,right_eye,670.1,251.7,792.5,345.0,997.6,404.7,1150.6,521.3,8hW6WfYBP18.001.mp4,1280,720,25.0,383,extraversion,low
212,8480,nose,576.1,308.7,683.2,436.9,880.1,475.9,1014.0,636.2,8hW6WfYBP18.001.mp4,1280,720,25.0,383,extraversion,low
212,8480,mouth,558.2,470.9,701.0,561.7,857.8,678.6,1036.2,792.1,8hW6WfYBP18.001.mp4,1280,720,25.0,383,extraversion,low
212,8480,forehead,488.7,191.1,824.1,505.2,770.9,328.9,1190.2,721.5,8hW6WfYBP18.001.mp4,1280,720,25.0,383,extraversion,low
212,8480,chin,489.5,367.6,824.1,615.9,771.9,549.5,1190.2,859.9,8hW6WfYBP18.001.mp4,1280,720,25.0,383,extraversion,low
212,8480,left_cheek,488.4,361.7,577.0,503.8,770.5,542.1,881.3,719.8,8hW6WfYBP18.001.mp4,1280,720,25.0,383,extraversion,low
212,8480,right_cheek,693.8,371.4,804.5,515.8,1027.3,554.3,1165.6,734.7,8hW6WfYBP18.001.mp4,1280,720,25.0,383,extraversion,low
213,8520,left_eye,501.6,251.1,603.8,339.2,787.0,403.8,914.8,514.0,8hW6WfYBP18.001.mp4,1280,720,25.0,383,extraversion,low
213,8520,right_eye,669.0,251.5,791.6,344.6,996.3,404.4,1149.5,520.8,8hW6WfYBP18.001.mp4,1280,720,25.0,383,extraversion,low
213,8520,nose,575.7,308.5,682.8,437.2,879.6,475.7,1013.5,636.5,8hW6WfYBP18.001.mp4,1280,720,25.0,383,extraversion,low
213,8520,mouth,557.1,471.6,702.2,564.9,856.4,679.5,1037.7,796.1,8hW6WfYBP18.001.mp4,1280,720,25.0,383,extraversion,low
213,8520,forehead,488.2,190.7,823.9,505.5,770.2,328.4,1189.9,721.9,8hW6WfYBP18.001.mp4,1280,720,25.0,383,extraversion,low
213,8520,chin,489.1,367.6,823.9,620.0,771.4,549.5,1189.9,865.1,8hW6WfYBP18.001.mp4,1280,720,25.0,383,extraversion,low
213,8520,left_cheek,487.9,361.8,576.3,505.0,769.8,542.2,880.4,721.3,8hW6WfYBP18.001.mp4,1280,720,25.0,383,extraversion,low
213,8520,right_cheek,693.6,371.4,804.1,516.5,1027.0,554.3,1165.1,735.6,8hW6WfYBP18.001.mp4,1280,720,25.0,383,extraversion,low
214,8560,left_eye,501.4,250.5,603.4,339.2,786.8,403.1,914.2,514.1,8hW6WfYBP18.001.mp4,1280,720,25.0,383,extraversion,low
214,8560,right_eye,668.3,251.0,791.2,344.6,995.3,403.7,1149.0,520.7,8hW6WfYBP18.001.mp4,1280,720,25.0,383,extraversion,low
214,8560,nose,575.7,308.2,681.8,437.2,879.6,475.3,1012.2,636.5,8hW6WfYBP18.001.mp4,1280,720,25.0,383,extraversion,low
214,8560,mouth,557.7,473.2,702.2,566.8,857.1,681.5,1037.7,798.5,8hW6WfYBP18.001.mp4,1280,720,25.0,383,extraversion,low
214,8560,forehead,487.5,189.7,824.2,506.1,769.4,327.2,1190.2,722.6,8hW6WfYBP18.001.mp4,1280,720,25.0,383,extraversion,low
214,8560,chin,488.5,367.8,824.2,621.9,770.6,549.7,1190.2,867.4,8hW6WfYBP18.001.mp4,1280,720,25.0,383,extraversion,low
214,8560,left_cheek,487.1,361.9,576.0,506.3,768.9,542.3,880.0,722.9,8hW6WfYBP18.001.mp4,1280,720,25.0,383,extraversion,low
214,8560,right_cheek,693.3,371.4,804.1,517.3,1026.6,554.3,1165.1,736.6,8hW6WfYBP18.001.mp4,1280,720,25.0,383,extraversion,low
215,8600,left_eye,501.2,250.2,603.1,339.3,786.5,402.8,913.9,514.1,8hW6WfYBP18.001.mp4,1280,720,25.0,383,extraversion,low
215,8600,right_eye,667.8,250.9,790.9,344.5,994.8,403.6,1148.6,520.7,8hW6WfYBP18.001.mp4,1280,720,25.0,383,extraversion,low
215,8600,nose,575.7,308.1,681.5,437.2,879.6,475.1,1011.8,636.5,8hW6WfYBP18.001.mp4,1280,720,25.0,383,extraversion,low
215,8600,mouth,557.9,474.1,702.2,567.7,857.4,682.6,1037.8,799.6,8hW6WfYBP18.001.mp4,1280,720,25.0,383,extraversion,low
215,8600,forehead,487.3,189.3,824.4,507.1,769.1,326.6,1190.5,723.8,8hW6WfYBP18.001.mp4,1280,720,25.0,383,extraversion,low
215,8600,chin,488.2,368.1,824.4,624.1,770.3,550.2,1190.5,870.1,8hW6WfYBP18.001.mp4,1280,720,25.0,383,extraversion,low
215,8600,left_cheek,486.8,362.1,575.8,507.1,768.5,542.6,879.7,723.9,8hW6WfYBP18.001.mp4,1280,720,25.0,383,extraversion,low
215,8600,right_cheek,693.1,371.4,804.1,517.9,1026.4,554.3,1165.1,737.4,8hW6WfYBP18.001.mp4,1280,720,25.0,383,extraversion,low
216,8640,left_eye,501.1,249.6,602.4,339.1,786.4,402.1,913.0,513.9,8hW6WfYBP18.001.mp4,1280,720,25.0,383,extraversion,low
216,8640,right_eye,667.3,249.4,788.4,343.3,994.2,401.8,1145.5,519.1,8hW6WfYBP18.001.mp4,1280,720,25.0,383,extraversion,low
216,8640,nose,575.5,306.8,681.5,437.3,879.4,473.5,1011.9,636.6,8hW6WfYBP18.001.mp4,1280,720,25.0,383,extraversion,low
216,8640,mouth,558.2,474.8,701.5,553.2,857.8,683.5,1036.9,781.5,8hW6WfYBP18.001.mp4,1280,720,25.0,383,extraversion,low
216,8640,forehead,487.2,188.4,823.7,504.9,769.1,325.5,1189.7,721.2,8hW6WfYBP18.001.mp4,1280,720,25.0,383,extraversion,low
216,8640,chin,488.1,367.6,823.7,623.3,770.1,549.5,1189.7,869.1,8hW6WfYBP18.001.mp4,1280,720,25.0,383,extraversion,low
216,8640,left_cheek,486.8,361.7,575.8,507.0,768.5,542.2,879.7,723.7,8hW6WfYBP18.001.mp4,1280,720,25.0,383,extraversion,low
216,8640,right_cheek,692.6,370.2,803.1,516.6,1025.7,552.8,1163.9,735.8,8hW6WfYBP18.001.mp4,1280,720,25.0,383,extraversion,low
217,8680,left_eye,501.3,249.1,602.3,338.3,786.6,401.4,912.9,512.9,8hW6WfYBP18.001.mp4,1280,720,25.0,383,extraversion,low
217,8680,right_eye,667.1,248.2,787.7,342.3,993.9,400.3,1144.6,517.8,8hW6WfYBP18.001.mp4,1280,720,25.0,383,extraversion,low
217,8680,nose,575.5,305.7,681.6,437.2,879.4,472.2,1012.0,636.5,8hW6WfYBP18.001.mp4,1280,720,25.0,383,extraversion,low
217,8680,mouth,558.9,474.3,701.5,550.6,858.6,682.9,1036.8,778.2,8hW6WfYBP18.001.mp4,1280,720,25.0,383,extraversion,low
217,8680,forehead,487.3,187.8,823.4,503.5,769.1,324.7,1189.2,719.3,8hW6WfYBP18.001.mp4,1280,720,25.0,383,extraversion,low
217,8680,chin,488.3,367.3,823.4,621.6,770.3,549.2,1189.2,867.1,8hW6WfYBP18.001.mp4,1280,720,25.0,383,extraversion,low
217,8680,left_cheek,487.2,361.4,576.0,506.3,769.1,541.7,880.0,722.8,8hW6WfYBP18.001.mp4,1280,720,25.0,383,extraversion,low
217,8680,right_cheek,692.3,369.0,802.5,514.9,1025.3,551.2,1163.2,733.7,8hW6WfYBP18.001.mp4,1280,720,25.0,383,extraversion,low
218,8720,left_eye,501.5,246.8,602.3,334.4,786.8,398.6,912.9,508.1,8hW6WfYBP18.001.mp4,1280,720,25.0,383,extraversion,low
218,8720,right_eye,667.2,244.4,787.6,337.2,993.9,395.5,1144.4,511.5,8hW6WfYBP18.001.mp4,1280,720,25.0,383,extraversion,low
218,8720,nose,575.6,301.6,682.6,432.1,879.5,467.0,1013.2,630.1,8hW6WfYBP18.001.mp4,1280,720,25.0,383,extraversion,low
218,8720,mouth,559.6,467.2,700.4,543.1,859.4,674.0,1035.5,768.8,8hW6WfYBP18.001.mp4,1280,720,25.0,383,extraversion,low
218,8720,forehead,487.7,186.1,823.3,497.7,769.7,322.6,1189.1,712.1,8hW6WfYBP18.001.mp4,1280,720,25.0,383,extraversion,low
218,8720,chin,488.6,364.4,823.3,608.8,770.7,545.4,1189.1,851.0,8hW6WfYBP18.001.mp4,1280,720,25.0,383,extraversion,low
218,8720,left_cheek,487.7,357.7,576.3,499.1,769.6,537.2,880.4,713.8,8hW6WfYBP18.001.mp4,1280,720,25.0,383,extraversion,low
218,8720,right_cheek,692.3,363.4,802.5,507.4,1025.4,544.2,1163.2,724.2,8hW6WfYBP18.001.mp4,1280,720,25.0,383,extraversion,low
219,8760,left_eye,501.6,246.1,602.4,332.8,787.0,397.6,912.9,506.0,8hW6WfYBP18.001.mp4,1280,720,25.0,383,extraversion,low
219,8760,right_eye,667.2,243.6,787.6,335.7,994.0,394.5,1144.5,509.7,8hW6WfYBP18.001.mp4,1280,720,25.0,383,extraversion,low
219,8760,nose,575.9,300.6,683.9,430.8,879.9,465.7,1014.8,628.6,8hW6WfYBP18.001.mp4,1280,720,25.0,383,extraversion,low
219,8760,mouth,560.3,463.8,700.4,543.2,860.3,669.7,1035.5,769.0,8hW6WfYBP18.001.mp4,1280,720,25.0,383,extraversion,low
219,8760,forehead,487.9,184.9,823.1,496.7,769.9,321.1,1188.9,710.9,8hW6WfYBP18.001.mp4,1280,720,25.0,383,extraversion,low
219,8760,chin,488.6,363.5,823.1,607.3,770.8,544.3,1188.9,849.1,8hW6WfYBP18.001.mp4,1280,720,25.0,383,extraversion,low
219,8760,left_cheek,487.8,356.8,576.6,498.0,769.8,536.0,880.7,712.4,8hW6WfYBP18.001.mp4,1280,720,25.0,383,extraversion,low
219,8760,right_cheek,692.5,362.0,802.6,506.3,1025.6,542.5,1163.2,722.8,8hW6WfYBP18.001.mp4,1280,720,25.0,383,extraversion,low
220,8800,left_eye,501.9,245.9,602.4,332.3,787.3,397.4,913.0,505.3,8hW6WfYBP18.001.mp4,1280,720,25.0,383,extraversion,low
220,8800,right_eye,667.3,243.3,787.7,334.9,994.1,394.1,1144.6,508.6,8hW6WfYBP18.001.mp4,1280,720,25.0,383,extraversion,low
220,8800,nose,576.8,300.0,685.4,428.9,880.9,465.0,1016.8,626.1,8hW6WfYBP18.001.mp4,1280,720,25.0,383,extraversion,low
220,8800,mouth,562.7,459.7,700.6,545.5,863.4,664.7,1035.7,771.9,8hW6WfYBP18.001.mp4,1280,720,25.0,383,extraversion,low
220,8800,forehead,488.7,185.0,822.9,495.0,770.9,321.3,1188.7,708.8,8hW6WfYBP18.001.mp4,1280,720,25.0,383,extraversion,low
220,8800,chin,489.5,363.6,822.9,605.8,771.9,544.5,1188.7,847.3,8hW6WfYBP18.001.mp4,1280,720,25.0,383,extraversion,low
220,8800,left_cheek,488.6,356.6,577.2,497.1,770.7,535.8,881.5,711.4,8hW6WfYBP18.001.mp4,1280,720,25.0,383,extraversion,low
220,8800,right_cheek,693.2,360.7,802.6,504.1,1026.5,540.8,1163.2,720.1,8hW6WfYBP18.001.mp4,1280,720,25.0,383,extraversion,low
221,8840,left_eye,502.1,246.1,602.7,332.5,787.7,397.7,913.4,505.6,8hW6WfYBP18.001.mp4,1280,720,25.0,383,extraversion,low
221,8840,right_eye,667.5,243.8,787.7,335.2,994.4,394.7,1144.6,508.9,8hW6WfYBP18.001.mp4,1280,720,25.0,383,extraversion,low
221,8840,nose,578.3,300.4,685.8,428.3,882.9,465.5,1017.2,625.4,8hW6WfYBP18.001.mp4,1280,720,25.0,383,extraversion,low
221,8840,mouth,564.5,459.2,701.3,546.9,865.6,664.0,1036.7,773.6,8hW6WfYBP18.001.mp4,1280,720,25.0,383,extraversion,low
221,8840,forehead,488.9,185.3,822.9,494.3,771.1,321.7,1188.7,707.8,8hW6WfYBP18.001.mp4,1280,720,25.0,383,extraversion,low
221,8840,chin,489.7,362.7,822.9,605.4,772.1,543.3,1188.7,846.8,8hW6WfYBP18.001.mp4,1280,720,25.0,383,extraversion,low
221,8840,left_cheek,489.2,356.2,577.9,496.8,771.5,535.2,882.4,711.0,8hW6WfYBP18.001.mp4,1280,720,25.0,383,extraversion,low
221,8840,right_cheek,693.6,360.9,802.7,504.2,1027.1,541.1,1163.3,720.2,8hW6WfYBP18.001.mp4,1280,720,25.0,383,extraversion,low
222,8880,left_eye,503.0,246.3,603.5,332.6,788.8,397.9,914.3,505.8,8hW6WfYBP18.001.mp4,1280,720,25.0,383,extraversion,low
222,8880,right_eye,667.9,244.1,787.9,335.3,994.9,395.1,1144.8,509.1,8hW6WfYBP18.001.mp4,1280,720,25.0,383,extraversion,low
222,8880,nose,579.8,300.6,686.4,427.9,884.8,465.8,1018.0,624.8,8hW6WfYBP18.001.mp4,1280,720,25.0,383,extraversion,low
222,8880,mouth,566.0,459.0,701.9,548.6,867.5,663.8,1037.3,775.8,8hW6WfYBP18.001.mp4,1280,720,25.0,383,extraversion,low
222,8880,forehead,489.5,185.5,823.1,493.9,771.8,321.8,1188.9,707.3,8hW6WfYBP18.001.mp4,1280,720,25.0,383,extraversion,low
222,8880,chin,490.2,362.2,823.1,605.4,772.8,542.8,1188.9,846.8,8hW6WfYBP18.001.mp4,1280,720,25.0,383,extraversion,low
222,8880,left_cheek,490.0,356.0,578.9,496.8,772.5,535.0,883.7,711.0,8hW6WfYBP18.001.mp4,1280,720,25.0,383,extraversion,low
222,8880,right_cheek,694.3,360.9,803.0,504.1,1027.9,541.2,1163.8,720.2,8hW6WfYBP18.001.mp4,1280,720,25.0,383,extraversion,low
223,8920,left_eye,503.1,246.4,603.6,332.7,788.9,398.0,914.5,505.9,8hW6WfYBP18.001.mp4,1280,720,25.0,383,extraversion,low
223,8920,right_eye,668.0,244.2,787.9,335.5,994.9,395.3,1144.9,509.4,8hW6WfYBP18.001.mp4,1280,720,25.0,383,extraversion,low
223,8920,nose,580.2,300.8,686.3,428.1,885.3,466.0,1017.8,625.1,8hW6WfYBP18.001.mp4,1280,720,25.0,383,extraversion,low
223,8920,mouth,565.7,459.1,701.9,550.6,867.1,663.8,1037.3,778.3,8hW6WfYBP18.001.mp4,1280,720,25.0,383,extraversion,low
223,8920,forehead,489.4,185.6,823.1,494.5,771.8,322.0,1188.8,708.2,8hW6WfYBP18.001.mp4,1280,720,25.0,383,extraversion,low
223,8920,chin,490.2,362.8,823.1,606.0,772.7,543.5,1188.8,847.5,8hW6WfYBP18.001.mp4,1280,720,25.0,383,extraversion,low
223,8920,left_cheek,490.0,356.0,579.0,496.8,772.5,535.0,883.8,711.0,8hW6WfYBP18.001.mp4,1280,720,25.0,383,extraversion,low
223,8920,right_cheek,694.5,361.4,803.1,504.7,1028.2,541.7,1163.9,720.9,8hW6WfYBP18.001.mp4,1280,720,25.0,383,extraversion,low
224,8960,left_eye,503.2,246.7,603.6,332.8,789.0,398.4,914.6,506.0,8hW6WfYBP18.001.mp4,1280,720,25.0,383,extraversion,low
224,8960,right_eye,668.0,244.4,788.1,335.6,995.0,395.5,1145.2,509.5,8hW6WfYBP18.001.mp4,1280,720,25.0,383,extraversion,low
224,8960,nose,580.1,300.9,686.2,428.2,885.1,466.2,1017.7,625.3,8hW6WfYBP18.001.mp4,1280,720,25.0,383,extraversion,low
224,8960,mouth,566.1,459.3,701.6,553.1,867.6,664.1,1037.0,781.4,8hW6WfYBP18.001.mp4,1280,720,25.0,383,extraversion,low
224,8960,forehead,489.4,185.8,823.4,494.9,771.8,322.2,1189.3,708.6,8hW6WfYBP18.001.mp4,1280,720,25.0,383,extraversion,low
224,8960,chin,490.2,363.8,823.4,607.1,772.8,544.8,1189.3,848.9,8hW6WfYBP18.001.mp4,1280,720,25.0,383,extraversion,low
224,8960,left_cheek,490.0,356.4,579.0,497.1,772.5,535.5,883.8,711.4,8hW6WfYBP18.001.mp4,1280,720,25.0,383,extraversion,low
224,8960,right_cheek,694.7,361.6,803.8,505.1,1028.3,542.0,1164.7,721.3,8hW6WfYBP18.001.mp4,1280,720,25.0,383,extraversion,low
225,9000,left_eye,503.2,247.0,603.6,332.9,788.9,398.8,914.5,506.1,8hW6WfYBP18.001.mp4,1280,720,25.0,383,extraversion,low
225,9000,right_eye,668.0,244.4,788.2,335.7,995.0,395.5,1145.2,509.6,8hW6WfYBP18.001.mp4,1280,720,25.0,383,extraversion,low
225,9000,nose,579.9,301.1,686.1,428.3,884.9,466.3,1017.7,625.4,8hW6WfYBP18.001.mp4,1280,720,25.0,383,extraversion,low
225,9000,mouth,566.7,459.2,701.3,555.0,868.4,664.0,1036.6,783.7,8hW6WfYBP18.001.mp4,1280,720,25.0,383,extraversion,low
225,9000,forehead,489.4,186.5,823.3,495.2,771.8,323.1,1189.2,708.9,8hW6WfYBP18.001.mp4,1280,720,25.0,383,extraversion,low
225,9000,chin,490.2,364.4,823.3,608.4,772.8,545.5,1189.2,850.5,8hW6WfYBP18.001.mp4,1280,720,25.0,383,extraversion,low
225,9000,left_cheek,490.0,356.7,579.0,497.2,772.5,535.9,883.8,711.5,8hW6WfYBP18.001.mp4,1280,720,25.0,383,extraversion,low
225,9000,right_cheek,694.7,361.8,803.8,505.3,1028.4,542.2,1164.8,721.6,8hW6WfYBP18.001.mp4,1280,720,25.0,383,extraversion,low
226,9040,left_eye,503.2,247.5,603.6,333.2,789.0,399.3,914.5,506.5,8hW6WfYBP18.001.mp4,1280,720,25.0,383,extraversion,low
226,9040,right_eye,668.0,244.5,788.2,335.8,995.0,395.6,1145.3,509.7,8hW6WfYBP18.001.mp4,1280,720,25.0,383,extraversion,low
226,9040,nose,579.9,301.1,686.0,428.4,884.8,466.4,1017.5,625.4,8hW6WfYBP18.001.mp4,1280,720,25.0,383,extraversion,low
226,9040,mouth,567.2,459.4,701.1,555.8,869.0,664.2,1036.4,784.7,8hW6WfYBP18.001.mp4,1280,720,25.0,383,extraversion,low
226,9040,forehead,489.5,186.8,823.2,494.9,771.9,323.5,1189.0,708.6,8hW6WfYBP18.001.mp4,1280,720,25.0,383,extraversion,low
226,9040,chin,490.3,364.4,823.2,608.5,772.8,545.5,1189.0,850.6,8hW6WfYBP18.001.mp4,1280,720,25.0,383,extraversion,low
226,9040,left_cheek,489.9,356.8,579.0,497.3,772.4,536.1,883.8,711.6,8hW6WfYBP18.001.mp4,1280,720,25.0,383,extraversion,low
226,9040,right_cheek,694.7,361.9,803.9,505.4,1028.4,542.4,1164.8,721.8,8hW6WfYBP18.001.mp4,1280,720,25.0,383,extraversion,low
227,9080,left_eye,503.2,248.7,603.3,333.7,789.0,400.9,914.1,507.2,8hW6WfYBP18.001.mp4,1280,720,25.0,383,extraversion,low
227,9080,right_eye,667.6,245.7,787.9,336.1,994.5,397.1,1144.9,510.1,8hW6WfYBP18.001.mp4,1280,720,25.0,383,extraversion,low
227,9080,nose,579.3,301.9,685.7,430.7,884.1,467.4,1017.1,628.3,8hW6WfYBP18.001.mp4,1280,720,25.0,383,extraversion,low
227,9080,mouth,565.2,460.7,701.1,551.9,866.5,665.9,1036.4,779.9,8hW6WfYBP18.001.mp4,1280,720,25.0,383,extraversion,low
227,9080,forehead,489.5,187.0,823.0,496.5,771.9,323.8,1188.8,710.6,8hW6WfYBP18.001.mp4,1280,720,25.0,383,extraversion,low
227,9080,chin,490.2,365.3,823.0,609.5,772.8,546.6,1188.8,851.9,8hW6WfYBP18.001.mp4,1280,720,25.0,383,extraversion,low
227,9080,left_cheek,489.8,357.9,578.9,498.4,772.2,537.3,883.6,713.0,8hW6WfYBP18.001.mp4,1280,720,25.0,383,extraversion,low
227,9080,right_cheek,694.3,362.8,803.6,506.9,1027.8,543.5,1164.5,723.6,8hW6WfYBP18.001.mp4,1280,720,25.0,383,extraversion,low
228,9120,left_eye,503.4,249.5,603.3,334.2,789.2,401.9,914.1,507.7,8hW6WfYBP18.001.mp4,1280,720,25.0,383,extraversion,low
228,9120,right_eye,667.6,246.5,787.9,336.3,994.5,398.2,1144.9,510.4,8hW6WfYBP18.001.mp4,1280,720,25.0,383,extraversion,low
228,9120,nose,579.2,302.5,685.7,431.6,884.0,468.2,1017.1,629.4,8hW6WfYBP18.001.mp4,1280,720,25.0,383,extraversion,low
228,9120,mouth,564.9,461.9,701.3,551.0,866.1,667.4,1036.7,778.8,8hW6WfYBP18.001.mp4,1280,720,25.0,383,extraversion,low
228,9120,forehead,489.8,187.6,823.0,496.5,772.3,324.6,1188.7,710.7,8hW6WfYBP18.001.mp4,1280,720,25.0,383,extraversion,low
228,9120,chin,490.4,365.3,823.0,609.9,773.1,546.7,1188.7,852.3,8hW6WfYBP18.001.mp4,1280,720,25.0,383,extraversion,low
228,9120,left_cheek,489.9,358.1,578.9,498.5,772.3,537.7,883.6,713.2,8hW6WfYBP18.001.mp4,1280,720,25.0,383,extraversion,low
228,9120,right_cheek,694.3,363.3,803.6,507.2,1027.8,544.1,1164.5,724.0,8hW6WfYBP18.001.mp4,1280,720,25.0,383,extraversion,low
229,9160,left_eye,503.4,251.0,603.3,335.2,789.3,403.7,914.1,509.0,8hW6WfYBP18.001.mp4,1280,720,25.0,383,extraversion,low
229,9160,right_eye,667.4,248.4,787.7,337.4,994.3,400.4,1144.7,511.8,8hW6WfYBP18.001.mp4,1280,720,25.0,383,extraversion,low
229,9160,nose,579.1,304.0,685.6,434.3,883.9,470.0,1017.0,632.9,8hW6WfYBP18.001.mp4,1280,720,25.0,383,extraversion,low
229,9160,mouth,563.6,463.6,701.4,551.1,864.5,669.5,1036.7,778.9,8hW6WfYBP18.001.mp4,1280,720,25.0,383,extraversion,low
229,9160,forehead,490.1,188.2,822.7,497.5,772.6,325.2,1188.4,711.8,8hW6WfYBP18.001.mp4,1280,720,25.0,383,extraversion,low
229,9160,chin,490.7,365.8,822.7,609.9,773.3,547.2,1188.4,852.4,8hW6WfYBP18.001.mp4,1280,720,25.0,383,extraversion,low
229,9160,left_cheek,489.9,359.2,578.9,499.9,772.4,539.0,883.6,714.8,8hW6WfYBP18.001.mp4,1280,720,25.0,383,extraversion,low
229,9160,right_cheek,694.1,365.0,803.3,508.7,1027.6,546.3,1164.1,725.9,8hW6WfYBP18.001.mp4,1280,720,25.0,383,extraversion,low
230,9200,left_eye,503.3,251.2,603.1,335.6,789.1,404.0,913.8,509.5,8hW6WfYBP18.001.mp4,1280,720,25.0,383,extraversion,low
230,9200,right_eye,667.1,248.6,787.6,337.8,993.8,400.7,1144.5,512.2,8hW6WfYBP18.001.mp4,1280,720,25.0,383,extraversion,low
230,9200,nose,578.6,304.4,685.4,435.1,883.3,470.5,1016.8,633.8,8hW6WfYBP18.001.mp4,1280,720,25.0,383,extraversion,low
230,9200,mouth,562.4,464.4,701.4,551.1,863.0,670.5,1036.7,778.8,8hW6WfYBP18.001.mp4,1280,720,25.0,383,extraversion,low
230,9200,forehead,490.0,188.2,822.7,497.7,772.6,325.3,1188.4,712.2,8hW6WfYBP18.001.mp4,1280,720,25.0,383,extraversion,low
230,9200,chin,490.6,365.8,822.7,609.9,773.3,547.3,1188.4,852.4,8hW6WfYBP18.001.mp4,1280,720,25.0,383,extraversion,low
230,9200,left_cheek,489.6,359.6,578.6,500.4,772.1,539.5,883.3,715.5,8hW6WfYBP18.001.mp4,1280,720,25.0,383,extraversion,low
230,9200,right_cheek,693.8,365.6,803.3,509.3,1027.3,547.0,1164.1,726.6,8hW6WfYBP18.001.mp4,1280,720,25.0,383,extraversion,low
231,9240,left_eye,502.8,252.3,602.6,336.0,788.5,405.3,913.2,510.0,8hW6WfYBP18.001.mp4,1280,720,25.0,383,extraversion,low
231,9240,right_eye,666.4,249.7,787.3,338.3,993.0,402.1,1144.1,512.9,8hW6WfYBP18.001.mp4,1280,720,25.0,383,extraversion,low
231,9240,nose,577.7,305.1,684.1,437.0,882.1,471.4,1015.2,636.3,8hW6WfYBP18.001.mp4,1280,720,25.0,383,extraversion,low
231,9240,mouth,559.2,469.4,701.5,552.3,859.0,676.7,1036.9,780.4,8hW6WfYBP18.001.mp4,1280,720,25.0,383,extraversion,low
231,9240,forehead,489.9,188.2,822.4,497.9,772.4,325.3,1188.0,712.4,8hW6WfYBP18.001.mp4,1280,720,25.0,383,extraversion,low
231,9240,chin,490.5,365.4,822.4,610.0,773.2,546.8,1188.0,852.5,8hW6WfYBP18.001.mp4,1280,720,25.0,383,extraversion,low
231,9240,left_cheek,489.0,359.7,577.9,501.1,771.3,539.6,882.4,716.4,8hW6WfYBP18.001.mp4,1280,720,25.0,383,extraversion,low
231,9240,right_cheek,692.9,366.5,802.8,510.5,1026.2,548.2,1163.5,728.1,8hW6WfYBP18.001.mp4,1280,720,25.0,383,extraversion,low
232,9280,left_eye,502.5,252.7,602.2,336.3,788.1,405.8,912.8,510.4,8hW6WfYBP18.001.mp4,1280,720,25.0,383,extraversion,low
232,9280,right_eye,666.0,250.1,786.9,338.6,992.5,402.7,1143.6,513.2,8hW6WfYBP18.001.mp4,1280,720,25.0,383,extraversion,low
232,9280,nose,577.1,305.5,683.8,437.7,881.3,471.9,1014.7,637.1,8hW6WfYBP18.001.mp4,1280,720,25.0,383,extraversion,low
232,9280,mouth,557.7,470.8,701.7,553.0,857.2,678.5,1037.1,781.3,8hW6WfYBP18.001.mp4,1280,720,25.0,383,extraversion,low
232,9280,forehead,489.9,188.4,821.8,497.7,772.4,325.5,1187.2,712.2,8hW6WfYBP18.001.mp4,1280,720,25.0,383,extraversion,low
232,9280,chin,490.5,365.0,821.8,609.7,773.1,546.2,1187.2,852.2,8hW6WfYBP18.001.mp4,1280,720,25.0,383,extraversion,low
232,9280,left_cheek,488.8,359.8,577.5,501.4,771.0,539.7,881.8,716.7,8hW6WfYBP18.001.mp4,1280,720,25.0,383,extraversion,low
232,9280,right_cheek,692.6,367.0,802.3,510.7,1025.7,548.7,1162.9,728.4,8hW6WfYBP18.001.mp4,1280,720,25.0,383,extraversion,low
233,9320,left_eye,501.9,253.3,602.0,336.7,787.4,406.7,912.5,510.9,8hW6WfYBP18.001.mp4,1280,720,25.0,383,extraversion,low
233,9320,right_eye,665.5,250.6,786.4,338.9,991.9,403.3,1143.0,513.7,8hW6WfYBP18.001.mp4,1280,720,25.0,383,extraversion,low
233,9320,nose,576.9,305.8,683.2,438.2,881.1,472.2,1014.0,637.8,8hW6WfYBP18.001.mp4,1280,720,25.0,383,extraversion,low
233,9320,mouth,557.4,473.1,702.1,553.1,856.7,681.3,1037.6,781.4,8hW6WfYBP18.001.mp4,1280,720,25.0,383,extraversion,low
233,9320,forehead,489.1,188.4,821.6,498.4,771.3,325.6,1186.9,713.1,8hW6WfYBP18.001.mp4,1280,720,25.0,383,extraversion,low
233,9320,chin,489.8,365.3,821.6,610.3,772.2,546.6,1186.9,852.9,8hW6WfYBP18.001.mp4,1280,720,25.0,383,extraversion,low
233,9320,left_cheek,488.1,360.3,577.2,502.1,770.1,540.4,881.5,717.6,8hW6WfYBP18.001.mp4,1280,720,25.0,383,extraversion,low
233,9320,right_cheek,692.1,367.2,801.9,511.3,1025.1,549.0,1162.4,729.1,8hW6WfYBP18.001.mp4,1280,720,25.0,383,extraversion,low
234,9360,left_eye,501.8,253.8,601.9,337.2,787.3,407.2,912.3,511.5,8hW6WfYBP18.001.mp4,1280,720,25.0,383,extraversion,low
234,9360,right_eye,665.3,250.9,786.1,339.2,991.6,403.6,1142.7,514.0,8hW6WfYBP18.001.mp4,1280,720,25.0,383,extraversion,low
234,9360,nose,576.5,306.2,683.1,438.7,880.7,472.7,1013.9,638.4,8hW6WfYBP18.001.mp4,1280,720,25.0,383,extraversion,low
234,9360,mouth,556.7,473.2,702.5,554.4,855.8,681.5,1038.2,783.0,8hW6WfYBP18.001.mp4,1280,720,25.0,383,extraversion,low
234,9360,forehead,489.0,188.8,821.2,498.4,771.3,326.0,1186.5,713.0,8hW6WfYBP18.001.mp4,1280,720,25.0,383,extraversion,low
234,9360,chin,489.7,365.2,821.2,610.3,772.2,546.6,1186.5,852.9,8hW6WfYBP18.001.mp4,1280,720,25.0,383,extraversion,low
234,9360,left_cheek,487.9,360.5,577.0,502.3,769.9,540.6,881.2,717.9,8hW6WfYBP18.001.mp4,1280,720,25.0,383,extraversion,low
234,9360,right_cheek,692.0,367.4,801.7,511.4,1025.0,549.2,1162.2,729.3,8hW6WfYBP18.001.mp4,1280,720,25.0,383,extraversion,low
235,9400,left_eye,501.8,254.1,601.9,337.5,787.3,407.6,912.3,511.8,8hW6WfYBP18.001.mp4,1280,720,25.0,383,extraversion,low
235,9400,right_eye,665.3,251.1,786.1,339.5,991.6,403.8,1142.6,514.3,8hW6WfYBP18.001.mp4,1280,720,25.0,383,extraversion,low
235,9400,nose,576.7,306.5,683.2,439.0,880.8,473.1,1013.9,638.7,8hW6WfYBP18.001.mp4,1280,720,25.0,383,extraversion,low
235,9400,mouth,556.8,473.3,703.4,554.4,856.0,681.6,1039.3,783.0,8hW6WfYBP18.001.mp4,1280,720,25.0,383,extraversion,low
235,9400,forehead,489.0,189.2,821.2,498.4,771.3,326.5,1186.4,713.0,8hW6WfYBP18.001.mp4,1280,720,25.0,383,extraversion,low
235,9400,chin,489.7,365.3,821.2,610.0,772.2,546.7,1186.4,852.5,8hW6WfYBP18.001.mp4,1280,720,25.0,383,extraversion,low
235,9400,left_cheek,487.9,360.8,577.0,502.4,769.9,541.0,881.3,718.0,8hW6WfYBP18.001.mp4,1280,720,25.0,383,extraversion,low
235,9400,right_cheek,692.0,367.5,801.7,511.4,1025.0,549.4,1162.2,729.3,8hW6WfYBP18.001.mp4,1280,720,25.0,383,extraversion,low
236,9440,left_eye,501.8,254.2,601.9,337.5,787.3,407.7,912.3,511.9,8hW6WfYBP18.001.mp4,1280,720,25.0,383,extraversion,low
236,9440,right_eye,665.3,251.1,786.1,339.5,991.7,403.9,1142.6,514.4,8hW6WfYBP18.001.mp4,1280,720,25.0,383,extraversion,low
236,9440,nose,576.7,306.6,683.2,439.2,880.9,473.2,1014.0,639.1,8hW6WfYBP18.001.mp4,1280,720,25.0,383,extraversion,low
236,9440,mouth,557.0,473.6,703.7,554.3,856.3,682.0,1039.6,782.9,8hW6WfYBP18.001.mp4,1280,720,25.0,383,extraversion,low
236,9440,forehead,488.9,189.2,821.2,498.9,771.1,326.5,1186.5,713.6,8hW6WfYBP18.001.mp4,1280,720,25.0,383,extraversion,low
236,9440,chin,489.6,365.6,821.2,610.7,772.0,547.0,1186.5,853.4,8hW6WfYBP18.001.mp4,1280,720,25.0,383,extraversion,low
236,9440,left_cheek,487.9,361.0,577.1,502.8,769.9,541.3,881.3,718.5,8hW6WfYBP18.001.mp4,1280,720,25.0,383,extraversion,low
236,9440,right_cheek,692.0,367.6,801.7,511.7,1025.0,549.5,1162.2,729.6,8hW6WfYBP18.001.mp4,1280,720,25.0,383,extraversion,low
237,9480,left_eye,501.8,254.8,601.9,338.3,787.3,408.5,912.4,512.9,8hW6WfYBP18.001.mp4,1280,720,25.0,383,extraversion,low
237,9480,right_eye,665.3,251.2,786.1,339.8,991.7,404.0,1142.6,514.7,8hW6WfYBP18.001.mp4,1280,720,25.0,383,extraversion,low
237,9480,nose,577.1,307.0,683.4,439.9,881.4,473.8,1014.3,639.9,8hW6WfYBP18.001.mp4,1280,720,25.0,383,extraversion,low
237,9480,mouth,557.1,474.6,704.6,554.5,856.3,683.2,1040.8,783.1,8hW6WfYBP18.001.mp4,1280,720,25.0,383,extraversion,low
237,9480,forehead,488.9,189.5,821.3,499.8,771.1,326.8,1186.7,714.7,8hW6WfYBP18.001.mp4,1280,720,25.0,383,extraversion,low
237,9480,chin,489.6,367.0,821.3,612.9,772.1,548.8,1186.7,856.1,8hW6WfYBP18.001.mp4,1280,720,25.0,383,extraversion,low
237,9480,left_cheek,488.0,362.2,577.3,504.1,770.0,542.7,881.7,720.1,8hW6WfYBP18.001.mp4,1280,720,25.0,383,extraversion,low
237,9480,right_cheek,692.1,367.9,801.8,512.4,1025.1,549.8,1162.2,730.5,8hW6WfYBP18.001.mp4,1280,720,25.0,383,extraversion,low
238,9520,left_eye,501.8,255.0,601.9,339.3,787.2,408.8,912.4,514.1,8hW6WfYBP18.001.mp4,1280,720,25.0,383,extraversion,low
238,9520,right_eye,665.3,251.4,786.1,340.2,991.7,404.2,1142.6,515.2,8hW6WfYBP18.001.mp4,1280,720,25.0,383,extraversion,low
238,9520,nose,577.1,307.3,683.5,440.2,881.4,474.1,1014.3,640.2,8hW6WfYBP18.001.mp4,1280,720,25.0,383,extraversion,low
238,9520,mouth,557.1,474.9,704.9,554.5,856.4,683.6,1041.1,783.1,8hW6WfYBP18.001.mp4,1280,720,25.0,383,extraversion,low
238,9520,forehead,488.9,189.5,821.7,500.5,771.1,326.9,1187.1,715.6,8hW6WfYBP18.001.mp4,1280,720,25.0,383,extraversion,low
238,9520,chin,489.7,367.9,821.7,614.2,772.1,549.8,1187.1,857.8,8hW6WfYBP18.001.mp4,1280,720,25.0,383,extraversion,low
238,9520,left_cheek,488.0,363.0,577.3,504.9,770.0,543.8,881.7,721.1,8hW6WfYBP18.001.mp4,1280,720,25.0,383,extraversion,low
238,9520,right_cheek,692.2,368.2,802.0,513.2,1025.2,550.3,1162.6,731.5,8hW6WfYBP18.001.mp4,1280,720,25.0,383,extraversion,low
239,9560,left_eye,501.8,255.2,601.9,339.8,787.2,409.0,912.3,514.7,8hW6WfYBP18.001.mp4,1280,720,25.0,383,extraversion,low
239,9560,right_eye,665.4,251.5,786.1,340.4,991.7,404.3,1142.6,515.5,8hW6WfYBP18.001.mp4,1280,720,25.0,383,extraversion,low
239,9560,nose,577.1,307.5,683.5,440.2,881.4,474.3,1014.4,640.3,8hW6WfYBP18.001.mp4,1280,720,25.0,383,extraversion,low
239,9560,mouth,557.3,475.0,705.4,554.4,856.6,683.7,1041.7,783.0,8hW6WfYBP18.001.mp4,1280,720,25.0,383,extraversion,low
239,9560,forehead,488.9,189.6,822.0,500.9,771.1,327.0,1187.5,716.2,8hW6WfYBP18.001.mp4,1280,720,25.0,383,extraversion,low
239,9560,chin,489.7,368.4,822.0,615.2,772.1,550.5,1187.5,858.9,8hW6WfYBP18.001.mp4,1280,720,25.0,383,extraversion,low
239,9560,left_cheek,488.0,363.5,577.4,505.4,770.0,544.4,881.7,721.8,8hW6WfYBP18.001.mp4,1280,720,25.0,383,extraversion,low
239,9560,right_cheek,692.2,368.4,802.3,513.6,1025.3,550.6,1162.8,732.0,8hW6WfYBP18.001.mp4,1280,720,25.0,383,extraversion,low
240,9600,left_eye,501.5,255.3,601.8,340.2,786.9,409.1,912.2,515.2,8hW6WfYBP18.001.mp4,1280,720,25.0,383,extraversion,low
240,9600,right_eye,665.3,251.5,786.1,340.5,991.7,404.3,1142.7,515.6,8hW6WfYBP18.001.mp4,1280,720,25.0,383,extraversion,low
240,9600,nose,577.3,307.5,683.7,440.3,881.6,474.4,1014.6,640.3,8hW6WfYBP18.001.mp4,1280,720,25.0,383,extraversion,low
240,9600,mouth,557.7,475.3,705.6,554.1,857.2,684.1,1042.0,782.6,8hW6WfYBP18.001.mp4,1280,720,25.0,383,extraversion,low
240,9600,forehead,488.9,189.6,822.0,501.0,771.1,327.0,1187.5,716.2,8hW6WfYBP18.001.mp4,1280,720,25.0,383,extraversion,low
240,9600,chin,489.7,368.8,822.0,615.1,772.1,551.0,1187.5,858.8,8hW6WfYBP18.001.mp4,1280,720,25.0,383,extraversion,low
240,9600,left_cheek,488.0,363.9,577.4,505.8,770.0,544.8,881.7,722.2,8hW6WfYBP18.001.mp4,1280,720,25.0,383,extraversion,low
240,9600,right_cheek,692.3,368.5,802.4,513.7,1025.4,550.6,1162.9,732.1,8hW6WfYBP18.001.mp4,1280,720,25.0,383,extraversion,low
241,9640,left_eye,501.3,255.4,601.7,340.3,786.6,409.2,912.1,515.4,8hW6WfYBP18.001.mp4,1280,720,25.0,383,extraversion,low
241,9640,right_eye,665.3,251.5,786.1,340.6,991.7,404.4,1142.7,515.7,8hW6WfYBP18.001.mp4,1280,720,25.0,383,extraversion,low
241,9640,nose,577.3,307.6,683.7,440.3,881.6,474.5,1014.6,640.4,8hW6WfYBP18.001.mp4,1280,720,25.0,383,extraversion,low
241,9640,mouth,557.8,475.4,705.8,553.7,857.3,684.3,1042.3,782.1,8hW6WfYBP18.001.mp4,1280,720,25.0,383,extraversion,low
241,9640,forehead,488.8,189.6,822.0,501.0,771.0,327.0,1187.6,716.2,8hW6WfYBP18.001.mp4,1280,720,25.0,383,extraversion,low
241,9640,chin,489.7,369.0,822.0,615.2,772.1,551.2,1187.6,859.0,8hW6WfYBP18.001.mp4,1280,720,25.0,383,extraversion,low
241,9640,left_cheek,488.0,364.0,577.4,506.0,770.0,545.0,881.7,722.5,8hW6WfYBP18.001.mp4,1280,720,25.0,383,extraversion,low
241,9640,right_cheek,692.3,368.5,802.4,513.7,1025.4,550.6,1163.0,732.1,8hW6WfYBP18.001.mp4,1280,720,25.0,383,extraversion,low
242,9680,left_eye,501.2,255.4,601.6,340.4,786.5,409.2,912.0,515.4,8hW6WfYBP18.001.mp4,1280,720,25.0,383,extraversion,low
242,9680,right_eye,665.3,251.5,786.1,340.6,991.6,404.4,1142.7,515.7,8hW6WfYBP18.001.mp4,1280,720,25.0,383,extraversion,low
242,9680,nose,577.3,307.6,683.8,440.3,881.6,474.5,1014.7,640.3,8hW6WfYBP18.001.mp4,1280,720,25.0,383,extraversion,low
242,9680,mouth,557.9,475.4,706.1,553.6,857.4,684.2,1042.6,782.0,8hW6WfYBP18.001.mp4,1280,720,25.0,383,extraversion,low
242,9680,forehead,488.7,189.5,822.0,501.0,770.9,326.9,1187.5,716.3,8hW6WfYBP18.001.mp4,1280,720,25.0,383,extraversion,low
242,9680,chin,489.7,369.2,822.0,615.7,772.1,551.6,1187.5,859.6,8hW6WfYBP18.001.mp4,1280,720,25.0,383,extraversion,low
242,9680,left_cheek,488.0,364.2,577.4,506.2,770.0,545.2,881.7,722.8,8hW6WfYBP18.001.mp4,1280,720,25.0,383,extraversion,low
242,9680,right_cheek,692.3,368.5,802.4,513.7,1025.4,550.6,1163.0,732.1,8hW6WfYBP18.001.mp4,1280,720,25.0,383,extraversion,low
243,9720,left_eye,501.1,255.4,601.6,340.4,786.4,409.2,912.0,515.5,8hW6WfYBP18.001.mp4,1280,720,25.0,383,extraversion,low
243,9720,right_eye,665.3,251.5,786.1,340.6,991.6,404.4,1142.7,515.8,8hW6WfYBP18.001.mp4,1280,720,25.0,383,extraversion,low
243,9720,nose,577.3,307.6,683.9,440.2,881.6,474.5,1014.9,640.3,8hW6WfYBP18.001.mp4,1280,720,25.0,383,extraversion,low
243,9720,mouth,558.1,475.4,706.1,553.5,857.7,684.3,1042.6,781.9,8hW6WfYBP18.001.mp4,1280,720,25.0,383,extraversion,low
243,9720,forehead,488.7,189.5,822.0,501.0,770.9,326.9,1187.5,716.3,8hW6WfYBP18.001.mp4,1280,720,25.0,383,extraversion,low
243,9720,chin,489.7,369.3,822.0,615.7,772.1,551.6,1187.5,859.6,8hW6WfYBP18.001.mp4,1280,720,25.0,383,extraversion,low
243,9720,left_cheek,488.0,364.2,577.4,506.2,770.0,545.3,881.7,722.8,8hW6WfYBP18.001.mp4,1280,720,25.0,383,extraversion,low
243,9720,right_cheek,692.3,368.5,802.4,513.7,1025.4,550.6,1163.0,732.1,8hW6WfYBP18.001.mp4,1280,720,25.0,383,extraversion,low
244,9760,left_eye,500.7,255.5,601.5,340.6,785.8,409.4,911.9,515.7,8hW6WfYBP18.001.mp4,1280,720,25.0,383,extraversion,low
244,9760,right_eye,665.2,251.5,786.1,340.7,991.6,404.4,1142.7,515.8,8hW6WfYBP18.001.mp4,1280,720,25.0,383,extraversion,low
244,9760,nose,577.3,307.7,684.1,440.5,881.6,474.6,1015.1,640.6,8hW6WfYBP18.001.mp4,1280,720,25.0,383,extraversion,low
244,9760,mouth,558.1,475.4,706.4,553.6,857.7,684.2,1043.1,782.1,8hW6WfYBP18.001.mp4,1280,720,25.0,383,extraversion,low
244,9760,forehead,488.2,189.5,822.0,501.1,770.2,326.9,1187.5,716.4,8hW6WfYBP18.001.mp4,1280,720,25.0,383,extraversion,low
244,9760,chin,489.3,369.7,822.0,615.6,771.6,552.2,1187.5,859.6,8hW6WfYBP18.001.mp4,1280,720,25.0,383,extraversion,low
244,9760,left_cheek,487.8,364.6,577.4,506.8,769.8,545.7,881.7,723.4,8hW6WfYBP18.001.mp4,1280,720,25.0,383,extraversion,low
244,9760,right_cheek,692.4,368.5,802.4,513.7,1025.5,550.7,1163.0,732.2,8hW6WfYBP18.001.mp4,1280,720,25.0,383,extraversion,low
245,9800,left_eye,500.6,255.4,601.3,340.5,785.7,409.2,911.6,515.7,8hW6WfYBP18.001.mp4,1280,720,25.0,383,extraversion,low
245,9800,right_eye,665.2,251.3,786.2,340.6,991.5,404.1,1142.8,515.7,8hW6WfYBP18.001.mp4,1280,720,25.0,383,extraversion,low
245,9800,nose,577.3,307.6,684.1,440.4,881.6,474.5,1015.2,640.5,8hW6WfYBP18.001.mp4,1280,720,25.0,383,extraversion,low
245,9800,mouth,558.3,475.3,706.6,553.5,857.8,684.2,1043.3,781.8,8hW6WfYBP18.001.mp4,1280,720,25.0,383,extraversion,low
245,9800,forehead,488.2,189.3,822.2,501.1,770.2,326.6,1187.7,716.4,8hW6WfYBP18.001.mp4,1280,720,25.0,383,extraversion,low
245,9800,chin,489.3,369.8,822.2,615.8,771.6,552.3,1187.7,859.7,8hW6WfYBP18.001.mp4,1280,720,25.0,383,extraversion,low
245,9800,left_cheek,487.8,364.6,577.4,506.8,769.8,545.7,881.7,723.5,8hW6WfYBP18.001.mp4,1280,720,25.0,383,extraversion,low
245,9800,right_cheek,692.5,368.4,802.6,513.7,1025.6,550.4,1163.2,732.1,8hW6WfYBP18.001.mp4,1280,720,25.0,383,extraversion,low
246,9840,left_eye,500.4,255.3,601.2,340.5,785.5,409.1,911.5,515.7,8hW6WfYBP18.001.mp4,1280,720,25.0,383,extraversion,low
246,9840,right_eye,665.2,251.0,786.2,340.5,991.5,403.8,1142.8,515.6,8hW6WfYBP18.001.mp4,1280,720,25.0,383,extraversion,low
246,9840,nose,577.3,307.5,684.2,440.3,881.7,474.4,1015.3,640.3,8hW6WfYBP18.001.mp4,1280,720,25.0,383,extraversion,low
246,9840,mouth,559.0,475.0,706.8,552.8,858.7,683.7,1043.4,780.9,8hW6WfYBP18.001.mp4,1280,720,25.0,383,extraversion,low
246,9840,forehead,488.0,189.0,822.2,501.3,770.1,326.3,1187.8,716.6,8hW6WfYBP18.001.mp4,1280,720,25.0,383,extraversion,low
246,9840,chin,489.2,370.6,822.2,616.0,771.5,553.2,1187.8,860.0,8hW6WfYBP18.001.mp4,1280,720,25.0,383,extraversion,low
246,9840,left_cheek,487.8,364.8,577.4,507.1,769.7,546.0,881.7,723.8,8hW6WfYBP18.001.mp4,1280,720,25.0,383,extraversion,low
246,9840,right_cheek,692.5,368.2,802.7,513.7,1025.7,550.3,1163.3,732.1,8hW6WfYBP18.001.mp4,1280,720,25.0,383,extraversion,low
247,9880,left_eye,500.3,255.3,601.2,340.5,785.3,409.1,911.4,515.6,8hW6WfYBP18.001.mp4,1280,720,25.0,383,extraversion,low
247,9880,right_eye,665.2,251.0,786.2,340.5,991.5,403.7,1142.8,515.6,8hW6WfYBP18.001.mp4,1280,720,25.0,383,extraversion,low
247,9880,nose,577.3,307.5,684.4,440.1,881.7,474.3,1015.5,640.1,8hW6WfYBP18.001.mp4,1280,720,25.0,383,extraversion,low
247,9880,mouth,559.6,474.8,707.0,552.7,859.4,683.5,1043.7,780.8,8hW6WfYBP18.001.mp4,1280,720,25.0,383,extraversion,low
247,9880,forehead,487.7,189.0,822.3,501.1,769.7,326.2,1187.8,716.4,8hW6WfYBP18.001.mp4,1280,720,25.0,383,extraversion,low
247,9880,chin,489.0,370.5,822.3,615.9,771.3,553.2,1187.8,859.9,8hW6WfYBP18.001.mp4,1280,720,25.0,383,extraversion,low
247,9880,left_cheek,487.7,364.8,577.4,507.0,769.6,546.0,881.7,723.8,8hW6WfYBP18.001.mp4,1280,720,25.0,383,extraversion,low
247,9880,right_cheek,692.7,368.1,802.7,513.5,1025.8,550.1,1163.4,731.9,8hW6WfYBP18.001.mp4,1280,720,25.0,383,extraversion,low
248,9920,left_eye,500.4,255.3,601.3,340.5,785.5,409.1,911.6,515.6,8hW6WfYBP18.001.mp4,1280,720,25.0,383,extraversion,low
248,9920,right_eye,665.3,250.8,786.3,340.4,991.7,403.5,1142.9,515.5,8hW6WfYBP18.001.mp4,1280,720,25.0,383,extraversion,low
248,9920,nose,577.8,307.4,684.9,440.0,882.3,474.3,1016.1,640.0,8hW6WfYBP18.001.mp4,1280,720,25.0,383,extraversion,low
248,9920,mouth,560.0,474.6,707.4,552.4,859.9,683.2,1044.2,780.5,8hW6WfYBP18.001.mp4,1280,720,25.0,383,extraversion,low
248,9920,forehead,487.9,188.9,822.3,501.1,769.9,326.1,1187.9,716.4,8hW6WfYBP18.001.mp4,1280,720,25.0,383,extraversion,low
248,9920,chin,489.3,370.6,822.3,616.1,771.6,553.3,1187.9,860.1,8hW6WfYBP18.001.mp4,1280,720,25.0,383,extraversion,low
248,9920,left_cheek,488.0,364.8,577.8,507.1,770.0,546.0,882.2,723.9,8hW6WfYBP18.001.mp4,1280,720,25.0,383,extraversion,low
248,9920,right_cheek,693.0,368.0,802.9,513.5,1026.3,550.0,1163.7,731.9,8hW6WfYBP18.001.mp4,1280,720,25.0,383,extraversion,low
249,9960,left_eye,500.5,255.2,601.3,340.5,785.6,409.0,911.7,515.6,8hW6WfYBP18.001.mp4,1280,720,25.0,383,extraversion,low
249,9960,right_eye,665.5,250.7,786.5,340.4,991.8,403.4,1143.1,515.5,8hW6WfYBP18.001.mp4,1280,720,25.0,383,extraversion,low
249,9960,nose,577.9,307.4,685.3,439.9,882.4,474.2,1016.6,639.8,8hW6WfYBP18.001.mp4,1280,720,25.0,383,extraversion,low
249,9960,mouth,560.5,474.5,707.7,552.3,860.6,683.2,1044.6,780.4,8hW6WfYBP18.001.mp4,1280,720,25.0,383,extraversion,low
249,9960,forehead,488.1,188.9,822.5,501.1,770.1,326.1,1188.1,716.3,8hW6WfYBP18.001.mp4,1280,720,25.0,383,extraversion,low
249,9960,chin,489.4,370.6,822.5,615.7,771.8,553.3,1188.1,859.6,8hW6WfYBP18.001.mp4,1280,720,25.0,383,extraversion,low
249,9960,left_cheek,488.1,364.8,577.9,507.1,770.1,546.0,882.4,723.8,8hW6WfYBP18.001.mp4,1280,720,25.0,383,extraversion,low
249,9960,right_cheek,693.4,367.9,803.2,513.4,1026.7,549.9,1164.0,731.8,8hW6WfYBP18.001.mp4,1280,720,25.0,383,extraversion,low
250,10000,left_eye,500.3,255.3,601.6,342.3,785.4,409.2,912.0,517.9,8hW6WfYBP18.001.mp4,1280,720,25.0,383,extraversion,low
250,10000,right_eye,666.5,251.2,788.4,341.9,993.1,403.9,1145.5,517.4,8hW6WfYBP18.001.mp4,1280,720,25.0,383,extraversion,low
250,10000,nose,578.3,308.4,686.2,439.9,882.8,475.5,1017.7,639.8,8hW6WfYBP18.001.mp4,1280,720,25.0,383,extraversion,low
250,10000,mouth,560.7,473.5,707.9,551.7,860.9,681.9,1044.9,779.6,8hW6WfYBP18.001.mp4,1280,720,25.0,383,extraversion,low
250,10000,forehead,488.0,192.8,824.1,504.7,770.0,331.0,1190.1,720.8,8hW6WfYBP18.001.mp4,1280,720,25.0,383,extraversion,low
250,10000,chin,489.4,376.3,824.1,616.4,771.8,560.3,1190.1,860.5,8hW6WfYBP18.001.mp4,1280,720,25.0,383,extraversion,low
250,10000,left_cheek,488.4,367.2,578.3,507.6,770.5,549.0,882.9,724.5,8hW6WfYBP18.001.mp4,1280,720,25.0,383,extraversion,low
250,10000,right_cheek,694.0,369.1,804.1,513.8,1027.5,551.4,1165.1,732.3,8hW6WfYBP18.001.mp4,1280,720,25.0,383,extraversion,low
251,10040,left_eye,500.1,255.3,601.6,342.8,785.2,409.2,912.0,518.5,8hW6WfYBP18.001.mp4,1280,720,25.0,383,extraversion,low
251,10040,right_eye,667.0,251.1,788.9,342.8,993.8,403.9,1146.2,518.4,8hW6WfYBP18.001.mp4,1280,720,25.0,383,extraversion,low
251,10040,nose,578.3,308.7,686.2,439.6,882.8,475.9,1017.7,639.5,8hW6WfYBP18.001.mp4,1280,720,25.0,383,extraversion,low
251,10040,mouth,561.4,473.2,707.8,550.8,861.7,681.5,1044.7,778.5,8hW6WfYBP18.001.mp4,1280,720,25.0,383,extraversion,low
251,10040,forehead,488.0,194.0,824.2,506.9,770.0,332.5,1190.3,723.6,8hW6WfYBP18.001.mp4,1280,720,25.0,383,extraversion,low
251,10040,chin,489.4,379.3,824.2,617.2,771.8,564.2,1190.3,861.5,8hW6WfYBP18.001.mp4,1280,720,25.0,383,extraversion,low
251,10040,left_cheek,488.6,368.0,578.3,508.5,770.7,550.0,882.9,725.6,8hW6WfYBP18.001.mp4,1280,720,25.0,383,extraversion,low
251,10040,right_cheek,694.0,369.6,804.2,514.1,1027.5,552.0,1165.2,732.6,8hW6WfYBP18.001.mp4,1280,720,25.0,383,extraversion,low
252,10080,left_eye,499.6,255.7,601.4,344.6,784.5,409.6,911.7,520.7,8hW6WfYBP18.001.mp4,1280,720,25.0,383,extraversion,low
252,10080,right_eye,667.0,250.9,788.9,343.6,993.7,403.6,1146.1,519.5,8hW6WfYBP18.001.mp4,1280,720,25.0,383,extraversion,low
252,10080,nose,578.0,308.9,686.2,439.1,882.5,476.1,1017.7,638.9,8hW6WfYBP18.001.mp4,1280,720,25.0,383,extraversion,low
252,10080,mouth,561.4,473.0,707.8,549.1,861.7,681.3,1044.7,776.4,8hW6WfYBP18.001.mp4,1280,720,25.0,383,extraversion,low
252,10080,forehead,487.7,194.6,823.9,506.8,769.6,333.2,1189.9,723.5,8hW6WfYBP18.001.mp4,1280,720,25.0,383,extraversion,low
252,10080,chin,489.4,380.6,823.9,617.1,771.7,565.7,1189.9,861.4,8hW6WfYBP18.001.mp4,1280,720,25.0,383,extraversion,low
252,10080,left_cheek,488.5,369.4,578.0,509.3,770.6,551.8,882.5,726.7,8hW6WfYBP18.001.mp4,1280,720,25.0,383,extraversion,low
252,10080,right_cheek,694.0,370.0,804.1,514.1,1027.5,552.5,1165.2,732.6,8hW6WfYBP18.001.mp4,1280,720,25.0,383,extraversion,low
253,10120,left_eye,498.9,256.0,600.7,345.2,783.7,410.0,910.9,521.5,8hW6WfYBP18.001.mp4,1280,720,25.0,383,extraversion,low
253,10120,right_eye,666.4,250.7,788.5,343.7,993.0,403.4,1145.6,519.7,8hW6WfYBP18.001.mp4,1280,720,25.0,383,extraversion,low
253,10120,nose,577.6,308.9,686.0,438.4,882.0,476.1,1017.5,638.0,8hW6WfYBP18.001.mp4,1280,720,25.0,383,extraversion,low
253,10120,mouth,561.3,472.7,707.7,549.2,861.7,680.8,1044.6,776.5,8hW6WfYBP18.001.mp4,1280,720,25.0,383,extraversion,low
253,10120,forehead,487.0,194.3,823.5,506.4,768.8,332.8,1189.3,723.0,8hW6WfYBP18.001.mp4,1280,720,25.0,383,extraversion,low
253,10120,chin,489.0,380.3,823.5,617.1,771.3,565.4,1189.3,861.4,8hW6WfYBP18.001.mp4,1280,720,25.0,383,extraversion,low
253,10120,left_cheek,488.1,369.7,577.3,509.8,770.1,552.1,881.7,727.2,8hW6WfYBP18.001.mp4,1280,720,25.0,383,extraversion,low
253,10120,right_cheek,693.9,369.9,803.9,514.0,1027.4,552.4,1164.9,732.5,8hW6WfYBP18.001.mp4,1280,720,25.0,383,extraversion,low
254,10160,left_eye,498.9,256.1,600.8,345.7,783.7,410.2,911.0,522.2,8hW6WfYBP18.001.mp4,1280,720,25.0,383,extraversion,low
254,10160,right_eye,666.6,250.7,788.8,344.1,993.2,403.4,1145.9,520.1,8hW6WfYBP18.001.mp4,1280,720,25.0,383,extraversion,low
254,10160,nose,577.6,309.1,686.7,438.4,882.0,476.4,1018.4,638.1,8hW6WfYBP18.001.mp4,1280,720,25.0,383,extraversion,low
254,10160,mouth,561.3,472.6,708.4,549.7,861.7,680.8,1045.5,777.1,8hW6WfYBP18.001.mp4,1280,720,25.0,383,extraversion,low
254,10160,forehead,487.0,194.1,823.5,506.2,768.8,332.7,1189.3,722.7,8hW6WfYBP18.001.mp4,1280,720,25.0,383,extraversion,low
254,10160,chin,489.1,379.9,823.5,617.3,771.4,564.9,1189.3,861.6,8hW6WfYBP18.001.mp4,1280,720,25.0,383,extraversion,low
254,10160,left_cheek,488.2,370.0,577.4,510.1,770.3,552.5,881.8,727.6,8hW6WfYBP18.001.mp4,1280,720,25.0,383,extraversion,low
254,10160,right_cheek,694.6,370.0,804.3,514.0,1028.2,552.4,1165.4,732.6,8hW6WfYBP18.001.mp4,1280,720,25.0,383,extraversion,low
255,10200,left_eye,498.9,256.6,600.6,346.2,783.6,410.7,910.8,522.7,8hW6WfYBP18.001.mp4,1280,720,25.0,383,extraversion,low
255,10200,right_eye,666.2,250.7,788.6,344.2,992.8,403.4,1145.8,520.2,8hW6WfYBP18.001.mp4,1280,720,25.0,383,extraversion,low
255,10200,nose,577.6,309.2,686.6,438.2,882.0,476.5,1018.2,637.7,8hW6WfYBP18.001.mp4,1280,720,25.0,383,extraversion,low
255,10200,mouth,561.3,472.6,708.4,551.8,861.6,680.7,1045.5,779.8,8hW6WfYBP18.001.mp4,1280,720,25.0,383,extraversion,low
255,10200,forehead,487.1,194.1,823.4,506.1,768.8,332.6,1189.3,722.7,8hW6WfYBP18.001.mp4,1280,720,25.0,383,extraversion,low
255,10200,chin,489.2,379.9,823.4,619.6,771.6,564.9,1189.3,864.4,8hW6WfYBP18.001.mp4,1280,720,25.0,383,extraversion,low
255,10200,left_cheek,488.2,370.2,577.3,510.6,770.3,552.7,881.7,728.3,8hW6WfYBP18.001.mp4,1280,720,25.0,383,extraversion,low
255,10200,right_cheek,694.5,369.9,804.2,514.0,1028.1,552.4,1165.3,732.5,8hW6WfYBP18.001.mp4,1280,720,25.0,383,extraversion,low
256,10240,left_eye,498.9,256.8,600.6,346.3,783.6,411.0,910.8,522.9,8hW6WfYBP18.001.mp4,1280,720,25.0,383,extraversion,low
256,10240,right_eye,666.1,250.7,788.6,344.2,992.7,403.4,1145.7,520.3,8hW6WfYBP18.001.mp4,1280,720,25.0,383,extraversion,low
256,10240,nose,577.5,309.3,686.5,437.8,881.9,476.6,1018.2,637.2,8hW6WfYBP18.001.mp4,1280,720,25.0,383,extraversion,low
256,10240,mouth,561.3,472.5,708.3,552.5,861.6,680.6,1045.4,780.6,8hW6WfYBP18.001.mp4,1280,720,25.0,383,extraversion,low
256,10240,forehead,487.1,194.1,823.4,505.8,768.8,332.6,1189.3,722.3,8hW6WfYBP18.001.mp4,1280,720,25.0,383,extraversion,low
256,10240,chin,489.2,379.8,823.4,619.4,771.6,564.8,1189.3,864.2,8hW6WfYBP18.001.mp4,1280,720,25.0,383,extraversion,low
256,10240,left_cheek,488.2,370.2,577.3,510.6,770.3,552.8,881.6,728.2,8hW6WfYBP18.001.mp4,1280,720,25.0,383,extraversion,low
256,10240,right_cheek,694.5,369.9,804.2,513.9,1028.1,552.4,1165.3,732.4,8hW6WfYBP18.001.mp4,1280,720,25.0,383,extraversion,low
257,10280,left_eye,498.9,256.8,600.5,346.2,783.6,411.0,910.6,522.8,8hW6WfYBP18.001.mp4,1280,720,25.0,383,extraversion,low
257,10280,right_eye,665.9,250.3,788.5,344.2,992.4,402.9,1145.6,520.2,8hW6WfYBP18.001.mp4,1280,720,25.0,383,extraversion,low
257,10280,nose,577.5,309.0,686.1,436.0,881.8,476.3,1017.6,635.0,8hW6WfYBP18.001.mp4,1280,720,25.0,383,extraversion,low
257,10280,mouth,561.8,470.9,706.7,560.6,862.3,678.7,1043.3,790.7,8hW6WfYBP18.001.mp4,1280,720,25.0,383,extraversion,low
257,10280,forehead,487.0,194.0,823.5,504.7,768.8,332.5,1189.4,720.9,8hW6WfYBP18.001.mp4,1280,720,25.0,383,extraversion,low
257,10280,chin,489.2,378.5,823.5,620.5,771.5,563.2,1189.4,865.7,8hW6WfYBP18.001.mp4,1280,720,25.0,383,extraversion,low
257,10280,left_cheek,488.2,370.1,577.1,510.5,770.2,552.7,881.4,728.2,8hW6WfYBP18.001.mp4,1280,720,25.0,383,extraversion,low
257,10280,right_cheek,694.3,368.7,804.2,513.2,1027.9,550.8,1165.3,731.5,8hW6WfYBP18.001.mp4,1280,720,25.0,383,extraversion,low
258,10320,left_eye,498.9,256.8,600.4,346.3,783.6,411.0,910.5,522.8,8hW6WfYBP18.001.mp4,1280,720,25.0,383,extraversion,low
258,10320,right_eye,665.8,250.1,788.5,344.2,992.3,402.6,1145.6,520.2,8hW6WfYBP18.001.mp4,1280,720,25.0,383,extraversion,low
258,10320,nose,576.8,308.9,685.9,435.6,881.0,476.1,1017.4,634.5,8hW6WfYBP18.001.mp4,1280,720,25.0,383,extraversion,low
258,10320,mouth,562.1,470.6,706.2,561.8,862.6,678.2,1042.7,792.3,8hW6WfYBP18.001.mp4,1280,720,25.0,383,extraversion,low
258,10320,forehead,487.0,194.0,823.6,504.2,768.8,332.5,1189.5,720.2,8hW6WfYBP18.001.mp4,1280,720,25.0,383,extraversion,low
258,10320,chin,489.2,378.0,823.6,620.3,771.6,562.5,1189.5,865.4,8hW6WfYBP18.001.mp4,1280,720,25.0,383,extraversion,low
258,10320,left_cheek,488.2,370.1,576.9,510.4,770.2,552.6,881.1,728.0,8hW6WfYBP18.001.mp4,1280,720,25.0,383,extraversion,low
258,10320,right_cheek,694.3,368.3,804.2,513.0,1027.9,550.4,1165.3,731.3,8hW6WfYBP18.001.mp4,1280,720,25.0,383,extraversion,low
259,10360,left_eye,498.7,256.8,600.0,346.3,783.4,411.0,910.0,522.8,8hW6WfYBP18.001.mp4,1280,720,25.0,383,extraversion,low
259,10360,right_eye,665.2,249.5,788.2,344.1,991.4,401.9,1145.2,520.2,8hW6WfYBP18.001.mp4,1280,720,25.0,383,extraversion,low
259,10360,nose,576.6,308.7,685.2,435.1,880.8,475.9,1016.5,633.8,8hW6WfYBP18.001.mp4,1280,720,25.0,383,extraversion,low
259,10360,mouth,562.3,470.1,706.0,560.9,862.9,677.7,1042.5,791.2,8hW6WfYBP18.001.mp4,1280,720,25.0,383,extraversion,low
259,10360,forehead,487.1,193.7,823.6,504.0,768.8,332.1,1189.5,719.9,8hW6WfYBP18.001.mp4,1280,720,25.0,383,extraversion,low
259,10360,chin,489.3,377.4,823.6,620.3,771.6,561.7,1189.5,865.4,8hW6WfYBP18.001.mp4,1280,720,25.0,383,extraversion,low
259,10360,left_cheek,488.2,370.1,576.7,510.5,770.2,552.6,880.8,728.1,8hW6WfYBP18.001.mp4,1280,720,25.0,383,extraversion,low
259,10360,right_cheek,693.9,367.9,804.2,513.0,1027.4,549.8,1165.2,731.2,8hW6WfYBP18.001.mp4,1280,720,25.0,383,extraversion,low
260,10400,left_eye,498.6,256.8,599.8,346.2,783.3,410.9,909.8,522.8,8hW6WfYBP18.001.mp4,1280,720,25.0,383,extraversion,low
260,10400,right_eye,664.9,249.2,788.0,344.1,991.2,401.5,1145.0,520.1,8hW6WfYBP18.001.mp4,1280,720,25.0,383,extraversion,low
260,10400,nose,576.5,308.6,684.7,434.8,880.6,475.7,1015.9,633.5,8hW6WfYBP18.001.mp4,1280,720,25.0,383,extraversion,low
260,10400,mouth,562.4,469.9,705.9,560.5,863.0,677.4,1042.3,790.7,8hW6WfYBP18.001.mp4,1280,720,25.0,383,extraversion,low
260,10400,forehead,487.0,193.5,823.6,503.7,768.8,331.9,1189.5,719.6,8hW6WfYBP18.001.mp4,1280,720,25.0,383,extraversion,low
260,10400,chin,489.3,376.9,823.6,620.2,771.6,561.1,1189.5,865.3,8hW6WfYBP18.001.mp4,1280,720,25.0,383,extraversion,low
260,10400,left_cheek,488.1,370.0,576.5,510.4,770.1,552.5,880.6,728.0,8hW6WfYBP18.001.mp4,1280,720,25.0,383,extraversion,low
260,10400,right_cheek,693.7,367.7,804.2,512.9,1027.1,549.6,1165.2,731.1,8hW6WfYBP18.001.mp4,1280,720,25.0,383,extraversion,low
261,10440,left_eye,498.6,256.3,599.7,346.1,783.3,410.4,909.6,522.6,8hW6WfYBP18.001.mp4,1280,720,25.0,383,extraversion,low
261,10440,right_eye,664.8,248.1,787.9,343.6,991.0,400.1,1144.9,519.5,8hW6WfYBP18.001.mp4,1280,720,25.0,383,extraversion,low
261,10440,nose,576.4,308.0,684.3,434.6,880.5,475.0,1015.3,633.3,8hW6WfYBP18.001.mp4,1280,720,25.0,383,extraversion,low
261,10440,mouth,562.4,471.1,705.8,559.4,862.9,678.9,1042.2,789.2,8hW6WfYBP18.001.mp4,1280,720,25.0,383,extraversion,low
261,10440,forehead,487.2,192.7,823.7,502.6,769.0,330.9,1189.6,718.3,8hW6WfYBP18.001.mp4,1280,720,25.0,383,extraversion,low
261,10440,chin,489.8,375.2,823.7,620.2,772.2,559.0,1189.6,865.2,8hW6WfYBP18.001.mp4,1280,720,25.0,383,extraversion,low
261,10440,left_cheek,488.2,369.6,576.4,510.2,770.3,552.0,880.6,727.7,8hW6WfYBP18.001.mp4,1280,720,25.0,383,extraversion,low
261,10440,right_cheek,693.5,367.1,804.1,512.8,1026.9,548.9,1165.1,731.0,8hW6WfYBP18.001.mp4,1280,720,25.0,383,extraversion,low
262,10480,left_eye,499.4,255.8,600.0,345.8,784.2,409.7,910.0,522.2,8hW6WfYBP18.001.mp4,1280,720,25.0,383,extraversion,low
262,10480,right_eye,664.9,247.5,788.0,343.0,991.2,399.4,1145.0,518.8,8hW6WfYBP18.001.mp4,1280,720,25.0,383,extraversion,low
262,10480,nose,576.7,307.4,684.3,434.3,880.8,474.3,1015.4,632.9,8hW6WfYBP18.001.mp4,1280,720,25.0,383,extraversion,low
262,10480,mouth,562.9,471.4,706.0,558.3,863.6,679.3,1042.5,787.9,8hW6WfYBP18.001.mp4,1280,720,25.0,383,extraversion,low
262,10480,forehead,488.3,192.3,824.3,500.9,770.4,330.4,1190.3,716.1,8hW6WfYBP18.001.mp4,1280,720,25.0,383,extraversion,low
262,10480,chin,491.2,373.5,824.3,620.1,774.0,556.9,1190.3,865.1,8hW6WfYBP18.001.mp4,1280,720,25.0,383,extraversion,low
262,10480,left_cheek,489.2,368.9,576.8,509.4,771.5,551.1,881.0,726.8,8hW6WfYBP18.001.mp4,1280,720,25.0,383,extraversion,low
262,10480,right_cheek,693.6,366.4,804.4,512.2,1027.0,548.0,1165.5,730.3,8hW6WfYBP18.001.mp4,1280,720,25.0,383,extraversion,low
263,10520,left_eye,500.7,255.5,600.9,345.6,785.8,409.3,911.1,522.0,8hW6WfYBP18.001.mp4,1280,720,25.0,383,extraversion,low
263,10520,right_eye,666.1,246.9,788.8,343.0,992.6,398.6,1146.0,518.8,8hW6WfYBP18.001.mp4,1280,720,25.0,383,extraversion,low
263,10520,nose,577.1,307.3,685.5,434.8,881.4,474.1,1016.9,633.4,8hW6WfYBP18.001.mp4,1280,720,25.0,383,extraversion,low
263,10520,mouth,563.5,472.6,707.9,555.7,864.4,680.7,1044.9,784.7,8hW6WfYBP18.001.mp4,1280,720,25.0,383,extraversion,low
263,10520,forehead,489.4,191.8,825.2,500.4,771.7,329.8,1191.5,715.6,8hW6WfYBP18.001.mp4,1280,720,25.0,383,extraversion,low
263,10520,chin,492.2,373.2,825.2,619.3,775.2,556.5,1191.5,864.1,8hW6WfYBP18.001.mp4,1280,720,25.0,383,extraversion,low
263,10520,left_cheek,490.3,368.5,577.8,508.9,772.8,550.7,882.2,726.2,8hW6WfYBP18.001.mp4,1280,720,25.0,383,extraversion,low
263,10520,right_cheek,694.5,366.3,805.1,512.0,1028.1,547.9,1166.4,730.0,8hW6WfYBP18.001.mp4,1280,720,25.0,383,extraversion,low
264,10560,left_eye,501.2,255.2,601.4,345.4,786.5,409.0,911.8,521.8,8hW6WfYBP18.001.mp4,1280,720,25.0,383,extraversion,low
264,10560,right_eye,666.6,246.6,789.1,342.9,993.2,398.2,1146.4,518.7,8hW6WfYBP18.001.mp4,1280,720,25.0,383,extraversion,low
264,10560,nose,577.5,307.2,686.4,435.0,881.9,474.0,1018.0,633.7,8hW6WfYBP18.001.mp4,1280,720,25.0,383,extraversion,low
264,10560,mouth,563.8,472.9,708.8,554.4,864.7,681.1,1046.0,783.0,8hW6WfYBP18.001.mp4,1280,720,25.0,383,extraversion,low
264,10560,forehead,490.0,191.2,825.9,500.4,772.5,329.0,1192.3,715.6,8hW6WfYBP18.001.mp4,1280,720,25.0,383,extraversion,low
264,10560,chin,492.8,373.0,825.9,618.2,776.0,556.3,1192.3,862.8,8hW6WfYBP18.001.mp4,1280,720,25.0,383,extraversion,low
264,10560,left_cheek,490.7,368.3,578.3,508.7,773.4,550.4,882.9,725.8,8hW6WfYBP18.001.mp4,1280,720,25.0,383,extraversion,low
264,10560,right_cheek,695.1,366.3,805.7,511.9,1028.9,547.8,1167.1,729.9,8hW6WfYBP18.001.mp4,1280,720,25.0,383,extraversion,low
265,10600,left_eye,502.1,255.2,602.7,345.2,787.6,408.9,913.4,521.4,8hW6WfYBP18.001.mp4,1280,720,25.0,383,extraversion,low
265,10600,right_eye,668.5,246.1,791.2,342.9,995.6,397.6,1149.0,518.6,8hW6WfYBP18.001.mp4,1280,720,25.0,383,extraversion,low
265,10600,nose,578.2,307.1,688.5,435.0,882.8,473.9,1020.7,633.8,8hW6WfYBP18.001.mp4,1280,720,25.0,383,extraversion,low
265,10600,mouth,563.5,473.0,713.3,554.4,864.4,681.3,1051.6,783.1,8hW6WfYBP18.001.mp4,1280,720,25.0,383,extraversion,low
265,10600,forehead,491.1,191.1,826.5,500.3,773.9,328.9,1193.2,715.4,8hW6WfYBP18.001.mp4,1280,720,25.0,383,extraversion,low
265,10600,chin,493.4,372.9,826.5,618.5,776.8,556.1,1193.2,863.1,8hW6WfYBP18.001.mp4,1280,720,25.0,383,extraversion,low
265,10600,left_cheek,491.6,367.9,579.3,508.2,774.5,549.9,884.1,725.2,8hW6WfYBP18.001.mp4,1280,720,25.0,383,extraversion,low
265,10600,right_cheek,696.7,366.1,807.0,511.7,1030.9,547.6,1168.8,729.6,8hW6WfYBP18.001.mp4,1280,720,25.0,383,extraversion,low
266,10640,left_eye,502.2,255.2,603.6,345.0,787.8,408.9,914.5,521.3,8hW6WfYBP18.001.mp4,1280,720,25.0,383,extraversion,low
266,10640,right_eye,670.5,245.3,793.6,343.4,998.1,396.6,1152.0,519.2,8hW6WfYBP18.001.mp4,1280,720,25.0,383,extraversion,low
266,10640,nose,578.9,308.2,688.6,434.9,883.7,475.2,1020.8,633.6,8hW6WfYBP18.001.mp4,1280,720,25.0,383,extraversion,low
266,10640,mouth,563.4,473.0,716.4,554.0,864.2,681.3,1055.6,782.5,8hW6WfYBP18.001.mp4,1280,720,25.0,383,extraversion,low
266,10640,forehead,491.3,193.9,828.2,500.6,774.1,332.3,1195.3,715.7,8hW6WfYBP18.001.mp4,1280,720,25.0,383,extraversion,low
266,10640,chin,493.3,373.4,828.2,618.5,776.7,556.7,1195.3,863.2,8hW6WfYBP18.001.mp4,1280,720,25.0,383,extraversion,low
266,10640,left_cheek,492.0,367.9,580.4,507.6,775.0,549.8,885.5,724.5,8hW6WfYBP18.001.mp4,1280,720,25.0,383,extraversion,low
266,10640,right_cheek,697.3,366.1,807.6,511.4,1031.6,547.6,1169.6,729.2,8hW6WfYBP18.001.mp4,1280,720,25.0,383,extraversion,low
267,10680,left_eye,502.2,254.3,603.6,344.1,787.7,407.9,914.5,520.2,8hW6WfYBP18.001.mp4,1280,720,25.0,383,extraversion,low
267,10680,right_eye,671.5,244.3,794.4,343.4,999.4,395.3,1153.0,519.3,8hW6WfYBP18.001.mp4,1280,720,25.0,383,extraversion,low
267,10680,nose,578.7,308.8,689.1,434.7,883.4,476.0,1021.3,633.4,8hW6WfYBP18.001.mp4,1280,720,25.0,383,extraversion,low
267,10680,mouth,562.1,472.7,716.4,550.9,862.6,680.9,1055.5,778.6,8hW6WfYBP18.001.mp4,1280,720,25.0,383,extraversion,low
267,10680,forehead,491.5,194.0,828.3,500.5,774.4,332.4,1195.4,715.6,8hW6WfYBP18.001.mp4,1280,720,25.0,383,extraversion,low
267,10680,chin,493.4,373.3,828.3,615.7,776.7,556.7,1195.4,859.6,8hW6WfYBP18.001.mp4,1280,720,25.0,383,extraversion,low
267,10680,left_cheek,492.0,367.0,580.3,505.9,775.0,548.7,885.4,722.4,8hW6WfYBP18.001.mp4,1280,720,25.0,383,extraversion,low
267,10680,right_cheek,697.5,366.0,807.7,510.8,1031.9,547.5,1169.7,728.4,8hW6WfYBP18.001.mp4,1280,720,25.0,383,extraversion,low
268,10720,left_eye,501.4,254.0,603.3,344.2,786.8,407.5,914.1,520.3,8hW6WfYBP18.001.mp4,1280,720,25.0,383,extraversion,low
268,10720,right_eye,671.2,242.7,794.0,343.4,999.0,393.4,1152.5,519.3,8hW6WfYBP18.001.mp4,1280,720,25.0,383,extraversion,low
268,10720,nose,578.7,308.7,689.0,434.9,883.4,475.9,1021.3,633.7,8hW6WfYBP18.001.mp4,1280,720,25.0,383,extraversion,low
268,10720,mouth,562.1,472.6,716.0,547.0,862.6,680.8,1055.0,773.7,8hW6WfYBP18.001.mp4,1280,720,25.0,383,extraversion,low
268,10720,forehead,491.1,193.9,828.2,500.3,773.9,332.4,1195.3,715.3,8hW6WfYBP18.001.mp4,1280,720,25.0,383,extraversion,low
268,10720,chin,493.1,373.4,828.2,614.1,776.4,556.7,1195.3,857.6,8hW6WfYBP18.001.mp4,1280,720,25.0,383,extraversion,low
268,10720,left_cheek,491.6,367.1,580.2,505.7,774.6,548.8,885.3,722.1,8hW6WfYBP18.001.mp4,1280,720,25.0,383,extraversion,low
268,10720,right_cheek,697.4,365.8,807.7,509.7,1031.8,547.3,1169.6,727.1,8hW6WfYBP18.001.mp4,1280,720,25.0,383,extraversion,low
269,10760,left_eye,501.0,253.6,603.1,344.3,786.3,407.0,913.9,520.4,8hW6WfYBP18.001.mp4,1280,720,25.0,383,extraversion,low
269,10760,right_eye,670.9,241.9,793.7,343.4,998.7,392.4,1152.1,519.2,8hW6WfYBP18.001.mp4,1280,720,25.0,383,extraversion,low
269,10760,nose,578.7,308.6,688.9,435.3,883.4,475.8,1021.1,634.1,8hW6WfYBP18.001.mp4,1280,720,25.0,383,extraversion,low
269,10760,mouth,562.1,472.4,716.1,547.0,862.6,680.5,1055.2,773.8,8hW6WfYBP18.001.mp4,1280,720,25.0,383,extraversion,low
269,10760,forehead,491.1,193.9,828.1,499.7,773.9,332.4,1195.2,714.7,8hW6WfYBP18.001.mp4,1280,720,25.0,383,extraversion,low
269,10760,chin,493.1,373.4,828.1,613.7,776.4,556.7,1195.2,857.1,8hW6WfYBP18.001.mp4,1280,720,25.0,383,extraversion,low
269,10760,left_cheek,491.5,367.2,580.2,505.6,774.4,549.0,885.2,722.0,8hW6WfYBP18.001.mp4,1280,720,25.0,383,extraversion,low
269,10760,right_cheek,697.4,365.5,807.6,509.0,1031.7,546.9,1169.5,726.2,8hW6WfYBP18.001.mp4,1280,720,25.0,383,extraversion,low
270,10800,left_eye,500.1,253.3,602.3,344.8,785.2,406.6,912.8,520.9,8hW6WfYBP18.001.mp4,1280,720,25.0,383,extraversion,low
270,10800,right_eye,669.8,239.5,793.3,343.3,997.3,389.4,1151.6,519.2,8hW6WfYBP18.001.mp4,1280,720,25.0,383,extraversion,low
270,10800,nose,578.7,308.0,688.2,435.3,883.4,475.0,1020.3,634.1,8hW6WfYBP18.001.mp4,1280,720,25.0,383,extraversion,low
270,10800,mouth,565.1,472.2,711.8,547.8,866.3,680.2,1049.7,774.7,8hW6WfYBP18.001.mp4,1280,720,25.0,383,extraversion,low
270,10800,forehead,490.6,193.0,827.4,499.4,773.3,331.2,1194.3,714.3,8hW6WfYBP18.001.mp4,1280,720,25.0,383,extraversion,low
270,10800,chin,493.0,373.2,827.4,613.9,776.3,556.6,1194.3,857.4,8hW6WfYBP18.001.mp4,1280,720,25.0,383,extraversion,low
270,10800,left_cheek,491.0,367.9,579.9,506.3,773.7,549.9,884.9,722.9,8hW6WfYBP18.001.mp4,1280,720,25.0,383,extraversion,low
270,10800,right_cheek,697.0,365.2,807.4,508.8,1031.3,546.5,1169.3,726.0,8hW6WfYBP18.001.mp4,1280,720,25.0,383,extraversion,low
271,10840,left_eye,499.5,253.1,601.8,345.1,784.4,406.3,912.2,521.4,8hW6WfYBP18.001.mp4,1280,720,25.0,383,extraversion,low
271,10840,right_eye,669.2,239.1,792.7,343.2,996.4,388.9,1150.9,519.0,8hW6WfYBP18.001.mp4,1280,720,25.0,383,extraversion,low
271,10840,nose,578.8,307.7,687.9,435.2,883.5,474.6,1019.8,634.0,8hW6WfYBP18.001.mp4,1280,720,25.0,383,extraversion,low
271,10840,mouth,566.3,472.1,710.3,548.2,867.9,680.2,1047.9,775.3,8hW6WfYBP18.001.mp4,1280,720,25.0,383,extraversion,low
271,10840,forehead,490.3,192.5,826.8,499.1,772.9,330.6,1193.5,713.8,8hW6WfYBP18.001.mp4,1280,720,25.0,383,extraversion,low
271,10840,chin,492.9,372.9,826.8,614.0,776.2,556.2,1193.5,857.5,8hW6WfYBP18.001.mp4,1280,720,25.0,383,extraversion,low
271,10840,left_cheek,490.8,368.4,579.9,506.9,773.4,550.5,884.8,723.6,8hW6WfYBP18.001.mp4,1280,720,25.0,383,extraversion,low
271,10840,right_cheek,696.8,364.9,807.1,508.7,1031.0,546.2,1168.9,725.9,8hW6WfYBP18.001.mp4,1280,720,25.0,383,extraversion,low
272,10880,left_eye,497.7,253.0,599.9,345.7,782.1,406.3,909.9,522.2,8hW6WfYBP18.001.mp4,1280,720,25.0,383,extraversion,low
272,10880,right_eye,667.1,238.5,791.7,343.1,993.9,388.1,1149.6,518.9,8hW6WfYBP18.001.mp4,1280,720,25.0,383,extraversion,low
272,10880,nose,578.7,307.2,684.9,434.5,883.3,474.0,1016.2,633.1,8hW6WfYBP18.001.mp4,1280,720,25.0,383,extraversion,low
272,10880,mouth,567.2,472.0,705.7,551.4,869.0,680.0,1042.1,779.3,8hW6WfYBP18.001.mp4,1280,720,25.0,383,extraversion,low
272,10880,forehead,488.6,191.4,826.4,500.0,770.7,329.2,1193.0,715.0,8hW6WfYBP18.001.mp4,1280,720,25.0,383,extraversion,low
272,10880,chin,492.0,372.7,826.4,614.6,775.0,555.9,1193.0,858.3,8hW6WfYBP18.001.mp4,1280,720,25.0,383,extraversion,low
272,10880,left_cheek,489.4,369.1,578.6,507.9,771.7,551.4,883.2,724.9,8hW6WfYBP18.001.mp4,1280,720,25.0,383,extraversion,low
272,10880,right_cheek,695.5,364.7,806.7,508.7,1029.3,545.9,1168.4,725.9,8hW6WfYBP18.001.mp4,1280,720,25.0,383,extraversion,low
273,10920,left_eye,497.3,252.9,599.0,346.0,781.7,406.1,908.7,522.5,8hW6WfYBP18.001.mp4,1280,720,25.0,383,extraversion,low
273,10920,right_eye,666.3,238.2,790.9,343.0,992.9,387.8,1148.6,518.8,8hW6WfYBP18.001.mp4,1280,720,25.0,383,extraversion,low
273,10920,nose,578.4,306.8,683.4,434.0,883.0,473.5,1014.3,632.6,8hW6WfYBP18.001.mp4,1280,720,25.0,383,extraversion,low
273,10920,mouth,568.1,472.0,703.8,551.5,870.1,680.0,1039.7,779.3,8hW6WfYBP18.001.mp4,1280,720,25.0,383,extraversion,low
273,10920,forehead,488.3,190.8,825.9,500.2,770.3,328.5,1192.4,715.3,8hW6WfYBP18.001.mp4,1280,720,25.0,383,extraversion,low
273,10920,chin,491.7,372.4,825.9,614.9,774.6,555.5,1192.4,858.7,8hW6WfYBP18.001.mp4,1280,720,25.0,383,extraversion,low
273,10920,left_cheek,489.0,369.4,578.0,508.2,771.2,551.7,882.5,725.3,8hW6WfYBP18.001.mp4,1280,720,25.0,383,extraversion,low
273,10920,right_cheek,694.5,364.4,806.2,508.7,1028.1,545.6,1167.7,725.9,8hW6WfYBP18.001.mp4,1280,720,25.0,383,extraversion,low
274,10960,left_eye,496.0,252.9,597.7,347.0,780.0,406.1,907.2,523.7,8hW6WfYBP18.001.mp4,1280,720,25.0,383,extraversion,low
274,10960,right_eye,664.6,238.0,790.1,343.1,990.7,387.5,1147.6,518.9,8hW6WfYBP18.001.mp4,1280,720,25.0,383,extraversion,low
274,10960,nose,578.1,306.7,681.5,433.7,882.6,473.3,1011.9,632.1,8hW6WfYBP18.001.mp4,1280,720,25.0,383,extraversion,low
274,10960,mouth,567.9,471.9,702.8,553.2,869.9,679.9,1038.5,781.4,8hW6WfYBP18.001.mp4,1280,720,25.0,383,extraversion,low
274,10960,forehead,486.6,190.1,825.7,501.6,768.3,327.6,1192.1,717.0,8hW6WfYBP18.001.mp4,1280,720,25.0,383,extraversion,low
274,10960,chin,490.9,372.4,825.7,616.7,773.6,555.5,1192.1,860.8,8hW6WfYBP18.001.mp4,1280,720,25.0,383,extraversion,low
274,10960,left_cheek,488.1,370.2,576.9,509.6,770.1,552.8,881.2,727.0,8hW6WfYBP18.001.mp4,1280,720,25.0,383,extraversion,low
274,10960,right_cheek,693.3,364.4,805.7,509.0,1026.7,545.5,1167.2,726.2,8hW6WfYBP18.001.mp4,1280,720,25.0,383,extraversion,low
275,11000,left_eye,496.0,252.9,597.6,347.3,780.0,406.2,907.0,524.2,8hW6WfYBP18.001.mp4,1280,720,25.0,383,extraversion,low
275,11000,right_eye,664.5,238.0,790.0,343.1,990.6,387.5,1147.5,518.9,8hW6WfYBP18.001.mp4,1280,720,25.0,383,extraversion,low
275,11000,nose,578.1,306.7,681.3,433.7,882.6,473.3,1011.7,632.1,8hW6WfYBP18.001.mp4,1280,720,25.0,383,extraversion,low
275,11000,mouth,568.4,471.9,703.2,554.9,870.5,679.9,1039.0,783.6,8hW6WfYBP18.001.mp4,1280,720,25.0,383,extraversion,low
275,11000,forehead,486.5,190.1,825.8,501.6,768.1,327.6,1192.2,717.0,8hW6WfYBP18.001.mp4,1280,720,25.0,383,extraversion,low
275,11000,chin,490.7,371.8,825.8,616.9,773.3,554.7,1192.2,861.1,8hW6WfYBP18.001.mp4,1280,720,25.0,383,extraversion,low
275,11000,left_cheek,487.9,370.6,576.8,510.0,769.9,553.2,881.1,727.5,8hW6WfYBP18.001.mp4,1280,720,25.0,383,extraversion,low
275,11000,right_cheek,693.3,364.3,805.7,509.0,1026.6,545.4,1167.2,726.2,8hW6WfYBP18.001.mp4,1280,720,25.0,383,extraversion,low
276,11040,left_eye,495.6,252.9,596.6,347.4,779.5,406.1,905.7,524.3,8hW6WfYBP18.001.mp4,1280,720,25.0,383,extraversion,low
276,11040,right_eye,663.7,237.8,789.4,343.1,989.6,387.3,1146.7,518.9,8hW6WfYBP18.001.mp4,1280,720,25.0,383,extraversion,low
276,11040,nose,577.8,306.5,681.6,433.0,882.2,473.1,1012.0,631.2,8hW6WfYBP18.001.mp4,1280,720,25.0,383,extraversion,low
276,11040,mouth,568.3,469.5,703.6,556.3,870.4,676.8,1039.5,785.4,8hW6WfYBP18.001.mp4,1280,720,25.0,383,extraversion,low
276,11040,forehead,485.9,189.5,825.5,501.5,767.4,326.9,1191.9,716.9,8hW6WfYBP18.001.mp4,1280,720,25.0,383,extraversion,low
276,11040,chin,490.4,371.2,825.5,616.7,773.1,554.0,1191.9,860.8,8hW6WfYBP18.001.mp4,1280,720,25.0,383,extraversion,low
276,11040,left_cheek,487.6,370.5,576.2,510.0,769.5,553.2,880.2,727.5,8hW6WfYBP18.001.mp4,1280,720,25.0,383,extraversion,low
276,11040,right_cheek,693.1,364.1,805.6,508.7,1026.4,545.1,1167.0,725.8,8hW6WfYBP18.001.mp4,1280,720,25.0,383,extraversion,low
277,11080,left_eye,495.1,252.8,596.6,347.4,778.9,405.9,905.7,524.3,8hW6WfYBP18.001.mp4,1280,720,25.0,383,extraversion,low
277,11080,right_eye,663.6,237.7,789.3,343.0,989.4,387.1,1146.6,518.8,8hW6WfYBP18.001.mp4,1280,720,25.0,383,extraversion,low
277,11080,nose,577.8,306.3,681.8,432.6,882.2,472.9,1012.3,630.8,8hW6WfYBP18.001.mp4,1280,720,25.0,383,extraversion,low
277,11080,mouth,568.2,469.2,703.9,557.8,870.2,676.4,1039.9,787.2,8hW6WfYBP18.001.mp4,1280,720,25.0,383,extraversion,low
277,11080,forehead,485.2,189.3,825.4,501.0,766.6,326.6,1191.8,716.2,8hW6WfYBP18.001.mp4,1280,720,25.0,383,extraversion,low
277,11080,chin,489.8,370.2,825.4,616.4,772.3,552.8,1191.8,860.5,8hW6WfYBP18.001.mp4,1280,720,25.0,383,extraversion,low
277,11080,left_cheek,487.2,370.5,576.0,509.9,769.0,553.1,880.0,727.4,8hW6WfYBP18.001.mp4,1280,720,25.0,383,extraversion,low
277,11080,right_cheek,693.2,363.5,805.6,508.2,1026.5,544.4,1167.0,725.2,8hW6WfYBP18.001.mp4,1280,720,25.0,383,extraversion,low
278,11120,left_eye,494.9,252.5,596.1,347.4,778.6,405.6,905.2,524.2,8hW6WfYBP18.001.mp4,1280,720,25.0,383,extraversion,low
278,11120,right_eye,663.1,237.3,788.6,342.5,988.8,386.6,1145.7,518.1,8hW6WfYBP18.001.mp4,1280,720,25.0,383,extraversion,low
278,11120,nose,577.5,305.9,681.9,431.7,881.9,472.3,1012.4,629.6,8hW6WfYBP18.001.mp4,1280,720,25.0,383,extraversion,low
278,11120,mouth,568.1,466.8,704.0,559.4,870.1,673.5,1040.0,789.3,8hW6WfYBP18.001.mp4,1280,720,25.0,383,extraversion,low
278,11120,forehead,484.9,188.9,825.0,500.5,766.1,326.2,1191.3,715.7,8hW6WfYBP18.001.mp4,1280,720,25.0,383,extraversion,low
278,11120,chin,489.5,369.7,825.0,616.0,771.9,552.1,1191.3,860.0,8hW6WfYBP18.001.mp4,1280,720,25.0,383,extraversion,low
278,11120,left_cheek,486.9,370.3,575.6,509.7,768.6,552.9,879.5,727.2,8hW6WfYBP18.001.mp4,1280,720,25.0,383,extraversion,low
278,11120,right_cheek,693.1,362.7,805.4,507.2,1026.4,543.4,1166.7,724.0,8hW6WfYBP18.001.mp4,1280,720,25.0,383,extraversion,low
279,11160,left_eye,494.8,252.4,596.1,347.3,778.5,405.5,905.2,524.2,8hW6WfYBP18.001.mp4,1280,720,25.0,383,extraversion,low
279,11160,right_eye,662.9,237.1,788.4,342.1,988.6,386.4,1145.5,517.6,8hW6WfYBP18.001.mp4,1280,720,25.0,383,extraversion,low
279,11160,nose,577.5,305.6,682.0,431.2,881.9,472.0,1012.5,629.0,8hW6WfYBP18.001.mp4,1280,720,25.0,383,extraversion,low
279,11160,mouth,568.0,465.7,704.0,560.2,870.0,672.2,1040.1,790.3,8hW6WfYBP18.001.mp4,1280,720,25.0,383,extraversion,low
279,11160,forehead,484.8,188.7,825.0,500.2,766.0,325.9,1191.2,715.2,8hW6WfYBP18.001.mp4,1280,720,25.0,383,extraversion,low
279,11160,chin,489.4,369.1,825.0,615.8,771.7,551.4,1191.2,859.8,8hW6WfYBP18.001.mp4,1280,720,25.0,383,extraversion,low
279,11160,left_cheek,486.8,370.2,575.5,509.6,768.4,552.8,879.4,727.0,8hW6WfYBP18.001.mp4,1280,720,25.0,383,extraversion,low
279,11160,right_cheek,693.1,362.2,805.4,506.7,1026.4,542.8,1166.7,723.3,8hW6WfYBP18.001.mp4,1280,720,25.0,383,extraversion,low
280,11200,left_eye,495.0,252.3,596.2,347.3,778.7,405.3,905.3,524.2,8hW6WfYBP18.001.mp4,1280,720,25.0,383,extraversion,low
280,11200,right_eye,662.9,237.0,788.4,341.9,988.6,386.2,1145.5,517.4,8hW6WfYBP18.001.mp4,1280,720,25.0,383,extraversion,low
280,11200,nose,577.5,305.4,682.5,430.8,881.9,471.8,1013.1,628.5,8hW6WfYBP18.001.mp4,1280,720,25.0,383,extraversion,low
280,11200,mouth,568.1,464.6,705.4,561.6,870.1,670.8,1041.8,792.0,8hW6WfYBP18.001.mp4,1280,720,25.0,383,extraversion,low
280,11200,forehead,484.8,188.7,825.0,500.1,766.0,325.9,1191.2,715.2,8hW6WfYBP18.001.mp4,1280,720,25.0,383,extraversion,low
280,11200,chin,489.4,369.0,825.0,615.8,771.7,551.3,1191.2,859.8,8hW6WfYBP18.001.mp4,1280,720,25.0,383,extraversion,low
280,11200,left_cheek,486.8,370.1,575.6,509.5,768.5,552.6,879.5,726.9,8hW6WfYBP18.001.mp4,1280,720,25.0,383,extraversion,low
280,11200,right_cheek,693.4,362.0,805.4,506.3,1026.7,542.4,1166.8,722.9,8hW6WfYBP18.001.mp4,1280,720,25.0,383,extraversion,low
281,11240,left_eye,495.1,251.8,597.3,347.2,778.9,404.7,906.7,524.0,8hW6WfYBP18.001.mp4,1280,720,25.0,383,extraversion,low
281,11240,right_eye,663.6,236.8,788.6,341.9,989.4,386.0,1145.7,517.4,8hW6WfYBP18.001.mp4,1280,720,25.0,383,extraversion,low
281,11240,nose,577.5,305.2,683.6,430.0,881.9,471.5,1014.5,627.4,8hW6WfYBP18.001.mp4,1280,720,25.0,383,extraversion,low
281,11240,mouth,568.1,463.4,706.9,562.5,870.1,669.3,1043.7,793.1,8hW6WfYBP18.001.mp4,1280,720,25.0,383,extraversion,low
281,11240,forehead,485.0,189.0,825.0,500.1,766.2,326.2,1191.2,715.1,8hW6WfYBP18.001.mp4,1280,720,25.0,383,extraversion,low
281,11240,chin,489.4,369.1,825.0,615.9,771.7,551.4,1191.2,859.9,8hW6WfYBP18.001.mp4,1280,720,25.0,383,extraversion,low
281,11240,left_cheek,486.9,369.9,575.7,509.0,768.6,552.3,879.6,726.3,8hW6WfYBP18.001.mp4,1280,720,25.0,383,extraversion,low
281,11240,right_cheek,693.8,361.9,805.4,505.9,1027.3,542.3,1166.8,722.3,8hW6WfYBP18.001.mp4,1280,720,25.0,383,extraversion,low
282,11280,left_eye,495.3,251.5,597.7,346.9,779.1,404.4,907.1,523.7,8hW6WfYBP18.001.mp4,1280,720,25.0,383,extraversion,low
282,11280,right_eye,663.8,236.7,788.6,341.8,989.7,385.9,1145.7,517.3,8hW6WfYBP18.001.mp4,1280,720,25.0,383,extraversion,low
282,11280,nose,577.2,305.0,684.4,429.2,881.5,471.2,1015.5,626.5,8hW6WfYBP18.001.mp4,1280,720,25.0,383,extraversion,low
282,11280,mouth,568.1,462.7,707.3,563.4,870.1,668.4,1044.1,794.2,8hW6WfYBP18.001.mp4,1280,720,25.0,383,extraversion,low
282,11280,forehead,485.3,189.3,824.8,499.9,766.7,326.6,1191.0,714.9,8hW6WfYBP18.001.mp4,1280,720,25.0,383,extraversion,low
282,11280,chin,489.5,369.2,824.8,615.9,771.8,551.5,1191.0,859.9,8hW6WfYBP18.001.mp4,1280,720,25.0,383,extraversion,low
282,11280,left_cheek,487.0,369.4,575.7,508.3,768.7,551.7,879.6,725.4,8hW6WfYBP18.001.mp4,1280,720,25.0,383,extraversion,low
282,11280,right_cheek,694.0,361.6,805.4,505.4,1027.5,542.0,1166.8,721.8,8hW6WfYBP18.001.mp4,1280,720,25.0,383,extraversion,low
283,11320,left_eye,496.1,250.8,598.7,346.2,780.1,403.4,908.4,522.8,8hW6WfYBP18.001.mp4,1280,720,25.0,383,extraversion,low
283,11320,right_eye,664.4,236.5,789.0,341.2,990.5,385.7,1146.3,516.5,8hW6WfYBP18.001.mp4,1280,720,25.0,383,extraversion,low
283,11320,nose,577.3,305.0,684.2,428.6,881.6,471.3,1015.2,625.8,8hW6WfYBP18.001.mp4,1280,720,25.0,383,extraversion,low
283,11320,mouth,567.9,462.0,709.5,563.5,869.8,667.5,1046.9,794.4,8hW6WfYBP18.001.mp4,1280,720,25.0,383,extraversion,low
283,11320,forehead,486.1,189.2,826.8,500.0,767.7,326.6,1193.5,715.0,8hW6WfYBP18.001.mp4,1280,720,25.0,383,extraversion,low
283,11320,chin,490.1,369.0,826.8,618.5,772.6,551.3,1193.5,863.1,8hW6WfYBP18.001.mp4,1280,720,25.0,383,extraversion,low
283,11320,left_cheek,488.1,369.0,576.2,508.3,770.1,551.3,880.2,725.4,8hW6WfYBP18.001.mp4,1280,720,25.0,383,extraversion,low
283,11320,right_cheek,694.0,361.1,805.6,505.5,1027.6,541.4,1167.0,721.9,8hW6WfYBP18.001.mp4,1280,720,25.0,383,extraversion,low
284,11360,left_eye,497.0,250.7,599.2,346.1,781.2,403.3,909.0,522.7,8hW6WfYBP18.001.mp4,1280,720,25.0,383,extraversion,low
284,11360,right_eye,664.8,236.6,789.0,341.1,991.0,385.7,1146.3,516.3,8hW6WfYBP18.001.mp4,1280,720,25.0,383,extraversion,low
284,11360,nose,577.2,305.2,684.2,428.1,881.5,471.5,1015.2,625.1,8hW6WfYBP18.001.mp4,1280,720,25.0,383,extraversion,low
284,11360,mouth,566.7,460.8,710.0,563.2,868.4,666.0,1047.4,793.9,8hW6WfYBP18.001.mp4,1280,720,25.0,383,extraversion,low
284,11360,forehead,487.0,189.8,826.8,499.6,768.7,327.2,1193.5,714.5,8hW6WfYBP18.001.mp4,1280,720,25.0,383,extraversion,low
284,11360,chin,490.4,368.7,826.8,618.5,773.0,550.9,1193.5,863.1,8hW6WfYBP18.001.mp4,1280,720,25.0,383,extraversion,low
284,11360,left_cheek,488.7,368.8,576.3,508.1,770.9,551.0,880.4,725.1,8hW6WfYBP18.001.mp4,1280,720,25.0,383,extraversion,low
284,11360,right_cheek,694.0,360.7,805.2,505.3,1027.5,540.9,1166.5,721.6,8hW6WfYBP18.001.mp4,1280,720,25.0,383,extraversion,low
285,11400,left_eye,497.8,242.1,599.2,342.2,782.3,392.6,909.0,517.8,8hW6WfYBP18.001.mp4,1280,720,25.0,383,extraversion,low
285,11400,right_eye,666.0,233.4,789.0,339.8,992.5,381.8,1146.3,514.7,8hW6WfYBP18.001.mp4,1280,720,25.0,383,extraversion,low
285,11400,nose,575.1,305.0,683.8,424.8,878.9,471.3,1014.7,621.0,8hW6WfYBP18.001.mp4,1280,720,25.0,383,extraversion,low
285,11400,mouth,565.6,462.6,710.1,562.2,867.0,668.3,1047.7,792.8,8hW6WfYBP18.001.mp4,1280,720,25.0,383,extraversion,low
285,11400,forehead,489.0,188.7,826.6,498.2,771.2,325.9,1193.2,712.8,8hW6WfYBP18.001.mp4,1280,720,25.0,383,extraversion,low
285,11400,chin,491.7,368.8,826.6,618.5,774.6,551.1,1193.2,863.1,8hW6WfYBP18.001.mp4,1280,720,25.0,383,extraversion,low
285,11400,left_cheek,490.0,364.4,576.2,505.3,772.5,545.5,880.3,721.6,8hW6WfYBP18.001.mp4,1280,720,25.0,383,extraversion,low
285,11400,right_cheek,693.9,360.0,804.3,505.3,1027.4,540.0,1165.4,721.7,8hW6WfYBP18.001.mp4,1280,720,25.0,383,extraversion,low
286,11440,left_eye,498.2,240.9,598.8,340.2,782.7,391.1,908.6,515.3,8hW6WfYBP18.001.mp4,1280,720,25.0,383,extraversion,low
286,11440,right_eye,666.9,232.1,789.0,338.7,993.6,380.1,1146.3,513.3,8hW6WfYBP18.001.mp4,1280,720,25.0,383,extraversion,low
286,11440,nose,574.5,305.0,683.8,423.9,878.1,471.3,1014.7,619.9,8hW6WfYBP18.001.mp4,1280,720,25.0,383,extraversion,low
286,11440,mouth,565.7,463.2,710.1,560.5,867.1,669.0,1047.6,790.6,8hW6WfYBP18.001.mp4,1280,720,25.0,383,extraversion,low
286,11440,forehead,489.4,188.4,826.3,498.2,771.7,325.5,1192.9,712.8,8hW6WfYBP18.001.mp4,1280,720,25.0,383,extraversion,low
286,11440,chin,491.7,369.3,826.3,618.8,774.6,551.6,1192.9,863.5,8hW6WfYBP18.001.mp4,1280,720,25.0,383,extraversion,low
286,11440,left_cheek,490.1,363.2,576.2,504.8,772.6,544.0,880.2,721.0,8hW6WfYBP18.001.mp4,1280,720,25.0,383,extraversion,low
286,11440,right_cheek,693.9,359.5,803.8,505.3,1027.3,539.4,1164.7,721.7,8hW6WfYBP18.001.mp4,1280,720,25.0,383,extraversion,low
287,11480,left_eye,499.8,231.5,598.2,338.4,784.8,379.4,907.8,513.0,8hW6WfYBP18.001.mp4,1280,720,25.0,383,extraversion,low
287,11480,right_eye,665.6,221.3,786.5,337.1,992.0,366.7,1143.1,511.3,8hW6WfYBP18.001.mp4,1280,720,25.0,383,extraversion,low
287,11480,nose,576.8,294.3,683.7,424.2,881.0,457.8,1014.7,620.2,8hW6WfYBP18.001.mp4,1280,720,25.0,383,extraversion,low
287,11480,mouth,565.7,472.2,711.0,516.6,867.1,680.2,1048.7,735.8,8hW6WfYBP18.001.mp4,1280,720,25.0,383,extraversion,low
287,11480,forehead,490.2,176.8,825.5,496.0,772.8,311.0,1191.9,710.0,8hW6WfYBP18.001.mp4,1280,720,25.0,383,extraversion,low
287,11480,chin,492.4,367.5,825.5,603.9,775.5,549.4,1191.9,844.9,8hW6WfYBP18.001.mp4,1280,720,25.0,383,extraversion,low
287,11480,left_cheek,490.1,360.0,576.7,499.7,772.6,540.0,880.9,714.6,8hW6WfYBP18.001.mp4,1280,720,25.0,383,extraversion,low
287,11480,right_cheek,693.9,356.9,803.4,501.1,1027.3,536.1,1164.3,716.4,8hW6WfYBP18.001.mp4,1280,720,25.0,383,extraversion,low
288,11520,left_eye,501.3,230.3,597.8,337.3,786.6,377.9,907.2,511.7,8hW6WfYBP18.001.mp4,1280,720,25.0,383,extraversion,low
288,11520,right_eye,664.7,219.5,784.9,335.8,990.9,364.4,1141.1,509.8,8hW6WfYBP18.001.mp4,1280,720,25.0,383,extraversion,low
288,11520,nose,580.5,291.4,682.9,424.6,885.6,454.3,1013.7,620.8,8hW6WfYBP18.001.mp4,1280,720,25.0,383,extraversion,low
288,11520,mouth,565.9,473.1,713.3,513.1,867.3,681.4,1051.7,731.3,8hW6WfYBP18.001.mp4,1280,720,25.0,383,extraversion,low
288,11520,forehead,490.2,176.1,824.7,495.2,772.7,310.1,1190.9,709.0,8hW6WfYBP18.001.mp4,1280,720,25.0,383,extraversion,low
288,11520,chin,492.4,367.3,824.7,601.8,775.5,549.1,1190.9,842.2,8hW6WfYBP18.001.mp4,1280,720,25.0,383,extraversion,low
288,11520,left_cheek,490.2,359.0,577.8,497.7,772.7,538.8,882.2,712.1,8hW6WfYBP18.001.mp4,1280,720,25.0,383,extraversion,low
288,11520,right_cheek,693.6,355.9,802.8,499.0,1027.0,534.9,1163.5,713.7,8hW6WfYBP18.001.mp4,1280,720,25.0,383,extraversion,low
289,11560,left_eye,501.5,227.3,598.0,334.6,786.9,374.1,907.5,508.2,8hW6WfYBP18.001.mp4,1280,720,25.0,383,extraversion,low
289,11560,right_eye,664.5,216.0,784.5,332.2,990.6,360.0,1140.7,505.2,8hW6WfYBP18.001.mp4,1280,720,25.0,383,extraversion,low
289,11560,nose,581.4,287.4,683.3,421.8,886.8,449.3,1014.1,617.3,8hW6WfYBP18.001.mp4,1280,720,25.0,383,extraversion,low
289,11560,mouth,568.4,472.8,716.9,505.3,870.4,681.1,1056.1,721.6,8hW6WfYBP18.001.mp4,1280,720,25.0,383,extraversion,low
289,11560,forehead,490.4,174.1,824.4,491.2,773.0,307.6,1190.5,704.0,8hW6WfYBP18.001.mp4,1280,720,25.0,383,extraversion,low
289,11560,chin,492.6,362.7,824.4,595.3,775.7,543.4,1190.5,834.1,8hW6WfYBP18.001.mp4,1280,720,25.0,383,extraversion,low
289,11560,left_cheek,490.4,356.2,578.5,493.5,773.1,535.2,883.2,706.8,8hW6WfYBP18.001.mp4,1280,720,25.0,383,extraversion,low
289,11560,right_cheek,693.9,351.1,802.9,492.6,1027.4,528.9,1163.6,705.7,8hW6WfYBP18.001.mp4,1280,720,25.0,383,extraversion,low
290,11600,left_eye,502.7,226.7,599.2,333.2,788.3,373.4,909.0,506.5,8hW6WfYBP18.001.mp4,1280,720,25.0,383,extraversion,low
290,11600,right_eye,664.5,215.4,784.5,330.7,990.6,359.2,1140.6,503.4,8hW6WfYBP18.001.mp4,1280,720,25.0,383,extraversion,low
290,11600,nose,583.7,286.7,683.3,420.6,889.6,448.3,1014.1,615.8,8hW6WfYBP18.001.mp4,1280,720,25.0,383,extraversion,low
290,11600,mouth,570.4,472.5,718.9,504.9,873.1,680.7,1058.6,721.1,8hW6WfYBP18.001.mp4,1280,720,25.0,383,extraversion,low
290,11600,forehead,490.9,174.1,824.2,491.5,773.6,307.6,1190.3,704.4,8hW6WfYBP18.001.mp4,1280,720,25.0,383,extraversion,low
290,11600,chin,493.0,362.2,824.2,596.8,776.3,542.8,1190.3,836.0,8hW6WfYBP18.001.mp4,1280,720,25.0,383,extraversion,low
290,11600,left_cheek,491.2,355.4,580.2,493.3,774.0,534.2,885.2,706.6,8hW6WfYBP18.001.mp4,1280,720,25.0,383,extraversion,low
290,11600,right_cheek,694.1,349.8,802.9,491.5,1027.6,527.2,1163.6,704.4,8hW6WfYBP18.001.mp4,1280,720,25.0,383,extraversion,low
291,11640,left_eye,503.4,226.7,601.0,333.1,789.3,373.4,911.2,506.3,8hW6WfYBP18.001.mp4,1280,720,25.0,383,extraversion,low
291,11640,right_eye,665.5,214.7,784.6,329.9,991.8,358.4,1140.8,502.3,8hW6WfYBP18.001.mp4,1280,720,25.0,383,extraversion,low
291,11640,nose,584.0,285.8,686.0,418.3,890.0,447.3,1017.5,612.9,8hW6WfYBP18.001.mp4,1280,720,25.0,383,extraversion,low
291,11640,mouth,570.5,470.5,722.6,504.7,873.1,678.2,1063.2,720.9,8hW6WfYBP18.001.mp4,1280,720,25.0,383,extraversion,low
291,11640,forehead,491.3,173.6,823.9,491.3,774.1,307.0,1189.9,704.1,8hW6WfYBP18.001.mp4,1280,720,25.0,383,extraversion,low
291,11640,chin,493.4,361.8,823.9,595.1,776.7,542.3,1189.9,833.9,8hW6WfYBP18.001.mp4,1280,720,25.0,383,extraversion,low
291,11640,left_cheek,491.8,354.6,581.1,492.1,774.8,533.3,886.3,705.2,8hW6WfYBP18.001.mp4,1280,720,25.0,383,extraversion,low
291,11640,right_cheek,696.0,348.5,803.4,490.0,1030.0,525.7,1164.2,702.5,8hW6WfYBP18.001.mp4,1280,720,25.0,383,extraversion,low
292,11680,left_eye,503.5,226.6,601.1,333.3,789.4,373.3,911.4,506.6,8hW6WfYBP18.001.mp4,1280,720,25.0,383,extraversion,low
292,11680,right_eye,665.5,214.3,784.7,329.8,991.8,357.9,1140.9,502.2,8hW6WfYBP18.001.mp4,1280,720,25.0,383,extraversion,low
292,11680,nose,584.0,286.0,686.0,417.9,890.0,447.5,1017.6,612.4,8hW6WfYBP18.001.mp4,1280,720,25.0,383,extraversion,low
292,11680,mouth,570.5,470.4,722.9,503.9,873.1,678.0,1063.6,719.9,8hW6WfYBP18.001.mp4,1280,720,25.0,383,extraversion,low
292,11680,forehead,491.3,173.9,823.9,491.6,774.1,307.4,1189.9,704.5,8hW6WfYBP18.001.mp4,1280,720,25.0,383,extraversion,low
292,11680,chin,493.4,361.7,823.9,594.3,776.7,542.1,1189.9,832.9,8hW6WfYBP18.001.mp4,1280,720,25.0,383,extraversion,low
292,11680,left_cheek,491.8,354.9,581.1,492.3,774.7,533.6,886.4,705.4,8hW6WfYBP18.001.mp4,1280,720,25.0,383,extraversion,low
292,11680,right_cheek,696.1,348.2,803.6,489.4,1030.2,525.3,1164.5,701.8,8hW6WfYBP18.001.mp4,1280,720,25.0,383,extraversion,low
293,11720,left_eye,501.6,226.8,600.0,333.1,787.0,373.4,910.0,506.3,8hW6WfYBP18.001.mp4,1280,720,25.0,383,extraversion,low
293,11720,right_eye,664.5,214.1,782.3,329.0,990.7,357.7,1137.9,501.3,8hW6WfYBP18.001.mp4,1280,720,25.0,383,extraversion,low
293,11720,nose,581.2,285.8,689.8,413.0,886.5,447.2,1022.3,606.3,8hW6WfYBP18.001.mp4,1280,720,25.0,383,extraversion,low
293,11720,mouth,565.2,454.1,725.3,524.3,866.4,657.6,1066.6,745.3,8hW6WfYBP18.001.mp4,1280,720,25.0,383,extraversion,low
293,11720,forehead,488.2,174.6,819.2,491.4,770.2,308.2,1184.0,704.3,8hW6WfYBP18.001.mp4,1280,720,25.0,383,extraversion,low
293,11720,chin,490.8,360.3,819.2,596.3,773.4,540.4,1184.0,835.4,8hW6WfYBP18.001.mp4,1280,720,25.0,383,extraversion,low
293,11720,left_cheek,490.6,353.8,579.6,491.7,773.2,532.3,884.5,704.6,8hW6WfYBP18.001.mp4,1280,720,25.0,383,extraversion,low
293,11720,right_cheek,696.5,346.6,802.0,487.1,1030.6,523.2,1162.5,698.9,8hW6WfYBP18.001.mp4,1280,720,25.0,383,extraversion,low
294,11760,left_eye,500.6,227.2,599.7,333.2,785.7,374.0,909.6,506.4,8hW6WfYBP18.001.mp4,1280,720,25.0,383,extraversion,low
294,11760,right_eye,664.2,214.8,781.7,328.6,990.3,358.4,1137.1,500.8,8hW6WfYBP18.001.mp4,1280,720,25.0,383,extraversion,low
294,11760,nose,579.0,285.9,692.3,412.4,883.7,447.4,1025.4,605.5,8hW6WfYBP18.001.mp4,1280,720,25.0,383,extraversion,low
294,11760,mouth,561.7,449.9,726.2,531.1,862.1,652.4,1067.7,753.9,8hW6WfYBP18.001.mp4,1280,720,25.0,383,extraversion,low
294,11760,forehead,487.1,175.0,817.9,490.3,768.9,308.7,1182.4,702.9,8hW6WfYBP18.001.mp4,1280,720,25.0,383,extraversion,low
294,11760,chin,489.6,358.9,817.9,597.1,772.0,538.7,1182.4,836.4,8hW6WfYBP18.001.mp4,1280,720,25.0,383,extraversion,low
294,11760,left_cheek,489.8,353.6,578.5,491.0,772.2,532.0,883.1,703.8,8hW6WfYBP18.001.mp4,1280,720,25.0,383,extraversion,low
294,11760,right_cheek,696.9,346.0,801.5,486.4,1031.1,522.5,1161.9,698.0,8hW6WfYBP18.001.mp4,1280,720,25.0,383,extraversion,low
295,11800,left_eye,500.0,226.8,599.6,333.3,785.0,373.5,909.6,506.6,8hW6WfYBP18.001.mp4,1280,720,25.0,383,extraversion,low
295,11800,right_eye,664.2,213.8,781.6,326.5,990.3,357.2,1137.0,498.1,8hW6WfYBP18.001.mp4,1280,720,25.0,383,extraversion,low
295,11800,nose,579.9,285.0,695.9,410.4,884.8,446.3,1029.9,603.0,8hW6WfYBP18.001.mp4,1280,720,25.0,383,extraversion,low
295,11800,mouth,562.6,441.7,730.9,533.4,863.2,642.1,1073.7,756.7,8hW6WfYBP18.001.mp4,1280,720,25.0,383,extraversion,low
295,11800,forehead,486.6,174.7,818.4,490.4,768.2,308.3,1183.0,702.9,8hW6WfYBP18.001.mp4,1280,720,25.0,383,extraversion,low
295,11800,chin,489.2,356.4,818.4,597.6,771.5,535.5,1183.0,837.0,8hW6WfYBP18.001.mp4,1280,720,25.0,383,extraversion,low
295,11800,left_cheek,489.8,353.0,579.0,490.6,772.2,531.3,883.8,703.3,8hW6WfYBP18.001.mp4,1280,720,25.0,383,extraversion,low
295,11800,right_cheek,699.1,342.3,802.2,482.2,1033.8,517.8,1162.8,692.8,8hW6WfYBP18.001.mp4,1280,720,25.0,383,extraversion,low
296,11840,left_eye,499.3,226.9,599.5,333.4,784.2,373.7,909.4,506.7,8hW6WfYBP18.001.mp4,1280,720,25.0,383,extraversion,low
296,11840,right_eye,664.1,213.3,781.2,325.9,990.2,356.6,1136.5,497.4,8hW6WfYBP18.001.mp4,1280,720,25.0,383,extraversion,low
296,11840,nose,580.3,284.9,696.2,410.1,885.3,446.1,1030.3,602.6,8hW6WfYBP18.001.mp4,1280,720,25.0,383,extraversion,low
296,11840,mouth,562.6,441.1,731.5,533.4,863.3,641.3,1074.4,756.7,8hW6WfYBP18.001.mp4,1280,720,25.0,383,extraversion,low
296,11840,forehead,485.7,174.4,818.0,490.5,767.1,308.0,1182.5,703.1,8hW6WfYBP18.001.mp4,1280,720,25.0,383,extraversion,low
296,11840,chin,488.4,355.3,818.0,597.6,770.5,534.1,1182.5,837.0,8hW6WfYBP18.001.mp4,1280,720,25.0,383,extraversion,low
296,11840,left_cheek,489.7,353.0,579.1,490.4,772.1,531.2,883.8,703.0,8hW6WfYBP18.001.mp4,1280,720,25.0,383,extraversion,low
296,11840,right_cheek,699.4,341.3,802.2,481.0,1034.3,516.6,1162.8,691.3,8hW6WfYBP18.001.mp4,1280,720,25.0,383,extraversion,low
297,11880,left_eye,499.1,227.1,599.6,333.8,783.8,373.9,909.5,507.2,8hW6WfYBP18.001.mp4,1280,720,25.0,383,extraversion,low
297,11880,right_eye,664.3,213.3,781.4,325.6,990.4,356.6,1136.7,497.0,8hW6WfYBP18.001.mp4,1280,720,25.0,383,extraversion,low
297,11880,nose,582.9,284.9,699.3,409.7,888.6,446.1,1034.1,602.1,8hW6WfYBP18.001.mp4,1280,720,25.0,383,extraversion,low
297,11880,mouth,565.8,439.1,733.8,532.8,867.2,638.9,1077.3,755.9,8hW6WfYBP18.001.mp4,1280,720,25.0,383,extraversion,low
297,11880,forehead,485.2,174.1,818.4,491.8,766.5,307.6,1183.1,704.8,8hW6WfYBP18.001.mp4,1280,720,25.0,383,extraversion,low
297,11880,chin,488.0,353.9,818.4,597.7,770.0,532.4,1183.1,837.1,8hW6WfYBP18.001.mp4,1280,720,25.0,383,extraversion,low
297,11880,left_cheek,489.7,353.2,580.6,490.7,772.1,531.5,885.7,703.4,8hW6WfYBP18.001.mp4,1280,720,25.0,383,extraversion,low
297,11880,right_cheek,701.6,340.1,804.1,479.6,1037.0,515.1,1165.1,689.5,8hW6WfYBP18.001.mp4,1280,720,25.0,383,extraversion,low
298,11920,left_eye,498.9,228.6,600.6,335.6,783.6,375.7,910.7,509.5,8hW6WfYBP18.001.mp4,1280,720,25.0,383,extraversion,low
298,11920,right_eye,665.1,213.6,781.4,326.0,991.4,357.0,1136.8,497.5,8hW6WfYBP18.001.mp4,1280,720,25.0,383,extraversion,low
298,11920,nose,586.1,285.5,700.8,410.2,892.7,446.9,1036.0,602.8,8hW6WfYBP18.001.mp4,1280,720,25.0,383,extraversion,low
298,11920,mouth,569.7,442.4,732.9,535.3,872.2,643.1,1076.2,759.2,8hW6WfYBP18.001.mp4,1280,720,25.0,383,extraversion,low
298,11920,forehead,484.5,174.2,818.6,493.6,765.7,307.7,1183.2,707.0,8hW6WfYBP18.001.mp4,1280,720,25.0,383,extraversion,low
298,11920,chin,487.8,354.1,818.6,598.9,769.8,532.7,1183.2,838.6,8hW6WfYBP18.001.mp4,1280,720,25.0,383,extraversion,low
298,11920,left_cheek,489.9,354.7,582.4,492.4,772.4,533.4,888.0,705.5,8hW6WfYBP18.001.mp4,1280,720,25.0,383,extraversion,low
298,11920,right_cheek,703.2,341.1,805.3,481.0,1039.0,516.3,1166.6,691.2,8hW6WfYBP18.001.mp4,1280,720,25.0,383,extraversion,low
299,11960,left_eye,498.5,228.9,601.3,337.2,783.2,376.1,911.6,511.4,8hW6WfYBP18.001.mp4,1280,720,25.0,383,extraversion,low
299,11960,right_eye,665.5,213.7,781.6,326.2,991.9,357.2,1137.0,497.8,8hW6WfYBP18.001.mp4,1280,720,25.0,383,extraversion,low
299,11960,nose,586.7,286.0,701.4,410.4,893.4,447.5,1036.7,603.0,8hW6WfYBP18.001.mp4,1280,720,25.0,383,extraversion,low
299,11960,mouth,571.4,443.0,732.7,536.6,874.3,643.8,1075.9,760.7,8hW6WfYBP18.001.mp4,1280,720,25.0,383,extraversion,low
299,11960,forehead,484.1,174.2,818.7,494.1,765.1,307.7,1183.4,707.7,8hW6WfYBP18.001.mp4,1280,720,25.0,383,extraversion,low
299,11960,chin,487.5,354.0,818.7,599.3,769.4,532.5,1183.4,839.1,8hW6WfYBP18.001.mp4,1280,720,25.0,383,extraversion,low
299,11960,left_cheek,490.0,355.8,582.8,493.2,772.5,534.8,888.5,706.4,8hW6WfYBP18.001.mp4,1280,720,25.0,383,extraversion,low
299,11960,right_cheek,703.8,341.5,805.7,481.5,1039.7,516.9,1167.1,691.8,8hW6WfYBP18.001.mp4,1280,720,25.0,383,extraversion,low
300,12000,left_eye,497.4,231.8,601.2,338.4,781.7,379.7,911.5,513.0,8hW6WfYBP18.001.mp4,1280,720,25.0,383,extraversion,low
300,12000,right_eye,665.6,216.1,782.5,326.9,992.0,360.1,1138.1,498.6,8hW6WfYBP18.001.mp4,1280,720,25.0,383,extraversion,low
300,12000,nose,586.3,288.0,700.2,411.7,892.9,450.0,1035.2,604.7,8hW6WfYBP18.001.mp4,1280,720,25.0,383,extraversion,low
300,12000,mouth,572.3,444.0,727.8,542.3,875.4,644.9,1069.7,767.8,8hW6WfYBP18.001.mp4,1280,720,25.0,383,extraversion,low
300,12000,forehead,483.1,175.5,818.9,494.3,763.8,309.4,1183.7,707.8,8hW6WfYBP18.001.mp4,1280,720,25.0,383,extraversion,low
300,12000,chin,486.6,354.4,818.9,599.8,768.2,533.0,1183.7,839.7,8hW6WfYBP18.001.mp4,1280,720,25.0,383,extraversion,low
300,12000,left_cheek,489.5,357.7,582.7,495.3,771.8,537.2,888.4,709.2,8hW6WfYBP18.001.mp4,1280,720,25.0,383,extraversion,low
300,12000,right_cheek,703.3,342.4,805.7,482.7,1039.2,518.0,1167.1,693.3,8hW6WfYBP18.001.mp4,1280,720,25.0,383,extraversion,low
301,12040,left_eye,495.6,232.6,600.7,338.8,779.5,380.8,910.8,513.6,8hW6WfYBP18.001.mp4,1280,720,25.0,383,extraversion,low
301,12040,right_eye,665.4,216.4,782.5,326.9,991.7,360.6,1138.1,498.7,8hW6WfYBP18.001.mp4,1280,720,25.0,383,extraversion,low
301,12040,nose,586.3,288.4,699.5,412.0,892.8,450.6,1034.4,605.0,8hW6WfYBP18.001.mp4,1280,720,25.0,383,extraversion,low
301,12040,mouth,572.2,443.4,725.1,542.6,875.3,644.2,1066.4,768.2,8hW6WfYBP18.001.mp4,1280,720,25.0,383,extraversion,low
301,12040,forehead,481.5,176.2,819.0,494.4,761.8,310.2,1183.8,708.0,8hW6WfYBP18.001.mp4,1280,720,25.0,383,extraversion,low
301,12040,chin,485.3,354.5,819.0,600.2,766.6,533.2,1183.8,840.3,8hW6WfYBP18.001.mp4,1280,720,25.0,383,extraversion,low
301,12040,left_cheek,488.4,358.3,582.1,496.2,770.5,537.9,887.6,710.2,8hW6WfYBP18.001.mp4,1280,720,25.0,383,extraversion,low
301,12040,right_cheek,703.1,342.7,805.6,482.7,1038.9,518.3,1167.0,693.4,8hW6WfYBP18.001.mp4,1280,720,25.0,383,extraversion,low
302,12080,left_eye,491.9,236.7,596.5,340.3,774.9,385.8,905.7,515.3,8hW6WfYBP18.001.mp4,1280,720,25.0,383,extraversion,low
302,12080,right_eye,661.9,218.9,781.2,327.8,987.4,363.6,1136.5,499.7,8hW6WfYBP18.001.mp4,1280,720,25.0,383,extraversion,low
302,12080,nose,583.6,291.0,693.0,415.3,889.5,453.8,1026.3,609.1,8hW6WfYBP18.001.mp4,1280,720,25.0,383,extraversion,low
302,12080,mouth,573.3,443.5,714.9,543.7,876.6,644.4,1053.6,769.6,8hW6WfYBP18.001.mp4,1280,720,25.0,383,extraversion,low
302,12080,forehead,478.9,177.2,818.9,495.1,758.7,311.5,1183.6,708.9,8hW6WfYBP18.001.mp4,1280,720,25.0,383,extraversion,low
302,12080,chin,483.0,354.3,818.9,600.3,763.8,532.8,1183.6,840.4,8hW6WfYBP18.001.mp4,1280,720,25.0,383,extraversion,low
302,12080,left_cheek,485.2,360.4,578.9,498.0,766.5,540.5,883.7,712.6,8hW6WfYBP18.001.mp4,1280,720,25.0,383,extraversion,low
302,12080,right_cheek,698.2,342.8,803.5,483.8,1032.8,518.5,1164.4,694.8,8hW6WfYBP18.001.mp4,1280,720,25.0,383,extraversion,low
303,12120,left_eye,490.9,237.9,595.6,341.4,773.6,387.3,904.5,516.8,8hW6WfYBP18.001.mp4,1280,720,25.0,383,extraversion,low
303,12120,right_eye,661.2,220.6,780.4,328.9,986.5,365.8,1135.5,501.1,8hW6WfYBP18.001.mp4,1280,720,25.0,383,extraversion,low
303,12120,nose,582.7,292.5,691.4,417.1,888.3,455.6,1024.2,611.4,8hW6WfYBP18.001.mp4,1280,720,25.0,383,extraversion,low
303,12120,mouth,573.6,445.1,713.3,544.8,877.1,646.4,1051.6,771.1,8hW6WfYBP18.001.mp4,1280,720,25.0,383,extraversion,low
303,12120,forehead,478.0,178.4,818.0,495.8,757.5,313.0,1182.5,709.8,8hW6WfYBP18.001.mp4,1280,720,25.0,383,extraversion,low
303,12120,chin,482.1,354.4,818.0,600.3,762.7,532.9,1182.5,840.4,8hW6WfYBP18.001.mp4,1280,720,25.0,383,extraversion,low
303,12120,left_cheek,484.3,361.7,577.9,499.1,765.4,542.1,882.4,713.8,8hW6WfYBP18.001.mp4,1280,720,25.0,383,extraversion,low
303,12120,right_cheek,696.8,343.7,802.1,485.1,1031.0,519.6,1162.6,696.3,8hW6WfYBP18.001.mp4,1280,720,25.0,383,extraversion,low
304,12160,left_eye,488.4,240.9,594.7,344.6,770.5,391.2,903.4,520.7,8hW6WfYBP18.001.mp4,1280,720,25.0,383,extraversion,low
304,12160,right_eye,659.7,222.4,780.5,331.4,984.6,368.0,1135.6,504.2,8hW6WfYBP18.001.mp4,1280,720,25.0,383,extraversion,low
304,12160,nose,581.0,297.1,688.8,419.4,886.3,461.3,1021.0,614.3,8hW6WfYBP18.001.mp4,1280,720,25.0,383,extraversion,low
304,12160,mouth,574.8,449.9,711.2,547.9,878.5,652.3,1049.0,774.9,8hW6WfYBP18.001.mp4,1280,720,25.0,383,extraversion,low
304,12160,forehead,476.0,181.0,819.4,494.9,755.0,316.2,1184.3,708.6,8hW6WfYBP18.001.mp4,1280,720,25.0,383,extraversion,low
304,12160,chin,480.7,352.3,819.4,600.8,760.9,530.4,1184.3,841.0,8hW6WfYBP18.001.mp4,1280,720,25.0,383,extraversion,low
304,12160,left_cheek,483.2,364.2,576.6,500.5,764.0,545.2,880.7,715.6,8hW6WfYBP18.001.mp4,1280,720,25.0,383,extraversion,low
304,12160,right_cheek,695.2,343.8,801.9,486.8,1028.9,519.8,1162.4,698.5,8hW6WfYBP18.001.mp4,1280,720,25.0,383,extraversion,low
305,12200,left_eye,487.7,241.6,594.4,345.2,769.6,392.0,903.0,521.5,8hW6WfYBP18.001.mp4,1280,720,25.0,383,extraversion,low
305,12200,right_eye,659.4,223.6,780.5,332.4,984.2,369.5,1135.6,505.6,8hW6WfYBP18.001.mp4,1280,720,25.0,383,extraversion,low
305,12200,nose,580.9,298.4,688.1,420.6,886.1,463.0,1020.1,615.7,8hW6WfYBP18.001.mp4,1280,720,25.0,383,extraversion,low
305,12200,mouth,575.6,452.3,710.3,548.2,879.5,655.4,1047.8,775.2,8hW6WfYBP18.001.mp4,1280,720,25.0,383,extraversion,low
305,12200,forehead,475.4,182.0,819.7,494.3,754.3,317.5,1184.7,707.8,8hW6WfYBP18.001.mp4,1280,720,25.0,383,extraversion,low
305,12200,chin,480.4,351.9,819.7,600.9,760.4,529.8,1184.7,841.2,8hW6WfYBP18.001.mp4,1280,720,25.0,383,extraversion,low
305,12200,left_cheek,483.0,364.9,576.3,501.1,763.7,546.1,880.4,716.3,8hW6WfYBP18.001.mp4,1280,720,25.0,383,extraversion,low
305,12200,right_cheek,694.5,344.2,801.6,488.0,1028.2,520.3,1162.0,700.0,8hW6WfYBP18.001.mp4,1280,720,25.0,383,extraversion,low
306,12240,left_eye,487.2,242.0,594.2,344.8,769.0,392.5,902.7,521.0,8hW6WfYBP18.001.mp4,1280,720,25.0,383,extraversion,low
306,12240,right_eye,659.3,224.2,780.5,332.3,984.1,370.3,1135.7,505.4,8hW6WfYBP18.001.mp4,1280,720,25.0,383,extraversion,low
306,12240,nose,580.2,298.3,687.8,421.6,885.2,462.9,1019.8,617.0,8hW6WfYBP18.001.mp4,1280,720,25.0,383,extraversion,low
306,12240,mouth,573.4,455.0,711.6,555.2,876.8,658.7,1049.5,784.0,8hW6WfYBP18.001.mp4,1280,720,25.0,383,extraversion,low
306,12240,forehead,475.4,182.6,820.0,494.6,754.3,318.3,1185.0,708.2,8hW6WfYBP18.001.mp4,1280,720,25.0,383,extraversion,low
306,12240,chin,480.3,352.0,820.0,602.1,760.4,530.0,1185.0,842.7,8hW6WfYBP18.001.mp4,1280,720,25.0,383,extraversion,low
306,12240,left_cheek,482.3,365.5,575.6,502.5,762.9,546.9,879.5,718.1,8hW6WfYBP18.001.mp4,1280,720,25.0,383,extraversion,low
306,12240,right_cheek,694.7,345.2,801.6,489.2,1028.4,521.4,1162.0,701.5,8hW6WfYBP18.001.mp4,1280,720,25.0,383,extraversion,low
307,12280,left_eye,487.1,241.9,594.3,344.6,768.8,392.3,902.8,520.8,8hW6WfYBP18.001.mp4,1280,720,25.0,383,extraversion,low
307,12280,right_eye,659.2,224.5,780.6,332.2,983.9,370.6,1135.7,505.2,8hW6WfYBP18.001.mp4,1280,720,25.0,383,extraversion,low
307,12280,nose,579.7,298.0,687.9,421.8,884.6,462.5,1019.9,617.3,8hW6WfYBP18.001.mp4,1280,720,25.0,383,extraversion,low
307,12280,mouth,573.1,455.5,711.8,557.2,876.4,659.3,1049.8,786.5,8hW6WfYBP18.001.mp4,1280,720,25.0,383,extraversion,low
307,12280,forehead,475.4,182.8,820.3,494.9,754.3,318.5,1185.3,708.6,8hW6WfYBP18.001.mp4,1280,720,25.0,383,extraversion,low
307,12280,chin,480.4,352.1,820.3,602.8,760.5,530.2,1185.3,843.5,8hW6WfYBP18.001.mp4,1280,720,25.0,383,extraversion,low
307,12280,left_cheek,482.2,365.7,575.3,502.9,762.7,547.2,879.1,718.6,8hW6WfYBP18.001.mp4,1280,720,25.0,383,extraversion,low
307,12280,right_cheek,694.8,345.5,801.6,489.5,1028.5,521.9,1162.0,701.9,8hW6WfYBP18.001.mp4,1280,720,25.0,383,extraversion,low
308,12320,left_eye,487.6,241.8,594.4,344.4,769.4,392.2,903.0,520.5,8hW6WfYBP18.001.mp4,1280,720,25.0,383,extraversion,low
308,12320,right_eye,659.3,224.9,780.1,332.1,984.1,371.1,1135.2,505.1,8hW6WfYBP18.001.mp4,1280,720,25.0,383,extraversion,low
308,12320,nose,579.6,297.5,688.2,421.6,884.5,461.9,1020.2,617.0,8hW6WfYBP18.001.mp4,1280,720,25.0,383,extraversion,low
308,12320,mouth,572.8,452.9,712.8,555.1,876.0,656.2,1051.0,783.9,8hW6WfYBP18.001.mp4,1280,720,25.0,383,extraversion,low
308,12320,forehead,475.7,183.6,818.6,495.7,754.7,319.5,1183.3,709.6,8hW6WfYBP18.001.mp4,1280,720,25.0,383,extraversion,low
308,12320,chin,480.5,353.8,818.6,602.7,760.7,532.3,1183.3,843.4,8hW6WfYBP18.001.mp4,1280,720,25.0,383,extraversion,low
308,12320,left_cheek,482.4,365.4,575.4,502.6,763.0,546.8,879.2,718.2,8hW6WfYBP18.001.mp4,1280,720,25.0,383,extraversion,low
308,12320,right_cheek,694.9,346.1,801.0,489.4,1028.7,522.7,1161.3,701.7,8hW6WfYBP18.001.mp4,1280,720,25.0,383,extraversion,low
309,12360,left_eye,487.7,241.8,594.8,344.5,769.7,392.3,903.5,520.6,8hW6WfYBP18.001.mp4,1280,720,25.0,383,extraversion,low
309,12360,right_eye,659.4,225.2,779.7,332.3,984.2,371.5,1134.7,505.4,8hW6WfYBP18.001.mp4,1280,720,25.0,383,extraversion,low
309,12360,nose,579.7,297.3,688.4,421.4,884.6,461.6,1020.5,616.7,8hW6WfYBP18.001.mp4,1280,720,25.0,383,extraversion,low
309,12360,mouth,572.7,452.3,713.7,554.5,875.9,655.3,1052.1,783.1,8hW6WfYBP18.001.mp4,1280,720,25.0,383,extraversion,low
309,12360,forehead,476.0,184.4,818.0,496.1,755.0,320.5,1182.5,710.1,8hW6WfYBP18.001.mp4,1280,720,25.0,383,extraversion,low
309,12360,chin,481.1,355.1,818.0,602.6,761.4,533.8,1182.5,843.2,8hW6WfYBP18.001.mp4,1280,720,25.0,383,extraversion,low
309,12360,left_cheek,482.5,365.4,575.5,502.4,763.1,546.8,879.4,718.0,8hW6WfYBP18.001.mp4,1280,720,25.0,383,extraversion,low
309,12360,right_cheek,695.0,346.9,800.8,489.3,1028.7,523.6,1161.1,701.6,8hW6WfYBP18.001.mp4,1280,720,25.0,383,extraversion,low
310,12400,left_eye,489.3,241.8,595.3,344.7,771.6,392.3,904.1,520.9,8hW6WfYBP18.001.mp4,1280,720,25.0,383,extraversion,low
310,12400,right_eye,659.8,225.7,779.3,333.1,984.7,372.1,1134.1,506.4,8hW6WfYBP18.001.mp4,1280,720,25.0,383,extraversion,low
310,12400,nose,581.0,297.4,689.6,421.7,886.2,461.7,1022.0,617.1,8hW6WfYBP18.001.mp4,1280,720,25.0,383,extraversion,low
310,12400,mouth,572.2,452.2,715.7,551.5,875.3,655.2,1054.6,779.4,8hW6WfYBP18.001.mp4,1280,720,25.0,383,extraversion,low
310,12400,forehead,476.9,184.8,816.5,498.8,756.2,320.9,1180.7,713.5,8hW6WfYBP18.001.mp4,1280,720,25.0,383,extraversion,low
310,12400,chin,482.0,358.6,816.5,602.6,762.5,538.3,1180.7,843.2,8hW6WfYBP18.001.mp4,1280,720,25.0,383,extraversion,low
310,12400,left_cheek,483.9,366.0,576.7,503.4,764.9,547.5,880.8,719.3,8hW6WfYBP18.001.mp4,1280,720,25.0,383,extraversion,low
310,12400,right_cheek,695.3,349.1,800.4,490.4,1029.1,526.4,1160.4,702.9,8hW6WfYBP18.001.mp4,1280,720,25.0,383,extraversion,low
311,12440,left_eye,490.0,240.4,595.3,344.4,772.5,390.5,904.2,520.5,8hW6WfYBP18.001.mp4,1280,720,25.0,383,extraversion,low
311,12440,right_eye,659.5,224.8,777.4,333.1,984.4,370.9,1131.7,506.4,8hW6WfYBP18.001.mp4,1280,720,25.0,383,extraversion,low
311,12440,nose,581.0,295.8,689.7,421.6,886.2,459.7,1022.1,617.0,8hW6WfYBP18.001.mp4,1280,720,25.0,383,extraversion,low
311,12440,mouth,570.7,452.6,715.9,533.8,873.3,655.7,1054.8,757.2,8hW6WfYBP18.001.mp4,1280,720,25.0,383,extraversion,low
311,12440,forehead,477.2,183.0,814.7,499.6,756.5,318.7,1178.4,714.5,8hW6WfYBP18.001.mp4,1280,720,25.0,383,extraversion,low
311,12440,chin,482.1,360.2,814.7,600.8,762.6,540.2,1178.4,841.1,8hW6WfYBP18.001.mp4,1280,720,25.0,383,extraversion,low
311,12440,left_cheek,484.2,365.9,576.9,503.4,765.2,547.3,881.1,719.2,8hW6WfYBP18.001.mp4,1280,720,25.0,383,extraversion,low
311,12440,right_cheek,694.9,349.6,798.7,490.4,1028.6,527.0,1158.4,703.0,8hW6WfYBP18.001.mp4,1280,720,25.0,383,extraversion,low
312,12480,left_eye,490.3,239.0,595.4,344.2,772.9,388.8,904.3,520.2,8hW6WfYBP18.001.mp4,1280,720,25.0,383,extraversion,low
312,12480,right_eye,659.5,222.9,776.9,333.0,984.4,368.6,1131.1,506.3,8hW6WfYBP18.001.mp4,1280,720,25.0,383,extraversion,low
312,12480,nose,581.5,294.8,689.7,421.6,886.8,458.5,1022.1,617.0,8hW6WfYBP18.001.mp4,1280,720,25.0,383,extraversion,low
312,12480,mouth,570.7,452.7,716.1,531.6,873.3,655.8,1055.2,754.5,8hW6WfYBP18.001.mp4,1280,720,25.0,383,extraversion,low
312,12480,forehead,477.3,180.8,814.1,500.9,756.6,316.0,1177.6,716.1,8hW6WfYBP18.001.mp4,1280,720,25.0,383,extraversion,low
312,12480,chin,482.0,360.6,814.1,599.8,762.4,540.8,1177.6,839.8,8hW6WfYBP18.001.mp4,1280,720,25.0,383,extraversion,low
312,12480,left_cheek,484.3,365.8,577.3,503.3,765.4,547.2,881.7,719.1,8hW6WfYBP18.001.mp4,1280,720,25.0,383,extraversion,low
312,12480,right_cheek,694.9,349.8,798.5,490.6,1028.7,527.2,1158.1,703.3,8hW6WfYBP18.001.mp4,1280,720,25.0,383,extraversion,low
313,12520,left_eye,490.7,232.9,594.7,341.1,773.3,381.1,903.4,516.4,8hW6WfYBP18.001.mp4,1280,720,25.0,383,extraversion,low
313,12520,right_eye,658.5,217.3,775.9,329.1,983.2,361.7,1129.9,501.4,8hW6WfYBP18.001.mp4,1280,720,25.0,383,extraversion,low
313,12520,nose,580.8,289.6,689.4,416.6,886.0,451.9,1021.7,610.7,8hW6WfYBP18.001.mp4,1280,720,25.0,383,extraversion,low
313,12520,mouth,571.8,450.9,710.6,534.7,874.7,653.6,1048.3,758.4,8hW6WfYBP18.001.mp4,1280,720,25.0,383,extraversion,low
313,12520,forehead,477.3,178.3,814.0,499.9,756.7,312.9,1177.5,714.8,8hW6WfYBP18.001.mp4,1280,720,25.0,383,extraversion,low
313,12520,chin,481.9,359.8,814.0,599.3,762.4,539.8,1177.5,839.1,8hW6WfYBP18.001.mp4,1280,720,25.0,383,extraversion,low
313,12520,left_cheek,484.2,361.6,577.0,500.6,765.3,542.0,881.2,715.7,8hW6WfYBP18.001.mp4,1280,720,25.0,383,extraversion,low
313,12520,right_cheek,694.2,347.0,797.9,488.6,1027.8,523.8,1157.3,700.8,8hW6WfYBP18.001.mp4,1280,720,25.0,383,extraversion,low
314,12560,left_eye,490.9,230.9,594.6,340.0,773.7,378.6,903.2,515.0,8hW6WfYBP18.001.mp4,1280,720,25.0,383,extraversion,low
314,12560,right_eye,658.2,215.4,775.7,327.5,982.7,359.3,1129.6,499.4,8hW6WfYBP18.001.mp4,1280,720,25.0,383,extraversion,low
314,12560,nose,580.6,287.9,689.3,414.7,885.8,449.9,1021.6,608.4,8hW6WfYBP18.001.mp4,1280,720,25.0,383,extraversion,low
314,12560,mouth,572.6,449.6,709.6,535.5,875.7,652.0,1047.0,759.4,8hW6WfYBP18.001.mp4,1280,720,25.0,383,extraversion,low
314,12560,forehead,477.4,177.1,814.1,499.6,756.8,311.3,1177.7,714.5,8hW6WfYBP18.001.mp4,1280,720,25.0,383,extraversion,low
314,12560,chin,481.9,359.2,814.1,599.1,762.3,539.0,1177.7,838.8,8hW6WfYBP18.001.mp4,1280,720,25.0,383,extraversion,low
314,12560,left_cheek,484.2,360.3,576.9,499.6,765.2,540.3,881.1,714.5,8hW6WfYBP18.001.mp4,1280,720,25.0,383,extraversion,low
314,12560,right_cheek,694.1,345.7,797.8,487.6,1027.6,522.1,1157.3,699.5,8hW6WfYBP18.001.mp4,1280,720,25.0,383,extraversion,low
315,12600,left_eye,491.6,226.3,593.7,336.8,774.5,372.9,902.1,511.0,8hW6WfYBP18.001.mp4,1280,720,25.0,383,extraversion,low
315,12600,right_eye,657.5,211.7,775.2,324.7,981.8,354.6,1129.1,495.8,8hW6WfYBP18.001.mp4,1280,720,25.0,383,extraversion,low
315,12600,nose,579.7,284.5,688.5,410.6,884.7,445.6,1020.7,603.3,8hW6WfYBP18.001.mp4,1280,720,25.0,383,extraversion,low
315,12600,mouth,573.3,446.8,706.7,536.4,876.6,648.4,1043.4,760.5,8hW6WfYBP18.001.mp4,1280,720,25.0,383,extraversion,low
315,12600,forehead,478.2,175.3,814.2,495.7,757.8,309.1,1177.7,709.6,8hW6WfYBP18.001.mp4,1280,720,25.0,383,extraversion,low
315,12600,chin,482.1,355.7,814.2,598.6,762.6,534.6,1177.7,838.2,8hW6WfYBP18.001.mp4,1280,720,25.0,383,extraversion,low
315,12600,left_cheek,484.2,356.5,576.2,496.3,765.2,535.6,880.2,710.4,8hW6WfYBP18.001.mp4,1280,720,25.0,383,extraversion,low
315,12600,right_cheek,693.8,342.4,797.9,484.8,1027.2,518.0,1157.3,696.0,8hW6WfYBP18.001.mp4,1280,720,25.0,383,extraversion,low
316,12640,left_eye,491.8,225.0,593.3,335.7,774.7,371.3,901.7,509.6,8hW6WfYBP18.001.mp4,1280,720,25.0,383,extraversion,low
316,12640,right_eye,656.6,210.0,775.0,323.4,980.8,352.4,1128.8,494.2,8hW6WfYBP18.001.mp4,1280,720,25.0,383,extraversion,low
316,12640,nose,579.2,283.1,687.6,408.9,884.0,443.9,1019.5,601.2,8hW6WfYBP18.001.mp4,1280,720,25.0,383,extraversion,low
316,12640,mouth,574.0,446.0,705.4,537.1,877.4,647.5,1041.7,761.3,8hW6WfYBP18.001.mp4,1280,720,25.0,383,extraversion,low
316,12640,forehead,478.5,174.6,814.6,494.6,758.2,308.2,1178.3,708.3,8hW6WfYBP18.001.mp4,1280,720,25.0,383,extraversion,low
316,12640,chin,482.2,354.2,814.6,598.2,762.8,532.7,1178.3,837.7,8hW6WfYBP18.001.mp4,1280,720,25.0,383,extraversion,low
316,12640,left_cheek,484.2,355.3,575.8,495.2,765.2,534.1,879.7,709.0,8hW6WfYBP18.001.mp4,1280,720,25.0,383,extraversion,low
316,12640,right_cheek,693.3,341.0,797.9,483.3,1026.6,516.2,1157.3,694.1,8hW6WfYBP18.001.mp4,1280,720,25.0,383,extraversion,low
317,12680,left_eye,491.9,223.5,593.1,334.0,774.9,369.4,901.4,507.6,8hW6WfYBP18.001.mp4,1280,720,25.0,383,extraversion,low
317,12680,right_eye,656.7,208.3,775.0,321.9,980.9,350.3,1128.8,492.3,8hW6WfYBP18.001.mp4,1280,720,25.0,383,extraversion,low
317,12680,nose,578.8,281.3,687.7,404.4,883.5,441.6,1019.6,595.5,8hW6WfYBP18.001.mp4,1280,720,25.0,383,extraversion,low
317,12680,mouth,573.5,439.5,709.2,541.0,876.8,639.3,1046.5,766.2,8hW6WfYBP18.001.mp4,1280,720,25.0,383,extraversion,low
317,12680,forehead,478.5,174.3,814.7,492.7,758.1,307.8,1178.3,705.8,8hW6WfYBP18.001.mp4,1280,720,25.0,383,extraversion,low
317,12680,chin,481.9,352.3,814.7,598.1,762.3,530.3,1178.3,837.6,8hW6WfYBP18.001.mp4,1280,720,25.0,383,extraversion,low
317,12680,left_cheek,483.8,353.1,575.1,493.9,764.7,531.4,878.9,707.3,8hW6WfYBP18.001.mp4,1280,720,25.0,383,extraversion,low
317,12680,right_cheek,693.5,338.9,797.9,481.8,1026.9,513.6,1157.4,692.2,8hW6WfYBP18.001.mp4,1280,720,25.0,383,extraversion,low
318,12720,left_eye,491.9,223.3,593.1,334.1,774.9,369.1,901.4,507.6,8hW6WfYBP18.001.mp4,1280,720,25.0,383,extraversion,low
318,12720,right_eye,656.8,208.2,775.0,322.0,981.0,350.2,1128.8,492.5,8hW6WfYBP18.001.mp4,1280,720,25.0,383,extraversion,low
318,12720,nose,578.6,281.1,687.9,403.7,883.3,441.4,1019.8,594.6,8hW6WfYBP18.001.mp4,1280,720,25.0,383,extraversion,low
318,12720,mouth,573.2,438.8,711.4,543.8,876.5,638.4,1049.2,769.7,8hW6WfYBP18.001.mp4,1280,720,25.0,383,extraversion,low
318,12720,forehead,478.5,174.5,814.8,492.6,758.1,308.1,1178.5,705.8,8hW6WfYBP18.001.mp4,1280,720,25.0,383,extraversion,low
318,12720,chin,481.6,352.3,814.8,598.1,761.9,530.4,1178.5,837.6,8hW6WfYBP18.001.mp4,1280,720,25.0,383,extraversion,low
318,12720,left_cheek,483.6,353.0,574.9,493.8,764.5,531.2,878.6,707.2,8hW6WfYBP18.001.mp4,1280,720,25.0,383,extraversion,low
318,12720,right_cheek,693.8,338.9,797.9,481.7,1027.2,513.7,1157.4,692.1,8hW6WfYBP18.001.mp4,1280,720,25.0,383,extraversion,low
319,12760,left_eye,492.3,222.4,593.0,333.7,775.4,367.9,901.3,507.1,8hW6WfYBP18.001.mp4,1280,720,25.0,383,extraversion,low
319,12760,right_eye,656.8,207.4,774.6,321.9,981.0,349.2,1128.3,492.3,8hW6WfYBP18.001.mp4,1280,720,25.0,383,extraversion,low
319,12760,nose,578.3,280.3,688.0,401.9,882.9,440.4,1020.1,592.4,8hW6WfYBP18.001.mp4,1280,720,25.0,383,extraversion,low
319,12760,mouth,571.5,434.1,715.1,546.4,874.4,632.7,1053.8,772.9,8hW6WfYBP18.001.mp4,1280,720,25.0,383,extraversion,low
319,12760,forehead,478.3,174.6,814.4,492.3,757.9,308.3,1177.9,705.4,8hW6WfYBP18.001.mp4,1280,720,25.0,383,extraversion,low
319,12760,chin,481.1,352.4,814.4,598.3,761.4,530.5,1177.9,837.8,8hW6WfYBP18.001.mp4,1280,720,25.0,383,extraversion,low
319,12760,left_cheek,483.4,352.0,574.5,492.8,764.3,530.0,878.1,706.0,8hW6WfYBP18.001.mp4,1280,720,25.0,383,extraversion,low
319,12760,right_cheek,693.9,338.8,797.7,481.3,1027.4,513.5,1157.1,691.6,8hW6WfYBP18.001.mp4,1280,720,25.0,383,extraversion,low
320,12800,left_eye,492.5,221.8,592.9,333.6,775.6,367.2,901.1,507.0,8hW6WfYBP18.001.mp4,1280,720,25.0,383,extraversion,low
320,12800,right_eye,656.9,206.9,774.4,321.9,981.1,348.6,1128.0,492.4,8hW6WfYBP18.001.mp4,1280,720,25.0,383,extraversion,low
320,12800,nose,578.2,280.0,688.1,401.6,882.7,440.0,1020.2,592.0,8hW6WfYBP18.001.mp4,1280,720,25.0,383,extraversion,low
320,12800,mouth,570.9,433.5,716.5,547.0,873.7,631.9,1055.6,773.8,8hW6WfYBP18.001.mp4,1280,720,25.0,383,extraversion,low
320,12800,forehead,478.2,174.7,813.7,492.4,757.8,308.4,1177.1,705.5,8hW6WfYBP18.001.mp4,1280,720,25.0,383,extraversion,low
320,12800,chin,480.9,352.5,813.7,598.3,761.2,530.6,1177.1,837.9,8hW6WfYBP18.001.mp4,1280,720,25.0,383,extraversion,low
320,12800,left_cheek,483.3,351.8,574.2,492.7,764.1,529.8,877.7,705.8,8hW6WfYBP18.001.mp4,1280,720,25.0,383,extraversion,low
320,12800,right_cheek,693.9,338.9,797.4,481.3,1027.4,513.6,1156.7,691.6,8hW6WfYBP18.001.mp4,1280,720,25.0,383,extraversion,low
321,12840,left_eye,493.2,220.4,593.3,332.3,776.5,365.6,901.6,505.4,8hW6WfYBP18.001.mp4,1280,720,25.0,383,extraversion,low
321,12840,right_eye,657.1,206.0,774.2,321.0,981.3,347.5,1127.8,491.3,8hW6WfYBP18.001.mp4,1280,720,25.0,383,extraversion,low
321,12840,nose,578.3,278.7,689.1,398.1,882.8,438.4,1021.3,587.7,8hW6WfYBP18.001.mp4,1280,720,25.0,383,extraversion,low
321,12840,mouth,570.4,428.4,719.3,546.8,873.0,625.5,1059.1,773.5,8hW6WfYBP18.001.mp4,1280,720,25.0,383,extraversion,low
321,12840,forehead,478.3,174.5,813.5,492.5,757.8,308.1,1176.8,705.6,8hW6WfYBP18.001.mp4,1280,720,25.0,383,extraversion,low
321,12840,chin,480.9,353.2,813.5,597.9,761.2,531.5,1176.8,837.4,8hW6WfYBP18.001.mp4,1280,720,25.0,383,extraversion,low
321,12840,left_cheek,483.3,350.1,574.2,491.5,764.1,527.6,877.8,704.4,8hW6WfYBP18.001.mp4,1280,720,25.0,383,extraversion,low
321,12840,right_cheek,694.4,337.8,797.3,479.9,1028.1,512.2,1156.7,689.9,8hW6WfYBP18.001.mp4,1280,720,25.0,383,extraversion,low
322,12880,left_eye,493.5,220.5,593.9,332.6,776.8,365.6,902.4,505.7,8hW6WfYBP18.001.mp4,1280,720,25.0,383,extraversion,low
322,12880,right_eye,657.3,206.4,774.3,321.3,981.6,347.9,1127.8,491.6,8hW6WfYBP18.001.mp4,1280,720,25.0,383,extraversion,low
322,12880,nose,578.3,278.8,689.7,398.9,882.9,438.5,1022.2,588.6,8hW6WfYBP18.001.mp4,1280,720,25.0,383,extraversion,low
322,12880,mouth,570.0,429.5,721.1,548.0,872.5,626.9,1061.4,775.0,8hW6WfYBP18.001.mp4,1280,720,25.0,383,extraversion,low
322,12880,forehead,478.3,174.6,813.4,492.8,757.8,308.2,1176.8,706.0,8hW6WfYBP18.001.mp4,1280,720,25.0,383,extraversion,low
322,12880,chin,480.9,354.1,813.4,598.1,761.2,532.6,1176.8,837.7,8hW6WfYBP18.001.mp4,1280,720,25.0,383,extraversion,low
322,12880,left_cheek,483.3,350.5,574.2,491.8,764.2,528.1,877.8,704.8,8hW6WfYBP18.001.mp4,1280,720,25.0,383,extraversion,low
322,12880,right_cheek,695.0,338.1,797.4,480.2,1028.7,512.6,1156.7,690.2,8hW6WfYBP18.001.mp4,1280,720,25.0,383,extraversion,low
323,12920,left_eye,492.9,218.4,593.9,330.8,776.1,363.1,902.3,503.5,8hW6WfYBP18.001.mp4,1280,720,25.0,383,extraversion,low
323,12920,right_eye,657.4,203.6,774.7,319.9,981.8,344.5,1128.3,489.9,8hW6WfYBP18.001.mp4,1280,720,25.0,383,extraversion,low
323,12920,nose,578.1,276.5,690.1,395.9,882.6,435.6,1022.6,584.9,8hW6WfYBP18.001.mp4,1280,720,25.0,383,extraversion,low
323,12920,mouth,568.6,425.1,720.1,547.6,870.8,621.4,1060.1,774.6,8hW6WfYBP18.001.mp4,1280,720,25.0,383,extraversion,low
323,12920,forehead,477.3,172.4,813.8,493.4,756.6,305.5,1177.2,706.8,8hW6WfYBP18.001.mp4,1280,720,25.0,383,extraversion,low
323,12920,chin,479.9,354.4,813.8,598.1,759.9,533.0,1177.2,837.7,8hW6WfYBP18.001.mp4,1280,720,25.0,383,extraversion,low
323,12920,left_cheek,482.3,348.7,573.8,491.5,762.8,525.9,877.2,704.3,8hW6WfYBP18.001.mp4,1280,720,25.0,383,extraversion,low
323,12920,right_cheek,695.4,336.9,797.8,480.0,1029.2,511.2,1157.2,690.0,8hW6WfYBP18.001.mp4,1280,720,25.0,383,extraversion,low
324,12960,left_eye,492.7,216.6,593.9,330.0,775.9,360.8,902.3,502.6,8hW6WfYBP18.001.mp4,1280,720,25.0,383,extraversion,low
324,12960,right_eye,657.4,202.6,774.7,319.1,981.8,343.2,1128.4,488.9,8hW6WfYBP18.001.mp4,1280,720,25.0,383,extraversion,low
324,12960,nose,577.1,275.5,690.2,395.2,881.4,434.4,1022.7,584.0,8hW6WfYBP18.001.mp4,1280,720,25.0,383,extraversion,low
324,12960,mouth,567.8,424.3,719.7,547.5,869.8,620.4,1059.7,774.4,8hW6WfYBP18.001.mp4,1280,720,25.0,383,extraversion,low
324,12960,forehead,477.2,171.9,814.2,493.5,756.5,304.8,1177.7,706.8,8hW6WfYBP18.001.mp4,1280,720,25.0,383,extraversion,low
324,12960,chin,479.8,354.4,814.2,598.2,759.8,533.0,1177.7,837.7,8hW6WfYBP18.001.mp4,1280,720,25.0,383,extraversion,low
324,12960,left_cheek,481.8,347.8,573.1,491.0,762.3,524.8,876.4,703.7,8hW6WfYBP18.001.mp4,1280,720,25.0,383,extraversion,low
324,12960,right_cheek,695.4,336.1,797.9,479.5,1029.3,510.2,1157.4,689.4,8hW6WfYBP18.001.mp4,1280,720,25.0,383,extraversion,low
325,13000,left_eye,492.6,215.5,593.8,328.6,775.8,359.4,902.3,500.8,8hW6WfYBP18.001.mp4,1280,720,25.0,383,extraversion,low
325,13000,right_eye,657.4,201.7,774.9,318.0,981.8,342.2,1128.7,487.5,8hW6WfYBP18.001.mp4,1280,720,25.0,383,extraversion,low
325,13000,nose,576.8,274.5,690.2,393.7,881.0,433.1,1022.7,582.1,8hW6WfYBP18.001.mp4,1280,720,25.0,383,extraversion,low
325,13000,mouth,567.7,420.9,718.5,545.7,869.6,616.2,1058.1,772.1,8hW6WfYBP18.001.mp4,1280,720,25.0,383,extraversion,low
325,13000,forehead,476.9,171.3,814.6,492.8,756.2,304.1,1178.2,706.0,8hW6WfYBP18.001.mp4,1280,720,25.0,383,extraversion,low
325,13000,chin,479.4,354.3,814.6,598.2,759.3,532.9,1178.2,837.7,8hW6WfYBP18.001.mp4,1280,720,25.0,383,extraversion,low
325,13000,left_cheek,481.4,346.4,572.7,489.4,761.8,523.0,875.9,701.8,8hW6WfYBP18.001.mp4,1280,720,25.0,383,extraversion,low
325,13000,right_cheek,695.4,335.3,798.0,478.9,1029.3,509.1,1157.5,688.6,8hW6WfYBP18.001.mp4,1280,720,25.0,383,extraversion,low
326,13040,left_eye,492.6,214.9,593.8,328.0,775.7,358.7,902.3,500.0,8hW6WfYBP18.001.mp4,1280,720,25.0,383,extraversion,low
326,13040,right_eye,657.4,201.2,775.1,317.6,981.8,341.5,1128.8,486.9,8hW6WfYBP18.001.mp4,1280,720,25.0,383,extraversion,low
326,13040,nose,576.6,274.1,690.2,393.2,880.8,432.6,1022.8,581.5,8hW6WfYBP18.001.mp4,1280,720,25.0,383,extraversion,low
326,13040,mouth,567.6,420.1,717.8,544.7,869.5,615.1,1057.2,770.8,8hW6WfYBP18.001.mp4,1280,720,25.0,383,extraversion,low
326,13040,forehead,476.7,171.0,815.0,492.1,755.9,303.7,1178.7,705.1,8hW6WfYBP18.001.mp4,1280,720,25.0,383,extraversion,low
326,13040,chin,479.2,354.0,815.0,598.2,759.0,532.6,1178.7,837.7,8hW6WfYBP18.001.mp4,1280,720,25.0,383,extraversion,low
326,13040,left_cheek,481.2,345.7,572.5,488.7,761.5,522.2,875.6,700.8,8hW6WfYBP18.001.mp4,1280,720,25.0,383,extraversion,low
326,13040,right_cheek,695.4,334.9,798.1,478.5,1029.3,508.6,1157.6,688.1,8hW6WfYBP18.001.mp4,1280,720,25.0,383,extraversion,low
327,13080,left_eye,492.7,214.2,594.2,327.3,775.8,357.8,902.7,499.1,8hW6WfYBP18.001.mp4,1280,720,25.0,383,extraversion,low
327,13080,right_eye,657.6,201.1,775.6,317.1,982.0,341.3,1129.5,486.4,8hW6WfYBP18.001.mp4,1280,720,25.0,383,extraversion,low
327,13080,nose,576.8,273.7,690.2,393.2,880.9,432.2,1022.7,581.5,8hW6WfYBP18.001.mp4,1280,720,25.0,383,extraversion,low
327,13080,mouth,567.6,418.4,714.6,542.3,869.5,613.0,1053.3,767.8,8hW6WfYBP18.001.mp4,1280,720,25.0,383,extraversion,low
327,13080,forehead,476.8,170.4,815.2,491.5,756.0,303.0,1179.0,704.4,8hW6WfYBP18.001.mp4,1280,720,25.0,383,extraversion,low
327,13080,chin,479.2,354.0,815.2,597.8,759.0,532.5,1179.0,837.2,8hW6WfYBP18.001.mp4,1280,720,25.0,383,extraversion,low
327,13080,left_cheek,481.2,345.1,572.5,487.8,761.5,521.3,875.7,699.8,8hW6WfYBP18.001.mp4,1280,720,25.0,383,extraversion,low
327,13080,right_cheek,695.4,334.7,798.3,478.5,1029.3,508.4,1157.8,688.1,8hW6WfYBP18.001.mp4,1280,720,25.0,383,extraversion,low
328,13120,left_eye,492.7,214.0,594.2,326.8,775.9,357.5,902.8,498.5,8hW6WfYBP18.001.mp4,1280,720,25.0,383,extraversion,low
328,13120,right_eye,657.8,201.0,775.8,316.9,982.3,341.2,1129.8,486.2,8hW6WfYBP18.001.mp4,1280,720,25.0,383,extraversion,low
328,13120,nose,577.2,273.5,689.5,393.7,881.4,431.9,1021.8,582.1,8hW6WfYBP18.001.mp4,1280,720,25.0,383,extraversion,low
328,13120,mouth,567.8,416.3,707.9,534.3,869.8,610.3,1044.9,757.9,8hW6WfYBP18.001.mp4,1280,720,25.0,383,extraversion,low
328,13120,forehead,476.8,169.2,815.3,490.8,756.0,301.5,1179.2,703.5,8hW6WfYBP18.001.mp4,1280,720,25.0,383,extraversion,low
328,13120,chin,479.2,354.1,815.3,593.9,759.0,532.6,1179.2,832.4,8hW6WfYBP18.001.mp4,1280,720,25.0,383,extraversion,low
328,13120,left_cheek,481.3,344.4,572.7,485.7,761.6,520.5,875.9,697.1,8hW6WfYBP18.001.mp4,1280,720,25.0,383,extraversion,low
328,13120,right_cheek,695.1,334.5,798.3,477.8,1028.8,508.2,1157.8,687.2,8hW6WfYBP18.001.mp4,1280,720,25.0,383,extraversion,low
329,13160,left_eye,492.7,213.4,594.2,326.5,775.9,356.8,902.8,498.1,8hW6WfYBP18.001.mp4,1280,720,25.0,383,extraversion,low
329,13160,right_eye,658.0,200.8,776.0,317.0,982.6,341.0,1130.0,486.2,8hW6WfYBP18.001.mp4,1280,720,25.0,383,extraversion,low
329,13160,nose,577.3,273.0,689.4,393.2,881.6,431.2,1021.8,581.5,8hW6WfYBP18.001.mp4,1280,720,25.0,383,extraversion,low
329,13160,mouth,568.2,415.5,707.2,533.8,870.2,609.4,1044.0,757.3,8hW6WfYBP18.001.mp4,1280,720,25.0,383,extraversion,low
329,13160,forehead,476.5,169.2,815.4,489.9,755.6,301.5,1179.2,702.3,8hW6WfYBP18.001.mp4,1280,720,25.0,383,extraversion,low
329,13160,chin,478.9,354.1,815.4,590.5,758.6,532.6,1179.2,828.1,8hW6WfYBP18.001.mp4,1280,720,25.0,383,extraversion,low
329,13160,left_cheek,481.1,343.7,572.7,484.2,761.3,519.7,875.9,695.2,8hW6WfYBP18.001.mp4,1280,720,25.0,383,extraversion,low
329,13160,right_cheek,695.0,334.4,798.3,476.6,1028.8,508.0,1157.9,685.7,8hW6WfYBP18.001.mp4,1280,720,25.0,383,extraversion,low
330,13200,left_eye,492.9,213.1,594.6,326.3,776.1,356.3,903.3,497.8,8hW6WfYBP18.001.mp4,1280,720,25.0,383,extraversion,low
330,13200,right_eye,659.3,200.8,776.6,316.8,984.2,341.0,1130.7,486.0,8hW6WfYBP18.001.mp4,1280,720,25.0,383,extraversion,low
330,13200,nose,578.9,272.8,689.4,393.5,883.6,431.0,1021.7,581.9,8hW6WfYBP18.001.mp4,1280,720,25.0,383,extraversion,low
330,13200,mouth,570.9,414.7,704.8,524.2,873.6,608.4,1041.0,745.2,8hW6WfYBP18.001.mp4,1280,720,25.0,383,extraversion,low
330,13200,forehead,476.6,169.0,815.4,490.0,755.8,301.2,1179.2,702.5,8hW6WfYBP18.001.mp4,1280,720,25.0,383,extraversion,low
330,13200,chin,478.9,354.8,815.4,589.1,758.7,533.5,1179.2,826.4,8hW6WfYBP18.001.mp4,1280,720,25.0,383,extraversion,low
330,13200,left_cheek,481.3,343.5,574.1,483.4,761.7,519.3,877.6,694.3,8hW6WfYBP18.001.mp4,1280,720,25.0,383,extraversion,low
330,13200,right_cheek,694.9,334.1,798.4,475.5,1028.7,507.6,1158.0,684.4,8hW6WfYBP18.001.mp4,1280,720,25.0,383,extraversion,low
331,13240,left_eye,493.1,212.9,594.9,326.1,776.3,356.2,903.7,497.6,8hW6WfYBP18.001.mp4,1280,720,25.0,383,extraversion,low
331,13240,right_eye,659.9,200.9,776.8,316.8,984.9,341.1,1131.0,486.0,8hW6WfYBP18.001.mp4,1280,720,25.0,383,extraversion,low
331,13240,nose,579.6,272.7,689.5,393.7,884.5,430.9,1021.8,582.2,8hW6WfYBP18.001.mp4,1280,720,25.0,383,extraversion,low
331,13240,mouth,572.3,414.0,703.9,522.6,875.4,607.5,1039.8,743.2,8hW6WfYBP18.001.mp4,1280,720,25.0,383,extraversion,low
331,13240,forehead,476.7,169.0,815.4,490.0,755.9,301.2,1179.3,702.5,8hW6WfYBP18.001.mp4,1280,720,25.0,383,extraversion,low
331,13240,chin,479.0,355.3,815.4,589.0,758.7,534.1,1179.3,826.3,8hW6WfYBP18.001.mp4,1280,720,25.0,383,extraversion,low
331,13240,left_cheek,481.5,343.2,574.8,483.0,761.9,519.1,878.6,693.8,8hW6WfYBP18.001.mp4,1280,720,25.0,383,extraversion,low
331,13240,right_cheek,694.9,333.9,798.5,475.0,1028.7,507.4,1158.1,683.8,8hW6WfYBP18.001.mp4,1280,720,25.0,383,extraversion,low
332,13280,left_eye,494.3,212.3,596.2,326.1,777.9,355.4,905.3,497.6,8hW6WfYBP18.001.mp4,1280,720,25.0,383,extraversion,low
332,13280,right_eye,661.0,200.5,777.3,316.5,986.3,340.6,1131.6,485.7,8hW6WfYBP18.001.mp4,1280,720,25.0,383,extraversion,low
332,13280,nose,581.2,272.3,691.1,393.6,886.5,430.4,1023.9,582.0,8hW6WfYBP18.001.mp4,1280,720,25.0,383,extraversion,low
332,13280,mouth,575.5,411.8,704.7,520.4,879.4,604.8,1040.9,740.5,8hW6WfYBP18.001.mp4,1280,720,25.0,383,extraversion,low
332,13280,forehead,477.6,168.5,816.3,491.5,757.0,300.6,1180.4,704.3,8hW6WfYBP18.001.mp4,1280,720,25.0,383,extraversion,low
332,13280,chin,479.7,355.8,816.3,589.6,759.7,534.7,1180.4,827.0,8hW6WfYBP18.001.mp4,1280,720,25.0,383,extraversion,low
332,13280,left_cheek,482.7,343.1,576.7,483.1,763.4,518.9,880.9,693.8,8hW6WfYBP18.001.mp4,1280,720,25.0,383,extraversion,low
332,13280,right_cheek,695.6,333.3,799.8,474.4,1029.5,506.7,1159.8,683.1,8hW6WfYBP18.001.mp4,1280,720,25.0,383,extraversion,low
333,13320,left_eye,494.7,212.2,596.5,326.1,778.4,355.2,905.7,497.6,8hW6WfYBP18.001.mp4,1280,720,25.0,383,extraversion,low
333,13320,right_eye,661.3,200.3,777.7,316.5,986.6,340.4,1132.1,485.6,8hW6WfYBP18.001.mp4,1280,720,25.0,383,extraversion,low
333,13320,nose,581.9,272.2,691.8,393.6,887.4,430.2,1024.7,582.0,8hW6WfYBP18.001.mp4,1280,720,25.0,383,extraversion,low
333,13320,mouth,577.5,411.7,704.7,520.1,881.9,604.6,1040.8,740.2,8hW6WfYBP18.001.mp4,1280,720,25.0,383,extraversion,low
333,13320,forehead,478.2,168.4,817.2,491.6,757.7,300.5,1181.5,704.5,8hW6WfYBP18.001.mp4,1280,720,25.0,383,extraversion,low
333,13320,chin,480.3,355.9,817.2,589.2,760.4,534.8,1181.5,826.5,8hW6WfYBP18.001.mp4,1280,720,25.0,383,extraversion,low
333,13320,left_cheek,483.3,343.0,577.4,482.7,764.1,518.8,881.7,693.4,8hW6WfYBP18.001.mp4,1280,720,25.0,383,extraversion,low
333,13320,right_cheek,695.9,333.0,800.4,473.8,1029.8,506.3,1160.5,682.2,8hW6WfYBP18.001.mp4,1280,720,25.0,383,extraversion,low
334,13360,left_eye,495.4,212.2,597.2,326.2,779.3,355.3,906.5,497.7,8hW6WfYBP18.001.mp4,1280,720,25.0,383,extraversion,low
334,13360,right_eye,662.2,200.4,778.2,316.5,987.8,340.5,1132.8,485.7,8hW6WfYBP18.001.mp4,1280,720,25.0,383,extraversion,low
334,13360,nose,582.4,272.3,693.1,393.7,888.0,430.3,1026.3,582.1,8hW6WfYBP18.001.mp4,1280,720,25.0,383,extraversion,low
334,13360,mouth,578.0,412.5,705.0,520.9,882.5,605.6,1041.2,741.1,8hW6WfYBP18.001.mp4,1280,720,25.0,383,extraversion,low
334,13360,forehead,479.1,168.5,817.6,492.1,758.9,300.6,1182.0,705.1,8hW6WfYBP18.001.mp4,1280,720,25.0,383,extraversion,low
334,13360,chin,481.3,356.0,817.6,589.6,761.6,535.0,1182.0,826.9,8hW6WfYBP18.001.mp4,1280,720,25.0,383,extraversion,low
334,13360,left_cheek,484.1,343.1,578.3,483.0,765.2,518.9,882.8,693.7,8hW6WfYBP18.001.mp4,1280,720,25.0,383,extraversion,low
334,13360,right_cheek,696.6,333.0,801.1,473.8,1030.8,506.3,1161.3,682.2,8hW6WfYBP18.001.mp4,1280,720,25.0,383,extraversion,low
335,13400,left_eye,495.8,212.3,597.5,326.2,779.7,355.4,906.9,497.8,8hW6WfYBP18.001.mp4,1280,720,25.0,383,extraversion,low
335,13400,right_eye,662.6,200.4,778.6,316.6,988.2,340.5,1133.2,485.8,8hW6WfYBP18.001.mp4,1280,720,25.0,383,extraversion,low
335,13400,nose,582.9,272.3,693.5,393.9,888.7,430.4,1026.9,582.3,8hW6WfYBP18.001.mp4,1280,720,25.0,383,extraversion,low
335,13400,mouth,578.5,412.8,705.3,520.9,883.1,606.0,1041.6,741.1,8hW6WfYBP18.001.mp4,1280,720,25.0,383,extraversion,low
335,13400,forehead,479.5,168.5,817.9,492.4,759.3,300.7,1182.4,705.5,8hW6WfYBP18.001.mp4,1280,720,25.0,383,extraversion,low
335,13400,chin,481.7,356.2,817.9,589.5,762.1,535.3,1182.4,826.9,8hW6WfYBP18.001.mp4,1280,720,25.0,383,extraversion,low
335,13400,left_cheek,484.6,343.2,578.7,483.1,765.7,519.0,883.4,693.9,8hW6WfYBP18.001.mp4,1280,720,25.0,383,extraversion,low
335,13400,right_cheek,696.9,333.1,801.4,473.8,1031.2,506.3,1161.7,682.3,8hW6WfYBP18.001.mp4,1280,720,25.0,383,extraversion,low
336,13440,left_eye,496.0,213.2,597.9,327.4,780.0,356.4,907.4,499.3,8hW6WfYBP18.001.mp4,1280,720,25.0,383,extraversion,low
336,13440,right_eye,663.2,200.6,779.0,318.3,989.0,340.8,1133.8,487.8,8hW6WfYBP18.001.mp4,1280,720,25.0,383,extraversion,low
336,13440,nose,584.4,274.3,693.5,397.4,890.4,432.9,1026.8,586.7,8hW6WfYBP18.001.mp4,1280,720,25.0,383,extraversion,low
336,13440,mouth,582.4,416.8,701.4,525.1,887.9,610.9,1036.8,746.3,8hW6WfYBP18.001.mp4,1280,720,25.0,383,extraversion,low
336,13440,forehead,480.2,169.4,817.9,492.4,760.3,301.8,1182.4,705.5,8hW6WfYBP18.001.mp4,1280,720,25.0,383,extraversion,low
336,13440,chin,482.3,356.3,817.9,589.6,762.9,535.3,1182.4,827.0,8hW6WfYBP18.001.mp4,1280,720,25.0,383,extraversion,low
336,13440,left_cheek,485.1,344.7,579.5,484.0,766.4,520.9,884.4,695.0,8hW6WfYBP18.001.mp4,1280,720,25.0,383,extraversion,low
336,13440,right_cheek,697.0,334.4,801.3,474.7,1031.2,508.0,1161.7,683.3,8hW6WfYBP18.001.mp4,1280,720,25.0,383,extraversion,low
337,13480,left_eye,496.0,213.9,598.1,328.2,780.1,357.3,907.6,500.2,8hW6WfYBP18.001.mp4,1280,720,25.0,383,extraversion,low
337,13480,right_eye,663.6,201.4,779.4,319.1,989.5,341.8,1134.2,488.9,8hW6WfYBP18.001.mp4,1280,720,25.0,383,extraversion,low
337,13480,nose,585.1,275.5,693.4,399.3,891.3,434.4,1026.7,589.1,8hW6WfYBP18.001.mp4,1280,720,25.0,383,extraversion,low
337,13480,mouth,583.9,418.3,700.4,527.0,889.8,612.9,1035.6,748.8,8hW6WfYBP18.001.mp4,1280,720,25.0,383,extraversion,low
337,13480,forehead,480.5,170.1,817.9,492.4,760.7,302.7,1182.3,705.5,8hW6WfYBP18.001.mp4,1280,720,25.0,383,extraversion,low
337,13480,chin,482.6,356.3,817.9,589.6,763.2,535.4,1182.3,827.0,8hW6WfYBP18.001.mp4,1280,720,25.0,383,extraversion,low
337,13480,left_cheek,485.4,345.7,579.9,484.7,766.7,522.1,884.9,695.8,8hW6WfYBP18.001.mp4,1280,720,25.0,383,extraversion,low
337,13480,right_cheek,697.0,335.3,801.3,475.4,1031.3,509.1,1161.6,684.2,8hW6WfYBP18.001.mp4,1280,720,25.0,383,extraversion,low
338,13520,left_eye,496.8,217.9,598.6,331.5,781.0,362.4,908.3,504.4,8hW6WfYBP18.001.mp4,1280,720,25.0,383,extraversion,low
338,13520,right_eye,664.3,205.7,779.3,323.6,990.4,347.1,1134.2,494.4,8hW6WfYBP18.001.mp4,1280,720,25.0,383,extraversion,low
338,13520,nose,590.1,280.9,692.4,408.3,897.6,441.1,1025.5,600.4,8hW6WfYBP18.001.mp4,1280,720,25.0,383,extraversion,low
338,13520,mouth,587.5,434.0,696.9,537.8,894.3,632.5,1031.1,762.3,8hW6WfYBP18.001.mp4,1280,720,25.0,383,extraversion,low
338,13520,forehead,480.8,173.0,815.6,492.3,760.9,306.2,1179.5,705.4,8hW6WfYBP18.001.mp4,1280,720,25.0,383,extraversion,low
338,13520,chin,482.8,356.2,815.6,589.7,763.5,535.3,1179.5,827.1,8hW6WfYBP18.001.mp4,1280,720,25.0,383,extraversion,low
338,13520,left_cheek,486.9,351.4,582.1,489.0,768.6,529.3,887.6,701.3,8hW6WfYBP18.001.mp4,1280,720,25.0,383,extraversion,low
338,13520,right_cheek,697.0,340.5,799.9,479.4,1031.3,515.6,1159.9,689.3,8hW6WfYBP18.001.mp4,1280,720,25.0,383,extraversion,low
339,13560,left_eye,497.0,219.9,599.4,332.8,781.3,364.9,909.2,506.0,8hW6WfYBP18.001.mp4,1280,720,25.0,383,extraversion,low
339,13560,right_eye,665.3,208.5,779.6,325.3,991.6,350.6,1134.4,496.6,8hW6WfYBP18.001.mp4,1280,720,25.0,383,extraversion,low
339,13560,nose,591.0,282.6,692.3,409.8,898.8,443.2,1025.3,602.2,8hW6WfYBP18.001.mp4,1280,720,25.0,383,extraversion,low
339,13560,mouth,588.6,435.3,696.6,540.9,895.7,634.2,1030.8,766.1,8hW6WfYBP18.001.mp4,1280,720,25.0,383,extraversion,low
339,13560,forehead,480.8,174.8,814.7,492.1,760.9,308.5,1178.3,705.1,8hW6WfYBP18.001.mp4,1280,720,25.0,383,extraversion,low
339,13560,chin,482.8,356.4,814.7,589.5,763.5,535.5,1178.3,826.9,8hW6WfYBP18.001.mp4,1280,720,25.0,383,extraversion,low
339,13560,left_cheek,487.3,352.8,582.8,490.1,769.2,531.0,888.5,702.6,8hW6WfYBP18.001.mp4,1280,720,25.0,383,extraversion,low
339,13560,right_cheek,697.1,342.5,799.7,481.1,1031.3,518.2,1159.6,691.3,8hW6WfYBP18.001.mp4,1280,720,25.0,383,extraversion,low
340,13600,left_eye,497.0,220.6,599.5,333.1,781.2,365.7,909.4,506.3,8hW6WfYBP18.001.mp4,1280,720,25.0,383,extraversion,low
340,13600,right_eye,666.1,210.0,780.8,326.2,992.6,352.5,1136.0,497.8,8hW6WfYBP18.001.mp4,1280,720,25.0,383,extraversion,low
340,13600,nose,590.1,284.4,692.2,417.7,897.6,445.5,1025.3,612.1,8hW6WfYBP18.001.mp4,1280,720,25.0,383,extraversion,low
340,13600,mouth,584.2,455.9,701.7,544.0,890.2,659.8,1037.1,770.0,8hW6WfYBP18.001.mp4,1280,720,25.0,383,extraversion,low
340,13600,forehead,480.6,174.8,814.7,490.1,760.7,308.5,1178.4,702.6,8hW6WfYBP18.001.mp4,1280,720,25.0,383,extraversion,low
340,13600,chin,482.6,356.0,814.7,592.4,763.3,535.0,1178.4,830.5,8hW6WfYBP18.001.mp4,1280,720,25.0,383,extraversion,low
340,13600,left_cheek,487.2,355.2,582.5,494.0,769.0,534.1,888.1,707.5,8hW6WfYBP18.001.mp4,1280,720,25.0,383,extraversion,low
340,13600,right_cheek,697.1,345.5,799.7,487.5,1031.4,521.9,1159.7,699.3,8hW6WfYBP18.001.mp4,1280,720,25.0,383,extraversion,low
341,13640,left_eye,497.0,224.0,599.8,335.6,781.2,370.0,909.7,509.5,8hW6WfYBP18.001.mp4,1280,720,25.0,383,extraversion,low
341,13640,right_eye,666.8,214.1,781.6,330.5,993.5,357.6,1137.0,503.1,8hW6WfYBP18.001.mp4,1280,720,25.0,383,extraversion,low
341,13640,nose,589.5,289.4,692.2,427.5,896.9,451.7,1025.3,624.4,8hW6WfYBP18.001.mp4,1280,720,25.0,383,extraversion,low
341,13640,mouth,579.2,468.8,708.4,544.8,884.0,676.0,1045.4,771.0,8hW6WfYBP18.001.mp4,1280,720,25.0,383,extraversion,low
341,13640,forehead,479.5,175.0,815.1,489.8,759.3,308.8,1178.9,702.2,8hW6WfYBP18.001.mp4,1280,720,25.0,383,extraversion,low
341,13640,chin,481.7,355.8,815.1,596.8,762.2,534.7,1178.9,836.0,8hW6WfYBP18.001.mp4,1280,720,25.0,383,extraversion,low
341,13640,left_cheek,487.1,359.9,582.3,499.8,768.9,539.8,887.9,714.8,8hW6WfYBP18.001.mp4,1280,720,25.0,383,extraversion,low
341,13640,right_cheek,697.2,349.4,800.0,494.3,1031.5,526.7,1160.0,707.9,8hW6WfYBP18.001.mp4,1280,720,25.0,383,extraversion,low
342,13680,left_eye,497.0,224.9,600.2,336.2,781.2,371.2,910.3,510.2,8hW6WfYBP18.001.mp4,1280,720,25.0,383,extraversion,low
342,13680,right_eye,667.1,215.5,781.9,331.2,993.9,359.4,1137.4,504.0,8hW6WfYBP18.001.mp4,1280,720,25.0,383,extraversion,low
342,13680,nose,589.1,290.2,692.2,428.0,896.3,452.7,1025.3,625.0,8hW6WfYBP18.001.mp4,1280,720,25.0,383,extraversion,low
342,13680,mouth,578.1,469.3,710.0,543.0,882.6,676.6,1047.5,768.8,8hW6WfYBP18.001.mp4,1280,720,25.0,383,extraversion,low
342,13680,forehead,478.9,175.0,815.3,489.6,758.7,308.7,1179.1,702.0,8hW6WfYBP18.001.mp4,1280,720,25.0,383,extraversion,low
342,13680,chin,481.4,355.5,815.3,599.4,761.7,534.4,1179.1,839.2,8hW6WfYBP18.001.mp4,1280,720,25.0,383,extraversion,low
342,13680,left_cheek,487.0,360.3,582.4,500.9,768.8,540.4,888.0,716.1,8hW6WfYBP18.001.mp4,1280,720,25.0,383,extraversion,low
342,13680,right_cheek,697.2,350.0,800.1,495.4,1031.5,527.5,1160.2,709.3,8hW6WfYBP18.001.mp4,1280,720,25.0,383,extraversion,low
343,13720,left_eye,496.6,226.4,600.2,337.6,780.8,373.1,910.2,512.0,8hW6WfYBP18.001.mp4,1280,720,25.0,383,extraversion,low
343,13720,right_eye,667.2,217.5,782.5,333.6,994.0,361.9,1138.1,507.0,8hW6WfYBP18.001.mp4,1280,720,25.0,383,extraversion,low
343,13720,nose,588.0,292.5,691.6,430.2,895.0,455.7,1024.5,627.8,8hW6WfYBP18.001.mp4,1280,720,25.0,383,extraversion,low
343,13720,mouth,575.7,469.5,709.2,550.9,879.7,676.8,1046.5,778.7,8hW6WfYBP18.001.mp4,1280,720,25.0,383,extraversion,low
343,13720,forehead,478.8,175.4,815.4,487.9,758.5,309.2,1179.2,699.9,8hW6WfYBP18.001.mp4,1280,720,25.0,383,extraversion,low
343,13720,chin,481.4,355.2,815.4,600.1,761.7,534.1,1179.2,840.1,8hW6WfYBP18.001.mp4,1280,720,25.0,383,extraversion,low
343,13720,left_cheek,486.9,360.3,582.2,501.2,768.6,540.4,887.7,716.5,8hW6WfYBP18.001.mp4,1280,720,25.0,383,extraversion,low
343,13720,right_cheek,697.2,351.4,800.2,497.4,1031.4,529.3,1160.2,711.7,8hW6WfYBP18.001.mp4,1280,720,25.0,383,extraversion,low
344,13760,left_eye,496.6,227.0,600.1,338.0,780.7,373.7,910.2,512.5,8hW6WfYBP18.001.mp4,1280,720,25.0,383,extraversion,low
344,13760,right_eye,667.3,218.1,782.7,334.4,994.1,362.7,1138.3,508.0,8hW6WfYBP18.001.mp4,1280,720,25.0,383,extraversion,low
344,13760,nose,587.5,293.1,691.3,430.7,894.3,456.3,1024.1,628.4,8hW6WfYBP18.001.mp4,1280,720,25.0,383,extraversion,low
344,13760,mouth,575.0,469.4,708.7,552.4,878.8,676.7,1045.9,780.4,8hW6WfYBP18.001.mp4,1280,720,25.0,383,extraversion,low
344,13760,forehead,478.7,175.5,815.4,487.0,758.4,309.4,1179.3,698.8,8hW6WfYBP18.001.mp4,1280,720,25.0,383,extraversion,low
344,13760,chin,481.3,355.1,815.4,600.0,761.7,533.8,1179.3,840.0,8hW6WfYBP18.001.mp4,1280,720,25.0,383,extraversion,low
344,13760,left_cheek,486.8,360.2,582.0,501.2,768.5,540.3,887.5,716.5,8hW6WfYBP18.001.mp4,1280,720,25.0,383,extraversion,low
344,13760,right_cheek,697.1,351.9,800.2,497.8,1031.4,529.9,1160.3,712.3,8hW6WfYBP18.001.mp4,1280,720,25.0,383,extraversion,low
345,13800,left_eye,496.6,231.1,600.1,341.5,780.7,378.9,910.1,516.8,8hW6WfYBP18.001.mp4,1280,720,25.0,383,extraversion,low
345,13800,right_eye,667.6,222.6,782.9,337.4,994.5,368.2,1138.7,511.8,8hW6WfYBP18.001.mp4,1280,720,25.0,383,extraversion,low
345,13800,nose,586.6,297.0,691.0,434.1,893.2,461.3,1023.7,632.6,8hW6WfYBP18.001.mp4,1280,720,25.0,383,extraversion,low
345,13800,mouth,574.8,469.2,709.5,556.2,878.4,676.6,1046.9,785.3,8hW6WfYBP18.001.mp4,1280,720,25.0,383,extraversion,low
345,13800,forehead,478.8,179.2,814.9,486.6,758.5,314.0,1178.7,698.3,8hW6WfYBP18.001.mp4,1280,720,25.0,383,extraversion,low
345,13800,chin,482.4,355.6,814.9,600.8,763.0,534.5,1178.7,841.0,8hW6WfYBP18.001.mp4,1280,720,25.0,383,extraversion,low
345,13800,left_cheek,486.9,361.5,582.0,502.0,768.6,541.8,887.5,717.5,8hW6WfYBP18.001.mp4,1280,720,25.0,383,extraversion,low
345,13800,right_cheek,697.0,354.2,800.2,499.0,1031.3,532.7,1160.2,713.7,8hW6WfYBP18.001.mp4,1280,720,25.0,383,extraversion,low
346,13840,left_eye,496.2,232.2,599.9,341.1,780.3,380.3,909.9,516.3,8hW6WfYBP18.001.mp4,1280,720,25.0,383,extraversion,low
346,13840,right_eye,667.6,224.3,782.9,337.7,994.5,370.4,1138.6,512.1,8hW6WfYBP18.001.mp4,1280,720,25.0,383,extraversion,low
346,13840,nose,585.6,297.3,690.6,433.3,892.0,461.7,1023.2,631.6,8hW6WfYBP18.001.mp4,1280,720,25.0,383,extraversion,low
346,13840,mouth,574.0,468.3,709.5,555.7,877.5,675.4,1046.9,784.6,8hW6WfYBP18.001.mp4,1280,720,25.0,383,extraversion,low
346,13840,forehead,478.7,179.8,814.2,486.1,758.4,314.8,1177.7,697.7,8hW6WfYBP18.001.mp4,1280,720,25.0,383,extraversion,low
346,13840,chin,482.4,355.8,814.2,601.2,763.0,534.7,1177.7,841.4,8hW6WfYBP18.001.mp4,1280,720,25.0,383,extraversion,low
346,13840,left_cheek,486.9,361.4,581.6,501.6,768.6,541.8,887.0,717.1,8hW6WfYBP18.001.mp4,1280,720,25.0,383,extraversion,low
346,13840,right_cheek,696.8,354.5,799.8,498.8,1030.9,533.1,1159.8,713.6,8hW6WfYBP18.001.mp4,1280,720,25.0,383,extraversion,low
347,13880,left_eye,495.2,236.6,599.0,344.1,779.0,385.7,908.8,520.2,8hW6WfYBP18.001.mp4,1280,720,25.0,383,extraversion,low
347,13880,right_eye,667.0,226.5,782.8,339.4,993.8,373.1,1138.5,514.3,8hW6WfYBP18.001.mp4,1280,720,25.0,383,extraversion,low
347,13880,nose,584.7,300.1,689.9,436.1,890.9,465.2,1022.3,635.2,8hW6WfYBP18.001.mp4,1280,720,25.0,383,extraversion,low
347,13880,mouth,572.9,470.1,712.1,558.1,876.1,677.6,1050.2,787.7,8hW6WfYBP18.001.mp4,1280,720,25.0,383,extraversion,low
347,13880,forehead,477.9,181.7,814.2,486.6,757.4,317.1,1177.7,698.3,8hW6WfYBP18.001.mp4,1280,720,25.0,383,extraversion,low
347,13880,chin,482.4,355.9,814.2,602.6,763.0,534.8,1177.7,843.3,8hW6WfYBP18.001.mp4,1280,720,25.0,383,extraversion,low
347,13880,left_cheek,486.6,363.8,581.1,503.4,768.3,544.8,886.3,719.2,8hW6WfYBP18.001.mp4,1280,720,25.0,383,extraversion,low
347,13880,right_cheek,696.3,354.9,799.6,499.2,1030.4,533.7,1159.5,714.0,8hW6WfYBP18.001.mp4,1280,720,25.0,383,extraversion,low
348,13920,left_eye,494.9,237.6,598.8,344.3,778.6,387.0,908.5,520.4,8hW6WfYBP18.001.mp4,1280,720,25.0,383,extraversion,low
348,13920,right_eye,666.7,228.0,782.8,339.9,993.4,375.0,1138.5,514.8,8hW6WfYBP18.001.mp4,1280,720,25.0,383,extraversion,low
348,13920,nose,583.7,301.2,689.6,436.9,889.7,466.6,1022.0,636.1,8hW6WfYBP18.001.mp4,1280,720,25.0,383,extraversion,low
348,13920,mouth,571.0,470.4,713.2,557.7,873.8,678.0,1051.5,787.2,8hW6WfYBP18.001.mp4,1280,720,25.0,383,extraversion,low
348,13920,forehead,477.8,183.0,814.1,486.7,757.3,318.8,1177.6,698.4,8hW6WfYBP18.001.mp4,1280,720,25.0,383,extraversion,low
348,13920,chin,482.3,355.9,814.1,603.8,762.9,534.9,1177.6,844.8,8hW6WfYBP18.001.mp4,1280,720,25.0,383,extraversion,low
348,13920,left_cheek,486.5,364.0,580.5,503.6,768.1,545.0,885.7,719.5,8hW6WfYBP18.001.mp4,1280,720,25.0,383,extraversion,low
348,13920,right_cheek,696.2,355.3,799.5,499.6,1030.2,534.1,1159.4,714.4,8hW6WfYBP18.001.mp4,1280,720,25.0,383,extraversion,low
349,13960,left_eye,494.6,239.6,598.7,345.8,778.3,389.5,908.4,522.3,8hW6WfYBP18.001.mp4,1280,720,25.0,383,extraversion,low
349,13960,right_eye,666.6,229.7,782.7,341.0,993.3,377.1,1138.4,516.2,8hW6WfYBP18.001.mp4,1280,720,25.0,383,extraversion,low
349,13960,nose,583.7,303.0,689.6,439.2,889.6,468.8,1022.0,639.0,8hW6WfYBP18.001.mp4,1280,720,25.0,383,extraversion,low
349,13960,mouth,570.5,472.5,714.3,560.0,873.2,680.6,1052.8,789.9,8hW6WfYBP18.001.mp4,1280,720,25.0,383,extraversion,low
349,13960,forehead,477.5,184.2,814.3,489.5,756.9,320.3,1177.9,701.8,8hW6WfYBP18.001.mp4,1280,720,25.0,383,extraversion,low
349,13960,chin,482.3,357.7,814.3,608.0,762.9,537.2,1177.9,850.0,8hW6WfYBP18.001.mp4,1280,720,25.0,383,extraversion,low
349,13960,left_cheek,486.5,365.9,580.4,505.8,768.1,547.4,885.5,722.3,8hW6WfYBP18.001.mp4,1280,720,25.0,383,extraversion,low
349,13960,right_cheek,696.1,356.8,799.5,501.6,1030.2,536.1,1159.4,717.0,8hW6WfYBP18.001.mp4,1280,720,25.0,383,extraversion,low
350,14000,left_eye,494.7,239.6,598.9,346.0,778.3,389.5,908.6,522.5,8hW6WfYBP18.001.mp4,1280,720,25.0,383,extraversion,low
350,14000,right_eye,666.8,230.6,783.3,341.3,993.5,378.2,1139.2,516.7,8hW6WfYBP18.001.mp4,1280,720,25.0,383,extraversion,low
350,14000,nose,583.9,303.4,690.6,439.5,889.8,469.3,1023.3,639.4,8hW6WfYBP18.001.mp4,1280,720,25.0,383,extraversion,low
350,14000,mouth,571.0,473.0,717.1,562.4,873.7,681.3,1056.4,793.0,8hW6WfYBP18.001.mp4,1280,720,25.0,383,extraversion,low
350,14000,forehead,477.8,184.7,814.9,489.9,757.2,320.9,1178.6,702.4,8hW6WfYBP18.001.mp4,1280,720,25.0,383,extraversion,low
350,14000,chin,482.4,358.2,814.9,609.8,763.0,537.7,1178.6,852.2,8hW6WfYBP18.001.mp4,1280,720,25.0,383,extraversion,low
350,14000,left_cheek,486.5,366.3,580.5,506.2,768.1,547.8,885.7,722.7,8hW6WfYBP18.001.mp4,1280,720,25.0,383,extraversion,low
350,14000,right_cheek,696.9,357.3,800.3,502.1,1031.1,536.6,1160.4,717.6,8hW6WfYBP18.001.mp4,1280,720,25.0,383,extraversion,low
351,14040,left_eye,494.6,240.5,598.9,346.9,778.3,390.6,908.6,523.7,8hW6WfYBP18.001.mp4,1280,720,25.0,383,extraversion,low
351,14040,right_eye,666.9,231.2,783.9,342.4,993.6,379.0,1139.9,518.0,8hW6WfYBP18.001.mp4,1280,720,25.0,383,extraversion,low
351,14040,nose,583.9,303.9,691.0,440.1,889.9,469.9,1023.8,640.1,8hW6WfYBP18.001.mp4,1280,720,25.0,383,extraversion,low
351,14040,mouth,571.1,473.0,716.4,563.6,873.9,681.3,1055.5,794.6,8hW6WfYBP18.001.mp4,1280,720,25.0,383,extraversion,low
351,14040,forehead,477.8,185.5,815.5,490.2,757.2,321.9,1179.3,702.7,8hW6WfYBP18.001.mp4,1280,720,25.0,383,extraversion,low
351,14040,chin,482.4,358.9,815.5,610.1,762.9,538.6,1179.3,852.6,8hW6WfYBP18.001.mp4,1280,720,25.0,383,extraversion,low
351,14040,left_cheek,486.5,366.6,580.5,506.5,768.1,548.3,885.7,723.2,8hW6WfYBP18.001.mp4,1280,720,25.0,383,extraversion,low
351,14040,right_cheek,697.1,358.1,800.8,502.9,1031.4,537.7,1161.0,718.6,8hW6WfYBP18.001.mp4,1280,720,25.0,383,extraversion,low
352,14080,left_eye,494.8,240.6,599.3,347.2,778.5,390.8,909.1,524.0,8hW6WfYBP18.001.mp4,1280,720,25.0,383,extraversion,low
352,14080,right_eye,667.4,231.6,784.7,342.8,994.2,379.5,1140.9,518.5,8hW6WfYBP18.001.mp4,1280,720,25.0,383,extraversion,low
352,14080,nose,584.4,304.3,691.9,440.4,890.5,470.3,1024.9,640.5,8hW6WfYBP18.001.mp4,1280,720,25.0,383,extraversion,low
352,14080,mouth,571.2,473.2,716.7,563.6,874.0,681.5,1055.9,794.5,8hW6WfYBP18.001.mp4,1280,720,25.0,383,extraversion,low
352,14080,forehead,478.1,185.8,816.1,490.5,757.6,322.3,1180.1,703.1,8hW6WfYBP18.001.mp4,1280,720,25.0,383,extraversion,low
352,14080,chin,482.7,359.4,816.1,610.4,763.3,539.3,1180.1,853.0,8hW6WfYBP18.001.mp4,1280,720,25.0,383,extraversion,low
352,14080,left_cheek,486.7,366.8,580.8,506.7,768.4,548.6,886.1,723.4,8hW6WfYBP18.001.mp4,1280,720,25.0,383,extraversion,low
352,14080,right_cheek,697.8,358.6,801.6,503.4,1032.2,538.3,1162.0,719.3,8hW6WfYBP18.001.mp4,1280,720,25.0,383,extraversion,low
353,14120,left_eye,494.8,241.1,599.3,347.6,778.5,391.3,909.2,524.5,8hW6WfYBP18.001.mp4,1280,720,25.0,383,extraversion,low
353,14120,right_eye,667.5,232.2,785.0,343.2,994.4,380.2,1141.2,519.0,8hW6WfYBP18.001.mp4,1280,720,25.0,383,extraversion,low
353,14120,nose,584.4,304.5,691.9,440.1,890.6,470.7,1024.8,640.1,8hW6WfYBP18.001.mp4,1280,720,25.0,383,extraversion,low
353,14120,mouth,572.2,472.9,716.1,562.5,875.2,681.1,1055.1,793.1,8hW6WfYBP18.001.mp4,1280,720,25.0,383,extraversion,low
353,14120,forehead,478.1,186.3,816.7,489.9,757.6,322.8,1180.9,702.4,8hW6WfYBP18.001.mp4,1280,720,25.0,383,extraversion,low
353,14120,chin,482.6,359.4,816.7,609.8,763.2,539.2,1180.9,852.3,8hW6WfYBP18.001.mp4,1280,720,25.0,383,extraversion,low
353,14120,left_cheek,486.7,366.7,580.9,506.5,768.3,548.4,886.1,723.1,8hW6WfYBP18.001.mp4,1280,720,25.0,383,extraversion,low
353,14120,right_cheek,697.8,358.5,802.2,503.2,1032.2,538.1,1162.7,718.9,8hW6WfYBP18.001.mp4,1280,720,25.0,383,extraversion,low
354,14160,left_eye,494.9,241.4,599.4,347.6,778.6,391.7,909.3,524.5,8hW6WfYBP18.001.mp4,1280,720,25.0,383,extraversion,low
354,14160,right_eye,667.6,232.2,785.1,343.4,994.5,380.3,1141.4,519.2,8hW6WfYBP18.001.mp4,1280,720,25.0,383,extraversion,low
354,14160,nose,584.6,304.8,691.8,440.3,890.7,470.9,1024.7,640.4,8hW6WfYBP18.001.mp4,1280,720,25.0,383,extraversion,low
354,14160,mouth,573.1,472.6,714.0,561.7,876.3,680.7,1052.5,792.1,8hW6WfYBP18.001.mp4,1280,720,25.0,383,extraversion,low
354,14160,forehead,478.1,186.3,816.8,490.0,757.6,322.9,1181.0,702.5,8hW6WfYBP18.001.mp4,1280,720,25.0,383,extraversion,low
354,14160,chin,482.6,359.6,816.8,609.7,763.2,539.5,1181.0,852.1,8hW6WfYBP18.001.mp4,1280,720,25.0,383,extraversion,low
354,14160,left_cheek,486.7,366.7,581.0,506.5,768.3,548.4,886.3,723.1,8hW6WfYBP18.001.mp4,1280,720,25.0,383,extraversion,low
354,14160,right_cheek,697.8,358.8,802.3,503.5,1032.2,538.4,1162.8,719.4,8hW6WfYBP18.001.mp4,1280,720,25.0,383,extraversion,low
355,14200,left_eye,494.9,241.9,599.4,347.7,778.6,392.4,909.3,524.6,8hW6WfYBP18.001.mp4,1280,720,25.0,383,extraversion,low
355,14200,right_eye,667.5,232.7,785.1,343.5,994.4,380.9,1141.4,519.4,8hW6WfYBP18.001.mp4,1280,720,25.0,383,extraversion,low
355,14200,nose,584.6,305.0,691.8,440.2,890.7,471.2,1024.7,640.3,8hW6WfYBP18.001.mp4,1280,720,25.0,383,extraversion,low
355,14200,mouth,574.1,472.4,713.8,561.2,877.6,680.5,1052.3,791.6,8hW6WfYBP18.001.mp4,1280,720,25.0,383,extraversion,low
355,14200,forehead,478.0,186.8,817.0,489.5,757.5,323.4,1181.2,701.9,8hW6WfYBP18.001.mp4,1280,720,25.0,383,extraversion,low
355,14200,chin,482.4,359.3,817.0,609.3,763.0,539.1,1181.2,851.7,8hW6WfYBP18.001.mp4,1280,720,25.0,383,extraversion,low
355,14200,left_cheek,486.6,366.6,581.0,506.3,768.2,548.3,886.3,722.9,8hW6WfYBP18.001.mp4,1280,720,25.0,383,extraversion,low
355,14200,right_cheek,697.7,358.6,802.4,503.3,1032.2,538.2,1163.0,719.1,8hW6WfYBP18.001.mp4,1280,720,25.0,383,extraversion,low
356,14240,left_eye,494.9,242.4,599.4,347.7,778.6,393.1,909.3,524.7,8hW6WfYBP18.001.mp4,1280,720,25.0,383,extraversion,low
356,14240,right_eye,667.4,233.2,785.1,343.7,994.3,381.5,1141.4,519.6,8hW6WfYBP18.001.mp4,1280,720,25.0,383,extraversion,low
356,14240,nose,584.5,305.2,691.7,440.3,890.7,471.5,1024.6,640.4,8hW6WfYBP18.001.mp4,1280,720,25.0,383,extraversion,low
356,14240,mouth,574.5,472.3,713.4,561.1,878.1,680.3,1051.7,791.3,8hW6WfYBP18.001.mp4,1280,720,25.0,383,extraversion,low
356,14240,forehead,478.0,187.0,817.3,489.3,757.5,323.8,1181.6,701.7,8hW6WfYBP18.001.mp4,1280,720,25.0,383,extraversion,low
356,14240,chin,482.4,359.3,817.3,609.1,763.0,539.1,1181.6,851.4,8hW6WfYBP18.001.mp4,1280,720,25.0,383,extraversion,low
356,14240,left_cheek,486.6,366.6,581.0,506.2,768.2,548.2,886.3,722.8,8hW6WfYBP18.001.mp4,1280,720,25.0,383,extraversion,low
356,14240,right_cheek,697.7,358.5,802.5,503.2,1032.1,538.2,1163.1,719.0,8hW6WfYBP18.001.mp4,1280,720,25.0,383,extraversion,low
357,14280,left_eye,495.3,242.5,599.6,347.7,779.1,393.2,909.4,524.6,8hW6WfYBP18.001.mp4,1280,720,25.0,383,extraversion,low
357,14280,right_eye,667.5,233.4,785.3,343.6,994.4,381.7,1141.6,519.6,8hW6WfYBP18.001.mp4,1280,720,25.0,383,extraversion,low
357,14280,nose,584.6,305.3,691.9,440.2,890.7,471.6,1024.8,640.3,8hW6WfYBP18.001.mp4,1280,720,25.0,383,extraversion,low
357,14280,mouth,574.9,473.6,713.6,560.8,878.6,682.0,1051.9,791.0,8hW6WfYBP18.001.mp4,1280,720,25.0,383,extraversion,low
357,14280,forehead,478.4,187.1,817.9,488.7,758.0,323.8,1182.4,700.8,8hW6WfYBP18.001.mp4,1280,720,25.0,383,extraversion,low
357,14280,chin,482.6,358.6,817.9,609.0,763.2,538.3,1182.4,851.2,8hW6WfYBP18.001.mp4,1280,720,25.0,383,extraversion,low
357,14280,left_cheek,486.6,366.5,581.1,506.2,768.3,548.2,886.4,722.7,8hW6WfYBP18.001.mp4,1280,720,25.0,383,extraversion,low
357,14280,right_cheek,697.9,358.5,803.0,503.1,1032.4,538.1,1163.8,718.9,8hW6WfYBP18.001.mp4,1280,720,25.0,383,extraversion,low
358,14320,left_eye,495.4,242.9,599.7,347.3,779.2,393.6,909.6,524.1,8hW6WfYBP18.001.mp4,1280,720,25.0,383,extraversion,low
358,14320,right_eye,667.4,233.5,785.3,343.5,994.3,381.8,1141.6,519.3,8hW6WfYBP18.001.mp4,1280,720,25.0,383,extraversion,low
358,14320,nose,584.1,305.1,691.8,440.1,890.2,471.4,1024.8,640.1,8hW6WfYBP18.001.mp4,1280,720,25.0,383,extraversion,low
358,14320,mouth,573.6,474.5,716.2,561.0,877.0,683.2,1055.3,791.3,8hW6WfYBP18.001.mp4,1280,720,25.0,383,extraversion,low
358,14320,forehead,478.6,187.0,817.9,488.7,758.2,323.7,1182.3,700.8,8hW6WfYBP18.001.mp4,1280,720,25.0,383,extraversion,low
358,14320,chin,482.6,358.6,817.9,609.6,763.2,538.3,1182.3,852.0,8hW6WfYBP18.001.mp4,1280,720,25.0,383,extraversion,low
358,14320,left_cheek,486.6,366.4,580.9,506.0,768.2,548.0,886.1,722.5,8hW6WfYBP18.001.mp4,1280,720,25.0,383,extraversion,low
358,14320,right_cheek,698.0,358.4,803.0,503.0,1032.5,538.0,1163.7,718.8,8hW6WfYBP18.001.mp4,1280,720,25.0,383,extraversion,low
359,14360,left_eye,495.6,242.7,600.0,347.2,779.5,393.4,910.0,524.0,8hW6WfYBP18.001.mp4,1280,720,25.0,383,extraversion,low
359,14360,right_eye,667.7,233.4,785.8,343.4,994.6,381.8,1142.2,519.3,8hW6WfYBP18.001.mp4,1280,720,25.0,383,extraversion,low
359,14360,nose,584.1,305.0,692.6,439.8,890.1,471.3,1025.7,639.7,8hW6WfYBP18.001.mp4,1280,720,25.0,383,extraversion,low
359,14360,mouth,573.5,474.6,718.2,561.4,876.9,683.2,1057.7,791.8,8hW6WfYBP18.001.mp4,1280,720,25.0,383,extraversion,low
359,14360,forehead,479.1,186.9,818.5,488.1,758.8,323.6,1183.2,700.2,8hW6WfYBP18.001.mp4,1280,720,25.0,383,extraversion,low
359,14360,chin,482.8,358.6,818.5,609.3,763.6,538.2,1183.2,851.6,8hW6WfYBP18.001.mp4,1280,720,25.0,383,extraversion,low
359,14360,left_cheek,486.6,366.0,580.9,505.3,768.3,547.5,886.1,721.7,8hW6WfYBP18.001.mp4,1280,720,25.0,383,extraversion,low
359,14360,right_cheek,698.8,358.4,803.6,502.6,1033.5,538.0,1164.5,718.3,8hW6WfYBP18.001.mp4,1280,720,25.0,383,extraversion,low
360,14400,left_eye,495.6,243.1,600.0,346.4,779.5,393.9,910.0,523.0,8hW6WfYBP18.001.mp4,1280,720,25.0,383,extraversion,low
360,14400,right_eye,667.7,233.9,785.8,342.6,994.6,382.4,1142.3,518.3,8hW6WfYBP18.001.mp4,1280,720,25.0,383,extraversion,low
360,14400,nose,583.6,304.9,692.6,438.8,889.5,471.1,1025.7,638.5,8hW6WfYBP18.001.mp4,1280,720,25.0,383,extraversion,low
360,14400,mouth,571.9,474.3,718.4,561.4,874.9,682.9,1058.0,791.7,8hW6WfYBP18.001.mp4,1280,720,25.0,383,extraversion,low
360,14400,forehead,479.3,186.8,818.6,487.8,759.1,323.6,1183.2,699.8,8hW6WfYBP18.001.mp4,1280,720,25.0,383,extraversion,low
360,14400,chin,483.0,358.5,818.6,609.2,763.7,538.1,1183.2,851.5,8hW6WfYBP18.001.mp4,1280,720,25.0,383,extraversion,low
360,14400,left_cheek,486.6,365.5,580.7,504.4,768.3,546.8,885.8,720.5,8hW6WfYBP18.001.mp4,1280,720,25.0,383,extraversion,low
360,14400,right_cheek,698.8,358.1,803.6,501.7,1033.5,537.7,1164.5,717.1,8hW6WfYBP18.001.mp4,1280,720,25.0,383,extraversion,low
361,14440,left_eye,495.9,243.2,600.3,346.0,779.9,394.0,910.3,522.4,8hW6WfYBP18.001.mp4,1280,720,25.0,383,extraversion,low
361,14440,right_eye,667.8,234.1,786.1,342.2,994.7,382.7,1142.6,517.8,8hW6WfYBP18.001.mp4,1280,720,25.0,383,extraversion,low
361,14440,nose,583.5,304.8,692.8,438.4,889.4,471.0,1026.1,637.9,8hW6WfYBP18.001.mp4,1280,720,25.0,383,extraversion,low
361,14440,mouth,571.8,474.3,719.3,561.4,874.7,682.9,1059.1,791.7,8hW6WfYBP18.001.mp4,1280,720,25.0,383,extraversion,low
361,14440,forehead,479.7,186.8,818.7,487.6,759.6,323.5,1183.4,699.5,8hW6WfYBP18.001.mp4,1280,720,25.0,383,extraversion,low
361,14440,chin,483.3,358.5,818.7,609.0,764.1,538.1,1183.4,851.2,8hW6WfYBP18.001.mp4,1280,720,25.0,383,extraversion,low
361,14440,left_cheek,486.8,365.1,580.7,503.8,768.5,546.4,885.8,719.8,8hW6WfYBP18.001.mp4,1280,720,25.0,383,extraversion,low
361,14440,right_cheek,699.1,358.0,803.8,501.1,1033.9,537.5,1164.8,716.4,8hW6WfYBP18.001.mp4,1280,720,25.0,383,extraversion,low
362,14480,left_eye,495.8,245.9,600.2,345.5,779.8,397.4,910.3,521.9,8hW6WfYBP18.001.mp4,1280,720,25.0,383,extraversion,low
362,14480,right_eye,667.6,237.2,786.1,341.7,994.5,386.6,1142.6,517.1,8hW6WfYBP18.001.mp4,1280,720,25.0,383,extraversion,low
362,14480,nose,582.8,304.8,693.1,437.2,888.6,471.0,1026.4,636.5,8hW6WfYBP18.001.mp4,1280,720,25.0,383,extraversion,low
362,14480,mouth,570.0,473.6,719.4,559.7,872.5,682.1,1059.3,789.7,8hW6WfYBP18.001.mp4,1280,720,25.0,383,extraversion,low
362,14480,forehead,479.8,187.1,818.4,487.2,759.7,323.9,1183.0,699.0,8hW6WfYBP18.001.mp4,1280,720,25.0,383,extraversion,low
362,14480,chin,483.4,358.5,818.4,606.8,764.3,538.1,1183.0,848.5,8hW6WfYBP18.001.mp4,1280,720,25.0,383,extraversion,low
362,14480,left_cheek,486.8,365.0,580.5,503.0,768.6,546.3,885.7,718.7,8hW6WfYBP18.001.mp4,1280,720,25.0,383,extraversion,low
362,14480,right_cheek,699.1,357.9,803.8,499.8,1033.9,537.4,1164.7,714.8,8hW6WfYBP18.001.mp4,1280,720,25.0,383,extraversion,low
363,14520,left_eye,495.8,246.7,600.2,345.1,779.7,398.4,910.3,521.4,8hW6WfYBP18.001.mp4,1280,720,25.0,383,extraversion,low
363,14520,right_eye,667.6,238.5,786.1,341.6,994.5,388.1,1142.6,517.0,8hW6WfYBP18.001.mp4,1280,720,25.0,383,extraversion,low
363,14520,nose,582.6,304.8,693.1,436.7,888.3,471.0,1026.3,635.9,8hW6WfYBP18.001.mp4,1280,720,25.0,383,extraversion,low
363,14520,mouth,569.2,473.5,719.6,557.8,871.5,681.9,1059.6,787.2,8hW6WfYBP18.001.mp4,1280,720,25.0,383,extraversion,low
363,14520,forehead,479.9,187.4,817.6,486.5,759.8,324.3,1182.0,698.1,8hW6WfYBP18.001.mp4,1280,720,25.0,383,extraversion,low
363,14520,chin,483.4,358.4,817.6,602.4,764.3,538.1,1182.0,843.0,8hW6WfYBP18.001.mp4,1280,720,25.0,383,extraversion,low
363,14520,left_cheek,486.9,364.8,580.5,501.9,768.6,546.0,885.6,717.4,8hW6WfYBP18.001.mp4,1280,720,25.0,383,extraversion,low
363,14520,right_cheek,699.1,357.9,803.4,498.8,1033.8,537.3,1164.2,713.5,8hW6WfYBP18.001.mp4,1280,720,25.0,383,extraversion,low
364,14560,left_eye,495.8,247.4,600.2,345.0,779.8,399.3,910.3,521.3,8hW6WfYBP18.001.mp4,1280,720,25.0,383,extraversion,low
364,14560,right_eye,667.5,238.5,785.8,341.6,994.4,388.1,1142.2,517.0,8hW6WfYBP18.001.mp4,1280,720,25.0,383,extraversion,low
364,14560,nose,582.6,304.9,692.8,436.7,888.3,471.1,1026.0,635.9,8hW6WfYBP18.001.mp4,1280,720,25.0,383,extraversion,low
364,14560,mouth,569.4,473.3,719.8,556.8,871.7,681.7,1059.8,786.0,8hW6WfYBP18.001.mp4,1280,720,25.0,383,extraversion,low
364,14560,forehead,480.0,187.5,816.6,486.5,760.0,324.4,1180.8,698.1,8hW6WfYBP18.001.mp4,1280,720,25.0,383,extraversion,low
364,14560,chin,483.6,358.5,816.6,601.0,764.5,538.1,1180.8,841.3,8hW6WfYBP18.001.mp4,1280,720,25.0,383,extraversion,low
364,14560,left_cheek,487.1,364.8,580.5,501.5,768.9,546.0,885.6,716.9,8hW6WfYBP18.001.mp4,1280,720,25.0,383,extraversion,low
364,14560,right_cheek,698.8,357.9,802.5,498.3,1033.5,537.3,1163.2,712.8,8hW6WfYBP18.001.mp4,1280,720,25.0,383,extraversion,low
365,14600,left_eye,495.8,248.5,600.2,345.0,779.8,400.6,910.3,521.3,8hW6WfYBP18.001.mp4,1280,720,25.0,383,extraversion,low
365,14600,right_eye,667.5,239.1,785.6,341.7,994.3,388.9,1142.0,517.1,8hW6WfYBP18.001.mp4,1280,720,25.0,383,extraversion,low
365,14600,nose,582.7,305.3,692.7,437.0,888.3,471.7,1025.9,636.2,8hW6WfYBP18.001.mp4,1280,720,25.0,383,extraversion,low
365,14600,mouth,569.2,473.3,719.9,556.8,871.5,681.6,1059.9,786.0,8hW6WfYBP18.001.mp4,1280,720,25.0,383,extraversion,low
365,14600,forehead,480.1,188.0,816.1,487.1,760.1,325.0,1180.2,698.8,8hW6WfYBP18.001.mp4,1280,720,25.0,383,extraversion,low
365,14600,chin,483.7,359.0,816.1,601.3,764.6,538.7,1180.2,841.6,8hW6WfYBP18.001.mp4,1280,720,25.0,383,extraversion,low
365,14600,left_cheek,487.2,365.1,580.5,501.6,769.1,546.3,885.7,716.9,8hW6WfYBP18.001.mp4,1280,720,25.0,383,extraversion,low
365,14600,right_cheek,698.7,357.9,802.1,498.3,1033.3,537.4,1162.6,712.9,8hW6WfYBP18.001.mp4,1280,720,25.0,383,extraversion,low
366,14640,left_eye,495.9,254.1,600.3,346.6,779.8,407.6,910.4,523.3,8hW6WfYBP18.001.mp4,1280,720,25.0,383,extraversion,low
366,14640,right_eye,669.3,246.2,788.1,346.2,996.6,397.8,1145.2,522.7,8hW6WfYBP18.001.mp4,1280,720,25.0,383,extraversion,low
366,14640,nose,581.9,313.3,691.7,437.1,887.4,481.6,1024.6,636.4,8hW6WfYBP18.001.mp4,1280,720,25.0,383,extraversion,low
366,14640,mouth,565.3,474.1,720.6,531.8,866.6,682.7,1060.7,754.8,8hW6WfYBP18.001.mp4,1280,720,25.0,383,extraversion,low
366,14640,forehead,480.8,193.0,820.7,497.3,760.9,331.3,1185.9,711.6,8hW6WfYBP18.001.mp4,1280,720,25.0,383,extraversion,low
366,14640,chin,483.6,371.7,820.7,602.0,764.5,554.7,1185.9,842.6,8hW6WfYBP18.001.mp4,1280,720,25.0,383,extraversion,low
366,14640,left_cheek,487.3,367.8,580.5,503.6,769.1,549.8,885.7,719.5,8hW6WfYBP18.001.mp4,1280,720,25.0,383,extraversion,low
366,14640,right_cheek,698.2,364.7,802.7,503.4,1032.7,545.9,1163.4,719.3,8hW6WfYBP18.001.mp4,1280,720,25.0,383,extraversion,low
367,14680,left_eye,496.4,254.4,601.6,347.9,780.5,408.0,912.0,524.8,8hW6WfYBP18.001.mp4,1280,720,25.0,383,extraversion,low
367,14680,right_eye,670.1,247.5,790.0,347.4,997.7,399.3,1147.5,524.2,8hW6WfYBP18.001.mp4,1280,720,25.0,383,extraversion,low
367,14680,nose,581.9,312.0,691.3,438.8,887.4,480.0,1024.1,638.5,8hW6WfYBP18.001.mp4,1280,720,25.0,383,extraversion,low
367,14680,mouth,563.2,474.3,720.5,528.9,864.0,682.9,1060.6,751.1,8hW6WfYBP18.001.mp4,1280,720,25.0,383,extraversion,low
367,14680,forehead,481.7,193.5,822.5,497.1,762.1,331.9,1188.1,711.4,8hW6WfYBP18.001.mp4,1280,720,25.0,383,extraversion,low
367,14680,chin,483.7,373.7,822.5,602.3,764.6,557.1,1188.1,842.9,8hW6WfYBP18.001.mp4,1280,720,25.0,383,extraversion,low
367,14680,left_cheek,487.0,368.1,580.5,504.0,768.7,550.2,885.7,720.0,8hW6WfYBP18.001.mp4,1280,720,25.0,383,extraversion,low
367,14680,right_cheek,698.2,366.6,804.5,505.2,1032.7,548.2,1165.6,721.6,8hW6WfYBP18.001.mp4,1280,720,25.0,383,extraversion,low
368,14720,left_eye,497.7,246.1,602.5,347.3,782.2,397.7,913.2,524.1,8hW6WfYBP18.001.mp4,1280,720,25.0,383,extraversion,low
368,14720,right_eye,670.0,244.9,790.6,342.6,997.5,396.1,1148.3,518.2,8hW6WfYBP18.001.mp4,1280,720,25.0,383,extraversion,low
368,14720,nose,579.1,301.1,689.8,426.8,883.9,466.4,1022.2,623.5,8hW6WfYBP18.001.mp4,1280,720,25.0,383,extraversion,low
368,14720,mouth,553.7,454.4,720.4,521.7,852.1,658.0,1060.5,742.1,8hW6WfYBP18.001.mp4,1280,720,25.0,383,extraversion,low
368,14720,forehead,484.9,187.0,823.4,495.2,766.2,323.7,1189.2,708.9,8hW6WfYBP18.001.mp4,1280,720,25.0,383,extraversion,low
368,14720,chin,485.6,371.9,823.4,593.8,767.0,554.9,1189.2,832.3,8hW6WfYBP18.001.mp4,1280,720,25.0,383,extraversion,low
368,14720,left_cheek,486.8,357.5,579.1,492.7,768.5,536.9,883.9,705.8,8hW6WfYBP18.001.mp4,1280,720,25.0,383,extraversion,low
368,14720,right_cheek,697.4,362.3,804.6,500.3,1031.7,542.9,1165.8,715.4,8hW6WfYBP18.001.mp4,1280,720,25.0,383,extraversion,low
369,14760,left_eye,498.4,244.4,603.4,344.0,783.0,395.5,914.2,520.0,8hW6WfYBP18.001.mp4,1280,720,25.0,383,extraversion,low
369,14760,right_eye,670.3,242.1,791.8,341.6,997.9,392.7,1149.7,516.9,8hW6WfYBP18.001.mp4,1280,720,25.0,383,extraversion,low
369,14760,nose,578.9,298.2,689.2,424.6,883.6,462.8,1021.6,620.8,8hW6WfYBP18.001.mp4,1280,720,25.0,383,extraversion,low
369,14760,mouth,554.8,451.3,719.8,519.8,853.5,654.2,1059.8,739.8,8hW6WfYBP18.001.mp4,1280,720,25.0,383,extraversion,low
369,14760,forehead,485.2,183.8,824.0,494.2,766.4,319.8,1189.9,707.8,8hW6WfYBP18.001.mp4,1280,720,25.0,383,extraversion,low
369,14760,chin,485.8,369.1,824.0,590.6,767.3,551.3,1189.9,828.3,8hW6WfYBP18.001.mp4,1280,720,25.0,383,extraversion,low
369,14760,left_cheek,486.3,355.1,578.7,490.5,767.9,533.9,883.4,703.1,8hW6WfYBP18.001.mp4,1280,720,25.0,383,extraversion,low
369,14760,right_cheek,697.3,360.3,805.6,498.7,1031.6,540.4,1166.9,713.3,8hW6WfYBP18.001.mp4,1280,720,25.0,383,extraversion,low
370,14800,left_eye,500.0,239.3,603.4,331.2,784.9,389.1,914.2,504.0,8hW6WfYBP18.001.mp4,1280,720,25.0,383,extraversion,low
370,14800,right_eye,670.2,236.1,791.5,333.8,997.7,385.1,1149.4,507.3,8hW6WfYBP18.001.mp4,1280,720,25.0,383,extraversion,low
370,14800,nose,575.9,293.3,688.5,417.5,879.8,456.6,1020.7,611.8,8hW6WfYBP18.001.mp4,1280,720,25.0,383,extraversion,low
370,14800,mouth,553.0,443.1,719.7,512.8,851.2,643.9,1059.6,731.0,8hW6WfYBP18.001.mp4,1280,720,25.0,383,extraversion,low
370,14800,forehead,486.9,181.8,824.5,494.3,768.7,317.3,1190.6,707.8,8hW6WfYBP18.001.mp4,1280,720,25.0,383,extraversion,low
370,14800,chin,487.7,368.7,824.5,586.7,769.7,550.9,1190.6,823.4,8hW6WfYBP18.001.mp4,1280,720,25.0,383,extraversion,low
370,14800,left_cheek,486.4,352.4,577.4,485.9,768.0,530.5,881.8,697.4,8hW6WfYBP18.001.mp4,1280,720,25.0,383,extraversion,low
370,14800,right_cheek,697.0,356.6,805.8,495.0,1031.2,535.7,1167.3,708.7,8hW6WfYBP18.001.mp4,1280,720,25.0,383,extraversion,low
371,14840,left_eye,502.0,238.8,603.3,331.9,787.5,388.5,914.1,504.9,8hW6WfYBP18.001.mp4,1280,720,25.0,383,extraversion,low
371,14840,right_eye,668.8,235.6,791.3,334.2,996.0,384.5,1149.1,507.8,8hW6WfYBP18.001.mp4,1280,720,25.0,383,extraversion,low
371,14840,nose,573.4,292.7,684.8,417.2,876.7,455.9,1016.0,611.5,8hW6WfYBP18.001.mp4,1280,720,25.0,383,extraversion,low
371,14840,mouth,551.6,443.5,719.0,512.2,849.6,644.4,1058.8,730.3,8hW6WfYBP18.001.mp4,1280,720,25.0,383,extraversion,low
371,14840,forehead,490.9,181.0,826.0,494.9,773.6,316.3,1192.5,708.7,8hW6WfYBP18.001.mp4,1280,720,25.0,383,extraversion,low
371,14840,chin,492.0,368.5,825.7,583.1,775.0,550.7,1192.2,818.9,8hW6WfYBP18.001.mp4,1280,720,25.0,383,extraversion,low
371,14840,left_cheek,486.7,352.3,576.3,484.6,768.4,530.3,880.4,695.8,8hW6WfYBP18.001.mp4,1280,720,25.0,383,extraversion,low
371,14840,right_cheek,695.1,356.4,805.8,493.9,1028.9,535.5,1167.2,707.4,8hW6WfYBP18.001.mp4,1280,720,25.0,383,extraversion,low
372,14880,left_eye,504.2,238.6,604.1,332.3,790.3,388.3,915.2,505.3,8hW6WfYBP18.001.mp4,1280,720,25.0,383,extraversion,low
372,14880,right_eye,669.5,235.8,792.3,334.8,996.8,384.7,1150.4,508.5,8hW6WfYBP18.001.mp4,1280,720,25.0,383,extraversion,low
372,14880,nose,573.8,292.9,685.0,417.1,877.3,456.1,1016.3,611.4,8hW6WfYBP18.001.mp4,1280,720,25.0,383,extraversion,low
372,14880,mouth,552.9,444.1,719.1,513.5,851.1,645.1,1058.8,731.9,8hW6WfYBP18.001.mp4,1280,720,25.0,383,extraversion,low
372,14880,forehead,493.6,181.1,827.2,495.7,777.0,316.3,1194.0,709.6,8hW6WfYBP18.001.mp4,1280,720,25.0,383,extraversion,low
372,14880,chin,494.9,368.5,826.9,583.8,778.7,550.6,1193.7,819.8,8hW6WfYBP18.001.mp4,1280,720,25.0,383,extraversion,low
372,14880,left_cheek,489.0,352.3,576.4,484.6,771.3,530.3,880.5,695.8,8hW6WfYBP18.001.mp4,1280,720,25.0,383,extraversion,low
372,14880,right_cheek,695.2,356.8,806.4,494.1,1029.1,535.9,1168.0,707.6,8hW6WfYBP18.001.mp4,1280,720,25.0,383,extraversion,low
373,14920,left_eye,505.0,243.1,604.1,335.3,791.3,393.8,915.1,509.2,8hW6WfYBP18.001.mp4,1280,720,25.0,383,extraversion,low
373,14920,right_eye,669.0,241.3,792.6,339.7,996.2,391.6,1150.7,514.6,8hW6WfYBP18.001.mp4,1280,720,25.0,383,extraversion,low
373,14920,nose,573.2,296.2,683.4,419.2,876.4,460.3,1014.2,614.0,8hW6WfYBP18.001.mp4,1280,720,25.0,383,extraversion,low
373,14920,mouth,552.2,447.5,719.0,517.6,850.3,649.3,1058.8,737.0,8hW6WfYBP18.001.mp4,1280,720,25.0,383,extraversion,low
373,14920,forehead,495.5,182.0,831.3,501.2,779.4,317.5,1199.1,716.5,8hW6WfYBP18.001.mp4,1280,720,25.0,383,extraversion,low
373,14920,chin,498.0,369.9,830.8,587.4,782.6,552.4,1198.5,824.3,8hW6WfYBP18.001.mp4,1280,720,25.0,383,extraversion,low
373,14920,left_cheek,490.7,353.1,576.6,485.5,773.4,531.4,880.7,696.8,8hW6WfYBP18.001.mp4,1280,720,25.0,383,extraversion,low
373,14920,right_cheek,694.7,360.8,807.4,498.5,1028.4,541.0,1169.3,713.2,8hW6WfYBP18.001.mp4,1280,720,25.0,383,extraversion,low
374,14960,left_eye,506.6,247.6,604.5,340.0,793.2,399.5,915.6,515.0,8hW6WfYBP18.001.mp4,1280,720,25.0,383,extraversion,low
374,14960,right_eye,668.9,245.9,792.7,344.5,996.1,397.4,1150.9,520.6,8hW6WfYBP18.001.mp4,1280,720,25.0,383,extraversion,low
374,14960,nose,573.6,301.3,683.3,426.2,877.0,466.6,1014.1,622.8,8hW6WfYBP18.001.mp4,1280,720,25.0,383,extraversion,low
374,14960,mouth,552.9,450.3,718.6,518.2,851.1,652.8,1058.3,737.7,8hW6WfYBP18.001.mp4,1280,720,25.0,383,extraversion,low
374,14960,forehead,497.0,185.4,832.5,505.8,781.2,321.7,1200.6,722.2,8hW6WfYBP18.001.mp4,1280,720,25.0,383,extraversion,low
374,14960,chin,499.3,372.4,832.1,593.3,784.1,555.5,1200.2,831.7,8hW6WfYBP18.001.mp4,1280,720,25.0,383,extraversion,low
374,14960,left_cheek,492.3,357.3,577.1,489.7,775.4,536.6,881.3,702.1,8hW6WfYBP18.001.mp4,1280,720,25.0,383,extraversion,low
374,14960,right_cheek,694.7,365.8,808.2,503.5,1028.4,547.2,1170.3,719.4,8hW6WfYBP18.001.mp4,1280,720,25.0,383,extraversion,low
375,15000,left_eye,506.4,255.4,601.8,346.9,793.1,409.2,912.2,523.6,8hW6WfYBP18.001.mp4,1280,720,25.0,383,extraversion,low
375,15000,right_eye,664.8,251.8,792.4,350.9,991.0,404.7,1150.5,528.7,8hW6WfYBP18.001.mp4,1280,720,25.0,383,extraversion,low
375,15000,nose,569.4,309.1,678.8,435.7,871.7,476.4,1008.5,634.6,8hW6WfYBP18.001.mp4,1280,720,25.0,383,extraversion,low
375,15000,mouth,551.4,458.4,716.7,525.7,849.3,662.9,1055.9,747.1,8hW6WfYBP18.001.mp4,1280,720,25.0,383,extraversion,low
375,15000,forehead,498.8,190.0,835.1,508.8,783.5,327.5,1203.8,726.0,8hW6WfYBP18.001.mp4,1280,720,25.0,383,extraversion,low
375,15000,chin,502.9,374.9,834.9,599.4,788.6,558.6,1203.6,839.3,8hW6WfYBP18.001.mp4,1280,720,25.0,383,extraversion,low
375,15000,left_cheek,492.7,364.1,575.7,496.9,775.9,545.1,879.6,711.1,8hW6WfYBP18.001.mp4,1280,720,25.0,383,extraversion,low
375,15000,right_cheek,692.1,371.9,808.2,509.4,1025.1,554.8,1170.2,726.8,8hW6WfYBP18.001.mp4,1280,720,25.0,383,extraversion,low
376,15040,left_eye,506.2,257.5,600.5,349.1,792.8,411.9,910.6,526.4,8hW6WfYBP18.001.mp4,1280,720,25.0,383,extraversion,low
376,15040,right_eye,663.9,254.2,792.3,352.6,989.8,407.7,1150.4,530.8,8hW6WfYBP18.001.mp4,1280,720,25.0,383,extraversion,low
376,15040,nose,568.2,311.7,677.5,439.1,870.2,479.6,1006.8,638.9,8hW6WfYBP18.001.mp4,1280,720,25.0,383,extraversion,low
376,15040,mouth,550.9,462.5,714.8,528.6,848.7,668.1,1053.5,750.8,8hW6WfYBP18.001.mp4,1280,720,25.0,383,extraversion,low
376,15040,forehead,499.5,193.0,836.2,510.5,784.4,331.2,1205.3,728.1,8hW6WfYBP18.001.mp4,1280,720,25.0,383,extraversion,low
376,15040,chin,503.7,376.5,836.1,603.4,789.6,560.6,1205.1,844.3,8hW6WfYBP18.001.mp4,1280,720,25.0,383,extraversion,low
376,15040,left_cheek,492.7,366.8,574.9,500.4,775.9,548.5,878.7,715.5,8hW6WfYBP18.001.mp4,1280,720,25.0,383,extraversion,low
376,15040,right_cheek,691.2,374.1,808.5,512.1,1024.0,557.6,1170.7,730.2,8hW6WfYBP18.001.mp4,1280,720,25.0,383,extraversion,low
377,15080,left_eye,506.8,257.4,599.0,350.6,793.4,411.8,908.8,528.3,8hW6WfYBP18.001.mp4,1280,720,25.0,383,extraversion,low
377,15080,right_eye,662.8,252.3,793.0,353.7,988.6,405.4,1151.3,532.1,8hW6WfYBP18.001.mp4,1280,720,25.0,383,extraversion,low
377,15080,nose,565.6,311.7,675.3,439.8,867.0,479.6,1004.1,639.7,8hW6WfYBP18.001.mp4,1280,720,25.0,383,extraversion,low
377,15080,mouth,550.5,465.9,713.8,530.9,848.1,672.4,1052.2,753.6,8hW6WfYBP18.001.mp4,1280,720,25.0,383,extraversion,low
377,15080,forehead,502.3,192.8,840.4,511.6,787.9,331.0,1210.5,729.4,8hW6WfYBP18.001.mp4,1280,720,25.0,383,extraversion,low
377,15080,chin,507.2,376.5,840.4,605.6,794.0,560.7,1210.5,847.0,8hW6WfYBP18.001.mp4,1280,720,25.0,383,extraversion,low
377,15080,left_cheek,492.6,367.6,573.6,501.8,775.8,549.5,876.9,717.2,8hW6WfYBP18.001.mp4,1280,720,25.0,383,extraversion,low
377,15080,right_cheek,690.4,374.5,810.2,513.9,1023.0,558.1,1172.7,732.4,8hW6WfYBP18.001.mp4,1280,720,25.0,383,extraversion,low
378,15120,left_eye,506.6,257.0,598.8,351.1,793.2,411.3,908.5,528.9,8hW6WfYBP18.001.mp4,1280,720,25.0,383,extraversion,low
378,15120,right_eye,662.5,251.5,793.6,353.9,988.1,404.4,1152.0,532.4,8hW6WfYBP18.001.mp4,1280,720,25.0,383,extraversion,low
378,15120,nose,565.0,311.8,675.2,440.8,866.2,479.8,1004.0,641.0,8hW6WfYBP18.001.mp4,1280,720,25.0,383,extraversion,low
378,15120,mouth,550.2,467.2,713.4,531.9,847.8,674.0,1051.8,754.9,8hW6WfYBP18.001.mp4,1280,720,25.0,383,extraversion,low
378,15120,forehead,502.3,192.5,842.0,513.1,787.9,330.6,1212.6,731.3,8hW6WfYBP18.001.mp4,1280,720,25.0,383,extraversion,low
378,15120,chin,507.3,377.2,842.0,608.7,794.2,561.5,1212.6,850.9,8hW6WfYBP18.001.mp4,1280,720,25.0,383,extraversion,low
378,15120,left_cheek,492.5,368.3,573.1,503.4,775.7,550.3,876.3,719.2,8hW6WfYBP18.001.mp4,1280,720,25.0,383,extraversion,low
378,15120,right_cheek,690.3,374.7,811.3,515.3,1022.9,558.4,1174.2,734.1,8hW6WfYBP18.001.mp4,1280,720,25.0,383,extraversion,low
379,15160,left_eye,507.1,252.7,598.4,349.9,793.9,405.9,908.0,527.3,8hW6WfYBP18.001.mp4,1280,720,25.0,383,extraversion,low
379,15160,right_eye,662.3,245.8,794.1,352.7,987.9,397.3,1152.6,530.9,8hW6WfYBP18.001.mp4,1280,720,25.0,383,extraversion,low
379,15160,nose,563.3,310.4,673.8,439.3,864.2,478.0,1002.3,639.2,8hW6WfYBP18.001.mp4,1280,720,25.0,383,extraversion,low
379,15160,mouth,548.4,466.1,713.3,530.4,845.4,672.7,1051.6,753.0,8hW6WfYBP18.001.mp4,1280,720,25.0,383,extraversion,low
379,15160,forehead,503.3,190.8,843.7,512.1,789.2,328.6,1214.6,730.1,8hW6WfYBP18.001.mp4,1280,720,25.0,383,extraversion,low
379,15160,chin,508.4,376.9,843.7,607.3,795.5,561.2,1214.6,849.1,8hW6WfYBP18.001.mp4,1280,720,25.0,383,extraversion,low
379,15160,left_cheek,492.5,368.0,572.2,502.3,775.6,550.0,875.2,717.8,8hW6WfYBP18.001.mp4,1280,720,25.0,383,extraversion,low
379,15160,right_cheek,689.6,373.5,811.7,513.8,1022.0,556.9,1174.6,732.3,8hW6WfYBP18.001.mp4,1280,720,25.0,383,extraversion,low
380,15200,left_eye,507.6,251.9,598.4,349.9,794.5,404.9,907.9,527.4,8hW6WfYBP18.001.mp4,1280,720,25.0,383,extraversion,low
380,15200,right_eye,662.5,245.0,794.9,352.6,988.2,396.2,1153.6,530.8,8hW6WfYBP18.001.mp4,1280,720,25.0,383,extraversion,low
380,15200,nose,563.5,310.0,673.7,438.5,864.4,477.5,1002.1,638.2,8hW6WfYBP18.001.mp4,1280,720,25.0,383,extraversion,low
380,15200,mouth,548.0,465.5,713.4,530.3,845.0,671.9,1051.8,752.9,8hW6WfYBP18.001.mp4,1280,720,25.0,383,extraversion,low
380,15200,forehead,503.4,189.7,844.7,512.7,789.3,327.2,1215.8,730.9,8hW6WfYBP18.001.mp4,1280,720,25.0,383,extraversion,low
380,15200,chin,508.3,376.6,844.6,607.3,795.3,560.7,1215.8,849.1,8hW6WfYBP18.001.mp4,1280,720,25.0,383,extraversion,low
380,15200,left_cheek,492.4,367.3,572.2,501.9,775.5,549.1,875.2,717.4,8hW6WfYBP18.001.mp4,1280,720,25.0,383,extraversion,low
380,15200,right_cheek,689.6,373.1,812.4,513.9,1022.1,556.4,1175.4,732.4,8hW6WfYBP18.001.mp4,1280,720,25.0,383,extraversion,low
381,15240,left_eye,509.9,243.2,598.4,346.0,797.4,394.0,908.0,522.4,8hW6WfYBP18.001.mp4,1280,720,25.0,383,extraversion,low
381,15240,right_eye,663.5,236.0,796.3,350.8,989.4,384.9,1155.4,528.5,8hW6WfYBP18.001.mp4,1280,720,25.0,383,extraversion,low
381,15240,nose,563.6,302.5,673.8,433.4,864.5,468.1,1002.3,631.8,8hW6WfYBP18.001.mp4,1280,720,25.0,383,extraversion,low
381,15240,mouth,547.9,462.4,713.5,522.1,844.9,668.0,1051.9,742.6,8hW6WfYBP18.001.mp4,1280,720,25.0,383,extraversion,low
381,15240,forehead,505.7,183.9,847.0,512.0,792.2,319.8,1218.8,730.0,8hW6WfYBP18.001.mp4,1280,720,25.0,383,extraversion,low
381,15240,chin,509.8,375.1,846.8,605.8,797.3,558.9,1218.5,847.2,8hW6WfYBP18.001.mp4,1280,720,25.0,383,extraversion,low
381,15240,left_cheek,492.7,362.0,572.3,499.1,775.8,542.5,875.4,713.9,8hW6WfYBP18.001.mp4,1280,720,25.0,383,extraversion,low
381,15240,right_cheek,689.8,370.4,813.1,512.7,1022.3,553.0,1176.4,730.9,8hW6WfYBP18.001.mp4,1280,720,25.0,383,extraversion,low
382,15280,left_eye,511.2,240.6,599.4,345.2,799.0,390.7,909.2,521.5,8hW6WfYBP18.001.mp4,1280,720,25.0,383,extraversion,low
382,15280,right_eye,665.1,234.7,798.1,350.6,991.4,383.4,1157.7,528.3,8hW6WfYBP18.001.mp4,1280,720,25.0,383,extraversion,low
382,15280,nose,564.0,300.3,673.9,431.8,865.0,465.4,1002.4,629.8,8hW6WfYBP18.001.mp4,1280,720,25.0,383,extraversion,low
382,15280,mouth,548.2,461.5,714.0,521.0,845.2,666.9,1052.5,741.2,8hW6WfYBP18.001.mp4,1280,720,25.0,383,extraversion,low
382,15280,forehead,506.6,181.6,848.3,511.6,793.3,317.0,1220.4,729.5,8hW6WfYBP18.001.mp4,1280,720,25.0,383,extraversion,low
382,15280,chin,510.0,373.7,847.8,601.8,797.4,557.1,1219.8,842.3,8hW6WfYBP18.001.mp4,1280,720,25.0,383,extraversion,low
382,15280,left_cheek,492.9,360.4,572.5,497.4,776.1,540.5,875.6,711.7,8hW6WfYBP18.001.mp4,1280,720,25.0,383,extraversion,low
382,15280,right_cheek,690.2,369.6,814.7,511.9,1022.7,552.0,1178.4,729.9,8hW6WfYBP18.001.mp4,1280,720,25.0,383,extraversion,low
