frame,timestamp_ms,aoi_name,vid_x_min,vid_y_min,vid_x_max,vid_y_max,screen_x_min,screen_y_min,screen_x_max,screen_y_max,video_file,native_width,native_height,fps,total_frames,trait,level
0,0,left_eye,507.7,267.6,614.1,342.0,794.6,424.5,927.6,517.5,3ccY8jYkI5o.004.mp4,1280,720,23.976,367,emotional_stability,low
0,0,right_eye,673.2,264.5,791.3,339.7,1001.6,420.6,1149.1,514.6,3ccY8jYkI5o.004.mp4,1280,720,23.976,367,emotional_stability,low
0,0,nose,587.5,309.8,691.7,427.9,894.3,477.3,1024.6,624.9,3ccY8jYkI5o.004.mp4,1280,720,23.976,367,emotional_stability,low
0,0,mouth,568.1,452.2,713.2,517.4,870.1,655.2,1051.5,736.7,3ccY8jYkI5o.004.mp4,1280,720,23.976,367,emotional_stability,low
0,0,forehead,490.6,208.1,825.2,495.5,773.2,350.1,1191.5,709.3,3ccY8jYkI5o.004.mp4,1280,720,23.976,367,emotional_stability,low
0,0,chin,490.6,376.0,825.2,584.2,773.2,560.0,1191.5,820.3,3ccY8jYkI5o.004.mp4,1280,720,23.976,367,emotional_stability,low
0,0,left_cheek,496.0,362.2,588.3,490.8,780.1,542.8,895.4,703.5,3ccY8jYkI5o.004.mp4,1280,720,23.976,367,emotional_stability,low
0,0,right_cheek,697.9,362.8,805.0,494.6,1032.3,543.5,1166.2,708.2,3ccY8jYkI5o.004.mp4,1280,720,23.976,367,emotional_stability,low
1,41,left_eye,508.0,267.3,613.9,341.9,795.0,424.1,927.4,517.4,3ccY8jYkI5o.004.mp4,1280,720,23.976,367,emotional_stability,low
1,41,right_eye,673.2,264.4,791.2,339.3,1001.4,420.5,1148.9,514.2,3ccY8jYkI5o.004.mp4,1280,720,23.976,367,emotional_stability,low
1,41,nose,587.3,309.6,691.4,427.6,894.2,476.9,1024.2,624.5,3ccY8jYkI5o.004.mp4,1280,720,23.976,367,emotional_stability,low
1,41,mouth,568.1,451.5,712.9,517.4,870.1,654.4,1051.1,736.7,3ccY8jYkI5o.004.mp4,1280,720,23.976,367,emotional_stability,low
1,41,forehead,491.4,206.0,825.3,495.5,774.3,347.5,1191.7,709.3,3ccY8jYkI5o.004.mp4,1280,720,23.976,367,emotional_stability,low
1,41,chin,491.4,375.1,825.3,584.4,774.3,558.9,1191.7,820.5,3ccY8jYkI5o.004.mp4,1280,720,23.976,367,emotional_stability,low
1,41,left_cheek,496.2,362.0,588.3,490.5,780.2,542.5,895.3,703.2,3ccY8jYkI5o.004.mp4,1280,720,23.976,367,emotional_stability,low
1,41,right_cheek,697.8,362.7,805.2,494.6,1032.3,543.4,1166.5,708.3,3ccY8jYkI5o.004.mp4,1280,720,23.976,367,emotional_stability,low
2,83,left_eye,510.4,266.6,615.5,341.0,798.0,423.2,929.3,516.3,3ccY8jYkI5o.004.mp4,1280,720,23.976,367,emotional_stability,low
2,83,right_eye,675.1,264.3,792.1,339.0,1003.8,420.4,1150.2,513.7,3ccY8jYkI5o.004.mp4,1280,720,23.976,367,emotional_stability,low
2,83,nose,589.1,308.9,692.6,426.2,896.4,476.1,1025.7,622.8,3ccY8jYkI5o.004.mp4,1280,720,23.976,367,emotional_stability,low
2,83,mouth,568.7,448.6,714.0,516.7,870.9,650.8,1052.5,735.9,3ccY8jYkI5o.004.mp4,1280,720,23.976,367,emotional_stability,low
2,83,forehead,492.6,205.0,825.7,495.3,775.8,346.2,1192.1,709.1,3ccY8jYkI5o.004.mp4,1280,720,23.976,367,emotional_stability,low
2,83,chin,492.6,373.5,825.7,584.3,775.8,556.9,1192.1,820.4,3ccY8jYkI5o.004.mp4,1280,720,23.976,367,emotional_stability,low
2,83,left_cheek,498.0,360.5,589.8,488.5,782.5,540.6,897.3,700.7,3ccY8jYkI5o.004.mp4,1280,720,23.976,367,emotional_stability,low
2,83,right_cheek,699.1,362.3,806.1,494.4,1033.8,542.9,1167.6,708.0,3ccY8jYkI5o.004.mp4,1280,720,23.976,367,emotional_stability,low
3,125,left_eye,515.2,266.4,619.7,339.9,804.0,423.1,934.6,514.9,3ccY8jYkI5o.004.mp4,1280,720,23.976,367,emotional_stability,low
3,125,right_eye,678.3,264.2,794.2,338.6,1007.9,420.3,1152.7,513.2,3ccY8jYkI5o.004.mp4,1280,720,23.976,367,emotional_stability,low
3,125,nose,594.2,308.3,696.3,424.9,902.7,475.4,1030.4,621.2,3ccY8jYkI5o.004.mp4,1280,720,23.976,367,emotional_stability,low
3,125,mouth,571.2,445.4,719.8,515.5,874.0,646.8,1059.7,734.4,3ccY8jYkI5o.004.mp4,1280,720,23.976,367,emotional_stability,low
3,125,forehead,496.6,204.4,828.1,495.2,780.8,345.4,1195.1,709.0,3ccY8jYkI5o.004.mp4,1280,720,23.976,367,emotional_stability,low
3,125,chin,496.6,372.8,828.1,584.7,780.8,555.9,1195.1,820.9,3ccY8jYkI5o.004.mp4,1280,720,23.976,367,emotional_stability,low
3,125,left_cheek,502.4,359.2,594.4,487.0,788.1,539.0,903.0,698.8,3ccY8jYkI5o.004.mp4,1280,720,23.976,367,emotional_stability,low
3,125,right_cheek,702.3,361.6,808.6,493.8,1037.9,542.0,1170.8,707.3,3ccY8jYkI5o.004.mp4,1280,720,23.976,367,emotional_stability,low
4,166,left_eye,520.3,266.4,622.9,339.0,810.3,423.0,938.7,513.7,3ccY8jYkI5o.004.mp4,1280,720,23.976,367,emotional_stability,low
4,166,right_eye,681.4,264.1,796.4,337.5,1011.8,420.1,1155.5,511.9,3ccY8jYkI5o.004.mp4,1280,720,23.976,367,emotional_stability,low
4,166,nose,597.0,307.7,699.8,423.3,906.3,474.6,1034.7,619.1,3ccY8jYkI5o.004.mp4,1280,720,23.976,367,emotional_stability,low
4,166,mouth,573.1,440.9,727.1,514.8,876.4,641.1,1068.9,733.5,3ccY8jYkI5o.004.mp4,1280,720,23.976,367,emotional_stability,low
4,166,forehead,503.1,204.2,829.0,493.4,788.8,345.3,1196.2,706.8,3ccY8jYkI5o.004.mp4,1280,720,23.976,367,emotional_stability,low
4,166,chin,503.1,372.3,829.0,583.9,788.8,555.3,1196.2,819.9,3ccY8jYkI5o.004.mp4,1280,720,23.976,367,emotional_stability,low
4,166,left_cheek,508.2,358.2,598.1,485.4,795.3,537.7,907.6,696.8,3ccY8jYkI5o.004.mp4,1280,720,23.976,367,emotional_stability,low
4,166,right_cheek,705.6,360.0,810.4,491.4,1042.0,540.0,1173.0,704.2,3ccY8jYkI5o.004.mp4,1280,720,23.976,367,emotional_stability,low
5,208,left_eye,523.7,269.0,626.3,339.5,814.6,426.2,942.9,514.4,3ccY8jYkI5o.004.mp4,1280,720,23.976,367,emotional_stability,low
5,208,right_eye,684.0,266.2,799.1,338.8,1015.1,422.7,1158.9,513.4,3ccY8jYkI5o.004.mp4,1280,720,23.976,367,emotional_stability,low
5,208,nose,600.7,308.9,701.9,423.5,910.9,476.1,1037.4,619.4,3ccY8jYkI5o.004.mp4,1280,720,23.976,367,emotional_stability,low
5,208,mouth,575.4,442.4,730.2,521.0,879.2,643.0,1072.7,741.2,3ccY8jYkI5o.004.mp4,1280,720,23.976,367,emotional_stability,low
5,208,forehead,505.5,205.6,831.7,496.9,791.9,347.0,1199.6,711.1,3ccY8jYkI5o.004.mp4,1280,720,23.976,367,emotional_stability,low
5,208,chin,505.5,374.1,831.6,591.6,791.9,557.7,1199.5,829.5,3ccY8jYkI5o.004.mp4,1280,720,23.976,367,emotional_stability,low
5,208,left_cheek,510.6,358.5,601.4,487.0,798.2,538.1,911.7,698.8,3ccY8jYkI5o.004.mp4,1280,720,23.976,367,emotional_stability,low
5,208,right_cheek,708.4,360.7,813.2,493.9,1045.5,540.8,1176.5,707.4,3ccY8jYkI5o.004.mp4,1280,720,23.976,367,emotional_stability,low
6,250,left_eye,524.4,269.9,625.4,340.2,815.5,427.4,941.8,515.2,3ccY8jYkI5o.004.mp4,1280,720,23.976,367,emotional_stability,low
6,250,right_eye,683.0,267.6,798.6,338.8,1013.8,424.5,1158.3,513.4,3ccY8jYkI5o.004.mp4,1280,720,23.976,367,emotional_stability,low
6,250,nose,599.2,309.8,701.3,423.8,909.0,477.2,1036.7,619.8,3ccY8jYkI5o.004.mp4,1280,720,23.976,367,emotional_stability,low
6,250,mouth,575.6,443.2,731.1,525.3,879.5,644.1,1073.8,746.7,3ccY8jYkI5o.004.mp4,1280,720,23.976,367,emotional_stability,low
6,250,forehead,510.7,207.3,833.1,495.1,798.4,349.1,1201.4,708.9,3ccY8jYkI5o.004.mp4,1280,720,23.976,367,emotional_stability,low
6,250,chin,511.0,373.7,833.1,590.8,798.8,557.1,1201.3,828.5,3ccY8jYkI5o.004.mp4,1280,720,23.976,367,emotional_stability,low
6,250,left_cheek,512.4,358.7,600.7,486.9,800.5,538.3,910.9,698.6,3ccY8jYkI5o.004.mp4,1280,720,23.976,367,emotional_stability,low
6,250,right_cheek,707.5,360.6,812.8,493.3,1044.4,540.8,1176.0,706.6,3ccY8jYkI5o.004.mp4,1280,720,23.976,367,emotional_stability,low
7,291,left_eye,523.0,274.8,625.1,343.7,813.7,433.5,941.4,519.6,3ccY8jYkI5o.004.mp4,1280,720,23.976,367,emotional_stability,low
7,291,right_eye,680.4,271.0,797.0,339.9,1010.5,428.8,1156.3,514.9,3ccY8jYkI5o.004.mp4,1280,720,23.976,367,emotional_stability,low
7,291,nose,598.9,313.6,698.9,427.1,908.6,481.9,1033.6,623.9,3ccY8jYkI5o.004.mp4,1280,720,23.976,367,emotional_stability,low
7,291,mouth,575.2,447.0,729.3,526.7,879.0,648.7,1071.6,748.3,3ccY8jYkI5o.004.mp4,1280,720,23.976,367,emotional_stability,low
7,291,forehead,510.5,211.9,833.3,495.1,798.1,354.8,1201.6,708.9,3ccY8jYkI5o.004.mp4,1280,720,23.976,367,emotional_stability,low
7,291,chin,511.1,375.1,833.3,592.7,798.8,558.9,1201.6,830.8,3ccY8jYkI5o.004.mp4,1280,720,23.976,367,emotional_stability,low
7,291,left_cheek,511.4,361.8,599.6,488.9,799.2,542.2,909.6,701.1,3ccY8jYkI5o.004.mp4,1280,720,23.976,367,emotional_stability,low
7,291,right_cheek,706.2,361.7,812.6,494.2,1042.7,542.1,1175.7,707.7,3ccY8jYkI5o.004.mp4,1280,720,23.976,367,emotional_stability,low
8,333,left_eye,521.9,274.7,621.8,344.5,812.4,433.4,937.3,520.6,3ccY8jYkI5o.004.mp4,1280,720,23.976,367,emotional_stability,low
8,333,right_eye,676.0,270.7,793.2,340.0,1005.0,428.4,1151.5,515.0,3ccY8jYkI5o.004.mp4,1280,720,23.976,367,emotional_stability,low
8,333,nose,594.7,313.6,693.1,427.4,903.4,482.0,1026.3,624.2,3ccY8jYkI5o.004.mp4,1280,720,23.976,367,emotional_stability,low
8,333,mouth,573.3,447.2,728.7,526.9,876.6,649.0,1070.9,748.6,3ccY8jYkI5o.004.mp4,1280,720,23.976,367,emotional_stability,low
8,333,forehead,510.2,211.9,832.9,494.8,797.8,354.8,1201.2,708.5,3ccY8jYkI5o.004.mp4,1280,720,23.976,367,emotional_stability,low
8,333,chin,511.2,375.5,832.9,593.2,799.0,559.3,1201.2,831.4,3ccY8jYkI5o.004.mp4,1280,720,23.976,367,emotional_stability,low
8,333,left_cheek,510.3,362.2,597.3,489.1,797.9,542.7,906.6,701.4,3ccY8jYkI5o.004.mp4,1280,720,23.976,367,emotional_stability,low
8,333,right_cheek,701.9,361.6,810.0,494.2,1037.3,542.0,1172.5,707.7,3ccY8jYkI5o.004.mp4,1280,720,23.976,367,emotional_stability,low
9,375,left_eye,516.2,275.0,614.6,346.1,805.3,433.8,928.2,522.6,3ccY8jYkI5o.004.mp4,1280,720,23.976,367,emotional_stability,low
9,375,right_eye,667.8,270.4,786.4,339.6,994.8,427.9,1142.9,514.5,3ccY8jYkI5o.004.mp4,1280,720,23.976,367,emotional_stability,low
9,375,nose,587.8,313.4,686.6,427.4,894.7,481.8,1018.2,624.2,3ccY8jYkI5o.004.mp4,1280,720,23.976,367,emotional_stability,low
9,375,mouth,569.1,447.2,724.6,526.9,871.4,649.0,1065.8,748.6,3ccY8jYkI5o.004.mp4,1280,720,23.976,367,emotional_stability,low
9,375,forehead,509.2,211.8,829.9,492.7,796.5,354.7,1197.4,705.9,3ccY8jYkI5o.004.mp4,1280,720,23.976,367,emotional_stability,low
9,375,chin,509.5,374.2,829.9,594.0,796.8,557.7,1197.4,832.5,3ccY8jYkI5o.004.mp4,1280,720,23.976,367,emotional_stability,low
9,375,left_cheek,506.8,363.8,590.2,490.4,793.5,544.7,897.7,703.0,3ccY8jYkI5o.004.mp4,1280,720,23.976,367,emotional_stability,low
9,375,right_cheek,695.6,359.8,804.8,492.7,1029.5,539.8,1166.0,705.9,3ccY8jYkI5o.004.mp4,1280,720,23.976,367,emotional_stability,low
10,417,left_eye,513.8,275.3,613.4,347.9,802.3,434.1,926.7,524.9,3ccY8jYkI5o.004.mp4,1280,720,23.976,367,emotional_stability,low
10,417,right_eye,665.0,266.8,784.6,338.2,991.3,423.5,1140.8,512.7,3ccY8jYkI5o.004.mp4,1280,720,23.976,367,emotional_stability,low
10,417,nose,587.1,313.3,686.7,426.6,893.9,481.6,1018.4,623.2,3ccY8jYkI5o.004.mp4,1280,720,23.976,367,emotional_stability,low
10,417,mouth,569.3,445.7,724.9,527.4,871.7,647.2,1066.1,749.3,3ccY8jYkI5o.004.mp4,1280,720,23.976,367,emotional_stability,low
10,417,forehead,507.8,211.3,829.5,494.5,794.8,354.1,1196.9,708.1,3ccY8jYkI5o.004.mp4,1280,720,23.976,367,emotional_stability,low
10,417,chin,508.8,370.1,829.5,595.1,796.0,552.7,1196.9,833.9,3ccY8jYkI5o.004.mp4,1280,720,23.976,367,emotional_stability,low
10,417,left_cheek,506.6,365.1,589.3,492.3,793.2,546.4,896.6,705.4,3ccY8jYkI5o.004.mp4,1280,720,23.976,367,emotional_stability,low
10,417,right_cheek,694.9,356.2,804.4,489.6,1028.6,535.2,1165.5,702.1,3ccY8jYkI5o.004.mp4,1280,720,23.976,367,emotional_stability,low
11,458,left_eye,510.7,275.7,611.6,349.4,798.3,434.6,924.5,526.8,3ccY8jYkI5o.004.mp4,1280,720,23.976,367,emotional_stability,low
11,458,right_eye,661.9,263.6,782.9,336.5,987.3,419.6,1138.7,510.7,3ccY8jYkI5o.004.mp4,1280,720,23.976,367,emotional_stability,low
11,458,nose,585.7,313.0,686.2,425.5,892.2,481.2,1017.7,621.9,3ccY8jYkI5o.004.mp4,1280,720,23.976,367,emotional_stability,low
11,458,mouth,569.5,444.6,725.6,529.2,871.9,645.8,1067.1,751.5,3ccY8jYkI5o.004.mp4,1280,720,23.976,367,emotional_stability,low
11,458,forehead,504.9,210.1,829.7,498.7,791.1,352.6,1197.1,713.4,3ccY8jYkI5o.004.mp4,1280,720,23.976,367,emotional_stability,low
11,458,chin,508.6,367.4,829.7,597.5,795.8,549.2,1197.1,836.9,3ccY8jYkI5o.004.mp4,1280,720,23.976,367,emotional_stability,low
11,458,left_cheek,505.0,366.3,587.7,495.2,791.2,547.8,894.6,709.0,3ccY8jYkI5o.004.mp4,1280,720,23.976,367,emotional_stability,low
11,458,right_cheek,694.0,353.4,804.6,487.7,1027.6,531.7,1165.8,699.6,3ccY8jYkI5o.004.mp4,1280,720,23.976,367,emotional_stability,low
12,500,left_eye,509.8,278.0,611.6,352.2,797.2,437.5,924.6,530.3,3ccY8jYkI5o.004.mp4,1280,720,23.976,367,emotional_stability,low
12,500,right_eye,661.2,263.2,783.0,336.4,986.5,419.0,1138.8,510.5,3ccY8jYkI5o.004.mp4,1280,720,23.976,367,emotional_stability,low
12,500,nose,586.3,313.0,686.9,425.7,892.9,481.3,1018.6,622.1,3ccY8jYkI5o.004.mp4,1280,720,23.976,367,emotional_stability,low
12,500,mouth,570.3,444.5,728.3,528.8,872.9,645.6,1070.4,751.0,3ccY8jYkI5o.004.mp4,1280,720,23.976,367,emotional_stability,low
12,500,forehead,504.6,210.1,831.1,503.0,790.7,352.6,1198.9,718.8,3ccY8jYkI5o.004.mp4,1280,720,23.976,367,emotional_stability,low
12,500,chin,508.5,366.1,831.1,597.4,795.6,547.6,1198.9,836.7,3ccY8jYkI5o.004.mp4,1280,720,23.976,367,emotional_stability,low
12,500,left_cheek,505.0,368.9,588.0,498.3,791.2,551.1,895.0,712.8,3ccY8jYkI5o.004.mp4,1280,720,23.976,367,emotional_stability,low
12,500,right_cheek,694.4,352.7,805.9,486.9,1028.0,530.9,1167.4,698.6,3ccY8jYkI5o.004.mp4,1280,720,23.976,367,emotional_stability,low
13,542,left_eye,509.3,277.9,611.6,352.0,796.7,437.4,924.4,530.0,3ccY8jYkI5o.004.mp4,1280,720,23.976,367,emotional_stability,low
13,542,right_eye,661.5,260.5,783.6,334.8,986.8,415.6,1139.5,508.5,3ccY8jYkI5o.004.mp4,1280,720,23.976,367,emotional_stability,low
13,542,nose,586.8,312.9,687.4,425.3,893.5,481.1,1019.3,621.6,3ccY8jYkI5o.004.mp4,1280,720,23.976,367,emotional_stability,low
13,542,mouth,571.3,442.5,730.4,526.7,874.1,643.2,1073.0,748.3,3ccY8jYkI5o.004.mp4,1280,720,23.976,367,emotional_stability,low
13,542,forehead,503.8,208.5,833.9,503.7,789.7,350.6,1202.4,719.7,3ccY8jYkI5o.004.mp4,1280,720,23.976,367,emotional_stability,low
13,542,chin,508.4,362.9,833.9,595.2,795.4,543.6,1202.4,834.0,3ccY8jYkI5o.004.mp4,1280,720,23.976,367,emotional_stability,low
13,542,left_cheek,504.8,369.1,588.3,498.5,791.0,551.3,895.4,713.1,3ccY8jYkI5o.004.mp4,1280,720,23.976,367,emotional_stability,low
13,542,right_cheek,694.9,350.4,809.0,484.5,1028.6,528.0,1171.2,695.6,3ccY8jYkI5o.004.mp4,1280,720,23.976,367,emotional_stability,low
14,583,left_eye,507.3,278.3,610.0,353.0,794.2,437.9,922.5,531.3,3ccY8jYkI5o.004.mp4,1280,720,23.976,367,emotional_stability,low
14,583,right_eye,659.1,259.9,781.8,334.1,983.9,414.9,1137.3,507.6,3ccY8jYkI5o.004.mp4,1280,720,23.976,367,emotional_stability,low
14,583,nose,586.6,312.8,687.5,425.3,893.3,481.0,1019.4,621.6,3ccY8jYkI5o.004.mp4,1280,720,23.976,367,emotional_stability,low
14,583,mouth,571.8,442.9,732.0,526.2,874.7,643.6,1075.0,747.8,3ccY8jYkI5o.004.mp4,1280,720,23.976,367,emotional_stability,low
14,583,forehead,501.5,207.6,833.9,505.9,786.9,349.5,1202.4,722.4,3ccY8jYkI5o.004.mp4,1280,720,23.976,367,emotional_stability,low
14,583,chin,507.5,361.5,833.9,593.2,794.3,541.9,1202.4,831.5,3ccY8jYkI5o.004.mp4,1280,720,23.976,367,emotional_stability,low
14,583,left_cheek,503.8,370.6,587.6,500.5,789.7,553.3,894.4,715.7,3ccY8jYkI5o.004.mp4,1280,720,23.976,367,emotional_stability,low
14,583,right_cheek,694.7,349.8,809.5,483.9,1028.4,527.2,1171.9,694.9,3ccY8jYkI5o.004.mp4,1280,720,23.976,367,emotional_stability,low
15,625,left_eye,506.6,278.2,608.4,352.4,793.2,437.8,920.5,530.5,3ccY8jYkI5o.004.mp4,1280,720,23.976,367,emotional_stability,low
15,625,right_eye,656.3,258.4,774.5,331.2,980.3,413.0,1128.1,504.0,3ccY8jYkI5o.004.mp4,1280,720,23.976,367,emotional_stability,low
15,625,nose,586.4,310.8,687.2,421.7,893.0,478.5,1019.0,617.1,3ccY8jYkI5o.004.mp4,1280,720,23.976,367,emotional_stability,low
15,625,mouth,573.9,440.2,732.4,543.6,877.3,640.3,1075.5,769.5,3ccY8jYkI5o.004.mp4,1280,720,23.976,367,emotional_stability,low
15,625,forehead,499.8,207.3,826.0,504.6,784.8,349.1,1192.5,720.8,3ccY8jYkI5o.004.mp4,1280,720,23.976,367,emotional_stability,low
15,625,chin,506.7,356.7,826.0,599.5,793.3,535.8,1192.5,839.4,3ccY8jYkI5o.004.mp4,1280,720,23.976,367,emotional_stability,low
15,625,left_cheek,503.8,370.1,587.1,500.4,789.8,552.7,893.8,715.5,3ccY8jYkI5o.004.mp4,1280,720,23.976,367,emotional_stability,low
15,625,right_cheek,693.0,345.9,806.0,480.2,1026.2,522.4,1167.5,690.3,3ccY8jYkI5o.004.mp4,1280,720,23.976,367,emotional_stability,low
16,667,left_eye,505.1,279.0,606.2,353.2,791.4,438.7,917.7,531.5,3ccY8jYkI5o.004.mp4,1280,720,23.976,367,emotional_stability,low
16,667,right_eye,654.9,258.3,773.1,330.8,978.6,412.9,1126.4,503.4,3ccY8jYkI5o.004.mp4,1280,720,23.976,367,emotional_stability,low
16,667,nose,585.6,310.8,687.3,421.9,892.0,478.6,1019.1,617.4,3ccY8jYkI5o.004.mp4,1280,720,23.976,367,emotional_stability,low
16,667,mouth,576.8,440.1,732.9,554.8,881.0,640.1,1076.1,783.6,3ccY8jYkI5o.004.mp4,1280,720,23.976,367,emotional_stability,low
16,667,forehead,498.2,207.5,825.0,505.6,782.8,349.4,1191.3,722.0,3ccY8jYkI5o.004.mp4,1280,720,23.976,367,emotional_stability,low
16,667,chin,506.4,354.5,825.0,607.9,793.0,533.1,1191.3,849.9,3ccY8jYkI5o.004.mp4,1280,720,23.976,367,emotional_stability,low
16,667,left_cheek,503.5,370.8,586.1,503.9,789.3,553.5,892.7,719.9,3ccY8jYkI5o.004.mp4,1280,720,23.976,367,emotional_stability,low
16,667,right_cheek,692.5,345.1,805.1,480.2,1025.7,521.3,1166.4,690.3,3ccY8jYkI5o.004.mp4,1280,720,23.976,367,emotional_stability,low
17,709,left_eye,504.2,280.9,606.0,355.5,790.2,441.1,917.5,534.4,3ccY8jYkI5o.004.mp4,1280,720,23.976,367,emotional_stability,low
17,709,right_eye,654.1,258.3,773.0,331.0,977.7,412.9,1126.3,503.7,3ccY8jYkI5o.004.mp4,1280,720,23.976,367,emotional_stability,low
17,709,nose,585.7,311.8,689.9,423.3,892.1,479.7,1022.4,619.1,3ccY8jYkI5o.004.mp4,1280,720,23.976,367,emotional_stability,low
17,709,mouth,578.2,440.5,737.1,551.6,882.8,640.6,1081.3,779.4,3ccY8jYkI5o.004.mp4,1280,720,23.976,367,emotional_stability,low
17,709,forehead,496.8,208.1,825.4,510.7,780.9,350.1,1191.8,728.4,3ccY8jYkI5o.004.mp4,1280,720,23.976,367,emotional_stability,low
17,709,chin,505.7,354.1,825.4,606.7,792.1,532.6,1191.8,848.3,3ccY8jYkI5o.004.mp4,1280,720,23.976,367,emotional_stability,low
17,709,left_cheek,503.4,373.6,586.4,507.2,789.2,557.0,893.0,724.0,3ccY8jYkI5o.004.mp4,1280,720,23.976,367,emotional_stability,low
17,709,right_cheek,692.9,344.7,805.7,479.8,1026.1,520.9,1167.1,689.8,3ccY8jYkI5o.004.mp4,1280,720,23.976,367,emotional_stability,low
18,750,left_eye,498.4,282.9,601.5,359.5,783.0,443.6,911.8,539.4,3ccY8jYkI5o.004.mp4,1280,720,23.976,367,emotional_stability,low
18,750,right_eye,649.8,258.4,767.0,331.1,972.2,413.0,1118.7,503.9,3ccY8jYkI5o.004.mp4,1280,720,23.976,367,emotional_stability,low
18,750,nose,584.0,312.9,688.6,423.3,890.0,481.2,1020.8,619.1,3ccY8jYkI5o.004.mp4,1280,720,23.976,367,emotional_stability,low
18,750,mouth,577.4,439.8,733.8,547.3,881.7,639.8,1077.2,774.2,3ccY8jYkI5o.004.mp4,1280,720,23.976,367,emotional_stability,low
18,750,forehead,491.1,211.2,819.1,512.9,773.9,354.0,1183.8,731.1,3ccY8jYkI5o.004.mp4,1280,720,23.976,367,emotional_stability,low
18,750,chin,500.7,355.8,819.1,605.4,785.9,534.8,1183.8,846.7,3ccY8jYkI5o.004.mp4,1280,720,23.976,367,emotional_stability,low
18,750,left_cheek,499.0,374.7,583.0,506.7,783.8,558.4,888.8,723.3,3ccY8jYkI5o.004.mp4,1280,720,23.976,367,emotional_stability,low
18,750,right_cheek,689.9,344.4,801.6,476.1,1022.4,520.5,1161.9,685.2,3ccY8jYkI5o.004.mp4,1280,720,23.976,367,emotional_stability,low
19,792,left_eye,491.0,284.8,596.0,363.7,773.8,446.0,905.0,544.6,3ccY8jYkI5o.004.mp4,1280,720,23.976,367,emotional_stability,low
19,792,right_eye,642.6,258.7,761.0,331.5,963.3,413.3,1111.2,504.4,3ccY8jYkI5o.004.mp4,1280,720,23.976,367,emotional_stability,low
19,792,nose,579.8,314.3,683.8,423.3,884.7,482.9,1014.8,619.2,3ccY8jYkI5o.004.mp4,1280,720,23.976,367,emotional_stability,low
19,792,mouth,572.0,439.8,731.1,531.7,875.0,639.7,1073.9,754.6,3ccY8jYkI5o.004.mp4,1280,720,23.976,367,emotional_stability,low
19,792,forehead,484.0,212.9,815.6,518.1,765.0,356.1,1179.6,737.6,3ccY8jYkI5o.004.mp4,1280,720,23.976,367,emotional_stability,low
19,792,chin,494.3,356.4,815.6,596.9,777.9,535.5,1179.6,836.2,3ccY8jYkI5o.004.mp4,1280,720,23.976,367,emotional_stability,low
19,792,left_cheek,493.1,377.4,578.0,508.0,776.4,561.7,882.5,724.9,3ccY8jYkI5o.004.mp4,1280,720,23.976,367,emotional_stability,low
19,792,right_cheek,685.0,343.3,798.9,473.0,1016.2,519.2,1158.7,681.2,3ccY8jYkI5o.004.mp4,1280,720,23.976,367,emotional_stability,low
20,834,left_eye,487.5,284.5,592.9,362.2,769.4,445.6,901.2,542.7,3ccY8jYkI5o.004.mp4,1280,720,23.976,367,emotional_stability,low
20,834,right_eye,638.2,256.3,757.5,330.9,957.8,410.4,1106.9,503.7,3ccY8jYkI5o.004.mp4,1280,720,23.976,367,emotional_stability,low
20,834,nose,576.9,314.3,680.6,423.3,881.1,482.9,1010.8,619.1,3ccY8jYkI5o.004.mp4,1280,720,23.976,367,emotional_stability,low
20,834,mouth,566.7,438.4,729.6,521.1,868.4,638.0,1072.0,741.4,3ccY8jYkI5o.004.mp4,1280,720,23.976,367,emotional_stability,low
20,834,forehead,479.9,210.5,813.4,519.5,759.8,353.1,1176.7,739.4,3ccY8jYkI5o.004.mp4,1280,720,23.976,367,emotional_stability,low
20,834,chin,490.5,354.1,813.4,589.3,773.2,532.6,1176.7,826.7,3ccY8jYkI5o.004.mp4,1280,720,23.976,367,emotional_stability,low
20,834,left_cheek,489.7,377.1,575.0,507.6,772.1,561.4,878.7,724.5,3ccY8jYkI5o.004.mp4,1280,720,23.976,367,emotional_stability,low
20,834,right_cheek,681.7,340.1,797.5,469.3,1012.2,515.1,1156.9,676.6,3ccY8jYkI5o.004.mp4,1280,720,23.976,367,emotional_stability,low
21,875,left_eye,482.8,284.6,589.4,362.0,763.5,445.7,896.8,542.5,3ccY8jYkI5o.004.mp4,1280,720,23.976,367,emotional_stability,low
21,875,right_eye,634.7,254.8,755.0,330.9,953.4,408.5,1103.7,503.6,3ccY8jYkI5o.004.mp4,1280,720,23.976,367,emotional_stability,low
21,875,nose,574.0,314.2,677.4,423.9,877.5,482.7,1006.8,619.9,3ccY8jYkI5o.004.mp4,1280,720,23.976,367,emotional_stability,low
21,875,mouth,563.0,438.6,726.2,519.7,863.7,638.3,1067.7,739.6,3ccY8jYkI5o.004.mp4,1280,720,23.976,367,emotional_stability,low
21,875,forehead,474.3,208.1,813.4,521.3,752.9,350.2,1176.8,741.7,3ccY8jYkI5o.004.mp4,1280,720,23.976,367,emotional_stability,low
21,875,chin,484.2,352.5,813.4,586.8,765.2,530.6,1176.8,823.5,3ccY8jYkI5o.004.mp4,1280,720,23.976,367,emotional_stability,low
21,875,left_cheek,484.5,378.1,571.4,508.6,765.7,562.7,874.3,725.8,3ccY8jYkI5o.004.mp4,1280,720,23.976,367,emotional_stability,low
21,875,right_cheek,679.0,339.4,797.2,469.1,1008.8,514.2,1156.5,676.4,3ccY8jYkI5o.004.mp4,1280,720,23.976,367,emotional_stability,low
22,917,left_eye,483.6,284.7,589.2,361.5,764.5,445.9,896.5,541.8,3ccY8jYkI5o.004.mp4,1280,720,23.976,367,emotional_stability,low
22,917,right_eye,634.6,254.5,753.1,330.9,953.2,408.1,1101.4,503.6,3ccY8jYkI5o.004.mp4,1280,720,23.976,367,emotional_stability,low
22,917,nose,574.6,314.1,676.8,423.9,878.3,482.6,1005.9,619.9,3ccY8jYkI5o.004.mp4,1280,720,23.976,367,emotional_stability,low
22,917,mouth,563.0,438.3,725.1,517.9,863.7,637.9,1066.4,737.4,3ccY8jYkI5o.004.mp4,1280,720,23.976,367,emotional_stability,low
22,917,forehead,475.1,207.8,810.5,519.8,753.8,349.7,1173.2,739.8,3ccY8jYkI5o.004.mp4,1280,720,23.976,367,emotional_stability,low
22,917,chin,484.8,351.2,810.5,584.5,766.0,529.0,1173.2,820.6,3ccY8jYkI5o.004.mp4,1280,720,23.976,367,emotional_stability,low
22,917,left_cheek,485.2,377.9,571.8,508.0,766.5,562.4,874.7,725.0,3ccY8jYkI5o.004.mp4,1280,720,23.976,367,emotional_stability,low
22,917,right_cheek,678.4,338.8,795.3,467.5,1007.9,513.5,1154.1,674.4,3ccY8jYkI5o.004.mp4,1280,720,23.976,367,emotional_stability,low
23,959,left_eye,486.4,284.1,591.4,360.8,768.0,445.1,899.3,541.0,3ccY8jYkI5o.004.mp4,1280,720,23.976,367,emotional_stability,low
23,959,right_eye,637.5,253.2,754.7,330.3,956.9,406.5,1103.4,502.9,3ccY8jYkI5o.004.mp4,1280,720,23.976,367,emotional_stability,low
23,959,nose,576.0,313.5,676.9,423.9,880.0,481.9,1006.1,619.9,3ccY8jYkI5o.004.mp4,1280,720,23.976,367,emotional_stability,low
23,959,mouth,565.9,438.2,725.8,516.7,867.4,637.8,1067.2,735.9,3ccY8jYkI5o.004.mp4,1280,720,23.976,367,emotional_stability,low
23,959,forehead,477.8,205.9,811.5,519.4,757.3,347.3,1174.4,739.2,3ccY8jYkI5o.004.mp4,1280,720,23.976,367,emotional_stability,low
23,959,chin,486.7,347.4,811.5,582.4,768.4,524.2,1174.4,818.0,3ccY8jYkI5o.004.mp4,1280,720,23.976,367,emotional_stability,low
23,959,left_cheek,487.4,377.8,573.3,507.1,769.2,562.2,876.6,723.8,3ccY8jYkI5o.004.mp4,1280,720,23.976,367,emotional_stability,low
23,959,right_cheek,680.2,336.7,796.1,465.5,1010.2,510.8,1155.1,671.8,3ccY8jYkI5o.004.mp4,1280,720,23.976,367,emotional_stability,low
24,1001,left_eye,486.7,282.6,594.9,358.7,768.4,443.2,903.6,538.3,3ccY8jYkI5o.004.mp4,1280,720,23.976,367,emotional_stability,low
24,1001,right_eye,642.6,252.3,756.2,329.3,963.3,405.4,1105.3,501.6,3ccY8jYkI5o.004.mp4,1280,720,23.976,367,emotional_stability,low
24,1001,nose,585.2,312.4,685.3,424.2,891.5,480.5,1016.6,620.3,3ccY8jYkI5o.004.mp4,1280,720,23.976,367,emotional_stability,low
24,1001,mouth,574.6,441.3,729.2,518.8,878.3,641.6,1071.5,738.4,3ccY8jYkI5o.004.mp4,1280,720,23.976,367,emotional_stability,low
24,1001,forehead,479.5,203.6,811.9,516.7,759.4,344.6,1174.9,735.9,3ccY8jYkI5o.004.mp4,1280,720,23.976,367,emotional_stability,low
24,1001,chin,487.8,345.3,811.9,583.1,769.7,521.7,1174.9,818.9,3ccY8jYkI5o.004.mp4,1280,720,23.976,367,emotional_stability,low
24,1001,left_cheek,489.0,377.3,579.8,507.0,771.2,561.6,884.7,723.7,3ccY8jYkI5o.004.mp4,1280,720,23.976,367,emotional_stability,low
24,1001,right_cheek,685.2,336.5,797.7,466.8,1016.6,510.6,1157.2,673.5,3ccY8jYkI5o.004.mp4,1280,720,23.976,367,emotional_stability,low
25,1042,left_eye,495.5,282.5,605.1,358.7,779.4,443.1,916.4,538.3,3ccY8jYkI5o.004.mp4,1280,720,23.976,367,emotional_stability,low
25,1042,right_eye,653.4,252.5,765.3,329.3,976.7,405.6,1116.7,501.6,3ccY8jYkI5o.004.mp4,1280,720,23.976,367,emotional_stability,low
25,1042,nose,596.2,312.9,693.2,426.9,905.3,481.1,1026.5,623.6,3ccY8jYkI5o.004.mp4,1280,720,23.976,367,emotional_stability,low
25,1042,mouth,586.1,445.4,731.2,519.3,892.6,646.7,1074.0,739.1,3ccY8jYkI5o.004.mp4,1280,720,23.976,367,emotional_stability,low
25,1042,forehead,484.9,204.2,813.6,512.5,766.2,345.2,1177.0,730.6,3ccY8jYkI5o.004.mp4,1280,720,23.976,367,emotional_stability,low
25,1042,chin,491.6,346.3,813.6,582.3,774.5,522.9,1177.0,817.9,3ccY8jYkI5o.004.mp4,1280,720,23.976,367,emotional_stability,low
25,1042,left_cheek,498.0,377.0,590.0,506.7,782.5,561.3,897.5,723.3,3ccY8jYkI5o.004.mp4,1280,720,23.976,367,emotional_stability,low
25,1042,right_cheek,693.2,336.8,800.4,467.0,1026.5,511.0,1160.5,673.8,3ccY8jYkI5o.004.mp4,1280,720,23.976,367,emotional_stability,low
26,1084,left_eye,501.5,282.4,611.1,357.9,786.9,443.1,923.8,537.4,3ccY8jYkI5o.004.mp4,1280,720,23.976,367,emotional_stability,low
26,1084,right_eye,659.3,252.7,769.9,329.4,984.1,405.9,1122.4,501.8,3ccY8jYkI5o.004.mp4,1280,720,23.976,367,emotional_stability,low
26,1084,nose,602.5,313.0,698.0,427.1,913.2,481.3,1032.6,623.9,3ccY8jYkI5o.004.mp4,1280,720,23.976,367,emotional_stability,low
26,1084,mouth,593.4,446.0,732.5,520.1,901.7,647.5,1075.6,740.2,3ccY8jYkI5o.004.mp4,1280,720,23.976,367,emotional_stability,low
26,1084,forehead,489.5,205.2,813.8,507.5,771.9,346.5,1177.2,724.4,3ccY8jYkI5o.004.mp4,1280,720,23.976,367,emotional_stability,low
26,1084,chin,496.0,346.5,813.8,580.6,780.0,523.1,1177.2,815.8,3ccY8jYkI5o.004.mp4,1280,720,23.976,367,emotional_stability,low
26,1084,left_cheek,504.0,376.9,596.0,504.6,790.0,561.1,905.0,720.8,3ccY8jYkI5o.004.mp4,1280,720,23.976,367,emotional_stability,low
26,1084,right_cheek,697.8,337.2,801.6,467.7,1032.3,511.5,1162.0,674.6,3ccY8jYkI5o.004.mp4,1280,720,23.976,367,emotional_stability,low
27,1126,left_eye,502.8,281.6,613.3,356.1,788.6,442.0,926.6,535.2,3ccY8jYkI5o.004.mp4,1280,720,23.976,367,emotional_stability,low
27,1126,right_eye,661.5,252.7,772.4,328.8,986.9,405.8,1125.5,501.0,3ccY8jYkI5o.004.mp4,1280,720,23.976,367,emotional_stability,low
27,1126,nose,604.7,312.8,700.1,427.1,915.8,481.0,1035.1,623.9,3ccY8jYkI5o.004.mp4,1280,720,23.976,367,emotional_stability,low
27,1126,mouth,597.6,447.5,732.9,520.4,907.0,649.3,1076.1,740.5,3ccY8jYkI5o.004.mp4,1280,720,23.976,367,emotional_stability,low
27,1126,forehead,490.9,205.3,814.1,504.1,773.6,346.6,1177.7,720.1,3ccY8jYkI5o.004.mp4,1280,720,23.976,367,emotional_stability,low
27,1126,chin,497.4,344.7,814.1,579.3,781.7,520.9,1177.7,814.1,3ccY8jYkI5o.004.mp4,1280,720,23.976,367,emotional_stability,low
27,1126,left_cheek,505.8,375.8,598.1,503.1,792.2,559.8,907.6,718.9,3ccY8jYkI5o.004.mp4,1280,720,23.976,367,emotional_stability,low
27,1126,right_cheek,699.7,337.7,802.5,468.2,1034.7,512.2,1163.1,675.2,3ccY8jYkI5o.004.mp4,1280,720,23.976,367,emotional_stability,low
28,1167,left_eye,504.2,280.6,614.8,354.5,790.3,440.7,928.5,533.2,3ccY8jYkI5o.004.mp4,1280,720,23.976,367,emotional_stability,low
28,1167,right_eye,663.4,251.8,774.9,328.0,989.2,404.7,1128.6,500.0,3ccY8jYkI5o.004.mp4,1280,720,23.976,367,emotional_stability,low
28,1167,nose,607.1,312.2,702.2,427.1,918.9,480.2,1037.7,623.8,3ccY8jYkI5o.004.mp4,1280,720,23.976,367,emotional_stability,low
28,1167,mouth,601.4,447.4,735.0,519.7,911.8,649.2,1078.7,739.6,3ccY8jYkI5o.004.mp4,1280,720,23.976,367,emotional_stability,low
28,1167,forehead,491.7,204.6,816.8,501.4,774.6,345.8,1181.0,716.7,3ccY8jYkI5o.004.mp4,1280,720,23.976,367,emotional_stability,low
28,1167,chin,498.5,341.2,816.8,577.6,783.2,516.4,1181.0,812.0,3ccY8jYkI5o.004.mp4,1280,720,23.976,367,emotional_stability,low
28,1167,left_cheek,507.3,374.7,600.2,501.7,794.2,558.4,910.3,717.2,3ccY8jYkI5o.004.mp4,1280,720,23.976,367,emotional_stability,low
28,1167,right_cheek,701.7,336.8,804.5,468.1,1037.2,511.0,1165.6,675.1,3ccY8jYkI5o.004.mp4,1280,720,23.976,367,emotional_stability,low
29,1209,left_eye,506.1,280.1,617.7,354.4,792.7,440.1,932.1,533.0,3ccY8jYkI5o.004.mp4,1280,720,23.976,367,emotional_stability,low
29,1209,right_eye,666.1,251.3,778.1,328.0,992.7,404.2,1132.6,500.0,3ccY8jYkI5o.004.mp4,1280,720,23.976,367,emotional_stability,low
29,1209,nose,610.1,312.1,704.5,427.7,922.6,480.1,1040.6,624.6,3ccY8jYkI5o.004.mp4,1280,720,23.976,367,emotional_stability,low
29,1209,mouth,603.8,447.8,738.0,519.0,914.8,649.7,1082.5,738.7,3ccY8jYkI5o.004.mp4,1280,720,23.976,367,emotional_stability,low
29,1209,forehead,493.5,204.0,819.8,500.7,776.8,345.0,1184.8,715.8,3ccY8jYkI5o.004.mp4,1280,720,23.976,367,emotional_stability,low
29,1209,chin,500.7,340.4,819.8,576.7,785.9,515.5,1184.8,810.9,3ccY8jYkI5o.004.mp4,1280,720,23.976,367,emotional_stability,low
29,1209,left_cheek,509.6,374.6,602.8,501.4,797.1,558.2,913.6,716.8,3ccY8jYkI5o.004.mp4,1280,720,23.976,367,emotional_stability,low
29,1209,right_cheek,704.4,336.8,806.9,468.2,1040.5,511.0,1168.6,675.3,3ccY8jYkI5o.004.mp4,1280,720,23.976,367,emotional_stability,low
30,1251,left_eye,505.8,280.6,617.5,354.7,792.2,440.7,931.9,533.3,3ccY8jYkI5o.004.mp4,1280,720,23.976,367,emotional_stability,low
30,1251,right_eye,666.2,251.8,778.6,328.9,992.8,404.7,1133.2,501.1,3ccY8jYkI5o.004.mp4,1280,720,23.976,367,emotional_stability,low
30,1251,nose,608.7,312.8,704.9,429.9,920.8,481.0,1041.1,627.4,3ccY8jYkI5o.004.mp4,1280,720,23.976,367,emotional_stability,low
30,1251,mouth,601.9,449.9,737.6,519.4,912.3,652.3,1082.0,739.2,3ccY8jYkI5o.004.mp4,1280,720,23.976,367,emotional_stability,low
30,1251,forehead,493.6,204.1,820.2,501.9,777.0,345.1,1185.2,717.3,3ccY8jYkI5o.004.mp4,1280,720,23.976,367,emotional_stability,low
30,1251,chin,500.7,341.5,820.2,577.6,785.8,516.9,1185.2,812.1,3ccY8jYkI5o.004.mp4,1280,720,23.976,367,emotional_stability,low
30,1251,left_cheek,509.1,375.3,602.0,502.3,796.4,559.1,912.5,717.8,3ccY8jYkI5o.004.mp4,1280,720,23.976,367,emotional_stability,low
30,1251,right_cheek,704.3,338.0,806.7,470.3,1040.4,512.4,1168.3,677.8,3ccY8jYkI5o.004.mp4,1280,720,23.976,367,emotional_stability,low
31,1292,left_eye,506.4,280.6,618.4,354.7,793.0,440.7,933.1,533.4,3ccY8jYkI5o.004.mp4,1280,720,23.976,367,emotional_stability,low
31,1292,right_eye,668.0,251.9,780.6,329.5,995.0,404.8,1135.7,501.9,3ccY8jYkI5o.004.mp4,1280,720,23.976,367,emotional_stability,low
31,1292,nose,610.1,313.2,705.5,431.6,922.7,481.5,1041.9,629.4,3ccY8jYkI5o.004.mp4,1280,720,23.976,367,emotional_stability,low
31,1292,mouth,604.1,451.7,737.1,522.0,915.1,654.7,1081.3,742.5,3ccY8jYkI5o.004.mp4,1280,720,23.976,367,emotional_stability,low
31,1292,forehead,494.4,204.2,820.6,501.4,778.0,345.3,1185.8,716.8,3ccY8jYkI5o.004.mp4,1280,720,23.976,367,emotional_stability,low
31,1292,chin,501.4,342.1,820.6,578.2,786.7,517.6,1185.8,812.7,3ccY8jYkI5o.004.mp4,1280,720,23.976,367,emotional_stability,low
31,1292,left_cheek,509.9,375.5,603.2,502.7,797.3,559.4,913.9,718.4,3ccY8jYkI5o.004.mp4,1280,720,23.976,367,emotional_stability,low
31,1292,right_cheek,705.2,338.7,806.8,472.0,1041.5,513.4,1168.5,680.0,3ccY8jYkI5o.004.mp4,1280,720,23.976,367,emotional_stability,low
32,1334,left_eye,506.6,286.9,617.6,360.8,793.3,448.6,932.0,541.0,3ccY8jYkI5o.004.mp4,1280,720,23.976,367,emotional_stability,low
32,1334,right_eye,668.8,260.9,780.5,337.1,996.0,416.1,1135.6,511.4,3ccY8jYkI5o.004.mp4,1280,720,23.976,367,emotional_stability,low
32,1334,nose,608.8,320.8,706.8,441.9,921.0,491.0,1043.5,642.3,3ccY8jYkI5o.004.mp4,1280,720,23.976,367,emotional_stability,low
32,1334,mouth,604.7,462.9,736.7,534.7,915.8,668.6,1080.9,758.4,3ccY8jYkI5o.004.mp4,1280,720,23.976,367,emotional_stability,low
32,1334,forehead,494.3,209.3,820.7,504.3,777.8,351.7,1185.9,720.4,3ccY8jYkI5o.004.mp4,1280,720,23.976,367,emotional_stability,low
32,1334,chin,501.2,347.0,820.7,588.0,786.5,523.8,1185.9,825.0,3ccY8jYkI5o.004.mp4,1280,720,23.976,367,emotional_stability,low
32,1334,left_cheek,509.7,382.3,602.8,510.6,797.1,567.9,913.5,728.3,3ccY8jYkI5o.004.mp4,1280,720,23.976,367,emotional_stability,low
32,1334,right_cheek,705.5,346.8,806.5,481.9,1041.9,523.5,1168.1,692.3,3ccY8jYkI5o.004.mp4,1280,720,23.976,367,emotional_stability,low
33,1376,left_eye,507.0,298.2,617.2,371.3,793.7,462.7,931.5,554.1,3ccY8jYkI5o.004.mp4,1280,720,23.976,367,emotional_stability,low
33,1376,right_eye,669.7,273.2,781.0,348.4,997.1,431.5,1136.2,525.5,3ccY8jYkI5o.004.mp4,1280,720,23.976,367,emotional_stability,low
33,1376,nose,607.8,332.7,707.7,456.3,919.7,505.8,1044.6,660.3,3ccY8jYkI5o.004.mp4,1280,720,23.976,367,emotional_stability,low
33,1376,mouth,605.0,482.2,735.9,556.0,916.3,692.7,1079.8,785.0,3ccY8jYkI5o.004.mp4,1280,720,23.976,367,emotional_stability,low
33,1376,forehead,493.9,219.4,820.8,509.8,777.4,364.2,1186.0,727.3,3ccY8jYkI5o.004.mp4,1280,720,23.976,367,emotional_stability,low
33,1376,chin,500.9,354.1,820.8,603.6,786.1,532.7,1186.0,844.5,3ccY8jYkI5o.004.mp4,1280,720,23.976,367,emotional_stability,low
33,1376,left_cheek,509.2,393.6,602.4,522.8,796.5,582.0,913.0,743.5,3ccY8jYkI5o.004.mp4,1280,720,23.976,367,emotional_stability,low
33,1376,right_cheek,705.7,358.1,806.3,496.4,1042.1,537.6,1167.9,710.4,3ccY8jYkI5o.004.mp4,1280,720,23.976,367,emotional_stability,low
34,1418,left_eye,506.7,309.1,616.8,381.0,793.4,476.3,931.1,566.2,3ccY8jYkI5o.004.mp4,1280,720,23.976,367,emotional_stability,low
34,1418,right_eye,669.6,284.2,781.6,359.3,997.0,445.2,1136.9,539.1,3ccY8jYkI5o.004.mp4,1280,720,23.976,367,emotional_stability,low
34,1418,nose,607.3,343.9,708.3,469.9,919.2,519.9,1045.4,677.4,3ccY8jYkI5o.004.mp4,1280,720,23.976,367,emotional_stability,low
34,1418,mouth,605.5,498.3,734.3,562.5,916.9,712.9,1077.9,793.2,3ccY8jYkI5o.004.mp4,1280,720,23.976,367,emotional_stability,low
34,1418,forehead,493.8,229.7,820.9,517.3,777.3,377.1,1186.1,736.7,3ccY8jYkI5o.004.mp4,1280,720,23.976,367,emotional_stability,low
34,1418,chin,500.8,364.2,820.9,612.8,786.0,545.3,1186.1,856.0,3ccY8jYkI5o.004.mp4,1280,720,23.976,367,emotional_stability,low
34,1418,left_cheek,508.8,404.2,602.4,532.6,796.0,595.3,913.0,755.8,3ccY8jYkI5o.004.mp4,1280,720,23.976,367,emotional_stability,low
34,1418,right_cheek,705.6,369.4,806.2,508.2,1042.0,551.7,1167.7,725.2,3ccY8jYkI5o.004.mp4,1280,720,23.976,367,emotional_stability,low
35,1459,left_eye,505.6,313.8,616.7,386.4,792.0,482.2,930.9,573.1,3ccY8jYkI5o.004.mp4,1280,720,23.976,367,emotional_stability,low
35,1459,right_eye,668.7,289.1,780.9,364.9,995.9,451.4,1136.2,546.1,3ccY8jYkI5o.004.mp4,1280,720,23.976,367,emotional_stability,low
35,1459,nose,606.7,349.5,707.4,477.9,918.4,526.9,1044.3,687.4,3ccY8jYkI5o.004.mp4,1280,720,23.976,367,emotional_stability,low
35,1459,mouth,604.3,507.0,730.7,564.7,915.3,723.8,1073.4,795.8,3ccY8jYkI5o.004.mp4,1280,720,23.976,367,emotional_stability,low
35,1459,forehead,491.7,234.8,820.1,523.5,774.6,383.5,1185.2,744.4,3ccY8jYkI5o.004.mp4,1280,720,23.976,367,emotional_stability,low
35,1459,chin,499.1,369.7,820.1,620.4,783.9,552.1,1185.2,865.4,3ccY8jYkI5o.004.mp4,1280,720,23.976,367,emotional_stability,low
35,1459,left_cheek,507.7,410.3,602.1,539.1,794.7,602.9,912.6,763.9,3ccY8jYkI5o.004.mp4,1280,720,23.976,367,emotional_stability,low
35,1459,right_cheek,705.2,375.2,804.0,514.9,1041.5,558.9,1165.0,733.6,3ccY8jYkI5o.004.mp4,1280,720,23.976,367,emotional_stability,low
36,1501,left_eye,503.0,314.0,615.3,386.8,788.7,482.5,929.1,573.5,3ccY8jYkI5o.004.mp4,1280,720,23.976,367,emotional_stability,low
36,1501,right_eye,668.3,288.9,780.7,365.8,995.3,451.1,1135.8,547.3,3ccY8jYkI5o.004.mp4,1280,720,23.976,367,emotional_stability,low
36,1501,nose,605.7,349.8,705.5,477.3,917.1,527.2,1041.9,686.6,3ccY8jYkI5o.004.mp4,1280,720,23.976,367,emotional_stability,low
36,1501,mouth,604.1,509.4,727.5,563.5,915.2,726.8,1069.3,794.4,3ccY8jYkI5o.004.mp4,1280,720,23.976,367,emotional_stability,low
36,1501,forehead,489.3,236.1,819.9,525.5,771.7,385.1,1184.9,746.9,3ccY8jYkI5o.004.mp4,1280,720,23.976,367,emotional_stability,low
36,1501,chin,495.9,371.6,819.9,623.5,779.9,554.5,1184.9,869.4,3ccY8jYkI5o.004.mp4,1280,720,23.976,367,emotional_stability,low
36,1501,left_cheek,505.0,410.7,601.0,540.7,791.2,603.4,911.3,765.9,3ccY8jYkI5o.004.mp4,1280,720,23.976,367,emotional_stability,low
36,1501,right_cheek,703.7,376.8,803.0,517.5,1039.6,561.0,1163.7,736.8,3ccY8jYkI5o.004.mp4,1280,720,23.976,367,emotional_stability,low
37,1543,left_eye,499.5,310.7,610.9,383.4,784.4,478.4,923.7,569.2,3ccY8jYkI5o.004.mp4,1280,720,23.976,367,emotional_stability,low
37,1543,right_eye,665.9,286.1,779.5,362.2,992.4,447.6,1134.3,542.8,3ccY8jYkI5o.004.mp4,1280,720,23.976,367,emotional_stability,low
37,1543,nose,601.0,346.5,700.8,472.8,911.3,523.2,1036.0,681.0,3ccY8jYkI5o.004.mp4,1280,720,23.976,367,emotional_stability,low
37,1543,mouth,601.4,505.4,722.2,563.6,911.7,721.8,1062.7,794.5,3ccY8jYkI5o.004.mp4,1280,720,23.976,367,emotional_stability,low
37,1543,forehead,486.9,234.7,817.3,522.2,768.7,383.3,1181.7,742.8,3ccY8jYkI5o.004.mp4,1280,720,23.976,367,emotional_stability,low
37,1543,chin,492.7,369.1,817.3,622.3,775.9,551.4,1181.7,867.9,3ccY8jYkI5o.004.mp4,1280,720,23.976,367,emotional_stability,low
37,1543,left_cheek,501.1,407.1,596.7,536.9,786.4,598.8,905.8,761.1,3ccY8jYkI5o.004.mp4,1280,720,23.976,367,emotional_stability,low
37,1543,right_cheek,699.5,374.1,800.1,514.5,1034.4,557.6,1160.1,733.1,3ccY8jYkI5o.004.mp4,1280,720,23.976,367,emotional_stability,low
38,1584,left_eye,499.6,307.0,611.2,380.0,784.6,473.7,924.0,565.0,3ccY8jYkI5o.004.mp4,1280,720,23.976,367,emotional_stability,low
38,1584,right_eye,665.9,283.1,779.9,358.9,992.3,443.8,1134.9,538.6,3ccY8jYkI5o.004.mp4,1280,720,23.976,367,emotional_stability,low
38,1584,nose,600.4,344.3,699.7,467.9,910.5,520.4,1034.7,674.9,3ccY8jYkI5o.004.mp4,1280,720,23.976,367,emotional_stability,low
38,1584,mouth,601.0,499.2,721.3,559.7,911.3,714.0,1061.7,789.6,3ccY8jYkI5o.004.mp4,1280,720,23.976,367,emotional_stability,low
38,1584,forehead,486.9,231.9,817.5,514.7,768.7,379.8,1181.9,733.4,3ccY8jYkI5o.004.mp4,1280,720,23.976,367,emotional_stability,low
38,1584,chin,492.8,366.7,817.5,616.8,776.0,548.4,1181.9,861.0,3ccY8jYkI5o.004.mp4,1280,720,23.976,367,emotional_stability,low
38,1584,left_cheek,501.0,404.5,596.3,536.3,786.3,595.7,905.3,760.3,3ccY8jYkI5o.004.mp4,1280,720,23.976,367,emotional_stability,low
38,1584,right_cheek,699.3,370.2,800.3,509.5,1034.2,552.7,1160.4,726.9,3ccY8jYkI5o.004.mp4,1280,720,23.976,367,emotional_stability,low
39,1626,left_eye,499.5,297.1,610.8,370.8,784.4,461.4,923.5,553.5,3ccY8jYkI5o.004.mp4,1280,720,23.976,367,emotional_stability,low
39,1626,right_eye,665.8,277.1,780.2,353.5,992.3,436.3,1135.3,531.9,3ccY8jYkI5o.004.mp4,1280,720,23.976,367,emotional_stability,low
39,1626,nose,597.3,334.7,698.9,457.0,906.6,508.4,1033.6,661.2,3ccY8jYkI5o.004.mp4,1280,720,23.976,367,emotional_stability,low
39,1626,mouth,597.5,493.7,720.9,561.3,906.8,707.1,1061.1,791.6,3ccY8jYkI5o.004.mp4,1280,720,23.976,367,emotional_stability,low
39,1626,forehead,487.2,226.4,817.5,506.6,769.0,373.0,1181.9,723.3,3ccY8jYkI5o.004.mp4,1280,720,23.976,367,emotional_stability,low
39,1626,chin,493.2,366.5,817.5,615.0,776.5,548.2,1181.9,858.7,3ccY8jYkI5o.004.mp4,1280,720,23.976,367,emotional_stability,low
39,1626,left_cheek,500.9,394.8,594.1,524.1,786.1,583.5,902.6,745.2,3ccY8jYkI5o.004.mp4,1280,720,23.976,367,emotional_stability,low
39,1626,right_cheek,699.2,368.7,800.4,508.5,1034.0,550.9,1160.5,725.6,3ccY8jYkI5o.004.mp4,1280,720,23.976,367,emotional_stability,low
40,1668,left_eye,499.4,291.7,610.1,366.3,784.2,454.7,922.7,547.9,3ccY8jYkI5o.004.mp4,1280,720,23.976,367,emotional_stability,low
40,1668,right_eye,665.5,273.1,781.0,349.8,991.9,431.4,1136.2,527.2,3ccY8jYkI5o.004.mp4,1280,720,23.976,367,emotional_stability,low
40,1668,nose,594.2,329.4,696.2,451.2,902.7,501.7,1030.3,654.0,3ccY8jYkI5o.004.mp4,1280,720,23.976,367,emotional_stability,low
40,1668,mouth,587.8,481.3,720.9,568.1,894.8,691.6,1061.1,800.2,3ccY8jYkI5o.004.mp4,1280,720,23.976,367,emotional_stability,low
40,1668,forehead,487.3,221.0,817.8,504.1,769.1,366.2,1182.2,720.1,3ccY8jYkI5o.004.mp4,1280,720,23.976,367,emotional_stability,low
40,1668,chin,493.5,365.4,817.8,614.9,776.8,546.7,1182.2,858.6,3ccY8jYkI5o.004.mp4,1280,720,23.976,367,emotional_stability,low
40,1668,left_cheek,499.9,388.7,591.1,518.4,784.9,575.8,898.9,738.0,3ccY8jYkI5o.004.mp4,1280,720,23.976,367,emotional_stability,low
40,1668,right_cheek,698.6,367.0,800.6,506.7,1033.3,548.7,1160.7,723.4,3ccY8jYkI5o.004.mp4,1280,720,23.976,367,emotional_stability,low
41,1710,left_eye,498.9,289.8,607.9,362.6,783.6,452.2,919.9,543.2,3ccY8jYkI5o.004.mp4,1280,720,23.976,367,emotional_stability,low
41,1710,right_eye,664.1,273.3,780.8,347.5,990.1,431.6,1136.0,524.4,3ccY8jYkI5o.004.mp4,1280,720,23.976,367,emotional_stability,low
41,1710,nose,589.0,327.3,690.8,448.1,896.3,499.1,1023.5,650.1,3ccY8jYkI5o.004.mp4,1280,720,23.976,367,emotional_stability,low
41,1710,mouth,577.3,474.2,719.1,567.7,881.6,682.7,1058.9,799.6,3ccY8jYkI5o.004.mp4,1280,720,23.976,367,emotional_stability,low
41,1710,forehead,487.5,219.6,817.6,504.2,769.3,364.5,1182.0,720.3,3ccY8jYkI5o.004.mp4,1280,720,23.976,367,emotional_stability,low
41,1710,chin,491.9,367.1,817.6,617.6,774.9,548.9,1182.0,862.0,3ccY8jYkI5o.004.mp4,1280,720,23.976,367,emotional_stability,low
41,1710,left_cheek,497.1,383.8,587.5,515.0,781.4,569.8,894.3,733.7,3ccY8jYkI5o.004.mp4,1280,720,23.976,367,emotional_stability,low
41,1710,right_cheek,695.1,366.3,799.1,505.8,1028.9,547.9,1158.8,722.2,3ccY8jYkI5o.004.mp4,1280,720,23.976,367,emotional_stability,low
42,1751,left_eye,497.4,287.3,603.4,359.4,781.7,449.1,914.2,539.2,3ccY8jYkI5o.004.mp4,1280,720,23.976,367,emotional_stability,low
42,1751,right_eye,659.7,273.4,778.4,345.8,984.6,431.8,1133.0,522.2,3ccY8jYkI5o.004.mp4,1280,720,23.976,367,emotional_stability,low
42,1751,nose,580.8,325.1,684.9,444.7,886.0,496.3,1016.2,645.9,3ccY8jYkI5o.004.mp4,1280,720,23.976,367,emotional_stability,low
42,1751,mouth,568.4,467.9,714.9,563.0,870.6,674.8,1053.7,793.7,3ccY8jYkI5o.004.mp4,1280,720,23.976,367,emotional_stability,low
42,1751,forehead,487.5,218.9,816.4,502.5,769.4,363.7,1180.4,718.2,3ccY8jYkI5o.004.mp4,1280,720,23.976,367,emotional_stability,low
42,1751,chin,490.7,369.0,816.4,616.2,773.4,551.2,1180.4,860.3,3ccY8jYkI5o.004.mp4,1280,720,23.976,367,emotional_stability,low
42,1751,left_cheek,493.7,379.3,581.7,509.6,777.1,564.1,887.1,726.9,3ccY8jYkI5o.004.mp4,1280,720,23.976,367,emotional_stability,low
42,1751,right_cheek,689.5,365.9,795.5,504.2,1021.9,547.4,1154.4,720.3,3ccY8jYkI5o.004.mp4,1280,720,23.976,367,emotional_stability,low
43,1793,left_eye,495.8,282.2,598.2,353.5,779.8,442.8,907.7,531.9,3ccY8jYkI5o.004.mp4,1280,720,23.976,367,emotional_stability,low
43,1793,right_eye,654.6,272.0,775.1,342.2,978.2,430.1,1128.8,517.7,3ccY8jYkI5o.004.mp4,1280,720,23.976,367,emotional_stability,low
43,1793,nose,574.0,320.8,679.3,440.9,877.4,491.0,1009.1,641.2,3ccY8jYkI5o.004.mp4,1280,720,23.976,367,emotional_stability,low
43,1793,mouth,558.5,461.6,708.8,542.5,858.2,667.0,1045.9,768.1,3ccY8jYkI5o.004.mp4,1280,720,23.976,367,emotional_stability,low
43,1793,forehead,487.5,215.0,814.9,498.9,769.3,358.8,1178.6,713.6,3ccY8jYkI5o.004.mp4,1280,720,23.976,367,emotional_stability,low
43,1793,chin,489.2,369.1,814.9,607.3,771.5,551.4,1178.6,849.1,3ccY8jYkI5o.004.mp4,1280,720,23.976,367,emotional_stability,low
43,1793,left_cheek,489.4,373.6,576.2,503.3,771.8,557.0,880.3,719.1,3ccY8jYkI5o.004.mp4,1280,720,23.976,367,emotional_stability,low
43,1793,right_cheek,684.2,363.9,792.7,500.9,1015.3,544.8,1150.9,716.1,3ccY8jYkI5o.004.mp4,1280,720,23.976,367,emotional_stability,low
44,1835,left_eye,493.6,275.3,594.5,348.0,777.0,434.2,903.1,525.0,3ccY8jYkI5o.004.mp4,1280,720,23.976,367,emotional_stability,low
44,1835,right_eye,650.9,268.1,773.8,339.1,973.6,425.1,1127.2,513.9,3ccY8jYkI5o.004.mp4,1280,720,23.976,367,emotional_stability,low
44,1835,nose,568.0,315.0,671.1,435.8,870.1,483.7,998.9,634.8,3ccY8jYkI5o.004.mp4,1280,720,23.976,367,emotional_stability,low
44,1835,mouth,551.6,457.9,702.0,533.9,849.5,662.4,1037.5,757.3,3ccY8jYkI5o.004.mp4,1280,720,23.976,367,emotional_stability,low
44,1835,forehead,485.4,207.6,815.3,494.2,766.8,349.5,1179.1,707.8,3ccY8jYkI5o.004.mp4,1280,720,23.976,367,emotional_stability,low
44,1835,chin,485.4,369.1,815.3,601.0,766.8,551.3,1179.1,841.2,3ccY8jYkI5o.004.mp4,1280,720,23.976,367,emotional_stability,low
44,1835,left_cheek,482.7,366.9,570.8,497.5,763.4,548.6,873.4,711.9,3ccY8jYkI5o.004.mp4,1280,720,23.976,367,emotional_stability,low
44,1835,right_cheek,679.1,361.4,792.0,498.5,1008.9,541.7,1149.9,713.1,3ccY8jYkI5o.004.mp4,1280,720,23.976,367,emotional_stability,low
45,1876,left_eye,491.8,269.8,591.1,343.1,774.7,427.3,898.9,518.9,3ccY8jYkI5o.004.mp4,1280,720,23.976,367,emotional_stability,low
45,1876,right_eye,646.2,264.6,770.7,335.7,967.7,420.7,1123.3,509.7,3ccY8jYkI5o.004.mp4,1280,720,23.976,367,emotional_stability,low
45,1876,nose,562.8,310.5,665.0,431.5,863.5,478.2,991.3,629.4,3ccY8jYkI5o.004.mp4,1280,720,23.976,367,emotional_stability,low
45,1876,mouth,546.7,452.2,697.9,529.7,843.3,655.2,1032.3,752.1,3ccY8jYkI5o.004.mp4,1280,720,23.976,367,emotional_stability,low
45,1876,forehead,485.3,202.3,815.1,490.1,766.7,342.9,1178.9,702.7,3ccY8jYkI5o.004.mp4,1280,720,23.976,367,emotional_stability,low
45,1876,chin,485.3,369.0,815.1,595.3,766.7,551.3,1178.9,834.2,3ccY8jYkI5o.004.mp4,1280,720,23.976,367,emotional_stability,low
45,1876,left_cheek,480.5,361.5,566.4,492.3,760.7,541.9,868.0,705.4,3ccY8jYkI5o.004.mp4,1280,720,23.976,367,emotional_stability,low
45,1876,right_cheek,674.3,358.0,789.0,495.1,1002.9,537.5,1146.2,708.8,3ccY8jYkI5o.004.mp4,1280,720,23.976,367,emotional_stability,low
46,1918,left_eye,489.7,267.4,589.2,341.9,772.1,424.3,896.4,517.4,3ccY8jYkI5o.004.mp4,1280,720,23.976,367,emotional_stability,low
46,1918,right_eye,643.2,262.6,769.0,334.4,964.0,418.3,1121.2,508.0,3ccY8jYkI5o.004.mp4,1280,720,23.976,367,emotional_stability,low
46,1918,nose,560.0,308.8,661.8,430.7,860.0,476.1,987.2,628.3,3ccY8jYkI5o.004.mp4,1280,720,23.976,367,emotional_stability,low
46,1918,mouth,544.6,451.3,696.1,528.4,840.7,654.1,1030.1,750.5,3ccY8jYkI5o.004.mp4,1280,720,23.976,367,emotional_stability,low
46,1918,forehead,485.0,199.3,815.1,490.7,766.3,339.1,1178.9,703.3,3ccY8jYkI5o.004.mp4,1280,720,23.976,367,emotional_stability,low
46,1918,chin,485.1,368.8,815.1,596.2,766.4,551.0,1178.9,835.2,3ccY8jYkI5o.004.mp4,1280,720,23.976,367,emotional_stability,low
46,1918,left_cheek,479.0,360.2,564.1,492.2,758.7,540.3,865.1,705.2,3ccY8jYkI5o.004.mp4,1280,720,23.976,367,emotional_stability,low
46,1918,right_cheek,671.8,356.8,787.8,495.0,999.7,536.0,1144.8,708.7,3ccY8jYkI5o.004.mp4,1280,720,23.976,367,emotional_stability,low
47,1960,left_eye,488.7,268.1,586.7,342.3,770.9,425.2,893.3,517.9,3ccY8jYkI5o.004.mp4,1280,720,23.976,367,emotional_stability,low
47,1960,right_eye,641.0,262.8,767.3,334.5,961.3,418.5,1119.1,508.2,3ccY8jYkI5o.004.mp4,1280,720,23.976,367,emotional_stability,low
47,1960,nose,558.1,309.2,659.6,430.4,857.6,476.5,984.4,628.0,3ccY8jYkI5o.004.mp4,1280,720,23.976,367,emotional_stability,low
47,1960,mouth,542.9,452.1,695.6,531.4,838.6,655.1,1029.5,754.2,3ccY8jYkI5o.004.mp4,1280,720,23.976,367,emotional_stability,low
47,1960,forehead,485.0,200.0,814.8,491.3,766.2,340.0,1178.5,704.1,3ccY8jYkI5o.004.mp4,1280,720,23.976,367,emotional_stability,low
47,1960,chin,485.5,368.4,814.8,598.0,766.9,550.5,1178.5,837.5,3ccY8jYkI5o.004.mp4,1280,720,23.976,367,emotional_stability,low
47,1960,left_cheek,478.7,360.7,562.3,492.7,758.4,540.8,862.9,705.9,3ccY8jYkI5o.004.mp4,1280,720,23.976,367,emotional_stability,low
47,1960,right_cheek,669.9,356.9,786.3,495.4,997.4,536.1,1142.8,709.2,3ccY8jYkI5o.004.mp4,1280,720,23.976,367,emotional_stability,low
48,2002,left_eye,488.7,268.0,586.3,341.6,770.8,425.0,892.8,517.0,3ccY8jYkI5o.004.mp4,1280,720,23.976,367,emotional_stability,low
48,2002,right_eye,639.8,262.7,765.8,334.4,959.8,418.4,1117.2,508.1,3ccY8jYkI5o.004.mp4,1280,720,23.976,367,emotional_stability,low
48,2002,nose,556.6,308.9,656.9,429.7,855.8,476.2,981.1,627.1,3ccY8jYkI5o.004.mp4,1280,720,23.976,367,emotional_stability,low
48,2002,mouth,541.6,451.2,694.1,532.4,837.1,654.0,1027.7,755.5,3ccY8jYkI5o.004.mp4,1280,720,23.976,367,emotional_stability,low
48,2002,forehead,485.0,200.1,814.1,492.0,766.3,340.2,1177.7,705.0,3ccY8jYkI5o.004.mp4,1280,720,23.976,367,emotional_stability,low
48,2002,chin,485.8,368.2,814.1,599.0,767.3,550.2,1177.7,838.8,3ccY8jYkI5o.004.mp4,1280,720,23.976,367,emotional_stability,low
48,2002,left_cheek,477.8,359.8,561.1,492.2,757.3,539.8,861.4,705.2,3ccY8jYkI5o.004.mp4,1280,720,23.976,367,emotional_stability,low
48,2002,right_cheek,668.0,356.7,784.7,495.5,995.0,535.9,1140.8,709.4,3ccY8jYkI5o.004.mp4,1280,720,23.976,367,emotional_stability,low
49,2043,left_eye,488.9,266.1,586.0,339.4,771.1,422.7,892.5,514.2,3ccY8jYkI5o.004.mp4,1280,720,23.976,367,emotional_stability,low
49,2043,right_eye,638.7,261.4,764.5,332.2,958.3,416.7,1115.7,505.3,3ccY8jYkI5o.004.mp4,1280,720,23.976,367,emotional_stability,low
49,2043,nose,554.8,307.0,654.5,426.6,853.5,473.7,978.1,623.3,3ccY8jYkI5o.004.mp4,1280,720,23.976,367,emotional_stability,low
49,2043,mouth,540.8,447.5,693.3,532.7,836.0,649.4,1026.6,755.8,3ccY8jYkI5o.004.mp4,1280,720,23.976,367,emotional_stability,low
49,2043,forehead,485.4,199.0,814.1,491.6,766.7,338.8,1177.6,704.5,3ccY8jYkI5o.004.mp4,1280,720,23.976,367,emotional_stability,low
49,2043,chin,486.2,367.8,814.1,599.2,767.8,549.7,1177.6,839.0,3ccY8jYkI5o.004.mp4,1280,720,23.976,367,emotional_stability,low
49,2043,left_cheek,477.6,357.3,560.1,489.8,757.0,536.7,860.1,702.2,3ccY8jYkI5o.004.mp4,1280,720,23.976,367,emotional_stability,low
49,2043,right_cheek,666.4,354.8,783.7,494.3,993.0,533.5,1139.6,707.9,3ccY8jYkI5o.004.mp4,1280,720,23.976,367,emotional_stability,low
50,2085,left_eye,489.2,263.5,585.6,336.6,771.5,419.4,892.0,510.7,3ccY8jYkI5o.004.mp4,1280,720,23.976,367,emotional_stability,low
50,2085,right_eye,637.1,258.8,763.1,329.4,956.4,413.4,1113.9,501.7,3ccY8jYkI5o.004.mp4,1280,720,23.976,367,emotional_stability,low
50,2085,nose,552.8,303.8,653.5,422.8,851.0,469.8,976.9,618.6,3ccY8jYkI5o.004.mp4,1280,720,23.976,367,emotional_stability,low
50,2085,mouth,541.9,444.6,693.5,537.7,837.4,645.8,1026.9,762.1,3ccY8jYkI5o.004.mp4,1280,720,23.976,367,emotional_stability,low
50,2085,forehead,485.9,197.0,814.1,490.3,767.4,336.3,1177.6,702.8,3ccY8jYkI5o.004.mp4,1280,720,23.976,367,emotional_stability,low
50,2085,chin,486.8,365.3,814.1,601.9,768.5,546.6,1177.6,842.4,3ccY8jYkI5o.004.mp4,1280,720,23.976,367,emotional_stability,low
50,2085,left_cheek,477.5,354.6,559.1,487.6,756.8,533.3,858.9,699.6,3ccY8jYkI5o.004.mp4,1280,720,23.976,367,emotional_stability,low
50,2085,right_cheek,665.7,352.0,782.9,492.8,992.1,530.0,1138.6,705.9,3ccY8jYkI5o.004.mp4,1280,720,23.976,367,emotional_stability,low
51,2127,left_eye,489.3,262.4,586.3,335.6,771.7,418.1,892.8,509.5,3ccY8jYkI5o.004.mp4,1280,720,23.976,367,emotional_stability,low
51,2127,right_eye,637.2,256.8,763.4,327.4,956.5,411.0,1114.2,499.3,3ccY8jYkI5o.004.mp4,1280,720,23.976,367,emotional_stability,low
51,2127,nose,553.8,301.8,654.0,421.7,852.2,467.2,977.5,617.1,3ccY8jYkI5o.004.mp4,1280,720,23.976,367,emotional_stability,low
51,2127,mouth,543.6,444.1,695.0,553.9,839.5,645.1,1028.8,782.3,3ccY8jYkI5o.004.mp4,1280,720,23.976,367,emotional_stability,low
51,2127,forehead,486.6,196.0,814.2,484.7,768.3,335.0,1177.7,695.9,3ccY8jYkI5o.004.mp4,1280,720,23.976,367,emotional_stability,low
51,2127,chin,489.1,360.6,814.2,608.0,771.4,540.8,1177.7,850.0,3ccY8jYkI5o.004.mp4,1280,720,23.976,367,emotional_stability,low
51,2127,left_cheek,478.6,353.9,559.9,487.6,758.3,532.4,859.9,699.6,3ccY8jYkI5o.004.mp4,1280,720,23.976,367,emotional_stability,low
51,2127,right_cheek,666.4,350.5,783.2,492.1,993.0,528.1,1139.0,705.1,3ccY8jYkI5o.004.mp4,1280,720,23.976,367,emotional_stability,low
52,2168,left_eye,490.3,263.8,586.6,336.7,772.8,419.7,893.3,510.9,3ccY8jYkI5o.004.mp4,1280,720,23.976,367,emotional_stability,low
52,2168,right_eye,638.5,257.7,763.6,328.3,958.1,412.1,1114.5,500.4,3ccY8jYkI5o.004.mp4,1280,720,23.976,367,emotional_stability,low
52,2168,nose,555.8,303.2,656.1,423.6,854.8,469.0,980.2,619.5,3ccY8jYkI5o.004.mp4,1280,720,23.976,367,emotional_stability,low
52,2168,mouth,543.7,445.4,696.0,565.5,839.7,646.7,1029.9,796.9,3ccY8jYkI5o.004.mp4,1280,720,23.976,367,emotional_stability,low
52,2168,forehead,487.8,197.2,815.6,483.4,769.8,336.5,1179.4,694.2,3ccY8jYkI5o.004.mp4,1280,720,23.976,367,emotional_stability,low
52,2168,chin,491.5,359.6,815.6,612.5,774.3,539.5,1179.4,855.6,3ccY8jYkI5o.004.mp4,1280,720,23.976,367,emotional_stability,low
52,2168,left_cheek,480.6,355.4,561.0,489.1,760.7,534.3,861.2,701.3,3ccY8jYkI5o.004.mp4,1280,720,23.976,367,emotional_stability,low
52,2168,right_cheek,667.7,351.4,783.6,492.5,994.7,529.3,1139.5,705.6,3ccY8jYkI5o.004.mp4,1280,720,23.976,367,emotional_stability,low
53,2210,left_eye,494.3,264.9,590.9,337.6,777.9,421.1,898.7,512.0,3ccY8jYkI5o.004.mp4,1280,720,23.976,367,emotional_stability,low
53,2210,right_eye,643.1,258.1,768.6,329.2,963.9,412.6,1120.8,501.5,3ccY8jYkI5o.004.mp4,1280,720,23.976,367,emotional_stability,low
53,2210,nose,560.6,304.3,659.7,424.8,860.7,470.4,984.7,621.0,3ccY8jYkI5o.004.mp4,1280,720,23.976,367,emotional_stability,low
53,2210,mouth,549.4,446.8,699.0,569.1,846.8,648.5,1033.8,801.4,3ccY8jYkI5o.004.mp4,1280,720,23.976,367,emotional_stability,low
53,2210,forehead,490.4,197.4,818.4,483.7,773.0,336.7,1183.0,694.6,3ccY8jYkI5o.004.mp4,1280,720,23.976,367,emotional_stability,low
53,2210,chin,494.0,360.7,818.4,619.5,777.5,540.9,1183.0,864.4,3ccY8jYkI5o.004.mp4,1280,720,23.976,367,emotional_stability,low
53,2210,left_cheek,485.5,356.6,565.4,490.4,766.9,535.8,866.8,703.0,3ccY8jYkI5o.004.mp4,1280,720,23.976,367,emotional_stability,low
53,2210,right_cheek,672.3,352.2,787.7,495.9,1000.4,530.3,1144.7,709.9,3ccY8jYkI5o.004.mp4,1280,720,23.976,367,emotional_stability,low
54,2252,left_eye,499.8,265.5,597.8,338.2,784.8,421.9,907.3,512.7,3ccY8jYkI5o.004.mp4,1280,720,23.976,367,emotional_stability,low
54,2252,right_eye,651.3,258.8,775.3,330.2,974.1,413.4,1129.1,502.8,3ccY8jYkI5o.004.mp4,1280,720,23.976,367,emotional_stability,low
54,2252,nose,569.8,304.5,669.4,425.0,872.2,470.7,996.7,621.3,3ccY8jYkI5o.004.mp4,1280,720,23.976,367,emotional_stability,low
54,2252,mouth,555.8,447.5,706.3,568.2,854.7,649.4,1042.8,800.3,3ccY8jYkI5o.004.mp4,1280,720,23.976,367,emotional_stability,low
54,2252,forehead,495.1,199.8,822.2,484.1,778.8,339.7,1187.7,695.1,3ccY8jYkI5o.004.mp4,1280,720,23.976,367,emotional_stability,low
54,2252,chin,497.3,361.2,822.2,617.8,781.6,541.5,1187.7,862.3,3ccY8jYkI5o.004.mp4,1280,720,23.976,367,emotional_stability,low
54,2252,left_cheek,491.0,356.8,573.3,491.3,773.8,536.0,876.6,704.2,3ccY8jYkI5o.004.mp4,1280,720,23.976,367,emotional_stability,low
54,2252,right_cheek,680.2,353.9,794.0,496.7,1010.2,532.4,1152.5,710.9,3ccY8jYkI5o.004.mp4,1280,720,23.976,367,emotional_stability,low
55,2293,left_eye,506.5,265.3,603.9,337.5,793.1,421.6,914.8,511.8,3ccY8jYkI5o.004.mp4,1280,720,23.976,367,emotional_stability,low
55,2293,right_eye,658.2,259.0,781.1,330.5,982.7,413.8,1136.3,503.1,3ccY8jYkI5o.004.mp4,1280,720,23.976,367,emotional_stability,low
55,2293,nose,575.5,305.1,675.8,425.6,879.3,471.3,1004.8,622.0,3ccY8jYkI5o.004.mp4,1280,720,23.976,367,emotional_stability,low
55,2293,mouth,561.5,447.0,708.2,551.6,861.9,648.8,1045.3,779.5,3ccY8jYkI5o.004.mp4,1280,720,23.976,367,emotional_stability,low
55,2293,forehead,501.5,200.0,825.9,484.4,786.9,340.0,1192.4,695.6,3ccY8jYkI5o.004.mp4,1280,720,23.976,367,emotional_stability,low
55,2293,chin,502.3,361.5,825.9,610.0,787.9,541.8,1192.4,852.5,3ccY8jYkI5o.004.mp4,1280,720,23.976,367,emotional_stability,low
55,2293,left_cheek,495.9,356.8,579.2,490.3,779.9,536.1,884.0,702.9,3ccY8jYkI5o.004.mp4,1280,720,23.976,367,emotional_stability,low
55,2293,right_cheek,685.8,354.1,799.0,496.0,1017.2,532.6,1158.8,710.0,3ccY8jYkI5o.004.mp4,1280,720,23.976,367,emotional_stability,low
56,2335,left_eye,511.3,263.4,608.9,335.7,799.1,419.2,921.2,509.6,3ccY8jYkI5o.004.mp4,1280,720,23.976,367,emotional_stability,low
56,2335,right_eye,663.9,257.7,786.4,329.7,989.8,412.1,1142.9,502.1,3ccY8jYkI5o.004.mp4,1280,720,23.976,367,emotional_stability,low
56,2335,nose,581.5,304.0,681.8,423.9,886.8,470.0,1012.2,619.9,3ccY8jYkI5o.004.mp4,1280,720,23.976,367,emotional_stability,low
56,2335,mouth,569.6,444.8,711.3,535.0,872.0,646.0,1049.1,758.8,3ccY8jYkI5o.004.mp4,1280,720,23.976,367,emotional_stability,low
56,2335,forehead,505.6,198.6,830.5,484.1,792.1,338.2,1198.1,695.1,3ccY8jYkI5o.004.mp4,1280,720,23.976,367,emotional_stability,low
56,2335,chin,506.8,361.5,830.5,595.9,793.5,541.9,1198.1,834.9,3ccY8jYkI5o.004.mp4,1280,720,23.976,367,emotional_stability,low
56,2335,left_cheek,501.4,355.5,584.9,486.7,786.7,534.4,891.2,698.4,3ccY8jYkI5o.004.mp4,1280,720,23.976,367,emotional_stability,low
56,2335,right_cheek,691.3,352.8,804.0,491.4,1024.1,531.0,1165.0,704.3,3ccY8jYkI5o.004.mp4,1280,720,23.976,367,emotional_stability,low
57,2377,left_eye,510.3,259.9,608.6,332.8,797.9,414.9,920.7,506.1,3ccY8jYkI5o.004.mp4,1280,720,23.976,367,emotional_stability,low
57,2377,right_eye,662.6,256.2,786.7,328.0,988.2,410.2,1143.4,500.0,3ccY8jYkI5o.004.mp4,1280,720,23.976,367,emotional_stability,low
57,2377,nose,579.0,301.4,679.2,420.6,883.7,466.7,1009.0,615.7,3ccY8jYkI5o.004.mp4,1280,720,23.976,367,emotional_stability,low
57,2377,mouth,567.7,442.5,710.1,521.8,869.6,643.1,1047.7,742.3,3ccY8jYkI5o.004.mp4,1280,720,23.976,367,emotional_stability,low
57,2377,forehead,505.3,196.2,833.0,481.4,791.7,335.3,1201.3,691.7,3ccY8jYkI5o.004.mp4,1280,720,23.976,367,emotional_stability,low
57,2377,chin,506.4,360.2,833.0,584.7,793.0,540.3,1201.3,820.8,3ccY8jYkI5o.004.mp4,1280,720,23.976,367,emotional_stability,low
57,2377,left_cheek,500.0,351.7,583.1,480.7,785.1,529.6,888.9,690.9,3ccY8jYkI5o.004.mp4,1280,720,23.976,367,emotional_stability,low
57,2377,right_cheek,689.8,350.6,804.8,486.4,1022.3,528.3,1166.0,698.0,3ccY8jYkI5o.004.mp4,1280,720,23.976,367,emotional_stability,low
58,2419,left_eye,511.9,257.4,611.9,330.4,799.9,411.7,924.9,503.0,3ccY8jYkI5o.004.mp4,1280,720,23.976,367,emotional_stability,low
58,2419,right_eye,666.6,255.5,788.9,327.0,993.2,409.4,1146.1,498.8,3ccY8jYkI5o.004.mp4,1280,720,23.976,367,emotional_stability,low
58,2419,nose,581.6,300.0,681.7,419.8,887.0,465.0,1012.1,614.7,3ccY8jYkI5o.004.mp4,1280,720,23.976,367,emotional_stability,low
58,2419,mouth,569.0,442.4,710.0,514.9,871.3,643.0,1047.5,733.7,3ccY8jYkI5o.004.mp4,1280,720,23.976,367,emotional_stability,low
58,2419,forehead,506.3,194.4,831.9,480.7,792.9,333.0,1199.9,690.9,3ccY8jYkI5o.004.mp4,1280,720,23.976,367,emotional_stability,low
58,2419,chin,506.9,357.4,831.9,579.8,793.6,536.7,1199.9,814.8,3ccY8jYkI5o.004.mp4,1280,720,23.976,367,emotional_stability,low
58,2419,left_cheek,501.7,348.9,585.7,477.5,787.1,526.1,892.1,686.9,3ccY8jYkI5o.004.mp4,1280,720,23.976,367,emotional_stability,low
58,2419,right_cheek,692.5,350.2,805.7,484.9,1025.6,527.7,1167.2,696.1,3ccY8jYkI5o.004.mp4,1280,720,23.976,367,emotional_stability,low
59,2460,left_eye,512.3,256.0,613.3,329.4,800.4,410.0,926.6,501.8,3ccY8jYkI5o.004.mp4,1280,720,23.976,367,emotional_stability,low
59,2460,right_eye,668.2,255.2,788.8,326.8,995.2,409.0,1146.0,498.5,3ccY8jYkI5o.004.mp4,1280,720,23.976,367,emotional_stability,low
59,2460,nose,582.6,298.9,683.7,418.0,888.2,463.6,1014.7,612.5,3ccY8jYkI5o.004.mp4,1280,720,23.976,367,emotional_stability,low
59,2460,mouth,569.4,441.2,710.9,516.1,871.8,641.6,1048.7,735.1,3ccY8jYkI5o.004.mp4,1280,720,23.976,367,emotional_stability,low
59,2460,forehead,505.5,193.6,830.7,481.2,791.8,332.0,1198.3,691.5,3ccY8jYkI5o.004.mp4,1280,720,23.976,367,emotional_stability,low
59,2460,chin,505.8,357.6,830.7,582.4,792.2,537.0,1198.3,818.0,3ccY8jYkI5o.004.mp4,1280,720,23.976,367,emotional_stability,low
59,2460,left_cheek,501.9,347.7,586.7,477.0,787.3,524.7,893.4,686.3,3ccY8jYkI5o.004.mp4,1280,720,23.976,367,emotional_stability,low
59,2460,right_cheek,693.6,350.0,804.9,485.0,1027.0,527.6,1166.2,696.2,3ccY8jYkI5o.004.mp4,1280,720,23.976,367,emotional_stability,low
60,2502,left_eye,514.4,255.2,615.1,328.7,803.1,409.0,928.9,500.8,3ccY8jYkI5o.004.mp4,1280,720,23.976,367,emotional_stability,low
60,2502,right_eye,671.7,255.4,791.3,326.9,999.7,409.2,1149.1,498.6,3ccY8jYkI5o.004.mp4,1280,720,23.976,367,emotional_stability,low
60,2502,nose,585.3,298.5,686.5,417.1,891.6,463.1,1018.1,611.4,3ccY8jYkI5o.004.mp4,1280,720,23.976,367,emotional_stability,low
60,2502,mouth,569.4,438.5,715.8,517.0,871.7,638.1,1054.8,736.2,3ccY8jYkI5o.004.mp4,1280,720,23.976,367,emotional_stability,low
60,2502,forehead,505.9,193.3,829.8,481.3,792.4,331.6,1197.3,691.6,3ccY8jYkI5o.004.mp4,1280,720,23.976,367,emotional_stability,low
60,2502,chin,506.2,357.2,829.8,582.5,792.7,536.4,1197.3,818.1,3ccY8jYkI5o.004.mp4,1280,720,23.976,367,emotional_stability,low
60,2502,left_cheek,503.7,346.5,589.0,476.0,789.6,523.1,896.2,685.0,3ccY8jYkI5o.004.mp4,1280,720,23.976,367,emotional_stability,low
60,2502,right_cheek,696.1,350.0,805.8,485.0,1030.1,527.5,1167.2,696.2,3ccY8jYkI5o.004.mp4,1280,720,23.976,367,emotional_stability,low
61,2544,left_eye,513.5,255.1,614.5,328.8,801.8,408.9,928.1,500.9,3ccY8jYkI5o.004.mp4,1280,720,23.976,367,emotional_stability,low
61,2544,right_eye,670.5,255.6,789.9,327.4,998.1,409.5,1147.4,499.3,3ccY8jYkI5o.004.mp4,1280,720,23.976,367,emotional_stability,low
61,2544,nose,584.0,298.8,684.8,417.1,890.0,463.4,1016.0,611.3,3ccY8jYkI5o.004.mp4,1280,720,23.976,367,emotional_stability,low
61,2544,mouth,567.6,437.1,715.8,517.0,869.5,636.3,1054.7,736.2,3ccY8jYkI5o.004.mp4,1280,720,23.976,367,emotional_stability,low
61,2544,forehead,505.2,193.8,828.3,482.7,791.4,332.2,1195.4,693.4,3ccY8jYkI5o.004.mp4,1280,720,23.976,367,emotional_stability,low
61,2544,chin,505.2,356.8,827.5,583.1,791.4,536.0,1194.4,818.9,3ccY8jYkI5o.004.mp4,1280,720,23.976,367,emotional_stability,low
61,2544,left_cheek,502.4,345.7,587.8,474.8,788.0,522.1,894.8,683.5,3ccY8jYkI5o.004.mp4,1280,720,23.976,367,emotional_stability,low
61,2544,right_cheek,694.5,350.2,804.9,485.2,1028.2,527.7,1166.2,696.5,3ccY8jYkI5o.004.mp4,1280,720,23.976,367,emotional_stability,low
62,2585,left_eye,512.6,255.9,613.4,329.2,800.7,409.8,926.8,501.6,3ccY8jYkI5o.004.mp4,1280,720,23.976,367,emotional_stability,low
62,2585,right_eye,669.7,258.0,789.1,329.9,997.1,412.6,1146.4,502.4,3ccY8jYkI5o.004.mp4,1280,720,23.976,367,emotional_stability,low
62,2585,nose,582.9,299.0,684.1,417.6,888.7,463.8,1015.1,612.0,3ccY8jYkI5o.004.mp4,1280,720,23.976,367,emotional_stability,low
62,2585,mouth,564.2,437.9,715.1,519.4,865.3,637.3,1053.9,739.2,3ccY8jYkI5o.004.mp4,1280,720,23.976,367,emotional_stability,low
62,2585,forehead,501.0,194.3,825.4,485.3,786.3,332.9,1191.8,696.6,3ccY8jYkI5o.004.mp4,1280,720,23.976,367,emotional_stability,low
62,2585,chin,501.0,356.7,824.3,583.9,786.3,535.8,1190.4,819.8,3ccY8jYkI5o.004.mp4,1280,720,23.976,367,emotional_stability,low
62,2585,left_cheek,501.6,345.9,586.8,474.9,787.0,522.4,893.5,683.7,3ccY8jYkI5o.004.mp4,1280,720,23.976,367,emotional_stability,low
62,2585,right_cheek,693.6,351.9,804.0,485.3,1027.0,529.9,1165.0,696.6,3ccY8jYkI5o.004.mp4,1280,720,23.976,367,emotional_stability,low
63,2627,left_eye,512.1,256.9,612.8,330.5,800.1,411.1,926.0,503.1,3ccY8jYkI5o.004.mp4,1280,720,23.976,367,emotional_stability,low
63,2627,right_eye,669.7,261.0,788.9,334.9,997.1,416.3,1146.1,508.6,3ccY8jYkI5o.004.mp4,1280,720,23.976,367,emotional_stability,low
63,2627,nose,582.4,302.4,683.9,420.1,888.0,467.9,1014.9,615.2,3ccY8jYkI5o.004.mp4,1280,720,23.976,367,emotional_stability,low
63,2627,mouth,562.3,439.3,714.8,520.8,862.9,639.1,1053.5,740.9,3ccY8jYkI5o.004.mp4,1280,720,23.976,367,emotional_stability,low
63,2627,forehead,498.7,197.7,824.1,489.0,783.4,337.2,1190.2,701.2,3ccY8jYkI5o.004.mp4,1280,720,23.976,367,emotional_stability,low
63,2627,chin,498.7,356.9,823.0,584.9,783.4,536.1,1188.7,821.2,3ccY8jYkI5o.004.mp4,1280,720,23.976,367,emotional_stability,low
63,2627,left_cheek,499.5,346.5,586.3,475.8,784.4,523.2,892.9,684.7,3ccY8jYkI5o.004.mp4,1280,720,23.976,367,emotional_stability,low
63,2627,right_cheek,693.2,355.8,803.5,487.8,1026.5,534.7,1164.3,699.8,3ccY8jYkI5o.004.mp4,1280,720,23.976,367,emotional_stability,low
64,2669,left_eye,511.9,258.8,613.3,333.7,799.8,413.5,926.7,507.1,3ccY8jYkI5o.004.mp4,1280,720,23.976,367,emotional_stability,low
64,2669,right_eye,671.3,263.9,789.9,338.1,999.2,419.8,1147.4,512.7,3ccY8jYkI5o.004.mp4,1280,720,23.976,367,emotional_stability,low
64,2669,nose,582.8,305.4,686.0,423.5,888.5,471.8,1017.5,619.3,3ccY8jYkI5o.004.mp4,1280,720,23.976,367,emotional_stability,low
64,2669,mouth,562.4,442.5,715.4,524.6,862.9,643.1,1054.3,745.7,3ccY8jYkI5o.004.mp4,1280,720,23.976,367,emotional_stability,low
64,2669,forehead,498.3,200.7,823.9,490.1,782.9,340.9,1189.9,702.7,3ccY8jYkI5o.004.mp4,1280,720,23.976,367,emotional_stability,low
64,2669,chin,498.3,358.0,822.7,585.5,782.9,537.4,1188.4,821.9,3ccY8jYkI5o.004.mp4,1280,720,23.976,367,emotional_stability,low
64,2669,left_cheek,499.2,348.5,586.5,475.9,784.0,525.6,893.2,684.9,3ccY8jYkI5o.004.mp4,1280,720,23.976,367,emotional_stability,low
64,2669,right_cheek,694.4,359.0,803.2,490.0,1028.0,538.7,1164.0,702.5,3ccY8jYkI5o.004.mp4,1280,720,23.976,367,emotional_stability,low
65,2711,left_eye,514.6,259.3,617.4,334.8,803.3,414.1,931.7,508.5,3ccY8jYkI5o.004.mp4,1280,720,23.976,367,emotional_stability,low
65,2711,right_eye,676.3,264.8,794.3,338.3,1005.3,421.0,1152.9,512.9,3ccY8jYkI5o.004.mp4,1280,720,23.976,367,emotional_stability,low
65,2711,nose,585.5,306.4,690.8,424.4,891.8,472.9,1023.5,620.5,3ccY8jYkI5o.004.mp4,1280,720,23.976,367,emotional_stability,low
65,2711,mouth,566.0,443.4,718.6,526.9,867.5,644.3,1058.2,748.6,3ccY8jYkI5o.004.mp4,1280,720,23.976,367,emotional_stability,low
65,2711,forehead,501.1,201.6,826.0,489.7,786.4,342.0,1192.5,702.1,3ccY8jYkI5o.004.mp4,1280,720,23.976,367,emotional_stability,low
65,2711,chin,501.1,358.0,824.6,585.6,786.4,537.5,1190.7,822.0,3ccY8jYkI5o.004.mp4,1280,720,23.976,367,emotional_stability,low
65,2711,left_cheek,501.5,349.4,589.7,476.4,786.9,526.7,897.2,685.5,3ccY8jYkI5o.004.mp4,1280,720,23.976,367,emotional_stability,low
65,2711,right_cheek,698.8,359.6,805.6,490.3,1033.5,539.5,1167.0,702.9,3ccY8jYkI5o.004.mp4,1280,720,23.976,367,emotional_stability,low
66,2752,left_eye,519.4,259.8,622.6,335.2,809.3,414.7,938.3,509.0,3ccY8jYkI5o.004.mp4,1280,720,23.976,367,emotional_stability,low
66,2752,right_eye,681.9,265.2,800.2,338.5,1012.3,421.4,1160.2,513.1,3ccY8jYkI5o.004.mp4,1280,720,23.976,367,emotional_stability,low
66,2752,nose,591.0,306.8,696.1,424.7,898.7,473.5,1030.1,620.9,3ccY8jYkI5o.004.mp4,1280,720,23.976,367,emotional_stability,low
66,2752,mouth,571.1,443.8,723.6,527.3,873.9,644.8,1064.5,749.1,3ccY8jYkI5o.004.mp4,1280,720,23.976,367,emotional_stability,low
66,2752,forehead,505.8,202.0,831.7,489.4,792.2,342.5,1199.6,701.7,3ccY8jYkI5o.004.mp4,1280,720,23.976,367,emotional_stability,low
66,2752,chin,505.8,358.2,830.1,585.7,792.2,537.8,1197.6,822.2,3ccY8jYkI5o.004.mp4,1280,720,23.976,367,emotional_stability,low
66,2752,left_cheek,506.4,349.6,595.0,476.7,793.1,527.0,903.8,685.9,3ccY8jYkI5o.004.mp4,1280,720,23.976,367,emotional_stability,low
66,2752,right_cheek,704.0,359.7,810.6,490.4,1040.0,539.7,1173.2,703.0,3ccY8jYkI5o.004.mp4,1280,720,23.976,367,emotional_stability,low
67,2794,left_eye,523.6,260.1,626.7,335.5,814.5,415.1,943.3,509.4,3ccY8jYkI5o.004.mp4,1280,720,23.976,367,emotional_stability,low
67,2794,right_eye,686.2,265.4,804.4,338.9,1017.8,421.7,1165.5,513.6,3ccY8jYkI5o.004.mp4,1280,720,23.976,367,emotional_stability,low
67,2794,nose,595.1,307.2,700.4,425.0,903.9,474.0,1035.5,621.3,3ccY8jYkI5o.004.mp4,1280,720,23.976,367,emotional_stability,low
67,2794,mouth,575.1,444.3,727.8,527.4,878.9,645.4,1069.7,749.2,3ccY8jYkI5o.004.mp4,1280,720,23.976,367,emotional_stability,low
67,2794,forehead,510.3,202.2,836.0,489.2,797.8,342.8,1205.0,701.5,3ccY8jYkI5o.004.mp4,1280,720,23.976,367,emotional_stability,low
67,2794,chin,510.3,358.4,834.4,585.8,797.8,538.0,1203.0,822.2,3ccY8jYkI5o.004.mp4,1280,720,23.976,367,emotional_stability,low
67,2794,left_cheek,510.8,349.7,599.2,476.8,798.6,527.2,909.1,686.1,3ccY8jYkI5o.004.mp4,1280,720,23.976,367,emotional_stability,low
67,2794,right_cheek,708.1,359.9,814.6,490.4,1045.2,539.9,1178.3,703.0,3ccY8jYkI5o.004.mp4,1280,720,23.976,367,emotional_stability,low
68,2836,left_eye,527.2,260.7,629.2,335.6,819.0,415.9,946.5,509.5,3ccY8jYkI5o.004.mp4,1280,720,23.976,367,emotional_stability,low
68,2836,right_eye,687.8,265.7,804.8,339.0,1019.8,422.1,1166.0,513.8,3ccY8jYkI5o.004.mp4,1280,720,23.976,367,emotional_stability,low
68,2836,nose,598.1,307.4,701.6,424.9,907.6,474.2,1037.0,621.1,3ccY8jYkI5o.004.mp4,1280,720,23.976,367,emotional_stability,low
68,2836,mouth,578.4,444.2,729.3,526.7,883.0,645.2,1071.6,748.3,3ccY8jYkI5o.004.mp4,1280,720,23.976,367,emotional_stability,low
68,2836,forehead,515.1,203.2,836.1,488.7,803.8,344.0,1205.1,700.9,3ccY8jYkI5o.004.mp4,1280,720,23.976,367,emotional_stability,low
68,2836,chin,515.1,358.5,834.6,584.3,803.8,538.1,1203.2,820.3,3ccY8jYkI5o.004.mp4,1280,720,23.976,367,emotional_stability,low
68,2836,left_cheek,515.3,349.8,602.2,476.4,804.2,527.2,912.8,685.5,3ccY8jYkI5o.004.mp4,1280,720,23.976,367,emotional_stability,low
68,2836,right_cheek,709.5,359.8,814.9,490.1,1046.8,539.8,1178.7,702.6,3ccY8jYkI5o.004.mp4,1280,720,23.976,367,emotional_stability,low
69,2877,left_eye,530.0,260.9,632.0,335.7,822.5,416.1,949.9,509.6,3ccY8jYkI5o.004.mp4,1280,720,23.976,367,emotional_stability,low
69,2877,right_eye,691.5,266.2,807.6,339.8,1024.4,422.7,1169.6,514.8,3ccY8jYkI5o.004.mp4,1280,720,23.976,367,emotional_stability,low
69,2877,nose,600.7,307.7,704.9,425.0,910.9,474.7,1041.2,621.2,3ccY8jYkI5o.004.mp4,1280,720,23.976,367,emotional_stability,low
69,2877,mouth,580.3,444.2,731.8,526.7,885.4,645.2,1074.7,748.4,3ccY8jYkI5o.004.mp4,1280,720,23.976,367,emotional_stability,low
69,2877,forehead,516.8,203.8,837.4,488.8,806.1,344.7,1206.8,701.0,3ccY8jYkI5o.004.mp4,1280,720,23.976,367,emotional_stability,low
69,2877,chin,516.8,358.5,835.8,584.6,806.1,538.2,1204.7,820.8,3ccY8jYkI5o.004.mp4,1280,720,23.976,367,emotional_stability,low
69,2877,left_cheek,517.4,349.8,605.0,476.4,806.8,527.2,916.3,685.5,3ccY8jYkI5o.004.mp4,1280,720,23.976,367,emotional_stability,low
69,2877,right_cheek,712.5,360.4,816.9,490.3,1050.6,540.5,1181.1,702.9,3ccY8jYkI5o.004.mp4,1280,720,23.976,367,emotional_stability,low
70,2919,left_eye,532.1,261.1,634.0,335.9,825.2,416.3,952.5,509.9,3ccY8jYkI5o.004.mp4,1280,720,23.976,367,emotional_stability,low
70,2919,right_eye,694.2,267.2,809.8,341.1,1027.7,424.0,1172.2,516.3,3ccY8jYkI5o.004.mp4,1280,720,23.976,367,emotional_stability,low
70,2919,nose,602.9,308.3,707.2,425.4,913.6,475.4,1044.0,621.7,3ccY8jYkI5o.004.mp4,1280,720,23.976,367,emotional_stability,low
70,2919,mouth,582.6,444.9,733.0,529.0,888.3,646.2,1076.2,751.3,3ccY8jYkI5o.004.mp4,1280,720,23.976,367,emotional_stability,low
70,2919,forehead,517.9,204.4,838.9,490.1,807.3,345.5,1208.6,702.6,3ccY8jYkI5o.004.mp4,1280,720,23.976,367,emotional_stability,low
70,2919,chin,517.9,358.7,837.2,585.6,807.3,538.4,1206.5,822.0,3ccY8jYkI5o.004.mp4,1280,720,23.976,367,emotional_stability,low
70,2919,left_cheek,519.1,350.1,607.1,476.4,808.9,527.6,918.9,685.5,3ccY8jYkI5o.004.mp4,1280,720,23.976,367,emotional_stability,low
70,2919,right_cheek,714.7,361.5,818.7,491.5,1053.3,541.9,1183.4,704.4,3ccY8jYkI5o.004.mp4,1280,720,23.976,367,emotional_stability,low
71,2961,left_eye,532.1,260.5,635.0,335.9,825.2,415.6,953.7,509.9,3ccY8jYkI5o.004.mp4,1280,720,23.976,367,emotional_stability,low
71,2961,right_eye,695.5,267.1,810.8,341.0,1029.3,423.8,1173.5,516.2,3ccY8jYkI5o.004.mp4,1280,720,23.976,367,emotional_stability,low
71,2961,nose,603.4,308.2,707.7,425.3,914.3,475.2,1044.7,621.7,3ccY8jYkI5o.004.mp4,1280,720,23.976,367,emotional_stability,low
71,2961,mouth,583.5,445.2,732.0,532.4,889.4,646.5,1075.0,755.5,3ccY8jYkI5o.004.mp4,1280,720,23.976,367,emotional_stability,low
71,2961,forehead,516.9,204.2,838.8,491.1,806.1,345.3,1208.5,703.9,3ccY8jYkI5o.004.mp4,1280,720,23.976,367,emotional_stability,low
71,2961,chin,516.9,358.7,837.0,588.3,806.1,538.4,1206.3,825.4,3ccY8jYkI5o.004.mp4,1280,720,23.976,367,emotional_stability,low
71,2961,left_cheek,518.9,350.1,607.4,476.7,808.6,527.6,919.2,685.9,3ccY8jYkI5o.004.mp4,1280,720,23.976,367,emotional_stability,low
71,2961,right_cheek,715.3,361.8,819.2,492.9,1054.1,542.3,1184.1,706.1,3ccY8jYkI5o.004.mp4,1280,720,23.976,367,emotional_stability,low
72,3003,left_eye,533.0,259.6,635.3,335.3,826.2,414.4,954.1,509.1,3ccY8jYkI5o.004.mp4,1280,720,23.976,367,emotional_stability,low
72,3003,right_eye,696.0,267.0,811.3,340.8,1030.1,423.8,1174.1,515.9,3ccY8jYkI5o.004.mp4,1280,720,23.976,367,emotional_stability,low
72,3003,nose,603.5,308.1,707.1,425.3,914.4,475.1,1043.9,621.6,3ccY8jYkI5o.004.mp4,1280,720,23.976,367,emotional_stability,low
72,3003,mouth,585.2,445.4,731.2,535.6,891.5,646.7,1074.0,759.5,3ccY8jYkI5o.004.mp4,1280,720,23.976,367,emotional_stability,low
72,3003,forehead,516.2,203.8,839.0,491.7,805.2,344.7,1208.7,704.6,3ccY8jYkI5o.004.mp4,1280,720,23.976,367,emotional_stability,low
72,3003,chin,516.2,358.1,837.0,591.1,805.2,537.6,1206.3,828.9,3ccY8jYkI5o.004.mp4,1280,720,23.976,367,emotional_stability,low
72,3003,left_cheek,519.1,349.8,607.8,477.1,808.9,527.3,919.7,686.3,3ccY8jYkI5o.004.mp4,1280,720,23.976,367,emotional_stability,low
72,3003,right_cheek,714.9,362.0,819.1,494.7,1053.7,542.5,1183.8,708.3,3ccY8jYkI5o.004.mp4,1280,720,23.976,367,emotional_stability,low
73,3044,left_eye,531.5,258.9,634.3,335.2,824.4,413.6,952.9,509.0,3ccY8jYkI5o.004.mp4,1280,720,23.976,367,emotional_stability,low
73,3044,right_eye,695.2,267.3,811.1,341.3,1029.0,424.1,1173.9,516.6,3ccY8jYkI5o.004.mp4,1280,720,23.976,367,emotional_stability,low
73,3044,nose,603.3,308.0,706.2,426.1,914.1,475.0,1042.8,622.6,3ccY8jYkI5o.004.mp4,1280,720,23.976,367,emotional_stability,low
73,3044,mouth,584.9,448.8,727.8,540.6,891.1,651.0,1069.8,765.7,3ccY8jYkI5o.004.mp4,1280,720,23.976,367,emotional_stability,low
73,3044,forehead,514.8,203.6,838.4,493.3,803.5,344.5,1208.0,706.6,3ccY8jYkI5o.004.mp4,1280,720,23.976,367,emotional_stability,low
73,3044,chin,514.8,358.1,836.5,597.3,803.5,537.6,1205.7,836.6,3ccY8jYkI5o.004.mp4,1280,720,23.976,367,emotional_stability,low
73,3044,left_cheek,517.9,350.0,606.9,479.9,807.4,527.4,918.6,689.8,3ccY8jYkI5o.004.mp4,1280,720,23.976,367,emotional_stability,low
73,3044,right_cheek,714.1,363.4,818.6,498.1,1052.7,544.2,1183.2,712.6,3ccY8jYkI5o.004.mp4,1280,720,23.976,367,emotional_stability,low
74,3086,left_eye,530.7,258.4,633.8,334.3,823.4,413.0,952.2,507.9,3ccY8jYkI5o.004.mp4,1280,720,23.976,367,emotional_stability,low
74,3086,right_eye,694.5,267.1,809.4,341.0,1028.1,423.9,1171.8,516.3,3ccY8jYkI5o.004.mp4,1280,720,23.976,367,emotional_stability,low
74,3086,nose,602.3,307.8,705.6,426.0,912.9,474.8,1042.0,622.5,3ccY8jYkI5o.004.mp4,1280,720,23.976,367,emotional_stability,low
74,3086,mouth,584.2,448.7,721.5,539.7,890.3,650.9,1061.8,764.6,3ccY8jYkI5o.004.mp4,1280,720,23.976,367,emotional_stability,low
74,3086,forehead,514.1,203.6,836.3,492.6,802.6,344.5,1205.4,705.7,3ccY8jYkI5o.004.mp4,1280,720,23.976,367,emotional_stability,low
74,3086,chin,514.1,357.6,834.1,595.9,802.6,537.0,1202.7,834.9,3ccY8jYkI5o.004.mp4,1280,720,23.976,367,emotional_stability,low
74,3086,left_cheek,517.4,349.9,606.1,480.0,806.7,527.4,917.7,690.0,3ccY8jYkI5o.004.mp4,1280,720,23.976,367,emotional_stability,low
74,3086,right_cheek,713.2,363.1,816.4,497.2,1051.4,543.9,1180.6,711.5,3ccY8jYkI5o.004.mp4,1280,720,23.976,367,emotional_stability,low
75,3128,left_eye,530.0,258.6,633.2,334.3,822.5,413.3,951.5,507.9,3ccY8jYkI5o.004.mp4,1280,720,23.976,367,emotional_stability,low
75,3128,right_eye,693.5,267.2,808.0,340.9,1026.9,424.0,1170.0,516.1,3ccY8jYkI5o.004.mp4,1280,720,23.976,367,emotional_stability,low
75,3128,nose,601.8,308.0,704.3,426.7,912.2,475.0,1040.4,623.4,3ccY8jYkI5o.004.mp4,1280,720,23.976,367,emotional_stability,low
75,3128,mouth,584.6,451.9,718.1,540.5,890.8,654.9,1057.7,765.6,3ccY8jYkI5o.004.mp4,1280,720,23.976,367,emotional_stability,low
75,3128,forehead,512.5,203.6,834.6,492.5,800.6,344.5,1203.3,705.6,3ccY8jYkI5o.004.mp4,1280,720,23.976,367,emotional_stability,low
75,3128,chin,512.5,358.0,832.4,596.3,800.6,537.5,1200.5,835.4,3ccY8jYkI5o.004.mp4,1280,720,23.976,367,emotional_stability,low
75,3128,left_cheek,517.1,350.8,605.9,481.8,806.4,528.5,917.3,692.3,3ccY8jYkI5o.004.mp4,1280,720,23.976,367,emotional_stability,low
75,3128,right_cheek,711.6,363.4,814.7,497.9,1049.5,544.3,1178.4,712.3,3ccY8jYkI5o.004.mp4,1280,720,23.976,367,emotional_stability,low
76,3169,left_eye,526.7,257.6,629.9,331.8,818.4,412.0,947.3,504.8,3ccY8jYkI5o.004.mp4,1280,720,23.976,367,emotional_stability,low
76,3169,right_eye,692.1,264.6,805.0,337.7,1025.2,420.7,1166.3,512.1,3ccY8jYkI5o.004.mp4,1280,720,23.976,367,emotional_stability,low
76,3169,nose,600.7,306.4,703.0,426.7,910.9,473.0,1038.8,623.4,3ccY8jYkI5o.004.mp4,1280,720,23.976,367,emotional_stability,low
76,3169,mouth,584.5,452.6,717.0,540.9,890.7,655.8,1056.3,766.1,3ccY8jYkI5o.004.mp4,1280,720,23.976,367,emotional_stability,low
76,3169,forehead,509.4,201.3,831.9,487.9,796.8,341.7,1199.8,699.9,3ccY8jYkI5o.004.mp4,1280,720,23.976,367,emotional_stability,low
76,3169,chin,509.4,356.1,830.0,596.0,796.8,535.2,1197.5,835.0,3ccY8jYkI5o.004.mp4,1280,720,23.976,367,emotional_stability,low
76,3169,left_cheek,514.8,350.3,604.1,481.6,803.6,527.8,915.1,692.0,3ccY8jYkI5o.004.mp4,1280,720,23.976,367,emotional_stability,low
76,3169,right_cheek,710.0,361.8,813.0,497.0,1047.5,542.2,1176.3,711.3,3ccY8jYkI5o.004.mp4,1280,720,23.976,367,emotional_stability,low
77,3211,left_eye,523.2,258.7,625.4,332.0,814.1,413.4,941.7,505.0,3ccY8jYkI5o.004.mp4,1280,720,23.976,367,emotional_stability,low
77,3211,right_eye,688.1,265.0,802.3,337.7,1020.1,421.3,1162.9,512.1,3ccY8jYkI5o.004.mp4,1280,720,23.976,367,emotional_stability,low
77,3211,nose,599.5,307.6,700.7,430.4,909.4,474.5,1035.8,628.0,3ccY8jYkI5o.004.mp4,1280,720,23.976,367,emotional_stability,low
77,3211,mouth,584.2,457.9,714.5,543.0,890.2,662.4,1053.1,768.8,3ccY8jYkI5o.004.mp4,1280,720,23.976,367,emotional_stability,low
77,3211,forehead,507.7,201.5,830.5,485.8,794.6,341.8,1198.1,697.3,3ccY8jYkI5o.004.mp4,1280,720,23.976,367,emotional_stability,low
77,3211,chin,507.7,355.2,829.0,596.0,794.6,534.0,1196.3,835.1,3ccY8jYkI5o.004.mp4,1280,720,23.976,367,emotional_stability,low
77,3211,left_cheek,512.7,350.5,601.8,482.9,800.8,528.1,912.3,693.6,3ccY8jYkI5o.004.mp4,1280,720,23.976,367,emotional_stability,low
77,3211,right_cheek,707.6,362.1,811.6,496.9,1044.4,542.7,1174.4,711.1,3ccY8jYkI5o.004.mp4,1280,720,23.976,367,emotional_stability,low
78,3253,left_eye,518.5,259.2,621.4,332.1,808.1,414.0,936.7,505.1,3ccY8jYkI5o.004.mp4,1280,720,23.976,367,emotional_stability,low
78,3253,right_eye,682.8,265.3,798.0,337.5,1013.5,421.7,1157.4,511.9,3ccY8jYkI5o.004.mp4,1280,720,23.976,367,emotional_stability,low
78,3253,nose,594.9,307.9,696.5,430.9,903.6,474.9,1030.6,628.7,3ccY8jYkI5o.004.mp4,1280,720,23.976,367,emotional_stability,low
78,3253,mouth,582.5,459.7,709.0,542.0,888.1,664.7,1046.3,767.5,3ccY8jYkI5o.004.mp4,1280,720,23.976,367,emotional_stability,low
78,3253,forehead,504.0,201.4,827.3,483.7,790.0,341.8,1194.1,694.6,3ccY8jYkI5o.004.mp4,1280,720,23.976,367,emotional_stability,low
78,3253,chin,504.1,354.0,826.1,596.0,790.1,532.5,1192.6,835.0,3ccY8jYkI5o.004.mp4,1280,720,23.976,367,emotional_stability,low
78,3253,left_cheek,508.6,350.5,597.6,483.1,795.7,528.1,907.0,693.8,3ccY8jYkI5o.004.mp4,1280,720,23.976,367,emotional_stability,low
78,3253,right_cheek,703.2,362.2,808.2,496.8,1039.0,542.7,1170.3,711.0,3ccY8jYkI5o.004.mp4,1280,720,23.976,367,emotional_stability,low
79,3294,left_eye,513.0,259.1,616.0,331.3,801.2,413.9,930.1,504.2,3ccY8jYkI5o.004.mp4,1280,720,23.976,367,emotional_stability,low
79,3294,right_eye,676.9,264.8,792.3,335.6,1006.1,421.0,1150.4,509.6,3ccY8jYkI5o.004.mp4,1280,720,23.976,367,emotional_stability,low
79,3294,nose,588.8,307.4,691.0,430.5,896.0,474.3,1023.8,628.1,3ccY8jYkI5o.004.mp4,1280,720,23.976,367,emotional_stability,low
79,3294,mouth,576.8,460.0,703.8,535.4,881.1,665.1,1039.7,759.3,3ccY8jYkI5o.004.mp4,1280,720,23.976,367,emotional_stability,low
79,3294,forehead,499.3,200.1,821.3,478.9,784.2,340.2,1186.6,688.6,3ccY8jYkI5o.004.mp4,1280,720,23.976,367,emotional_stability,low
79,3294,chin,499.3,350.6,820.3,588.1,784.2,528.3,1185.4,825.1,3ccY8jYkI5o.004.mp4,1280,720,23.976,367,emotional_stability,low
79,3294,left_cheek,503.8,349.3,592.1,482.1,789.7,526.6,900.1,692.6,3ccY8jYkI5o.004.mp4,1280,720,23.976,367,emotional_stability,low
79,3294,right_cheek,697.6,360.5,802.7,493.6,1032.0,540.6,1163.4,707.0,3ccY8jYkI5o.004.mp4,1280,720,23.976,367,emotional_stability,low
80,3336,left_eye,509.6,259.1,613.5,331.4,797.0,413.9,926.9,504.3,3ccY8jYkI5o.004.mp4,1280,720,23.976,367,emotional_stability,low
80,3336,right_eye,672.8,264.3,788.3,335.2,1001.0,420.3,1145.4,509.0,3ccY8jYkI5o.004.mp4,1280,720,23.976,367,emotional_stability,low
80,3336,nose,586.1,307.5,688.7,431.7,892.6,474.4,1020.9,629.6,3ccY8jYkI5o.004.mp4,1280,720,23.976,367,emotional_stability,low
80,3336,mouth,572.6,460.9,703.3,522.9,875.7,666.2,1039.2,743.6,3ccY8jYkI5o.004.mp4,1280,720,23.976,367,emotional_stability,low
80,3336,forehead,497.5,199.4,816.1,477.1,781.8,339.3,1180.1,686.4,3ccY8jYkI5o.004.mp4,1280,720,23.976,367,emotional_stability,low
80,3336,chin,497.5,349.3,815.1,582.2,781.9,526.6,1178.8,817.8,3ccY8jYkI5o.004.mp4,1280,720,23.976,367,emotional_stability,low
80,3336,left_cheek,501.7,349.1,589.2,481.9,787.2,526.4,896.5,692.4,3ccY8jYkI5o.004.mp4,1280,720,23.976,367,emotional_stability,low
80,3336,right_cheek,694.4,359.4,798.0,492.2,1028.0,539.3,1157.5,705.3,3ccY8jYkI5o.004.mp4,1280,720,23.976,367,emotional_stability,low
81,3378,left_eye,506.9,259.8,610.9,331.5,793.7,414.8,923.6,504.4,3ccY8jYkI5o.004.mp4,1280,720,23.976,367,emotional_stability,low
81,3378,right_eye,669.6,263.4,785.4,334.7,997.0,419.2,1141.8,508.3,3ccY8jYkI5o.004.mp4,1280,720,23.976,367,emotional_stability,low
81,3378,nose,584.5,307.5,686.1,433.2,890.6,474.4,1017.6,631.5,3ccY8jYkI5o.004.mp4,1280,720,23.976,367,emotional_stability,low
81,3378,mouth,570.8,461.9,702.2,513.3,873.5,667.4,1037.8,731.6,3ccY8jYkI5o.004.mp4,1280,720,23.976,367,emotional_stability,low
81,3378,forehead,496.1,198.5,813.2,475.6,780.2,338.2,1176.5,684.5,3ccY8jYkI5o.004.mp4,1280,720,23.976,367,emotional_stability,low
81,3378,chin,496.4,348.9,812.5,579.5,780.5,526.1,1175.6,814.3,3ccY8jYkI5o.004.mp4,1280,720,23.976,367,emotional_stability,low
81,3378,left_cheek,500.0,349.1,587.4,481.9,784.9,526.4,894.3,692.4,3ccY8jYkI5o.004.mp4,1280,720,23.976,367,emotional_stability,low
81,3378,right_cheek,691.7,358.1,795.3,491.3,1024.7,537.6,1154.1,704.1,3ccY8jYkI5o.004.mp4,1280,720,23.976,367,emotional_stability,low
82,3420,left_eye,508.1,262.0,612.3,332.9,795.1,417.5,925.3,506.1,3ccY8jYkI5o.004.mp4,1280,720,23.976,367,emotional_stability,low
82,3420,right_eye,669.8,263.4,785.5,334.8,997.3,419.2,1141.9,508.5,3ccY8jYkI5o.004.mp4,1280,720,23.976,367,emotional_stability,low
82,3420,nose,585.9,308.4,687.5,434.7,892.4,475.5,1019.4,633.3,3ccY8jYkI5o.004.mp4,1280,720,23.976,367,emotional_stability,low
82,3420,mouth,571.8,462.0,704.1,514.5,874.7,667.6,1040.2,733.2,3ccY8jYkI5o.004.mp4,1280,720,23.976,367,emotional_stability,low
82,3420,forehead,497.2,198.7,813.5,476.7,781.5,338.4,1176.9,685.9,3ccY8jYkI5o.004.mp4,1280,720,23.976,367,emotional_stability,low
82,3420,chin,497.7,349.5,812.9,580.5,782.1,526.9,1176.1,815.6,3ccY8jYkI5o.004.mp4,1280,720,23.976,367,emotional_stability,low
82,3420,left_cheek,501.4,350.8,588.7,482.9,786.7,528.5,895.9,693.6,3ccY8jYkI5o.004.mp4,1280,720,23.976,367,emotional_stability,low
82,3420,right_cheek,692.8,358.2,795.8,491.4,1026.0,537.8,1154.7,704.3,3ccY8jYkI5o.004.mp4,1280,720,23.976,367,emotional_stability,low
83,3461,left_eye,507.7,264.7,611.9,334.9,794.7,420.9,924.9,508.7,3ccY8jYkI5o.004.mp4,1280,720,23.976,367,emotional_stability,low
83,3461,right_eye,668.5,263.5,785.1,335.1,995.6,419.3,1141.4,508.8,3ccY8jYkI5o.004.mp4,1280,720,23.976,367,emotional_stability,low
83,3461,nose,585.9,309.7,687.3,434.9,892.4,477.1,1019.2,633.6,3ccY8jYkI5o.004.mp4,1280,720,23.976,367,emotional_stability,low
83,3461,mouth,571.0,461.6,704.9,518.6,873.8,667.0,1041.1,738.2,3ccY8jYkI5o.004.mp4,1280,720,23.976,367,emotional_stability,low
83,3461,forehead,497.4,198.9,814.1,477.2,781.8,338.7,1177.7,686.6,3ccY8jYkI5o.004.mp4,1280,720,23.976,367,emotional_stability,low
83,3461,chin,498.2,351.7,813.7,583.3,782.8,529.6,1177.1,819.1,3ccY8jYkI5o.004.mp4,1280,720,23.976,367,emotional_stability,low
83,3461,left_cheek,501.7,352.9,588.4,485.0,787.1,531.2,895.5,696.2,3ccY8jYkI5o.004.mp4,1280,720,23.976,367,emotional_stability,low
83,3461,right_cheek,692.6,358.3,796.1,491.5,1025.8,537.9,1155.1,704.3,3ccY8jYkI5o.004.mp4,1280,720,23.976,367,emotional_stability,low
84,3503,left_eye,505.8,267.3,609.9,336.8,792.3,424.1,922.3,511.0,3ccY8jYkI5o.004.mp4,1280,720,23.976,367,emotional_stability,low
84,3503,right_eye,666.0,263.8,784.3,335.1,992.5,419.7,1140.3,508.9,3ccY8jYkI5o.004.mp4,1280,720,23.976,367,emotional_stability,low
84,3503,nose,584.2,311.1,686.4,435.8,890.2,478.8,1018.0,634.7,3ccY8jYkI5o.004.mp4,1280,720,23.976,367,emotional_stability,low
84,3503,mouth,570.7,461.2,705.5,534.5,873.4,666.5,1041.9,758.1,3ccY8jYkI5o.004.mp4,1280,720,23.976,367,emotional_stability,low
84,3503,forehead,496.7,201.2,815.5,475.6,780.9,341.6,1179.4,684.5,3ccY8jYkI5o.004.mp4,1280,720,23.976,367,emotional_stability,low
84,3503,chin,497.9,353.6,814.8,591.5,782.4,532.0,1178.5,829.4,3ccY8jYkI5o.004.mp4,1280,720,23.976,367,emotional_stability,low
84,3503,left_cheek,500.0,354.9,586.5,486.7,785.0,533.6,893.2,698.4,3ccY8jYkI5o.004.mp4,1280,720,23.976,367,emotional_stability,low
84,3503,right_cheek,691.9,357.6,797.0,491.4,1024.9,537.0,1156.3,704.3,3ccY8jYkI5o.004.mp4,1280,720,23.976,367,emotional_stability,low
85,3545,left_eye,505.9,267.5,609.9,338.9,792.4,424.4,922.4,513.6,3ccY8jYkI5o.004.mp4,1280,720,23.976,367,emotional_stability,low
85,3545,right_eye,666.3,263.8,784.7,335.3,992.9,419.8,1140.9,509.1,3ccY8jYkI5o.004.mp4,1280,720,23.976,367,emotional_stability,low
85,3545,nose,584.3,311.3,687.0,435.6,890.4,479.2,1018.8,634.5,3ccY8jYkI5o.004.mp4,1280,720,23.976,367,emotional_stability,low
85,3545,mouth,571.2,459.4,708.0,541.9,874.0,664.3,1045.0,767.4,3ccY8jYkI5o.004.mp4,1280,720,23.976,367,emotional_stability,low
85,3545,forehead,496.9,202.2,816.0,475.4,781.1,342.7,1180.0,684.2,3ccY8jYkI5o.004.mp4,1280,720,23.976,367,emotional_stability,low
85,3545,chin,498.2,356.5,815.6,596.2,782.8,535.7,1179.5,835.3,3ccY8jYkI5o.004.mp4,1280,720,23.976,367,emotional_stability,low
85,3545,left_cheek,500.3,356.5,586.7,487.2,785.4,535.6,893.4,699.0,3ccY8jYkI5o.004.mp4,1280,720,23.976,367,emotional_stability,low
85,3545,right_cheek,692.6,357.1,797.6,491.2,1025.8,536.4,1157.0,704.0,3ccY8jYkI5o.004.mp4,1280,720,23.976,367,emotional_stability,low
86,3586,left_eye,505.8,267.7,609.9,339.9,792.2,424.6,922.3,514.9,3ccY8jYkI5o.004.mp4,1280,720,23.976,367,emotional_stability,low
86,3586,right_eye,666.4,263.9,784.7,335.3,992.9,419.9,1140.9,509.1,3ccY8jYkI5o.004.mp4,1280,720,23.976,367,emotional_stability,low
86,3586,nose,584.5,311.3,687.4,435.3,890.6,479.1,1019.2,634.2,3ccY8jYkI5o.004.mp4,1280,720,23.976,367,emotional_stability,low
86,3586,mouth,571.5,457.7,711.6,544.7,874.4,662.2,1049.4,770.9,3ccY8jYkI5o.004.mp4,1280,720,23.976,367,emotional_stability,low
86,3586,forehead,496.8,202.4,816.5,475.0,781.0,343.0,1180.6,683.8,3ccY8jYkI5o.004.mp4,1280,720,23.976,367,emotional_stability,low
86,3586,chin,498.4,357.4,816.1,597.3,783.0,536.7,1180.1,836.6,3ccY8jYkI5o.004.mp4,1280,720,23.976,367,emotional_stability,low
86,3586,left_cheek,500.5,357.4,586.9,487.3,785.6,536.8,893.6,699.1,3ccY8jYkI5o.004.mp4,1280,720,23.976,367,emotional_stability,low
86,3586,right_cheek,693.1,356.5,798.0,490.4,1026.4,535.6,1157.6,702.9,3ccY8jYkI5o.004.mp4,1280,720,23.976,367,emotional_stability,low
87,3628,left_eye,506.1,268.1,610.0,340.6,792.6,425.1,922.6,515.7,3ccY8jYkI5o.004.mp4,1280,720,23.976,367,emotional_stability,low
87,3628,right_eye,666.7,264.0,784.4,335.3,993.4,419.9,1140.5,509.1,3ccY8jYkI5o.004.mp4,1280,720,23.976,367,emotional_stability,low
87,3628,nose,584.8,311.3,687.7,435.2,891.0,479.1,1019.6,634.0,3ccY8jYkI5o.004.mp4,1280,720,23.976,367,emotional_stability,low
87,3628,mouth,571.7,456.7,713.9,543.5,874.7,660.9,1052.3,769.3,3ccY8jYkI5o.004.mp4,1280,720,23.976,367,emotional_stability,low
87,3628,forehead,496.8,202.6,816.3,474.7,781.0,343.2,1180.4,683.3,3ccY8jYkI5o.004.mp4,1280,720,23.976,367,emotional_stability,low
87,3628,chin,498.5,357.1,816.2,596.5,783.1,536.4,1180.2,835.7,3ccY8jYkI5o.004.mp4,1280,720,23.976,367,emotional_stability,low
87,3628,left_cheek,500.7,358.2,587.2,487.2,785.9,537.7,894.0,699.0,3ccY8jYkI5o.004.mp4,1280,720,23.976,367,emotional_stability,low
87,3628,right_cheek,693.4,355.8,798.2,489.2,1026.7,534.8,1157.8,701.5,3ccY8jYkI5o.004.mp4,1280,720,23.976,367,emotional_stability,low
88,3670,left_eye,506.4,267.8,610.2,340.1,793.0,424.7,922.7,515.1,3ccY8jYkI5o.004.mp4,1280,720,23.976,367,emotional_stability,low
88,3670,right_eye,666.9,263.5,783.9,335.0,993.7,419.4,1139.9,508.8,3ccY8jYkI5o.004.mp4,1280,720,23.976,367,emotional_stability,low
88,3670,nose,585.0,311.1,688.1,434.7,891.2,478.9,1020.1,633.4,3ccY8jYkI5o.004.mp4,1280,720,23.976,367,emotional_stability,low
88,3670,mouth,572.4,455.0,715.0,541.4,875.4,658.7,1053.7,766.8,3ccY8jYkI5o.004.mp4,1280,720,23.976,367,emotional_stability,low
88,3670,forehead,496.6,202.6,815.9,473.8,780.8,343.2,1179.8,682.2,3ccY8jYkI5o.004.mp4,1280,720,23.976,367,emotional_stability,low
88,3670,chin,498.5,356.3,815.9,596.2,783.1,535.3,1179.8,835.2,3ccY8jYkI5o.004.mp4,1280,720,23.976,367,emotional_stability,low
88,3670,left_cheek,500.9,358.0,587.4,487.1,786.1,537.5,894.3,698.9,3ccY8jYkI5o.004.mp4,1280,720,23.976,367,emotional_stability,low
88,3670,right_cheek,693.6,354.5,798.1,487.1,1026.9,533.1,1157.6,698.9,3ccY8jYkI5o.004.mp4,1280,720,23.976,367,emotional_stability,low
89,3712,left_eye,506.5,267.6,610.2,340.0,793.1,424.5,922.7,515.0,3ccY8jYkI5o.004.mp4,1280,720,23.976,367,emotional_stability,low
89,3712,right_eye,666.8,263.2,783.6,334.9,993.4,419.0,1139.5,508.6,3ccY8jYkI5o.004.mp4,1280,720,23.976,367,emotional_stability,low
89,3712,nose,585.0,311.0,688.1,434.1,891.3,478.7,1020.2,632.6,3ccY8jYkI5o.004.mp4,1280,720,23.976,367,emotional_stability,low
89,3712,mouth,572.4,454.2,715.8,540.4,875.4,657.7,1054.8,765.6,3ccY8jYkI5o.004.mp4,1280,720,23.976,367,emotional_stability,low
89,3712,forehead,496.5,202.6,815.8,473.0,780.7,343.2,1179.7,681.2,3ccY8jYkI5o.004.mp4,1280,720,23.976,367,emotional_stability,low
89,3712,chin,498.5,355.5,815.8,593.1,783.1,534.4,1179.7,831.3,3ccY8jYkI5o.004.mp4,1280,720,23.976,367,emotional_stability,low
89,3712,left_cheek,500.9,357.8,587.5,486.4,786.2,537.2,894.4,698.0,3ccY8jYkI5o.004.mp4,1280,720,23.976,367,emotional_stability,low
89,3712,right_cheek,693.7,353.7,798.0,485.7,1027.1,532.1,1157.5,697.2,3ccY8jYkI5o.004.mp4,1280,720,23.976,367,emotional_stability,low
90,3753,left_eye,507.0,267.5,610.3,339.8,793.7,424.4,922.9,514.8,3ccY8jYkI5o.004.mp4,1280,720,23.976,367,emotional_stability,low
90,3753,right_eye,667.0,262.8,783.7,334.6,993.8,418.6,1139.7,508.2,3ccY8jYkI5o.004.mp4,1280,720,23.976,367,emotional_stability,low
90,3753,nose,585.3,310.7,690.0,433.3,891.7,478.4,1022.5,631.6,3ccY8jYkI5o.004.mp4,1280,720,23.976,367,emotional_stability,low
90,3753,mouth,572.9,453.1,717.7,540.3,876.2,656.4,1057.1,765.3,3ccY8jYkI5o.004.mp4,1280,720,23.976,367,emotional_stability,low
90,3753,forehead,497.2,202.6,815.9,472.9,781.5,343.2,1179.9,681.1,3ccY8jYkI5o.004.mp4,1280,720,23.976,367,emotional_stability,low
90,3753,chin,499.2,354.9,815.9,592.8,784.0,533.7,1179.9,831.1,3ccY8jYkI5o.004.mp4,1280,720,23.976,367,emotional_stability,low
90,3753,left_cheek,501.7,357.6,588.0,485.5,787.1,537.0,895.0,696.9,3ccY8jYkI5o.004.mp4,1280,720,23.976,367,emotional_stability,low
90,3753,right_cheek,694.5,353.0,798.0,485.0,1028.1,531.3,1157.6,696.2,3ccY8jYkI5o.004.mp4,1280,720,23.976,367,emotional_stability,low
91,3795,left_eye,506.8,267.5,610.5,339.7,793.6,424.3,923.1,514.7,3ccY8jYkI5o.004.mp4,1280,720,23.976,367,emotional_stability,low
91,3795,right_eye,667.1,262.8,783.8,334.6,993.8,418.4,1139.7,508.2,3ccY8jYkI5o.004.mp4,1280,720,23.976,367,emotional_stability,low
91,3795,nose,585.4,310.6,690.0,432.8,891.7,478.3,1022.5,631.0,3ccY8jYkI5o.004.mp4,1280,720,23.976,367,emotional_stability,low
91,3795,mouth,572.8,452.9,717.5,540.0,876.0,656.1,1056.9,765.0,3ccY8jYkI5o.004.mp4,1280,720,23.976,367,emotional_stability,low
91,3795,forehead,497.1,202.7,815.7,472.8,781.4,343.4,1179.7,681.0,3ccY8jYkI5o.004.mp4,1280,720,23.976,367,emotional_stability,low
91,3795,chin,499.2,355.0,815.7,591.2,783.9,533.7,1179.7,829.0,3ccY8jYkI5o.004.mp4,1280,720,23.976,367,emotional_stability,low
91,3795,left_cheek,501.7,357.6,588.0,484.9,787.1,537.0,895.0,696.1,3ccY8jYkI5o.004.mp4,1280,720,23.976,367,emotional_stability,low
91,3795,right_cheek,694.5,352.9,797.9,484.4,1028.1,531.1,1157.4,695.5,3ccY8jYkI5o.004.mp4,1280,720,23.976,367,emotional_stability,low
92,3837,left_eye,505.3,267.4,609.5,339.7,791.6,424.3,921.9,514.6,3ccY8jYkI5o.004.mp4,1280,720,23.976,367,emotional_stability,low
92,3837,right_eye,665.9,262.6,782.5,334.5,992.4,418.3,1138.1,508.1,3ccY8jYkI5o.004.mp4,1280,720,23.976,367,emotional_stability,low
92,3837,nose,584.8,310.3,689.3,431.9,891.0,477.9,1021.6,629.8,3ccY8jYkI5o.004.mp4,1280,720,23.976,367,emotional_stability,low
92,3837,mouth,571.6,452.5,717.2,539.8,874.5,655.6,1056.5,764.8,3ccY8jYkI5o.004.mp4,1280,720,23.976,367,emotional_stability,low
92,3837,forehead,496.0,202.7,814.0,473.0,780.0,343.4,1177.5,681.3,3ccY8jYkI5o.004.mp4,1280,720,23.976,367,emotional_stability,low
92,3837,chin,498.1,355.1,814.0,591.2,782.6,533.9,1177.5,829.0,3ccY8jYkI5o.004.mp4,1280,720,23.976,367,emotional_stability,low
92,3837,left_cheek,500.8,357.7,587.1,484.6,786.0,537.1,893.9,695.7,3ccY8jYkI5o.004.mp4,1280,720,23.976,367,emotional_stability,low
92,3837,right_cheek,693.5,352.7,796.3,484.0,1026.9,530.9,1155.4,695.0,3ccY8jYkI5o.004.mp4,1280,720,23.976,367,emotional_stability,low
93,3878,left_eye,505.7,267.3,609.9,339.6,792.2,424.1,922.4,514.5,3ccY8jYkI5o.004.mp4,1280,720,23.976,367,emotional_stability,low
93,3878,right_eye,667.3,261.8,782.8,333.7,994.1,417.2,1138.5,507.2,3ccY8jYkI5o.004.mp4,1280,720,23.976,367,emotional_stability,low
93,3878,nose,585.6,309.7,690.6,430.5,892.0,477.1,1023.3,628.1,3ccY8jYkI5o.004.mp4,1280,720,23.976,367,emotional_stability,low
93,3878,mouth,573.0,451.7,717.6,538.7,876.2,654.7,1057.0,763.3,3ccY8jYkI5o.004.mp4,1280,720,23.976,367,emotional_stability,low
93,3878,forehead,496.3,202.7,814.2,473.0,780.4,343.4,1177.7,681.2,3ccY8jYkI5o.004.mp4,1280,720,23.976,367,emotional_stability,low
93,3878,chin,498.4,354.6,814.2,588.6,783.0,533.2,1177.7,825.7,3ccY8jYkI5o.004.mp4,1280,720,23.976,367,emotional_stability,low
93,3878,left_cheek,501.5,357.6,587.8,483.7,786.9,537.0,894.8,694.6,3ccY8jYkI5o.004.mp4,1280,720,23.976,367,emotional_stability,low
93,3878,right_cheek,694.6,351.9,796.5,482.8,1028.2,529.9,1155.6,693.6,3ccY8jYkI5o.004.mp4,1280,720,23.976,367,emotional_stability,low
94,3920,left_eye,504.9,266.6,609.5,339.0,791.1,423.3,921.9,513.8,3ccY8jYkI5o.004.mp4,1280,720,23.976,367,emotional_stability,low
94,3920,right_eye,666.5,260.2,782.6,332.4,993.2,415.3,1138.3,505.5,3ccY8jYkI5o.004.mp4,1280,720,23.976,367,emotional_stability,low
94,3920,nose,585.5,308.5,690.1,429.3,891.9,475.6,1022.6,626.6,3ccY8jYkI5o.004.mp4,1280,720,23.976,367,emotional_stability,low
94,3920,mouth,572.6,450.3,717.4,535.6,875.7,652.9,1056.8,759.6,3ccY8jYkI5o.004.mp4,1280,720,23.976,367,emotional_stability,low
94,3920,forehead,496.0,201.6,814.2,472.9,779.9,342.0,1177.8,681.2,3ccY8jYkI5o.004.mp4,1280,720,23.976,367,emotional_stability,low
94,3920,chin,498.1,353.6,814.2,586.5,782.6,532.0,1177.8,823.1,3ccY8jYkI5o.004.mp4,1280,720,23.976,367,emotional_stability,low
94,3920,left_cheek,501.1,357.5,587.5,482.9,786.4,536.9,894.4,693.7,3ccY8jYkI5o.004.mp4,1280,720,23.976,367,emotional_stability,low
94,3920,right_cheek,694.2,350.5,796.5,481.5,1027.7,528.1,1155.6,691.9,3ccY8jYkI5o.004.mp4,1280,720,23.976,367,emotional_stability,low
95,3962,left_eye,505.1,266.5,609.7,338.6,791.3,423.2,922.1,513.3,3ccY8jYkI5o.004.mp4,1280,720,23.976,367,emotional_stability,low
95,3962,right_eye,667.3,259.2,783.7,331.5,994.2,414.0,1139.6,504.4,3ccY8jYkI5o.004.mp4,1280,720,23.976,367,emotional_stability,low
95,3962,nose,586.1,308.2,691.5,429.2,892.6,475.3,1024.4,626.6,3ccY8jYkI5o.004.mp4,1280,720,23.976,367,emotional_stability,low
95,3962,mouth,572.6,449.7,719.5,533.1,875.8,652.1,1059.4,756.4,3ccY8jYkI5o.004.mp4,1280,720,23.976,367,emotional_stability,low
95,3962,forehead,496.0,201.1,815.0,472.7,780.0,341.4,1178.8,680.8,3ccY8jYkI5o.004.mp4,1280,720,23.976,367,emotional_stability,low
95,3962,chin,498.1,352.0,815.0,585.0,782.6,530.0,1178.8,821.2,3ccY8jYkI5o.004.mp4,1280,720,23.976,367,emotional_stability,low
95,3962,left_cheek,501.1,357.0,587.8,482.3,786.4,536.3,894.8,692.8,3ccY8jYkI5o.004.mp4,1280,720,23.976,367,emotional_stability,low
95,3962,right_cheek,695.2,349.4,797.4,480.5,1029.0,526.8,1156.7,690.6,3ccY8jYkI5o.004.mp4,1280,720,23.976,367,emotional_stability,low
96,4004,left_eye,504.9,266.5,609.2,338.2,791.1,423.1,921.5,512.8,3ccY8jYkI5o.004.mp4,1280,720,23.976,367,emotional_stability,low
96,4004,right_eye,666.6,258.9,783.6,331.0,993.3,413.7,1139.4,503.7,3ccY8jYkI5o.004.mp4,1280,720,23.976,367,emotional_stability,low
96,4004,nose,585.8,308.1,691.1,429.4,892.2,475.1,1023.9,626.7,3ccY8jYkI5o.004.mp4,1280,720,23.976,367,emotional_stability,low
96,4004,mouth,572.1,449.6,719.2,530.4,875.1,652.0,1059.0,753.1,3ccY8jYkI5o.004.mp4,1280,720,23.976,367,emotional_stability,low
96,4004,forehead,495.9,200.7,815.4,472.4,779.9,340.9,1179.2,680.5,3ccY8jYkI5o.004.mp4,1280,720,23.976,367,emotional_stability,low
96,4004,chin,498.0,351.1,815.4,582.5,782.5,528.8,1179.2,818.1,3ccY8jYkI5o.004.mp4,1280,720,23.976,367,emotional_stability,low
96,4004,left_cheek,500.9,356.7,587.6,481.8,786.2,535.8,894.5,692.2,3ccY8jYkI5o.004.mp4,1280,720,23.976,367,emotional_stability,low
96,4004,right_cheek,694.9,348.7,797.4,479.9,1028.6,525.9,1156.8,689.8,3ccY8jYkI5o.004.mp4,1280,720,23.976,367,emotional_stability,low
97,4045,left_eye,504.9,266.5,609.3,338.0,791.1,423.1,921.7,512.5,3ccY8jYkI5o.004.mp4,1280,720,23.976,367,emotional_stability,low
97,4045,right_eye,667.0,258.2,784.7,330.9,993.8,412.8,1140.9,503.6,3ccY8jYkI5o.004.mp4,1280,720,23.976,367,emotional_stability,low
97,4045,nose,586.0,308.0,691.4,429.4,892.5,475.1,1024.3,626.8,3ccY8jYkI5o.004.mp4,1280,720,23.976,367,emotional_stability,low
97,4045,mouth,572.1,449.7,720.5,528.3,875.1,652.2,1060.6,750.4,3ccY8jYkI5o.004.mp4,1280,720,23.976,367,emotional_stability,low
97,4045,forehead,496.0,200.3,816.5,472.2,780.0,340.4,1180.6,680.2,3ccY8jYkI5o.004.mp4,1280,720,23.976,367,emotional_stability,low
97,4045,chin,498.0,350.4,816.5,581.2,782.6,528.0,1180.6,816.4,3ccY8jYkI5o.004.mp4,1280,720,23.976,367,emotional_stability,low
97,4045,left_cheek,501.0,356.4,587.7,481.4,786.2,535.5,894.7,691.8,3ccY8jYkI5o.004.mp4,1280,720,23.976,367,emotional_stability,low
97,4045,right_cheek,695.2,348.4,798.2,479.6,1029.1,525.5,1157.8,689.5,3ccY8jYkI5o.004.mp4,1280,720,23.976,367,emotional_stability,low
98,4087,left_eye,504.4,266.6,609.2,337.9,790.5,423.3,921.5,512.4,3ccY8jYkI5o.004.mp4,1280,720,23.976,367,emotional_stability,low
98,4087,right_eye,666.6,258.3,784.6,331.0,993.3,412.9,1140.8,503.7,3ccY8jYkI5o.004.mp4,1280,720,23.976,367,emotional_stability,low
98,4087,nose,585.9,308.1,691.1,430.0,892.4,475.1,1023.9,627.5,3ccY8jYkI5o.004.mp4,1280,720,23.976,367,emotional_stability,low
98,4087,mouth,571.3,449.8,720.5,526.5,874.1,652.3,1060.6,748.1,3ccY8jYkI5o.004.mp4,1280,720,23.976,367,emotional_stability,low
98,4087,forehead,495.5,200.2,816.5,472.1,779.4,340.2,1180.6,680.1,3ccY8jYkI5o.004.mp4,1280,720,23.976,367,emotional_stability,low
98,4087,chin,497.4,350.0,816.5,580.6,781.8,527.6,1180.6,815.7,3ccY8jYkI5o.004.mp4,1280,720,23.976,367,emotional_stability,low
98,4087,left_cheek,500.6,356.2,587.6,481.3,785.8,535.3,894.5,691.7,3ccY8jYkI5o.004.mp4,1280,720,23.976,367,emotional_stability,low
98,4087,right_cheek,695.0,348.4,798.2,479.6,1028.8,525.4,1157.7,689.5,3ccY8jYkI5o.004.mp4,1280,720,23.976,367,emotional_stability,low
99,4129,left_eye,503.0,267.6,608.4,337.9,788.8,424.5,920.5,512.4,3ccY8jYkI5o.004.mp4,1280,720,23.976,367,emotional_stability,low
99,4129,right_eye,665.7,258.3,784.3,331.2,992.1,412.9,1140.4,504.0,3ccY8jYkI5o.004.mp4,1280,720,23.976,367,emotional_stability,low
99,4129,nose,585.3,308.7,689.9,431.4,891.6,475.9,1022.3,629.3,3ccY8jYkI5o.004.mp4,1280,720,23.976,367,emotional_stability,low
99,4129,mouth,569.5,450.6,720.3,525.7,871.9,653.3,1060.3,747.2,3ccY8jYkI5o.004.mp4,1280,720,23.976,367,emotional_stability,low
99,4129,forehead,494.0,200.2,816.5,472.2,777.5,340.2,1180.6,680.2,3ccY8jYkI5o.004.mp4,1280,720,23.976,367,emotional_stability,low
99,4129,chin,495.7,350.1,816.5,580.9,779.6,527.6,1180.6,816.1,3ccY8jYkI5o.004.mp4,1280,720,23.976,367,emotional_stability,low
99,4129,left_cheek,499.1,356.3,586.7,481.4,783.9,535.4,893.3,691.7,3ccY8jYkI5o.004.mp4,1280,720,23.976,367,emotional_stability,low
99,4129,right_cheek,694.1,348.5,798.1,479.8,1027.6,525.7,1157.6,689.7,3ccY8jYkI5o.004.mp4,1280,720,23.976,367,emotional_stability,low
100,4170,left_eye,501.4,269.4,607.5,338.7,786.8,426.8,919.4,513.4,3ccY8jYkI5o.004.mp4,1280,720,23.976,367,emotional_stability,low
100,4170,right_eye,665.0,259.1,784.1,331.8,991.3,413.9,1140.1,504.7,3ccY8jYkI5o.004.mp4,1280,720,23.976,367,emotional_stability,low
100,4170,nose,584.7,310.0,689.2,433.4,890.9,477.5,1021.4,631.7,3ccY8jYkI5o.004.mp4,1280,720,23.976,367,emotional_stability,low
100,4170,mouth,568.1,452.1,720.1,525.3,870.1,655.2,1060.2,746.6,3ccY8jYkI5o.004.mp4,1280,720,23.976,367,emotional_stability,low
100,4170,forehead,492.3,200.7,816.3,472.7,775.3,340.8,1180.4,680.9,3ccY8jYkI5o.004.mp4,1280,720,23.976,367,emotional_stability,low
100,4170,chin,493.8,350.2,816.3,580.6,777.3,527.8,1180.4,815.8,3ccY8jYkI5o.004.mp4,1280,720,23.976,367,emotional_stability,low
100,4170,left_cheek,497.7,357.0,585.8,481.9,782.2,536.2,892.3,692.4,3ccY8jYkI5o.004.mp4,1280,720,23.976,367,emotional_stability,low
100,4170,right_cheek,693.4,348.6,797.8,479.9,1026.7,525.8,1157.3,689.8,3ccY8jYkI5o.004.mp4,1280,720,23.976,367,emotional_stability,low
101,4212,left_eye,500.9,272.5,607.6,341.2,786.2,430.6,919.6,516.5,3ccY8jYkI5o.004.mp4,1280,720,23.976,367,emotional_stability,low
101,4212,right_eye,664.9,262.1,784.2,333.7,991.1,417.6,1140.2,507.1,3ccY8jYkI5o.004.mp4,1280,720,23.976,367,emotional_stability,low
101,4212,nose,584.3,312.9,689.1,437.9,890.4,481.2,1021.4,637.4,3ccY8jYkI5o.004.mp4,1280,720,23.976,367,emotional_stability,low
101,4212,mouth,567.4,456.0,720.7,525.7,869.2,660.0,1060.8,747.2,3ccY8jYkI5o.004.mp4,1280,720,23.976,367,emotional_stability,low
101,4212,forehead,491.5,202.0,816.9,475.6,774.4,342.6,1181.2,684.5,3ccY8jYkI5o.004.mp4,1280,720,23.976,367,emotional_stability,low
101,4212,chin,492.9,351.2,816.9,583.0,776.2,529.1,1181.2,818.8,3ccY8jYkI5o.004.mp4,1280,720,23.976,367,emotional_stability,low
101,4212,left_cheek,497.1,359.3,585.6,484.9,781.4,539.1,892.0,696.1,3ccY8jYkI5o.004.mp4,1280,720,23.976,367,emotional_stability,low
101,4212,right_cheek,693.3,350.6,798.0,483.0,1026.6,528.3,1157.5,693.7,3ccY8jYkI5o.004.mp4,1280,720,23.976,367,emotional_stability,low
102,4254,left_eye,500.6,274.4,607.6,343.9,785.8,433.0,919.5,519.8,3ccY8jYkI5o.004.mp4,1280,720,23.976,367,emotional_stability,low
102,4254,right_eye,664.9,265.2,784.3,336.4,991.1,421.5,1140.4,510.5,3ccY8jYkI5o.004.mp4,1280,720,23.976,367,emotional_stability,low
102,4254,nose,583.7,315.8,689.1,440.8,889.7,484.8,1021.4,641.0,3ccY8jYkI5o.004.mp4,1280,720,23.976,367,emotional_stability,low
102,4254,mouth,567.1,459.3,720.9,534.3,868.9,664.1,1061.1,757.9,3ccY8jYkI5o.004.mp4,1280,720,23.976,367,emotional_stability,low
102,4254,forehead,491.5,204.8,817.6,479.0,774.4,346.0,1182.0,688.7,3ccY8jYkI5o.004.mp4,1280,720,23.976,367,emotional_stability,low
102,4254,chin,493.0,354.2,817.6,590.0,776.2,532.7,1182.0,827.5,3ccY8jYkI5o.004.mp4,1280,720,23.976,367,emotional_stability,low
102,4254,left_cheek,496.8,361.7,585.3,488.3,781.1,542.2,891.7,700.4,3ccY8jYkI5o.004.mp4,1280,720,23.976,367,emotional_stability,low
102,4254,right_cheek,693.2,353.8,798.2,486.8,1026.5,532.3,1157.8,698.5,3ccY8jYkI5o.004.mp4,1280,720,23.976,367,emotional_stability,low
103,4295,left_eye,500.2,273.9,606.1,343.5,785.3,432.4,917.7,519.4,3ccY8jYkI5o.004.mp4,1280,720,23.976,367,emotional_stability,low
103,4295,right_eye,664.9,266.0,784.8,337.3,991.1,422.5,1141.0,511.7,3ccY8jYkI5o.004.mp4,1280,720,23.976,367,emotional_stability,low
103,4295,nose,581.0,315.5,687.5,440.6,886.3,484.3,1019.4,640.7,3ccY8jYkI5o.004.mp4,1280,720,23.976,367,emotional_stability,low
103,4295,mouth,564.5,460.1,720.7,545.7,865.6,665.1,1060.9,772.1,3ccY8jYkI5o.004.mp4,1280,720,23.976,367,emotional_stability,low
103,4295,forehead,491.7,205.8,818.6,478.7,774.6,347.3,1183.3,688.4,3ccY8jYkI5o.004.mp4,1280,720,23.976,367,emotional_stability,low
103,4295,chin,493.2,357.9,818.6,600.8,776.5,537.4,1183.3,841.1,3ccY8jYkI5o.004.mp4,1280,720,23.976,367,emotional_stability,low
103,4295,left_cheek,495.6,361.4,583.5,489.1,779.5,541.8,889.4,701.3,3ccY8jYkI5o.004.mp4,1280,720,23.976,367,emotional_stability,low
103,4295,right_cheek,692.8,356.4,798.5,490.1,1026.0,535.5,1158.1,702.7,3ccY8jYkI5o.004.mp4,1280,720,23.976,367,emotional_stability,low
104,4337,left_eye,500.7,267.4,602.0,337.4,785.9,424.2,912.4,511.8,3ccY8jYkI5o.004.mp4,1280,720,23.976,367,emotional_stability,low
104,4337,right_eye,664.3,265.5,784.3,337.1,990.3,421.9,1140.4,511.3,3ccY8jYkI5o.004.mp4,1280,720,23.976,367,emotional_stability,low
104,4337,nose,575.1,312.2,683.0,437.6,878.9,480.2,1013.8,637.0,3ccY8jYkI5o.004.mp4,1280,720,23.976,367,emotional_stability,low
104,4337,mouth,558.8,456.5,717.1,549.4,858.6,660.6,1056.3,776.7,3ccY8jYkI5o.004.mp4,1280,720,23.976,367,emotional_stability,low
104,4337,forehead,491.9,204.2,819.0,479.8,774.9,345.3,1183.7,689.8,3ccY8jYkI5o.004.mp4,1280,720,23.976,367,emotional_stability,low
104,4337,chin,493.3,357.5,819.0,602.5,776.7,536.9,1183.7,843.2,3ccY8jYkI5o.004.mp4,1280,720,23.976,367,emotional_stability,low
104,4337,left_cheek,492.6,354.3,579.7,485.2,775.8,532.9,884.7,696.5,3ccY8jYkI5o.004.mp4,1280,720,23.976,367,emotional_stability,low
104,4337,right_cheek,689.9,356.6,798.0,491.4,1022.4,535.7,1157.5,704.2,3ccY8jYkI5o.004.mp4,1280,720,23.976,367,emotional_stability,low
105,4379,left_eye,500.7,261.1,596.7,330.8,785.9,416.3,905.9,503.4,3ccY8jYkI5o.004.mp4,1280,720,23.976,367,emotional_stability,low
105,4379,right_eye,662.4,265.7,785.7,336.4,988.1,422.1,1142.1,510.5,3ccY8jYkI5o.004.mp4,1280,720,23.976,367,emotional_stability,low
105,4379,nose,565.5,308.8,673.5,434.4,866.9,476.1,1001.9,632.9,3ccY8jYkI5o.004.mp4,1280,720,23.976,367,emotional_stability,low
105,4379,mouth,551.4,453.4,709.0,557.1,849.3,656.8,1046.3,786.4,3ccY8jYkI5o.004.mp4,1280,720,23.976,367,emotional_stability,low
105,4379,forehead,493.8,200.9,826.8,485.8,777.2,341.1,1193.5,697.2,3ccY8jYkI5o.004.mp4,1280,720,23.976,367,emotional_stability,low
105,4379,chin,493.9,351.5,826.0,611.6,777.4,529.4,1192.5,854.5,3ccY8jYkI5o.004.mp4,1280,720,23.976,367,emotional_stability,low
105,4379,left_cheek,486.6,347.5,572.8,482.2,768.2,524.4,876.0,692.7,3ccY8jYkI5o.004.mp4,1280,720,23.976,367,emotional_stability,low
105,4379,right_cheek,685.2,358.2,799.0,496.8,1016.5,537.8,1158.7,711.0,3ccY8jYkI5o.004.mp4,1280,720,23.976,367,emotional_stability,low
106,4421,left_eye,501.8,258.5,597.5,330.7,787.2,413.1,906.9,503.4,3ccY8jYkI5o.004.mp4,1280,720,23.976,367,emotional_stability,low
106,4421,right_eye,659.4,266.6,785.1,337.3,984.3,423.2,1141.3,511.6,3ccY8jYkI5o.004.mp4,1280,720,23.976,367,emotional_stability,low
106,4421,nose,561.5,307.8,667.6,431.7,861.9,474.8,994.5,629.6,3ccY8jYkI5o.004.mp4,1280,720,23.976,367,emotional_stability,low
106,4421,mouth,545.4,451.2,703.6,555.4,841.8,654.0,1039.5,784.3,3ccY8jYkI5o.004.mp4,1280,720,23.976,367,emotional_stability,low
106,4421,forehead,494.0,199.0,827.4,493.4,777.5,338.8,1194.3,706.8,3ccY8jYkI5o.004.mp4,1280,720,23.976,367,emotional_stability,low
106,4421,chin,494.0,350.1,825.8,609.8,777.5,527.6,1192.2,852.2,3ccY8jYkI5o.004.mp4,1280,720,23.976,367,emotional_stability,low
106,4421,left_cheek,485.7,345.6,570.2,480.2,767.1,522.0,872.8,690.2,3ccY8jYkI5o.004.mp4,1280,720,23.976,367,emotional_stability,low
106,4421,right_cheek,681.2,361.4,798.2,501.4,1011.5,541.7,1157.8,716.7,3ccY8jYkI5o.004.mp4,1280,720,23.976,367,emotional_stability,low
107,4462,left_eye,504.6,255.8,598.7,329.7,790.7,409.7,908.4,502.1,3ccY8jYkI5o.004.mp4,1280,720,23.976,367,emotional_stability,low
107,4462,right_eye,659.3,266.5,785.1,337.1,984.1,423.2,1141.3,511.4,3ccY8jYkI5o.004.mp4,1280,720,23.976,367,emotional_stability,low
107,4462,nose,560.6,305.7,666.1,428.4,860.8,472.1,992.6,625.5,3ccY8jYkI5o.004.mp4,1280,720,23.976,367,emotional_stability,low
107,4462,mouth,545.4,447.4,701.8,552.5,841.8,649.3,1037.2,780.7,3ccY8jYkI5o.004.mp4,1280,720,23.976,367,emotional_stability,low
107,4462,forehead,494.1,196.4,829.8,496.3,777.6,335.5,1197.2,710.4,3ccY8jYkI5o.004.mp4,1280,720,23.976,367,emotional_stability,low
107,4462,chin,494.1,349.5,827.4,609.1,777.6,526.8,1194.3,851.4,3ccY8jYkI5o.004.mp4,1280,720,23.976,367,emotional_stability,low
107,4462,left_cheek,485.1,343.5,570.1,477.8,766.3,519.4,872.6,687.3,3ccY8jYkI5o.004.mp4,1280,720,23.976,367,emotional_stability,low
107,4462,right_cheek,680.6,361.2,798.2,501.8,1010.7,541.5,1157.8,717.2,3ccY8jYkI5o.004.mp4,1280,720,23.976,367,emotional_stability,low
108,4504,left_eye,506.6,253.3,598.9,328.5,793.2,406.7,908.6,500.6,3ccY8jYkI5o.004.mp4,1280,720,23.976,367,emotional_stability,low
108,4504,right_eye,659.7,265.3,786.4,336.9,984.6,421.6,1143.0,511.2,3ccY8jYkI5o.004.mp4,1280,720,23.976,367,emotional_stability,low
108,4504,nose,561.7,304.1,666.8,427.2,862.1,470.1,993.5,624.0,3ccY8jYkI5o.004.mp4,1280,720,23.976,367,emotional_stability,low
108,4504,mouth,545.7,446.1,702.4,551.2,842.1,647.6,1038.0,779.0,3ccY8jYkI5o.004.mp4,1280,720,23.976,367,emotional_stability,low
108,4504,forehead,494.7,193.8,832.7,497.0,778.3,332.2,1200.9,711.2,3ccY8jYkI5o.004.mp4,1280,720,23.976,367,emotional_stability,low
108,4504,chin,494.7,348.2,829.9,608.6,778.3,525.3,1197.4,850.8,3ccY8jYkI5o.004.mp4,1280,720,23.976,367,emotional_stability,low
108,4504,left_cheek,485.3,341.9,571.1,476.6,766.7,517.3,873.8,685.8,3ccY8jYkI5o.004.mp4,1280,720,23.976,367,emotional_stability,low
108,4504,right_cheek,681.4,361.0,799.2,501.7,1011.7,541.3,1159.0,717.2,3ccY8jYkI5o.004.mp4,1280,720,23.976,367,emotional_stability,low
109,4546,left_eye,508.5,253.4,601.0,329.0,795.6,406.8,911.3,501.3,3ccY8jYkI5o.004.mp4,1280,720,23.976,367,emotional_stability,low
109,4546,right_eye,660.2,265.2,787.3,337.1,985.3,421.6,1144.1,511.4,3ccY8jYkI5o.004.mp4,1280,720,23.976,367,emotional_stability,low
109,4546,nose,563.6,304.4,668.4,427.9,864.5,470.5,995.4,624.9,3ccY8jYkI5o.004.mp4,1280,720,23.976,367,emotional_stability,low
109,4546,mouth,546.4,446.7,704.1,547.2,843.0,648.4,1040.1,773.9,3ccY8jYkI5o.004.mp4,1280,720,23.976,367,emotional_stability,low
109,4546,forehead,495.0,193.5,833.5,497.6,778.8,331.8,1201.9,712.0,3ccY8jYkI5o.004.mp4,1280,720,23.976,367,emotional_stability,low
109,4546,chin,495.0,348.0,830.7,606.7,778.8,525.0,1198.3,848.4,3ccY8jYkI5o.004.mp4,1280,720,23.976,367,emotional_stability,low
109,4546,left_cheek,486.4,342.2,572.1,476.6,768.0,517.8,875.1,685.8,3ccY8jYkI5o.004.mp4,1280,720,23.976,367,emotional_stability,low
109,4546,right_cheek,682.2,361.3,800.1,501.8,1012.7,541.6,1160.1,717.3,3ccY8jYkI5o.004.mp4,1280,720,23.976,367,emotional_stability,low
110,4587,left_eye,510.5,254.7,603.7,329.4,798.1,408.3,914.7,501.7,3ccY8jYkI5o.004.mp4,1280,720,23.976,367,emotional_stability,low
110,4587,right_eye,662.8,266.4,789.4,338.7,988.5,423.0,1146.8,513.4,3ccY8jYkI5o.004.mp4,1280,720,23.976,367,emotional_stability,low
110,4587,nose,564.3,305.2,669.4,430.5,865.4,471.6,996.7,628.2,3ccY8jYkI5o.004.mp4,1280,720,23.976,367,emotional_stability,low
110,4587,mouth,547.6,447.5,706.0,542.3,844.5,649.4,1042.4,767.9,3ccY8jYkI5o.004.mp4,1280,720,23.976,367,emotional_stability,low
110,4587,forehead,495.9,194.4,834.4,499.2,779.9,333.0,1203.0,714.0,3ccY8jYkI5o.004.mp4,1280,720,23.976,367,emotional_stability,low
110,4587,chin,495.9,348.6,831.6,606.3,779.9,525.8,1199.6,847.8,3ccY8jYkI5o.004.mp4,1280,720,23.976,367,emotional_stability,low
110,4587,left_cheek,487.0,343.3,573.8,477.1,768.8,519.1,877.3,686.3,3ccY8jYkI5o.004.mp4,1280,720,23.976,367,emotional_stability,low
110,4587,right_cheek,683.1,362.8,801.8,502.8,1013.9,543.6,1162.3,718.5,3ccY8jYkI5o.004.mp4,1280,720,23.976,367,emotional_stability,low
111,4629,left_eye,511.8,259.4,606.8,333.7,799.7,414.2,918.5,507.1,3ccY8jYkI5o.004.mp4,1280,720,23.976,367,emotional_stability,low
111,4629,right_eye,666.0,269.9,791.8,342.7,992.5,427.3,1149.7,518.4,3ccY8jYkI5o.004.mp4,1280,720,23.976,367,emotional_stability,low
111,4629,nose,568.7,309.2,672.9,434.6,870.8,476.6,1001.1,633.3,3ccY8jYkI5o.004.mp4,1280,720,23.976,367,emotional_stability,low
111,4629,mouth,548.3,451.1,710.1,540.5,845.4,653.9,1047.6,765.6,3ccY8jYkI5o.004.mp4,1280,720,23.976,367,emotional_stability,low
111,4629,forehead,496.3,196.4,835.1,504.1,780.3,335.5,1203.9,720.1,3ccY8jYkI5o.004.mp4,1280,720,23.976,367,emotional_stability,low
111,4629,chin,496.3,351.5,832.5,606.0,780.3,529.3,1200.7,847.6,3ccY8jYkI5o.004.mp4,1280,720,23.976,367,emotional_stability,low
111,4629,left_cheek,487.5,345.7,577.3,479.3,769.4,522.1,881.6,689.1,3ccY8jYkI5o.004.mp4,1280,720,23.976,367,emotional_stability,low
111,4629,right_cheek,686.2,366.7,803.8,506.1,1017.8,548.4,1164.7,722.7,3ccY8jYkI5o.004.mp4,1280,720,23.976,367,emotional_stability,low
112,4671,left_eye,512.8,261.0,609.8,335.5,801.0,416.3,922.2,509.4,3ccY8jYkI5o.004.mp4,1280,720,23.976,367,emotional_stability,low
112,4671,right_eye,668.7,271.3,793.7,344.0,995.8,429.1,1152.1,520.0,3ccY8jYkI5o.004.mp4,1280,720,23.976,367,emotional_stability,low
112,4671,nose,571.5,311.0,677.0,436.3,874.4,478.7,1006.3,635.4,3ccY8jYkI5o.004.mp4,1280,720,23.976,367,emotional_stability,low
112,4671,mouth,548.6,452.7,713.3,538.0,845.8,655.8,1051.6,762.4,3ccY8jYkI5o.004.mp4,1280,720,23.976,367,emotional_stability,low
112,4671,forehead,497.5,197.9,835.9,504.1,781.9,337.4,1204.8,720.1,3ccY8jYkI5o.004.mp4,1280,720,23.976,367,emotional_stability,low
112,4671,chin,497.5,353.8,833.3,605.8,781.9,532.2,1201.7,847.3,3ccY8jYkI5o.004.mp4,1280,720,23.976,367,emotional_stability,low
112,4671,left_cheek,489.1,347.7,580.0,480.3,771.4,524.6,884.9,690.3,3ccY8jYkI5o.004.mp4,1280,720,23.976,367,emotional_stability,low
112,4671,right_cheek,689.3,367.8,805.6,506.0,1021.7,549.7,1167.0,722.6,3ccY8jYkI5o.004.mp4,1280,720,23.976,367,emotional_stability,low
113,4713,left_eye,513.5,261.0,611.2,335.6,801.8,416.3,924.1,509.6,3ccY8jYkI5o.004.mp4,1280,720,23.976,367,emotional_stability,low
113,4713,right_eye,670.1,270.7,795.0,343.2,997.7,428.4,1153.8,519.0,3ccY8jYkI5o.004.mp4,1280,720,23.976,367,emotional_stability,low
113,4713,nose,573.8,310.9,679.3,436.4,877.2,478.6,1009.1,635.5,3ccY8jYkI5o.004.mp4,1280,720,23.976,367,emotional_stability,low
113,4713,mouth,552.1,454.3,714.6,537.9,850.2,657.9,1053.2,762.4,3ccY8jYkI5o.004.mp4,1280,720,23.976,367,emotional_stability,low
113,4713,forehead,499.4,198.0,837.1,503.1,784.3,337.5,1206.4,718.9,3ccY8jYkI5o.004.mp4,1280,720,23.976,367,emotional_stability,low
113,4713,chin,499.4,354.4,834.9,605.5,784.3,533.0,1203.7,846.9,3ccY8jYkI5o.004.mp4,1280,720,23.976,367,emotional_stability,low
113,4713,left_cheek,491.4,348.4,581.8,481.4,774.2,525.5,887.3,691.7,3ccY8jYkI5o.004.mp4,1280,720,23.976,367,emotional_stability,low
113,4713,right_cheek,691.3,367.1,807.5,505.5,1024.1,548.9,1169.4,721.9,3ccY8jYkI5o.004.mp4,1280,720,23.976,367,emotional_stability,low
114,4754,left_eye,514.7,261.0,614.1,335.9,803.3,416.3,927.6,509.9,3ccY8jYkI5o.004.mp4,1280,720,23.976,367,emotional_stability,low
114,4754,right_eye,672.8,270.3,798.2,342.7,1001.0,427.9,1157.7,518.4,3ccY8jYkI5o.004.mp4,1280,720,23.976,367,emotional_stability,low
114,4754,nose,578.6,310.9,683.5,437.0,883.2,478.6,1014.3,636.2,3ccY8jYkI5o.004.mp4,1280,720,23.976,367,emotional_stability,low
114,4754,mouth,557.5,458.9,715.2,539.7,856.9,663.6,1054.0,764.6,3ccY8jYkI5o.004.mp4,1280,720,23.976,367,emotional_stability,low
114,4754,forehead,505.1,198.1,839.8,501.8,791.4,337.6,1209.8,717.3,3ccY8jYkI5o.004.mp4,1280,720,23.976,367,emotional_stability,low
114,4754,chin,505.1,354.4,837.8,605.6,791.4,533.0,1207.2,847.1,3ccY8jYkI5o.004.mp4,1280,720,23.976,367,emotional_stability,low
114,4754,left_cheek,497.8,349.3,585.2,483.7,782.2,526.7,891.5,694.7,3ccY8jYkI5o.004.mp4,1280,720,23.976,367,emotional_stability,low
114,4754,right_cheek,695.0,367.2,811.0,506.0,1028.8,549.0,1173.8,722.5,3ccY8jYkI5o.004.mp4,1280,720,23.976,367,emotional_stability,low
115,4796,left_eye,516.2,259.6,615.5,335.7,805.3,414.4,929.4,509.6,3ccY8jYkI5o.004.mp4,1280,720,23.976,367,emotional_stability,low
115,4796,right_eye,674.6,269.0,800.2,340.9,1003.2,426.3,1160.3,516.2,3ccY8jYkI5o.004.mp4,1280,720,23.976,367,emotional_stability,low
115,4796,nose,581.8,310.7,685.4,436.8,887.2,478.4,1016.7,636.0,3ccY8jYkI5o.004.mp4,1280,720,23.976,367,emotional_stability,low
115,4796,mouth,563.2,461.5,714.7,539.8,864.0,666.9,1053.4,764.7,3ccY8jYkI5o.004.mp4,1280,720,23.976,367,emotional_stability,low
115,4796,forehead,507.9,197.6,843.6,500.4,794.9,337.0,1214.5,715.5,3ccY8jYkI5o.004.mp4,1280,720,23.976,367,emotional_stability,low
115,4796,chin,507.9,354.1,842.0,603.5,794.9,532.6,1212.5,844.4,3ccY8jYkI5o.004.mp4,1280,720,23.976,367,emotional_stability,low
115,4796,left_cheek,501.6,349.5,587.7,485.1,787.0,526.8,894.6,696.3,3ccY8jYkI5o.004.mp4,1280,720,23.976,367,emotional_stability,low
115,4796,right_cheek,697.2,367.0,814.4,505.5,1031.5,548.8,1178.0,721.9,3ccY8jYkI5o.004.mp4,1280,720,23.976,367,emotional_stability,low
116,4838,left_eye,517.9,257.8,617.9,335.2,807.4,412.3,932.4,509.0,3ccY8jYkI5o.004.mp4,1280,720,23.976,367,emotional_stability,low
116,4838,right_eye,675.9,266.8,801.7,338.8,1004.9,423.5,1162.1,513.5,3ccY8jYkI5o.004.mp4,1280,720,23.976,367,emotional_stability,low
116,4838,nose,584.9,309.5,689.1,436.7,891.1,476.9,1021.4,635.9,3ccY8jYkI5o.004.mp4,1280,720,23.976,367,emotional_stability,low
116,4838,mouth,568.7,465.1,714.9,526.9,870.8,671.4,1053.6,748.6,3ccY8jYkI5o.004.mp4,1280,720,23.976,367,emotional_stability,low
116,4838,forehead,511.6,195.8,844.8,495.9,799.4,334.8,1216.0,709.9,3ccY8jYkI5o.004.mp4,1280,720,23.976,367,emotional_stability,low
116,4838,chin,511.6,353.0,843.6,596.2,799.4,531.3,1214.5,835.2,3ccY8jYkI5o.004.mp4,1280,720,23.976,367,emotional_stability,low
116,4838,left_cheek,505.5,349.4,590.8,485.4,791.9,526.8,898.5,696.8,3ccY8jYkI5o.004.mp4,1280,720,23.976,367,emotional_stability,low
116,4838,right_cheek,699.9,366.2,816.7,504.6,1034.8,547.8,1180.9,720.7,3ccY8jYkI5o.004.mp4,1280,720,23.976,367,emotional_stability,low
117,4879,left_eye,519.0,253.7,620.0,331.8,808.8,407.1,935.0,504.7,3ccY8jYkI5o.004.mp4,1280,720,23.976,367,emotional_stability,low
117,4879,right_eye,677.5,261.2,804.8,334.4,1006.9,416.5,1166.0,508.0,3ccY8jYkI5o.004.mp4,1280,720,23.976,367,emotional_stability,low
117,4879,nose,586.7,305.1,690.4,434.5,893.4,471.4,1023.0,633.2,3ccY8jYkI5o.004.mp4,1280,720,23.976,367,emotional_stability,low
117,4879,mouth,571.2,463.8,715.7,517.1,874.0,669.8,1054.6,736.4,3ccY8jYkI5o.004.mp4,1280,720,23.976,367,emotional_stability,low
117,4879,forehead,513.3,190.8,849.5,491.3,801.6,328.5,1221.9,704.2,3ccY8jYkI5o.004.mp4,1280,720,23.976,367,emotional_stability,low
117,4879,chin,513.3,350.5,848.8,587.6,801.6,528.1,1221.0,824.5,3ccY8jYkI5o.004.mp4,1280,720,23.976,367,emotional_stability,low
117,4879,left_cheek,507.2,347.8,592.8,484.6,794.0,524.8,901.0,695.7,3ccY8jYkI5o.004.mp4,1280,720,23.976,367,emotional_stability,low
117,4879,right_cheek,701.9,362.5,820.5,500.7,1037.3,543.1,1185.7,715.9,3ccY8jYkI5o.004.mp4,1280,720,23.976,367,emotional_stability,low
118,4921,left_eye,521.0,252.7,622.0,329.7,811.2,405.9,937.5,502.1,3ccY8jYkI5o.004.mp4,1280,720,23.976,367,emotional_stability,low
118,4921,right_eye,679.4,257.3,807.4,332.1,1009.3,411.6,1169.2,505.1,3ccY8jYkI5o.004.mp4,1280,720,23.976,367,emotional_stability,low
118,4921,nose,589.5,302.6,692.2,433.2,896.8,468.2,1025.2,631.4,3ccY8jYkI5o.004.mp4,1280,720,23.976,367,emotional_stability,low
118,4921,mouth,573.2,463.6,717.6,519.4,876.5,669.5,1057.0,739.3,3ccY8jYkI5o.004.mp4,1280,720,23.976,367,emotional_stability,low
118,4921,forehead,515.1,188.4,852.3,488.9,803.9,325.5,1225.4,701.1,3ccY8jYkI5o.004.mp4,1280,720,23.976,367,emotional_stability,low
118,4921,chin,515.1,348.9,851.8,587.6,803.9,526.1,1224.7,824.5,3ccY8jYkI5o.004.mp4,1280,720,23.976,367,emotional_stability,low
118,4921,left_cheek,509.6,346.8,595.2,484.5,797.0,523.6,904.0,695.7,3ccY8jYkI5o.004.mp4,1280,720,23.976,367,emotional_stability,low
118,4921,right_cheek,704.3,360.2,823.2,499.3,1040.4,540.2,1189.0,714.1,3ccY8jYkI5o.004.mp4,1280,720,23.976,367,emotional_stability,low
119,4963,left_eye,522.9,253.4,624.4,330.1,813.7,406.7,940.6,502.6,3ccY8jYkI5o.004.mp4,1280,720,23.976,367,emotional_stability,low
119,4963,right_eye,681.6,258.5,808.9,332.7,1012.0,413.1,1171.1,505.9,3ccY8jYkI5o.004.mp4,1280,720,23.976,367,emotional_stability,low
119,4963,nose,592.0,303.2,695.8,432.8,900.0,469.1,1029.7,631.0,3ccY8jYkI5o.004.mp4,1280,720,23.976,367,emotional_stability,low
119,4963,mouth,574.7,463.5,719.9,520.6,878.4,669.4,1059.9,740.8,3ccY8jYkI5o.004.mp4,1280,720,23.976,367,emotional_stability,low
119,4963,forehead,515.3,189.6,853.8,489.9,804.1,327.0,1227.3,702.3,3ccY8jYkI5o.004.mp4,1280,720,23.976,367,emotional_stability,low
119,4963,chin,515.3,350.1,853.5,589.0,804.1,527.6,1226.9,826.2,3ccY8jYkI5o.004.mp4,1280,720,23.976,367,emotional_stability,low
119,4963,left_cheek,511.2,347.4,597.4,485.4,799.0,524.3,906.8,696.8,3ccY8jYkI5o.004.mp4,1280,720,23.976,367,emotional_stability,low
119,4963,right_cheek,707.1,360.3,825.1,499.4,1043.9,540.4,1191.4,714.3,3ccY8jYkI5o.004.mp4,1280,720,23.976,367,emotional_stability,low
120,5005,left_eye,524.3,256.1,625.9,332.4,815.4,410.1,942.4,505.5,3ccY8jYkI5o.004.mp4,1280,720,23.976,367,emotional_stability,low
120,5005,right_eye,683.9,259.4,812.5,334.5,1014.8,414.2,1175.6,508.1,3ccY8jYkI5o.004.mp4,1280,720,23.976,367,emotional_stability,low
120,5005,nose,592.2,304.8,698.3,434.2,900.2,471.0,1032.8,632.7,3ccY8jYkI5o.004.mp4,1280,720,23.976,367,emotional_stability,low
120,5005,mouth,573.6,463.1,727.6,531.3,877.0,668.9,1069.5,754.1,3ccY8jYkI5o.004.mp4,1280,720,23.976,367,emotional_stability,low
120,5005,forehead,515.3,189.9,858.9,496.2,804.1,327.3,1233.6,710.2,3ccY8jYkI5o.004.mp4,1280,720,23.976,367,emotional_stability,low
120,5005,chin,515.3,354.7,858.6,603.7,804.1,533.4,1233.2,844.6,3ccY8jYkI5o.004.mp4,1280,720,23.976,367,emotional_stability,low
120,5005,left_cheek,510.3,350.2,597.9,488.2,797.8,527.7,907.4,700.3,3ccY8jYkI5o.004.mp4,1280,720,23.976,367,emotional_stability,low
120,5005,right_cheek,709.4,361.7,828.9,503.3,1046.8,542.1,1196.2,719.1,3ccY8jYkI5o.004.mp4,1280,720,23.976,367,emotional_stability,low
121,5046,left_eye,525.5,262.0,626.6,337.1,816.9,417.4,943.2,511.3,3ccY8jYkI5o.004.mp4,1280,720,23.976,367,emotional_stability,low
121,5046,right_eye,684.9,265.4,814.4,340.0,1016.2,421.8,1178.0,515.0,3ccY8jYkI5o.004.mp4,1280,720,23.976,367,emotional_stability,low
121,5046,nose,592.1,309.8,700.4,438.2,900.2,477.2,1035.5,637.8,3ccY8jYkI5o.004.mp4,1280,720,23.976,367,emotional_stability,low
121,5046,mouth,572.6,462.9,735.2,543.3,875.8,668.6,1079.0,769.1,3ccY8jYkI5o.004.mp4,1280,720,23.976,367,emotional_stability,low
121,5046,forehead,515.6,194.9,861.9,502.7,804.4,333.6,1237.3,718.4,3ccY8jYkI5o.004.mp4,1280,720,23.976,367,emotional_stability,low
121,5046,chin,515.6,359.9,861.8,612.3,804.4,539.9,1237.3,855.4,3ccY8jYkI5o.004.mp4,1280,720,23.976,367,emotional_stability,low
121,5046,left_cheek,509.8,354.4,598.3,491.4,797.2,533.0,907.8,704.3,3ccY8jYkI5o.004.mp4,1280,720,23.976,367,emotional_stability,low
121,5046,right_cheek,711.2,365.7,831.4,507.6,1049.0,547.2,1199.2,724.5,3ccY8jYkI5o.004.mp4,1280,720,23.976,367,emotional_stability,low
122,5088,left_eye,525.9,262.3,626.2,338.0,817.4,417.9,942.7,512.5,3ccY8jYkI5o.004.mp4,1280,720,23.976,367,emotional_stability,low
122,5088,right_eye,685.0,267.5,814.4,341.3,1016.3,424.4,1178.0,516.6,3ccY8jYkI5o.004.mp4,1280,720,23.976,367,emotional_stability,low
122,5088,nose,591.1,311.1,699.9,439.1,898.9,478.9,1034.8,638.9,3ccY8jYkI5o.004.mp4,1280,720,23.976,367,emotional_stability,low
122,5088,mouth,571.9,462.8,737.6,549.8,874.8,668.5,1082.0,777.3,3ccY8jYkI5o.004.mp4,1280,720,23.976,367,emotional_stability,low
122,5088,forehead,515.8,197.0,860.9,502.0,804.7,336.2,1236.2,717.5,3ccY8jYkI5o.004.mp4,1280,720,23.976,367,emotional_stability,low
122,5088,chin,515.8,360.1,860.7,612.5,804.7,540.1,1235.9,855.6,3ccY8jYkI5o.004.mp4,1280,720,23.976,367,emotional_stability,low
122,5088,left_cheek,509.3,354.7,597.6,490.8,796.6,533.4,907.0,703.5,3ccY8jYkI5o.004.mp4,1280,720,23.976,367,emotional_stability,low
122,5088,right_cheek,711.1,366.4,831.1,507.2,1048.8,548.0,1198.9,724.0,3ccY8jYkI5o.004.mp4,1280,720,23.976,367,emotional_stability,low
123,5130,left_eye,526.0,262.0,626.2,337.6,817.5,417.6,942.8,512.0,3ccY8jYkI5o.004.mp4,1280,720,23.976,367,emotional_stability,low
123,5130,right_eye,684.9,267.3,813.9,341.1,1016.1,424.1,1177.4,516.4,3ccY8jYkI5o.004.mp4,1280,720,23.976,367,emotional_stability,low
123,5130,nose,590.5,310.8,699.0,438.8,898.1,478.5,1033.8,638.5,3ccY8jYkI5o.004.mp4,1280,720,23.976,367,emotional_stability,low
123,5130,mouth,571.7,459.7,738.3,552.1,874.6,664.6,1082.9,780.1,3ccY8jYkI5o.004.mp4,1280,720,23.976,367,emotional_stability,low
123,5130,forehead,516.4,197.0,860.1,501.5,805.5,336.3,1235.1,716.9,3ccY8jYkI5o.004.mp4,1280,720,23.976,367,emotional_stability,low
123,5130,chin,516.4,359.4,859.8,613.4,805.5,539.2,1234.8,856.7,3ccY8jYkI5o.004.mp4,1280,720,23.976,367,emotional_stability,low
123,5130,left_cheek,509.1,354.3,597.1,490.5,796.3,532.8,906.4,703.1,3ccY8jYkI5o.004.mp4,1280,720,23.976,367,emotional_stability,low
123,5130,right_cheek,710.6,366.2,830.2,506.8,1048.2,547.8,1197.7,723.5,3ccY8jYkI5o.004.mp4,1280,720,23.976,367,emotional_stability,low
124,5171,left_eye,526.1,258.9,626.0,335.3,817.6,413.6,942.5,509.1,3ccY8jYkI5o.004.mp4,1280,720,23.976,367,emotional_stability,low
124,5171,right_eye,684.3,266.6,813.0,340.2,1015.4,423.3,1176.3,515.3,3ccY8jYkI5o.004.mp4,1280,720,23.976,367,emotional_stability,low
124,5171,nose,588.8,310.0,698.3,436.4,896.0,477.5,1032.8,635.5,3ccY8jYkI5o.004.mp4,1280,720,23.976,367,emotional_stability,low
124,5171,mouth,569.8,453.3,736.3,548.5,872.2,656.7,1080.4,775.6,3ccY8jYkI5o.004.mp4,1280,720,23.976,367,emotional_stability,low
124,5171,forehead,516.3,196.9,858.9,502.7,805.4,336.2,1233.7,718.4,3ccY8jYkI5o.004.mp4,1280,720,23.976,367,emotional_stability,low
124,5171,chin,516.3,359.3,858.6,612.5,805.4,539.1,1233.3,855.6,3ccY8jYkI5o.004.mp4,1280,720,23.976,367,emotional_stability,low
124,5171,left_cheek,508.4,351.4,596.9,486.1,795.5,529.2,906.1,697.7,3ccY8jYkI5o.004.mp4,1280,720,23.976,367,emotional_stability,low
124,5171,right_cheek,709.9,364.6,829.9,506.5,1047.3,545.7,1197.3,723.1,3ccY8jYkI5o.004.mp4,1280,720,23.976,367,emotional_stability,low
125,5213,left_eye,525.8,258.9,623.0,334.2,817.2,413.6,938.8,507.8,3ccY8jYkI5o.004.mp4,1280,720,23.976,367,emotional_stability,low
125,5213,right_eye,682.2,266.5,811.5,340.1,1012.8,423.1,1174.4,515.1,3ccY8jYkI5o.004.mp4,1280,720,23.976,367,emotional_stability,low
125,5213,nose,584.6,309.9,693.0,434.1,890.8,477.3,1026.3,632.6,3ccY8jYkI5o.004.mp4,1280,720,23.976,367,emotional_stability,low
125,5213,mouth,565.1,449.6,736.2,542.4,866.4,652.0,1080.3,768.0,3ccY8jYkI5o.004.mp4,1280,720,23.976,367,emotional_stability,low
125,5213,forehead,516.2,198.7,858.5,503.7,805.2,338.3,1233.1,719.7,3ccY8jYkI5o.004.mp4,1280,720,23.976,367,emotional_stability,low
125,5213,chin,516.2,359.9,858.4,612.1,805.2,539.8,1233.0,855.1,3ccY8jYkI5o.004.mp4,1280,720,23.976,367,emotional_stability,low
125,5213,left_cheek,505.0,350.0,593.5,482.8,791.2,527.5,901.8,693.5,3ccY8jYkI5o.004.mp4,1280,720,23.976,367,emotional_stability,low
125,5213,right_cheek,705.4,363.7,826.2,505.0,1041.7,544.6,1192.7,721.3,3ccY8jYkI5o.004.mp4,1280,720,23.976,367,emotional_stability,low
126,5255,left_eye,520.9,257.2,612.9,332.6,811.2,411.5,926.1,505.8,3ccY8jYkI5o.004.mp4,1280,720,23.976,367,emotional_stability,low
126,5255,right_eye,672.6,265.9,803.2,339.9,1000.7,422.4,1164.0,514.8,3ccY8jYkI5o.004.mp4,1280,720,23.976,367,emotional_stability,low
126,5255,nose,572.9,308.7,679.5,432.5,876.1,475.9,1009.3,630.6,3ccY8jYkI5o.004.mp4,1280,720,23.976,367,emotional_stability,low
126,5255,mouth,553.6,447.8,723.6,534.5,852.0,649.7,1064.6,758.1,3ccY8jYkI5o.004.mp4,1280,720,23.976,367,emotional_stability,low
126,5255,forehead,512.9,198.3,855.6,507.8,801.2,337.9,1229.5,724.7,3ccY8jYkI5o.004.mp4,1280,720,23.976,367,emotional_stability,low
126,5255,chin,512.9,359.5,854.5,611.1,801.2,539.4,1228.1,853.9,3ccY8jYkI5o.004.mp4,1280,720,23.976,367,emotional_stability,low
126,5255,left_cheek,496.4,347.7,583.7,480.9,780.6,524.6,889.6,691.1,3ccY8jYkI5o.004.mp4,1280,720,23.976,367,emotional_stability,low
126,5255,right_cheek,694.3,363.1,817.8,505.3,1027.9,543.8,1182.3,721.6,3ccY8jYkI5o.004.mp4,1280,720,23.976,367,emotional_stability,low
127,5296,left_eye,516.6,255.2,605.4,330.3,805.7,409.0,916.8,502.9,3ccY8jYkI5o.004.mp4,1280,720,23.976,367,emotional_stability,low
127,5296,right_eye,663.2,264.7,794.4,338.5,989.0,420.8,1153.0,513.1,3ccY8jYkI5o.004.mp4,1280,720,23.976,367,emotional_stability,low
127,5296,nose,563.8,305.9,668.0,429.4,864.8,472.4,995.0,626.8,3ccY8jYkI5o.004.mp4,1280,720,23.976,367,emotional_stability,low
127,5296,mouth,545.0,445.3,714.6,529.2,841.3,646.7,1053.2,751.5,3ccY8jYkI5o.004.mp4,1280,720,23.976,367,emotional_stability,low
127,5296,forehead,506.5,195.9,851.2,508.8,793.2,334.8,1224.0,726.0,3ccY8jYkI5o.004.mp4,1280,720,23.976,367,emotional_stability,low
127,5296,chin,506.5,358.5,849.3,608.4,793.2,538.1,1221.6,850.4,3ccY8jYkI5o.004.mp4,1280,720,23.976,367,emotional_stability,low
127,5296,left_cheek,488.3,344.9,575.2,478.2,770.3,521.1,879.0,687.7,3ccY8jYkI5o.004.mp4,1280,720,23.976,367,emotional_stability,low
127,5296,right_cheek,684.6,361.7,810.3,505.2,1015.8,542.2,1172.8,721.5,3ccY8jYkI5o.004.mp4,1280,720,23.976,367,emotional_stability,low
128,5338,left_eye,513.2,255.1,599.9,329.5,801.5,408.9,909.9,501.8,3ccY8jYkI5o.004.mp4,1280,720,23.976,367,emotional_stability,low
128,5338,right_eye,656.3,264.0,788.3,337.9,980.3,420.1,1145.4,512.4,3ccY8jYkI5o.004.mp4,1280,720,23.976,367,emotional_stability,low
128,5338,nose,557.4,304.8,661.6,428.6,856.8,471.0,987.1,625.8,3ccY8jYkI5o.004.mp4,1280,720,23.976,367,emotional_stability,low
128,5338,mouth,541.0,445.7,707.7,527.2,836.3,647.1,1044.7,749.0,3ccY8jYkI5o.004.mp4,1280,720,23.976,367,emotional_stability,low
128,5338,forehead,502.0,193.9,848.1,512.1,787.5,332.4,1220.1,730.1,3ccY8jYkI5o.004.mp4,1280,720,23.976,367,emotional_stability,low
128,5338,chin,502.0,358.3,846.4,607.7,787.5,537.8,1217.9,849.6,3ccY8jYkI5o.004.mp4,1280,720,23.976,367,emotional_stability,low
128,5338,left_cheek,483.2,344.2,569.6,477.7,764.0,520.2,872.0,687.2,3ccY8jYkI5o.004.mp4,1280,720,23.976,367,emotional_stability,low
128,5338,right_cheek,678.6,361.4,805.8,505.6,1008.2,541.7,1167.2,722.1,3ccY8jYkI5o.004.mp4,1280,720,23.976,367,emotional_stability,low
129,5380,left_eye,509.1,255.7,595.8,329.8,796.4,409.6,904.8,502.2,3ccY8jYkI5o.004.mp4,1280,720,23.976,367,emotional_stability,low
129,5380,right_eye,650.2,264.1,783.4,337.9,972.7,420.1,1139.2,512.3,3ccY8jYkI5o.004.mp4,1280,720,23.976,367,emotional_stability,low
129,5380,nose,552.2,305.0,655.6,429.0,850.3,471.2,979.5,626.2,3ccY8jYkI5o.004.mp4,1280,720,23.976,367,emotional_stability,low
129,5380,mouth,537.1,446.7,702.7,528.6,831.4,648.4,1038.4,750.7,3ccY8jYkI5o.004.mp4,1280,720,23.976,367,emotional_stability,low
129,5380,forehead,499.9,194.0,845.3,513.6,784.9,332.5,1216.6,732.0,3ccY8jYkI5o.004.mp4,1280,720,23.976,367,emotional_stability,low
129,5380,chin,499.9,358.3,843.9,608.4,784.9,537.8,1214.9,850.5,3ccY8jYkI5o.004.mp4,1280,720,23.976,367,emotional_stability,low
129,5380,left_cheek,479.7,344.6,564.9,478.2,759.7,520.8,866.1,687.8,3ccY8jYkI5o.004.mp4,1280,720,23.976,367,emotional_stability,low
129,5380,right_cheek,673.1,361.5,801.7,506.7,1001.4,541.8,1162.2,723.3,3ccY8jYkI5o.004.mp4,1280,720,23.976,367,emotional_stability,low
130,5422,left_eye,505.4,256.4,591.6,329.8,791.8,410.5,899.5,502.3,3ccY8jYkI5o.004.mp4,1280,720,23.976,367,emotional_stability,low
130,5422,right_eye,646.0,264.1,778.8,337.8,967.6,420.2,1133.5,512.3,3ccY8jYkI5o.004.mp4,1280,720,23.976,367,emotional_stability,low
130,5422,nose,548.4,305.1,651.9,429.1,845.5,471.4,974.9,626.4,3ccY8jYkI5o.004.mp4,1280,720,23.976,367,emotional_stability,low
130,5422,mouth,533.5,447.3,700.4,529.3,826.9,649.1,1035.5,751.7,3ccY8jYkI5o.004.mp4,1280,720,23.976,367,emotional_stability,low
130,5422,forehead,497.3,194.4,840.9,513.4,781.7,333.0,1211.2,731.7,3ccY8jYkI5o.004.mp4,1280,720,23.976,367,emotional_stability,low
130,5422,chin,497.3,358.7,839.7,608.7,781.7,538.4,1209.6,850.9,3ccY8jYkI5o.004.mp4,1280,720,23.976,367,emotional_stability,low
130,5422,left_cheek,477.0,345.0,561.2,478.6,756.3,521.2,861.5,688.3,3ccY8jYkI5o.004.mp4,1280,720,23.976,367,emotional_stability,low
130,5422,right_cheek,669.3,361.5,797.5,506.9,996.6,541.9,1156.9,723.6,3ccY8jYkI5o.004.mp4,1280,720,23.976,367,emotional_stability,low
131,5463,left_eye,501.8,257.8,587.8,330.8,787.3,412.3,894.8,503.5,3ccY8jYkI5o.004.mp4,1280,720,23.976,367,emotional_stability,low
131,5463,right_eye,642.3,264.6,775.0,338.1,962.9,420.8,1128.7,512.6,3ccY8jYkI5o.004.mp4,1280,720,23.976,367,emotional_stability,low
131,5463,nose,545.5,305.6,648.7,429.2,841.9,472.0,970.8,626.5,3ccY8jYkI5o.004.mp4,1280,720,23.976,367,emotional_stability,low
131,5463,mouth,530.7,447.5,696.7,529.9,823.4,649.4,1030.9,752.4,3ccY8jYkI5o.004.mp4,1280,720,23.976,367,emotional_stability,low
131,5463,forehead,495.3,195.8,837.1,513.5,779.2,334.7,1206.4,731.9,3ccY8jYkI5o.004.mp4,1280,720,23.976,367,emotional_stability,low
131,5463,chin,495.3,359.8,836.0,609.7,779.2,539.8,1205.0,852.1,3ccY8jYkI5o.004.mp4,1280,720,23.976,367,emotional_stability,low
131,5463,left_cheek,474.6,345.9,558.0,479.3,753.3,522.4,857.5,689.1,3ccY8jYkI5o.004.mp4,1280,720,23.976,367,emotional_stability,low
131,5463,right_cheek,665.9,361.9,793.9,507.6,992.4,542.4,1152.3,724.5,3ccY8jYkI5o.004.mp4,1280,720,23.976,367,emotional_stability,low
132,5505,left_eye,498.4,259.4,585.5,332.0,783.0,414.2,891.8,505.0,3ccY8jYkI5o.004.mp4,1280,720,23.976,367,emotional_stability,low
132,5505,right_eye,639.2,265.1,772.5,338.1,959.0,421.4,1125.6,512.6,3ccY8jYkI5o.004.mp4,1280,720,23.976,367,emotional_stability,low
132,5505,nose,542.2,306.1,646.1,429.3,837.8,472.7,967.6,626.6,3ccY8jYkI5o.004.mp4,1280,720,23.976,367,emotional_stability,low
132,5505,mouth,528.4,447.7,694.2,530.2,820.5,649.6,1027.8,752.8,3ccY8jYkI5o.004.mp4,1280,720,23.976,367,emotional_stability,low
132,5505,forehead,492.6,197.0,834.5,513.4,775.7,336.3,1203.2,731.7,3ccY8jYkI5o.004.mp4,1280,720,23.976,367,emotional_stability,low
132,5505,chin,492.6,360.9,833.7,610.3,775.7,541.2,1202.2,852.9,3ccY8jYkI5o.004.mp4,1280,720,23.976,367,emotional_stability,low
132,5505,left_cheek,472.2,347.0,555.1,480.0,750.2,523.8,853.8,690.0,3ccY8jYkI5o.004.mp4,1280,720,23.976,367,emotional_stability,low
132,5505,right_cheek,663.3,362.0,791.5,507.6,989.1,542.5,1149.3,724.6,3ccY8jYkI5o.004.mp4,1280,720,23.976,367,emotional_stability,low
133,5547,left_eye,495.7,260.0,582.9,333.0,779.6,415.0,888.7,506.2,3ccY8jYkI5o.004.mp4,1280,720,23.976,367,emotional_stability,low
133,5547,right_eye,636.9,265.3,770.4,338.1,956.1,421.6,1123.0,512.6,3ccY8jYkI5o.004.mp4,1280,720,23.976,367,emotional_stability,low
133,5547,nose,539.7,306.4,643.4,429.4,834.7,473.0,964.3,626.8,3ccY8jYkI5o.004.mp4,1280,720,23.976,367,emotional_stability,low
133,5547,mouth,526.2,447.8,692.4,530.4,817.7,649.8,1025.5,753.0,3ccY8jYkI5o.004.mp4,1280,720,23.976,367,emotional_stability,low
133,5547,forehead,491.0,197.4,832.0,513.3,773.8,336.8,1200.0,731.6,3ccY8jYkI5o.004.mp4,1280,720,23.976,367,emotional_stability,low
133,5547,chin,491.0,362.1,831.1,611.4,773.8,542.6,1198.8,854.2,3ccY8jYkI5o.004.mp4,1280,720,23.976,367,emotional_stability,low
133,5547,left_cheek,470.2,348.1,552.6,481.1,747.8,525.2,850.7,691.4,3ccY8jYkI5o.004.mp4,1280,720,23.976,367,emotional_stability,low
133,5547,right_cheek,660.8,362.0,788.9,507.7,986.0,542.5,1146.2,724.6,3ccY8jYkI5o.004.mp4,1280,720,23.976,367,emotional_stability,low
134,5588,left_eye,491.9,261.3,579.1,334.6,774.9,416.6,883.8,508.3,3ccY8jYkI5o.004.mp4,1280,720,23.976,367,emotional_stability,low
134,5588,right_eye,632.2,265.7,765.7,338.4,950.2,422.1,1117.2,513.0,3ccY8jYkI5o.004.mp4,1280,720,23.976,367,emotional_stability,low
134,5588,nose,535.4,307.2,638.7,429.8,829.3,474.0,958.3,627.3,3ccY8jYkI5o.004.mp4,1280,720,23.976,367,emotional_stability,low
134,5588,mouth,521.1,449.0,687.5,531.3,811.4,651.3,1019.3,754.1,3ccY8jYkI5o.004.mp4,1280,720,23.976,367,emotional_stability,low
134,5588,forehead,487.1,198.4,827.7,513.3,768.9,338.0,1194.6,731.7,3ccY8jYkI5o.004.mp4,1280,720,23.976,367,emotional_stability,low
134,5588,chin,487.1,363.5,826.9,613.2,768.9,544.4,1193.6,856.5,3ccY8jYkI5o.004.mp4,1280,720,23.976,367,emotional_stability,low
134,5588,left_cheek,466.1,349.9,548.2,482.8,742.6,527.3,845.2,693.5,3ccY8jYkI5o.004.mp4,1280,720,23.976,367,emotional_stability,low
134,5588,right_cheek,656.3,362.6,784.6,508.2,980.3,543.2,1140.7,725.2,3ccY8jYkI5o.004.mp4,1280,720,23.976,367,emotional_stability,low
135,5630,left_eye,489.7,262.1,576.0,335.4,772.2,417.6,880.0,509.3,3ccY8jYkI5o.004.mp4,1280,720,23.976,367,emotional_stability,low
135,5630,right_eye,629.7,266.0,763.6,338.5,947.1,422.5,1114.5,513.2,3ccY8jYkI5o.004.mp4,1280,720,23.976,367,emotional_stability,low
135,5630,nose,533.2,307.8,636.2,430.1,826.5,474.7,955.3,627.6,3ccY8jYkI5o.004.mp4,1280,720,23.976,367,emotional_stability,low
135,5630,mouth,519.6,449.1,684.8,532.3,809.5,651.4,1016.1,755.4,3ccY8jYkI5o.004.mp4,1280,720,23.976,367,emotional_stability,low
135,5630,forehead,486.2,198.5,825.2,513.3,767.7,338.1,1191.5,731.6,3ccY8jYkI5o.004.mp4,1280,720,23.976,367,emotional_stability,low
135,5630,chin,486.2,364.2,824.3,612.9,767.7,545.2,1190.4,856.1,3ccY8jYkI5o.004.mp4,1280,720,23.976,367,emotional_stability,low
135,5630,left_cheek,464.4,350.8,545.9,483.8,740.5,528.5,842.4,694.8,3ccY8jYkI5o.004.mp4,1280,720,23.976,367,emotional_stability,low
135,5630,right_cheek,654.1,362.9,782.4,508.3,977.7,543.6,1138.0,725.4,3ccY8jYkI5o.004.mp4,1280,720,23.976,367,emotional_stability,low
136,5672,left_eye,486.2,262.5,572.5,335.9,767.7,418.1,875.6,509.9,3ccY8jYkI5o.004.mp4,1280,720,23.976,367,emotional_stability,low
136,5672,right_eye,624.9,266.0,758.6,338.6,941.1,422.5,1108.2,513.2,3ccY8jYkI5o.004.mp4,1280,720,23.976,367,emotional_stability,low
136,5672,nose,529.2,308.0,631.6,430.2,821.5,475.0,949.5,627.8,3ccY8jYkI5o.004.mp4,1280,720,23.976,367,emotional_stability,low
136,5672,mouth,515.5,449.9,680.6,532.3,804.4,652.3,1010.8,755.4,3ccY8jYkI5o.004.mp4,1280,720,23.976,367,emotional_stability,low
136,5672,forehead,483.0,198.8,820.8,513.1,763.7,338.5,1186.0,731.4,3ccY8jYkI5o.004.mp4,1280,720,23.976,367,emotional_stability,low
136,5672,chin,483.0,364.4,820.2,613.1,763.7,545.5,1185.2,856.3,3ccY8jYkI5o.004.mp4,1280,720,23.976,367,emotional_stability,low
136,5672,left_cheek,461.1,351.3,541.9,484.2,736.4,529.2,837.4,695.3,3ccY8jYkI5o.004.mp4,1280,720,23.976,367,emotional_stability,low
136,5672,right_cheek,649.5,363.0,777.6,508.3,971.8,543.7,1132.1,725.4,3ccY8jYkI5o.004.mp4,1280,720,23.976,367,emotional_stability,low
137,5714,left_eye,530.9,269.6,630.7,338.2,823.7,427.0,948.4,512.8,3ccY8jYkI5o.004.mp4,1280,720,23.976,367,emotional_stability,low
137,5714,right_eye,688.3,266.4,796.0,337.9,1020.3,423.0,1155.0,512.3,3ccY8jYkI5o.004.mp4,1280,720,23.976,367,emotional_stability,low
137,5714,nose,612.1,308.6,707.6,427.6,925.1,475.7,1044.5,624.5,3ccY8jYkI5o.004.mp4,1280,720,23.976,367,emotional_stability,low
137,5714,mouth,598.9,447.1,727.4,531.6,908.7,648.8,1069.2,754.5,3ccY8jYkI5o.004.mp4,1280,720,23.976,367,emotional_stability,low
137,5714,forehead,512.4,204.3,824.1,480.3,800.5,345.4,1190.1,690.3,3ccY8jYkI5o.004.mp4,1280,720,23.976,367,emotional_stability,low
137,5714,chin,514.2,365.9,823.3,591.7,802.8,547.3,1189.1,829.6,3ccY8jYkI5o.004.mp4,1280,720,23.976,367,emotional_stability,low
137,5714,left_cheek,522.4,357.3,610.9,485.1,813.0,536.7,923.7,696.3,3ccY8jYkI5o.004.mp4,1280,720,23.976,367,emotional_stability,low
137,5714,right_cheek,711.7,359.2,807.8,488.7,1049.7,538.9,1169.8,700.9,3ccY8jYkI5o.004.mp4,1280,720,23.976,367,emotional_stability,low
138,5755,left_eye,533.4,268.9,637.2,337.8,826.8,426.2,956.5,512.3,3ccY8jYkI5o.004.mp4,1280,720,23.976,367,emotional_stability,low
138,5755,right_eye,693.2,264.4,800.3,333.7,1026.5,420.5,1160.3,507.2,3ccY8jYkI5o.004.mp4,1280,720,23.976,367,emotional_stability,low
138,5755,nose,618.8,308.6,713.1,424.5,933.5,475.7,1051.4,620.7,3ccY8jYkI5o.004.mp4,1280,720,23.976,367,emotional_stability,low
138,5755,mouth,606.6,447.2,729.1,529.5,918.2,649.0,1071.4,751.9,3ccY8jYkI5o.004.mp4,1280,720,23.976,367,emotional_stability,low
138,5755,forehead,517.2,207.0,825.5,477.6,806.5,348.8,1191.8,687.0,3ccY8jYkI5o.004.mp4,1280,720,23.976,367,emotional_stability,low
138,5755,chin,518.6,358.8,823.8,582.8,808.2,538.5,1189.7,818.4,3ccY8jYkI5o.004.mp4,1280,720,23.976,367,emotional_stability,low
138,5755,left_cheek,526.9,357.6,616.6,484.8,818.6,537.1,930.7,696.1,3ccY8jYkI5o.004.mp4,1280,720,23.976,367,emotional_stability,low
138,5755,right_cheek,716.5,353.5,813.0,481.8,1055.6,531.9,1176.2,692.3,3ccY8jYkI5o.004.mp4,1280,720,23.976,367,emotional_stability,low
139,5797,left_eye,533.6,268.4,637.8,337.6,827.1,425.5,957.3,511.9,3ccY8jYkI5o.004.mp4,1280,720,23.976,367,emotional_stability,low
139,5797,right_eye,695.2,260.7,803.5,331.1,1029.1,415.9,1164.4,503.8,3ccY8jYkI5o.004.mp4,1280,720,23.976,367,emotional_stability,low
139,5797,nose,619.4,307.0,714.8,422.4,934.2,473.7,1053.5,618.0,3ccY8jYkI5o.004.mp4,1280,720,23.976,367,emotional_stability,low
139,5797,mouth,607.4,446.6,730.9,519.1,919.2,648.3,1073.6,738.9,3ccY8jYkI5o.004.mp4,1280,720,23.976,367,emotional_stability,low
139,5797,forehead,519.1,205.9,826.0,475.3,808.8,347.4,1192.5,684.1,3ccY8jYkI5o.004.mp4,1280,720,23.976,367,emotional_stability,low
139,5797,chin,520.3,355.3,825.5,576.4,810.4,534.2,1191.9,810.5,3ccY8jYkI5o.004.mp4,1280,720,23.976,367,emotional_stability,low
139,5797,left_cheek,528.5,357.0,617.7,483.3,820.7,536.2,932.1,694.2,3ccY8jYkI5o.004.mp4,1280,720,23.976,367,emotional_stability,low
139,5797,right_cheek,718.3,350.7,814.9,478.8,1057.9,528.4,1178.6,688.5,3ccY8jYkI5o.004.mp4,1280,720,23.976,367,emotional_stability,low
140,5839,left_eye,532.4,267.5,638.3,336.5,825.6,424.3,957.9,510.7,3ccY8jYkI5o.004.mp4,1280,720,23.976,367,emotional_stability,low
140,5839,right_eye,696.0,258.7,805.1,328.8,1030.0,413.3,1166.4,501.0,3ccY8jYkI5o.004.mp4,1280,720,23.976,367,emotional_stability,low
140,5839,nose,620.7,305.7,715.8,421.2,935.9,472.2,1054.8,616.5,3ccY8jYkI5o.004.mp4,1280,720,23.976,367,emotional_stability,low
140,5839,mouth,606.6,445.9,732.3,510.8,918.3,647.4,1075.3,728.5,3ccY8jYkI5o.004.mp4,1280,720,23.976,367,emotional_stability,low
140,5839,forehead,518.0,205.3,827.1,471.2,807.5,346.6,1193.9,678.9,3ccY8jYkI5o.004.mp4,1280,720,23.976,367,emotional_stability,low
140,5839,chin,519.3,352.2,827.1,570.3,809.1,530.3,1193.9,802.9,3ccY8jYkI5o.004.mp4,1280,720,23.976,367,emotional_stability,low
140,5839,left_cheek,528.3,356.6,618.3,480.2,820.3,535.7,932.9,690.2,3ccY8jYkI5o.004.mp4,1280,720,23.976,367,emotional_stability,low
140,5839,right_cheek,719.1,348.6,816.0,476.1,1058.9,525.8,1179.9,685.2,3ccY8jYkI5o.004.mp4,1280,720,23.976,367,emotional_stability,low
141,5880,left_eye,530.1,265.1,635.7,334.6,822.7,421.4,954.7,508.2,3ccY8jYkI5o.004.mp4,1280,720,23.976,367,emotional_stability,low
141,5880,right_eye,695.0,256.0,805.2,326.6,1028.8,410.0,1166.5,498.2,3ccY8jYkI5o.004.mp4,1280,720,23.976,367,emotional_stability,low
141,5880,nose,619.5,304.1,714.7,420.1,934.4,470.1,1053.4,615.1,3ccY8jYkI5o.004.mp4,1280,720,23.976,367,emotional_stability,low
141,5880,mouth,607.9,445.9,730.4,509.5,919.8,647.3,1073.0,726.9,3ccY8jYkI5o.004.mp4,1280,720,23.976,367,emotional_stability,low
141,5880,forehead,516.5,203.1,827.5,468.7,805.6,343.8,1194.4,675.9,3ccY8jYkI5o.004.mp4,1280,720,23.976,367,emotional_stability,low
141,5880,chin,517.9,349.2,827.5,569.1,807.4,526.4,1194.4,801.4,3ccY8jYkI5o.004.mp4,1280,720,23.976,367,emotional_stability,low
141,5880,left_cheek,526.6,355.7,616.9,478.4,818.2,534.6,931.1,688.0,3ccY8jYkI5o.004.mp4,1280,720,23.976,367,emotional_stability,low
141,5880,right_cheek,718.1,346.2,815.6,474.3,1057.6,522.7,1179.5,682.9,3ccY8jYkI5o.004.mp4,1280,720,23.976,367,emotional_stability,low
142,5922,left_eye,528.3,261.5,633.8,332.0,820.4,416.9,952.3,505.0,3ccY8jYkI5o.004.mp4,1280,720,23.976,367,emotional_stability,low
142,5922,right_eye,693.1,252.2,803.9,323.7,1026.3,405.3,1164.9,494.6,3ccY8jYkI5o.004.mp4,1280,720,23.976,367,emotional_stability,low
142,5922,nose,617.4,301.3,713.2,418.8,931.8,466.6,1051.5,613.5,3ccY8jYkI5o.004.mp4,1280,720,23.976,367,emotional_stability,low
142,5922,mouth,609.8,446.0,727.8,513.9,922.2,647.5,1069.7,732.4,3ccY8jYkI5o.004.mp4,1280,720,23.976,367,emotional_stability,low
142,5922,forehead,515.3,198.9,827.6,468.8,804.1,338.7,1194.5,676.0,3ccY8jYkI5o.004.mp4,1280,720,23.976,367,emotional_stability,low
142,5922,chin,516.7,347.6,827.6,571.4,805.9,524.5,1194.5,804.2,3ccY8jYkI5o.004.mp4,1280,720,23.976,367,emotional_stability,low
142,5922,left_cheek,524.6,354.2,615.0,478.6,815.8,532.7,928.8,688.2,3ccY8jYkI5o.004.mp4,1280,720,23.976,367,emotional_stability,low
142,5922,right_cheek,716.8,344.5,815.0,474.7,1056.0,520.6,1178.8,683.4,3ccY8jYkI5o.004.mp4,1280,720,23.976,367,emotional_stability,low
143,5964,left_eye,527.3,260.1,633.9,331.0,819.1,415.1,952.4,503.8,3ccY8jYkI5o.004.mp4,1280,720,23.976,367,emotional_stability,low
143,5964,right_eye,691.8,250.1,802.9,322.2,1024.7,402.6,1163.6,492.8,3ccY8jYkI5o.004.mp4,1280,720,23.976,367,emotional_stability,low
143,5964,nose,617.5,300.3,712.9,419.6,931.9,465.4,1051.2,614.5,3ccY8jYkI5o.004.mp4,1280,720,23.976,367,emotional_stability,low
143,5964,mouth,608.4,450.8,727.9,512.6,920.5,653.4,1069.9,730.8,3ccY8jYkI5o.004.mp4,1280,720,23.976,367,emotional_stability,low
143,5964,forehead,514.7,196.4,827.9,468.3,803.4,335.5,1194.9,675.4,3ccY8jYkI5o.004.mp4,1280,720,23.976,367,emotional_stability,low
143,5964,chin,515.9,345.0,827.9,572.0,804.8,521.3,1194.9,804.9,3ccY8jYkI5o.004.mp4,1280,720,23.976,367,emotional_stability,low
143,5964,left_cheek,523.4,353.8,614.9,478.8,814.3,532.2,928.6,688.5,3ccY8jYkI5o.004.mp4,1280,720,23.976,367,emotional_stability,low
143,5964,right_cheek,716.3,343.0,815.1,475.0,1055.4,518.8,1178.8,683.7,3ccY8jYkI5o.004.mp4,1280,720,23.976,367,emotional_stability,low
144,6006,left_eye,526.7,260.5,633.5,331.2,818.4,415.6,951.8,504.0,3ccY8jYkI5o.004.mp4,1280,720,23.976,367,emotional_stability,low
144,6006,right_eye,691.7,251.0,802.8,323.0,1024.6,403.8,1163.5,493.8,3ccY8jYkI5o.004.mp4,1280,720,23.976,367,emotional_stability,low
144,6006,nose,618.4,300.9,713.6,420.6,933.0,466.2,1052.0,615.8,3ccY8jYkI5o.004.mp4,1280,720,23.976,367,emotional_stability,low
144,6006,mouth,607.4,453.2,729.7,510.6,919.3,656.5,1072.2,728.2,3ccY8jYkI5o.004.mp4,1280,720,23.976,367,emotional_stability,low
144,6006,forehead,514.4,196.7,828.3,469.0,803.0,335.8,1195.4,676.3,3ccY8jYkI5o.004.mp4,1280,720,23.976,367,emotional_stability,low
144,6006,chin,515.5,344.6,828.3,571.9,804.4,520.8,1195.4,804.9,3ccY8jYkI5o.004.mp4,1280,720,23.976,367,emotional_stability,low
144,6006,left_cheek,523.0,354.3,615.3,480.0,813.7,532.8,929.2,690.0,3ccY8jYkI5o.004.mp4,1280,720,23.976,367,emotional_stability,low
144,6006,right_cheek,716.6,343.2,815.2,475.3,1055.8,518.9,1179.0,684.2,3ccY8jYkI5o.004.mp4,1280,720,23.976,367,emotional_stability,low
145,6047,left_eye,526.2,261.0,632.7,332.5,817.8,416.2,950.9,505.6,3ccY8jYkI5o.004.mp4,1280,720,23.976,367,emotional_stability,low
145,6047,right_eye,691.2,251.8,802.7,323.8,1024.0,404.7,1163.4,494.8,3ccY8jYkI5o.004.mp4,1280,720,23.976,367,emotional_stability,low
145,6047,nose,617.2,301.1,714.7,421.6,931.5,466.3,1053.4,617.0,3ccY8jYkI5o.004.mp4,1280,720,23.976,367,emotional_stability,low
145,6047,mouth,607.4,454.1,730.8,515.8,919.2,657.6,1073.5,734.7,3ccY8jYkI5o.004.mp4,1280,720,23.976,367,emotional_stability,low
145,6047,forehead,512.7,197.0,828.7,469.3,800.9,336.3,1195.9,676.6,3ccY8jYkI5o.004.mp4,1280,720,23.976,367,emotional_stability,low
145,6047,chin,514.7,345.7,828.7,573.6,803.4,522.1,1195.9,807.0,3ccY8jYkI5o.004.mp4,1280,720,23.976,367,emotional_stability,low
145,6047,left_cheek,522.3,355.5,614.6,482.1,812.8,534.4,928.3,692.6,3ccY8jYkI5o.004.mp4,1280,720,23.976,367,emotional_stability,low
145,6047,right_cheek,716.9,344.1,815.5,476.3,1056.1,520.1,1179.4,685.4,3ccY8jYkI5o.004.mp4,1280,720,23.976,367,emotional_stability,low
146,6089,left_eye,524.8,263.9,631.8,335.6,816.0,419.9,949.7,509.5,3ccY8jYkI5o.004.mp4,1280,720,23.976,367,emotional_stability,low
146,6089,right_eye,690.3,252.1,802.2,324.3,1022.9,405.1,1162.8,495.4,3ccY8jYkI5o.004.mp4,1280,720,23.976,367,emotional_stability,low
146,6089,nose,615.8,303.4,714.9,424.5,929.7,469.3,1053.6,620.6,3ccY8jYkI5o.004.mp4,1280,720,23.976,367,emotional_stability,low
146,6089,mouth,604.8,454.4,731.5,522.4,916.1,658.0,1074.4,742.9,3ccY8jYkI5o.004.mp4,1280,720,23.976,367,emotional_stability,low
146,6089,forehead,509.2,198.2,828.8,474.1,796.5,337.7,1195.9,682.6,3ccY8jYkI5o.004.mp4,1280,720,23.976,367,emotional_stability,low
146,6089,chin,511.6,347.5,828.8,574.7,799.5,524.3,1195.9,808.4,3ccY8jYkI5o.004.mp4,1280,720,23.976,367,emotional_stability,low
146,6089,left_cheek,521.9,358.4,613.2,486.0,812.3,538.0,926.5,697.5,3ccY8jYkI5o.004.mp4,1280,720,23.976,367,emotional_stability,low
146,6089,right_cheek,716.5,345.1,815.2,476.7,1055.7,521.4,1179.0,685.9,3ccY8jYkI5o.004.mp4,1280,720,23.976,367,emotional_stability,low
147,6131,left_eye,521.8,267.6,630.6,338.8,812.3,424.5,948.2,513.5,3ccY8jYkI5o.004.mp4,1280,720,23.976,367,emotional_stability,low
147,6131,right_eye,689.7,254.0,801.5,325.8,1022.2,407.6,1161.9,497.3,3ccY8jYkI5o.004.mp4,1280,720,23.976,367,emotional_stability,low
147,6131,nose,614.7,306.1,713.0,426.5,928.4,472.7,1051.3,623.1,3ccY8jYkI5o.004.mp4,1280,720,23.976,367,emotional_stability,low
147,6131,mouth,603.3,454.1,731.7,527.4,914.2,657.6,1074.6,749.2,3ccY8jYkI5o.004.mp4,1280,720,23.976,367,emotional_stability,low
147,6131,forehead,506.5,200.7,828.5,479.0,793.1,340.9,1195.6,688.8,3ccY8jYkI5o.004.mp4,1280,720,23.976,367,emotional_stability,low
147,6131,chin,508.9,348.3,828.5,578.6,796.1,525.4,1195.6,813.2,3ccY8jYkI5o.004.mp4,1280,720,23.976,367,emotional_stability,low
147,6131,left_cheek,519.4,361.0,613.1,488.9,809.3,541.2,926.3,701.1,3ccY8jYkI5o.004.mp4,1280,720,23.976,367,emotional_stability,low
147,6131,right_cheek,715.3,345.6,815.1,477.1,1054.1,522.0,1178.9,686.4,3ccY8jYkI5o.004.mp4,1280,720,23.976,367,emotional_stability,low
148,6172,left_eye,517.7,271.5,626.1,342.2,807.2,429.4,942.6,517.7,3ccY8jYkI5o.004.mp4,1280,720,23.976,367,emotional_stability,low
148,6172,right_eye,684.9,256.9,797.8,328.8,1016.2,411.1,1157.2,501.0,3ccY8jYkI5o.004.mp4,1280,720,23.976,367,emotional_stability,low
148,6172,nose,611.1,309.2,712.9,428.7,923.9,476.5,1051.1,625.9,3ccY8jYkI5o.004.mp4,1280,720,23.976,367,emotional_stability,low
148,6172,mouth,599.7,453.8,731.2,526.0,909.6,657.2,1074.0,747.5,3ccY8jYkI5o.004.mp4,1280,720,23.976,367,emotional_stability,low
148,6172,forehead,504.5,203.1,825.1,482.4,790.7,343.8,1191.4,693.1,3ccY8jYkI5o.004.mp4,1280,720,23.976,367,emotional_stability,low
148,6172,chin,507.1,348.7,825.1,579.5,793.8,525.8,1191.4,814.3,3ccY8jYkI5o.004.mp4,1280,720,23.976,367,emotional_stability,low
148,6172,left_cheek,516.3,364.0,608.8,491.3,805.4,545.0,921.0,704.1,3ccY8jYkI5o.004.mp4,1280,720,23.976,367,emotional_stability,low
148,6172,right_cheek,713.3,346.3,811.5,478.3,1051.6,522.9,1174.3,687.9,3ccY8jYkI5o.004.mp4,1280,720,23.976,367,emotional_stability,low
149,6214,left_eye,513.7,273.4,621.9,344.1,802.1,431.7,937.4,520.1,3ccY8jYkI5o.004.mp4,1280,720,23.976,367,emotional_stability,low
149,6214,right_eye,680.1,258.4,794.0,330.7,1010.1,413.0,1152.6,503.3,3ccY8jYkI5o.004.mp4,1280,720,23.976,367,emotional_stability,low
149,6214,nose,605.8,311.0,708.4,431.2,917.2,478.7,1045.6,629.0,3ccY8jYkI5o.004.mp4,1280,720,23.976,367,emotional_stability,low
149,6214,mouth,591.8,453.9,731.0,525.5,899.8,657.4,1073.8,746.9,3ccY8jYkI5o.004.mp4,1280,720,23.976,367,emotional_stability,low
149,6214,forehead,501.1,204.0,822.9,484.6,786.3,345.0,1188.6,695.8,3ccY8jYkI5o.004.mp4,1280,720,23.976,367,emotional_stability,low
149,6214,chin,503.8,349.8,822.9,580.7,789.7,527.2,1188.6,815.9,3ccY8jYkI5o.004.mp4,1280,720,23.976,367,emotional_stability,low
149,6214,left_cheek,512.2,365.9,603.7,493.2,800.3,547.4,914.6,706.5,3ccY8jYkI5o.004.mp4,1280,720,23.976,367,emotional_stability,low
149,6214,right_cheek,709.4,347.8,808.0,480.7,1046.7,524.7,1170.0,690.8,3ccY8jYkI5o.004.mp4,1280,720,23.976,367,emotional_stability,low
150,6256,left_eye,510.4,273.5,618.2,344.4,798.0,431.9,932.8,520.5,3ccY8jYkI5o.004.mp4,1280,720,23.976,367,emotional_stability,low
150,6256,right_eye,676.3,259.0,790.9,331.4,1005.3,413.8,1148.6,504.2,3ccY8jYkI5o.004.mp4,1280,720,23.976,367,emotional_stability,low
150,6256,nose,601.8,311.7,703.1,432.1,912.2,479.6,1038.9,630.1,3ccY8jYkI5o.004.mp4,1280,720,23.976,367,emotional_stability,low
150,6256,mouth,588.1,455.0,727.0,529.6,895.1,658.7,1068.8,752.0,3ccY8jYkI5o.004.mp4,1280,720,23.976,367,emotional_stability,low
150,6256,forehead,497.6,204.8,821.6,485.8,782.0,346.1,1187.0,697.2,3ccY8jYkI5o.004.mp4,1280,720,23.976,367,emotional_stability,low
150,6256,chin,500.3,352.0,821.6,583.7,785.3,530.0,1187.0,819.6,3ccY8jYkI5o.004.mp4,1280,720,23.976,367,emotional_stability,low
150,6256,left_cheek,508.3,366.1,599.7,494.1,795.4,547.6,909.6,707.6,3ccY8jYkI5o.004.mp4,1280,720,23.976,367,emotional_stability,low
150,6256,right_cheek,705.1,349.5,805.2,483.2,1041.3,526.9,1166.5,694.0,3ccY8jYkI5o.004.mp4,1280,720,23.976,367,emotional_stability,low
151,6297,left_eye,506.7,272.7,614.5,343.4,793.4,430.9,928.2,519.3,3ccY8jYkI5o.004.mp4,1280,720,23.976,367,emotional_stability,low
151,6297,right_eye,672.2,259.1,787.4,331.2,1000.2,413.9,1144.2,504.0,3ccY8jYkI5o.004.mp4,1280,720,23.976,367,emotional_stability,low
151,6297,nose,597.0,311.5,697.2,432.5,906.3,479.3,1031.5,630.6,3ccY8jYkI5o.004.mp4,1280,720,23.976,367,emotional_stability,low
151,6297,mouth,585.4,460.0,720.4,529.5,891.7,665.0,1060.5,751.8,3ccY8jYkI5o.004.mp4,1280,720,23.976,367,emotional_stability,low
151,6297,forehead,495.5,204.7,819.5,484.4,779.3,345.9,1184.4,695.5,3ccY8jYkI5o.004.mp4,1280,720,23.976,367,emotional_stability,low
151,6297,chin,497.9,351.9,819.5,583.8,782.4,529.8,1184.4,819.8,3ccY8jYkI5o.004.mp4,1280,720,23.976,367,emotional_stability,low
151,6297,left_cheek,504.6,365.4,595.5,493.7,790.7,546.8,904.3,707.1,3ccY8jYkI5o.004.mp4,1280,720,23.976,367,emotional_stability,low
151,6297,right_cheek,700.6,349.5,802.4,483.6,1035.8,526.9,1163.0,694.5,3ccY8jYkI5o.004.mp4,1280,720,23.976,367,emotional_stability,low
152,6339,left_eye,504.3,271.8,610.2,340.1,790.4,429.7,922.8,515.2,3ccY8jYkI5o.004.mp4,1280,720,23.976,367,emotional_stability,low
152,6339,right_eye,667.3,259.2,782.2,329.9,994.1,414.0,1137.8,502.4,3ccY8jYkI5o.004.mp4,1280,720,23.976,367,emotional_stability,low
152,6339,nose,591.0,310.5,690.4,432.0,898.8,478.1,1023.0,630.0,3ccY8jYkI5o.004.mp4,1280,720,23.976,367,emotional_stability,low
152,6339,mouth,579.8,462.2,711.3,521.3,884.8,667.7,1049.2,741.6,3ccY8jYkI5o.004.mp4,1280,720,23.976,367,emotional_stability,low
152,6339,forehead,492.9,202.8,814.0,481.2,776.2,343.5,1177.5,691.5,3ccY8jYkI5o.004.mp4,1280,720,23.976,367,emotional_stability,low
152,6339,chin,494.6,351.6,814.0,581.4,778.3,529.5,1177.5,816.8,3ccY8jYkI5o.004.mp4,1280,720,23.976,367,emotional_stability,low
152,6339,left_cheek,500.2,364.4,590.5,493.4,785.2,545.5,898.2,706.8,3ccY8jYkI5o.004.mp4,1280,720,23.976,367,emotional_stability,low
152,6339,right_cheek,695.0,349.6,797.4,483.8,1028.8,526.9,1156.8,694.7,3ccY8jYkI5o.004.mp4,1280,720,23.976,367,emotional_stability,low
153,6381,left_eye,499.9,268.5,605.4,338.4,784.9,425.6,916.7,513.0,3ccY8jYkI5o.004.mp4,1280,720,23.976,367,emotional_stability,low
153,6381,right_eye,661.8,258.8,777.0,329.3,987.3,413.5,1131.2,501.6,3ccY8jYkI5o.004.mp4,1280,720,23.976,367,emotional_stability,low
153,6381,nose,585.5,307.8,685.0,431.5,891.9,474.8,1016.3,629.4,3ccY8jYkI5o.004.mp4,1280,720,23.976,367,emotional_stability,low
153,6381,mouth,574.5,461.1,704.7,517.6,878.1,666.4,1040.9,737.0,3ccY8jYkI5o.004.mp4,1280,720,23.976,367,emotional_stability,low
153,6381,forehead,488.6,199.9,809.4,479.7,770.7,339.9,1171.7,689.6,3ccY8jYkI5o.004.mp4,1280,720,23.976,367,emotional_stability,low
153,6381,chin,490.0,351.6,809.4,579.3,772.5,529.5,1171.7,814.2,3ccY8jYkI5o.004.mp4,1280,720,23.976,367,emotional_stability,low
153,6381,left_cheek,494.8,362.0,585.1,491.8,778.5,542.5,891.4,704.8,3ccY8jYkI5o.004.mp4,1280,720,23.976,367,emotional_stability,low
153,6381,right_cheek,689.9,349.6,792.5,483.8,1022.3,526.9,1150.7,694.7,3ccY8jYkI5o.004.mp4,1280,720,23.976,367,emotional_stability,low
154,6423,left_eye,497.4,268.0,602.8,337.9,781.8,425.0,913.5,512.4,3ccY8jYkI5o.004.mp4,1280,720,23.976,367,emotional_stability,low
154,6423,right_eye,658.0,258.6,774.2,329.3,982.5,413.3,1127.8,501.6,3ccY8jYkI5o.004.mp4,1280,720,23.976,367,emotional_stability,low
154,6423,nose,583.3,307.1,681.6,431.4,889.1,473.9,1011.9,629.2,3ccY8jYkI5o.004.mp4,1280,720,23.976,367,emotional_stability,low
154,6423,mouth,571.8,460.5,700.8,518.6,874.8,665.6,1036.1,738.3,3ccY8jYkI5o.004.mp4,1280,720,23.976,367,emotional_stability,low
154,6423,forehead,486.1,199.0,808.3,479.7,767.6,338.8,1170.4,689.7,3ccY8jYkI5o.004.mp4,1280,720,23.976,367,emotional_stability,low
154,6423,chin,487.8,351.8,808.3,579.7,769.7,529.7,1170.4,814.6,3ccY8jYkI5o.004.mp4,1280,720,23.976,367,emotional_stability,low
154,6423,left_cheek,492.0,361.8,582.3,491.6,775.1,542.2,887.9,704.5,3ccY8jYkI5o.004.mp4,1280,720,23.976,367,emotional_stability,low
154,6423,right_cheek,686.6,349.7,790.4,484.5,1018.2,527.1,1148.1,695.6,3ccY8jYkI5o.004.mp4,1280,720,23.976,367,emotional_stability,low
155,6464,left_eye,494.3,267.9,600.4,337.9,777.9,424.9,910.6,512.4,3ccY8jYkI5o.004.mp4,1280,720,23.976,367,emotional_stability,low
155,6464,right_eye,655.9,258.6,772.5,329.3,979.8,413.2,1125.7,501.7,3ccY8jYkI5o.004.mp4,1280,720,23.976,367,emotional_stability,low
155,6464,nose,581.3,307.0,680.0,431.3,886.6,473.7,1010.0,629.1,3ccY8jYkI5o.004.mp4,1280,720,23.976,367,emotional_stability,low
155,6464,mouth,571.1,460.2,699.3,524.4,873.9,665.3,1034.2,745.5,3ccY8jYkI5o.004.mp4,1280,720,23.976,367,emotional_stability,low
155,6464,forehead,483.4,199.1,807.5,480.8,764.3,338.9,1169.4,691.1,3ccY8jYkI5o.004.mp4,1280,720,23.976,367,emotional_stability,low
155,6464,chin,485.3,352.2,807.5,582.4,766.6,530.3,1169.4,818.1,3ccY8jYkI5o.004.mp4,1280,720,23.976,367,emotional_stability,low
155,6464,left_cheek,489.5,362.0,580.0,491.8,771.9,542.5,885.0,704.7,3ccY8jYkI5o.004.mp4,1280,720,23.976,367,emotional_stability,low
155,6464,right_cheek,685.1,349.8,789.4,485.2,1016.3,527.3,1146.7,696.5,3ccY8jYkI5o.004.mp4,1280,720,23.976,367,emotional_stability,low
156,6506,left_eye,494.4,269.1,600.4,338.6,778.0,426.3,910.5,513.3,3ccY8jYkI5o.004.mp4,1280,720,23.976,367,emotional_stability,low
156,6506,right_eye,656.1,259.2,772.0,330.1,980.1,414.1,1124.9,502.6,3ccY8jYkI5o.004.mp4,1280,720,23.976,367,emotional_stability,low
156,6506,nose,582.2,307.4,679.4,431.3,887.7,474.3,1009.3,629.2,3ccY8jYkI5o.004.mp4,1280,720,23.976,367,emotional_stability,low
156,6506,mouth,571.7,460.9,699.0,527.9,874.7,666.1,1033.7,749.9,3ccY8jYkI5o.004.mp4,1280,720,23.976,367,emotional_stability,low
156,6506,forehead,482.8,199.2,806.5,483.0,763.5,339.0,1168.1,693.7,3ccY8jYkI5o.004.mp4,1280,720,23.976,367,emotional_stability,low
156,6506,chin,484.7,353.9,806.5,586.2,765.8,532.3,1168.1,822.8,3ccY8jYkI5o.004.mp4,1280,720,23.976,367,emotional_stability,low
156,6506,left_cheek,489.4,362.6,580.3,492.8,771.8,543.3,885.4,706.1,3ccY8jYkI5o.004.mp4,1280,720,23.976,367,emotional_stability,low
156,6506,right_cheek,684.7,350.9,788.7,486.6,1015.9,528.6,1145.9,698.2,3ccY8jYkI5o.004.mp4,1280,720,23.976,367,emotional_stability,low
157,6548,left_eye,496.0,269.6,601.9,338.9,780.0,427.0,912.4,513.6,3ccY8jYkI5o.004.mp4,1280,720,23.976,367,emotional_stability,low
157,6548,right_eye,658.4,259.9,773.6,330.9,983.0,414.9,1127.0,503.6,3ccY8jYkI5o.004.mp4,1280,720,23.976,367,emotional_stability,low
157,6548,nose,583.1,308.2,680.9,431.8,888.9,475.3,1011.2,629.8,3ccY8jYkI5o.004.mp4,1280,720,23.976,367,emotional_stability,low
157,6548,mouth,573.1,460.8,700.3,527.3,876.4,666.0,1035.3,749.1,3ccY8jYkI5o.004.mp4,1280,720,23.976,367,emotional_stability,low
157,6548,forehead,483.4,199.6,807.2,482.8,764.3,339.6,1168.9,693.4,3ccY8jYkI5o.004.mp4,1280,720,23.976,367,emotional_stability,low
157,6548,chin,485.1,354.0,807.2,585.6,766.4,532.4,1168.9,821.9,3ccY8jYkI5o.004.mp4,1280,720,23.976,367,emotional_stability,low
157,6548,left_cheek,490.6,362.8,581.7,492.6,773.2,543.5,887.1,705.8,3ccY8jYkI5o.004.mp4,1280,720,23.976,367,emotional_stability,low
157,6548,right_cheek,686.3,351.3,789.8,486.5,1017.8,529.2,1147.3,698.2,3ccY8jYkI5o.004.mp4,1280,720,23.976,367,emotional_stability,low
158,6589,left_eye,497.2,269.7,603.1,338.8,781.5,427.1,913.9,513.5,3ccY8jYkI5o.004.mp4,1280,720,23.976,367,emotional_stability,low
158,6589,right_eye,658.6,260.5,774.8,330.9,983.3,415.7,1128.5,503.7,3ccY8jYkI5o.004.mp4,1280,720,23.976,367,emotional_stability,low
158,6589,nose,583.7,308.4,682.5,432.0,889.6,475.5,1013.1,630.0,3ccY8jYkI5o.004.mp4,1280,720,23.976,367,emotional_stability,low
158,6589,mouth,573.6,460.8,701.9,527.0,877.0,666.0,1037.4,748.7,3ccY8jYkI5o.004.mp4,1280,720,23.976,367,emotional_stability,low
158,6589,forehead,484.3,199.8,807.8,481.0,765.4,339.8,1169.7,691.3,3ccY8jYkI5o.004.mp4,1280,720,23.976,367,emotional_stability,low
158,6589,chin,485.9,353.6,807.8,584.9,767.4,532.0,1169.7,821.2,3ccY8jYkI5o.004.mp4,1280,720,23.976,367,emotional_stability,low
158,6589,left_cheek,491.9,362.4,582.8,492.0,774.9,543.0,888.5,705.0,3ccY8jYkI5o.004.mp4,1280,720,23.976,367,emotional_stability,low
158,6589,right_cheek,687.5,351.3,790.9,486.4,1019.4,529.1,1148.6,698.1,3ccY8jYkI5o.004.mp4,1280,720,23.976,367,emotional_stability,low
159,6631,left_eye,497.7,269.7,603.6,338.1,782.1,427.1,914.4,512.7,3ccY8jYkI5o.004.mp4,1280,720,23.976,367,emotional_stability,low
159,6631,right_eye,660.9,261.1,775.3,330.9,986.2,416.3,1129.2,503.6,3ccY8jYkI5o.004.mp4,1280,720,23.976,367,emotional_stability,low
159,6631,nose,585.8,308.5,683.7,432.6,892.3,475.6,1014.6,630.8,3ccY8jYkI5o.004.mp4,1280,720,23.976,367,emotional_stability,low
159,6631,mouth,576.1,461.2,702.8,527.0,880.1,666.4,1038.5,748.8,3ccY8jYkI5o.004.mp4,1280,720,23.976,367,emotional_stability,low
159,6631,forehead,484.7,199.9,808.0,478.3,765.9,339.9,1169.9,687.8,3ccY8jYkI5o.004.mp4,1280,720,23.976,367,emotional_stability,low
159,6631,chin,486.2,352.3,808.0,584.6,767.8,530.4,1169.9,820.7,3ccY8jYkI5o.004.mp4,1280,720,23.976,367,emotional_stability,low
159,6631,left_cheek,492.7,361.0,584.1,490.9,775.9,541.3,890.1,703.7,3ccY8jYkI5o.004.mp4,1280,720,23.976,367,emotional_stability,low
159,6631,right_cheek,687.8,351.3,791.4,486.3,1019.8,529.1,1149.3,697.9,3ccY8jYkI5o.004.mp4,1280,720,23.976,367,emotional_stability,low
160,6673,left_eye,498.8,269.7,604.5,337.2,783.5,427.1,915.6,511.6,3ccY8jYkI5o.004.mp4,1280,720,23.976,367,emotional_stability,low
160,6673,right_eye,663.1,261.5,775.6,330.9,988.9,416.9,1129.5,503.6,3ccY8jYkI5o.004.mp4,1280,720,23.976,367,emotional_stability,low
160,6673,nose,587.6,308.5,685.1,432.9,894.5,475.6,1016.4,631.1,3ccY8jYkI5o.004.mp4,1280,720,23.976,367,emotional_stability,low
160,6673,mouth,577.9,461.2,703.1,527.4,882.3,666.5,1038.9,749.2,3ccY8jYkI5o.004.mp4,1280,720,23.976,367,emotional_stability,low
160,6673,forehead,485.1,199.9,807.0,475.6,766.4,339.9,1168.8,684.5,3ccY8jYkI5o.004.mp4,1280,720,23.976,367,emotional_stability,low
160,6673,chin,486.6,351.2,807.0,584.4,768.3,529.1,1168.8,820.4,3ccY8jYkI5o.004.mp4,1280,720,23.976,367,emotional_stability,low
160,6673,left_cheek,492.8,359.4,585.7,489.8,776.0,539.2,892.1,702.2,3ccY8jYkI5o.004.mp4,1280,720,23.976,367,emotional_stability,low
160,6673,right_cheek,688.2,351.2,791.7,486.2,1020.3,529.0,1149.7,697.8,3ccY8jYkI5o.004.mp4,1280,720,23.976,367,emotional_stability,low
161,6715,left_eye,501.2,271.1,605.9,337.4,786.4,428.8,917.3,511.7,3ccY8jYkI5o.004.mp4,1280,720,23.976,367,emotional_stability,low
161,6715,right_eye,665.0,264.0,776.2,332.5,991.3,420.0,1130.3,505.6,3ccY8jYkI5o.004.mp4,1280,720,23.976,367,emotional_stability,low
161,6715,nose,589.1,310.0,686.6,434.7,896.3,477.5,1018.3,633.4,3ccY8jYkI5o.004.mp4,1280,720,23.976,367,emotional_stability,low
161,6715,mouth,577.9,461.2,703.2,529.4,882.4,666.5,1039.0,751.7,3ccY8jYkI5o.004.mp4,1280,720,23.976,367,emotional_stability,low
161,6715,forehead,485.2,201.7,807.1,475.7,766.5,342.1,1168.8,684.7,3ccY8jYkI5o.004.mp4,1280,720,23.976,367,emotional_stability,low
161,6715,chin,486.8,352.6,807.1,584.2,768.5,530.7,1168.8,820.2,3ccY8jYkI5o.004.mp4,1280,720,23.976,367,emotional_stability,low
161,6715,left_cheek,493.8,359.4,587.3,489.8,777.3,539.3,894.1,702.2,3ccY8jYkI5o.004.mp4,1280,720,23.976,367,emotional_stability,low
161,6715,right_cheek,689.5,353.0,791.9,487.2,1021.8,531.2,1149.9,699.0,3ccY8jYkI5o.004.mp4,1280,720,23.976,367,emotional_stability,low
162,6756,left_eye,502.2,272.2,606.8,338.1,787.8,430.2,918.5,512.6,3ccY8jYkI5o.004.mp4,1280,720,23.976,367,emotional_stability,low
162,6756,right_eye,665.5,265.5,776.3,333.5,991.9,421.8,1130.3,506.9,3ccY8jYkI5o.004.mp4,1280,720,23.976,367,emotional_stability,low
162,6756,nose,589.1,311.0,687.4,435.0,896.3,478.8,1019.3,633.7,3ccY8jYkI5o.004.mp4,1280,720,23.976,367,emotional_stability,low
162,6756,mouth,575.5,458.3,708.0,530.9,879.4,662.9,1045.0,753.6,3ccY8jYkI5o.004.mp4,1280,720,23.976,367,emotional_stability,low
162,6756,forehead,485.2,203.3,807.2,476.0,766.5,344.1,1169.0,685.0,3ccY8jYkI5o.004.mp4,1280,720,23.976,367,emotional_stability,low
162,6756,chin,487.0,353.8,807.2,584.3,768.7,532.3,1169.0,820.3,3ccY8jYkI5o.004.mp4,1280,720,23.976,367,emotional_stability,low
162,6756,left_cheek,494.4,359.6,587.5,489.5,778.0,539.4,894.4,701.9,3ccY8jYkI5o.004.mp4,1280,720,23.976,367,emotional_stability,low
162,6756,right_cheek,689.8,353.6,792.1,487.3,1022.3,532.0,1150.1,699.1,3ccY8jYkI5o.004.mp4,1280,720,23.976,367,emotional_stability,low
163,6798,left_eye,502.8,272.6,607.3,338.6,788.4,430.8,919.1,513.3,3ccY8jYkI5o.004.mp4,1280,720,23.976,367,emotional_stability,low
163,6798,right_eye,665.7,265.8,776.5,333.8,992.1,422.3,1130.6,507.3,3ccY8jYkI5o.004.mp4,1280,720,23.976,367,emotional_stability,low
163,6798,nose,588.5,311.4,687.6,434.8,895.7,479.2,1019.4,633.5,3ccY8jYkI5o.004.mp4,1280,720,23.976,367,emotional_stability,low
163,6798,mouth,570.5,455.9,710.6,529.6,873.1,659.9,1048.2,752.0,3ccY8jYkI5o.004.mp4,1280,720,23.976,367,emotional_stability,low
163,6798,forehead,485.3,203.3,807.2,476.2,766.6,344.2,1169.1,685.2,3ccY8jYkI5o.004.mp4,1280,720,23.976,367,emotional_stability,low
163,6798,chin,487.1,354.3,807.2,583.7,768.9,532.9,1169.1,819.6,3ccY8jYkI5o.004.mp4,1280,720,23.976,367,emotional_stability,low
163,6798,left_cheek,494.6,359.6,587.5,488.9,778.2,539.5,894.4,701.1,3ccY8jYkI5o.004.mp4,1280,720,23.976,367,emotional_stability,low
163,6798,right_cheek,689.9,353.6,792.1,487.2,1022.4,532.0,1150.1,699.0,3ccY8jYkI5o.004.mp4,1280,720,23.976,367,emotional_stability,low
164,6840,left_eye,503.8,272.9,608.4,338.8,789.8,431.1,920.5,513.5,3ccY8jYkI5o.004.mp4,1280,720,23.976,367,emotional_stability,low
164,6840,right_eye,666.2,266.0,777.0,333.9,992.7,422.5,1131.3,507.3,3ccY8jYkI5o.004.mp4,1280,720,23.976,367,emotional_stability,low
164,6840,nose,588.6,311.5,688.1,434.7,895.7,479.4,1020.1,633.4,3ccY8jYkI5o.004.mp4,1280,720,23.976,367,emotional_stability,low
164,6840,mouth,569.4,454.5,712.5,526.2,871.7,658.2,1050.6,747.7,3ccY8jYkI5o.004.mp4,1280,720,23.976,367,emotional_stability,low
164,6840,forehead,485.9,203.4,807.5,476.1,767.4,344.3,1169.3,685.2,3ccY8jYkI5o.004.mp4,1280,720,23.976,367,emotional_stability,low
164,6840,chin,487.5,354.3,807.5,581.7,769.3,532.9,1169.3,817.1,3ccY8jYkI5o.004.mp4,1280,720,23.976,367,emotional_stability,low
164,6840,left_cheek,495.3,359.3,587.9,487.5,779.2,539.1,894.9,699.4,3ccY8jYkI5o.004.mp4,1280,720,23.976,367,emotional_stability,low
164,6840,right_cheek,690.6,353.6,792.3,486.3,1023.2,532.0,1150.3,697.9,3ccY8jYkI5o.004.mp4,1280,720,23.976,367,emotional_stability,low
165,6881,left_eye,505.7,272.9,609.9,338.5,792.1,431.1,922.4,513.1,3ccY8jYkI5o.004.mp4,1280,720,23.976,367,emotional_stability,low
165,6881,right_eye,666.6,265.7,777.2,333.6,993.3,422.2,1131.5,507.0,3ccY8jYkI5o.004.mp4,1280,720,23.976,367,emotional_stability,low
165,6881,nose,588.8,311.3,689.3,434.1,895.9,479.2,1021.7,632.6,3ccY8jYkI5o.004.mp4,1280,720,23.976,367,emotional_stability,low
165,6881,mouth,570.1,452.8,714.5,526.2,872.6,656.0,1053.1,747.8,3ccY8jYkI5o.004.mp4,1280,720,23.976,367,emotional_stability,low
165,6881,forehead,488.0,203.1,807.8,476.0,770.1,343.9,1169.8,685.0,3ccY8jYkI5o.004.mp4,1280,720,23.976,367,emotional_stability,low
165,6881,chin,489.4,353.5,807.8,581.7,771.7,531.8,1169.8,817.1,3ccY8jYkI5o.004.mp4,1280,720,23.976,367,emotional_stability,low
165,6881,left_cheek,497.3,358.6,588.8,486.5,781.6,538.2,896.0,698.2,3ccY8jYkI5o.004.mp4,1280,720,23.976,367,emotional_stability,low
165,6881,right_cheek,691.6,352.5,792.4,484.8,1024.4,530.7,1150.4,696.0,3ccY8jYkI5o.004.mp4,1280,720,23.976,367,emotional_stability,low
166,6923,left_eye,506.8,272.8,611.1,338.2,793.5,431.0,923.9,512.8,3ccY8jYkI5o.004.mp4,1280,720,23.976,367,emotional_stability,low
166,6923,right_eye,667.4,265.4,777.9,333.1,994.3,421.7,1132.3,506.4,3ccY8jYkI5o.004.mp4,1280,720,23.976,367,emotional_stability,low
166,6923,nose,589.7,310.8,690.6,433.2,897.1,478.5,1023.2,631.5,3ccY8jYkI5o.004.mp4,1280,720,23.976,367,emotional_stability,low
166,6923,mouth,570.7,451.5,715.9,526.6,873.4,654.4,1054.8,748.3,3ccY8jYkI5o.004.mp4,1280,720,23.976,367,emotional_stability,low
166,6923,forehead,489.4,202.3,808.1,476.0,771.7,342.9,1170.1,685.0,3ccY8jYkI5o.004.mp4,1280,720,23.976,367,emotional_stability,low
166,6923,chin,490.7,352.5,808.1,581.6,773.3,530.6,1170.1,817.0,3ccY8jYkI5o.004.mp4,1280,720,23.976,367,emotional_stability,low
166,6923,left_cheek,498.7,358.1,589.9,485.9,783.4,537.6,897.4,697.4,3ccY8jYkI5o.004.mp4,1280,720,23.976,367,emotional_stability,low
166,6923,right_cheek,692.8,351.4,792.7,483.7,1026.0,529.3,1150.9,694.6,3ccY8jYkI5o.004.mp4,1280,720,23.976,367,emotional_stability,low
167,6965,left_eye,507.6,271.6,611.9,336.8,794.5,429.5,924.8,511.0,3ccY8jYkI5o.004.mp4,1280,720,23.976,367,emotional_stability,low
167,6965,right_eye,668.4,263.9,778.5,331.4,995.5,419.8,1133.2,504.2,3ccY8jYkI5o.004.mp4,1280,720,23.976,367,emotional_stability,low
167,6965,nose,590.5,309.1,691.5,431.1,898.2,476.3,1024.4,628.9,3ccY8jYkI5o.004.mp4,1280,720,23.976,367,emotional_stability,low
167,6965,mouth,571.0,450.1,717.2,523.0,873.8,652.6,1056.5,743.8,3ccY8jYkI5o.004.mp4,1280,720,23.976,367,emotional_stability,low
167,6965,forehead,490.6,200.6,808.4,473.8,773.3,340.7,1170.5,682.2,3ccY8jYkI5o.004.mp4,1280,720,23.976,367,emotional_stability,low
167,6965,chin,491.9,350.0,808.4,578.9,774.9,527.5,1170.5,813.6,3ccY8jYkI5o.004.mp4,1280,720,23.976,367,emotional_stability,low
167,6965,left_cheek,499.9,356.1,590.8,483.5,784.9,535.1,898.5,694.4,3ccY8jYkI5o.004.mp4,1280,720,23.976,367,emotional_stability,low
167,6965,right_cheek,693.9,349.2,793.1,480.9,1027.4,526.4,1151.3,691.2,3ccY8jYkI5o.004.mp4,1280,720,23.976,367,emotional_stability,low
168,7007,left_eye,508.8,270.4,612.7,335.2,796.0,428.0,925.9,509.0,3ccY8jYkI5o.004.mp4,1280,720,23.976,367,emotional_stability,low
168,7007,right_eye,669.7,263.0,779.7,330.0,997.2,418.7,1134.6,502.5,3ccY8jYkI5o.004.mp4,1280,720,23.976,367,emotional_stability,low
168,7007,nose,592.0,308.2,692.9,430.5,900.0,475.3,1026.2,628.2,3ccY8jYkI5o.004.mp4,1280,720,23.976,367,emotional_stability,low
168,7007,mouth,571.2,449.7,718.1,521.7,874.0,652.2,1057.7,742.1,3ccY8jYkI5o.004.mp4,1280,720,23.976,367,emotional_stability,low
168,7007,forehead,491.6,200.2,808.8,472.6,774.4,340.2,1171.0,680.8,3ccY8jYkI5o.004.mp4,1280,720,23.976,367,emotional_stability,low
168,7007,chin,492.7,349.2,808.8,578.5,775.8,526.5,1171.0,813.2,3ccY8jYkI5o.004.mp4,1280,720,23.976,367,emotional_stability,low
168,7007,left_cheek,501.0,355.0,592.1,482.4,786.2,533.8,900.1,693.0,3ccY8jYkI5o.004.mp4,1280,720,23.976,367,emotional_stability,low
168,7007,right_cheek,695.3,348.3,793.9,480.0,1029.1,525.4,1152.4,690.0,3ccY8jYkI5o.004.mp4,1280,720,23.976,367,emotional_stability,low
169,7048,left_eye,508.6,270.7,613.6,335.1,795.8,428.3,927.0,508.9,3ccY8jYkI5o.004.mp4,1280,720,23.976,367,emotional_stability,low
169,7048,right_eye,672.0,263.0,783.0,329.3,1000.0,418.7,1138.7,501.6,3ccY8jYkI5o.004.mp4,1280,720,23.976,367,emotional_stability,low
169,7048,nose,593.1,308.3,694.3,430.5,901.4,475.4,1027.9,628.1,3ccY8jYkI5o.004.mp4,1280,720,23.976,367,emotional_stability,low
169,7048,mouth,571.9,449.3,718.6,520.8,874.8,651.6,1058.2,741.0,3ccY8jYkI5o.004.mp4,1280,720,23.976,367,emotional_stability,low
169,7048,forehead,492.2,201.9,811.2,472.4,775.3,342.4,1174.0,680.5,3ccY8jYkI5o.004.mp4,1280,720,23.976,367,emotional_stability,low
169,7048,chin,493.3,349.3,811.2,578.0,776.6,526.6,1174.0,812.5,3ccY8jYkI5o.004.mp4,1280,720,23.976,367,emotional_stability,low
169,7048,left_cheek,501.9,354.9,593.0,481.6,787.4,533.7,901.2,692.0,3ccY8jYkI5o.004.mp4,1280,720,23.976,367,emotional_stability,low
169,7048,right_cheek,696.6,348.5,795.6,479.6,1030.7,525.7,1154.5,689.5,3ccY8jYkI5o.004.mp4,1280,720,23.976,367,emotional_stability,low
170,7090,left_eye,508.8,270.8,614.5,335.3,796.0,428.5,928.1,509.2,3ccY8jYkI5o.004.mp4,1280,720,23.976,367,emotional_stability,low
170,7090,right_eye,673.0,263.1,784.7,329.9,1001.2,418.8,1140.9,502.4,3ccY8jYkI5o.004.mp4,1280,720,23.976,367,emotional_stability,low
170,7090,nose,593.7,308.6,695.8,430.4,902.1,475.8,1029.7,628.0,3ccY8jYkI5o.004.mp4,1280,720,23.976,367,emotional_stability,low
170,7090,mouth,572.8,449.4,719.8,521.3,876.0,651.8,1059.8,741.6,3ccY8jYkI5o.004.mp4,1280,720,23.976,367,emotional_stability,low
170,7090,forehead,492.9,203.2,813.0,472.4,776.1,344.0,1176.2,680.5,3ccY8jYkI5o.004.mp4,1280,720,23.976,367,emotional_stability,low
170,7090,chin,493.8,350.5,813.0,578.1,777.3,528.1,1176.2,812.6,3ccY8jYkI5o.004.mp4,1280,720,23.976,367,emotional_stability,low
170,7090,left_cheek,502.6,355.2,593.7,481.9,788.3,534.0,902.1,692.3,3ccY8jYkI5o.004.mp4,1280,720,23.976,367,emotional_stability,low
170,7090,right_cheek,697.8,348.8,797.0,479.8,1032.2,526.0,1156.3,689.7,3ccY8jYkI5o.004.mp4,1280,720,23.976,367,emotional_stability,low
171,7132,left_eye,509.2,270.8,614.6,335.4,796.5,428.5,928.3,509.3,3ccY8jYkI5o.004.mp4,1280,720,23.976,367,emotional_stability,low
171,7132,right_eye,673.3,263.0,785.0,329.4,1001.6,418.8,1141.3,501.7,3ccY8jYkI5o.004.mp4,1280,720,23.976,367,emotional_stability,low
171,7132,nose,593.7,308.7,696.8,430.3,902.1,475.8,1031.0,627.8,3ccY8jYkI5o.004.mp4,1280,720,23.976,367,emotional_stability,low
171,7132,mouth,575.8,449.7,720.0,526.0,879.8,652.1,1060.0,747.5,3ccY8jYkI5o.004.mp4,1280,720,23.976,367,emotional_stability,low
171,7132,forehead,494.1,203.4,813.2,472.8,777.6,344.2,1176.5,681.1,3ccY8jYkI5o.004.mp4,1280,720,23.976,367,emotional_stability,low
171,7132,chin,495.2,350.9,813.2,580.3,779.0,528.7,1176.5,815.4,3ccY8jYkI5o.004.mp4,1280,720,23.976,367,emotional_stability,low
171,7132,left_cheek,503.5,355.3,594.0,481.9,789.4,534.2,902.5,692.4,3ccY8jYkI5o.004.mp4,1280,720,23.976,367,emotional_stability,low
171,7132,right_cheek,698.4,348.8,797.4,480.0,1033.0,526.0,1156.7,690.0,3ccY8jYkI5o.004.mp4,1280,720,23.976,367,emotional_stability,low
172,7173,left_eye,509.1,269.4,614.4,335.3,796.3,426.8,928.1,509.1,3ccY8jYkI5o.004.mp4,1280,720,23.976,367,emotional_stability,low
172,7173,right_eye,673.9,261.9,785.6,328.5,1002.4,417.4,1142.0,500.6,3ccY8jYkI5o.004.mp4,1280,720,23.976,367,emotional_stability,low
172,7173,nose,594.5,308.5,697.2,430.2,903.2,475.7,1031.5,627.7,3ccY8jYkI5o.004.mp4,1280,720,23.976,367,emotional_stability,low
172,7173,mouth,580.6,450.7,719.5,525.0,885.8,653.4,1059.4,746.3,3ccY8jYkI5o.004.mp4,1280,720,23.976,367,emotional_stability,low
172,7173,forehead,494.5,203.3,813.3,471.7,778.2,344.2,1176.7,679.6,3ccY8jYkI5o.004.mp4,1280,720,23.976,367,emotional_stability,low
172,7173,chin,495.8,349.1,813.3,578.7,779.7,526.4,1176.7,813.3,3ccY8jYkI5o.004.mp4,1280,720,23.976,367,emotional_stability,low
172,7173,left_cheek,503.9,355.4,594.4,482.1,789.8,534.3,903.0,692.7,3ccY8jYkI5o.004.mp4,1280,720,23.976,367,emotional_stability,low
172,7173,right_cheek,699.0,348.0,798.0,479.1,1033.7,525.0,1157.5,688.8,3ccY8jYkI5o.004.mp4,1280,720,23.976,367,emotional_stability,low
173,7215,left_eye,509.0,269.3,614.3,335.1,796.3,426.6,927.9,508.9,3ccY8jYkI5o.004.mp4,1280,720,23.976,367,emotional_stability,low
173,7215,right_eye,674.1,261.4,786.2,328.5,1002.7,416.8,1142.8,500.6,3ccY8jYkI5o.004.mp4,1280,720,23.976,367,emotional_stability,low
173,7215,nose,596.1,308.6,696.8,430.3,905.2,475.7,1031.0,627.9,3ccY8jYkI5o.004.mp4,1280,720,23.976,367,emotional_stability,low
173,7215,mouth,583.7,453.3,718.4,522.9,889.6,656.6,1058.0,743.6,3ccY8jYkI5o.004.mp4,1280,720,23.976,367,emotional_stability,low
173,7215,forehead,495.0,203.2,813.6,471.2,778.7,344.0,1177.0,679.0,3ccY8jYkI5o.004.mp4,1280,720,23.976,367,emotional_stability,low
173,7215,chin,496.3,348.1,813.6,577.7,780.4,525.2,1177.0,812.1,3ccY8jYkI5o.004.mp4,1280,720,23.976,367,emotional_stability,low
173,7215,left_cheek,504.2,355.5,595.1,482.1,790.3,534.4,903.9,692.7,3ccY8jYkI5o.004.mp4,1280,720,23.976,367,emotional_stability,low
173,7215,right_cheek,699.0,347.9,798.4,479.2,1033.8,524.9,1158.0,689.0,3ccY8jYkI5o.004.mp4,1280,720,23.976,367,emotional_stability,low
174,7257,left_eye,509.0,268.8,614.2,335.1,796.2,426.1,927.7,508.9,3ccY8jYkI5o.004.mp4,1280,720,23.976,367,emotional_stability,low
174,7257,right_eye,674.0,260.8,786.2,328.4,1002.5,416.0,1142.7,500.5,3ccY8jYkI5o.004.mp4,1280,720,23.976,367,emotional_stability,low
174,7257,nose,596.6,308.6,696.7,430.7,905.7,475.7,1030.9,628.4,3ccY8jYkI5o.004.mp4,1280,720,23.976,367,emotional_stability,low
174,7257,mouth,585.3,455.9,715.6,522.6,891.6,659.9,1054.5,743.3,3ccY8jYkI5o.004.mp4,1280,720,23.976,367,emotional_stability,low
174,7257,forehead,495.9,202.7,813.8,470.3,779.9,343.3,1177.2,677.8,3ccY8jYkI5o.004.mp4,1280,720,23.976,367,emotional_stability,low
174,7257,chin,497.5,347.1,813.8,577.4,781.9,523.9,1177.2,811.7,3ccY8jYkI5o.004.mp4,1280,720,23.976,367,emotional_stability,low
174,7257,left_cheek,504.7,355.6,595.3,482.2,790.9,534.5,904.2,692.7,3ccY8jYkI5o.004.mp4,1280,720,23.976,367,emotional_stability,low
174,7257,right_cheek,698.9,347.8,798.4,479.3,1033.6,524.8,1157.9,689.1,3ccY8jYkI5o.004.mp4,1280,720,23.976,367,emotional_stability,low
175,7298,left_eye,508.6,267.6,612.7,334.4,795.8,424.5,925.8,508.0,3ccY8jYkI5o.004.mp4,1280,720,23.976,367,emotional_stability,low
175,7298,right_eye,673.8,259.3,786.2,327.3,1002.2,414.1,1142.8,499.1,3ccY8jYkI5o.004.mp4,1280,720,23.976,367,emotional_stability,low
175,7298,nose,596.4,308.1,695.3,430.7,905.5,475.1,1029.2,628.4,3ccY8jYkI5o.004.mp4,1280,720,23.976,367,emotional_stability,low
175,7298,mouth,585.0,455.9,713.2,521.8,891.2,659.9,1051.5,742.2,3ccY8jYkI5o.004.mp4,1280,720,23.976,367,emotional_stability,low
175,7298,forehead,496.1,200.9,814.8,467.9,780.1,341.1,1178.6,674.9,3ccY8jYkI5o.004.mp4,1280,720,23.976,367,emotional_stability,low
175,7298,chin,497.9,344.9,814.8,576.6,782.4,521.2,1178.6,810.7,3ccY8jYkI5o.004.mp4,1280,720,23.976,367,emotional_stability,low
175,7298,left_cheek,504.6,354.8,595.1,482.1,790.8,533.5,903.9,692.6,3ccY8jYkI5o.004.mp4,1280,720,23.976,367,emotional_stability,low
175,7298,right_cheek,698.5,346.7,798.5,479.2,1033.1,523.4,1158.2,689.0,3ccY8jYkI5o.004.mp4,1280,720,23.976,367,emotional_stability,low
176,7340,left_eye,508.3,267.7,611.0,334.2,795.4,424.7,923.7,507.8,3ccY8jYkI5o.004.mp4,1280,720,23.976,367,emotional_stability,low
176,7340,right_eye,672.6,259.2,786.1,327.2,1000.7,414.1,1142.6,499.0,3ccY8jYkI5o.004.mp4,1280,720,23.976,367,emotional_stability,low
176,7340,nose,594.9,308.1,693.8,430.8,903.7,475.1,1027.2,628.5,3ccY8jYkI5o.004.mp4,1280,720,23.976,367,emotional_stability,low
176,7340,mouth,584.1,455.7,712.4,521.3,890.1,659.7,1050.5,741.6,3ccY8jYkI5o.004.mp4,1280,720,23.976,367,emotional_stability,low
176,7340,forehead,496.1,200.7,815.3,467.1,780.1,340.9,1179.2,673.9,3ccY8jYkI5o.004.mp4,1280,720,23.976,367,emotional_stability,low
176,7340,chin,498.0,344.4,815.3,576.1,782.5,520.5,1179.2,810.1,3ccY8jYkI5o.004.mp4,1280,720,23.976,367,emotional_stability,low
176,7340,left_cheek,504.6,354.5,594.1,482.1,790.7,533.2,902.6,692.6,3ccY8jYkI5o.004.mp4,1280,720,23.976,367,emotional_stability,low
176,7340,right_cheek,697.6,346.5,798.5,479.2,1032.0,523.1,1158.2,689.0,3ccY8jYkI5o.004.mp4,1280,720,23.976,367,emotional_stability,low
177,7382,left_eye,507.4,269.0,609.6,334.5,794.3,426.2,922.0,508.1,3ccY8jYkI5o.004.mp4,1280,720,23.976,367,emotional_stability,low
177,7382,right_eye,671.0,259.4,785.2,327.4,998.7,414.3,1141.5,499.2,3ccY8jYkI5o.004.mp4,1280,720,23.976,367,emotional_stability,low
177,7382,nose,593.7,308.5,693.1,431.5,902.1,475.6,1026.4,629.3,3ccY8jYkI5o.004.mp4,1280,720,23.976,367,emotional_stability,low
177,7382,mouth,583.8,455.5,712.0,521.6,889.7,659.4,1050.0,742.0,3ccY8jYkI5o.004.mp4,1280,720,23.976,367,emotional_stability,low
177,7382,forehead,495.9,201.0,814.6,467.6,779.9,341.3,1178.3,674.5,3ccY8jYkI5o.004.mp4,1280,720,23.976,367,emotional_stability,low
177,7382,chin,497.9,344.9,814.6,576.1,782.4,521.1,1178.3,810.2,3ccY8jYkI5o.004.mp4,1280,720,23.976,367,emotional_stability,low
177,7382,left_cheek,503.9,354.7,592.9,482.2,789.9,533.4,901.1,692.7,3ccY8jYkI5o.004.mp4,1280,720,23.976,367,emotional_stability,low
177,7382,right_cheek,696.6,346.5,797.7,479.5,1030.7,523.1,1157.2,689.4,3ccY8jYkI5o.004.mp4,1280,720,23.976,367,emotional_stability,low
178,7424,left_eye,506.9,268.9,609.7,334.5,793.7,426.1,922.1,508.1,3ccY8jYkI5o.004.mp4,1280,720,23.976,367,emotional_stability,low
178,7424,right_eye,670.7,259.3,785.2,327.3,998.4,414.1,1141.5,499.2,3ccY8jYkI5o.004.mp4,1280,720,23.976,367,emotional_stability,low
178,7424,nose,592.7,308.4,693.2,431.4,900.9,475.5,1026.5,629.2,3ccY8jYkI5o.004.mp4,1280,720,23.976,367,emotional_stability,low
178,7424,mouth,581.8,452.9,713.7,528.4,887.2,656.1,1052.2,750.5,3ccY8jYkI5o.004.mp4,1280,720,23.976,367,emotional_stability,low
178,7424,forehead,495.8,200.6,814.4,467.7,779.8,340.7,1178.0,674.6,3ccY8jYkI5o.004.mp4,1280,720,23.976,367,emotional_stability,low
178,7424,chin,497.8,345.1,814.4,579.3,782.3,521.4,1178.0,814.1,3ccY8jYkI5o.004.mp4,1280,720,23.976,367,emotional_stability,low
178,7424,left_cheek,503.9,354.7,592.4,482.4,789.8,533.4,900.5,693.0,3ccY8jYkI5o.004.mp4,1280,720,23.976,367,emotional_stability,low
178,7424,right_cheek,696.5,346.5,797.6,479.6,1030.6,523.1,1156.9,689.5,3ccY8jYkI5o.004.mp4,1280,720,23.976,367,emotional_stability,low
179,7465,left_eye,506.2,268.9,609.4,334.7,792.8,426.1,921.8,508.3,3ccY8jYkI5o.004.mp4,1280,720,23.976,367,emotional_stability,low
179,7465,right_eye,669.9,259.0,785.0,327.2,997.4,413.8,1141.2,499.0,3ccY8jYkI5o.004.mp4,1280,720,23.976,367,emotional_stability,low
179,7465,nose,591.6,308.4,693.2,431.4,899.5,475.5,1026.5,629.3,3ccY8jYkI5o.004.mp4,1280,720,23.976,367,emotional_stability,low
179,7465,mouth,580.6,452.8,714.1,536.0,885.7,656.0,1052.6,760.0,3ccY8jYkI5o.004.mp4,1280,720,23.976,367,emotional_stability,low
179,7465,forehead,495.3,200.4,814.4,468.0,779.1,340.5,1178.0,674.9,3ccY8jYkI5o.004.mp4,1280,720,23.976,367,emotional_stability,low
179,7465,chin,497.6,344.9,814.4,585.1,782.0,521.1,1178.0,821.4,3ccY8jYkI5o.004.mp4,1280,720,23.976,367,emotional_stability,low
179,7465,left_cheek,503.1,355.1,591.7,483.3,788.9,533.8,899.6,694.1,3ccY8jYkI5o.004.mp4,1280,720,23.976,367,emotional_stability,low
179,7465,right_cheek,696.3,346.2,797.5,479.7,1030.4,522.7,1156.9,689.6,3ccY8jYkI5o.004.mp4,1280,720,23.976,367,emotional_stability,low
180,7507,left_eye,504.2,269.0,608.5,335.3,790.2,426.2,920.7,509.1,3ccY8jYkI5o.004.mp4,1280,720,23.976,367,emotional_stability,low
180,7507,right_eye,668.3,259.1,783.6,327.3,995.3,413.8,1139.5,499.1,3ccY8jYkI5o.004.mp4,1280,720,23.976,367,emotional_stability,low
180,7507,nose,589.9,308.4,693.0,431.4,897.4,475.5,1026.3,629.3,3ccY8jYkI5o.004.mp4,1280,720,23.976,367,emotional_stability,low
180,7507,mouth,578.6,452.8,714.1,539.4,883.2,656.1,1052.6,764.2,3ccY8jYkI5o.004.mp4,1280,720,23.976,367,emotional_stability,low
180,7507,forehead,492.3,200.4,814.4,468.5,775.4,340.5,1178.0,675.6,3ccY8jYkI5o.004.mp4,1280,720,23.976,367,emotional_stability,low
180,7507,chin,495.0,344.6,814.4,586.5,778.8,520.7,1178.0,823.2,3ccY8jYkI5o.004.mp4,1280,720,23.976,367,emotional_stability,low
180,7507,left_cheek,500.7,355.8,590.1,484.2,785.9,534.7,897.6,695.2,3ccY8jYkI5o.004.mp4,1280,720,23.976,367,emotional_stability,low
180,7507,right_cheek,695.6,346.0,797.3,479.7,1029.5,522.5,1156.7,689.6,3ccY8jYkI5o.004.mp4,1280,720,23.976,367,emotional_stability,low
181,7549,left_eye,502.5,270.5,607.8,336.7,788.1,428.1,919.7,510.9,3ccY8jYkI5o.004.mp4,1280,720,23.976,367,emotional_stability,low
181,7549,right_eye,667.3,259.2,782.4,327.5,994.1,414.0,1138.0,499.4,3ccY8jYkI5o.004.mp4,1280,720,23.976,367,emotional_stability,low
181,7549,nose,589.4,309.4,692.8,433.0,896.7,476.7,1026.0,631.3,3ccY8jYkI5o.004.mp4,1280,720,23.976,367,emotional_stability,low
181,7549,mouth,576.6,453.3,714.1,539.1,880.7,656.6,1052.6,763.9,3ccY8jYkI5o.004.mp4,1280,720,23.976,367,emotional_stability,low
181,7549,forehead,490.0,200.7,813.5,468.8,772.5,340.9,1176.8,676.0,3ccY8jYkI5o.004.mp4,1280,720,23.976,367,emotional_stability,low
181,7549,chin,492.6,344.3,813.5,585.9,775.7,520.3,1176.8,822.4,3ccY8jYkI5o.004.mp4,1280,720,23.976,367,emotional_stability,low
181,7549,left_cheek,499.1,357.0,589.3,484.6,783.8,536.2,896.6,695.7,3ccY8jYkI5o.004.mp4,1280,720,23.976,367,emotional_stability,low
181,7549,right_cheek,694.9,345.9,796.6,479.7,1028.6,522.4,1155.7,689.6,3ccY8jYkI5o.004.mp4,1280,720,23.976,367,emotional_stability,low
182,7590,left_eye,502.3,272.0,607.9,337.6,787.9,430.0,919.9,512.0,3ccY8jYkI5o.004.mp4,1280,720,23.976,367,emotional_stability,low
182,7590,right_eye,667.5,259.9,782.3,328.6,994.3,414.9,1137.9,500.7,3ccY8jYkI5o.004.mp4,1280,720,23.976,367,emotional_stability,low
182,7590,nose,589.6,310.4,692.8,434.1,896.9,478.0,1026.0,632.6,3ccY8jYkI5o.004.mp4,1280,720,23.976,367,emotional_stability,low
182,7590,mouth,575.3,453.8,714.2,524.9,879.1,657.2,1052.8,746.2,3ccY8jYkI5o.004.mp4,1280,720,23.976,367,emotional_stability,low
182,7590,forehead,489.8,201.0,812.0,469.4,772.2,341.3,1174.9,676.8,3ccY8jYkI5o.004.mp4,1280,720,23.976,367,emotional_stability,low
182,7590,chin,492.3,344.3,812.0,578.9,775.3,520.4,1174.9,813.6,3ccY8jYkI5o.004.mp4,1280,720,23.976,367,emotional_stability,low
182,7590,left_cheek,499.1,357.5,589.4,484.6,783.8,536.9,896.8,695.7,3ccY8jYkI5o.004.mp4,1280,720,23.976,367,emotional_stability,low
182,7590,right_cheek,694.8,346.0,795.8,479.6,1028.5,522.5,1154.7,689.5,3ccY8jYkI5o.004.mp4,1280,720,23.976,367,emotional_stability,low
183,7632,left_eye,501.8,272.4,608.0,337.9,787.2,430.5,920.0,512.4,3ccY8jYkI5o.004.mp4,1280,720,23.976,367,emotional_stability,low
183,7632,right_eye,667.4,260.5,782.2,329.3,994.2,415.6,1137.7,501.6,3ccY8jYkI5o.004.mp4,1280,720,23.976,367,emotional_stability,low
183,7632,nose,589.4,310.6,692.8,434.2,896.7,478.3,1025.9,632.8,3ccY8jYkI5o.004.mp4,1280,720,23.976,367,emotional_stability,low
183,7632,mouth,572.5,453.6,714.6,519.5,875.6,657.0,1053.2,739.4,3ccY8jYkI5o.004.mp4,1280,720,23.976,367,emotional_stability,low
183,7632,forehead,488.9,201.3,811.3,469.5,771.2,341.6,1174.1,676.9,3ccY8jYkI5o.004.mp4,1280,720,23.976,367,emotional_stability,low
183,7632,chin,491.3,344.4,811.3,576.1,774.2,520.4,1174.1,810.1,3ccY8jYkI5o.004.mp4,1280,720,23.976,367,emotional_stability,low
183,7632,left_cheek,498.5,357.5,589.2,483.8,783.2,536.9,896.5,694.7,3ccY8jYkI5o.004.mp4,1280,720,23.976,367,emotional_stability,low
183,7632,right_cheek,694.5,346.1,795.2,479.2,1028.2,522.6,1154.0,689.0,3ccY8jYkI5o.004.mp4,1280,720,23.976,367,emotional_stability,low
184,7674,left_eye,501.3,272.3,608.0,337.9,786.6,430.4,920.1,512.4,3ccY8jYkI5o.004.mp4,1280,720,23.976,367,emotional_stability,low
184,7674,right_eye,667.1,260.5,781.9,329.5,993.9,415.6,1137.3,501.8,3ccY8jYkI5o.004.mp4,1280,720,23.976,367,emotional_stability,low
184,7674,nose,588.8,310.6,692.4,434.1,896.0,478.2,1025.5,632.7,3ccY8jYkI5o.004.mp4,1280,720,23.976,367,emotional_stability,low
184,7674,mouth,571.5,453.6,714.6,520.6,874.4,657.0,1053.2,740.8,3ccY8jYkI5o.004.mp4,1280,720,23.976,367,emotional_stability,low
184,7674,forehead,488.1,201.3,810.8,469.5,770.1,341.6,1173.5,676.9,3ccY8jYkI5o.004.mp4,1280,720,23.976,367,emotional_stability,low
184,7674,chin,490.3,344.4,810.8,576.1,772.9,520.5,1173.5,810.2,3ccY8jYkI5o.004.mp4,1280,720,23.976,367,emotional_stability,low
184,7674,left_cheek,497.7,357.5,588.6,483.5,782.1,536.8,895.8,694.3,3ccY8jYkI5o.004.mp4,1280,720,23.976,367,emotional_stability,low
184,7674,right_cheek,694.1,346.1,794.8,479.0,1027.6,522.7,1153.5,688.7,3ccY8jYkI5o.004.mp4,1280,720,23.976,367,emotional_stability,low
185,7716,left_eye,501.4,272.2,608.1,337.9,786.7,430.3,920.1,512.3,3ccY8jYkI5o.004.mp4,1280,720,23.976,367,emotional_stability,low
185,7716,right_eye,667.1,260.5,781.7,329.5,993.9,415.6,1137.1,501.9,3ccY8jYkI5o.004.mp4,1280,720,23.976,367,emotional_stability,low
185,7716,nose,588.9,310.6,692.4,434.1,896.1,478.2,1025.5,632.6,3ccY8jYkI5o.004.mp4,1280,720,23.976,367,emotional_stability,low
185,7716,mouth,572.1,453.7,714.7,523.1,875.1,657.1,1053.3,743.9,3ccY8jYkI5o.004.mp4,1280,720,23.976,367,emotional_stability,low
185,7716,forehead,488.3,201.2,810.4,470.3,770.4,341.5,1173.0,677.9,3ccY8jYkI5o.004.mp4,1280,720,23.976,367,emotional_stability,low
185,7716,chin,490.6,344.4,810.4,577.3,773.3,520.6,1173.0,811.7,3ccY8jYkI5o.004.mp4,1280,720,23.976,367,emotional_stability,low
185,7716,left_cheek,497.8,357.5,588.7,483.6,782.3,536.9,895.9,694.5,3ccY8jYkI5o.004.mp4,1280,720,23.976,367,emotional_stability,low
185,7716,right_cheek,694.0,346.2,794.5,479.0,1027.5,522.7,1153.1,688.7,3ccY8jYkI5o.004.mp4,1280,720,23.976,367,emotional_stability,low
186,7757,left_eye,501.4,272.3,608.1,338.1,786.7,430.4,920.1,512.6,3ccY8jYkI5o.004.mp4,1280,720,23.976,367,emotional_stability,low
186,7757,right_eye,667.1,260.6,781.7,330.1,993.9,415.8,1137.1,502.6,3ccY8jYkI5o.004.mp4,1280,720,23.976,367,emotional_stability,low
186,7757,nose,588.8,310.8,692.4,434.7,896.0,478.5,1025.5,633.3,3ccY8jYkI5o.004.mp4,1280,720,23.976,367,emotional_stability,low
186,7757,mouth,572.6,454.4,714.7,527.2,875.7,658.0,1053.3,749.0,3ccY8jYkI5o.004.mp4,1280,720,23.976,367,emotional_stability,low
186,7757,forehead,488.4,201.4,810.0,471.2,770.5,341.7,1172.4,679.0,3ccY8jYkI5o.004.mp4,1280,720,23.976,367,emotional_stability,low
186,7757,chin,490.8,344.9,810.0,579.8,773.4,521.2,1172.4,814.7,3ccY8jYkI5o.004.mp4,1280,720,23.976,367,emotional_stability,low
186,7757,left_cheek,497.9,357.8,588.7,484.4,782.3,537.3,895.9,695.4,3ccY8jYkI5o.004.mp4,1280,720,23.976,367,emotional_stability,low
186,7757,right_cheek,694.0,346.6,794.2,479.7,1027.5,523.3,1152.8,689.6,3ccY8jYkI5o.004.mp4,1280,720,23.976,367,emotional_stability,low
187,7799,left_eye,500.9,273.0,607.9,339.0,786.1,431.3,919.9,513.7,3ccY8jYkI5o.004.mp4,1280,720,23.976,367,emotional_stability,low
187,7799,right_eye,667.0,261.2,781.6,331.3,993.7,416.6,1137.0,504.1,3ccY8jYkI5o.004.mp4,1280,720,23.976,367,emotional_stability,low
187,7799,nose,588.0,311.7,692.0,435.7,895.0,479.7,1025.0,634.7,3ccY8jYkI5o.004.mp4,1280,720,23.976,367,emotional_stability,low
187,7799,mouth,572.8,455.6,714.6,530.0,876.0,659.5,1053.2,752.5,3ccY8jYkI5o.004.mp4,1280,720,23.976,367,emotional_stability,low
187,7799,forehead,488.4,202.1,809.4,471.6,770.4,342.6,1171.8,679.5,3ccY8jYkI5o.004.mp4,1280,720,23.976,367,emotional_stability,low
187,7799,chin,490.8,345.7,809.4,581.3,773.5,522.2,1171.8,816.6,3ccY8jYkI5o.004.mp4,1280,720,23.976,367,emotional_stability,low
187,7799,left_cheek,497.6,358.5,588.3,485.1,782.1,538.1,895.3,696.4,3ccY8jYkI5o.004.mp4,1280,720,23.976,367,emotional_stability,low
187,7799,right_cheek,693.7,347.7,793.8,480.9,1027.1,524.6,1152.3,691.1,3ccY8jYkI5o.004.mp4,1280,720,23.976,367,emotional_stability,low
188,7841,left_eye,500.6,273.8,607.5,339.8,785.8,432.3,919.4,514.8,3ccY8jYkI5o.004.mp4,1280,720,23.976,367,emotional_stability,low
188,7841,right_eye,666.5,262.3,781.4,332.8,993.2,417.8,1136.7,506.0,3ccY8jYkI5o.004.mp4,1280,720,23.976,367,emotional_stability,low
188,7841,nose,587.1,312.9,691.1,437.0,893.9,481.1,1023.8,636.2,3ccY8jYkI5o.004.mp4,1280,720,23.976,367,emotional_stability,low
188,7841,mouth,572.6,456.9,714.0,531.5,875.7,661.1,1052.5,754.4,3ccY8jYkI5o.004.mp4,1280,720,23.976,367,emotional_stability,low
188,7841,forehead,488.4,203.3,809.2,471.9,770.5,344.2,1171.5,679.8,3ccY8jYkI5o.004.mp4,1280,720,23.976,367,emotional_stability,low
188,7841,chin,490.9,347.0,809.2,582.4,773.6,523.8,1171.5,818.0,3ccY8jYkI5o.004.mp4,1280,720,23.976,367,emotional_stability,low
188,7841,left_cheek,497.4,359.1,587.7,485.7,781.8,538.8,894.6,697.1,3ccY8jYkI5o.004.mp4,1280,720,23.976,367,emotional_stability,low
188,7841,right_cheek,693.0,349.2,793.4,482.4,1026.2,526.5,1151.8,693.0,3ccY8jYkI5o.004.mp4,1280,720,23.976,367,emotional_stability,low
189,7882,left_eye,500.7,274.5,607.4,340.4,785.9,433.1,919.3,515.5,3ccY8jYkI5o.004.mp4,1280,720,23.976,367,emotional_stability,low
189,7882,right_eye,666.5,263.4,781.3,333.9,993.2,419.3,1136.7,507.4,3ccY8jYkI5o.004.mp4,1280,720,23.976,367,emotional_stability,low
189,7882,nose,586.9,313.7,690.8,437.5,893.6,482.1,1023.5,636.9,3ccY8jYkI5o.004.mp4,1280,720,23.976,367,emotional_stability,low
189,7882,mouth,572.6,457.4,713.8,532.0,875.8,661.8,1052.2,755.1,3ccY8jYkI5o.004.mp4,1280,720,23.976,367,emotional_stability,low
189,7882,forehead,488.4,204.4,809.1,472.2,770.5,345.5,1171.3,680.2,3ccY8jYkI5o.004.mp4,1280,720,23.976,367,emotional_stability,low
189,7882,chin,490.9,348.4,809.1,582.7,773.6,525.5,1171.3,818.4,3ccY8jYkI5o.004.mp4,1280,720,23.976,367,emotional_stability,low
189,7882,left_cheek,497.4,359.6,587.6,486.1,781.8,539.5,894.5,697.6,3ccY8jYkI5o.004.mp4,1280,720,23.976,367,emotional_stability,low
189,7882,right_cheek,692.8,350.4,793.3,483.2,1026.0,528.1,1151.6,694.0,3ccY8jYkI5o.004.mp4,1280,720,23.976,367,emotional_stability,low
190,7924,left_eye,501.1,274.6,607.5,340.6,786.4,433.3,919.4,515.8,3ccY8jYkI5o.004.mp4,1280,720,23.976,367,emotional_stability,low
190,7924,right_eye,667.0,264.1,781.5,334.5,993.7,420.1,1136.9,508.1,3ccY8jYkI5o.004.mp4,1280,720,23.976,367,emotional_stability,low
190,7924,nose,586.9,314.1,690.8,437.8,893.7,482.7,1023.5,637.2,3ccY8jYkI5o.004.mp4,1280,720,23.976,367,emotional_stability,low
190,7924,mouth,572.8,457.6,713.7,532.1,876.0,662.0,1052.1,755.2,3ccY8jYkI5o.004.mp4,1280,720,23.976,367,emotional_stability,low
190,7924,forehead,488.8,205.1,809.1,472.2,771.0,346.4,1171.4,680.3,3ccY8jYkI5o.004.mp4,1280,720,23.976,367,emotional_stability,low
190,7924,chin,491.3,349.1,809.1,582.8,774.1,526.4,1171.4,818.5,3ccY8jYkI5o.004.mp4,1280,720,23.976,367,emotional_stability,low
190,7924,left_cheek,497.7,359.7,587.7,486.1,782.1,539.6,894.6,697.6,3ccY8jYkI5o.004.mp4,1280,720,23.976,367,emotional_stability,low
190,7924,right_cheek,692.9,351.1,793.3,483.5,1026.1,528.9,1151.6,694.4,3ccY8jYkI5o.004.mp4,1280,720,23.976,367,emotional_stability,low
191,7966,left_eye,502.3,274.5,608.1,340.6,787.9,433.2,920.2,515.8,3ccY8jYkI5o.004.mp4,1280,720,23.976,367,emotional_stability,low
191,7966,right_eye,668.0,264.5,782.1,334.5,995.0,420.6,1137.7,508.2,3ccY8jYkI5o.004.mp4,1280,720,23.976,367,emotional_stability,low
191,7966,nose,587.6,314.2,691.3,437.9,894.5,482.8,1024.2,637.3,3ccY8jYkI5o.004.mp4,1280,720,23.976,367,emotional_stability,low
191,7966,mouth,573.4,457.6,713.8,532.0,876.7,662.0,1052.3,755.0,3ccY8jYkI5o.004.mp4,1280,720,23.976,367,emotional_stability,low
191,7966,forehead,489.7,205.2,809.4,472.2,772.1,346.5,1171.8,680.3,3ccY8jYkI5o.004.mp4,1280,720,23.976,367,emotional_stability,low
191,7966,chin,492.1,349.4,809.4,582.7,775.1,526.8,1171.8,818.4,3ccY8jYkI5o.004.mp4,1280,720,23.976,367,emotional_stability,low
191,7966,left_cheek,498.5,359.7,588.5,486.1,783.1,539.6,895.6,697.6,3ccY8jYkI5o.004.mp4,1280,720,23.976,367,emotional_stability,low
191,7966,right_cheek,693.4,351.4,793.7,483.6,1026.8,529.2,1152.1,694.5,3ccY8jYkI5o.004.mp4,1280,720,23.976,367,emotional_stability,low
192,8008,left_eye,503.8,274.3,609.4,340.6,789.7,432.9,921.7,515.7,3ccY8jYkI5o.004.mp4,1280,720,23.976,367,emotional_stability,low
192,8008,right_eye,669.4,264.5,783.4,334.4,996.8,420.6,1139.2,508.0,3ccY8jYkI5o.004.mp4,1280,720,23.976,367,emotional_stability,low
192,8008,nose,589.0,314.1,692.4,437.8,896.3,482.6,1025.5,637.2,3ccY8jYkI5o.004.mp4,1280,720,23.976,367,emotional_stability,low
192,8008,mouth,574.6,457.4,714.2,531.9,878.2,661.8,1052.7,754.9,3ccY8jYkI5o.004.mp4,1280,720,23.976,367,emotional_stability,low
192,8008,forehead,490.8,205.1,810.3,471.7,773.6,346.4,1172.8,679.7,3ccY8jYkI5o.004.mp4,1280,720,23.976,367,emotional_stability,low
192,8008,chin,493.1,349.3,810.3,582.2,776.4,526.6,1172.8,817.8,3ccY8jYkI5o.004.mp4,1280,720,23.976,367,emotional_stability,low
192,8008,left_cheek,499.7,359.4,589.8,485.7,784.7,539.2,897.2,697.1,3ccY8jYkI5o.004.mp4,1280,720,23.976,367,emotional_stability,low
192,8008,right_cheek,694.6,351.2,794.7,483.5,1028.2,529.0,1153.4,694.4,3ccY8jYkI5o.004.mp4,1280,720,23.976,367,emotional_stability,low
193,8049,left_eye,505.4,273.7,610.8,340.3,791.8,432.1,923.5,515.4,3ccY8jYkI5o.004.mp4,1280,720,23.976,367,emotional_stability,low
193,8049,right_eye,670.8,264.4,784.5,334.4,998.5,420.5,1140.7,507.9,3ccY8jYkI5o.004.mp4,1280,720,23.976,367,emotional_stability,low
193,8049,nose,590.6,313.9,693.4,437.4,898.3,482.4,1026.7,636.7,3ccY8jYkI5o.004.mp4,1280,720,23.976,367,emotional_stability,low
193,8049,mouth,576.0,456.8,714.8,531.2,880.0,661.1,1053.6,754.1,3ccY8jYkI5o.004.mp4,1280,720,23.976,367,emotional_stability,low
193,8049,forehead,492.4,205.0,811.3,471.1,775.5,346.3,1174.2,678.9,3ccY8jYkI5o.004.mp4,1280,720,23.976,367,emotional_stability,low
193,8049,chin,494.6,349.2,811.3,582.0,778.3,526.5,1174.2,817.6,3ccY8jYkI5o.004.mp4,1280,720,23.976,367,emotional_stability,low
193,8049,left_cheek,501.4,358.7,591.2,485.0,786.7,538.4,899.1,696.3,3ccY8jYkI5o.004.mp4,1280,720,23.976,367,emotional_stability,low
193,8049,right_cheek,695.7,351.1,795.7,483.5,1029.7,528.9,1154.6,694.4,3ccY8jYkI5o.004.mp4,1280,720,23.976,367,emotional_stability,low
194,8091,left_eye,507.2,272.5,612.6,339.5,794.0,430.6,925.8,514.4,3ccY8jYkI5o.004.mp4,1280,720,23.976,367,emotional_stability,low
194,8091,right_eye,672.7,264.2,786.0,333.8,1000.8,420.2,1142.5,507.3,3ccY8jYkI5o.004.mp4,1280,720,23.976,367,emotional_stability,low
194,8091,nose,592.5,313.3,694.9,436.6,900.6,481.6,1028.6,635.8,3ccY8jYkI5o.004.mp4,1280,720,23.976,367,emotional_stability,low
194,8091,mouth,577.6,456.2,715.9,530.7,882.1,660.2,1054.9,753.3,3ccY8jYkI5o.004.mp4,1280,720,23.976,367,emotional_stability,low
194,8091,forehead,494.3,204.8,812.4,470.2,777.8,345.9,1175.5,677.8,3ccY8jYkI5o.004.mp4,1280,720,23.976,367,emotional_stability,low
194,8091,chin,496.4,349.2,812.4,581.5,780.5,526.5,1175.5,816.8,3ccY8jYkI5o.004.mp4,1280,720,23.976,367,emotional_stability,low
194,8091,left_cheek,503.3,357.8,593.0,484.3,789.1,537.2,901.3,695.4,3ccY8jYkI5o.004.mp4,1280,720,23.976,367,emotional_stability,low
194,8091,right_cheek,697.3,351.1,796.9,483.3,1031.6,528.8,1156.2,694.1,3ccY8jYkI5o.004.mp4,1280,720,23.976,367,emotional_stability,low
195,8133,left_eye,508.7,270.4,614.2,338.2,795.8,428.0,927.8,512.7,3ccY8jYkI5o.004.mp4,1280,720,23.976,367,emotional_stability,low
195,8133,right_eye,674.1,263.4,787.1,332.9,1002.7,419.2,1143.9,506.2,3ccY8jYkI5o.004.mp4,1280,720,23.976,367,emotional_stability,low
195,8133,nose,594.1,312.0,695.6,435.1,902.7,480.0,1029.5,633.9,3ccY8jYkI5o.004.mp4,1280,720,23.976,367,emotional_stability,low
195,8133,mouth,580.0,456.1,715.9,530.8,885.1,660.1,1054.9,753.5,3ccY8jYkI5o.004.mp4,1280,720,23.976,367,emotional_stability,low
195,8133,forehead,495.8,204.2,813.3,469.0,779.8,345.2,1176.6,676.3,3ccY8jYkI5o.004.mp4,1280,720,23.976,367,emotional_stability,low
195,8133,chin,497.9,349.2,813.3,581.4,782.4,526.5,1176.6,816.8,3ccY8jYkI5o.004.mp4,1280,720,23.976,367,emotional_stability,low
195,8133,left_cheek,504.9,356.4,594.4,483.7,791.1,535.5,903.0,694.6,3ccY8jYkI5o.004.mp4,1280,720,23.976,367,emotional_stability,low
195,8133,right_cheek,698.2,351.0,797.8,483.2,1032.8,528.7,1157.3,694.0,3ccY8jYkI5o.004.mp4,1280,720,23.976,367,emotional_stability,low
196,8174,left_eye,508.4,266.0,613.9,334.2,795.5,422.5,927.4,507.8,3ccY8jYkI5o.004.mp4,1280,720,23.976,367,emotional_stability,low
196,8174,right_eye,674.8,261.2,789.0,330.6,1003.4,416.5,1146.2,503.2,3ccY8jYkI5o.004.mp4,1280,720,23.976,367,emotional_stability,low
196,8174,nose,593.8,309.1,694.2,433.8,902.3,476.4,1027.8,632.3,3ccY8jYkI5o.004.mp4,1280,720,23.976,367,emotional_stability,low
196,8174,mouth,583.8,460.1,710.6,544.0,889.8,665.1,1048.3,770.0,3ccY8jYkI5o.004.mp4,1280,720,23.976,367,emotional_stability,low
196,8174,forehead,495.4,201.9,817.2,468.7,779.2,342.4,1181.5,675.9,3ccY8jYkI5o.004.mp4,1280,720,23.976,367,emotional_stability,low
196,8174,chin,497.5,349.8,817.2,592.4,781.9,527.2,1181.5,830.4,3ccY8jYkI5o.004.mp4,1280,720,23.976,367,emotional_stability,low
196,8174,left_cheek,504.6,354.8,594.0,485.0,790.7,533.5,902.5,696.3,3ccY8jYkI5o.004.mp4,1280,720,23.976,367,emotional_stability,low
196,8174,right_cheek,698.0,351.1,800.2,486.6,1032.6,528.9,1160.3,698.2,3ccY8jYkI5o.004.mp4,1280,720,23.976,367,emotional_stability,low
197,8216,left_eye,508.3,263.9,610.2,334.6,795.4,419.9,922.7,508.2,3ccY8jYkI5o.004.mp4,1280,720,23.976,367,emotional_stability,low
197,8216,right_eye,673.7,260.8,788.6,330.7,1002.1,416.0,1145.7,503.3,3ccY8jYkI5o.004.mp4,1280,720,23.976,367,emotional_stability,low
197,8216,nose,593.7,308.5,690.8,433.6,902.1,475.6,1023.5,632.0,3ccY8jYkI5o.004.mp4,1280,720,23.976,367,emotional_stability,low
197,8216,mouth,586.9,466.8,704.1,547.4,893.7,673.5,1040.1,774.3,3ccY8jYkI5o.004.mp4,1280,720,23.976,367,emotional_stability,low
197,8216,forehead,495.1,201.0,817.7,471.3,778.9,341.3,1182.1,679.1,3ccY8jYkI5o.004.mp4,1280,720,23.976,367,emotional_stability,low
197,8216,chin,497.4,352.3,817.7,598.1,781.7,530.4,1182.1,837.6,3ccY8jYkI5o.004.mp4,1280,720,23.976,367,emotional_stability,low
197,8216,left_cheek,502.9,355.1,592.6,490.2,788.6,533.9,900.8,702.8,3ccY8jYkI5o.004.mp4,1280,720,23.976,367,emotional_stability,low
197,8216,right_cheek,697.1,352.9,800.3,491.3,1031.4,531.1,1160.3,704.2,3ccY8jYkI5o.004.mp4,1280,720,23.976,367,emotional_stability,low
198,8258,left_eye,502.9,262.6,604.1,334.8,788.6,418.3,915.2,508.6,3ccY8jYkI5o.004.mp4,1280,720,23.976,367,emotional_stability,low
198,8258,right_eye,664.2,257.3,780.7,330.1,990.3,411.7,1135.8,502.6,3ccY8jYkI5o.004.mp4,1280,720,23.976,367,emotional_stability,low
198,8258,nose,587.3,306.9,683.1,432.9,894.2,473.6,1013.9,631.2,3ccY8jYkI5o.004.mp4,1280,720,23.976,367,emotional_stability,low
198,8258,mouth,584.2,468.1,698.4,533.4,890.2,675.1,1033.0,756.8,3ccY8jYkI5o.004.mp4,1280,720,23.976,367,emotional_stability,low
198,8258,forehead,492.6,197.2,816.0,475.6,775.7,336.5,1180.0,684.5,3ccY8jYkI5o.004.mp4,1280,720,23.976,367,emotional_stability,low
198,8258,chin,494.7,352.5,816.0,594.6,778.4,530.6,1180.0,833.2,3ccY8jYkI5o.004.mp4,1280,720,23.976,367,emotional_stability,low
198,8258,left_cheek,497.8,356.4,586.4,491.6,782.2,535.5,893.0,704.5,3ccY8jYkI5o.004.mp4,1280,720,23.976,367,emotional_stability,low
198,8258,right_cheek,690.2,352.7,796.1,491.0,1022.7,530.9,1155.2,703.8,3ccY8jYkI5o.004.mp4,1280,720,23.976,367,emotional_stability,low
199,8299,left_eye,489.5,263.7,591.7,337.7,771.8,419.6,899.6,512.1,3ccY8jYkI5o.004.mp4,1280,720,23.976,367,emotional_stability,low
199,8299,right_eye,648.1,256.0,766.6,329.7,970.2,410.0,1118.3,502.1,3ccY8jYkI5o.004.mp4,1280,720,23.976,367,emotional_stability,low
199,8299,nose,574.8,306.8,669.9,432.6,878.5,473.5,997.4,630.7,3ccY8jYkI5o.004.mp4,1280,720,23.976,367,emotional_stability,low
199,8299,mouth,569.6,466.8,689.0,528.6,872.0,673.5,1021.3,750.8,3ccY8jYkI5o.004.mp4,1280,720,23.976,367,emotional_stability,low
199,8299,forehead,483.3,197.2,806.6,480.0,764.2,336.6,1168.3,689.9,3ccY8jYkI5o.004.mp4,1280,720,23.976,367,emotional_stability,low
199,8299,chin,487.3,353.1,806.6,593.9,769.1,531.4,1168.3,832.4,3ccY8jYkI5o.004.mp4,1280,720,23.976,367,emotional_stability,low
199,8299,left_cheek,487.5,360.6,573.9,493.5,769.4,540.7,877.3,706.9,3ccY8jYkI5o.004.mp4,1280,720,23.976,367,emotional_stability,low
199,8299,right_cheek,677.4,352.6,784.9,490.5,1006.8,530.8,1141.1,703.1,3ccY8jYkI5o.004.mp4,1280,720,23.976,367,emotional_stability,low
200,8341,left_eye,478.1,266.8,580.4,342.0,757.6,423.6,885.6,517.5,3ccY8jYkI5o.004.mp4,1280,720,23.976,367,emotional_stability,low
200,8341,right_eye,634.1,256.3,754.1,330.1,952.6,410.3,1102.7,502.6,3ccY8jYkI5o.004.mp4,1280,720,23.976,367,emotional_stability,low
200,8341,nose,562.8,307.3,656.7,432.7,863.4,474.1,980.9,630.8,3ccY8jYkI5o.004.mp4,1280,720,23.976,367,emotional_stability,low
200,8341,mouth,557.7,466.7,678.3,529.1,857.2,673.4,1007.9,751.3,3ccY8jYkI5o.004.mp4,1280,720,23.976,367,emotional_stability,low
200,8341,forehead,472.1,197.9,795.6,484.9,750.2,337.4,1154.5,696.2,3ccY8jYkI5o.004.mp4,1280,720,23.976,367,emotional_stability,low
200,8341,chin,476.8,354.8,795.6,592.9,756.0,533.5,1154.5,831.1,3ccY8jYkI5o.004.mp4,1280,720,23.976,367,emotional_stability,low
200,8341,left_cheek,476.2,364.7,561.5,496.4,755.3,545.9,861.9,710.5,3ccY8jYkI5o.004.mp4,1280,720,23.976,367,emotional_stability,low
200,8341,right_cheek,665.0,352.9,773.6,490.6,991.3,531.1,1127.0,703.3,3ccY8jYkI5o.004.mp4,1280,720,23.976,367,emotional_stability,low
201,8383,left_eye,474.5,267.5,577.2,343.0,753.1,424.3,881.5,518.7,3ccY8jYkI5o.004.mp4,1280,720,23.976,367,emotional_stability,low
201,8383,right_eye,629.9,256.3,749.8,330.4,947.4,410.4,1097.2,503.1,3ccY8jYkI5o.004.mp4,1280,720,23.976,367,emotional_stability,low
201,8383,nose,556.7,307.4,653.1,432.2,855.9,474.3,976.3,630.3,3ccY8jYkI5o.004.mp4,1280,720,23.976,367,emotional_stability,low
201,8383,mouth,555.5,466.2,676.1,534.0,854.4,672.8,1005.1,757.5,3ccY8jYkI5o.004.mp4,1280,720,23.976,367,emotional_stability,low
201,8383,forehead,467.6,198.0,792.0,484.8,744.5,337.5,1150.0,696.0,3ccY8jYkI5o.004.mp4,1280,720,23.976,367,emotional_stability,low
201,8383,chin,472.8,354.5,792.0,592.4,751.1,533.1,1150.0,830.5,3ccY8jYkI5o.004.mp4,1280,720,23.976,367,emotional_stability,low
201,8383,left_cheek,471.9,365.3,556.7,496.2,749.8,546.6,855.9,710.3,3ccY8jYkI5o.004.mp4,1280,720,23.976,367,emotional_stability,low
201,8383,right_cheek,661.3,352.6,769.9,490.5,986.7,530.7,1122.4,703.1,3ccY8jYkI5o.004.mp4,1280,720,23.976,367,emotional_stability,low
202,8425,left_eye,478.1,267.5,581.7,342.5,757.7,424.4,887.1,518.1,3ccY8jYkI5o.004.mp4,1280,720,23.976,367,emotional_stability,low
202,8425,right_eye,636.1,256.0,754.7,330.5,955.1,410.0,1103.4,503.1,3ccY8jYkI5o.004.mp4,1280,720,23.976,367,emotional_stability,low
202,8425,nose,561.3,307.5,659.4,431.6,861.7,474.4,984.2,629.5,3ccY8jYkI5o.004.mp4,1280,720,23.976,367,emotional_stability,low
202,8425,mouth,559.4,464.7,681.3,534.2,859.2,670.9,1011.6,757.8,3ccY8jYkI5o.004.mp4,1280,720,23.976,367,emotional_stability,low
202,8425,forehead,470.8,198.3,794.4,485.0,748.5,337.9,1153.0,696.2,3ccY8jYkI5o.004.mp4,1280,720,23.976,367,emotional_stability,low
202,8425,chin,474.9,354.4,794.4,591.7,753.7,533.0,1153.0,829.6,3ccY8jYkI5o.004.mp4,1280,720,23.976,367,emotional_stability,low
202,8425,left_cheek,475.0,365.0,561.1,495.4,753.7,546.3,861.3,709.3,3ccY8jYkI5o.004.mp4,1280,720,23.976,367,emotional_stability,low
202,8425,right_cheek,666.8,352.2,774.0,489.7,993.5,530.3,1127.4,702.2,3ccY8jYkI5o.004.mp4,1280,720,23.976,367,emotional_stability,low
203,8466,left_eye,488.5,266.2,592.4,339.7,770.6,422.7,900.6,514.6,3ccY8jYkI5o.004.mp4,1280,720,23.976,367,emotional_stability,low
203,8466,right_eye,647.4,254.8,764.3,329.2,969.3,408.4,1115.4,501.5,3ccY8jYkI5o.004.mp4,1280,720,23.976,367,emotional_stability,low
203,8466,nose,573.7,305.9,670.2,427.7,877.1,472.4,997.8,624.7,3ccY8jYkI5o.004.mp4,1280,720,23.976,367,emotional_stability,low
203,8466,mouth,564.3,459.9,694.3,530.0,865.4,664.9,1027.9,752.5,3ccY8jYkI5o.004.mp4,1280,720,23.976,367,emotional_stability,low
203,8466,forehead,477.7,197.6,803.3,483.8,757.2,337.0,1164.2,694.7,3ccY8jYkI5o.004.mp4,1280,720,23.976,367,emotional_stability,low
203,8466,chin,480.5,354.1,803.3,587.0,760.6,532.7,1164.2,823.8,3ccY8jYkI5o.004.mp4,1280,720,23.976,367,emotional_stability,low
203,8466,left_cheek,482.9,362.8,571.8,493.2,763.6,543.5,874.8,706.5,3ccY8jYkI5o.004.mp4,1280,720,23.976,367,emotional_stability,low
203,8466,right_cheek,677.3,350.5,784.0,487.1,1006.6,528.1,1139.9,698.9,3ccY8jYkI5o.004.mp4,1280,720,23.976,367,emotional_stability,low
204,8508,left_eye,508.0,262.6,610.5,335.4,795.0,418.2,923.1,509.2,3ccY8jYkI5o.004.mp4,1280,720,23.976,367,emotional_stability,low
204,8508,right_eye,666.6,253.8,782.3,327.6,993.2,407.2,1137.9,499.4,3ccY8jYkI5o.004.mp4,1280,720,23.976,367,emotional_stability,low
204,8508,nose,589.6,303.1,686.0,423.1,897.0,468.9,1017.5,618.8,3ccY8jYkI5o.004.mp4,1280,720,23.976,367,emotional_stability,low
204,8508,mouth,577.0,455.4,708.7,527.4,881.3,659.2,1045.9,749.2,3ccY8jYkI5o.004.mp4,1280,720,23.976,367,emotional_stability,low
204,8508,forehead,495.6,196.2,818.2,481.4,779.5,335.3,1182.7,691.8,3ccY8jYkI5o.004.mp4,1280,720,23.976,367,emotional_stability,low
204,8508,chin,497.0,354.3,818.2,584.3,781.2,532.8,1182.7,820.4,3ccY8jYkI5o.004.mp4,1280,720,23.976,367,emotional_stability,low
204,8508,left_cheek,500.1,358.4,588.8,488.4,785.1,538.1,896.0,700.5,3ccY8jYkI5o.004.mp4,1280,720,23.976,367,emotional_stability,low
204,8508,right_cheek,693.4,350.0,799.5,485.7,1026.8,527.5,1159.4,697.1,3ccY8jYkI5o.004.mp4,1280,720,23.976,367,emotional_stability,low
205,8550,left_eye,514.9,261.5,617.9,334.8,803.7,416.9,932.4,508.5,3ccY8jYkI5o.004.mp4,1280,720,23.976,367,emotional_stability,low
205,8550,right_eye,674.2,254.0,791.4,327.8,1002.8,407.5,1149.2,499.7,3ccY8jYkI5o.004.mp4,1280,720,23.976,367,emotional_stability,low
205,8550,nose,595.2,303.0,692.1,423.1,904.1,468.7,1025.1,618.9,3ccY8jYkI5o.004.mp4,1280,720,23.976,367,emotional_stability,low
205,8550,mouth,582.6,454.4,713.4,528.2,888.3,658.0,1051.7,750.3,3ccY8jYkI5o.004.mp4,1280,720,23.976,367,emotional_stability,low
205,8550,forehead,504.0,196.5,826.5,481.2,790.1,335.6,1193.1,691.5,3ccY8jYkI5o.004.mp4,1280,720,23.976,367,emotional_stability,low
205,8550,chin,505.3,357.0,826.5,584.7,791.7,536.3,1193.1,820.9,3ccY8jYkI5o.004.mp4,1280,720,23.976,367,emotional_stability,low
205,8550,left_cheek,507.2,357.9,595.0,487.6,794.0,537.4,903.8,699.5,3ccY8jYkI5o.004.mp4,1280,720,23.976,367,emotional_stability,low
205,8550,right_cheek,700.1,350.2,806.9,485.8,1035.1,527.8,1168.6,697.2,3ccY8jYkI5o.004.mp4,1280,720,23.976,367,emotional_stability,low
206,8591,left_eye,512.1,261.1,615.4,335.2,800.1,416.4,929.3,509.0,3ccY8jYkI5o.004.mp4,1280,720,23.976,367,emotional_stability,low
206,8591,right_eye,670.2,253.8,787.9,327.9,997.7,407.3,1144.9,499.9,3ccY8jYkI5o.004.mp4,1280,720,23.976,367,emotional_stability,low
206,8591,nose,591.6,302.6,689.9,422.3,899.5,468.2,1022.4,617.9,3ccY8jYkI5o.004.mp4,1280,720,23.976,367,emotional_stability,low
206,8591,mouth,581.6,453.9,711.3,526.1,887.0,657.3,1049.2,747.7,3ccY8jYkI5o.004.mp4,1280,720,23.976,367,emotional_stability,low
206,8591,forehead,503.5,196.6,824.7,481.1,789.4,335.7,1190.9,691.4,3ccY8jYkI5o.004.mp4,1280,720,23.976,367,emotional_stability,low
206,8591,chin,505.2,357.0,824.7,584.8,791.5,536.3,1190.9,821.0,3ccY8jYkI5o.004.mp4,1280,720,23.976,367,emotional_stability,low
206,8591,left_cheek,505.9,357.8,592.1,487.2,792.3,537.3,900.1,699.0,3ccY8jYkI5o.004.mp4,1280,720,23.976,367,emotional_stability,low
206,8591,right_cheek,697.5,350.3,804.3,485.5,1031.9,527.8,1165.3,696.8,3ccY8jYkI5o.004.mp4,1280,720,23.976,367,emotional_stability,low
207,8633,left_eye,509.3,261.7,612.6,336.8,796.6,417.2,925.8,511.0,3ccY8jYkI5o.004.mp4,1280,720,23.976,367,emotional_stability,low
207,8633,right_eye,667.1,253.9,784.6,328.0,993.9,407.4,1140.7,500.1,3ccY8jYkI5o.004.mp4,1280,720,23.976,367,emotional_stability,low
207,8633,nose,589.4,302.8,687.7,423.0,896.7,468.5,1019.6,618.8,3ccY8jYkI5o.004.mp4,1280,720,23.976,367,emotional_stability,low
207,8633,mouth,579.8,454.6,709.7,513.5,884.8,658.2,1047.2,731.9,3ccY8jYkI5o.004.mp4,1280,720,23.976,367,emotional_stability,low
207,8633,forehead,501.8,196.6,821.7,481.7,787.3,335.7,1187.1,692.1,3ccY8jYkI5o.004.mp4,1280,720,23.976,367,emotional_stability,low
207,8633,chin,504.3,356.8,821.7,580.2,790.4,536.1,1187.1,815.3,3ccY8jYkI5o.004.mp4,1280,720,23.976,367,emotional_stability,low
207,8633,left_cheek,504.2,358.8,589.9,487.4,790.3,538.6,897.4,699.2,3ccY8jYkI5o.004.mp4,1280,720,23.976,367,emotional_stability,low
207,8633,right_cheek,694.8,350.3,801.3,485.0,1028.6,527.9,1161.6,696.3,3ccY8jYkI5o.004.mp4,1280,720,23.976,367,emotional_stability,low
208,8675,left_eye,507.8,263.4,611.2,338.4,794.7,419.3,923.9,513.0,3ccY8jYkI5o.004.mp4,1280,720,23.976,367,emotional_stability,low
208,8675,right_eye,666.2,254.0,783.6,328.1,992.7,407.5,1139.5,500.1,3ccY8jYkI5o.004.mp4,1280,720,23.976,367,emotional_stability,low
208,8675,nose,588.5,303.0,686.8,423.6,895.6,468.7,1018.5,619.4,3ccY8jYkI5o.004.mp4,1280,720,23.976,367,emotional_stability,low
208,8675,mouth,579.0,454.8,709.0,511.6,883.7,658.5,1046.2,729.6,3ccY8jYkI5o.004.mp4,1280,720,23.976,367,emotional_stability,low
208,8675,forehead,500.0,197.1,820.1,483.4,785.0,336.4,1185.1,694.2,3ccY8jYkI5o.004.mp4,1280,720,23.976,367,emotional_stability,low
208,8675,chin,502.4,356.7,820.1,577.9,788.0,535.9,1185.1,812.4,3ccY8jYkI5o.004.mp4,1280,720,23.976,367,emotional_stability,low
208,8675,left_cheek,502.9,359.9,589.0,487.4,788.7,539.9,896.2,699.3,3ccY8jYkI5o.004.mp4,1280,720,23.976,367,emotional_stability,low
208,8675,right_cheek,693.5,350.2,800.0,483.8,1026.9,527.8,1160.0,694.8,3ccY8jYkI5o.004.mp4,1280,720,23.976,367,emotional_stability,low
209,8717,left_eye,507.5,265.1,611.0,339.2,794.4,421.4,923.8,514.0,3ccY8jYkI5o.004.mp4,1280,720,23.976,367,emotional_stability,low
209,8717,right_eye,665.2,254.1,783.0,328.7,991.6,407.6,1138.7,500.8,3ccY8jYkI5o.004.mp4,1280,720,23.976,367,emotional_stability,low
209,8717,nose,588.5,303.3,686.6,424.0,895.6,469.1,1018.2,620.0,3ccY8jYkI5o.004.mp4,1280,720,23.976,367,emotional_stability,low
209,8717,mouth,578.9,454.8,709.1,515.7,883.7,658.5,1046.3,734.6,3ccY8jYkI5o.004.mp4,1280,720,23.976,367,emotional_stability,low
209,8717,forehead,499.6,197.5,820.1,484.8,784.5,336.9,1185.1,696.0,3ccY8jYkI5o.004.mp4,1280,720,23.976,367,emotional_stability,low
209,8717,chin,501.8,356.9,820.1,578.9,787.2,536.1,1185.1,813.6,3ccY8jYkI5o.004.mp4,1280,720,23.976,367,emotional_stability,low
209,8717,left_cheek,502.6,360.6,588.9,487.8,788.3,540.7,896.2,699.7,3ccY8jYkI5o.004.mp4,1280,720,23.976,367,emotional_stability,low
209,8717,right_cheek,693.4,350.3,799.8,483.8,1026.8,527.8,1159.8,694.8,3ccY8jYkI5o.004.mp4,1280,720,23.976,367,emotional_stability,low
210,8758,left_eye,509.1,265.8,612.2,339.5,796.4,422.2,925.2,514.3,3ccY8jYkI5o.004.mp4,1280,720,23.976,367,emotional_stability,low
210,8758,right_eye,666.4,255.3,783.8,329.8,993.0,409.1,1139.8,502.3,3ccY8jYkI5o.004.mp4,1280,720,23.976,367,emotional_stability,low
210,8758,nose,589.9,303.8,687.7,424.2,897.3,469.7,1019.6,620.3,3ccY8jYkI5o.004.mp4,1280,720,23.976,367,emotional_stability,low
210,8758,mouth,579.5,453.9,711.1,522.3,884.4,657.3,1048.8,742.9,3ccY8jYkI5o.004.mp4,1280,720,23.976,367,emotional_stability,low
210,8758,forehead,500.1,198.6,820.7,485.1,785.1,338.3,1185.8,696.4,3ccY8jYkI5o.004.mp4,1280,720,23.976,367,emotional_stability,low
210,8758,chin,502.0,358.4,820.7,580.4,787.5,538.0,1185.8,815.5,3ccY8jYkI5o.004.mp4,1280,720,23.976,367,emotional_stability,low
210,8758,left_cheek,503.4,360.7,590.1,487.8,789.2,540.9,897.6,699.8,3ccY8jYkI5o.004.mp4,1280,720,23.976,367,emotional_stability,low
210,8758,right_cheek,694.6,350.7,800.8,484.0,1028.3,528.3,1161.0,695.0,3ccY8jYkI5o.004.mp4,1280,720,23.976,367,emotional_stability,low
211,8800,left_eye,509.3,265.9,612.2,339.8,796.7,422.4,925.2,514.7,3ccY8jYkI5o.004.mp4,1280,720,23.976,367,emotional_stability,low
211,8800,right_eye,666.4,256.3,783.8,330.7,993.0,410.3,1139.7,503.3,3ccY8jYkI5o.004.mp4,1280,720,23.976,367,emotional_stability,low
211,8800,nose,589.4,304.2,687.7,423.6,896.7,470.2,1019.6,619.5,3ccY8jYkI5o.004.mp4,1280,720,23.976,367,emotional_stability,low
211,8800,mouth,579.2,452.3,711.7,532.6,884.0,655.4,1049.7,755.7,3ccY8jYkI5o.004.mp4,1280,720,23.976,367,emotional_stability,low
211,8800,forehead,500.1,200.7,820.6,485.9,785.1,340.9,1185.8,697.3,3ccY8jYkI5o.004.mp4,1280,720,23.976,367,emotional_stability,low
211,8800,chin,501.8,360.6,820.6,588.5,787.3,540.7,1185.8,825.6,3ccY8jYkI5o.004.mp4,1280,720,23.976,367,emotional_stability,low
211,8800,left_cheek,503.2,360.7,589.7,488.3,789.0,540.9,897.1,700.4,3ccY8jYkI5o.004.mp4,1280,720,23.976,367,emotional_stability,low
211,8800,right_cheek,694.6,351.3,800.5,485.1,1028.3,529.1,1160.6,696.4,3ccY8jYkI5o.004.mp4,1280,720,23.976,367,emotional_stability,low
212,8842,left_eye,507.5,267.2,610.1,341.4,794.4,424.0,922.6,516.8,3ccY8jYkI5o.004.mp4,1280,720,23.976,367,emotional_stability,low
212,8842,right_eye,664.2,258.3,781.1,332.1,990.2,412.8,1136.4,505.1,3ccY8jYkI5o.004.mp4,1280,720,23.976,367,emotional_stability,low
212,8842,nose,586.1,305.6,685.0,423.8,892.6,472.0,1016.2,619.7,3ccY8jYkI5o.004.mp4,1280,720,23.976,367,emotional_stability,low
212,8842,mouth,573.7,451.7,711.4,535.7,877.1,654.6,1049.2,759.6,3ccY8jYkI5o.004.mp4,1280,720,23.976,367,emotional_stability,low
212,8842,forehead,497.6,202.1,819.5,487.1,782.0,342.7,1184.4,698.9,3ccY8jYkI5o.004.mp4,1280,720,23.976,367,emotional_stability,low
212,8842,chin,498.9,362.3,819.5,592.1,783.7,542.8,1184.4,830.1,3ccY8jYkI5o.004.mp4,1280,720,23.976,367,emotional_stability,low
212,8842,left_cheek,500.3,361.3,586.6,489.3,785.4,541.6,893.2,701.6,3ccY8jYkI5o.004.mp4,1280,720,23.976,367,emotional_stability,low
212,8842,right_cheek,692.0,352.4,798.3,486.8,1025.0,530.5,1157.8,698.5,3ccY8jYkI5o.004.mp4,1280,720,23.976,367,emotional_stability,low
213,8883,left_eye,504.2,268.9,606.7,343.2,790.3,426.2,918.4,518.9,3ccY8jYkI5o.004.mp4,1280,720,23.976,367,emotional_stability,low
213,8883,right_eye,660.7,260.0,778.1,333.3,985.9,415.0,1132.6,506.6,3ccY8jYkI5o.004.mp4,1280,720,23.976,367,emotional_stability,low
213,8883,nose,582.7,307.6,680.4,425.0,888.4,474.5,1010.5,621.2,3ccY8jYkI5o.004.mp4,1280,720,23.976,367,emotional_stability,low
213,8883,mouth,567.9,450.6,710.6,530.4,869.8,653.2,1048.2,753.0,3ccY8jYkI5o.004.mp4,1280,720,23.976,367,emotional_stability,low
213,8883,forehead,495.2,203.2,816.9,488.5,778.9,344.0,1181.1,700.6,3ccY8jYkI5o.004.mp4,1280,720,23.976,367,emotional_stability,low
213,8883,chin,496.5,363.0,816.9,590.8,780.7,543.8,1181.1,828.4,3ccY8jYkI5o.004.mp4,1280,720,23.976,367,emotional_stability,low
213,8883,left_cheek,497.5,362.2,583.3,489.6,781.8,542.8,889.1,702.0,3ccY8jYkI5o.004.mp4,1280,720,23.976,367,emotional_stability,low
213,8883,right_cheek,688.1,353.1,795.1,487.0,1020.2,531.3,1153.9,698.8,3ccY8jYkI5o.004.mp4,1280,720,23.976,367,emotional_stability,low
214,8925,left_eye,503.5,269.9,605.8,343.4,789.4,427.4,917.3,519.3,3ccY8jYkI5o.004.mp4,1280,720,23.976,367,emotional_stability,low
214,8925,right_eye,660.5,262.2,777.7,335.2,985.6,417.8,1132.1,509.0,3ccY8jYkI5o.004.mp4,1280,720,23.976,367,emotional_stability,low
214,8925,nose,580.8,309.0,679.7,426.5,886.0,476.2,1009.6,623.1,3ccY8jYkI5o.004.mp4,1280,720,23.976,367,emotional_stability,low
214,8925,mouth,561.7,449.9,710.2,522.1,862.1,652.3,1047.8,742.7,3ccY8jYkI5o.004.mp4,1280,720,23.976,367,emotional_stability,low
214,8925,forehead,493.7,204.6,814.8,488.0,777.2,345.7,1178.4,700.0,3ccY8jYkI5o.004.mp4,1280,720,23.976,367,emotional_stability,low
214,8925,chin,494.7,365.1,814.8,586.2,778.4,546.4,1178.4,822.8,3ccY8jYkI5o.004.mp4,1280,720,23.976,367,emotional_stability,low
214,8925,left_cheek,495.6,362.5,582.0,488.8,779.6,543.1,887.5,700.9,3ccY8jYkI5o.004.mp4,1280,720,23.976,367,emotional_stability,low
214,8925,right_cheek,687.2,354.7,793.7,487.2,1019.0,533.4,1152.1,699.0,3ccY8jYkI5o.004.mp4,1280,720,23.976,367,emotional_stability,low
215,8967,left_eye,504.9,270.4,606.3,343.3,791.1,428.0,917.9,519.1,3ccY8jYkI5o.004.mp4,1280,720,23.976,367,emotional_stability,low
215,8967,right_eye,663.6,265.6,780.0,338.0,989.5,421.9,1135.0,512.4,3ccY8jYkI5o.004.mp4,1280,720,23.976,367,emotional_stability,low
215,8967,nose,581.3,310.4,681.2,428.9,886.7,478.0,1011.6,626.2,3ccY8jYkI5o.004.mp4,1280,720,23.976,367,emotional_stability,low
215,8967,mouth,559.9,449.3,713.6,522.5,859.9,651.6,1052.0,743.1,3ccY8jYkI5o.004.mp4,1280,720,23.976,367,emotional_stability,low
215,8967,forehead,493.3,205.8,814.9,487.2,776.6,347.2,1178.6,699.0,3ccY8jYkI5o.004.mp4,1280,720,23.976,367,emotional_stability,low
215,8967,chin,493.4,369.0,814.9,586.2,776.8,551.2,1178.6,822.7,3ccY8jYkI5o.004.mp4,1280,720,23.976,367,emotional_stability,low
215,8967,left_cheek,495.5,361.5,582.0,486.6,779.4,541.8,887.6,698.3,3ccY8jYkI5o.004.mp4,1280,720,23.976,367,emotional_stability,low
215,8967,right_cheek,688.5,358.5,794.1,489.6,1020.6,538.1,1152.7,702.0,3ccY8jYkI5o.004.mp4,1280,720,23.976,367,emotional_stability,low
216,9009,left_eye,510.0,269.5,611.2,340.3,797.5,426.8,923.9,515.3,3ccY8jYkI5o.004.mp4,1280,720,23.976,367,emotional_stability,low
216,9009,right_eye,671.2,268.6,786.2,340.0,999.0,425.8,1142.7,515.0,3ccY8jYkI5o.004.mp4,1280,720,23.976,367,emotional_stability,low
216,9009,nose,581.6,310.7,685.3,429.8,887.0,478.4,1016.6,627.2,3ccY8jYkI5o.004.mp4,1280,720,23.976,367,emotional_stability,low
216,9009,mouth,558.7,448.8,715.1,525.0,858.4,651.0,1053.9,746.2,3ccY8jYkI5o.004.mp4,1280,720,23.976,367,emotional_stability,low
216,9009,forehead,493.1,205.7,816.5,491.3,776.4,347.2,1180.6,704.1,3ccY8jYkI5o.004.mp4,1280,720,23.976,367,emotional_stability,low
216,9009,chin,493.1,364.0,815.9,587.3,776.4,545.0,1179.8,824.1,3ccY8jYkI5o.004.mp4,1280,720,23.976,367,emotional_stability,low
216,9009,left_cheek,495.9,356.2,584.7,482.4,779.9,535.2,890.8,693.0,3ccY8jYkI5o.004.mp4,1280,720,23.976,367,emotional_stability,low
216,9009,right_cheek,692.7,362.4,797.5,493.1,1025.9,543.0,1156.8,706.4,3ccY8jYkI5o.004.mp4,1280,720,23.976,367,emotional_stability,low
217,9050,left_eye,511.5,266.3,615.5,336.6,799.4,422.9,929.3,510.8,3ccY8jYkI5o.004.mp4,1280,720,23.976,367,emotional_stability,low
217,9050,right_eye,676.0,272.1,789.5,342.1,1004.9,430.1,1146.9,517.7,3ccY8jYkI5o.004.mp4,1280,720,23.976,367,emotional_stability,low
217,9050,nose,581.7,310.9,686.8,430.4,887.1,478.6,1018.5,628.0,3ccY8jYkI5o.004.mp4,1280,720,23.976,367,emotional_stability,low
217,9050,mouth,556.8,448.6,714.3,528.0,856.0,650.8,1052.9,750.0,3ccY8jYkI5o.004.mp4,1280,720,23.976,367,emotional_stability,low
217,9050,forehead,489.9,205.7,817.2,491.9,772.4,347.1,1181.6,704.9,3ccY8jYkI5o.004.mp4,1280,720,23.976,367,emotional_stability,low
217,9050,chin,489.9,354.5,815.9,588.6,772.4,533.1,1179.9,825.8,3ccY8jYkI5o.004.mp4,1280,720,23.976,367,emotional_stability,low
217,9050,left_cheek,494.4,349.8,585.8,477.3,778.0,527.2,892.2,686.7,3ccY8jYkI5o.004.mp4,1280,720,23.976,367,emotional_stability,low
217,9050,right_cheek,694.5,364.4,798.6,495.2,1028.1,545.5,1158.3,709.0,3ccY8jYkI5o.004.mp4,1280,720,23.976,367,emotional_stability,low
218,9092,left_eye,510.9,263.5,615.8,334.7,798.6,419.3,929.8,508.4,3ccY8jYkI5o.004.mp4,1280,720,23.976,367,emotional_stability,low
218,9092,right_eye,675.7,273.9,788.0,343.1,1004.7,432.4,1145.0,518.8,3ccY8jYkI5o.004.mp4,1280,720,23.976,367,emotional_stability,low
218,9092,nose,581.9,310.8,687.0,430.3,887.3,478.6,1018.7,627.9,3ccY8jYkI5o.004.mp4,1280,720,23.976,367,emotional_stability,low
218,9092,mouth,554.0,448.4,708.1,527.0,852.5,650.5,1045.1,748.8,3ccY8jYkI5o.004.mp4,1280,720,23.976,367,emotional_stability,low
218,9092,forehead,485.8,204.9,812.5,490.9,767.3,346.2,1175.7,703.6,3ccY8jYkI5o.004.mp4,1280,720,23.976,367,emotional_stability,low
218,9092,chin,485.8,350.5,809.4,586.9,767.3,528.1,1171.7,823.6,3ccY8jYkI5o.004.mp4,1280,720,23.976,367,emotional_stability,low
218,9092,left_cheek,492.2,346.5,585.8,473.8,775.2,523.1,892.2,682.2,3ccY8jYkI5o.004.mp4,1280,720,23.976,367,emotional_stability,low
218,9092,right_cheek,694.2,365.2,795.0,494.9,1027.7,546.5,1153.8,708.6,3ccY8jYkI5o.004.mp4,1280,720,23.976,367,emotional_stability,low
219,9134,left_eye,515.0,263.0,620.9,333.0,803.7,418.7,936.2,506.2,3ccY8jYkI5o.004.mp4,1280,720,23.976,367,emotional_stability,low
219,9134,right_eye,679.9,274.3,790.4,344.0,1009.9,432.9,1147.9,520.0,3ccY8jYkI5o.004.mp4,1280,720,23.976,367,emotional_stability,low
219,9134,nose,584.9,311.2,689.7,431.0,891.1,479.0,1022.1,628.7,3ccY8jYkI5o.004.mp4,1280,720,23.976,367,emotional_stability,low
219,9134,mouth,555.6,448.5,708.2,519.8,854.5,650.6,1045.3,739.8,3ccY8jYkI5o.004.mp4,1280,720,23.976,367,emotional_stability,low
219,9134,forehead,487.6,204.2,812.9,490.0,769.5,345.3,1176.1,702.5,3ccY8jYkI5o.004.mp4,1280,720,23.976,367,emotional_stability,low
219,9134,chin,487.6,346.5,810.0,582.4,769.5,523.1,1172.5,818.0,3ccY8jYkI5o.004.mp4,1280,720,23.976,367,emotional_stability,low
219,9134,left_cheek,493.1,344.3,589.1,471.5,776.4,520.4,896.4,679.3,3ccY8jYkI5o.004.mp4,1280,720,23.976,367,emotional_stability,low
219,9134,right_cheek,696.1,366.4,795.3,494.7,1030.1,548.0,1154.1,708.4,3ccY8jYkI5o.004.mp4,1280,720,23.976,367,emotional_stability,low
220,9175,left_eye,516.5,262.2,624.2,331.9,805.6,417.8,940.3,504.9,3ccY8jYkI5o.004.mp4,1280,720,23.976,367,emotional_stability,low
220,9175,right_eye,681.7,274.2,792.9,343.6,1012.1,432.8,1151.1,519.5,3ccY8jYkI5o.004.mp4,1280,720,23.976,367,emotional_stability,low
220,9175,nose,588.9,311.1,692.7,431.0,896.2,478.9,1025.9,628.7,3ccY8jYkI5o.004.mp4,1280,720,23.976,367,emotional_stability,low
220,9175,mouth,556.8,448.5,709.0,517.5,856.0,650.7,1046.3,736.9,3ccY8jYkI5o.004.mp4,1280,720,23.976,367,emotional_stability,low
220,9175,forehead,488.2,203.4,813.6,489.7,770.3,344.2,1177.0,702.1,3ccY8jYkI5o.004.mp4,1280,720,23.976,367,emotional_stability,low
220,9175,chin,488.2,345.6,810.7,582.1,770.3,522.0,1173.3,817.6,3ccY8jYkI5o.004.mp4,1280,720,23.976,367,emotional_stability,low
220,9175,left_cheek,493.5,343.4,592.0,471.3,776.8,519.2,900.0,679.1,3ccY8jYkI5o.004.mp4,1280,720,23.976,367,emotional_stability,low
220,9175,right_cheek,698.4,366.3,796.6,494.7,1033.0,547.8,1155.8,708.3,3ccY8jYkI5o.004.mp4,1280,720,23.976,367,emotional_stability,low
221,9217,left_eye,516.2,261.4,623.6,331.3,805.3,416.8,939.5,504.2,3ccY8jYkI5o.004.mp4,1280,720,23.976,367,emotional_stability,low
221,9217,right_eye,681.0,273.3,792.5,343.0,1011.2,431.7,1150.6,518.8,3ccY8jYkI5o.004.mp4,1280,720,23.976,367,emotional_stability,low
221,9217,nose,589.4,310.5,693.6,429.9,896.8,478.2,1027.0,627.4,3ccY8jYkI5o.004.mp4,1280,720,23.976,367,emotional_stability,low
221,9217,mouth,557.4,447.4,709.0,518.0,856.8,649.2,1046.3,737.4,3ccY8jYkI5o.004.mp4,1280,720,23.976,367,emotional_stability,low
221,9217,forehead,487.9,202.6,813.5,489.5,769.9,343.2,1176.9,701.8,3ccY8jYkI5o.004.mp4,1280,720,23.976,367,emotional_stability,low
221,9217,chin,487.9,347.0,811.1,582.2,769.9,523.7,1173.8,817.8,3ccY8jYkI5o.004.mp4,1280,720,23.976,367,emotional_stability,low
221,9217,left_cheek,494.0,343.6,592.2,471.5,777.6,519.4,900.2,679.4,3ccY8jYkI5o.004.mp4,1280,720,23.976,367,emotional_stability,low
221,9217,right_cheek,698.7,365.8,797.0,494.4,1033.4,547.3,1156.3,708.0,3ccY8jYkI5o.004.mp4,1280,720,23.976,367,emotional_stability,low
222,9259,left_eye,515.8,260.6,621.7,330.3,804.8,415.7,937.1,502.9,3ccY8jYkI5o.004.mp4,1280,720,23.976,367,emotional_stability,low
222,9259,right_eye,680.4,272.5,791.9,342.1,1010.5,430.6,1149.8,517.6,3ccY8jYkI5o.004.mp4,1280,720,23.976,367,emotional_stability,low
222,9259,nose,589.0,308.9,693.0,428.0,896.2,476.1,1026.2,625.0,3ccY8jYkI5o.004.mp4,1280,720,23.976,367,emotional_stability,low
222,9259,mouth,557.4,446.2,709.0,525.5,856.7,647.8,1046.2,746.8,3ccY8jYkI5o.004.mp4,1280,720,23.976,367,emotional_stability,low
222,9259,forehead,486.2,201.7,810.9,489.7,767.7,342.2,1173.7,702.1,3ccY8jYkI5o.004.mp4,1280,720,23.976,367,emotional_stability,low
222,9259,chin,486.2,348.7,808.9,589.5,767.7,525.9,1171.1,826.9,3ccY8jYkI5o.004.mp4,1280,720,23.976,367,emotional_stability,low
222,9259,left_cheek,493.6,344.0,591.7,472.4,777.0,520.1,899.6,680.5,3ccY8jYkI5o.004.mp4,1280,720,23.976,367,emotional_stability,low
222,9259,right_cheek,698.1,364.2,795.8,494.2,1032.6,545.2,1154.8,707.8,3ccY8jYkI5o.004.mp4,1280,720,23.976,367,emotional_stability,low
223,9300,left_eye,514.8,260.0,621.4,330.7,803.5,415.0,936.8,503.4,3ccY8jYkI5o.004.mp4,1280,720,23.976,367,emotional_stability,low
223,9300,right_eye,679.2,270.5,789.0,341.2,1009.0,428.1,1146.2,516.5,3ccY8jYkI5o.004.mp4,1280,720,23.976,367,emotional_stability,low
223,9300,nose,588.0,307.9,692.5,427.1,895.0,474.8,1025.7,623.8,3ccY8jYkI5o.004.mp4,1280,720,23.976,367,emotional_stability,low
223,9300,mouth,557.5,445.9,707.5,527.1,856.9,647.4,1044.4,748.8,3ccY8jYkI5o.004.mp4,1280,720,23.976,367,emotional_stability,low
223,9300,forehead,486.4,201.8,806.6,488.8,768.0,342.3,1168.3,701.0,3ccY8jYkI5o.004.mp4,1280,720,23.976,367,emotional_stability,low
223,9300,chin,486.4,349.5,804.8,588.8,768.0,526.8,1166.0,826.1,3ccY8jYkI5o.004.mp4,1280,720,23.976,367,emotional_stability,low
223,9300,left_cheek,493.8,345.0,590.8,472.9,777.2,521.3,898.5,681.1,3ccY8jYkI5o.004.mp4,1280,720,23.976,367,emotional_stability,low
223,9300,right_cheek,697.2,362.9,792.8,492.5,1031.4,543.6,1151.0,705.6,3ccY8jYkI5o.004.mp4,1280,720,23.976,367,emotional_stability,low
224,9342,left_eye,512.6,259.9,619.6,331.0,800.7,414.9,934.5,503.7,3ccY8jYkI5o.004.mp4,1280,720,23.976,367,emotional_stability,low
224,9342,right_eye,677.4,269.4,786.8,340.4,1006.8,426.8,1143.5,515.5,3ccY8jYkI5o.004.mp4,1280,720,23.976,367,emotional_stability,low
224,9342,nose,586.7,307.6,691.8,426.7,893.4,474.5,1024.7,623.3,3ccY8jYkI5o.004.mp4,1280,720,23.976,367,emotional_stability,low
224,9342,mouth,557.0,446.0,706.6,524.7,856.3,647.4,1043.2,745.8,3ccY8jYkI5o.004.mp4,1280,720,23.976,367,emotional_stability,low
224,9342,forehead,485.4,201.9,805.2,487.0,766.7,342.3,1166.5,698.8,3ccY8jYkI5o.004.mp4,1280,720,23.976,367,emotional_stability,low
224,9342,chin,485.4,350.2,803.6,584.6,766.7,527.7,1164.5,820.8,3ccY8jYkI5o.004.mp4,1280,720,23.976,367,emotional_stability,low
224,9342,left_cheek,493.1,345.5,589.3,472.7,776.4,521.8,896.6,680.9,3ccY8jYkI5o.004.mp4,1280,720,23.976,367,emotional_stability,low
224,9342,right_cheek,695.6,362.0,791.3,490.8,1029.5,542.6,1149.2,703.5,3ccY8jYkI5o.004.mp4,1280,720,23.976,367,emotional_stability,low
225,9384,left_eye,510.9,260.0,618.5,331.2,798.6,415.0,933.1,504.0,3ccY8jYkI5o.004.mp4,1280,720,23.976,367,emotional_stability,low
225,9384,right_eye,676.1,269.6,785.6,340.4,1005.1,427.0,1142.0,515.4,3ccY8jYkI5o.004.mp4,1280,720,23.976,367,emotional_stability,low
225,9384,nose,586.1,307.9,691.6,427.9,892.6,474.8,1024.5,624.9,3ccY8jYkI5o.004.mp4,1280,720,23.976,367,emotional_stability,low
225,9384,mouth,554.5,446.2,706.7,519.2,853.1,647.7,1043.4,739.0,3ccY8jYkI5o.004.mp4,1280,720,23.976,367,emotional_stability,low
225,9384,forehead,483.8,201.9,804.5,485.5,764.7,342.4,1165.6,696.9,3ccY8jYkI5o.004.mp4,1280,720,23.976,367,emotional_stability,low
225,9384,chin,483.8,349.4,803.0,581.1,764.7,526.7,1163.8,816.3,3ccY8jYkI5o.004.mp4,1280,720,23.976,367,emotional_stability,low
225,9384,left_cheek,491.8,345.5,588.3,472.3,774.8,521.9,895.4,680.4,3ccY8jYkI5o.004.mp4,1280,720,23.976,367,emotional_stability,low
225,9384,right_cheek,694.7,362.1,790.8,490.4,1028.4,542.6,1148.5,703.0,3ccY8jYkI5o.004.mp4,1280,720,23.976,367,emotional_stability,low
226,9426,left_eye,510.9,261.0,619.1,331.4,798.6,416.3,933.9,504.2,3ccY8jYkI5o.004.mp4,1280,720,23.976,367,emotional_stability,low
226,9426,right_eye,676.5,272.0,786.0,342.0,1005.6,430.0,1142.5,517.5,3ccY8jYkI5o.004.mp4,1280,720,23.976,367,emotional_stability,low
226,9426,nose,587.0,309.8,691.5,430.5,893.7,477.3,1024.4,628.2,3ccY8jYkI5o.004.mp4,1280,720,23.976,367,emotional_stability,low
226,9426,mouth,554.0,447.4,707.0,518.0,852.5,649.3,1043.7,737.5,3ccY8jYkI5o.004.mp4,1280,720,23.976,367,emotional_stability,low
226,9426,forehead,482.4,202.0,804.8,486.4,763.0,342.5,1166.0,698.0,3ccY8jYkI5o.004.mp4,1280,720,23.976,367,emotional_stability,low
226,9426,chin,482.4,348.8,802.8,581.1,763.0,526.0,1163.6,816.3,3ccY8jYkI5o.004.mp4,1280,720,23.976,367,emotional_stability,low
226,9426,left_cheek,491.5,345.5,588.6,472.4,774.3,521.9,895.8,680.5,3ccY8jYkI5o.004.mp4,1280,720,23.976,367,emotional_stability,low
226,9426,right_cheek,694.9,364.1,791.2,491.4,1028.6,545.1,1149.0,704.3,3ccY8jYkI5o.004.mp4,1280,720,23.976,367,emotional_stability,low
227,9467,left_eye,512.6,261.1,622.3,331.5,800.8,416.4,937.9,504.4,3ccY8jYkI5o.004.mp4,1280,720,23.976,367,emotional_stability,low
227,9467,right_eye,679.0,273.3,788.0,342.5,1008.7,431.6,1145.0,518.1,3ccY8jYkI5o.004.mp4,1280,720,23.976,367,emotional_stability,low
227,9467,nose,590.3,310.4,694.4,431.1,897.9,478.0,1028.1,628.9,3ccY8jYkI5o.004.mp4,1280,720,23.976,367,emotional_stability,low
227,9467,mouth,554.3,447.5,711.3,518.5,852.9,649.4,1049.1,738.2,3ccY8jYkI5o.004.mp4,1280,720,23.976,367,emotional_stability,low
227,9467,forehead,483.0,202.1,805.3,486.5,763.7,342.6,1166.7,698.1,3ccY8jYkI5o.004.mp4,1280,720,23.976,367,emotional_stability,low
227,9467,chin,483.0,347.7,803.4,582.5,763.7,524.6,1164.3,818.1,3ccY8jYkI5o.004.mp4,1280,720,23.976,367,emotional_stability,low
227,9467,left_cheek,492.2,345.0,591.5,472.4,775.3,521.2,899.4,680.5,3ccY8jYkI5o.004.mp4,1280,720,23.976,367,emotional_stability,low
227,9467,right_cheek,697.3,364.5,791.9,491.9,1031.6,545.6,1149.9,704.8,3ccY8jYkI5o.004.mp4,1280,720,23.976,367,emotional_stability,low
228,9509,left_eye,517.3,261.2,627.6,331.1,806.7,416.5,944.5,503.9,3ccY8jYkI5o.004.mp4,1280,720,23.976,367,emotional_stability,low
228,9509,right_eye,683.9,273.3,792.5,342.3,1014.9,431.6,1150.7,517.9,3ccY8jYkI5o.004.mp4,1280,720,23.976,367,emotional_stability,low
228,9509,nose,594.4,310.4,699.9,431.0,902.9,478.0,1034.9,628.7,3ccY8jYkI5o.004.mp4,1280,720,23.976,367,emotional_stability,low
228,9509,mouth,558.9,447.4,717.2,522.0,858.6,649.3,1056.5,742.5,3ccY8jYkI5o.004.mp4,1280,720,23.976,367,emotional_stability,low
228,9509,forehead,486.8,202.0,808.8,486.7,768.5,342.5,1171.0,698.3,3ccY8jYkI5o.004.mp4,1280,720,23.976,367,emotional_stability,low
228,9509,chin,486.8,347.7,805.8,585.2,768.5,524.6,1167.3,821.5,3ccY8jYkI5o.004.mp4,1280,720,23.976,367,emotional_stability,low
228,9509,left_cheek,496.8,344.6,596.1,472.4,780.9,520.7,905.1,680.5,3ccY8jYkI5o.004.mp4,1280,720,23.976,367,emotional_stability,low
228,9509,right_cheek,702.3,364.4,796.3,491.9,1037.8,545.5,1155.3,704.9,3ccY8jYkI5o.004.mp4,1280,720,23.976,367,emotional_stability,low
229,9551,left_eye,522.5,260.9,632.8,330.1,813.2,416.1,951.0,502.6,3ccY8jYkI5o.004.mp4,1280,720,23.976,367,emotional_stability,low
229,9551,right_eye,689.1,273.1,797.0,341.9,1021.3,431.4,1156.2,517.4,3ccY8jYkI5o.004.mp4,1280,720,23.976,367,emotional_stability,low
229,9551,nose,599.2,309.8,704.9,429.5,909.0,477.3,1041.1,626.8,3ccY8jYkI5o.004.mp4,1280,720,23.976,367,emotional_stability,low
229,9551,mouth,564.6,445.6,722.3,522.2,865.8,647.0,1062.9,742.8,3ccY8jYkI5o.004.mp4,1280,720,23.976,367,emotional_stability,low
229,9551,forehead,491.9,201.6,813.5,486.4,774.9,342.1,1176.8,698.0,3ccY8jYkI5o.004.mp4,1280,720,23.976,367,emotional_stability,low
229,9551,chin,491.9,347.0,810.4,585.0,774.9,523.7,1173.0,821.3,3ccY8jYkI5o.004.mp4,1280,720,23.976,367,emotional_stability,low
229,9551,left_cheek,501.8,343.3,601.0,470.7,787.3,519.1,911.3,678.4,3ccY8jYkI5o.004.mp4,1280,720,23.976,367,emotional_stability,low
229,9551,right_cheek,707.2,363.4,801.0,490.6,1044.0,544.3,1161.3,703.3,3ccY8jYkI5o.004.mp4,1280,720,23.976,367,emotional_stability,low
230,9592,left_eye,524.6,260.5,634.8,329.4,815.8,415.6,953.5,501.7,3ccY8jYkI5o.004.mp4,1280,720,23.976,367,emotional_stability,low
230,9592,right_eye,691.1,272.6,798.8,341.1,1023.8,430.8,1158.5,516.4,3ccY8jYkI5o.004.mp4,1280,720,23.976,367,emotional_stability,low
230,9592,nose,600.7,309.0,706.9,428.1,910.9,476.2,1043.6,625.1,3ccY8jYkI5o.004.mp4,1280,720,23.976,367,emotional_stability,low
230,9592,mouth,566.3,443.5,724.4,521.9,867.9,644.3,1065.5,742.4,3ccY8jYkI5o.004.mp4,1280,720,23.976,367,emotional_stability,low
230,9592,forehead,494.1,201.2,814.9,485.6,777.6,341.5,1178.7,697.0,3ccY8jYkI5o.004.mp4,1280,720,23.976,367,emotional_stability,low
230,9592,chin,494.1,346.6,812.1,583.6,777.6,523.2,1175.2,819.6,3ccY8jYkI5o.004.mp4,1280,720,23.976,367,emotional_stability,low
230,9592,left_cheek,503.6,342.6,602.7,469.6,789.5,518.2,913.4,676.9,3ccY8jYkI5o.004.mp4,1280,720,23.976,367,emotional_stability,low
230,9592,right_cheek,709.2,362.2,803.0,489.1,1046.6,542.7,1163.8,701.3,3ccY8jYkI5o.004.mp4,1280,720,23.976,367,emotional_stability,low
231,9634,left_eye,524.1,259.5,634.2,328.5,815.2,414.3,952.7,500.6,3ccY8jYkI5o.004.mp4,1280,720,23.976,367,emotional_stability,low
231,9634,right_eye,690.5,271.8,798.9,339.7,1023.2,429.7,1158.7,514.7,3ccY8jYkI5o.004.mp4,1280,720,23.976,367,emotional_stability,low
231,9634,nose,599.8,308.0,706.3,426.8,909.7,475.0,1042.8,623.5,3ccY8jYkI5o.004.mp4,1280,720,23.976,367,emotional_stability,low
231,9634,mouth,565.7,441.4,724.6,519.5,867.2,641.8,1065.7,739.3,3ccY8jYkI5o.004.mp4,1280,720,23.976,367,emotional_stability,low
231,9634,forehead,493.2,200.4,815.3,484.7,776.5,340.5,1179.1,695.9,3ccY8jYkI5o.004.mp4,1280,720,23.976,367,emotional_stability,low
231,9634,chin,493.2,345.5,812.8,581.5,776.5,521.9,1176.0,816.9,3ccY8jYkI5o.004.mp4,1280,720,23.976,367,emotional_stability,low
231,9634,left_cheek,502.6,341.5,602.0,467.6,788.2,516.8,912.5,674.5,3ccY8jYkI5o.004.mp4,1280,720,23.976,367,emotional_stability,low
231,9634,right_cheek,708.9,360.8,803.4,487.4,1046.2,541.0,1164.2,699.2,3ccY8jYkI5o.004.mp4,1280,720,23.976,367,emotional_stability,low
232,9676,left_eye,523.0,259.5,633.1,328.4,813.8,414.4,951.4,500.5,3ccY8jYkI5o.004.mp4,1280,720,23.976,367,emotional_stability,low
232,9676,right_eye,689.5,271.8,798.5,339.7,1021.8,429.8,1158.1,514.7,3ccY8jYkI5o.004.mp4,1280,720,23.976,367,emotional_stability,low
232,9676,nose,599.3,308.0,705.1,426.9,909.1,475.0,1041.4,623.6,3ccY8jYkI5o.004.mp4,1280,720,23.976,367,emotional_stability,low
232,9676,mouth,565.0,441.4,723.2,518.0,866.3,641.8,1064.0,737.5,3ccY8jYkI5o.004.mp4,1280,720,23.976,367,emotional_stability,low
232,9676,forehead,492.4,200.5,815.0,484.7,775.5,340.6,1178.8,695.9,3ccY8jYkI5o.004.mp4,1280,720,23.976,367,emotional_stability,low
232,9676,chin,492.4,344.9,812.7,580.0,775.5,521.1,1175.9,815.0,3ccY8jYkI5o.004.mp4,1280,720,23.976,367,emotional_stability,low
232,9676,left_cheek,502.2,341.2,601.1,467.3,787.8,516.5,911.4,674.1,3ccY8jYkI5o.004.mp4,1280,720,23.976,367,emotional_stability,low
232,9676,right_cheek,708.0,360.8,803.1,487.5,1045.0,541.0,1163.9,699.3,3ccY8jYkI5o.004.mp4,1280,720,23.976,367,emotional_stability,low
233,9718,left_eye,522.5,259.7,633.0,328.8,813.1,414.7,951.2,501.0,3ccY8jYkI5o.004.mp4,1280,720,23.976,367,emotional_stability,low
233,9718,right_eye,689.2,272.8,798.3,340.5,1021.5,431.0,1157.9,515.6,3ccY8jYkI5o.004.mp4,1280,720,23.976,367,emotional_stability,low
233,9718,nose,599.8,309.0,704.7,428.8,909.7,476.2,1040.9,626.0,3ccY8jYkI5o.004.mp4,1280,720,23.976,367,emotional_stability,low
233,9718,mouth,564.6,441.6,722.6,517.8,865.8,642.0,1063.2,737.2,3ccY8jYkI5o.004.mp4,1280,720,23.976,367,emotional_stability,low
233,9718,forehead,491.9,200.7,814.8,484.8,774.9,340.8,1178.5,696.0,3ccY8jYkI5o.004.mp4,1280,720,23.976,367,emotional_stability,low
233,9718,chin,491.9,344.5,812.4,579.9,774.9,520.7,1175.6,814.8,3ccY8jYkI5o.004.mp4,1280,720,23.976,367,emotional_stability,low
233,9718,left_cheek,501.8,341.4,601.1,467.6,787.2,516.7,911.3,674.5,3ccY8jYkI5o.004.mp4,1280,720,23.976,367,emotional_stability,low
233,9718,right_cheek,707.7,361.9,802.8,487.9,1044.6,542.4,1163.5,699.9,3ccY8jYkI5o.004.mp4,1280,720,23.976,367,emotional_stability,low
234,9759,left_eye,522.9,260.7,634.2,329.7,813.6,415.8,952.8,502.1,3ccY8jYkI5o.004.mp4,1280,720,23.976,367,emotional_stability,low
234,9759,right_eye,690.0,273.7,798.7,341.1,1022.4,432.1,1158.4,516.4,3ccY8jYkI5o.004.mp4,1280,720,23.976,367,emotional_stability,low
234,9759,nose,601.5,309.9,706.5,430.5,911.9,477.4,1043.2,628.1,3ccY8jYkI5o.004.mp4,1280,720,23.976,367,emotional_stability,low
234,9759,mouth,564.9,442.7,724.6,517.8,866.1,643.4,1065.7,737.3,3ccY8jYkI5o.004.mp4,1280,720,23.976,367,emotional_stability,low
234,9759,forehead,491.8,201.1,815.0,484.8,774.7,341.4,1178.7,696.1,3ccY8jYkI5o.004.mp4,1280,720,23.976,367,emotional_stability,low
234,9759,chin,491.8,344.7,812.4,579.6,774.7,520.9,1175.5,814.5,3ccY8jYkI5o.004.mp4,1280,720,23.976,367,emotional_stability,low
234,9759,left_cheek,501.7,341.6,602.3,467.8,787.2,517.0,912.8,674.7,3ccY8jYkI5o.004.mp4,1280,720,23.976,367,emotional_stability,low
234,9759,right_cheek,708.8,362.7,803.3,488.1,1046.0,543.4,1164.2,700.1,3ccY8jYkI5o.004.mp4,1280,720,23.976,367,emotional_stability,low
235,9801,left_eye,523.4,263.7,634.8,331.3,814.2,419.6,953.5,504.1,3ccY8jYkI5o.004.mp4,1280,720,23.976,367,emotional_stability,low
235,9801,right_eye,694.4,276.0,801.1,343.2,1027.9,435.0,1161.4,519.0,3ccY8jYkI5o.004.mp4,1280,720,23.976,367,emotional_stability,low
235,9801,nose,603.4,314.0,709.6,434.1,914.3,482.5,1047.0,632.6,3ccY8jYkI5o.004.mp4,1280,720,23.976,367,emotional_stability,low
235,9801,mouth,567.5,445.5,726.8,519.8,869.4,646.9,1068.5,739.7,3ccY8jYkI5o.004.mp4,1280,720,23.976,367,emotional_stability,low
235,9801,forehead,491.7,206.5,816.6,485.2,774.7,348.2,1180.8,696.4,3ccY8jYkI5o.004.mp4,1280,720,23.976,367,emotional_stability,low
235,9801,chin,491.7,346.0,814.4,579.8,774.7,522.5,1178.0,814.8,3ccY8jYkI5o.004.mp4,1280,720,23.976,367,emotional_stability,low
235,9801,left_cheek,502.7,343.9,604.3,469.6,788.3,519.9,915.4,677.0,3ccY8jYkI5o.004.mp4,1280,720,23.976,367,emotional_stability,low
235,9801,right_cheek,711.3,364.6,805.3,489.5,1049.1,545.7,1166.7,701.9,3ccY8jYkI5o.004.mp4,1280,720,23.976,367,emotional_stability,low
236,9843,left_eye,523.5,267.2,634.9,336.9,814.4,424.0,953.6,511.1,3ccY8jYkI5o.004.mp4,1280,720,23.976,367,emotional_stability,low
236,9843,right_eye,695.0,278.7,802.1,347.6,1028.8,438.3,1162.6,524.5,3ccY8jYkI5o.004.mp4,1280,720,23.976,367,emotional_stability,low
236,9843,nose,604.4,317.5,710.8,437.5,915.5,486.9,1048.5,636.8,3ccY8jYkI5o.004.mp4,1280,720,23.976,367,emotional_stability,low
236,9843,mouth,569.2,448.4,727.8,524.2,871.6,650.5,1069.7,745.2,3ccY8jYkI5o.004.mp4,1280,720,23.976,367,emotional_stability,low
236,9843,forehead,492.0,210.7,816.8,487.5,775.0,353.4,1181.0,699.4,3ccY8jYkI5o.004.mp4,1280,720,23.976,367,emotional_stability,low
236,9843,chin,492.0,350.3,814.9,582.3,775.0,527.9,1178.6,817.9,3ccY8jYkI5o.004.mp4,1280,720,23.976,367,emotional_stability,low
236,9843,left_cheek,503.8,348.3,605.4,473.2,789.8,525.4,916.8,681.6,3ccY8jYkI5o.004.mp4,1280,720,23.976,367,emotional_stability,low
236,9843,right_cheek,711.9,367.5,805.7,492.3,1049.9,549.4,1167.2,705.3,3ccY8jYkI5o.004.mp4,1280,720,23.976,367,emotional_stability,low
237,9884,left_eye,523.2,269.9,634.6,339.4,814.0,427.3,953.3,514.2,3ccY8jYkI5o.004.mp4,1280,720,23.976,367,emotional_stability,low
237,9884,right_eye,694.1,279.8,801.8,348.4,1027.6,439.7,1162.2,525.5,3ccY8jYkI5o.004.mp4,1280,720,23.976,367,emotional_stability,low
237,9884,nose,603.8,319.2,709.9,439.7,914.7,489.0,1047.4,639.6,3ccY8jYkI5o.004.mp4,1280,720,23.976,367,emotional_stability,low
237,9884,mouth,569.4,451.5,726.9,526.5,871.8,654.4,1068.6,748.2,3ccY8jYkI5o.004.mp4,1280,720,23.976,367,emotional_stability,low
237,9884,forehead,492.0,212.3,816.7,487.9,775.0,355.4,1180.9,699.9,3ccY8jYkI5o.004.mp4,1280,720,23.976,367,emotional_stability,low
237,9884,chin,492.0,352.8,814.9,583.8,775.0,531.0,1178.6,819.8,3ccY8jYkI5o.004.mp4,1280,720,23.976,367,emotional_stability,low
237,9884,left_cheek,504.0,351.2,604.8,476.3,790.0,528.9,916.0,685.3,3ccY8jYkI5o.004.mp4,1280,720,23.976,367,emotional_stability,low
237,9884,right_cheek,711.4,368.7,805.6,493.9,1049.2,550.9,1166.9,707.3,3ccY8jYkI5o.004.mp4,1280,720,23.976,367,emotional_stability,low
238,9926,left_eye,522.1,270.9,632.9,340.3,812.6,428.7,951.1,515.4,3ccY8jYkI5o.004.mp4,1280,720,23.976,367,emotional_stability,low
238,9926,right_eye,693.8,279.7,801.4,348.3,1027.3,439.7,1161.8,525.3,3ccY8jYkI5o.004.mp4,1280,720,23.976,367,emotional_stability,low
238,9926,nose,603.3,319.7,709.4,441.1,914.2,489.7,1046.7,641.4,3ccY8jYkI5o.004.mp4,1280,720,23.976,367,emotional_stability,low
238,9926,mouth,570.7,454.3,726.8,525.7,873.4,657.9,1068.5,747.2,3ccY8jYkI5o.004.mp4,1280,720,23.976,367,emotional_stability,low
238,9926,forehead,492.6,212.5,817.1,487.8,775.7,355.6,1181.4,699.7,3ccY8jYkI5o.004.mp4,1280,720,23.976,367,emotional_stability,low
238,9926,chin,492.6,353.3,815.7,581.7,775.7,531.6,1179.6,817.1,3ccY8jYkI5o.004.mp4,1280,720,23.976,367,emotional_stability,low
238,9926,left_cheek,504.4,352.6,604.5,477.6,790.4,530.8,915.7,687.0,3ccY8jYkI5o.004.mp4,1280,720,23.976,367,emotional_stability,low
238,9926,right_cheek,711.0,369.3,805.8,494.3,1048.7,551.6,1167.2,707.9,3ccY8jYkI5o.004.mp4,1280,720,23.976,367,emotional_stability,low
239,9968,left_eye,518.3,271.7,627.6,341.4,807.9,429.6,944.5,516.8,3ccY8jYkI5o.004.mp4,1280,720,23.976,367,emotional_stability,low
239,9968,right_eye,688.6,279.5,798.4,348.2,1020.7,439.3,1158.1,525.2,3ccY8jYkI5o.004.mp4,1280,720,23.976,367,emotional_stability,low
239,9968,nose,599.3,320.2,705.8,442.1,909.1,490.2,1042.3,642.6,3ccY8jYkI5o.004.mp4,1280,720,23.976,367,emotional_stability,low
239,9968,mouth,570.4,456.4,722.9,523.4,873.1,660.6,1063.7,744.3,3ccY8jYkI5o.004.mp4,1280,720,23.976,367,emotional_stability,low
239,9968,forehead,492.1,212.5,816.5,487.8,775.1,355.6,1180.6,699.7,3ccY8jYkI5o.004.mp4,1280,720,23.976,367,emotional_stability,low
239,9968,chin,492.1,354.8,815.6,580.7,775.1,533.4,1179.5,815.9,3ccY8jYkI5o.004.mp4,1280,720,23.976,367,emotional_stability,low
239,9968,left_cheek,503.8,354.3,600.9,479.3,789.8,532.8,911.1,689.1,3ccY8jYkI5o.004.mp4,1280,720,23.976,367,emotional_stability,low
239,9968,right_cheek,707.5,369.5,804.3,494.7,1044.4,551.9,1165.3,708.4,3ccY8jYkI5o.004.mp4,1280,720,23.976,367,emotional_stability,low
240,10010,left_eye,512.8,273.4,620.8,342.5,800.9,431.7,936.0,518.2,3ccY8jYkI5o.004.mp4,1280,720,23.976,367,emotional_stability,low
240,10010,right_eye,683.0,279.2,794.6,348.0,1013.8,439.0,1153.3,525.0,3ccY8jYkI5o.004.mp4,1280,720,23.976,367,emotional_stability,low
240,10010,nose,592.4,320.3,700.2,442.3,900.5,490.4,1035.3,642.9,3ccY8jYkI5o.004.mp4,1280,720,23.976,367,emotional_stability,low
240,10010,mouth,567.0,457.9,718.4,527.5,868.7,662.4,1058.0,749.4,3ccY8jYkI5o.004.mp4,1280,720,23.976,367,emotional_stability,low
240,10010,forehead,491.4,212.5,815.5,487.7,774.3,355.7,1179.3,699.6,3ccY8jYkI5o.004.mp4,1280,720,23.976,367,emotional_stability,low
240,10010,chin,491.4,358.0,815.2,584.8,774.3,537.5,1179.0,821.1,3ccY8jYkI5o.004.mp4,1280,720,23.976,367,emotional_stability,low
240,10010,left_cheek,501.5,356.7,594.9,482.6,786.9,535.9,903.6,693.3,3ccY8jYkI5o.004.mp4,1280,720,23.976,367,emotional_stability,low
240,10010,right_cheek,702.5,369.3,801.5,495.6,1038.2,551.6,1161.8,709.5,3ccY8jYkI5o.004.mp4,1280,720,23.976,367,emotional_stability,low
241,10051,left_eye,510.6,275.0,618.4,344.3,798.3,433.7,933.0,520.4,3ccY8jYkI5o.004.mp4,1280,720,23.976,367,emotional_stability,low
241,10051,right_eye,680.0,279.2,793.0,348.2,1010.0,439.1,1151.2,525.2,3ccY8jYkI5o.004.mp4,1280,720,23.976,367,emotional_stability,low
241,10051,nose,590.3,321.1,697.6,443.4,897.9,491.4,1032.1,644.3,3ccY8jYkI5o.004.mp4,1280,720,23.976,367,emotional_stability,low
241,10051,mouth,565.2,458.6,717.3,530.7,866.5,663.2,1056.6,753.4,3ccY8jYkI5o.004.mp4,1280,720,23.976,367,emotional_stability,low
241,10051,forehead,490.8,213.7,815.6,488.1,773.5,357.2,1179.5,700.1,3ccY8jYkI5o.004.mp4,1280,720,23.976,367,emotional_stability,low
241,10051,chin,490.8,361.2,815.5,586.6,773.5,541.6,1179.4,823.2,3ccY8jYkI5o.004.mp4,1280,720,23.976,367,emotional_stability,low
241,10051,left_cheek,499.7,359.3,592.7,484.7,784.6,539.2,900.8,695.8,3ccY8jYkI5o.004.mp4,1280,720,23.976,367,emotional_stability,low
241,10051,right_cheek,700.5,369.2,801.2,496.2,1035.6,551.5,1161.4,710.3,3ccY8jYkI5o.004.mp4,1280,720,23.976,367,emotional_stability,low
242,10093,left_eye,507.7,277.8,615.3,346.2,794.7,437.3,929.1,522.8,3ccY8jYkI5o.004.mp4,1280,720,23.976,367,emotional_stability,low
242,10093,right_eye,676.2,279.3,790.5,348.3,1005.3,439.2,1148.1,525.4,3ccY8jYkI5o.004.mp4,1280,720,23.976,367,emotional_stability,low
242,10093,nose,587.5,322.1,696.3,444.4,894.4,492.6,1030.3,645.5,3ccY8jYkI5o.004.mp4,1280,720,23.976,367,emotional_stability,low
242,10093,mouth,562.4,458.1,717.8,532.5,863.0,662.6,1057.3,755.6,3ccY8jYkI5o.004.mp4,1280,720,23.976,367,emotional_stability,low
242,10093,forehead,490.1,215.3,815.4,488.1,772.6,359.2,1179.2,700.1,3ccY8jYkI5o.004.mp4,1280,720,23.976,367,emotional_stability,low
242,10093,chin,490.1,364.0,815.4,587.5,772.6,545.0,1179.2,824.4,3ccY8jYkI5o.004.mp4,1280,720,23.976,367,emotional_stability,low
242,10093,left_cheek,497.7,361.6,590.1,485.8,782.1,542.0,897.7,697.2,3ccY8jYkI5o.004.mp4,1280,720,23.976,367,emotional_stability,low
242,10093,right_cheek,698.6,369.1,800.2,496.0,1033.3,551.4,1160.2,710.0,3ccY8jYkI5o.004.mp4,1280,720,23.976,367,emotional_stability,low
243,10135,left_eye,507.8,279.3,614.9,348.3,794.7,439.1,928.6,525.3,3ccY8jYkI5o.004.mp4,1280,720,23.976,367,emotional_stability,low
243,10135,right_eye,675.4,279.3,790.6,348.4,1004.2,439.1,1148.2,525.5,3ccY8jYkI5o.004.mp4,1280,720,23.976,367,emotional_stability,low
243,10135,nose,587.3,322.8,696.6,444.4,894.1,493.5,1030.7,645.5,3ccY8jYkI5o.004.mp4,1280,720,23.976,367,emotional_stability,low
243,10135,mouth,562.4,457.9,719.6,533.5,863.0,662.4,1059.5,756.9,3ccY8jYkI5o.004.mp4,1280,720,23.976,367,emotional_stability,low
243,10135,forehead,490.9,216.4,816.3,487.9,773.6,360.4,1180.4,699.9,3ccY8jYkI5o.004.mp4,1280,720,23.976,367,emotional_stability,low
243,10135,chin,491.2,366.8,816.3,588.4,774.0,548.5,1180.4,825.5,3ccY8jYkI5o.004.mp4,1280,720,23.976,367,emotional_stability,low
243,10135,left_cheek,498.0,363.4,590.1,486.3,782.6,544.3,897.6,697.9,3ccY8jYkI5o.004.mp4,1280,720,23.976,367,emotional_stability,low
243,10135,right_cheek,698.8,368.5,800.3,495.8,1033.4,550.6,1160.4,709.8,3ccY8jYkI5o.004.mp4,1280,720,23.976,367,emotional_stability,low
244,10176,left_eye,507.8,280.3,614.3,349.4,794.7,440.4,927.9,526.8,3ccY8jYkI5o.004.mp4,1280,720,23.976,367,emotional_stability,low
244,10176,right_eye,674.3,278.6,790.8,348.3,1002.9,438.2,1148.5,525.4,3ccY8jYkI5o.004.mp4,1280,720,23.976,367,emotional_stability,low
244,10176,nose,586.9,323.1,696.7,444.6,893.6,493.8,1030.8,645.7,3ccY8jYkI5o.004.mp4,1280,720,23.976,367,emotional_stability,low
244,10176,mouth,562.5,457.9,722.1,534.0,863.2,662.4,1062.6,757.4,3ccY8jYkI5o.004.mp4,1280,720,23.976,367,emotional_stability,low
244,10176,forehead,492.6,216.8,818.5,485.9,775.8,361.0,1183.2,697.4,3ccY8jYkI5o.004.mp4,1280,720,23.976,367,emotional_stability,low
244,10176,chin,493.4,367.9,818.5,588.8,776.8,549.9,1183.2,826.0,3ccY8jYkI5o.004.mp4,1280,720,23.976,367,emotional_stability,low
244,10176,left_cheek,498.3,364.4,589.9,486.9,782.9,545.6,897.4,698.6,3ccY8jYkI5o.004.mp4,1280,720,23.976,367,emotional_stability,low
244,10176,right_cheek,698.9,366.9,800.8,494.7,1033.6,548.7,1160.9,708.3,3ccY8jYkI5o.004.mp4,1280,720,23.976,367,emotional_stability,low
245,10218,left_eye,506.5,280.9,612.6,350.8,793.1,441.2,925.8,528.4,3ccY8jYkI5o.004.mp4,1280,720,23.976,367,emotional_stability,low
245,10218,right_eye,671.5,277.2,790.0,347.8,999.3,436.4,1147.5,524.8,3ccY8jYkI5o.004.mp4,1280,720,23.976,367,emotional_stability,low
245,10218,nose,585.0,323.2,695.5,444.8,891.3,494.0,1029.4,646.0,3ccY8jYkI5o.004.mp4,1280,720,23.976,367,emotional_stability,low
245,10218,mouth,562.5,458.6,723.5,534.4,863.1,663.2,1064.4,757.9,3ccY8jYkI5o.004.mp4,1280,720,23.976,367,emotional_stability,low
245,10218,forehead,493.3,216.8,819.8,484.8,776.6,361.0,1184.7,695.9,3ccY8jYkI5o.004.mp4,1280,720,23.976,367,emotional_stability,low
245,10218,chin,494.3,368.8,819.8,590.1,777.9,551.0,1184.7,827.6,3ccY8jYkI5o.004.mp4,1280,720,23.976,367,emotional_stability,low
245,10218,left_cheek,498.4,365.7,588.6,488.2,783.0,547.1,895.7,700.2,3ccY8jYkI5o.004.mp4,1280,720,23.976,367,emotional_stability,low
245,10218,right_cheek,697.8,365.3,800.9,493.6,1032.3,546.7,1161.1,707.1,3ccY8jYkI5o.004.mp4,1280,720,23.976,367,emotional_stability,low
246,10260,left_eye,505.7,280.8,611.5,350.9,792.1,441.0,924.4,528.6,3ccY8jYkI5o.004.mp4,1280,720,23.976,367,emotional_stability,low
246,10260,right_eye,670.2,275.1,789.8,346.7,997.7,433.9,1147.2,523.4,3ccY8jYkI5o.004.mp4,1280,720,23.976,367,emotional_stability,low
246,10260,nose,584.3,323.0,695.2,445.0,890.3,493.8,1029.0,646.2,3ccY8jYkI5o.004.mp4,1280,720,23.976,367,emotional_stability,low
246,10260,mouth,562.6,458.7,725.6,534.9,863.2,663.4,1067.0,758.6,3ccY8jYkI5o.004.mp4,1280,720,23.976,367,emotional_stability,low
246,10260,forehead,494.3,216.6,821.5,483.2,777.9,360.7,1186.9,694.0,3ccY8jYkI5o.004.mp4,1280,720,23.976,367,emotional_stability,low
246,10260,chin,495.8,366.6,821.5,590.2,779.8,548.3,1186.9,827.8,3ccY8jYkI5o.004.mp4,1280,720,23.976,367,emotional_stability,low
246,10260,left_cheek,498.5,366.5,588.0,489.1,783.2,548.1,895.0,701.4,3ccY8jYkI5o.004.mp4,1280,720,23.976,367,emotional_stability,low
246,10260,right_cheek,697.8,363.5,801.6,492.2,1032.2,544.3,1162.1,705.3,3ccY8jYkI5o.004.mp4,1280,720,23.976,367,emotional_stability,low
247,10301,left_eye,505.8,280.2,612.5,350.9,792.2,440.3,925.7,528.6,3ccY8jYkI5o.004.mp4,1280,720,23.976,367,emotional_stability,low
247,10301,right_eye,671.2,272.3,790.9,345.8,999.1,430.4,1148.6,522.2,3ccY8jYkI5o.004.mp4,1280,720,23.976,367,emotional_stability,low
247,10301,nose,585.2,322.9,695.3,444.8,891.6,493.6,1029.1,646.0,3ccY8jYkI5o.004.mp4,1280,720,23.976,367,emotional_stability,low
247,10301,mouth,564.6,458.5,730.7,535.1,865.7,663.2,1073.4,758.9,3ccY8jYkI5o.004.mp4,1280,720,23.976,367,emotional_stability,low
247,10301,forehead,499.4,214.9,828.2,482.9,784.3,358.7,1195.3,693.6,3ccY8jYkI5o.004.mp4,1280,720,23.976,367,emotional_stability,low
247,10301,chin,501.8,364.0,828.2,589.9,787.3,545.0,1195.3,827.4,3ccY8jYkI5o.004.mp4,1280,720,23.976,367,emotional_stability,low
247,10301,left_cheek,501.2,366.4,588.5,489.3,786.5,548.0,895.6,701.7,3ccY8jYkI5o.004.mp4,1280,720,23.976,367,emotional_stability,low
247,10301,right_cheek,698.1,361.4,805.5,490.8,1032.6,541.7,1166.8,703.5,3ccY8jYkI5o.004.mp4,1280,720,23.976,367,emotional_stability,low
248,10343,left_eye,506.3,279.8,610.5,350.7,792.8,439.7,923.1,528.4,3ccY8jYkI5o.004.mp4,1280,720,23.976,367,emotional_stability,low
248,10343,right_eye,667.6,269.3,790.9,342.0,994.5,426.7,1148.7,517.6,3ccY8jYkI5o.004.mp4,1280,720,23.976,367,emotional_stability,low
248,10343,nose,582.4,320.9,692.9,443.6,888.0,491.1,1026.1,644.5,3ccY8jYkI5o.004.mp4,1280,720,23.976,367,emotional_stability,low
248,10343,mouth,564.5,457.1,731.5,534.6,865.6,661.4,1074.4,758.3,3ccY8jYkI5o.004.mp4,1280,720,23.976,367,emotional_stability,low
248,10343,forehead,500.9,211.6,831.7,482.8,786.2,354.4,1199.6,693.5,3ccY8jYkI5o.004.mp4,1280,720,23.976,367,emotional_stability,low
248,10343,chin,503.6,361.9,831.7,589.9,789.5,542.4,1199.6,827.4,3ccY8jYkI5o.004.mp4,1280,720,23.976,367,emotional_stability,low
248,10343,left_cheek,501.1,365.7,587.1,488.8,786.4,547.2,893.9,701.0,3ccY8jYkI5o.004.mp4,1280,720,23.976,367,emotional_stability,low
248,10343,right_cheek,697.1,357.9,806.8,488.8,1031.4,537.4,1168.5,701.0,3ccY8jYkI5o.004.mp4,1280,720,23.976,367,emotional_stability,low
249,10385,left_eye,506.7,275.1,609.9,345.4,793.3,433.9,922.4,521.8,3ccY8jYkI5o.004.mp4,1280,720,23.976,367,emotional_stability,low
249,10385,right_eye,666.1,265.1,791.1,335.7,992.6,421.4,1148.9,509.6,3ccY8jYkI5o.004.mp4,1280,720,23.976,367,emotional_stability,low
249,10385,nose,580.6,315.9,691.4,439.1,885.8,484.9,1024.3,638.8,3ccY8jYkI5o.004.mp4,1280,720,23.976,367,emotional_stability,low
249,10385,mouth,564.7,453.8,733.0,533.3,865.9,657.3,1076.2,756.7,3ccY8jYkI5o.004.mp4,1280,720,23.976,367,emotional_stability,low
249,10385,forehead,505.2,206.3,837.9,482.5,791.6,347.8,1207.4,693.2,3ccY8jYkI5o.004.mp4,1280,720,23.976,367,emotional_stability,low
249,10385,chin,508.7,358.8,837.9,589.8,795.9,538.5,1207.4,827.3,3ccY8jYkI5o.004.mp4,1280,720,23.976,367,emotional_stability,low
249,10385,left_cheek,501.4,362.8,586.6,488.0,786.8,543.4,893.3,700.0,3ccY8jYkI5o.004.mp4,1280,720,23.976,367,emotional_stability,low
249,10385,right_cheek,696.9,353.6,809.5,486.5,1031.2,532.0,1171.9,698.1,3ccY8jYkI5o.004.mp4,1280,720,23.976,367,emotional_stability,low
250,10427,left_eye,508.5,272.3,609.9,342.6,795.6,430.4,922.3,518.2,3ccY8jYkI5o.004.mp4,1280,720,23.976,367,emotional_stability,low
250,10427,right_eye,664.1,262.8,791.5,331.9,990.1,418.5,1149.4,504.8,3ccY8jYkI5o.004.mp4,1280,720,23.976,367,emotional_stability,low
250,10427,nose,579.2,312.4,689.0,435.8,883.9,480.5,1021.3,634.8,3ccY8jYkI5o.004.mp4,1280,720,23.976,367,emotional_stability,low
250,10427,mouth,565.0,450.6,734.0,531.2,866.2,653.2,1077.6,754.0,3ccY8jYkI5o.004.mp4,1280,720,23.976,367,emotional_stability,low
250,10427,forehead,509.0,202.8,844.1,482.4,796.2,343.5,1215.1,693.0,3ccY8jYkI5o.004.mp4,1280,720,23.976,367,emotional_stability,low
250,10427,chin,513.0,357.6,844.1,590.3,801.2,537.0,1215.1,827.9,3ccY8jYkI5o.004.mp4,1280,720,23.976,367,emotional_stability,low
250,10427,left_cheek,502.1,360.0,586.3,487.0,787.7,539.9,892.8,698.7,3ccY8jYkI5o.004.mp4,1280,720,23.976,367,emotional_stability,low
250,10427,right_cheek,696.4,351.2,812.5,485.9,1030.5,529.1,1175.7,697.3,3ccY8jYkI5o.004.mp4,1280,720,23.976,367,emotional_stability,low
251,10468,left_eye,510.5,270.5,609.5,341.8,798.1,428.1,921.9,517.3,3ccY8jYkI5o.004.mp4,1280,720,23.976,367,emotional_stability,low
251,10468,right_eye,661.9,261.5,791.5,331.6,987.4,416.8,1149.4,504.5,3ccY8jYkI5o.004.mp4,1280,720,23.976,367,emotional_stability,low
251,10468,nose,577.6,310.9,685.0,434.5,882.0,478.6,1016.3,633.2,3ccY8jYkI5o.004.mp4,1280,720,23.976,367,emotional_stability,low
251,10468,mouth,564.7,449.7,733.7,531.1,865.9,652.1,1077.2,753.9,3ccY8jYkI5o.004.mp4,1280,720,23.976,367,emotional_stability,low
251,10468,forehead,510.9,201.2,848.3,482.1,798.6,341.5,1220.4,692.6,3ccY8jYkI5o.004.mp4,1280,720,23.976,367,emotional_stability,low
251,10468,chin,515.1,358.9,848.3,593.6,803.9,538.6,1220.4,832.0,3ccY8jYkI5o.004.mp4,1280,720,23.976,367,emotional_stability,low
251,10468,left_cheek,502.1,358.9,585.1,486.9,787.7,538.6,891.4,698.6,3ccY8jYkI5o.004.mp4,1280,720,23.976,367,emotional_stability,low
251,10468,right_cheek,694.8,351.5,813.3,486.2,1028.5,529.4,1176.7,697.7,3ccY8jYkI5o.004.mp4,1280,720,23.976,367,emotional_stability,low
252,10510,left_eye,511.5,266.7,608.6,339.3,799.4,423.4,920.7,514.2,3ccY8jYkI5o.004.mp4,1280,720,23.976,367,emotional_stability,low
252,10510,right_eye,660.2,257.7,791.5,329.6,985.3,412.2,1149.3,502.0,3ccY8jYkI5o.004.mp4,1280,720,23.976,367,emotional_stability,low
252,10510,nose,575.4,307.2,681.7,430.7,879.2,474.0,1012.2,628.4,3ccY8jYkI5o.004.mp4,1280,720,23.976,367,emotional_stability,low
252,10510,mouth,562.5,447.0,733.0,530.6,863.2,648.7,1076.3,753.3,3ccY8jYkI5o.004.mp4,1280,720,23.976,367,emotional_stability,low
252,10510,forehead,511.0,197.2,849.6,483.4,798.7,336.5,1222.0,694.2,3ccY8jYkI5o.004.mp4,1280,720,23.976,367,emotional_stability,low
252,10510,chin,514.2,359.5,849.6,597.5,802.7,539.3,1222.0,836.9,3ccY8jYkI5o.004.mp4,1280,720,23.976,367,emotional_stability,low
252,10510,left_cheek,500.9,356.3,583.1,486.7,786.1,535.4,888.9,698.4,3ccY8jYkI5o.004.mp4,1280,720,23.976,367,emotional_stability,low
252,10510,right_cheek,692.9,349.8,813.3,486.7,1026.1,527.2,1176.6,698.3,3ccY8jYkI5o.004.mp4,1280,720,23.976,367,emotional_stability,low
253,10552,left_eye,511.8,264.8,607.0,337.8,799.8,421.0,918.8,512.2,3ccY8jYkI5o.004.mp4,1280,720,23.976,367,emotional_stability,low
253,10552,right_eye,657.5,255.3,790.6,328.5,981.9,409.1,1148.3,500.7,3ccY8jYkI5o.004.mp4,1280,720,23.976,367,emotional_stability,low
253,10552,nose,572.0,305.4,677.7,427.6,875.0,471.8,1007.1,624.6,3ccY8jYkI5o.004.mp4,1280,720,23.976,367,emotional_stability,low
253,10552,mouth,559.8,443.7,730.8,530.4,859.8,644.6,1073.5,752.9,3ccY8jYkI5o.004.mp4,1280,720,23.976,367,emotional_stability,low
253,10552,forehead,510.8,195.5,850.2,486.1,798.5,334.3,1222.7,697.7,3ccY8jYkI5o.004.mp4,1280,720,23.976,367,emotional_stability,low
253,10552,chin,513.7,359.9,850.2,600.2,802.1,539.9,1222.7,840.2,3ccY8jYkI5o.004.mp4,1280,720,23.976,367,emotional_stability,low
253,10552,left_cheek,499.1,354.9,580.5,486.5,783.8,533.6,885.6,698.2,3ccY8jYkI5o.004.mp4,1280,720,23.976,367,emotional_stability,low
253,10552,right_cheek,690.0,348.8,812.7,486.8,1022.5,525.9,1175.9,698.5,3ccY8jYkI5o.004.mp4,1280,720,23.976,367,emotional_stability,low
254,10593,left_eye,515.1,265.0,607.4,337.8,803.9,421.2,919.2,512.2,3ccY8jYkI5o.004.mp4,1280,720,23.976,367,emotional_stability,low
254,10593,right_eye,659.2,255.2,792.4,328.7,984.0,409.0,1150.5,500.9,3ccY8jYkI5o.004.mp4,1280,720,23.976,367,emotional_stability,low
254,10593,nose,572.6,305.0,679.1,426.6,875.7,471.3,1008.8,623.2,3ccY8jYkI5o.004.mp4,1280,720,23.976,367,emotional_stability,low
254,10593,mouth,559.9,443.4,731.2,531.8,859.9,644.2,1073.9,754.8,3ccY8jYkI5o.004.mp4,1280,720,23.976,367,emotional_stability,low
254,10593,forehead,515.1,195.2,855.0,488.6,803.9,334.0,1228.8,700.7,3ccY8jYkI5o.004.mp4,1280,720,23.976,367,emotional_stability,low
254,10593,chin,517.4,360.6,855.0,601.8,806.7,540.8,1228.8,842.3,3ccY8jYkI5o.004.mp4,1280,720,23.976,367,emotional_stability,low
254,10593,left_cheek,499.4,354.8,581.3,486.5,784.2,533.5,886.6,698.1,3ccY8jYkI5o.004.mp4,1280,720,23.976,367,emotional_stability,low
254,10593,right_cheek,691.0,349.0,815.4,487.4,1023.7,526.2,1179.2,699.3,3ccY8jYkI5o.004.mp4,1280,720,23.976,367,emotional_stability,low
255,10635,left_eye,516.9,265.9,607.7,338.3,806.1,422.4,919.6,512.8,3ccY8jYkI5o.004.mp4,1280,720,23.976,367,emotional_stability,low
255,10635,right_eye,659.1,255.8,792.7,329.6,983.9,409.8,1150.8,502.0,3ccY8jYkI5o.004.mp4,1280,720,23.976,367,emotional_stability,low
255,10635,nose,571.9,305.8,678.2,427.4,874.9,472.3,1007.7,624.2,3ccY8jYkI5o.004.mp4,1280,720,23.976,367,emotional_stability,low
255,10635,mouth,560.2,444.3,731.4,533.9,860.2,645.4,1074.3,757.4,3ccY8jYkI5o.004.mp4,1280,720,23.976,367,emotional_stability,low
255,10635,forehead,516.8,196.3,856.2,492.2,806.0,335.4,1230.2,705.2,3ccY8jYkI5o.004.mp4,1280,720,23.976,367,emotional_stability,low
255,10635,chin,518.2,363.7,856.2,605.5,807.8,544.7,1230.2,846.9,3ccY8jYkI5o.004.mp4,1280,720,23.976,367,emotional_stability,low
255,10635,left_cheek,499.5,355.0,581.4,488.3,784.4,533.7,886.7,700.4,3ccY8jYkI5o.004.mp4,1280,720,23.976,367,emotional_stability,low
255,10635,right_cheek,691.0,349.8,815.8,490.6,1023.8,527.2,1179.7,703.2,3ccY8jYkI5o.004.mp4,1280,720,23.976,367,emotional_stability,low
256,10677,left_eye,516.4,266.3,606.0,338.6,805.5,422.9,917.5,513.2,3ccY8jYkI5o.004.mp4,1280,720,23.976,367,emotional_stability,low
256,10677,right_eye,656.4,255.8,791.7,330.2,980.5,409.7,1149.6,502.7,3ccY8jYkI5o.004.mp4,1280,720,23.976,367,emotional_stability,low
256,10677,nose,568.5,306.1,674.3,427.3,870.6,472.6,1002.9,624.1,3ccY8jYkI5o.004.mp4,1280,720,23.976,367,emotional_stability,low
256,10677,mouth,559.0,444.5,730.5,534.8,858.7,645.7,1073.1,758.5,3ccY8jYkI5o.004.mp4,1280,720,23.976,367,emotional_stability,low
256,10677,forehead,515.5,196.7,855.3,494.4,804.4,335.9,1229.1,708.0,3ccY8jYkI5o.004.mp4,1280,720,23.976,367,emotional_stability,low
256,10677,chin,517.2,365.8,855.3,607.0,806.5,547.2,1229.1,848.8,3ccY8jYkI5o.004.mp4,1280,720,23.976,367,emotional_stability,low
256,10677,left_cheek,497.9,355.6,578.6,490.1,782.3,534.5,883.3,702.7,3ccY8jYkI5o.004.mp4,1280,720,23.976,367,emotional_stability,low
256,10677,right_cheek,688.5,350.2,815.2,492.6,1020.6,527.8,1179.0,705.7,3ccY8jYkI5o.004.mp4,1280,720,23.976,367,emotional_stability,low
257,10719,left_eye,515.7,266.6,603.5,339.2,804.6,423.2,914.4,514.0,3ccY8jYkI5o.004.mp4,1280,720,23.976,367,emotional_stability,low
257,10719,right_eye,653.0,256.2,789.1,330.5,976.3,410.3,1146.4,503.1,3ccY8jYkI5o.004.mp4,1280,720,23.976,367,emotional_stability,low
257,10719,nose,564.8,306.5,670.5,427.5,866.0,473.1,998.1,624.3,3ccY8jYkI5o.004.mp4,1280,720,23.976,367,emotional_stability,low
257,10719,mouth,557.2,444.8,727.8,535.0,856.5,646.0,1069.8,758.8,3ccY8jYkI5o.004.mp4,1280,720,23.976,367,emotional_stability,low
257,10719,forehead,514.8,197.3,854.7,495.4,803.5,336.7,1228.4,709.3,3ccY8jYkI5o.004.mp4,1280,720,23.976,367,emotional_stability,low
257,10719,chin,516.6,367.3,854.7,608.4,805.8,549.2,1228.4,850.5,3ccY8jYkI5o.004.mp4,1280,720,23.976,367,emotional_stability,low
257,10719,left_cheek,496.1,357.1,575.5,491.1,780.1,536.4,879.4,703.9,3ccY8jYkI5o.004.mp4,1280,720,23.976,367,emotional_stability,low
257,10719,right_cheek,685.2,350.3,813.8,493.6,1016.6,527.9,1177.3,707.0,3ccY8jYkI5o.004.mp4,1280,720,23.976,367,emotional_stability,low
258,10760,left_eye,513.8,266.8,601.8,339.8,802.3,423.4,912.2,514.8,3ccY8jYkI5o.004.mp4,1280,720,23.976,367,emotional_stability,low
258,10760,right_eye,651.4,256.5,788.2,330.6,974.3,410.6,1145.2,503.2,3ccY8jYkI5o.004.mp4,1280,720,23.976,367,emotional_stability,low
258,10760,nose,562.9,306.7,668.4,427.6,863.6,473.4,995.6,624.4,3ccY8jYkI5o.004.mp4,1280,720,23.976,367,emotional_stability,low
258,10760,mouth,554.9,445.0,726.2,535.2,853.6,646.3,1067.8,759.0,3ccY8jYkI5o.004.mp4,1280,720,23.976,367,emotional_stability,low
258,10760,forehead,514.5,197.7,855.7,498.0,803.1,337.1,1229.6,712.5,3ccY8jYkI5o.004.mp4,1280,720,23.976,367,emotional_stability,low
258,10760,chin,516.2,369.4,855.7,611.0,805.3,551.7,1229.6,853.8,3ccY8jYkI5o.004.mp4,1280,720,23.976,367,emotional_stability,low
258,10760,left_cheek,494.0,358.3,573.5,492.5,777.5,537.9,876.9,705.6,3ccY8jYkI5o.004.mp4,1280,720,23.976,367,emotional_stability,low
258,10760,right_cheek,683.6,350.9,813.3,495.2,1014.5,528.6,1176.7,709.0,3ccY8jYkI5o.004.mp4,1280,720,23.976,367,emotional_stability,low
259,10802,left_eye,512.6,267.3,601.4,341.1,800.7,424.1,911.8,516.3,3ccY8jYkI5o.004.mp4,1280,720,23.976,367,emotional_stability,low
259,10802,right_eye,650.7,256.7,787.4,331.0,973.4,410.9,1144.3,503.8,3ccY8jYkI5o.004.mp4,1280,720,23.976,367,emotional_stability,low
259,10802,nose,562.2,306.9,667.2,427.6,862.8,473.6,994.0,624.5,3ccY8jYkI5o.004.mp4,1280,720,23.976,367,emotional_stability,low
259,10802,mouth,553.4,445.2,724.2,535.1,851.8,646.5,1065.2,758.9,3ccY8jYkI5o.004.mp4,1280,720,23.976,367,emotional_stability,low
259,10802,forehead,514.3,197.8,856.1,500.0,802.9,337.2,1230.1,715.0,3ccY8jYkI5o.004.mp4,1280,720,23.976,367,emotional_stability,low
259,10802,chin,515.9,371.5,856.1,611.6,804.9,554.4,1230.1,854.5,3ccY8jYkI5o.004.mp4,1280,720,23.976,367,emotional_stability,low
259,10802,left_cheek,493.1,359.2,572.8,493.0,776.3,539.0,876.0,706.3,3ccY8jYkI5o.004.mp4,1280,720,23.976,367,emotional_stability,low
259,10802,right_cheek,682.5,352.0,812.7,496.4,1013.1,530.0,1175.8,710.5,3ccY8jYkI5o.004.mp4,1280,720,23.976,367,emotional_stability,low
260,10844,left_eye,512.6,267.8,601.5,341.5,800.8,424.7,911.8,516.9,3ccY8jYkI5o.004.mp4,1280,720,23.976,367,emotional_stability,low
260,10844,right_eye,650.9,257.1,787.5,331.6,973.7,411.4,1144.4,504.5,3ccY8jYkI5o.004.mp4,1280,720,23.976,367,emotional_stability,low
260,10844,nose,561.8,307.0,666.9,427.7,862.3,473.7,993.7,624.7,3ccY8jYkI5o.004.mp4,1280,720,23.976,367,emotional_stability,low
260,10844,mouth,553.3,445.3,724.1,535.2,851.6,646.6,1065.1,759.1,3ccY8jYkI5o.004.mp4,1280,720,23.976,367,emotional_stability,low
260,10844,forehead,514.3,198.1,857.4,502.2,802.9,337.6,1231.7,717.7,3ccY8jYkI5o.004.mp4,1280,720,23.976,367,emotional_stability,low
260,10844,chin,516.1,373.4,857.4,613.1,805.1,556.7,1231.7,856.3,3ccY8jYkI5o.004.mp4,1280,720,23.976,367,emotional_stability,low
260,10844,left_cheek,493.3,359.7,572.8,493.6,776.6,539.6,876.0,707.0,3ccY8jYkI5o.004.mp4,1280,720,23.976,367,emotional_stability,low
260,10844,right_cheek,682.4,353.2,812.6,497.8,1013.0,531.5,1175.8,712.3,3ccY8jYkI5o.004.mp4,1280,720,23.976,367,emotional_stability,low
261,10885,left_eye,513.2,267.8,601.8,341.5,801.5,424.8,912.3,516.9,3ccY8jYkI5o.004.mp4,1280,720,23.976,367,emotional_stability,low
261,10885,right_eye,651.5,256.9,787.5,331.4,974.4,411.1,1144.4,504.2,3ccY8jYkI5o.004.mp4,1280,720,23.976,367,emotional_stability,low
261,10885,nose,562.2,306.5,667.2,426.0,862.7,473.1,993.9,622.5,3ccY8jYkI5o.004.mp4,1280,720,23.976,367,emotional_stability,low
261,10885,mouth,553.3,444.8,724.1,534.9,851.6,646.0,1065.1,758.6,3ccY8jYkI5o.004.mp4,1280,720,23.976,367,emotional_stability,low
261,10885,forehead,515.4,198.1,856.7,502.3,804.3,337.7,1230.9,717.9,3ccY8jYkI5o.004.mp4,1280,720,23.976,367,emotional_stability,low
261,10885,chin,516.6,374.0,856.7,612.5,805.7,557.5,1230.9,855.6,3ccY8jYkI5o.004.mp4,1280,720,23.976,367,emotional_stability,low
261,10885,left_cheek,493.6,359.6,573.2,493.3,776.9,539.5,876.4,706.6,3ccY8jYkI5o.004.mp4,1280,720,23.976,367,emotional_stability,low
261,10885,right_cheek,682.7,353.2,812.4,497.4,1013.3,531.5,1175.5,711.8,3ccY8jYkI5o.004.mp4,1280,720,23.976,367,emotional_stability,low
262,10927,left_eye,513.3,266.3,601.5,340.4,801.7,422.9,911.9,515.5,3ccY8jYkI5o.004.mp4,1280,720,23.976,367,emotional_stability,low
262,10927,right_eye,651.5,255.2,787.4,330.1,974.3,409.0,1144.2,502.7,3ccY8jYkI5o.004.mp4,1280,720,23.976,367,emotional_stability,low
262,10927,nose,561.0,304.4,666.0,422.7,861.2,470.5,992.5,618.4,3ccY8jYkI5o.004.mp4,1280,720,23.976,367,emotional_stability,low
262,10927,mouth,551.8,442.8,723.4,532.3,849.7,643.5,1064.3,755.4,3ccY8jYkI5o.004.mp4,1280,720,23.976,367,emotional_stability,low
262,10927,forehead,515.4,196.8,856.6,502.4,804.3,336.0,1230.7,718.0,3ccY8jYkI5o.004.mp4,1280,720,23.976,367,emotional_stability,low
262,10927,chin,516.5,374.0,856.6,611.9,805.6,557.5,1230.7,854.9,3ccY8jYkI5o.004.mp4,1280,720,23.976,367,emotional_stability,low
262,10927,left_cheek,493.0,358.4,572.4,492.6,776.2,538.0,875.5,705.8,3ccY8jYkI5o.004.mp4,1280,720,23.976,367,emotional_stability,low
262,10927,right_cheek,682.1,352.6,812.1,497.2,1012.6,530.7,1175.1,711.5,3ccY8jYkI5o.004.mp4,1280,720,23.976,367,emotional_stability,low
263,10969,left_eye,513.6,265.0,601.1,339.2,801.9,421.2,911.4,514.0,3ccY8jYkI5o.004.mp4,1280,720,23.976,367,emotional_stability,low
263,10969,right_eye,650.8,254.4,787.2,329.4,973.5,408.0,1144.0,501.8,3ccY8jYkI5o.004.mp4,1280,720,23.976,367,emotional_stability,low
263,10969,nose,559.9,303.0,664.4,421.1,859.9,468.7,990.5,616.4,3ccY8jYkI5o.004.mp4,1280,720,23.976,367,emotional_stability,low
263,10969,mouth,550.8,441.1,722.0,530.5,848.4,641.4,1062.5,753.1,3ccY8jYkI5o.004.mp4,1280,720,23.976,367,emotional_stability,low
263,10969,forehead,515.8,195.9,856.9,502.1,804.7,334.8,1231.1,717.6,3ccY8jYkI5o.004.mp4,1280,720,23.976,367,emotional_stability,low
263,10969,chin,516.7,373.7,856.9,611.6,805.8,557.1,1231.1,854.5,3ccY8jYkI5o.004.mp4,1280,720,23.976,367,emotional_stability,low
263,10969,left_cheek,492.9,357.1,571.7,491.6,776.2,536.4,874.6,704.5,3ccY8jYkI5o.004.mp4,1280,720,23.976,367,emotional_stability,low
263,10969,right_cheek,681.2,352.0,811.8,497.1,1011.5,530.0,1174.8,711.3,3ccY8jYkI5o.004.mp4,1280,720,23.976,367,emotional_stability,low
264,11011,left_eye,513.8,264.3,600.8,338.6,802.3,420.4,911.0,513.3,3ccY8jYkI5o.004.mp4,1280,720,23.976,367,emotional_stability,low
264,11011,right_eye,650.3,253.6,787.0,329.2,972.9,407.0,1143.8,501.5,3ccY8jYkI5o.004.mp4,1280,720,23.976,367,emotional_stability,low
264,11011,nose,559.1,302.2,663.5,420.4,858.8,467.7,989.4,615.5,3ccY8jYkI5o.004.mp4,1280,720,23.976,367,emotional_stability,low
264,11011,mouth,550.2,440.4,721.9,529.1,847.7,640.5,1062.4,751.4,3ccY8jYkI5o.004.mp4,1280,720,23.976,367,emotional_stability,low
264,11011,forehead,516.4,195.0,857.2,502.4,805.5,333.7,1231.6,718.0,3ccY8jYkI5o.004.mp4,1280,720,23.976,367,emotional_stability,low
264,11011,chin,517.3,373.8,857.2,611.1,806.7,557.2,1231.6,853.9,3ccY8jYkI5o.004.mp4,1280,720,23.976,367,emotional_stability,low
264,11011,left_cheek,493.0,356.5,571.1,491.1,776.2,535.6,873.9,703.9,3ccY8jYkI5o.004.mp4,1280,720,23.976,367,emotional_stability,low
264,11011,right_cheek,680.6,351.5,811.6,497.0,1010.8,529.4,1174.6,711.2,3ccY8jYkI5o.004.mp4,1280,720,23.976,367,emotional_stability,low
265,11052,left_eye,513.8,263.5,600.1,337.3,802.2,419.4,910.1,511.7,3ccY8jYkI5o.004.mp4,1280,720,23.976,367,emotional_stability,low
265,11052,right_eye,649.1,251.8,786.4,327.5,971.4,404.7,1143.0,499.3,3ccY8jYkI5o.004.mp4,1280,720,23.976,367,emotional_stability,low
265,11052,nose,557.1,300.7,662.7,418.7,856.4,465.9,988.4,613.4,3ccY8jYkI5o.004.mp4,1280,720,23.976,367,emotional_stability,low
265,11052,mouth,549.6,438.6,720.7,528.8,847.0,638.3,1060.8,751.0,3ccY8jYkI5o.004.mp4,1280,720,23.976,367,emotional_stability,low
265,11052,forehead,516.3,194.0,857.4,502.1,805.4,332.5,1231.8,717.7,3ccY8jYkI5o.004.mp4,1280,720,23.976,367,emotional_stability,low
265,11052,chin,517.3,373.6,857.4,610.7,806.6,557.0,1231.8,853.4,3ccY8jYkI5o.004.mp4,1280,720,23.976,367,emotional_stability,low
265,11052,left_cheek,492.5,355.3,569.9,490.1,775.6,534.2,872.4,702.6,3ccY8jYkI5o.004.mp4,1280,720,23.976,367,emotional_stability,low
265,11052,right_cheek,679.7,349.8,811.2,495.5,1009.6,527.2,1174.0,709.4,3ccY8jYkI5o.004.mp4,1280,720,23.976,367,emotional_stability,low
266,11094,left_eye,513.8,262.0,599.9,336.4,802.2,417.5,909.8,510.5,3ccY8jYkI5o.004.mp4,1280,720,23.976,367,emotional_stability,low
266,11094,right_eye,648.9,250.3,786.2,326.5,971.1,402.8,1142.8,498.1,3ccY8jYkI5o.004.mp4,1280,720,23.976,367,emotional_stability,low
266,11094,nose,557.1,299.5,662.4,417.6,856.4,464.3,988.0,612.1,3ccY8jYkI5o.004.mp4,1280,720,23.976,367,emotional_stability,low
266,11094,mouth,549.6,437.6,720.2,528.0,847.0,636.9,1060.3,749.9,3ccY8jYkI5o.004.mp4,1280,720,23.976,367,emotional_stability,low
266,11094,forehead,516.4,192.6,857.3,502.0,805.5,330.8,1231.7,717.5,3ccY8jYkI5o.004.mp4,1280,720,23.976,367,emotional_stability,low
266,11094,chin,517.4,373.2,857.3,609.4,806.7,556.5,1231.7,851.8,3ccY8jYkI5o.004.mp4,1280,720,23.976,367,emotional_stability,low
266,11094,left_cheek,492.5,354.4,569.8,489.2,775.6,533.0,872.2,701.5,3ccY8jYkI5o.004.mp4,1280,720,23.976,367,emotional_stability,low
266,11094,right_cheek,679.5,348.7,810.9,494.4,1009.4,525.9,1173.7,708.0,3ccY8jYkI5o.004.mp4,1280,720,23.976,367,emotional_stability,low
267,11136,left_eye,514.3,261.2,600.0,335.7,802.9,416.5,910.0,509.7,3ccY8jYkI5o.004.mp4,1280,720,23.976,367,emotional_stability,low
267,11136,right_eye,649.1,250.1,786.6,326.3,971.4,402.6,1143.3,497.8,3ccY8jYkI5o.004.mp4,1280,720,23.976,367,emotional_stability,low
267,11136,nose,557.7,299.0,662.6,417.5,857.1,463.8,988.3,611.9,3ccY8jYkI5o.004.mp4,1280,720,23.976,367,emotional_stability,low
267,11136,mouth,549.6,437.7,720.3,527.0,847.0,637.1,1060.4,748.8,3ccY8jYkI5o.004.mp4,1280,720,23.976,367,emotional_stability,low
267,11136,forehead,517.0,192.0,858.1,501.8,806.3,330.0,1232.6,717.2,3ccY8jYkI5o.004.mp4,1280,720,23.976,367,emotional_stability,low
267,11136,chin,517.9,373.1,858.1,606.8,807.4,556.4,1232.6,848.5,3ccY8jYkI5o.004.mp4,1280,720,23.976,367,emotional_stability,low
267,11136,left_cheek,492.6,353.9,570.0,488.7,775.7,532.4,872.5,700.8,3ccY8jYkI5o.004.mp4,1280,720,23.976,367,emotional_stability,low
267,11136,right_cheek,679.7,348.6,811.2,494.0,1009.7,525.8,1173.9,707.4,3ccY8jYkI5o.004.mp4,1280,720,23.976,367,emotional_stability,low
268,11177,left_eye,515.1,260.1,600.1,334.7,803.8,415.1,910.1,508.4,3ccY8jYkI5o.004.mp4,1280,720,23.976,367,emotional_stability,low
268,11177,right_eye,649.4,249.3,787.6,325.8,971.8,401.6,1144.5,497.3,3ccY8jYkI5o.004.mp4,1280,720,23.976,367,emotional_stability,low
268,11177,nose,557.9,298.2,662.8,417.2,857.4,462.7,988.5,611.4,3ccY8jYkI5o.004.mp4,1280,720,23.976,367,emotional_stability,low
268,11177,mouth,549.7,437.5,721.8,526.3,847.1,636.9,1062.3,747.8,3ccY8jYkI5o.004.mp4,1280,720,23.976,367,emotional_stability,low
268,11177,forehead,517.8,190.9,859.1,502.0,807.3,328.6,1233.9,717.5,3ccY8jYkI5o.004.mp4,1280,720,23.976,367,emotional_stability,low
268,11177,chin,518.4,373.0,859.1,607.2,808.0,556.3,1233.9,849.0,3ccY8jYkI5o.004.mp4,1280,720,23.976,367,emotional_stability,low
268,11177,left_cheek,492.6,352.9,570.2,488.0,775.7,531.1,872.8,700.0,3ccY8jYkI5o.004.mp4,1280,720,23.976,367,emotional_stability,low
268,11177,right_cheek,679.8,348.4,811.7,493.9,1009.8,525.5,1174.6,707.4,3ccY8jYkI5o.004.mp4,1280,720,23.976,367,emotional_stability,low
269,11219,left_eye,516.4,259.3,601.0,334.3,805.5,414.1,911.2,507.8,3ccY8jYkI5o.004.mp4,1280,720,23.976,367,emotional_stability,low
269,11219,right_eye,650.7,249.1,789.2,325.7,973.4,401.4,1146.6,497.2,3ccY8jYkI5o.004.mp4,1280,720,23.976,367,emotional_stability,low
269,11219,nose,558.2,297.7,663.0,417.0,857.7,462.1,988.7,611.2,3ccY8jYkI5o.004.mp4,1280,720,23.976,367,emotional_stability,low
269,11219,mouth,550.0,437.2,723.4,526.7,847.5,636.5,1064.2,748.3,3ccY8jYkI5o.004.mp4,1280,720,23.976,367,emotional_stability,low
269,11219,forehead,519.2,190.1,862.2,502.1,809.0,327.6,1237.7,717.7,3ccY8jYkI5o.004.mp4,1280,720,23.976,367,emotional_stability,low
269,11219,chin,520.2,373.0,862.2,607.4,810.3,556.2,1237.7,849.3,3ccY8jYkI5o.004.mp4,1280,720,23.976,367,emotional_stability,low
269,11219,left_cheek,493.7,352.6,570.7,488.0,777.2,530.7,873.4,700.0,3ccY8jYkI5o.004.mp4,1280,720,23.976,367,emotional_stability,low
269,11219,right_cheek,680.9,348.4,813.5,494.2,1011.1,525.5,1176.8,707.7,3ccY8jYkI5o.004.mp4,1280,720,23.976,367,emotional_stability,low
270,11261,left_eye,518.4,259.1,602.8,333.7,807.9,413.9,913.5,507.1,3ccY8jYkI5o.004.mp4,1280,720,23.976,367,emotional_stability,low
270,11261,right_eye,652.7,249.3,791.3,325.8,975.8,401.6,1149.1,497.3,3ccY8jYkI5o.004.mp4,1280,720,23.976,367,emotional_stability,low
270,11261,nose,559.7,297.7,664.0,417.0,859.6,462.1,990.0,611.2,3ccY8jYkI5o.004.mp4,1280,720,23.976,367,emotional_stability,low
270,11261,mouth,551.8,436.9,723.2,527.0,849.7,636.1,1064.1,748.8,3ccY8jYkI5o.004.mp4,1280,720,23.976,367,emotional_stability,low
270,11261,forehead,521.4,190.0,864.4,502.7,811.8,327.6,1240.5,718.4,3ccY8jYkI5o.004.mp4,1280,720,23.976,367,emotional_stability,low
270,11261,chin,521.6,372.9,864.4,607.2,811.9,556.2,1240.5,849.1,3ccY8jYkI5o.004.mp4,1280,720,23.976,367,emotional_stability,low
270,11261,left_cheek,495.3,352.2,572.4,487.8,779.1,530.3,875.5,699.7,3ccY8jYkI5o.004.mp4,1280,720,23.976,367,emotional_stability,low
270,11261,right_cheek,682.4,348.4,815.4,494.5,1013.0,525.6,1179.3,708.1,3ccY8jYkI5o.004.mp4,1280,720,23.976,367,emotional_stability,low
271,11302,left_eye,520.6,259.2,605.0,333.6,810.7,414.1,916.2,507.0,3ccY8jYkI5o.004.mp4,1280,720,23.976,367,emotional_stability,low
271,11302,right_eye,654.4,249.4,792.6,325.9,978.0,401.8,1150.7,497.4,3ccY8jYkI5o.004.mp4,1280,720,23.976,367,emotional_stability,low
271,11302,nose,560.8,297.9,666.0,417.1,861.1,462.4,992.5,611.4,3ccY8jYkI5o.004.mp4,1280,720,23.976,367,emotional_stability,low
271,11302,mouth,554.1,436.9,720.1,525.4,852.6,636.1,1060.2,746.7,3ccY8jYkI5o.004.mp4,1280,720,23.976,367,emotional_stability,low
271,11302,forehead,522.9,190.2,866.0,502.7,813.6,327.8,1242.5,718.3,3ccY8jYkI5o.004.mp4,1280,720,23.976,367,emotional_stability,low
271,11302,chin,522.9,372.9,866.0,604.0,813.6,556.1,1242.5,845.0,3ccY8jYkI5o.004.mp4,1280,720,23.976,367,emotional_stability,low
271,11302,left_cheek,497.5,352.2,574.2,487.2,781.9,530.3,877.7,699.0,3ccY8jYkI5o.004.mp4,1280,720,23.976,367,emotional_stability,low
271,11302,right_cheek,684.1,348.6,817.3,494.5,1015.2,525.8,1181.6,708.1,3ccY8jYkI5o.004.mp4,1280,720,23.976,367,emotional_stability,low
272,11344,left_eye,523.3,259.4,606.5,333.5,814.2,414.3,918.1,506.9,3ccY8jYkI5o.004.mp4,1280,720,23.976,367,emotional_stability,low
272,11344,right_eye,655.5,249.7,793.4,325.9,979.4,402.2,1151.8,497.4,3ccY8jYkI5o.004.mp4,1280,720,23.976,367,emotional_stability,low
272,11344,nose,562.1,298.2,667.0,417.6,862.6,462.8,993.8,612.0,3ccY8jYkI5o.004.mp4,1280,720,23.976,367,emotional_stability,low
272,11344,mouth,554.5,436.8,715.6,518.6,853.2,636.0,1054.6,738.3,3ccY8jYkI5o.004.mp4,1280,720,23.976,367,emotional_stability,low
272,11344,forehead,524.7,190.4,867.8,502.6,815.9,327.9,1244.7,718.3,3ccY8jYkI5o.004.mp4,1280,720,23.976,367,emotional_stability,low
272,11344,chin,524.7,372.9,867.8,597.6,815.9,556.1,1244.7,837.0,3ccY8jYkI5o.004.mp4,1280,720,23.976,367,emotional_stability,low
272,11344,left_cheek,499.7,352.2,575.8,485.8,784.7,530.3,879.8,697.3,3ccY8jYkI5o.004.mp4,1280,720,23.976,367,emotional_stability,low
272,11344,right_cheek,685.0,349.6,818.1,494.5,1016.2,527.0,1182.6,708.1,3ccY8jYkI5o.004.mp4,1280,720,23.976,367,emotional_stability,low
273,11386,left_eye,525.3,259.8,607.6,333.6,816.6,414.8,919.5,507.0,3ccY8jYkI5o.004.mp4,1280,720,23.976,367,emotional_stability,low
273,11386,right_eye,657.6,251.2,795.2,326.8,982.0,404.0,1154.0,498.5,3ccY8jYkI5o.004.mp4,1280,720,23.976,367,emotional_stability,low
273,11386,nose,563.9,299.3,667.8,418.8,864.9,464.1,994.7,613.5,3ccY8jYkI5o.004.mp4,1280,720,23.976,367,emotional_stability,low
273,11386,mouth,555.6,437.5,713.6,518.7,854.5,636.9,1052.0,738.3,3ccY8jYkI5o.004.mp4,1280,720,23.976,367,emotional_stability,low
273,11386,forehead,525.3,190.5,869.0,503.9,816.6,328.1,1246.2,719.8,3ccY8jYkI5o.004.mp4,1280,720,23.976,367,emotional_stability,low
273,11386,chin,525.3,373.2,869.0,599.2,816.6,556.5,1246.2,839.0,3ccY8jYkI5o.004.mp4,1280,720,23.976,367,emotional_stability,low
273,11386,left_cheek,501.3,352.3,577.6,485.9,786.6,530.4,882.0,697.4,3ccY8jYkI5o.004.mp4,1280,720,23.976,367,emotional_stability,low
273,11386,right_cheek,686.0,351.1,818.9,495.8,1017.5,528.9,1183.7,709.7,3ccY8jYkI5o.004.mp4,1280,720,23.976,367,emotional_stability,low
274,11428,left_eye,525.7,261.2,608.5,334.5,817.1,416.5,920.6,508.1,3ccY8jYkI5o.004.mp4,1280,720,23.976,367,emotional_stability,low
274,11428,right_eye,658.8,253.8,796.2,328.8,983.5,407.2,1155.3,501.0,3ccY8jYkI5o.004.mp4,1280,720,23.976,367,emotional_stability,low
274,11428,nose,564.2,301.6,668.6,421.0,865.2,467.1,995.7,616.3,3ccY8jYkI5o.004.mp4,1280,720,23.976,367,emotional_stability,low
274,11428,mouth,555.5,438.5,713.0,519.8,854.4,638.2,1051.2,739.8,3ccY8jYkI5o.004.mp4,1280,720,23.976,367,emotional_stability,low
274,11428,forehead,525.0,192.0,868.7,504.1,816.3,330.0,1245.9,720.1,3ccY8jYkI5o.004.mp4,1280,720,23.976,367,emotional_stability,low
274,11428,chin,525.0,373.1,868.7,599.6,816.3,556.4,1245.9,839.4,3ccY8jYkI5o.004.mp4,1280,720,23.976,367,emotional_stability,low
274,11428,left_cheek,501.1,353.2,578.0,486.0,786.4,531.5,882.5,697.5,3ccY8jYkI5o.004.mp4,1280,720,23.976,367,emotional_stability,low
274,11428,right_cheek,686.8,353.5,819.4,497.0,1018.5,531.9,1184.3,711.2,3ccY8jYkI5o.004.mp4,1280,720,23.976,367,emotional_stability,low
275,11469,left_eye,525.9,262.4,608.6,335.4,817.3,418.0,920.8,509.3,3ccY8jYkI5o.004.mp4,1280,720,23.976,367,emotional_stability,low
275,11469,right_eye,659.1,255.6,796.4,330.8,983.9,409.5,1155.5,503.5,3ccY8jYkI5o.004.mp4,1280,720,23.976,367,emotional_stability,low
275,11469,nose,564.7,303.6,668.9,424.1,865.8,469.5,996.1,620.2,3ccY8jYkI5o.004.mp4,1280,720,23.976,367,emotional_stability,low
275,11469,mouth,556.3,441.7,710.9,522.5,855.3,642.1,1048.7,743.1,3ccY8jYkI5o.004.mp4,1280,720,23.976,367,emotional_stability,low
275,11469,forehead,525.1,193.0,868.6,505.1,816.4,331.2,1245.7,721.3,3ccY8jYkI5o.004.mp4,1280,720,23.976,367,emotional_stability,low
275,11469,chin,525.1,373.2,868.6,600.5,816.4,556.5,1245.7,840.7,3ccY8jYkI5o.004.mp4,1280,720,23.976,367,emotional_stability,low
275,11469,left_cheek,501.2,354.3,578.4,487.1,786.4,532.8,882.9,698.9,3ccY8jYkI5o.004.mp4,1280,720,23.976,367,emotional_stability,low
275,11469,right_cheek,686.9,355.6,819.4,499.0,1018.6,534.5,1184.3,713.7,3ccY8jYkI5o.004.mp4,1280,720,23.976,367,emotional_stability,low
276,11511,left_eye,525.8,263.8,609.2,336.8,817.3,419.7,921.5,511.0,3ccY8jYkI5o.004.mp4,1280,720,23.976,367,emotional_stability,low
276,11511,right_eye,659.8,257.5,797.5,332.6,984.7,411.9,1156.9,505.7,3ccY8jYkI5o.004.mp4,1280,720,23.976,367,emotional_stability,low
276,11511,nose,565.2,305.2,669.8,426.4,866.5,471.6,997.2,623.0,3ccY8jYkI5o.004.mp4,1280,720,23.976,367,emotional_stability,low
276,11511,mouth,557.7,445.1,708.8,525.5,857.1,646.4,1046.0,746.8,3ccY8jYkI5o.004.mp4,1280,720,23.976,367,emotional_stability,low
276,11511,forehead,525.0,194.4,869.6,505.3,816.2,333.0,1247.0,721.6,3ccY8jYkI5o.004.mp4,1280,720,23.976,367,emotional_stability,low
276,11511,chin,525.0,373.1,869.6,601.2,816.2,556.3,1247.0,841.5,3ccY8jYkI5o.004.mp4,1280,720,23.976,367,emotional_stability,low
276,11511,left_cheek,501.1,355.3,578.8,487.9,786.4,534.1,883.6,699.9,3ccY8jYkI5o.004.mp4,1280,720,23.976,367,emotional_stability,low
276,11511,right_cheek,687.6,357.4,820.5,500.4,1019.5,536.8,1185.7,715.5,3ccY8jYkI5o.004.mp4,1280,720,23.976,367,emotional_stability,low
277,11553,left_eye,525.5,264.6,609.0,337.4,816.9,420.8,921.2,511.7,3ccY8jYkI5o.004.mp4,1280,720,23.976,367,emotional_stability,low
277,11553,right_eye,659.5,258.8,797.3,333.6,984.3,413.5,1156.6,507.0,3ccY8jYkI5o.004.mp4,1280,720,23.976,367,emotional_stability,low
277,11553,nose,565.1,306.2,669.7,427.1,866.4,472.7,997.1,623.9,3ccY8jYkI5o.004.mp4,1280,720,23.976,367,emotional_stability,low
277,11553,mouth,557.5,446.7,706.4,529.9,856.9,648.4,1043.0,752.4,3ccY8jYkI5o.004.mp4,1280,720,23.976,367,emotional_stability,low
277,11553,forehead,524.9,196.1,868.1,505.3,816.2,335.1,1245.1,721.6,3ccY8jYkI5o.004.mp4,1280,720,23.976,367,emotional_stability,low
277,11553,chin,524.9,372.5,868.1,602.8,816.2,555.6,1245.1,843.6,3ccY8jYkI5o.004.mp4,1280,720,23.976,367,emotional_stability,low
277,11553,left_cheek,501.0,355.7,578.6,488.1,786.3,534.6,883.3,700.2,3ccY8jYkI5o.004.mp4,1280,720,23.976,367,emotional_stability,low
277,11553,right_cheek,687.4,358.5,819.8,501.1,1019.2,538.1,1184.7,716.4,3ccY8jYkI5o.004.mp4,1280,720,23.976,367,emotional_stability,low
278,11594,left_eye,525.5,265.3,609.0,338.4,816.9,421.6,921.2,513.0,3ccY8jYkI5o.004.mp4,1280,720,23.976,367,emotional_stability,low
278,11594,right_eye,659.6,260.4,796.9,334.8,984.5,415.5,1156.2,508.5,3ccY8jYkI5o.004.mp4,1280,720,23.976,367,emotional_stability,low
278,11594,nose,566.7,307.2,670.3,428.1,868.3,474.0,997.8,625.1,3ccY8jYkI5o.004.mp4,1280,720,23.976,367,emotional_stability,low
278,11594,mouth,559.3,447.7,706.6,532.3,859.1,649.6,1043.3,755.4,3ccY8jYkI5o.004.mp4,1280,720,23.976,367,emotional_stability,low
278,11594,forehead,524.8,197.2,868.1,505.9,816.0,336.5,1245.1,722.3,3ccY8jYkI5o.004.mp4,1280,720,23.976,367,emotional_stability,low
278,11594,chin,524.8,372.4,868.1,604.6,816.0,555.5,1245.1,845.7,3ccY8jYkI5o.004.mp4,1280,720,23.976,367,emotional_stability,low
278,11594,left_cheek,501.8,356.5,579.3,489.1,787.2,535.7,884.1,701.3,3ccY8jYkI5o.004.mp4,1280,720,23.976,367,emotional_stability,low
278,11594,right_cheek,687.6,359.8,819.6,503.0,1019.5,539.8,1184.5,718.7,3ccY8jYkI5o.004.mp4,1280,720,23.976,367,emotional_stability,low
279,11636,left_eye,525.5,265.2,609.4,338.4,816.9,421.5,921.8,513.0,3ccY8jYkI5o.004.mp4,1280,720,23.976,367,emotional_stability,low
279,11636,right_eye,660.0,260.4,796.7,334.8,985.0,415.5,1155.9,508.6,3ccY8jYkI5o.004.mp4,1280,720,23.976,367,emotional_stability,low
279,11636,nose,568.3,307.0,671.0,427.6,870.4,473.8,998.8,624.5,3ccY8jYkI5o.004.mp4,1280,720,23.976,367,emotional_stability,low
279,11636,mouth,560.7,447.0,707.5,532.4,860.8,648.7,1044.4,755.4,3ccY8jYkI5o.004.mp4,1280,720,23.976,367,emotional_stability,low
279,11636,forehead,524.8,197.6,866.6,506.0,816.0,337.0,1243.2,722.5,3ccY8jYkI5o.004.mp4,1280,720,23.976,367,emotional_stability,low
279,11636,chin,524.8,372.0,866.6,605.9,816.0,555.0,1243.2,847.3,3ccY8jYkI5o.004.mp4,1280,720,23.976,367,emotional_stability,low
279,11636,left_cheek,502.4,356.5,580.3,489.1,788.1,535.7,885.4,701.3,3ccY8jYkI5o.004.mp4,1280,720,23.976,367,emotional_stability,low
279,11636,right_cheek,687.9,359.6,819.6,503.0,1019.9,539.5,1184.5,718.8,3ccY8jYkI5o.004.mp4,1280,720,23.976,367,emotional_stability,low
280,11678,left_eye,525.4,265.2,609.4,338.5,816.8,421.6,921.8,513.1,3ccY8jYkI5o.004.mp4,1280,720,23.976,367,emotional_stability,low
280,11678,right_eye,660.1,261.0,796.6,335.4,985.1,416.2,1155.7,509.3,3ccY8jYkI5o.004.mp4,1280,720,23.976,367,emotional_stability,low
280,11678,nose,568.6,307.2,671.5,427.8,870.7,474.0,999.4,624.8,3ccY8jYkI5o.004.mp4,1280,720,23.976,367,emotional_stability,low
280,11678,mouth,560.3,446.5,710.4,532.8,860.4,648.2,1047.9,756.0,3ccY8jYkI5o.004.mp4,1280,720,23.976,367,emotional_stability,low
280,11678,forehead,524.7,198.0,865.8,507.5,815.9,337.5,1242.3,724.4,3ccY8jYkI5o.004.mp4,1280,720,23.976,367,emotional_stability,low
280,11678,chin,524.7,372.3,865.8,607.4,815.9,555.4,1242.3,849.2,3ccY8jYkI5o.004.mp4,1280,720,23.976,367,emotional_stability,low
280,11678,left_cheek,502.4,356.6,580.4,489.6,788.1,535.8,885.5,702.1,3ccY8jYkI5o.004.mp4,1280,720,23.976,367,emotional_stability,low
280,11678,right_cheek,688.2,360.0,819.5,504.0,1020.2,540.0,1184.4,720.0,3ccY8jYkI5o.004.mp4,1280,720,23.976,367,emotional_stability,low
281,11720,left_eye,525.4,265.2,610.1,338.5,816.8,421.5,922.6,513.1,3ccY8jYkI5o.004.mp4,1280,720,23.976,367,emotional_stability,low
281,11720,right_eye,660.8,261.1,797.0,335.4,986.0,416.4,1156.3,509.2,3ccY8jYkI5o.004.mp4,1280,720,23.976,367,emotional_stability,low
281,11720,nose,568.8,307.1,672.9,428.2,870.9,473.9,1001.2,625.3,3ccY8jYkI5o.004.mp4,1280,720,23.976,367,emotional_stability,low
281,11720,mouth,560.2,446.3,716.6,532.8,860.2,647.9,1055.8,756.0,3ccY8jYkI5o.004.mp4,1280,720,23.976,367,emotional_stability,low
281,11720,forehead,524.6,197.8,865.8,507.9,815.7,337.3,1242.3,724.9,3ccY8jYkI5o.004.mp4,1280,720,23.976,367,emotional_stability,low
281,11720,chin,524.6,372.3,865.8,608.7,815.7,555.4,1242.3,850.9,3ccY8jYkI5o.004.mp4,1280,720,23.976,367,emotional_stability,low
281,11720,left_cheek,502.4,356.6,580.8,490.0,787.9,535.8,886.0,702.5,3ccY8jYkI5o.004.mp4,1280,720,23.976,367,emotional_stability,low
281,11720,right_cheek,689.1,359.9,819.7,504.1,1021.4,539.8,1184.6,720.1,3ccY8jYkI5o.004.mp4,1280,720,23.976,367,emotional_stability,low
282,11761,left_eye,525.8,265.0,611.9,337.6,817.2,421.2,924.9,511.9,3ccY8jYkI5o.004.mp4,1280,720,23.976,367,emotional_stability,low
282,11761,right_eye,663.3,261.8,798.1,335.3,989.1,417.3,1157.6,509.1,3ccY8jYkI5o.004.mp4,1280,720,23.976,367,emotional_stability,low
282,11761,nose,570.6,307.1,675.4,428.0,873.3,473.9,1004.2,625.0,3ccY8jYkI5o.004.mp4,1280,720,23.976,367,emotional_stability,low
282,11761,mouth,560.3,444.6,719.3,531.1,860.3,645.7,1059.2,753.9,3ccY8jYkI5o.004.mp4,1280,720,23.976,367,emotional_stability,low
282,11761,forehead,524.5,198.8,865.8,507.5,815.7,338.4,1242.2,724.4,3ccY8jYkI5o.004.mp4,1280,720,23.976,367,emotional_stability,low
282,11761,chin,524.5,371.3,865.8,603.1,815.7,554.2,1242.2,843.9,3ccY8jYkI5o.004.mp4,1280,720,23.976,367,emotional_stability,low
282,11761,left_cheek,502.5,355.0,582.7,487.5,788.1,533.8,888.4,699.3,3ccY8jYkI5o.004.mp4,1280,720,23.976,367,emotional_stability,low
282,11761,right_cheek,690.8,359.7,819.8,502.9,1023.5,539.6,1184.8,718.6,3ccY8jYkI5o.004.mp4,1280,720,23.976,367,emotional_stability,low
283,11803,left_eye,523.6,265.4,612.4,338.2,814.5,421.8,925.5,512.8,3ccY8jYkI5o.004.mp4,1280,720,23.976,367,emotional_stability,low
283,11803,right_eye,666.0,264.1,798.2,339.3,992.5,420.1,1157.8,514.1,3ccY8jYkI5o.004.mp4,1280,720,23.976,367,emotional_stability,low
283,11803,nose,572.0,309.6,679.6,430.3,875.0,477.1,1009.5,627.9,3ccY8jYkI5o.004.mp4,1280,720,23.976,367,emotional_stability,low
283,11803,mouth,560.2,445.0,722.4,530.5,860.2,646.3,1063.0,753.1,3ccY8jYkI5o.004.mp4,1280,720,23.976,367,emotional_stability,low
283,11803,forehead,520.0,201.8,859.6,507.9,810.0,342.2,1234.5,724.9,3ccY8jYkI5o.004.mp4,1280,720,23.976,367,emotional_stability,low
283,11803,chin,520.0,372.2,859.6,603.0,810.0,555.2,1234.5,843.8,3ccY8jYkI5o.004.mp4,1280,720,23.976,367,emotional_stability,low
283,11803,left_cheek,501.0,355.3,583.2,487.2,786.3,534.1,888.9,699.0,3ccY8jYkI5o.004.mp4,1280,720,23.976,367,emotional_stability,low
283,11803,right_cheek,692.4,361.4,818.9,502.8,1025.6,541.7,1183.6,718.5,3ccY8jYkI5o.004.mp4,1280,720,23.976,367,emotional_stability,low
284,11845,left_eye,515.3,265.5,611.0,338.3,804.1,421.8,923.7,512.8,3ccY8jYkI5o.004.mp4,1280,720,23.976,367,emotional_stability,low
284,11845,right_eye,667.4,266.4,797.7,340.8,994.3,423.0,1157.2,516.0,3ccY8jYkI5o.004.mp4,1280,720,23.976,367,emotional_stability,low
284,11845,nose,572.7,311.3,680.7,432.4,875.9,479.1,1010.9,630.4,3ccY8jYkI5o.004.mp4,1280,720,23.976,367,emotional_stability,low
284,11845,mouth,557.6,447.9,721.4,532.5,857.0,649.9,1061.8,755.6,3ccY8jYkI5o.004.mp4,1280,720,23.976,367,emotional_stability,low
284,11845,forehead,508.6,204.3,846.1,508.2,795.8,345.4,1217.6,725.2,3ccY8jYkI5o.004.mp4,1280,720,23.976,367,emotional_stability,low
284,11845,chin,508.6,372.1,845.6,608.1,795.8,555.1,1217.1,850.1,3ccY8jYkI5o.004.mp4,1280,720,23.976,367,emotional_stability,low
284,11845,left_cheek,494.6,355.4,582.8,487.3,778.3,534.3,888.5,699.1,3ccY8jYkI5o.004.mp4,1280,720,23.976,367,emotional_stability,low
284,11845,right_cheek,692.6,363.0,814.3,503.6,1025.8,543.8,1177.9,719.6,3ccY8jYkI5o.004.mp4,1280,720,23.976,367,emotional_stability,low
285,11886,left_eye,510.8,264.9,611.1,338.3,798.5,421.1,923.9,512.8,3ccY8jYkI5o.004.mp4,1280,720,23.976,367,emotional_stability,low
285,11886,right_eye,670.2,267.1,797.1,341.3,997.7,423.9,1156.4,516.6,3ccY8jYkI5o.004.mp4,1280,720,23.976,367,emotional_stability,low
285,11886,nose,575.2,311.7,684.4,434.2,879.0,479.6,1015.5,632.8,3ccY8jYkI5o.004.mp4,1280,720,23.976,367,emotional_stability,low
285,11886,mouth,557.4,454.6,720.5,535.8,856.8,658.3,1060.7,759.8,3ccY8jYkI5o.004.mp4,1280,720,23.976,367,emotional_stability,low
285,11886,forehead,500.4,204.3,835.9,504.7,785.5,345.4,1204.9,720.8,3ccY8jYkI5o.004.mp4,1280,720,23.976,367,emotional_stability,low
285,11886,chin,500.4,369.4,834.8,607.0,785.5,551.7,1203.6,848.8,3ccY8jYkI5o.004.mp4,1280,720,23.976,367,emotional_stability,low
285,11886,left_cheek,494.0,356.4,582.7,488.5,777.5,535.5,888.3,700.6,3ccY8jYkI5o.004.mp4,1280,720,23.976,367,emotional_stability,low
285,11886,right_cheek,694.2,365.4,811.0,503.9,1027.8,546.7,1173.7,719.8,3ccY8jYkI5o.004.mp4,1280,720,23.976,367,emotional_stability,low
286,11928,left_eye,508.2,264.8,611.0,339.2,795.2,421.0,923.8,514.0,3ccY8jYkI5o.004.mp4,1280,720,23.976,367,emotional_stability,low
286,11928,right_eye,670.6,268.2,793.1,342.5,998.3,425.3,1151.3,518.1,3ccY8jYkI5o.004.mp4,1280,720,23.976,367,emotional_stability,low
286,11928,nose,578.1,312.6,686.5,436.6,882.7,480.7,1018.1,635.8,3ccY8jYkI5o.004.mp4,1280,720,23.976,367,emotional_stability,low
286,11928,mouth,558.7,460.0,714.8,534.6,858.4,665.1,1053.5,758.3,3ccY8jYkI5o.004.mp4,1280,720,23.976,367,emotional_stability,low
286,11928,forehead,495.7,205.2,825.8,499.9,779.6,346.5,1192.3,714.8,3ccY8jYkI5o.004.mp4,1280,720,23.976,367,emotional_stability,low
286,11928,chin,495.7,367.9,824.6,599.5,779.6,549.9,1190.8,839.3,3ccY8jYkI5o.004.mp4,1280,720,23.976,367,emotional_stability,low
286,11928,left_cheek,494.1,358.5,583.0,489.3,777.6,538.1,888.8,701.6,3ccY8jYkI5o.004.mp4,1280,720,23.976,367,emotional_stability,low
286,11928,right_cheek,694.5,367.3,805.3,503.5,1028.1,549.2,1166.6,719.4,3ccY8jYkI5o.004.mp4,1280,720,23.976,367,emotional_stability,low
287,11970,left_eye,506.5,268.8,610.9,342.5,793.1,426.0,923.7,518.1,3ccY8jYkI5o.004.mp4,1280,720,23.976,367,emotional_stability,low
287,11970,right_eye,669.9,271.0,788.0,344.8,997.4,428.8,1145.0,521.0,3ccY8jYkI5o.004.mp4,1280,720,23.976,367,emotional_stability,low
287,11970,nose,581.1,315.1,688.2,438.5,886.3,483.9,1020.2,638.1,3ccY8jYkI5o.004.mp4,1280,720,23.976,367,emotional_stability,low
287,11970,mouth,562.8,463.2,712.7,534.0,863.5,669.0,1050.9,757.4,3ccY8jYkI5o.004.mp4,1280,720,23.976,367,emotional_stability,low
287,11970,forehead,492.2,208.7,818.3,497.3,775.3,350.8,1182.8,711.7,3ccY8jYkI5o.004.mp4,1280,720,23.976,367,emotional_stability,low
287,11970,chin,492.2,368.2,818.1,598.2,775.3,550.2,1182.7,837.7,3ccY8jYkI5o.004.mp4,1280,720,23.976,367,emotional_stability,low
287,11970,left_cheek,494.5,362.2,583.9,491.7,778.1,542.8,889.9,704.6,3ccY8jYkI5o.004.mp4,1280,720,23.976,367,emotional_stability,low
287,11970,right_cheek,694.4,368.9,800.7,503.0,1028.0,551.1,1160.8,718.7,3ccY8jYkI5o.004.mp4,1280,720,23.976,367,emotional_stability,low
288,12012,left_eye,503.9,272.5,610.0,346.3,789.8,430.6,922.5,522.9,3ccY8jYkI5o.004.mp4,1280,720,23.976,367,emotional_stability,low
288,12012,right_eye,669.5,274.2,788.1,347.9,996.9,432.8,1145.1,524.9,3ccY8jYkI5o.004.mp4,1280,720,23.976,367,emotional_stability,low
288,12012,nose,580.9,318.5,687.4,442.5,886.1,488.1,1019.2,643.2,3ccY8jYkI5o.004.mp4,1280,720,23.976,367,emotional_stability,low
288,12012,mouth,563.5,467.1,710.6,536.7,864.4,673.8,1048.2,760.9,3ccY8jYkI5o.004.mp4,1280,720,23.976,367,emotional_stability,low
288,12012,forehead,489.4,211.1,821.1,498.6,771.7,353.9,1186.4,713.2,3ccY8jYkI5o.004.mp4,1280,720,23.976,367,emotional_stability,low
288,12012,chin,489.4,369.6,821.1,600.0,771.7,552.0,1186.3,840.0,3ccY8jYkI5o.004.mp4,1280,720,23.976,367,emotional_stability,low
288,12012,left_cheek,493.0,365.5,583.8,496.0,776.3,546.9,889.7,710.0,3ccY8jYkI5o.004.mp4,1280,720,23.976,367,emotional_stability,low
288,12012,right_cheek,694.2,371.8,801.5,504.8,1027.8,554.8,1161.9,721.1,3ccY8jYkI5o.004.mp4,1280,720,23.976,367,emotional_stability,low
289,12053,left_eye,503.8,275.7,609.9,349.3,789.8,434.7,922.4,526.6,3ccY8jYkI5o.004.mp4,1280,720,23.976,367,emotional_stability,low
289,12053,right_eye,669.6,276.9,788.1,350.5,997.0,436.1,1145.1,528.1,3ccY8jYkI5o.004.mp4,1280,720,23.976,367,emotional_stability,low
289,12053,nose,580.9,321.4,688.7,445.7,886.2,491.7,1020.8,647.1,3ccY8jYkI5o.004.mp4,1280,720,23.976,367,emotional_stability,low
289,12053,mouth,564.6,469.4,710.7,543.0,865.7,676.8,1048.4,768.8,3ccY8jYkI5o.004.mp4,1280,720,23.976,367,emotional_stability,low
289,12053,forehead,490.0,213.9,820.1,499.1,772.5,357.4,1185.1,713.9,3ccY8jYkI5o.004.mp4,1280,720,23.976,367,emotional_stability,low
289,12053,chin,490.0,372.0,820.1,603.8,772.5,555.1,1185.1,844.7,3ccY8jYkI5o.004.mp4,1280,720,23.976,367,emotional_stability,low
289,12053,left_cheek,493.3,368.6,583.9,499.6,776.6,550.8,889.8,714.5,3ccY8jYkI5o.004.mp4,1280,720,23.976,367,emotional_stability,low
289,12053,right_cheek,694.4,373.9,801.5,506.6,1028.0,557.4,1161.9,723.3,3ccY8jYkI5o.004.mp4,1280,720,23.976,367,emotional_stability,low
290,12095,left_eye,504.9,275.7,610.4,350.1,791.2,434.6,923.0,527.7,3ccY8jYkI5o.004.mp4,1280,720,23.976,367,emotional_stability,low
290,12095,right_eye,670.9,277.5,788.4,350.9,998.6,436.8,1145.5,528.7,3ccY8jYkI5o.004.mp4,1280,720,23.976,367,emotional_stability,low
290,12095,nose,582.4,322.0,691.2,445.8,888.0,492.5,1024.0,647.3,3ccY8jYkI5o.004.mp4,1280,720,23.976,367,emotional_stability,low
290,12095,mouth,566.2,470.5,711.1,542.8,867.7,678.1,1048.8,768.5,3ccY8jYkI5o.004.mp4,1280,720,23.976,367,emotional_stability,low
290,12095,forehead,491.8,214.6,819.2,499.0,774.7,358.3,1184.0,713.7,3ccY8jYkI5o.004.mp4,1280,720,23.976,367,emotional_stability,low
290,12095,chin,491.8,372.8,819.1,605.0,774.7,556.0,1183.8,846.2,3ccY8jYkI5o.004.mp4,1280,720,23.976,367,emotional_stability,low
290,12095,left_cheek,493.6,369.5,584.9,500.4,777.0,551.9,891.1,715.6,3ccY8jYkI5o.004.mp4,1280,720,23.976,367,emotional_stability,low
290,12095,right_cheek,695.8,374.5,801.7,507.0,1029.7,558.1,1162.2,723.8,3ccY8jYkI5o.004.mp4,1280,720,23.976,367,emotional_stability,low
291,12137,left_eye,505.8,276.2,612.1,350.5,792.3,435.3,925.1,528.2,3ccY8jYkI5o.004.mp4,1280,720,23.976,367,emotional_stability,low
291,12137,right_eye,672.6,277.9,788.7,351.3,1000.8,437.4,1145.9,529.1,3ccY8jYkI5o.004.mp4,1280,720,23.976,367,emotional_stability,low
291,12137,nose,584.5,322.5,692.8,446.0,890.6,493.1,1026.1,647.5,3ccY8jYkI5o.004.mp4,1280,720,23.976,367,emotional_stability,low
291,12137,mouth,568.2,470.7,711.2,541.6,870.3,678.3,1049.0,767.0,3ccY8jYkI5o.004.mp4,1280,720,23.976,367,emotional_stability,low
291,12137,forehead,492.8,215.0,819.8,499.2,776.0,358.7,1184.7,714.0,3ccY8jYkI5o.004.mp4,1280,720,23.976,367,emotional_stability,low
291,12137,chin,492.8,373.5,819.8,604.9,776.0,556.9,1184.7,846.1,3ccY8jYkI5o.004.mp4,1280,720,23.976,367,emotional_stability,low
291,12137,left_cheek,495.0,370.0,586.8,500.6,778.8,552.5,893.5,715.8,3ccY8jYkI5o.004.mp4,1280,720,23.976,367,emotional_stability,low
291,12137,right_cheek,697.3,374.9,802.4,507.2,1031.6,558.6,1163.0,723.9,3ccY8jYkI5o.004.mp4,1280,720,23.976,367,emotional_stability,low
292,12178,left_eye,506.4,276.7,613.0,351.3,792.9,435.8,926.3,529.1,3ccY8jYkI5o.004.mp4,1280,720,23.976,367,emotional_stability,low
292,12178,right_eye,672.9,278.1,788.9,351.5,1001.2,437.6,1146.2,529.4,3ccY8jYkI5o.004.mp4,1280,720,23.976,367,emotional_stability,low
292,12178,nose,585.3,322.4,693.4,445.3,891.6,493.0,1026.8,646.7,3ccY8jYkI5o.004.mp4,1280,720,23.976,367,emotional_stability,low
292,12178,mouth,568.2,469.3,711.7,540.7,870.3,676.7,1049.6,765.9,3ccY8jYkI5o.004.mp4,1280,720,23.976,367,emotional_stability,low
292,12178,forehead,493.4,215.2,820.2,499.3,776.8,359.0,1185.3,714.2,3ccY8jYkI5o.004.mp4,1280,720,23.976,367,emotional_stability,low
292,12178,chin,493.4,375.3,820.2,604.8,776.8,559.2,1185.3,846.1,3ccY8jYkI5o.004.mp4,1280,720,23.976,367,emotional_stability,low
292,12178,left_cheek,495.3,370.7,587.6,500.4,779.1,553.4,894.5,715.5,3ccY8jYkI5o.004.mp4,1280,720,23.976,367,emotional_stability,low
292,12178,right_cheek,697.8,374.7,802.6,507.0,1032.2,558.4,1163.3,723.7,3ccY8jYkI5o.004.mp4,1280,720,23.976,367,emotional_stability,low
293,12220,left_eye,506.6,278.1,612.9,352.3,793.2,437.7,926.1,530.3,3ccY8jYkI5o.004.mp4,1280,720,23.976,367,emotional_stability,low
293,12220,right_eye,673.2,279.0,789.1,353.3,1001.6,438.8,1146.4,531.7,3ccY8jYkI5o.004.mp4,1280,720,23.976,367,emotional_stability,low
293,12220,nose,585.0,324.0,694.3,445.3,891.3,495.0,1027.9,646.7,3ccY8jYkI5o.004.mp4,1280,720,23.976,367,emotional_stability,low
293,12220,mouth,567.7,468.6,715.0,548.6,869.7,675.8,1053.7,775.7,3ccY8jYkI5o.004.mp4,1280,720,23.976,367,emotional_stability,low
293,12220,forehead,492.9,218.6,819.7,501.3,776.1,363.2,1184.7,716.6,3ccY8jYkI5o.004.mp4,1280,720,23.976,367,emotional_stability,low
293,12220,chin,492.9,378.9,819.7,609.5,776.1,563.7,1184.7,851.9,3ccY8jYkI5o.004.mp4,1280,720,23.976,367,emotional_stability,low
293,12220,left_cheek,495.7,371.9,587.5,501.6,779.6,554.9,894.3,716.9,3ccY8jYkI5o.004.mp4,1280,720,23.976,367,emotional_stability,low
293,12220,right_cheek,698.2,375.6,802.6,507.8,1032.8,559.5,1163.3,724.8,3ccY8jYkI5o.004.mp4,1280,720,23.976,367,emotional_stability,low
294,12262,left_eye,506.2,280.0,612.8,355.2,792.7,440.0,926.0,534.0,3ccY8jYkI5o.004.mp4,1280,720,23.976,367,emotional_stability,low
294,12262,right_eye,673.2,280.8,789.0,354.9,1001.4,441.0,1146.2,533.6,3ccY8jYkI5o.004.mp4,1280,720,23.976,367,emotional_stability,low
294,12262,nose,584.9,325.9,693.6,445.6,891.2,497.3,1027.0,647.0,3ccY8jYkI5o.004.mp4,1280,720,23.976,367,emotional_stability,low
294,12262,mouth,566.5,468.5,717.7,560.4,868.1,675.7,1057.1,790.5,3ccY8jYkI5o.004.mp4,1280,720,23.976,367,emotional_stability,low
294,12262,forehead,492.6,221.4,817.3,501.3,775.7,366.7,1181.7,716.6,3ccY8jYkI5o.004.mp4,1280,720,23.976,367,emotional_stability,low
294,12262,chin,492.6,381.4,817.3,614.9,775.7,566.7,1181.7,858.6,3ccY8jYkI5o.004.mp4,1280,720,23.976,367,emotional_stability,low
294,12262,left_cheek,495.9,374.2,587.3,503.4,779.9,557.7,894.1,719.3,3ccY8jYkI5o.004.mp4,1280,720,23.976,367,emotional_stability,low
294,12262,right_cheek,698.0,376.1,801.2,508.1,1032.5,560.1,1161.5,725.1,3ccY8jYkI5o.004.mp4,1280,720,23.976,367,emotional_stability,low
295,12303,left_eye,505.8,282.6,612.7,357.6,792.3,443.3,925.9,537.0,3ccY8jYkI5o.004.mp4,1280,720,23.976,367,emotional_stability,low
295,12303,right_eye,673.2,282.5,788.7,355.9,1001.5,443.1,1145.9,534.9,3ccY8jYkI5o.004.mp4,1280,720,23.976,367,emotional_stability,low
295,12303,nose,584.8,327.6,693.5,446.6,890.9,499.5,1026.8,648.2,3ccY8jYkI5o.004.mp4,1280,720,23.976,367,emotional_stability,low
295,12303,mouth,566.3,468.8,720.9,565.3,867.9,676.0,1061.2,796.6,3ccY8jYkI5o.004.mp4,1280,720,23.976,367,emotional_stability,low
295,12303,forehead,492.9,223.9,816.3,500.9,776.2,369.9,1180.4,716.2,3ccY8jYkI5o.004.mp4,1280,720,23.976,367,emotional_stability,low
295,12303,chin,492.9,383.6,816.3,617.9,776.2,569.5,1180.4,862.4,3ccY8jYkI5o.004.mp4,1280,720,23.976,367,emotional_stability,low
295,12303,left_cheek,496.2,376.0,587.3,504.3,780.2,560.0,894.1,720.3,3ccY8jYkI5o.004.mp4,1280,720,23.976,367,emotional_stability,low
295,12303,right_cheek,697.8,376.3,800.2,508.0,1032.3,560.4,1160.2,725.0,3ccY8jYkI5o.004.mp4,1280,720,23.976,367,emotional_stability,low
296,12345,left_eye,505.4,282.9,612.7,358.9,791.7,443.7,925.9,538.6,3ccY8jYkI5o.004.mp4,1280,720,23.976,367,emotional_stability,low
296,12345,right_eye,673.1,282.2,787.8,355.9,1001.3,442.7,1144.7,534.8,3ccY8jYkI5o.004.mp4,1280,720,23.976,367,emotional_stability,low
296,12345,nose,584.8,328.1,693.7,447.9,891.0,500.1,1027.1,649.9,3ccY8jYkI5o.004.mp4,1280,720,23.976,367,emotional_stability,low
296,12345,mouth,566.5,469.1,721.9,562.8,868.1,676.3,1062.4,793.4,3ccY8jYkI5o.004.mp4,1280,720,23.976,367,emotional_stability,low
296,12345,forehead,493.3,224.0,814.8,499.6,776.6,370.0,1178.4,714.5,3ccY8jYkI5o.004.mp4,1280,720,23.976,367,emotional_stability,low
296,12345,chin,493.3,384.1,814.8,617.0,776.6,570.1,1178.4,861.2,3ccY8jYkI5o.004.mp4,1280,720,23.976,367,emotional_stability,low
296,12345,left_cheek,496.8,377.1,587.4,504.5,781.0,561.4,894.3,720.7,3ccY8jYkI5o.004.mp4,1280,720,23.976,367,emotional_stability,low
296,12345,right_cheek,697.8,376.0,799.0,507.3,1032.2,560.0,1158.8,724.1,3ccY8jYkI5o.004.mp4,1280,720,23.976,367,emotional_stability,low
297,12387,left_eye,504.4,280.3,610.8,358.0,790.5,440.4,923.5,537.5,3ccY8jYkI5o.004.mp4,1280,720,23.976,367,emotional_stability,low
297,12387,right_eye,672.7,278.2,785.3,355.4,1000.9,437.7,1141.6,534.2,3ccY8jYkI5o.004.mp4,1280,720,23.976,367,emotional_stability,low
297,12387,nose,585.3,327.3,693.8,447.7,891.7,499.1,1027.2,649.7,3ccY8jYkI5o.004.mp4,1280,720,23.976,367,emotional_stability,low
297,12387,mouth,566.7,467.6,722.0,561.8,868.4,674.5,1062.5,792.2,3ccY8jYkI5o.004.mp4,1280,720,23.976,367,emotional_stability,low
297,12387,forehead,493.3,222.7,812.3,497.5,776.6,368.4,1175.4,711.8,3ccY8jYkI5o.004.mp4,1280,720,23.976,367,emotional_stability,low
297,12387,chin,493.5,380.4,812.3,613.5,776.9,565.6,1175.4,856.9,3ccY8jYkI5o.004.mp4,1280,720,23.976,367,emotional_stability,low
297,12387,left_cheek,497.1,376.0,587.4,503.9,781.3,560.0,894.2,719.8,3ccY8jYkI5o.004.mp4,1280,720,23.976,367,emotional_stability,low
297,12387,right_cheek,697.3,373.0,796.4,502.7,1031.6,556.2,1155.5,718.4,3ccY8jYkI5o.004.mp4,1280,720,23.976,367,emotional_stability,low
298,12429,left_eye,503.3,271.4,609.1,356.9,789.1,429.2,921.4,536.1,3ccY8jYkI5o.004.mp4,1280,720,23.976,367,emotional_stability,low
298,12429,right_eye,671.7,268.1,782.8,351.7,999.7,425.1,1138.5,529.6,3ccY8jYkI5o.004.mp4,1280,720,23.976,367,emotional_stability,low
298,12429,nose,586.2,322.3,693.7,445.6,892.7,492.8,1027.1,647.0,3ccY8jYkI5o.004.mp4,1280,720,23.976,367,emotional_stability,low
298,12429,mouth,567.9,463.0,721.5,548.4,869.9,668.8,1061.8,775.5,3ccY8jYkI5o.004.mp4,1280,720,23.976,367,emotional_stability,low
298,12429,forehead,492.4,215.8,811.6,495.6,775.5,359.8,1174.4,709.5,3ccY8jYkI5o.004.mp4,1280,720,23.976,367,emotional_stability,low
298,12429,chin,493.4,372.6,811.6,602.2,776.8,555.7,1174.4,842.8,3ccY8jYkI5o.004.mp4,1280,720,23.976,367,emotional_stability,low
298,12429,left_cheek,497.2,373.5,587.4,499.9,781.5,556.8,894.2,714.9,3ccY8jYkI5o.004.mp4,1280,720,23.976,367,emotional_stability,low
298,12429,right_cheek,696.7,366.1,795.4,495.9,1030.8,547.7,1154.2,709.9,3ccY8jYkI5o.004.mp4,1280,720,23.976,367,emotional_stability,low
299,12470,left_eye,502.5,262.5,607.7,346.8,788.1,418.1,919.6,523.5,3ccY8jYkI5o.004.mp4,1280,720,23.976,367,emotional_stability,low
299,12470,right_eye,670.3,257.7,781.0,338.0,997.9,412.2,1136.2,512.5,3ccY8jYkI5o.004.mp4,1280,720,23.976,367,emotional_stability,low
299,12470,nose,587.5,312.7,693.7,439.0,894.4,480.9,1027.1,638.8,3ccY8jYkI5o.004.mp4,1280,720,23.976,367,emotional_stability,low
299,12470,mouth,571.7,458.8,721.4,542.4,874.6,663.5,1061.8,768.0,3ccY8jYkI5o.004.mp4,1280,720,23.976,367,emotional_stability,low
299,12470,forehead,492.0,204.5,810.5,490.6,775.0,345.6,1173.1,703.3,3ccY8jYkI5o.004.mp4,1280,720,23.976,367,emotional_stability,low
299,12470,chin,493.5,362.9,810.5,597.4,776.9,543.6,1173.1,836.7,3ccY8jYkI5o.004.mp4,1280,720,23.976,367,emotional_stability,low
299,12470,left_cheek,497.2,367.1,587.4,495.5,781.5,548.9,894.2,709.3,3ccY8jYkI5o.004.mp4,1280,720,23.976,367,emotional_stability,low
299,12470,right_cheek,696.7,356.7,795.4,489.1,1030.8,535.8,1154.2,701.3,3ccY8jYkI5o.004.mp4,1280,720,23.976,367,emotional_stability,low
300,12512,left_eye,501.7,258.6,607.1,341.6,787.1,413.2,918.8,516.9,3ccY8jYkI5o.004.mp4,1280,720,23.976,367,emotional_stability,low
300,12512,right_eye,669.7,249.4,779.8,332.7,997.1,401.8,1134.8,505.9,3ccY8jYkI5o.004.mp4,1280,720,23.976,367,emotional_stability,low
300,12512,nose,590.9,307.7,693.9,433.1,898.6,474.6,1027.3,631.3,3ccY8jYkI5o.004.mp4,1280,720,23.976,367,emotional_stability,low
300,12512,mouth,578.0,456.2,720.9,543.5,882.5,660.3,1061.1,769.4,3ccY8jYkI5o.004.mp4,1280,720,23.976,367,emotional_stability,low
300,12512,forehead,490.5,199.6,808.6,489.3,773.1,339.4,1170.8,701.6,3ccY8jYkI5o.004.mp4,1280,720,23.976,367,emotional_stability,low
300,12512,chin,492.9,358.3,808.6,599.9,776.1,537.8,1170.8,839.9,3ccY8jYkI5o.004.mp4,1280,720,23.976,367,emotional_stability,low
300,12512,left_cheek,497.2,364.9,587.9,495.6,781.5,546.2,894.9,709.5,3ccY8jYkI5o.004.mp4,1280,720,23.976,367,emotional_stability,low
300,12512,right_cheek,696.7,352.5,794.8,486.8,1030.9,530.6,1153.5,698.5,3ccY8jYkI5o.004.mp4,1280,720,23.976,367,emotional_stability,low
301,12554,left_eye,501.3,262.2,607.3,343.8,786.6,417.7,919.1,519.7,3ccY8jYkI5o.004.mp4,1280,720,23.976,367,emotional_stability,low
301,12554,right_eye,668.8,250.0,778.5,335.1,996.0,402.5,1133.1,508.9,3ccY8jYkI5o.004.mp4,1280,720,23.976,367,emotional_stability,low
301,12554,nose,594.2,309.9,694.0,434.2,902.8,477.3,1027.5,632.8,3ccY8jYkI5o.004.mp4,1280,720,23.976,367,emotional_stability,low
301,12554,mouth,581.8,456.3,718.3,535.4,887.3,660.4,1057.9,759.2,3ccY8jYkI5o.004.mp4,1280,720,23.976,367,emotional_stability,low
301,12554,forehead,488.3,201.9,807.6,491.8,770.3,342.4,1169.5,704.7,3ccY8jYkI5o.004.mp4,1280,720,23.976,367,emotional_stability,low
301,12554,chin,491.2,359.6,807.6,597.3,774.0,539.5,1169.5,836.6,3ccY8jYkI5o.004.mp4,1280,720,23.976,367,emotional_stability,low
301,12554,left_cheek,497.2,365.4,588.9,498.9,781.6,546.8,896.2,713.6,3ccY8jYkI5o.004.mp4,1280,720,23.976,367,emotional_stability,low
301,12554,right_cheek,696.7,354.3,794.2,488.3,1030.9,532.9,1152.8,700.4,3ccY8jYkI5o.004.mp4,1280,720,23.976,367,emotional_stability,low
302,12595,left_eye,500.3,262.2,607.3,344.8,785.4,417.7,919.2,521.0,3ccY8jYkI5o.004.mp4,1280,720,23.976,367,emotional_stability,low
302,12595,right_eye,667.5,246.9,776.2,333.8,994.4,398.7,1130.2,507.3,3ccY8jYkI5o.004.mp4,1280,720,23.976,367,emotional_stability,low
302,12595,nose,596.2,308.2,694.3,431.5,905.2,475.3,1027.9,629.4,3ccY8jYkI5o.004.mp4,1280,720,23.976,367,emotional_stability,low
302,12595,mouth,583.9,457.1,718.5,521.9,889.9,661.4,1058.1,742.4,3ccY8jYkI5o.004.mp4,1280,720,23.976,367,emotional_stability,low
302,12595,forehead,486.7,200.3,806.3,496.0,768.3,340.4,1167.9,710.1,3ccY8jYkI5o.004.mp4,1280,720,23.976,367,emotional_stability,low
302,12595,chin,489.7,359.5,806.3,590.4,772.1,539.4,1167.9,828.0,3ccY8jYkI5o.004.mp4,1280,720,23.976,367,emotional_stability,low
302,12595,left_cheek,497.2,366.6,589.7,499.7,781.5,548.3,897.2,714.7,3ccY8jYkI5o.004.mp4,1280,720,23.976,367,emotional_stability,low
302,12595,right_cheek,696.8,352.6,793.8,486.3,1031.0,530.7,1152.2,697.9,3ccY8jYkI5o.004.mp4,1280,720,23.976,367,emotional_stability,low
303,12637,left_eye,499.8,262.4,607.4,345.3,784.8,418.0,919.3,521.6,3ccY8jYkI5o.004.mp4,1280,720,23.976,367,emotional_stability,low
303,12637,right_eye,667.0,245.8,775.0,333.1,993.8,397.3,1128.8,506.4,3ccY8jYkI5o.004.mp4,1280,720,23.976,367,emotional_stability,low
303,12637,nose,598.4,306.9,695.0,428.0,908.0,473.6,1028.8,625.0,3ccY8jYkI5o.004.mp4,1280,720,23.976,367,emotional_stability,low
303,12637,mouth,585.3,455.7,719.0,519.4,891.6,659.6,1058.8,739.3,3ccY8jYkI5o.004.mp4,1280,720,23.976,367,emotional_stability,low
303,12637,forehead,485.2,199.8,805.4,498.3,766.5,339.7,1166.7,712.9,3ccY8jYkI5o.004.mp4,1280,720,23.976,367,emotional_stability,low
303,12637,chin,488.4,359.5,805.4,585.4,770.5,539.3,1166.7,821.7,3ccY8jYkI5o.004.mp4,1280,720,23.976,367,emotional_stability,low
303,12637,left_cheek,497.2,367.4,590.9,499.8,781.6,549.2,898.6,714.7,3ccY8jYkI5o.004.mp4,1280,720,23.976,367,emotional_stability,low
303,12637,right_cheek,697.0,351.2,793.5,483.8,1031.3,529.0,1151.9,694.8,3ccY8jYkI5o.004.mp4,1280,720,23.976,367,emotional_stability,low
304,12679,left_eye,498.8,262.1,607.5,345.5,783.5,417.6,919.4,521.8,3ccY8jYkI5o.004.mp4,1280,720,23.976,367,emotional_stability,low
304,12679,right_eye,665.3,244.9,773.3,331.9,991.7,396.1,1126.6,504.9,3ccY8jYkI5o.004.mp4,1280,720,23.976,367,emotional_stability,low
304,12679,nose,598.5,305.6,695.0,427.2,908.1,472.0,1028.7,624.0,3ccY8jYkI5o.004.mp4,1280,720,23.976,367,emotional_stability,low
304,12679,mouth,584.9,454.5,720.2,512.1,891.1,658.2,1060.2,730.1,3ccY8jYkI5o.004.mp4,1280,720,23.976,367,emotional_stability,low
304,12679,forehead,483.8,198.1,804.3,500.4,764.7,337.7,1165.4,715.5,3ccY8jYkI5o.004.mp4,1280,720,23.976,367,emotional_stability,low
304,12679,chin,486.8,359.0,804.3,581.6,768.5,538.7,1165.4,817.0,3ccY8jYkI5o.004.mp4,1280,720,23.976,367,emotional_stability,low
304,12679,left_cheek,496.9,367.7,591.0,499.8,781.1,549.6,898.7,714.8,3ccY8jYkI5o.004.mp4,1280,720,23.976,367,emotional_stability,low
304,12679,right_cheek,696.9,350.0,793.0,482.2,1031.1,527.5,1151.3,692.7,3ccY8jYkI5o.004.mp4,1280,720,23.976,367,emotional_stability,low
305,12721,left_eye,499.0,262.6,608.2,345.6,783.8,418.2,920.3,521.9,3ccY8jYkI5o.004.mp4,1280,720,23.976,367,emotional_stability,low
305,12721,right_eye,665.1,246.3,773.2,331.6,991.3,397.9,1126.5,504.5,3ccY8jYkI5o.004.mp4,1280,720,23.976,367,emotional_stability,low
305,12721,nose,599.9,306.3,695.2,428.1,909.8,472.8,1028.9,625.2,3ccY8jYkI5o.004.mp4,1280,720,23.976,367,emotional_stability,low
305,12721,mouth,587.3,454.5,722.1,505.9,894.1,658.1,1062.6,722.3,3ccY8jYkI5o.004.mp4,1280,720,23.976,367,emotional_stability,low
305,12721,forehead,484.4,198.4,805.1,504.0,765.5,338.0,1166.3,720.0,3ccY8jYkI5o.004.mp4,1280,720,23.976,367,emotional_stability,low
305,12721,chin,487.3,359.9,805.1,581.3,769.2,539.9,1166.3,816.6,3ccY8jYkI5o.004.mp4,1280,720,23.976,367,emotional_stability,low
305,12721,left_cheek,497.3,368.2,592.1,500.9,781.7,550.3,900.1,716.1,3ccY8jYkI5o.004.mp4,1280,720,23.976,367,emotional_stability,low
305,12721,right_cheek,697.0,350.5,793.4,482.5,1031.2,528.2,1151.7,693.1,3ccY8jYkI5o.004.mp4,1280,720,23.976,367,emotional_stability,low
306,12762,left_eye,498.3,262.9,608.2,345.8,782.9,418.7,920.3,522.2,3ccY8jYkI5o.004.mp4,1280,720,23.976,367,emotional_stability,low
306,12762,right_eye,664.9,245.8,773.4,330.9,991.1,397.3,1126.7,503.6,3ccY8jYkI5o.004.mp4,1280,720,23.976,367,emotional_stability,low
306,12762,nose,599.6,306.2,695.4,427.7,909.5,472.7,1029.3,624.6,3ccY8jYkI5o.004.mp4,1280,720,23.976,367,emotional_stability,low
306,12762,mouth,586.5,454.5,722.2,511.8,893.1,658.1,1062.7,729.7,3ccY8jYkI5o.004.mp4,1280,720,23.976,367,emotional_stability,low
306,12762,forehead,483.5,198.4,805.3,503.1,764.4,338.0,1166.7,718.9,3ccY8jYkI5o.004.mp4,1280,720,23.976,367,emotional_stability,low
306,12762,chin,486.6,358.0,805.3,581.4,768.3,537.6,1166.7,816.7,3ccY8jYkI5o.004.mp4,1280,720,23.976,367,emotional_stability,low
306,12762,left_cheek,497.2,368.4,592.0,501.0,781.4,550.4,900.0,716.2,3ccY8jYkI5o.004.mp4,1280,720,23.976,367,emotional_stability,low
306,12762,right_cheek,697.0,349.1,793.4,481.2,1031.3,526.3,1151.7,691.5,3ccY8jYkI5o.004.mp4,1280,720,23.976,367,emotional_stability,low
307,12804,left_eye,497.7,265.3,608.1,346.8,782.1,421.6,920.1,523.6,3ccY8jYkI5o.004.mp4,1280,720,23.976,367,emotional_stability,low
307,12804,right_eye,664.0,246.2,772.6,331.1,990.0,397.7,1125.8,503.9,3ccY8jYkI5o.004.mp4,1280,720,23.976,367,emotional_stability,low
307,12804,nose,599.3,306.7,695.5,427.9,909.1,473.3,1029.4,624.9,3ccY8jYkI5o.004.mp4,1280,720,23.976,367,emotional_stability,low
307,12804,mouth,587.1,454.2,722.1,518.9,893.8,657.8,1062.6,738.6,3ccY8jYkI5o.004.mp4,1280,720,23.976,367,emotional_stability,low
307,12804,forehead,482.7,199.1,805.6,504.9,763.4,338.8,1167.0,721.1,3ccY8jYkI5o.004.mp4,1280,720,23.976,367,emotional_stability,low
307,12804,chin,486.4,358.3,805.6,583.0,768.1,537.9,1167.0,818.7,3ccY8jYkI5o.004.mp4,1280,720,23.976,367,emotional_stability,low
307,12804,left_cheek,497.0,369.6,591.9,502.7,781.3,551.9,899.9,718.3,3ccY8jYkI5o.004.mp4,1280,720,23.976,367,emotional_stability,low
307,12804,right_cheek,697.0,349.2,793.5,481.6,1031.3,526.5,1151.9,692.0,3ccY8jYkI5o.004.mp4,1280,720,23.976,367,emotional_stability,low
308,12846,left_eye,497.1,266.0,607.9,347.5,781.3,422.6,919.9,524.4,3ccY8jYkI5o.004.mp4,1280,720,23.976,367,emotional_stability,low
308,12846,right_eye,662.9,245.3,772.3,330.4,988.7,396.6,1125.4,503.0,3ccY8jYkI5o.004.mp4,1280,720,23.976,367,emotional_stability,low
308,12846,nose,599.5,306.6,695.6,425.1,909.4,473.2,1029.5,621.4,3ccY8jYkI5o.004.mp4,1280,720,23.976,367,emotional_stability,low
308,12846,mouth,589.5,452.0,722.9,521.5,896.9,655.0,1063.6,741.8,3ccY8jYkI5o.004.mp4,1280,720,23.976,367,emotional_stability,low
308,12846,forehead,482.3,199.5,806.0,505.5,762.9,339.4,1167.5,721.9,3ccY8jYkI5o.004.mp4,1280,720,23.976,367,emotional_stability,low
308,12846,chin,486.6,356.7,806.0,584.1,768.2,535.8,1167.5,820.1,3ccY8jYkI5o.004.mp4,1280,720,23.976,367,emotional_stability,low
308,12846,left_cheek,497.0,369.9,591.8,503.1,781.2,552.4,899.8,718.9,3ccY8jYkI5o.004.mp4,1280,720,23.976,367,emotional_stability,low
308,12846,right_cheek,697.2,347.1,794.3,479.8,1031.5,523.8,1152.9,689.8,3ccY8jYkI5o.004.mp4,1280,720,23.976,367,emotional_stability,low
309,12887,left_eye,496.7,266.5,607.8,348.2,780.8,423.1,919.8,525.2,3ccY8jYkI5o.004.mp4,1280,720,23.976,367,emotional_stability,low
309,12887,right_eye,662.4,245.0,771.8,329.9,988.0,396.3,1124.7,502.4,3ccY8jYkI5o.004.mp4,1280,720,23.976,367,emotional_stability,low
309,12887,nose,599.4,306.5,695.7,423.1,909.2,473.1,1029.6,618.9,3ccY8jYkI5o.004.mp4,1280,720,23.976,367,emotional_stability,low
309,12887,mouth,591.0,449.6,723.2,521.5,898.8,652.0,1064.0,741.8,3ccY8jYkI5o.004.mp4,1280,720,23.976,367,emotional_stability,low
309,12887,forehead,481.8,199.7,806.1,505.8,762.3,339.7,1167.6,722.2,3ccY8jYkI5o.004.mp4,1280,720,23.976,367,emotional_stability,low
309,12887,chin,486.5,355.8,806.1,582.8,768.1,534.8,1167.6,818.6,3ccY8jYkI5o.004.mp4,1280,720,23.976,367,emotional_stability,low
309,12887,left_cheek,496.9,370.1,591.8,503.0,781.2,552.7,899.7,718.8,3ccY8jYkI5o.004.mp4,1280,720,23.976,367,emotional_stability,low
309,12887,right_cheek,697.3,345.7,794.6,477.4,1031.6,522.1,1153.2,686.7,3ccY8jYkI5o.004.mp4,1280,720,23.976,367,emotional_stability,low
310,12929,left_eye,496.3,270.2,607.8,352.0,780.4,427.8,919.8,529.9,3ccY8jYkI5o.004.mp4,1280,720,23.976,367,emotional_stability,low
310,12929,right_eye,662.1,246.1,771.1,330.5,987.6,397.6,1123.8,503.1,3ccY8jYkI5o.004.mp4,1280,720,23.976,367,emotional_stability,low
310,12929,nose,599.9,308.3,696.2,424.5,909.9,475.4,1030.3,620.6,3ccY8jYkI5o.004.mp4,1280,720,23.976,367,emotional_stability,low
310,12929,mouth,590.3,450.5,724.1,521.5,897.9,653.1,1065.2,741.8,3ccY8jYkI5o.004.mp4,1280,720,23.976,367,emotional_stability,low
310,12929,forehead,481.3,201.5,806.3,510.4,761.6,341.8,1167.9,728.0,3ccY8jYkI5o.004.mp4,1280,720,23.976,367,emotional_stability,low
310,12929,chin,486.2,356.2,806.3,583.4,767.7,535.2,1167.9,819.3,3ccY8jYkI5o.004.mp4,1280,720,23.976,367,emotional_stability,low
310,12929,left_cheek,496.9,373.6,591.9,505.5,781.2,557.0,899.9,721.9,3ccY8jYkI5o.004.mp4,1280,720,23.976,367,emotional_stability,low
310,12929,right_cheek,697.4,346.7,795.2,478.4,1031.7,523.4,1154.0,688.0,3ccY8jYkI5o.004.mp4,1280,720,23.976,367,emotional_stability,low
311,12971,left_eye,495.5,274.1,607.7,355.3,779.3,432.6,919.6,534.1,3ccY8jYkI5o.004.mp4,1280,720,23.976,367,emotional_stability,low
311,12971,right_eye,660.9,248.4,769.7,333.0,986.2,400.5,1122.2,506.2,3ccY8jYkI5o.004.mp4,1280,720,23.976,367,emotional_stability,low
311,12971,nose,600.0,311.3,696.6,428.5,910.0,479.1,1030.7,625.7,3ccY8jYkI5o.004.mp4,1280,720,23.976,367,emotional_stability,low
311,12971,mouth,589.8,451.0,725.7,522.9,897.2,653.7,1067.1,743.7,3ccY8jYkI5o.004.mp4,1280,720,23.976,367,emotional_stability,low
311,12971,forehead,480.1,203.3,806.5,513.2,760.1,344.2,1168.2,731.5,3ccY8jYkI5o.004.mp4,1280,720,23.976,367,emotional_stability,low
311,12971,chin,485.7,356.4,806.5,584.1,767.1,535.5,1168.2,820.1,3ccY8jYkI5o.004.mp4,1280,720,23.976,367,emotional_stability,low
311,12971,left_cheek,496.7,376.9,591.9,508.2,780.9,561.2,899.8,725.2,3ccY8jYkI5o.004.mp4,1280,720,23.976,367,emotional_stability,low
311,12971,right_cheek,697.4,346.9,795.3,479.0,1031.7,523.6,1154.2,688.7,3ccY8jYkI5o.004.mp4,1280,720,23.976,367,emotional_stability,low
312,13013,left_eye,493.2,275.2,606.6,357.0,776.5,434.0,918.3,536.3,3ccY8jYkI5o.004.mp4,1280,720,23.976,367,emotional_stability,low
312,13013,right_eye,659.3,248.7,768.4,333.4,984.1,400.9,1120.5,506.8,3ccY8jYkI5o.004.mp4,1280,720,23.976,367,emotional_stability,low
312,13013,nose,599.9,312.4,696.7,431.0,909.8,480.5,1030.9,628.7,3ccY8jYkI5o.004.mp4,1280,720,23.976,367,emotional_stability,low
312,13013,mouth,589.4,455.5,726.3,524.5,896.7,659.3,1067.9,745.7,3ccY8jYkI5o.004.mp4,1280,720,23.976,367,emotional_stability,low
312,13013,forehead,477.9,204.0,806.6,514.3,757.4,345.0,1168.2,732.8,3ccY8jYkI5o.004.mp4,1280,720,23.976,367,emotional_stability,low
312,13013,chin,484.6,356.4,806.6,586.0,765.8,535.5,1168.2,822.5,3ccY8jYkI5o.004.mp4,1280,720,23.976,367,emotional_stability,low
312,13013,left_cheek,495.6,378.8,591.4,510.6,779.5,563.5,899.3,728.2,3ccY8jYkI5o.004.mp4,1280,720,23.976,367,emotional_stability,low
312,13013,right_cheek,697.1,347.4,795.4,479.4,1031.3,524.2,1154.3,689.2,3ccY8jYkI5o.004.mp4,1280,720,23.976,367,emotional_stability,low
313,13054,left_eye,492.3,276.5,606.1,357.8,775.4,435.6,917.6,537.2,3ccY8jYkI5o.004.mp4,1280,720,23.976,367,emotional_stability,low
313,13054,right_eye,657.7,248.7,767.4,333.5,982.1,400.9,1119.3,506.8,3ccY8jYkI5o.004.mp4,1280,720,23.976,367,emotional_stability,low
313,13054,nose,600.0,312.7,696.8,431.7,910.0,480.9,1031.0,629.6,3ccY8jYkI5o.004.mp4,1280,720,23.976,367,emotional_stability,low
313,13054,mouth,590.3,457.9,727.3,517.5,897.8,662.4,1069.2,736.9,3ccY8jYkI5o.004.mp4,1280,720,23.976,367,emotional_stability,low
313,13054,forehead,477.4,204.0,806.8,514.5,756.7,345.0,1168.5,733.2,3ccY8jYkI5o.004.mp4,1280,720,23.976,367,emotional_stability,low
313,13054,chin,484.7,354.9,806.8,584.0,765.9,533.7,1168.5,820.0,3ccY8jYkI5o.004.mp4,1280,720,23.976,367,emotional_stability,low
313,13054,left_cheek,495.5,379.7,591.4,510.9,779.3,564.6,899.3,728.7,3ccY8jYkI5o.004.mp4,1280,720,23.976,367,emotional_stability,low
313,13054,right_cheek,696.8,346.8,795.7,478.8,1031.0,523.4,1154.7,688.5,3ccY8jYkI5o.004.mp4,1280,720,23.976,367,emotional_stability,low
314,13096,left_eye,492.3,276.2,606.0,357.4,775.4,435.3,917.5,536.8,3ccY8jYkI5o.004.mp4,1280,720,23.976,367,emotional_stability,low
314,13096,right_eye,657.4,248.7,766.5,333.3,981.7,400.9,1118.1,506.6,3ccY8jYkI5o.004.mp4,1280,720,23.976,367,emotional_stability,low
314,13096,nose,600.5,312.6,697.3,431.6,910.6,480.7,1031.7,629.5,3ccY8jYkI5o.004.mp4,1280,720,23.976,367,emotional_stability,low
314,13096,mouth,591.2,457.6,728.1,517.4,899.0,662.0,1070.1,736.8,3ccY8jYkI5o.004.mp4,1280,720,23.976,367,emotional_stability,low
314,13096,forehead,477.1,204.0,806.7,514.9,756.4,345.0,1168.4,733.6,3ccY8jYkI5o.004.mp4,1280,720,23.976,367,emotional_stability,low
314,13096,chin,484.6,354.0,806.7,583.7,765.8,532.5,1168.4,819.6,3ccY8jYkI5o.004.mp4,1280,720,23.976,367,emotional_stability,low
314,13096,left_cheek,495.5,379.4,591.5,510.9,779.3,564.3,899.3,728.6,3ccY8jYkI5o.004.mp4,1280,720,23.976,367,emotional_stability,low
314,13096,right_cheek,696.8,345.8,795.9,477.6,1031.0,522.3,1154.9,687.0,3ccY8jYkI5o.004.mp4,1280,720,23.976,367,emotional_stability,low
315,13138,left_eye,492.0,276.0,605.6,357.0,775.0,435.0,917.0,536.3,3ccY8jYkI5o.004.mp4,1280,720,23.976,367,emotional_stability,low
315,13138,right_eye,656.8,247.9,765.2,332.3,981.0,399.9,1116.5,505.3,3ccY8jYkI5o.004.mp4,1280,720,23.976,367,emotional_stability,low
315,13138,nose,600.9,312.5,697.3,430.7,911.2,480.6,1031.7,628.3,3ccY8jYkI5o.004.mp4,1280,720,23.976,367,emotional_stability,low
315,13138,mouth,594.4,457.4,727.8,524.8,903.0,661.7,1069.8,745.9,3ccY8jYkI5o.004.mp4,1280,720,23.976,367,emotional_stability,low
315,13138,forehead,476.6,204.0,806.4,514.5,755.7,344.9,1168.1,733.1,3ccY8jYkI5o.004.mp4,1280,720,23.976,367,emotional_stability,low
315,13138,chin,484.4,352.2,806.4,584.2,765.5,530.2,1168.1,820.3,3ccY8jYkI5o.004.mp4,1280,720,23.976,367,emotional_stability,low
315,13138,left_cheek,495.4,379.0,591.5,510.8,779.3,563.7,899.4,728.5,3ccY8jYkI5o.004.mp4,1280,720,23.976,367,emotional_stability,low
315,13138,right_cheek,696.6,344.0,795.9,476.2,1030.8,520.0,1154.8,685.2,3ccY8jYkI5o.004.mp4,1280,720,23.976,367,emotional_stability,low
316,13179,left_eye,490.8,275.8,604.4,356.7,773.5,434.8,915.5,535.9,3ccY8jYkI5o.004.mp4,1280,720,23.976,367,emotional_stability,low
316,13179,right_eye,655.3,246.2,764.4,330.5,979.1,397.7,1115.5,503.1,3ccY8jYkI5o.004.mp4,1280,720,23.976,367,emotional_stability,low
316,13179,nose,600.9,311.9,696.6,429.5,911.1,479.8,1030.8,626.9,3ccY8jYkI5o.004.mp4,1280,720,23.976,367,emotional_stability,low
316,13179,mouth,596.7,457.6,726.7,527.2,905.8,661.9,1068.3,749.0,3ccY8jYkI5o.004.mp4,1280,720,23.976,367,emotional_stability,low
316,13179,forehead,476.0,203.5,806.5,514.4,754.9,344.4,1168.2,733.1,3ccY8jYkI5o.004.mp4,1280,720,23.976,367,emotional_stability,low
316,13179,chin,484.4,349.8,806.5,585.6,765.5,527.2,1168.2,822.0,3ccY8jYkI5o.004.mp4,1280,720,23.976,367,emotional_stability,low
316,13179,left_cheek,495.1,378.7,591.1,511.2,778.9,563.4,898.9,728.9,3ccY8jYkI5o.004.mp4,1280,720,23.976,367,emotional_stability,low
316,13179,right_cheek,695.7,341.7,795.8,475.2,1029.6,517.1,1154.8,684.0,3ccY8jYkI5o.004.mp4,1280,720,23.976,367,emotional_stability,low
317,13221,left_eye,489.8,275.9,602.4,356.7,772.3,434.8,913.0,535.9,3ccY8jYkI5o.004.mp4,1280,720,23.976,367,emotional_stability,low
317,13221,right_eye,652.6,245.9,762.2,330.3,975.7,397.4,1112.7,502.9,3ccY8jYkI5o.004.mp4,1280,720,23.976,367,emotional_stability,low
317,13221,nose,600.4,311.9,695.3,429.4,910.4,479.8,1029.1,626.7,3ccY8jYkI5o.004.mp4,1280,720,23.976,367,emotional_stability,low
317,13221,mouth,596.7,457.4,726.2,522.5,905.9,661.8,1067.7,743.2,3ccY8jYkI5o.004.mp4,1280,720,23.976,367,emotional_stability,low
317,13221,forehead,475.3,203.4,806.1,514.3,754.2,344.3,1167.6,732.8,3ccY8jYkI5o.004.mp4,1280,720,23.976,367,emotional_stability,low
317,13221,chin,484.2,348.7,806.1,584.5,765.3,525.9,1167.6,820.6,3ccY8jYkI5o.004.mp4,1280,720,23.976,367,emotional_stability,low
317,13221,left_cheek,494.6,378.8,590.3,511.2,778.2,563.5,897.9,729.0,3ccY8jYkI5o.004.mp4,1280,720,23.976,367,emotional_stability,low
317,13221,right_cheek,694.0,341.2,794.9,474.7,1027.5,516.5,1153.6,683.3,3ccY8jYkI5o.004.mp4,1280,720,23.976,367,emotional_stability,low
318,13263,left_eye,489.3,276.3,601.4,357.4,771.7,435.4,911.7,536.7,3ccY8jYkI5o.004.mp4,1280,720,23.976,367,emotional_stability,low
318,13263,right_eye,650.6,246.0,759.8,330.4,973.3,397.5,1109.8,502.9,3ccY8jYkI5o.004.mp4,1280,720,23.976,367,emotional_stability,low
318,13263,nose,599.3,311.8,694.2,429.2,909.2,479.8,1027.7,626.5,3ccY8jYkI5o.004.mp4,1280,720,23.976,367,emotional_stability,low
318,13263,mouth,596.0,457.2,724.1,518.0,905.0,661.4,1065.1,737.5,3ccY8jYkI5o.004.mp4,1280,720,23.976,367,emotional_stability,low
318,13263,forehead,475.1,203.5,804.7,514.8,753.8,344.4,1165.8,733.6,3ccY8jYkI5o.004.mp4,1280,720,23.976,367,emotional_stability,low
318,13263,chin,484.1,349.6,804.7,583.3,765.1,526.9,1165.8,819.1,3ccY8jYkI5o.004.mp4,1280,720,23.976,367,emotional_stability,low
318,13263,left_cheek,494.2,379.2,589.4,511.2,777.8,564.0,896.7,729.0,3ccY8jYkI5o.004.mp4,1280,720,23.976,367,emotional_stability,low
318,13263,right_cheek,692.4,341.7,793.3,474.7,1025.5,517.2,1151.6,683.3,3ccY8jYkI5o.004.mp4,1280,720,23.976,367,emotional_stability,low
319,13304,left_eye,489.5,277.6,600.6,359.5,771.8,437.0,910.7,539.3,3ccY8jYkI5o.004.mp4,1280,720,23.976,367,emotional_stability,low
319,13304,right_eye,650.3,246.7,758.6,330.5,972.9,398.3,1108.2,503.1,3ccY8jYkI5o.004.mp4,1280,720,23.976,367,emotional_stability,low
319,13304,nose,597.9,312.6,692.8,428.1,907.4,480.8,1025.9,625.2,3ccY8jYkI5o.004.mp4,1280,720,23.976,367,emotional_stability,low
319,13304,mouth,595.6,453.8,723.0,518.3,904.5,657.2,1063.8,737.8,3ccY8jYkI5o.004.mp4,1280,720,23.976,367,emotional_stability,low
319,13304,forehead,475.4,207.0,804.2,514.9,754.2,348.7,1165.2,733.6,3ccY8jYkI5o.004.mp4,1280,720,23.976,367,emotional_stability,low
319,13304,chin,484.7,350.0,804.2,583.1,765.9,527.5,1165.2,818.9,3ccY8jYkI5o.004.mp4,1280,720,23.976,367,emotional_stability,low
319,13304,left_cheek,494.2,379.2,588.7,511.1,777.8,564.0,895.8,728.9,3ccY8jYkI5o.004.mp4,1280,720,23.976,367,emotional_stability,low
319,13304,right_cheek,691.1,342.0,792.0,473.8,1023.9,517.5,1150.1,682.2,3ccY8jYkI5o.004.mp4,1280,720,23.976,367,emotional_stability,low
320,13346,left_eye,489.7,280.9,600.9,366.8,772.1,441.2,911.2,548.5,3ccY8jYkI5o.004.mp4,1280,720,23.976,367,emotional_stability,low
320,13346,right_eye,651.0,251.6,759.4,334.7,973.8,404.5,1109.2,508.3,3ccY8jYkI5o.004.mp4,1280,720,23.976,367,emotional_stability,low
320,13346,nose,597.9,316.3,692.9,428.5,907.4,485.3,1026.2,625.6,3ccY8jYkI5o.004.mp4,1280,720,23.976,367,emotional_stability,low
320,13346,mouth,594.8,451.5,723.8,525.1,903.5,654.4,1064.8,746.4,3ccY8jYkI5o.004.mp4,1280,720,23.976,367,emotional_stability,low
320,13346,forehead,476.8,212.5,805.4,517.0,756.0,355.6,1166.7,736.3,3ccY8jYkI5o.004.mp4,1280,720,23.976,367,emotional_stability,low
320,13346,chin,486.6,353.2,805.4,584.2,768.3,531.5,1166.7,820.3,3ccY8jYkI5o.004.mp4,1280,720,23.976,367,emotional_stability,low
320,13346,left_cheek,495.3,382.1,588.7,511.7,779.2,567.7,895.9,729.7,3ccY8jYkI5o.004.mp4,1280,720,23.976,367,emotional_stability,low
320,13346,right_cheek,691.4,344.6,792.3,474.1,1024.3,520.7,1150.4,682.6,3ccY8jYkI5o.004.mp4,1280,720,23.976,367,emotional_stability,low
321,13388,left_eye,491.3,280.2,601.1,364.7,774.1,440.3,911.4,545.9,3ccY8jYkI5o.004.mp4,1280,720,23.976,367,emotional_stability,low
321,13388,right_eye,652.6,251.5,761.5,332.2,975.7,404.4,1111.8,505.3,3ccY8jYkI5o.004.mp4,1280,720,23.976,367,emotional_stability,low
321,13388,nose,597.9,316.0,694.1,426.6,907.4,485.0,1027.7,623.2,3ccY8jYkI5o.004.mp4,1280,720,23.976,367,emotional_stability,low
321,13388,mouth,594.6,448.1,725.4,524.8,903.2,650.1,1066.7,746.0,3ccY8jYkI5o.004.mp4,1280,720,23.976,367,emotional_stability,low
321,13388,forehead,479.8,211.0,807.9,514.2,759.8,353.7,1169.9,732.8,3ccY8jYkI5o.004.mp4,1280,720,23.976,367,emotional_stability,low
321,13388,chin,488.5,351.7,807.9,583.5,770.6,529.6,1169.9,819.4,3ccY8jYkI5o.004.mp4,1280,720,23.976,367,emotional_stability,low
321,13388,left_cheek,496.2,380.0,589.3,509.4,780.3,564.9,896.6,726.7,3ccY8jYkI5o.004.mp4,1280,720,23.976,367,emotional_stability,low
321,13388,right_cheek,692.8,342.7,794.4,472.4,1026.0,518.3,1153.1,680.5,3ccY8jYkI5o.004.mp4,1280,720,23.976,367,emotional_stability,low
322,13430,left_eye,493.3,274.4,602.4,354.7,776.6,433.1,913.0,533.3,3ccY8jYkI5o.004.mp4,1280,720,23.976,367,emotional_stability,low
322,13430,right_eye,656.6,247.6,767.6,326.3,980.7,399.6,1119.5,497.8,3ccY8jYkI5o.004.mp4,1280,720,23.976,367,emotional_stability,low
322,13430,nose,597.9,309.2,697.1,422.1,907.4,476.5,1031.4,617.6,3ccY8jYkI5o.004.mp4,1280,720,23.976,367,emotional_stability,low
322,13430,mouth,594.5,445.5,728.4,515.8,903.1,646.9,1070.5,734.7,3ccY8jYkI5o.004.mp4,1280,720,23.976,367,emotional_stability,low
322,13430,forehead,482.2,204.3,811.0,509.5,762.7,345.3,1173.7,726.9,3ccY8jYkI5o.004.mp4,1280,720,23.976,367,emotional_stability,low
322,13430,chin,489.5,348.3,811.0,580.1,771.9,525.3,1173.7,815.1,3ccY8jYkI5o.004.mp4,1280,720,23.976,367,emotional_stability,low
322,13430,left_cheek,496.9,373.4,590.0,504.9,781.1,556.8,897.5,721.1,3ccY8jYkI5o.004.mp4,1280,720,23.976,367,emotional_stability,low
322,13430,right_cheek,695.9,338.7,798.0,469.8,1029.8,513.4,1157.5,677.2,3ccY8jYkI5o.004.mp4,1280,720,23.976,367,emotional_stability,low
323,13471,left_eye,495.1,267.8,604.2,347.9,778.9,424.7,915.3,524.9,3ccY8jYkI5o.004.mp4,1280,720,23.976,367,emotional_stability,low
323,13471,right_eye,658.2,242.4,770.9,320.6,982.7,393.0,1123.7,490.8,3ccY8jYkI5o.004.mp4,1280,720,23.976,367,emotional_stability,low
323,13471,nose,598.1,302.5,698.4,417.0,907.6,468.2,1033.1,611.3,3ccY8jYkI5o.004.mp4,1280,720,23.976,367,emotional_stability,low
323,13471,mouth,594.0,441.2,729.6,507.0,902.5,641.5,1072.1,723.7,3ccY8jYkI5o.004.mp4,1280,720,23.976,367,emotional_stability,low
323,13471,forehead,483.7,196.7,814.8,506.1,764.6,335.9,1178.5,722.6,3ccY8jYkI5o.004.mp4,1280,720,23.976,367,emotional_stability,low
323,13471,chin,490.2,345.5,814.8,577.4,772.8,521.9,1178.5,811.7,3ccY8jYkI5o.004.mp4,1280,720,23.976,367,emotional_stability,low
323,13471,left_cheek,497.6,367.7,590.7,500.3,782.0,549.6,898.3,715.4,3ccY8jYkI5o.004.mp4,1280,720,23.976,367,emotional_stability,low
323,13471,right_cheek,697.5,335.1,801.1,467.0,1031.9,508.9,1161.4,673.7,3ccY8jYkI5o.004.mp4,1280,720,23.976,367,emotional_stability,low
324,13513,left_eye,497.5,263.8,605.2,342.8,781.9,419.7,916.4,518.5,3ccY8jYkI5o.004.mp4,1280,720,23.976,367,emotional_stability,low
324,13513,right_eye,658.8,239.0,771.0,317.2,983.5,388.7,1123.7,486.6,3ccY8jYkI5o.004.mp4,1280,720,23.976,367,emotional_stability,low
324,13513,nose,598.1,298.5,698.3,411.4,907.7,463.1,1032.9,604.3,3ccY8jYkI5o.004.mp4,1280,720,23.976,367,emotional_stability,low
324,13513,mouth,592.2,432.9,729.6,506.6,900.2,631.1,1072.0,723.2,3ccY8jYkI5o.004.mp4,1280,720,23.976,367,emotional_stability,low
324,13513,forehead,485.3,193.9,814.3,500.6,766.6,332.3,1177.9,715.7,3ccY8jYkI5o.004.mp4,1280,720,23.976,367,emotional_stability,low
324,13513,chin,491.6,342.4,814.3,576.4,774.5,518.0,1177.9,810.5,3ccY8jYkI5o.004.mp4,1280,720,23.976,367,emotional_stability,low
324,13513,left_cheek,498.7,362.5,591.1,494.8,783.4,543.1,898.8,708.4,3ccY8jYkI5o.004.mp4,1280,720,23.976,367,emotional_stability,low
324,13513,right_cheek,697.6,331.3,800.9,462.7,1032.0,504.1,1161.2,668.3,3ccY8jYkI5o.004.mp4,1280,720,23.976,367,emotional_stability,low
325,13555,left_eye,499.4,260.8,606.5,340.2,784.3,416.0,918.1,515.2,3ccY8jYkI5o.004.mp4,1280,720,23.976,367,emotional_stability,low
325,13555,right_eye,659.5,236.7,771.9,314.8,984.3,385.9,1124.9,483.5,3ccY8jYkI5o.004.mp4,1280,720,23.976,367,emotional_stability,low
325,13555,nose,598.1,295.4,698.6,406.5,907.6,459.3,1033.2,598.1,3ccY8jYkI5o.004.mp4,1280,720,23.976,367,emotional_stability,low
325,13555,mouth,590.3,425.0,732.0,512.5,897.9,621.2,1075.0,730.6,3ccY8jYkI5o.004.mp4,1280,720,23.976,367,emotional_stability,low
325,13555,forehead,487.4,191.8,815.1,500.2,769.2,329.8,1178.9,715.3,3ccY8jYkI5o.004.mp4,1280,720,23.976,367,emotional_stability,low
325,13555,chin,493.6,341.4,815.1,576.5,776.9,516.7,1178.9,810.6,3ccY8jYkI5o.004.mp4,1280,720,23.976,367,emotional_stability,low
325,13555,left_cheek,499.8,359.4,591.4,493.4,784.7,539.3,899.2,706.7,3ccY8jYkI5o.004.mp4,1280,720,23.976,367,emotional_stability,low
325,13555,right_cheek,698.3,328.7,801.4,461.3,1032.9,500.8,1161.7,666.6,3ccY8jYkI5o.004.mp4,1280,720,23.976,367,emotional_stability,low
326,13596,left_eye,499.7,259.4,606.6,337.6,784.6,414.3,918.2,512.1,3ccY8jYkI5o.004.mp4,1280,720,23.976,367,emotional_stability,low
326,13596,right_eye,659.4,235.3,771.6,313.5,984.2,384.1,1124.5,481.9,3ccY8jYkI5o.004.mp4,1280,720,23.976,367,emotional_stability,low
326,13596,nose,597.3,293.6,697.9,404.3,906.6,457.1,1032.4,595.3,3ccY8jYkI5o.004.mp4,1280,720,23.976,367,emotional_stability,low
326,13596,mouth,588.6,422.7,732.2,519.4,895.8,618.4,1075.3,739.3,3ccY8jYkI5o.004.mp4,1280,720,23.976,367,emotional_stability,low
326,13596,forehead,488.0,190.9,814.5,497.5,770.0,328.6,1178.1,711.9,3ccY8jYkI5o.004.mp4,1280,720,23.976,367,emotional_stability,low
326,13596,chin,494.9,339.5,814.5,578.7,778.6,514.4,1178.1,813.4,3ccY8jYkI5o.004.mp4,1280,720,23.976,367,emotional_stability,low
326,13596,left_cheek,500.1,356.9,591.3,491.5,785.2,536.1,899.1,704.4,3ccY8jYkI5o.004.mp4,1280,720,23.976,367,emotional_stability,low
326,13596,right_cheek,698.2,327.1,801.0,460.0,1032.7,498.9,1161.2,665.0,3ccY8jYkI5o.004.mp4,1280,720,23.976,367,emotional_stability,low
327,13638,left_eye,499.4,258.9,606.5,336.8,784.3,413.7,918.1,511.0,3ccY8jYkI5o.004.mp4,1280,720,23.976,367,emotional_stability,low
327,13638,right_eye,659.3,234.6,771.7,312.3,984.1,383.3,1124.6,480.3,3ccY8jYkI5o.004.mp4,1280,720,23.976,367,emotional_stability,low
327,13638,nose,596.3,292.7,697.0,403.8,905.4,455.9,1031.2,594.7,3ccY8jYkI5o.004.mp4,1280,720,23.976,367,emotional_stability,low
327,13638,mouth,587.9,422.3,732.7,523.0,894.9,617.9,1075.8,743.8,3ccY8jYkI5o.004.mp4,1280,720,23.976,367,emotional_stability,low
327,13638,forehead,487.9,189.8,815.1,496.9,769.9,327.2,1178.9,711.1,3ccY8jYkI5o.004.mp4,1280,720,23.976,367,emotional_stability,low
327,13638,chin,495.1,338.0,815.1,581.1,778.9,512.5,1178.9,816.4,3ccY8jYkI5o.004.mp4,1280,720,23.976,367,emotional_stability,low
327,13638,left_cheek,500.0,356.1,590.7,491.4,785.0,535.1,898.4,704.3,3ccY8jYkI5o.004.mp4,1280,720,23.976,367,emotional_stability,low
327,13638,right_cheek,698.2,326.0,800.9,459.8,1032.7,497.5,1161.1,664.8,3ccY8jYkI5o.004.mp4,1280,720,23.976,367,emotional_stability,low
328,13680,left_eye,499.1,259.0,606.2,337.2,783.9,413.7,917.7,511.5,3ccY8jYkI5o.004.mp4,1280,720,23.976,367,emotional_stability,low
328,13680,right_eye,657.7,234.5,771.7,312.3,982.2,383.1,1124.6,480.4,3ccY8jYkI5o.004.mp4,1280,720,23.976,367,emotional_stability,low
328,13680,nose,594.5,292.8,694.2,404.2,903.1,456.0,1027.8,595.2,3ccY8jYkI5o.004.mp4,1280,720,23.976,367,emotional_stability,low
328,13680,mouth,586.7,422.5,732.6,522.5,893.3,618.1,1075.8,743.1,3ccY8jYkI5o.004.mp4,1280,720,23.976,367,emotional_stability,low
328,13680,forehead,487.8,189.7,814.9,497.0,769.8,327.1,1178.6,711.2,3ccY8jYkI5o.004.mp4,1280,720,23.976,367,emotional_stability,low
328,13680,chin,495.5,337.6,814.9,581.9,779.4,512.0,1178.6,817.4,3ccY8jYkI5o.004.mp4,1280,720,23.976,367,emotional_stability,low
328,13680,left_cheek,499.9,356.1,589.5,491.1,784.9,535.1,896.8,703.8,3ccY8jYkI5o.004.mp4,1280,720,23.976,367,emotional_stability,low
328,13680,right_cheek,696.3,325.8,800.8,459.7,1030.4,497.2,1161.0,664.6,3ccY8jYkI5o.004.mp4,1280,720,23.976,367,emotional_stability,low
329,13722,left_eye,499.8,260.1,606.9,338.8,784.8,415.1,918.7,513.4,3ccY8jYkI5o.004.mp4,1280,720,23.976,367,emotional_stability,low
329,13722,right_eye,657.3,235.1,771.6,313.4,981.6,383.9,1124.5,481.7,3ccY8jYkI5o.004.mp4,1280,720,23.976,367,emotional_stability,low
329,13722,nose,593.1,294.2,693.3,405.5,901.4,457.8,1026.7,596.9,3ccY8jYkI5o.004.mp4,1280,720,23.976,367,emotional_stability,low
329,13722,mouth,586.7,423.2,731.1,524.9,893.3,619.0,1073.9,746.1,3ccY8jYkI5o.004.mp4,1280,720,23.976,367,emotional_stability,low
329,13722,forehead,490.4,190.4,814.7,496.4,773.0,327.9,1178.4,710.5,3ccY8jYkI5o.004.mp4,1280,720,23.976,367,emotional_stability,low
329,13722,chin,497.2,338.4,814.7,582.6,781.5,513.0,1178.4,818.2,3ccY8jYkI5o.004.mp4,1280,720,23.976,367,emotional_stability,low
329,13722,left_cheek,500.5,357.4,589.2,490.8,785.6,536.7,896.5,703.5,3ccY8jYkI5o.004.mp4,1280,720,23.976,367,emotional_stability,low
329,13722,right_cheek,695.3,326.7,800.2,459.9,1029.1,498.4,1160.2,664.9,3ccY8jYkI5o.004.mp4,1280,720,23.976,367,emotional_stability,low
330,13763,left_eye,500.9,263.6,607.7,341.8,786.2,419.5,919.6,517.2,3ccY8jYkI5o.004.mp4,1280,720,23.976,367,emotional_stability,low
330,13763,right_eye,657.7,239.9,771.8,315.6,982.1,389.8,1124.8,484.5,3ccY8jYkI5o.004.mp4,1280,720,23.976,367,emotional_stability,low
330,13763,nose,593.1,296.8,693.2,405.8,901.4,461.0,1026.6,597.2,3ccY8jYkI5o.004.mp4,1280,720,23.976,367,emotional_stability,low
330,13763,mouth,586.8,425.0,730.4,535.9,893.5,621.2,1073.1,759.9,3ccY8jYkI5o.004.mp4,1280,720,23.976,367,emotional_stability,low
330,13763,forehead,492.6,195.6,815.0,497.1,775.8,334.5,1178.8,711.4,3ccY8jYkI5o.004.mp4,1280,720,23.976,367,emotional_stability,low
330,13763,chin,499.7,340.5,815.0,584.8,784.6,515.7,1178.8,821.0,3ccY8jYkI5o.004.mp4,1280,720,23.976,367,emotional_stability,low
330,13763,left_cheek,501.6,357.7,589.3,491.6,787.1,537.2,896.6,704.5,3ccY8jYkI5o.004.mp4,1280,720,23.976,367,emotional_stability,low
330,13763,right_cheek,695.3,328.8,800.1,461.4,1029.1,500.9,1160.1,666.8,3ccY8jYkI5o.004.mp4,1280,720,23.976,367,emotional_stability,low
331,13805,left_eye,503.5,266.9,609.4,343.5,789.4,423.7,921.8,519.3,3ccY8jYkI5o.004.mp4,1280,720,23.976,367,emotional_stability,low
331,13805,right_eye,659.3,245.5,772.7,320.1,984.1,396.9,1125.9,490.2,3ccY8jYkI5o.004.mp4,1280,720,23.976,367,emotional_stability,low
331,13805,nose,593.3,300.7,693.1,410.5,901.6,465.8,1026.4,603.1,3ccY8jYkI5o.004.mp4,1280,720,23.976,367,emotional_stability,low
331,13805,mouth,586.9,428.4,729.8,538.6,893.7,625.6,1072.2,763.2,3ccY8jYkI5o.004.mp4,1280,720,23.976,367,emotional_stability,low
331,13805,forehead,494.8,200.0,815.0,497.3,778.5,340.0,1178.8,711.7,3ccY8jYkI5o.004.mp4,1280,720,23.976,367,emotional_stability,low
331,13805,chin,500.9,345.5,815.0,585.9,786.1,521.9,1178.8,822.4,3ccY8jYkI5o.004.mp4,1280,720,23.976,367,emotional_stability,low
331,13805,left_cheek,503.3,359.4,590.0,492.1,789.2,539.3,897.5,705.1,3ccY8jYkI5o.004.mp4,1280,720,23.976,367,emotional_stability,low
331,13805,right_cheek,695.3,334.5,799.6,466.7,1029.1,508.1,1159.5,673.3,3ccY8jYkI5o.004.mp4,1280,720,23.976,367,emotional_stability,low
332,13847,left_eye,503.2,268.9,609.5,344.6,788.9,426.1,921.9,520.7,3ccY8jYkI5o.004.mp4,1280,720,23.976,367,emotional_stability,low
332,13847,right_eye,660.7,249.2,775.7,324.6,985.8,401.5,1129.7,495.8,3ccY8jYkI5o.004.mp4,1280,720,23.976,367,emotional_stability,low
332,13847,nose,593.0,304.4,692.4,417.4,901.2,470.5,1025.5,611.7,3ccY8jYkI5o.004.mp4,1280,720,23.976,367,emotional_stability,low
332,13847,mouth,583.4,436.0,727.4,532.4,889.3,635.0,1069.2,755.5,3ccY8jYkI5o.004.mp4,1280,720,23.976,367,emotional_stability,low
332,13847,forehead,494.4,200.7,816.9,497.6,777.9,340.9,1181.1,712.0,3ccY8jYkI5o.004.mp4,1280,720,23.976,367,emotional_stability,low
332,13847,chin,500.1,350.1,816.9,585.6,785.1,527.6,1181.1,822.0,3ccY8jYkI5o.004.mp4,1280,720,23.976,367,emotional_stability,low
332,13847,left_cheek,503.0,362.0,590.0,492.1,788.8,542.5,897.5,705.2,3ccY8jYkI5o.004.mp4,1280,720,23.976,367,emotional_stability,low
332,13847,right_cheek,695.2,340.0,799.6,472.4,1029.0,515.0,1159.5,680.5,3ccY8jYkI5o.004.mp4,1280,720,23.976,367,emotional_stability,low
333,13888,left_eye,504.1,270.8,610.0,344.9,790.2,428.6,922.4,521.2,3ccY8jYkI5o.004.mp4,1280,720,23.976,367,emotional_stability,low
333,13888,right_eye,663.2,253.9,778.6,328.5,988.9,407.3,1133.3,500.6,3ccY8jYkI5o.004.mp4,1280,720,23.976,367,emotional_stability,low
333,13888,nose,592.9,307.2,691.8,420.8,901.1,474.0,1024.8,616.0,3ccY8jYkI5o.004.mp4,1280,720,23.976,367,emotional_stability,low
333,13888,mouth,580.1,440.2,725.2,524.7,885.2,640.3,1066.5,745.9,3ccY8jYkI5o.004.mp4,1280,720,23.976,367,emotional_stability,low
333,13888,forehead,495.1,203.0,817.1,493.5,778.8,343.7,1181.3,706.9,3ccY8jYkI5o.004.mp4,1280,720,23.976,367,emotional_stability,low
333,13888,chin,500.0,353.3,817.1,583.0,785.0,531.6,1181.3,818.8,3ccY8jYkI5o.004.mp4,1280,720,23.976,367,emotional_stability,low
333,13888,left_cheek,503.4,363.1,590.3,491.8,789.2,543.9,897.9,704.8,3ccY8jYkI5o.004.mp4,1280,720,23.976,367,emotional_stability,low
333,13888,right_cheek,695.3,344.7,799.1,475.3,1029.1,520.9,1158.9,684.1,3ccY8jYkI5o.004.mp4,1280,720,23.976,367,emotional_stability,low
334,13930,left_eye,505.4,270.8,610.9,344.9,791.7,428.5,923.6,521.2,3ccY8jYkI5o.004.mp4,1280,720,23.976,367,emotional_stability,low
334,13930,right_eye,665.7,255.8,781.1,329.9,992.2,409.8,1136.4,502.4,3ccY8jYkI5o.004.mp4,1280,720,23.976,367,emotional_stability,low
334,13930,nose,592.9,307.9,691.9,421.5,901.1,474.9,1024.9,616.8,3ccY8jYkI5o.004.mp4,1280,720,23.976,367,emotional_stability,low
334,13930,mouth,580.9,441.8,723.6,525.0,886.1,642.2,1064.5,746.2,3ccY8jYkI5o.004.mp4,1280,720,23.976,367,emotional_stability,low
334,13930,forehead,496.3,203.9,817.5,492.0,780.4,344.8,1181.9,705.0,3ccY8jYkI5o.004.mp4,1280,720,23.976,367,emotional_stability,low
334,13930,chin,500.3,356.1,817.5,583.5,785.4,535.1,1181.9,819.3,3ccY8jYkI5o.004.mp4,1280,720,23.976,367,emotional_stability,low
334,13930,left_cheek,503.8,363.2,590.9,491.5,789.7,544.0,898.6,704.4,3ccY8jYkI5o.004.mp4,1280,720,23.976,367,emotional_stability,low
334,13930,right_cheek,695.6,346.9,799.1,477.9,1029.5,523.6,1158.9,687.4,3ccY8jYkI5o.004.mp4,1280,720,23.976,367,emotional_stability,low
335,13972,left_eye,505.7,270.8,610.9,344.4,792.2,428.5,923.7,520.5,3ccY8jYkI5o.004.mp4,1280,720,23.976,367,emotional_stability,low
335,13972,right_eye,666.1,256.4,781.0,330.0,992.7,410.5,1136.2,502.5,3ccY8jYkI5o.004.mp4,1280,720,23.976,367,emotional_stability,low
335,13972,nose,591.2,307.7,691.6,421.4,899.0,474.7,1024.5,616.7,3ccY8jYkI5o.004.mp4,1280,720,23.976,367,emotional_stability,low
335,13972,mouth,580.9,441.7,722.2,538.7,886.2,642.1,1062.7,763.4,3ccY8jYkI5o.004.mp4,1280,720,23.976,367,emotional_stability,low
335,13972,forehead,496.9,204.8,816.9,491.0,781.1,346.0,1181.1,703.7,3ccY8jYkI5o.004.mp4,1280,720,23.976,367,emotional_stability,low
335,13972,chin,500.5,357.7,816.9,593.2,785.7,537.2,1181.1,831.5,3ccY8jYkI5o.004.mp4,1280,720,23.976,367,emotional_stability,low
335,13972,left_cheek,503.8,363.0,590.7,491.7,789.7,543.7,898.3,704.6,3ccY8jYkI5o.004.mp4,1280,720,23.976,367,emotional_stability,low
335,13972,right_cheek,695.6,347.8,797.7,480.5,1029.5,524.7,1157.2,690.6,3ccY8jYkI5o.004.mp4,1280,720,23.976,367,emotional_stability,low
336,14014,left_eye,506.1,271.0,610.9,344.5,792.6,428.8,923.6,520.7,3ccY8jYkI5o.004.mp4,1280,720,23.976,367,emotional_stability,low
336,14014,right_eye,665.7,258.8,780.2,331.8,992.1,413.5,1135.3,504.7,3ccY8jYkI5o.004.mp4,1280,720,23.976,367,emotional_stability,low
336,14014,nose,590.2,309.0,690.8,423.1,897.7,476.3,1023.5,618.9,3ccY8jYkI5o.004.mp4,1280,720,23.976,367,emotional_stability,low
336,14014,mouth,580.2,441.9,721.3,541.1,885.2,642.4,1061.7,766.4,3ccY8jYkI5o.004.mp4,1280,720,23.976,367,emotional_stability,low
336,14014,forehead,497.6,206.6,816.7,491.5,782.0,348.2,1180.9,704.4,3ccY8jYkI5o.004.mp4,1280,720,23.976,367,emotional_stability,low
336,14014,chin,501.0,359.9,816.7,595.5,786.2,539.8,1180.9,834.4,3ccY8jYkI5o.004.mp4,1280,720,23.976,367,emotional_stability,low
336,14014,left_cheek,503.8,363.3,590.4,491.8,789.7,544.1,898.0,704.7,3ccY8jYkI5o.004.mp4,1280,720,23.976,367,emotional_stability,low
336,14014,right_cheek,695.1,349.4,796.9,481.9,1028.9,526.7,1156.1,692.4,3ccY8jYkI5o.004.mp4,1280,720,23.976,367,emotional_stability,low
337,14055,left_eye,506.8,271.9,611.1,345.0,793.5,429.9,923.9,521.3,3ccY8jYkI5o.004.mp4,1280,720,23.976,367,emotional_stability,low
337,14055,right_eye,665.9,260.6,780.0,333.3,992.3,415.8,1135.0,506.6,3ccY8jYkI5o.004.mp4,1280,720,23.976,367,emotional_stability,low
337,14055,nose,590.3,310.5,690.9,425.0,897.9,478.1,1023.6,621.3,3ccY8jYkI5o.004.mp4,1280,720,23.976,367,emotional_stability,low
337,14055,mouth,579.4,442.3,721.2,538.3,884.3,642.9,1061.5,762.9,3ccY8jYkI5o.004.mp4,1280,720,23.976,367,emotional_stability,low
337,14055,forehead,497.8,207.8,816.5,490.2,782.2,349.7,1180.7,702.8,3ccY8jYkI5o.004.mp4,1280,720,23.976,367,emotional_stability,low
337,14055,chin,501.1,359.5,816.5,594.7,786.4,539.4,1180.7,833.3,3ccY8jYkI5o.004.mp4,1280,720,23.976,367,emotional_stability,low
337,14055,left_cheek,504.2,363.8,590.5,491.2,790.2,544.7,898.1,704.0,3ccY8jYkI5o.004.mp4,1280,720,23.976,367,emotional_stability,low
337,14055,right_cheek,695.1,350.2,796.6,481.0,1028.9,527.8,1155.7,691.3,3ccY8jYkI5o.004.mp4,1280,720,23.976,367,emotional_stability,low
338,14097,left_eye,507.0,272.4,611.3,345.3,793.7,430.6,924.1,521.6,3ccY8jYkI5o.004.mp4,1280,720,23.976,367,emotional_stability,low
338,14097,right_eye,666.6,261.7,780.7,334.4,993.2,417.2,1135.8,508.0,3ccY8jYkI5o.004.mp4,1280,720,23.976,367,emotional_stability,low
338,14097,nose,590.4,311.5,690.9,425.9,898.0,479.4,1023.7,622.4,3ccY8jYkI5o.004.mp4,1280,720,23.976,367,emotional_stability,low
338,14097,mouth,579.2,443.6,721.2,534.5,884.0,644.5,1061.4,758.1,3ccY8jYkI5o.004.mp4,1280,720,23.976,367,emotional_stability,low
338,14097,forehead,497.5,208.6,816.2,488.6,781.9,350.7,1180.3,700.7,3ccY8jYkI5o.004.mp4,1280,720,23.976,367,emotional_stability,low
338,14097,chin,501.0,359.8,816.2,589.0,786.3,539.8,1180.3,826.2,3ccY8jYkI5o.004.mp4,1280,720,23.976,367,emotional_stability,low
338,14097,left_cheek,504.2,364.0,590.6,490.0,790.2,545.0,898.3,702.5,3ccY8jYkI5o.004.mp4,1280,720,23.976,367,emotional_stability,low
338,14097,right_cheek,695.1,351.4,796.5,481.0,1028.9,529.2,1155.6,691.3,3ccY8jYkI5o.004.mp4,1280,720,23.976,367,emotional_stability,low
339,14139,left_eye,507.5,272.3,611.6,345.2,794.3,430.4,924.5,521.5,3ccY8jYkI5o.004.mp4,1280,720,23.976,367,emotional_stability,low
339,14139,right_eye,667.4,261.6,781.4,334.2,994.3,417.0,1136.7,507.8,3ccY8jYkI5o.004.mp4,1280,720,23.976,367,emotional_stability,low
339,14139,nose,590.5,311.3,691.0,425.3,898.1,479.1,1023.8,621.6,3ccY8jYkI5o.004.mp4,1280,720,23.976,367,emotional_stability,low
339,14139,mouth,578.6,443.5,721.1,531.1,883.2,644.4,1061.4,753.9,3ccY8jYkI5o.004.mp4,1280,720,23.976,367,emotional_stability,low
339,14139,forehead,497.9,208.4,816.1,486.3,782.4,350.5,1180.2,697.8,3ccY8jYkI5o.004.mp4,1280,720,23.976,367,emotional_stability,low
339,14139,chin,501.0,359.6,816.1,585.8,786.3,539.5,1180.2,822.2,3ccY8jYkI5o.004.mp4,1280,720,23.976,367,emotional_stability,low
339,14139,left_cheek,504.4,363.8,590.8,488.4,790.5,544.8,898.5,700.5,3ccY8jYkI5o.004.mp4,1280,720,23.976,367,emotional_stability,low
339,14139,right_cheek,695.2,351.3,796.4,480.7,1029.0,529.2,1155.5,690.8,3ccY8jYkI5o.004.mp4,1280,720,23.976,367,emotional_stability,low
340,14180,left_eye,507.3,272.5,611.6,345.3,794.1,430.6,924.5,521.6,3ccY8jYkI5o.004.mp4,1280,720,23.976,367,emotional_stability,low
340,14180,right_eye,667.7,262.3,782.4,335.4,994.6,417.9,1138.1,509.2,3ccY8jYkI5o.004.mp4,1280,720,23.976,367,emotional_stability,low
340,14180,nose,590.5,312.1,690.9,426.4,898.2,480.1,1023.6,623.0,3ccY8jYkI5o.004.mp4,1280,720,23.976,367,emotional_stability,low
340,14180,mouth,577.2,446.1,720.3,531.3,881.5,647.7,1060.4,754.1,3ccY8jYkI5o.004.mp4,1280,720,23.976,367,emotional_stability,low
340,14180,forehead,497.8,208.8,815.9,486.8,782.2,351.0,1179.9,698.5,3ccY8jYkI5o.004.mp4,1280,720,23.976,367,emotional_stability,low
340,14180,chin,500.8,361.7,815.9,585.9,785.9,542.1,1179.9,822.4,3ccY8jYkI5o.004.mp4,1280,720,23.976,367,emotional_stability,low
340,14180,left_cheek,504.4,364.1,590.8,488.7,790.5,545.1,898.4,700.9,3ccY8jYkI5o.004.mp4,1280,720,23.976,367,emotional_stability,low
340,14180,right_cheek,695.2,353.5,796.6,483.5,1029.0,531.8,1155.8,694.3,3ccY8jYkI5o.004.mp4,1280,720,23.976,367,emotional_stability,low
341,14222,left_eye,508.3,273.3,612.7,345.8,795.3,431.6,925.8,522.2,3ccY8jYkI5o.004.mp4,1280,720,23.976,367,emotional_stability,low
341,14222,right_eye,670.2,264.4,784.7,337.5,997.8,420.5,1140.9,511.8,3ccY8jYkI5o.004.mp4,1280,720,23.976,367,emotional_stability,low
341,14222,nose,592.1,313.9,691.7,428.9,900.1,482.4,1024.7,626.2,3ccY8jYkI5o.004.mp4,1280,720,23.976,367,emotional_stability,low
341,14222,mouth,577.5,449.4,720.3,532.7,881.8,651.7,1060.4,755.9,3ccY8jYkI5o.004.mp4,1280,720,23.976,367,emotional_stability,low
341,14222,forehead,498.6,210.4,816.3,486.4,783.2,353.0,1180.4,698.0,3ccY8jYkI5o.004.mp4,1280,720,23.976,367,emotional_stability,low
341,14222,chin,501.1,363.5,816.3,586.0,786.4,544.4,1180.4,822.6,3ccY8jYkI5o.004.mp4,1280,720,23.976,367,emotional_stability,low
341,14222,left_cheek,505.3,364.7,591.9,488.8,791.6,545.8,899.9,701.0,3ccY8jYkI5o.004.mp4,1280,720,23.976,367,emotional_stability,low
341,14222,right_cheek,696.6,356.3,797.8,486.0,1030.7,535.3,1157.3,697.5,3ccY8jYkI5o.004.mp4,1280,720,23.976,367,emotional_stability,low
342,14264,left_eye,508.2,274.3,612.5,347.2,795.3,432.9,925.6,524.0,3ccY8jYkI5o.004.mp4,1280,720,23.976,367,emotional_stability,low
342,14264,right_eye,669.7,266.5,784.3,340.6,997.1,423.1,1140.3,515.8,3ccY8jYkI5o.004.mp4,1280,720,23.976,367,emotional_stability,low
342,14264,nose,591.4,316.2,690.3,432.3,899.2,485.2,1022.9,630.4,3ccY8jYkI5o.004.mp4,1280,720,23.976,367,emotional_stability,low
342,14264,mouth,576.7,453.8,718.1,533.9,880.9,657.3,1057.6,757.4,3ccY8jYkI5o.004.mp4,1280,720,23.976,367,emotional_stability,low
342,14264,forehead,498.1,212.4,816.3,486.7,782.6,355.5,1180.4,698.4,3ccY8jYkI5o.004.mp4,1280,720,23.976,367,emotional_stability,low
342,14264,chin,500.2,365.5,816.3,586.8,785.2,546.9,1180.4,823.6,3ccY8jYkI5o.004.mp4,1280,720,23.976,367,emotional_stability,low
342,14264,left_cheek,504.6,365.8,591.4,490.3,790.8,547.2,899.3,702.9,3ccY8jYkI5o.004.mp4,1280,720,23.976,367,emotional_stability,low
342,14264,right_cheek,696.0,359.1,797.7,488.7,1030.0,538.9,1157.2,700.9,3ccY8jYkI5o.004.mp4,1280,720,23.976,367,emotional_stability,low
343,14305,left_eye,508.1,276.0,612.4,349.0,795.1,434.9,925.5,526.2,3ccY8jYkI5o.004.mp4,1280,720,23.976,367,emotional_stability,low
343,14305,right_eye,669.4,268.3,784.6,343.5,996.7,425.4,1140.7,519.3,3ccY8jYkI5o.004.mp4,1280,720,23.976,367,emotional_stability,low
343,14305,nose,591.4,318.6,689.1,436.6,899.2,488.3,1021.4,635.7,3ccY8jYkI5o.004.mp4,1280,720,23.976,367,emotional_stability,low
343,14305,mouth,576.6,460.6,714.7,532.6,880.7,665.8,1053.4,755.7,3ccY8jYkI5o.004.mp4,1280,720,23.976,367,emotional_stability,low
343,14305,forehead,497.8,214.1,816.4,485.8,782.2,357.6,1180.5,697.3,3ccY8jYkI5o.004.mp4,1280,720,23.976,367,emotional_stability,low
343,14305,chin,499.8,365.7,816.4,585.5,784.7,547.2,1180.5,821.9,3ccY8jYkI5o.004.mp4,1280,720,23.976,367,emotional_stability,low
343,14305,left_cheek,504.5,367.5,591.4,491.4,790.6,549.4,899.2,704.2,3ccY8jYkI5o.004.mp4,1280,720,23.976,367,emotional_stability,low
343,14305,right_cheek,695.6,362.0,797.7,490.7,1029.4,542.5,1157.2,703.4,3ccY8jYkI5o.004.mp4,1280,720,23.976,367,emotional_stability,low
344,14347,left_eye,508.0,276.8,612.4,349.9,795.0,436.1,925.5,527.4,3ccY8jYkI5o.004.mp4,1280,720,23.976,367,emotional_stability,low
344,14347,right_eye,669.6,269.2,784.9,344.5,997.0,426.4,1141.1,520.7,3ccY8jYkI5o.004.mp4,1280,720,23.976,367,emotional_stability,low
344,14347,nose,591.8,319.7,688.9,438.4,899.7,489.6,1021.2,638.0,3ccY8jYkI5o.004.mp4,1280,720,23.976,367,emotional_stability,low
344,14347,mouth,576.2,462.8,714.7,530.5,880.3,668.5,1053.3,753.1,3ccY8jYkI5o.004.mp4,1280,720,23.976,367,emotional_stability,low
344,14347,forehead,497.1,214.8,816.3,485.8,781.4,358.5,1180.3,697.2,3ccY8jYkI5o.004.mp4,1280,720,23.976,367,emotional_stability,low
344,14347,chin,499.0,366.1,816.3,584.6,783.7,547.7,1180.3,820.7,3ccY8jYkI5o.004.mp4,1280,720,23.976,367,emotional_stability,low
344,14347,left_cheek,504.5,368.3,591.5,492.7,790.6,550.4,899.3,705.9,3ccY8jYkI5o.004.mp4,1280,720,23.976,367,emotional_stability,low
344,14347,right_cheek,695.4,363.0,797.7,491.9,1029.2,543.8,1157.1,704.8,3ccY8jYkI5o.004.mp4,1280,720,23.976,367,emotional_stability,low
345,14389,left_eye,507.9,276.8,612.8,349.8,794.9,436.0,926.0,527.3,3ccY8jYkI5o.004.mp4,1280,720,23.976,367,emotional_stability,low
345,14389,right_eye,671.1,269.2,786.3,344.4,998.8,426.4,1142.9,520.5,3ccY8jYkI5o.004.mp4,1280,720,23.976,367,emotional_stability,low
345,14389,nose,592.8,319.5,689.3,438.7,901.0,489.4,1021.6,638.3,3ccY8jYkI5o.004.mp4,1280,720,23.976,367,emotional_stability,low
345,14389,mouth,576.3,463.4,715.0,531.3,880.4,669.3,1053.8,754.1,3ccY8jYkI5o.004.mp4,1280,720,23.976,367,emotional_stability,low
345,14389,forehead,496.6,214.5,816.6,485.9,780.7,358.1,1180.8,697.4,3ccY8jYkI5o.004.mp4,1280,720,23.976,367,emotional_stability,low
345,14389,chin,498.3,367.1,816.6,586.4,782.8,548.9,1180.8,823.0,3ccY8jYkI5o.004.mp4,1280,720,23.976,367,emotional_stability,low
345,14389,left_cheek,504.5,368.5,592.1,494.3,790.6,550.6,900.1,707.9,3ccY8jYkI5o.004.mp4,1280,720,23.976,367,emotional_stability,low
345,14389,right_cheek,695.8,363.9,798.4,493.7,1029.7,544.9,1158.0,707.2,3ccY8jYkI5o.004.mp4,1280,720,23.976,367,emotional_stability,low
346,14431,left_eye,508.4,276.8,614.0,350.2,795.5,436.0,927.5,527.8,3ccY8jYkI5o.004.mp4,1280,720,23.976,367,emotional_stability,low
346,14431,right_eye,673.8,269.4,789.6,345.0,1002.3,426.7,1147.0,521.2,3ccY8jYkI5o.004.mp4,1280,720,23.976,367,emotional_stability,low
346,14431,nose,595.4,319.8,692.2,440.2,904.2,489.7,1025.3,640.3,3ccY8jYkI5o.004.mp4,1280,720,23.976,367,emotional_stability,low
346,14431,mouth,579.5,467.9,715.2,544.1,884.4,674.8,1054.0,770.2,3ccY8jYkI5o.004.mp4,1280,720,23.976,367,emotional_stability,low
346,14431,forehead,496.6,214.3,819.8,487.6,780.7,357.8,1184.7,699.6,3ccY8jYkI5o.004.mp4,1280,720,23.976,367,emotional_stability,low
346,14431,chin,498.3,368.4,819.8,597.4,782.9,550.4,1184.7,836.7,3ccY8jYkI5o.004.mp4,1280,720,23.976,367,emotional_stability,low
346,14431,left_cheek,504.8,369.6,593.8,498.6,790.9,552.1,902.3,713.2,3ccY8jYkI5o.004.mp4,1280,720,23.976,367,emotional_stability,low
346,14431,right_cheek,698.3,365.4,801.8,498.3,1032.9,546.7,1162.2,712.9,3ccY8jYkI5o.004.mp4,1280,720,23.976,367,emotional_stability,low
347,14472,left_eye,508.4,276.6,613.9,350.5,795.5,435.8,927.4,528.1,3ccY8jYkI5o.004.mp4,1280,720,23.976,367,emotional_stability,low
347,14472,right_eye,673.9,270.1,790.1,345.6,1002.3,427.6,1147.6,522.0,3ccY8jYkI5o.004.mp4,1280,720,23.976,367,emotional_stability,low
347,14472,nose,595.3,320.1,693.1,441.6,904.2,490.1,1026.4,641.9,3ccY8jYkI5o.004.mp4,1280,720,23.976,367,emotional_stability,low
347,14472,mouth,580.7,469.4,715.5,553.6,885.9,676.7,1054.4,782.0,3ccY8jYkI5o.004.mp4,1280,720,23.976,367,emotional_stability,low
347,14472,forehead,496.0,214.2,820.5,490.2,780.0,357.7,1185.7,702.7,3ccY8jYkI5o.004.mp4,1280,720,23.976,367,emotional_stability,low
347,14472,chin,497.8,370.6,820.5,605.6,782.3,553.2,1185.7,847.1,3ccY8jYkI5o.004.mp4,1280,720,23.976,367,emotional_stability,low
347,14472,left_cheek,504.1,371.0,593.7,501.8,790.2,553.8,902.1,717.2,3ccY8jYkI5o.004.mp4,1280,720,23.976,367,emotional_stability,low
347,14472,right_cheek,699.3,367.0,803.2,501.3,1034.1,548.8,1164.0,716.6,3ccY8jYkI5o.004.mp4,1280,720,23.976,367,emotional_stability,low
348,14514,left_eye,508.4,276.8,615.3,350.9,795.5,436.0,929.2,528.6,3ccY8jYkI5o.004.mp4,1280,720,23.976,367,emotional_stability,low
348,14514,right_eye,677.0,271.0,793.0,346.8,1006.2,428.7,1151.2,523.4,3ccY8jYkI5o.004.mp4,1280,720,23.976,367,emotional_stability,low
348,14514,nose,597.3,320.9,697.2,442.1,906.6,491.1,1031.5,642.7,3ccY8jYkI5o.004.mp4,1280,720,23.976,367,emotional_stability,low
348,14514,mouth,582.2,469.0,717.8,558.1,887.7,676.2,1057.2,787.6,3ccY8jYkI5o.004.mp4,1280,720,23.976,367,emotional_stability,low
348,14514,forehead,496.3,214.6,822.0,491.6,780.3,358.2,1187.5,704.5,3ccY8jYkI5o.004.mp4,1280,720,23.976,367,emotional_stability,low
348,14514,chin,498.3,372.5,822.0,609.9,782.8,555.7,1187.5,852.3,3ccY8jYkI5o.004.mp4,1280,720,23.976,367,emotional_stability,low
348,14514,left_cheek,504.6,372.0,595.0,503.2,790.7,555.0,903.7,719.0,3ccY8jYkI5o.004.mp4,1280,720,23.976,367,emotional_stability,low
348,14514,right_cheek,702.4,368.4,805.6,503.3,1038.0,550.5,1166.9,719.1,3ccY8jYkI5o.004.mp4,1280,720,23.976,367,emotional_stability,low
349,14556,left_eye,508.5,277.1,616.2,352.2,795.7,436.4,930.2,530.2,3ccY8jYkI5o.004.mp4,1280,720,23.976,367,emotional_stability,low
349,14556,right_eye,678.4,271.9,795.4,347.9,1007.9,429.9,1154.3,524.9,3ccY8jYkI5o.004.mp4,1280,720,23.976,367,emotional_stability,low
349,14556,nose,597.6,321.7,699.5,443.0,907.0,492.2,1034.4,643.7,3ccY8jYkI5o.004.mp4,1280,720,23.976,367,emotional_stability,low
349,14556,mouth,581.9,468.4,721.0,559.2,887.4,675.5,1061.2,788.9,3ccY8jYkI5o.004.mp4,1280,720,23.976,367,emotional_stability,low
349,14556,forehead,496.5,215.1,824.5,492.8,780.6,358.9,1190.7,706.0,3ccY8jYkI5o.004.mp4,1280,720,23.976,367,emotional_stability,low
349,14556,chin,498.6,373.2,824.5,611.7,783.2,556.6,1190.7,854.7,3ccY8jYkI5o.004.mp4,1280,720,23.976,367,emotional_stability,low
349,14556,left_cheek,504.7,372.9,595.4,504.2,790.9,556.1,904.3,720.3,3ccY8jYkI5o.004.mp4,1280,720,23.976,367,emotional_stability,low
349,14556,right_cheek,704.3,369.0,808.0,504.0,1040.4,551.3,1170.0,720.0,3ccY8jYkI5o.004.mp4,1280,720,23.976,367,emotional_stability,low
350,14597,left_eye,509.0,277.8,616.5,353.7,796.3,437.3,930.7,532.1,3ccY8jYkI5o.004.mp4,1280,720,23.976,367,emotional_stability,low
350,14597,right_eye,679.0,274.0,797.6,350.0,1008.8,432.4,1157.1,527.5,3ccY8jYkI5o.004.mp4,1280,720,23.976,367,emotional_stability,low
350,14597,nose,597.4,323.1,700.2,444.5,906.7,493.8,1035.3,645.6,3ccY8jYkI5o.004.mp4,1280,720,23.976,367,emotional_stability,low
350,14597,mouth,581.7,468.4,723.5,559.2,887.1,675.5,1064.4,789.0,3ccY8jYkI5o.004.mp4,1280,720,23.976,367,emotional_stability,low
350,14597,forehead,497.9,216.2,828.9,494.3,782.4,360.2,1196.1,707.9,3ccY8jYkI5o.004.mp4,1280,720,23.976,367,emotional_stability,low
350,14597,chin,500.1,375.3,828.9,614.6,785.1,559.2,1196.1,858.2,3ccY8jYkI5o.004.mp4,1280,720,23.976,367,emotional_stability,low
350,14597,left_cheek,505.0,373.7,595.4,505.0,791.2,557.1,904.3,721.2,3ccY8jYkI5o.004.mp4,1280,720,23.976,367,emotional_stability,low
350,14597,right_cheek,705.2,370.5,810.6,505.5,1041.5,553.2,1173.2,721.9,3ccY8jYkI5o.004.mp4,1280,720,23.976,367,emotional_stability,low
351,14639,left_eye,509.0,278.6,616.4,354.9,796.2,438.2,930.5,533.6,3ccY8jYkI5o.004.mp4,1280,720,23.976,367,emotional_stability,low
351,14639,right_eye,678.6,276.2,796.6,351.2,1008.2,435.2,1155.7,529.0,3ccY8jYkI5o.004.mp4,1280,720,23.976,367,emotional_stability,low
351,14639,nose,594.4,324.2,699.4,445.8,903.0,495.2,1034.2,647.2,3ccY8jYkI5o.004.mp4,1280,720,23.976,367,emotional_stability,low
351,14639,mouth,578.5,468.6,723.6,559.9,883.2,675.8,1064.6,789.9,3ccY8jYkI5o.004.mp4,1280,720,23.976,367,emotional_stability,low
351,14639,forehead,498.2,217.2,829.5,495.9,782.7,361.4,1196.9,709.8,3ccY8jYkI5o.004.mp4,1280,720,23.976,367,emotional_stability,low
351,14639,chin,500.4,376.6,829.5,616.2,785.4,560.8,1196.9,860.3,3ccY8jYkI5o.004.mp4,1280,720,23.976,367,emotional_stability,low
351,14639,left_cheek,504.8,374.3,594.7,505.8,791.0,557.9,903.4,722.3,3ccY8jYkI5o.004.mp4,1280,720,23.976,367,emotional_stability,low
351,14639,right_cheek,704.4,371.6,809.9,506.8,1040.6,554.4,1172.4,723.4,3ccY8jYkI5o.004.mp4,1280,720,23.976,367,emotional_stability,low
352,14681,left_eye,508.3,278.5,613.5,354.5,795.4,438.1,926.9,533.1,3ccY8jYkI5o.004.mp4,1280,720,23.976,367,emotional_stability,low
352,14681,right_eye,676.7,275.8,795.8,350.3,1005.8,434.7,1154.7,527.9,3ccY8jYkI5o.004.mp4,1280,720,23.976,367,emotional_stability,low
352,14681,nose,590.2,323.7,696.0,445.9,897.7,494.6,1030.0,647.3,3ccY8jYkI5o.004.mp4,1280,720,23.976,367,emotional_stability,low
352,14681,mouth,576.5,469.1,720.7,561.0,880.6,676.4,1060.9,791.3,3ccY8jYkI5o.004.mp4,1280,720,23.976,367,emotional_stability,low
352,14681,forehead,498.2,216.9,829.4,495.3,782.7,361.1,1196.7,709.2,3ccY8jYkI5o.004.mp4,1280,720,23.976,367,emotional_stability,low
352,14681,chin,500.4,375.6,829.4,616.4,785.5,559.6,1196.7,860.5,3ccY8jYkI5o.004.mp4,1280,720,23.976,367,emotional_stability,low
352,14681,left_cheek,503.5,374.1,592.1,505.4,789.4,557.7,900.1,721.7,3ccY8jYkI5o.004.mp4,1280,720,23.976,367,emotional_stability,low
352,14681,right_cheek,702.4,370.9,809.2,506.8,1038.0,553.6,1171.5,723.6,3ccY8jYkI5o.004.mp4,1280,720,23.976,367,emotional_stability,low
353,14723,left_eye,506.4,276.0,609.1,351.2,793.0,435.0,921.4,529.0,3ccY8jYkI5o.004.mp4,1280,720,23.976,367,emotional_stability,low
353,14723,right_eye,670.5,275.4,792.3,345.7,998.2,434.2,1150.4,522.2,3ccY8jYkI5o.004.mp4,1280,720,23.976,367,emotional_stability,low
353,14723,nose,585.9,320.7,689.4,443.7,892.4,490.9,1021.7,644.7,3ccY8jYkI5o.004.mp4,1280,720,23.976,367,emotional_stability,low
353,14723,mouth,574.0,467.5,713.7,559.3,877.5,674.4,1052.1,789.2,3ccY8jYkI5o.004.mp4,1280,720,23.976,367,emotional_stability,low
353,14723,forehead,497.6,213.8,828.5,493.0,782.0,357.3,1195.6,706.2,3ccY8jYkI5o.004.mp4,1280,720,23.976,367,emotional_stability,low
353,14723,chin,499.8,372.2,828.5,613.8,784.8,555.3,1195.6,857.3,3ccY8jYkI5o.004.mp4,1280,720,23.976,367,emotional_stability,low
353,14723,left_cheek,500.7,369.4,587.8,502.3,785.8,551.8,894.8,717.9,3ccY8jYkI5o.004.mp4,1280,720,23.976,367,emotional_stability,low
353,14723,right_cheek,696.8,368.4,807.4,506.3,1031.0,550.5,1169.3,722.9,3ccY8jYkI5o.004.mp4,1280,720,23.976,367,emotional_stability,low
354,14764,left_eye,503.8,271.4,604.2,346.7,789.7,429.3,915.2,523.3,3ccY8jYkI5o.004.mp4,1280,720,23.976,367,emotional_stability,low
354,14764,right_eye,662.6,268.3,786.0,337.9,988.2,425.3,1142.5,512.4,3ccY8jYkI5o.004.mp4,1280,720,23.976,367,emotional_stability,low
354,14764,nose,580.5,314.9,680.7,436.3,885.7,483.6,1010.9,635.4,3ccY8jYkI5o.004.mp4,1280,720,23.976,367,emotional_stability,low
354,14764,mouth,571.6,460.2,704.3,546.1,874.5,665.2,1040.3,772.6,3ccY8jYkI5o.004.mp4,1280,720,23.976,367,emotional_stability,low
354,14764,forehead,497.6,208.3,828.0,488.2,782.0,350.4,1195.0,700.2,3ccY8jYkI5o.004.mp4,1280,720,23.976,367,emotional_stability,low
354,14764,chin,499.9,366.3,828.0,604.7,784.9,547.9,1195.0,845.9,3ccY8jYkI5o.004.mp4,1280,720,23.976,367,emotional_stability,low
354,14764,left_cheek,498.4,365.0,583.0,496.2,783.0,546.3,888.7,710.2,3ccY8jYkI5o.004.mp4,1280,720,23.976,367,emotional_stability,low
354,14764,right_cheek,689.5,360.9,803.2,499.3,1021.9,541.1,1164.1,714.1,3ccY8jYkI5o.004.mp4,1280,720,23.976,367,emotional_stability,low
355,14806,left_eye,501.5,268.3,601.9,344.1,786.8,425.3,912.4,520.1,3ccY8jYkI5o.004.mp4,1280,720,23.976,367,emotional_stability,low
355,14806,right_eye,658.1,263.4,782.4,334.3,982.6,419.3,1138.0,507.8,3ccY8jYkI5o.004.mp4,1280,720,23.976,367,emotional_stability,low
355,14806,nose,577.5,311.9,676.8,432.0,881.9,479.9,1006.0,630.0,3ccY8jYkI5o.004.mp4,1280,720,23.976,367,emotional_stability,low
355,14806,mouth,570.4,456.6,701.6,534.0,873.0,660.7,1037.0,757.6,3ccY8jYkI5o.004.mp4,1280,720,23.976,367,emotional_stability,low
355,14806,forehead,497.5,205.1,827.7,484.3,781.9,346.4,1194.6,695.3,3ccY8jYkI5o.004.mp4,1280,720,23.976,367,emotional_stability,low
355,14806,chin,500.5,362.6,827.7,598.1,785.6,543.3,1194.6,837.6,3ccY8jYkI5o.004.mp4,1280,720,23.976,367,emotional_stability,low
355,14806,left_cheek,497.3,362.7,580.5,493.0,781.7,543.4,885.6,706.2,3ccY8jYkI5o.004.mp4,1280,720,23.976,367,emotional_stability,low
355,14806,right_cheek,685.8,356.2,800.4,493.3,1017.3,535.2,1160.5,706.7,3ccY8jYkI5o.004.mp4,1280,720,23.976,367,emotional_stability,low
356,14848,left_eye,500.9,266.8,602.3,342.9,786.1,423.4,912.9,518.6,3ccY8jYkI5o.004.mp4,1280,720,23.976,367,emotional_stability,low
356,14848,right_eye,659.7,259.7,783.4,332.9,984.6,414.6,1139.3,506.2,3ccY8jYkI5o.004.mp4,1280,720,23.976,367,emotional_stability,low
356,14848,nose,579.6,310.1,678.9,430.2,884.5,477.6,1008.6,627.8,3ccY8jYkI5o.004.mp4,1280,720,23.976,367,emotional_stability,low
356,14848,mouth,571.1,455.0,704.3,529.4,873.9,658.7,1040.4,751.8,3ccY8jYkI5o.004.mp4,1280,720,23.976,367,emotional_stability,low
356,14848,forehead,497.3,202.4,827.5,484.7,781.6,343.0,1194.4,695.9,3ccY8jYkI5o.004.mp4,1280,720,23.976,367,emotional_stability,low
356,14848,chin,500.6,361.9,827.5,592.6,785.7,542.4,1194.4,830.8,3ccY8jYkI5o.004.mp4,1280,720,23.976,367,emotional_stability,low
356,14848,left_cheek,497.4,362.9,581.3,492.7,781.7,543.6,886.7,705.9,3ccY8jYkI5o.004.mp4,1280,720,23.976,367,emotional_stability,low
356,14848,right_cheek,687.6,354.8,800.8,491.0,1019.5,533.4,1160.9,703.8,3ccY8jYkI5o.004.mp4,1280,720,23.976,367,emotional_stability,low
357,14889,left_eye,503.3,267.9,608.9,345.1,789.1,424.9,921.1,521.4,3ccY8jYkI5o.004.mp4,1280,720,23.976,367,emotional_stability,low
357,14889,right_eye,668.7,261.3,790.8,335.5,995.9,416.6,1148.5,509.4,3ccY8jYkI5o.004.mp4,1280,720,23.976,367,emotional_stability,low
357,14889,nose,590.7,310.6,687.2,431.4,898.4,478.3,1019.0,629.3,3ccY8jYkI5o.004.mp4,1280,720,23.976,367,emotional_stability,low
357,14889,mouth,580.4,455.9,710.1,530.3,885.6,659.9,1047.7,752.9,3ccY8jYkI5o.004.mp4,1280,720,23.976,367,emotional_stability,low
357,14889,forehead,497.3,203.3,830.3,491.0,781.6,344.1,1197.9,703.7,3ccY8jYkI5o.004.mp4,1280,720,23.976,367,emotional_stability,low
357,14889,chin,500.2,365.5,830.3,591.0,785.2,546.9,1197.9,828.8,3ccY8jYkI5o.004.mp4,1280,720,23.976,367,emotional_stability,low
357,14889,left_cheek,499.3,366.1,588.5,494.3,784.1,547.6,895.6,707.9,3ccY8jYkI5o.004.mp4,1280,720,23.976,367,emotional_stability,low
357,14889,right_cheek,696.3,356.3,807.0,492.3,1030.4,535.4,1168.8,705.4,3ccY8jYkI5o.004.mp4,1280,720,23.976,367,emotional_stability,low
358,14931,left_eye,512.7,268.7,619.9,343.7,800.9,425.8,934.8,519.6,3ccY8jYkI5o.004.mp4,1280,720,23.976,367,emotional_stability,low
358,14931,right_eye,686.2,261.6,802.0,336.5,1017.8,417.0,1162.5,510.6,3ccY8jYkI5o.004.mp4,1280,720,23.976,367,emotional_stability,low
358,14931,nose,605.4,311.7,704.8,431.4,916.8,479.7,1040.9,629.2,3ccY8jYkI5o.004.mp4,1280,720,23.976,367,emotional_stability,low
358,14931,mouth,594.4,456.2,723.5,527.7,903.0,660.2,1064.3,749.7,3ccY8jYkI5o.004.mp4,1280,720,23.976,367,emotional_stability,low
358,14931,forehead,499.1,205.5,833.9,491.7,783.9,346.9,1202.4,704.6,3ccY8jYkI5o.004.mp4,1280,720,23.976,367,emotional_stability,low
358,14931,chin,500.2,368.6,833.9,589.3,785.3,550.7,1202.4,826.6,3ccY8jYkI5o.004.mp4,1280,720,23.976,367,emotional_stability,low
358,14931,left_cheek,505.4,366.1,601.4,494.8,791.8,547.6,911.8,708.5,3ccY8jYkI5o.004.mp4,1280,720,23.976,367,emotional_stability,low
358,14931,right_cheek,711.5,356.4,816.6,493.0,1049.4,535.5,1180.8,706.2,3ccY8jYkI5o.004.mp4,1280,720,23.976,367,emotional_stability,low
359,14973,left_eye,521.9,266.7,631.3,341.0,812.4,423.4,949.1,516.3,3ccY8jYkI5o.004.mp4,1280,720,23.976,367,emotional_stability,low
359,14973,right_eye,696.1,262.7,808.4,336.9,1030.1,418.3,1170.5,511.1,3ccY8jYkI5o.004.mp4,1280,720,23.976,367,emotional_stability,low
359,14973,nose,614.0,309.6,713.5,426.8,927.5,477.0,1051.9,623.5,3ccY8jYkI5o.004.mp4,1280,720,23.976,367,emotional_stability,low
359,14973,mouth,598.1,451.2,733.6,526.1,907.6,654.0,1077.0,747.6,3ccY8jYkI5o.004.mp4,1280,720,23.976,367,emotional_stability,low
359,14973,forehead,499.9,204.9,836.1,493.9,784.9,346.1,1205.2,707.3,3ccY8jYkI5o.004.mp4,1280,720,23.976,367,emotional_stability,low
359,14973,chin,500.3,374.4,836.1,591.1,785.3,558.0,1205.2,828.9,3ccY8jYkI5o.004.mp4,1280,720,23.976,367,emotional_stability,low
359,14973,left_cheek,510.9,363.6,609.8,494.5,798.7,544.5,922.2,708.1,3ccY8jYkI5o.004.mp4,1280,720,23.976,367,emotional_stability,low
359,14973,right_cheek,719.8,356.5,821.8,493.4,1059.7,535.6,1187.2,706.8,3ccY8jYkI5o.004.mp4,1280,720,23.976,367,emotional_stability,low
360,15015,left_eye,522.5,264.1,631.6,340.1,813.2,420.1,949.5,515.1,3ccY8jYkI5o.004.mp4,1280,720,23.976,367,emotional_stability,low
360,15015,right_eye,695.0,261.3,807.8,336.9,1028.8,416.6,1169.8,511.1,3ccY8jYkI5o.004.mp4,1280,720,23.976,367,emotional_stability,low
360,15015,nose,613.7,306.6,714.1,422.9,927.1,473.3,1052.6,618.6,3ccY8jYkI5o.004.mp4,1280,720,23.976,367,emotional_stability,low
360,15015,mouth,593.4,443.2,736.1,519.7,901.7,644.0,1080.2,739.6,3ccY8jYkI5o.004.mp4,1280,720,23.976,367,emotional_stability,low
360,15015,forehead,499.9,203.1,835.9,497.6,784.9,343.9,1204.9,712.0,3ccY8jYkI5o.004.mp4,1280,720,23.976,367,emotional_stability,low
360,15015,chin,500.1,378.3,835.9,591.4,785.1,562.9,1204.9,829.3,3ccY8jYkI5o.004.mp4,1280,720,23.976,367,emotional_stability,low
360,15015,left_cheek,511.2,361.3,609.4,493.5,799.0,541.7,921.7,706.8,3ccY8jYkI5o.004.mp4,1280,720,23.976,367,emotional_stability,low
360,15015,right_cheek,719.5,357.5,821.3,493.5,1059.4,536.9,1186.6,706.9,3ccY8jYkI5o.004.mp4,1280,720,23.976,367,emotional_stability,low
361,15056,left_eye,519.4,263.0,626.6,339.8,809.2,418.7,943.3,514.7,3ccY8jYkI5o.004.mp4,1280,720,23.976,367,emotional_stability,low
361,15056,right_eye,689.5,260.0,804.7,336.8,1021.9,415.0,1165.9,511.0,3ccY8jYkI5o.004.mp4,1280,720,23.976,367,emotional_stability,low
361,15056,nose,609.0,305.4,708.5,422.1,921.3,471.7,1045.7,617.6,3ccY8jYkI5o.004.mp4,1280,720,23.976,367,emotional_stability,low
361,15056,mouth,583.9,441.0,731.0,516.4,889.9,641.2,1073.8,735.6,3ccY8jYkI5o.004.mp4,1280,720,23.976,367,emotional_stability,low
361,15056,forehead,496.6,201.9,835.1,500.6,780.8,342.4,1203.8,715.7,3ccY8jYkI5o.004.mp4,1280,720,23.976,367,emotional_stability,low
361,15056,chin,496.6,379.9,835.1,590.3,780.8,564.8,1203.8,827.9,3ccY8jYkI5o.004.mp4,1280,720,23.976,367,emotional_stability,low
361,15056,left_cheek,507.1,360.4,606.4,492.4,793.9,540.5,918.0,705.5,3ccY8jYkI5o.004.mp4,1280,720,23.976,367,emotional_stability,low
361,15056,right_cheek,714.7,358.1,818.7,493.7,1053.3,537.7,1183.4,707.1,3ccY8jYkI5o.004.mp4,1280,720,23.976,367,emotional_stability,low
362,15098,left_eye,515.4,262.4,623.2,339.4,804.3,418.0,939.0,514.3,3ccY8jYkI5o.004.mp4,1280,720,23.976,367,emotional_stability,low
362,15098,right_eye,684.4,259.3,801.1,336.2,1015.5,414.1,1161.3,510.2,3ccY8jYkI5o.004.mp4,1280,720,23.976,367,emotional_stability,low
362,15098,nose,598.3,304.2,701.2,419.9,907.9,470.3,1036.6,614.9,3ccY8jYkI5o.004.mp4,1280,720,23.976,367,emotional_stability,low
362,15098,mouth,573.7,438.3,728.6,515.1,877.1,637.9,1070.8,733.8,3ccY8jYkI5o.004.mp4,1280,720,23.976,367,emotional_stability,low
362,15098,forehead,492.7,201.6,833.1,500.3,775.9,342.0,1201.4,715.4,3ccY8jYkI5o.004.mp4,1280,720,23.976,367,emotional_stability,low
362,15098,chin,492.7,380.2,833.1,588.8,775.9,565.3,1201.4,826.0,3ccY8jYkI5o.004.mp4,1280,720,23.976,367,emotional_stability,low
362,15098,left_cheek,500.0,359.3,597.3,490.7,785.1,539.1,906.6,703.4,3ccY8jYkI5o.004.mp4,1280,720,23.976,367,emotional_stability,low
362,15098,right_cheek,708.9,358.1,815.5,493.0,1046.1,537.6,1179.4,706.2,3ccY8jYkI5o.004.mp4,1280,720,23.976,367,emotional_stability,low
363,15140,left_eye,510.9,261.9,619.0,339.5,798.7,417.4,933.7,514.3,3ccY8jYkI5o.004.mp4,1280,720,23.976,367,emotional_stability,low
363,15140,right_eye,680.7,258.4,798.4,336.0,1010.9,413.0,1158.0,510.0,3ccY8jYkI5o.004.mp4,1280,720,23.976,367,emotional_stability,low
363,15140,nose,593.9,303.8,697.7,419.3,902.4,469.8,1032.1,614.1,3ccY8jYkI5o.004.mp4,1280,720,23.976,367,emotional_stability,low
363,15140,mouth,569.1,438.7,728.0,516.9,871.4,638.3,1070.0,736.2,3ccY8jYkI5o.004.mp4,1280,720,23.976,367,emotional_stability,low
363,15140,forehead,489.0,201.0,830.4,500.9,771.2,341.2,1198.0,716.2,3ccY8jYkI5o.004.mp4,1280,720,23.976,367,emotional_stability,low
363,15140,chin,489.0,380.4,830.4,589.4,771.2,565.5,1198.0,826.7,3ccY8jYkI5o.004.mp4,1280,720,23.976,367,emotional_stability,low
363,15140,left_cheek,496.1,359.2,592.5,490.9,780.1,539.0,900.7,703.7,3ccY8jYkI5o.004.mp4,1280,720,23.976,367,emotional_stability,low
363,15140,right_cheek,705.6,357.9,813.1,493.0,1042.0,537.3,1176.3,706.3,3ccY8jYkI5o.004.mp4,1280,720,23.976,367,emotional_stability,low
364,15181,left_eye,509.0,262.5,617.3,339.7,796.3,418.1,931.7,514.7,3ccY8jYkI5o.004.mp4,1280,720,23.976,367,emotional_stability,low
364,15181,right_eye,679.7,258.8,797.2,336.1,1009.7,413.4,1156.5,510.2,3ccY8jYkI5o.004.mp4,1280,720,23.976,367,emotional_stability,low
364,15181,nose,593.6,304.5,697.4,420.6,902.0,470.6,1031.7,615.7,3ccY8jYkI5o.004.mp4,1280,720,23.976,367,emotional_stability,low
364,15181,mouth,568.2,440.5,727.0,518.9,870.3,640.6,1068.8,738.6,3ccY8jYkI5o.004.mp4,1280,720,23.976,367,emotional_stability,low
364,15181,forehead,487.6,201.0,828.7,502.6,769.5,341.2,1195.9,718.3,3ccY8jYkI5o.004.mp4,1280,720,23.976,367,emotional_stability,low
364,15181,chin,487.6,381.1,828.7,592.1,769.5,566.4,1195.9,830.1,3ccY8jYkI5o.004.mp4,1280,720,23.976,367,emotional_stability,low
364,15181,left_cheek,494.9,359.7,591.6,491.8,778.7,539.6,899.5,704.7,3ccY8jYkI5o.004.mp4,1280,720,23.976,367,emotional_stability,low
364,15181,right_cheek,704.7,358.1,811.7,494.5,1040.9,537.6,1174.6,708.1,3ccY8jYkI5o.004.mp4,1280,720,23.976,367,emotional_stability,low
365,15223,left_eye,507.8,263.8,616.6,340.7,794.7,419.7,930.8,515.8,3ccY8jYkI5o.004.mp4,1280,720,23.976,367,emotional_stability,low
365,15223,right_eye,679.4,260.4,796.4,338.5,1009.3,415.5,1155.5,513.1,3ccY8jYkI5o.004.mp4,1280,720,23.976,367,emotional_stability,low
365,15223,nose,593.8,305.7,697.4,422.2,902.3,472.1,1031.8,617.8,3ccY8jYkI5o.004.mp4,1280,720,23.976,367,emotional_stability,low
365,15223,mouth,567.9,441.4,726.4,522.3,869.9,641.7,1068.0,742.8,3ccY8jYkI5o.004.mp4,1280,720,23.976,367,emotional_stability,low
365,15223,forehead,485.9,201.1,826.8,505.6,767.4,341.3,1193.5,721.9,3ccY8jYkI5o.004.mp4,1280,720,23.976,367,emotional_stability,low
365,15223,chin,485.9,383.5,826.8,598.7,767.4,569.4,1193.5,838.3,3ccY8jYkI5o.004.mp4,1280,720,23.976,367,emotional_stability,low
365,15223,left_cheek,494.1,361.3,591.4,495.0,777.6,541.6,899.3,708.8,3ccY8jYkI5o.004.mp4,1280,720,23.976,367,emotional_stability,low
365,15223,right_cheek,704.4,360.6,810.5,498.0,1040.5,540.8,1173.1,712.4,3ccY8jYkI5o.004.mp4,1280,720,23.976,367,emotional_stability,low
366,15265,left_eye,505.1,266.3,614.8,343.1,791.3,422.9,928.5,518.9,3ccY8jYkI5o.004.mp4,1280,720,23.976,367,emotional_stability,low
366,15265,right_eye,677.8,263.6,794.7,341.4,1007.2,419.5,1153.4,516.7,3ccY8jYkI5o.004.mp4,1280,720,23.976,367,emotional_stability,low
366,15265,nose,591.6,308.5,696.5,426.5,899.5,475.7,1030.6,623.2,3ccY8jYkI5o.004.mp4,1280,720,23.976,367,emotional_stability,low
366,15265,mouth,564.7,446.3,725.3,527.5,865.9,647.9,1066.6,749.4,3ccY8jYkI5o.004.mp4,1280,720,23.976,367,emotional_stability,low
366,15265,forehead,483.2,202.7,824.6,508.9,764.0,343.4,1190.8,726.2,3ccY8jYkI5o.004.mp4,1280,720,23.976,367,emotional_stability,low
366,15265,chin,483.2,385.7,824.6,607.4,764.0,572.2,1190.8,849.3,3ccY8jYkI5o.004.mp4,1280,720,23.976,367,emotional_stability,low
366,15265,left_cheek,491.5,363.8,589.4,498.8,774.4,544.8,896.8,713.5,3ccY8jYkI5o.004.mp4,1280,720,23.976,367,emotional_stability,low
366,15265,right_cheek,702.6,363.5,808.1,501.6,1038.2,544.4,1170.2,717.1,3ccY8jYkI5o.004.mp4,1280,720,23.976,367,emotional_stability,low
