frame,timestamp_ms,aoi_name,vid_x_min,vid_y_min,vid_x_max,vid_y_max,screen_x_min,screen_y_min,screen_x_max,screen_y_max,video_file,native_width,native_height,fps,total_frames,trait,level
0,0,left_eye,505.9,265.3,626.0,316.1,792.3,421.6,942.6,485.1,emotional_stability_high4_PHv6CzBIC5E.001.mp4,1280,720,30.0,459,emotional_stability,high
0,0,right_eye,676.8,273.8,767.6,334.0,1006.0,432.3,1119.5,507.5,emotional_stability_high4_PHv6CzBIC5E.001.mp4,1280,720,30.0,459,emotional_stability,high
0,0,nose,595.5,303.9,685.6,420.7,904.4,469.9,1017.0,615.9,emotional_stability_high4_PHv6CzBIC5E.001.mp4,1280,720,30.0,459,emotional_stability,high
0,0,mouth,566.3,440.3,676.8,477.2,867.9,640.3,1006.0,686.5,emotional_stability_high4_PHv6CzBIC5E.001.mp4,1280,720,30.0,459,emotional_stability,high
0,0,forehead,440.4,198.0,779.7,459.1,710.5,337.5,1134.6,663.8,emotional_stability_high4_PHv6CzBIC5E.001.mp4,1280,720,30.0,459,emotional_stability,high
0,0,chin,440.4,318.2,761.4,559.8,710.5,487.8,1111.7,789.8,emotional_stability_high4_PHv6CzBIC5E.001.mp4,1280,720,30.0,459,emotional_stability,high
0,0,left_cheek,477.0,326.1,591.9,456.5,756.3,497.6,899.8,660.7,emotional_stability_high4_PHv6CzBIC5E.001.mp4,1280,720,30.0,459,emotional_stability,high
0,0,right_cheek,686.0,353.4,765.0,472.2,1017.5,531.7,1116.3,680.2,emotional_stability_high4_PHv6CzBIC5E.001.mp4,1280,720,30.0,459,emotional_stability,high
1,33,left_eye,505.9,265.9,627.5,319.1,792.3,422.4,944.3,488.9,emotional_stability_high4_PHv6CzBIC5E.001.mp4,1280,720,30.0,459,emotional_stability,high
1,33,right_eye,678.5,275.5,773.9,334.0,1008.1,434.4,1127.3,507.5,emotional_stability_high4_PHv6CzBIC5E.001.mp4,1280,720,30.0,459,emotional_stability,high
1,33,nose,594.5,304.4,682.8,420.9,903.2,470.5,1013.5,616.1,emotional_stability_high4_PHv6CzBIC5E.001.mp4,1280,720,30.0,459,emotional_stability,high
1,33,mouth,566.3,442.1,677.2,476.8,867.9,642.7,1006.5,686.0,emotional_stability_high4_PHv6CzBIC5E.001.mp4,1280,720,30.0,459,emotional_stability,high
1,33,forehead,440.5,196.2,787.2,453.6,710.6,335.3,1144.0,657.1,emotional_stability_high4_PHv6CzBIC5E.001.mp4,1280,720,30.0,459,emotional_stability,high
1,33,chin,440.5,316.8,770.3,551.4,710.6,486.0,1122.9,779.2,emotional_stability_high4_PHv6CzBIC5E.001.mp4,1280,720,30.0,459,emotional_stability,high
1,33,left_cheek,477.0,326.1,591.7,455.3,756.2,497.6,899.7,659.2,emotional_stability_high4_PHv6CzBIC5E.001.mp4,1280,720,30.0,459,emotional_stability,high
1,33,right_cheek,686.0,351.2,771.0,469.0,1017.5,529.0,1123.7,676.3,emotional_stability_high4_PHv6CzBIC5E.001.mp4,1280,720,30.0,459,emotional_stability,high
2,66,left_eye,506.5,267.2,629.0,321.3,793.2,423.9,946.2,491.7,emotional_stability_high4_PHv6CzBIC5E.001.mp4,1280,720,30.0,459,emotional_stability,high
2,66,right_eye,678.7,276.3,773.3,333.9,1008.4,435.3,1126.6,507.3,emotional_stability_high4_PHv6CzBIC5E.001.mp4,1280,720,30.0,459,emotional_stability,high
2,66,nose,594.5,304.8,682.3,420.9,903.1,471.0,1012.8,616.2,emotional_stability_high4_PHv6CzBIC5E.001.mp4,1280,720,30.0,459,emotional_stability,high
2,66,mouth,564.8,442.8,677.2,478.0,866.0,643.4,1006.5,687.5,emotional_stability_high4_PHv6CzBIC5E.001.mp4,1280,720,30.0,459,emotional_stability,high
2,66,forehead,440.5,195.5,786.1,450.3,710.6,334.4,1142.7,652.9,emotional_stability_high4_PHv6CzBIC5E.001.mp4,1280,720,30.0,459,emotional_stability,high
2,66,chin,440.5,314.1,769.1,552.2,710.6,482.7,1121.4,780.2,emotional_stability_high4_PHv6CzBIC5E.001.mp4,1280,720,30.0,459,emotional_stability,high
2,66,left_cheek,476.9,325.9,591.7,455.3,756.1,497.3,899.7,659.2,emotional_stability_high4_PHv6CzBIC5E.001.mp4,1280,720,30.0,459,emotional_stability,high
2,66,right_cheek,685.8,348.6,770.2,467.5,1017.3,525.7,1122.7,674.4,emotional_stability_high4_PHv6CzBIC5E.001.mp4,1280,720,30.0,459,emotional_stability,high
3,100,left_eye,506.5,266.4,630.1,320.8,793.2,423.0,947.6,491.0,emotional_stability_high4_PHv6CzBIC5E.001.mp4,1280,720,30.0,459,emotional_stability,high
3,100,right_eye,680.0,276.3,776.3,333.2,1010.0,435.3,1130.3,506.5,emotional_stability_high4_PHv6CzBIC5E.001.mp4,1280,720,30.0,459,emotional_stability,high
3,100,nose,594.2,304.6,682.3,420.6,902.8,470.7,1012.9,615.8,emotional_stability_high4_PHv6CzBIC5E.001.mp4,1280,720,30.0,459,emotional_stability,high
3,100,mouth,563.1,442.7,677.2,478.9,863.9,643.3,1006.5,688.6,emotional_stability_high4_PHv6CzBIC5E.001.mp4,1280,720,30.0,459,emotional_stability,high
3,100,forehead,440.8,194.3,789.2,448.4,711.0,332.8,1146.6,650.4,emotional_stability_high4_PHv6CzBIC5E.001.mp4,1280,720,30.0,459,emotional_stability,high
3,100,chin,440.8,311.3,771.2,549.6,711.0,479.2,1124.1,777.0,emotional_stability_high4_PHv6CzBIC5E.001.mp4,1280,720,30.0,459,emotional_stability,high
3,100,left_cheek,477.1,324.1,591.7,453.4,756.3,495.1,899.7,656.7,emotional_stability_high4_PHv6CzBIC5E.001.mp4,1280,720,30.0,459,emotional_stability,high
3,100,right_cheek,686.0,347.9,771.3,466.3,1017.5,524.8,1124.1,672.9,emotional_stability_high4_PHv6CzBIC5E.001.mp4,1280,720,30.0,459,emotional_stability,high
4,133,left_eye,507.2,267.0,630.6,322.3,794.0,423.7,948.2,492.9,emotional_stability_high4_PHv6CzBIC5E.001.mp4,1280,720,30.0,459,emotional_stability,high
4,133,right_eye,679.8,276.3,775.2,333.0,1009.8,435.3,1129.0,506.2,emotional_stability_high4_PHv6CzBIC5E.001.mp4,1280,720,30.0,459,emotional_stability,high
4,133,nose,594.2,304.9,682.4,420.6,902.8,471.1,1013.0,615.8,emotional_stability_high4_PHv6CzBIC5E.001.mp4,1280,720,30.0,459,emotional_stability,high
4,133,mouth,562.9,442.8,675.0,486.1,863.7,643.5,1003.8,697.6,emotional_stability_high4_PHv6CzBIC5E.001.mp4,1280,720,30.0,459,emotional_stability,high
4,133,forehead,440.7,194.3,788.2,445.5,710.9,332.8,1145.2,646.9,emotional_stability_high4_PHv6CzBIC5E.001.mp4,1280,720,30.0,459,emotional_stability,high
4,133,chin,440.7,311.1,770.7,550.3,710.9,478.9,1123.3,777.9,emotional_stability_high4_PHv6CzBIC5E.001.mp4,1280,720,30.0,459,emotional_stability,high
4,133,left_cheek,476.7,324.2,591.7,453.4,755.9,495.2,899.6,656.7,emotional_stability_high4_PHv6CzBIC5E.001.mp4,1280,720,30.0,459,emotional_stability,high
4,133,right_cheek,686.0,346.5,771.0,465.5,1017.4,523.1,1123.7,671.9,emotional_stability_high4_PHv6CzBIC5E.001.mp4,1280,720,30.0,459,emotional_stability,high
5,166,left_eye,506.6,267.0,630.4,322.0,793.2,423.8,947.9,492.5,emotional_stability_high4_PHv6CzBIC5E.001.mp4,1280,720,30.0,459,emotional_stability,high
5,166,right_eye,679.8,276.1,774.8,332.0,1009.7,435.1,1128.4,505.0,emotional_stability_high4_PHv6CzBIC5E.001.mp4,1280,720,30.0,459,emotional_stability,high
5,166,nose,592.9,304.9,682.5,420.6,901.2,471.1,1013.1,615.8,emotional_stability_high4_PHv6CzBIC5E.001.mp4,1280,720,30.0,459,emotional_stability,high
5,166,mouth,560.0,442.8,674.3,488.0,860.0,643.5,1002.9,700.0,emotional_stability_high4_PHv6CzBIC5E.001.mp4,1280,720,30.0,459,emotional_stability,high
5,166,forehead,440.6,194.0,787.4,443.7,710.7,332.6,1144.3,644.6,emotional_stability_high4_PHv6CzBIC5E.001.mp4,1280,720,30.0,459,emotional_stability,high
5,166,chin,440.6,309.6,769.7,550.4,710.7,477.0,1122.1,778.1,emotional_stability_high4_PHv6CzBIC5E.001.mp4,1280,720,30.0,459,emotional_stability,high
5,166,left_cheek,476.4,323.5,591.2,452.8,755.6,494.4,899.0,656.0,emotional_stability_high4_PHv6CzBIC5E.001.mp4,1280,720,30.0,459,emotional_stability,high
5,166,right_cheek,685.7,345.1,770.6,464.5,1017.2,521.4,1123.3,670.7,emotional_stability_high4_PHv6CzBIC5E.001.mp4,1280,720,30.0,459,emotional_stability,high
6,200,left_eye,506.3,268.3,630.1,322.8,792.9,425.4,947.6,493.5,emotional_stability_high4_PHv6CzBIC5E.001.mp4,1280,720,30.0,459,emotional_stability,high
6,200,right_eye,678.2,276.0,772.9,331.9,1007.7,435.0,1126.2,504.9,emotional_stability_high4_PHv6CzBIC5E.001.mp4,1280,720,30.0,459,emotional_stability,high
6,200,nose,591.7,305.7,681.1,421.6,899.6,472.1,1011.4,617.0,emotional_stability_high4_PHv6CzBIC5E.001.mp4,1280,720,30.0,459,emotional_stability,high
6,200,mouth,555.7,442.8,673.7,489.8,854.7,643.5,1002.2,702.2,emotional_stability_high4_PHv6CzBIC5E.001.mp4,1280,720,30.0,459,emotional_stability,high
6,200,forehead,439.5,194.3,783.8,440.5,709.4,332.8,1139.7,640.6,emotional_stability_high4_PHv6CzBIC5E.001.mp4,1280,720,30.0,459,emotional_stability,high
6,200,chin,439.5,308.3,764.3,550.3,709.4,475.3,1115.4,777.9,emotional_stability_high4_PHv6CzBIC5E.001.mp4,1280,720,30.0,459,emotional_stability,high
6,200,left_cheek,475.0,323.4,589.7,452.2,753.8,494.2,897.1,655.2,emotional_stability_high4_PHv6CzBIC5E.001.mp4,1280,720,30.0,459,emotional_stability,high
6,200,right_cheek,683.9,344.3,767.3,463.6,1014.9,520.4,1119.1,669.4,emotional_stability_high4_PHv6CzBIC5E.001.mp4,1280,720,30.0,459,emotional_stability,high
7,233,left_eye,505.9,266.6,627.1,324.1,792.4,423.3,943.9,495.1,emotional_stability_high4_PHv6CzBIC5E.001.mp4,1280,720,30.0,459,emotional_stability,high
7,233,right_eye,673.6,274.2,766.0,332.8,1002.1,432.7,1117.5,506.0,emotional_stability_high4_PHv6CzBIC5E.001.mp4,1280,720,30.0,459,emotional_stability,high
7,233,nose,587.8,306.3,677.8,421.7,894.7,472.9,1007.3,617.2,emotional_stability_high4_PHv6CzBIC5E.001.mp4,1280,720,30.0,459,emotional_stability,high
7,233,mouth,553.0,442.4,672.5,489.5,851.2,643.0,1000.6,701.9,emotional_stability_high4_PHv6CzBIC5E.001.mp4,1280,720,30.0,459,emotional_stability,high
7,233,forehead,438.5,194.3,776.2,442.3,708.1,332.8,1130.2,642.9,emotional_stability_high4_PHv6CzBIC5E.001.mp4,1280,720,30.0,459,emotional_stability,high
7,233,chin,438.5,309.0,757.8,549.6,708.1,476.3,1107.2,777.0,emotional_stability_high4_PHv6CzBIC5E.001.mp4,1280,720,30.0,459,emotional_stability,high
7,233,left_cheek,473.1,323.4,586.7,452.2,751.3,494.2,893.4,655.3,emotional_stability_high4_PHv6CzBIC5E.001.mp4,1280,720,30.0,459,emotional_stability,high
7,233,right_cheek,680.1,344.9,761.6,463.7,1010.2,521.2,1112.0,669.6,emotional_stability_high4_PHv6CzBIC5E.001.mp4,1280,720,30.0,459,emotional_stability,high
8,266,left_eye,505.1,267.5,625.9,328.2,791.3,424.3,942.4,500.3,emotional_stability_high4_PHv6CzBIC5E.001.mp4,1280,720,30.0,459,emotional_stability,high
8,266,right_eye,672.8,274.5,765.6,336.9,1001.0,433.1,1117.1,511.2,emotional_stability_high4_PHv6CzBIC5E.001.mp4,1280,720,30.0,459,emotional_stability,high
8,266,nose,587.3,309.5,677.2,423.5,894.2,476.9,1006.5,619.4,emotional_stability_high4_PHv6CzBIC5E.001.mp4,1280,720,30.0,459,emotional_stability,high
8,266,mouth,553.2,443.4,672.6,492.4,851.5,644.2,1000.7,705.5,emotional_stability_high4_PHv6CzBIC5E.001.mp4,1280,720,30.0,459,emotional_stability,high
8,266,forehead,436.9,196.5,776.4,448.3,706.2,335.6,1130.5,650.3,emotional_stability_high4_PHv6CzBIC5E.001.mp4,1280,720,30.0,459,emotional_stability,high
8,266,chin,436.9,314.1,758.3,553.4,706.2,482.6,1107.9,781.7,emotional_stability_high4_PHv6CzBIC5E.001.mp4,1280,720,30.0,459,emotional_stability,high
8,266,left_cheek,471.1,327.4,585.8,456.5,748.8,499.3,892.2,660.6,emotional_stability_high4_PHv6CzBIC5E.001.mp4,1280,720,30.0,459,emotional_stability,high
8,266,right_cheek,679.7,348.0,761.9,467.6,1009.7,525.0,1112.4,674.5,emotional_stability_high4_PHv6CzBIC5E.001.mp4,1280,720,30.0,459,emotional_stability,high
9,300,left_eye,504.1,267.6,624.5,328.2,790.1,424.5,940.6,500.2,emotional_stability_high4_PHv6CzBIC5E.001.mp4,1280,720,30.0,459,emotional_stability,high
9,300,right_eye,671.9,274.7,764.1,337.3,999.9,433.4,1115.1,511.6,emotional_stability_high4_PHv6CzBIC5E.001.mp4,1280,720,30.0,459,emotional_stability,high
9,300,nose,587.5,309.5,677.0,423.5,894.4,476.9,1006.2,619.4,emotional_stability_high4_PHv6CzBIC5E.001.mp4,1280,720,30.0,459,emotional_stability,high
9,300,mouth,553.4,443.3,672.4,493.0,851.8,644.2,1000.5,706.2,emotional_stability_high4_PHv6CzBIC5E.001.mp4,1280,720,30.0,459,emotional_stability,high
9,300,forehead,436.0,197.0,774.6,448.3,705.0,336.2,1128.3,650.4,emotional_stability_high4_PHv6CzBIC5E.001.mp4,1280,720,30.0,459,emotional_stability,high
9,300,chin,436.0,316.6,756.1,555.5,705.0,485.8,1105.1,784.4,emotional_stability_high4_PHv6CzBIC5E.001.mp4,1280,720,30.0,459,emotional_stability,high
9,300,left_cheek,471.0,328.6,585.2,457.6,748.8,500.8,891.5,662.0,emotional_stability_high4_PHv6CzBIC5E.001.mp4,1280,720,30.0,459,emotional_stability,high
9,300,right_cheek,679.2,348.2,760.1,467.7,1008.9,525.3,1110.1,674.6,emotional_stability_high4_PHv6CzBIC5E.001.mp4,1280,720,30.0,459,emotional_stability,high
10,333,left_eye,503.9,267.7,624.3,328.5,789.9,424.7,940.4,500.7,emotional_stability_high4_PHv6CzBIC5E.001.mp4,1280,720,30.0,459,emotional_stability,high
10,333,right_eye,671.6,274.4,762.5,337.0,999.5,433.1,1113.1,511.2,emotional_stability_high4_PHv6CzBIC5E.001.mp4,1280,720,30.0,459,emotional_stability,high
10,333,nose,588.0,309.4,677.1,423.3,894.9,476.7,1006.3,619.1,emotional_stability_high4_PHv6CzBIC5E.001.mp4,1280,720,30.0,459,emotional_stability,high
10,333,mouth,554.3,443.3,672.6,493.0,852.9,644.1,1000.7,706.2,emotional_stability_high4_PHv6CzBIC5E.001.mp4,1280,720,30.0,459,emotional_stability,high
10,333,forehead,435.4,197.0,772.5,446.3,704.3,336.3,1125.6,647.8,emotional_stability_high4_PHv6CzBIC5E.001.mp4,1280,720,30.0,459,emotional_stability,high
10,333,chin,435.4,316.8,753.4,556.8,704.3,486.1,1101.8,786.0,emotional_stability_high4_PHv6CzBIC5E.001.mp4,1280,720,30.0,459,emotional_stability,high
10,333,left_cheek,471.4,329.3,585.5,458.7,749.2,501.6,891.9,663.4,emotional_stability_high4_PHv6CzBIC5E.001.mp4,1280,720,30.0,459,emotional_stability,high
10,333,right_cheek,679.0,347.3,758.7,467.3,1008.7,524.2,1108.3,674.2,emotional_stability_high4_PHv6CzBIC5E.001.mp4,1280,720,30.0,459,emotional_stability,high
11,366,left_eye,503.6,272.6,624.3,332.1,789.5,430.7,940.4,505.1,emotional_stability_high4_PHv6CzBIC5E.001.mp4,1280,720,30.0,459,emotional_stability,high
11,366,right_eye,671.6,274.5,760.4,337.0,999.5,433.1,1110.5,511.2,emotional_stability_high4_PHv6CzBIC5E.001.mp4,1280,720,30.0,459,emotional_stability,high
11,366,nose,589.0,311.1,678.2,424.2,896.3,478.9,1007.7,620.3,emotional_stability_high4_PHv6CzBIC5E.001.mp4,1280,720,30.0,459,emotional_stability,high
11,366,mouth,555.5,444.6,673.2,494.6,854.4,645.8,1001.6,708.3,emotional_stability_high4_PHv6CzBIC5E.001.mp4,1280,720,30.0,459,emotional_stability,high
11,366,forehead,434.2,199.7,768.1,446.1,702.7,339.7,1120.1,647.7,emotional_stability_high4_PHv6CzBIC5E.001.mp4,1280,720,30.0,459,emotional_stability,high
11,366,chin,434.2,323.5,747.9,557.2,702.7,494.4,1094.8,786.5,emotional_stability_high4_PHv6CzBIC5E.001.mp4,1280,720,30.0,459,emotional_stability,high
11,366,left_cheek,471.6,335.6,585.7,465.0,749.4,509.5,892.1,671.2,emotional_stability_high4_PHv6CzBIC5E.001.mp4,1280,720,30.0,459,emotional_stability,high
11,366,right_cheek,679.3,347.2,756.6,467.4,1009.1,524.0,1105.8,674.2,emotional_stability_high4_PHv6CzBIC5E.001.mp4,1280,720,30.0,459,emotional_stability,high
12,400,left_eye,504.5,272.1,625.4,331.8,790.6,430.2,941.8,504.8,emotional_stability_high4_PHv6CzBIC5E.001.mp4,1280,720,30.0,459,emotional_stability,high
12,400,right_eye,671.9,273.2,759.0,336.8,999.9,431.5,1108.7,511.0,emotional_stability_high4_PHv6CzBIC5E.001.mp4,1280,720,30.0,459,emotional_stability,high
12,400,nose,593.2,310.7,679.2,424.1,901.4,478.4,1009.0,620.1,emotional_stability_high4_PHv6CzBIC5E.001.mp4,1280,720,30.0,459,emotional_stability,high
12,400,mouth,558.4,444.5,674.0,495.3,858.0,645.6,1002.6,709.1,emotional_stability_high4_PHv6CzBIC5E.001.mp4,1280,720,30.0,459,emotional_stability,high
12,400,forehead,432.7,199.6,765.4,448.0,700.9,339.5,1116.8,650.0,emotional_stability_high4_PHv6CzBIC5E.001.mp4,1280,720,30.0,459,emotional_stability,high
12,400,chin,432.7,324.2,745.8,558.7,700.9,495.2,1092.2,788.4,emotional_stability_high4_PHv6CzBIC5E.001.mp4,1280,720,30.0,459,emotional_stability,high
12,400,left_cheek,471.7,335.6,587.9,466.7,749.6,509.5,894.8,673.4,emotional_stability_high4_PHv6CzBIC5E.001.mp4,1280,720,30.0,459,emotional_stability,high
12,400,right_cheek,679.5,347.2,755.6,468.1,1009.4,524.0,1104.6,675.1,emotional_stability_high4_PHv6CzBIC5E.001.mp4,1280,720,30.0,459,emotional_stability,high
13,433,left_eye,503.5,272.0,625.4,331.8,789.4,430.0,941.7,504.7,emotional_stability_high4_PHv6CzBIC5E.001.mp4,1280,720,30.0,459,emotional_stability,high
13,433,right_eye,672.0,272.3,757.5,336.5,999.9,430.4,1106.9,510.6,emotional_stability_high4_PHv6CzBIC5E.001.mp4,1280,720,30.0,459,emotional_stability,high
13,433,nose,593.7,310.4,680.2,424.0,902.1,478.0,1010.2,620.1,emotional_stability_high4_PHv6CzBIC5E.001.mp4,1280,720,30.0,459,emotional_stability,high
13,433,mouth,560.2,444.4,674.8,495.0,860.2,645.5,1003.5,708.7,emotional_stability_high4_PHv6CzBIC5E.001.mp4,1280,720,30.0,459,emotional_stability,high
13,433,forehead,428.4,199.6,763.5,449.0,695.5,339.5,1114.4,651.3,emotional_stability_high4_PHv6CzBIC5E.001.mp4,1280,720,30.0,459,emotional_stability,high
13,433,chin,428.4,325.1,744.3,558.5,695.5,496.3,1090.4,788.2,emotional_stability_high4_PHv6CzBIC5E.001.mp4,1280,720,30.0,459,emotional_stability,high
13,433,left_cheek,471.1,336.0,587.9,467.5,748.9,510.0,894.9,674.4,emotional_stability_high4_PHv6CzBIC5E.001.mp4,1280,720,30.0,459,emotional_stability,high
13,433,right_cheek,679.7,347.2,755.1,468.4,1009.6,524.0,1103.8,675.5,emotional_stability_high4_PHv6CzBIC5E.001.mp4,1280,720,30.0,459,emotional_stability,high
14,466,left_eye,502.8,269.4,625.4,331.3,788.5,426.8,941.7,504.1,emotional_stability_high4_PHv6CzBIC5E.001.mp4,1280,720,30.0,459,emotional_stability,high
14,466,right_eye,672.1,270.7,756.8,335.0,1000.1,428.4,1106.1,508.8,emotional_stability_high4_PHv6CzBIC5E.001.mp4,1280,720,30.0,459,emotional_stability,high
14,466,nose,594.4,309.7,681.4,424.0,903.0,477.1,1011.7,620.0,emotional_stability_high4_PHv6CzBIC5E.001.mp4,1280,720,30.0,459,emotional_stability,high
14,466,mouth,561.7,444.0,675.2,494.5,862.2,645.0,1004.0,708.1,emotional_stability_high4_PHv6CzBIC5E.001.mp4,1280,720,30.0,459,emotional_stability,high
14,466,forehead,426.3,198.4,762.4,450.7,692.8,338.0,1113.0,653.4,emotional_stability_high4_PHv6CzBIC5E.001.mp4,1280,720,30.0,459,emotional_stability,high
14,466,chin,426.3,325.9,743.1,558.8,692.8,497.4,1088.8,788.5,emotional_stability_high4_PHv6CzBIC5E.001.mp4,1280,720,30.0,459,emotional_stability,high
14,466,left_cheek,470.5,336.1,588.1,468.2,748.1,510.1,895.1,675.3,emotional_stability_high4_PHv6CzBIC5E.001.mp4,1280,720,30.0,459,emotional_stability,high
14,466,right_cheek,679.7,347.0,755.0,468.5,1009.6,523.7,1103.8,675.7,emotional_stability_high4_PHv6CzBIC5E.001.mp4,1280,720,30.0,459,emotional_stability,high
15,500,left_eye,502.8,268.6,626.4,330.9,788.5,425.8,943.0,503.6,emotional_stability_high4_PHv6CzBIC5E.001.mp4,1280,720,30.0,459,emotional_stability,high
15,500,right_eye,672.4,271.1,757.3,334.3,1000.5,428.8,1106.6,507.8,emotional_stability_high4_PHv6CzBIC5E.001.mp4,1280,720,30.0,459,emotional_stability,high
15,500,nose,595.9,309.2,682.9,423.8,904.8,476.5,1013.6,619.8,emotional_stability_high4_PHv6CzBIC5E.001.mp4,1280,720,30.0,459,emotional_stability,high
15,500,mouth,564.5,443.9,675.9,489.3,865.6,644.8,1004.8,701.6,emotional_stability_high4_PHv6CzBIC5E.001.mp4,1280,720,30.0,459,emotional_stability,high
15,500,forehead,425.4,198.0,762.7,452.5,691.7,337.6,1113.4,655.7,emotional_stability_high4_PHv6CzBIC5E.001.mp4,1280,720,30.0,459,emotional_stability,high
15,500,chin,425.4,327.1,741.8,558.9,691.7,498.8,1087.2,788.6,emotional_stability_high4_PHv6CzBIC5E.001.mp4,1280,720,30.0,459,emotional_stability,high
15,500,left_cheek,470.1,336.0,589.0,467.9,747.6,510.0,896.3,674.9,emotional_stability_high4_PHv6CzBIC5E.001.mp4,1280,720,30.0,459,emotional_stability,high
15,500,right_cheek,680.4,347.2,754.9,468.8,1010.5,524.0,1103.7,676.0,emotional_stability_high4_PHv6CzBIC5E.001.mp4,1280,720,30.0,459,emotional_stability,high
16,533,left_eye,501.0,268.1,625.8,330.6,786.3,425.1,942.2,503.3,emotional_stability_high4_PHv6CzBIC5E.001.mp4,1280,720,30.0,459,emotional_stability,high
16,533,right_eye,671.3,271.0,754.6,332.6,999.2,428.8,1103.2,505.7,emotional_stability_high4_PHv6CzBIC5E.001.mp4,1280,720,30.0,459,emotional_stability,high
16,533,nose,595.6,308.3,682.4,423.0,904.5,475.4,1013.0,618.8,emotional_stability_high4_PHv6CzBIC5E.001.mp4,1280,720,30.0,459,emotional_stability,high
16,533,mouth,563.9,443.0,672.2,486.0,864.9,643.7,1000.2,697.5,emotional_stability_high4_PHv6CzBIC5E.001.mp4,1280,720,30.0,459,emotional_stability,high
16,533,forehead,420.3,197.7,758.5,452.0,685.4,337.1,1108.1,655.0,emotional_stability_high4_PHv6CzBIC5E.001.mp4,1280,720,30.0,459,emotional_stability,high
16,533,chin,420.3,326.1,735.6,558.4,685.4,497.6,1079.4,787.9,emotional_stability_high4_PHv6CzBIC5E.001.mp4,1280,720,30.0,459,emotional_stability,high
16,533,left_cheek,466.0,335.5,588.1,467.1,742.5,509.3,895.2,673.9,emotional_stability_high4_PHv6CzBIC5E.001.mp4,1280,720,30.0,459,emotional_stability,high
16,533,right_cheek,679.5,346.8,750.9,467.7,1009.4,523.5,1098.6,674.6,emotional_stability_high4_PHv6CzBIC5E.001.mp4,1280,720,30.0,459,emotional_stability,high
17,566,left_eye,501.2,267.7,625.7,330.7,786.5,424.6,942.1,503.4,emotional_stability_high4_PHv6CzBIC5E.001.mp4,1280,720,30.0,459,emotional_stability,high
17,566,right_eye,671.2,271.2,753.5,332.2,999.0,429.0,1101.9,505.3,emotional_stability_high4_PHv6CzBIC5E.001.mp4,1280,720,30.0,459,emotional_stability,high
17,566,nose,595.6,308.2,682.3,423.0,904.4,475.3,1012.8,618.7,emotional_stability_high4_PHv6CzBIC5E.001.mp4,1280,720,30.0,459,emotional_stability,high
17,566,mouth,562.4,442.9,671.8,484.6,863.0,643.6,999.8,695.7,emotional_stability_high4_PHv6CzBIC5E.001.mp4,1280,720,30.0,459,emotional_stability,high
17,566,forehead,421.1,197.6,758.2,452.3,686.3,337.0,1107.7,655.4,emotional_stability_high4_PHv6CzBIC5E.001.mp4,1280,720,30.0,459,emotional_stability,high
17,566,chin,421.1,327.7,735.2,558.3,686.3,499.6,1079.0,787.9,emotional_stability_high4_PHv6CzBIC5E.001.mp4,1280,720,30.0,459,emotional_stability,high
17,566,left_cheek,466.3,336.1,588.1,467.0,742.9,510.1,895.2,673.7,emotional_stability_high4_PHv6CzBIC5E.001.mp4,1280,720,30.0,459,emotional_stability,high
17,566,right_cheek,679.3,347.1,750.0,467.7,1009.1,523.9,1097.5,674.6,emotional_stability_high4_PHv6CzBIC5E.001.mp4,1280,720,30.0,459,emotional_stability,high
18,600,left_eye,500.0,267.5,625.1,330.6,785.0,424.4,941.4,503.3,emotional_stability_high4_PHv6CzBIC5E.001.mp4,1280,720,30.0,459,emotional_stability,high
18,600,right_eye,670.5,271.2,752.5,331.3,998.1,429.0,1100.6,504.2,emotional_stability_high4_PHv6CzBIC5E.001.mp4,1280,720,30.0,459,emotional_stability,high
18,600,nose,595.5,307.8,682.2,422.7,904.4,474.8,1012.8,618.4,emotional_stability_high4_PHv6CzBIC5E.001.mp4,1280,720,30.0,459,emotional_stability,high
18,600,mouth,561.9,442.6,670.0,482.7,862.3,643.2,997.5,693.4,emotional_stability_high4_PHv6CzBIC5E.001.mp4,1280,720,30.0,459,emotional_stability,high
18,600,forehead,417.5,197.6,756.4,450.8,681.9,337.0,1105.5,653.5,emotional_stability_high4_PHv6CzBIC5E.001.mp4,1280,720,30.0,459,emotional_stability,high
18,600,chin,417.5,327.0,733.2,554.1,681.9,498.7,1076.5,782.7,emotional_stability_high4_PHv6CzBIC5E.001.mp4,1280,720,30.0,459,emotional_stability,high
18,600,left_cheek,464.3,335.8,587.9,466.7,740.3,509.7,894.8,673.4,emotional_stability_high4_PHv6CzBIC5E.001.mp4,1280,720,30.0,459,emotional_stability,high
18,600,right_cheek,679.1,346.8,748.7,466.2,1008.8,523.5,1095.9,672.7,emotional_stability_high4_PHv6CzBIC5E.001.mp4,1280,720,30.0,459,emotional_stability,high
19,633,left_eye,498.0,266.5,623.4,330.5,782.5,423.1,939.3,503.2,emotional_stability_high4_PHv6CzBIC5E.001.mp4,1280,720,30.0,459,emotional_stability,high
19,633,right_eye,668.5,271.2,749.1,331.1,995.6,429.0,1096.4,503.9,emotional_stability_high4_PHv6CzBIC5E.001.mp4,1280,720,30.0,459,emotional_stability,high
19,633,nose,593.8,307.6,680.2,422.5,902.3,474.5,1010.3,618.1,emotional_stability_high4_PHv6CzBIC5E.001.mp4,1280,720,30.0,459,emotional_stability,high
19,633,mouth,558.4,442.2,665.8,483.0,858.0,642.8,992.3,693.8,emotional_stability_high4_PHv6CzBIC5E.001.mp4,1280,720,30.0,459,emotional_stability,high
19,633,forehead,414.7,197.5,752.8,450.8,678.4,336.9,1101.0,653.5,emotional_stability_high4_PHv6CzBIC5E.001.mp4,1280,720,30.0,459,emotional_stability,high
19,633,chin,414.7,326.5,728.6,554.0,678.4,498.2,1070.8,782.5,emotional_stability_high4_PHv6CzBIC5E.001.mp4,1280,720,30.0,459,emotional_stability,high
19,633,left_cheek,461.2,335.7,585.8,466.5,736.5,509.7,892.2,673.1,emotional_stability_high4_PHv6CzBIC5E.001.mp4,1280,720,30.0,459,emotional_stability,high
19,633,right_cheek,676.7,346.8,745.1,466.2,1005.8,523.5,1091.4,672.8,emotional_stability_high4_PHv6CzBIC5E.001.mp4,1280,720,30.0,459,emotional_stability,high
20,666,left_eye,499.3,266.9,623.5,330.4,784.1,423.7,939.4,503.0,emotional_stability_high4_PHv6CzBIC5E.001.mp4,1280,720,30.0,459,emotional_stability,high
20,666,right_eye,668.7,270.8,749.5,330.4,995.9,428.5,1096.9,503.0,emotional_stability_high4_PHv6CzBIC5E.001.mp4,1280,720,30.0,459,emotional_stability,high
20,666,nose,594.7,307.5,678.0,422.5,903.3,474.4,1007.4,618.1,emotional_stability_high4_PHv6CzBIC5E.001.mp4,1280,720,30.0,459,emotional_stability,high
20,666,mouth,557.9,442.2,666.6,482.2,857.3,642.8,993.3,692.7,emotional_stability_high4_PHv6CzBIC5E.001.mp4,1280,720,30.0,459,emotional_stability,high
20,666,forehead,418.6,197.5,754.3,450.7,683.2,336.9,1102.9,653.4,emotional_stability_high4_PHv6CzBIC5E.001.mp4,1280,720,30.0,459,emotional_stability,high
20,666,chin,418.6,326.4,732.2,553.4,683.2,498.0,1075.3,781.8,emotional_stability_high4_PHv6CzBIC5E.001.mp4,1280,720,30.0,459,emotional_stability,high
20,666,left_cheek,462.7,335.6,586.2,466.2,738.4,509.5,892.8,672.8,emotional_stability_high4_PHv6CzBIC5E.001.mp4,1280,720,30.0,459,emotional_stability,high
20,666,right_cheek,675.9,346.3,746.5,466.2,1004.9,522.9,1093.2,672.8,emotional_stability_high4_PHv6CzBIC5E.001.mp4,1280,720,30.0,459,emotional_stability,high
21,700,left_eye,499.5,268.4,624.6,330.9,784.4,425.5,940.7,503.7,emotional_stability_high4_PHv6CzBIC5E.001.mp4,1280,720,30.0,459,emotional_stability,high
21,700,right_eye,668.5,271.9,749.3,330.5,995.6,429.9,1096.6,503.2,emotional_stability_high4_PHv6CzBIC5E.001.mp4,1280,720,30.0,459,emotional_stability,high
21,700,nose,596.0,307.9,679.8,423.0,905.0,474.9,1009.7,618.8,emotional_stability_high4_PHv6CzBIC5E.001.mp4,1280,720,30.0,459,emotional_stability,high
21,700,mouth,557.8,442.5,667.4,482.6,857.3,643.1,994.2,693.3,emotional_stability_high4_PHv6CzBIC5E.001.mp4,1280,720,30.0,459,emotional_stability,high
21,700,forehead,414.6,197.9,752.8,451.3,678.2,337.3,1101.0,654.1,emotional_stability_high4_PHv6CzBIC5E.001.mp4,1280,720,30.0,459,emotional_stability,high
21,700,chin,414.6,327.4,728.5,553.7,678.2,499.2,1070.7,782.1,emotional_stability_high4_PHv6CzBIC5E.001.mp4,1280,720,30.0,459,emotional_stability,high
21,700,left_cheek,461.8,336.4,586.8,466.7,737.3,510.5,893.4,673.4,emotional_stability_high4_PHv6CzBIC5E.001.mp4,1280,720,30.0,459,emotional_stability,high
21,700,right_cheek,676.2,346.6,745.5,466.4,1005.3,523.2,1091.9,673.1,emotional_stability_high4_PHv6CzBIC5E.001.mp4,1280,720,30.0,459,emotional_stability,high
22,733,left_eye,501.2,269.4,624.7,330.9,786.5,426.7,940.9,503.6,emotional_stability_high4_PHv6CzBIC5E.001.mp4,1280,720,30.0,459,emotional_stability,high
22,733,right_eye,668.6,271.8,750.0,330.1,995.7,429.7,1097.4,502.6,emotional_stability_high4_PHv6CzBIC5E.001.mp4,1280,720,30.0,459,emotional_stability,high
22,733,nose,596.5,307.9,679.6,423.0,905.6,474.9,1009.5,618.7,emotional_stability_high4_PHv6CzBIC5E.001.mp4,1280,720,30.0,459,emotional_stability,high
22,733,mouth,557.9,442.4,667.8,481.3,857.3,643.0,994.7,691.6,emotional_stability_high4_PHv6CzBIC5E.001.mp4,1280,720,30.0,459,emotional_stability,high
22,733,forehead,421.6,198.6,754.2,449.7,687.0,338.2,1102.8,652.2,emotional_stability_high4_PHv6CzBIC5E.001.mp4,1280,720,30.0,459,emotional_stability,high
22,733,chin,421.6,327.2,730.7,553.3,687.0,499.0,1073.3,781.6,emotional_stability_high4_PHv6CzBIC5E.001.mp4,1280,720,30.0,459,emotional_stability,high
22,733,left_cheek,465.6,336.2,587.9,465.6,742.0,510.3,894.8,672.0,emotional_stability_high4_PHv6CzBIC5E.001.mp4,1280,720,30.0,459,emotional_stability,high
22,733,right_cheek,676.4,345.9,746.4,465.7,1005.5,522.4,1093.1,672.1,emotional_stability_high4_PHv6CzBIC5E.001.mp4,1280,720,30.0,459,emotional_stability,high
23,766,left_eye,501.2,269.1,625.9,330.8,786.5,426.4,942.4,503.5,emotional_stability_high4_PHv6CzBIC5E.001.mp4,1280,720,30.0,459,emotional_stability,high
23,766,right_eye,668.7,271.3,750.4,329.6,995.9,429.1,1098.0,502.0,emotional_stability_high4_PHv6CzBIC5E.001.mp4,1280,720,30.0,459,emotional_stability,high
23,766,nose,597.0,307.5,681.7,422.7,906.2,474.4,1012.1,618.4,emotional_stability_high4_PHv6CzBIC5E.001.mp4,1280,720,30.0,459,emotional_stability,high
23,766,mouth,558.1,442.4,668.0,481.6,857.6,643.0,994.9,691.9,emotional_stability_high4_PHv6CzBIC5E.001.mp4,1280,720,30.0,459,emotional_stability,high
23,766,forehead,419.2,198.4,754.5,448.6,684.0,338.1,1103.1,650.7,emotional_stability_high4_PHv6CzBIC5E.001.mp4,1280,720,30.0,459,emotional_stability,high
23,766,chin,419.2,327.0,730.3,552.5,684.0,498.7,1072.8,780.7,emotional_stability_high4_PHv6CzBIC5E.001.mp4,1280,720,30.0,459,emotional_stability,high
23,766,left_cheek,465.2,336.1,588.3,465.3,741.5,510.2,895.4,671.6,emotional_stability_high4_PHv6CzBIC5E.001.mp4,1280,720,30.0,459,emotional_stability,high
23,766,right_cheek,677.4,345.4,746.8,464.9,1006.7,521.8,1093.5,671.2,emotional_stability_high4_PHv6CzBIC5E.001.mp4,1280,720,30.0,459,emotional_stability,high
24,800,left_eye,501.9,268.5,627.2,330.0,787.4,425.7,944.0,502.4,emotional_stability_high4_PHv6CzBIC5E.001.mp4,1280,720,30.0,459,emotional_stability,high
24,800,right_eye,670.9,269.9,751.5,329.4,998.6,427.3,1099.4,501.8,emotional_stability_high4_PHv6CzBIC5E.001.mp4,1280,720,30.0,459,emotional_stability,high
24,800,nose,597.7,307.1,682.4,422.7,907.2,473.9,1013.0,618.3,emotional_stability_high4_PHv6CzBIC5E.001.mp4,1280,720,30.0,459,emotional_stability,high
24,800,mouth,559.1,442.1,668.4,480.5,858.9,642.7,995.6,690.7,emotional_stability_high4_PHv6CzBIC5E.001.mp4,1280,720,30.0,459,emotional_stability,high
24,800,forehead,419.3,198.0,754.7,449.0,684.2,337.6,1103.4,651.3,emotional_stability_high4_PHv6CzBIC5E.001.mp4,1280,720,30.0,459,emotional_stability,high
24,800,chin,419.3,327.0,731.4,552.6,684.2,498.8,1074.2,780.8,emotional_stability_high4_PHv6CzBIC5E.001.mp4,1280,720,30.0,459,emotional_stability,high
24,800,left_cheek,465.2,336.0,589.1,465.2,741.5,510.1,896.4,671.5,emotional_stability_high4_PHv6CzBIC5E.001.mp4,1280,720,30.0,459,emotional_stability,high
24,800,right_cheek,678.6,345.5,747.4,465.0,1008.2,521.8,1094.3,671.2,emotional_stability_high4_PHv6CzBIC5E.001.mp4,1280,720,30.0,459,emotional_stability,high
25,833,left_eye,501.9,268.6,627.4,329.9,787.4,425.7,944.2,502.4,emotional_stability_high4_PHv6CzBIC5E.001.mp4,1280,720,30.0,459,emotional_stability,high
25,833,right_eye,671.5,269.9,751.8,329.5,999.3,427.4,1099.7,501.9,emotional_stability_high4_PHv6CzBIC5E.001.mp4,1280,720,30.0,459,emotional_stability,high
25,833,nose,599.3,307.1,684.2,422.1,909.1,473.9,1015.2,617.7,emotional_stability_high4_PHv6CzBIC5E.001.mp4,1280,720,30.0,459,emotional_stability,high
25,833,mouth,561.6,440.8,668.6,479.8,862.0,641.0,995.7,689.8,emotional_stability_high4_PHv6CzBIC5E.001.mp4,1280,720,30.0,459,emotional_stability,high
25,833,forehead,418.3,198.1,755.2,449.3,682.9,337.7,1104.0,651.6,emotional_stability_high4_PHv6CzBIC5E.001.mp4,1280,720,30.0,459,emotional_stability,high
25,833,chin,418.3,327.3,732.0,551.5,682.9,499.1,1075.0,779.3,emotional_stability_high4_PHv6CzBIC5E.001.mp4,1280,720,30.0,459,emotional_stability,high
25,833,left_cheek,465.4,336.0,590.1,463.9,741.7,509.9,897.7,669.9,emotional_stability_high4_PHv6CzBIC5E.001.mp4,1280,720,30.0,459,emotional_stability,high
25,833,right_cheek,679.8,346.0,747.8,464.8,1009.7,522.5,1094.8,671.0,emotional_stability_high4_PHv6CzBIC5E.001.mp4,1280,720,30.0,459,emotional_stability,high
26,866,left_eye,501.2,269.0,627.3,329.9,786.5,426.2,944.1,502.4,emotional_stability_high4_PHv6CzBIC5E.001.mp4,1280,720,30.0,459,emotional_stability,high
26,866,right_eye,671.7,269.0,751.9,329.5,999.6,426.3,1099.9,501.9,emotional_stability_high4_PHv6CzBIC5E.001.mp4,1280,720,30.0,459,emotional_stability,high
26,866,nose,599.7,307.0,684.9,422.1,909.7,473.8,1016.1,617.7,emotional_stability_high4_PHv6CzBIC5E.001.mp4,1280,720,30.0,459,emotional_stability,high
26,866,mouth,562.2,440.5,668.7,479.5,862.8,640.6,995.8,689.3,emotional_stability_high4_PHv6CzBIC5E.001.mp4,1280,720,30.0,459,emotional_stability,high
26,866,forehead,414.7,198.1,755.2,449.3,678.3,337.6,1103.9,651.7,emotional_stability_high4_PHv6CzBIC5E.001.mp4,1280,720,30.0,459,emotional_stability,high
26,866,chin,414.7,328.0,731.8,551.4,678.3,500.0,1074.8,779.2,emotional_stability_high4_PHv6CzBIC5E.001.mp4,1280,720,30.0,459,emotional_stability,high
26,866,left_cheek,464.5,336.2,590.3,463.9,740.6,510.2,897.8,669.9,emotional_stability_high4_PHv6CzBIC5E.001.mp4,1280,720,30.0,459,emotional_stability,high
26,866,right_cheek,680.3,346.0,747.8,464.8,1010.3,522.5,1094.8,671.0,emotional_stability_high4_PHv6CzBIC5E.001.mp4,1280,720,30.0,459,emotional_stability,high
27,900,left_eye,501.8,269.7,627.3,329.5,787.3,427.2,944.1,501.9,emotional_stability_high4_PHv6CzBIC5E.001.mp4,1280,720,30.0,459,emotional_stability,high
27,900,right_eye,671.8,269.2,752.1,329.2,999.8,426.4,1100.2,501.5,emotional_stability_high4_PHv6CzBIC5E.001.mp4,1280,720,30.0,459,emotional_stability,high
27,900,nose,599.5,306.8,684.8,421.5,909.4,473.5,1016.0,616.9,emotional_stability_high4_PHv6CzBIC5E.001.mp4,1280,720,30.0,459,emotional_stability,high
27,900,mouth,562.1,440.1,668.7,477.7,862.6,640.1,995.9,687.2,emotional_stability_high4_PHv6CzBIC5E.001.mp4,1280,720,30.0,459,emotional_stability,high
27,900,forehead,419.9,198.2,755.3,449.2,684.9,337.8,1104.1,651.5,emotional_stability_high4_PHv6CzBIC5E.001.mp4,1280,720,30.0,459,emotional_stability,high
27,900,chin,419.9,328.1,732.4,551.0,684.9,500.1,1075.6,778.7,emotional_stability_high4_PHv6CzBIC5E.001.mp4,1280,720,30.0,459,emotional_stability,high
27,900,left_cheek,466.2,336.1,590.5,463.7,742.7,510.2,898.1,669.6,emotional_stability_high4_PHv6CzBIC5E.001.mp4,1280,720,30.0,459,emotional_stability,high
27,900,right_cheek,680.2,345.7,747.9,464.3,1010.2,522.1,1094.8,670.4,emotional_stability_high4_PHv6CzBIC5E.001.mp4,1280,720,30.0,459,emotional_stability,high
28,933,left_eye,502.0,269.7,627.3,329.5,787.4,427.2,944.1,501.8,emotional_stability_high4_PHv6CzBIC5E.001.mp4,1280,720,30.0,459,emotional_stability,high
28,933,right_eye,671.5,269.1,751.9,329.1,999.4,426.4,1099.8,501.3,emotional_stability_high4_PHv6CzBIC5E.001.mp4,1280,720,30.0,459,emotional_stability,high
28,933,nose,599.3,306.5,684.6,420.7,909.2,473.1,1015.7,615.9,emotional_stability_high4_PHv6CzBIC5E.001.mp4,1280,720,30.0,459,emotional_stability,high
28,933,mouth,562.5,439.5,668.6,478.0,863.1,639.4,995.8,687.4,emotional_stability_high4_PHv6CzBIC5E.001.mp4,1280,720,30.0,459,emotional_stability,high
28,933,forehead,420.5,198.2,754.6,448.6,685.6,337.8,1103.3,650.8,emotional_stability_high4_PHv6CzBIC5E.001.mp4,1280,720,30.0,459,emotional_stability,high
28,933,chin,420.5,328.0,731.5,550.0,685.6,500.0,1074.3,777.4,emotional_stability_high4_PHv6CzBIC5E.001.mp4,1280,720,30.0,459,emotional_stability,high
28,933,left_cheek,467.4,336.1,590.5,463.3,744.3,510.1,898.1,669.2,emotional_stability_high4_PHv6CzBIC5E.001.mp4,1280,720,30.0,459,emotional_stability,high
28,933,right_cheek,680.1,345.3,747.5,463.8,1010.1,521.7,1094.4,669.7,emotional_stability_high4_PHv6CzBIC5E.001.mp4,1280,720,30.0,459,emotional_stability,high
29,966,left_eye,500.4,268.9,627.2,328.3,785.5,426.1,943.9,500.3,emotional_stability_high4_PHv6CzBIC5E.001.mp4,1280,720,30.0,459,emotional_stability,high
29,966,right_eye,671.4,268.5,751.9,328.4,999.2,425.7,1099.9,500.4,emotional_stability_high4_PHv6CzBIC5E.001.mp4,1280,720,30.0,459,emotional_stability,high
29,966,nose,599.2,305.6,684.5,420.2,909.0,472.0,1015.6,615.3,emotional_stability_high4_PHv6CzBIC5E.001.mp4,1280,720,30.0,459,emotional_stability,high
29,966,mouth,562.6,438.5,668.3,478.3,863.3,638.2,995.4,687.9,emotional_stability_high4_PHv6CzBIC5E.001.mp4,1280,720,30.0,459,emotional_stability,high
29,966,forehead,413.5,197.4,754.8,448.4,676.9,336.8,1103.4,650.5,emotional_stability_high4_PHv6CzBIC5E.001.mp4,1280,720,30.0,459,emotional_stability,high
29,966,chin,413.5,327.7,731.2,549.1,676.9,499.7,1074.0,776.4,emotional_stability_high4_PHv6CzBIC5E.001.mp4,1280,720,30.0,459,emotional_stability,high
29,966,left_cheek,464.9,335.6,590.3,462.6,741.1,509.5,897.9,668.3,emotional_stability_high4_PHv6CzBIC5E.001.mp4,1280,720,30.0,459,emotional_stability,high
29,966,right_cheek,680.1,345.2,747.7,463.4,1010.1,521.6,1094.6,669.3,emotional_stability_high4_PHv6CzBIC5E.001.mp4,1280,720,30.0,459,emotional_stability,high
30,1000,left_eye,501.3,269.6,627.1,327.9,786.6,427.0,943.9,499.9,emotional_stability_high4_PHv6CzBIC5E.001.mp4,1280,720,30.0,459,emotional_stability,high
30,1000,right_eye,671.4,268.7,752.6,328.2,999.3,425.9,1100.8,500.3,emotional_stability_high4_PHv6CzBIC5E.001.mp4,1280,720,30.0,459,emotional_stability,high
30,1000,nose,599.1,305.5,683.8,419.6,908.9,471.8,1014.8,614.5,emotional_stability_high4_PHv6CzBIC5E.001.mp4,1280,720,30.0,459,emotional_stability,high
30,1000,mouth,562.7,438.2,668.0,477.9,863.4,637.8,995.0,687.4,emotional_stability_high4_PHv6CzBIC5E.001.mp4,1280,720,30.0,459,emotional_stability,high
30,1000,forehead,421.9,197.4,755.9,448.1,687.3,336.8,1104.9,650.2,emotional_stability_high4_PHv6CzBIC5E.001.mp4,1280,720,30.0,459,emotional_stability,high
30,1000,chin,421.9,328.2,733.8,548.4,687.3,500.2,1077.2,775.4,emotional_stability_high4_PHv6CzBIC5E.001.mp4,1280,720,30.0,459,emotional_stability,high
30,1000,left_cheek,467.7,335.6,590.5,462.5,744.7,509.5,898.1,668.1,emotional_stability_high4_PHv6CzBIC5E.001.mp4,1280,720,30.0,459,emotional_stability,high
30,1000,right_cheek,679.8,344.7,748.2,462.9,1009.8,520.9,1095.2,668.7,emotional_stability_high4_PHv6CzBIC5E.001.mp4,1280,720,30.0,459,emotional_stability,high
31,1033,left_eye,501.0,269.6,627.0,328.0,786.3,427.0,943.7,499.9,emotional_stability_high4_PHv6CzBIC5E.001.mp4,1280,720,30.0,459,emotional_stability,high
31,1033,right_eye,671.0,268.4,752.5,327.9,998.7,425.5,1100.7,499.9,emotional_stability_high4_PHv6CzBIC5E.001.mp4,1280,720,30.0,459,emotional_stability,high
31,1033,nose,598.6,305.3,683.9,419.4,908.3,471.6,1014.9,614.3,emotional_stability_high4_PHv6CzBIC5E.001.mp4,1280,720,30.0,459,emotional_stability,high
31,1033,mouth,563.8,438.3,668.0,477.9,864.8,637.9,995.0,687.4,emotional_stability_high4_PHv6CzBIC5E.001.mp4,1280,720,30.0,459,emotional_stability,high
31,1033,forehead,420.2,197.0,754.9,447.7,685.2,336.3,1103.6,649.7,emotional_stability_high4_PHv6CzBIC5E.001.mp4,1280,720,30.0,459,emotional_stability,high
31,1033,chin,420.2,328.1,731.6,548.6,685.2,500.2,1074.6,775.8,emotional_stability_high4_PHv6CzBIC5E.001.mp4,1280,720,30.0,459,emotional_stability,high
31,1033,left_cheek,467.4,335.6,590.3,462.5,744.3,509.5,897.8,668.1,emotional_stability_high4_PHv6CzBIC5E.001.mp4,1280,720,30.0,459,emotional_stability,high
31,1033,right_cheek,679.8,344.0,747.9,462.5,1009.7,520.0,1094.9,668.1,emotional_stability_high4_PHv6CzBIC5E.001.mp4,1280,720,30.0,459,emotional_stability,high
32,1066,left_eye,500.5,267.6,626.6,327.1,785.7,424.5,943.2,498.8,emotional_stability_high4_PHv6CzBIC5E.001.mp4,1280,720,30.0,459,emotional_stability,high
32,1066,right_eye,670.4,266.7,751.7,327.5,997.9,423.4,1099.7,499.4,emotional_stability_high4_PHv6CzBIC5E.001.mp4,1280,720,30.0,459,emotional_stability,high
32,1066,nose,598.4,304.5,683.8,419.4,908.0,470.6,1014.7,614.2,emotional_stability_high4_PHv6CzBIC5E.001.mp4,1280,720,30.0,459,emotional_stability,high
32,1066,mouth,563.5,438.3,668.1,478.0,864.4,637.9,995.1,687.5,emotional_stability_high4_PHv6CzBIC5E.001.mp4,1280,720,30.0,459,emotional_stability,high
32,1066,forehead,415.4,196.0,754.2,450.1,679.2,334.9,1102.8,652.6,emotional_stability_high4_PHv6CzBIC5E.001.mp4,1280,720,30.0,459,emotional_stability,high
32,1066,chin,415.4,328.8,731.5,549.1,679.2,501.0,1074.4,776.3,emotional_stability_high4_PHv6CzBIC5E.001.mp4,1280,720,30.0,459,emotional_stability,high
32,1066,left_cheek,465.5,335.7,589.7,463.2,741.9,509.6,897.2,669.0,emotional_stability_high4_PHv6CzBIC5E.001.mp4,1280,720,30.0,459,emotional_stability,high
32,1066,right_cheek,679.5,344.0,747.9,462.8,1009.4,520.0,1094.9,668.5,emotional_stability_high4_PHv6CzBIC5E.001.mp4,1280,720,30.0,459,emotional_stability,high
33,1100,left_eye,500.8,267.6,626.2,326.9,786.0,424.6,942.8,498.6,emotional_stability_high4_PHv6CzBIC5E.001.mp4,1280,720,30.0,459,emotional_stability,high
33,1100,right_eye,670.4,266.5,751.8,327.2,997.9,423.2,1099.7,499.0,emotional_stability_high4_PHv6CzBIC5E.001.mp4,1280,720,30.0,459,emotional_stability,high
33,1100,nose,598.3,304.3,683.1,419.4,907.8,470.3,1013.9,614.3,emotional_stability_high4_PHv6CzBIC5E.001.mp4,1280,720,30.0,459,emotional_stability,high
33,1100,mouth,563.4,438.4,668.1,477.7,864.3,638.0,995.1,687.2,emotional_stability_high4_PHv6CzBIC5E.001.mp4,1280,720,30.0,459,emotional_stability,high
33,1100,forehead,421.0,195.6,754.9,451.1,686.2,334.6,1103.7,653.9,emotional_stability_high4_PHv6CzBIC5E.001.mp4,1280,720,30.0,459,emotional_stability,high
33,1100,chin,421.0,330.1,732.8,549.9,686.2,502.6,1076.0,777.4,emotional_stability_high4_PHv6CzBIC5E.001.mp4,1280,720,30.0,459,emotional_stability,high
33,1100,left_cheek,466.4,336.2,589.7,463.8,743.0,510.3,897.1,669.7,emotional_stability_high4_PHv6CzBIC5E.001.mp4,1280,720,30.0,459,emotional_stability,high
33,1100,right_cheek,679.3,344.0,748.2,462.9,1009.1,520.0,1095.3,668.6,emotional_stability_high4_PHv6CzBIC5E.001.mp4,1280,720,30.0,459,emotional_stability,high
34,1133,left_eye,500.6,264.5,626.4,326.5,785.7,420.7,943.0,498.1,emotional_stability_high4_PHv6CzBIC5E.001.mp4,1280,720,30.0,459,emotional_stability,high
34,1133,right_eye,669.3,266.2,751.8,327.3,996.6,422.7,1099.7,499.1,emotional_stability_high4_PHv6CzBIC5E.001.mp4,1280,720,30.0,459,emotional_stability,high
34,1133,nose,597.3,303.8,683.1,419.4,906.6,469.7,1013.9,614.2,emotional_stability_high4_PHv6CzBIC5E.001.mp4,1280,720,30.0,459,emotional_stability,high
34,1133,mouth,563.2,438.4,667.3,478.8,864.1,638.0,994.2,688.4,emotional_stability_high4_PHv6CzBIC5E.001.mp4,1280,720,30.0,459,emotional_stability,high
34,1133,forehead,413.8,193.9,754.9,452.7,677.2,332.4,1103.7,655.8,emotional_stability_high4_PHv6CzBIC5E.001.mp4,1280,720,30.0,459,emotional_stability,high
34,1133,chin,413.8,329.0,731.2,551.8,677.2,501.2,1074.0,779.8,emotional_stability_high4_PHv6CzBIC5E.001.mp4,1280,720,30.0,459,emotional_stability,high
34,1133,left_cheek,462.1,335.1,589.0,463.9,737.6,508.8,896.2,669.9,emotional_stability_high4_PHv6CzBIC5E.001.mp4,1280,720,30.0,459,emotional_stability,high
34,1133,right_cheek,679.2,345.0,748.1,464.7,1009.0,521.3,1095.1,670.9,emotional_stability_high4_PHv6CzBIC5E.001.mp4,1280,720,30.0,459,emotional_stability,high
35,1166,left_eye,501.4,264.7,625.6,326.2,786.7,420.9,942.0,497.8,emotional_stability_high4_PHv6CzBIC5E.001.mp4,1280,720,30.0,459,emotional_stability,high
35,1166,right_eye,669.0,266.1,751.5,327.1,996.3,422.7,1099.4,498.8,emotional_stability_high4_PHv6CzBIC5E.001.mp4,1280,720,30.0,459,emotional_stability,high
35,1166,nose,597.3,303.3,681.7,419.3,906.6,469.1,1012.1,614.1,emotional_stability_high4_PHv6CzBIC5E.001.mp4,1280,720,30.0,459,emotional_stability,high
35,1166,mouth,562.9,438.4,666.8,478.4,863.6,638.1,993.6,688.0,emotional_stability_high4_PHv6CzBIC5E.001.mp4,1280,720,30.0,459,emotional_stability,high
35,1166,forehead,421.8,193.9,755.1,453.3,687.3,332.3,1103.8,656.6,emotional_stability_high4_PHv6CzBIC5E.001.mp4,1280,720,30.0,459,emotional_stability,high
35,1166,chin,421.8,329.7,732.4,552.6,687.3,502.1,1075.5,780.7,emotional_stability_high4_PHv6CzBIC5E.001.mp4,1280,720,30.0,459,emotional_stability,high
35,1166,left_cheek,465.5,335.3,588.9,464.1,741.9,509.1,896.2,670.1,emotional_stability_high4_PHv6CzBIC5E.001.mp4,1280,720,30.0,459,emotional_stability,high
35,1166,right_cheek,678.5,345.1,748.0,465.0,1008.2,521.4,1095.1,671.3,emotional_stability_high4_PHv6CzBIC5E.001.mp4,1280,720,30.0,459,emotional_stability,high
36,1200,left_eye,500.5,264.8,625.1,326.3,785.7,420.9,941.4,497.9,emotional_stability_high4_PHv6CzBIC5E.001.mp4,1280,720,30.0,459,emotional_stability,high
36,1200,right_eye,667.3,265.7,750.1,327.1,994.1,422.1,1097.6,498.9,emotional_stability_high4_PHv6CzBIC5E.001.mp4,1280,720,30.0,459,emotional_stability,high
36,1200,nose,595.9,303.4,681.6,419.2,904.9,469.2,1012.0,614.0,emotional_stability_high4_PHv6CzBIC5E.001.mp4,1280,720,30.0,459,emotional_stability,high
36,1200,mouth,562.7,438.5,666.7,478.7,863.4,638.1,993.3,688.4,emotional_stability_high4_PHv6CzBIC5E.001.mp4,1280,720,30.0,459,emotional_stability,high
36,1200,forehead,415.8,193.9,752.2,453.2,679.8,332.4,1100.2,656.5,emotional_stability_high4_PHv6CzBIC5E.001.mp4,1280,720,30.0,459,emotional_stability,high
36,1200,chin,415.8,329.5,728.8,552.0,679.8,501.8,1071.0,780.1,emotional_stability_high4_PHv6CzBIC5E.001.mp4,1280,720,30.0,459,emotional_stability,high
36,1200,left_cheek,464.1,335.3,587.9,464.1,740.1,509.1,894.9,670.1,emotional_stability_high4_PHv6CzBIC5E.001.mp4,1280,720,30.0,459,emotional_stability,high
36,1200,right_cheek,677.9,345.1,746.5,465.0,1007.4,521.4,1093.1,671.3,emotional_stability_high4_PHv6CzBIC5E.001.mp4,1280,720,30.0,459,emotional_stability,high
37,1233,left_eye,501.4,264.9,624.7,325.6,786.7,421.1,940.9,497.0,emotional_stability_high4_PHv6CzBIC5E.001.mp4,1280,720,30.0,459,emotional_stability,high
37,1233,right_eye,666.7,265.5,749.4,326.6,993.4,421.9,1096.7,498.3,emotional_stability_high4_PHv6CzBIC5E.001.mp4,1280,720,30.0,459,emotional_stability,high
37,1233,nose,595.3,303.0,679.9,418.8,904.1,468.8,1009.9,613.5,emotional_stability_high4_PHv6CzBIC5E.001.mp4,1280,720,30.0,459,emotional_stability,high
37,1233,mouth,562.3,438.5,666.0,476.8,862.9,638.1,992.5,686.0,emotional_stability_high4_PHv6CzBIC5E.001.mp4,1280,720,30.0,459,emotional_stability,high
37,1233,forehead,423.4,193.8,752.4,448.6,689.3,332.3,1100.6,650.8,emotional_stability_high4_PHv6CzBIC5E.001.mp4,1280,720,30.0,459,emotional_stability,high
37,1233,chin,423.4,327.5,729.2,548.3,689.3,499.3,1071.4,775.4,emotional_stability_high4_PHv6CzBIC5E.001.mp4,1280,720,30.0,459,emotional_stability,high
37,1233,left_cheek,466.6,334.1,587.8,461.3,743.2,507.6,894.7,666.6,emotional_stability_high4_PHv6CzBIC5E.001.mp4,1280,720,30.0,459,emotional_stability,high
37,1233,right_cheek,676.4,343.2,745.8,462.7,1005.5,519.0,1092.2,668.4,emotional_stability_high4_PHv6CzBIC5E.001.mp4,1280,720,30.0,459,emotional_stability,high
38,1266,left_eye,501.8,266.7,624.7,325.4,787.2,423.4,940.9,496.8,emotional_stability_high4_PHv6CzBIC5E.001.mp4,1280,720,30.0,459,emotional_stability,high
38,1266,right_eye,666.4,266.6,749.0,326.6,993.0,423.2,1096.3,498.2,emotional_stability_high4_PHv6CzBIC5E.001.mp4,1280,720,30.0,459,emotional_stability,high
38,1266,nose,594.8,303.1,679.7,418.5,903.5,468.8,1009.6,613.1,emotional_stability_high4_PHv6CzBIC5E.001.mp4,1280,720,30.0,459,emotional_stability,high
38,1266,mouth,562.2,438.5,665.6,476.9,862.7,638.1,992.0,686.2,emotional_stability_high4_PHv6CzBIC5E.001.mp4,1280,720,30.0,459,emotional_stability,high
38,1266,forehead,422.6,194.4,752.0,448.4,688.3,333.0,1099.9,650.5,emotional_stability_high4_PHv6CzBIC5E.001.mp4,1280,720,30.0,459,emotional_stability,high
38,1266,chin,422.6,327.2,727.8,547.4,688.3,499.0,1069.7,774.2,emotional_stability_high4_PHv6CzBIC5E.001.mp4,1280,720,30.0,459,emotional_stability,high
38,1266,left_cheek,466.5,334.1,587.7,461.4,743.2,507.6,894.6,666.7,emotional_stability_high4_PHv6CzBIC5E.001.mp4,1280,720,30.0,459,emotional_stability,high
38,1266,right_cheek,675.9,343.3,744.7,462.7,1004.9,519.1,1090.8,668.4,emotional_stability_high4_PHv6CzBIC5E.001.mp4,1280,720,30.0,459,emotional_stability,high
39,1300,left_eye,501.3,267.7,624.4,325.9,786.6,424.6,940.4,497.4,emotional_stability_high4_PHv6CzBIC5E.001.mp4,1280,720,30.0,459,emotional_stability,high
39,1300,right_eye,666.1,266.6,746.6,326.7,992.6,423.3,1093.2,498.4,emotional_stability_high4_PHv6CzBIC5E.001.mp4,1280,720,30.0,459,emotional_stability,high
39,1300,nose,594.5,303.9,679.7,418.9,903.2,469.9,1009.7,613.6,emotional_stability_high4_PHv6CzBIC5E.001.mp4,1280,720,30.0,459,emotional_stability,high
39,1300,mouth,561.8,438.9,665.1,477.2,862.3,638.7,991.4,686.6,emotional_stability_high4_PHv6CzBIC5E.001.mp4,1280,720,30.0,459,emotional_stability,high
39,1300,forehead,418.2,195.9,748.4,448.4,682.8,334.9,1095.5,650.6,emotional_stability_high4_PHv6CzBIC5E.001.mp4,1280,720,30.0,459,emotional_stability,high
39,1300,chin,418.2,328.5,726.1,547.7,682.8,500.6,1067.6,774.7,emotional_stability_high4_PHv6CzBIC5E.001.mp4,1280,720,30.0,459,emotional_stability,high
39,1300,left_cheek,465.3,335.3,587.2,462.1,741.7,509.2,894.0,667.6,emotional_stability_high4_PHv6CzBIC5E.001.mp4,1280,720,30.0,459,emotional_stability,high
39,1300,right_cheek,675.7,343.3,743.6,462.8,1004.6,519.1,1089.5,668.5,emotional_stability_high4_PHv6CzBIC5E.001.mp4,1280,720,30.0,459,emotional_stability,high
40,1333,left_eye,502.2,269.4,623.6,326.3,787.7,426.7,939.5,497.9,emotional_stability_high4_PHv6CzBIC5E.001.mp4,1280,720,30.0,459,emotional_stability,high
40,1333,right_eye,665.8,268.3,745.8,327.0,992.3,425.4,1092.3,498.8,emotional_stability_high4_PHv6CzBIC5E.001.mp4,1280,720,30.0,459,emotional_stability,high
40,1333,nose,594.1,304.7,677.5,418.9,902.6,470.9,1006.8,613.7,emotional_stability_high4_PHv6CzBIC5E.001.mp4,1280,720,30.0,459,emotional_stability,high
40,1333,mouth,561.8,439.2,665.0,477.3,862.2,639.0,991.3,686.6,emotional_stability_high4_PHv6CzBIC5E.001.mp4,1280,720,30.0,459,emotional_stability,high
40,1333,forehead,425.3,197.1,749.0,448.6,691.6,336.4,1096.3,650.7,emotional_stability_high4_PHv6CzBIC5E.001.mp4,1280,720,30.0,459,emotional_stability,high
40,1333,chin,425.3,328.9,726.8,547.9,691.6,501.2,1068.5,774.9,emotional_stability_high4_PHv6CzBIC5E.001.mp4,1280,720,30.0,459,emotional_stability,high
40,1333,left_cheek,468.2,335.7,587.2,462.2,745.2,509.6,894.0,667.7,emotional_stability_high4_PHv6CzBIC5E.001.mp4,1280,720,30.0,459,emotional_stability,high
40,1333,right_cheek,674.1,343.3,743.5,462.9,1002.6,519.2,1089.4,668.6,emotional_stability_high4_PHv6CzBIC5E.001.mp4,1280,720,30.0,459,emotional_stability,high
41,1366,left_eye,502.2,269.5,623.2,326.6,787.7,426.9,939.0,498.3,emotional_stability_high4_PHv6CzBIC5E.001.mp4,1280,720,30.0,459,emotional_stability,high
41,1366,right_eye,665.5,268.3,745.2,327.3,991.9,425.4,1091.5,499.1,emotional_stability_high4_PHv6CzBIC5E.001.mp4,1280,720,30.0,459,emotional_stability,high
41,1366,nose,592.6,304.9,677.5,418.9,900.7,471.2,1006.8,613.7,emotional_stability_high4_PHv6CzBIC5E.001.mp4,1280,720,30.0,459,emotional_stability,high
41,1366,mouth,561.2,439.2,665.1,479.5,861.5,639.0,991.3,689.3,emotional_stability_high4_PHv6CzBIC5E.001.mp4,1280,720,30.0,459,emotional_stability,high
41,1366,forehead,424.7,197.5,748.5,448.4,690.8,336.9,1095.6,650.6,emotional_stability_high4_PHv6CzBIC5E.001.mp4,1280,720,30.0,459,emotional_stability,high
41,1366,chin,424.7,328.9,726.8,548.1,690.8,501.1,1068.5,775.1,emotional_stability_high4_PHv6CzBIC5E.001.mp4,1280,720,30.0,459,emotional_stability,high
41,1366,left_cheek,467.9,335.8,586.5,462.2,744.9,509.7,893.2,667.8,emotional_stability_high4_PHv6CzBIC5E.001.mp4,1280,720,30.0,459,emotional_stability,high
41,1366,right_cheek,673.7,343.3,742.9,462.9,1002.2,519.2,1088.6,668.6,emotional_stability_high4_PHv6CzBIC5E.001.mp4,1280,720,30.0,459,emotional_stability,high
42,1400,left_eye,500.6,269.4,622.7,326.8,785.7,426.7,938.3,498.5,emotional_stability_high4_PHv6CzBIC5E.001.mp4,1280,720,30.0,459,emotional_stability,high
42,1400,right_eye,665.0,268.3,743.7,327.3,991.2,425.4,1089.7,499.1,emotional_stability_high4_PHv6CzBIC5E.001.mp4,1280,720,30.0,459,emotional_stability,high
42,1400,nose,592.1,305.2,677.6,419.3,900.1,471.5,1006.9,614.2,emotional_stability_high4_PHv6CzBIC5E.001.mp4,1280,720,30.0,459,emotional_stability,high
42,1400,mouth,560.6,439.2,665.1,480.9,860.7,639.0,991.4,691.2,emotional_stability_high4_PHv6CzBIC5E.001.mp4,1280,720,30.0,459,emotional_stability,high
42,1400,forehead,416.4,197.5,745.8,448.5,680.5,336.8,1092.3,650.6,emotional_stability_high4_PHv6CzBIC5E.001.mp4,1280,720,30.0,459,emotional_stability,high
42,1400,chin,416.4,328.9,723.8,549.8,680.5,501.1,1064.7,777.3,emotional_stability_high4_PHv6CzBIC5E.001.mp4,1280,720,30.0,459,emotional_stability,high
42,1400,left_cheek,464.3,335.9,585.6,462.7,740.3,509.9,891.9,668.4,emotional_stability_high4_PHv6CzBIC5E.001.mp4,1280,720,30.0,459,emotional_stability,high
42,1400,right_cheek,673.8,343.5,742.0,463.0,1002.3,519.4,1087.6,668.7,emotional_stability_high4_PHv6CzBIC5E.001.mp4,1280,720,30.0,459,emotional_stability,high
43,1433,left_eye,500.8,269.7,622.3,327.1,786.0,427.2,937.9,498.8,emotional_stability_high4_PHv6CzBIC5E.001.mp4,1280,720,30.0,459,emotional_stability,high
43,1433,right_eye,664.8,269.2,743.8,327.6,991.0,426.5,1089.8,499.5,emotional_stability_high4_PHv6CzBIC5E.001.mp4,1280,720,30.0,459,emotional_stability,high
43,1433,nose,592.2,305.6,677.4,419.7,900.3,472.0,1006.8,614.6,emotional_stability_high4_PHv6CzBIC5E.001.mp4,1280,720,30.0,459,emotional_stability,high
43,1433,mouth,560.2,439.4,664.8,481.0,860.2,639.2,990.9,691.2,emotional_stability_high4_PHv6CzBIC5E.001.mp4,1280,720,30.0,459,emotional_stability,high
43,1433,forehead,420.1,198.1,746.6,450.6,685.1,337.6,1093.3,653.3,emotional_stability_high4_PHv6CzBIC5E.001.mp4,1280,720,30.0,459,emotional_stability,high
43,1433,chin,420.1,331.0,724.3,551.4,685.1,503.8,1065.4,779.2,emotional_stability_high4_PHv6CzBIC5E.001.mp4,1280,720,30.0,459,emotional_stability,high
43,1433,left_cheek,465.9,336.9,585.6,463.6,742.4,511.2,892.0,669.5,emotional_stability_high4_PHv6CzBIC5E.001.mp4,1280,720,30.0,459,emotional_stability,high
43,1433,right_cheek,673.7,344.6,742.3,463.9,1002.2,520.8,1087.9,669.9,emotional_stability_high4_PHv6CzBIC5E.001.mp4,1280,720,30.0,459,emotional_stability,high
44,1466,left_eye,500.7,269.7,622.4,327.3,785.9,427.1,938.0,499.2,emotional_stability_high4_PHv6CzBIC5E.001.mp4,1280,720,30.0,459,emotional_stability,high
44,1466,right_eye,664.9,269.6,744.2,328.4,991.1,426.9,1090.2,500.5,emotional_stability_high4_PHv6CzBIC5E.001.mp4,1280,720,30.0,459,emotional_stability,high
44,1466,nose,592.1,306.0,677.6,419.7,900.2,472.5,1007.0,614.6,emotional_stability_high4_PHv6CzBIC5E.001.mp4,1280,720,30.0,459,emotional_stability,high
44,1466,mouth,560.1,439.4,664.6,481.0,860.2,639.2,990.8,691.2,emotional_stability_high4_PHv6CzBIC5E.001.mp4,1280,720,30.0,459,emotional_stability,high
44,1466,forehead,418.5,198.3,747.1,450.6,683.1,337.8,1093.9,653.2,emotional_stability_high4_PHv6CzBIC5E.001.mp4,1280,720,30.0,459,emotional_stability,high
44,1466,chin,418.5,330.9,724.8,551.2,683.1,503.7,1066.1,779.0,emotional_stability_high4_PHv6CzBIC5E.001.mp4,1280,720,30.0,459,emotional_stability,high
44,1466,left_cheek,464.8,336.9,585.5,463.6,741.0,511.1,891.9,669.5,emotional_stability_high4_PHv6CzBIC5E.001.mp4,1280,720,30.0,459,emotional_stability,high
44,1466,right_cheek,673.8,345.4,742.5,464.0,1002.3,521.7,1088.1,670.0,emotional_stability_high4_PHv6CzBIC5E.001.mp4,1280,720,30.0,459,emotional_stability,high
45,1500,left_eye,502.2,270.2,622.3,327.7,787.8,427.7,937.9,499.7,emotional_stability_high4_PHv6CzBIC5E.001.mp4,1280,720,30.0,459,emotional_stability,high
45,1500,right_eye,664.9,269.6,744.4,328.6,991.1,427.0,1090.5,500.7,emotional_stability_high4_PHv6CzBIC5E.001.mp4,1280,720,30.0,459,emotional_stability,high
45,1500,nose,592.2,306.2,676.8,419.7,900.3,472.7,1006.0,614.6,emotional_stability_high4_PHv6CzBIC5E.001.mp4,1280,720,30.0,459,emotional_stability,high
45,1500,mouth,561.3,439.8,664.7,481.3,861.6,639.8,990.9,691.6,emotional_stability_high4_PHv6CzBIC5E.001.mp4,1280,720,30.0,459,emotional_stability,high
45,1500,forehead,427.8,198.8,747.7,449.7,694.8,338.5,1094.7,652.2,emotional_stability_high4_PHv6CzBIC5E.001.mp4,1280,720,30.0,459,emotional_stability,high
45,1500,chin,427.8,330.9,728.2,550.3,694.8,503.7,1070.2,777.9,emotional_stability_high4_PHv6CzBIC5E.001.mp4,1280,720,30.0,459,emotional_stability,high
45,1500,left_cheek,469.9,337.1,586.0,463.6,747.3,511.3,892.5,669.4,emotional_stability_high4_PHv6CzBIC5E.001.mp4,1280,720,30.0,459,emotional_stability,high
45,1500,right_cheek,673.7,345.2,742.6,463.8,1002.1,521.6,1088.3,669.8,emotional_stability_high4_PHv6CzBIC5E.001.mp4,1280,720,30.0,459,emotional_stability,high
46,1533,left_eye,502.2,271.3,622.4,328.2,787.8,429.2,938.1,500.3,emotional_stability_high4_PHv6CzBIC5E.001.mp4,1280,720,30.0,459,emotional_stability,high
46,1533,right_eye,664.9,270.3,744.5,329.2,991.2,427.9,1090.7,501.5,emotional_stability_high4_PHv6CzBIC5E.001.mp4,1280,720,30.0,459,emotional_stability,high
46,1533,nose,592.3,306.8,676.9,419.7,900.3,473.5,1006.1,614.6,emotional_stability_high4_PHv6CzBIC5E.001.mp4,1280,720,30.0,459,emotional_stability,high
46,1533,mouth,561.7,440.0,664.7,481.4,862.1,639.9,990.9,691.7,emotional_stability_high4_PHv6CzBIC5E.001.mp4,1280,720,30.0,459,emotional_stability,high
46,1533,forehead,426.4,199.9,747.9,448.8,693.0,339.9,1094.9,651.0,emotional_stability_high4_PHv6CzBIC5E.001.mp4,1280,720,30.0,459,emotional_stability,high
46,1533,chin,426.4,330.7,727.8,548.6,693.0,503.3,1069.7,775.8,emotional_stability_high4_PHv6CzBIC5E.001.mp4,1280,720,30.0,459,emotional_stability,high
46,1533,left_cheek,469.5,337.1,586.0,463.4,746.8,511.4,892.5,669.3,emotional_stability_high4_PHv6CzBIC5E.001.mp4,1280,720,30.0,459,emotional_stability,high
46,1533,right_cheek,673.6,345.2,742.5,463.7,1002.0,521.6,1088.1,669.6,emotional_stability_high4_PHv6CzBIC5E.001.mp4,1280,720,30.0,459,emotional_stability,high
47,1566,left_eye,502.2,271.2,622.5,329.8,787.8,429.0,938.1,502.3,emotional_stability_high4_PHv6CzBIC5E.001.mp4,1280,720,30.0,459,emotional_stability,high
47,1566,right_eye,665.0,270.7,744.7,332.9,991.2,428.3,1090.9,506.1,emotional_stability_high4_PHv6CzBIC5E.001.mp4,1280,720,30.0,459,emotional_stability,high
47,1566,nose,591.8,307.9,676.7,419.7,899.7,474.9,1005.9,614.6,emotional_stability_high4_PHv6CzBIC5E.001.mp4,1280,720,30.0,459,emotional_stability,high
47,1566,mouth,563.0,440.1,664.8,481.3,863.7,640.2,991.0,691.7,emotional_stability_high4_PHv6CzBIC5E.001.mp4,1280,720,30.0,459,emotional_stability,high
47,1566,forehead,425.9,200.7,747.9,450.2,692.4,340.9,1094.9,652.7,emotional_stability_high4_PHv6CzBIC5E.001.mp4,1280,720,30.0,459,emotional_stability,high
47,1566,chin,425.9,331.0,727.4,547.8,692.4,503.8,1069.2,774.8,emotional_stability_high4_PHv6CzBIC5E.001.mp4,1280,720,30.0,459,emotional_stability,high
47,1566,left_cheek,469.2,337.3,585.8,463.5,746.5,511.7,892.3,669.3,emotional_stability_high4_PHv6CzBIC5E.001.mp4,1280,720,30.0,459,emotional_stability,high
47,1566,right_cheek,673.6,347.4,742.4,464.1,1002.0,524.2,1088.0,670.2,emotional_stability_high4_PHv6CzBIC5E.001.mp4,1280,720,30.0,459,emotional_stability,high
48,1600,left_eye,502.2,270.7,622.5,330.1,787.8,428.4,938.1,502.6,emotional_stability_high4_PHv6CzBIC5E.001.mp4,1280,720,30.0,459,emotional_stability,high
48,1600,right_eye,664.9,271.0,744.8,334.7,991.1,428.8,1091.0,508.4,emotional_stability_high4_PHv6CzBIC5E.001.mp4,1280,720,30.0,459,emotional_stability,high
48,1600,nose,590.7,308.2,676.5,419.7,898.3,475.2,1005.6,614.6,emotional_stability_high4_PHv6CzBIC5E.001.mp4,1280,720,30.0,459,emotional_stability,high
48,1600,mouth,563.6,440.6,664.3,480.7,864.5,640.8,990.3,690.9,emotional_stability_high4_PHv6CzBIC5E.001.mp4,1280,720,30.0,459,emotional_stability,high
48,1600,forehead,425.4,200.9,748.0,451.5,691.7,341.2,1095.0,654.4,emotional_stability_high4_PHv6CzBIC5E.001.mp4,1280,720,30.0,459,emotional_stability,high
48,1600,chin,425.4,330.9,726.5,547.7,691.7,503.7,1068.2,774.6,emotional_stability_high4_PHv6CzBIC5E.001.mp4,1280,720,30.0,459,emotional_stability,high
48,1600,left_cheek,469.1,337.3,585.4,463.1,746.4,511.7,891.8,668.9,emotional_stability_high4_PHv6CzBIC5E.001.mp4,1280,720,30.0,459,emotional_stability,high
48,1600,right_cheek,673.4,349.4,742.1,464.8,1001.7,526.7,1087.7,671.0,emotional_stability_high4_PHv6CzBIC5E.001.mp4,1280,720,30.0,459,emotional_stability,high
49,1633,left_eye,502.0,270.6,622.5,330.4,787.5,428.3,938.1,502.9,emotional_stability_high4_PHv6CzBIC5E.001.mp4,1280,720,30.0,459,emotional_stability,high
49,1633,right_eye,664.9,271.2,744.9,335.8,991.1,429.0,1091.1,509.7,emotional_stability_high4_PHv6CzBIC5E.001.mp4,1280,720,30.0,459,emotional_stability,high
49,1633,nose,590.6,308.3,676.5,419.6,898.3,475.4,1005.6,614.5,emotional_stability_high4_PHv6CzBIC5E.001.mp4,1280,720,30.0,459,emotional_stability,high
49,1633,mouth,563.7,440.6,664.3,480.3,864.7,640.8,990.4,690.4,emotional_stability_high4_PHv6CzBIC5E.001.mp4,1280,720,30.0,459,emotional_stability,high
49,1633,forehead,425.1,201.1,747.9,451.6,691.3,341.3,1094.9,654.4,emotional_stability_high4_PHv6CzBIC5E.001.mp4,1280,720,30.0,459,emotional_stability,high
49,1633,chin,425.1,330.9,725.9,546.7,691.3,503.6,1067.4,773.3,emotional_stability_high4_PHv6CzBIC5E.001.mp4,1280,720,30.0,459,emotional_stability,high
49,1633,left_cheek,468.7,337.3,585.1,463.0,745.8,511.6,891.4,668.7,emotional_stability_high4_PHv6CzBIC5E.001.mp4,1280,720,30.0,459,emotional_stability,high
49,1633,right_cheek,673.4,349.9,742.1,464.9,1001.7,527.3,1087.6,671.1,emotional_stability_high4_PHv6CzBIC5E.001.mp4,1280,720,30.0,459,emotional_stability,high
50,1666,left_eye,502.0,270.6,622.6,330.9,787.6,428.2,938.3,503.6,emotional_stability_high4_PHv6CzBIC5E.001.mp4,1280,720,30.0,459,emotional_stability,high
50,1666,right_eye,665.1,271.3,744.9,336.2,991.3,429.2,1091.2,510.2,emotional_stability_high4_PHv6CzBIC5E.001.mp4,1280,720,30.0,459,emotional_stability,high
50,1666,nose,590.7,308.6,676.5,419.6,898.4,475.8,1005.6,614.5,emotional_stability_high4_PHv6CzBIC5E.001.mp4,1280,720,30.0,459,emotional_stability,high
50,1666,mouth,565.2,440.7,664.4,480.0,866.5,640.8,990.5,689.9,emotional_stability_high4_PHv6CzBIC5E.001.mp4,1280,720,30.0,459,emotional_stability,high
50,1666,forehead,424.9,201.2,747.9,451.6,691.2,341.5,1094.9,654.5,emotional_stability_high4_PHv6CzBIC5E.001.mp4,1280,720,30.0,459,emotional_stability,high
50,1666,chin,424.9,330.9,726.0,546.3,691.2,503.6,1067.5,772.8,emotional_stability_high4_PHv6CzBIC5E.001.mp4,1280,720,30.0,459,emotional_stability,high
50,1666,left_cheek,468.6,337.3,585.2,462.9,745.8,511.6,891.5,668.7,emotional_stability_high4_PHv6CzBIC5E.001.mp4,1280,720,30.0,459,emotional_stability,high
50,1666,right_cheek,673.4,350.1,742.1,464.9,1001.7,527.7,1087.7,671.1,emotional_stability_high4_PHv6CzBIC5E.001.mp4,1280,720,30.0,459,emotional_stability,high
51,1700,left_eye,502.1,270.5,622.7,331.0,787.6,428.1,938.4,503.8,emotional_stability_high4_PHv6CzBIC5E.001.mp4,1280,720,30.0,459,emotional_stability,high
51,1700,right_eye,665.2,271.3,744.9,335.8,991.5,429.1,1091.2,509.7,emotional_stability_high4_PHv6CzBIC5E.001.mp4,1280,720,30.0,459,emotional_stability,high
51,1700,nose,590.8,308.6,676.4,419.5,898.5,475.7,1005.5,614.4,emotional_stability_high4_PHv6CzBIC5E.001.mp4,1280,720,30.0,459,emotional_stability,high
51,1700,mouth,567.2,440.7,664.6,480.0,869.0,640.8,990.8,690.0,emotional_stability_high4_PHv6CzBIC5E.001.mp4,1280,720,30.0,459,emotional_stability,high
51,1700,forehead,424.7,201.2,748.0,451.6,690.9,341.5,1094.9,654.5,emotional_stability_high4_PHv6CzBIC5E.001.mp4,1280,720,30.0,459,emotional_stability,high
51,1700,chin,424.7,331.0,726.4,546.3,690.9,503.7,1068.0,772.8,emotional_stability_high4_PHv6CzBIC5E.001.mp4,1280,720,30.0,459,emotional_stability,high
51,1700,left_cheek,468.5,337.4,585.2,463.0,745.6,511.8,891.6,668.7,emotional_stability_high4_PHv6CzBIC5E.001.mp4,1280,720,30.0,459,emotional_stability,high
51,1700,right_cheek,673.4,349.9,742.3,464.8,1001.7,527.4,1087.9,671.0,emotional_stability_high4_PHv6CzBIC5E.001.mp4,1280,720,30.0,459,emotional_stability,high
52,1733,left_eye,501.6,268.9,622.7,331.0,787.1,426.2,938.4,503.7,emotional_stability_high4_PHv6CzBIC5E.001.mp4,1280,720,30.0,459,emotional_stability,high
52,1733,right_eye,665.1,270.7,744.8,335.6,991.4,428.4,1091.0,509.5,emotional_stability_high4_PHv6CzBIC5E.001.mp4,1280,720,30.0,459,emotional_stability,high
52,1733,nose,590.9,308.2,676.5,419.1,898.6,475.2,1005.6,613.9,emotional_stability_high4_PHv6CzBIC5E.001.mp4,1280,720,30.0,459,emotional_stability,high
52,1733,mouth,566.7,440.4,664.6,479.8,868.4,640.6,990.7,689.8,emotional_stability_high4_PHv6CzBIC5E.001.mp4,1280,720,30.0,459,emotional_stability,high
52,1733,forehead,421.8,200.7,747.4,451.5,687.2,340.9,1094.3,654.4,emotional_stability_high4_PHv6CzBIC5E.001.mp4,1280,720,30.0,459,emotional_stability,high
52,1733,chin,421.8,330.7,725.9,546.3,687.2,503.4,1067.4,772.9,emotional_stability_high4_PHv6CzBIC5E.001.mp4,1280,720,30.0,459,emotional_stability,high
52,1733,left_cheek,467.4,337.1,585.1,462.7,744.3,511.3,891.4,668.4,emotional_stability_high4_PHv6CzBIC5E.001.mp4,1280,720,30.0,459,emotional_stability,high
52,1733,right_cheek,673.4,349.8,742.2,464.7,1001.7,527.2,1087.8,670.9,emotional_stability_high4_PHv6CzBIC5E.001.mp4,1280,720,30.0,459,emotional_stability,high
53,1766,left_eye,501.6,269.0,622.6,331.3,787.1,426.3,938.3,504.1,emotional_stability_high4_PHv6CzBIC5E.001.mp4,1280,720,30.0,459,emotional_stability,high
53,1766,right_eye,665.4,270.4,744.8,335.3,991.7,427.9,1091.0,509.1,emotional_stability_high4_PHv6CzBIC5E.001.mp4,1280,720,30.0,459,emotional_stability,high
53,1766,nose,590.9,308.3,676.5,419.2,898.6,475.4,1005.6,614.0,emotional_stability_high4_PHv6CzBIC5E.001.mp4,1280,720,30.0,459,emotional_stability,high
53,1766,mouth,566.4,440.8,665.4,480.7,868.1,641.0,991.7,690.8,emotional_stability_high4_PHv6CzBIC5E.001.mp4,1280,720,30.0,459,emotional_stability,high
53,1766,forehead,422.4,200.9,747.7,451.5,688.0,341.1,1094.6,654.4,emotional_stability_high4_PHv6CzBIC5E.001.mp4,1280,720,30.0,459,emotional_stability,high
53,1766,chin,422.4,332.3,727.7,546.8,688.0,505.4,1069.6,773.5,emotional_stability_high4_PHv6CzBIC5E.001.mp4,1280,720,30.0,459,emotional_stability,high
53,1766,left_cheek,468.3,338.2,585.2,463.7,745.4,512.7,891.5,669.6,emotional_stability_high4_PHv6CzBIC5E.001.mp4,1280,720,30.0,459,emotional_stability,high
53,1766,right_cheek,673.5,349.6,743.0,464.7,1001.9,527.0,1088.8,670.9,emotional_stability_high4_PHv6CzBIC5E.001.mp4,1280,720,30.0,459,emotional_stability,high
54,1800,left_eye,500.8,269.5,622.6,332.3,786.0,426.9,938.3,505.3,emotional_stability_high4_PHv6CzBIC5E.001.mp4,1280,720,30.0,459,emotional_stability,high
54,1800,right_eye,666.3,270.3,745.7,335.2,992.8,427.9,1092.2,509.0,emotional_stability_high4_PHv6CzBIC5E.001.mp4,1280,720,30.0,459,emotional_stability,high
54,1800,nose,591.8,309.1,677.3,420.9,899.7,476.4,1006.6,616.1,emotional_stability_high4_PHv6CzBIC5E.001.mp4,1280,720,30.0,459,emotional_stability,high
54,1800,mouth,566.1,441.3,668.2,483.2,867.7,641.6,995.3,694.0,emotional_stability_high4_PHv6CzBIC5E.001.mp4,1280,720,30.0,459,emotional_stability,high
54,1800,forehead,419.0,201.0,748.4,452.9,683.7,341.3,1095.4,656.1,emotional_stability_high4_PHv6CzBIC5E.001.mp4,1280,720,30.0,459,emotional_stability,high
54,1800,chin,419.0,332.4,728.4,549.4,683.7,505.6,1070.5,776.8,emotional_stability_high4_PHv6CzBIC5E.001.mp4,1280,720,30.0,459,emotional_stability,high
54,1800,left_cheek,467.4,339.1,585.5,466.6,744.3,513.8,891.9,673.3,emotional_stability_high4_PHv6CzBIC5E.001.mp4,1280,720,30.0,459,emotional_stability,high
54,1800,right_cheek,674.6,349.5,744.5,465.4,1003.3,526.9,1090.7,671.8,emotional_stability_high4_PHv6CzBIC5E.001.mp4,1280,720,30.0,459,emotional_stability,high
55,1833,left_eye,501.7,270.1,623.6,332.7,787.2,427.6,939.5,505.9,emotional_stability_high4_PHv6CzBIC5E.001.mp4,1280,720,30.0,459,emotional_stability,high
55,1833,right_eye,668.3,270.3,746.0,335.2,995.4,427.9,1092.5,509.0,emotional_stability_high4_PHv6CzBIC5E.001.mp4,1280,720,30.0,459,emotional_stability,high
55,1833,nose,595.2,309.1,681.0,420.6,904.0,476.3,1011.2,615.8,emotional_stability_high4_PHv6CzBIC5E.001.mp4,1280,720,30.0,459,emotional_stability,high
55,1833,mouth,567.3,441.2,673.0,485.5,869.1,641.4,1001.3,696.9,emotional_stability_high4_PHv6CzBIC5E.001.mp4,1280,720,30.0,459,emotional_stability,high
55,1833,forehead,420.0,201.9,748.4,459.0,685.0,342.3,1095.4,663.8,emotional_stability_high4_PHv6CzBIC5E.001.mp4,1280,720,30.0,459,emotional_stability,high
55,1833,chin,420.0,338.2,728.7,553.2,685.0,512.7,1070.9,781.5,emotional_stability_high4_PHv6CzBIC5E.001.mp4,1280,720,30.0,459,emotional_stability,high
55,1833,left_cheek,468.8,342.0,587.8,469.8,746.0,517.5,894.7,677.3,emotional_stability_high4_PHv6CzBIC5E.001.mp4,1280,720,30.0,459,emotional_stability,high
55,1833,right_cheek,676.8,349.6,745.7,466.2,1006.0,527.0,1092.2,672.8,emotional_stability_high4_PHv6CzBIC5E.001.mp4,1280,720,30.0,459,emotional_stability,high
56,1866,left_eye,497.5,270.3,623.0,334.7,781.8,427.8,938.7,508.4,emotional_stability_high4_PHv6CzBIC5E.001.mp4,1280,720,30.0,459,emotional_stability,high
56,1866,right_eye,668.2,270.1,746.0,336.2,995.2,427.7,1092.4,510.2,emotional_stability_high4_PHv6CzBIC5E.001.mp4,1280,720,30.0,459,emotional_stability,high
56,1866,nose,595.6,309.5,683.4,421.2,904.5,476.9,1014.3,616.5,emotional_stability_high4_PHv6CzBIC5E.001.mp4,1280,720,30.0,459,emotional_stability,high
56,1866,mouth,564.8,441.1,674.0,492.1,866.1,641.4,1002.5,705.1,emotional_stability_high4_PHv6CzBIC5E.001.mp4,1280,720,30.0,459,emotional_stability,high
56,1866,forehead,411.2,201.9,747.6,461.9,674.1,342.4,1094.5,667.3,emotional_stability_high4_PHv6CzBIC5E.001.mp4,1280,720,30.0,459,emotional_stability,high
56,1866,chin,411.2,339.6,727.8,557.3,674.1,514.5,1069.7,786.7,emotional_stability_high4_PHv6CzBIC5E.001.mp4,1280,720,30.0,459,emotional_stability,high
56,1866,left_cheek,463.5,343.7,587.5,472.7,739.4,519.6,894.4,680.8,emotional_stability_high4_PHv6CzBIC5E.001.mp4,1280,720,30.0,459,emotional_stability,high
56,1866,right_cheek,678.0,350.4,746.1,468.3,1007.5,528.0,1092.6,675.4,emotional_stability_high4_PHv6CzBIC5E.001.mp4,1280,720,30.0,459,emotional_stability,high
57,1900,left_eye,497.8,271.7,622.5,334.9,782.2,429.6,938.1,508.6,emotional_stability_high4_PHv6CzBIC5E.001.mp4,1280,720,30.0,459,emotional_stability,high
57,1900,right_eye,668.1,270.9,746.1,336.0,995.1,428.6,1092.6,510.0,emotional_stability_high4_PHv6CzBIC5E.001.mp4,1280,720,30.0,459,emotional_stability,high
57,1900,nose,595.6,309.9,683.2,421.2,904.6,477.4,1014.0,616.5,emotional_stability_high4_PHv6CzBIC5E.001.mp4,1280,720,30.0,459,emotional_stability,high
57,1900,mouth,562.5,441.1,674.9,493.8,863.1,641.4,1003.6,707.2,emotional_stability_high4_PHv6CzBIC5E.001.mp4,1280,720,30.0,459,emotional_stability,high
57,1900,forehead,414.4,203.5,747.7,460.7,678.0,344.4,1094.6,665.9,emotional_stability_high4_PHv6CzBIC5E.001.mp4,1280,720,30.0,459,emotional_stability,high
57,1900,chin,414.4,340.0,727.9,557.9,678.0,515.0,1069.9,787.4,emotional_stability_high4_PHv6CzBIC5E.001.mp4,1280,720,30.0,459,emotional_stability,high
57,1900,left_cheek,465.3,344.3,587.5,472.4,741.7,520.3,894.4,680.5,emotional_stability_high4_PHv6CzBIC5E.001.mp4,1280,720,30.0,459,emotional_stability,high
57,1900,right_cheek,678.0,350.4,746.0,468.1,1007.5,527.9,1092.6,675.1,emotional_stability_high4_PHv6CzBIC5E.001.mp4,1280,720,30.0,459,emotional_stability,high
58,1933,left_eye,496.9,271.4,622.6,334.7,781.2,429.3,938.2,508.3,emotional_stability_high4_PHv6CzBIC5E.001.mp4,1280,720,30.0,459,emotional_stability,high
58,1933,right_eye,668.0,269.8,743.4,334.6,995.0,427.2,1089.2,508.2,emotional_stability_high4_PHv6CzBIC5E.001.mp4,1280,720,30.0,459,emotional_stability,high
58,1933,nose,596.3,309.8,684.7,421.1,905.4,477.3,1015.8,616.4,emotional_stability_high4_PHv6CzBIC5E.001.mp4,1280,720,30.0,459,emotional_stability,high
58,1933,mouth,561.5,440.4,676.0,494.0,861.9,640.4,1005.0,707.5,emotional_stability_high4_PHv6CzBIC5E.001.mp4,1280,720,30.0,459,emotional_stability,high
58,1933,forehead,410.4,202.2,742.6,461.2,673.0,342.7,1088.2,666.5,emotional_stability_high4_PHv6CzBIC5E.001.mp4,1280,720,30.0,459,emotional_stability,high
58,1933,chin,410.4,339.1,722.7,558.2,673.0,513.9,1063.4,787.8,emotional_stability_high4_PHv6CzBIC5E.001.mp4,1280,720,30.0,459,emotional_stability,high
58,1933,left_cheek,463.8,344.0,587.6,473.0,739.8,520.0,894.4,681.3,emotional_stability_high4_PHv6CzBIC5E.001.mp4,1280,720,30.0,459,emotional_stability,high
58,1933,right_cheek,678.1,348.3,744.1,468.0,1007.7,525.4,1090.2,675.0,emotional_stability_high4_PHv6CzBIC5E.001.mp4,1280,720,30.0,459,emotional_stability,high
59,1966,left_eye,497.0,272.0,623.1,334.5,781.2,430.0,938.9,508.1,emotional_stability_high4_PHv6CzBIC5E.001.mp4,1280,720,30.0,459,emotional_stability,high
59,1966,right_eye,668.7,269.8,744.6,333.7,995.8,427.2,1090.8,507.1,emotional_stability_high4_PHv6CzBIC5E.001.mp4,1280,720,30.0,459,emotional_stability,high
59,1966,nose,599.2,309.8,686.4,421.0,909.0,477.2,1018.0,616.3,emotional_stability_high4_PHv6CzBIC5E.001.mp4,1280,720,30.0,459,emotional_stability,high
59,1966,mouth,561.6,439.5,677.1,494.4,862.0,639.4,1006.4,707.9,emotional_stability_high4_PHv6CzBIC5E.001.mp4,1280,720,30.0,459,emotional_stability,high
59,1966,forehead,411.4,202.5,742.8,461.9,674.3,343.1,1088.5,667.4,emotional_stability_high4_PHv6CzBIC5E.001.mp4,1280,720,30.0,459,emotional_stability,high
59,1966,chin,411.4,340.2,723.2,558.9,674.3,515.2,1064.0,788.6,emotional_stability_high4_PHv6CzBIC5E.001.mp4,1280,720,30.0,459,emotional_stability,high
59,1966,left_cheek,465.7,344.5,589.3,473.6,742.1,520.7,896.7,681.9,emotional_stability_high4_PHv6CzBIC5E.001.mp4,1280,720,30.0,459,emotional_stability,high
59,1966,right_cheek,679.6,347.8,745.1,467.9,1009.5,524.8,1091.3,674.9,emotional_stability_high4_PHv6CzBIC5E.001.mp4,1280,720,30.0,459,emotional_stability,high
60,2000,left_eye,501.2,272.1,623.6,334.3,786.5,430.1,939.6,507.9,emotional_stability_high4_PHv6CzBIC5E.001.mp4,1280,720,30.0,459,emotional_stability,high
60,2000,right_eye,669.8,269.4,744.7,332.6,997.2,426.8,1090.8,505.7,emotional_stability_high4_PHv6CzBIC5E.001.mp4,1280,720,30.0,459,emotional_stability,high
60,2000,nose,601.7,309.3,686.7,419.2,912.1,476.7,1018.4,614.0,emotional_stability_high4_PHv6CzBIC5E.001.mp4,1280,720,30.0,459,emotional_stability,high
60,2000,mouth,564.1,438.4,681.0,493.1,865.2,637.9,1011.3,706.4,emotional_stability_high4_PHv6CzBIC5E.001.mp4,1280,720,30.0,459,emotional_stability,high
60,2000,forehead,426.0,202.5,743.1,463.6,692.5,343.1,1088.9,669.5,emotional_stability_high4_PHv6CzBIC5E.001.mp4,1280,720,30.0,459,emotional_stability,high
60,2000,chin,426.0,341.9,725.5,558.5,692.5,517.4,1066.9,788.1,emotional_stability_high4_PHv6CzBIC5E.001.mp4,1280,720,30.0,459,emotional_stability,high
60,2000,left_cheek,474.4,345.0,591.9,473.5,753.0,521.2,899.8,681.9,emotional_stability_high4_PHv6CzBIC5E.001.mp4,1280,720,30.0,459,emotional_stability,high
60,2000,right_cheek,680.0,346.6,745.3,467.4,1010.0,523.3,1091.6,674.3,emotional_stability_high4_PHv6CzBIC5E.001.mp4,1280,720,30.0,459,emotional_stability,high
61,2033,left_eye,500.4,271.7,625.6,334.3,785.5,429.6,942.1,507.8,emotional_stability_high4_PHv6CzBIC5E.001.mp4,1280,720,30.0,459,emotional_stability,high
61,2033,right_eye,670.5,268.2,744.7,331.6,998.1,425.2,1090.9,504.5,emotional_stability_high4_PHv6CzBIC5E.001.mp4,1280,720,30.0,459,emotional_stability,high
61,2033,nose,604.6,308.8,691.4,419.2,915.7,476.0,1024.3,614.0,emotional_stability_high4_PHv6CzBIC5E.001.mp4,1280,720,30.0,459,emotional_stability,high
61,2033,mouth,565.6,438.3,681.6,492.9,867.0,637.9,1012.0,706.2,emotional_stability_high4_PHv6CzBIC5E.001.mp4,1280,720,30.0,459,emotional_stability,high
61,2033,forehead,412.7,200.7,743.5,463.5,675.9,340.9,1089.4,669.3,emotional_stability_high4_PHv6CzBIC5E.001.mp4,1280,720,30.0,459,emotional_stability,high
61,2033,chin,412.7,341.1,724.2,558.5,675.9,516.4,1065.3,788.1,emotional_stability_high4_PHv6CzBIC5E.001.mp4,1280,720,30.0,459,emotional_stability,high
61,2033,left_cheek,471.3,344.7,593.1,473.5,749.1,520.9,901.4,681.8,emotional_stability_high4_PHv6CzBIC5E.001.mp4,1280,720,30.0,459,emotional_stability,high
61,2033,right_cheek,682.8,346.1,745.5,467.4,1013.5,522.6,1091.9,674.2,emotional_stability_high4_PHv6CzBIC5E.001.mp4,1280,720,30.0,459,emotional_stability,high
62,2066,left_eye,500.4,270.5,625.2,332.8,785.5,428.1,941.5,506.0,emotional_stability_high4_PHv6CzBIC5E.001.mp4,1280,720,30.0,459,emotional_stability,high
62,2066,right_eye,669.6,267.3,742.3,329.8,997.0,424.1,1087.8,502.3,emotional_stability_high4_PHv6CzBIC5E.001.mp4,1280,720,30.0,459,emotional_stability,high
62,2066,nose,603.2,307.4,689.8,417.6,914.0,474.3,1022.3,612.0,emotional_stability_high4_PHv6CzBIC5E.001.mp4,1280,720,30.0,459,emotional_stability,high
62,2066,mouth,564.3,436.5,680.1,492.4,865.3,635.6,1010.1,705.5,emotional_stability_high4_PHv6CzBIC5E.001.mp4,1280,720,30.0,459,emotional_stability,high
62,2066,forehead,413.6,200.5,741.6,462.8,677.0,340.6,1087.0,668.5,emotional_stability_high4_PHv6CzBIC5E.001.mp4,1280,720,30.0,459,emotional_stability,high
62,2066,chin,413.6,340.9,721.1,558.3,677.0,516.1,1061.4,787.9,emotional_stability_high4_PHv6CzBIC5E.001.mp4,1280,720,30.0,459,emotional_stability,high
62,2066,left_cheek,471.1,344.6,592.5,473.3,748.9,520.8,900.6,681.6,emotional_stability_high4_PHv6CzBIC5E.001.mp4,1280,720,30.0,459,emotional_stability,high
62,2066,right_cheek,682.4,345.4,742.8,466.1,1013.0,521.8,1088.5,672.6,emotional_stability_high4_PHv6CzBIC5E.001.mp4,1280,720,30.0,459,emotional_stability,high
63,2100,left_eye,497.5,270.7,622.8,333.3,781.9,428.4,938.5,506.6,emotional_stability_high4_PHv6CzBIC5E.001.mp4,1280,720,30.0,459,emotional_stability,high
63,2100,right_eye,667.2,266.6,738.6,329.3,994.0,423.3,1083.3,501.6,emotional_stability_high4_PHv6CzBIC5E.001.mp4,1280,720,30.0,459,emotional_stability,high
63,2100,nose,602.5,307.2,689.0,417.1,913.2,474.0,1021.3,611.3,emotional_stability_high4_PHv6CzBIC5E.001.mp4,1280,720,30.0,459,emotional_stability,high
63,2100,mouth,564.0,435.9,679.2,492.2,865.0,634.8,1009.1,705.2,emotional_stability_high4_PHv6CzBIC5E.001.mp4,1280,720,30.0,459,emotional_stability,high
63,2100,forehead,414.1,200.5,736.9,464.4,677.6,340.6,1081.1,670.5,emotional_stability_high4_PHv6CzBIC5E.001.mp4,1280,720,30.0,459,emotional_stability,high
63,2100,chin,414.1,343.2,716.4,558.7,677.6,519.0,1055.5,788.4,emotional_stability_high4_PHv6CzBIC5E.001.mp4,1280,720,30.0,459,emotional_stability,high
63,2100,left_cheek,470.1,345.4,592.3,473.3,747.7,521.7,900.4,681.6,emotional_stability_high4_PHv6CzBIC5E.001.mp4,1280,720,30.0,459,emotional_stability,high
63,2100,right_cheek,681.2,344.2,739.3,464.5,1011.5,520.3,1084.1,670.6,emotional_stability_high4_PHv6CzBIC5E.001.mp4,1280,720,30.0,459,emotional_stability,high
64,2133,left_eye,498.6,270.4,622.8,333.2,783.3,428.0,938.5,506.6,emotional_stability_high4_PHv6CzBIC5E.001.mp4,1280,720,30.0,459,emotional_stability,high
64,2133,right_eye,667.0,265.2,738.2,328.9,993.7,421.4,1082.7,501.1,emotional_stability_high4_PHv6CzBIC5E.001.mp4,1280,720,30.0,459,emotional_stability,high
64,2133,nose,604.2,306.3,689.7,415.7,915.2,472.9,1022.1,609.6,emotional_stability_high4_PHv6CzBIC5E.001.mp4,1280,720,30.0,459,emotional_stability,high
64,2133,mouth,565.5,435.2,678.9,491.6,866.8,634.0,1008.7,704.5,emotional_stability_high4_PHv6CzBIC5E.001.mp4,1280,720,30.0,459,emotional_stability,high
64,2133,forehead,419.6,200.7,736.4,462.8,684.4,340.9,1080.5,668.5,emotional_stability_high4_PHv6CzBIC5E.001.mp4,1280,720,30.0,459,emotional_stability,high
64,2133,chin,419.6,342.9,715.0,558.0,684.4,518.6,1053.8,787.6,emotional_stability_high4_PHv6CzBIC5E.001.mp4,1280,720,30.0,459,emotional_stability,high
64,2133,left_cheek,472.7,345.2,592.9,472.4,750.9,521.5,901.2,680.5,emotional_stability_high4_PHv6CzBIC5E.001.mp4,1280,720,30.0,459,emotional_stability,high
64,2133,right_cheek,680.9,342.5,737.6,461.8,1011.2,518.2,1082.0,667.2,emotional_stability_high4_PHv6CzBIC5E.001.mp4,1280,720,30.0,459,emotional_stability,high
65,2166,left_eye,499.0,271.1,622.9,335.2,783.7,428.9,938.6,509.0,emotional_stability_high4_PHv6CzBIC5E.001.mp4,1280,720,30.0,459,emotional_stability,high
65,2166,right_eye,666.4,265.4,737.1,329.3,993.0,421.8,1081.4,501.6,emotional_stability_high4_PHv6CzBIC5E.001.mp4,1280,720,30.0,459,emotional_stability,high
65,2166,nose,604.2,307.0,689.4,415.8,915.3,473.8,1021.7,609.8,emotional_stability_high4_PHv6CzBIC5E.001.mp4,1280,720,30.0,459,emotional_stability,high
65,2166,mouth,566.6,435.3,678.6,491.4,868.2,634.2,1008.3,704.2,emotional_stability_high4_PHv6CzBIC5E.001.mp4,1280,720,30.0,459,emotional_stability,high
65,2166,forehead,421.6,202.4,735.7,466.9,687.0,343.0,1079.6,673.6,emotional_stability_high4_PHv6CzBIC5E.001.mp4,1280,720,30.0,459,emotional_stability,high
65,2166,chin,421.6,345.7,714.7,557.8,687.0,522.1,1053.4,787.2,emotional_stability_high4_PHv6CzBIC5E.001.mp4,1280,720,30.0,459,emotional_stability,high
65,2166,left_cheek,473.8,348.0,593.1,474.1,752.3,525.1,901.3,682.6,emotional_stability_high4_PHv6CzBIC5E.001.mp4,1280,720,30.0,459,emotional_stability,high
65,2166,right_cheek,680.4,342.8,736.6,462.0,1010.5,518.5,1080.7,667.6,emotional_stability_high4_PHv6CzBIC5E.001.mp4,1280,720,30.0,459,emotional_stability,high
66,2200,left_eye,499.6,272.0,623.2,336.2,784.5,430.0,939.0,510.2,emotional_stability_high4_PHv6CzBIC5E.001.mp4,1280,720,30.0,459,emotional_stability,high
66,2200,right_eye,666.7,265.7,737.9,329.3,993.3,422.1,1082.3,501.7,emotional_stability_high4_PHv6CzBIC5E.001.mp4,1280,720,30.0,459,emotional_stability,high
66,2200,nose,606.0,307.0,691.2,415.5,917.5,473.8,1024.0,609.4,emotional_stability_high4_PHv6CzBIC5E.001.mp4,1280,720,30.0,459,emotional_stability,high
66,2200,mouth,570.0,434.9,680.3,491.3,872.5,633.7,1010.4,704.2,emotional_stability_high4_PHv6CzBIC5E.001.mp4,1280,720,30.0,459,emotional_stability,high
66,2200,forehead,423.4,203.5,736.8,470.2,689.3,344.4,1081.0,677.7,emotional_stability_high4_PHv6CzBIC5E.001.mp4,1280,720,30.0,459,emotional_stability,high
66,2200,chin,423.4,347.0,715.6,557.7,689.3,523.7,1054.4,787.1,emotional_stability_high4_PHv6CzBIC5E.001.mp4,1280,720,30.0,459,emotional_stability,high
66,2200,left_cheek,475.2,349.5,594.5,475.1,754.0,526.8,903.1,683.9,emotional_stability_high4_PHv6CzBIC5E.001.mp4,1280,720,30.0,459,emotional_stability,high
66,2200,right_cheek,680.8,343.0,737.1,462.2,1011.0,518.8,1081.4,667.7,emotional_stability_high4_PHv6CzBIC5E.001.mp4,1280,720,30.0,459,emotional_stability,high
67,2233,left_eye,500.1,273.4,623.3,337.4,785.1,431.7,939.2,511.8,emotional_stability_high4_PHv6CzBIC5E.001.mp4,1280,720,30.0,459,emotional_stability,high
67,2233,right_eye,666.8,265.9,738.1,329.4,993.6,422.3,1082.6,501.7,emotional_stability_high4_PHv6CzBIC5E.001.mp4,1280,720,30.0,459,emotional_stability,high
67,2233,nose,606.9,307.1,691.8,415.6,918.6,473.8,1024.8,609.5,emotional_stability_high4_PHv6CzBIC5E.001.mp4,1280,720,30.0,459,emotional_stability,high
67,2233,mouth,572.1,434.8,682.2,488.6,875.1,633.4,1012.8,700.7,emotional_stability_high4_PHv6CzBIC5E.001.mp4,1280,720,30.0,459,emotional_stability,high
67,2233,forehead,424.3,204.2,737.2,470.4,690.4,345.3,1081.4,678.1,emotional_stability_high4_PHv6CzBIC5E.001.mp4,1280,720,30.0,459,emotional_stability,high
67,2233,chin,424.3,346.7,716.4,557.6,690.4,523.4,1055.5,787.0,emotional_stability_high4_PHv6CzBIC5E.001.mp4,1280,720,30.0,459,emotional_stability,high
67,2233,left_cheek,475.9,350.7,595.0,475.6,754.9,528.3,903.8,684.5,emotional_stability_high4_PHv6CzBIC5E.001.mp4,1280,720,30.0,459,emotional_stability,high
67,2233,right_cheek,680.9,342.9,737.7,461.7,1011.1,518.6,1082.2,667.1,emotional_stability_high4_PHv6CzBIC5E.001.mp4,1280,720,30.0,459,emotional_stability,high
68,2266,left_eye,501.5,273.3,624.0,338.9,786.9,431.6,940.0,513.6,emotional_stability_high4_PHv6CzBIC5E.001.mp4,1280,720,30.0,459,emotional_stability,high
68,2266,right_eye,666.5,266.8,737.2,331.7,993.2,423.5,1081.5,504.6,emotional_stability_high4_PHv6CzBIC5E.001.mp4,1280,720,30.0,459,emotional_stability,high
68,2266,nose,608.6,308.2,691.3,416.0,920.7,475.2,1024.2,610.0,emotional_stability_high4_PHv6CzBIC5E.001.mp4,1280,720,30.0,459,emotional_stability,high
68,2266,mouth,573.2,434.8,682.3,488.1,876.5,633.5,1012.9,700.1,emotional_stability_high4_PHv6CzBIC5E.001.mp4,1280,720,30.0,459,emotional_stability,high
68,2266,forehead,425.3,205.9,736.3,470.6,691.7,347.4,1080.4,678.3,emotional_stability_high4_PHv6CzBIC5E.001.mp4,1280,720,30.0,459,emotional_stability,high
68,2266,chin,425.3,349.4,716.2,557.6,691.7,526.7,1055.2,787.1,emotional_stability_high4_PHv6CzBIC5E.001.mp4,1280,720,30.0,459,emotional_stability,high
68,2266,left_cheek,477.4,351.6,596.0,476.0,756.7,529.5,905.0,684.9,emotional_stability_high4_PHv6CzBIC5E.001.mp4,1280,720,30.0,459,emotional_stability,high
68,2266,right_cheek,680.8,345.1,737.4,462.8,1011.0,521.3,1081.7,668.5,emotional_stability_high4_PHv6CzBIC5E.001.mp4,1280,720,30.0,459,emotional_stability,high
69,2300,left_eye,500.7,276.2,622.1,342.0,785.9,435.3,937.6,517.5,emotional_stability_high4_PHv6CzBIC5E.001.mp4,1280,720,30.0,459,emotional_stability,high
69,2300,right_eye,663.8,269.2,734.1,333.4,989.7,426.5,1077.6,506.7,emotional_stability_high4_PHv6CzBIC5E.001.mp4,1280,720,30.0,459,emotional_stability,high
69,2300,nose,607.7,310.3,689.1,417.7,919.7,477.9,1021.3,612.1,emotional_stability_high4_PHv6CzBIC5E.001.mp4,1280,720,30.0,459,emotional_stability,high
69,2300,mouth,573.1,435.8,681.9,488.1,876.4,634.8,1012.4,700.2,emotional_stability_high4_PHv6CzBIC5E.001.mp4,1280,720,30.0,459,emotional_stability,high
69,2300,forehead,425.0,208.0,734.2,470.8,691.3,350.0,1077.7,678.5,emotional_stability_high4_PHv6CzBIC5E.001.mp4,1280,720,30.0,459,emotional_stability,high
69,2300,chin,425.0,349.3,715.9,557.9,691.3,526.6,1054.8,787.4,emotional_stability_high4_PHv6CzBIC5E.001.mp4,1280,720,30.0,459,emotional_stability,high
69,2300,left_cheek,476.7,354.3,596.0,477.1,755.9,532.9,905.0,686.4,emotional_stability_high4_PHv6CzBIC5E.001.mp4,1280,720,30.0,459,emotional_stability,high
69,2300,right_cheek,678.7,345.6,735.7,463.3,1008.4,522.0,1079.7,669.2,emotional_stability_high4_PHv6CzBIC5E.001.mp4,1280,720,30.0,459,emotional_stability,high
70,2333,left_eye,500.8,277.6,622.0,342.6,785.9,437.0,937.5,518.3,emotional_stability_high4_PHv6CzBIC5E.001.mp4,1280,720,30.0,459,emotional_stability,high
70,2333,right_eye,663.8,270.0,734.0,334.1,989.8,427.5,1077.5,507.6,emotional_stability_high4_PHv6CzBIC5E.001.mp4,1280,720,30.0,459,emotional_stability,high
70,2333,nose,607.2,311.3,688.7,418.5,919.1,479.1,1020.9,613.1,emotional_stability_high4_PHv6CzBIC5E.001.mp4,1280,720,30.0,459,emotional_stability,high
70,2333,mouth,572.2,437.5,681.8,488.1,875.2,636.8,1012.3,700.1,emotional_stability_high4_PHv6CzBIC5E.001.mp4,1280,720,30.0,459,emotional_stability,high
70,2333,forehead,426.5,209.4,733.7,470.4,693.1,351.8,1077.1,678.0,emotional_stability_high4_PHv6CzBIC5E.001.mp4,1280,720,30.0,459,emotional_stability,high
70,2333,chin,426.5,349.5,714.8,557.9,693.1,526.9,1053.5,787.4,emotional_stability_high4_PHv6CzBIC5E.001.mp4,1280,720,30.0,459,emotional_stability,high
70,2333,left_cheek,476.9,355.2,595.6,477.3,756.2,534.0,904.5,686.6,emotional_stability_high4_PHv6CzBIC5E.001.mp4,1280,720,30.0,459,emotional_stability,high
70,2333,right_cheek,678.2,346.0,735.0,463.4,1007.8,522.5,1078.7,669.2,emotional_stability_high4_PHv6CzBIC5E.001.mp4,1280,720,30.0,459,emotional_stability,high
71,2366,left_eye,500.9,280.1,622.0,345.5,786.2,440.1,937.6,521.9,emotional_stability_high4_PHv6CzBIC5E.001.mp4,1280,720,30.0,459,emotional_stability,high
71,2366,right_eye,663.6,271.5,734.1,336.4,989.5,429.4,1077.7,510.5,emotional_stability_high4_PHv6CzBIC5E.001.mp4,1280,720,30.0,459,emotional_stability,high
71,2366,nose,606.9,314.1,688.7,421.2,918.7,482.7,1020.9,616.4,emotional_stability_high4_PHv6CzBIC5E.001.mp4,1280,720,30.0,459,emotional_stability,high
71,2366,mouth,571.6,438.9,681.6,493.2,874.5,638.6,1012.0,706.5,emotional_stability_high4_PHv6CzBIC5E.001.mp4,1280,720,30.0,459,emotional_stability,high
71,2366,forehead,426.3,212.3,733.5,471.0,692.9,355.4,1076.9,678.8,emotional_stability_high4_PHv6CzBIC5E.001.mp4,1280,720,30.0,459,emotional_stability,high
71,2366,chin,426.3,350.1,714.9,558.5,692.9,527.7,1053.6,788.2,emotional_stability_high4_PHv6CzBIC5E.001.mp4,1280,720,30.0,459,emotional_stability,high
71,2366,left_cheek,476.9,358.3,595.3,479.3,756.1,537.9,904.1,689.1,emotional_stability_high4_PHv6CzBIC5E.001.mp4,1280,720,30.0,459,emotional_stability,high
71,2366,right_cheek,678.2,347.4,735.3,464.6,1007.7,524.3,1079.1,670.7,emotional_stability_high4_PHv6CzBIC5E.001.mp4,1280,720,30.0,459,emotional_stability,high
72,2400,left_eye,499.3,282.5,620.4,347.2,784.1,443.2,935.5,523.9,emotional_stability_high4_PHv6CzBIC5E.001.mp4,1280,720,30.0,459,emotional_stability,high
72,2400,right_eye,661.3,271.4,728.8,336.1,986.6,429.2,1071.0,510.2,emotional_stability_high4_PHv6CzBIC5E.001.mp4,1280,720,30.0,459,emotional_stability,high
72,2400,nose,607.5,314.1,688.8,421.1,919.4,482.6,1021.0,616.4,emotional_stability_high4_PHv6CzBIC5E.001.mp4,1280,720,30.0,459,emotional_stability,high
72,2400,mouth,571.9,439.7,681.6,492.6,874.8,639.6,1012.0,705.8,emotional_stability_high4_PHv6CzBIC5E.001.mp4,1280,720,30.0,459,emotional_stability,high
72,2400,forehead,426.1,213.6,724.6,472.7,692.6,357.1,1065.8,680.9,emotional_stability_high4_PHv6CzBIC5E.001.mp4,1280,720,30.0,459,emotional_stability,high
72,2400,chin,426.1,350.1,705.2,558.6,692.6,527.6,1041.4,788.2,emotional_stability_high4_PHv6CzBIC5E.001.mp4,1280,720,30.0,459,emotional_stability,high
72,2400,left_cheek,476.7,360.3,595.2,480.1,755.8,540.3,904.0,690.2,emotional_stability_high4_PHv6CzBIC5E.001.mp4,1280,720,30.0,459,emotional_stability,high
72,2400,right_cheek,677.0,347.4,730.0,463.3,1006.3,524.2,1072.5,669.2,emotional_stability_high4_PHv6CzBIC5E.001.mp4,1280,720,30.0,459,emotional_stability,high
73,2433,left_eye,499.1,281.2,620.2,345.8,783.9,441.5,935.2,522.3,emotional_stability_high4_PHv6CzBIC5E.001.mp4,1280,720,30.0,459,emotional_stability,high
73,2433,right_eye,659.6,270.2,728.0,336.1,984.5,427.7,1070.0,510.1,emotional_stability_high4_PHv6CzBIC5E.001.mp4,1280,720,30.0,459,emotional_stability,high
73,2433,nose,608.8,313.4,688.7,418.3,921.0,481.7,1020.9,612.9,emotional_stability_high4_PHv6CzBIC5E.001.mp4,1280,720,30.0,459,emotional_stability,high
73,2433,mouth,571.6,436.5,681.4,492.3,874.5,635.6,1011.8,705.3,emotional_stability_high4_PHv6CzBIC5E.001.mp4,1280,720,30.0,459,emotional_stability,high
73,2433,forehead,426.1,212.7,723.6,474.0,692.7,355.8,1064.5,682.5,emotional_stability_high4_PHv6CzBIC5E.001.mp4,1280,720,30.0,459,emotional_stability,high
73,2433,chin,426.1,349.9,704.0,558.6,692.7,527.4,1040.0,788.3,emotional_stability_high4_PHv6CzBIC5E.001.mp4,1280,720,30.0,459,emotional_stability,high
73,2433,left_cheek,476.8,358.6,595.1,479.6,755.9,538.3,903.9,689.5,emotional_stability_high4_PHv6CzBIC5E.001.mp4,1280,720,30.0,459,emotional_stability,high
73,2433,right_cheek,676.4,346.0,729.5,461.5,1005.5,522.5,1071.8,666.9,emotional_stability_high4_PHv6CzBIC5E.001.mp4,1280,720,30.0,459,emotional_stability,high
74,2466,left_eye,498.7,280.5,618.7,345.2,783.3,440.6,933.4,521.5,emotional_stability_high4_PHv6CzBIC5E.001.mp4,1280,720,30.0,459,emotional_stability,high
74,2466,right_eye,658.8,269.0,727.2,335.1,983.5,426.2,1068.9,508.8,emotional_stability_high4_PHv6CzBIC5E.001.mp4,1280,720,30.0,459,emotional_stability,high
74,2466,nose,608.5,312.3,688.9,416.3,920.6,480.3,1021.1,610.4,emotional_stability_high4_PHv6CzBIC5E.001.mp4,1280,720,30.0,459,emotional_stability,high
74,2466,mouth,571.4,434.4,681.4,489.8,874.2,633.0,1011.7,702.3,emotional_stability_high4_PHv6CzBIC5E.001.mp4,1280,720,30.0,459,emotional_stability,high
74,2466,forehead,426.7,212.2,723.8,473.3,693.4,355.2,1064.8,681.7,emotional_stability_high4_PHv6CzBIC5E.001.mp4,1280,720,30.0,459,emotional_stability,high
74,2466,chin,426.7,349.4,705.8,557.2,693.4,526.7,1042.3,786.5,emotional_stability_high4_PHv6CzBIC5E.001.mp4,1280,720,30.0,459,emotional_stability,high
74,2466,left_cheek,476.7,357.8,595.1,478.5,755.9,537.2,903.9,688.2,emotional_stability_high4_PHv6CzBIC5E.001.mp4,1280,720,30.0,459,emotional_stability,high
74,2466,right_cheek,676.3,344.7,730.1,459.1,1005.4,520.9,1072.6,663.8,emotional_stability_high4_PHv6CzBIC5E.001.mp4,1280,720,30.0,459,emotional_stability,high
75,2500,left_eye,499.9,281.9,619.0,344.6,784.8,442.4,933.8,520.7,emotional_stability_high4_PHv6CzBIC5E.001.mp4,1280,720,30.0,459,emotional_stability,high
75,2500,right_eye,659.1,269.1,727.3,335.0,983.9,426.3,1069.1,508.7,emotional_stability_high4_PHv6CzBIC5E.001.mp4,1280,720,30.0,459,emotional_stability,high
75,2500,nose,609.1,312.1,688.9,416.5,921.4,480.2,1021.1,610.6,emotional_stability_high4_PHv6CzBIC5E.001.mp4,1280,720,30.0,459,emotional_stability,high
75,2500,mouth,573.3,434.5,681.3,488.4,876.7,633.2,1011.6,700.5,emotional_stability_high4_PHv6CzBIC5E.001.mp4,1280,720,30.0,459,emotional_stability,high
75,2500,forehead,428.9,212.5,723.9,473.7,696.2,355.6,1064.8,682.1,emotional_stability_high4_PHv6CzBIC5E.001.mp4,1280,720,30.0,459,emotional_stability,high
75,2500,chin,428.9,349.3,705.6,556.8,696.2,526.6,1042.0,786.1,emotional_stability_high4_PHv6CzBIC5E.001.mp4,1280,720,30.0,459,emotional_stability,high
75,2500,left_cheek,478.0,358.2,595.2,478.4,757.5,537.7,904.0,688.0,emotional_stability_high4_PHv6CzBIC5E.001.mp4,1280,720,30.0,459,emotional_stability,high
75,2500,right_cheek,676.3,344.6,730.4,458.6,1005.4,520.8,1073.0,663.2,emotional_stability_high4_PHv6CzBIC5E.001.mp4,1280,720,30.0,459,emotional_stability,high
76,2533,left_eye,497.0,281.9,617.2,344.4,781.2,442.4,931.5,520.5,emotional_stability_high4_PHv6CzBIC5E.001.mp4,1280,720,30.0,459,emotional_stability,high
76,2533,right_eye,658.8,268.3,726.4,334.4,983.5,425.4,1068.0,508.0,emotional_stability_high4_PHv6CzBIC5E.001.mp4,1280,720,30.0,459,emotional_stability,high
76,2533,nose,609.0,312.0,688.8,415.4,921.3,480.0,1021.0,609.3,emotional_stability_high4_PHv6CzBIC5E.001.mp4,1280,720,30.0,459,emotional_stability,high
76,2533,mouth,569.0,434.4,681.2,488.4,871.3,633.1,1011.5,700.5,emotional_stability_high4_PHv6CzBIC5E.001.mp4,1280,720,30.0,459,emotional_stability,high
76,2533,forehead,428.5,213.1,721.8,473.4,695.6,356.4,1062.3,681.7,emotional_stability_high4_PHv6CzBIC5E.001.mp4,1280,720,30.0,459,emotional_stability,high
76,2533,chin,428.5,348.5,705.0,556.5,695.6,525.6,1041.3,785.6,emotional_stability_high4_PHv6CzBIC5E.001.mp4,1280,720,30.0,459,emotional_stability,high
76,2533,left_cheek,476.9,358.2,594.1,478.3,756.1,537.8,902.6,687.8,emotional_stability_high4_PHv6CzBIC5E.001.mp4,1280,720,30.0,459,emotional_stability,high
76,2533,right_cheek,676.1,343.7,730.5,457.5,1005.2,519.6,1073.2,661.9,emotional_stability_high4_PHv6CzBIC5E.001.mp4,1280,720,30.0,459,emotional_stability,high
77,2566,left_eye,497.0,283.1,617.6,344.4,781.2,443.9,932.0,520.5,emotional_stability_high4_PHv6CzBIC5E.001.mp4,1280,720,30.0,459,emotional_stability,high
77,2566,right_eye,659.0,269.4,726.9,334.5,983.7,426.8,1068.6,508.1,emotional_stability_high4_PHv6CzBIC5E.001.mp4,1280,720,30.0,459,emotional_stability,high
77,2566,nose,608.9,312.5,688.9,415.5,921.2,480.6,1021.1,609.4,emotional_stability_high4_PHv6CzBIC5E.001.mp4,1280,720,30.0,459,emotional_stability,high
77,2566,mouth,568.7,435.3,681.3,489.9,870.8,634.1,1011.7,702.4,emotional_stability_high4_PHv6CzBIC5E.001.mp4,1280,720,30.0,459,emotional_stability,high
77,2566,forehead,428.8,214.7,722.5,475.8,696.0,358.4,1063.1,684.8,emotional_stability_high4_PHv6CzBIC5E.001.mp4,1280,720,30.0,459,emotional_stability,high
77,2566,chin,428.8,349.9,705.3,558.0,696.0,527.4,1041.7,787.5,emotional_stability_high4_PHv6CzBIC5E.001.mp4,1280,720,30.0,459,emotional_stability,high
77,2566,left_cheek,477.0,359.0,594.1,479.0,756.2,538.7,902.6,688.7,emotional_stability_high4_PHv6CzBIC5E.001.mp4,1280,720,30.0,459,emotional_stability,high
77,2566,right_cheek,676.2,344.5,730.8,457.6,1005.2,520.7,1073.5,662.0,emotional_stability_high4_PHv6CzBIC5E.001.mp4,1280,720,30.0,459,emotional_stability,high
78,2600,left_eye,497.2,282.7,618.0,344.5,781.5,443.4,932.4,520.7,emotional_stability_high4_PHv6CzBIC5E.001.mp4,1280,720,30.0,459,emotional_stability,high
78,2600,right_eye,659.2,269.6,726.6,334.9,984.0,427.0,1068.3,508.7,emotional_stability_high4_PHv6CzBIC5E.001.mp4,1280,720,30.0,459,emotional_stability,high
78,2600,nose,609.9,312.6,689.9,415.7,922.3,480.7,1022.4,609.6,emotional_stability_high4_PHv6CzBIC5E.001.mp4,1280,720,30.0,459,emotional_stability,high
78,2600,mouth,568.6,435.4,681.6,490.1,870.7,634.2,1012.0,702.7,emotional_stability_high4_PHv6CzBIC5E.001.mp4,1280,720,30.0,459,emotional_stability,high
78,2600,forehead,428.7,215.1,721.7,475.4,695.9,358.8,1062.2,684.3,emotional_stability_high4_PHv6CzBIC5E.001.mp4,1280,720,30.0,459,emotional_stability,high
78,2600,chin,428.7,350.5,704.7,558.1,695.9,528.1,1040.8,787.6,emotional_stability_high4_PHv6CzBIC5E.001.mp4,1280,720,30.0,459,emotional_stability,high
78,2600,left_cheek,476.9,358.7,594.7,478.9,756.2,538.4,903.3,688.7,emotional_stability_high4_PHv6CzBIC5E.001.mp4,1280,720,30.0,459,emotional_stability,high
78,2600,right_cheek,676.7,345.1,731.0,457.9,1005.9,521.4,1073.7,662.4,emotional_stability_high4_PHv6CzBIC5E.001.mp4,1280,720,30.0,459,emotional_stability,high
79,2633,left_eye,497.4,282.5,618.3,344.8,781.7,443.1,932.8,520.9,emotional_stability_high4_PHv6CzBIC5E.001.mp4,1280,720,30.0,459,emotional_stability,high
79,2633,right_eye,659.4,269.6,726.0,335.0,984.2,427.1,1067.5,508.7,emotional_stability_high4_PHv6CzBIC5E.001.mp4,1280,720,30.0,459,emotional_stability,high
79,2633,nose,610.5,312.6,690.0,417.0,923.2,480.8,1022.5,611.3,emotional_stability_high4_PHv6CzBIC5E.001.mp4,1280,720,30.0,459,emotional_stability,high
79,2633,mouth,570.2,437.5,680.3,491.1,872.7,636.9,1010.3,703.8,emotional_stability_high4_PHv6CzBIC5E.001.mp4,1280,720,30.0,459,emotional_stability,high
79,2633,forehead,428.4,214.9,720.9,475.3,695.5,358.6,1061.1,684.1,emotional_stability_high4_PHv6CzBIC5E.001.mp4,1280,720,30.0,459,emotional_stability,high
79,2633,chin,428.4,350.3,702.6,558.1,695.5,527.8,1038.2,787.6,emotional_stability_high4_PHv6CzBIC5E.001.mp4,1280,720,30.0,459,emotional_stability,high
79,2633,left_cheek,476.9,359.2,594.9,479.0,756.1,539.0,903.6,688.7,emotional_stability_high4_PHv6CzBIC5E.001.mp4,1280,720,30.0,459,emotional_stability,high
79,2633,right_cheek,676.8,345.2,729.9,458.0,1006.0,521.5,1072.4,662.5,emotional_stability_high4_PHv6CzBIC5E.001.mp4,1280,720,30.0,459,emotional_stability,high
80,2666,left_eye,498.5,283.4,618.3,345.3,783.1,444.2,932.9,521.6,emotional_stability_high4_PHv6CzBIC5E.001.mp4,1280,720,30.0,459,emotional_stability,high
80,2666,right_eye,659.5,269.6,726.2,335.0,984.3,427.1,1067.7,508.7,emotional_stability_high4_PHv6CzBIC5E.001.mp4,1280,720,30.0,459,emotional_stability,high
80,2666,nose,611.0,313.0,690.0,418.7,923.8,481.3,1022.5,613.3,emotional_stability_high4_PHv6CzBIC5E.001.mp4,1280,720,30.0,459,emotional_stability,high
80,2666,mouth,570.4,438.1,680.0,497.4,873.0,637.6,1010.0,711.7,emotional_stability_high4_PHv6CzBIC5E.001.mp4,1280,720,30.0,459,emotional_stability,high
80,2666,forehead,429.2,215.1,721.0,476.4,696.5,358.9,1061.2,685.6,emotional_stability_high4_PHv6CzBIC5E.001.mp4,1280,720,30.0,459,emotional_stability,high
80,2666,chin,429.2,349.7,703.0,559.8,696.5,527.1,1038.7,789.8,emotional_stability_high4_PHv6CzBIC5E.001.mp4,1280,720,30.0,459,emotional_stability,high
80,2666,left_cheek,477.5,361.5,595.2,481.7,756.9,541.9,904.0,692.1,emotional_stability_high4_PHv6CzBIC5E.001.mp4,1280,720,30.0,459,emotional_stability,high
80,2666,right_cheek,676.7,345.2,729.4,458.1,1005.9,521.5,1071.7,662.6,emotional_stability_high4_PHv6CzBIC5E.001.mp4,1280,720,30.0,459,emotional_stability,high
81,2700,left_eye,498.8,284.4,618.4,345.7,783.5,445.5,932.9,522.1,emotional_stability_high4_PHv6CzBIC5E.001.mp4,1280,720,30.0,459,emotional_stability,high
81,2700,right_eye,659.2,270.3,725.0,335.0,984.0,427.9,1066.3,508.8,emotional_stability_high4_PHv6CzBIC5E.001.mp4,1280,720,30.0,459,emotional_stability,high
81,2700,nose,612.0,313.8,690.4,420.0,925.0,482.2,1023.0,615.0,emotional_stability_high4_PHv6CzBIC5E.001.mp4,1280,720,30.0,459,emotional_stability,high
81,2700,mouth,571.7,439.0,680.0,497.2,874.6,638.7,1010.0,711.5,emotional_stability_high4_PHv6CzBIC5E.001.mp4,1280,720,30.0,459,emotional_stability,high
81,2700,forehead,429.0,215.8,719.6,478.6,696.3,359.7,1059.5,688.2,emotional_stability_high4_PHv6CzBIC5E.001.mp4,1280,720,30.0,459,emotional_stability,high
81,2700,chin,429.0,349.7,701.0,561.4,696.3,527.2,1036.2,791.7,emotional_stability_high4_PHv6CzBIC5E.001.mp4,1280,720,30.0,459,emotional_stability,high
81,2700,left_cheek,477.5,362.7,595.6,483.5,756.9,543.3,904.5,694.4,emotional_stability_high4_PHv6CzBIC5E.001.mp4,1280,720,30.0,459,emotional_stability,high
81,2700,right_cheek,676.7,345.4,727.8,458.4,1005.9,521.7,1069.8,663.0,emotional_stability_high4_PHv6CzBIC5E.001.mp4,1280,720,30.0,459,emotional_stability,high
82,2733,left_eye,498.5,283.3,618.5,345.6,783.1,444.1,933.1,522.0,emotional_stability_high4_PHv6CzBIC5E.001.mp4,1280,720,30.0,459,emotional_stability,high
82,2733,right_eye,658.7,270.5,724.1,335.3,983.3,428.1,1065.2,509.1,emotional_stability_high4_PHv6CzBIC5E.001.mp4,1280,720,30.0,459,emotional_stability,high
82,2733,nose,611.8,313.7,690.4,420.1,924.7,482.2,1023.0,615.1,emotional_stability_high4_PHv6CzBIC5E.001.mp4,1280,720,30.0,459,emotional_stability,high
82,2733,mouth,570.0,439.1,679.3,499.8,872.5,638.9,1009.2,714.7,emotional_stability_high4_PHv6CzBIC5E.001.mp4,1280,720,30.0,459,emotional_stability,high
82,2733,forehead,427.6,215.5,718.4,478.4,694.5,359.4,1058.0,688.0,emotional_stability_high4_PHv6CzBIC5E.001.mp4,1280,720,30.0,459,emotional_stability,high
82,2733,chin,427.6,350.6,698.6,563.6,694.5,528.3,1033.3,794.5,emotional_stability_high4_PHv6CzBIC5E.001.mp4,1280,720,30.0,459,emotional_stability,high
82,2733,left_cheek,476.6,362.3,595.3,483.7,755.7,542.8,904.2,694.7,emotional_stability_high4_PHv6CzBIC5E.001.mp4,1280,720,30.0,459,emotional_stability,high
82,2733,right_cheek,676.5,346.2,726.4,460.5,1005.7,522.8,1068.1,665.6,emotional_stability_high4_PHv6CzBIC5E.001.mp4,1280,720,30.0,459,emotional_stability,high
83,2766,left_eye,498.2,284.1,617.8,345.5,782.7,445.2,932.2,521.9,emotional_stability_high4_PHv6CzBIC5E.001.mp4,1280,720,30.0,459,emotional_stability,high
83,2766,right_eye,658.1,270.5,723.4,335.3,982.7,428.1,1064.2,509.1,emotional_stability_high4_PHv6CzBIC5E.001.mp4,1280,720,30.0,459,emotional_stability,high
83,2766,nose,611.6,313.7,690.2,420.5,924.5,482.1,1022.7,615.6,emotional_stability_high4_PHv6CzBIC5E.001.mp4,1280,720,30.0,459,emotional_stability,high
83,2766,mouth,570.2,440.5,678.7,498.5,872.8,640.6,1008.4,713.1,emotional_stability_high4_PHv6CzBIC5E.001.mp4,1280,720,30.0,459,emotional_stability,high
83,2766,forehead,427.2,215.4,716.8,478.5,694.1,359.2,1055.9,688.1,emotional_stability_high4_PHv6CzBIC5E.001.mp4,1280,720,30.0,459,emotional_stability,high
83,2766,chin,427.2,350.6,696.9,563.5,694.1,528.3,1031.1,794.4,emotional_stability_high4_PHv6CzBIC5E.001.mp4,1280,720,30.0,459,emotional_stability,high
83,2766,left_cheek,476.4,362.4,595.0,484.2,755.5,542.9,903.8,695.2,emotional_stability_high4_PHv6CzBIC5E.001.mp4,1280,720,30.0,459,emotional_stability,high
83,2766,right_cheek,675.8,346.2,725.9,460.7,1004.8,522.7,1067.4,665.8,emotional_stability_high4_PHv6CzBIC5E.001.mp4,1280,720,30.0,459,emotional_stability,high
84,2800,left_eye,498.7,282.4,618.3,343.8,783.3,443.0,932.8,519.7,emotional_stability_high4_PHv6CzBIC5E.001.mp4,1280,720,30.0,459,emotional_stability,high
84,2800,right_eye,658.2,270.5,722.9,335.2,982.8,428.1,1063.6,509.0,emotional_stability_high4_PHv6CzBIC5E.001.mp4,1280,720,30.0,459,emotional_stability,high
84,2800,nose,611.6,313.2,690.2,420.5,924.4,481.5,1022.7,615.6,emotional_stability_high4_PHv6CzBIC5E.001.mp4,1280,720,30.0,459,emotional_stability,high
84,2800,mouth,570.2,440.3,677.9,500.1,872.7,640.4,1007.4,715.1,emotional_stability_high4_PHv6CzBIC5E.001.mp4,1280,720,30.0,459,emotional_stability,high
84,2800,forehead,426.9,214.1,716.5,478.1,693.7,357.6,1055.7,687.6,emotional_stability_high4_PHv6CzBIC5E.001.mp4,1280,720,30.0,459,emotional_stability,high
84,2800,chin,426.9,350.6,696.0,563.5,693.7,528.2,1030.1,794.4,emotional_stability_high4_PHv6CzBIC5E.001.mp4,1280,720,30.0,459,emotional_stability,high
84,2800,left_cheek,476.4,361.3,595.0,483.7,755.5,541.7,903.8,694.7,emotional_stability_high4_PHv6CzBIC5E.001.mp4,1280,720,30.0,459,emotional_stability,high
84,2800,right_cheek,675.6,346.2,724.4,461.4,1004.5,522.7,1065.5,666.7,emotional_stability_high4_PHv6CzBIC5E.001.mp4,1280,720,30.0,459,emotional_stability,high
85,2833,left_eye,498.7,280.9,618.3,343.2,783.4,441.1,932.8,519.0,emotional_stability_high4_PHv6CzBIC5E.001.mp4,1280,720,30.0,459,emotional_stability,high
85,2833,right_eye,657.7,271.1,721.3,335.2,982.1,428.9,1061.7,509.0,emotional_stability_high4_PHv6CzBIC5E.001.mp4,1280,720,30.0,459,emotional_stability,high
85,2833,nose,611.5,313.1,689.5,421.1,924.3,481.4,1021.9,616.3,emotional_stability_high4_PHv6CzBIC5E.001.mp4,1280,720,30.0,459,emotional_stability,high
85,2833,mouth,570.2,440.6,676.2,500.3,872.7,640.7,1005.2,715.4,emotional_stability_high4_PHv6CzBIC5E.001.mp4,1280,720,30.0,459,emotional_stability,high
85,2833,forehead,422.9,213.9,714.9,477.9,688.6,357.4,1053.6,687.4,emotional_stability_high4_PHv6CzBIC5E.001.mp4,1280,720,30.0,459,emotional_stability,high
85,2833,chin,422.9,351.1,693.5,563.8,688.6,528.8,1026.8,794.7,emotional_stability_high4_PHv6CzBIC5E.001.mp4,1280,720,30.0,459,emotional_stability,high
85,2833,left_cheek,475.3,361.0,594.9,483.7,754.2,541.3,903.6,694.7,emotional_stability_high4_PHv6CzBIC5E.001.mp4,1280,720,30.0,459,emotional_stability,high
85,2833,right_cheek,674.7,346.9,722.9,463.2,1003.4,523.6,1063.6,669.1,emotional_stability_high4_PHv6CzBIC5E.001.mp4,1280,720,30.0,459,emotional_stability,high
86,2866,left_eye,498.3,275.9,618.6,341.7,782.9,434.9,933.3,517.1,emotional_stability_high4_PHv6CzBIC5E.001.mp4,1280,720,30.0,459,emotional_stability,high
86,2866,right_eye,657.7,270.4,721.5,335.1,982.1,428.0,1061.9,508.8,emotional_stability_high4_PHv6CzBIC5E.001.mp4,1280,720,30.0,459,emotional_stability,high
86,2866,nose,611.4,311.8,689.5,421.3,924.3,479.8,1021.9,616.6,emotional_stability_high4_PHv6CzBIC5E.001.mp4,1280,720,30.0,459,emotional_stability,high
86,2866,mouth,569.9,440.6,676.2,501.7,872.4,640.8,1005.2,717.1,emotional_stability_high4_PHv6CzBIC5E.001.mp4,1280,720,30.0,459,emotional_stability,high
86,2866,forehead,418.4,211.0,715.2,477.5,683.0,353.7,1054.0,686.9,emotional_stability_high4_PHv6CzBIC5E.001.mp4,1280,720,30.0,459,emotional_stability,high
86,2866,chin,418.4,351.0,692.6,564.1,683.0,528.7,1025.8,795.1,emotional_stability_high4_PHv6CzBIC5E.001.mp4,1280,720,30.0,459,emotional_stability,high
86,2866,left_cheek,472.8,359.4,594.6,483.6,751.0,539.2,903.2,694.5,emotional_stability_high4_PHv6CzBIC5E.001.mp4,1280,720,30.0,459,emotional_stability,high
86,2866,right_cheek,674.8,347.0,723.0,464.6,1003.5,523.8,1063.8,670.7,emotional_stability_high4_PHv6CzBIC5E.001.mp4,1280,720,30.0,459,emotional_stability,high
87,2900,left_eye,497.1,276.0,618.7,341.7,781.3,435.0,933.4,517.1,emotional_stability_high4_PHv6CzBIC5E.001.mp4,1280,720,30.0,459,emotional_stability,high
87,2900,right_eye,657.8,268.7,721.9,334.5,982.2,425.9,1062.4,508.1,emotional_stability_high4_PHv6CzBIC5E.001.mp4,1280,720,30.0,459,emotional_stability,high
87,2900,nose,611.6,311.1,689.8,421.5,924.6,478.8,1022.3,616.9,emotional_stability_high4_PHv6CzBIC5E.001.mp4,1280,720,30.0,459,emotional_stability,high
87,2900,mouth,570.3,440.9,676.3,500.9,872.9,641.1,1005.4,716.1,emotional_stability_high4_PHv6CzBIC5E.001.mp4,1280,720,30.0,459,emotional_stability,high
87,2900,forehead,415.8,210.0,715.7,477.4,679.7,352.5,1054.6,686.8,emotional_stability_high4_PHv6CzBIC5E.001.mp4,1280,720,30.0,459,emotional_stability,high
87,2900,chin,415.8,349.4,693.6,563.9,679.7,526.8,1026.9,794.9,emotional_stability_high4_PHv6CzBIC5E.001.mp4,1280,720,30.0,459,emotional_stability,high
87,2900,left_cheek,471.4,359.4,594.5,483.6,749.2,539.2,903.2,694.5,emotional_stability_high4_PHv6CzBIC5E.001.mp4,1280,720,30.0,459,emotional_stability,high
87,2900,right_cheek,674.8,346.5,723.4,464.4,1003.5,523.1,1064.3,670.5,emotional_stability_high4_PHv6CzBIC5E.001.mp4,1280,720,30.0,459,emotional_stability,high
88,2933,left_eye,497.1,275.5,618.9,341.6,781.4,434.4,933.6,517.0,emotional_stability_high4_PHv6CzBIC5E.001.mp4,1280,720,30.0,459,emotional_stability,high
88,2933,right_eye,657.9,268.4,722.7,334.3,982.4,425.5,1063.4,507.8,emotional_stability_high4_PHv6CzBIC5E.001.mp4,1280,720,30.0,459,emotional_stability,high
88,2933,nose,611.6,310.4,689.8,421.5,924.5,477.9,1022.3,616.8,emotional_stability_high4_PHv6CzBIC5E.001.mp4,1280,720,30.0,459,emotional_stability,high
88,2933,mouth,570.1,440.9,675.6,502.3,872.7,641.1,1004.5,717.8,emotional_stability_high4_PHv6CzBIC5E.001.mp4,1280,720,30.0,459,emotional_stability,high
88,2933,forehead,417.4,208.9,717.7,476.3,681.7,351.2,1057.1,685.3,emotional_stability_high4_PHv6CzBIC5E.001.mp4,1280,720,30.0,459,emotional_stability,high
88,2933,chin,417.4,348.9,694.0,563.8,681.7,526.1,1027.4,794.7,emotional_stability_high4_PHv6CzBIC5E.001.mp4,1280,720,30.0,459,emotional_stability,high
88,2933,left_cheek,471.7,358.9,594.5,483.5,749.7,538.6,903.1,694.4,emotional_stability_high4_PHv6CzBIC5E.001.mp4,1280,720,30.0,459,emotional_stability,high
88,2933,right_cheek,674.8,346.3,723.8,464.4,1003.5,522.9,1064.7,670.4,emotional_stability_high4_PHv6CzBIC5E.001.mp4,1280,720,30.0,459,emotional_stability,high
89,2966,left_eye,497.1,273.6,618.9,341.1,781.4,432.0,933.6,516.3,emotional_stability_high4_PHv6CzBIC5E.001.mp4,1280,720,30.0,459,emotional_stability,high
89,2966,right_eye,658.4,268.0,723.2,334.0,983.0,425.0,1064.0,507.5,emotional_stability_high4_PHv6CzBIC5E.001.mp4,1280,720,30.0,459,emotional_stability,high
89,2966,nose,611.6,309.9,689.9,421.4,924.5,477.4,1022.4,616.8,emotional_stability_high4_PHv6CzBIC5E.001.mp4,1280,720,30.0,459,emotional_stability,high
89,2966,mouth,569.5,440.8,675.4,502.8,871.9,641.0,1004.2,718.6,emotional_stability_high4_PHv6CzBIC5E.001.mp4,1280,720,30.0,459,emotional_stability,high
89,2966,forehead,417.3,207.9,718.6,475.4,681.7,349.9,1058.2,684.3,emotional_stability_high4_PHv6CzBIC5E.001.mp4,1280,720,30.0,459,emotional_stability,high
89,2966,chin,417.3,348.9,694.6,563.7,681.7,526.2,1028.3,794.7,emotional_stability_high4_PHv6CzBIC5E.001.mp4,1280,720,30.0,459,emotional_stability,high
89,2966,left_cheek,471.6,357.9,594.4,483.4,749.5,537.4,903.0,694.3,emotional_stability_high4_PHv6CzBIC5E.001.mp4,1280,720,30.0,459,emotional_stability,high
89,2966,right_cheek,675.0,346.4,724.0,464.9,1003.7,523.0,1065.0,671.2,emotional_stability_high4_PHv6CzBIC5E.001.mp4,1280,720,30.0,459,emotional_stability,high
90,3000,left_eye,496.9,271.7,619.0,340.5,781.1,429.6,933.8,515.7,emotional_stability_high4_PHv6CzBIC5E.001.mp4,1280,720,30.0,459,emotional_stability,high
90,3000,right_eye,658.9,267.2,724.1,333.7,983.7,424.0,1065.1,507.1,emotional_stability_high4_PHv6CzBIC5E.001.mp4,1280,720,30.0,459,emotional_stability,high
90,3000,nose,611.4,309.2,689.9,421.4,924.2,476.5,1022.4,616.8,emotional_stability_high4_PHv6CzBIC5E.001.mp4,1280,720,30.0,459,emotional_stability,high
90,3000,mouth,569.4,440.8,675.2,503.3,871.7,640.9,1004.0,719.1,emotional_stability_high4_PHv6CzBIC5E.001.mp4,1280,720,30.0,459,emotional_stability,high
90,3000,forehead,416.7,206.2,719.8,474.8,680.9,347.8,1059.7,683.5,emotional_stability_high4_PHv6CzBIC5E.001.mp4,1280,720,30.0,459,emotional_stability,high
90,3000,chin,416.7,348.7,694.9,563.7,680.9,525.9,1028.6,794.6,emotional_stability_high4_PHv6CzBIC5E.001.mp4,1280,720,30.0,459,emotional_stability,high
90,3000,left_cheek,471.2,357.1,594.3,483.3,749.0,536.4,902.8,694.2,emotional_stability_high4_PHv6CzBIC5E.001.mp4,1280,720,30.0,459,emotional_stability,high
90,3000,right_cheek,675.2,346.3,724.0,465.2,1004.0,522.9,1065.0,671.5,emotional_stability_high4_PHv6CzBIC5E.001.mp4,1280,720,30.0,459,emotional_stability,high
91,3033,left_eye,496.6,272.3,619.3,340.3,780.7,430.4,934.1,515.4,emotional_stability_high4_PHv6CzBIC5E.001.mp4,1280,720,30.0,459,emotional_stability,high
91,3033,right_eye,659.1,267.3,724.1,333.4,983.9,424.1,1065.1,506.7,emotional_stability_high4_PHv6CzBIC5E.001.mp4,1280,720,30.0,459,emotional_stability,high
91,3033,nose,611.3,309.2,690.0,421.5,924.2,476.5,1022.5,616.9,emotional_stability_high4_PHv6CzBIC5E.001.mp4,1280,720,30.0,459,emotional_stability,high
91,3033,mouth,569.3,440.6,675.3,503.5,871.6,640.7,1004.1,719.3,emotional_stability_high4_PHv6CzBIC5E.001.mp4,1280,720,30.0,459,emotional_stability,high
91,3033,forehead,414.5,206.3,719.8,474.3,678.1,347.9,1059.8,682.9,emotional_stability_high4_PHv6CzBIC5E.001.mp4,1280,720,30.0,459,emotional_stability,high
91,3033,chin,414.5,348.7,695.2,563.6,678.1,525.9,1029.0,794.5,emotional_stability_high4_PHv6CzBIC5E.001.mp4,1280,720,30.0,459,emotional_stability,high
91,3033,left_cheek,470.3,356.8,594.2,483.3,747.9,536.0,902.8,694.1,emotional_stability_high4_PHv6CzBIC5E.001.mp4,1280,720,30.0,459,emotional_stability,high
91,3033,right_cheek,675.3,346.3,724.1,465.2,1004.1,522.9,1065.1,671.5,emotional_stability_high4_PHv6CzBIC5E.001.mp4,1280,720,30.0,459,emotional_stability,high
92,3066,left_eye,496.6,272.8,619.8,340.2,780.7,431.0,934.7,515.3,emotional_stability_high4_PHv6CzBIC5E.001.mp4,1280,720,30.0,459,emotional_stability,high
92,3066,right_eye,659.1,267.3,724.1,333.1,983.8,424.1,1065.1,506.3,emotional_stability_high4_PHv6CzBIC5E.001.mp4,1280,720,30.0,459,emotional_stability,high
92,3066,nose,611.4,309.0,690.1,421.5,924.2,476.2,1022.7,616.9,emotional_stability_high4_PHv6CzBIC5E.001.mp4,1280,720,30.0,459,emotional_stability,high
92,3066,mouth,569.4,440.5,675.0,503.4,871.8,640.7,1003.7,719.2,emotional_stability_high4_PHv6CzBIC5E.001.mp4,1280,720,30.0,459,emotional_stability,high
92,3066,forehead,414.9,206.4,719.8,473.2,678.6,348.0,1059.8,681.5,emotional_stability_high4_PHv6CzBIC5E.001.mp4,1280,720,30.0,459,emotional_stability,high
92,3066,chin,414.9,348.4,695.2,563.3,678.6,525.5,1029.0,794.1,emotional_stability_high4_PHv6CzBIC5E.001.mp4,1280,720,30.0,459,emotional_stability,high
92,3066,left_cheek,470.5,356.6,594.3,482.9,748.1,535.8,902.8,693.7,emotional_stability_high4_PHv6CzBIC5E.001.mp4,1280,720,30.0,459,emotional_stability,high
92,3066,right_cheek,675.3,346.2,724.1,465.2,1004.1,522.7,1065.1,671.5,emotional_stability_high4_PHv6CzBIC5E.001.mp4,1280,720,30.0,459,emotional_stability,high
93,3100,left_eye,496.6,273.0,619.9,340.1,780.8,431.3,934.8,515.1,emotional_stability_high4_PHv6CzBIC5E.001.mp4,1280,720,30.0,459,emotional_stability,high
93,3100,right_eye,659.0,267.1,724.2,332.6,983.7,423.9,1065.2,505.7,emotional_stability_high4_PHv6CzBIC5E.001.mp4,1280,720,30.0,459,emotional_stability,high
93,3100,nose,611.3,308.8,690.2,421.5,924.2,476.0,1022.7,616.9,emotional_stability_high4_PHv6CzBIC5E.001.mp4,1280,720,30.0,459,emotional_stability,high
93,3100,mouth,569.3,440.0,675.1,504.4,871.7,640.1,1003.8,720.5,emotional_stability_high4_PHv6CzBIC5E.001.mp4,1280,720,30.0,459,emotional_stability,high
93,3100,forehead,415.3,206.4,720.0,473.2,679.1,348.0,1060.0,681.5,emotional_stability_high4_PHv6CzBIC5E.001.mp4,1280,720,30.0,459,emotional_stability,high
93,3100,chin,415.3,347.7,695.3,563.3,679.1,524.6,1029.1,794.1,emotional_stability_high4_PHv6CzBIC5E.001.mp4,1280,720,30.0,459,emotional_stability,high
93,3100,left_cheek,470.5,356.6,594.2,482.9,748.1,535.7,902.8,693.6,emotional_stability_high4_PHv6CzBIC5E.001.mp4,1280,720,30.0,459,emotional_stability,high
93,3100,right_cheek,675.3,345.7,724.2,465.1,1004.1,522.1,1065.2,671.4,emotional_stability_high4_PHv6CzBIC5E.001.mp4,1280,720,30.0,459,emotional_stability,high
94,3133,left_eye,496.7,273.2,620.1,340.1,780.9,431.5,935.2,515.1,emotional_stability_high4_PHv6CzBIC5E.001.mp4,1280,720,30.0,459,emotional_stability,high
94,3133,right_eye,659.2,266.9,724.7,332.2,983.9,423.6,1065.8,505.3,emotional_stability_high4_PHv6CzBIC5E.001.mp4,1280,720,30.0,459,emotional_stability,high
94,3133,nose,611.7,308.6,690.4,421.5,924.6,475.8,1023.0,616.9,emotional_stability_high4_PHv6CzBIC5E.001.mp4,1280,720,30.0,459,emotional_stability,high
94,3133,mouth,569.6,440.0,675.1,504.2,872.0,640.0,1003.9,720.2,emotional_stability_high4_PHv6CzBIC5E.001.mp4,1280,720,30.0,459,emotional_stability,high
94,3133,forehead,415.7,206.6,720.5,473.2,679.6,348.2,1060.6,681.5,emotional_stability_high4_PHv6CzBIC5E.001.mp4,1280,720,30.0,459,emotional_stability,high
94,3133,chin,415.7,347.2,695.7,563.2,679.6,524.0,1029.6,794.0,emotional_stability_high4_PHv6CzBIC5E.001.mp4,1280,720,30.0,459,emotional_stability,high
94,3133,left_cheek,470.6,356.6,594.5,482.9,748.3,535.8,903.2,693.6,emotional_stability_high4_PHv6CzBIC5E.001.mp4,1280,720,30.0,459,emotional_stability,high
94,3133,right_cheek,675.5,345.1,724.4,464.7,1004.4,521.4,1065.5,670.9,emotional_stability_high4_PHv6CzBIC5E.001.mp4,1280,720,30.0,459,emotional_stability,high
95,3166,left_eye,496.8,273.4,620.5,340.1,781.0,431.7,935.6,515.1,emotional_stability_high4_PHv6CzBIC5E.001.mp4,1280,720,30.0,459,emotional_stability,high
95,3166,right_eye,659.2,266.8,724.9,332.2,984.0,423.5,1066.2,505.2,emotional_stability_high4_PHv6CzBIC5E.001.mp4,1280,720,30.0,459,emotional_stability,high
95,3166,nose,611.6,308.5,690.5,421.5,924.6,475.7,1023.1,616.9,emotional_stability_high4_PHv6CzBIC5E.001.mp4,1280,720,30.0,459,emotional_stability,high
95,3166,mouth,569.7,440.0,675.1,504.6,872.1,640.0,1003.8,720.7,emotional_stability_high4_PHv6CzBIC5E.001.mp4,1280,720,30.0,459,emotional_stability,high
95,3166,forehead,415.5,206.5,720.8,473.2,679.4,348.2,1061.0,681.6,emotional_stability_high4_PHv6CzBIC5E.001.mp4,1280,720,30.0,459,emotional_stability,high
95,3166,chin,415.5,347.2,695.8,563.2,679.4,524.0,1029.7,794.0,emotional_stability_high4_PHv6CzBIC5E.001.mp4,1280,720,30.0,459,emotional_stability,high
95,3166,left_cheek,470.7,356.6,594.5,482.9,748.4,535.8,903.2,693.6,emotional_stability_high4_PHv6CzBIC5E.001.mp4,1280,720,30.0,459,emotional_stability,high
95,3166,right_cheek,675.6,345.1,724.4,464.7,1004.5,521.4,1065.6,670.9,emotional_stability_high4_PHv6CzBIC5E.001.mp4,1280,720,30.0,459,emotional_stability,high
96,3200,left_eye,496.8,274.8,620.5,340.1,781.0,433.5,935.7,515.2,emotional_stability_high4_PHv6CzBIC5E.001.mp4,1280,720,30.0,459,emotional_stability,high
96,3200,right_eye,659.0,267.0,724.9,332.2,983.8,423.8,1066.2,505.2,emotional_stability_high4_PHv6CzBIC5E.001.mp4,1280,720,30.0,459,emotional_stability,high
96,3200,nose,611.9,308.6,690.5,421.5,924.8,475.7,1023.1,616.9,emotional_stability_high4_PHv6CzBIC5E.001.mp4,1280,720,30.0,459,emotional_stability,high
96,3200,mouth,569.8,440.0,675.0,504.5,872.3,640.0,1003.7,720.7,emotional_stability_high4_PHv6CzBIC5E.001.mp4,1280,720,30.0,459,emotional_stability,high
96,3200,forehead,414.9,206.6,720.8,474.2,678.7,348.2,1061.0,682.8,emotional_stability_high4_PHv6CzBIC5E.001.mp4,1280,720,30.0,459,emotional_stability,high
96,3200,chin,414.9,347.2,695.8,563.0,678.7,524.0,1029.8,793.7,emotional_stability_high4_PHv6CzBIC5E.001.mp4,1280,720,30.0,459,emotional_stability,high
96,3200,left_cheek,470.8,356.8,594.7,483.0,748.5,536.0,903.4,693.8,emotional_stability_high4_PHv6CzBIC5E.001.mp4,1280,720,30.0,459,emotional_stability,high
96,3200,right_cheek,675.6,345.1,724.5,464.7,1004.5,521.4,1065.6,670.9,emotional_stability_high4_PHv6CzBIC5E.001.mp4,1280,720,30.0,459,emotional_stability,high
97,3233,left_eye,496.8,276.6,620.6,340.2,781.0,435.7,935.7,515.2,emotional_stability_high4_PHv6CzBIC5E.001.mp4,1280,720,30.0,459,emotional_stability,high
97,3233,right_eye,658.8,267.8,724.9,332.2,983.5,424.7,1066.2,505.3,emotional_stability_high4_PHv6CzBIC5E.001.mp4,1280,720,30.0,459,emotional_stability,high
97,3233,nose,611.9,308.6,690.4,421.4,924.8,475.7,1023.0,616.7,emotional_stability_high4_PHv6CzBIC5E.001.mp4,1280,720,30.0,459,emotional_stability,high
97,3233,mouth,569.9,440.0,675.0,504.4,872.4,640.0,1003.7,720.6,emotional_stability_high4_PHv6CzBIC5E.001.mp4,1280,720,30.0,459,emotional_stability,high
97,3233,forehead,413.6,206.9,720.8,474.8,677.0,348.6,1061.0,683.4,emotional_stability_high4_PHv6CzBIC5E.001.mp4,1280,720,30.0,459,emotional_stability,high
97,3233,chin,413.6,347.8,695.9,563.2,677.0,524.7,1029.8,794.0,emotional_stability_high4_PHv6CzBIC5E.001.mp4,1280,720,30.0,459,emotional_stability,high
97,3233,left_cheek,470.5,356.9,594.7,483.0,748.1,536.1,903.3,693.8,emotional_stability_high4_PHv6CzBIC5E.001.mp4,1280,720,30.0,459,emotional_stability,high
97,3233,right_cheek,675.6,345.3,724.5,464.8,1004.5,521.6,1065.7,671.1,emotional_stability_high4_PHv6CzBIC5E.001.mp4,1280,720,30.0,459,emotional_stability,high
98,3266,left_eye,496.8,273.4,621.1,338.7,781.0,431.8,936.4,513.4,emotional_stability_high4_PHv6CzBIC5E.001.mp4,1280,720,30.0,459,emotional_stability,high
98,3266,right_eye,659.1,266.2,725.9,331.5,983.9,422.7,1067.3,504.4,emotional_stability_high4_PHv6CzBIC5E.001.mp4,1280,720,30.0,459,emotional_stability,high
98,3266,nose,612.5,306.8,691.7,420.2,925.7,473.5,1024.6,615.3,emotional_stability_high4_PHv6CzBIC5E.001.mp4,1280,720,30.0,459,emotional_stability,high
98,3266,mouth,570.3,439.9,676.2,502.6,872.9,639.9,1005.2,718.3,emotional_stability_high4_PHv6CzBIC5E.001.mp4,1280,720,30.0,459,emotional_stability,high
98,3266,forehead,413.5,205.1,721.3,474.4,676.9,346.4,1061.6,682.9,emotional_stability_high4_PHv6CzBIC5E.001.mp4,1280,720,30.0,459,emotional_stability,high
98,3266,chin,413.5,347.5,695.6,562.7,676.9,524.3,1029.5,793.4,emotional_stability_high4_PHv6CzBIC5E.001.mp4,1280,720,30.0,459,emotional_stability,high
98,3266,left_cheek,470.6,355.6,594.9,482.5,748.2,534.4,903.6,693.1,emotional_stability_high4_PHv6CzBIC5E.001.mp4,1280,720,30.0,459,emotional_stability,high
98,3266,right_cheek,676.5,344.7,725.1,464.4,1005.6,520.9,1066.4,670.5,emotional_stability_high4_PHv6CzBIC5E.001.mp4,1280,720,30.0,459,emotional_stability,high
99,3300,left_eye,496.8,272.9,621.5,338.1,781.0,431.1,936.9,512.7,emotional_stability_high4_PHv6CzBIC5E.001.mp4,1280,720,30.0,459,emotional_stability,high
99,3300,right_eye,659.6,266.1,725.9,330.9,984.5,422.6,1067.3,503.6,emotional_stability_high4_PHv6CzBIC5E.001.mp4,1280,720,30.0,459,emotional_stability,high
99,3300,nose,612.9,306.7,692.1,420.2,926.1,473.4,1025.2,615.3,emotional_stability_high4_PHv6CzBIC5E.001.mp4,1280,720,30.0,459,emotional_stability,high
99,3300,mouth,570.6,439.8,676.4,502.6,873.3,639.8,1005.5,718.3,emotional_stability_high4_PHv6CzBIC5E.001.mp4,1280,720,30.0,459,emotional_stability,high
99,3300,forehead,412.7,204.9,721.3,473.9,675.8,346.2,1061.6,682.4,emotional_stability_high4_PHv6CzBIC5E.001.mp4,1280,720,30.0,459,emotional_stability,high
99,3300,chin,412.7,347.5,696.1,562.4,675.8,524.3,1030.1,793.0,emotional_stability_high4_PHv6CzBIC5E.001.mp4,1280,720,30.0,459,emotional_stability,high
99,3300,left_cheek,470.5,355.2,595.1,482.0,748.1,534.0,903.9,692.5,emotional_stability_high4_PHv6CzBIC5E.001.mp4,1280,720,30.0,459,emotional_stability,high
99,3300,right_cheek,676.9,344.7,725.7,464.4,1006.1,520.8,1067.2,670.5,emotional_stability_high4_PHv6CzBIC5E.001.mp4,1280,720,30.0,459,emotional_stability,high
100,3333,left_eye,496.8,274.5,621.7,338.5,781.0,433.1,937.1,513.2,emotional_stability_high4_PHv6CzBIC5E.001.mp4,1280,720,30.0,459,emotional_stability,high
100,3333,right_eye,659.6,266.7,725.8,331.1,984.5,423.4,1067.3,503.9,emotional_stability_high4_PHv6CzBIC5E.001.mp4,1280,720,30.0,459,emotional_stability,high
100,3333,nose,613.1,307.1,692.1,420.6,926.4,473.9,1025.2,615.7,emotional_stability_high4_PHv6CzBIC5E.001.mp4,1280,720,30.0,459,emotional_stability,high
100,3333,mouth,570.8,440.8,676.3,502.7,873.5,641.1,1005.3,718.3,emotional_stability_high4_PHv6CzBIC5E.001.mp4,1280,720,30.0,459,emotional_stability,high
100,3333,forehead,411.7,205.7,720.9,474.7,674.6,347.2,1061.2,683.3,emotional_stability_high4_PHv6CzBIC5E.001.mp4,1280,720,30.0,459,emotional_stability,high
100,3333,chin,411.7,348.4,695.8,562.4,674.6,525.5,1029.7,793.0,emotional_stability_high4_PHv6CzBIC5E.001.mp4,1280,720,30.0,459,emotional_stability,high
100,3333,left_cheek,470.0,356.2,595.1,482.6,747.5,535.2,903.9,693.2,emotional_stability_high4_PHv6CzBIC5E.001.mp4,1280,720,30.0,459,emotional_stability,high
100,3333,right_cheek,676.8,345.3,725.7,464.8,1006.1,521.6,1067.1,671.0,emotional_stability_high4_PHv6CzBIC5E.001.mp4,1280,720,30.0,459,emotional_stability,high
101,3366,left_eye,496.8,275.2,621.9,338.5,781.0,434.0,937.4,513.2,emotional_stability_high4_PHv6CzBIC5E.001.mp4,1280,720,30.0,459,emotional_stability,high
101,3366,right_eye,659.7,267.8,726.7,331.1,984.7,424.7,1068.4,503.9,emotional_stability_high4_PHv6CzBIC5E.001.mp4,1280,720,30.0,459,emotional_stability,high
101,3366,nose,613.1,307.2,692.2,420.7,926.4,474.0,1025.3,615.9,emotional_stability_high4_PHv6CzBIC5E.001.mp4,1280,720,30.0,459,emotional_stability,high
101,3366,mouth,571.2,441.2,676.3,502.4,874.0,641.5,1005.3,718.0,emotional_stability_high4_PHv6CzBIC5E.001.mp4,1280,720,30.0,459,emotional_stability,high
101,3366,forehead,411.3,205.7,721.6,474.5,674.1,347.2,1062.0,683.2,emotional_stability_high4_PHv6CzBIC5E.001.mp4,1280,720,30.0,459,emotional_stability,high
101,3366,chin,411.3,348.5,695.6,562.3,674.1,525.7,1029.5,792.9,emotional_stability_high4_PHv6CzBIC5E.001.mp4,1280,720,30.0,459,emotional_stability,high
101,3366,left_cheek,469.8,356.2,595.1,482.6,747.2,535.3,903.9,693.2,emotional_stability_high4_PHv6CzBIC5E.001.mp4,1280,720,30.0,459,emotional_stability,high
101,3366,right_cheek,677.0,345.4,725.8,464.8,1006.2,521.8,1067.2,671.0,emotional_stability_high4_PHv6CzBIC5E.001.mp4,1280,720,30.0,459,emotional_stability,high
102,3400,left_eye,496.8,275.6,622.2,338.6,781.0,434.5,937.8,513.3,emotional_stability_high4_PHv6CzBIC5E.001.mp4,1280,720,30.0,459,emotional_stability,high
102,3400,right_eye,659.9,267.9,726.8,331.2,984.9,424.9,1068.5,503.9,emotional_stability_high4_PHv6CzBIC5E.001.mp4,1280,720,30.0,459,emotional_stability,high
102,3400,nose,613.3,307.3,692.4,420.8,926.6,474.1,1025.5,616.1,emotional_stability_high4_PHv6CzBIC5E.001.mp4,1280,720,30.0,459,emotional_stability,high
102,3400,mouth,571.4,441.4,676.3,502.3,874.2,641.8,1005.3,717.9,emotional_stability_high4_PHv6CzBIC5E.001.mp4,1280,720,30.0,459,emotional_stability,high
102,3400,forehead,411.0,206.0,721.6,474.7,673.8,347.5,1062.0,683.3,emotional_stability_high4_PHv6CzBIC5E.001.mp4,1280,720,30.0,459,emotional_stability,high
102,3400,chin,411.0,348.7,695.5,562.2,673.8,525.9,1029.4,792.8,emotional_stability_high4_PHv6CzBIC5E.001.mp4,1280,720,30.0,459,emotional_stability,high
102,3400,left_cheek,469.7,356.5,595.3,482.7,747.1,535.6,904.1,693.4,emotional_stability_high4_PHv6CzBIC5E.001.mp4,1280,720,30.0,459,emotional_stability,high
102,3400,right_cheek,677.1,345.6,725.9,464.8,1006.4,521.9,1067.3,671.0,emotional_stability_high4_PHv6CzBIC5E.001.mp4,1280,720,30.0,459,emotional_stability,high
103,3433,left_eye,497.0,277.0,622.6,339.0,781.2,436.3,938.2,513.8,emotional_stability_high4_PHv6CzBIC5E.001.mp4,1280,720,30.0,459,emotional_stability,high
103,3433,right_eye,660.2,268.6,727.1,331.2,985.3,425.7,1068.8,504.0,emotional_stability_high4_PHv6CzBIC5E.001.mp4,1280,720,30.0,459,emotional_stability,high
103,3433,nose,613.5,307.7,692.5,420.9,926.8,474.6,1025.6,616.1,emotional_stability_high4_PHv6CzBIC5E.001.mp4,1280,720,30.0,459,emotional_stability,high
103,3433,mouth,571.5,441.5,676.3,502.2,874.4,641.9,1005.4,717.8,emotional_stability_high4_PHv6CzBIC5E.001.mp4,1280,720,30.0,459,emotional_stability,high
103,3433,forehead,411.3,206.6,721.8,474.7,674.1,348.3,1062.2,683.4,emotional_stability_high4_PHv6CzBIC5E.001.mp4,1280,720,30.0,459,emotional_stability,high
103,3433,chin,411.3,348.7,695.5,562.2,674.1,525.9,1029.4,792.8,emotional_stability_high4_PHv6CzBIC5E.001.mp4,1280,720,30.0,459,emotional_stability,high
103,3433,left_cheek,469.7,356.9,595.4,482.8,747.2,536.2,904.3,693.5,emotional_stability_high4_PHv6CzBIC5E.001.mp4,1280,720,30.0,459,emotional_stability,high
103,3433,right_cheek,677.3,345.6,726.0,464.8,1006.6,521.9,1067.5,670.9,emotional_stability_high4_PHv6CzBIC5E.001.mp4,1280,720,30.0,459,emotional_stability,high
104,3466,left_eye,498.0,277.0,622.9,339.1,782.5,436.2,938.7,513.9,emotional_stability_high4_PHv6CzBIC5E.001.mp4,1280,720,30.0,459,emotional_stability,high
104,3466,right_eye,660.4,268.7,727.3,331.3,985.5,425.8,1069.2,504.1,emotional_stability_high4_PHv6CzBIC5E.001.mp4,1280,720,30.0,459,emotional_stability,high
104,3466,nose,613.5,307.7,692.4,420.9,926.9,474.7,1025.5,616.1,emotional_stability_high4_PHv6CzBIC5E.001.mp4,1280,720,30.0,459,emotional_stability,high
104,3466,mouth,571.5,441.5,676.2,502.6,874.4,641.9,1005.3,718.3,emotional_stability_high4_PHv6CzBIC5E.001.mp4,1280,720,30.0,459,emotional_stability,high
104,3466,forehead,413.2,206.7,722.2,474.8,676.5,348.4,1062.7,683.5,emotional_stability_high4_PHv6CzBIC5E.001.mp4,1280,720,30.0,459,emotional_stability,high
104,3466,chin,413.2,348.8,695.6,562.5,676.5,526.0,1029.5,793.2,emotional_stability_high4_PHv6CzBIC5E.001.mp4,1280,720,30.0,459,emotional_stability,high
104,3466,left_cheek,470.7,356.9,595.6,482.8,748.4,536.2,904.5,693.6,emotional_stability_high4_PHv6CzBIC5E.001.mp4,1280,720,30.0,459,emotional_stability,high
104,3466,right_cheek,677.3,345.6,726.0,464.8,1006.6,522.1,1067.5,671.0,emotional_stability_high4_PHv6CzBIC5E.001.mp4,1280,720,30.0,459,emotional_stability,high
105,3500,left_eye,498.2,276.2,623.4,338.7,782.7,435.2,939.2,513.4,emotional_stability_high4_PHv6CzBIC5E.001.mp4,1280,720,30.0,459,emotional_stability,high
105,3500,right_eye,660.8,268.6,727.5,331.3,986.0,425.8,1069.4,504.1,emotional_stability_high4_PHv6CzBIC5E.001.mp4,1280,720,30.0,459,emotional_stability,high
105,3500,nose,613.6,307.8,692.7,421.1,927.0,474.7,1025.8,616.3,emotional_stability_high4_PHv6CzBIC5E.001.mp4,1280,720,30.0,459,emotional_stability,high
105,3500,mouth,571.5,441.6,676.3,503.1,874.4,641.9,1005.3,718.9,emotional_stability_high4_PHv6CzBIC5E.001.mp4,1280,720,30.0,459,emotional_stability,high
105,3500,forehead,413.1,206.6,722.3,475.3,676.4,348.3,1062.9,684.1,emotional_stability_high4_PHv6CzBIC5E.001.mp4,1280,720,30.0,459,emotional_stability,high
105,3500,chin,413.1,348.9,695.4,563.1,676.4,526.2,1029.3,793.8,emotional_stability_high4_PHv6CzBIC5E.001.mp4,1280,720,30.0,459,emotional_stability,high
105,3500,left_cheek,470.7,356.8,595.8,483.1,748.4,536.0,904.7,693.8,emotional_stability_high4_PHv6CzBIC5E.001.mp4,1280,720,30.0,459,emotional_stability,high
105,3500,right_cheek,677.5,345.8,726.0,465.1,1006.8,522.2,1067.5,671.3,emotional_stability_high4_PHv6CzBIC5E.001.mp4,1280,720,30.0,459,emotional_stability,high
106,3533,left_eye,498.6,276.1,623.5,338.7,783.3,435.1,939.4,513.4,emotional_stability_high4_PHv6CzBIC5E.001.mp4,1280,720,30.0,459,emotional_stability,high
106,3533,right_eye,661.0,268.6,727.7,331.3,986.2,425.8,1069.6,504.2,emotional_stability_high4_PHv6CzBIC5E.001.mp4,1280,720,30.0,459,emotional_stability,high
106,3533,nose,613.6,307.8,692.8,421.2,927.0,474.7,1026.0,616.6,emotional_stability_high4_PHv6CzBIC5E.001.mp4,1280,720,30.0,459,emotional_stability,high
106,3533,mouth,571.8,441.7,676.5,503.0,874.7,642.1,1005.7,718.8,emotional_stability_high4_PHv6CzBIC5E.001.mp4,1280,720,30.0,459,emotional_stability,high
106,3533,forehead,414.2,206.7,722.6,474.9,677.8,348.3,1063.2,683.6,emotional_stability_high4_PHv6CzBIC5E.001.mp4,1280,720,30.0,459,emotional_stability,high
106,3533,chin,414.2,348.9,696.4,562.9,677.8,526.1,1030.5,793.6,emotional_stability_high4_PHv6CzBIC5E.001.mp4,1280,720,30.0,459,emotional_stability,high
106,3533,left_cheek,471.3,356.8,595.9,483.0,749.1,536.0,904.9,693.8,emotional_stability_high4_PHv6CzBIC5E.001.mp4,1280,720,30.0,459,emotional_stability,high
106,3533,right_cheek,677.7,345.8,726.3,465.1,1007.1,522.2,1067.8,671.3,emotional_stability_high4_PHv6CzBIC5E.001.mp4,1280,720,30.0,459,emotional_stability,high
107,3566,left_eye,498.5,275.7,623.5,338.4,783.1,434.6,939.3,513.0,emotional_stability_high4_PHv6CzBIC5E.001.mp4,1280,720,30.0,459,emotional_stability,high
107,3566,right_eye,661.0,268.6,727.7,331.4,986.3,425.7,1069.6,504.2,emotional_stability_high4_PHv6CzBIC5E.001.mp4,1280,720,30.0,459,emotional_stability,high
107,3566,nose,613.6,307.8,692.8,421.3,927.0,474.8,1026.0,616.6,emotional_stability_high4_PHv6CzBIC5E.001.mp4,1280,720,30.0,459,emotional_stability,high
107,3566,mouth,571.6,441.7,676.5,503.6,874.5,642.1,1005.6,719.6,emotional_stability_high4_PHv6CzBIC5E.001.mp4,1280,720,30.0,459,emotional_stability,high
107,3566,forehead,412.6,206.6,722.5,476.9,675.8,348.3,1063.2,686.1,emotional_stability_high4_PHv6CzBIC5E.001.mp4,1280,720,30.0,459,emotional_stability,high
107,3566,chin,412.6,349.7,696.3,563.9,675.8,527.1,1030.4,794.9,emotional_stability_high4_PHv6CzBIC5E.001.mp4,1280,720,30.0,459,emotional_stability,high
107,3566,left_cheek,470.7,356.8,595.9,483.9,748.4,536.0,904.9,694.8,emotional_stability_high4_PHv6CzBIC5E.001.mp4,1280,720,30.0,459,emotional_stability,high
107,3566,right_cheek,677.7,346.2,726.3,465.8,1007.1,522.8,1067.9,672.2,emotional_stability_high4_PHv6CzBIC5E.001.mp4,1280,720,30.0,459,emotional_stability,high
108,3600,left_eye,498.9,276.8,623.2,338.7,783.6,436.1,939.0,513.4,emotional_stability_high4_PHv6CzBIC5E.001.mp4,1280,720,30.0,459,emotional_stability,high
108,3600,right_eye,661.0,268.8,727.6,331.6,986.3,426.0,1069.5,504.5,emotional_stability_high4_PHv6CzBIC5E.001.mp4,1280,720,30.0,459,emotional_stability,high
108,3600,nose,613.6,308.4,692.7,421.4,927.0,475.5,1025.9,616.7,emotional_stability_high4_PHv6CzBIC5E.001.mp4,1280,720,30.0,459,emotional_stability,high
108,3600,mouth,571.8,441.8,676.7,503.4,874.8,642.2,1005.9,719.3,emotional_stability_high4_PHv6CzBIC5E.001.mp4,1280,720,30.0,459,emotional_stability,high
108,3600,forehead,416.9,207.6,722.5,476.3,681.1,349.4,1063.1,685.4,emotional_stability_high4_PHv6CzBIC5E.001.mp4,1280,720,30.0,459,emotional_stability,high
108,3600,chin,416.9,349.1,697.1,563.2,681.1,526.4,1031.4,794.0,emotional_stability_high4_PHv6CzBIC5E.001.mp4,1280,720,30.0,459,emotional_stability,high
108,3600,left_cheek,472.8,357.1,596.0,483.7,750.9,536.3,905.0,694.7,emotional_stability_high4_PHv6CzBIC5E.001.mp4,1280,720,30.0,459,emotional_stability,high
108,3600,right_cheek,677.7,346.1,726.3,465.3,1007.1,522.6,1067.9,671.6,emotional_stability_high4_PHv6CzBIC5E.001.mp4,1280,720,30.0,459,emotional_stability,high
109,3633,left_eye,498.3,276.9,620.7,339.1,782.8,436.1,935.9,513.8,emotional_stability_high4_PHv6CzBIC5E.001.mp4,1280,720,30.0,459,emotional_stability,high
109,3633,right_eye,660.8,268.6,727.0,331.8,986.0,425.8,1068.8,504.7,emotional_stability_high4_PHv6CzBIC5E.001.mp4,1280,720,30.0,459,emotional_stability,high
109,3633,nose,612.7,308.8,691.9,420.4,925.9,476.0,1024.8,615.5,emotional_stability_high4_PHv6CzBIC5E.001.mp4,1280,720,30.0,459,emotional_stability,high
109,3633,mouth,571.9,440.8,677.0,500.9,874.9,641.1,1006.2,716.1,emotional_stability_high4_PHv6CzBIC5E.001.mp4,1280,720,30.0,459,emotional_stability,high
109,3633,forehead,417.5,208.7,721.8,476.3,681.9,350.9,1062.2,685.4,emotional_stability_high4_PHv6CzBIC5E.001.mp4,1280,720,30.0,459,emotional_stability,high
109,3633,chin,417.5,349.1,697.1,562.8,681.9,526.4,1031.3,793.5,emotional_stability_high4_PHv6CzBIC5E.001.mp4,1280,720,30.0,459,emotional_stability,high
109,3633,left_cheek,472.9,357.1,595.6,483.1,751.1,536.4,904.5,693.9,emotional_stability_high4_PHv6CzBIC5E.001.mp4,1280,720,30.0,459,emotional_stability,high
109,3633,right_cheek,677.4,346.0,726.3,464.2,1006.8,522.5,1067.9,670.2,emotional_stability_high4_PHv6CzBIC5E.001.mp4,1280,720,30.0,459,emotional_stability,high
110,3666,left_eye,498.4,276.4,620.6,339.5,783.0,435.5,935.8,514.4,emotional_stability_high4_PHv6CzBIC5E.001.mp4,1280,720,30.0,459,emotional_stability,high
110,3666,right_eye,659.9,268.7,726.3,334.6,984.9,425.9,1067.9,508.3,emotional_stability_high4_PHv6CzBIC5E.001.mp4,1280,720,30.0,459,emotional_stability,high
110,3666,nose,612.6,309.5,691.3,420.1,925.7,476.9,1024.2,615.1,emotional_stability_high4_PHv6CzBIC5E.001.mp4,1280,720,30.0,459,emotional_stability,high
110,3666,mouth,572.0,440.4,677.0,500.7,875.0,640.5,1006.3,715.9,emotional_stability_high4_PHv6CzBIC5E.001.mp4,1280,720,30.0,459,emotional_stability,high
110,3666,forehead,419.0,209.5,721.2,474.6,683.7,351.9,1061.5,683.3,emotional_stability_high4_PHv6CzBIC5E.001.mp4,1280,720,30.0,459,emotional_stability,high
110,3666,chin,419.0,350.3,695.9,562.4,683.7,527.9,1029.9,793.0,emotional_stability_high4_PHv6CzBIC5E.001.mp4,1280,720,30.0,459,emotional_stability,high
110,3666,left_cheek,473.8,357.0,595.5,481.7,752.2,536.2,904.4,692.1,emotional_stability_high4_PHv6CzBIC5E.001.mp4,1280,720,30.0,459,emotional_stability,high
110,3666,right_cheek,677.1,347.1,725.8,464.2,1006.4,523.9,1067.2,670.2,emotional_stability_high4_PHv6CzBIC5E.001.mp4,1280,720,30.0,459,emotional_stability,high
111,3700,left_eye,497.6,276.3,620.6,340.6,782.0,435.3,935.7,515.8,emotional_stability_high4_PHv6CzBIC5E.001.mp4,1280,720,30.0,459,emotional_stability,high
111,3700,right_eye,659.8,269.0,725.6,336.0,984.8,426.3,1067.0,509.9,emotional_stability_high4_PHv6CzBIC5E.001.mp4,1280,720,30.0,459,emotional_stability,high
111,3700,nose,612.8,310.2,691.7,419.8,926.0,477.7,1024.7,614.8,emotional_stability_high4_PHv6CzBIC5E.001.mp4,1280,720,30.0,459,emotional_stability,high
111,3700,mouth,571.8,440.0,677.1,499.4,874.8,640.0,1006.4,714.2,emotional_stability_high4_PHv6CzBIC5E.001.mp4,1280,720,30.0,459,emotional_stability,high
111,3700,forehead,414.0,210.7,719.5,474.6,677.5,353.4,1059.3,683.3,emotional_stability_high4_PHv6CzBIC5E.001.mp4,1280,720,30.0,459,emotional_stability,high
111,3700,chin,414.0,352.5,692.8,562.3,677.5,530.7,1026.0,792.8,emotional_stability_high4_PHv6CzBIC5E.001.mp4,1280,720,30.0,459,emotional_stability,high
111,3700,left_cheek,472.5,357.1,595.5,481.6,750.6,536.3,904.4,692.0,emotional_stability_high4_PHv6CzBIC5E.001.mp4,1280,720,30.0,459,emotional_stability,high
111,3700,right_cheek,677.1,348.6,725.4,464.4,1006.4,525.7,1066.8,670.4,emotional_stability_high4_PHv6CzBIC5E.001.mp4,1280,720,30.0,459,emotional_stability,high
112,3733,left_eye,497.1,276.0,620.6,341.1,781.4,435.0,935.8,516.4,emotional_stability_high4_PHv6CzBIC5E.001.mp4,1280,720,30.0,459,emotional_stability,high
112,3733,right_eye,659.8,268.0,725.6,335.9,984.8,425.0,1067.0,509.8,emotional_stability_high4_PHv6CzBIC5E.001.mp4,1280,720,30.0,459,emotional_stability,high
112,3733,nose,612.7,310.3,692.0,419.9,925.9,477.8,1024.9,614.8,emotional_stability_high4_PHv6CzBIC5E.001.mp4,1280,720,30.0,459,emotional_stability,high
112,3733,mouth,572.5,439.7,677.5,497.9,875.6,639.7,1006.9,712.4,emotional_stability_high4_PHv6CzBIC5E.001.mp4,1280,720,30.0,459,emotional_stability,high
112,3733,forehead,413.4,210.6,719.6,472.0,676.7,353.2,1059.4,679.9,emotional_stability_high4_PHv6CzBIC5E.001.mp4,1280,720,30.0,459,emotional_stability,high
112,3733,chin,413.4,350.8,692.2,561.0,676.7,528.4,1025.2,791.2,emotional_stability_high4_PHv6CzBIC5E.001.mp4,1280,720,30.0,459,emotional_stability,high
112,3733,left_cheek,472.1,357.0,595.4,480.4,750.1,536.3,904.3,690.6,emotional_stability_high4_PHv6CzBIC5E.001.mp4,1280,720,30.0,459,emotional_stability,high
112,3733,right_cheek,677.2,348.0,725.2,463.4,1006.5,525.0,1066.4,669.2,emotional_stability_high4_PHv6CzBIC5E.001.mp4,1280,720,30.0,459,emotional_stability,high
113,3766,left_eye,496.8,276.8,620.5,341.5,781.1,436.1,935.6,516.8,emotional_stability_high4_PHv6CzBIC5E.001.mp4,1280,720,30.0,459,emotional_stability,high
113,3766,right_eye,659.8,268.0,725.8,335.8,984.8,425.0,1067.2,509.8,emotional_stability_high4_PHv6CzBIC5E.001.mp4,1280,720,30.0,459,emotional_stability,high
113,3766,nose,612.1,310.7,691.6,419.8,925.2,478.3,1024.5,614.8,emotional_stability_high4_PHv6CzBIC5E.001.mp4,1280,720,30.0,459,emotional_stability,high
113,3766,mouth,572.5,439.5,677.4,498.1,875.6,639.3,1006.8,712.7,emotional_stability_high4_PHv6CzBIC5E.001.mp4,1280,720,30.0,459,emotional_stability,high
113,3766,forehead,414.0,210.9,719.9,472.0,677.6,353.7,1059.9,680.0,emotional_stability_high4_PHv6CzBIC5E.001.mp4,1280,720,30.0,459,emotional_stability,high
113,3766,chin,414.0,350.3,692.3,560.9,677.6,527.8,1025.3,791.1,emotional_stability_high4_PHv6CzBIC5E.001.mp4,1280,720,30.0,459,emotional_stability,high
113,3766,left_cheek,472.1,357.0,595.2,480.3,750.1,536.3,903.9,690.3,emotional_stability_high4_PHv6CzBIC5E.001.mp4,1280,720,30.0,459,emotional_stability,high
113,3766,right_cheek,677.1,347.8,725.1,463.0,1006.3,524.7,1066.4,668.8,emotional_stability_high4_PHv6CzBIC5E.001.mp4,1280,720,30.0,459,emotional_stability,high
114,3800,left_eye,496.9,275.0,620.7,341.5,781.1,433.7,935.9,516.8,emotional_stability_high4_PHv6CzBIC5E.001.mp4,1280,720,30.0,459,emotional_stability,high
114,3800,right_eye,659.8,268.3,725.6,336.6,984.8,425.4,1067.0,510.8,emotional_stability_high4_PHv6CzBIC5E.001.mp4,1280,720,30.0,459,emotional_stability,high
114,3800,nose,612.4,310.7,692.0,419.9,925.5,478.4,1024.9,614.8,emotional_stability_high4_PHv6CzBIC5E.001.mp4,1280,720,30.0,459,emotional_stability,high
114,3800,mouth,572.3,439.4,677.4,499.0,875.3,639.2,1006.7,713.8,emotional_stability_high4_PHv6CzBIC5E.001.mp4,1280,720,30.0,459,emotional_stability,high
114,3800,forehead,413.7,210.8,719.9,472.1,677.1,353.5,1059.9,680.1,emotional_stability_high4_PHv6CzBIC5E.001.mp4,1280,720,30.0,459,emotional_stability,high
114,3800,chin,413.7,352.2,691.6,560.9,677.1,530.3,1024.5,791.1,emotional_stability_high4_PHv6CzBIC5E.001.mp4,1280,720,30.0,459,emotional_stability,high
114,3800,left_cheek,471.8,357.0,595.2,480.2,749.8,536.2,904.0,690.3,emotional_stability_high4_PHv6CzBIC5E.001.mp4,1280,720,30.0,459,emotional_stability,high
114,3800,right_cheek,677.1,349.1,724.8,464.0,1006.4,526.4,1065.9,670.0,emotional_stability_high4_PHv6CzBIC5E.001.mp4,1280,720,30.0,459,emotional_stability,high
115,3833,left_eye,496.3,275.3,620.8,342.1,780.4,434.2,936.0,517.6,emotional_stability_high4_PHv6CzBIC5E.001.mp4,1280,720,30.0,459,emotional_stability,high
115,3833,right_eye,660.0,268.6,725.7,337.0,985.0,425.7,1067.1,511.2,emotional_stability_high4_PHv6CzBIC5E.001.mp4,1280,720,30.0,459,emotional_stability,high
115,3833,nose,612.4,311.2,692.6,420.2,925.5,479.0,1025.8,615.2,emotional_stability_high4_PHv6CzBIC5E.001.mp4,1280,720,30.0,459,emotional_stability,high
115,3833,mouth,572.8,439.4,677.9,498.3,876.0,639.3,1007.4,712.9,emotional_stability_high4_PHv6CzBIC5E.001.mp4,1280,720,30.0,459,emotional_stability,high
115,3833,forehead,411.4,210.9,720.0,472.0,674.2,353.7,1060.0,680.1,emotional_stability_high4_PHv6CzBIC5E.001.mp4,1280,720,30.0,459,emotional_stability,high
115,3833,chin,411.4,352.1,691.6,560.9,674.2,530.1,1024.5,791.2,emotional_stability_high4_PHv6CzBIC5E.001.mp4,1280,720,30.0,459,emotional_stability,high
115,3833,left_cheek,470.8,357.3,595.2,480.3,748.5,536.6,903.9,690.4,emotional_stability_high4_PHv6CzBIC5E.001.mp4,1280,720,30.0,459,emotional_stability,high
115,3833,right_cheek,677.5,349.1,724.8,464.0,1006.9,526.3,1066.1,670.0,emotional_stability_high4_PHv6CzBIC5E.001.mp4,1280,720,30.0,459,emotional_stability,high
116,3866,left_eye,496.9,276.4,621.7,342.5,781.1,435.4,937.1,518.1,emotional_stability_high4_PHv6CzBIC5E.001.mp4,1280,720,30.0,459,emotional_stability,high
116,3866,right_eye,660.3,269.0,726.3,337.0,985.4,426.3,1067.8,511.2,emotional_stability_high4_PHv6CzBIC5E.001.mp4,1280,720,30.0,459,emotional_stability,high
116,3866,nose,612.5,311.6,692.6,421.0,925.6,479.5,1025.8,616.2,emotional_stability_high4_PHv6CzBIC5E.001.mp4,1280,720,30.0,459,emotional_stability,high
116,3866,mouth,574.2,440.2,678.0,496.7,877.8,640.3,1007.5,710.9,emotional_stability_high4_PHv6CzBIC5E.001.mp4,1280,720,30.0,459,emotional_stability,high
116,3866,forehead,413.0,211.0,720.5,470.9,676.3,353.8,1060.7,678.6,emotional_stability_high4_PHv6CzBIC5E.001.mp4,1280,720,30.0,459,emotional_stability,high
116,3866,chin,413.0,351.5,692.1,560.5,676.3,529.4,1025.1,790.7,emotional_stability_high4_PHv6CzBIC5E.001.mp4,1280,720,30.0,459,emotional_stability,high
116,3866,left_cheek,471.5,357.4,595.3,480.1,749.4,536.8,904.1,690.1,emotional_stability_high4_PHv6CzBIC5E.001.mp4,1280,720,30.0,459,emotional_stability,high
116,3866,right_cheek,677.7,349.0,725.0,463.7,1007.1,526.3,1066.2,669.7,emotional_stability_high4_PHv6CzBIC5E.001.mp4,1280,720,30.0,459,emotional_stability,high
117,3900,left_eye,499.0,276.7,622.0,342.5,783.7,435.9,937.5,518.2,emotional_stability_high4_PHv6CzBIC5E.001.mp4,1280,720,30.0,459,emotional_stability,high
117,3900,right_eye,660.5,270.6,726.4,337.5,985.6,428.2,1068.0,511.9,emotional_stability_high4_PHv6CzBIC5E.001.mp4,1280,720,30.0,459,emotional_stability,high
117,3900,nose,612.6,312.0,692.4,420.9,925.7,480.1,1025.5,616.2,emotional_stability_high4_PHv6CzBIC5E.001.mp4,1280,720,30.0,459,emotional_stability,high
117,3900,mouth,574.1,440.2,677.8,498.7,877.6,640.2,1007.2,713.4,emotional_stability_high4_PHv6CzBIC5E.001.mp4,1280,720,30.0,459,emotional_stability,high
117,3900,forehead,418.8,212.4,720.9,471.0,683.6,355.5,1061.1,678.8,emotional_stability_high4_PHv6CzBIC5E.001.mp4,1280,720,30.0,459,emotional_stability,high
117,3900,chin,418.8,352.1,692.4,560.8,683.6,530.1,1025.5,791.0,emotional_stability_high4_PHv6CzBIC5E.001.mp4,1280,720,30.0,459,emotional_stability,high
117,3900,left_cheek,473.8,357.5,595.6,480.1,752.3,536.9,904.4,690.2,emotional_stability_high4_PHv6CzBIC5E.001.mp4,1280,720,30.0,459,emotional_stability,high
117,3900,right_cheek,677.7,349.6,725.0,464.3,1007.1,527.0,1066.2,670.3,emotional_stability_high4_PHv6CzBIC5E.001.mp4,1280,720,30.0,459,emotional_stability,high
118,3933,left_eye,500.1,274.4,622.7,342.5,785.1,433.0,938.3,518.1,emotional_stability_high4_PHv6CzBIC5E.001.mp4,1280,720,30.0,459,emotional_stability,high
118,3933,right_eye,660.5,270.9,725.1,337.9,985.6,428.6,1066.4,512.4,emotional_stability_high4_PHv6CzBIC5E.001.mp4,1280,720,30.0,459,emotional_stability,high
118,3933,nose,612.6,312.1,692.4,421.2,925.8,480.2,1025.5,616.5,emotional_stability_high4_PHv6CzBIC5E.001.mp4,1280,720,30.0,459,emotional_stability,high
118,3933,mouth,573.6,440.5,677.8,498.7,877.1,640.6,1007.2,713.4,emotional_stability_high4_PHv6CzBIC5E.001.mp4,1280,720,30.0,459,emotional_stability,high
118,3933,forehead,418.2,212.2,719.4,471.4,682.8,355.3,1059.3,679.2,emotional_stability_high4_PHv6CzBIC5E.001.mp4,1280,720,30.0,459,emotional_stability,high
118,3933,chin,418.2,355.0,692.0,560.9,682.8,533.8,1025.0,791.1,emotional_stability_high4_PHv6CzBIC5E.001.mp4,1280,720,30.0,459,emotional_stability,high
118,3933,left_cheek,473.8,357.4,595.6,480.3,752.3,536.8,904.6,690.3,emotional_stability_high4_PHv6CzBIC5E.001.mp4,1280,720,30.0,459,emotional_stability,high
118,3933,right_cheek,677.6,351.4,724.9,466.7,1007.1,529.2,1066.1,673.4,emotional_stability_high4_PHv6CzBIC5E.001.mp4,1280,720,30.0,459,emotional_stability,high
119,3966,left_eye,497.1,273.3,622.9,342.6,781.4,431.6,938.6,518.2,emotional_stability_high4_PHv6CzBIC5E.001.mp4,1280,720,30.0,459,emotional_stability,high
119,3966,right_eye,660.7,270.9,725.1,338.2,985.9,428.6,1066.4,512.8,emotional_stability_high4_PHv6CzBIC5E.001.mp4,1280,720,30.0,459,emotional_stability,high
119,3966,nose,613.0,312.2,693.4,422.8,926.3,480.3,1026.7,618.5,emotional_stability_high4_PHv6CzBIC5E.001.mp4,1280,720,30.0,459,emotional_stability,high
119,3966,mouth,573.8,441.7,677.8,497.4,877.2,642.1,1007.2,711.8,emotional_stability_high4_PHv6CzBIC5E.001.mp4,1280,720,30.0,459,emotional_stability,high
119,3966,forehead,404.0,212.2,719.4,471.4,665.0,355.3,1059.3,679.3,emotional_stability_high4_PHv6CzBIC5E.001.mp4,1280,720,30.0,459,emotional_stability,high
119,3966,chin,404.0,356.7,688.2,560.9,665.0,535.9,1020.3,791.1,emotional_stability_high4_PHv6CzBIC5E.001.mp4,1280,720,30.0,459,emotional_stability,high
119,3966,left_cheek,467.4,357.5,595.5,480.7,744.2,536.8,904.4,690.8,emotional_stability_high4_PHv6CzBIC5E.001.mp4,1280,720,30.0,459,emotional_stability,high
119,3966,right_cheek,678.0,353.1,724.3,468.1,1007.5,531.3,1065.4,675.1,emotional_stability_high4_PHv6CzBIC5E.001.mp4,1280,720,30.0,459,emotional_stability,high
120,4000,left_eye,497.1,275.5,622.5,342.8,781.4,434.4,938.1,518.5,emotional_stability_high4_PHv6CzBIC5E.001.mp4,1280,720,30.0,459,emotional_stability,high
120,4000,right_eye,660.7,272.1,726.2,338.7,985.8,430.1,1067.8,513.3,emotional_stability_high4_PHv6CzBIC5E.001.mp4,1280,720,30.0,459,emotional_stability,high
120,4000,nose,612.6,312.9,692.5,423.2,925.8,481.1,1025.7,619.0,emotional_stability_high4_PHv6CzBIC5E.001.mp4,1280,720,30.0,459,emotional_stability,high
120,4000,mouth,573.8,442.0,677.5,496.3,877.2,642.5,1006.8,710.4,emotional_stability_high4_PHv6CzBIC5E.001.mp4,1280,720,30.0,459,emotional_stability,high
120,4000,forehead,407.7,213.7,720.6,470.3,669.7,357.1,1060.7,677.8,emotional_stability_high4_PHv6CzBIC5E.001.mp4,1280,720,30.0,459,emotional_stability,high
120,4000,chin,407.7,356.1,691.9,559.6,669.7,535.1,1024.9,789.6,emotional_stability_high4_PHv6CzBIC5E.001.mp4,1280,720,30.0,459,emotional_stability,high
120,4000,left_cheek,467.8,357.9,595.3,480.2,744.8,537.4,904.1,690.3,emotional_stability_high4_PHv6CzBIC5E.001.mp4,1280,720,30.0,459,emotional_stability,high
120,4000,right_cheek,678.0,352.7,724.6,467.7,1007.5,530.8,1065.7,674.6,emotional_stability_high4_PHv6CzBIC5E.001.mp4,1280,720,30.0,459,emotional_stability,high
121,4033,left_eye,497.3,275.7,622.6,342.7,781.6,434.6,938.3,518.4,emotional_stability_high4_PHv6CzBIC5E.001.mp4,1280,720,30.0,459,emotional_stability,high
121,4033,right_eye,660.7,272.0,726.1,338.5,985.9,430.1,1067.7,513.2,emotional_stability_high4_PHv6CzBIC5E.001.mp4,1280,720,30.0,459,emotional_stability,high
121,4033,nose,612.8,312.9,692.6,423.1,926.0,481.1,1025.7,618.9,emotional_stability_high4_PHv6CzBIC5E.001.mp4,1280,720,30.0,459,emotional_stability,high
121,4033,mouth,573.9,441.7,677.5,496.5,877.4,642.1,1006.9,710.6,emotional_stability_high4_PHv6CzBIC5E.001.mp4,1280,720,30.0,459,emotional_stability,high
121,4033,forehead,408.0,213.5,720.3,470.4,670.0,356.8,1060.4,678.0,emotional_stability_high4_PHv6CzBIC5E.001.mp4,1280,720,30.0,459,emotional_stability,high
121,4033,chin,408.0,355.7,692.2,559.7,670.0,534.6,1025.2,789.6,emotional_stability_high4_PHv6CzBIC5E.001.mp4,1280,720,30.0,459,emotional_stability,high
121,4033,left_cheek,468.4,357.9,595.4,480.1,745.4,537.4,904.3,690.2,emotional_stability_high4_PHv6CzBIC5E.001.mp4,1280,720,30.0,459,emotional_stability,high
121,4033,right_cheek,678.0,352.5,724.9,466.9,1007.5,530.6,1066.2,673.7,emotional_stability_high4_PHv6CzBIC5E.001.mp4,1280,720,30.0,459,emotional_stability,high
122,4066,left_eye,497.1,272.9,622.8,342.0,781.3,431.1,938.5,517.5,emotional_stability_high4_PHv6CzBIC5E.001.mp4,1280,720,30.0,459,emotional_stability,high
122,4066,right_eye,660.9,271.0,726.1,337.8,986.1,428.7,1067.6,512.2,emotional_stability_high4_PHv6CzBIC5E.001.mp4,1280,720,30.0,459,emotional_stability,high
122,4066,nose,613.4,312.2,693.4,423.1,926.8,480.2,1026.7,618.9,emotional_stability_high4_PHv6CzBIC5E.001.mp4,1280,720,30.0,459,emotional_stability,high
122,4066,mouth,574.8,441.6,677.8,494.5,878.5,642.0,1007.2,708.2,emotional_stability_high4_PHv6CzBIC5E.001.mp4,1280,720,30.0,459,emotional_stability,high
122,4066,forehead,408.4,211.6,720.1,469.7,670.5,354.5,1060.2,677.1,emotional_stability_high4_PHv6CzBIC5E.001.mp4,1280,720,30.0,459,emotional_stability,high
122,4066,chin,408.4,355.3,690.3,559.4,670.5,534.2,1022.9,789.3,emotional_stability_high4_PHv6CzBIC5E.001.mp4,1280,720,30.0,459,emotional_stability,high
122,4066,left_cheek,468.7,357.0,595.5,479.7,745.9,536.3,904.4,689.6,emotional_stability_high4_PHv6CzBIC5E.001.mp4,1280,720,30.0,459,emotional_stability,high
122,4066,right_cheek,678.4,352.0,724.9,466.5,1007.9,530.0,1066.1,673.1,emotional_stability_high4_PHv6CzBIC5E.001.mp4,1280,720,30.0,459,emotional_stability,high
123,4100,left_eye,498.4,275.1,623.4,342.1,783.0,433.8,939.2,517.6,emotional_stability_high4_PHv6CzBIC5E.001.mp4,1280,720,30.0,459,emotional_stability,high
123,4100,right_eye,661.4,271.6,727.3,337.8,986.7,429.4,1069.2,512.3,emotional_stability_high4_PHv6CzBIC5E.001.mp4,1280,720,30.0,459,emotional_stability,high
123,4100,nose,613.4,312.7,693.2,423.3,926.8,480.9,1026.5,619.1,emotional_stability_high4_PHv6CzBIC5E.001.mp4,1280,720,30.0,459,emotional_stability,high
123,4100,mouth,574.8,441.5,677.8,494.6,878.5,641.9,1007.2,708.3,emotional_stability_high4_PHv6CzBIC5E.001.mp4,1280,720,30.0,459,emotional_stability,high
123,4100,forehead,414.4,212.1,721.9,467.6,678.0,355.2,1062.4,674.6,emotional_stability_high4_PHv6CzBIC5E.001.mp4,1280,720,30.0,459,emotional_stability,high
123,4100,chin,414.4,353.6,693.3,558.5,678.0,532.0,1026.6,788.2,emotional_stability_high4_PHv6CzBIC5E.001.mp4,1280,720,30.0,459,emotional_stability,high
123,4100,left_cheek,471.6,357.1,595.7,478.6,749.5,536.3,904.6,688.3,emotional_stability_high4_PHv6CzBIC5E.001.mp4,1280,720,30.0,459,emotional_stability,high
123,4100,right_cheek,678.5,351.7,725.3,465.3,1008.1,529.6,1066.7,671.7,emotional_stability_high4_PHv6CzBIC5E.001.mp4,1280,720,30.0,459,emotional_stability,high
124,4133,left_eye,500.1,274.0,624.4,341.8,785.2,432.5,940.5,517.2,emotional_stability_high4_PHv6CzBIC5E.001.mp4,1280,720,30.0,459,emotional_stability,high
124,4133,right_eye,662.2,271.5,727.6,337.8,987.8,429.4,1069.5,512.2,emotional_stability_high4_PHv6CzBIC5E.001.mp4,1280,720,30.0,459,emotional_stability,high
124,4133,nose,613.4,312.6,693.2,423.2,926.7,480.8,1026.4,619.1,emotional_stability_high4_PHv6CzBIC5E.001.mp4,1280,720,30.0,459,emotional_stability,high
124,4133,mouth,574.9,441.5,677.8,494.8,878.6,641.8,1007.2,708.5,emotional_stability_high4_PHv6CzBIC5E.001.mp4,1280,720,30.0,459,emotional_stability,high
124,4133,forehead,416.7,211.8,722.3,468.0,680.9,354.8,1062.9,675.0,emotional_stability_high4_PHv6CzBIC5E.001.mp4,1280,720,30.0,459,emotional_stability,high
124,4133,chin,416.7,354.0,693.9,558.7,680.9,532.5,1027.4,788.3,emotional_stability_high4_PHv6CzBIC5E.001.mp4,1280,720,30.0,459,emotional_stability,high
124,4133,left_cheek,473.2,356.5,595.8,478.5,751.5,535.7,904.8,688.2,emotional_stability_high4_PHv6CzBIC5E.001.mp4,1280,720,30.0,459,emotional_stability,high
124,4133,right_cheek,678.6,351.6,725.8,465.5,1008.3,529.5,1067.3,671.9,emotional_stability_high4_PHv6CzBIC5E.001.mp4,1280,720,30.0,459,emotional_stability,high
125,4166,left_eye,500.6,274.1,624.3,341.8,785.7,432.6,940.4,517.3,emotional_stability_high4_PHv6CzBIC5E.001.mp4,1280,720,30.0,459,emotional_stability,high
125,4166,right_eye,662.2,271.5,726.9,337.8,987.7,429.4,1068.6,512.2,emotional_stability_high4_PHv6CzBIC5E.001.mp4,1280,720,30.0,459,emotional_stability,high
125,4166,nose,613.2,312.6,692.8,423.2,926.5,480.8,1026.1,619.0,emotional_stability_high4_PHv6CzBIC5E.001.mp4,1280,720,30.0,459,emotional_stability,high
125,4166,mouth,574.9,441.4,677.7,494.8,878.6,641.7,1007.1,708.5,emotional_stability_high4_PHv6CzBIC5E.001.mp4,1280,720,30.0,459,emotional_stability,high
125,4166,forehead,418.6,212.0,721.4,468.2,683.3,355.0,1061.8,675.3,emotional_stability_high4_PHv6CzBIC5E.001.mp4,1280,720,30.0,459,emotional_stability,high
125,4166,chin,418.6,354.2,693.9,558.7,683.3,532.7,1027.3,788.4,emotional_stability_high4_PHv6CzBIC5E.001.mp4,1280,720,30.0,459,emotional_stability,high
125,4166,left_cheek,474.2,356.6,595.8,478.6,752.8,535.7,904.8,688.2,emotional_stability_high4_PHv6CzBIC5E.001.mp4,1280,720,30.0,459,emotional_stability,high
125,4166,right_cheek,678.4,351.5,725.4,465.6,1008.0,529.4,1066.8,671.9,emotional_stability_high4_PHv6CzBIC5E.001.mp4,1280,720,30.0,459,emotional_stability,high
126,4200,left_eye,500.6,273.6,623.9,341.8,785.8,432.0,939.9,517.2,emotional_stability_high4_PHv6CzBIC5E.001.mp4,1280,720,30.0,459,emotional_stability,high
126,4200,right_eye,661.6,271.1,724.8,337.7,987.0,428.9,1066.0,512.1,emotional_stability_high4_PHv6CzBIC5E.001.mp4,1280,720,30.0,459,emotional_stability,high
126,4200,nose,612.9,312.4,692.0,422.7,926.1,480.5,1024.9,618.3,emotional_stability_high4_PHv6CzBIC5E.001.mp4,1280,720,30.0,459,emotional_stability,high
126,4200,mouth,574.5,441.0,677.1,494.2,878.1,641.2,1006.4,707.8,emotional_stability_high4_PHv6CzBIC5E.001.mp4,1280,720,30.0,459,emotional_stability,high
126,4200,forehead,418.4,211.9,719.2,468.4,683.0,354.9,1059.0,675.4,emotional_stability_high4_PHv6CzBIC5E.001.mp4,1280,720,30.0,459,emotional_stability,high
126,4200,chin,418.4,354.1,692.6,558.8,683.0,532.7,1025.7,788.5,emotional_stability_high4_PHv6CzBIC5E.001.mp4,1280,720,30.0,459,emotional_stability,high
126,4200,left_cheek,474.3,356.4,595.7,478.5,752.8,535.5,904.7,688.2,emotional_stability_high4_PHv6CzBIC5E.001.mp4,1280,720,30.0,459,emotional_stability,high
126,4200,right_cheek,677.6,351.4,724.5,465.5,1007.0,529.2,1065.7,671.8,emotional_stability_high4_PHv6CzBIC5E.001.mp4,1280,720,30.0,459,emotional_stability,high
127,4233,left_eye,499.3,273.3,623.7,341.7,784.2,431.7,939.6,517.2,emotional_stability_high4_PHv6CzBIC5E.001.mp4,1280,720,30.0,459,emotional_stability,high
127,4233,right_eye,661.5,271.1,724.9,337.7,986.9,428.9,1066.1,512.1,emotional_stability_high4_PHv6CzBIC5E.001.mp4,1280,720,30.0,459,emotional_stability,high
127,4233,nose,612.9,312.4,692.1,422.7,926.1,480.5,1025.2,618.3,emotional_stability_high4_PHv6CzBIC5E.001.mp4,1280,720,30.0,459,emotional_stability,high
127,4233,mouth,574.0,441.0,677.0,494.7,877.5,641.2,1006.3,708.3,emotional_stability_high4_PHv6CzBIC5E.001.mp4,1280,720,30.0,459,emotional_stability,high
127,4233,forehead,414.1,211.7,719.2,468.5,677.6,354.7,1058.9,675.6,emotional_stability_high4_PHv6CzBIC5E.001.mp4,1280,720,30.0,459,emotional_stability,high
127,4233,chin,414.1,354.6,691.0,558.8,677.6,533.2,1023.7,788.5,emotional_stability_high4_PHv6CzBIC5E.001.mp4,1280,720,30.0,459,emotional_stability,high
127,4233,left_cheek,472.5,356.4,595.7,478.6,750.7,535.4,904.6,688.2,emotional_stability_high4_PHv6CzBIC5E.001.mp4,1280,720,30.0,459,emotional_stability,high
127,4233,right_cheek,677.7,351.5,724.5,465.7,1007.1,529.4,1065.6,672.2,emotional_stability_high4_PHv6CzBIC5E.001.mp4,1280,720,30.0,459,emotional_stability,high
128,4266,left_eye,496.7,273.0,623.1,341.7,780.9,431.2,938.8,517.1,emotional_stability_high4_PHv6CzBIC5E.001.mp4,1280,720,30.0,459,emotional_stability,high
128,4266,right_eye,661.4,270.0,724.9,337.3,986.8,427.5,1066.1,511.7,emotional_stability_high4_PHv6CzBIC5E.001.mp4,1280,720,30.0,459,emotional_stability,high
128,4266,nose,612.7,312.0,692.2,422.7,925.9,480.0,1025.2,618.4,emotional_stability_high4_PHv6CzBIC5E.001.mp4,1280,720,30.0,459,emotional_stability,high
128,4266,mouth,574.0,441.1,677.0,493.9,877.5,641.4,1006.3,707.3,emotional_stability_high4_PHv6CzBIC5E.001.mp4,1280,720,30.0,459,emotional_stability,high
128,4266,forehead,410.2,210.7,719.2,468.2,672.7,353.4,1059.0,675.3,emotional_stability_high4_PHv6CzBIC5E.001.mp4,1280,720,30.0,459,emotional_stability,high
128,4266,chin,410.2,353.3,691.0,558.7,672.7,531.7,1023.7,788.4,emotional_stability_high4_PHv6CzBIC5E.001.mp4,1280,720,30.0,459,emotional_stability,high
128,4266,left_cheek,469.9,356.4,595.0,478.6,747.3,535.5,903.8,688.3,emotional_stability_high4_PHv6CzBIC5E.001.mp4,1280,720,30.0,459,emotional_stability,high
128,4266,right_cheek,677.7,350.7,724.6,465.4,1007.1,528.4,1065.7,671.7,emotional_stability_high4_PHv6CzBIC5E.001.mp4,1280,720,30.0,459,emotional_stability,high
129,4300,left_eye,496.7,274.2,622.1,341.6,780.9,432.8,937.6,517.1,emotional_stability_high4_PHv6CzBIC5E.001.mp4,1280,720,30.0,459,emotional_stability,high
129,4300,right_eye,661.2,269.9,725.1,336.8,986.6,427.4,1066.4,511.0,emotional_stability_high4_PHv6CzBIC5E.001.mp4,1280,720,30.0,459,emotional_stability,high
129,4300,nose,612.2,312.0,691.8,422.4,925.3,480.0,1024.7,618.0,emotional_stability_high4_PHv6CzBIC5E.001.mp4,1280,720,30.0,459,emotional_stability,high
129,4300,mouth,574.1,440.6,677.0,493.6,877.6,640.8,1006.3,707.0,emotional_stability_high4_PHv6CzBIC5E.001.mp4,1280,720,30.0,459,emotional_stability,high
129,4300,forehead,412.7,210.7,719.4,468.3,675.9,353.4,1059.2,675.3,emotional_stability_high4_PHv6CzBIC5E.001.mp4,1280,720,30.0,459,emotional_stability,high
129,4300,chin,412.7,351.8,693.0,558.6,675.9,529.8,1026.3,788.2,emotional_stability_high4_PHv6CzBIC5E.001.mp4,1280,720,30.0,459,emotional_stability,high
129,4300,left_cheek,470.2,356.4,594.8,478.5,747.7,535.5,903.5,688.1,emotional_stability_high4_PHv6CzBIC5E.001.mp4,1280,720,30.0,459,emotional_stability,high
129,4300,right_cheek,677.6,349.3,724.7,464.1,1007.0,526.7,1065.9,670.1,emotional_stability_high4_PHv6CzBIC5E.001.mp4,1280,720,30.0,459,emotional_stability,high
130,4333,left_eye,496.7,273.5,621.8,341.5,780.9,431.8,937.2,516.8,emotional_stability_high4_PHv6CzBIC5E.001.mp4,1280,720,30.0,459,emotional_stability,high
130,4333,right_eye,661.3,269.8,725.2,336.8,986.6,427.3,1066.6,511.0,emotional_stability_high4_PHv6CzBIC5E.001.mp4,1280,720,30.0,459,emotional_stability,high
130,4333,nose,611.9,311.8,691.7,422.0,924.9,479.7,1024.7,617.5,emotional_stability_high4_PHv6CzBIC5E.001.mp4,1280,720,30.0,459,emotional_stability,high
130,4333,mouth,573.8,440.3,676.8,494.1,877.2,640.4,1006.0,707.6,emotional_stability_high4_PHv6CzBIC5E.001.mp4,1280,720,30.0,459,emotional_stability,high
130,4333,forehead,413.3,210.6,719.7,468.3,676.6,353.3,1059.6,675.4,emotional_stability_high4_PHv6CzBIC5E.001.mp4,1280,720,30.0,459,emotional_stability,high
130,4333,chin,413.3,352.3,693.0,558.7,676.6,530.4,1026.3,788.4,emotional_stability_high4_PHv6CzBIC5E.001.mp4,1280,720,30.0,459,emotional_stability,high
130,4333,left_cheek,470.3,356.3,594.6,478.5,747.9,535.3,903.2,688.1,emotional_stability_high4_PHv6CzBIC5E.001.mp4,1280,720,30.0,459,emotional_stability,high
130,4333,right_cheek,677.6,349.4,724.8,464.2,1007.0,526.8,1066.0,670.3,emotional_stability_high4_PHv6CzBIC5E.001.mp4,1280,720,30.0,459,emotional_stability,high
131,4366,left_eye,495.4,273.1,621.7,341.6,779.2,431.3,937.2,517.0,emotional_stability_high4_PHv6CzBIC5E.001.mp4,1280,720,30.0,459,emotional_stability,high
131,4366,right_eye,660.5,270.8,724.8,337.7,985.6,428.5,1066.0,512.1,emotional_stability_high4_PHv6CzBIC5E.001.mp4,1280,720,30.0,459,emotional_stability,high
131,4366,nose,612.1,312.0,691.8,422.2,925.1,480.0,1024.7,617.7,emotional_stability_high4_PHv6CzBIC5E.001.mp4,1280,720,30.0,459,emotional_stability,high
131,4366,mouth,573.9,440.6,676.6,493.7,877.3,640.7,1005.7,707.1,emotional_stability_high4_PHv6CzBIC5E.001.mp4,1280,720,30.0,459,emotional_stability,high
131,4366,forehead,408.1,210.9,719.4,468.3,670.2,353.7,1059.3,675.4,emotional_stability_high4_PHv6CzBIC5E.001.mp4,1280,720,30.0,459,emotional_stability,high
131,4366,chin,408.1,353.8,689.1,559.3,670.2,532.2,1021.4,789.1,emotional_stability_high4_PHv6CzBIC5E.001.mp4,1280,720,30.0,459,emotional_stability,high
131,4366,left_cheek,468.2,356.2,594.5,478.5,745.2,535.3,903.1,688.1,emotional_stability_high4_PHv6CzBIC5E.001.mp4,1280,720,30.0,459,emotional_stability,high
131,4366,right_cheek,677.6,351.1,723.5,465.5,1007.0,528.9,1064.4,671.8,emotional_stability_high4_PHv6CzBIC5E.001.mp4,1280,720,30.0,459,emotional_stability,high
132,4400,left_eye,498.4,273.4,621.9,341.6,783.0,431.7,937.3,517.0,emotional_stability_high4_PHv6CzBIC5E.001.mp4,1280,720,30.0,459,emotional_stability,high
132,4400,right_eye,660.6,270.8,725.8,337.6,985.8,428.5,1067.3,512.0,emotional_stability_high4_PHv6CzBIC5E.001.mp4,1280,720,30.0,459,emotional_stability,high
132,4400,nose,612.2,312.0,691.2,421.4,925.2,480.0,1023.9,616.7,emotional_stability_high4_PHv6CzBIC5E.001.mp4,1280,720,30.0,459,emotional_stability,high
132,4400,mouth,574.0,439.6,677.6,489.8,877.5,639.5,1007.0,702.3,emotional_stability_high4_PHv6CzBIC5E.001.mp4,1280,720,30.0,459,emotional_stability,high
132,4400,forehead,417.6,211.1,720.0,468.4,681.9,353.8,1060.0,675.5,emotional_stability_high4_PHv6CzBIC5E.001.mp4,1280,720,30.0,459,emotional_stability,high
132,4400,chin,417.6,353.6,695.2,557.7,681.9,532.0,1029.0,787.1,emotional_stability_high4_PHv6CzBIC5E.001.mp4,1280,720,30.0,459,emotional_stability,high
132,4400,left_cheek,473.1,356.2,595.0,478.1,751.4,535.2,903.8,687.6,emotional_stability_high4_PHv6CzBIC5E.001.mp4,1280,720,30.0,459,emotional_stability,high
132,4400,right_cheek,677.6,350.6,726.0,464.7,1007.0,528.3,1067.5,670.8,emotional_stability_high4_PHv6CzBIC5E.001.mp4,1280,720,30.0,459,emotional_stability,high
133,4433,left_eye,499.9,274.6,622.3,341.6,784.9,433.3,937.8,517.0,emotional_stability_high4_PHv6CzBIC5E.001.mp4,1280,720,30.0,459,emotional_stability,high
133,4433,right_eye,660.7,271.4,725.9,337.6,985.8,429.2,1067.4,511.9,emotional_stability_high4_PHv6CzBIC5E.001.mp4,1280,720,30.0,459,emotional_stability,high
133,4433,nose,612.2,312.1,691.4,420.5,925.2,480.1,1024.2,615.6,emotional_stability_high4_PHv6CzBIC5E.001.mp4,1280,720,30.0,459,emotional_stability,high
133,4433,mouth,574.5,439.1,679.1,488.9,878.2,638.8,1008.9,701.1,emotional_stability_high4_PHv6CzBIC5E.001.mp4,1280,720,30.0,459,emotional_stability,high
133,4433,forehead,419.8,212.5,720.0,468.5,684.8,355.6,1060.0,675.7,emotional_stability_high4_PHv6CzBIC5E.001.mp4,1280,720,30.0,459,emotional_stability,high
133,4433,chin,419.8,354.4,697.5,557.6,684.8,533.0,1031.9,787.0,emotional_stability_high4_PHv6CzBIC5E.001.mp4,1280,720,30.0,459,emotional_stability,high
133,4433,left_cheek,474.5,356.2,595.4,477.5,753.1,535.2,904.3,686.9,emotional_stability_high4_PHv6CzBIC5E.001.mp4,1280,720,30.0,459,emotional_stability,high
133,4433,right_cheek,677.7,350.7,727.6,464.5,1007.2,528.4,1069.5,670.6,emotional_stability_high4_PHv6CzBIC5E.001.mp4,1280,720,30.0,459,emotional_stability,high
134,4466,left_eye,501.4,275.7,623.1,341.3,786.8,434.6,938.9,516.6,emotional_stability_high4_PHv6CzBIC5E.001.mp4,1280,720,30.0,459,emotional_stability,high
134,4466,right_eye,660.8,272.2,725.9,337.0,986.0,430.3,1067.4,511.3,emotional_stability_high4_PHv6CzBIC5E.001.mp4,1280,720,30.0,459,emotional_stability,high
134,4466,nose,612.2,312.0,691.6,418.6,925.2,480.0,1024.6,613.2,emotional_stability_high4_PHv6CzBIC5E.001.mp4,1280,720,30.0,459,emotional_stability,high
134,4466,mouth,575.1,437.6,680.2,487.3,878.9,637.0,1010.3,699.2,emotional_stability_high4_PHv6CzBIC5E.001.mp4,1280,720,30.0,459,emotional_stability,high
134,4466,forehead,421.4,213.3,719.9,468.5,686.7,356.6,1059.8,675.6,emotional_stability_high4_PHv6CzBIC5E.001.mp4,1280,720,30.0,459,emotional_stability,high
134,4466,chin,421.4,354.4,698.3,557.5,686.7,533.1,1032.9,786.9,emotional_stability_high4_PHv6CzBIC5E.001.mp4,1280,720,30.0,459,emotional_stability,high
134,4466,left_cheek,475.5,355.8,595.8,476.3,754.4,534.8,904.8,685.4,emotional_stability_high4_PHv6CzBIC5E.001.mp4,1280,720,30.0,459,emotional_stability,high
134,4466,right_cheek,677.9,350.4,728.5,463.1,1007.4,528.1,1070.6,668.9,emotional_stability_high4_PHv6CzBIC5E.001.mp4,1280,720,30.0,459,emotional_stability,high
135,4500,left_eye,503.3,275.6,624.2,341.1,789.1,434.6,940.3,516.4,emotional_stability_high4_PHv6CzBIC5E.001.mp4,1280,720,30.0,459,emotional_stability,high
135,4500,right_eye,661.6,272.2,726.2,336.7,987.0,430.3,1067.8,510.9,emotional_stability_high4_PHv6CzBIC5E.001.mp4,1280,720,30.0,459,emotional_stability,high
135,4500,nose,612.2,312.0,691.7,418.7,925.2,480.0,1024.6,613.4,emotional_stability_high4_PHv6CzBIC5E.001.mp4,1280,720,30.0,459,emotional_stability,high
135,4500,mouth,575.6,437.8,680.2,487.8,879.4,637.2,1010.2,699.8,emotional_stability_high4_PHv6CzBIC5E.001.mp4,1280,720,30.0,459,emotional_stability,high
135,4500,forehead,425.3,213.7,720.3,466.9,691.6,357.1,1060.3,673.6,emotional_stability_high4_PHv6CzBIC5E.001.mp4,1280,720,30.0,459,emotional_stability,high
135,4500,chin,425.3,353.6,698.5,557.2,691.6,532.0,1033.1,786.5,emotional_stability_high4_PHv6CzBIC5E.001.mp4,1280,720,30.0,459,emotional_stability,high
135,4500,left_cheek,477.7,355.4,596.5,474.8,757.1,534.3,905.7,683.5,emotional_stability_high4_PHv6CzBIC5E.001.mp4,1280,720,30.0,459,emotional_stability,high
135,4500,right_cheek,678.0,349.6,728.3,460.9,1007.4,527.0,1070.3,666.1,emotional_stability_high4_PHv6CzBIC5E.001.mp4,1280,720,30.0,459,emotional_stability,high
136,4533,left_eye,505.6,275.8,626.0,341.2,792.1,434.7,942.5,516.5,emotional_stability_high4_PHv6CzBIC5E.001.mp4,1280,720,30.0,459,emotional_stability,high
136,4533,right_eye,662.9,272.2,726.6,336.7,988.7,430.3,1068.2,510.8,emotional_stability_high4_PHv6CzBIC5E.001.mp4,1280,720,30.0,459,emotional_stability,high
136,4533,nose,612.6,312.5,692.5,420.9,925.7,480.6,1025.6,616.1,emotional_stability_high4_PHv6CzBIC5E.001.mp4,1280,720,30.0,459,emotional_stability,high
136,4533,mouth,582.2,440.0,680.0,494.8,887.7,640.1,1010.0,708.5,emotional_stability_high4_PHv6CzBIC5E.001.mp4,1280,720,30.0,459,emotional_stability,high
136,4533,forehead,427.7,214.6,720.2,463.7,694.6,358.2,1060.2,669.6,emotional_stability_high4_PHv6CzBIC5E.001.mp4,1280,720,30.0,459,emotional_stability,high
136,4533,chin,427.7,350.7,695.3,555.1,694.6,528.4,1029.2,783.9,emotional_stability_high4_PHv6CzBIC5E.001.mp4,1280,720,30.0,459,emotional_stability,high
136,4533,left_cheek,480.9,355.6,598.3,474.9,761.1,534.5,907.9,683.7,emotional_stability_high4_PHv6CzBIC5E.001.mp4,1280,720,30.0,459,emotional_stability,high
136,4533,right_cheek,678.0,348.8,725.1,460.1,1007.5,526.0,1066.4,665.1,emotional_stability_high4_PHv6CzBIC5E.001.mp4,1280,720,30.0,459,emotional_stability,high
137,4566,left_eye,506.1,277.9,626.7,342.2,792.6,437.4,943.4,517.7,emotional_stability_high4_PHv6CzBIC5E.001.mp4,1280,720,30.0,459,emotional_stability,high
137,4566,right_eye,662.9,273.8,727.3,337.5,988.7,432.3,1069.1,511.9,emotional_stability_high4_PHv6CzBIC5E.001.mp4,1280,720,30.0,459,emotional_stability,high
137,4566,nose,612.3,315.4,691.0,426.8,925.4,484.2,1023.7,623.5,emotional_stability_high4_PHv6CzBIC5E.001.mp4,1280,720,30.0,459,emotional_stability,high
137,4566,mouth,577.8,447.1,675.6,499.1,882.2,648.8,1004.5,713.9,emotional_stability_high4_PHv6CzBIC5E.001.mp4,1280,720,30.0,459,emotional_stability,high
137,4566,forehead,426.4,216.6,721.3,462.9,693.1,360.7,1061.6,668.6,emotional_stability_high4_PHv6CzBIC5E.001.mp4,1280,720,30.0,459,emotional_stability,high
137,4566,chin,426.4,350.3,695.3,555.2,693.1,527.8,1029.1,784.0,emotional_stability_high4_PHv6CzBIC5E.001.mp4,1280,720,30.0,459,emotional_stability,high
137,4566,left_cheek,480.0,356.3,598.2,475.9,760.0,535.3,907.7,684.8,emotional_stability_high4_PHv6CzBIC5E.001.mp4,1280,720,30.0,459,emotional_stability,high
137,4566,right_cheek,677.2,349.2,724.4,461.9,1006.4,526.5,1065.5,667.4,emotional_stability_high4_PHv6CzBIC5E.001.mp4,1280,720,30.0,459,emotional_stability,high
138,4600,left_eye,506.9,278.8,628.1,343.7,793.6,438.5,945.2,519.6,emotional_stability_high4_PHv6CzBIC5E.001.mp4,1280,720,30.0,459,emotional_stability,high
138,4600,right_eye,663.0,274.7,727.8,339.6,988.7,433.4,1069.7,514.5,emotional_stability_high4_PHv6CzBIC5E.001.mp4,1280,720,30.0,459,emotional_stability,high
138,4600,nose,612.3,316.5,690.3,429.3,925.3,485.7,1022.8,626.6,emotional_stability_high4_PHv6CzBIC5E.001.mp4,1280,720,30.0,459,emotional_stability,high
138,4600,mouth,577.7,453.6,673.0,498.1,882.1,657.0,1001.3,712.7,emotional_stability_high4_PHv6CzBIC5E.001.mp4,1280,720,30.0,459,emotional_stability,high
138,4600,forehead,426.3,216.4,723.3,463.5,692.8,360.5,1064.2,669.4,emotional_stability_high4_PHv6CzBIC5E.001.mp4,1280,720,30.0,459,emotional_stability,high
138,4600,chin,426.3,351.8,695.3,555.8,692.8,529.7,1029.1,784.8,emotional_stability_high4_PHv6CzBIC5E.001.mp4,1280,720,30.0,459,emotional_stability,high
138,4600,left_cheek,480.1,356.6,598.1,478.6,760.1,535.8,907.6,688.3,emotional_stability_high4_PHv6CzBIC5E.001.mp4,1280,720,30.0,459,emotional_stability,high
138,4600,right_cheek,676.7,351.8,723.9,466.8,1005.9,529.8,1064.8,673.5,emotional_stability_high4_PHv6CzBIC5E.001.mp4,1280,720,30.0,459,emotional_stability,high
139,4633,left_eye,508.4,280.6,628.6,344.4,795.6,440.8,945.7,520.5,emotional_stability_high4_PHv6CzBIC5E.001.mp4,1280,720,30.0,459,emotional_stability,high
139,4633,right_eye,663.0,277.0,726.5,340.9,988.7,436.3,1068.2,516.1,emotional_stability_high4_PHv6CzBIC5E.001.mp4,1280,720,30.0,459,emotional_stability,high
139,4633,nose,613.7,317.2,689.9,428.7,927.1,486.5,1022.4,625.9,emotional_stability_high4_PHv6CzBIC5E.001.mp4,1280,720,30.0,459,emotional_stability,high
139,4633,mouth,578.5,454.0,672.3,495.8,883.1,657.5,1000.3,709.7,emotional_stability_high4_PHv6CzBIC5E.001.mp4,1280,720,30.0,459,emotional_stability,high
139,4633,forehead,428.8,218.4,722.1,464.8,696.0,363.1,1062.6,671.0,emotional_stability_high4_PHv6CzBIC5E.001.mp4,1280,720,30.0,459,emotional_stability,high
139,4633,chin,428.8,354.4,692.5,555.9,696.0,533.0,1025.6,784.9,emotional_stability_high4_PHv6CzBIC5E.001.mp4,1280,720,30.0,459,emotional_stability,high
139,4633,left_cheek,482.5,357.6,598.9,479.2,763.1,537.0,908.6,689.0,emotional_stability_high4_PHv6CzBIC5E.001.mp4,1280,720,30.0,459,emotional_stability,high
139,4633,right_cheek,676.3,353.9,722.2,467.6,1005.3,532.4,1062.7,674.5,emotional_stability_high4_PHv6CzBIC5E.001.mp4,1280,720,30.0,459,emotional_stability,high
140,4666,left_eye,507.6,278.3,629.2,344.3,794.5,437.9,946.5,520.4,emotional_stability_high4_PHv6CzBIC5E.001.mp4,1280,720,30.0,459,emotional_stability,high
140,4666,right_eye,662.9,276.5,725.7,340.8,988.6,435.6,1067.2,516.0,emotional_stability_high4_PHv6CzBIC5E.001.mp4,1280,720,30.0,459,emotional_stability,high
140,4666,nose,614.3,316.9,690.3,428.2,927.8,486.1,1022.9,625.3,emotional_stability_high4_PHv6CzBIC5E.001.mp4,1280,720,30.0,459,emotional_stability,high
140,4666,mouth,580.9,452.8,672.8,492.2,886.1,656.0,1001.0,705.2,emotional_stability_high4_PHv6CzBIC5E.001.mp4,1280,720,30.0,459,emotional_stability,high
140,4666,forehead,423.8,217.7,721.7,464.4,689.7,362.1,1062.2,670.5,emotional_stability_high4_PHv6CzBIC5E.001.mp4,1280,720,30.0,459,emotional_stability,high
140,4666,chin,423.8,352.7,690.7,555.2,689.7,530.8,1023.4,784.0,emotional_stability_high4_PHv6CzBIC5E.001.mp4,1280,720,30.0,459,emotional_stability,high
140,4666,left_cheek,481.6,356.5,598.8,478.8,762.0,535.6,908.5,688.6,emotional_stability_high4_PHv6CzBIC5E.001.mp4,1280,720,30.0,459,emotional_stability,high
140,4666,right_cheek,676.3,353.8,721.6,467.7,1005.4,532.2,1062.0,674.6,emotional_stability_high4_PHv6CzBIC5E.001.mp4,1280,720,30.0,459,emotional_stability,high
141,4700,left_eye,507.4,277.8,629.2,342.8,794.3,437.2,946.4,518.5,emotional_stability_high4_PHv6CzBIC5E.001.mp4,1280,720,30.0,459,emotional_stability,high
141,4700,right_eye,662.9,276.2,726.0,340.6,988.6,435.2,1067.5,515.7,emotional_stability_high4_PHv6CzBIC5E.001.mp4,1280,720,30.0,459,emotional_stability,high
141,4700,nose,613.8,316.1,690.2,426.5,927.3,485.2,1022.8,623.2,emotional_stability_high4_PHv6CzBIC5E.001.mp4,1280,720,30.0,459,emotional_stability,high
141,4700,mouth,581.9,452.1,673.2,488.5,887.4,655.1,1001.5,700.6,emotional_stability_high4_PHv6CzBIC5E.001.mp4,1280,720,30.0,459,emotional_stability,high
141,4700,forehead,417.0,216.6,722.3,464.0,681.2,360.7,1062.9,670.0,emotional_stability_high4_PHv6CzBIC5E.001.mp4,1280,720,30.0,459,emotional_stability,high
141,4700,chin,417.0,352.4,691.1,554.5,681.2,530.5,1023.8,783.2,emotional_stability_high4_PHv6CzBIC5E.001.mp4,1280,720,30.0,459,emotional_stability,high
141,4700,left_cheek,477.8,355.1,598.2,477.2,757.2,533.9,907.8,686.4,emotional_stability_high4_PHv6CzBIC5E.001.mp4,1280,720,30.0,459,emotional_stability,high
141,4700,right_cheek,676.3,353.8,721.6,467.4,1005.4,532.3,1062.1,674.2,emotional_stability_high4_PHv6CzBIC5E.001.mp4,1280,720,30.0,459,emotional_stability,high
142,4733,left_eye,504.5,277.5,627.8,342.1,790.6,436.8,944.7,517.6,emotional_stability_high4_PHv6CzBIC5E.001.mp4,1280,720,30.0,459,emotional_stability,high
142,4733,right_eye,661.6,275.9,726.8,340.4,987.1,434.9,1068.5,515.5,emotional_stability_high4_PHv6CzBIC5E.001.mp4,1280,720,30.0,459,emotional_stability,high
142,4733,nose,610.9,315.5,689.8,424.5,923.6,484.3,1022.3,620.6,emotional_stability_high4_PHv6CzBIC5E.001.mp4,1280,720,30.0,459,emotional_stability,high
142,4733,mouth,580.5,446.8,673.4,485.4,885.7,648.5,1001.7,696.8,emotional_stability_high4_PHv6CzBIC5E.001.mp4,1280,720,30.0,459,emotional_stability,high
142,4733,forehead,416.6,215.3,723.0,463.1,680.7,359.2,1063.7,668.9,emotional_stability_high4_PHv6CzBIC5E.001.mp4,1280,720,30.0,459,emotional_stability,high
142,4733,chin,416.6,352.1,692.7,554.6,680.7,530.1,1025.9,783.3,emotional_stability_high4_PHv6CzBIC5E.001.mp4,1280,720,30.0,459,emotional_stability,high
142,4733,left_cheek,474.7,354.2,595.9,475.5,753.3,532.8,904.9,684.4,emotional_stability_high4_PHv6CzBIC5E.001.mp4,1280,720,30.0,459,emotional_stability,high
142,4733,right_cheek,676.2,353.7,722.6,467.2,1005.2,532.1,1063.2,674.0,emotional_stability_high4_PHv6CzBIC5E.001.mp4,1280,720,30.0,459,emotional_stability,high
143,4766,left_eye,502.6,277.0,627.2,341.7,788.2,436.3,944.0,517.1,emotional_stability_high4_PHv6CzBIC5E.001.mp4,1280,720,30.0,459,emotional_stability,high
143,4766,right_eye,661.6,276.1,727.2,340.6,987.0,435.1,1069.0,515.8,emotional_stability_high4_PHv6CzBIC5E.001.mp4,1280,720,30.0,459,emotional_stability,high
143,4766,nose,609.2,315.3,689.6,423.0,921.5,484.2,1022.1,618.7,emotional_stability_high4_PHv6CzBIC5E.001.mp4,1280,720,30.0,459,emotional_stability,high
143,4766,mouth,579.8,444.7,673.5,483.9,884.8,645.9,1001.9,694.9,emotional_stability_high4_PHv6CzBIC5E.001.mp4,1280,720,30.0,459,emotional_stability,high
143,4766,forehead,415.2,215.2,723.1,462.1,679.0,359.0,1063.9,667.6,emotional_stability_high4_PHv6CzBIC5E.001.mp4,1280,720,30.0,459,emotional_stability,high
143,4766,chin,415.2,352.0,693.7,554.0,679.0,530.0,1027.2,782.5,emotional_stability_high4_PHv6CzBIC5E.001.mp4,1280,720,30.0,459,emotional_stability,high
143,4766,left_cheek,472.2,353.7,594.3,474.2,750.3,532.1,902.9,682.7,emotional_stability_high4_PHv6CzBIC5E.001.mp4,1280,720,30.0,459,emotional_stability,high
143,4766,right_cheek,676.2,354.2,723.4,467.2,1005.2,532.8,1064.2,674.0,emotional_stability_high4_PHv6CzBIC5E.001.mp4,1280,720,30.0,459,emotional_stability,high
144,4800,left_eye,500.1,274.3,625.8,339.4,785.1,432.9,942.2,514.3,emotional_stability_high4_PHv6CzBIC5E.001.mp4,1280,720,30.0,459,emotional_stability,high
144,4800,right_eye,660.1,276.0,727.2,340.3,985.1,435.0,1069.0,515.4,emotional_stability_high4_PHv6CzBIC5E.001.mp4,1280,720,30.0,459,emotional_stability,high
144,4800,nose,606.4,314.0,688.4,420.8,918.0,482.4,1020.5,616.0,emotional_stability_high4_PHv6CzBIC5E.001.mp4,1280,720,30.0,459,emotional_stability,high
144,4800,mouth,576.9,440.9,673.0,483.3,881.1,641.2,1001.2,694.2,emotional_stability_high4_PHv6CzBIC5E.001.mp4,1280,720,30.0,459,emotional_stability,high
144,4800,forehead,411.3,214.1,723.1,461.6,674.1,357.6,1063.8,667.0,emotional_stability_high4_PHv6CzBIC5E.001.mp4,1280,720,30.0,459,emotional_stability,high
144,4800,chin,411.3,351.0,693.7,554.7,674.1,528.8,1027.1,783.4,emotional_stability_high4_PHv6CzBIC5E.001.mp4,1280,720,30.0,459,emotional_stability,high
144,4800,left_cheek,468.9,351.9,592.0,472.9,746.2,529.9,900.0,681.1,emotional_stability_high4_PHv6CzBIC5E.001.mp4,1280,720,30.0,459,emotional_stability,high
144,4800,right_cheek,674.9,354.4,722.9,467.1,1003.7,533.0,1063.6,673.8,emotional_stability_high4_PHv6CzBIC5E.001.mp4,1280,720,30.0,459,emotional_stability,high
145,4833,left_eye,495.6,274.4,624.2,339.1,779.5,433.1,940.2,513.8,emotional_stability_high4_PHv6CzBIC5E.001.mp4,1280,720,30.0,459,emotional_stability,high
145,4833,right_eye,658.6,275.9,726.1,339.8,983.2,434.9,1067.7,514.8,emotional_stability_high4_PHv6CzBIC5E.001.mp4,1280,720,30.0,459,emotional_stability,high
145,4833,nose,604.5,313.6,687.9,420.9,915.6,482.0,1019.8,616.1,emotional_stability_high4_PHv6CzBIC5E.001.mp4,1280,720,30.0,459,emotional_stability,high
145,4833,mouth,571.5,440.7,671.1,484.6,874.4,640.8,998.9,695.7,emotional_stability_high4_PHv6CzBIC5E.001.mp4,1280,720,30.0,459,emotional_stability,high
145,4833,forehead,398.8,213.3,722.4,461.8,658.5,356.6,1063.0,667.3,emotional_stability_high4_PHv6CzBIC5E.001.mp4,1280,720,30.0,459,emotional_stability,high
145,4833,chin,398.8,350.2,691.7,556.1,658.5,527.7,1024.7,785.1,emotional_stability_high4_PHv6CzBIC5E.001.mp4,1280,720,30.0,459,emotional_stability,high
145,4833,left_cheek,462.7,351.8,589.8,473.2,738.3,529.7,897.3,681.5,emotional_stability_high4_PHv6CzBIC5E.001.mp4,1280,720,30.0,459,emotional_stability,high
145,4833,right_cheek,673.8,354.2,721.8,466.9,1002.2,532.7,1062.3,673.6,emotional_stability_high4_PHv6CzBIC5E.001.mp4,1280,720,30.0,459,emotional_stability,high
146,4866,left_eye,496.5,274.4,624.1,338.6,780.6,433.0,940.1,513.3,emotional_stability_high4_PHv6CzBIC5E.001.mp4,1280,720,30.0,459,emotional_stability,high
146,4866,right_eye,660.0,275.8,730.2,339.7,985.0,434.7,1072.8,514.6,emotional_stability_high4_PHv6CzBIC5E.001.mp4,1280,720,30.0,459,emotional_stability,high
146,4866,nose,604.4,313.3,688.0,421.0,915.5,481.6,1020.0,616.3,emotional_stability_high4_PHv6CzBIC5E.001.mp4,1280,720,30.0,459,emotional_stability,high
146,4866,mouth,569.4,440.6,670.9,492.2,871.7,640.8,998.6,705.2,emotional_stability_high4_PHv6CzBIC5E.001.mp4,1280,720,30.0,459,emotional_stability,high
146,4866,forehead,403.7,213.0,726.9,458.1,664.6,356.3,1068.6,662.6,emotional_stability_high4_PHv6CzBIC5E.001.mp4,1280,720,30.0,459,emotional_stability,high
146,4866,chin,403.7,347.1,694.4,555.9,664.6,523.9,1028.0,784.9,emotional_stability_high4_PHv6CzBIC5E.001.mp4,1280,720,30.0,459,emotional_stability,high
146,4866,left_cheek,465.4,350.3,590.4,471.6,741.7,527.9,898.1,679.4,emotional_stability_high4_PHv6CzBIC5E.001.mp4,1280,720,30.0,459,emotional_stability,high
146,4866,right_cheek,674.3,352.8,723.1,464.6,1002.8,531.0,1063.9,670.7,emotional_stability_high4_PHv6CzBIC5E.001.mp4,1280,720,30.0,459,emotional_stability,high
147,4900,left_eye,497.3,272.6,623.7,337.2,781.7,430.7,939.7,511.5,emotional_stability_high4_PHv6CzBIC5E.001.mp4,1280,720,30.0,459,emotional_stability,high
147,4900,right_eye,659.9,273.9,730.2,338.7,984.9,432.4,1072.7,513.4,emotional_stability_high4_PHv6CzBIC5E.001.mp4,1280,720,30.0,459,emotional_stability,high
147,4900,nose,604.4,312.1,686.1,420.8,915.5,480.2,1017.7,616.0,emotional_stability_high4_PHv6CzBIC5E.001.mp4,1280,720,30.0,459,emotional_stability,high
147,4900,mouth,568.6,440.2,669.7,492.8,870.7,640.3,997.2,706.0,emotional_stability_high4_PHv6CzBIC5E.001.mp4,1280,720,30.0,459,emotional_stability,high
147,4900,forehead,413.0,210.8,726.5,458.8,676.2,353.5,1068.2,663.5,emotional_stability_high4_PHv6CzBIC5E.001.mp4,1280,720,30.0,459,emotional_stability,high
147,4900,chin,413.0,347.3,694.5,555.9,676.2,524.1,1028.1,784.8,emotional_stability_high4_PHv6CzBIC5E.001.mp4,1280,720,30.0,459,emotional_stability,high
147,4900,left_cheek,468.0,349.8,590.8,471.9,744.9,527.2,898.5,679.9,emotional_stability_high4_PHv6CzBIC5E.001.mp4,1280,720,30.0,459,emotional_stability,high
147,4900,right_cheek,673.8,352.3,723.0,464.6,1002.3,530.4,1063.7,670.7,emotional_stability_high4_PHv6CzBIC5E.001.mp4,1280,720,30.0,459,emotional_stability,high
148,4933,left_eye,497.7,272.8,622.9,337.2,782.2,431.0,938.7,511.6,emotional_stability_high4_PHv6CzBIC5E.001.mp4,1280,720,30.0,459,emotional_stability,high
148,4933,right_eye,660.0,273.5,729.9,338.2,985.0,431.8,1072.3,512.8,emotional_stability_high4_PHv6CzBIC5E.001.mp4,1280,720,30.0,459,emotional_stability,high
148,4933,nose,604.2,311.9,685.3,420.2,915.3,479.8,1016.6,615.2,emotional_stability_high4_PHv6CzBIC5E.001.mp4,1280,720,30.0,459,emotional_stability,high
148,4933,mouth,566.6,439.2,669.3,492.5,868.2,639.0,996.7,705.7,emotional_stability_high4_PHv6CzBIC5E.001.mp4,1280,720,30.0,459,emotional_stability,high
148,4933,forehead,414.4,210.1,726.2,460.6,678.0,352.6,1067.8,665.8,emotional_stability_high4_PHv6CzBIC5E.001.mp4,1280,720,30.0,459,emotional_stability,high
148,4933,chin,414.4,347.7,696.5,555.7,678.0,524.6,1030.6,784.6,emotional_stability_high4_PHv6CzBIC5E.001.mp4,1280,720,30.0,459,emotional_stability,high
148,4933,left_cheek,468.7,349.8,590.9,472.1,745.9,527.3,898.7,680.2,emotional_stability_high4_PHv6CzBIC5E.001.mp4,1280,720,30.0,459,emotional_stability,high
148,4933,right_cheek,673.8,352.1,723.5,464.6,1002.2,530.1,1064.3,670.8,emotional_stability_high4_PHv6CzBIC5E.001.mp4,1280,720,30.0,459,emotional_stability,high
149,4966,left_eye,497.9,271.2,622.9,336.7,782.4,429.0,938.7,510.9,emotional_stability_high4_PHv6CzBIC5E.001.mp4,1280,720,30.0,459,emotional_stability,high
149,4966,right_eye,660.0,272.8,729.8,338.1,985.0,431.0,1072.3,512.7,emotional_stability_high4_PHv6CzBIC5E.001.mp4,1280,720,30.0,459,emotional_stability,high
149,4966,nose,604.2,311.3,684.9,419.3,915.2,479.1,1016.2,614.1,emotional_stability_high4_PHv6CzBIC5E.001.mp4,1280,720,30.0,459,emotional_stability,high
149,4966,mouth,566.6,437.7,669.6,492.6,868.3,637.2,997.1,705.7,emotional_stability_high4_PHv6CzBIC5E.001.mp4,1280,720,30.0,459,emotional_stability,high
149,4966,forehead,414.4,208.9,725.8,462.3,678.0,351.1,1067.2,667.9,emotional_stability_high4_PHv6CzBIC5E.001.mp4,1280,720,30.0,459,emotional_stability,high
149,4966,chin,414.4,347.7,697.7,556.0,678.0,524.6,1032.2,785.0,emotional_stability_high4_PHv6CzBIC5E.001.mp4,1280,720,30.0,459,emotional_stability,high
149,4966,left_cheek,469.0,349.2,590.9,472.3,746.2,526.5,898.6,680.4,emotional_stability_high4_PHv6CzBIC5E.001.mp4,1280,720,30.0,459,emotional_stability,high
149,4966,right_cheek,673.8,352.2,723.9,465.6,1002.2,530.3,1064.9,672.0,emotional_stability_high4_PHv6CzBIC5E.001.mp4,1280,720,30.0,459,emotional_stability,high
150,5000,left_eye,496.8,270.9,622.9,336.8,781.0,428.6,938.6,511.0,emotional_stability_high4_PHv6CzBIC5E.001.mp4,1280,720,30.0,459,emotional_stability,high
150,5000,right_eye,659.7,272.0,729.5,337.9,984.6,430.0,1071.9,512.4,emotional_stability_high4_PHv6CzBIC5E.001.mp4,1280,720,30.0,459,emotional_stability,high
150,5000,nose,604.4,310.7,685.2,419.2,915.5,478.4,1016.5,614.0,emotional_stability_high4_PHv6CzBIC5E.001.mp4,1280,720,30.0,459,emotional_stability,high
150,5000,mouth,565.4,437.5,669.7,492.9,866.7,636.9,997.1,706.1,emotional_stability_high4_PHv6CzBIC5E.001.mp4,1280,720,30.0,459,emotional_stability,high
150,5000,forehead,403.7,207.1,725.1,467.0,664.6,348.9,1066.4,673.7,emotional_stability_high4_PHv6CzBIC5E.001.mp4,1280,720,30.0,459,emotional_stability,high
150,5000,chin,403.7,347.9,697.6,559.3,664.6,524.9,1032.0,789.1,emotional_stability_high4_PHv6CzBIC5E.001.mp4,1280,720,30.0,459,emotional_stability,high
150,5000,left_cheek,465.1,349.4,590.4,474.6,741.4,526.8,898.0,683.2,emotional_stability_high4_PHv6CzBIC5E.001.mp4,1280,720,30.0,459,emotional_stability,high
150,5000,right_cheek,673.8,352.7,724.2,468.1,1002.3,530.9,1065.3,675.1,emotional_stability_high4_PHv6CzBIC5E.001.mp4,1280,720,30.0,459,emotional_stability,high
151,5033,left_eye,496.6,270.9,622.8,336.5,780.7,428.6,938.5,510.6,emotional_stability_high4_PHv6CzBIC5E.001.mp4,1280,720,30.0,459,emotional_stability,high
151,5033,right_eye,659.7,272.1,731.1,337.9,984.6,430.1,1073.9,512.4,emotional_stability_high4_PHv6CzBIC5E.001.mp4,1280,720,30.0,459,emotional_stability,high
151,5033,nose,604.0,310.7,685.6,419.3,915.0,478.4,1017.0,614.1,emotional_stability_high4_PHv6CzBIC5E.001.mp4,1280,720,30.0,459,emotional_stability,high
151,5033,mouth,565.7,437.9,670.8,494.8,867.2,637.4,998.5,708.4,emotional_stability_high4_PHv6CzBIC5E.001.mp4,1280,720,30.0,459,emotional_stability,high
151,5033,forehead,405.3,206.8,727.2,466.0,666.6,348.5,1069.0,672.5,emotional_stability_high4_PHv6CzBIC5E.001.mp4,1280,720,30.0,459,emotional_stability,high
151,5033,chin,405.3,347.3,699.9,559.0,666.6,524.1,1034.9,788.8,emotional_stability_high4_PHv6CzBIC5E.001.mp4,1280,720,30.0,459,emotional_stability,high
151,5033,left_cheek,466.0,349.3,590.2,474.6,742.5,526.6,897.8,683.2,emotional_stability_high4_PHv6CzBIC5E.001.mp4,1280,720,30.0,459,emotional_stability,high
151,5033,right_cheek,674.4,351.8,726.7,467.8,1003.0,529.7,1068.4,674.7,emotional_stability_high4_PHv6CzBIC5E.001.mp4,1280,720,30.0,459,emotional_stability,high
152,5066,left_eye,497.1,270.5,622.9,336.6,781.3,428.1,938.6,510.7,emotional_stability_high4_PHv6CzBIC5E.001.mp4,1280,720,30.0,459,emotional_stability,high
152,5066,right_eye,659.7,272.7,731.0,338.8,984.7,430.9,1073.8,513.5,emotional_stability_high4_PHv6CzBIC5E.001.mp4,1280,720,30.0,459,emotional_stability,high
152,5066,nose,603.9,311.0,684.3,422.6,914.9,478.7,1015.4,618.3,emotional_stability_high4_PHv6CzBIC5E.001.mp4,1280,720,30.0,459,emotional_stability,high
152,5066,mouth,566.3,443.6,669.0,492.9,867.9,644.5,996.3,706.2,emotional_stability_high4_PHv6CzBIC5E.001.mp4,1280,720,30.0,459,emotional_stability,high
152,5066,forehead,406.5,206.7,726.8,465.9,668.1,348.3,1068.5,672.4,emotional_stability_high4_PHv6CzBIC5E.001.mp4,1280,720,30.0,459,emotional_stability,high
152,5066,chin,406.5,346.6,699.3,558.8,668.1,523.2,1034.1,788.5,emotional_stability_high4_PHv6CzBIC5E.001.mp4,1280,720,30.0,459,emotional_stability,high
152,5066,left_cheek,466.5,349.3,590.2,475.3,743.2,526.6,897.8,684.1,emotional_stability_high4_PHv6CzBIC5E.001.mp4,1280,720,30.0,459,emotional_stability,high
152,5066,right_cheek,674.1,354.2,726.6,471.1,1002.6,532.8,1068.2,678.9,emotional_stability_high4_PHv6CzBIC5E.001.mp4,1280,720,30.0,459,emotional_stability,high
153,5100,left_eye,503.8,270.6,624.1,336.6,789.8,428.2,940.2,510.7,emotional_stability_high4_PHv6CzBIC5E.001.mp4,1280,720,30.0,459,emotional_stability,high
153,5100,right_eye,660.4,272.7,731.1,338.8,985.6,430.8,1073.8,513.5,emotional_stability_high4_PHv6CzBIC5E.001.mp4,1280,720,30.0,459,emotional_stability,high
153,5100,nose,605.0,311.0,684.1,422.9,916.3,478.8,1015.1,618.6,emotional_stability_high4_PHv6CzBIC5E.001.mp4,1280,720,30.0,459,emotional_stability,high
153,5100,mouth,568.8,445.4,668.7,488.4,870.9,646.7,995.9,700.6,emotional_stability_high4_PHv6CzBIC5E.001.mp4,1280,720,30.0,459,emotional_stability,high
153,5100,forehead,423.9,206.7,727.3,464.8,689.9,348.4,1069.1,671.0,emotional_stability_high4_PHv6CzBIC5E.001.mp4,1280,720,30.0,459,emotional_stability,high
153,5100,chin,423.9,346.3,699.8,554.7,689.9,522.9,1034.7,783.4,emotional_stability_high4_PHv6CzBIC5E.001.mp4,1280,720,30.0,459,emotional_stability,high
153,5100,left_cheek,476.4,349.0,592.4,474.9,755.5,526.2,900.5,683.6,emotional_stability_high4_PHv6CzBIC5E.001.mp4,1280,720,30.0,459,emotional_stability,high
153,5100,right_cheek,674.1,354.2,726.8,470.5,1002.6,532.7,1068.5,678.1,emotional_stability_high4_PHv6CzBIC5E.001.mp4,1280,720,30.0,459,emotional_stability,high
154,5133,left_eye,508.7,270.6,626.0,336.6,795.8,428.2,942.5,510.8,emotional_stability_high4_PHv6CzBIC5E.001.mp4,1280,720,30.0,459,emotional_stability,high
154,5133,right_eye,660.5,273.4,730.4,340.2,985.6,431.8,1073.0,515.2,emotional_stability_high4_PHv6CzBIC5E.001.mp4,1280,720,30.0,459,emotional_stability,high
154,5133,nose,605.7,311.3,683.9,422.8,917.2,479.2,1014.8,618.5,emotional_stability_high4_PHv6CzBIC5E.001.mp4,1280,720,30.0,459,emotional_stability,high
154,5133,mouth,570.4,445.2,668.7,485.4,873.0,646.4,995.9,696.8,emotional_stability_high4_PHv6CzBIC5E.001.mp4,1280,720,30.0,459,emotional_stability,high
154,5133,forehead,430.5,207.2,727.2,461.0,698.1,349.0,1069.0,666.2,emotional_stability_high4_PHv6CzBIC5E.001.mp4,1280,720,30.0,459,emotional_stability,high
154,5133,chin,430.5,345.7,699.5,552.3,698.1,522.1,1034.4,780.4,emotional_stability_high4_PHv6CzBIC5E.001.mp4,1280,720,30.0,459,emotional_stability,high
154,5133,left_cheek,481.4,348.2,594.0,472.6,761.8,525.2,902.6,680.7,emotional_stability_high4_PHv6CzBIC5E.001.mp4,1280,720,30.0,459,emotional_stability,high
154,5133,right_cheek,673.9,355.1,725.8,470.1,1002.3,533.8,1067.3,677.6,emotional_stability_high4_PHv6CzBIC5E.001.mp4,1280,720,30.0,459,emotional_stability,high
155,5166,left_eye,509.3,270.3,627.7,336.7,796.6,427.9,944.7,510.8,emotional_stability_high4_PHv6CzBIC5E.001.mp4,1280,720,30.0,459,emotional_stability,high
155,5166,right_eye,660.4,274.7,729.3,341.9,985.5,433.4,1071.6,517.4,emotional_stability_high4_PHv6CzBIC5E.001.mp4,1280,720,30.0,459,emotional_stability,high
155,5166,nose,606.0,311.7,684.0,422.6,917.6,479.6,1015.0,618.2,emotional_stability_high4_PHv6CzBIC5E.001.mp4,1280,720,30.0,459,emotional_stability,high
155,5166,mouth,570.6,444.5,667.9,486.0,873.2,645.7,994.9,697.5,emotional_stability_high4_PHv6CzBIC5E.001.mp4,1280,720,30.0,459,emotional_stability,high
155,5166,forehead,426.2,207.7,725.7,459.9,692.7,349.6,1067.2,664.8,emotional_stability_high4_PHv6CzBIC5E.001.mp4,1280,720,30.0,459,emotional_stability,high
155,5166,chin,426.2,345.0,698.0,552.1,692.7,521.2,1032.5,780.1,emotional_stability_high4_PHv6CzBIC5E.001.mp4,1280,720,30.0,459,emotional_stability,high
155,5166,left_cheek,480.1,347.5,594.5,471.8,760.1,524.3,903.1,679.7,emotional_stability_high4_PHv6CzBIC5E.001.mp4,1280,720,30.0,459,emotional_stability,high
155,5166,right_cheek,673.8,356.6,724.3,470.3,1002.2,535.8,1065.4,677.8,emotional_stability_high4_PHv6CzBIC5E.001.mp4,1280,720,30.0,459,emotional_stability,high
156,5200,left_eye,509.0,270.3,628.1,336.8,796.3,427.9,945.1,511.0,emotional_stability_high4_PHv6CzBIC5E.001.mp4,1280,720,30.0,459,emotional_stability,high
156,5200,right_eye,661.1,275.8,729.4,341.7,986.4,434.7,1071.8,517.1,emotional_stability_high4_PHv6CzBIC5E.001.mp4,1280,720,30.0,459,emotional_stability,high
156,5200,nose,606.4,311.7,684.7,421.3,918.0,479.6,1015.9,616.6,emotional_stability_high4_PHv6CzBIC5E.001.mp4,1280,720,30.0,459,emotional_stability,high
156,5200,mouth,569.7,441.4,668.0,492.9,872.1,641.7,995.0,706.1,emotional_stability_high4_PHv6CzBIC5E.001.mp4,1280,720,30.0,459,emotional_stability,high
156,5200,forehead,428.8,207.9,725.8,458.9,696.0,349.9,1067.3,663.6,emotional_stability_high4_PHv6CzBIC5E.001.mp4,1280,720,30.0,459,emotional_stability,high
156,5200,chin,428.8,344.7,698.3,552.4,696.0,520.8,1032.9,780.5,emotional_stability_high4_PHv6CzBIC5E.001.mp4,1280,720,30.0,459,emotional_stability,high
156,5200,left_cheek,481.3,347.5,595.3,471.6,761.6,524.3,904.1,679.5,emotional_stability_high4_PHv6CzBIC5E.001.mp4,1280,720,30.0,459,emotional_stability,high
156,5200,right_cheek,674.0,355.9,724.0,468.8,1002.5,534.9,1065.0,676.0,emotional_stability_high4_PHv6CzBIC5E.001.mp4,1280,720,30.0,459,emotional_stability,high
157,5233,left_eye,508.2,269.9,628.0,337.0,795.3,427.3,945.0,511.3,emotional_stability_high4_PHv6CzBIC5E.001.mp4,1280,720,30.0,459,emotional_stability,high
157,5233,right_eye,661.4,276.3,729.4,341.6,986.8,435.4,1071.7,517.0,emotional_stability_high4_PHv6CzBIC5E.001.mp4,1280,720,30.0,459,emotional_stability,high
157,5233,nose,606.7,311.8,685.5,420.7,918.4,479.8,1016.9,615.9,emotional_stability_high4_PHv6CzBIC5E.001.mp4,1280,720,30.0,459,emotional_stability,high
157,5233,mouth,569.8,440.2,668.6,492.7,872.3,640.2,995.7,705.8,emotional_stability_high4_PHv6CzBIC5E.001.mp4,1280,720,30.0,459,emotional_stability,high
157,5233,forehead,427.0,208.1,725.8,458.7,693.7,350.1,1067.2,663.4,emotional_stability_high4_PHv6CzBIC5E.001.mp4,1280,720,30.0,459,emotional_stability,high
157,5233,chin,427.0,344.7,698.3,552.5,693.7,520.8,1032.9,780.6,emotional_stability_high4_PHv6CzBIC5E.001.mp4,1280,720,30.0,459,emotional_stability,high
157,5233,left_cheek,480.5,347.5,595.4,471.6,760.6,524.3,904.2,679.4,emotional_stability_high4_PHv6CzBIC5E.001.mp4,1280,720,30.0,459,emotional_stability,high
157,5233,right_cheek,674.1,355.8,723.6,468.7,1002.6,534.7,1064.5,675.9,emotional_stability_high4_PHv6CzBIC5E.001.mp4,1280,720,30.0,459,emotional_stability,high
158,5266,left_eye,507.9,270.0,627.9,337.2,794.8,427.5,944.8,511.5,emotional_stability_high4_PHv6CzBIC5E.001.mp4,1280,720,30.0,459,emotional_stability,high
158,5266,right_eye,661.4,276.6,729.5,341.4,986.8,435.8,1071.8,516.8,emotional_stability_high4_PHv6CzBIC5E.001.mp4,1280,720,30.0,459,emotional_stability,high
158,5266,nose,606.5,311.9,685.5,420.4,918.2,479.9,1016.9,615.5,emotional_stability_high4_PHv6CzBIC5E.001.mp4,1280,720,30.0,459,emotional_stability,high
158,5266,mouth,569.8,439.8,669.4,490.9,872.3,639.8,996.8,703.7,emotional_stability_high4_PHv6CzBIC5E.001.mp4,1280,720,30.0,459,emotional_stability,high
158,5266,forehead,427.7,208.2,726.5,458.8,694.7,350.2,1068.1,663.5,emotional_stability_high4_PHv6CzBIC5E.001.mp4,1280,720,30.0,459,emotional_stability,high
158,5266,chin,427.7,344.8,700.4,552.7,694.7,521.0,1035.5,780.9,emotional_stability_high4_PHv6CzBIC5E.001.mp4,1280,720,30.0,459,emotional_stability,high
158,5266,left_cheek,480.4,347.5,595.2,471.4,760.5,524.3,904.1,679.2,emotional_stability_high4_PHv6CzBIC5E.001.mp4,1280,720,30.0,459,emotional_stability,high
158,5266,right_cheek,674.1,355.6,724.0,468.7,1002.6,534.5,1065.0,675.9,emotional_stability_high4_PHv6CzBIC5E.001.mp4,1280,720,30.0,459,emotional_stability,high
159,5300,left_eye,509.2,269.9,628.0,337.2,796.5,427.4,945.0,511.5,emotional_stability_high4_PHv6CzBIC5E.001.mp4,1280,720,30.0,459,emotional_stability,high
159,5300,right_eye,661.3,276.7,727.6,341.3,986.6,435.9,1069.6,516.7,emotional_stability_high4_PHv6CzBIC5E.001.mp4,1280,720,30.0,459,emotional_stability,high
159,5300,nose,607.1,311.7,685.6,419.0,918.9,479.7,1017.0,613.7,emotional_stability_high4_PHv6CzBIC5E.001.mp4,1280,720,30.0,459,emotional_stability,high
159,5300,mouth,569.9,438.2,670.2,489.3,872.3,637.8,997.8,701.6,emotional_stability_high4_PHv6CzBIC5E.001.mp4,1280,720,30.0,459,emotional_stability,high
159,5300,forehead,429.0,208.3,724.4,458.9,696.2,350.3,1065.5,663.6,emotional_stability_high4_PHv6CzBIC5E.001.mp4,1280,720,30.0,459,emotional_stability,high
159,5300,chin,429.0,344.9,699.9,552.8,696.2,521.1,1034.9,781.1,emotional_stability_high4_PHv6CzBIC5E.001.mp4,1280,720,30.0,459,emotional_stability,high
159,5300,left_cheek,481.6,347.4,595.7,471.2,762.0,524.3,904.6,679.0,emotional_stability_high4_PHv6CzBIC5E.001.mp4,1280,720,30.0,459,emotional_stability,high
159,5300,right_cheek,674.1,355.5,722.8,468.6,1002.6,534.4,1063.5,675.7,emotional_stability_high4_PHv6CzBIC5E.001.mp4,1280,720,30.0,459,emotional_stability,high
160,5333,left_eye,509.7,269.9,628.2,336.5,797.1,427.4,945.2,510.7,emotional_stability_high4_PHv6CzBIC5E.001.mp4,1280,720,30.0,459,emotional_stability,high
160,5333,right_eye,661.3,276.7,727.9,341.0,986.6,435.8,1069.8,516.3,emotional_stability_high4_PHv6CzBIC5E.001.mp4,1280,720,30.0,459,emotional_stability,high
160,5333,nose,607.1,311.4,685.5,418.4,918.9,479.3,1016.9,613.0,emotional_stability_high4_PHv6CzBIC5E.001.mp4,1280,720,30.0,459,emotional_stability,high
160,5333,mouth,569.9,436.9,671.3,489.1,872.4,636.2,999.1,701.4,emotional_stability_high4_PHv6CzBIC5E.001.mp4,1280,720,30.0,459,emotional_stability,high
160,5333,forehead,429.8,208.2,724.8,459.0,697.3,350.2,1066.0,663.8,emotional_stability_high4_PHv6CzBIC5E.001.mp4,1280,720,30.0,459,emotional_stability,high
160,5333,chin,429.8,344.7,700.7,553.0,697.3,520.9,1035.9,781.3,emotional_stability_high4_PHv6CzBIC5E.001.mp4,1280,720,30.0,459,emotional_stability,high
160,5333,left_cheek,482.0,346.8,595.8,471.0,762.5,523.5,904.7,678.8,emotional_stability_high4_PHv6CzBIC5E.001.mp4,1280,720,30.0,459,emotional_stability,high
160,5333,right_cheek,674.1,355.5,723.0,468.5,1002.6,534.4,1063.8,675.7,emotional_stability_high4_PHv6CzBIC5E.001.mp4,1280,720,30.0,459,emotional_stability,high
161,5366,left_eye,509.9,270.5,628.3,336.6,797.4,428.1,945.4,510.7,emotional_stability_high4_PHv6CzBIC5E.001.mp4,1280,720,30.0,459,emotional_stability,high
161,5366,right_eye,661.8,276.9,728.3,341.0,987.2,436.1,1070.3,516.3,emotional_stability_high4_PHv6CzBIC5E.001.mp4,1280,720,30.0,459,emotional_stability,high
161,5366,nose,607.3,311.5,685.8,418.3,919.1,479.3,1017.2,612.9,emotional_stability_high4_PHv6CzBIC5E.001.mp4,1280,720,30.0,459,emotional_stability,high
161,5366,mouth,569.9,436.9,671.9,489.1,872.4,636.1,999.9,701.3,emotional_stability_high4_PHv6CzBIC5E.001.mp4,1280,720,30.0,459,emotional_stability,high
161,5366,forehead,429.8,208.9,725.3,458.9,697.2,351.1,1066.6,663.6,emotional_stability_high4_PHv6CzBIC5E.001.mp4,1280,720,30.0,459,emotional_stability,high
161,5366,chin,429.8,344.7,701.1,552.4,697.2,520.9,1036.4,780.5,emotional_stability_high4_PHv6CzBIC5E.001.mp4,1280,720,30.0,459,emotional_stability,high
161,5366,left_cheek,481.9,346.8,595.9,470.7,762.4,523.6,904.9,678.3,emotional_stability_high4_PHv6CzBIC5E.001.mp4,1280,720,30.0,459,emotional_stability,high
161,5366,right_cheek,674.3,355.4,723.5,468.3,1002.9,534.3,1064.4,675.4,emotional_stability_high4_PHv6CzBIC5E.001.mp4,1280,720,30.0,459,emotional_stability,high
162,5400,left_eye,509.7,269.0,628.7,335.8,797.1,426.2,945.9,509.7,emotional_stability_high4_PHv6CzBIC5E.001.mp4,1280,720,30.0,459,emotional_stability,high
162,5400,right_eye,662.1,276.8,729.0,341.0,987.6,436.0,1071.3,516.2,emotional_stability_high4_PHv6CzBIC5E.001.mp4,1280,720,30.0,459,emotional_stability,high
162,5400,nose,607.4,311.4,686.2,417.9,919.2,479.2,1017.8,612.3,emotional_stability_high4_PHv6CzBIC5E.001.mp4,1280,720,30.0,459,emotional_stability,high
162,5400,mouth,569.0,436.8,672.1,487.1,871.3,635.9,1000.1,698.9,emotional_stability_high4_PHv6CzBIC5E.001.mp4,1280,720,30.0,459,emotional_stability,high
162,5400,forehead,429.1,208.9,726.1,457.7,696.3,351.1,1067.6,662.2,emotional_stability_high4_PHv6CzBIC5E.001.mp4,1280,720,30.0,459,emotional_stability,high
162,5400,chin,429.1,343.7,700.6,552.1,696.3,519.7,1035.8,780.2,emotional_stability_high4_PHv6CzBIC5E.001.mp4,1280,720,30.0,459,emotional_stability,high
162,5400,left_cheek,481.6,345.8,595.9,469.7,762.0,522.2,904.8,677.1,emotional_stability_high4_PHv6CzBIC5E.001.mp4,1280,720,30.0,459,emotional_stability,high
162,5400,right_cheek,674.5,355.6,723.5,468.2,1003.1,534.5,1064.4,675.2,emotional_stability_high4_PHv6CzBIC5E.001.mp4,1280,720,30.0,459,emotional_stability,high
163,5433,left_eye,509.6,271.3,627.4,335.8,797.0,429.2,944.3,509.8,emotional_stability_high4_PHv6CzBIC5E.001.mp4,1280,720,30.0,459,emotional_stability,high
163,5433,right_eye,662.2,277.0,731.9,341.0,987.7,436.3,1074.8,516.2,emotional_stability_high4_PHv6CzBIC5E.001.mp4,1280,720,30.0,459,emotional_stability,high
163,5433,nose,603.9,311.9,684.6,417.9,914.9,479.9,1015.8,612.3,emotional_stability_high4_PHv6CzBIC5E.001.mp4,1280,720,30.0,459,emotional_stability,high
163,5433,mouth,566.0,437.0,671.0,486.5,867.5,636.2,998.8,698.1,emotional_stability_high4_PHv6CzBIC5E.001.mp4,1280,720,30.0,459,emotional_stability,high
163,5433,forehead,430.8,209.6,730.2,455.8,698.5,351.9,1072.7,659.8,emotional_stability_high4_PHv6CzBIC5E.001.mp4,1280,720,30.0,459,emotional_stability,high
163,5433,chin,430.8,342.6,705.2,551.1,698.5,518.3,1041.5,778.9,emotional_stability_high4_PHv6CzBIC5E.001.mp4,1280,720,30.0,459,emotional_stability,high
163,5433,left_cheek,481.4,345.6,594.1,468.9,761.8,522.0,902.6,676.1,emotional_stability_high4_PHv6CzBIC5E.001.mp4,1280,720,30.0,459,emotional_stability,high
163,5433,right_cheek,674.2,355.5,725.2,468.1,1002.7,534.4,1066.5,675.2,emotional_stability_high4_PHv6CzBIC5E.001.mp4,1280,720,30.0,459,emotional_stability,high
164,5466,left_eye,505.7,269.7,625.3,335.8,792.1,427.2,941.6,509.8,emotional_stability_high4_PHv6CzBIC5E.001.mp4,1280,720,30.0,459,emotional_stability,high
164,5466,right_eye,661.0,277.2,732.8,342.5,986.3,436.5,1076.0,518.1,emotional_stability_high4_PHv6CzBIC5E.001.mp4,1280,720,30.0,459,emotional_stability,high
164,5466,nose,598.7,312.4,683.1,419.3,908.4,480.5,1013.9,614.1,emotional_stability_high4_PHv6CzBIC5E.001.mp4,1280,720,30.0,459,emotional_stability,high
164,5466,mouth,562.2,437.1,666.8,484.6,862.7,636.4,993.5,695.8,emotional_stability_high4_PHv6CzBIC5E.001.mp4,1280,720,30.0,459,emotional_stability,high
164,5466,forehead,425.9,209.3,731.8,456.3,692.3,351.6,1074.8,660.4,emotional_stability_high4_PHv6CzBIC5E.001.mp4,1280,720,30.0,459,emotional_stability,high
164,5466,chin,425.9,338.5,704.2,550.0,692.3,513.1,1040.3,777.5,emotional_stability_high4_PHv6CzBIC5E.001.mp4,1280,720,30.0,459,emotional_stability,high
164,5466,left_cheek,474.2,342.8,589.6,466.0,752.8,518.5,897.0,672.5,emotional_stability_high4_PHv6CzBIC5E.001.mp4,1280,720,30.0,459,emotional_stability,high
164,5466,right_cheek,672.7,356.8,725.2,468.2,1000.9,536.0,1066.5,675.3,emotional_stability_high4_PHv6CzBIC5E.001.mp4,1280,720,30.0,459,emotional_stability,high
165,5500,left_eye,503.6,269.7,620.8,335.6,789.5,427.1,936.0,509.5,emotional_stability_high4_PHv6CzBIC5E.001.mp4,1280,720,30.0,459,emotional_stability,high
165,5500,right_eye,657.4,277.4,731.6,342.4,981.8,436.8,1074.5,518.0,emotional_stability_high4_PHv6CzBIC5E.001.mp4,1280,720,30.0,459,emotional_stability,high
165,5500,nose,594.8,312.7,678.1,419.7,903.5,480.9,1007.6,614.7,emotional_stability_high4_PHv6CzBIC5E.001.mp4,1280,720,30.0,459,emotional_stability,high
165,5500,mouth,561.3,437.2,660.6,482.0,861.6,636.5,985.8,692.5,emotional_stability_high4_PHv6CzBIC5E.001.mp4,1280,720,30.0,459,emotional_stability,high
165,5500,forehead,427.9,209.5,731.2,453.7,694.8,351.9,1074.0,657.2,emotional_stability_high4_PHv6CzBIC5E.001.mp4,1280,720,30.0,459,emotional_stability,high
165,5500,chin,427.9,337.4,704.1,547.2,694.8,511.7,1040.1,773.9,emotional_stability_high4_PHv6CzBIC5E.001.mp4,1280,720,30.0,459,emotional_stability,high
165,5500,left_cheek,474.8,342.0,586.5,463.6,753.4,517.4,893.2,669.6,emotional_stability_high4_PHv6CzBIC5E.001.mp4,1280,720,30.0,459,emotional_stability,high
165,5500,right_cheek,668.6,356.3,724.0,466.2,995.8,535.4,1065.0,672.8,emotional_stability_high4_PHv6CzBIC5E.001.mp4,1280,720,30.0,459,emotional_stability,high
166,5533,left_eye,499.2,269.4,615.7,335.6,784.0,426.7,929.6,509.4,emotional_stability_high4_PHv6CzBIC5E.001.mp4,1280,720,30.0,459,emotional_stability,high
166,5533,right_eye,655.0,277.2,731.4,342.3,978.8,436.5,1074.3,517.9,emotional_stability_high4_PHv6CzBIC5E.001.mp4,1280,720,30.0,459,emotional_stability,high
166,5533,nose,591.1,312.7,674.4,419.9,898.8,480.9,1003.1,614.9,emotional_stability_high4_PHv6CzBIC5E.001.mp4,1280,720,30.0,459,emotional_stability,high
166,5533,mouth,560.7,438.5,659.8,477.5,860.9,638.1,984.7,686.9,emotional_stability_high4_PHv6CzBIC5E.001.mp4,1280,720,30.0,459,emotional_stability,high
166,5533,forehead,427.8,208.4,730.7,452.9,694.8,350.5,1073.4,656.1,emotional_stability_high4_PHv6CzBIC5E.001.mp4,1280,720,30.0,459,emotional_stability,high
166,5533,chin,427.8,336.5,704.8,545.0,694.8,510.6,1041.1,771.2,emotional_stability_high4_PHv6CzBIC5E.001.mp4,1280,720,30.0,459,emotional_stability,high
166,5533,left_cheek,471.6,341.2,582.7,462.6,749.4,516.5,888.3,668.2,emotional_stability_high4_PHv6CzBIC5E.001.mp4,1280,720,30.0,459,emotional_stability,high
166,5533,right_cheek,666.1,355.2,724.0,465.6,992.7,534.0,1065.0,672.0,emotional_stability_high4_PHv6CzBIC5E.001.mp4,1280,720,30.0,459,emotional_stability,high
167,5566,left_eye,499.2,269.4,616.7,335.9,784.0,426.7,930.9,509.9,emotional_stability_high4_PHv6CzBIC5E.001.mp4,1280,720,30.0,459,emotional_stability,high
167,5566,right_eye,655.4,275.2,731.3,341.3,979.3,434.0,1074.2,516.6,emotional_stability_high4_PHv6CzBIC5E.001.mp4,1280,720,30.0,459,emotional_stability,high
167,5566,nose,592.8,312.4,676.1,420.2,901.0,480.5,1005.1,615.3,emotional_stability_high4_PHv6CzBIC5E.001.mp4,1280,720,30.0,459,emotional_stability,high
167,5566,mouth,561.6,439.9,661.4,474.9,861.9,639.9,986.7,683.6,emotional_stability_high4_PHv6CzBIC5E.001.mp4,1280,720,30.0,459,emotional_stability,high
167,5566,forehead,426.5,208.1,730.6,452.7,693.1,350.2,1073.2,655.9,emotional_stability_high4_PHv6CzBIC5E.001.mp4,1280,720,30.0,459,emotional_stability,high
167,5566,chin,426.5,337.3,704.7,543.3,693.1,511.6,1040.9,769.1,emotional_stability_high4_PHv6CzBIC5E.001.mp4,1280,720,30.0,459,emotional_stability,high
167,5566,left_cheek,470.7,341.5,583.5,463.3,748.3,516.9,889.4,669.1,emotional_stability_high4_PHv6CzBIC5E.001.mp4,1280,720,30.0,459,emotional_stability,high
167,5566,right_cheek,667.1,354.6,725.0,465.0,993.9,533.3,1066.3,671.2,emotional_stability_high4_PHv6CzBIC5E.001.mp4,1280,720,30.0,459,emotional_stability,high
168,5600,left_eye,499.8,268.0,617.8,335.8,784.7,425.0,932.2,509.7,emotional_stability_high4_PHv6CzBIC5E.001.mp4,1280,720,30.0,459,emotional_stability,high
168,5600,right_eye,655.6,273.5,732.4,340.2,979.4,431.8,1075.5,515.3,emotional_stability_high4_PHv6CzBIC5E.001.mp4,1280,720,30.0,459,emotional_stability,high
168,5600,nose,593.5,311.7,677.1,419.6,901.9,479.7,1006.4,614.5,emotional_stability_high4_PHv6CzBIC5E.001.mp4,1280,720,30.0,459,emotional_stability,high
168,5600,mouth,562.0,439.1,664.3,475.6,862.5,638.9,990.3,684.5,emotional_stability_high4_PHv6CzBIC5E.001.mp4,1280,720,30.0,459,emotional_stability,high
168,5600,forehead,426.0,207.4,731.3,453.0,692.5,349.3,1074.1,656.3,emotional_stability_high4_PHv6CzBIC5E.001.mp4,1280,720,30.0,459,emotional_stability,high
168,5600,chin,426.0,337.9,708.1,543.6,692.5,512.4,1045.1,769.5,emotional_stability_high4_PHv6CzBIC5E.001.mp4,1280,720,30.0,459,emotional_stability,high
168,5600,left_cheek,471.2,341.9,584.3,463.6,749.0,517.3,890.3,669.5,emotional_stability_high4_PHv6CzBIC5E.001.mp4,1280,720,30.0,459,emotional_stability,high
168,5600,right_cheek,667.4,354.3,728.1,465.0,994.3,532.9,1070.1,671.2,emotional_stability_high4_PHv6CzBIC5E.001.mp4,1280,720,30.0,459,emotional_stability,high
169,5633,left_eye,499.9,268.0,618.4,335.4,784.9,425.0,932.9,509.3,emotional_stability_high4_PHv6CzBIC5E.001.mp4,1280,720,30.0,459,emotional_stability,high
169,5633,right_eye,655.9,272.9,732.3,339.0,979.9,431.2,1075.3,513.8,emotional_stability_high4_PHv6CzBIC5E.001.mp4,1280,720,30.0,459,emotional_stability,high
169,5633,nose,594.6,311.0,677.7,418.0,903.2,478.8,1007.1,612.5,emotional_stability_high4_PHv6CzBIC5E.001.mp4,1280,720,30.0,459,emotional_stability,high
169,5633,mouth,563.6,437.1,665.2,476.8,864.5,636.4,991.5,686.0,emotional_stability_high4_PHv6CzBIC5E.001.mp4,1280,720,30.0,459,emotional_stability,high
169,5633,forehead,424.6,207.3,730.8,452.8,690.7,349.1,1073.6,656.0,emotional_stability_high4_PHv6CzBIC5E.001.mp4,1280,720,30.0,459,emotional_stability,high
169,5633,chin,424.6,338.2,707.2,543.6,690.7,512.8,1044.0,769.5,emotional_stability_high4_PHv6CzBIC5E.001.mp4,1280,720,30.0,459,emotional_stability,high
169,5633,left_cheek,471.6,342.1,584.8,463.7,749.4,517.6,891.0,669.6,emotional_stability_high4_PHv6CzBIC5E.001.mp4,1280,720,30.0,459,emotional_stability,high
169,5633,right_cheek,668.0,353.3,727.7,464.3,995.0,531.6,1069.7,670.4,emotional_stability_high4_PHv6CzBIC5E.001.mp4,1280,720,30.0,459,emotional_stability,high
170,5666,left_eye,499.0,267.9,617.6,334.5,783.8,424.9,932.0,508.2,emotional_stability_high4_PHv6CzBIC5E.001.mp4,1280,720,30.0,459,emotional_stability,high
170,5666,right_eye,656.2,270.9,732.0,335.4,980.3,428.6,1075.0,509.3,emotional_stability_high4_PHv6CzBIC5E.001.mp4,1280,720,30.0,459,emotional_stability,high
170,5666,nose,595.1,309.5,678.0,416.1,903.9,476.9,1007.5,610.2,emotional_stability_high4_PHv6CzBIC5E.001.mp4,1280,720,30.0,459,emotional_stability,high
170,5666,mouth,565.9,435.7,667.1,477.4,867.4,634.6,993.8,686.8,emotional_stability_high4_PHv6CzBIC5E.001.mp4,1280,720,30.0,459,emotional_stability,high
170,5666,forehead,424.2,206.3,730.6,451.0,690.3,347.8,1073.2,653.7,emotional_stability_high4_PHv6CzBIC5E.001.mp4,1280,720,30.0,459,emotional_stability,high
170,5666,chin,424.2,338.7,707.7,543.7,690.3,513.4,1044.6,769.6,emotional_stability_high4_PHv6CzBIC5E.001.mp4,1280,720,30.0,459,emotional_stability,high
170,5666,left_cheek,471.1,342.1,585.0,463.9,748.9,517.7,891.2,669.9,emotional_stability_high4_PHv6CzBIC5E.001.mp4,1280,720,30.0,459,emotional_stability,high
170,5666,right_cheek,668.3,350.0,727.8,462.8,995.4,527.5,1069.7,668.5,emotional_stability_high4_PHv6CzBIC5E.001.mp4,1280,720,30.0,459,emotional_stability,high
171,5700,left_eye,499.3,265.9,617.9,332.4,784.1,422.4,932.4,505.5,emotional_stability_high4_PHv6CzBIC5E.001.mp4,1280,720,30.0,459,emotional_stability,high
171,5700,right_eye,659.1,268.5,733.3,332.4,983.9,425.7,1076.6,505.6,emotional_stability_high4_PHv6CzBIC5E.001.mp4,1280,720,30.0,459,emotional_stability,high
171,5700,nose,595.3,306.9,680.3,413.9,904.2,473.6,1010.4,607.3,emotional_stability_high4_PHv6CzBIC5E.001.mp4,1280,720,30.0,459,emotional_stability,high
171,5700,mouth,569.9,433.4,671.1,477.5,872.4,631.7,998.9,686.9,emotional_stability_high4_PHv6CzBIC5E.001.mp4,1280,720,30.0,459,emotional_stability,high
171,5700,forehead,427.2,203.0,731.8,450.1,694.1,343.8,1074.7,652.7,emotional_stability_high4_PHv6CzBIC5E.001.mp4,1280,720,30.0,459,emotional_stability,high
171,5700,chin,427.2,338.5,711.9,543.3,694.1,513.1,1049.9,769.1,emotional_stability_high4_PHv6CzBIC5E.001.mp4,1280,720,30.0,459,emotional_stability,high
171,5700,left_cheek,472.9,341.7,586.0,464.0,751.1,517.1,892.5,670.1,emotional_stability_high4_PHv6CzBIC5E.001.mp4,1280,720,30.0,459,emotional_stability,high
171,5700,right_cheek,670.5,346.4,730.4,461.3,998.1,522.9,1073.0,666.6,emotional_stability_high4_PHv6CzBIC5E.001.mp4,1280,720,30.0,459,emotional_stability,high
172,5733,left_eye,499.5,266.2,620.0,332.7,784.4,422.7,935.0,505.9,emotional_stability_high4_PHv6CzBIC5E.001.mp4,1280,720,30.0,459,emotional_stability,high
172,5733,right_eye,659.3,267.4,732.5,332.2,984.2,424.3,1075.7,505.2,emotional_stability_high4_PHv6CzBIC5E.001.mp4,1280,720,30.0,459,emotional_stability,high
172,5733,nose,597.9,307.2,683.0,414.3,907.4,474.0,1013.7,607.8,emotional_stability_high4_PHv6CzBIC5E.001.mp4,1280,720,30.0,459,emotional_stability,high
172,5733,mouth,570.9,431.8,674.3,478.4,873.6,629.7,1002.8,688.0,emotional_stability_high4_PHv6CzBIC5E.001.mp4,1280,720,30.0,459,emotional_stability,high
172,5733,forehead,418.3,203.4,730.5,450.3,682.9,344.3,1073.1,652.9,emotional_stability_high4_PHv6CzBIC5E.001.mp4,1280,720,30.0,459,emotional_stability,high
172,5733,chin,418.3,338.6,708.0,543.4,682.9,513.3,1044.9,769.3,emotional_stability_high4_PHv6CzBIC5E.001.mp4,1280,720,30.0,459,emotional_stability,high
172,5733,left_cheek,471.2,341.8,586.9,464.2,749.0,517.2,893.7,670.2,emotional_stability_high4_PHv6CzBIC5E.001.mp4,1280,720,30.0,459,emotional_stability,high
172,5733,right_cheek,672.0,346.4,730.3,460.8,1000.0,523.0,1072.9,666.0,emotional_stability_high4_PHv6CzBIC5E.001.mp4,1280,720,30.0,459,emotional_stability,high
173,5766,left_eye,499.8,267.2,621.2,332.1,784.8,424.0,936.6,505.1,emotional_stability_high4_PHv6CzBIC5E.001.mp4,1280,720,30.0,459,emotional_stability,high
173,5766,right_eye,660.3,267.8,734.0,331.1,985.4,424.7,1077.5,503.8,emotional_stability_high4_PHv6CzBIC5E.001.mp4,1280,720,30.0,459,emotional_stability,high
173,5766,nose,598.5,307.1,684.7,414.1,908.1,473.9,1015.9,607.6,emotional_stability_high4_PHv6CzBIC5E.001.mp4,1280,720,30.0,459,emotional_stability,high
173,5766,mouth,570.4,431.0,674.7,478.7,873.1,628.8,1003.3,688.3,emotional_stability_high4_PHv6CzBIC5E.001.mp4,1280,720,30.0,459,emotional_stability,high
173,5766,forehead,419.6,203.7,731.8,450.4,684.5,344.6,1074.7,653.0,emotional_stability_high4_PHv6CzBIC5E.001.mp4,1280,720,30.0,459,emotional_stability,high
173,5766,chin,419.6,338.6,709.2,543.3,684.5,513.2,1046.6,769.2,emotional_stability_high4_PHv6CzBIC5E.001.mp4,1280,720,30.0,459,emotional_stability,high
173,5766,left_cheek,471.3,341.9,587.9,464.3,749.2,517.4,894.9,670.3,emotional_stability_high4_PHv6CzBIC5E.001.mp4,1280,720,30.0,459,emotional_stability,high
173,5766,right_cheek,673.6,345.7,731.4,460.2,1002.0,522.1,1074.2,665.2,emotional_stability_high4_PHv6CzBIC5E.001.mp4,1280,720,30.0,459,emotional_stability,high
174,5800,left_eye,500.2,268.0,621.7,332.0,785.3,425.0,937.1,505.0,emotional_stability_high4_PHv6CzBIC5E.001.mp4,1280,720,30.0,459,emotional_stability,high
174,5800,right_eye,661.0,268.1,733.8,330.5,986.2,425.1,1077.2,503.2,emotional_stability_high4_PHv6CzBIC5E.001.mp4,1280,720,30.0,459,emotional_stability,high
174,5800,nose,599.1,307.0,684.6,413.9,908.9,473.8,1015.8,607.4,emotional_stability_high4_PHv6CzBIC5E.001.mp4,1280,720,30.0,459,emotional_stability,high
174,5800,mouth,571.5,431.3,674.8,478.9,874.4,629.1,1003.6,688.7,emotional_stability_high4_PHv6CzBIC5E.001.mp4,1280,720,30.0,459,emotional_stability,high
174,5800,forehead,420.2,203.7,731.6,450.5,685.3,344.6,1074.5,653.1,emotional_stability_high4_PHv6CzBIC5E.001.mp4,1280,720,30.0,459,emotional_stability,high
174,5800,chin,420.2,338.6,709.7,542.3,685.3,513.3,1047.1,767.9,emotional_stability_high4_PHv6CzBIC5E.001.mp4,1280,720,30.0,459,emotional_stability,high
174,5800,left_cheek,471.4,342.0,588.5,464.3,749.2,517.5,895.6,670.4,emotional_stability_high4_PHv6CzBIC5E.001.mp4,1280,720,30.0,459,emotional_stability,high
174,5800,right_cheek,673.8,345.1,731.2,459.6,1002.2,521.3,1073.9,664.5,emotional_stability_high4_PHv6CzBIC5E.001.mp4,1280,720,30.0,459,emotional_stability,high
175,5833,left_eye,503.9,271.0,624.1,332.1,789.9,428.7,940.2,505.1,emotional_stability_high4_PHv6CzBIC5E.001.mp4,1280,720,30.0,459,emotional_stability,high
175,5833,right_eye,662.5,268.4,734.9,330.8,988.1,425.5,1078.6,503.5,emotional_stability_high4_PHv6CzBIC5E.001.mp4,1280,720,30.0,459,emotional_stability,high
175,5833,nose,600.5,307.2,685.1,414.1,910.6,474.0,1016.4,607.7,emotional_stability_high4_PHv6CzBIC5E.001.mp4,1280,720,30.0,459,emotional_stability,high
175,5833,mouth,576.2,431.4,675.2,479.1,880.3,629.3,1003.9,688.9,emotional_stability_high4_PHv6CzBIC5E.001.mp4,1280,720,30.0,459,emotional_stability,high
175,5833,forehead,423.6,204.5,732.9,451.3,689.4,345.7,1076.1,654.2,emotional_stability_high4_PHv6CzBIC5E.001.mp4,1280,720,30.0,459,emotional_stability,high
175,5833,chin,423.6,339.3,712.2,542.4,689.4,514.1,1050.2,768.1,emotional_stability_high4_PHv6CzBIC5E.001.mp4,1280,720,30.0,459,emotional_stability,high
175,5833,left_cheek,474.6,342.8,590.8,464.9,753.2,518.4,898.5,671.1,emotional_stability_high4_PHv6CzBIC5E.001.mp4,1280,720,30.0,459,emotional_stability,high
175,5833,right_cheek,674.9,345.1,733.0,459.5,1003.6,521.4,1076.2,664.3,emotional_stability_high4_PHv6CzBIC5E.001.mp4,1280,720,30.0,459,emotional_stability,high
176,5866,left_eye,504.9,271.6,625.4,332.1,791.2,429.5,941.7,505.2,emotional_stability_high4_PHv6CzBIC5E.001.mp4,1280,720,30.0,459,emotional_stability,high
176,5866,right_eye,663.3,268.2,734.6,330.5,989.1,425.2,1078.3,503.2,emotional_stability_high4_PHv6CzBIC5E.001.mp4,1280,720,30.0,459,emotional_stability,high
176,5866,nose,601.0,307.3,685.5,414.3,911.3,474.1,1016.9,607.9,emotional_stability_high4_PHv6CzBIC5E.001.mp4,1280,720,30.0,459,emotional_stability,high
176,5866,mouth,576.9,431.6,675.1,480.0,881.1,629.5,1003.9,689.9,emotional_stability_high4_PHv6CzBIC5E.001.mp4,1280,720,30.0,459,emotional_stability,high
176,5866,forehead,423.6,204.7,732.7,451.9,689.5,345.9,1075.9,654.8,emotional_stability_high4_PHv6CzBIC5E.001.mp4,1280,720,30.0,459,emotional_stability,high
176,5866,chin,423.6,339.8,711.9,541.8,689.5,514.8,1049.9,767.2,emotional_stability_high4_PHv6CzBIC5E.001.mp4,1280,720,30.0,459,emotional_stability,high
176,5866,left_cheek,475.2,343.7,591.6,465.4,754.0,519.7,899.5,671.8,emotional_stability_high4_PHv6CzBIC5E.001.mp4,1280,720,30.0,459,emotional_stability,high
176,5866,right_cheek,675.4,344.8,732.9,459.4,1004.2,520.9,1076.1,664.2,emotional_stability_high4_PHv6CzBIC5E.001.mp4,1280,720,30.0,459,emotional_stability,high
177,5900,left_eye,507.5,272.2,626.7,332.2,794.3,430.3,943.3,505.3,emotional_stability_high4_PHv6CzBIC5E.001.mp4,1280,720,30.0,459,emotional_stability,high
177,5900,right_eye,663.1,268.2,734.6,330.1,988.8,425.2,1078.2,502.6,emotional_stability_high4_PHv6CzBIC5E.001.mp4,1280,720,30.0,459,emotional_stability,high
177,5900,nose,601.3,307.4,685.4,414.6,911.7,474.2,1016.7,608.2,emotional_stability_high4_PHv6CzBIC5E.001.mp4,1280,720,30.0,459,emotional_stability,high
177,5900,mouth,578.2,432.4,674.8,480.2,882.7,630.5,1003.5,690.2,emotional_stability_high4_PHv6CzBIC5E.001.mp4,1280,720,30.0,459,emotional_stability,high
177,5900,forehead,426.5,205.5,732.5,451.6,693.1,346.9,1075.7,654.5,emotional_stability_high4_PHv6CzBIC5E.001.mp4,1280,720,30.0,459,emotional_stability,high
177,5900,chin,426.5,339.8,711.4,541.9,693.1,514.7,1049.3,767.4,emotional_stability_high4_PHv6CzBIC5E.001.mp4,1280,720,30.0,459,emotional_stability,high
177,5900,left_cheek,477.9,344.0,592.5,465.4,757.4,519.9,900.6,671.8,emotional_stability_high4_PHv6CzBIC5E.001.mp4,1280,720,30.0,459,emotional_stability,high
177,5900,right_cheek,675.3,343.9,732.5,458.7,1004.1,519.9,1075.6,663.4,emotional_stability_high4_PHv6CzBIC5E.001.mp4,1280,720,30.0,459,emotional_stability,high
178,5933,left_eye,508.3,272.0,627.1,331.8,795.3,430.1,943.9,504.7,emotional_stability_high4_PHv6CzBIC5E.001.mp4,1280,720,30.0,459,emotional_stability,high
178,5933,right_eye,663.1,267.9,734.2,329.6,988.9,424.8,1077.7,502.0,emotional_stability_high4_PHv6CzBIC5E.001.mp4,1280,720,30.0,459,emotional_stability,high
178,5933,nose,601.5,307.0,685.5,414.5,911.9,473.8,1016.9,608.1,emotional_stability_high4_PHv6CzBIC5E.001.mp4,1280,720,30.0,459,emotional_stability,high
178,5933,mouth,577.9,432.6,674.7,480.1,882.3,630.8,1003.4,690.1,emotional_stability_high4_PHv6CzBIC5E.001.mp4,1280,720,30.0,459,emotional_stability,high
178,5933,forehead,426.8,205.6,732.5,452.0,693.5,346.9,1075.6,655.0,emotional_stability_high4_PHv6CzBIC5E.001.mp4,1280,720,30.0,459,emotional_stability,high
178,5933,chin,426.8,340.1,711.1,540.1,693.5,515.1,1048.9,765.1,emotional_stability_high4_PHv6CzBIC5E.001.mp4,1280,720,30.0,459,emotional_stability,high
178,5933,left_cheek,478.3,344.0,592.9,465.5,757.9,520.0,901.1,671.8,emotional_stability_high4_PHv6CzBIC5E.001.mp4,1280,720,30.0,459,emotional_stability,high
178,5933,right_cheek,675.3,344.2,732.2,458.8,1004.1,520.3,1075.2,663.6,emotional_stability_high4_PHv6CzBIC5E.001.mp4,1280,720,30.0,459,emotional_stability,high
179,5966,left_eye,509.2,272.4,627.8,331.3,796.5,430.5,944.8,504.2,emotional_stability_high4_PHv6CzBIC5E.001.mp4,1280,720,30.0,459,emotional_stability,high
179,5966,right_eye,663.2,268.0,734.1,329.2,989.1,425.0,1077.6,501.6,emotional_stability_high4_PHv6CzBIC5E.001.mp4,1280,720,30.0,459,emotional_stability,high
179,5966,nose,601.9,306.8,685.9,414.5,912.3,473.5,1017.4,608.2,emotional_stability_high4_PHv6CzBIC5E.001.mp4,1280,720,30.0,459,emotional_stability,high
179,5966,mouth,577.9,433.1,675.4,480.1,882.4,631.4,1004.3,690.2,emotional_stability_high4_PHv6CzBIC5E.001.mp4,1280,720,30.0,459,emotional_stability,high
179,5966,forehead,427.6,205.8,732.4,452.3,694.5,347.2,1075.5,655.4,emotional_stability_high4_PHv6CzBIC5E.001.mp4,1280,720,30.0,459,emotional_stability,high
179,5966,chin,427.6,340.4,711.1,540.2,694.5,515.5,1048.9,765.2,emotional_stability_high4_PHv6CzBIC5E.001.mp4,1280,720,30.0,459,emotional_stability,high
179,5966,left_cheek,478.8,344.1,593.3,465.7,758.6,520.1,901.7,672.1,emotional_stability_high4_PHv6CzBIC5E.001.mp4,1280,720,30.0,459,emotional_stability,high
179,5966,right_cheek,675.6,344.4,732.2,459.0,1004.4,520.5,1075.3,663.7,emotional_stability_high4_PHv6CzBIC5E.001.mp4,1280,720,30.0,459,emotional_stability,high
180,6000,left_eye,510.4,267.5,629.9,329.1,798.1,424.3,947.3,501.3,emotional_stability_high4_PHv6CzBIC5E.001.mp4,1280,720,30.0,459,emotional_stability,high
180,6000,right_eye,663.7,266.8,733.9,328.5,989.6,423.4,1077.4,500.7,emotional_stability_high4_PHv6CzBIC5E.001.mp4,1280,720,30.0,459,emotional_stability,high
180,6000,nose,602.6,305.1,686.4,413.8,913.3,471.4,1018.0,607.3,emotional_stability_high4_PHv6CzBIC5E.001.mp4,1280,720,30.0,459,emotional_stability,high
180,6000,mouth,577.6,432.9,675.2,481.0,882.0,631.1,1004.0,691.2,emotional_stability_high4_PHv6CzBIC5E.001.mp4,1280,720,30.0,459,emotional_stability,high
180,6000,forehead,427.7,203.7,732.4,451.4,694.7,344.6,1075.5,654.2,emotional_stability_high4_PHv6CzBIC5E.001.mp4,1280,720,30.0,459,emotional_stability,high
180,6000,chin,427.7,338.8,710.8,540.4,694.7,513.5,1048.5,765.5,emotional_stability_high4_PHv6CzBIC5E.001.mp4,1280,720,30.0,459,emotional_stability,high
180,6000,left_cheek,479.8,342.3,594.2,464.8,759.7,517.8,902.8,671.1,emotional_stability_high4_PHv6CzBIC5E.001.mp4,1280,720,30.0,459,emotional_stability,high
180,6000,right_cheek,675.9,344.3,732.0,458.9,1004.9,520.4,1075.0,663.7,emotional_stability_high4_PHv6CzBIC5E.001.mp4,1280,720,30.0,459,emotional_stability,high
181,6033,left_eye,509.9,267.8,630.0,329.3,797.3,424.7,947.5,501.6,emotional_stability_high4_PHv6CzBIC5E.001.mp4,1280,720,30.0,459,emotional_stability,high
181,6033,right_eye,664.0,265.9,733.5,327.9,990.0,422.4,1076.9,499.9,emotional_stability_high4_PHv6CzBIC5E.001.mp4,1280,720,30.0,459,emotional_stability,high
181,6033,nose,603.8,304.9,687.1,413.8,914.8,471.1,1018.8,607.3,emotional_stability_high4_PHv6CzBIC5E.001.mp4,1280,720,30.0,459,emotional_stability,high
181,6033,mouth,577.5,432.9,675.1,481.0,881.9,631.1,1003.9,691.3,emotional_stability_high4_PHv6CzBIC5E.001.mp4,1280,720,30.0,459,emotional_stability,high
181,6033,forehead,424.6,203.8,731.4,451.4,690.8,344.7,1074.3,654.3,emotional_stability_high4_PHv6CzBIC5E.001.mp4,1280,720,30.0,459,emotional_stability,high
181,6033,chin,424.6,338.9,709.1,540.5,690.8,513.6,1046.4,765.6,emotional_stability_high4_PHv6CzBIC5E.001.mp4,1280,720,30.0,459,emotional_stability,high
181,6033,left_cheek,479.7,342.4,594.4,464.9,759.6,517.9,903.0,671.1,emotional_stability_high4_PHv6CzBIC5E.001.mp4,1280,720,30.0,459,emotional_stability,high
181,6033,right_cheek,676.2,343.4,731.7,458.1,1005.3,519.2,1074.6,662.6,emotional_stability_high4_PHv6CzBIC5E.001.mp4,1280,720,30.0,459,emotional_stability,high
182,6066,left_eye,511.1,267.9,629.9,329.1,798.8,424.9,947.4,501.4,emotional_stability_high4_PHv6CzBIC5E.001.mp4,1280,720,30.0,459,emotional_stability,high
182,6066,right_eye,663.9,266.0,733.5,328.0,989.9,422.4,1076.9,500.0,emotional_stability_high4_PHv6CzBIC5E.001.mp4,1280,720,30.0,459,emotional_stability,high
182,6066,nose,603.6,304.4,686.9,413.3,914.5,470.5,1018.7,606.7,emotional_stability_high4_PHv6CzBIC5E.001.mp4,1280,720,30.0,459,emotional_stability,high
182,6066,mouth,577.3,432.9,675.1,480.8,881.7,631.2,1003.9,691.0,emotional_stability_high4_PHv6CzBIC5E.001.mp4,1280,720,30.0,459,emotional_stability,high
182,6066,forehead,431.5,203.8,731.6,450.7,699.4,344.7,1074.5,653.4,emotional_stability_high4_PHv6CzBIC5E.001.mp4,1280,720,30.0,459,emotional_stability,high
182,6066,chin,431.5,338.5,709.6,539.8,699.4,513.1,1047.1,764.7,emotional_stability_high4_PHv6CzBIC5E.001.mp4,1280,720,30.0,459,emotional_stability,high
182,6066,left_cheek,481.8,342.0,594.5,464.2,762.2,517.5,903.2,670.3,emotional_stability_high4_PHv6CzBIC5E.001.mp4,1280,720,30.0,459,emotional_stability,high
182,6066,right_cheek,676.2,342.9,731.6,457.6,1005.2,518.6,1074.5,662.0,emotional_stability_high4_PHv6CzBIC5E.001.mp4,1280,720,30.0,459,emotional_stability,high
183,6100,left_eye,510.6,268.0,629.6,329.2,798.3,425.0,947.0,501.5,emotional_stability_high4_PHv6CzBIC5E.001.mp4,1280,720,30.0,459,emotional_stability,high
183,6100,right_eye,663.9,265.9,733.0,327.9,989.8,422.4,1076.3,499.9,emotional_stability_high4_PHv6CzBIC5E.001.mp4,1280,720,30.0,459,emotional_stability,high
183,6100,nose,603.5,304.5,686.9,413.4,914.4,470.6,1018.6,606.7,emotional_stability_high4_PHv6CzBIC5E.001.mp4,1280,720,30.0,459,emotional_stability,high
183,6100,mouth,577.6,432.9,675.2,481.3,882.1,631.2,1004.0,691.6,emotional_stability_high4_PHv6CzBIC5E.001.mp4,1280,720,30.0,459,emotional_stability,high
183,6100,forehead,430.8,203.6,731.3,452.7,698.5,344.5,1074.1,655.9,emotional_stability_high4_PHv6CzBIC5E.001.mp4,1280,720,30.0,459,emotional_stability,high
183,6100,chin,430.8,338.8,709.5,540.7,698.5,513.5,1046.8,765.9,emotional_stability_high4_PHv6CzBIC5E.001.mp4,1280,720,30.0,459,emotional_stability,high
183,6100,left_cheek,481.2,342.1,594.4,465.0,761.5,517.6,903.0,671.2,emotional_stability_high4_PHv6CzBIC5E.001.mp4,1280,720,30.0,459,emotional_stability,high
183,6100,right_cheek,676.1,343.0,731.5,457.7,1005.1,518.7,1074.4,662.1,emotional_stability_high4_PHv6CzBIC5E.001.mp4,1280,720,30.0,459,emotional_stability,high
184,6133,left_eye,510.4,268.3,629.6,329.3,798.0,425.4,947.0,501.7,emotional_stability_high4_PHv6CzBIC5E.001.mp4,1280,720,30.0,459,emotional_stability,high
184,6133,right_eye,663.8,266.0,733.0,328.1,989.8,422.5,1076.2,500.1,emotional_stability_high4_PHv6CzBIC5E.001.mp4,1280,720,30.0,459,emotional_stability,high
184,6133,nose,603.5,304.6,686.9,413.5,914.4,470.8,1018.6,606.8,emotional_stability_high4_PHv6CzBIC5E.001.mp4,1280,720,30.0,459,emotional_stability,high
184,6133,mouth,577.5,433.4,674.7,482.4,881.9,631.7,1003.4,693.0,emotional_stability_high4_PHv6CzBIC5E.001.mp4,1280,720,30.0,459,emotional_stability,high
184,6133,forehead,430.3,203.6,731.3,452.7,697.9,344.5,1074.1,655.9,emotional_stability_high4_PHv6CzBIC5E.001.mp4,1280,720,30.0,459,emotional_stability,high
184,6133,chin,430.3,338.8,709.8,540.8,697.9,513.6,1047.3,766.0,emotional_stability_high4_PHv6CzBIC5E.001.mp4,1280,720,30.0,459,emotional_stability,high
184,6133,left_cheek,481.0,342.2,594.3,465.1,761.2,517.7,902.9,671.4,emotional_stability_high4_PHv6CzBIC5E.001.mp4,1280,720,30.0,459,emotional_stability,high
184,6133,right_cheek,676.1,342.8,731.5,457.8,1005.1,518.5,1074.3,662.2,emotional_stability_high4_PHv6CzBIC5E.001.mp4,1280,720,30.0,459,emotional_stability,high
185,6166,left_eye,510.2,270.1,629.5,329.3,797.8,427.6,946.8,501.7,emotional_stability_high4_PHv6CzBIC5E.001.mp4,1280,720,30.0,459,emotional_stability,high
185,6166,right_eye,663.1,266.1,731.7,328.1,988.9,422.6,1074.7,500.1,emotional_stability_high4_PHv6CzBIC5E.001.mp4,1280,720,30.0,459,emotional_stability,high
185,6166,nose,603.4,305.0,686.6,414.5,914.2,471.3,1018.3,608.1,emotional_stability_high4_PHv6CzBIC5E.001.mp4,1280,720,30.0,459,emotional_stability,high
185,6166,mouth,576.0,434.7,673.6,483.6,880.0,633.3,1002.0,694.6,emotional_stability_high4_PHv6CzBIC5E.001.mp4,1280,720,30.0,459,emotional_stability,high
185,6166,forehead,429.6,204.1,730.1,453.5,697.0,345.1,1072.7,656.8,emotional_stability_high4_PHv6CzBIC5E.001.mp4,1280,720,30.0,459,emotional_stability,high
185,6166,chin,429.6,339.7,709.4,541.4,697.0,514.6,1046.7,766.7,emotional_stability_high4_PHv6CzBIC5E.001.mp4,1280,720,30.0,459,emotional_stability,high
185,6166,left_cheek,480.6,343.2,594.1,466.1,760.7,519.0,902.6,672.6,emotional_stability_high4_PHv6CzBIC5E.001.mp4,1280,720,30.0,459,emotional_stability,high
185,6166,right_cheek,675.9,342.8,731.0,458.2,1004.9,518.5,1073.7,662.8,emotional_stability_high4_PHv6CzBIC5E.001.mp4,1280,720,30.0,459,emotional_stability,high
186,6200,left_eye,510.7,270.6,629.6,329.4,798.4,428.2,947.0,501.8,emotional_stability_high4_PHv6CzBIC5E.001.mp4,1280,720,30.0,459,emotional_stability,high
186,6200,right_eye,662.7,267.2,731.7,328.2,988.3,424.0,1074.6,500.2,emotional_stability_high4_PHv6CzBIC5E.001.mp4,1280,720,30.0,459,emotional_stability,high
186,6200,nose,603.2,305.1,686.3,414.5,914.1,471.3,1017.9,608.2,emotional_stability_high4_PHv6CzBIC5E.001.mp4,1280,720,30.0,459,emotional_stability,high
186,6200,mouth,575.8,435.0,673.5,483.6,879.8,633.8,1001.8,694.4,emotional_stability_high4_PHv6CzBIC5E.001.mp4,1280,720,30.0,459,emotional_stability,high
186,6200,forehead,431.1,204.3,730.1,453.4,698.8,345.3,1072.6,656.8,emotional_stability_high4_PHv6CzBIC5E.001.mp4,1280,720,30.0,459,emotional_stability,high
186,6200,chin,431.1,339.6,709.4,541.4,698.8,514.5,1046.7,766.7,emotional_stability_high4_PHv6CzBIC5E.001.mp4,1280,720,30.0,459,emotional_stability,high
186,6200,left_cheek,481.3,343.2,594.1,466.1,761.6,519.0,902.6,672.6,emotional_stability_high4_PHv6CzBIC5E.001.mp4,1280,720,30.0,459,emotional_stability,high
186,6200,right_cheek,675.4,342.8,730.1,458.5,1004.3,518.6,1072.7,663.2,emotional_stability_high4_PHv6CzBIC5E.001.mp4,1280,720,30.0,459,emotional_stability,high
187,6233,left_eye,510.6,271.8,629.5,330.3,798.2,429.8,946.9,502.9,emotional_stability_high4_PHv6CzBIC5E.001.mp4,1280,720,30.0,459,emotional_stability,high
187,6233,right_eye,661.8,268.1,730.1,328.5,987.2,425.1,1072.6,500.6,emotional_stability_high4_PHv6CzBIC5E.001.mp4,1280,720,30.0,459,emotional_stability,high
187,6233,nose,603.2,305.8,686.2,415.5,914.0,472.2,1017.8,609.3,emotional_stability_high4_PHv6CzBIC5E.001.mp4,1280,720,30.0,459,emotional_stability,high
187,6233,mouth,575.4,435.7,672.6,483.3,879.3,634.6,1000.7,694.1,emotional_stability_high4_PHv6CzBIC5E.001.mp4,1280,720,30.0,459,emotional_stability,high
187,6233,forehead,428.0,205.1,728.2,454.7,694.9,346.4,1070.2,658.4,emotional_stability_high4_PHv6CzBIC5E.001.mp4,1280,720,30.0,459,emotional_stability,high
187,6233,chin,428.0,340.9,706.8,542.0,694.9,516.2,1043.4,767.6,emotional_stability_high4_PHv6CzBIC5E.001.mp4,1280,720,30.0,459,emotional_stability,high
187,6233,left_cheek,480.7,344.2,594.0,466.8,760.8,520.3,902.6,673.4,emotional_stability_high4_PHv6CzBIC5E.001.mp4,1280,720,30.0,459,emotional_stability,high
187,6233,right_cheek,675.0,344.1,728.8,459.6,1003.8,520.2,1071.0,664.5,emotional_stability_high4_PHv6CzBIC5E.001.mp4,1280,720,30.0,459,emotional_stability,high
188,6266,left_eye,510.8,276.2,629.1,332.2,798.5,435.3,946.4,505.3,emotional_stability_high4_PHv6CzBIC5E.001.mp4,1280,720,30.0,459,emotional_stability,high
188,6266,right_eye,661.4,269.6,730.2,329.2,986.7,427.0,1072.7,501.5,emotional_stability_high4_PHv6CzBIC5E.001.mp4,1280,720,30.0,459,emotional_stability,high
188,6266,nose,602.6,307.2,684.7,416.7,913.2,474.0,1015.8,610.9,emotional_stability_high4_PHv6CzBIC5E.001.mp4,1280,720,30.0,459,emotional_stability,high
188,6266,mouth,575.6,437.2,672.4,483.2,879.5,636.5,1000.5,694.1,emotional_stability_high4_PHv6CzBIC5E.001.mp4,1280,720,30.0,459,emotional_stability,high
188,6266,forehead,433.5,207.6,728.2,454.6,701.9,349.5,1070.3,658.3,emotional_stability_high4_PHv6CzBIC5E.001.mp4,1280,720,30.0,459,emotional_stability,high
188,6266,chin,433.5,341.5,708.1,542.0,701.9,516.9,1045.1,767.4,emotional_stability_high4_PHv6CzBIC5E.001.mp4,1280,720,30.0,459,emotional_stability,high
188,6266,left_cheek,481.8,345.7,594.0,467.2,762.3,522.1,902.5,674.0,emotional_stability_high4_PHv6CzBIC5E.001.mp4,1280,720,30.0,459,emotional_stability,high
188,6266,right_cheek,673.9,344.0,728.8,459.6,1002.4,520.0,1070.9,664.5,emotional_stability_high4_PHv6CzBIC5E.001.mp4,1280,720,30.0,459,emotional_stability,high
189,6300,left_eye,510.7,275.6,629.0,332.3,798.4,434.5,946.2,505.4,emotional_stability_high4_PHv6CzBIC5E.001.mp4,1280,720,30.0,459,emotional_stability,high
189,6300,right_eye,661.0,269.6,729.9,329.2,986.2,427.0,1072.3,501.5,emotional_stability_high4_PHv6CzBIC5E.001.mp4,1280,720,30.0,459,emotional_stability,high
189,6300,nose,601.9,307.4,684.4,417.4,912.4,474.2,1015.5,611.8,emotional_stability_high4_PHv6CzBIC5E.001.mp4,1280,720,30.0,459,emotional_stability,high
189,6300,mouth,575.7,438.3,672.0,483.3,879.6,637.9,1000.1,694.1,emotional_stability_high4_PHv6CzBIC5E.001.mp4,1280,720,30.0,459,emotional_stability,high
189,6300,forehead,433.6,207.5,728.2,455.5,701.9,349.4,1070.2,659.4,emotional_stability_high4_PHv6CzBIC5E.001.mp4,1280,720,30.0,459,emotional_stability,high
189,6300,chin,433.6,342.0,708.0,542.2,701.9,517.6,1045.0,767.8,emotional_stability_high4_PHv6CzBIC5E.001.mp4,1280,720,30.0,459,emotional_stability,high
189,6300,left_cheek,481.8,346.2,593.9,468.2,762.3,522.7,902.4,675.3,emotional_stability_high4_PHv6CzBIC5E.001.mp4,1280,720,30.0,459,emotional_stability,high
189,6300,right_cheek,673.4,344.0,728.2,459.9,1001.7,520.0,1070.3,664.8,emotional_stability_high4_PHv6CzBIC5E.001.mp4,1280,720,30.0,459,emotional_stability,high
190,6333,left_eye,510.6,276.0,628.5,333.0,798.3,435.0,945.7,506.2,emotional_stability_high4_PHv6CzBIC5E.001.mp4,1280,720,30.0,459,emotional_stability,high
190,6333,right_eye,660.4,269.5,729.3,329.4,985.4,426.9,1071.6,501.8,emotional_stability_high4_PHv6CzBIC5E.001.mp4,1280,720,30.0,459,emotional_stability,high
190,6333,nose,601.8,307.9,684.0,418.1,912.2,474.9,1015.0,612.7,emotional_stability_high4_PHv6CzBIC5E.001.mp4,1280,720,30.0,459,emotional_stability,high
190,6333,mouth,575.7,438.6,670.9,483.4,879.6,638.2,998.7,694.3,emotional_stability_high4_PHv6CzBIC5E.001.mp4,1280,720,30.0,459,emotional_stability,high
190,6333,forehead,432.9,207.9,727.8,456.9,701.1,349.9,1069.8,661.1,emotional_stability_high4_PHv6CzBIC5E.001.mp4,1280,720,30.0,459,emotional_stability,high
190,6333,chin,432.9,343.5,707.5,542.3,701.1,519.4,1044.4,767.8,emotional_stability_high4_PHv6CzBIC5E.001.mp4,1280,720,30.0,459,emotional_stability,high
190,6333,left_cheek,481.7,347.3,593.9,469.0,762.1,524.2,902.3,676.2,emotional_stability_high4_PHv6CzBIC5E.001.mp4,1280,720,30.0,459,emotional_stability,high
190,6333,right_cheek,673.1,344.1,728.1,460.0,1001.4,520.1,1070.1,665.1,emotional_stability_high4_PHv6CzBIC5E.001.mp4,1280,720,30.0,459,emotional_stability,high
191,6366,left_eye,510.7,276.5,628.5,332.9,798.4,435.7,945.7,506.1,emotional_stability_high4_PHv6CzBIC5E.001.mp4,1280,720,30.0,459,emotional_stability,high
191,6366,right_eye,660.4,270.3,730.1,329.6,985.5,427.8,1072.6,502.0,emotional_stability_high4_PHv6CzBIC5E.001.mp4,1280,720,30.0,459,emotional_stability,high
191,6366,nose,601.6,308.3,683.9,418.4,912.0,475.4,1014.9,613.0,emotional_stability_high4_PHv6CzBIC5E.001.mp4,1280,720,30.0,459,emotional_stability,high
191,6366,mouth,575.9,439.1,671.0,483.4,879.9,638.9,998.7,694.3,emotional_stability_high4_PHv6CzBIC5E.001.mp4,1280,720,30.0,459,emotional_stability,high
191,6366,forehead,432.8,208.1,729.3,456.7,701.0,350.2,1071.6,660.8,emotional_stability_high4_PHv6CzBIC5E.001.mp4,1280,720,30.0,459,emotional_stability,high
191,6366,chin,432.8,343.5,708.3,542.8,701.0,519.4,1045.3,768.5,emotional_stability_high4_PHv6CzBIC5E.001.mp4,1280,720,30.0,459,emotional_stability,high
191,6366,left_cheek,481.7,347.3,593.8,469.1,762.1,524.1,902.3,676.3,emotional_stability_high4_PHv6CzBIC5E.001.mp4,1280,720,30.0,459,emotional_stability,high
191,6366,right_cheek,673.1,344.7,728.4,460.8,1001.4,520.8,1070.5,666.0,emotional_stability_high4_PHv6CzBIC5E.001.mp4,1280,720,30.0,459,emotional_stability,high
192,6400,left_eye,510.9,277.6,628.7,333.0,798.6,437.0,945.8,506.2,emotional_stability_high4_PHv6CzBIC5E.001.mp4,1280,720,30.0,459,emotional_stability,high
192,6400,right_eye,660.4,270.7,729.6,329.6,985.5,428.3,1072.0,502.0,emotional_stability_high4_PHv6CzBIC5E.001.mp4,1280,720,30.0,459,emotional_stability,high
192,6400,nose,601.6,308.5,683.9,418.3,912.0,475.7,1014.8,612.9,emotional_stability_high4_PHv6CzBIC5E.001.mp4,1280,720,30.0,459,emotional_stability,high
192,6400,mouth,575.9,439.0,670.8,483.7,879.9,638.8,998.5,694.6,emotional_stability_high4_PHv6CzBIC5E.001.mp4,1280,720,30.0,459,emotional_stability,high
192,6400,forehead,432.6,208.6,729.1,457.7,700.7,350.8,1071.3,662.1,emotional_stability_high4_PHv6CzBIC5E.001.mp4,1280,720,30.0,459,emotional_stability,high
192,6400,chin,432.6,344.8,707.4,543.3,700.7,521.0,1044.2,769.1,emotional_stability_high4_PHv6CzBIC5E.001.mp4,1280,720,30.0,459,emotional_stability,high
192,6400,left_cheek,481.6,348.2,593.8,469.8,762.0,525.2,902.3,677.2,emotional_stability_high4_PHv6CzBIC5E.001.mp4,1280,720,30.0,459,emotional_stability,high
192,6400,right_cheek,673.1,344.7,728.2,460.8,1001.4,520.9,1070.2,666.0,emotional_stability_high4_PHv6CzBIC5E.001.mp4,1280,720,30.0,459,emotional_stability,high
193,6433,left_eye,511.1,278.4,628.8,333.0,798.8,438.0,945.9,506.2,emotional_stability_high4_PHv6CzBIC5E.001.mp4,1280,720,30.0,459,emotional_stability,high
193,6433,right_eye,660.5,270.8,729.6,329.7,985.6,428.6,1072.1,502.1,emotional_stability_high4_PHv6CzBIC5E.001.mp4,1280,720,30.0,459,emotional_stability,high
193,6433,nose,601.5,308.8,684.2,418.3,911.9,476.1,1015.2,612.9,emotional_stability_high4_PHv6CzBIC5E.001.mp4,1280,720,30.0,459,emotional_stability,high
193,6433,mouth,575.8,439.0,671.0,485.4,879.7,638.7,998.8,696.7,emotional_stability_high4_PHv6CzBIC5E.001.mp4,1280,720,30.0,459,emotional_stability,high
193,6433,forehead,432.6,208.8,729.1,457.5,700.8,351.0,1071.4,661.8,emotional_stability_high4_PHv6CzBIC5E.001.mp4,1280,720,30.0,459,emotional_stability,high
193,6433,chin,432.6,344.5,707.4,544.9,700.8,520.7,1044.2,771.1,emotional_stability_high4_PHv6CzBIC5E.001.mp4,1280,720,30.0,459,emotional_stability,high
193,6433,left_cheek,481.8,348.2,593.9,470.1,762.3,525.2,902.3,677.6,emotional_stability_high4_PHv6CzBIC5E.001.mp4,1280,720,30.0,459,emotional_stability,high
193,6433,right_cheek,673.2,344.7,728.1,461.0,1001.4,520.9,1070.1,666.2,emotional_stability_high4_PHv6CzBIC5E.001.mp4,1280,720,30.0,459,emotional_stability,high
194,6466,left_eye,511.0,278.1,628.8,332.9,798.8,437.6,945.9,506.2,emotional_stability_high4_PHv6CzBIC5E.001.mp4,1280,720,30.0,459,emotional_stability,high
194,6466,right_eye,660.5,271.3,729.7,329.9,985.7,429.1,1072.1,502.4,emotional_stability_high4_PHv6CzBIC5E.001.mp4,1280,720,30.0,459,emotional_stability,high
194,6466,nose,601.4,309.4,684.6,418.5,911.8,476.7,1015.7,613.1,emotional_stability_high4_PHv6CzBIC5E.001.mp4,1280,720,30.0,459,emotional_stability,high
194,6466,mouth,575.8,438.9,671.1,488.9,879.8,638.6,998.9,701.1,emotional_stability_high4_PHv6CzBIC5E.001.mp4,1280,720,30.0,459,emotional_stability,high
194,6466,forehead,432.7,209.0,729.0,457.3,700.9,351.3,1071.3,661.6,emotional_stability_high4_PHv6CzBIC5E.001.mp4,1280,720,30.0,459,emotional_stability,high
194,6466,chin,432.7,344.4,707.2,545.1,700.9,520.5,1044.0,771.4,emotional_stability_high4_PHv6CzBIC5E.001.mp4,1280,720,30.0,459,emotional_stability,high
194,6466,left_cheek,482.0,348.1,593.8,470.5,762.6,525.1,902.3,678.1,emotional_stability_high4_PHv6CzBIC5E.001.mp4,1280,720,30.0,459,emotional_stability,high
194,6466,right_cheek,673.2,344.9,728.0,461.3,1001.5,521.1,1070.0,666.7,emotional_stability_high4_PHv6CzBIC5E.001.mp4,1280,720,30.0,459,emotional_stability,high
195,6500,left_eye,511.3,277.8,628.8,332.8,799.1,437.3,946.0,506.1,emotional_stability_high4_PHv6CzBIC5E.001.mp4,1280,720,30.0,459,emotional_stability,high
195,6500,right_eye,660.6,271.2,729.6,329.9,985.7,429.0,1072.0,502.4,emotional_stability_high4_PHv6CzBIC5E.001.mp4,1280,720,30.0,459,emotional_stability,high
195,6500,nose,601.3,309.4,684.6,418.5,911.6,476.7,1015.7,613.1,emotional_stability_high4_PHv6CzBIC5E.001.mp4,1280,720,30.0,459,emotional_stability,high
195,6500,mouth,575.9,438.6,671.1,489.0,879.8,638.3,998.9,701.2,emotional_stability_high4_PHv6CzBIC5E.001.mp4,1280,720,30.0,459,emotional_stability,high
195,6500,forehead,433.1,208.9,728.9,456.1,701.4,351.2,1071.1,660.1,emotional_stability_high4_PHv6CzBIC5E.001.mp4,1280,720,30.0,459,emotional_stability,high
195,6500,chin,433.1,343.7,707.1,545.0,701.4,519.7,1043.9,771.3,emotional_stability_high4_PHv6CzBIC5E.001.mp4,1280,720,30.0,459,emotional_stability,high
195,6500,left_cheek,482.3,348.0,593.8,470.4,762.9,525.0,902.3,678.0,emotional_stability_high4_PHv6CzBIC5E.001.mp4,1280,720,30.0,459,emotional_stability,high
195,6500,right_cheek,673.2,344.9,727.6,461.3,1001.5,521.1,1069.5,666.6,emotional_stability_high4_PHv6CzBIC5E.001.mp4,1280,720,30.0,459,emotional_stability,high
196,6533,left_eye,510.7,277.6,628.6,332.7,798.3,437.0,945.8,505.9,emotional_stability_high4_PHv6CzBIC5E.001.mp4,1280,720,30.0,459,emotional_stability,high
196,6533,right_eye,660.4,271.2,729.4,329.9,985.5,429.0,1071.7,502.4,emotional_stability_high4_PHv6CzBIC5E.001.mp4,1280,720,30.0,459,emotional_stability,high
196,6533,nose,600.7,309.4,684.4,418.5,910.8,476.7,1015.5,613.1,emotional_stability_high4_PHv6CzBIC5E.001.mp4,1280,720,30.0,459,emotional_stability,high
196,6533,mouth,575.3,438.6,670.8,488.5,879.1,638.3,998.6,700.6,emotional_stability_high4_PHv6CzBIC5E.001.mp4,1280,720,30.0,459,emotional_stability,high
196,6533,forehead,432.6,208.9,728.4,456.3,700.7,351.1,1070.5,660.3,emotional_stability_high4_PHv6CzBIC5E.001.mp4,1280,720,30.0,459,emotional_stability,high
196,6533,chin,432.6,343.7,706.7,545.5,700.7,519.6,1043.4,771.9,emotional_stability_high4_PHv6CzBIC5E.001.mp4,1280,720,30.0,459,emotional_stability,high
196,6533,left_cheek,481.7,347.9,593.4,470.4,762.1,524.9,901.7,678.0,emotional_stability_high4_PHv6CzBIC5E.001.mp4,1280,720,30.0,459,emotional_stability,high
196,6533,right_cheek,673.1,344.7,727.4,461.3,1001.3,520.9,1069.2,666.6,emotional_stability_high4_PHv6CzBIC5E.001.mp4,1280,720,30.0,459,emotional_stability,high
197,6566,left_eye,511.0,278.4,629.2,332.8,798.8,438.0,946.5,506.0,emotional_stability_high4_PHv6CzBIC5E.001.mp4,1280,720,30.0,459,emotional_stability,high
197,6566,right_eye,661.1,271.3,730.6,330.1,986.3,429.2,1073.2,502.6,emotional_stability_high4_PHv6CzBIC5E.001.mp4,1280,720,30.0,459,emotional_stability,high
197,6566,nose,601.1,309.5,684.7,418.8,911.3,476.9,1015.9,613.5,emotional_stability_high4_PHv6CzBIC5E.001.mp4,1280,720,30.0,459,emotional_stability,high
197,6566,mouth,575.5,439.5,671.3,488.7,879.4,639.4,999.2,700.8,emotional_stability_high4_PHv6CzBIC5E.001.mp4,1280,720,30.0,459,emotional_stability,high
197,6566,forehead,432.5,208.8,729.9,456.7,700.7,351.1,1072.4,660.9,emotional_stability_high4_PHv6CzBIC5E.001.mp4,1280,720,30.0,459,emotional_stability,high
197,6566,chin,432.5,343.7,708.8,547.9,700.7,519.6,1046.0,774.8,emotional_stability_high4_PHv6CzBIC5E.001.mp4,1280,720,30.0,459,emotional_stability,high
197,6566,left_cheek,481.8,348.0,593.8,471.2,762.3,525.1,902.3,679.1,emotional_stability_high4_PHv6CzBIC5E.001.mp4,1280,720,30.0,459,emotional_stability,high
197,6566,right_cheek,673.5,344.8,728.2,461.9,1001.8,521.0,1070.3,667.3,emotional_stability_high4_PHv6CzBIC5E.001.mp4,1280,720,30.0,459,emotional_stability,high
198,6600,left_eye,511.6,277.9,629.8,333.0,799.5,437.4,947.3,506.2,emotional_stability_high4_PHv6CzBIC5E.001.mp4,1280,720,30.0,459,emotional_stability,high
198,6600,right_eye,661.9,271.1,730.8,330.3,987.4,428.9,1073.5,502.8,emotional_stability_high4_PHv6CzBIC5E.001.mp4,1280,720,30.0,459,emotional_stability,high
198,6600,nose,601.8,309.5,684.9,419.8,912.2,476.8,1016.2,614.7,emotional_stability_high4_PHv6CzBIC5E.001.mp4,1280,720,30.0,459,emotional_stability,high
198,6600,mouth,576.2,441.3,671.0,488.5,880.3,641.6,998.7,700.7,emotional_stability_high4_PHv6CzBIC5E.001.mp4,1280,720,30.0,459,emotional_stability,high
198,6600,forehead,432.5,208.4,730.4,456.9,700.7,350.5,1073.0,661.1,emotional_stability_high4_PHv6CzBIC5E.001.mp4,1280,720,30.0,459,emotional_stability,high
198,6600,chin,432.5,343.7,708.8,548.0,700.7,519.6,1045.9,775.0,emotional_stability_high4_PHv6CzBIC5E.001.mp4,1280,720,30.0,459,emotional_stability,high
198,6600,left_cheek,482.4,348.0,594.5,471.4,762.9,525.0,903.1,679.2,emotional_stability_high4_PHv6CzBIC5E.001.mp4,1280,720,30.0,459,emotional_stability,high
198,6600,right_cheek,673.9,345.0,728.5,462.3,1002.4,521.2,1070.7,667.9,emotional_stability_high4_PHv6CzBIC5E.001.mp4,1280,720,30.0,459,emotional_stability,high
199,6633,left_eye,511.9,276.5,630.2,332.5,799.9,435.7,947.7,505.6,emotional_stability_high4_PHv6CzBIC5E.001.mp4,1280,720,30.0,459,emotional_stability,high
199,6633,right_eye,662.2,270.4,730.9,330.2,987.8,428.0,1073.7,502.7,emotional_stability_high4_PHv6CzBIC5E.001.mp4,1280,720,30.0,459,emotional_stability,high
199,6633,nose,602.2,309.0,685.0,419.8,912.8,476.3,1016.3,614.7,emotional_stability_high4_PHv6CzBIC5E.001.mp4,1280,720,30.0,459,emotional_stability,high
199,6633,mouth,576.2,441.4,670.9,487.2,880.3,641.8,998.6,699.1,emotional_stability_high4_PHv6CzBIC5E.001.mp4,1280,720,30.0,459,emotional_stability,high
199,6633,forehead,432.2,207.5,730.4,456.9,700.3,349.4,1073.0,661.1,emotional_stability_high4_PHv6CzBIC5E.001.mp4,1280,720,30.0,459,emotional_stability,high
199,6633,chin,432.2,343.5,708.6,547.8,700.3,519.4,1045.8,774.7,emotional_stability_high4_PHv6CzBIC5E.001.mp4,1280,720,30.0,459,emotional_stability,high
199,6633,left_cheek,482.4,347.7,594.8,471.3,763.0,524.6,903.5,679.2,emotional_stability_high4_PHv6CzBIC5E.001.mp4,1280,720,30.0,459,emotional_stability,high
199,6633,right_cheek,674.3,345.0,728.6,462.3,1002.8,521.2,1070.8,667.9,emotional_stability_high4_PHv6CzBIC5E.001.mp4,1280,720,30.0,459,emotional_stability,high
200,6666,left_eye,511.0,276.0,630.2,332.2,798.8,435.0,947.7,505.3,emotional_stability_high4_PHv6CzBIC5E.001.mp4,1280,720,30.0,459,emotional_stability,high
200,6666,right_eye,662.4,269.3,731.1,329.9,988.0,426.6,1073.9,502.3,emotional_stability_high4_PHv6CzBIC5E.001.mp4,1280,720,30.0,459,emotional_stability,high
200,6666,nose,602.2,308.6,685.0,419.8,912.8,475.8,1016.3,614.8,emotional_stability_high4_PHv6CzBIC5E.001.mp4,1280,720,30.0,459,emotional_stability,high
200,6666,mouth,574.9,441.4,669.4,487.5,878.6,641.7,996.8,699.4,emotional_stability_high4_PHv6CzBIC5E.001.mp4,1280,720,30.0,459,emotional_stability,high
200,6666,forehead,425.7,206.3,730.4,456.9,692.2,347.9,1072.9,661.1,emotional_stability_high4_PHv6CzBIC5E.001.mp4,1280,720,30.0,459,emotional_stability,high
200,6666,chin,425.7,342.7,707.6,550.5,692.2,518.4,1044.5,778.1,emotional_stability_high4_PHv6CzBIC5E.001.mp4,1280,720,30.0,459,emotional_stability,high
200,6666,left_cheek,479.9,347.3,594.7,471.4,759.9,524.1,903.3,679.2,emotional_stability_high4_PHv6CzBIC5E.001.mp4,1280,720,30.0,459,emotional_stability,high
200,6666,right_cheek,674.3,344.5,728.7,462.1,1002.9,520.7,1070.8,667.6,emotional_stability_high4_PHv6CzBIC5E.001.mp4,1280,720,30.0,459,emotional_stability,high
201,6700,left_eye,512.1,276.1,630.2,331.9,800.2,435.1,947.8,504.9,emotional_stability_high4_PHv6CzBIC5E.001.mp4,1280,720,30.0,459,emotional_stability,high
201,6700,right_eye,662.6,269.8,731.3,329.9,988.2,427.3,1074.2,502.3,emotional_stability_high4_PHv6CzBIC5E.001.mp4,1280,720,30.0,459,emotional_stability,high
201,6700,nose,602.8,308.7,685.0,419.7,913.4,475.8,1016.2,614.6,emotional_stability_high4_PHv6CzBIC5E.001.mp4,1280,720,30.0,459,emotional_stability,high
201,6700,mouth,572.8,438.5,668.4,487.7,875.9,638.1,995.6,699.6,emotional_stability_high4_PHv6CzBIC5E.001.mp4,1280,720,30.0,459,emotional_stability,high
201,6700,forehead,431.3,206.4,730.4,455.8,699.2,348.0,1073.0,659.7,emotional_stability_high4_PHv6CzBIC5E.001.mp4,1280,720,30.0,459,emotional_stability,high
201,6700,chin,431.3,342.3,705.8,550.0,699.2,517.8,1042.3,777.4,emotional_stability_high4_PHv6CzBIC5E.001.mp4,1280,720,30.0,459,emotional_stability,high
201,6700,left_cheek,482.3,346.6,595.1,470.4,762.9,523.2,903.9,678.0,emotional_stability_high4_PHv6CzBIC5E.001.mp4,1280,720,30.0,459,emotional_stability,high
201,6700,right_cheek,674.3,344.5,728.3,461.5,1002.9,520.7,1070.4,666.9,emotional_stability_high4_PHv6CzBIC5E.001.mp4,1280,720,30.0,459,emotional_stability,high
202,6733,left_eye,511.5,275.1,630.5,331.8,799.4,433.9,948.1,504.8,emotional_stability_high4_PHv6CzBIC5E.001.mp4,1280,720,30.0,459,emotional_stability,high
202,6733,right_eye,662.3,269.4,730.4,329.8,987.9,426.7,1073.0,502.2,emotional_stability_high4_PHv6CzBIC5E.001.mp4,1280,720,30.0,459,emotional_stability,high
202,6733,nose,602.8,308.5,685.7,419.6,913.5,475.7,1017.1,614.5,emotional_stability_high4_PHv6CzBIC5E.001.mp4,1280,720,30.0,459,emotional_stability,high
202,6733,mouth,568.1,435.8,668.5,492.7,870.1,634.8,995.6,705.9,emotional_stability_high4_PHv6CzBIC5E.001.mp4,1280,720,30.0,459,emotional_stability,high
202,6733,forehead,423.3,206.2,728.8,456.1,689.1,347.7,1070.9,660.2,emotional_stability_high4_PHv6CzBIC5E.001.mp4,1280,720,30.0,459,emotional_stability,high
202,6733,chin,423.3,341.2,700.9,554.9,689.1,516.4,1036.1,783.7,emotional_stability_high4_PHv6CzBIC5E.001.mp4,1280,720,30.0,459,emotional_stability,high
202,6733,left_cheek,478.6,345.6,595.1,470.4,758.2,522.0,903.9,678.0,emotional_stability_high4_PHv6CzBIC5E.001.mp4,1280,720,30.0,459,emotional_stability,high
202,6733,right_cheek,674.3,344.5,726.2,461.1,1002.9,520.6,1067.7,666.4,emotional_stability_high4_PHv6CzBIC5E.001.mp4,1280,720,30.0,459,emotional_stability,high
203,6766,left_eye,512.1,274.9,631.1,331.0,800.1,433.7,948.9,503.8,emotional_stability_high4_PHv6CzBIC5E.001.mp4,1280,720,30.0,459,emotional_stability,high
203,6766,right_eye,663.0,270.1,732.0,329.8,988.7,427.6,1075.1,502.2,emotional_stability_high4_PHv6CzBIC5E.001.mp4,1280,720,30.0,459,emotional_stability,high
203,6766,nose,603.8,308.5,686.5,419.3,914.7,475.6,1018.1,614.2,emotional_stability_high4_PHv6CzBIC5E.001.mp4,1280,720,30.0,459,emotional_stability,high
203,6766,mouth,565.2,434.4,668.5,495.3,866.5,633.0,995.6,709.2,emotional_stability_high4_PHv6CzBIC5E.001.mp4,1280,720,30.0,459,emotional_stability,high
203,6766,forehead,424.5,206.2,730.5,454.6,690.6,347.8,1073.1,658.3,emotional_stability_high4_PHv6CzBIC5E.001.mp4,1280,720,30.0,459,emotional_stability,high
203,6766,chin,424.5,340.1,701.4,553.8,690.6,515.1,1036.8,782.2,emotional_stability_high4_PHv6CzBIC5E.001.mp4,1280,720,30.0,459,emotional_stability,high
203,6766,left_cheek,479.2,344.6,595.7,469.7,758.9,520.8,904.6,677.1,emotional_stability_high4_PHv6CzBIC5E.001.mp4,1280,720,30.0,459,emotional_stability,high
203,6766,right_cheek,674.8,344.5,726.3,460.8,1003.5,520.6,1067.9,666.0,emotional_stability_high4_PHv6CzBIC5E.001.mp4,1280,720,30.0,459,emotional_stability,high
204,6800,left_eye,512.1,275.1,631.1,331.0,800.1,433.8,948.9,503.7,emotional_stability_high4_PHv6CzBIC5E.001.mp4,1280,720,30.0,459,emotional_stability,high
204,6800,right_eye,663.4,270.4,732.6,329.8,989.2,428.0,1075.8,502.2,emotional_stability_high4_PHv6CzBIC5E.001.mp4,1280,720,30.0,459,emotional_stability,high
204,6800,nose,603.5,308.5,686.2,419.0,914.4,475.6,1017.8,613.8,emotional_stability_high4_PHv6CzBIC5E.001.mp4,1280,720,30.0,459,emotional_stability,high
204,6800,mouth,561.4,434.4,666.6,494.0,861.7,633.0,993.3,707.5,emotional_stability_high4_PHv6CzBIC5E.001.mp4,1280,720,30.0,459,emotional_stability,high
204,6800,forehead,425.0,206.5,731.9,452.3,691.3,348.1,1074.9,655.4,emotional_stability_high4_PHv6CzBIC5E.001.mp4,1280,720,30.0,459,emotional_stability,high
204,6800,chin,425.0,337.8,701.5,553.2,691.3,512.3,1036.9,781.5,emotional_stability_high4_PHv6CzBIC5E.001.mp4,1280,720,30.0,459,emotional_stability,high
204,6800,left_cheek,478.3,343.4,595.7,467.9,757.9,519.3,904.6,674.9,emotional_stability_high4_PHv6CzBIC5E.001.mp4,1280,720,30.0,459,emotional_stability,high
204,6800,right_cheek,674.8,344.5,726.6,459.6,1003.5,520.6,1068.2,664.5,emotional_stability_high4_PHv6CzBIC5E.001.mp4,1280,720,30.0,459,emotional_stability,high
205,6833,left_eye,512.6,275.9,631.5,330.8,800.7,434.8,949.3,503.5,emotional_stability_high4_PHv6CzBIC5E.001.mp4,1280,720,30.0,459,emotional_stability,high
205,6833,right_eye,664.7,270.8,735.1,329.8,990.9,428.5,1078.9,502.3,emotional_stability_high4_PHv6CzBIC5E.001.mp4,1280,720,30.0,459,emotional_stability,high
205,6833,nose,603.5,308.5,686.2,418.4,914.4,475.6,1017.7,613.0,emotional_stability_high4_PHv6CzBIC5E.001.mp4,1280,720,30.0,459,emotional_stability,high
205,6833,mouth,562.2,434.2,666.4,493.4,862.8,632.7,993.0,706.7,emotional_stability_high4_PHv6CzBIC5E.001.mp4,1280,720,30.0,459,emotional_stability,high
205,6833,forehead,427.4,206.5,735.1,450.2,694.2,348.1,1078.8,652.8,emotional_stability_high4_PHv6CzBIC5E.001.mp4,1280,720,30.0,459,emotional_stability,high
205,6833,chin,427.4,336.9,704.7,551.9,694.2,511.1,1040.9,779.8,emotional_stability_high4_PHv6CzBIC5E.001.mp4,1280,720,30.0,459,emotional_stability,high
205,6833,left_cheek,478.6,342.9,595.9,466.6,758.2,518.6,904.8,673.3,emotional_stability_high4_PHv6CzBIC5E.001.mp4,1280,720,30.0,459,emotional_stability,high
205,6833,right_cheek,674.9,344.3,728.3,458.7,1003.7,520.3,1070.3,663.3,emotional_stability_high4_PHv6CzBIC5E.001.mp4,1280,720,30.0,459,emotional_stability,high
206,6866,left_eye,510.8,275.9,632.0,330.8,798.5,434.8,950.0,503.5,emotional_stability_high4_PHv6CzBIC5E.001.mp4,1280,720,30.0,459,emotional_stability,high
206,6866,right_eye,664.6,270.8,734.7,329.8,990.7,428.5,1078.4,502.3,emotional_stability_high4_PHv6CzBIC5E.001.mp4,1280,720,30.0,459,emotional_stability,high
206,6866,nose,603.5,308.8,686.2,419.4,914.3,476.0,1017.7,614.3,emotional_stability_high4_PHv6CzBIC5E.001.mp4,1280,720,30.0,459,emotional_stability,high
206,6866,mouth,557.6,434.4,665.8,494.9,857.0,633.0,992.3,708.7,emotional_stability_high4_PHv6CzBIC5E.001.mp4,1280,720,30.0,459,emotional_stability,high
206,6866,forehead,414.3,206.5,734.7,450.9,677.9,348.1,1078.4,653.6,emotional_stability_high4_PHv6CzBIC5E.001.mp4,1280,720,30.0,459,emotional_stability,high
206,6866,chin,414.3,334.9,702.6,557.2,677.9,508.6,1038.3,786.5,emotional_stability_high4_PHv6CzBIC5E.001.mp4,1280,720,30.0,459,emotional_stability,high
206,6866,left_cheek,470.4,342.5,595.7,466.9,748.0,518.1,904.6,673.6,emotional_stability_high4_PHv6CzBIC5E.001.mp4,1280,720,30.0,459,emotional_stability,high
206,6866,right_cheek,675.0,344.3,728.0,458.7,1003.7,520.3,1070.0,663.4,emotional_stability_high4_PHv6CzBIC5E.001.mp4,1280,720,30.0,459,emotional_stability,high
207,6900,left_eye,511.0,275.9,632.6,330.8,798.7,434.8,950.7,503.5,emotional_stability_high4_PHv6CzBIC5E.001.mp4,1280,720,30.0,459,emotional_stability,high
207,6900,right_eye,664.8,273.0,735.3,330.3,991.0,431.3,1079.2,502.9,emotional_stability_high4_PHv6CzBIC5E.001.mp4,1280,720,30.0,459,emotional_stability,high
207,6900,nose,603.4,309.0,686.6,419.5,914.3,476.3,1018.3,614.4,emotional_stability_high4_PHv6CzBIC5E.001.mp4,1280,720,30.0,459,emotional_stability,high
207,6900,mouth,558.6,434.6,666.1,494.2,858.3,633.2,992.6,707.7,emotional_stability_high4_PHv6CzBIC5E.001.mp4,1280,720,30.0,459,emotional_stability,high
207,6900,forehead,417.1,206.7,735.7,450.5,681.4,348.4,1079.7,653.1,emotional_stability_high4_PHv6CzBIC5E.001.mp4,1280,720,30.0,459,emotional_stability,high
207,6900,chin,417.1,334.9,702.2,556.4,681.4,508.6,1037.7,785.6,emotional_stability_high4_PHv6CzBIC5E.001.mp4,1280,720,30.0,459,emotional_stability,high
207,6900,left_cheek,471.6,341.6,595.6,466.1,749.5,516.9,904.5,672.6,emotional_stability_high4_PHv6CzBIC5E.001.mp4,1280,720,30.0,459,emotional_stability,high
207,6900,right_cheek,675.7,346.7,728.0,460.3,1004.6,523.4,1070.1,665.4,emotional_stability_high4_PHv6CzBIC5E.001.mp4,1280,720,30.0,459,emotional_stability,high
208,6933,left_eye,511.0,276.3,632.5,330.8,798.8,435.4,950.6,503.4,emotional_stability_high4_PHv6CzBIC5E.001.mp4,1280,720,30.0,459,emotional_stability,high
208,6933,right_eye,665.0,272.9,735.5,330.3,991.2,431.1,1079.3,502.9,emotional_stability_high4_PHv6CzBIC5E.001.mp4,1280,720,30.0,459,emotional_stability,high
208,6933,nose,603.4,308.9,686.6,419.4,914.3,476.2,1018.3,614.3,emotional_stability_high4_PHv6CzBIC5E.001.mp4,1280,720,30.0,459,emotional_stability,high
208,6933,mouth,560.1,434.6,666.2,490.9,860.2,633.3,992.7,703.6,emotional_stability_high4_PHv6CzBIC5E.001.mp4,1280,720,30.0,459,emotional_stability,high
208,6933,forehead,418.5,206.7,735.7,450.7,683.1,348.4,1079.6,653.4,emotional_stability_high4_PHv6CzBIC5E.001.mp4,1280,720,30.0,459,emotional_stability,high
208,6933,chin,418.5,335.2,703.2,552.7,683.1,509.0,1039.0,780.9,emotional_stability_high4_PHv6CzBIC5E.001.mp4,1280,720,30.0,459,emotional_stability,high
208,6933,left_cheek,472.3,341.8,595.7,466.3,750.3,517.2,904.6,672.8,emotional_stability_high4_PHv6CzBIC5E.001.mp4,1280,720,30.0,459,emotional_stability,high
208,6933,right_cheek,675.9,346.6,728.6,460.1,1004.8,523.2,1070.8,665.2,emotional_stability_high4_PHv6CzBIC5E.001.mp4,1280,720,30.0,459,emotional_stability,high
209,6966,left_eye,510.8,276.4,632.9,330.8,798.5,435.5,951.1,503.5,emotional_stability_high4_PHv6CzBIC5E.001.mp4,1280,720,30.0,459,emotional_stability,high
209,6966,right_eye,665.4,272.4,735.4,330.3,991.8,430.5,1079.3,502.8,emotional_stability_high4_PHv6CzBIC5E.001.mp4,1280,720,30.0,459,emotional_stability,high
209,6966,nose,603.8,308.8,686.8,419.4,914.8,476.0,1018.5,614.3,emotional_stability_high4_PHv6CzBIC5E.001.mp4,1280,720,30.0,459,emotional_stability,high
209,6966,mouth,560.4,434.9,667.2,489.7,860.6,633.6,993.9,702.1,emotional_stability_high4_PHv6CzBIC5E.001.mp4,1280,720,30.0,459,emotional_stability,high
209,6966,forehead,416.2,206.7,735.3,452.9,680.2,348.3,1079.2,656.2,emotional_stability_high4_PHv6CzBIC5E.001.mp4,1280,720,30.0,459,emotional_stability,high
209,6966,chin,416.2,335.5,703.7,552.0,680.2,509.4,1039.6,780.1,emotional_stability_high4_PHv6CzBIC5E.001.mp4,1280,720,30.0,459,emotional_stability,high
209,6966,left_cheek,472.3,341.8,595.7,466.9,750.3,517.3,904.6,673.6,emotional_stability_high4_PHv6CzBIC5E.001.mp4,1280,720,30.0,459,emotional_stability,high
209,6966,right_cheek,676.3,346.3,729.3,460.1,1005.4,522.9,1071.7,665.1,emotional_stability_high4_PHv6CzBIC5E.001.mp4,1280,720,30.0,459,emotional_stability,high
210,7000,left_eye,511.0,276.6,633.2,330.8,798.8,435.8,951.6,503.5,emotional_stability_high4_PHv6CzBIC5E.001.mp4,1280,720,30.0,459,emotional_stability,high
210,7000,right_eye,665.9,272.5,735.9,330.3,992.4,430.7,1079.9,502.8,emotional_stability_high4_PHv6CzBIC5E.001.mp4,1280,720,30.0,459,emotional_stability,high
210,7000,nose,605.2,308.8,688.2,419.3,916.6,476.0,1020.3,614.2,emotional_stability_high4_PHv6CzBIC5E.001.mp4,1280,720,30.0,459,emotional_stability,high
210,7000,mouth,565.4,436.2,669.5,485.2,866.7,635.2,996.8,696.5,emotional_stability_high4_PHv6CzBIC5E.001.mp4,1280,720,30.0,459,emotional_stability,high
210,7000,forehead,417.5,206.7,735.4,452.8,681.9,348.4,1079.2,655.9,emotional_stability_high4_PHv6CzBIC5E.001.mp4,1280,720,30.0,459,emotional_stability,high
210,7000,chin,417.5,336.1,704.0,546.2,681.9,510.1,1040.0,772.8,emotional_stability_high4_PHv6CzBIC5E.001.mp4,1280,720,30.0,459,emotional_stability,high
210,7000,left_cheek,473.5,342.0,596.4,466.8,751.8,517.5,905.5,673.5,emotional_stability_high4_PHv6CzBIC5E.001.mp4,1280,720,30.0,459,emotional_stability,high
210,7000,right_cheek,677.2,346.3,730.4,460.1,1006.6,522.8,1073.1,665.1,emotional_stability_high4_PHv6CzBIC5E.001.mp4,1280,720,30.0,459,emotional_stability,high
211,7033,left_eye,508.0,277.6,633.0,331.2,795.1,437.0,951.3,504.0,emotional_stability_high4_PHv6CzBIC5E.001.mp4,1280,720,30.0,459,emotional_stability,high
211,7033,right_eye,665.8,272.3,735.8,330.1,992.3,430.4,1079.7,502.7,emotional_stability_high4_PHv6CzBIC5E.001.mp4,1280,720,30.0,459,emotional_stability,high
211,7033,nose,605.2,308.8,688.8,419.3,916.5,476.0,1021.0,614.1,emotional_stability_high4_PHv6CzBIC5E.001.mp4,1280,720,30.0,459,emotional_stability,high
211,7033,mouth,565.8,436.5,670.4,481.9,867.2,635.6,997.9,692.4,emotional_stability_high4_PHv6CzBIC5E.001.mp4,1280,720,30.0,459,emotional_stability,high
211,7033,forehead,411.2,206.9,735.2,453.1,674.0,348.6,1079.0,656.4,emotional_stability_high4_PHv6CzBIC5E.001.mp4,1280,720,30.0,459,emotional_stability,high
211,7033,chin,411.2,337.0,704.0,545.6,674.0,511.2,1040.0,772.0,emotional_stability_high4_PHv6CzBIC5E.001.mp4,1280,720,30.0,459,emotional_stability,high
211,7033,left_cheek,471.6,343.1,596.1,466.9,749.5,518.9,905.1,673.6,emotional_stability_high4_PHv6CzBIC5E.001.mp4,1280,720,30.0,459,emotional_stability,high
211,7033,right_cheek,677.4,345.5,730.6,459.7,1006.7,521.9,1073.2,664.6,emotional_stability_high4_PHv6CzBIC5E.001.mp4,1280,720,30.0,459,emotional_stability,high
212,7066,left_eye,508.8,279.7,632.9,331.8,796.0,439.7,951.1,504.8,emotional_stability_high4_PHv6CzBIC5E.001.mp4,1280,720,30.0,459,emotional_stability,high
212,7066,right_eye,665.9,272.5,735.7,330.1,992.4,430.7,1079.6,502.6,emotional_stability_high4_PHv6CzBIC5E.001.mp4,1280,720,30.0,459,emotional_stability,high
212,7066,nose,607.1,308.9,688.7,419.2,918.8,476.1,1020.8,614.0,emotional_stability_high4_PHv6CzBIC5E.001.mp4,1280,720,30.0,459,emotional_stability,high
212,7066,mouth,568.9,437.3,672.9,477.5,871.2,636.6,1001.1,686.8,emotional_stability_high4_PHv6CzBIC5E.001.mp4,1280,720,30.0,459,emotional_stability,high
212,7066,forehead,418.1,208.1,735.1,453.6,682.6,350.1,1078.9,657.0,emotional_stability_high4_PHv6CzBIC5E.001.mp4,1280,720,30.0,459,emotional_stability,high
212,7066,chin,418.1,339.6,704.1,541.1,682.6,514.5,1040.1,766.4,emotional_stability_high4_PHv6CzBIC5E.001.mp4,1280,720,30.0,459,emotional_stability,high
212,7066,left_cheek,475.9,344.5,596.9,466.9,754.8,520.7,906.1,673.7,emotional_stability_high4_PHv6CzBIC5E.001.mp4,1280,720,30.0,459,emotional_stability,high
212,7066,right_cheek,677.3,345.1,730.5,458.5,1006.6,521.4,1073.1,663.2,emotional_stability_high4_PHv6CzBIC5E.001.mp4,1280,720,30.0,459,emotional_stability,high
213,7100,left_eye,508.9,279.6,632.8,331.8,796.1,439.5,951.0,504.8,emotional_stability_high4_PHv6CzBIC5E.001.mp4,1280,720,30.0,459,emotional_stability,high
213,7100,right_eye,665.9,272.1,735.5,329.9,992.4,430.2,1079.4,502.4,emotional_stability_high4_PHv6CzBIC5E.001.mp4,1280,720,30.0,459,emotional_stability,high
213,7100,nose,606.8,308.8,688.3,419.2,918.5,476.0,1020.4,614.0,emotional_stability_high4_PHv6CzBIC5E.001.mp4,1280,720,30.0,459,emotional_stability,high
213,7100,mouth,568.6,437.8,673.0,477.7,870.8,637.2,1001.2,687.1,emotional_stability_high4_PHv6CzBIC5E.001.mp4,1280,720,30.0,459,emotional_stability,high
213,7100,forehead,415.5,208.1,734.6,460.9,679.4,350.1,1078.2,666.1,emotional_stability_high4_PHv6CzBIC5E.001.mp4,1280,720,30.0,459,emotional_stability,high
213,7100,chin,415.5,341.7,703.8,542.2,679.4,517.1,1039.7,767.7,emotional_stability_high4_PHv6CzBIC5E.001.mp4,1280,720,30.0,459,emotional_stability,high
213,7100,left_cheek,472.8,345.7,596.8,469.7,751.0,522.2,906.1,677.1,emotional_stability_high4_PHv6CzBIC5E.001.mp4,1280,720,30.0,459,emotional_stability,high
213,7100,right_cheek,677.2,345.2,730.5,459.2,1006.4,521.5,1073.1,664.0,emotional_stability_high4_PHv6CzBIC5E.001.mp4,1280,720,30.0,459,emotional_stability,high
214,7133,left_eye,510.6,279.8,632.8,331.8,798.2,439.7,951.0,504.8,emotional_stability_high4_PHv6CzBIC5E.001.mp4,1280,720,30.0,459,emotional_stability,high
214,7133,right_eye,665.9,272.2,735.3,329.9,992.3,430.2,1079.2,502.4,emotional_stability_high4_PHv6CzBIC5E.001.mp4,1280,720,30.0,459,emotional_stability,high
214,7133,nose,607.1,308.8,688.1,419.2,918.9,476.0,1020.1,613.9,emotional_stability_high4_PHv6CzBIC5E.001.mp4,1280,720,30.0,459,emotional_stability,high
214,7133,mouth,569.0,438.8,672.6,479.3,871.3,638.5,1000.8,689.1,emotional_stability_high4_PHv6CzBIC5E.001.mp4,1280,720,30.0,459,emotional_stability,high
214,7133,forehead,421.9,208.5,734.2,460.2,687.4,350.6,1077.8,665.2,emotional_stability_high4_PHv6CzBIC5E.001.mp4,1280,720,30.0,459,emotional_stability,high
214,7133,chin,421.9,342.6,703.7,542.9,687.4,518.3,1039.6,768.6,emotional_stability_high4_PHv6CzBIC5E.001.mp4,1280,720,30.0,459,emotional_stability,high
214,7133,left_cheek,476.0,346.2,597.2,469.7,755.0,522.8,906.5,677.1,emotional_stability_high4_PHv6CzBIC5E.001.mp4,1280,720,30.0,459,emotional_stability,high
214,7133,right_cheek,677.0,345.2,730.0,459.2,1006.3,521.5,1072.5,664.1,emotional_stability_high4_PHv6CzBIC5E.001.mp4,1280,720,30.0,459,emotional_stability,high
215,7166,left_eye,509.5,279.7,632.8,331.8,796.8,439.6,951.0,504.8,emotional_stability_high4_PHv6CzBIC5E.001.mp4,1280,720,30.0,459,emotional_stability,high
215,7166,right_eye,665.9,272.0,735.3,329.8,992.3,430.1,1079.1,502.3,emotional_stability_high4_PHv6CzBIC5E.001.mp4,1280,720,30.0,459,emotional_stability,high
215,7166,nose,606.9,308.8,688.2,419.2,918.7,476.0,1020.3,614.0,emotional_stability_high4_PHv6CzBIC5E.001.mp4,1280,720,30.0,459,emotional_stability,high
215,7166,mouth,568.8,439.5,672.4,479.8,871.0,639.4,1000.5,689.8,emotional_stability_high4_PHv6CzBIC5E.001.mp4,1280,720,30.0,459,emotional_stability,high
215,7166,forehead,416.1,208.4,734.1,460.7,680.2,350.5,1077.6,665.9,emotional_stability_high4_PHv6CzBIC5E.001.mp4,1280,720,30.0,459,emotional_stability,high
215,7166,chin,416.1,342.7,703.6,544.6,680.2,518.3,1039.5,770.8,emotional_stability_high4_PHv6CzBIC5E.001.mp4,1280,720,30.0,459,emotional_stability,high
215,7166,left_cheek,473.7,346.5,597.1,470.6,752.2,523.1,906.4,678.2,emotional_stability_high4_PHv6CzBIC5E.001.mp4,1280,720,30.0,459,emotional_stability,high
215,7166,right_cheek,677.0,345.3,729.9,459.8,1006.2,521.6,1072.4,664.7,emotional_stability_high4_PHv6CzBIC5E.001.mp4,1280,720,30.0,459,emotional_stability,high
216,7200,left_eye,509.5,280.3,632.2,332.2,796.8,440.4,950.2,505.3,emotional_stability_high4_PHv6CzBIC5E.001.mp4,1280,720,30.0,459,emotional_stability,high
216,7200,right_eye,665.8,272.1,735.6,330.1,992.3,430.1,1079.5,502.6,emotional_stability_high4_PHv6CzBIC5E.001.mp4,1280,720,30.0,459,emotional_stability,high
216,7200,nose,606.6,308.8,688.2,419.2,918.3,476.0,1020.3,614.0,emotional_stability_high4_PHv6CzBIC5E.001.mp4,1280,720,30.0,459,emotional_stability,high
216,7200,mouth,567.9,439.6,671.7,481.3,869.8,639.4,999.6,691.6,emotional_stability_high4_PHv6CzBIC5E.001.mp4,1280,720,30.0,459,emotional_stability,high
216,7200,forehead,418.2,208.4,734.3,460.1,682.8,350.5,1077.9,665.1,emotional_stability_high4_PHv6CzBIC5E.001.mp4,1280,720,30.0,459,emotional_stability,high
216,7200,chin,418.2,343.1,703.6,545.6,682.8,518.9,1039.5,771.9,emotional_stability_high4_PHv6CzBIC5E.001.mp4,1280,720,30.0,459,emotional_stability,high
216,7200,left_cheek,474.5,346.9,596.9,470.6,753.2,523.6,906.2,678.3,emotional_stability_high4_PHv6CzBIC5E.001.mp4,1280,720,30.0,459,emotional_stability,high
216,7200,right_cheek,677.0,345.4,730.0,459.9,1006.2,521.7,1072.5,664.9,emotional_stability_high4_PHv6CzBIC5E.001.mp4,1280,720,30.0,459,emotional_stability,high
217,7233,left_eye,509.3,280.1,632.0,332.2,796.7,440.2,950.0,505.2,emotional_stability_high4_PHv6CzBIC5E.001.mp4,1280,720,30.0,459,emotional_stability,high
217,7233,right_eye,665.8,272.1,734.8,329.9,992.3,430.1,1078.6,502.4,emotional_stability_high4_PHv6CzBIC5E.001.mp4,1280,720,30.0,459,emotional_stability,high
217,7233,nose,606.3,308.7,688.1,419.2,917.9,475.9,1020.1,613.9,emotional_stability_high4_PHv6CzBIC5E.001.mp4,1280,720,30.0,459,emotional_stability,high
217,7233,mouth,567.1,439.7,670.5,482.4,868.9,639.6,998.1,693.0,emotional_stability_high4_PHv6CzBIC5E.001.mp4,1280,720,30.0,459,emotional_stability,high
217,7233,forehead,417.9,208.0,733.6,459.9,682.4,350.0,1077.1,664.8,emotional_stability_high4_PHv6CzBIC5E.001.mp4,1280,720,30.0,459,emotional_stability,high
217,7233,chin,417.9,343.0,703.5,546.5,682.4,518.7,1039.4,773.1,emotional_stability_high4_PHv6CzBIC5E.001.mp4,1280,720,30.0,459,emotional_stability,high
217,7233,left_cheek,474.5,346.8,596.8,470.9,753.1,523.5,905.9,678.7,emotional_stability_high4_PHv6CzBIC5E.001.mp4,1280,720,30.0,459,emotional_stability,high
217,7233,right_cheek,676.7,345.2,729.2,460.0,1005.9,521.5,1071.5,665.0,emotional_stability_high4_PHv6CzBIC5E.001.mp4,1280,720,30.0,459,emotional_stability,high
218,7266,left_eye,510.7,280.1,632.0,332.2,798.4,440.1,950.0,505.2,emotional_stability_high4_PHv6CzBIC5E.001.mp4,1280,720,30.0,459,emotional_stability,high
218,7266,right_eye,665.9,272.1,735.6,329.9,992.4,430.1,1079.5,502.4,emotional_stability_high4_PHv6CzBIC5E.001.mp4,1280,720,30.0,459,emotional_stability,high
218,7266,nose,606.3,308.5,687.9,419.0,917.8,475.7,1019.9,613.8,emotional_stability_high4_PHv6CzBIC5E.001.mp4,1280,720,30.0,459,emotional_stability,high
218,7266,mouth,567.1,439.9,670.1,482.6,868.8,639.9,997.7,693.2,emotional_stability_high4_PHv6CzBIC5E.001.mp4,1280,720,30.0,459,emotional_stability,high
218,7266,forehead,424.0,207.7,734.6,459.8,690.0,349.7,1078.3,664.7,emotional_stability_high4_PHv6CzBIC5E.001.mp4,1280,720,30.0,459,emotional_stability,high
218,7266,chin,424.0,343.0,704.8,545.9,690.0,518.7,1041.0,772.4,emotional_stability_high4_PHv6CzBIC5E.001.mp4,1280,720,30.0,459,emotional_stability,high
218,7266,left_cheek,477.8,346.8,596.8,470.8,757.3,523.5,906.0,678.4,emotional_stability_high4_PHv6CzBIC5E.001.mp4,1280,720,30.0,459,emotional_stability,high
218,7266,right_cheek,676.7,345.2,729.7,460.0,1005.9,521.5,1072.1,665.1,emotional_stability_high4_PHv6CzBIC5E.001.mp4,1280,720,30.0,459,emotional_stability,high
219,7300,left_eye,507.6,279.2,631.5,332.2,794.5,439.0,949.4,505.2,emotional_stability_high4_PHv6CzBIC5E.001.mp4,1280,720,30.0,459,emotional_stability,high
219,7300,right_eye,665.7,271.0,734.9,329.4,992.2,428.8,1078.7,501.7,emotional_stability_high4_PHv6CzBIC5E.001.mp4,1280,720,30.0,459,emotional_stability,high
219,7300,nose,606.0,308.2,687.9,419.0,917.5,475.3,1019.9,613.8,emotional_stability_high4_PHv6CzBIC5E.001.mp4,1280,720,30.0,459,emotional_stability,high
219,7300,mouth,565.8,439.9,668.7,483.0,867.2,639.9,995.9,693.7,emotional_stability_high4_PHv6CzBIC5E.001.mp4,1280,720,30.0,459,emotional_stability,high
219,7300,forehead,413.4,207.3,733.4,460.4,676.8,349.2,1076.8,665.5,emotional_stability_high4_PHv6CzBIC5E.001.mp4,1280,720,30.0,459,emotional_stability,high
219,7300,chin,413.4,342.9,703.8,548.3,676.8,518.6,1039.7,775.4,emotional_stability_high4_PHv6CzBIC5E.001.mp4,1280,720,30.0,459,emotional_stability,high
219,7300,left_cheek,473.2,346.8,596.0,471.2,751.5,523.5,905.1,679.0,emotional_stability_high4_PHv6CzBIC5E.001.mp4,1280,720,30.0,459,emotional_stability,high
219,7300,right_cheek,676.7,345.2,729.3,460.4,1005.9,521.5,1071.6,665.5,emotional_stability_high4_PHv6CzBIC5E.001.mp4,1280,720,30.0,459,emotional_stability,high
220,7333,left_eye,507.7,279.2,631.5,332.7,794.6,439.0,949.3,505.9,emotional_stability_high4_PHv6CzBIC5E.001.mp4,1280,720,30.0,459,emotional_stability,high
220,7333,right_eye,666.0,271.6,736.3,329.5,992.5,429.4,1080.3,501.9,emotional_stability_high4_PHv6CzBIC5E.001.mp4,1280,720,30.0,459,emotional_stability,high
220,7333,nose,606.0,308.3,688.1,419.0,917.5,475.4,1020.2,613.8,emotional_stability_high4_PHv6CzBIC5E.001.mp4,1280,720,30.0,459,emotional_stability,high
220,7333,mouth,565.4,440.0,669.3,482.6,866.8,640.0,996.6,693.3,emotional_stability_high4_PHv6CzBIC5E.001.mp4,1280,720,30.0,459,emotional_stability,high
220,7333,forehead,416.6,207.4,735.0,460.2,680.8,349.2,1078.7,665.3,emotional_stability_high4_PHv6CzBIC5E.001.mp4,1280,720,30.0,459,emotional_stability,high
220,7333,chin,416.6,343.0,704.0,547.7,680.8,518.8,1040.0,774.7,emotional_stability_high4_PHv6CzBIC5E.001.mp4,1280,720,30.0,459,emotional_stability,high
220,7333,left_cheek,473.4,346.8,596.1,471.2,751.7,523.5,905.1,679.0,emotional_stability_high4_PHv6CzBIC5E.001.mp4,1280,720,30.0,459,emotional_stability,high
220,7333,right_cheek,676.9,345.7,730.0,460.7,1006.1,522.1,1072.5,665.9,emotional_stability_high4_PHv6CzBIC5E.001.mp4,1280,720,30.0,459,emotional_stability,high
221,7366,left_eye,507.9,279.2,631.5,332.7,794.8,439.0,949.3,505.9,emotional_stability_high4_PHv6CzBIC5E.001.mp4,1280,720,30.0,459,emotional_stability,high
221,7366,right_eye,666.0,270.6,736.5,329.2,992.5,428.2,1080.6,501.4,emotional_stability_high4_PHv6CzBIC5E.001.mp4,1280,720,30.0,459,emotional_stability,high
221,7366,nose,605.5,308.1,688.2,418.7,916.9,475.1,1020.2,613.3,emotional_stability_high4_PHv6CzBIC5E.001.mp4,1280,720,30.0,459,emotional_stability,high
221,7366,mouth,565.4,440.0,669.6,481.2,866.8,640.0,997.0,691.5,emotional_stability_high4_PHv6CzBIC5E.001.mp4,1280,720,30.0,459,emotional_stability,high
221,7366,forehead,417.9,207.2,735.3,456.3,682.4,349.0,1079.1,660.3,emotional_stability_high4_PHv6CzBIC5E.001.mp4,1280,720,30.0,459,emotional_stability,high
221,7366,chin,417.9,340.9,705.9,545.3,682.4,516.2,1042.4,771.6,emotional_stability_high4_PHv6CzBIC5E.001.mp4,1280,720,30.0,459,emotional_stability,high
221,7366,left_cheek,474.7,346.0,596.0,469.8,753.4,522.5,905.0,677.2,emotional_stability_high4_PHv6CzBIC5E.001.mp4,1280,720,30.0,459,emotional_stability,high
221,7366,right_cheek,676.9,344.1,730.4,459.8,1006.1,520.2,1073.0,664.8,emotional_stability_high4_PHv6CzBIC5E.001.mp4,1280,720,30.0,459,emotional_stability,high
222,7400,left_eye,508.3,277.6,631.4,331.9,795.4,437.0,949.3,504.9,emotional_stability_high4_PHv6CzBIC5E.001.mp4,1280,720,30.0,459,emotional_stability,high
222,7400,right_eye,666.0,268.6,736.4,328.3,992.4,425.7,1080.5,500.4,emotional_stability_high4_PHv6CzBIC5E.001.mp4,1280,720,30.0,459,emotional_stability,high
222,7400,nose,605.3,306.5,688.2,417.4,916.7,473.1,1020.2,611.7,emotional_stability_high4_PHv6CzBIC5E.001.mp4,1280,720,30.0,459,emotional_stability,high
222,7400,mouth,567.0,439.7,670.5,480.6,868.8,639.6,998.1,690.8,emotional_stability_high4_PHv6CzBIC5E.001.mp4,1280,720,30.0,459,emotional_stability,high
222,7400,forehead,422.9,206.1,735.1,454.3,688.6,347.6,1078.9,657.8,emotional_stability_high4_PHv6CzBIC5E.001.mp4,1280,720,30.0,459,emotional_stability,high
222,7400,chin,422.9,340.5,706.6,542.2,688.6,515.7,1043.3,767.8,emotional_stability_high4_PHv6CzBIC5E.001.mp4,1280,720,30.0,459,emotional_stability,high
222,7400,left_cheek,477.5,345.4,596.0,467.9,756.9,521.8,905.0,674.9,emotional_stability_high4_PHv6CzBIC5E.001.mp4,1280,720,30.0,459,emotional_stability,high
222,7400,right_cheek,676.9,342.5,730.5,458.4,1006.2,518.2,1073.1,663.0,emotional_stability_high4_PHv6CzBIC5E.001.mp4,1280,720,30.0,459,emotional_stability,high
223,7433,left_eye,506.5,277.6,630.9,332.4,793.1,437.0,948.6,505.5,emotional_stability_high4_PHv6CzBIC5E.001.mp4,1280,720,30.0,459,emotional_stability,high
223,7433,right_eye,666.0,268.0,736.8,328.3,992.5,425.0,1081.0,500.4,emotional_stability_high4_PHv6CzBIC5E.001.mp4,1280,720,30.0,459,emotional_stability,high
223,7433,nose,605.3,306.6,689.3,417.8,916.6,473.2,1021.6,612.2,emotional_stability_high4_PHv6CzBIC5E.001.mp4,1280,720,30.0,459,emotional_stability,high
223,7433,mouth,569.9,440.1,672.4,481.9,872.4,640.1,1000.5,692.4,emotional_stability_high4_PHv6CzBIC5E.001.mp4,1280,720,30.0,459,emotional_stability,high
223,7433,forehead,419.6,206.1,735.1,455.2,684.5,347.6,1078.9,659.0,emotional_stability_high4_PHv6CzBIC5E.001.mp4,1280,720,30.0,459,emotional_stability,high
223,7433,chin,419.6,340.8,707.0,544.7,684.5,515.9,1043.8,770.9,emotional_stability_high4_PHv6CzBIC5E.001.mp4,1280,720,30.0,459,emotional_stability,high
223,7433,left_cheek,475.9,346.0,595.7,469.3,754.8,522.5,904.7,676.6,emotional_stability_high4_PHv6CzBIC5E.001.mp4,1280,720,30.0,459,emotional_stability,high
223,7433,right_cheek,677.4,342.6,731.2,458.6,1006.8,518.2,1074.0,663.2,emotional_stability_high4_PHv6CzBIC5E.001.mp4,1280,720,30.0,459,emotional_stability,high
224,7466,left_eye,506.5,278.0,629.7,332.5,793.2,437.5,947.2,505.7,emotional_stability_high4_PHv6CzBIC5E.001.mp4,1280,720,30.0,459,emotional_stability,high
224,7466,right_eye,664.8,268.0,736.2,328.3,991.0,425.0,1080.3,500.3,emotional_stability_high4_PHv6CzBIC5E.001.mp4,1280,720,30.0,459,emotional_stability,high
224,7466,nose,604.9,306.6,688.4,417.5,916.1,473.3,1020.5,611.9,emotional_stability_high4_PHv6CzBIC5E.001.mp4,1280,720,30.0,459,emotional_stability,high
224,7466,mouth,572.1,439.5,672.4,481.5,875.1,639.3,1000.6,691.9,emotional_stability_high4_PHv6CzBIC5E.001.mp4,1280,720,30.0,459,emotional_stability,high
224,7466,forehead,424.2,206.0,734.5,455.4,690.3,347.5,1078.2,659.3,emotional_stability_high4_PHv6CzBIC5E.001.mp4,1280,720,30.0,459,emotional_stability,high
224,7466,chin,424.2,340.9,706.9,544.0,690.3,516.2,1043.7,770.1,emotional_stability_high4_PHv6CzBIC5E.001.mp4,1280,720,30.0,459,emotional_stability,high
224,7466,left_cheek,477.8,346.0,595.6,469.2,757.2,522.5,904.5,676.5,emotional_stability_high4_PHv6CzBIC5E.001.mp4,1280,720,30.0,459,emotional_stability,high
224,7466,right_cheek,676.6,342.5,730.9,458.7,1005.7,518.1,1073.6,663.4,emotional_stability_high4_PHv6CzBIC5E.001.mp4,1280,720,30.0,459,emotional_stability,high
225,7500,left_eye,505.9,278.0,628.1,332.8,792.3,437.5,945.2,506.0,emotional_stability_high4_PHv6CzBIC5E.001.mp4,1280,720,30.0,459,emotional_stability,high
225,7500,right_eye,664.3,266.4,735.9,327.9,990.3,423.1,1079.9,499.9,emotional_stability_high4_PHv6CzBIC5E.001.mp4,1280,720,30.0,459,emotional_stability,high
225,7500,nose,603.8,306.7,687.6,417.5,914.8,473.3,1019.5,611.9,emotional_stability_high4_PHv6CzBIC5E.001.mp4,1280,720,30.0,459,emotional_stability,high
225,7500,mouth,571.9,439.4,672.3,481.9,874.9,639.2,1000.4,692.4,emotional_stability_high4_PHv6CzBIC5E.001.mp4,1280,720,30.0,459,emotional_stability,high
225,7500,forehead,423.7,205.7,734.2,455.4,689.7,347.1,1077.7,659.2,emotional_stability_high4_PHv6CzBIC5E.001.mp4,1280,720,30.0,459,emotional_stability,high
225,7500,chin,423.7,340.4,707.1,544.2,689.7,515.6,1043.9,770.3,emotional_stability_high4_PHv6CzBIC5E.001.mp4,1280,720,30.0,459,emotional_stability,high
225,7500,left_cheek,477.8,346.0,594.8,469.3,757.2,522.5,903.5,676.6,emotional_stability_high4_PHv6CzBIC5E.001.mp4,1280,720,30.0,459,emotional_stability,high
225,7500,right_cheek,676.1,341.6,730.9,458.7,1005.1,517.0,1073.6,663.4,emotional_stability_high4_PHv6CzBIC5E.001.mp4,1280,720,30.0,459,emotional_stability,high
226,7533,left_eye,506.1,279.0,628.2,333.5,792.7,438.7,945.2,506.9,emotional_stability_high4_PHv6CzBIC5E.001.mp4,1280,720,30.0,459,emotional_stability,high
226,7533,right_eye,663.8,266.7,735.6,328.0,989.7,423.4,1079.5,500.0,emotional_stability_high4_PHv6CzBIC5E.001.mp4,1280,720,30.0,459,emotional_stability,high
226,7533,nose,603.5,306.8,686.8,417.5,914.4,473.5,1018.5,611.9,emotional_stability_high4_PHv6CzBIC5E.001.mp4,1280,720,30.0,459,emotional_stability,high
226,7533,mouth,571.7,439.2,672.5,482.0,874.6,639.0,1000.7,692.5,emotional_stability_high4_PHv6CzBIC5E.001.mp4,1280,720,30.0,459,emotional_stability,high
226,7533,forehead,425.2,205.9,734.1,455.5,691.5,347.3,1077.6,659.3,emotional_stability_high4_PHv6CzBIC5E.001.mp4,1280,720,30.0,459,emotional_stability,high
226,7533,chin,425.2,340.6,707.7,544.3,691.5,515.8,1044.6,770.4,emotional_stability_high4_PHv6CzBIC5E.001.mp4,1280,720,30.0,459,emotional_stability,high
226,7533,left_cheek,478.6,346.2,594.8,469.3,758.3,522.7,903.4,676.6,emotional_stability_high4_PHv6CzBIC5E.001.mp4,1280,720,30.0,459,emotional_stability,high
226,7533,right_cheek,675.6,341.7,730.8,458.8,1004.5,517.1,1073.5,663.5,emotional_stability_high4_PHv6CzBIC5E.001.mp4,1280,720,30.0,459,emotional_stability,high
227,7566,left_eye,506.2,278.9,628.1,333.5,792.8,438.6,945.1,506.9,emotional_stability_high4_PHv6CzBIC5E.001.mp4,1280,720,30.0,459,emotional_stability,high
227,7566,right_eye,663.8,266.8,735.7,328.0,989.8,423.6,1079.6,500.0,emotional_stability_high4_PHv6CzBIC5E.001.mp4,1280,720,30.0,459,emotional_stability,high
227,7566,nose,602.9,306.8,686.4,417.3,913.6,473.5,1018.0,611.6,emotional_stability_high4_PHv6CzBIC5E.001.mp4,1280,720,30.0,459,emotional_stability,high
227,7566,mouth,571.4,438.6,672.6,481.6,874.3,638.3,1000.8,692.0,emotional_stability_high4_PHv6CzBIC5E.001.mp4,1280,720,30.0,459,emotional_stability,high
227,7566,forehead,426.4,205.8,734.4,455.5,693.0,347.2,1078.0,659.4,emotional_stability_high4_PHv6CzBIC5E.001.mp4,1280,720,30.0,459,emotional_stability,high
227,7566,chin,426.4,340.6,708.4,543.6,693.0,515.8,1045.5,769.5,emotional_stability_high4_PHv6CzBIC5E.001.mp4,1280,720,30.0,459,emotional_stability,high
227,7566,left_cheek,479.0,346.2,594.6,469.2,758.7,522.7,903.2,676.5,emotional_stability_high4_PHv6CzBIC5E.001.mp4,1280,720,30.0,459,emotional_stability,high
227,7566,right_cheek,675.4,341.8,730.9,458.9,1004.3,517.3,1073.6,663.6,emotional_stability_high4_PHv6CzBIC5E.001.mp4,1280,720,30.0,459,emotional_stability,high
228,7600,left_eye,504.3,275.5,626.0,334.1,790.3,434.3,942.5,507.6,emotional_stability_high4_PHv6CzBIC5E.001.mp4,1280,720,30.0,459,emotional_stability,high
228,7600,right_eye,662.4,270.1,735.7,333.1,988.0,427.6,1079.6,506.3,emotional_stability_high4_PHv6CzBIC5E.001.mp4,1280,720,30.0,459,emotional_stability,high
228,7600,nose,601.8,308.2,686.4,417.0,912.3,475.3,1018.0,611.2,emotional_stability_high4_PHv6CzBIC5E.001.mp4,1280,720,30.0,459,emotional_stability,high
228,7600,mouth,571.4,438.1,672.6,480.9,874.2,637.6,1000.7,691.1,emotional_stability_high4_PHv6CzBIC5E.001.mp4,1280,720,30.0,459,emotional_stability,high
228,7600,forehead,423.8,206.3,734.3,456.2,689.7,347.8,1077.9,660.3,emotional_stability_high4_PHv6CzBIC5E.001.mp4,1280,720,30.0,459,emotional_stability,high
228,7600,chin,423.8,342.5,707.3,544.3,689.7,518.1,1044.1,770.3,emotional_stability_high4_PHv6CzBIC5E.001.mp4,1280,720,30.0,459,emotional_stability,high
228,7600,left_cheek,476.7,346.2,593.0,469.1,755.9,522.7,901.2,676.4,emotional_stability_high4_PHv6CzBIC5E.001.mp4,1280,720,30.0,459,emotional_stability,high
228,7600,right_cheek,675.4,348.3,730.4,462.6,1004.2,525.3,1073.1,668.2,emotional_stability_high4_PHv6CzBIC5E.001.mp4,1280,720,30.0,459,emotional_stability,high
229,7633,left_eye,503.8,275.5,624.5,334.4,789.8,434.4,940.7,508.0,emotional_stability_high4_PHv6CzBIC5E.001.mp4,1280,720,30.0,459,emotional_stability,high
229,7633,right_eye,662.5,274.1,735.8,335.2,988.2,432.7,1079.7,509.0,emotional_stability_high4_PHv6CzBIC5E.001.mp4,1280,720,30.0,459,emotional_stability,high
229,7633,nose,601.6,310.1,686.0,417.0,912.0,477.6,1017.4,611.3,emotional_stability_high4_PHv6CzBIC5E.001.mp4,1280,720,30.0,459,emotional_stability,high
229,7633,mouth,572.7,438.0,673.0,480.5,875.9,637.5,1001.3,690.6,emotional_stability_high4_PHv6CzBIC5E.001.mp4,1280,720,30.0,459,emotional_stability,high
229,7633,forehead,427.0,207.0,734.4,453.8,693.7,348.7,1078.0,657.3,emotional_stability_high4_PHv6CzBIC5E.001.mp4,1280,720,30.0,459,emotional_stability,high
229,7633,chin,427.0,341.9,707.5,544.0,693.7,517.4,1044.4,770.0,emotional_stability_high4_PHv6CzBIC5E.001.mp4,1280,720,30.0,459,emotional_stability,high
229,7633,left_cheek,477.0,345.9,592.6,468.0,756.2,522.3,900.7,675.1,emotional_stability_high4_PHv6CzBIC5E.001.mp4,1280,720,30.0,459,emotional_stability,high
229,7633,right_cheek,675.1,349.4,730.4,463.2,1003.9,526.7,1073.1,669.0,emotional_stability_high4_PHv6CzBIC5E.001.mp4,1280,720,30.0,459,emotional_stability,high
230,7666,left_eye,502.1,274.4,624.5,334.4,787.7,433.0,940.6,508.0,emotional_stability_high4_PHv6CzBIC5E.001.mp4,1280,720,30.0,459,emotional_stability,high
230,7666,right_eye,662.6,276.5,735.8,336.5,988.2,435.6,1079.7,510.7,emotional_stability_high4_PHv6CzBIC5E.001.mp4,1280,720,30.0,459,emotional_stability,high
230,7666,nose,601.4,310.6,686.0,417.1,911.8,478.3,1017.5,611.4,emotional_stability_high4_PHv6CzBIC5E.001.mp4,1280,720,30.0,459,emotional_stability,high
230,7666,mouth,573.0,438.1,672.9,480.4,876.2,637.6,1001.1,690.5,emotional_stability_high4_PHv6CzBIC5E.001.mp4,1280,720,30.0,459,emotional_stability,high
230,7666,forehead,421.8,207.3,734.4,453.9,687.3,349.1,1078.0,657.4,emotional_stability_high4_PHv6CzBIC5E.001.mp4,1280,720,30.0,459,emotional_stability,high
230,7666,chin,421.8,341.5,706.8,545.2,687.3,516.9,1043.5,771.5,emotional_stability_high4_PHv6CzBIC5E.001.mp4,1280,720,30.0,459,emotional_stability,high
230,7666,left_cheek,474.4,345.1,591.7,467.4,752.9,521.3,899.6,674.3,emotional_stability_high4_PHv6CzBIC5E.001.mp4,1280,720,30.0,459,emotional_stability,high
230,7666,right_cheek,675.2,352.0,730.4,465.0,1003.9,530.0,1073.0,671.2,emotional_stability_high4_PHv6CzBIC5E.001.mp4,1280,720,30.0,459,emotional_stability,high
231,7700,left_eye,502.4,274.2,623.9,334.4,788.0,432.8,939.9,508.0,emotional_stability_high4_PHv6CzBIC5E.001.mp4,1280,720,30.0,459,emotional_stability,high
231,7700,right_eye,662.6,276.8,736.2,336.7,988.2,436.0,1080.3,510.9,emotional_stability_high4_PHv6CzBIC5E.001.mp4,1280,720,30.0,459,emotional_stability,high
231,7700,nose,601.3,311.0,685.7,417.7,911.6,478.8,1017.1,612.1,emotional_stability_high4_PHv6CzBIC5E.001.mp4,1280,720,30.0,459,emotional_stability,high
231,7700,mouth,573.5,438.5,673.4,480.2,876.8,638.1,1001.7,690.3,emotional_stability_high4_PHv6CzBIC5E.001.mp4,1280,720,30.0,459,emotional_stability,high
231,7700,forehead,424.9,207.3,735.5,453.5,691.1,349.1,1079.4,656.9,emotional_stability_high4_PHv6CzBIC5E.001.mp4,1280,720,30.0,459,emotional_stability,high
231,7700,chin,424.9,341.2,709.1,545.3,691.1,516.5,1046.3,771.6,emotional_stability_high4_PHv6CzBIC5E.001.mp4,1280,720,30.0,459,emotional_stability,high
231,7700,left_cheek,474.5,345.0,591.7,467.5,753.2,521.2,899.6,674.3,emotional_stability_high4_PHv6CzBIC5E.001.mp4,1280,720,30.0,459,emotional_stability,high
231,7700,right_cheek,675.1,351.4,731.2,465.2,1003.9,529.2,1074.1,671.5,emotional_stability_high4_PHv6CzBIC5E.001.mp4,1280,720,30.0,459,emotional_stability,high
232,7733,left_eye,502.0,272.9,624.2,334.4,787.5,431.1,940.3,508.0,emotional_stability_high4_PHv6CzBIC5E.001.mp4,1280,720,30.0,459,emotional_stability,high
232,7733,right_eye,662.6,276.3,735.7,336.5,988.2,435.4,1079.6,510.7,emotional_stability_high4_PHv6CzBIC5E.001.mp4,1280,720,30.0,459,emotional_stability,high
232,7733,nose,601.4,310.9,685.7,417.7,911.7,478.7,1017.1,612.1,emotional_stability_high4_PHv6CzBIC5E.001.mp4,1280,720,30.0,459,emotional_stability,high
232,7733,mouth,573.4,438.5,673.2,480.2,876.8,638.1,1001.6,690.3,emotional_stability_high4_PHv6CzBIC5E.001.mp4,1280,720,30.0,459,emotional_stability,high
232,7733,forehead,419.1,207.2,734.9,454.4,683.9,349.0,1078.6,658.0,emotional_stability_high4_PHv6CzBIC5E.001.mp4,1280,720,30.0,459,emotional_stability,high
232,7733,chin,419.1,341.2,708.0,545.7,683.9,516.5,1045.1,772.1,emotional_stability_high4_PHv6CzBIC5E.001.mp4,1280,720,30.0,459,emotional_stability,high
232,7733,left_cheek,472.7,344.9,591.5,467.5,750.9,521.1,899.4,674.4,emotional_stability_high4_PHv6CzBIC5E.001.mp4,1280,720,30.0,459,emotional_stability,high
232,7733,right_cheek,675.1,352.1,731.2,465.8,1003.9,530.1,1074.0,672.2,emotional_stability_high4_PHv6CzBIC5E.001.mp4,1280,720,30.0,459,emotional_stability,high
233,7766,left_eye,502.0,272.8,624.3,334.4,787.5,431.0,940.4,507.9,emotional_stability_high4_PHv6CzBIC5E.001.mp4,1280,720,30.0,459,emotional_stability,high
233,7766,right_eye,662.9,275.7,736.9,336.3,988.7,434.6,1081.1,510.4,emotional_stability_high4_PHv6CzBIC5E.001.mp4,1280,720,30.0,459,emotional_stability,high
233,7766,nose,601.4,310.7,685.9,417.7,911.8,478.4,1017.3,612.1,emotional_stability_high4_PHv6CzBIC5E.001.mp4,1280,720,30.0,459,emotional_stability,high
233,7766,mouth,573.3,438.4,674.5,479.8,876.7,638.0,1003.1,689.8,emotional_stability_high4_PHv6CzBIC5E.001.mp4,1280,720,30.0,459,emotional_stability,high
233,7766,forehead,423.8,206.7,736.7,453.3,689.7,348.4,1080.8,656.6,emotional_stability_high4_PHv6CzBIC5E.001.mp4,1280,720,30.0,459,emotional_stability,high
233,7766,chin,423.8,340.5,711.1,545.8,689.7,515.7,1048.9,772.2,emotional_stability_high4_PHv6CzBIC5E.001.mp4,1280,720,30.0,459,emotional_stability,high
233,7766,left_cheek,473.9,344.7,591.6,467.5,752.4,520.9,899.5,674.4,emotional_stability_high4_PHv6CzBIC5E.001.mp4,1280,720,30.0,459,emotional_stability,high
233,7766,right_cheek,675.4,351.3,732.7,465.7,1004.3,529.1,1075.9,672.2,emotional_stability_high4_PHv6CzBIC5E.001.mp4,1280,720,30.0,459,emotional_stability,high
234,7800,left_eye,500.5,269.1,624.8,334.0,785.6,426.3,940.9,507.5,emotional_stability_high4_PHv6CzBIC5E.001.mp4,1280,720,30.0,459,emotional_stability,high
234,7800,right_eye,663.0,273.9,736.0,336.2,988.7,432.4,1080.0,510.2,emotional_stability_high4_PHv6CzBIC5E.001.mp4,1280,720,30.0,459,emotional_stability,high
234,7800,nose,601.7,309.6,686.3,417.4,912.1,477.0,1017.9,611.8,emotional_stability_high4_PHv6CzBIC5E.001.mp4,1280,720,30.0,459,emotional_stability,high
234,7800,mouth,573.2,438.0,674.3,479.9,876.5,637.4,1002.9,689.9,emotional_stability_high4_PHv6CzBIC5E.001.mp4,1280,720,30.0,459,emotional_stability,high
234,7800,forehead,407.3,204.2,736.0,455.4,669.1,345.2,1080.0,659.3,emotional_stability_high4_PHv6CzBIC5E.001.mp4,1280,720,30.0,459,emotional_stability,high
234,7800,chin,407.3,340.5,707.4,546.3,669.1,515.6,1044.2,772.9,emotional_stability_high4_PHv6CzBIC5E.001.mp4,1280,720,30.0,459,emotional_stability,high
234,7800,left_cheek,468.1,344.3,591.3,467.7,745.1,520.4,899.2,674.7,emotional_stability_high4_PHv6CzBIC5E.001.mp4,1280,720,30.0,459,emotional_stability,high
234,7800,right_cheek,675.5,351.3,732.3,466.2,1004.4,529.2,1075.4,672.7,emotional_stability_high4_PHv6CzBIC5E.001.mp4,1280,720,30.0,459,emotional_stability,high
235,7833,left_eye,498.6,268.4,624.8,333.1,783.2,425.6,941.0,506.3,emotional_stability_high4_PHv6CzBIC5E.001.mp4,1280,720,30.0,459,emotional_stability,high
235,7833,right_eye,663.0,271.5,736.3,335.5,988.7,429.3,1080.4,509.4,emotional_stability_high4_PHv6CzBIC5E.001.mp4,1280,720,30.0,459,emotional_stability,high
235,7833,nose,601.7,308.1,686.5,417.1,912.1,475.2,1018.1,611.3,emotional_stability_high4_PHv6CzBIC5E.001.mp4,1280,720,30.0,459,emotional_stability,high
235,7833,mouth,572.3,436.8,674.4,479.9,875.4,636.0,1003.1,689.9,emotional_stability_high4_PHv6CzBIC5E.001.mp4,1280,720,30.0,459,emotional_stability,high
235,7833,forehead,402.2,202.3,736.4,455.7,662.8,342.9,1080.5,659.6,emotional_stability_high4_PHv6CzBIC5E.001.mp4,1280,720,30.0,459,emotional_stability,high
235,7833,chin,402.2,340.5,707.2,548.2,662.8,515.7,1044.0,775.2,emotional_stability_high4_PHv6CzBIC5E.001.mp4,1280,720,30.0,459,emotional_stability,high
235,7833,left_cheek,464.5,344.2,590.4,468.4,740.6,520.2,898.0,675.4,emotional_stability_high4_PHv6CzBIC5E.001.mp4,1280,720,30.0,459,emotional_stability,high
235,7833,right_cheek,675.8,351.0,732.3,466.0,1004.7,528.8,1075.4,672.6,emotional_stability_high4_PHv6CzBIC5E.001.mp4,1280,720,30.0,459,emotional_stability,high
236,7866,left_eye,496.8,268.2,624.6,332.4,781.0,425.2,940.8,505.4,emotional_stability_high4_PHv6CzBIC5E.001.mp4,1280,720,30.0,459,emotional_stability,high
236,7866,right_eye,662.8,268.9,737.1,334.2,988.5,426.1,1081.4,507.8,emotional_stability_high4_PHv6CzBIC5E.001.mp4,1280,720,30.0,459,emotional_stability,high
236,7866,nose,602.1,306.8,688.0,416.6,912.6,473.5,1020.0,610.8,emotional_stability_high4_PHv6CzBIC5E.001.mp4,1280,720,30.0,459,emotional_stability,high
236,7866,mouth,572.3,435.9,674.9,479.7,875.3,634.9,1003.7,689.6,emotional_stability_high4_PHv6CzBIC5E.001.mp4,1280,720,30.0,459,emotional_stability,high
236,7866,forehead,402.9,201.8,737.1,453.4,663.6,342.3,1081.3,656.8,emotional_stability_high4_PHv6CzBIC5E.001.mp4,1280,720,30.0,459,emotional_stability,high
236,7866,chin,402.9,338.9,709.9,548.1,663.6,513.6,1047.4,775.2,emotional_stability_high4_PHv6CzBIC5E.001.mp4,1280,720,30.0,459,emotional_stability,high
236,7866,left_cheek,463.8,343.5,590.4,467.8,739.7,519.4,898.0,674.8,emotional_stability_high4_PHv6CzBIC5E.001.mp4,1280,720,30.0,459,emotional_stability,high
236,7866,right_cheek,676.5,349.7,734.1,465.2,1005.6,527.1,1077.6,671.5,emotional_stability_high4_PHv6CzBIC5E.001.mp4,1280,720,30.0,459,emotional_stability,high
237,7900,left_eye,501.4,268.8,624.7,331.8,786.8,426.0,940.8,504.7,emotional_stability_high4_PHv6CzBIC5E.001.mp4,1280,720,30.0,459,emotional_stability,high
237,7900,right_eye,663.0,267.7,737.4,332.2,988.8,424.6,1081.8,505.2,emotional_stability_high4_PHv6CzBIC5E.001.mp4,1280,720,30.0,459,emotional_stability,high
237,7900,nose,602.4,306.1,688.0,415.7,913.0,472.6,1020.0,609.6,emotional_stability_high4_PHv6CzBIC5E.001.mp4,1280,720,30.0,459,emotional_stability,high
237,7900,mouth,572.5,435.1,676.4,479.3,875.6,633.8,1005.5,689.1,emotional_stability_high4_PHv6CzBIC5E.001.mp4,1280,720,30.0,459,emotional_stability,high
237,7900,forehead,422.2,202.0,736.9,453.5,687.8,342.5,1081.2,656.9,emotional_stability_high4_PHv6CzBIC5E.001.mp4,1280,720,30.0,459,emotional_stability,high
237,7900,chin,422.2,339.0,712.2,546.3,687.8,513.7,1050.3,772.8,emotional_stability_high4_PHv6CzBIC5E.001.mp4,1280,720,30.0,459,emotional_stability,high
237,7900,left_cheek,473.2,343.3,591.3,467.6,751.5,519.1,899.1,674.5,emotional_stability_high4_PHv6CzBIC5E.001.mp4,1280,720,30.0,459,emotional_stability,high
237,7900,right_cheek,676.6,347.0,734.4,462.8,1005.7,523.8,1078.0,668.5,emotional_stability_high4_PHv6CzBIC5E.001.mp4,1280,720,30.0,459,emotional_stability,high
238,7933,left_eye,500.3,267.2,624.8,330.7,785.4,424.0,940.9,503.4,emotional_stability_high4_PHv6CzBIC5E.001.mp4,1280,720,30.0,459,emotional_stability,high
238,7933,right_eye,662.7,267.1,736.2,330.8,988.4,423.9,1080.2,503.5,emotional_stability_high4_PHv6CzBIC5E.001.mp4,1280,720,30.0,459,emotional_stability,high
238,7933,nose,602.4,305.3,688.1,414.7,913.0,471.6,1020.1,608.4,emotional_stability_high4_PHv6CzBIC5E.001.mp4,1280,720,30.0,459,emotional_stability,high
238,7933,mouth,572.7,434.5,676.1,479.4,875.9,633.1,1005.1,689.2,emotional_stability_high4_PHv6CzBIC5E.001.mp4,1280,720,30.0,459,emotional_stability,high
238,7933,forehead,409.9,200.8,734.3,454.2,672.3,341.0,1077.9,657.8,emotional_stability_high4_PHv6CzBIC5E.001.mp4,1280,720,30.0,459,emotional_stability,high
238,7933,chin,409.9,339.0,706.4,546.5,672.3,513.8,1043.0,773.1,emotional_stability_high4_PHv6CzBIC5E.001.mp4,1280,720,30.0,459,emotional_stability,high
238,7933,left_cheek,469.3,342.9,591.1,467.6,746.6,518.7,898.9,674.5,emotional_stability_high4_PHv6CzBIC5E.001.mp4,1280,720,30.0,459,emotional_stability,high
238,7933,right_cheek,676.6,346.8,732.7,462.8,1005.7,523.6,1075.9,668.5,emotional_stability_high4_PHv6CzBIC5E.001.mp4,1280,720,30.0,459,emotional_stability,high
239,7966,left_eye,496.1,266.5,624.7,330.5,780.1,423.1,940.9,503.2,emotional_stability_high4_PHv6CzBIC5E.001.mp4,1280,720,30.0,459,emotional_stability,high
239,7966,right_eye,662.2,265.8,736.2,330.2,987.7,422.2,1080.2,502.7,emotional_stability_high4_PHv6CzBIC5E.001.mp4,1280,720,30.0,459,emotional_stability,high
239,7966,nose,602.3,304.3,688.2,414.6,912.8,470.4,1020.2,608.3,emotional_stability_high4_PHv6CzBIC5E.001.mp4,1280,720,30.0,459,emotional_stability,high
239,7966,mouth,571.4,433.7,675.9,479.6,874.3,632.1,1004.9,689.5,emotional_stability_high4_PHv6CzBIC5E.001.mp4,1280,720,30.0,459,emotional_stability,high
239,7966,forehead,397.6,199.0,734.5,454.9,657.1,338.8,1078.1,658.7,emotional_stability_high4_PHv6CzBIC5E.001.mp4,1280,720,30.0,459,emotional_stability,high
239,7966,chin,397.6,338.9,706.5,547.2,657.1,513.6,1043.1,774.0,emotional_stability_high4_PHv6CzBIC5E.001.mp4,1280,720,30.0,459,emotional_stability,high
239,7966,left_cheek,462.0,342.7,589.9,467.9,737.5,518.4,897.3,674.8,emotional_stability_high4_PHv6CzBIC5E.001.mp4,1280,720,30.0,459,emotional_stability,high
239,7966,right_cheek,676.6,346.7,732.9,462.8,1005.7,523.4,1076.1,668.6,emotional_stability_high4_PHv6CzBIC5E.001.mp4,1280,720,30.0,459,emotional_stability,high
240,8000,left_eye,498.5,266.6,624.7,330.6,783.1,423.3,940.9,503.2,emotional_stability_high4_PHv6CzBIC5E.001.mp4,1280,720,30.0,459,emotional_stability,high
240,8000,right_eye,663.7,266.1,739.2,330.1,989.7,422.7,1084.0,502.6,emotional_stability_high4_PHv6CzBIC5E.001.mp4,1280,720,30.0,459,emotional_stability,high
240,8000,nose,602.3,304.5,688.1,414.8,912.8,470.7,1020.2,608.5,emotional_stability_high4_PHv6CzBIC5E.001.mp4,1280,720,30.0,459,emotional_stability,high
240,8000,mouth,571.3,433.9,676.0,479.9,874.1,632.3,1005.0,689.9,emotional_stability_high4_PHv6CzBIC5E.001.mp4,1280,720,30.0,459,emotional_stability,high
240,8000,forehead,419.7,199.4,737.9,452.0,684.6,339.3,1082.3,655.0,emotional_stability_high4_PHv6CzBIC5E.001.mp4,1280,720,30.0,459,emotional_stability,high
240,8000,chin,419.7,336.4,712.9,546.1,684.6,510.5,1051.1,772.7,emotional_stability_high4_PHv6CzBIC5E.001.mp4,1280,720,30.0,459,emotional_stability,high
240,8000,left_cheek,470.1,341.6,590.2,467.1,747.6,517.0,897.8,673.8,emotional_stability_high4_PHv6CzBIC5E.001.mp4,1280,720,30.0,459,emotional_stability,high
240,8000,right_cheek,677.1,344.7,735.0,461.4,1006.3,520.9,1078.8,666.8,emotional_stability_high4_PHv6CzBIC5E.001.mp4,1280,720,30.0,459,emotional_stability,high
241,8033,left_eye,498.6,266.8,624.8,330.7,783.3,423.5,941.0,503.3,emotional_stability_high4_PHv6CzBIC5E.001.mp4,1280,720,30.0,459,emotional_stability,high
241,8033,right_eye,663.7,266.4,737.5,329.8,989.6,423.0,1081.9,502.3,emotional_stability_high4_PHv6CzBIC5E.001.mp4,1280,720,30.0,459,emotional_stability,high
241,8033,nose,602.7,304.7,688.4,414.6,913.3,470.9,1020.5,608.3,emotional_stability_high4_PHv6CzBIC5E.001.mp4,1280,720,30.0,459,emotional_stability,high
241,8033,mouth,572.1,433.7,675.9,479.9,875.1,632.2,1004.9,689.9,emotional_stability_high4_PHv6CzBIC5E.001.mp4,1280,720,30.0,459,emotional_stability,high
241,8033,forehead,416.4,199.7,734.9,452.7,680.5,339.6,1078.7,655.8,emotional_stability_high4_PHv6CzBIC5E.001.mp4,1280,720,30.0,459,emotional_stability,high
241,8033,chin,416.4,337.2,709.5,546.2,680.5,511.5,1046.9,772.7,emotional_stability_high4_PHv6CzBIC5E.001.mp4,1280,720,30.0,459,emotional_stability,high
241,8033,left_cheek,469.8,341.6,590.4,467.1,747.2,517.1,897.9,673.9,emotional_stability_high4_PHv6CzBIC5E.001.mp4,1280,720,30.0,459,emotional_stability,high
241,8033,right_cheek,677.1,344.9,733.5,461.3,1006.3,521.1,1076.8,666.7,emotional_stability_high4_PHv6CzBIC5E.001.mp4,1280,720,30.0,459,emotional_stability,high
242,8066,left_eye,501.9,264.6,625.9,330.4,787.4,420.8,942.4,503.0,emotional_stability_high4_PHv6CzBIC5E.001.mp4,1280,720,30.0,459,emotional_stability,high
242,8066,right_eye,664.4,265.3,739.0,329.9,990.6,421.7,1083.7,502.3,emotional_stability_high4_PHv6CzBIC5E.001.mp4,1280,720,30.0,459,emotional_stability,high
242,8066,nose,602.9,304.4,688.9,414.2,913.7,470.5,1021.1,607.7,emotional_stability_high4_PHv6CzBIC5E.001.mp4,1280,720,30.0,459,emotional_stability,high
242,8066,mouth,572.9,433.7,677.3,479.9,876.1,632.2,1006.6,689.8,emotional_stability_high4_PHv6CzBIC5E.001.mp4,1280,720,30.0,459,emotional_stability,high
242,8066,forehead,421.4,199.0,737.1,452.7,686.7,338.8,1081.4,655.9,emotional_stability_high4_PHv6CzBIC5E.001.mp4,1280,720,30.0,459,emotional_stability,high
242,8066,chin,421.4,337.2,711.3,545.8,686.7,511.5,1049.1,772.3,emotional_stability_high4_PHv6CzBIC5E.001.mp4,1280,720,30.0,459,emotional_stability,high
242,8066,left_cheek,473.3,341.2,591.4,466.8,751.6,516.5,899.2,673.5,emotional_stability_high4_PHv6CzBIC5E.001.mp4,1280,720,30.0,459,emotional_stability,high
242,8066,right_cheek,677.6,344.9,734.2,461.4,1007.0,521.1,1077.8,666.8,emotional_stability_high4_PHv6CzBIC5E.001.mp4,1280,720,30.0,459,emotional_stability,high
243,8100,left_eye,502.1,263.5,626.1,329.9,787.7,419.4,942.6,502.4,emotional_stability_high4_PHv6CzBIC5E.001.mp4,1280,720,30.0,459,emotional_stability,high
243,8100,right_eye,664.5,265.6,738.5,329.9,990.6,422.0,1083.1,502.4,emotional_stability_high4_PHv6CzBIC5E.001.mp4,1280,720,30.0,459,emotional_stability,high
243,8100,nose,603.1,304.5,689.0,414.2,913.9,470.6,1021.3,607.8,emotional_stability_high4_PHv6CzBIC5E.001.mp4,1280,720,30.0,459,emotional_stability,high
243,8100,mouth,572.9,433.8,677.1,481.2,876.1,632.3,1006.4,691.5,emotional_stability_high4_PHv6CzBIC5E.001.mp4,1280,720,30.0,459,emotional_stability,high
243,8100,forehead,420.6,199.2,736.0,452.8,685.8,339.0,1080.0,656.0,emotional_stability_high4_PHv6CzBIC5E.001.mp4,1280,720,30.0,459,emotional_stability,high
243,8100,chin,420.6,337.3,710.7,546.3,685.8,511.7,1048.4,772.9,emotional_stability_high4_PHv6CzBIC5E.001.mp4,1280,720,30.0,459,emotional_stability,high
243,8100,left_cheek,473.3,341.2,591.6,466.9,751.7,516.5,899.5,673.6,emotional_stability_high4_PHv6CzBIC5E.001.mp4,1280,720,30.0,459,emotional_stability,high
243,8100,right_cheek,677.6,345.0,733.6,461.8,1007.1,521.3,1077.0,667.3,emotional_stability_high4_PHv6CzBIC5E.001.mp4,1280,720,30.0,459,emotional_stability,high
244,8133,left_eye,502.1,264.5,626.1,330.0,787.6,420.6,942.6,502.5,emotional_stability_high4_PHv6CzBIC5E.001.mp4,1280,720,30.0,459,emotional_stability,high
244,8133,right_eye,664.8,265.6,738.5,329.9,991.0,422.0,1083.1,502.4,emotional_stability_high4_PHv6CzBIC5E.001.mp4,1280,720,30.0,459,emotional_stability,high
244,8133,nose,603.0,304.7,688.9,414.6,913.8,470.9,1021.1,608.2,emotional_stability_high4_PHv6CzBIC5E.001.mp4,1280,720,30.0,459,emotional_stability,high
244,8133,mouth,572.8,434.4,676.8,485.5,876.0,633.0,1006.0,696.8,emotional_stability_high4_PHv6CzBIC5E.001.mp4,1280,720,30.0,459,emotional_stability,high
244,8133,forehead,420.4,199.3,736.0,453.0,685.6,339.1,1080.0,656.2,emotional_stability_high4_PHv6CzBIC5E.001.mp4,1280,720,30.0,459,emotional_stability,high
244,8133,chin,420.4,337.4,711.0,547.0,685.6,511.7,1048.7,773.7,emotional_stability_high4_PHv6CzBIC5E.001.mp4,1280,720,30.0,459,emotional_stability,high
244,8133,left_cheek,473.5,341.3,591.7,467.4,751.8,516.6,899.6,674.3,emotional_stability_high4_PHv6CzBIC5E.001.mp4,1280,720,30.0,459,emotional_stability,high
244,8133,right_cheek,677.6,344.7,733.7,461.8,1007.0,520.9,1077.2,667.3,emotional_stability_high4_PHv6CzBIC5E.001.mp4,1280,720,30.0,459,emotional_stability,high
245,8166,left_eye,502.8,264.8,626.1,330.0,788.5,421.0,942.6,502.5,emotional_stability_high4_PHv6CzBIC5E.001.mp4,1280,720,30.0,459,emotional_stability,high
245,8166,right_eye,665.4,265.8,739.0,329.9,991.7,422.2,1083.7,502.4,emotional_stability_high4_PHv6CzBIC5E.001.mp4,1280,720,30.0,459,emotional_stability,high
245,8166,nose,602.7,304.9,688.7,414.7,913.4,471.1,1020.9,608.4,emotional_stability_high4_PHv6CzBIC5E.001.mp4,1280,720,30.0,459,emotional_stability,high
245,8166,mouth,569.1,434.4,676.5,489.0,871.4,633.1,1005.6,701.3,emotional_stability_high4_PHv6CzBIC5E.001.mp4,1280,720,30.0,459,emotional_stability,high
245,8166,forehead,424.9,199.3,736.6,452.8,691.1,339.2,1080.8,656.0,emotional_stability_high4_PHv6CzBIC5E.001.mp4,1280,720,30.0,459,emotional_stability,high
245,8166,chin,424.9,337.2,712.3,547.0,691.1,511.5,1050.4,773.8,emotional_stability_high4_PHv6CzBIC5E.001.mp4,1280,720,30.0,459,emotional_stability,high
245,8166,left_cheek,475.1,341.3,591.8,467.4,753.9,516.7,899.7,674.3,emotional_stability_high4_PHv6CzBIC5E.001.mp4,1280,720,30.0,459,emotional_stability,high
245,8166,right_cheek,677.6,344.8,734.0,461.9,1007.0,521.0,1077.5,667.4,emotional_stability_high4_PHv6CzBIC5E.001.mp4,1280,720,30.0,459,emotional_stability,high
246,8200,left_eye,502.9,264.8,626.7,330.0,788.6,421.0,943.4,502.5,emotional_stability_high4_PHv6CzBIC5E.001.mp4,1280,720,30.0,459,emotional_stability,high
246,8200,right_eye,665.3,266.2,738.8,330.2,991.7,422.8,1083.4,502.7,emotional_stability_high4_PHv6CzBIC5E.001.mp4,1280,720,30.0,459,emotional_stability,high
246,8200,nose,602.7,305.5,689.0,416.0,913.3,471.9,1021.2,610.0,emotional_stability_high4_PHv6CzBIC5E.001.mp4,1280,720,30.0,459,emotional_stability,high
246,8200,mouth,567.5,435.3,675.6,490.6,869.4,634.1,1004.5,703.3,emotional_stability_high4_PHv6CzBIC5E.001.mp4,1280,720,30.0,459,emotional_stability,high
246,8200,forehead,424.1,199.8,736.6,451.9,690.2,339.7,1080.7,654.9,emotional_stability_high4_PHv6CzBIC5E.001.mp4,1280,720,30.0,459,emotional_stability,high
246,8200,chin,424.1,336.3,710.8,547.0,690.2,510.4,1048.5,773.8,emotional_stability_high4_PHv6CzBIC5E.001.mp4,1280,720,30.0,459,emotional_stability,high
246,8200,left_cheek,474.9,341.3,591.8,467.5,753.7,516.6,899.7,674.3,emotional_stability_high4_PHv6CzBIC5E.001.mp4,1280,720,30.0,459,emotional_stability,high
246,8200,right_cheek,677.8,345.1,733.8,462.3,1007.3,521.4,1077.3,667.8,emotional_stability_high4_PHv6CzBIC5E.001.mp4,1280,720,30.0,459,emotional_stability,high
247,8233,left_eye,505.0,264.2,626.8,329.6,791.2,420.3,943.5,502.0,emotional_stability_high4_PHv6CzBIC5E.001.mp4,1280,720,30.0,459,emotional_stability,high
247,8233,right_eye,665.9,266.1,739.3,329.8,992.4,422.7,1084.1,502.3,emotional_stability_high4_PHv6CzBIC5E.001.mp4,1280,720,30.0,459,emotional_stability,high
247,8233,nose,602.9,305.1,688.0,416.1,913.6,471.4,1020.1,610.2,emotional_stability_high4_PHv6CzBIC5E.001.mp4,1280,720,30.0,459,emotional_stability,high
247,8233,mouth,567.9,438.7,674.0,488.0,869.9,638.3,1002.5,700.0,emotional_stability_high4_PHv6CzBIC5E.001.mp4,1280,720,30.0,459,emotional_stability,high
247,8233,forehead,427.3,199.7,738.0,449.9,694.1,339.6,1082.5,652.4,emotional_stability_high4_PHv6CzBIC5E.001.mp4,1280,720,30.0,459,emotional_stability,high
247,8233,chin,427.3,334.9,712.1,545.1,694.1,508.6,1050.1,771.4,emotional_stability_high4_PHv6CzBIC5E.001.mp4,1280,720,30.0,459,emotional_stability,high
247,8233,left_cheek,477.3,339.8,592.5,465.7,756.6,514.7,900.6,672.1,emotional_stability_high4_PHv6CzBIC5E.001.mp4,1280,720,30.0,459,emotional_stability,high
247,8233,right_cheek,677.8,345.0,734.1,461.8,1007.3,521.3,1077.6,667.2,emotional_stability_high4_PHv6CzBIC5E.001.mp4,1280,720,30.0,459,emotional_stability,high
248,8266,left_eye,504.8,264.3,627.2,329.6,791.0,420.4,944.0,502.1,emotional_stability_high4_PHv6CzBIC5E.001.mp4,1280,720,30.0,459,emotional_stability,high
248,8266,right_eye,665.7,266.2,739.1,329.8,992.2,422.8,1083.9,502.2,emotional_stability_high4_PHv6CzBIC5E.001.mp4,1280,720,30.0,459,emotional_stability,high
248,8266,nose,602.3,305.3,687.2,417.5,912.9,471.6,1019.0,611.8,emotional_stability_high4_PHv6CzBIC5E.001.mp4,1280,720,30.0,459,emotional_stability,high
248,8266,mouth,565.6,440.7,667.5,485.8,866.9,640.9,994.4,697.2,emotional_stability_high4_PHv6CzBIC5E.001.mp4,1280,720,30.0,459,emotional_stability,high
248,8266,forehead,418.2,199.8,737.9,446.5,682.7,339.7,1082.3,648.1,emotional_stability_high4_PHv6CzBIC5E.001.mp4,1280,720,30.0,459,emotional_stability,high
248,8266,chin,418.2,331.1,708.7,544.9,682.7,503.9,1045.9,771.2,emotional_stability_high4_PHv6CzBIC5E.001.mp4,1280,720,30.0,459,emotional_stability,high
248,8266,left_cheek,472.8,338.4,592.1,464.2,751.0,513.0,900.1,670.2,emotional_stability_high4_PHv6CzBIC5E.001.mp4,1280,720,30.0,459,emotional_stability,high
248,8266,right_cheek,677.5,345.1,733.3,461.6,1006.9,521.3,1076.7,667.0,emotional_stability_high4_PHv6CzBIC5E.001.mp4,1280,720,30.0,459,emotional_stability,high
249,8300,left_eye,506.9,266.0,627.2,329.7,793.6,422.5,944.0,502.1,emotional_stability_high4_PHv6CzBIC5E.001.mp4,1280,720,30.0,459,emotional_stability,high
249,8300,right_eye,666.0,266.6,740.0,329.9,992.5,423.2,1085.0,502.4,emotional_stability_high4_PHv6CzBIC5E.001.mp4,1280,720,30.0,459,emotional_stability,high
249,8300,nose,602.2,305.5,686.0,417.4,912.8,471.9,1017.5,611.8,emotional_stability_high4_PHv6CzBIC5E.001.mp4,1280,720,30.0,459,emotional_stability,high
249,8300,mouth,566.1,441.9,667.5,483.7,867.6,642.3,994.4,694.7,emotional_stability_high4_PHv6CzBIC5E.001.mp4,1280,720,30.0,459,emotional_stability,high
249,8300,forehead,429.5,201.4,739.6,446.0,696.9,341.8,1084.5,647.5,emotional_stability_high4_PHv6CzBIC5E.001.mp4,1280,720,30.0,459,emotional_stability,high
249,8300,chin,429.5,331.9,710.7,543.9,696.9,504.9,1048.3,769.9,emotional_stability_high4_PHv6CzBIC5E.001.mp4,1280,720,30.0,459,emotional_stability,high
249,8300,left_cheek,476.9,338.4,592.4,463.0,756.2,513.0,900.4,668.8,emotional_stability_high4_PHv6CzBIC5E.001.mp4,1280,720,30.0,459,emotional_stability,high
249,8300,right_cheek,677.3,345.1,733.6,461.4,1006.7,521.4,1077.0,666.7,emotional_stability_high4_PHv6CzBIC5E.001.mp4,1280,720,30.0,459,emotional_stability,high
250,8333,left_eye,507.1,265.9,628.2,329.7,793.9,422.4,945.2,502.1,emotional_stability_high4_PHv6CzBIC5E.001.mp4,1280,720,30.0,459,emotional_stability,high
250,8333,right_eye,665.9,268.8,740.0,330.2,992.4,426.1,1085.0,502.7,emotional_stability_high4_PHv6CzBIC5E.001.mp4,1280,720,30.0,459,emotional_stability,high
250,8333,nose,601.3,306.0,685.8,418.0,911.6,472.5,1017.2,612.5,emotional_stability_high4_PHv6CzBIC5E.001.mp4,1280,720,30.0,459,emotional_stability,high
250,8333,mouth,566.0,441.4,664.6,484.3,867.5,641.8,990.7,695.4,emotional_stability_high4_PHv6CzBIC5E.001.mp4,1280,720,30.0,459,emotional_stability,high
250,8333,forehead,426.8,201.3,740.2,446.2,693.5,341.6,1085.2,647.7,emotional_stability_high4_PHv6CzBIC5E.001.mp4,1280,720,30.0,459,emotional_stability,high
250,8333,chin,426.8,329.5,711.0,544.0,693.5,501.8,1048.7,770.0,emotional_stability_high4_PHv6CzBIC5E.001.mp4,1280,720,30.0,459,emotional_stability,high
250,8333,left_cheek,476.7,337.3,592.4,462.4,755.9,511.6,900.5,668.1,emotional_stability_high4_PHv6CzBIC5E.001.mp4,1280,720,30.0,459,emotional_stability,high
250,8333,right_cheek,677.2,345.6,733.6,461.6,1006.5,522.0,1077.0,667.0,emotional_stability_high4_PHv6CzBIC5E.001.mp4,1280,720,30.0,459,emotional_stability,high
251,8366,left_eye,506.4,265.4,628.6,329.6,793.0,421.7,945.7,502.0,emotional_stability_high4_PHv6CzBIC5E.001.mp4,1280,720,30.0,459,emotional_stability,high
251,8366,right_eye,666.4,268.9,740.8,330.5,993.0,426.1,1086.0,503.1,emotional_stability_high4_PHv6CzBIC5E.001.mp4,1280,720,30.0,459,emotional_stability,high
251,8366,nose,601.3,306.3,686.3,418.4,911.6,472.9,1017.9,613.1,emotional_stability_high4_PHv6CzBIC5E.001.mp4,1280,720,30.0,459,emotional_stability,high
251,8366,mouth,565.5,441.1,665.7,491.7,866.9,641.4,992.1,704.6,emotional_stability_high4_PHv6CzBIC5E.001.mp4,1280,720,30.0,459,emotional_stability,high
251,8366,forehead,420.1,201.4,740.5,446.4,685.1,341.7,1085.7,648.0,emotional_stability_high4_PHv6CzBIC5E.001.mp4,1280,720,30.0,459,emotional_stability,high
251,8366,chin,420.1,330.4,711.2,548.8,685.1,502.9,1049.0,776.1,emotional_stability_high4_PHv6CzBIC5E.001.mp4,1280,720,30.0,459,emotional_stability,high
251,8366,left_cheek,473.3,337.5,592.3,463.8,751.6,511.9,900.4,669.7,emotional_stability_high4_PHv6CzBIC5E.001.mp4,1280,720,30.0,459,emotional_stability,high
251,8366,right_cheek,678.0,346.3,735.0,462.7,1007.5,522.9,1078.7,668.3,emotional_stability_high4_PHv6CzBIC5E.001.mp4,1280,720,30.0,459,emotional_stability,high
252,8400,left_eye,507.9,265.3,629.6,329.6,794.9,421.6,947.0,502.1,emotional_stability_high4_PHv6CzBIC5E.001.mp4,1280,720,30.0,459,emotional_stability,high
252,8400,right_eye,667.9,269.8,742.6,330.8,994.9,427.2,1088.3,503.5,emotional_stability_high4_PHv6CzBIC5E.001.mp4,1280,720,30.0,459,emotional_stability,high
252,8400,nose,601.6,306.3,686.6,418.4,912.0,472.9,1018.2,613.1,emotional_stability_high4_PHv6CzBIC5E.001.mp4,1280,720,30.0,459,emotional_stability,high
252,8400,mouth,565.2,440.9,666.4,490.7,866.5,641.1,993.0,703.4,emotional_stability_high4_PHv6CzBIC5E.001.mp4,1280,720,30.0,459,emotional_stability,high
252,8400,forehead,426.9,201.4,742.9,446.6,693.6,341.7,1088.6,648.2,emotional_stability_high4_PHv6CzBIC5E.001.mp4,1280,720,30.0,459,emotional_stability,high
252,8400,chin,426.9,330.3,713.7,548.6,693.6,502.8,1052.1,775.8,emotional_stability_high4_PHv6CzBIC5E.001.mp4,1280,720,30.0,459,emotional_stability,high
252,8400,left_cheek,477.3,337.3,593.3,463.7,756.7,511.6,901.7,669.6,emotional_stability_high4_PHv6CzBIC5E.001.mp4,1280,720,30.0,459,emotional_stability,high
252,8400,right_cheek,678.4,346.8,736.0,463.0,1008.0,523.5,1080.0,668.7,emotional_stability_high4_PHv6CzBIC5E.001.mp4,1280,720,30.0,459,emotional_stability,high
253,8433,left_eye,507.7,265.6,629.6,329.7,794.7,422.0,947.1,502.2,emotional_stability_high4_PHv6CzBIC5E.001.mp4,1280,720,30.0,459,emotional_stability,high
253,8433,right_eye,667.9,269.9,742.3,330.8,994.8,427.4,1087.9,503.5,emotional_stability_high4_PHv6CzBIC5E.001.mp4,1280,720,30.0,459,emotional_stability,high
253,8433,nose,601.1,306.9,686.6,419.7,911.4,473.6,1018.3,614.6,emotional_stability_high4_PHv6CzBIC5E.001.mp4,1280,720,30.0,459,emotional_stability,high
253,8433,mouth,562.4,440.7,666.8,494.0,863.0,640.9,993.5,707.5,emotional_stability_high4_PHv6CzBIC5E.001.mp4,1280,720,30.0,459,emotional_stability,high
253,8433,forehead,422.8,201.3,742.5,446.6,688.5,341.7,1088.1,648.3,emotional_stability_high4_PHv6CzBIC5E.001.mp4,1280,720,30.0,459,emotional_stability,high
253,8433,chin,422.8,328.8,714.1,549.7,688.5,500.9,1052.6,777.2,emotional_stability_high4_PHv6CzBIC5E.001.mp4,1280,720,30.0,459,emotional_stability,high
253,8433,left_cheek,475.1,337.4,593.2,464.2,753.8,511.7,901.5,670.2,emotional_stability_high4_PHv6CzBIC5E.001.mp4,1280,720,30.0,459,emotional_stability,high
253,8433,right_cheek,678.4,346.8,736.1,463.3,1008.0,523.5,1080.1,669.1,emotional_stability_high4_PHv6CzBIC5E.001.mp4,1280,720,30.0,459,emotional_stability,high
254,8466,left_eye,507.5,262.3,629.6,328.6,794.3,417.9,947.0,500.7,emotional_stability_high4_PHv6CzBIC5E.001.mp4,1280,720,30.0,459,emotional_stability,high
254,8466,right_eye,668.0,269.4,742.5,330.2,995.0,426.7,1088.1,502.7,emotional_stability_high4_PHv6CzBIC5E.001.mp4,1280,720,30.0,459,emotional_stability,high
254,8466,nose,601.0,305.3,686.5,418.1,911.2,471.6,1018.2,612.7,emotional_stability_high4_PHv6CzBIC5E.001.mp4,1280,720,30.0,459,emotional_stability,high
254,8466,mouth,562.6,440.5,666.1,490.8,863.2,640.7,992.6,703.5,emotional_stability_high4_PHv6CzBIC5E.001.mp4,1280,720,30.0,459,emotional_stability,high
254,8466,forehead,426.1,199.7,742.8,447.0,692.7,339.6,1088.5,648.8,emotional_stability_high4_PHv6CzBIC5E.001.mp4,1280,720,30.0,459,emotional_stability,high
254,8466,chin,426.1,329.2,715.0,549.4,692.7,501.5,1053.8,776.8,emotional_stability_high4_PHv6CzBIC5E.001.mp4,1280,720,30.0,459,emotional_stability,high
254,8466,left_cheek,475.9,336.5,593.2,463.7,754.9,510.6,901.5,669.7,emotional_stability_high4_PHv6CzBIC5E.001.mp4,1280,720,30.0,459,emotional_stability,high
254,8466,right_cheek,678.4,346.7,736.3,463.3,1008.0,523.3,1080.3,669.1,emotional_stability_high4_PHv6CzBIC5E.001.mp4,1280,720,30.0,459,emotional_stability,high
255,8500,left_eye,507.0,260.7,630.0,328.2,793.7,415.9,947.5,500.3,emotional_stability_high4_PHv6CzBIC5E.001.mp4,1280,720,30.0,459,emotional_stability,high
255,8500,right_eye,667.9,269.3,742.4,330.1,994.8,426.6,1088.0,502.6,emotional_stability_high4_PHv6CzBIC5E.001.mp4,1280,720,30.0,459,emotional_stability,high
255,8500,nose,601.0,305.2,686.5,418.7,911.2,471.5,1018.1,613.3,emotional_stability_high4_PHv6CzBIC5E.001.mp4,1280,720,30.0,459,emotional_stability,high
255,8500,mouth,561.8,440.4,665.3,484.3,862.2,640.5,991.7,695.3,emotional_stability_high4_PHv6CzBIC5E.001.mp4,1280,720,30.0,459,emotional_stability,high
255,8500,forehead,417.9,198.1,742.6,447.5,682.4,337.7,1088.2,649.4,emotional_stability_high4_PHv6CzBIC5E.001.mp4,1280,720,30.0,459,emotional_stability,high
255,8500,chin,417.9,326.0,712.5,549.2,682.4,497.5,1050.6,776.5,emotional_stability_high4_PHv6CzBIC5E.001.mp4,1280,720,30.0,459,emotional_stability,high
255,8500,left_cheek,471.2,334.5,592.8,462.6,748.9,508.1,901.0,668.3,emotional_stability_high4_PHv6CzBIC5E.001.mp4,1280,720,30.0,459,emotional_stability,high
255,8500,right_cheek,678.3,347.0,735.7,463.4,1007.8,523.8,1079.6,669.2,emotional_stability_high4_PHv6CzBIC5E.001.mp4,1280,720,30.0,459,emotional_stability,high
256,8533,left_eye,507.1,261.1,629.9,327.8,793.9,416.4,947.4,499.8,emotional_stability_high4_PHv6CzBIC5E.001.mp4,1280,720,30.0,459,emotional_stability,high
256,8533,right_eye,667.9,269.4,742.2,330.1,994.8,426.7,1087.8,502.6,emotional_stability_high4_PHv6CzBIC5E.001.mp4,1280,720,30.0,459,emotional_stability,high
256,8533,nose,601.0,305.2,686.2,418.7,911.3,471.5,1017.8,613.3,emotional_stability_high4_PHv6CzBIC5E.001.mp4,1280,720,30.0,459,emotional_stability,high
256,8533,mouth,562.2,439.8,665.6,481.3,862.8,639.8,992.0,691.6,emotional_stability_high4_PHv6CzBIC5E.001.mp4,1280,720,30.0,459,emotional_stability,high
256,8533,forehead,422.5,198.3,742.4,448.9,688.1,337.8,1088.0,651.1,emotional_stability_high4_PHv6CzBIC5E.001.mp4,1280,720,30.0,459,emotional_stability,high
256,8533,chin,422.5,326.8,712.5,548.1,688.1,498.5,1050.6,775.1,emotional_stability_high4_PHv6CzBIC5E.001.mp4,1280,720,30.0,459,emotional_stability,high
256,8533,left_cheek,472.1,334.6,592.8,462.1,750.1,508.3,901.1,667.7,emotional_stability_high4_PHv6CzBIC5E.001.mp4,1280,720,30.0,459,emotional_stability,high
256,8533,right_cheek,678.0,347.3,735.7,463.4,1007.5,524.1,1079.6,669.3,emotional_stability_high4_PHv6CzBIC5E.001.mp4,1280,720,30.0,459,emotional_stability,high
257,8566,left_eye,506.8,261.4,630.2,327.6,793.5,416.8,947.7,499.5,emotional_stability_high4_PHv6CzBIC5E.001.mp4,1280,720,30.0,459,emotional_stability,high
257,8566,right_eye,667.9,269.4,742.1,330.1,994.9,426.7,1087.7,502.6,emotional_stability_high4_PHv6CzBIC5E.001.mp4,1280,720,30.0,459,emotional_stability,high
257,8566,nose,601.2,305.2,686.2,418.8,911.5,471.5,1017.8,613.5,emotional_stability_high4_PHv6CzBIC5E.001.mp4,1280,720,30.0,459,emotional_stability,high
257,8566,mouth,562.2,439.7,665.8,479.1,862.8,639.7,992.2,688.9,emotional_stability_high4_PHv6CzBIC5E.001.mp4,1280,720,30.0,459,emotional_stability,high
257,8566,forehead,418.2,198.1,742.4,449.3,682.7,337.7,1088.0,651.6,emotional_stability_high4_PHv6CzBIC5E.001.mp4,1280,720,30.0,459,emotional_stability,high
257,8566,chin,418.2,326.9,712.4,548.0,682.7,498.6,1050.6,775.0,emotional_stability_high4_PHv6CzBIC5E.001.mp4,1280,720,30.0,459,emotional_stability,high
257,8566,left_cheek,470.7,334.5,592.8,461.7,748.4,508.1,901.0,667.1,emotional_stability_high4_PHv6CzBIC5E.001.mp4,1280,720,30.0,459,emotional_stability,high
257,8566,right_cheek,678.0,347.5,735.7,463.4,1007.5,524.4,1079.6,669.3,emotional_stability_high4_PHv6CzBIC5E.001.mp4,1280,720,30.0,459,emotional_stability,high
258,8600,left_eye,506.7,261.7,630.1,327.7,793.3,417.1,947.7,499.6,emotional_stability_high4_PHv6CzBIC5E.001.mp4,1280,720,30.0,459,emotional_stability,high
258,8600,right_eye,668.5,269.3,743.4,330.2,995.7,426.7,1089.2,502.8,emotional_stability_high4_PHv6CzBIC5E.001.mp4,1280,720,30.0,459,emotional_stability,high
258,8600,nose,601.3,305.2,686.3,418.8,911.7,471.6,1017.9,613.5,emotional_stability_high4_PHv6CzBIC5E.001.mp4,1280,720,30.0,459,emotional_stability,high
258,8600,mouth,563.3,439.7,666.6,479.4,864.1,639.6,993.2,689.2,emotional_stability_high4_PHv6CzBIC5E.001.mp4,1280,720,30.0,459,emotional_stability,high
258,8600,forehead,422.1,198.2,744.2,449.3,687.6,337.7,1090.3,651.6,emotional_stability_high4_PHv6CzBIC5E.001.mp4,1280,720,30.0,459,emotional_stability,high
258,8600,chin,422.1,327.3,714.7,546.8,687.6,499.1,1053.3,773.5,emotional_stability_high4_PHv6CzBIC5E.001.mp4,1280,720,30.0,459,emotional_stability,high
258,8600,left_cheek,471.9,334.6,592.9,461.4,749.9,508.3,901.1,666.7,emotional_stability_high4_PHv6CzBIC5E.001.mp4,1280,720,30.0,459,emotional_stability,high
258,8600,right_cheek,678.2,347.6,736.9,463.4,1007.8,524.5,1081.1,669.3,emotional_stability_high4_PHv6CzBIC5E.001.mp4,1280,720,30.0,459,emotional_stability,high
259,8633,left_eye,502.0,261.7,629.6,327.7,787.5,417.1,947.0,499.6,emotional_stability_high4_PHv6CzBIC5E.001.mp4,1280,720,30.0,459,emotional_stability,high
259,8633,right_eye,668.5,268.8,743.4,330.2,995.6,426.1,1089.2,502.7,emotional_stability_high4_PHv6CzBIC5E.001.mp4,1280,720,30.0,459,emotional_stability,high
259,8633,nose,600.7,305.3,686.7,419.5,910.9,471.6,1018.4,614.4,emotional_stability_high4_PHv6CzBIC5E.001.mp4,1280,720,30.0,459,emotional_stability,high
259,8633,mouth,561.8,440.6,666.6,483.3,862.2,640.8,993.3,694.1,emotional_stability_high4_PHv6CzBIC5E.001.mp4,1280,720,30.0,459,emotional_stability,high
259,8633,forehead,412.2,197.5,743.9,450.3,675.2,336.9,1089.9,652.9,emotional_stability_high4_PHv6CzBIC5E.001.mp4,1280,720,30.0,459,emotional_stability,high
259,8633,chin,412.2,327.5,714.5,549.9,675.2,499.4,1053.2,777.3,emotional_stability_high4_PHv6CzBIC5E.001.mp4,1280,720,30.0,459,emotional_stability,high
259,8633,left_cheek,466.6,334.7,591.5,463.8,743.3,508.4,899.4,669.7,emotional_stability_high4_PHv6CzBIC5E.001.mp4,1280,720,30.0,459,emotional_stability,high
259,8633,right_cheek,678.3,347.6,737.1,464.7,1007.8,524.5,1081.4,670.9,emotional_stability_high4_PHv6CzBIC5E.001.mp4,1280,720,30.0,459,emotional_stability,high
260,8666,left_eye,502.6,261.8,629.8,327.9,788.3,417.3,947.2,499.9,emotional_stability_high4_PHv6CzBIC5E.001.mp4,1280,720,30.0,459,emotional_stability,high
260,8666,right_eye,668.9,268.8,743.6,330.4,996.2,426.0,1089.5,503.0,emotional_stability_high4_PHv6CzBIC5E.001.mp4,1280,720,30.0,459,emotional_stability,high
260,8666,nose,601.3,305.4,687.5,420.0,911.7,471.7,1019.4,614.9,emotional_stability_high4_PHv6CzBIC5E.001.mp4,1280,720,30.0,459,emotional_stability,high
260,8666,mouth,565.5,442.1,668.2,487.4,866.9,642.7,995.2,699.2,emotional_stability_high4_PHv6CzBIC5E.001.mp4,1280,720,30.0,459,emotional_stability,high
260,8666,forehead,417.2,197.6,743.9,450.1,681.5,337.0,1089.8,652.7,emotional_stability_high4_PHv6CzBIC5E.001.mp4,1280,720,30.0,459,emotional_stability,high
260,8666,chin,417.2,328.6,714.5,550.5,681.5,500.7,1053.1,778.1,emotional_stability_high4_PHv6CzBIC5E.001.mp4,1280,720,30.0,459,emotional_stability,high
260,8666,left_cheek,470.1,335.6,592.1,465.6,747.6,509.6,900.1,672.1,emotional_stability_high4_PHv6CzBIC5E.001.mp4,1280,720,30.0,459,emotional_stability,high
260,8666,right_cheek,678.8,347.5,737.1,465.1,1008.5,524.3,1081.3,671.3,emotional_stability_high4_PHv6CzBIC5E.001.mp4,1280,720,30.0,459,emotional_stability,high
261,8700,left_eye,502.8,262.0,629.7,328.2,788.5,417.4,947.1,500.3,emotional_stability_high4_PHv6CzBIC5E.001.mp4,1280,720,30.0,459,emotional_stability,high
261,8700,right_eye,669.4,268.3,744.2,330.4,996.7,425.4,1090.2,503.0,emotional_stability_high4_PHv6CzBIC5E.001.mp4,1280,720,30.0,459,emotional_stability,high
261,8700,nose,601.3,305.9,687.9,421.1,911.7,472.4,1019.9,616.4,emotional_stability_high4_PHv6CzBIC5E.001.mp4,1280,720,30.0,459,emotional_stability,high
261,8700,mouth,566.7,443.5,668.9,488.7,868.3,644.4,996.2,700.9,emotional_stability_high4_PHv6CzBIC5E.001.mp4,1280,720,30.0,459,emotional_stability,high
261,8700,forehead,419.6,197.6,744.6,447.9,684.4,337.0,1090.8,649.9,emotional_stability_high4_PHv6CzBIC5E.001.mp4,1280,720,30.0,459,emotional_stability,high
261,8700,chin,419.6,328.6,716.5,550.2,684.4,500.8,1055.6,777.8,emotional_stability_high4_PHv6CzBIC5E.001.mp4,1280,720,30.0,459,emotional_stability,high
261,8700,left_cheek,471.3,336.4,592.1,466.5,749.2,510.5,900.2,673.1,emotional_stability_high4_PHv6CzBIC5E.001.mp4,1280,720,30.0,459,emotional_stability,high
261,8700,right_cheek,679.1,346.4,738.2,465.1,1008.9,523.1,1082.8,671.3,emotional_stability_high4_PHv6CzBIC5E.001.mp4,1280,720,30.0,459,emotional_stability,high
262,8733,left_eye,502.8,261.9,629.7,328.4,788.5,417.4,947.1,500.5,emotional_stability_high4_PHv6CzBIC5E.001.mp4,1280,720,30.0,459,emotional_stability,high
262,8733,right_eye,669.3,267.5,744.3,330.4,996.7,424.4,1090.4,503.0,emotional_stability_high4_PHv6CzBIC5E.001.mp4,1280,720,30.0,459,emotional_stability,high
262,8733,nose,601.4,306.2,688.8,421.7,911.7,472.8,1021.0,617.1,emotional_stability_high4_PHv6CzBIC5E.001.mp4,1280,720,30.0,459,emotional_stability,high
262,8733,mouth,566.8,443.8,670.4,489.3,868.5,644.8,998.0,701.7,emotional_stability_high4_PHv6CzBIC5E.001.mp4,1280,720,30.0,459,emotional_stability,high
262,8733,forehead,419.6,197.6,744.5,447.6,684.4,337.0,1090.6,649.5,emotional_stability_high4_PHv6CzBIC5E.001.mp4,1280,720,30.0,459,emotional_stability,high
262,8733,chin,419.6,328.6,716.5,550.0,684.4,500.8,1055.6,777.5,emotional_stability_high4_PHv6CzBIC5E.001.mp4,1280,720,30.0,459,emotional_stability,high
262,8733,left_cheek,471.5,336.8,592.1,466.9,749.3,511.0,900.2,673.6,emotional_stability_high4_PHv6CzBIC5E.001.mp4,1280,720,30.0,459,emotional_stability,high
262,8733,right_cheek,679.6,346.3,738.6,465.2,1009.5,522.9,1083.3,671.4,emotional_stability_high4_PHv6CzBIC5E.001.mp4,1280,720,30.0,459,emotional_stability,high
263,8766,left_eye,503.2,261.9,629.6,328.6,789.0,417.4,947.0,500.7,emotional_stability_high4_PHv6CzBIC5E.001.mp4,1280,720,30.0,459,emotional_stability,high
263,8766,right_eye,669.9,267.1,744.7,330.4,997.3,423.9,1090.9,503.0,emotional_stability_high4_PHv6CzBIC5E.001.mp4,1280,720,30.0,459,emotional_stability,high
263,8766,nose,601.4,306.2,688.9,421.6,911.7,472.8,1021.1,617.0,emotional_stability_high4_PHv6CzBIC5E.001.mp4,1280,720,30.0,459,emotional_stability,high
263,8766,mouth,567.6,443.9,671.0,489.8,869.5,644.8,998.8,702.2,emotional_stability_high4_PHv6CzBIC5E.001.mp4,1280,720,30.0,459,emotional_stability,high
263,8766,forehead,426.2,197.6,744.6,446.6,692.7,337.0,1090.8,648.3,emotional_stability_high4_PHv6CzBIC5E.001.mp4,1280,720,30.0,459,emotional_stability,high
263,8766,chin,426.2,328.9,717.3,549.9,692.7,501.1,1056.6,777.3,emotional_stability_high4_PHv6CzBIC5E.001.mp4,1280,720,30.0,459,emotional_stability,high
263,8766,left_cheek,475.0,337.2,592.4,467.0,753.7,511.5,900.5,673.7,emotional_stability_high4_PHv6CzBIC5E.001.mp4,1280,720,30.0,459,emotional_stability,high
263,8766,right_cheek,679.8,345.6,738.7,465.0,1009.7,522.0,1083.4,671.3,emotional_stability_high4_PHv6CzBIC5E.001.mp4,1280,720,30.0,459,emotional_stability,high
264,8800,left_eye,500.8,262.9,629.4,329.9,786.0,418.7,946.7,502.4,emotional_stability_high4_PHv6CzBIC5E.001.mp4,1280,720,30.0,459,emotional_stability,high
264,8800,right_eye,668.8,267.1,744.0,331.0,996.0,423.9,1089.9,503.8,emotional_stability_high4_PHv6CzBIC5E.001.mp4,1280,720,30.0,459,emotional_stability,high
264,8800,nose,601.3,307.2,688.9,422.9,911.6,474.0,1021.1,618.6,emotional_stability_high4_PHv6CzBIC5E.001.mp4,1280,720,30.0,459,emotional_stability,high
264,8800,mouth,567.1,445.7,669.9,489.5,868.8,647.1,997.4,701.9,emotional_stability_high4_PHv6CzBIC5E.001.mp4,1280,720,30.0,459,emotional_stability,high
264,8800,forehead,413.4,198.0,742.5,446.7,676.7,337.5,1088.1,648.4,emotional_stability_high4_PHv6CzBIC5E.001.mp4,1280,720,30.0,459,emotional_stability,high
264,8800,chin,413.4,328.9,711.1,551.1,676.7,501.1,1048.9,778.9,emotional_stability_high4_PHv6CzBIC5E.001.mp4,1280,720,30.0,459,emotional_stability,high
264,8800,left_cheek,469.6,337.6,591.6,467.2,747.0,512.0,899.5,674.0,emotional_stability_high4_PHv6CzBIC5E.001.mp4,1280,720,30.0,459,emotional_stability,high
264,8800,right_cheek,679.6,345.8,736.5,465.3,1009.5,522.2,1080.7,671.7,emotional_stability_high4_PHv6CzBIC5E.001.mp4,1280,720,30.0,459,emotional_stability,high
265,8833,left_eye,505.3,262.8,629.5,330.5,791.6,418.5,946.9,503.1,emotional_stability_high4_PHv6CzBIC5E.001.mp4,1280,720,30.0,459,emotional_stability,high
265,8833,right_eye,668.0,269.6,743.6,333.4,994.9,427.0,1089.5,506.8,emotional_stability_high4_PHv6CzBIC5E.001.mp4,1280,720,30.0,459,emotional_stability,high
265,8833,nose,601.3,307.5,687.7,422.8,911.7,474.4,1019.6,618.5,emotional_stability_high4_PHv6CzBIC5E.001.mp4,1280,720,30.0,459,emotional_stability,high
265,8833,mouth,567.0,446.1,669.5,489.3,868.7,647.6,996.8,701.6,emotional_stability_high4_PHv6CzBIC5E.001.mp4,1280,720,30.0,459,emotional_stability,high
265,8833,forehead,424.2,199.0,742.5,451.4,690.2,338.8,1088.1,654.2,emotional_stability_high4_PHv6CzBIC5E.001.mp4,1280,720,30.0,459,emotional_stability,high
265,8833,chin,424.2,329.2,711.4,551.0,690.2,501.4,1049.2,778.8,emotional_stability_high4_PHv6CzBIC5E.001.mp4,1280,720,30.0,459,emotional_stability,high
265,8833,left_cheek,473.9,337.5,592.0,466.9,752.4,511.9,900.0,673.7,emotional_stability_high4_PHv6CzBIC5E.001.mp4,1280,720,30.0,459,emotional_stability,high
265,8833,right_cheek,679.1,349.4,735.8,467.5,1008.8,526.8,1079.8,674.4,emotional_stability_high4_PHv6CzBIC5E.001.mp4,1280,720,30.0,459,emotional_stability,high
266,8866,left_eye,501.8,264.7,626.5,332.4,787.2,420.8,943.2,505.5,emotional_stability_high4_PHv6CzBIC5E.001.mp4,1280,720,30.0,459,emotional_stability,high
266,8866,right_eye,667.3,271.4,743.6,334.2,994.1,429.2,1089.5,507.8,emotional_stability_high4_PHv6CzBIC5E.001.mp4,1280,720,30.0,459,emotional_stability,high
266,8866,nose,599.9,309.2,687.2,423.6,909.9,476.4,1019.0,619.5,emotional_stability_high4_PHv6CzBIC5E.001.mp4,1280,720,30.0,459,emotional_stability,high
266,8866,mouth,566.9,446.7,669.3,488.8,868.7,648.4,996.7,701.0,emotional_stability_high4_PHv6CzBIC5E.001.mp4,1280,720,30.0,459,emotional_stability,high
266,8866,forehead,424.0,200.1,743.2,450.9,690.0,340.2,1088.9,653.7,emotional_stability_high4_PHv6CzBIC5E.001.mp4,1280,720,30.0,459,emotional_stability,high
266,8866,chin,424.0,329.3,715.1,551.3,690.0,501.6,1053.8,779.1,emotional_stability_high4_PHv6CzBIC5E.001.mp4,1280,720,30.0,459,emotional_stability,high
266,8866,left_cheek,473.5,338.1,590.4,466.9,751.9,512.7,898.0,673.6,emotional_stability_high4_PHv6CzBIC5E.001.mp4,1280,720,30.0,459,emotional_stability,high
266,8866,right_cheek,678.4,349.3,736.1,467.4,1008.0,526.7,1080.1,674.2,emotional_stability_high4_PHv6CzBIC5E.001.mp4,1280,720,30.0,459,emotional_stability,high
267,8900,left_eye,500.8,267.9,626.1,334.9,786.0,424.8,942.6,508.6,emotional_stability_high4_PHv6CzBIC5E.001.mp4,1280,720,30.0,459,emotional_stability,high
267,8900,right_eye,667.2,273.6,743.6,336.6,994.1,432.0,1089.4,510.7,emotional_stability_high4_PHv6CzBIC5E.001.mp4,1280,720,30.0,459,emotional_stability,high
267,8900,nose,599.0,312.0,686.8,424.3,908.8,480.0,1018.5,620.4,emotional_stability_high4_PHv6CzBIC5E.001.mp4,1280,720,30.0,459,emotional_stability,high
267,8900,mouth,567.8,446.9,669.1,488.7,869.7,648.7,996.4,700.9,emotional_stability_high4_PHv6CzBIC5E.001.mp4,1280,720,30.0,459,emotional_stability,high
267,8900,forehead,423.4,202.8,743.2,450.9,689.2,343.5,1089.0,653.7,emotional_stability_high4_PHv6CzBIC5E.001.mp4,1280,720,30.0,459,emotional_stability,high
267,8900,chin,423.4,330.3,715.0,551.5,689.2,502.9,1053.8,779.4,emotional_stability_high4_PHv6CzBIC5E.001.mp4,1280,720,30.0,459,emotional_stability,high
267,8900,left_cheek,472.9,339.5,589.7,467.2,751.1,514.4,897.2,673.9,emotional_stability_high4_PHv6CzBIC5E.001.mp4,1280,720,30.0,459,emotional_stability,high
267,8900,right_cheek,678.1,350.8,736.1,468.1,1007.6,528.5,1080.1,675.1,emotional_stability_high4_PHv6CzBIC5E.001.mp4,1280,720,30.0,459,emotional_stability,high
268,8933,left_eye,502.0,269.3,625.9,336.7,787.5,426.7,942.4,510.8,emotional_stability_high4_PHv6CzBIC5E.001.mp4,1280,720,30.0,459,emotional_stability,high
268,8933,right_eye,667.1,274.2,742.4,337.9,993.8,432.7,1088.0,512.4,emotional_stability_high4_PHv6CzBIC5E.001.mp4,1280,720,30.0,459,emotional_stability,high
268,8933,nose,599.1,313.5,685.9,424.5,908.8,481.9,1017.4,620.6,emotional_stability_high4_PHv6CzBIC5E.001.mp4,1280,720,30.0,459,emotional_stability,high
268,8933,mouth,568.0,447.3,669.1,488.7,869.9,649.1,996.3,700.8,emotional_stability_high4_PHv6CzBIC5E.001.mp4,1280,720,30.0,459,emotional_stability,high
268,8933,forehead,428.7,205.2,742.1,450.8,695.8,346.4,1087.6,653.5,emotional_stability_high4_PHv6CzBIC5E.001.mp4,1280,720,30.0,459,emotional_stability,high
268,8933,chin,428.7,332.0,715.0,551.7,695.8,505.0,1053.8,779.7,emotional_stability_high4_PHv6CzBIC5E.001.mp4,1280,720,30.0,459,emotional_stability,high
268,8933,left_cheek,476.1,340.9,590.0,467.7,755.2,516.1,897.5,674.7,emotional_stability_high4_PHv6CzBIC5E.001.mp4,1280,720,30.0,459,emotional_stability,high
268,8933,right_cheek,677.3,351.4,735.5,468.4,1006.7,529.3,1079.3,675.6,emotional_stability_high4_PHv6CzBIC5E.001.mp4,1280,720,30.0,459,emotional_stability,high
269,8966,left_eye,501.4,268.9,626.1,336.7,786.7,426.2,942.6,510.9,emotional_stability_high4_PHv6CzBIC5E.001.mp4,1280,720,30.0,459,emotional_stability,high
269,8966,right_eye,667.1,275.0,742.5,338.9,993.9,433.8,1088.2,513.6,emotional_stability_high4_PHv6CzBIC5E.001.mp4,1280,720,30.0,459,emotional_stability,high
269,8966,nose,598.8,313.6,685.9,425.1,908.6,482.0,1017.4,621.3,emotional_stability_high4_PHv6CzBIC5E.001.mp4,1280,720,30.0,459,emotional_stability,high
269,8966,mouth,568.1,447.3,668.4,488.7,870.1,649.1,995.5,700.8,emotional_stability_high4_PHv6CzBIC5E.001.mp4,1280,720,30.0,459,emotional_stability,high
269,8966,forehead,419.6,204.5,742.5,454.4,684.5,345.6,1088.1,658.0,emotional_stability_high4_PHv6CzBIC5E.001.mp4,1280,720,30.0,459,emotional_stability,high
269,8966,chin,419.6,331.1,714.3,553.8,684.5,503.9,1052.9,782.3,emotional_stability_high4_PHv6CzBIC5E.001.mp4,1280,720,30.0,459,emotional_stability,high
269,8966,left_cheek,471.5,340.8,589.8,467.8,749.3,516.0,897.3,674.7,emotional_stability_high4_PHv6CzBIC5E.001.mp4,1280,720,30.0,459,emotional_stability,high
269,8966,right_cheek,677.4,353.6,735.4,470.8,1006.7,532.0,1079.3,678.5,emotional_stability_high4_PHv6CzBIC5E.001.mp4,1280,720,30.0,459,emotional_stability,high
270,9000,left_eye,502.3,268.4,626.1,336.4,787.9,425.5,942.6,510.5,emotional_stability_high4_PHv6CzBIC5E.001.mp4,1280,720,30.0,459,emotional_stability,high
270,9000,right_eye,667.2,275.1,742.6,338.9,994.0,433.8,1088.2,513.7,emotional_stability_high4_PHv6CzBIC5E.001.mp4,1280,720,30.0,459,emotional_stability,high
270,9000,nose,599.3,313.2,686.0,425.0,909.1,481.5,1017.5,621.2,emotional_stability_high4_PHv6CzBIC5E.001.mp4,1280,720,30.0,459,emotional_stability,high
270,9000,mouth,568.2,447.2,668.5,490.0,870.2,649.0,995.7,702.5,emotional_stability_high4_PHv6CzBIC5E.001.mp4,1280,720,30.0,459,emotional_stability,high
270,9000,forehead,426.2,204.0,742.8,454.8,692.8,345.0,1088.5,658.5,emotional_stability_high4_PHv6CzBIC5E.001.mp4,1280,720,30.0,459,emotional_stability,high
270,9000,chin,426.2,331.3,714.4,553.6,692.8,504.1,1053.0,782.0,emotional_stability_high4_PHv6CzBIC5E.001.mp4,1280,720,30.0,459,emotional_stability,high
270,9000,left_cheek,474.9,340.6,590.6,468.0,753.7,515.7,898.3,675.0,emotional_stability_high4_PHv6CzBIC5E.001.mp4,1280,720,30.0,459,emotional_stability,high
270,9000,right_cheek,677.4,353.9,735.4,471.2,1006.7,532.4,1079.3,679.0,emotional_stability_high4_PHv6CzBIC5E.001.mp4,1280,720,30.0,459,emotional_stability,high
271,9033,left_eye,501.8,269.0,625.2,338.4,787.3,426.3,941.5,513.1,emotional_stability_high4_PHv6CzBIC5E.001.mp4,1280,720,30.0,459,emotional_stability,high
271,9033,right_eye,663.8,278.6,741.4,343.6,989.8,438.2,1086.8,519.5,emotional_stability_high4_PHv6CzBIC5E.001.mp4,1280,720,30.0,459,emotional_stability,high
271,9033,nose,597.4,316.3,684.3,426.6,906.8,485.4,1015.4,623.3,emotional_stability_high4_PHv6CzBIC5E.001.mp4,1280,720,30.0,459,emotional_stability,high
271,9033,mouth,568.1,447.6,666.4,489.9,870.1,649.5,993.0,702.3,emotional_stability_high4_PHv6CzBIC5E.001.mp4,1280,720,30.0,459,emotional_stability,high
271,9033,forehead,425.5,205.3,742.7,454.8,691.8,346.6,1088.4,658.5,emotional_stability_high4_PHv6CzBIC5E.001.mp4,1280,720,30.0,459,emotional_stability,high
271,9033,chin,425.5,330.8,712.4,553.5,691.8,503.5,1050.5,781.9,emotional_stability_high4_PHv6CzBIC5E.001.mp4,1280,720,30.0,459,emotional_stability,high
271,9033,left_cheek,474.1,340.5,589.6,467.7,752.6,515.7,897.0,674.6,emotional_stability_high4_PHv6CzBIC5E.001.mp4,1280,720,30.0,459,emotional_stability,high
271,9033,right_cheek,675.4,355.7,732.7,471.9,1004.3,534.7,1075.9,679.8,emotional_stability_high4_PHv6CzBIC5E.001.mp4,1280,720,30.0,459,emotional_stability,high
272,9066,left_eye,501.5,272.5,624.0,339.3,786.9,430.6,940.0,514.1,emotional_stability_high4_PHv6CzBIC5E.001.mp4,1280,720,30.0,459,emotional_stability,high
272,9066,right_eye,663.6,281.9,741.3,344.1,989.5,442.3,1086.6,520.2,emotional_stability_high4_PHv6CzBIC5E.001.mp4,1280,720,30.0,459,emotional_stability,high
272,9066,nose,596.9,317.5,683.8,426.4,906.1,486.8,1014.8,623.0,emotional_stability_high4_PHv6CzBIC5E.001.mp4,1280,720,30.0,459,emotional_stability,high
272,9066,mouth,568.5,447.5,666.4,489.8,870.7,649.4,993.0,702.2,emotional_stability_high4_PHv6CzBIC5E.001.mp4,1280,720,30.0,459,emotional_stability,high
272,9066,forehead,425.7,207.3,742.8,455.3,692.1,349.1,1088.5,659.1,emotional_stability_high4_PHv6CzBIC5E.001.mp4,1280,720,30.0,459,emotional_stability,high
272,9066,chin,425.7,332.8,713.7,553.4,692.1,506.0,1052.1,781.8,emotional_stability_high4_PHv6CzBIC5E.001.mp4,1280,720,30.0,459,emotional_stability,high
272,9066,left_cheek,474.1,341.8,589.3,467.8,752.6,517.2,896.6,674.8,emotional_stability_high4_PHv6CzBIC5E.001.mp4,1280,720,30.0,459,emotional_stability,high
272,9066,right_cheek,674.8,356.2,733.0,471.7,1003.5,535.2,1076.2,679.6,emotional_stability_high4_PHv6CzBIC5E.001.mp4,1280,720,30.0,459,emotional_stability,high
273,9100,left_eye,501.4,276.3,623.8,341.6,786.8,435.3,939.7,516.9,emotional_stability_high4_PHv6CzBIC5E.001.mp4,1280,720,30.0,459,emotional_stability,high
273,9100,right_eye,663.9,283.7,741.3,345.5,989.9,444.6,1086.6,521.9,emotional_stability_high4_PHv6CzBIC5E.001.mp4,1280,720,30.0,459,emotional_stability,high
273,9100,nose,597.0,319.4,683.8,426.7,906.3,489.3,1014.8,623.4,emotional_stability_high4_PHv6CzBIC5E.001.mp4,1280,720,30.0,459,emotional_stability,high
273,9100,mouth,571.3,447.8,666.5,489.5,874.1,649.8,993.2,701.9,emotional_stability_high4_PHv6CzBIC5E.001.mp4,1280,720,30.0,459,emotional_stability,high
273,9100,forehead,426.7,210.1,742.8,455.0,693.4,352.6,1088.6,658.7,emotional_stability_high4_PHv6CzBIC5E.001.mp4,1280,720,30.0,459,emotional_stability,high
273,9100,chin,426.7,333.4,715.0,552.8,693.4,506.8,1053.8,781.0,emotional_stability_high4_PHv6CzBIC5E.001.mp4,1280,720,30.0,459,emotional_stability,high
273,9100,left_cheek,474.8,342.9,589.4,467.8,753.4,518.6,896.7,674.8,emotional_stability_high4_PHv6CzBIC5E.001.mp4,1280,720,30.0,459,emotional_stability,high
273,9100,right_cheek,674.8,356.6,733.1,471.5,1003.5,535.7,1076.4,679.3,emotional_stability_high4_PHv6CzBIC5E.001.mp4,1280,720,30.0,459,emotional_stability,high
274,9133,left_eye,500.4,276.1,622.5,342.4,785.6,435.1,938.1,518.0,emotional_stability_high4_PHv6CzBIC5E.001.mp4,1280,720,30.0,459,emotional_stability,high
274,9133,right_eye,663.4,282.7,739.6,345.9,989.2,443.4,1084.5,522.4,emotional_stability_high4_PHv6CzBIC5E.001.mp4,1280,720,30.0,459,emotional_stability,high
274,9133,nose,596.9,319.2,683.5,426.6,906.2,489.0,1014.4,623.2,emotional_stability_high4_PHv6CzBIC5E.001.mp4,1280,720,30.0,459,emotional_stability,high
274,9133,mouth,572.9,447.7,666.6,488.0,876.2,649.7,993.3,699.9,emotional_stability_high4_PHv6CzBIC5E.001.mp4,1280,720,30.0,459,emotional_stability,high
274,9133,forehead,426.3,209.5,741.5,455.5,692.9,351.9,1086.9,659.4,emotional_stability_high4_PHv6CzBIC5E.001.mp4,1280,720,30.0,459,emotional_stability,high
274,9133,chin,426.3,334.7,714.6,552.7,692.9,508.4,1053.2,780.9,emotional_stability_high4_PHv6CzBIC5E.001.mp4,1280,720,30.0,459,emotional_stability,high
274,9133,left_cheek,474.6,343.7,589.2,467.9,753.3,519.6,896.4,674.9,emotional_stability_high4_PHv6CzBIC5E.001.mp4,1280,720,30.0,459,emotional_stability,high
274,9133,right_cheek,674.1,356.6,732.6,471.3,1002.6,535.7,1075.8,679.1,emotional_stability_high4_PHv6CzBIC5E.001.mp4,1280,720,30.0,459,emotional_stability,high
275,9166,left_eye,500.5,275.6,622.8,341.9,785.6,434.5,938.5,517.3,emotional_stability_high4_PHv6CzBIC5E.001.mp4,1280,720,30.0,459,emotional_stability,high
275,9166,right_eye,663.6,282.4,739.8,345.0,989.4,443.0,1084.7,521.2,emotional_stability_high4_PHv6CzBIC5E.001.mp4,1280,720,30.0,459,emotional_stability,high
275,9166,nose,597.1,318.5,683.6,426.4,906.4,488.1,1014.5,623.0,emotional_stability_high4_PHv6CzBIC5E.001.mp4,1280,720,30.0,459,emotional_stability,high
275,9166,mouth,572.9,447.4,667.0,487.8,876.2,649.2,993.8,699.8,emotional_stability_high4_PHv6CzBIC5E.001.mp4,1280,720,30.0,459,emotional_stability,high
275,9166,forehead,426.1,208.8,741.3,455.5,692.6,351.1,1086.6,659.4,emotional_stability_high4_PHv6CzBIC5E.001.mp4,1280,720,30.0,459,emotional_stability,high
275,9166,chin,426.1,334.5,714.4,552.2,692.6,508.1,1053.0,780.3,emotional_stability_high4_PHv6CzBIC5E.001.mp4,1280,720,30.0,459,emotional_stability,high
275,9166,left_cheek,474.6,343.5,589.2,467.9,753.3,519.3,896.5,674.9,emotional_stability_high4_PHv6CzBIC5E.001.mp4,1280,720,30.0,459,emotional_stability,high
275,9166,right_cheek,674.2,356.3,732.8,471.3,1002.8,535.4,1076.0,679.1,emotional_stability_high4_PHv6CzBIC5E.001.mp4,1280,720,30.0,459,emotional_stability,high
276,9200,left_eye,500.1,274.5,622.7,341.4,785.2,433.1,938.4,516.8,emotional_stability_high4_PHv6CzBIC5E.001.mp4,1280,720,30.0,459,emotional_stability,high
276,9200,right_eye,663.7,280.3,740.0,344.8,989.6,440.3,1085.0,521.0,emotional_stability_high4_PHv6CzBIC5E.001.mp4,1280,720,30.0,459,emotional_stability,high
276,9200,nose,597.5,318.4,684.2,425.0,906.8,488.0,1015.2,621.2,emotional_stability_high4_PHv6CzBIC5E.001.mp4,1280,720,30.0,459,emotional_stability,high
276,9200,mouth,577.5,445.4,669.8,487.8,881.9,646.8,997.2,699.8,emotional_stability_high4_PHv6CzBIC5E.001.mp4,1280,720,30.0,459,emotional_stability,high
276,9200,forehead,425.9,208.4,741.3,455.4,692.3,350.5,1086.7,659.3,emotional_stability_high4_PHv6CzBIC5E.001.mp4,1280,720,30.0,459,emotional_stability,high
276,9200,chin,425.9,336.0,716.0,551.6,692.3,510.0,1055.0,779.5,emotional_stability_high4_PHv6CzBIC5E.001.mp4,1280,720,30.0,459,emotional_stability,high
276,9200,left_cheek,475.0,343.6,589.2,467.9,753.8,519.5,896.5,674.9,emotional_stability_high4_PHv6CzBIC5E.001.mp4,1280,720,30.0,459,emotional_stability,high
276,9200,right_cheek,674.6,356.2,734.6,470.8,1003.2,535.2,1078.3,678.5,emotional_stability_high4_PHv6CzBIC5E.001.mp4,1280,720,30.0,459,emotional_stability,high
277,9233,left_eye,497.4,274.1,622.4,340.9,781.7,432.6,937.9,516.1,emotional_stability_high4_PHv6CzBIC5E.001.mp4,1280,720,30.0,459,emotional_stability,high
277,9233,right_eye,663.8,277.3,739.3,344.6,989.8,436.7,1084.2,520.8,emotional_stability_high4_PHv6CzBIC5E.001.mp4,1280,720,30.0,459,emotional_stability,high
277,9233,nose,597.6,318.4,685.7,423.9,907.0,487.9,1017.1,619.9,emotional_stability_high4_PHv6CzBIC5E.001.mp4,1280,720,30.0,459,emotional_stability,high
277,9233,mouth,576.8,444.3,670.1,488.5,880.9,645.3,997.6,700.7,emotional_stability_high4_PHv6CzBIC5E.001.mp4,1280,720,30.0,459,emotional_stability,high
277,9233,forehead,417.0,208.2,739.1,454.4,681.3,350.2,1083.8,658.0,emotional_stability_high4_PHv6CzBIC5E.001.mp4,1280,720,30.0,459,emotional_stability,high
277,9233,chin,417.0,335.8,710.8,550.7,681.3,509.8,1048.5,778.4,emotional_stability_high4_PHv6CzBIC5E.001.mp4,1280,720,30.0,459,emotional_stability,high
277,9233,left_cheek,471.8,343.6,589.2,467.9,749.7,519.5,896.5,674.9,emotional_stability_high4_PHv6CzBIC5E.001.mp4,1280,720,30.0,459,emotional_stability,high
277,9233,right_cheek,674.6,355.5,733.1,470.2,1003.2,534.3,1076.4,677.7,emotional_stability_high4_PHv6CzBIC5E.001.mp4,1280,720,30.0,459,emotional_stability,high
278,9266,left_eye,502.6,273.6,625.3,340.2,788.2,432.0,941.6,515.2,emotional_stability_high4_PHv6CzBIC5E.001.mp4,1280,720,30.0,459,emotional_stability,high
278,9266,right_eye,663.9,274.9,739.2,343.3,989.9,433.6,1084.0,519.1,emotional_stability_high4_PHv6CzBIC5E.001.mp4,1280,720,30.0,459,emotional_stability,high
278,9266,nose,599.3,316.9,685.7,423.7,909.2,486.2,1017.1,619.6,emotional_stability_high4_PHv6CzBIC5E.001.mp4,1280,720,30.0,459,emotional_stability,high
278,9266,mouth,578.6,444.3,669.9,496.6,883.3,645.4,997.4,710.8,emotional_stability_high4_PHv6CzBIC5E.001.mp4,1280,720,30.0,459,emotional_stability,high
278,9266,forehead,422.6,207.5,739.1,448.4,688.2,349.4,1083.9,650.5,emotional_stability_high4_PHv6CzBIC5E.001.mp4,1280,720,30.0,459,emotional_stability,high
278,9266,chin,422.6,334.0,710.1,548.5,688.2,507.5,1047.6,775.6,emotional_stability_high4_PHv6CzBIC5E.001.mp4,1280,720,30.0,459,emotional_stability,high
278,9266,left_cheek,476.3,343.2,591.4,468.0,755.3,519.0,899.3,675.0,emotional_stability_high4_PHv6CzBIC5E.001.mp4,1280,720,30.0,459,emotional_stability,high
278,9266,right_cheek,674.7,351.8,731.7,468.4,1003.3,529.7,1074.6,675.6,emotional_stability_high4_PHv6CzBIC5E.001.mp4,1280,720,30.0,459,emotional_stability,high
279,9300,left_eye,502.5,272.7,627.1,340.0,788.1,430.9,943.9,515.0,emotional_stability_high4_PHv6CzBIC5E.001.mp4,1280,720,30.0,459,emotional_stability,high
279,9300,right_eye,665.0,272.8,739.0,342.7,991.3,431.0,1083.7,518.4,emotional_stability_high4_PHv6CzBIC5E.001.mp4,1280,720,30.0,459,emotional_stability,high
279,9300,nose,600.6,316.5,687.4,423.7,910.7,485.6,1019.2,619.6,emotional_stability_high4_PHv6CzBIC5E.001.mp4,1280,720,30.0,459,emotional_stability,high
279,9300,mouth,577.8,444.4,670.2,498.1,882.3,645.4,997.8,712.6,emotional_stability_high4_PHv6CzBIC5E.001.mp4,1280,720,30.0,459,emotional_stability,high
279,9300,forehead,417.5,207.4,738.4,449.0,681.9,349.2,1083.0,651.2,emotional_stability_high4_PHv6CzBIC5E.001.mp4,1280,720,30.0,459,emotional_stability,high
279,9300,chin,417.5,334.0,706.8,549.2,681.9,507.5,1043.5,776.4,emotional_stability_high4_PHv6CzBIC5E.001.mp4,1280,720,30.0,459,emotional_stability,high
279,9300,left_cheek,474.9,343.2,591.7,469.4,753.6,519.0,899.7,676.8,emotional_stability_high4_PHv6CzBIC5E.001.mp4,1280,720,30.0,459,emotional_stability,high
279,9300,right_cheek,675.6,351.8,730.8,468.5,1004.5,529.7,1073.5,675.6,emotional_stability_high4_PHv6CzBIC5E.001.mp4,1280,720,30.0,459,emotional_stability,high
280,9333,left_eye,506.3,272.5,628.4,339.8,792.9,430.7,945.5,514.8,emotional_stability_high4_PHv6CzBIC5E.001.mp4,1280,720,30.0,459,emotional_stability,high
280,9333,right_eye,665.7,272.4,739.3,341.8,992.1,430.5,1084.2,517.3,emotional_stability_high4_PHv6CzBIC5E.001.mp4,1280,720,30.0,459,emotional_stability,high
280,9333,nose,604.2,316.0,688.8,424.3,915.2,485.0,1021.0,620.3,emotional_stability_high4_PHv6CzBIC5E.001.mp4,1280,720,30.0,459,emotional_stability,high
280,9333,mouth,580.8,446.5,674.7,496.5,886.0,648.1,1003.4,710.6,emotional_stability_high4_PHv6CzBIC5E.001.mp4,1280,720,30.0,459,emotional_stability,high
280,9333,forehead,427.4,207.3,738.5,449.1,694.3,349.1,1083.1,651.4,emotional_stability_high4_PHv6CzBIC5E.001.mp4,1280,720,30.0,459,emotional_stability,high
280,9333,chin,427.4,336.1,707.6,548.2,694.3,510.2,1044.5,775.3,emotional_stability_high4_PHv6CzBIC5E.001.mp4,1280,720,30.0,459,emotional_stability,high
280,9333,left_cheek,480.0,344.2,595.0,469.7,760.0,520.2,903.7,677.1,emotional_stability_high4_PHv6CzBIC5E.001.mp4,1280,720,30.0,459,emotional_stability,high
280,9333,right_cheek,676.9,351.2,731.0,468.2,1006.1,529.1,1073.7,675.3,emotional_stability_high4_PHv6CzBIC5E.001.mp4,1280,720,30.0,459,emotional_stability,high
281,9366,left_eye,505.7,272.5,628.4,339.8,792.1,430.6,945.5,514.8,emotional_stability_high4_PHv6CzBIC5E.001.mp4,1280,720,30.0,459,emotional_stability,high
281,9366,right_eye,666.0,271.6,739.2,341.2,992.5,429.5,1084.0,516.5,emotional_stability_high4_PHv6CzBIC5E.001.mp4,1280,720,30.0,459,emotional_stability,high
281,9366,nose,604.9,315.5,690.1,424.0,916.2,484.4,1022.6,620.0,emotional_stability_high4_PHv6CzBIC5E.001.mp4,1280,720,30.0,459,emotional_stability,high
281,9366,mouth,583.7,446.7,675.9,496.4,889.7,648.3,1004.9,710.5,emotional_stability_high4_PHv6CzBIC5E.001.mp4,1280,720,30.0,459,emotional_stability,high
281,9366,forehead,426.6,207.3,738.2,452.9,693.2,349.1,1082.8,656.1,emotional_stability_high4_PHv6CzBIC5E.001.mp4,1280,720,30.0,459,emotional_stability,high
281,9366,chin,426.6,338.9,708.1,548.3,693.2,513.6,1045.2,775.3,emotional_stability_high4_PHv6CzBIC5E.001.mp4,1280,720,30.0,459,emotional_stability,high
281,9366,left_cheek,479.3,345.9,595.5,471.4,759.2,522.3,904.3,679.3,emotional_stability_high4_PHv6CzBIC5E.001.mp4,1280,720,30.0,459,emotional_stability,high
281,9366,right_cheek,677.9,351.2,731.3,468.3,1007.4,529.0,1074.1,675.3,emotional_stability_high4_PHv6CzBIC5E.001.mp4,1280,720,30.0,459,emotional_stability,high
282,9400,left_eye,505.5,272.1,629.4,339.8,791.9,430.2,946.7,514.8,emotional_stability_high4_PHv6CzBIC5E.001.mp4,1280,720,30.0,459,emotional_stability,high
282,9400,right_eye,666.2,268.5,739.2,339.3,992.8,425.6,1084.1,514.2,emotional_stability_high4_PHv6CzBIC5E.001.mp4,1280,720,30.0,459,emotional_stability,high
282,9400,nose,605.4,314.4,690.4,424.0,916.7,483.0,1023.0,620.0,emotional_stability_high4_PHv6CzBIC5E.001.mp4,1280,720,30.0,459,emotional_stability,high
282,9400,mouth,583.4,447.4,675.1,497.2,889.2,649.2,1003.9,711.4,emotional_stability_high4_PHv6CzBIC5E.001.mp4,1280,720,30.0,459,emotional_stability,high
282,9400,forehead,415.4,206.8,738.0,452.3,679.3,348.5,1082.5,655.3,emotional_stability_high4_PHv6CzBIC5E.001.mp4,1280,720,30.0,459,emotional_stability,high
282,9400,chin,415.4,338.3,705.0,547.8,679.3,512.8,1041.3,774.8,emotional_stability_high4_PHv6CzBIC5E.001.mp4,1280,720,30.0,459,emotional_stability,high
282,9400,left_cheek,476.4,345.7,595.3,471.6,755.5,522.1,904.2,679.5,emotional_stability_high4_PHv6CzBIC5E.001.mp4,1280,720,30.0,459,emotional_stability,high
282,9400,right_cheek,678.3,349.3,731.2,467.3,1007.8,526.6,1073.9,674.1,emotional_stability_high4_PHv6CzBIC5E.001.mp4,1280,720,30.0,459,emotional_stability,high
283,9433,left_eye,510.1,272.3,633.2,338.7,797.7,430.4,951.5,513.3,emotional_stability_high4_PHv6CzBIC5E.001.mp4,1280,720,30.0,459,emotional_stability,high
283,9433,right_eye,668.9,269.3,741.7,338.1,996.1,426.6,1087.1,512.6,emotional_stability_high4_PHv6CzBIC5E.001.mp4,1280,720,30.0,459,emotional_stability,high
283,9433,nose,607.3,313.3,691.5,423.6,919.1,481.6,1024.4,619.4,emotional_stability_high4_PHv6CzBIC5E.001.mp4,1280,720,30.0,459,emotional_stability,high
283,9433,mouth,585.3,447.4,675.4,498.4,891.6,649.2,1004.2,713.0,emotional_stability_high4_PHv6CzBIC5E.001.mp4,1280,720,30.0,459,emotional_stability,high
283,9433,forehead,425.3,206.7,740.9,452.1,691.6,348.4,1086.1,655.1,emotional_stability_high4_PHv6CzBIC5E.001.mp4,1280,720,30.0,459,emotional_stability,high
283,9433,chin,425.3,337.9,705.8,547.6,691.6,512.4,1042.3,774.6,emotional_stability_high4_PHv6CzBIC5E.001.mp4,1280,720,30.0,459,emotional_stability,high
283,9433,left_cheek,481.0,345.5,598.1,471.4,761.3,521.9,907.6,679.3,emotional_stability_high4_PHv6CzBIC5E.001.mp4,1280,720,30.0,459,emotional_stability,high
283,9433,right_cheek,679.7,347.9,731.9,465.8,1009.6,524.9,1074.8,672.3,emotional_stability_high4_PHv6CzBIC5E.001.mp4,1280,720,30.0,459,emotional_stability,high
284,9466,left_eye,510.5,271.5,635.0,337.6,798.1,429.4,953.8,512.0,emotional_stability_high4_PHv6CzBIC5E.001.mp4,1280,720,30.0,459,emotional_stability,high
284,9466,right_eye,670.6,268.3,741.7,336.8,998.2,425.4,1087.1,511.1,emotional_stability_high4_PHv6CzBIC5E.001.mp4,1280,720,30.0,459,emotional_stability,high
284,9466,nose,609.0,312.5,692.1,422.8,921.2,480.6,1025.1,618.5,emotional_stability_high4_PHv6CzBIC5E.001.mp4,1280,720,30.0,459,emotional_stability,high
284,9466,mouth,585.1,446.3,674.9,501.0,891.4,647.9,1003.6,716.3,emotional_stability_high4_PHv6CzBIC5E.001.mp4,1280,720,30.0,459,emotional_stability,high
284,9466,forehead,425.2,206.7,740.9,448.3,691.5,348.3,1086.1,650.4,emotional_stability_high4_PHv6CzBIC5E.001.mp4,1280,720,30.0,459,emotional_stability,high
284,9466,chin,425.2,334.5,703.1,545.7,691.5,508.1,1038.9,772.1,emotional_stability_high4_PHv6CzBIC5E.001.mp4,1280,720,30.0,459,emotional_stability,high
284,9466,left_cheek,481.0,344.2,599.3,470.6,761.3,520.3,909.1,678.3,emotional_stability_high4_PHv6CzBIC5E.001.mp4,1280,720,30.0,459,emotional_stability,high
284,9466,right_cheek,680.0,347.1,731.4,464.7,1010.0,523.8,1074.3,670.8,emotional_stability_high4_PHv6CzBIC5E.001.mp4,1280,720,30.0,459,emotional_stability,high
285,9500,left_eye,509.3,271.5,634.6,337.6,796.7,429.4,953.3,512.0,emotional_stability_high4_PHv6CzBIC5E.001.mp4,1280,720,30.0,459,emotional_stability,high
285,9500,right_eye,669.7,268.9,739.9,337.0,997.1,426.1,1084.9,511.2,emotional_stability_high4_PHv6CzBIC5E.001.mp4,1280,720,30.0,459,emotional_stability,high
285,9500,nose,608.4,312.5,691.8,423.0,920.6,480.6,1024.8,618.8,emotional_stability_high4_PHv6CzBIC5E.001.mp4,1280,720,30.0,459,emotional_stability,high
285,9500,mouth,584.3,447.3,673.4,503.1,890.4,649.1,1001.7,718.9,emotional_stability_high4_PHv6CzBIC5E.001.mp4,1280,720,30.0,459,emotional_stability,high
285,9500,forehead,418.7,206.6,737.3,451.1,683.4,348.3,1081.6,653.9,emotional_stability_high4_PHv6CzBIC5E.001.mp4,1280,720,30.0,459,emotional_stability,high
285,9500,chin,418.7,335.3,697.9,549.6,683.4,509.1,1032.4,776.9,emotional_stability_high4_PHv6CzBIC5E.001.mp4,1280,720,30.0,459,emotional_stability,high
285,9500,left_cheek,479.2,344.8,598.5,473.1,759.0,521.0,908.1,681.4,emotional_stability_high4_PHv6CzBIC5E.001.mp4,1280,720,30.0,459,emotional_stability,high
285,9500,right_cheek,678.9,347.3,727.1,466.0,1008.6,524.2,1068.9,672.5,emotional_stability_high4_PHv6CzBIC5E.001.mp4,1280,720,30.0,459,emotional_stability,high
286,9533,left_eye,511.2,270.5,634.6,337.5,799.0,428.1,953.3,511.8,emotional_stability_high4_PHv6CzBIC5E.001.mp4,1280,720,30.0,459,emotional_stability,high
286,9533,right_eye,668.7,269.2,738.4,336.9,995.8,426.5,1082.9,511.1,emotional_stability_high4_PHv6CzBIC5E.001.mp4,1280,720,30.0,459,emotional_stability,high
286,9533,nose,609.3,312.3,691.8,423.4,921.7,480.3,1024.7,619.3,emotional_stability_high4_PHv6CzBIC5E.001.mp4,1280,720,30.0,459,emotional_stability,high
286,9533,mouth,584.7,447.7,672.6,501.8,890.9,649.6,1000.8,717.3,emotional_stability_high4_PHv6CzBIC5E.001.mp4,1280,720,30.0,459,emotional_stability,high
286,9533,forehead,420.7,206.3,735.0,451.2,685.9,347.9,1078.7,654.0,emotional_stability_high4_PHv6CzBIC5E.001.mp4,1280,720,30.0,459,emotional_stability,high
286,9533,chin,420.7,336.2,695.9,549.5,685.9,510.3,1029.9,776.9,emotional_stability_high4_PHv6CzBIC5E.001.mp4,1280,720,30.0,459,emotional_stability,high
286,9533,left_cheek,480.8,345.0,599.0,473.0,761.0,521.2,908.8,681.2,emotional_stability_high4_PHv6CzBIC5E.001.mp4,1280,720,30.0,459,emotional_stability,high
286,9533,right_cheek,678.3,347.4,724.8,465.9,1007.9,524.3,1066.0,672.4,emotional_stability_high4_PHv6CzBIC5E.001.mp4,1280,720,30.0,459,emotional_stability,high
287,9566,left_eye,510.4,275.5,630.8,338.9,798.0,434.4,948.5,513.6,emotional_stability_high4_PHv6CzBIC5E.001.mp4,1280,720,30.0,459,emotional_stability,high
287,9566,right_eye,665.3,269.2,730.9,336.7,991.6,426.5,1073.6,510.8,emotional_stability_high4_PHv6CzBIC5E.001.mp4,1280,720,30.0,459,emotional_stability,high
287,9566,nose,608.9,312.7,688.2,424.3,921.1,480.9,1020.3,620.3,emotional_stability_high4_PHv6CzBIC5E.001.mp4,1280,720,30.0,459,emotional_stability,high
287,9566,mouth,584.5,449.9,669.3,501.1,890.6,652.4,996.6,716.3,emotional_stability_high4_PHv6CzBIC5E.001.mp4,1280,720,30.0,459,emotional_stability,high
287,9566,forehead,424.9,207.7,728.0,456.0,691.1,349.6,1070.0,660.0,emotional_stability_high4_PHv6CzBIC5E.001.mp4,1280,720,30.0,459,emotional_stability,high
287,9566,chin,424.9,340.5,695.6,550.3,691.1,515.6,1029.5,777.8,emotional_stability_high4_PHv6CzBIC5E.001.mp4,1280,720,30.0,459,emotional_stability,high
287,9566,left_cheek,481.2,348.8,598.7,475.9,761.5,526.0,908.4,684.9,emotional_stability_high4_PHv6CzBIC5E.001.mp4,1280,720,30.0,459,emotional_stability,high
287,9566,right_cheek,674.7,346.5,721.5,465.8,1003.4,523.1,1061.9,672.2,emotional_stability_high4_PHv6CzBIC5E.001.mp4,1280,720,30.0,459,emotional_stability,high
288,9600,left_eye,509.9,278.0,629.8,339.9,797.4,437.5,947.3,514.8,emotional_stability_high4_PHv6CzBIC5E.001.mp4,1280,720,30.0,459,emotional_stability,high
288,9600,right_eye,664.2,269.4,731.6,335.5,990.2,426.7,1074.5,509.4,emotional_stability_high4_PHv6CzBIC5E.001.mp4,1280,720,30.0,459,emotional_stability,high
288,9600,nose,608.5,313.0,687.3,426.5,920.7,481.3,1019.1,623.1,emotional_stability_high4_PHv6CzBIC5E.001.mp4,1280,720,30.0,459,emotional_stability,high
288,9600,mouth,584.6,450.5,669.5,500.6,890.7,653.1,996.8,715.7,emotional_stability_high4_PHv6CzBIC5E.001.mp4,1280,720,30.0,459,emotional_stability,high
288,9600,forehead,426.7,207.7,729.4,456.7,693.4,349.7,1071.7,660.9,emotional_stability_high4_PHv6CzBIC5E.001.mp4,1280,720,30.0,459,emotional_stability,high
288,9600,chin,426.7,340.7,696.6,551.0,693.4,515.9,1030.8,778.8,emotional_stability_high4_PHv6CzBIC5E.001.mp4,1280,720,30.0,459,emotional_stability,high
288,9600,left_cheek,481.2,350.3,598.4,477.0,761.6,527.8,908.1,686.2,emotional_stability_high4_PHv6CzBIC5E.001.mp4,1280,720,30.0,459,emotional_stability,high
288,9600,right_cheek,674.1,344.8,723.2,465.4,1002.7,521.0,1064.0,671.8,emotional_stability_high4_PHv6CzBIC5E.001.mp4,1280,720,30.0,459,emotional_stability,high
289,9633,left_eye,510.6,277.0,630.1,339.7,798.3,436.3,947.6,514.7,emotional_stability_high4_PHv6CzBIC5E.001.mp4,1280,720,30.0,459,emotional_stability,high
289,9633,right_eye,663.6,267.5,730.3,333.2,989.5,424.4,1072.9,506.6,emotional_stability_high4_PHv6CzBIC5E.001.mp4,1280,720,30.0,459,emotional_stability,high
289,9633,nose,608.9,311.8,687.0,426.3,921.1,479.8,1018.7,622.9,emotional_stability_high4_PHv6CzBIC5E.001.mp4,1280,720,30.0,459,emotional_stability,high
289,9633,mouth,585.8,449.2,669.5,499.6,892.2,651.6,996.9,714.6,emotional_stability_high4_PHv6CzBIC5E.001.mp4,1280,720,30.0,459,emotional_stability,high
289,9633,forehead,428.4,206.4,728.1,455.9,695.5,347.9,1070.1,659.8,emotional_stability_high4_PHv6CzBIC5E.001.mp4,1280,720,30.0,459,emotional_stability,high
289,9633,chin,428.4,340.4,696.1,549.6,695.5,515.5,1030.2,777.0,emotional_stability_high4_PHv6CzBIC5E.001.mp4,1280,720,30.0,459,emotional_stability,high
289,9633,left_cheek,483.2,349.6,598.6,476.5,764.0,527.0,908.3,685.7,emotional_stability_high4_PHv6CzBIC5E.001.mp4,1280,720,30.0,459,emotional_stability,high
289,9633,right_cheek,673.7,343.6,722.0,464.4,1002.1,519.5,1062.5,670.5,emotional_stability_high4_PHv6CzBIC5E.001.mp4,1280,720,30.0,459,emotional_stability,high
290,9666,left_eye,510.6,278.8,629.9,339.7,798.2,438.5,947.4,514.6,emotional_stability_high4_PHv6CzBIC5E.001.mp4,1280,720,30.0,459,emotional_stability,high
290,9666,right_eye,663.2,267.6,730.1,332.7,989.0,424.5,1072.6,505.8,emotional_stability_high4_PHv6CzBIC5E.001.mp4,1280,720,30.0,459,emotional_stability,high
290,9666,nose,609.1,311.9,687.0,426.2,921.4,479.9,1018.8,622.7,emotional_stability_high4_PHv6CzBIC5E.001.mp4,1280,720,30.0,459,emotional_stability,high
290,9666,mouth,586.3,447.8,671.8,498.9,892.9,649.7,999.7,713.6,emotional_stability_high4_PHv6CzBIC5E.001.mp4,1280,720,30.0,459,emotional_stability,high
290,9666,forehead,429.7,207.1,727.1,455.5,697.1,348.9,1068.9,659.3,emotional_stability_high4_PHv6CzBIC5E.001.mp4,1280,720,30.0,459,emotional_stability,high
290,9666,chin,429.7,337.9,695.9,549.6,697.1,512.4,1029.8,776.9,emotional_stability_high4_PHv6CzBIC5E.001.mp4,1280,720,30.0,459,emotional_stability,high
290,9666,left_cheek,482.9,350.5,598.4,476.1,763.6,528.1,908.0,685.2,emotional_stability_high4_PHv6CzBIC5E.001.mp4,1280,720,30.0,459,emotional_stability,high
290,9666,right_cheek,673.7,341.7,721.8,462.5,1002.1,517.2,1062.3,668.1,emotional_stability_high4_PHv6CzBIC5E.001.mp4,1280,720,30.0,459,emotional_stability,high
291,9700,left_eye,508.4,278.2,628.8,339.4,795.6,437.7,946.0,514.2,emotional_stability_high4_PHv6CzBIC5E.001.mp4,1280,720,30.0,459,emotional_stability,high
291,9700,right_eye,663.1,266.8,730.3,331.0,988.8,423.5,1072.9,503.7,emotional_stability_high4_PHv6CzBIC5E.001.mp4,1280,720,30.0,459,emotional_stability,high
291,9700,nose,609.0,311.2,687.8,423.1,921.2,479.0,1019.7,618.9,emotional_stability_high4_PHv6CzBIC5E.001.mp4,1280,720,30.0,459,emotional_stability,high
291,9700,mouth,584.1,441.1,672.9,498.8,890.1,641.4,1001.2,713.5,emotional_stability_high4_PHv6CzBIC5E.001.mp4,1280,720,30.0,459,emotional_stability,high
291,9700,forehead,428.0,206.4,727.6,457.4,695.0,348.0,1069.5,661.7,emotional_stability_high4_PHv6CzBIC5E.001.mp4,1280,720,30.0,459,emotional_stability,high
291,9700,chin,428.0,338.8,696.3,550.0,695.0,513.5,1030.4,777.5,emotional_stability_high4_PHv6CzBIC5E.001.mp4,1280,720,30.0,459,emotional_stability,high
291,9700,left_cheek,482.0,350.2,598.3,476.0,762.5,527.8,907.9,684.9,emotional_stability_high4_PHv6CzBIC5E.001.mp4,1280,720,30.0,459,emotional_stability,high
291,9700,right_cheek,673.9,341.3,722.5,461.8,1002.3,516.6,1063.2,667.2,emotional_stability_high4_PHv6CzBIC5E.001.mp4,1280,720,30.0,459,emotional_stability,high
292,9733,left_eye,508.4,283.2,628.6,341.3,795.5,443.9,945.7,516.7,emotional_stability_high4_PHv6CzBIC5E.001.mp4,1280,720,30.0,459,emotional_stability,high
292,9733,right_eye,663.4,267.4,730.5,331.6,989.3,424.3,1073.2,504.5,emotional_stability_high4_PHv6CzBIC5E.001.mp4,1280,720,30.0,459,emotional_stability,high
292,9733,nose,609.5,312.6,689.1,423.2,921.8,480.8,1021.4,618.9,emotional_stability_high4_PHv6CzBIC5E.001.mp4,1280,720,30.0,459,emotional_stability,high
292,9733,mouth,579.7,440.8,675.4,498.4,884.6,641.0,1004.3,713.0,emotional_stability_high4_PHv6CzBIC5E.001.mp4,1280,720,30.0,459,emotional_stability,high
292,9733,forehead,428.2,209.3,728.2,462.5,695.3,351.7,1070.3,668.1,emotional_stability_high4_PHv6CzBIC5E.001.mp4,1280,720,30.0,459,emotional_stability,high
292,9733,chin,428.2,339.5,700.7,551.9,695.3,514.3,1035.9,779.9,emotional_stability_high4_PHv6CzBIC5E.001.mp4,1280,720,30.0,459,emotional_stability,high
292,9733,left_cheek,481.9,354.6,598.3,478.4,762.4,533.3,907.8,688.0,emotional_stability_high4_PHv6CzBIC5E.001.mp4,1280,720,30.0,459,emotional_stability,high
292,9733,right_cheek,675.1,341.8,725.8,461.8,1003.9,517.2,1067.3,667.2,emotional_stability_high4_PHv6CzBIC5E.001.mp4,1280,720,30.0,459,emotional_stability,high
293,9766,left_eye,508.6,282.3,629.0,341.0,795.7,442.8,946.2,516.2,emotional_stability_high4_PHv6CzBIC5E.001.mp4,1280,720,30.0,459,emotional_stability,high
293,9766,right_eye,663.7,267.5,731.0,331.1,989.6,424.4,1073.7,503.9,emotional_stability_high4_PHv6CzBIC5E.001.mp4,1280,720,30.0,459,emotional_stability,high
293,9766,nose,610.0,311.9,689.4,421.9,922.5,479.9,1021.7,617.4,emotional_stability_high4_PHv6CzBIC5E.001.mp4,1280,720,30.0,459,emotional_stability,high
293,9766,mouth,579.7,439.4,675.3,497.9,884.6,639.2,1004.1,712.4,emotional_stability_high4_PHv6CzBIC5E.001.mp4,1280,720,30.0,459,emotional_stability,high
293,9766,forehead,428.4,207.9,728.8,462.3,695.5,349.9,1071.0,667.9,emotional_stability_high4_PHv6CzBIC5E.001.mp4,1280,720,30.0,459,emotional_stability,high
293,9766,chin,428.4,340.8,700.7,552.0,695.5,515.9,1035.8,780.0,emotional_stability_high4_PHv6CzBIC5E.001.mp4,1280,720,30.0,459,emotional_stability,high
293,9766,left_cheek,482.3,353.4,598.8,477.9,762.9,531.8,908.4,687.3,emotional_stability_high4_PHv6CzBIC5E.001.mp4,1280,720,30.0,459,emotional_stability,high
293,9766,right_cheek,675.5,342.2,726.0,462.0,1004.4,517.7,1067.5,667.5,emotional_stability_high4_PHv6CzBIC5E.001.mp4,1280,720,30.0,459,emotional_stability,high
294,9800,left_eye,508.8,278.8,629.9,339.7,795.9,438.4,947.4,514.6,emotional_stability_high4_PHv6CzBIC5E.001.mp4,1280,720,30.0,459,emotional_stability,high
294,9800,right_eye,663.8,267.4,731.2,330.2,989.7,424.2,1074.0,502.7,emotional_stability_high4_PHv6CzBIC5E.001.mp4,1280,720,30.0,459,emotional_stability,high
294,9800,nose,609.9,310.8,689.8,420.8,922.4,478.5,1022.2,616.0,emotional_stability_high4_PHv6CzBIC5E.001.mp4,1280,720,30.0,459,emotional_stability,high
294,9800,mouth,575.8,438.9,675.1,498.2,879.8,638.6,1003.9,712.8,emotional_stability_high4_PHv6CzBIC5E.001.mp4,1280,720,30.0,459,emotional_stability,high
294,9800,forehead,428.2,206.3,729.1,461.5,695.3,347.9,1071.3,666.9,emotional_stability_high4_PHv6CzBIC5E.001.mp4,1280,720,30.0,459,emotional_stability,high
294,9800,chin,428.2,340.9,700.3,551.9,695.3,516.1,1035.3,779.9,emotional_stability_high4_PHv6CzBIC5E.001.mp4,1280,720,30.0,459,emotional_stability,high
294,9800,left_cheek,482.2,352.2,598.8,477.3,762.7,530.3,908.5,686.6,emotional_stability_high4_PHv6CzBIC5E.001.mp4,1280,720,30.0,459,emotional_stability,high
294,9800,right_cheek,675.9,341.9,726.0,461.9,1004.8,517.3,1067.5,667.4,emotional_stability_high4_PHv6CzBIC5E.001.mp4,1280,720,30.0,459,emotional_stability,high
295,9833,left_eye,507.0,277.1,629.2,338.8,793.8,436.4,946.5,513.5,emotional_stability_high4_PHv6CzBIC5E.001.mp4,1280,720,30.0,459,emotional_stability,high
295,9833,right_eye,663.8,266.9,731.2,329.6,989.8,423.6,1074.0,502.0,emotional_stability_high4_PHv6CzBIC5E.001.mp4,1280,720,30.0,459,emotional_stability,high
295,9833,nose,607.4,310.4,689.7,420.9,919.3,478.0,1022.2,616.1,emotional_stability_high4_PHv6CzBIC5E.001.mp4,1280,720,30.0,459,emotional_stability,high
295,9833,mouth,571.1,439.3,674.6,501.0,873.9,639.1,1003.3,716.2,emotional_stability_high4_PHv6CzBIC5E.001.mp4,1280,720,30.0,459,emotional_stability,high
295,9833,forehead,426.3,206.0,729.3,461.3,692.9,347.5,1071.6,666.6,emotional_stability_high4_PHv6CzBIC5E.001.mp4,1280,720,30.0,459,emotional_stability,high
295,9833,chin,426.3,340.6,700.8,552.5,692.9,515.8,1036.1,780.7,emotional_stability_high4_PHv6CzBIC5E.001.mp4,1280,720,30.0,459,emotional_stability,high
295,9833,left_cheek,479.7,352.1,596.9,477.1,759.7,530.2,906.1,686.3,emotional_stability_high4_PHv6CzBIC5E.001.mp4,1280,720,30.0,459,emotional_stability,high
295,9833,right_cheek,675.9,341.6,726.3,462.0,1004.9,517.0,1067.9,667.5,emotional_stability_high4_PHv6CzBIC5E.001.mp4,1280,720,30.0,459,emotional_stability,high
296,9866,left_eye,506.9,283.4,629.4,341.9,793.6,444.3,946.8,517.4,emotional_stability_high4_PHv6CzBIC5E.001.mp4,1280,720,30.0,459,emotional_stability,high
296,9866,right_eye,665.3,269.5,732.4,331.2,991.6,426.9,1075.5,504.1,emotional_stability_high4_PHv6CzBIC5E.001.mp4,1280,720,30.0,459,emotional_stability,high
296,9866,nose,607.5,313.6,690.6,424.9,919.3,482.0,1023.2,621.2,emotional_stability_high4_PHv6CzBIC5E.001.mp4,1280,720,30.0,459,emotional_stability,high
296,9866,mouth,570.9,441.2,674.5,501.1,873.6,641.5,1003.1,716.3,emotional_stability_high4_PHv6CzBIC5E.001.mp4,1280,720,30.0,459,emotional_stability,high
296,9866,forehead,425.3,208.8,731.2,461.2,691.7,350.9,1074.0,666.5,emotional_stability_high4_PHv6CzBIC5E.001.mp4,1280,720,30.0,459,emotional_stability,high
296,9866,chin,425.3,340.5,700.7,554.9,691.7,515.6,1035.9,783.6,emotional_stability_high4_PHv6CzBIC5E.001.mp4,1280,720,30.0,459,emotional_stability,high
296,9866,left_cheek,479.4,353.9,596.9,478.8,759.2,532.4,906.2,688.5,emotional_stability_high4_PHv6CzBIC5E.001.mp4,1280,720,30.0,459,emotional_stability,high
296,9866,right_cheek,676.5,341.7,726.4,462.6,1005.6,517.1,1068.0,668.3,emotional_stability_high4_PHv6CzBIC5E.001.mp4,1280,720,30.0,459,emotional_stability,high
297,9900,left_eye,509.0,282.8,632.2,341.8,796.3,443.5,950.2,517.2,emotional_stability_high4_PHv6CzBIC5E.001.mp4,1280,720,30.0,459,emotional_stability,high
297,9900,right_eye,667.3,270.2,734.4,331.4,994.2,427.7,1078.0,504.2,emotional_stability_high4_PHv6CzBIC5E.001.mp4,1280,720,30.0,459,emotional_stability,high
297,9900,nose,610.3,313.5,692.0,424.8,922.9,481.9,1025.0,621.0,emotional_stability_high4_PHv6CzBIC5E.001.mp4,1280,720,30.0,459,emotional_stability,high
297,9900,mouth,572.3,441.4,675.1,500.9,875.4,641.7,1003.9,716.1,emotional_stability_high4_PHv6CzBIC5E.001.mp4,1280,720,30.0,459,emotional_stability,high
297,9900,forehead,426.9,208.7,733.7,459.7,693.7,350.9,1077.2,664.6,emotional_stability_high4_PHv6CzBIC5E.001.mp4,1280,720,30.0,459,emotional_stability,high
297,9900,chin,426.9,340.5,702.7,554.5,693.7,515.6,1038.3,783.1,emotional_stability_high4_PHv6CzBIC5E.001.mp4,1280,720,30.0,459,emotional_stability,high
297,9900,left_cheek,480.5,353.5,599.2,477.6,760.7,531.8,909.0,687.0,emotional_stability_high4_PHv6CzBIC5E.001.mp4,1280,720,30.0,459,emotional_stability,high
297,9900,right_cheek,678.4,341.7,728.0,462.6,1008.0,517.2,1070.1,668.2,emotional_stability_high4_PHv6CzBIC5E.001.mp4,1280,720,30.0,459,emotional_stability,high
298,9933,left_eye,508.6,281.0,632.4,341.6,795.7,441.3,950.5,517.0,emotional_stability_high4_PHv6CzBIC5E.001.mp4,1280,720,30.0,459,emotional_stability,high
298,9933,right_eye,668.5,269.9,736.6,331.4,995.6,427.4,1080.8,504.3,emotional_stability_high4_PHv6CzBIC5E.001.mp4,1280,720,30.0,459,emotional_stability,high
298,9933,nose,610.2,313.5,692.7,425.3,922.8,481.9,1025.9,621.7,emotional_stability_high4_PHv6CzBIC5E.001.mp4,1280,720,30.0,459,emotional_stability,high
298,9933,mouth,572.2,441.8,675.4,500.9,875.2,642.2,1004.2,716.1,emotional_stability_high4_PHv6CzBIC5E.001.mp4,1280,720,30.0,459,emotional_stability,high
298,9933,forehead,426.2,208.2,735.7,457.0,692.8,350.3,1079.7,661.3,emotional_stability_high4_PHv6CzBIC5E.001.mp4,1280,720,30.0,459,emotional_stability,high
298,9933,chin,426.2,339.3,703.8,554.2,692.8,514.1,1039.7,782.8,emotional_stability_high4_PHv6CzBIC5E.001.mp4,1280,720,30.0,459,emotional_stability,high
298,9933,left_cheek,479.9,352.5,599.1,477.4,759.9,530.7,908.9,686.7,emotional_stability_high4_PHv6CzBIC5E.001.mp4,1280,720,30.0,459,emotional_stability,high
298,9933,right_cheek,679.5,341.7,729.5,462.5,1009.4,517.2,1071.8,668.2,emotional_stability_high4_PHv6CzBIC5E.001.mp4,1280,720,30.0,459,emotional_stability,high
299,9966,left_eye,509.1,280.9,634.3,341.7,796.3,441.2,952.9,517.2,emotional_stability_high4_PHv6CzBIC5E.001.mp4,1280,720,30.0,459,emotional_stability,high
299,9966,right_eye,671.3,270.5,740.2,332.4,999.1,428.1,1085.2,505.5,emotional_stability_high4_PHv6CzBIC5E.001.mp4,1280,720,30.0,459,emotional_stability,high
299,9966,nose,610.6,314.4,693.5,426.6,923.3,483.0,1026.9,623.3,emotional_stability_high4_PHv6CzBIC5E.001.mp4,1280,720,30.0,459,emotional_stability,high
299,9966,mouth,571.2,444.4,675.3,508.3,874.0,645.4,1004.1,725.4,emotional_stability_high4_PHv6CzBIC5E.001.mp4,1280,720,30.0,459,emotional_stability,high
299,9966,forehead,429.2,209.0,739.3,452.9,696.5,351.2,1084.1,656.2,emotional_stability_high4_PHv6CzBIC5E.001.mp4,1280,720,30.0,459,emotional_stability,high
299,9966,chin,429.2,338.2,706.2,554.6,696.5,512.8,1042.7,783.2,emotional_stability_high4_PHv6CzBIC5E.001.mp4,1280,720,30.0,459,emotional_stability,high
299,9966,left_cheek,480.0,352.4,599.6,477.3,760.0,530.5,909.6,686.6,emotional_stability_high4_PHv6CzBIC5E.001.mp4,1280,720,30.0,459,emotional_stability,high
299,9966,right_cheek,681.1,341.8,731.8,462.8,1011.4,517.3,1074.8,668.5,emotional_stability_high4_PHv6CzBIC5E.001.mp4,1280,720,30.0,459,emotional_stability,high
300,10000,left_eye,508.2,280.5,634.1,341.8,795.2,440.6,952.6,517.2,emotional_stability_high4_PHv6CzBIC5E.001.mp4,1280,720,30.0,459,emotional_stability,high
300,10000,right_eye,670.8,270.6,739.9,332.7,998.6,428.3,1084.9,505.8,emotional_stability_high4_PHv6CzBIC5E.001.mp4,1280,720,30.0,459,emotional_stability,high
300,10000,nose,610.3,314.6,693.4,427.9,922.8,483.2,1026.7,624.8,emotional_stability_high4_PHv6CzBIC5E.001.mp4,1280,720,30.0,459,emotional_stability,high
300,10000,mouth,568.2,446.4,674.3,507.9,870.3,648.0,1002.8,724.8,emotional_stability_high4_PHv6CzBIC5E.001.mp4,1280,720,30.0,459,emotional_stability,high
300,10000,forehead,424.3,209.0,739.2,454.1,690.4,351.2,1084.1,657.6,emotional_stability_high4_PHv6CzBIC5E.001.mp4,1280,720,30.0,459,emotional_stability,high
300,10000,chin,424.3,338.7,705.7,555.9,690.4,513.4,1042.1,784.8,emotional_stability_high4_PHv6CzBIC5E.001.mp4,1280,720,30.0,459,emotional_stability,high
300,10000,left_cheek,476.8,352.2,599.3,477.3,756.0,530.3,909.1,686.7,emotional_stability_high4_PHv6CzBIC5E.001.mp4,1280,720,30.0,459,emotional_stability,high
300,10000,right_cheek,680.9,342.6,731.3,463.1,1011.1,518.3,1074.1,668.9,emotional_stability_high4_PHv6CzBIC5E.001.mp4,1280,720,30.0,459,emotional_stability,high
301,10033,left_eye,508.7,280.2,634.7,341.4,795.8,440.3,953.4,516.7,emotional_stability_high4_PHv6CzBIC5E.001.mp4,1280,720,30.0,459,emotional_stability,high
301,10033,right_eye,671.4,271.1,741.7,332.5,999.3,428.9,1087.1,505.6,emotional_stability_high4_PHv6CzBIC5E.001.mp4,1280,720,30.0,459,emotional_stability,high
301,10033,nose,610.2,314.1,693.8,427.8,922.8,482.6,1027.3,624.7,emotional_stability_high4_PHv6CzBIC5E.001.mp4,1280,720,30.0,459,emotional_stability,high
301,10033,mouth,567.5,446.2,673.6,506.9,869.4,647.7,1002.0,723.7,emotional_stability_high4_PHv6CzBIC5E.001.mp4,1280,720,30.0,459,emotional_stability,high
301,10033,forehead,427.1,208.7,742.1,452.8,693.8,350.8,1087.6,656.0,emotional_stability_high4_PHv6CzBIC5E.001.mp4,1280,720,30.0,459,emotional_stability,high
301,10033,chin,427.1,338.8,706.9,554.4,693.8,513.5,1043.6,783.0,emotional_stability_high4_PHv6CzBIC5E.001.mp4,1280,720,30.0,459,emotional_stability,high
301,10033,left_cheek,477.2,351.1,599.3,475.7,756.5,528.8,909.1,684.6,emotional_stability_high4_PHv6CzBIC5E.001.mp4,1280,720,30.0,459,emotional_stability,high
301,10033,right_cheek,681.4,342.5,731.9,462.5,1011.8,518.2,1074.9,668.2,emotional_stability_high4_PHv6CzBIC5E.001.mp4,1280,720,30.0,459,emotional_stability,high
302,10066,left_eye,508.3,279.2,634.6,341.3,795.4,439.0,953.2,516.6,emotional_stability_high4_PHv6CzBIC5E.001.mp4,1280,720,30.0,459,emotional_stability,high
302,10066,right_eye,671.2,271.0,741.7,332.5,999.1,428.8,1087.1,505.6,emotional_stability_high4_PHv6CzBIC5E.001.mp4,1280,720,30.0,459,emotional_stability,high
302,10066,nose,609.1,314.1,693.8,427.8,921.4,482.6,1027.2,624.7,emotional_stability_high4_PHv6CzBIC5E.001.mp4,1280,720,30.0,459,emotional_stability,high
302,10066,mouth,566.2,446.1,673.6,505.9,867.8,647.6,1002.0,722.3,emotional_stability_high4_PHv6CzBIC5E.001.mp4,1280,720,30.0,459,emotional_stability,high
302,10066,forehead,423.2,208.5,741.5,453.7,688.9,350.6,1086.9,657.2,emotional_stability_high4_PHv6CzBIC5E.001.mp4,1280,720,30.0,459,emotional_stability,high
302,10066,chin,423.2,339.0,706.9,556.7,688.9,513.7,1043.6,785.9,emotional_stability_high4_PHv6CzBIC5E.001.mp4,1280,720,30.0,459,emotional_stability,high
302,10066,left_cheek,475.6,351.0,598.8,476.4,754.5,528.8,908.5,685.5,emotional_stability_high4_PHv6CzBIC5E.001.mp4,1280,720,30.0,459,emotional_stability,high
302,10066,right_cheek,681.3,342.9,731.8,463.5,1011.6,518.6,1074.7,669.3,emotional_stability_high4_PHv6CzBIC5E.001.mp4,1280,720,30.0,459,emotional_stability,high
303,10100,left_eye,509.7,279.2,636.4,341.1,797.2,439.0,955.4,516.3,emotional_stability_high4_PHv6CzBIC5E.001.mp4,1280,720,30.0,459,emotional_stability,high
303,10100,right_eye,672.8,271.4,742.7,332.5,1001.1,429.2,1088.4,505.6,emotional_stability_high4_PHv6CzBIC5E.001.mp4,1280,720,30.0,459,emotional_stability,high
303,10100,nose,610.1,313.9,695.4,427.6,922.6,482.4,1029.2,624.5,emotional_stability_high4_PHv6CzBIC5E.001.mp4,1280,720,30.0,459,emotional_stability,high
303,10100,mouth,566.7,446.1,673.6,504.9,868.4,647.6,1002.0,721.2,emotional_stability_high4_PHv6CzBIC5E.001.mp4,1280,720,30.0,459,emotional_stability,high
303,10100,forehead,426.6,208.5,743.2,453.1,693.2,350.6,1089.0,656.3,emotional_stability_high4_PHv6CzBIC5E.001.mp4,1280,720,30.0,459,emotional_stability,high
303,10100,chin,426.6,339.0,707.5,556.6,693.2,513.8,1044.4,785.8,emotional_stability_high4_PHv6CzBIC5E.001.mp4,1280,720,30.0,459,emotional_stability,high
303,10100,left_cheek,476.9,350.3,599.8,475.5,756.2,527.9,909.8,684.4,emotional_stability_high4_PHv6CzBIC5E.001.mp4,1280,720,30.0,459,emotional_stability,high
303,10100,right_cheek,682.7,342.9,732.5,463.3,1013.4,518.6,1075.6,669.1,emotional_stability_high4_PHv6CzBIC5E.001.mp4,1280,720,30.0,459,emotional_stability,high
304,10133,left_eye,509.6,276.5,637.1,340.9,797.0,435.6,956.4,516.1,emotional_stability_high4_PHv6CzBIC5E.001.mp4,1280,720,30.0,459,emotional_stability,high
304,10133,right_eye,673.0,270.4,742.6,332.5,1001.2,428.0,1088.2,505.6,emotional_stability_high4_PHv6CzBIC5E.001.mp4,1280,720,30.0,459,emotional_stability,high
304,10133,nose,610.1,313.9,695.8,428.2,922.6,482.3,1029.7,625.3,emotional_stability_high4_PHv6CzBIC5E.001.mp4,1280,720,30.0,459,emotional_stability,high
304,10133,mouth,566.1,446.6,673.5,507.4,867.6,648.3,1001.9,724.2,emotional_stability_high4_PHv6CzBIC5E.001.mp4,1280,720,30.0,459,emotional_stability,high
304,10133,forehead,423.4,207.8,742.6,451.5,689.2,349.8,1088.3,654.4,emotional_stability_high4_PHv6CzBIC5E.001.mp4,1280,720,30.0,459,emotional_stability,high
304,10133,chin,423.4,337.0,706.6,556.3,689.2,511.2,1043.3,785.4,emotional_stability_high4_PHv6CzBIC5E.001.mp4,1280,720,30.0,459,emotional_stability,high
304,10133,left_cheek,475.3,349.0,599.8,475.1,754.2,526.2,909.8,683.8,emotional_stability_high4_PHv6CzBIC5E.001.mp4,1280,720,30.0,459,emotional_stability,high
304,10133,right_cheek,682.7,342.8,732.5,463.1,1013.4,518.6,1075.6,668.9,emotional_stability_high4_PHv6CzBIC5E.001.mp4,1280,720,30.0,459,emotional_stability,high
305,10166,left_eye,509.5,276.7,636.8,341.1,796.9,435.9,956.0,516.4,emotional_stability_high4_PHv6CzBIC5E.001.mp4,1280,720,30.0,459,emotional_stability,high
305,10166,right_eye,673.4,270.1,744.2,332.5,1001.8,427.6,1090.3,505.6,emotional_stability_high4_PHv6CzBIC5E.001.mp4,1280,720,30.0,459,emotional_stability,high
305,10166,nose,609.8,313.9,695.8,428.3,922.3,482.4,1029.8,625.3,emotional_stability_high4_PHv6CzBIC5E.001.mp4,1280,720,30.0,459,emotional_stability,high
305,10166,mouth,563.9,447.3,673.5,508.5,864.8,649.1,1001.9,725.6,emotional_stability_high4_PHv6CzBIC5E.001.mp4,1280,720,30.0,459,emotional_stability,high
305,10166,forehead,425.4,207.8,745.0,449.2,691.7,349.8,1091.2,651.4,emotional_stability_high4_PHv6CzBIC5E.001.mp4,1280,720,30.0,459,emotional_stability,high
305,10166,chin,425.4,335.5,709.3,556.2,691.7,509.3,1046.7,785.2,emotional_stability_high4_PHv6CzBIC5E.001.mp4,1280,720,30.0,459,emotional_stability,high
305,10166,left_cheek,475.8,348.5,599.8,474.8,754.7,525.6,909.8,683.5,emotional_stability_high4_PHv6CzBIC5E.001.mp4,1280,720,30.0,459,emotional_stability,high
305,10166,right_cheek,682.8,342.4,733.6,463.1,1013.5,518.0,1077.0,668.8,emotional_stability_high4_PHv6CzBIC5E.001.mp4,1280,720,30.0,459,emotional_stability,high
306,10200,left_eye,509.4,276.1,635.6,341.1,796.8,435.1,954.5,516.4,emotional_stability_high4_PHv6CzBIC5E.001.mp4,1280,720,30.0,459,emotional_stability,high
306,10200,right_eye,669.7,270.7,741.5,334.9,997.1,428.3,1086.9,508.6,emotional_stability_high4_PHv6CzBIC5E.001.mp4,1280,720,30.0,459,emotional_stability,high
306,10200,nose,609.7,314.5,694.5,428.2,922.2,483.1,1028.1,625.3,emotional_stability_high4_PHv6CzBIC5E.001.mp4,1280,720,30.0,459,emotional_stability,high
306,10200,mouth,563.0,445.8,673.5,508.7,863.7,647.2,1001.8,725.9,emotional_stability_high4_PHv6CzBIC5E.001.mp4,1280,720,30.0,459,emotional_stability,high
306,10200,forehead,425.3,208.2,742.2,449.9,691.7,350.3,1087.7,652.3,emotional_stability_high4_PHv6CzBIC5E.001.mp4,1280,720,30.0,459,emotional_stability,high
306,10200,chin,425.3,335.8,704.5,556.1,691.7,509.8,1040.6,785.1,emotional_stability_high4_PHv6CzBIC5E.001.mp4,1280,720,30.0,459,emotional_stability,high
306,10200,left_cheek,475.7,347.9,599.7,474.5,754.7,524.9,909.7,683.2,emotional_stability_high4_PHv6CzBIC5E.001.mp4,1280,720,30.0,459,emotional_stability,high
306,10200,right_cheek,681.0,345.5,729.4,464.3,1011.2,521.9,1071.8,670.4,emotional_stability_high4_PHv6CzBIC5E.001.mp4,1280,720,30.0,459,emotional_stability,high
307,10233,left_eye,506.6,275.1,632.2,340.9,793.2,433.9,950.2,516.2,emotional_stability_high4_PHv6CzBIC5E.001.mp4,1280,720,30.0,459,emotional_stability,high
307,10233,right_eye,669.4,270.3,741.4,334.7,996.7,427.9,1086.8,508.4,emotional_stability_high4_PHv6CzBIC5E.001.mp4,1280,720,30.0,459,emotional_stability,high
307,10233,nose,607.8,314.5,693.8,426.5,919.7,483.1,1027.3,623.1,emotional_stability_high4_PHv6CzBIC5E.001.mp4,1280,720,30.0,459,emotional_stability,high
307,10233,mouth,561.0,444.9,673.4,508.2,861.3,646.1,1001.8,725.3,emotional_stability_high4_PHv6CzBIC5E.001.mp4,1280,720,30.0,459,emotional_stability,high
307,10233,forehead,423.0,208.1,740.7,450.0,688.8,350.2,1085.9,652.4,emotional_stability_high4_PHv6CzBIC5E.001.mp4,1280,720,30.0,459,emotional_stability,high
307,10233,chin,423.0,335.6,702.8,556.2,688.8,509.5,1038.4,785.2,emotional_stability_high4_PHv6CzBIC5E.001.mp4,1280,720,30.0,459,emotional_stability,high
307,10233,left_cheek,475.1,347.3,597.6,474.3,753.8,524.2,907.0,682.9,emotional_stability_high4_PHv6CzBIC5E.001.mp4,1280,720,30.0,459,emotional_stability,high
307,10233,right_cheek,680.4,345.5,728.8,464.2,1010.4,521.8,1071.0,670.2,emotional_stability_high4_PHv6CzBIC5E.001.mp4,1280,720,30.0,459,emotional_stability,high
308,10266,left_eye,503.3,274.2,629.0,340.6,789.1,432.7,946.3,515.8,emotional_stability_high4_PHv6CzBIC5E.001.mp4,1280,720,30.0,459,emotional_stability,high
308,10266,right_eye,668.5,267.7,740.2,333.9,995.6,424.6,1085.3,507.4,emotional_stability_high4_PHv6CzBIC5E.001.mp4,1280,720,30.0,459,emotional_stability,high
308,10266,nose,605.9,313.5,692.9,424.8,917.4,481.9,1026.1,621.1,emotional_stability_high4_PHv6CzBIC5E.001.mp4,1280,720,30.0,459,emotional_stability,high
308,10266,mouth,560.0,443.9,672.9,505.2,860.0,644.9,1001.2,721.5,emotional_stability_high4_PHv6CzBIC5E.001.mp4,1280,720,30.0,459,emotional_stability,high
308,10266,forehead,420.7,207.6,737.8,450.8,685.9,349.5,1082.3,653.5,emotional_stability_high4_PHv6CzBIC5E.001.mp4,1280,720,30.0,459,emotional_stability,high
308,10266,chin,420.7,336.4,702.2,556.1,685.9,510.5,1037.8,785.2,emotional_stability_high4_PHv6CzBIC5E.001.mp4,1280,720,30.0,459,emotional_stability,high
308,10266,left_cheek,473.0,347.4,595.2,474.3,751.3,524.2,904.0,682.9,emotional_stability_high4_PHv6CzBIC5E.001.mp4,1280,720,30.0,459,emotional_stability,high
308,10266,right_cheek,679.4,344.1,728.2,462.9,1009.3,520.1,1070.2,668.7,emotional_stability_high4_PHv6CzBIC5E.001.mp4,1280,720,30.0,459,emotional_stability,high
309,10300,left_eye,503.2,274.1,629.0,341.1,789.0,432.6,946.3,516.4,emotional_stability_high4_PHv6CzBIC5E.001.mp4,1280,720,30.0,459,emotional_stability,high
309,10300,right_eye,666.3,267.8,739.4,334.6,992.9,424.8,1084.3,508.2,emotional_stability_high4_PHv6CzBIC5E.001.mp4,1280,720,30.0,459,emotional_stability,high
309,10300,nose,605.6,313.7,691.9,425.9,917.0,482.1,1024.9,622.4,emotional_stability_high4_PHv6CzBIC5E.001.mp4,1280,720,30.0,459,emotional_stability,high
309,10300,mouth,560.7,445.4,671.7,499.5,860.9,646.7,999.6,714.3,emotional_stability_high4_PHv6CzBIC5E.001.mp4,1280,720,30.0,459,emotional_stability,high
309,10300,forehead,420.8,208.1,737.5,450.7,686.0,350.1,1081.9,653.4,emotional_stability_high4_PHv6CzBIC5E.001.mp4,1280,720,30.0,459,emotional_stability,high
309,10300,chin,420.8,336.7,701.4,553.8,686.0,510.8,1036.8,782.3,emotional_stability_high4_PHv6CzBIC5E.001.mp4,1280,720,30.0,459,emotional_stability,high
309,10300,left_cheek,472.4,347.5,594.8,474.0,750.5,524.4,903.5,682.6,emotional_stability_high4_PHv6CzBIC5E.001.mp4,1280,720,30.0,459,emotional_stability,high
309,10300,right_cheek,678.1,344.1,726.1,461.9,1007.6,520.1,1067.6,667.3,emotional_stability_high4_PHv6CzBIC5E.001.mp4,1280,720,30.0,459,emotional_stability,high
310,10333,left_eye,503.6,274.0,628.7,341.3,789.5,432.6,945.9,516.7,emotional_stability_high4_PHv6CzBIC5E.001.mp4,1280,720,30.0,459,emotional_stability,high
310,10333,right_eye,665.5,267.9,737.8,335.4,991.8,424.9,1082.2,509.3,emotional_stability_high4_PHv6CzBIC5E.001.mp4,1280,720,30.0,459,emotional_stability,high
310,10333,nose,605.3,313.7,687.6,426.5,916.6,482.1,1019.5,623.2,emotional_stability_high4_PHv6CzBIC5E.001.mp4,1280,720,30.0,459,emotional_stability,high
310,10333,mouth,560.8,449.1,665.0,496.3,861.0,651.4,991.3,710.4,emotional_stability_high4_PHv6CzBIC5E.001.mp4,1280,720,30.0,459,emotional_stability,high
310,10333,forehead,421.1,208.1,737.2,448.2,686.3,350.1,1081.5,650.2,emotional_stability_high4_PHv6CzBIC5E.001.mp4,1280,720,30.0,459,emotional_stability,high
310,10333,chin,421.1,335.5,699.1,550.7,686.3,509.4,1033.9,778.4,emotional_stability_high4_PHv6CzBIC5E.001.mp4,1280,720,30.0,459,emotional_stability,high
310,10333,left_cheek,472.8,346.5,594.3,471.6,751.0,523.1,902.8,679.5,emotional_stability_high4_PHv6CzBIC5E.001.mp4,1280,720,30.0,459,emotional_stability,high
310,10333,right_cheek,675.0,345.0,723.6,461.9,1003.8,521.3,1064.6,667.4,emotional_stability_high4_PHv6CzBIC5E.001.mp4,1280,720,30.0,459,emotional_stability,high
311,10366,left_eye,503.5,274.1,628.3,341.3,789.4,432.6,945.4,516.6,emotional_stability_high4_PHv6CzBIC5E.001.mp4,1280,720,30.0,459,emotional_stability,high
311,10366,right_eye,665.1,267.9,737.7,335.3,991.4,424.9,1082.2,509.2,emotional_stability_high4_PHv6CzBIC5E.001.mp4,1280,720,30.0,459,emotional_stability,high
311,10366,nose,604.4,313.7,686.3,426.7,915.5,482.1,1017.9,623.4,emotional_stability_high4_PHv6CzBIC5E.001.mp4,1280,720,30.0,459,emotional_stability,high
311,10366,mouth,561.0,449.7,663.0,495.1,861.2,652.1,988.8,708.9,emotional_stability_high4_PHv6CzBIC5E.001.mp4,1280,720,30.0,459,emotional_stability,high
311,10366,forehead,421.3,208.3,737.4,444.3,686.6,350.4,1081.8,645.4,emotional_stability_high4_PHv6CzBIC5E.001.mp4,1280,720,30.0,459,emotional_stability,high
311,10366,chin,421.3,333.2,699.2,548.4,686.6,506.5,1034.0,775.4,emotional_stability_high4_PHv6CzBIC5E.001.mp4,1280,720,30.0,459,emotional_stability,high
311,10366,left_cheek,473.0,345.0,593.5,468.8,751.3,521.2,901.9,676.0,emotional_stability_high4_PHv6CzBIC5E.001.mp4,1280,720,30.0,459,emotional_stability,high
311,10366,right_cheek,674.1,344.8,723.3,460.9,1002.6,521.0,1064.2,666.1,emotional_stability_high4_PHv6CzBIC5E.001.mp4,1280,720,30.0,459,emotional_stability,high
312,10400,left_eye,500.9,274.0,627.7,341.7,786.1,432.5,944.6,517.2,emotional_stability_high4_PHv6CzBIC5E.001.mp4,1280,720,30.0,459,emotional_stability,high
312,10400,right_eye,664.5,268.0,738.0,336.6,990.6,425.0,1082.5,510.8,emotional_stability_high4_PHv6CzBIC5E.001.mp4,1280,720,30.0,459,emotional_stability,high
312,10400,nose,600.7,314.4,686.3,429.1,910.8,482.9,1017.9,626.3,emotional_stability_high4_PHv6CzBIC5E.001.mp4,1280,720,30.0,459,emotional_stability,high
312,10400,mouth,561.2,451.6,663.0,496.1,861.5,654.5,988.8,710.1,emotional_stability_high4_PHv6CzBIC5E.001.mp4,1280,720,30.0,459,emotional_stability,high
312,10400,forehead,416.5,208.4,737.5,443.7,680.6,350.5,1081.8,644.7,emotional_stability_high4_PHv6CzBIC5E.001.mp4,1280,720,30.0,459,emotional_stability,high
312,10400,chin,416.5,332.1,695.8,548.9,680.6,505.1,1029.7,776.1,emotional_stability_high4_PHv6CzBIC5E.001.mp4,1280,720,30.0,459,emotional_stability,high
312,10400,left_cheek,468.9,344.9,591.0,469.4,746.1,521.2,898.7,676.7,emotional_stability_high4_PHv6CzBIC5E.001.mp4,1280,720,30.0,459,emotional_stability,high
312,10400,right_cheek,673.4,345.3,722.5,462.3,1001.8,521.7,1063.1,667.8,emotional_stability_high4_PHv6CzBIC5E.001.mp4,1280,720,30.0,459,emotional_stability,high
313,10433,left_eye,502.5,275.2,627.9,341.7,788.2,434.0,944.9,517.1,emotional_stability_high4_PHv6CzBIC5E.001.mp4,1280,720,30.0,459,emotional_stability,high
313,10433,right_eye,664.5,268.4,739.2,336.5,990.7,425.5,1084.1,510.6,emotional_stability_high4_PHv6CzBIC5E.001.mp4,1280,720,30.0,459,emotional_stability,high
313,10433,nose,601.5,314.4,686.8,428.9,911.8,483.0,1018.5,626.2,emotional_stability_high4_PHv6CzBIC5E.001.mp4,1280,720,30.0,459,emotional_stability,high
313,10433,mouth,561.4,451.1,662.8,496.7,861.7,653.8,988.5,710.9,emotional_stability_high4_PHv6CzBIC5E.001.mp4,1280,720,30.0,459,emotional_stability,high
313,10433,forehead,424.1,208.7,739.4,444.7,690.2,350.9,1084.2,645.9,emotional_stability_high4_PHv6CzBIC5E.001.mp4,1280,720,30.0,459,emotional_stability,high
313,10433,chin,424.1,332.9,697.9,548.9,690.2,506.1,1032.4,776.2,emotional_stability_high4_PHv6CzBIC5E.001.mp4,1280,720,30.0,459,emotional_stability,high
313,10433,left_cheek,471.7,345.3,591.3,469.7,749.6,521.6,899.2,677.1,emotional_stability_high4_PHv6CzBIC5E.001.mp4,1280,720,30.0,459,emotional_stability,high
313,10433,right_cheek,673.9,345.3,722.8,462.0,1002.4,521.6,1063.4,667.5,emotional_stability_high4_PHv6CzBIC5E.001.mp4,1280,720,30.0,459,emotional_stability,high
314,10466,left_eye,498.9,276.1,626.9,343.9,783.6,435.1,943.7,519.9,emotional_stability_high4_PHv6CzBIC5E.001.mp4,1280,720,30.0,459,emotional_stability,high
314,10466,right_eye,660.4,270.2,735.2,338.0,985.5,427.8,1079.0,512.5,emotional_stability_high4_PHv6CzBIC5E.001.mp4,1280,720,30.0,459,emotional_stability,high
314,10466,nose,600.9,316.8,686.0,430.1,911.2,486.0,1017.5,627.7,emotional_stability_high4_PHv6CzBIC5E.001.mp4,1280,720,30.0,459,emotional_stability,high
314,10466,mouth,561.2,450.7,661.8,498.1,861.5,653.4,987.2,712.6,emotional_stability_high4_PHv6CzBIC5E.001.mp4,1280,720,30.0,459,emotional_stability,high
314,10466,forehead,408.6,211.6,733.2,445.4,670.8,354.5,1076.6,646.7,emotional_stability_high4_PHv6CzBIC5E.001.mp4,1280,720,30.0,459,emotional_stability,high
314,10466,chin,408.6,333.3,689.8,551.1,670.8,506.6,1022.3,778.9,emotional_stability_high4_PHv6CzBIC5E.001.mp4,1280,720,30.0,459,emotional_stability,high
314,10466,left_cheek,464.2,346.0,589.8,470.1,740.3,522.5,897.3,677.6,emotional_stability_high4_PHv6CzBIC5E.001.mp4,1280,720,30.0,459,emotional_stability,high
314,10466,right_cheek,670.7,346.1,717.4,462.8,998.4,522.6,1056.7,668.5,emotional_stability_high4_PHv6CzBIC5E.001.mp4,1280,720,30.0,459,emotional_stability,high
315,10500,left_eye,499.3,274.8,627.7,342.4,784.1,433.4,944.7,518.0,emotional_stability_high4_PHv6CzBIC5E.001.mp4,1280,720,30.0,459,emotional_stability,high
315,10500,right_eye,661.0,268.2,735.3,337.6,986.2,425.3,1079.2,512.0,emotional_stability_high4_PHv6CzBIC5E.001.mp4,1280,720,30.0,459,emotional_stability,high
315,10500,nose,601.6,315.1,686.3,429.9,912.0,483.9,1017.9,627.4,emotional_stability_high4_PHv6CzBIC5E.001.mp4,1280,720,30.0,459,emotional_stability,high
315,10500,mouth,561.3,450.4,662.5,498.3,861.6,653.0,988.1,712.9,emotional_stability_high4_PHv6CzBIC5E.001.mp4,1280,720,30.0,459,emotional_stability,high
315,10500,forehead,411.8,209.2,734.0,445.4,674.8,351.5,1077.5,646.8,emotional_stability_high4_PHv6CzBIC5E.001.mp4,1280,720,30.0,459,emotional_stability,high
315,10500,chin,411.8,333.5,689.5,550.5,674.8,506.9,1021.9,778.1,emotional_stability_high4_PHv6CzBIC5E.001.mp4,1280,720,30.0,459,emotional_stability,high
315,10500,left_cheek,465.6,346.1,590.0,470.7,742.0,522.6,897.5,678.4,emotional_stability_high4_PHv6CzBIC5E.001.mp4,1280,720,30.0,459,emotional_stability,high
315,10500,right_cheek,670.7,345.0,717.1,462.8,998.4,521.3,1056.3,668.5,emotional_stability_high4_PHv6CzBIC5E.001.mp4,1280,720,30.0,459,emotional_stability,high
316,10533,left_eye,500.0,274.9,627.8,342.4,785.0,433.6,944.8,518.0,emotional_stability_high4_PHv6CzBIC5E.001.mp4,1280,720,30.0,459,emotional_stability,high
316,10533,right_eye,661.4,268.1,735.6,337.3,986.7,425.1,1079.4,511.7,emotional_stability_high4_PHv6CzBIC5E.001.mp4,1280,720,30.0,459,emotional_stability,high
316,10533,nose,601.6,315.1,688.1,430.2,912.0,483.9,1020.1,627.8,emotional_stability_high4_PHv6CzBIC5E.001.mp4,1280,720,30.0,459,emotional_stability,high
316,10533,mouth,561.7,450.6,662.7,498.1,862.2,653.3,988.3,712.6,emotional_stability_high4_PHv6CzBIC5E.001.mp4,1280,720,30.0,459,emotional_stability,high
316,10533,forehead,412.7,209.3,733.4,445.7,675.9,351.6,1076.8,647.1,emotional_stability_high4_PHv6CzBIC5E.001.mp4,1280,720,30.0,459,emotional_stability,high
316,10533,chin,412.7,334.5,691.4,550.7,675.9,508.1,1024.2,778.4,emotional_stability_high4_PHv6CzBIC5E.001.mp4,1280,720,30.0,459,emotional_stability,high
316,10533,left_cheek,466.9,346.8,590.6,471.0,743.7,523.5,898.2,678.7,emotional_stability_high4_PHv6CzBIC5E.001.mp4,1280,720,30.0,459,emotional_stability,high
316,10533,right_cheek,671.8,344.9,718.3,462.7,999.7,521.2,1057.9,668.3,emotional_stability_high4_PHv6CzBIC5E.001.mp4,1280,720,30.0,459,emotional_stability,high
317,10566,left_eye,500.3,275.7,627.7,342.9,785.4,434.6,944.7,518.6,emotional_stability_high4_PHv6CzBIC5E.001.mp4,1280,720,30.0,459,emotional_stability,high
317,10566,right_eye,662.4,266.9,735.7,336.5,988.0,423.6,1079.6,510.6,emotional_stability_high4_PHv6CzBIC5E.001.mp4,1280,720,30.0,459,emotional_stability,high
317,10566,nose,601.7,315.0,688.3,429.9,912.2,483.7,1020.4,627.3,emotional_stability_high4_PHv6CzBIC5E.001.mp4,1280,720,30.0,459,emotional_stability,high
317,10566,mouth,561.8,449.9,662.8,498.1,862.2,652.4,988.5,712.6,emotional_stability_high4_PHv6CzBIC5E.001.mp4,1280,720,30.0,459,emotional_stability,high
317,10566,forehead,420.1,209.3,733.8,446.6,685.1,351.6,1077.3,648.3,emotional_stability_high4_PHv6CzBIC5E.001.mp4,1280,720,30.0,459,emotional_stability,high
317,10566,chin,420.1,336.9,692.5,550.6,685.1,511.1,1025.6,778.2,emotional_stability_high4_PHv6CzBIC5E.001.mp4,1280,720,30.0,459,emotional_stability,high
317,10566,left_cheek,471.0,348.3,590.7,471.5,748.8,525.4,898.4,679.3,emotional_stability_high4_PHv6CzBIC5E.001.mp4,1280,720,30.0,459,emotional_stability,high
317,10566,right_cheek,672.4,343.1,718.9,460.4,1000.5,518.8,1058.6,665.5,emotional_stability_high4_PHv6CzBIC5E.001.mp4,1280,720,30.0,459,emotional_stability,high
318,10600,left_eye,500.4,276.2,626.5,344.0,785.5,435.3,943.1,520.0,emotional_stability_high4_PHv6CzBIC5E.001.mp4,1280,720,30.0,459,emotional_stability,high
318,10600,right_eye,661.1,267.4,734.9,336.6,986.3,424.2,1078.6,510.8,emotional_stability_high4_PHv6CzBIC5E.001.mp4,1280,720,30.0,459,emotional_stability,high
318,10600,nose,601.5,315.8,686.7,431.0,911.8,484.8,1018.4,628.8,emotional_stability_high4_PHv6CzBIC5E.001.mp4,1280,720,30.0,459,emotional_stability,high
318,10600,mouth,561.8,449.8,662.9,498.1,862.2,652.3,988.7,712.6,emotional_stability_high4_PHv6CzBIC5E.001.mp4,1280,720,30.0,459,emotional_stability,high
318,10600,forehead,420.5,209.4,733.1,446.8,685.6,351.8,1076.4,648.5,emotional_stability_high4_PHv6CzBIC5E.001.mp4,1280,720,30.0,459,emotional_stability,high
318,10600,chin,420.5,336.3,692.7,551.4,685.6,510.4,1025.9,779.3,emotional_stability_high4_PHv6CzBIC5E.001.mp4,1280,720,30.0,459,emotional_stability,high
318,10600,left_cheek,471.1,348.5,590.7,471.9,748.9,525.6,898.4,679.9,emotional_stability_high4_PHv6CzBIC5E.001.mp4,1280,720,30.0,459,emotional_stability,high
318,10600,right_cheek,671.9,343.1,719.4,460.6,999.9,518.8,1059.3,665.8,emotional_stability_high4_PHv6CzBIC5E.001.mp4,1280,720,30.0,459,emotional_stability,high
319,10633,left_eye,500.4,276.4,625.6,343.9,785.5,435.4,942.0,519.9,emotional_stability_high4_PHv6CzBIC5E.001.mp4,1280,720,30.0,459,emotional_stability,high
319,10633,right_eye,661.5,267.1,734.7,335.6,986.9,423.9,1078.4,509.5,emotional_stability_high4_PHv6CzBIC5E.001.mp4,1280,720,30.0,459,emotional_stability,high
319,10633,nose,601.6,315.8,686.0,430.5,912.0,484.7,1017.5,628.1,emotional_stability_high4_PHv6CzBIC5E.001.mp4,1280,720,30.0,459,emotional_stability,high
319,10633,mouth,561.3,448.9,663.1,497.6,861.7,651.1,988.9,712.0,emotional_stability_high4_PHv6CzBIC5E.001.mp4,1280,720,30.0,459,emotional_stability,high
319,10633,forehead,420.9,209.3,733.4,446.9,686.1,351.6,1076.7,648.6,emotional_stability_high4_PHv6CzBIC5E.001.mp4,1280,720,30.0,459,emotional_stability,high
319,10633,chin,420.9,336.3,695.3,551.3,686.1,510.4,1029.1,779.2,emotional_stability_high4_PHv6CzBIC5E.001.mp4,1280,720,30.0,459,emotional_stability,high
319,10633,left_cheek,471.4,348.6,590.9,472.0,749.2,525.7,898.6,680.0,emotional_stability_high4_PHv6CzBIC5E.001.mp4,1280,720,30.0,459,emotional_stability,high
319,10633,right_cheek,672.2,342.4,720.4,460.4,1000.2,517.9,1060.5,665.5,emotional_stability_high4_PHv6CzBIC5E.001.mp4,1280,720,30.0,459,emotional_stability,high
320,10666,left_eye,500.5,276.8,625.2,344.1,785.6,436.0,941.6,520.2,emotional_stability_high4_PHv6CzBIC5E.001.mp4,1280,720,30.0,459,emotional_stability,high
320,10666,right_eye,660.8,267.1,734.8,335.6,986.0,423.9,1078.5,509.5,emotional_stability_high4_PHv6CzBIC5E.001.mp4,1280,720,30.0,459,emotional_stability,high
320,10666,nose,601.2,315.7,684.6,430.3,911.5,484.6,1015.8,627.9,emotional_stability_high4_PHv6CzBIC5E.001.mp4,1280,720,30.0,459,emotional_stability,high
320,10666,mouth,562.0,448.4,663.2,497.2,862.6,650.6,989.0,711.6,emotional_stability_high4_PHv6CzBIC5E.001.mp4,1280,720,30.0,459,emotional_stability,high
320,10666,forehead,423.2,208.9,733.6,447.5,689.0,351.1,1076.9,649.3,emotional_stability_high4_PHv6CzBIC5E.001.mp4,1280,720,30.0,459,emotional_stability,high
320,10666,chin,423.2,336.5,695.2,551.3,689.0,510.6,1029.0,779.1,emotional_stability_high4_PHv6CzBIC5E.001.mp4,1280,720,30.0,459,emotional_stability,high
320,10666,left_cheek,472.6,348.7,590.9,472.2,750.8,525.9,898.6,680.2,emotional_stability_high4_PHv6CzBIC5E.001.mp4,1280,720,30.0,459,emotional_stability,high
320,10666,right_cheek,671.8,342.4,720.6,460.4,999.8,518.0,1060.8,665.6,emotional_stability_high4_PHv6CzBIC5E.001.mp4,1280,720,30.0,459,emotional_stability,high
321,10700,left_eye,499.6,277.1,624.2,344.1,784.5,436.4,940.2,520.2,emotional_stability_high4_PHv6CzBIC5E.001.mp4,1280,720,30.0,459,emotional_stability,high
321,10700,right_eye,660.3,267.5,734.5,335.6,985.4,424.4,1078.2,509.5,emotional_stability_high4_PHv6CzBIC5E.001.mp4,1280,720,30.0,459,emotional_stability,high
321,10700,nose,600.6,315.7,684.3,430.0,910.7,484.6,1015.3,627.5,emotional_stability_high4_PHv6CzBIC5E.001.mp4,1280,720,30.0,459,emotional_stability,high
321,10700,mouth,562.8,447.4,664.4,496.3,863.5,649.2,990.5,710.4,emotional_stability_high4_PHv6CzBIC5E.001.mp4,1280,720,30.0,459,emotional_stability,high
321,10700,forehead,422.8,208.6,733.5,449.5,688.5,350.7,1076.8,651.9,emotional_stability_high4_PHv6CzBIC5E.001.mp4,1280,720,30.0,459,emotional_stability,high
321,10700,chin,422.8,337.3,695.6,552.1,688.5,511.7,1029.4,780.1,emotional_stability_high4_PHv6CzBIC5E.001.mp4,1280,720,30.0,459,emotional_stability,high
321,10700,left_cheek,472.6,349.0,590.3,472.9,750.8,526.3,897.9,681.2,emotional_stability_high4_PHv6CzBIC5E.001.mp4,1280,720,30.0,459,emotional_stability,high
321,10700,right_cheek,671.8,343.2,721.0,461.9,999.8,519.0,1061.3,667.3,emotional_stability_high4_PHv6CzBIC5E.001.mp4,1280,720,30.0,459,emotional_stability,high
322,10733,left_eye,498.6,276.9,624.1,343.6,783.2,436.1,940.2,519.5,emotional_stability_high4_PHv6CzBIC5E.001.mp4,1280,720,30.0,459,emotional_stability,high
322,10733,right_eye,660.3,267.1,734.6,335.0,985.3,423.9,1078.3,508.7,emotional_stability_high4_PHv6CzBIC5E.001.mp4,1280,720,30.0,459,emotional_stability,high
322,10733,nose,600.7,314.3,684.5,427.9,910.9,482.9,1015.6,624.8,emotional_stability_high4_PHv6CzBIC5E.001.mp4,1280,720,30.0,459,emotional_stability,high
322,10733,mouth,563.1,446.0,666.4,491.8,863.8,647.5,993.0,704.7,emotional_stability_high4_PHv6CzBIC5E.001.mp4,1280,720,30.0,459,emotional_stability,high
322,10733,forehead,418.9,206.8,733.5,454.0,683.7,348.5,1076.9,657.5,emotional_stability_high4_PHv6CzBIC5E.001.mp4,1280,720,30.0,459,emotional_stability,high
322,10733,chin,418.9,339.6,695.2,552.1,683.7,514.5,1029.0,780.1,emotional_stability_high4_PHv6CzBIC5E.001.mp4,1280,720,30.0,459,emotional_stability,high
322,10733,left_cheek,470.7,349.1,590.4,473.2,748.3,526.3,898.0,681.5,emotional_stability_high4_PHv6CzBIC5E.001.mp4,1280,720,30.0,459,emotional_stability,high
322,10733,right_cheek,671.9,343.5,721.7,462.2,999.9,519.4,1062.2,667.8,emotional_stability_high4_PHv6CzBIC5E.001.mp4,1280,720,30.0,459,emotional_stability,high
323,10766,left_eye,498.8,277.1,624.2,343.5,783.5,436.4,940.2,519.4,emotional_stability_high4_PHv6CzBIC5E.001.mp4,1280,720,30.0,459,emotional_stability,high
323,10766,right_eye,660.4,267.4,734.5,335.2,985.4,424.2,1078.2,509.0,emotional_stability_high4_PHv6CzBIC5E.001.mp4,1280,720,30.0,459,emotional_stability,high
323,10766,nose,600.8,314.3,684.7,426.9,911.1,482.9,1015.9,623.7,emotional_stability_high4_PHv6CzBIC5E.001.mp4,1280,720,30.0,459,emotional_stability,high
323,10766,mouth,565.0,445.9,666.5,491.0,866.2,647.4,993.1,703.8,emotional_stability_high4_PHv6CzBIC5E.001.mp4,1280,720,30.0,459,emotional_stability,high
323,10766,forehead,420.1,206.8,733.5,454.0,685.1,348.5,1076.9,657.6,emotional_stability_high4_PHv6CzBIC5E.001.mp4,1280,720,30.0,459,emotional_stability,high
323,10766,chin,420.1,340.5,694.9,552.0,685.1,515.7,1028.6,780.0,emotional_stability_high4_PHv6CzBIC5E.001.mp4,1280,720,30.0,459,emotional_stability,high
323,10766,left_cheek,471.0,349.1,590.5,473.2,748.7,526.4,898.1,681.5,emotional_stability_high4_PHv6CzBIC5E.001.mp4,1280,720,30.0,459,emotional_stability,high
323,10766,right_cheek,672.0,344.6,721.8,463.0,1000.0,520.7,1062.2,668.7,emotional_stability_high4_PHv6CzBIC5E.001.mp4,1280,720,30.0,459,emotional_stability,high
324,10800,left_eye,497.0,278.9,622.4,343.5,781.2,438.7,938.0,519.4,emotional_stability_high4_PHv6CzBIC5E.001.mp4,1280,720,30.0,459,emotional_stability,high
324,10800,right_eye,660.5,267.4,734.8,335.0,985.6,424.3,1078.4,508.8,emotional_stability_high4_PHv6CzBIC5E.001.mp4,1280,720,30.0,459,emotional_stability,high
324,10800,nose,600.4,314.3,685.8,426.5,910.5,482.9,1017.2,623.1,emotional_stability_high4_PHv6CzBIC5E.001.mp4,1280,720,30.0,459,emotional_stability,high
324,10800,mouth,566.0,446.0,669.9,491.7,867.5,647.4,997.4,704.6,emotional_stability_high4_PHv6CzBIC5E.001.mp4,1280,720,30.0,459,emotional_stability,high
324,10800,forehead,419.9,207.1,733.6,456.3,684.9,348.9,1077.0,660.4,emotional_stability_high4_PHv6CzBIC5E.001.mp4,1280,720,30.0,459,emotional_stability,high
324,10800,chin,419.9,342.4,699.6,553.2,684.9,518.0,1034.5,781.5,emotional_stability_high4_PHv6CzBIC5E.001.mp4,1280,720,30.0,459,emotional_stability,high
324,10800,left_cheek,471.1,350.7,590.0,475.1,748.8,528.4,897.6,683.8,emotional_stability_high4_PHv6CzBIC5E.001.mp4,1280,720,30.0,459,emotional_stability,high
324,10800,right_cheek,672.4,343.7,725.1,462.9,1000.5,519.6,1066.4,668.7,emotional_stability_high4_PHv6CzBIC5E.001.mp4,1280,720,30.0,459,emotional_stability,high
325,10833,left_eye,497.2,278.8,622.7,343.3,781.4,438.5,938.4,519.1,emotional_stability_high4_PHv6CzBIC5E.001.mp4,1280,720,30.0,459,emotional_stability,high
325,10833,right_eye,661.0,268.2,735.8,335.2,986.3,425.3,1079.8,509.0,emotional_stability_high4_PHv6CzBIC5E.001.mp4,1280,720,30.0,459,emotional_stability,high
325,10833,nose,600.4,314.5,686.5,426.5,910.5,483.1,1018.1,623.2,emotional_stability_high4_PHv6CzBIC5E.001.mp4,1280,720,30.0,459,emotional_stability,high
325,10833,mouth,569.8,446.1,671.1,493.8,872.2,647.6,998.9,707.2,emotional_stability_high4_PHv6CzBIC5E.001.mp4,1280,720,30.0,459,emotional_stability,high
325,10833,forehead,420.8,207.3,735.3,456.0,686.0,349.1,1079.1,660.0,emotional_stability_high4_PHv6CzBIC5E.001.mp4,1280,720,30.0,459,emotional_stability,high
325,10833,chin,420.8,342.2,702.3,553.1,686.0,517.8,1037.9,781.4,emotional_stability_high4_PHv6CzBIC5E.001.mp4,1280,720,30.0,459,emotional_stability,high
325,10833,left_cheek,472.1,351.0,590.1,475.7,750.1,528.7,897.7,684.6,emotional_stability_high4_PHv6CzBIC5E.001.mp4,1280,720,30.0,459,emotional_stability,high
325,10833,right_cheek,673.3,343.7,726.4,463.2,1001.6,519.6,1068.0,668.9,emotional_stability_high4_PHv6CzBIC5E.001.mp4,1280,720,30.0,459,emotional_stability,high
326,10866,left_eye,495.6,279.2,622.0,343.3,779.4,439.1,937.5,519.1,emotional_stability_high4_PHv6CzBIC5E.001.mp4,1280,720,30.0,459,emotional_stability,high
326,10866,right_eye,662.1,268.1,737.5,334.7,987.6,425.1,1081.8,508.4,emotional_stability_high4_PHv6CzBIC5E.001.mp4,1280,720,30.0,459,emotional_stability,high
326,10866,nose,600.5,314.6,688.1,426.5,910.6,483.3,1020.2,623.2,emotional_stability_high4_PHv6CzBIC5E.001.mp4,1280,720,30.0,459,emotional_stability,high
326,10866,mouth,569.9,446.1,673.4,496.7,872.3,647.6,1001.7,710.8,emotional_stability_high4_PHv6CzBIC5E.001.mp4,1280,720,30.0,459,emotional_stability,high
326,10866,forehead,420.9,207.6,736.0,456.2,686.1,349.5,1080.0,660.2,emotional_stability_high4_PHv6CzBIC5E.001.mp4,1280,720,30.0,459,emotional_stability,high
326,10866,chin,420.9,338.8,706.0,553.8,686.1,513.4,1042.5,782.3,emotional_stability_high4_PHv6CzBIC5E.001.mp4,1280,720,30.0,459,emotional_stability,high
326,10866,left_cheek,472.0,351.5,590.1,477.1,750.0,529.4,897.7,686.3,emotional_stability_high4_PHv6CzBIC5E.001.mp4,1280,720,30.0,459,emotional_stability,high
326,10866,right_cheek,674.6,342.0,728.9,463.0,1003.3,517.5,1071.1,668.8,emotional_stability_high4_PHv6CzBIC5E.001.mp4,1280,720,30.0,459,emotional_stability,high
327,10900,left_eye,495.8,279.7,622.2,343.3,779.7,439.6,937.8,519.1,emotional_stability_high4_PHv6CzBIC5E.001.mp4,1280,720,30.0,459,emotional_stability,high
327,10900,right_eye,662.2,269.1,737.5,335.3,987.8,426.4,1081.9,509.1,emotional_stability_high4_PHv6CzBIC5E.001.mp4,1280,720,30.0,459,emotional_stability,high
327,10900,nose,600.8,315.1,688.5,426.6,911.0,483.9,1020.6,623.2,emotional_stability_high4_PHv6CzBIC5E.001.mp4,1280,720,30.0,459,emotional_stability,high
327,10900,mouth,571.8,446.1,674.4,498.4,874.7,647.7,1003.0,713.0,emotional_stability_high4_PHv6CzBIC5E.001.mp4,1280,720,30.0,459,emotional_stability,high
327,10900,forehead,425.4,207.9,736.6,455.8,691.7,349.9,1080.7,659.8,emotional_stability_high4_PHv6CzBIC5E.001.mp4,1280,720,30.0,459,emotional_stability,high
327,10900,chin,425.4,338.8,707.0,553.9,691.7,513.5,1043.7,782.4,emotional_stability_high4_PHv6CzBIC5E.001.mp4,1280,720,30.0,459,emotional_stability,high
327,10900,left_cheek,474.6,351.7,590.6,477.2,753.2,529.6,898.3,686.5,emotional_stability_high4_PHv6CzBIC5E.001.mp4,1280,720,30.0,459,emotional_stability,high
327,10900,right_cheek,675.0,342.0,729.0,463.3,1003.8,517.5,1071.2,669.1,emotional_stability_high4_PHv6CzBIC5E.001.mp4,1280,720,30.0,459,emotional_stability,high
328,10933,left_eye,496.1,278.6,621.7,342.4,780.1,438.2,937.1,518.0,emotional_stability_high4_PHv6CzBIC5E.001.mp4,1280,720,30.0,459,emotional_stability,high
328,10933,right_eye,662.0,269.1,737.1,334.5,987.5,426.3,1081.3,508.2,emotional_stability_high4_PHv6CzBIC5E.001.mp4,1280,720,30.0,459,emotional_stability,high
328,10933,nose,600.8,314.6,688.5,426.0,911.1,483.3,1020.6,622.5,emotional_stability_high4_PHv6CzBIC5E.001.mp4,1280,720,30.0,459,emotional_stability,high
328,10933,mouth,572.3,445.4,674.2,498.3,875.4,646.8,1002.7,712.8,emotional_stability_high4_PHv6CzBIC5E.001.mp4,1280,720,30.0,459,emotional_stability,high
328,10933,forehead,425.2,207.1,735.8,455.8,691.5,348.9,1079.8,659.7,emotional_stability_high4_PHv6CzBIC5E.001.mp4,1280,720,30.0,459,emotional_stability,high
328,10933,chin,425.2,338.0,705.9,553.9,691.5,512.5,1042.3,782.3,emotional_stability_high4_PHv6CzBIC5E.001.mp4,1280,720,30.0,459,emotional_stability,high
328,10933,left_cheek,474.7,351.7,590.7,477.0,753.3,529.6,898.4,686.3,emotional_stability_high4_PHv6CzBIC5E.001.mp4,1280,720,30.0,459,emotional_stability,high
328,10933,right_cheek,675.0,341.5,728.5,463.0,1003.7,516.8,1070.6,668.8,emotional_stability_high4_PHv6CzBIC5E.001.mp4,1280,720,30.0,459,emotional_stability,high
329,10966,left_eye,497.4,278.6,622.5,342.5,781.8,438.2,938.2,518.1,emotional_stability_high4_PHv6CzBIC5E.001.mp4,1280,720,30.0,459,emotional_stability,high
329,10966,right_eye,662.4,270.0,737.6,335.6,988.0,427.6,1082.0,509.4,emotional_stability_high4_PHv6CzBIC5E.001.mp4,1280,720,30.0,459,emotional_stability,high
329,10966,nose,600.9,314.9,688.9,426.0,911.1,483.6,1021.1,622.5,emotional_stability_high4_PHv6CzBIC5E.001.mp4,1280,720,30.0,459,emotional_stability,high
329,10966,mouth,573.3,445.3,674.4,498.2,876.6,646.7,1003.1,712.7,emotional_stability_high4_PHv6CzBIC5E.001.mp4,1280,720,30.0,459,emotional_stability,high
329,10966,forehead,426.7,207.2,736.7,455.6,693.3,348.9,1080.9,659.5,emotional_stability_high4_PHv6CzBIC5E.001.mp4,1280,720,30.0,459,emotional_stability,high
329,10966,chin,426.7,338.2,705.8,553.8,693.3,512.8,1042.3,782.3,emotional_stability_high4_PHv6CzBIC5E.001.mp4,1280,720,30.0,459,emotional_stability,high
329,10966,left_cheek,475.9,351.6,591.1,476.9,754.9,529.5,898.9,686.1,emotional_stability_high4_PHv6CzBIC5E.001.mp4,1280,720,30.0,459,emotional_stability,high
329,10966,right_cheek,675.3,342.0,728.3,463.3,1004.1,517.5,1070.4,669.1,emotional_stability_high4_PHv6CzBIC5E.001.mp4,1280,720,30.0,459,emotional_stability,high
330,11000,left_eye,496.9,276.5,622.6,341.8,781.1,435.6,938.2,517.2,emotional_stability_high4_PHv6CzBIC5E.001.mp4,1280,720,30.0,459,emotional_stability,high
330,11000,right_eye,662.4,270.0,737.6,335.4,987.9,427.5,1082.0,509.3,emotional_stability_high4_PHv6CzBIC5E.001.mp4,1280,720,30.0,459,emotional_stability,high
330,11000,nose,600.9,314.6,688.9,425.8,911.1,483.3,1021.1,622.2,emotional_stability_high4_PHv6CzBIC5E.001.mp4,1280,720,30.0,459,emotional_stability,high
330,11000,mouth,573.0,444.9,674.2,498.1,876.2,646.2,1002.7,712.6,emotional_stability_high4_PHv6CzBIC5E.001.mp4,1280,720,30.0,459,emotional_stability,high
330,11000,forehead,421.1,206.2,736.5,454.8,686.3,347.8,1080.7,658.5,emotional_stability_high4_PHv6CzBIC5E.001.mp4,1280,720,30.0,459,emotional_stability,high
330,11000,chin,421.1,338.1,705.2,553.8,686.3,512.6,1041.6,782.3,emotional_stability_high4_PHv6CzBIC5E.001.mp4,1280,720,30.0,459,emotional_stability,high
330,11000,left_cheek,473.9,350.5,591.1,476.6,752.3,528.1,898.9,685.8,emotional_stability_high4_PHv6CzBIC5E.001.mp4,1280,720,30.0,459,emotional_stability,high
330,11000,right_cheek,675.3,342.0,728.1,463.3,1004.1,517.4,1070.2,669.1,emotional_stability_high4_PHv6CzBIC5E.001.mp4,1280,720,30.0,459,emotional_stability,high
331,11033,left_eye,497.8,275.9,623.5,340.8,782.3,434.9,939.4,516.0,emotional_stability_high4_PHv6CzBIC5E.001.mp4,1280,720,30.0,459,emotional_stability,high
331,11033,right_eye,663.7,269.5,738.3,334.8,989.7,426.9,1082.9,508.5,emotional_stability_high4_PHv6CzBIC5E.001.mp4,1280,720,30.0,459,emotional_stability,high
331,11033,nose,601.8,313.8,689.5,424.3,912.2,482.3,1021.9,620.3,emotional_stability_high4_PHv6CzBIC5E.001.mp4,1280,720,30.0,459,emotional_stability,high
331,11033,mouth,573.5,443.2,674.2,497.3,876.9,644.0,1002.8,711.7,emotional_stability_high4_PHv6CzBIC5E.001.mp4,1280,720,30.0,459,emotional_stability,high
331,11033,forehead,421.7,205.7,737.5,455.0,687.1,347.1,1081.9,658.7,emotional_stability_high4_PHv6CzBIC5E.001.mp4,1280,720,30.0,459,emotional_stability,high
331,11033,chin,421.7,337.7,705.4,553.8,687.1,512.1,1041.8,782.2,emotional_stability_high4_PHv6CzBIC5E.001.mp4,1280,720,30.0,459,emotional_stability,high
331,11033,left_cheek,474.2,350.4,591.9,476.4,752.7,528.0,899.8,685.5,emotional_stability_high4_PHv6CzBIC5E.001.mp4,1280,720,30.0,459,emotional_stability,high
331,11033,right_cheek,676.0,341.3,728.6,462.4,1004.9,516.6,1070.7,668.0,emotional_stability_high4_PHv6CzBIC5E.001.mp4,1280,720,30.0,459,emotional_stability,high
332,11066,left_eye,498.9,272.6,625.2,340.2,783.6,430.7,941.5,515.3,emotional_stability_high4_PHv6CzBIC5E.001.mp4,1280,720,30.0,459,emotional_stability,high
332,11066,right_eye,663.7,269.8,738.7,335.0,989.7,427.3,1083.4,508.7,emotional_stability_high4_PHv6CzBIC5E.001.mp4,1280,720,30.0,459,emotional_stability,high
332,11066,nose,602.3,313.5,690.4,424.4,912.9,481.8,1023.0,620.5,emotional_stability_high4_PHv6CzBIC5E.001.mp4,1280,720,30.0,459,emotional_stability,high
332,11066,mouth,573.2,443.1,674.5,495.4,876.5,643.9,1003.2,709.3,emotional_stability_high4_PHv6CzBIC5E.001.mp4,1280,720,30.0,459,emotional_stability,high
332,11066,forehead,421.7,204.7,738.5,454.5,687.1,345.9,1083.1,658.2,emotional_stability_high4_PHv6CzBIC5E.001.mp4,1280,720,30.0,459,emotional_stability,high
332,11066,chin,421.7,339.3,705.2,553.6,687.1,514.1,1041.5,782.0,emotional_stability_high4_PHv6CzBIC5E.001.mp4,1280,720,30.0,459,emotional_stability,high
332,11066,left_cheek,474.2,348.7,592.2,475.5,752.8,525.8,900.2,684.3,emotional_stability_high4_PHv6CzBIC5E.001.mp4,1280,720,30.0,459,emotional_stability,high
332,11066,right_cheek,676.4,343.8,728.5,463.9,1005.5,519.7,1070.6,669.9,emotional_stability_high4_PHv6CzBIC5E.001.mp4,1280,720,30.0,459,emotional_stability,high
333,11100,left_eye,499.3,273.1,625.1,340.2,784.1,431.4,941.4,515.2,emotional_stability_high4_PHv6CzBIC5E.001.mp4,1280,720,30.0,459,emotional_stability,high
333,11100,right_eye,664.4,269.9,739.7,334.8,990.5,427.4,1084.7,508.5,emotional_stability_high4_PHv6CzBIC5E.001.mp4,1280,720,30.0,459,emotional_stability,high
333,11100,nose,602.5,313.4,690.4,424.5,913.1,481.8,1023.0,620.6,emotional_stability_high4_PHv6CzBIC5E.001.mp4,1280,720,30.0,459,emotional_stability,high
333,11100,mouth,574.2,443.3,675.5,494.4,877.7,644.1,1004.3,708.0,emotional_stability_high4_PHv6CzBIC5E.001.mp4,1280,720,30.0,459,emotional_stability,high
333,11100,forehead,425.7,204.8,739.5,454.8,692.1,346.0,1084.4,658.4,emotional_stability_high4_PHv6CzBIC5E.001.mp4,1280,720,30.0,459,emotional_stability,high
333,11100,chin,425.7,339.8,708.2,553.5,692.1,514.7,1045.3,781.9,emotional_stability_high4_PHv6CzBIC5E.001.mp4,1280,720,30.0,459,emotional_stability,high
333,11100,left_cheek,475.1,348.7,592.3,475.5,753.9,525.9,900.4,684.3,emotional_stability_high4_PHv6CzBIC5E.001.mp4,1280,720,30.0,459,emotional_stability,high
333,11100,right_cheek,676.7,343.8,730.7,464.0,1005.8,519.7,1073.3,670.0,emotional_stability_high4_PHv6CzBIC5E.001.mp4,1280,720,30.0,459,emotional_stability,high
334,11133,left_eye,498.8,271.8,625.3,340.1,783.6,429.8,941.7,515.2,emotional_stability_high4_PHv6CzBIC5E.001.mp4,1280,720,30.0,459,emotional_stability,high
334,11133,right_eye,664.0,269.7,739.6,334.8,990.0,427.1,1084.5,508.5,emotional_stability_high4_PHv6CzBIC5E.001.mp4,1280,720,30.0,459,emotional_stability,high
334,11133,nose,602.5,313.2,690.6,424.5,913.2,481.5,1023.2,620.7,emotional_stability_high4_PHv6CzBIC5E.001.mp4,1280,720,30.0,459,emotional_stability,high
334,11133,mouth,573.9,443.4,675.3,494.1,877.4,644.2,1004.1,707.7,emotional_stability_high4_PHv6CzBIC5E.001.mp4,1280,720,30.0,459,emotional_stability,high
334,11133,forehead,417.8,203.6,739.4,454.8,682.2,344.5,1084.3,658.4,emotional_stability_high4_PHv6CzBIC5E.001.mp4,1280,720,30.0,459,emotional_stability,high
334,11133,chin,417.8,339.6,705.7,553.6,682.2,514.5,1042.2,782.0,emotional_stability_high4_PHv6CzBIC5E.001.mp4,1280,720,30.0,459,emotional_stability,high
334,11133,left_cheek,472.5,348.5,592.3,475.4,750.6,525.6,900.4,684.3,emotional_stability_high4_PHv6CzBIC5E.001.mp4,1280,720,30.0,459,emotional_stability,high
334,11133,right_cheek,676.7,344.0,730.3,464.4,1005.8,520.0,1072.9,670.5,emotional_stability_high4_PHv6CzBIC5E.001.mp4,1280,720,30.0,459,emotional_stability,high
335,11166,left_eye,499.8,274.9,625.6,340.4,784.8,433.6,942.0,515.5,emotional_stability_high4_PHv6CzBIC5E.001.mp4,1280,720,30.0,459,emotional_stability,high
335,11166,right_eye,664.0,269.7,738.8,334.8,990.0,427.2,1083.5,508.5,emotional_stability_high4_PHv6CzBIC5E.001.mp4,1280,720,30.0,459,emotional_stability,high
335,11166,nose,603.9,313.3,690.9,424.6,914.9,481.7,1023.6,620.7,emotional_stability_high4_PHv6CzBIC5E.001.mp4,1280,720,30.0,459,emotional_stability,high
335,11166,mouth,574.2,443.4,675.2,493.5,877.7,644.3,1004.0,706.9,emotional_stability_high4_PHv6CzBIC5E.001.mp4,1280,720,30.0,459,emotional_stability,high
335,11166,forehead,420.0,204.5,737.7,457.9,685.0,345.6,1082.1,662.4,emotional_stability_high4_PHv6CzBIC5E.001.mp4,1280,720,30.0,459,emotional_stability,high
335,11166,chin,420.0,341.9,703.7,553.6,685.0,517.4,1039.6,782.0,emotional_stability_high4_PHv6CzBIC5E.001.mp4,1280,720,30.0,459,emotional_stability,high
335,11166,left_cheek,473.8,350.4,593.0,475.8,752.3,528.1,901.3,684.7,emotional_stability_high4_PHv6CzBIC5E.001.mp4,1280,720,30.0,459,emotional_stability,high
335,11166,right_cheek,676.7,344.0,729.7,464.1,1005.9,520.0,1072.1,670.1,emotional_stability_high4_PHv6CzBIC5E.001.mp4,1280,720,30.0,459,emotional_stability,high
336,11200,left_eye,500.9,274.9,625.7,341.3,786.1,433.6,942.1,516.6,emotional_stability_high4_PHv6CzBIC5E.001.mp4,1280,720,30.0,459,emotional_stability,high
336,11200,right_eye,663.2,269.7,737.6,335.6,989.1,427.2,1082.0,509.5,emotional_stability_high4_PHv6CzBIC5E.001.mp4,1280,720,30.0,459,emotional_stability,high
336,11200,nose,603.8,314.0,690.3,425.9,914.8,482.5,1022.8,622.4,emotional_stability_high4_PHv6CzBIC5E.001.mp4,1280,720,30.0,459,emotional_stability,high
336,11200,mouth,574.0,444.9,674.2,494.2,877.5,646.2,1002.8,707.8,emotional_stability_high4_PHv6CzBIC5E.001.mp4,1280,720,30.0,459,emotional_stability,high
336,11200,forehead,425.2,205.3,737.2,457.4,691.5,346.7,1081.5,661.7,emotional_stability_high4_PHv6CzBIC5E.001.mp4,1280,720,30.0,459,emotional_stability,high
336,11200,chin,425.2,341.8,702.8,553.3,691.5,517.3,1038.5,781.6,emotional_stability_high4_PHv6CzBIC5E.001.mp4,1280,720,30.0,459,emotional_stability,high
336,11200,left_cheek,476.3,350.6,593.1,475.9,755.4,528.2,901.4,684.9,emotional_stability_high4_PHv6CzBIC5E.001.mp4,1280,720,30.0,459,emotional_stability,high
336,11200,right_cheek,676.2,344.2,727.5,464.3,1005.3,520.2,1069.4,670.4,emotional_stability_high4_PHv6CzBIC5E.001.mp4,1280,720,30.0,459,emotional_stability,high
337,11233,left_eye,500.8,274.6,625.5,341.7,786.0,433.3,941.9,517.2,emotional_stability_high4_PHv6CzBIC5E.001.mp4,1280,720,30.0,459,emotional_stability,high
337,11233,right_eye,662.5,270.5,736.5,336.8,988.1,428.1,1080.6,511.0,emotional_stability_high4_PHv6CzBIC5E.001.mp4,1280,720,30.0,459,emotional_stability,high
337,11233,nose,603.3,314.7,689.6,427.2,914.1,483.4,1022.0,624.0,emotional_stability_high4_PHv6CzBIC5E.001.mp4,1280,720,30.0,459,emotional_stability,high
337,11233,mouth,573.9,446.1,673.5,494.5,877.4,647.6,1001.9,708.2,emotional_stability_high4_PHv6CzBIC5E.001.mp4,1280,720,30.0,459,emotional_stability,high
337,11233,forehead,426.7,206.0,736.5,456.9,693.4,347.5,1080.7,661.1,emotional_stability_high4_PHv6CzBIC5E.001.mp4,1280,720,30.0,459,emotional_stability,high
337,11233,chin,426.7,342.6,702.5,553.3,693.4,518.3,1038.2,781.6,emotional_stability_high4_PHv6CzBIC5E.001.mp4,1280,720,30.0,459,emotional_stability,high
337,11233,left_cheek,476.7,350.6,593.0,475.9,755.8,528.2,901.3,684.9,emotional_stability_high4_PHv6CzBIC5E.001.mp4,1280,720,30.0,459,emotional_stability,high
337,11233,right_cheek,675.6,345.5,725.9,465.0,1004.4,521.8,1067.4,671.3,emotional_stability_high4_PHv6CzBIC5E.001.mp4,1280,720,30.0,459,emotional_stability,high
338,11266,left_eye,500.8,275.1,625.1,342.2,786.0,433.8,941.4,517.7,emotional_stability_high4_PHv6CzBIC5E.001.mp4,1280,720,30.0,459,emotional_stability,high
338,11266,right_eye,661.8,271.1,735.3,336.7,987.2,428.8,1079.1,510.9,emotional_stability_high4_PHv6CzBIC5E.001.mp4,1280,720,30.0,459,emotional_stability,high
338,11266,nose,603.1,315.2,688.9,427.3,913.9,484.0,1021.1,624.2,emotional_stability_high4_PHv6CzBIC5E.001.mp4,1280,720,30.0,459,emotional_stability,high
338,11266,mouth,574.2,446.3,672.5,494.6,877.8,647.9,1000.7,708.2,emotional_stability_high4_PHv6CzBIC5E.001.mp4,1280,720,30.0,459,emotional_stability,high
338,11266,forehead,427.6,207.4,735.1,456.7,694.5,349.3,1078.8,660.9,emotional_stability_high4_PHv6CzBIC5E.001.mp4,1280,720,30.0,459,emotional_stability,high
338,11266,chin,427.6,342.4,702.3,552.5,694.5,518.0,1037.8,780.7,emotional_stability_high4_PHv6CzBIC5E.001.mp4,1280,720,30.0,459,emotional_stability,high
338,11266,left_cheek,477.4,350.9,593.0,475.9,756.8,528.6,901.2,684.9,emotional_stability_high4_PHv6CzBIC5E.001.mp4,1280,720,30.0,459,emotional_stability,high
338,11266,right_cheek,674.9,345.4,725.1,464.6,1003.7,521.8,1066.4,670.8,emotional_stability_high4_PHv6CzBIC5E.001.mp4,1280,720,30.0,459,emotional_stability,high
339,11300,left_eye,500.8,276.2,624.7,342.8,786.0,435.2,940.9,518.5,emotional_stability_high4_PHv6CzBIC5E.001.mp4,1280,720,30.0,459,emotional_stability,high
339,11300,right_eye,661.7,271.3,734.7,337.0,987.2,429.2,1078.4,511.3,emotional_stability_high4_PHv6CzBIC5E.001.mp4,1280,720,30.0,459,emotional_stability,high
339,11300,nose,602.6,316.3,687.4,428.1,913.3,485.3,1019.2,625.2,emotional_stability_high4_PHv6CzBIC5E.001.mp4,1280,720,30.0,459,emotional_stability,high
339,11300,mouth,573.5,446.9,671.0,494.7,876.9,648.6,998.7,708.4,emotional_stability_high4_PHv6CzBIC5E.001.mp4,1280,720,30.0,459,emotional_stability,high
339,11300,forehead,430.5,208.4,734.7,453.6,698.1,350.5,1078.3,657.0,emotional_stability_high4_PHv6CzBIC5E.001.mp4,1280,720,30.0,459,emotional_stability,high
339,11300,chin,430.5,340.8,702.3,551.5,698.1,516.0,1037.9,779.3,emotional_stability_high4_PHv6CzBIC5E.001.mp4,1280,720,30.0,459,emotional_stability,high
339,11300,left_cheek,478.2,350.8,593.0,475.4,757.8,528.6,901.2,684.3,emotional_stability_high4_PHv6CzBIC5E.001.mp4,1280,720,30.0,459,emotional_stability,high
339,11300,right_cheek,674.2,345.2,724.7,463.8,1002.7,521.5,1065.9,669.7,emotional_stability_high4_PHv6CzBIC5E.001.mp4,1280,720,30.0,459,emotional_stability,high
340,11333,left_eye,500.4,276.1,624.8,342.8,785.5,435.1,940.9,518.5,emotional_stability_high4_PHv6CzBIC5E.001.mp4,1280,720,30.0,459,emotional_stability,high
340,11333,right_eye,661.6,272.7,734.7,338.0,987.0,430.9,1078.4,512.5,emotional_stability_high4_PHv6CzBIC5E.001.mp4,1280,720,30.0,459,emotional_stability,high
340,11333,nose,602.0,317.0,687.5,428.6,912.6,486.3,1019.3,625.8,emotional_stability_high4_PHv6CzBIC5E.001.mp4,1280,720,30.0,459,emotional_stability,high
340,11333,mouth,571.4,446.9,670.0,494.1,874.2,648.6,997.5,707.6,emotional_stability_high4_PHv6CzBIC5E.001.mp4,1280,720,30.0,459,emotional_stability,high
340,11333,forehead,425.5,209.3,734.7,452.2,691.9,351.6,1078.4,655.3,emotional_stability_high4_PHv6CzBIC5E.001.mp4,1280,720,30.0,459,emotional_stability,high
340,11333,chin,425.5,340.4,700.3,551.3,691.9,515.5,1035.4,779.1,emotional_stability_high4_PHv6CzBIC5E.001.mp4,1280,720,30.0,459,emotional_stability,high
340,11333,left_cheek,476.4,350.4,592.5,474.4,755.6,528.0,900.7,682.9,emotional_stability_high4_PHv6CzBIC5E.001.mp4,1280,720,30.0,459,emotional_stability,high
340,11333,right_cheek,674.0,346.4,723.5,463.9,1002.5,523.0,1064.4,669.9,emotional_stability_high4_PHv6CzBIC5E.001.mp4,1280,720,30.0,459,emotional_stability,high
341,11366,left_eye,500.3,277.0,624.2,343.1,785.4,436.2,940.3,518.8,emotional_stability_high4_PHv6CzBIC5E.001.mp4,1280,720,30.0,459,emotional_stability,high
341,11366,right_eye,662.7,274.0,736.0,338.2,988.3,432.5,1080.0,512.8,emotional_stability_high4_PHv6CzBIC5E.001.mp4,1280,720,30.0,459,emotional_stability,high
341,11366,nose,601.0,317.4,686.8,429.0,911.2,486.8,1018.5,626.2,emotional_stability_high4_PHv6CzBIC5E.001.mp4,1280,720,30.0,459,emotional_stability,high
341,11366,mouth,568.4,447.1,670.0,493.6,870.5,648.9,997.4,707.0,emotional_stability_high4_PHv6CzBIC5E.001.mp4,1280,720,30.0,459,emotional_stability,high
341,11366,forehead,427.8,210.5,736.9,452.4,694.7,353.1,1081.1,655.5,emotional_stability_high4_PHv6CzBIC5E.001.mp4,1280,720,30.0,459,emotional_stability,high
341,11366,chin,427.8,340.5,703.2,551.3,694.7,515.6,1039.0,779.1,emotional_stability_high4_PHv6CzBIC5E.001.mp4,1280,720,30.0,459,emotional_stability,high
341,11366,left_cheek,476.5,350.5,592.0,474.2,755.6,528.1,900.0,682.8,emotional_stability_high4_PHv6CzBIC5E.001.mp4,1280,720,30.0,459,emotional_stability,high
341,11366,right_cheek,674.0,346.4,724.8,463.8,1002.5,522.9,1066.0,669.7,emotional_stability_high4_PHv6CzBIC5E.001.mp4,1280,720,30.0,459,emotional_stability,high
342,11400,left_eye,499.2,276.7,624.3,343.1,784.0,435.9,940.4,518.9,emotional_stability_high4_PHv6CzBIC5E.001.mp4,1280,720,30.0,459,emotional_stability,high
342,11400,right_eye,661.1,274.4,734.5,339.3,986.3,433.0,1078.2,514.2,emotional_stability_high4_PHv6CzBIC5E.001.mp4,1280,720,30.0,459,emotional_stability,high
342,11400,nose,600.4,318.0,686.1,429.3,910.5,487.5,1017.6,626.6,emotional_stability_high4_PHv6CzBIC5E.001.mp4,1280,720,30.0,459,emotional_stability,high
342,11400,mouth,565.3,448.1,667.5,493.8,866.6,650.1,994.4,707.2,emotional_stability_high4_PHv6CzBIC5E.001.mp4,1280,720,30.0,459,emotional_stability,high
342,11400,forehead,416.0,211.2,735.6,452.1,680.0,354.0,1079.5,655.2,emotional_stability_high4_PHv6CzBIC5E.001.mp4,1280,720,30.0,459,emotional_stability,high
342,11400,chin,416.0,340.2,697.9,552.1,680.0,515.2,1032.3,780.1,emotional_stability_high4_PHv6CzBIC5E.001.mp4,1280,720,30.0,459,emotional_stability,high
342,11400,left_cheek,469.0,350.4,590.8,474.2,746.3,528.0,898.5,682.8,emotional_stability_high4_PHv6CzBIC5E.001.mp4,1280,720,30.0,459,emotional_stability,high
342,11400,right_cheek,673.2,349.0,722.5,465.3,1001.4,526.3,1063.2,671.6,emotional_stability_high4_PHv6CzBIC5E.001.mp4,1280,720,30.0,459,emotional_stability,high
343,11433,left_eye,498.3,276.8,623.7,342.8,782.9,436.0,939.7,518.5,emotional_stability_high4_PHv6CzBIC5E.001.mp4,1280,720,30.0,459,emotional_stability,high
343,11433,right_eye,661.1,274.3,734.6,338.9,986.4,432.9,1078.2,513.7,emotional_stability_high4_PHv6CzBIC5E.001.mp4,1280,720,30.0,459,emotional_stability,high
343,11433,nose,600.2,317.7,685.4,429.2,910.3,487.1,1016.8,626.4,emotional_stability_high4_PHv6CzBIC5E.001.mp4,1280,720,30.0,459,emotional_stability,high
343,11433,mouth,563.6,448.0,666.3,493.6,864.6,650.0,992.9,707.0,emotional_stability_high4_PHv6CzBIC5E.001.mp4,1280,720,30.0,459,emotional_stability,high
343,11433,forehead,417.3,210.9,735.7,454.1,681.7,353.6,1079.7,657.6,emotional_stability_high4_PHv6CzBIC5E.001.mp4,1280,720,30.0,459,emotional_stability,high
343,11433,chin,417.3,341.0,699.0,553.4,681.7,516.3,1033.8,781.8,emotional_stability_high4_PHv6CzBIC5E.001.mp4,1280,720,30.0,459,emotional_stability,high
343,11433,left_cheek,470.3,350.5,590.3,474.5,747.9,528.1,897.8,683.1,emotional_stability_high4_PHv6CzBIC5E.001.mp4,1280,720,30.0,459,emotional_stability,high
343,11433,right_cheek,673.0,348.9,722.6,464.9,1001.3,526.1,1063.2,671.1,emotional_stability_high4_PHv6CzBIC5E.001.mp4,1280,720,30.0,459,emotional_stability,high
344,11466,left_eye,498.2,277.2,622.9,342.8,782.8,436.6,938.6,518.5,emotional_stability_high4_PHv6CzBIC5E.001.mp4,1280,720,30.0,459,emotional_stability,high
344,11466,right_eye,661.2,274.2,734.6,338.5,986.4,432.7,1078.3,513.1,emotional_stability_high4_PHv6CzBIC5E.001.mp4,1280,720,30.0,459,emotional_stability,high
344,11466,nose,600.1,317.6,685.3,428.9,910.1,487.0,1016.6,626.1,emotional_stability_high4_PHv6CzBIC5E.001.mp4,1280,720,30.0,459,emotional_stability,high
344,11466,mouth,564.2,447.9,666.3,494.4,865.2,649.9,992.9,708.0,emotional_stability_high4_PHv6CzBIC5E.001.mp4,1280,720,30.0,459,emotional_stability,high
344,11466,forehead,422.1,210.8,735.9,454.2,687.6,353.5,1079.8,657.7,emotional_stability_high4_PHv6CzBIC5E.001.mp4,1280,720,30.0,459,emotional_stability,high
344,11466,chin,422.1,341.7,700.9,553.5,687.6,517.1,1036.1,781.9,emotional_stability_high4_PHv6CzBIC5E.001.mp4,1280,720,30.0,459,emotional_stability,high
344,11466,left_cheek,470.5,350.7,590.1,474.5,748.1,528.4,897.6,683.1,emotional_stability_high4_PHv6CzBIC5E.001.mp4,1280,720,30.0,459,emotional_stability,high
344,11466,right_cheek,672.9,348.8,722.6,464.7,1001.2,526.0,1063.2,670.9,emotional_stability_high4_PHv6CzBIC5E.001.mp4,1280,720,30.0,459,emotional_stability,high
345,11500,left_eye,497.9,277.6,622.3,342.9,782.4,436.9,937.9,518.6,emotional_stability_high4_PHv6CzBIC5E.001.mp4,1280,720,30.0,459,emotional_stability,high
345,11500,right_eye,659.9,274.0,733.5,338.3,984.9,432.5,1076.8,512.9,emotional_stability_high4_PHv6CzBIC5E.001.mp4,1280,720,30.0,459,emotional_stability,high
345,11500,nose,599.5,317.6,684.4,428.8,909.3,486.9,1015.5,626.0,emotional_stability_high4_PHv6CzBIC5E.001.mp4,1280,720,30.0,459,emotional_stability,high
345,11500,mouth,564.7,447.9,665.9,495.1,865.8,649.9,992.4,708.9,emotional_stability_high4_PHv6CzBIC5E.001.mp4,1280,720,30.0,459,emotional_stability,high
345,11500,forehead,422.0,210.6,734.9,453.3,687.5,353.3,1078.7,656.6,emotional_stability_high4_PHv6CzBIC5E.001.mp4,1280,720,30.0,459,emotional_stability,high
345,11500,chin,422.0,340.1,700.1,553.5,687.5,515.1,1035.1,781.9,emotional_stability_high4_PHv6CzBIC5E.001.mp4,1280,720,30.0,459,emotional_stability,high
345,11500,left_cheek,471.3,350.3,589.6,474.4,749.1,527.9,897.0,683.1,emotional_stability_high4_PHv6CzBIC5E.001.mp4,1280,720,30.0,459,emotional_stability,high
345,11500,right_cheek,672.0,348.0,722.0,464.6,1000.0,525.0,1062.6,670.8,emotional_stability_high4_PHv6CzBIC5E.001.mp4,1280,720,30.0,459,emotional_stability,high
346,11533,left_eye,497.8,279.5,621.4,343.3,782.2,439.4,936.7,519.1,emotional_stability_high4_PHv6CzBIC5E.001.mp4,1280,720,30.0,459,emotional_stability,high
346,11533,right_eye,659.9,273.9,733.2,337.9,984.9,432.4,1076.5,512.4,emotional_stability_high4_PHv6CzBIC5E.001.mp4,1280,720,30.0,459,emotional_stability,high
346,11533,nose,599.5,317.5,684.6,428.8,909.3,486.9,1015.7,625.9,emotional_stability_high4_PHv6CzBIC5E.001.mp4,1280,720,30.0,459,emotional_stability,high
346,11533,mouth,565.0,447.9,666.1,495.1,866.2,649.8,992.6,708.9,emotional_stability_high4_PHv6CzBIC5E.001.mp4,1280,720,30.0,459,emotional_stability,high
346,11533,forehead,425.1,211.2,734.5,454.4,691.3,354.0,1078.1,657.9,emotional_stability_high4_PHv6CzBIC5E.001.mp4,1280,720,30.0,459,emotional_stability,high
346,11533,chin,425.1,341.9,701.5,553.5,691.3,517.4,1036.8,781.9,emotional_stability_high4_PHv6CzBIC5E.001.mp4,1280,720,30.0,459,emotional_stability,high
346,11533,left_cheek,472.6,351.6,589.6,474.9,750.7,529.4,897.0,683.6,emotional_stability_high4_PHv6CzBIC5E.001.mp4,1280,720,30.0,459,emotional_stability,high
346,11533,right_cheek,672.0,346.9,722.2,463.9,999.9,523.7,1062.7,669.9,emotional_stability_high4_PHv6CzBIC5E.001.mp4,1280,720,30.0,459,emotional_stability,high
347,11566,left_eye,498.1,280.0,621.4,343.4,782.7,440.0,936.8,519.2,emotional_stability_high4_PHv6CzBIC5E.001.mp4,1280,720,30.0,459,emotional_stability,high
347,11566,right_eye,660.0,273.8,733.3,337.9,985.0,432.2,1076.6,512.4,emotional_stability_high4_PHv6CzBIC5E.001.mp4,1280,720,30.0,459,emotional_stability,high
347,11566,nose,599.6,317.6,684.6,429.1,909.5,486.9,1015.7,626.4,emotional_stability_high4_PHv6CzBIC5E.001.mp4,1280,720,30.0,459,emotional_stability,high
347,11566,mouth,565.3,448.7,666.3,496.1,866.6,650.9,992.9,710.1,emotional_stability_high4_PHv6CzBIC5E.001.mp4,1280,720,30.0,459,emotional_stability,high
347,11566,forehead,425.7,211.1,734.5,453.3,692.1,353.9,1078.1,656.6,emotional_stability_high4_PHv6CzBIC5E.001.mp4,1280,720,30.0,459,emotional_stability,high
347,11566,chin,425.7,339.9,701.6,553.7,692.1,514.9,1037.0,782.1,emotional_stability_high4_PHv6CzBIC5E.001.mp4,1280,720,30.0,459,emotional_stability,high
347,11566,left_cheek,473.7,351.3,589.9,475.0,752.1,529.1,897.4,683.8,emotional_stability_high4_PHv6CzBIC5E.001.mp4,1280,720,30.0,459,emotional_stability,high
347,11566,right_cheek,672.0,346.2,722.3,464.1,1000.0,522.7,1062.8,670.2,emotional_stability_high4_PHv6CzBIC5E.001.mp4,1280,720,30.0,459,emotional_stability,high
348,11600,left_eye,496.4,279.8,620.4,343.8,780.5,439.7,935.5,519.8,emotional_stability_high4_PHv6CzBIC5E.001.mp4,1280,720,30.0,459,emotional_stability,high
348,11600,right_eye,660.0,273.7,733.8,337.9,985.0,432.1,1077.2,512.3,emotional_stability_high4_PHv6CzBIC5E.001.mp4,1280,720,30.0,459,emotional_stability,high
348,11600,nose,597.8,317.5,682.8,429.5,907.3,486.9,1013.5,626.9,emotional_stability_high4_PHv6CzBIC5E.001.mp4,1280,720,30.0,459,emotional_stability,high
348,11600,mouth,564.7,450.0,662.9,496.2,865.9,652.4,988.6,710.2,emotional_stability_high4_PHv6CzBIC5E.001.mp4,1280,720,30.0,459,emotional_stability,high
348,11600,forehead,425.5,210.7,735.2,451.5,691.8,353.4,1079.0,654.4,emotional_stability_high4_PHv6CzBIC5E.001.mp4,1280,720,30.0,459,emotional_stability,high
348,11600,chin,425.5,338.5,701.3,553.0,691.8,513.1,1036.7,781.2,emotional_stability_high4_PHv6CzBIC5E.001.mp4,1280,720,30.0,459,emotional_stability,high
348,11600,left_cheek,472.6,350.5,588.4,474.1,750.8,528.1,895.5,682.7,emotional_stability_high4_PHv6CzBIC5E.001.mp4,1280,720,30.0,459,emotional_stability,high
348,11600,right_cheek,671.1,346.1,722.5,464.3,998.9,522.7,1063.1,670.4,emotional_stability_high4_PHv6CzBIC5E.001.mp4,1280,720,30.0,459,emotional_stability,high
349,11633,left_eye,494.7,279.9,619.0,344.0,778.3,439.9,933.7,520.0,emotional_stability_high4_PHv6CzBIC5E.001.mp4,1280,720,30.0,459,emotional_stability,high
349,11633,right_eye,660.1,273.7,735.2,337.8,985.1,432.1,1079.0,512.3,emotional_stability_high4_PHv6CzBIC5E.001.mp4,1280,720,30.0,459,emotional_stability,high
349,11633,nose,596.2,317.6,682.0,430.6,905.3,487.0,1012.5,628.2,emotional_stability_high4_PHv6CzBIC5E.001.mp4,1280,720,30.0,459,emotional_stability,high
349,11633,mouth,564.6,451.9,662.7,496.2,865.7,654.9,988.3,710.2,emotional_stability_high4_PHv6CzBIC5E.001.mp4,1280,720,30.0,459,emotional_stability,high
349,11633,forehead,425.4,210.6,736.8,450.7,691.7,353.2,1081.0,653.3,emotional_stability_high4_PHv6CzBIC5E.001.mp4,1280,720,30.0,459,emotional_stability,high
349,11633,chin,425.4,338.2,702.4,552.1,691.7,512.7,1038.0,780.1,emotional_stability_high4_PHv6CzBIC5E.001.mp4,1280,720,30.0,459,emotional_stability,high
349,11633,left_cheek,472.2,350.4,587.0,473.8,750.2,528.0,893.8,682.2,emotional_stability_high4_PHv6CzBIC5E.001.mp4,1280,720,30.0,459,emotional_stability,high
349,11633,right_cheek,670.8,345.8,723.2,464.3,998.6,522.2,1064.0,670.4,emotional_stability_high4_PHv6CzBIC5E.001.mp4,1280,720,30.0,459,emotional_stability,high
350,11666,left_eye,492.0,279.3,617.4,343.7,775.0,439.1,931.7,519.6,emotional_stability_high4_PHv6CzBIC5E.001.mp4,1280,720,30.0,459,emotional_stability,high
350,11666,right_eye,658.6,271.9,734.3,337.2,983.3,429.9,1077.9,511.5,emotional_stability_high4_PHv6CzBIC5E.001.mp4,1280,720,30.0,459,emotional_stability,high
350,11666,nose,594.4,317.4,680.3,430.6,903.1,486.8,1010.3,628.2,emotional_stability_high4_PHv6CzBIC5E.001.mp4,1280,720,30.0,459,emotional_stability,high
350,11666,mouth,563.6,451.9,660.9,496.1,864.5,654.9,986.1,710.1,emotional_stability_high4_PHv6CzBIC5E.001.mp4,1280,720,30.0,459,emotional_stability,high
350,11666,forehead,418.6,209.7,735.4,448.2,683.2,352.1,1079.3,650.2,emotional_stability_high4_PHv6CzBIC5E.001.mp4,1280,720,30.0,459,emotional_stability,high
350,11666,chin,418.6,335.8,698.9,552.0,683.2,509.7,1033.6,780.0,emotional_stability_high4_PHv6CzBIC5E.001.mp4,1280,720,30.0,459,emotional_stability,high
350,11666,left_cheek,467.6,348.8,584.8,472.5,744.5,526.1,891.0,680.7,emotional_stability_high4_PHv6CzBIC5E.001.mp4,1280,720,30.0,459,emotional_stability,high
350,11666,right_cheek,669.1,344.7,722.1,463.6,996.4,520.9,1062.7,669.6,emotional_stability_high4_PHv6CzBIC5E.001.mp4,1280,720,30.0,459,emotional_stability,high
351,11700,left_eye,492.6,279.2,617.8,343.6,775.7,439.1,932.2,519.5,emotional_stability_high4_PHv6CzBIC5E.001.mp4,1280,720,30.0,459,emotional_stability,high
351,11700,right_eye,658.7,270.2,733.5,336.1,983.4,427.8,1076.9,510.2,emotional_stability_high4_PHv6CzBIC5E.001.mp4,1280,720,30.0,459,emotional_stability,high
351,11700,nose,594.7,316.8,680.6,430.5,903.3,486.0,1010.8,628.1,emotional_stability_high4_PHv6CzBIC5E.001.mp4,1280,720,30.0,459,emotional_stability,high
351,11700,mouth,563.8,451.8,661.2,496.1,864.8,654.8,986.5,710.1,emotional_stability_high4_PHv6CzBIC5E.001.mp4,1280,720,30.0,459,emotional_stability,high
351,11700,forehead,421.6,209.7,733.7,448.6,687.0,352.1,1077.1,650.7,emotional_stability_high4_PHv6CzBIC5E.001.mp4,1280,720,30.0,459,emotional_stability,high
351,11700,chin,421.6,336.1,698.9,551.2,687.0,510.2,1033.6,779.0,emotional_stability_high4_PHv6CzBIC5E.001.mp4,1280,720,30.0,459,emotional_stability,high
351,11700,left_cheek,468.4,349.0,585.3,472.6,745.5,526.2,891.6,680.8,emotional_stability_high4_PHv6CzBIC5E.001.mp4,1280,720,30.0,459,emotional_stability,high
351,11700,right_cheek,669.1,343.2,721.9,462.1,996.4,519.0,1062.3,667.6,emotional_stability_high4_PHv6CzBIC5E.001.mp4,1280,720,30.0,459,emotional_stability,high
352,11733,left_eye,495.0,279.4,618.3,343.7,778.7,439.3,932.9,519.6,emotional_stability_high4_PHv6CzBIC5E.001.mp4,1280,720,30.0,459,emotional_stability,high
352,11733,right_eye,658.7,270.3,733.4,336.1,983.4,427.8,1076.8,510.2,emotional_stability_high4_PHv6CzBIC5E.001.mp4,1280,720,30.0,459,emotional_stability,high
352,11733,nose,594.8,317.0,679.4,432.4,903.5,486.2,1009.3,630.5,emotional_stability_high4_PHv6CzBIC5E.001.mp4,1280,720,30.0,459,emotional_stability,high
352,11733,mouth,563.9,452.4,660.4,496.3,864.9,655.5,985.6,710.4,emotional_stability_high4_PHv6CzBIC5E.001.mp4,1280,720,30.0,459,emotional_stability,high
352,11733,forehead,427.7,210.2,733.7,444.2,694.7,352.8,1077.1,645.2,emotional_stability_high4_PHv6CzBIC5E.001.mp4,1280,720,30.0,459,emotional_stability,high
352,11733,chin,427.7,334.0,697.6,546.6,694.7,507.5,1032.0,773.3,emotional_stability_high4_PHv6CzBIC5E.001.mp4,1280,720,30.0,459,emotional_stability,high
352,11733,left_cheek,471.8,348.2,585.4,470.8,749.8,525.2,891.7,678.5,emotional_stability_high4_PHv6CzBIC5E.001.mp4,1280,720,30.0,459,emotional_stability,high
352,11733,right_cheek,668.4,342.7,720.8,460.6,995.5,518.4,1061.0,665.7,emotional_stability_high4_PHv6CzBIC5E.001.mp4,1280,720,30.0,459,emotional_stability,high
353,11766,left_eye,494.3,281.0,619.6,344.5,777.9,441.2,934.4,520.6,emotional_stability_high4_PHv6CzBIC5E.001.mp4,1280,720,30.0,459,emotional_stability,high
353,11766,right_eye,659.4,272.6,733.4,337.5,984.3,430.8,1076.8,511.9,emotional_stability_high4_PHv6CzBIC5E.001.mp4,1280,720,30.0,459,emotional_stability,high
353,11766,nose,595.7,318.5,680.0,433.2,904.6,488.2,1010.0,631.5,emotional_stability_high4_PHv6CzBIC5E.001.mp4,1280,720,30.0,459,emotional_stability,high
353,11766,mouth,566.2,454.5,660.5,498.0,867.7,658.1,985.6,712.6,emotional_stability_high4_PHv6CzBIC5E.001.mp4,1280,720,30.0,459,emotional_stability,high
353,11766,forehead,425.2,213.2,733.7,445.2,691.5,356.5,1077.1,646.5,emotional_stability_high4_PHv6CzBIC5E.001.mp4,1280,720,30.0,459,emotional_stability,high
353,11766,chin,425.2,334.5,696.1,546.9,691.5,508.1,1030.1,773.6,emotional_stability_high4_PHv6CzBIC5E.001.mp4,1280,720,30.0,459,emotional_stability,high
353,11766,left_cheek,470.7,348.8,585.7,470.8,748.4,526.0,892.2,678.5,emotional_stability_high4_PHv6CzBIC5E.001.mp4,1280,720,30.0,459,emotional_stability,high
353,11766,right_cheek,668.5,342.8,719.7,460.8,995.7,518.4,1059.6,666.0,emotional_stability_high4_PHv6CzBIC5E.001.mp4,1280,720,30.0,459,emotional_stability,high
354,11800,left_eye,498.5,280.8,621.3,344.2,783.2,441.0,936.7,520.2,emotional_stability_high4_PHv6CzBIC5E.001.mp4,1280,720,30.0,459,emotional_stability,high
354,11800,right_eye,661.5,272.6,735.0,337.4,986.8,430.7,1078.8,511.8,emotional_stability_high4_PHv6CzBIC5E.001.mp4,1280,720,30.0,459,emotional_stability,high
354,11800,nose,597.0,318.5,679.3,433.4,906.2,488.1,1009.1,631.8,emotional_stability_high4_PHv6CzBIC5E.001.mp4,1280,720,30.0,459,emotional_stability,high
354,11800,mouth,566.2,455.0,660.6,498.0,867.7,658.7,985.8,712.5,emotional_stability_high4_PHv6CzBIC5E.001.mp4,1280,720,30.0,459,emotional_stability,high
354,11800,forehead,429.1,212.9,736.0,443.8,696.4,356.1,1079.9,644.8,emotional_stability_high4_PHv6CzBIC5E.001.mp4,1280,720,30.0,459,emotional_stability,high
354,11800,chin,429.1,332.8,699.6,547.0,696.4,506.0,1034.5,773.7,emotional_stability_high4_PHv6CzBIC5E.001.mp4,1280,720,30.0,459,emotional_stability,high
354,11800,left_cheek,474.9,347.7,588.0,470.6,753.6,524.7,895.0,678.3,emotional_stability_high4_PHv6CzBIC5E.001.mp4,1280,720,30.0,459,emotional_stability,high
354,11800,right_cheek,668.7,341.5,720.3,460.3,995.9,516.9,1060.4,665.4,emotional_stability_high4_PHv6CzBIC5E.001.mp4,1280,720,30.0,459,emotional_stability,high
355,11833,left_eye,497.2,280.8,622.4,344.9,781.5,441.0,938.0,521.1,emotional_stability_high4_PHv6CzBIC5E.001.mp4,1280,720,30.0,459,emotional_stability,high
355,11833,right_eye,662.4,273.1,737.2,338.3,988.0,431.4,1081.5,512.9,emotional_stability_high4_PHv6CzBIC5E.001.mp4,1280,720,30.0,459,emotional_stability,high
355,11833,nose,598.2,319.3,680.6,433.5,907.7,489.1,1010.7,631.9,emotional_stability_high4_PHv6CzBIC5E.001.mp4,1280,720,30.0,459,emotional_stability,high
355,11833,mouth,566.2,454.9,660.8,499.0,867.8,658.7,986.0,713.8,emotional_stability_high4_PHv6CzBIC5E.001.mp4,1280,720,30.0,459,emotional_stability,high
355,11833,forehead,421.6,213.1,737.3,444.6,687.0,356.4,1081.6,645.8,emotional_stability_high4_PHv6CzBIC5E.001.mp4,1280,720,30.0,459,emotional_stability,high
355,11833,chin,421.6,333.5,699.7,548.6,687.0,506.8,1034.7,775.8,emotional_stability_high4_PHv6CzBIC5E.001.mp4,1280,720,30.0,459,emotional_stability,high
355,11833,left_cheek,471.7,347.9,588.3,470.8,749.7,524.8,895.4,678.5,emotional_stability_high4_PHv6CzBIC5E.001.mp4,1280,720,30.0,459,emotional_stability,high
355,11833,right_cheek,669.5,342.0,721.3,460.7,996.8,517.5,1061.6,665.9,emotional_stability_high4_PHv6CzBIC5E.001.mp4,1280,720,30.0,459,emotional_stability,high
356,11866,left_eye,502.7,280.8,626.3,345.4,788.4,441.0,942.9,521.8,emotional_stability_high4_PHv6CzBIC5E.001.mp4,1280,720,30.0,459,emotional_stability,high
356,11866,right_eye,664.4,273.1,737.5,338.3,990.5,431.4,1081.8,512.9,emotional_stability_high4_PHv6CzBIC5E.001.mp4,1280,720,30.0,459,emotional_stability,high
356,11866,nose,601.2,319.4,681.6,434.3,911.4,489.2,1012.1,632.9,emotional_stability_high4_PHv6CzBIC5E.001.mp4,1280,720,30.0,459,emotional_stability,high
356,11866,mouth,566.2,455.8,661.9,498.8,867.8,659.8,987.3,713.6,emotional_stability_high4_PHv6CzBIC5E.001.mp4,1280,720,30.0,459,emotional_stability,high
356,11866,forehead,427.7,213.1,737.5,445.0,694.6,356.3,1081.9,646.3,emotional_stability_high4_PHv6CzBIC5E.001.mp4,1280,720,30.0,459,emotional_stability,high
356,11866,chin,427.7,333.4,700.9,551.1,694.6,506.7,1036.2,778.9,emotional_stability_high4_PHv6CzBIC5E.001.mp4,1280,720,30.0,459,emotional_stability,high
356,11866,left_cheek,476.7,348.0,592.2,471.7,755.9,524.9,900.3,679.6,emotional_stability_high4_PHv6CzBIC5E.001.mp4,1280,720,30.0,459,emotional_stability,high
356,11866,right_cheek,670.8,342.3,722.3,461.5,998.5,517.8,1062.8,666.9,emotional_stability_high4_PHv6CzBIC5E.001.mp4,1280,720,30.0,459,emotional_stability,high
357,11900,left_eye,502.2,280.7,627.9,346.1,787.8,440.8,944.8,522.6,emotional_stability_high4_PHv6CzBIC5E.001.mp4,1280,720,30.0,459,emotional_stability,high
357,11900,right_eye,665.7,273.1,738.0,338.7,992.2,431.3,1082.5,513.3,emotional_stability_high4_PHv6CzBIC5E.001.mp4,1280,720,30.0,459,emotional_stability,high
357,11900,nose,603.4,319.6,684.9,434.8,914.3,489.5,1016.1,633.5,emotional_stability_high4_PHv6CzBIC5E.001.mp4,1280,720,30.0,459,emotional_stability,high
357,11900,mouth,566.2,455.9,662.9,498.8,867.7,659.9,988.7,713.4,emotional_stability_high4_PHv6CzBIC5E.001.mp4,1280,720,30.0,459,emotional_stability,high
357,11900,forehead,424.0,212.8,737.7,446.9,690.0,356.0,1082.2,648.6,emotional_stability_high4_PHv6CzBIC5E.001.mp4,1280,720,30.0,459,emotional_stability,high
357,11900,chin,424.0,333.7,699.1,553.3,690.0,507.1,1033.9,781.7,emotional_stability_high4_PHv6CzBIC5E.001.mp4,1280,720,30.0,459,emotional_stability,high
357,11900,left_cheek,476.4,348.0,593.8,473.4,755.5,525.1,902.2,681.8,emotional_stability_high4_PHv6CzBIC5E.001.mp4,1280,720,30.0,459,emotional_stability,high
357,11900,right_cheek,673.1,343.7,722.7,463.2,1001.3,519.6,1063.4,669.0,emotional_stability_high4_PHv6CzBIC5E.001.mp4,1280,720,30.0,459,emotional_stability,high
358,11933,left_eye,502.2,280.8,627.4,347.5,787.7,441.1,944.3,524.4,emotional_stability_high4_PHv6CzBIC5E.001.mp4,1280,720,30.0,459,emotional_stability,high
358,11933,right_eye,665.5,273.8,738.3,341.0,991.9,432.2,1082.9,516.2,emotional_stability_high4_PHv6CzBIC5E.001.mp4,1280,720,30.0,459,emotional_stability,high
358,11933,nose,603.2,320.7,684.9,435.1,914.0,490.9,1016.1,633.9,emotional_stability_high4_PHv6CzBIC5E.001.mp4,1280,720,30.0,459,emotional_stability,high
358,11933,mouth,565.9,456.2,663.3,498.7,867.3,660.3,989.1,713.3,emotional_stability_high4_PHv6CzBIC5E.001.mp4,1280,720,30.0,459,emotional_stability,high
358,11933,forehead,426.7,212.8,737.8,447.0,693.3,356.0,1082.3,648.7,emotional_stability_high4_PHv6CzBIC5E.001.mp4,1280,720,30.0,459,emotional_stability,high
358,11933,chin,426.7,333.9,698.3,553.5,693.3,507.4,1032.8,781.9,emotional_stability_high4_PHv6CzBIC5E.001.mp4,1280,720,30.0,459,emotional_stability,high
358,11933,left_cheek,476.5,348.1,593.6,473.6,755.7,525.2,901.9,682.0,emotional_stability_high4_PHv6CzBIC5E.001.mp4,1280,720,30.0,459,emotional_stability,high
358,11933,right_cheek,673.1,346.3,722.9,465.3,1001.4,522.9,1063.6,671.6,emotional_stability_high4_PHv6CzBIC5E.001.mp4,1280,720,30.0,459,emotional_stability,high
359,11966,left_eye,502.2,280.8,628.3,348.8,787.8,441.0,945.4,526.1,emotional_stability_high4_PHv6CzBIC5E.001.mp4,1280,720,30.0,459,emotional_stability,high
359,11966,right_eye,665.3,275.9,738.3,343.9,991.7,434.9,1082.8,519.9,emotional_stability_high4_PHv6CzBIC5E.001.mp4,1280,720,30.0,459,emotional_stability,high
359,11966,nose,603.3,322.6,685.8,435.9,914.2,493.3,1017.3,634.9,emotional_stability_high4_PHv6CzBIC5E.001.mp4,1280,720,30.0,459,emotional_stability,high
359,11966,mouth,565.6,456.4,663.3,498.9,866.9,660.5,989.1,713.6,emotional_stability_high4_PHv6CzBIC5E.001.mp4,1280,720,30.0,459,emotional_stability,high
359,11966,forehead,422.6,214.9,735.9,448.3,688.2,358.6,1079.9,650.3,emotional_stability_high4_PHv6CzBIC5E.001.mp4,1280,720,30.0,459,emotional_stability,high
359,11966,chin,422.6,335.1,692.6,554.3,688.2,508.9,1025.7,782.8,emotional_stability_high4_PHv6CzBIC5E.001.mp4,1280,720,30.0,459,emotional_stability,high
359,11966,left_cheek,475.3,349.1,593.6,474.6,754.1,526.4,902.0,683.2,emotional_stability_high4_PHv6CzBIC5E.001.mp4,1280,720,30.0,459,emotional_stability,high
359,11966,right_cheek,673.1,350.4,720.7,467.7,1001.4,528.0,1060.9,674.6,emotional_stability_high4_PHv6CzBIC5E.001.mp4,1280,720,30.0,459,emotional_stability,high
360,12000,left_eye,504.2,281.4,628.6,348.6,790.3,441.7,945.8,525.8,emotional_stability_high4_PHv6CzBIC5E.001.mp4,1280,720,30.0,459,emotional_stability,high
360,12000,right_eye,665.5,275.6,738.3,343.7,991.9,434.6,1082.9,519.7,emotional_stability_high4_PHv6CzBIC5E.001.mp4,1280,720,30.0,459,emotional_stability,high
360,12000,nose,603.1,322.5,685.7,435.7,913.9,493.1,1017.1,634.6,emotional_stability_high4_PHv6CzBIC5E.001.mp4,1280,720,30.0,459,emotional_stability,high
360,12000,mouth,561.8,455.2,663.5,501.1,862.2,658.9,989.4,716.4,emotional_stability_high4_PHv6CzBIC5E.001.mp4,1280,720,30.0,459,emotional_stability,high
360,12000,forehead,426.5,214.7,736.1,445.4,693.1,358.4,1080.1,646.7,emotional_stability_high4_PHv6CzBIC5E.001.mp4,1280,720,30.0,459,emotional_stability,high
360,12000,chin,426.5,332.0,696.4,553.0,693.1,505.0,1030.5,781.2,emotional_stability_high4_PHv6CzBIC5E.001.mp4,1280,720,30.0,459,emotional_stability,high
360,12000,left_cheek,475.9,348.6,593.7,474.4,754.9,525.7,902.1,683.0,emotional_stability_high4_PHv6CzBIC5E.001.mp4,1280,720,30.0,459,emotional_stability,high
360,12000,right_cheek,673.0,350.2,720.9,467.3,1001.3,527.7,1061.2,674.2,emotional_stability_high4_PHv6CzBIC5E.001.mp4,1280,720,30.0,459,emotional_stability,high
361,12033,left_eye,503.6,282.5,629.1,349.6,789.5,443.2,946.4,527.0,emotional_stability_high4_PHv6CzBIC5E.001.mp4,1280,720,30.0,459,emotional_stability,high
361,12033,right_eye,665.2,275.6,737.1,344.1,991.5,434.5,1081.3,520.1,emotional_stability_high4_PHv6CzBIC5E.001.mp4,1280,720,30.0,459,emotional_stability,high
361,12033,nose,603.8,323.3,687.4,435.9,914.8,494.2,1019.2,634.9,emotional_stability_high4_PHv6CzBIC5E.001.mp4,1280,720,30.0,459,emotional_stability,high
361,12033,mouth,561.9,455.2,663.8,501.6,862.4,659.0,989.8,717.0,emotional_stability_high4_PHv6CzBIC5E.001.mp4,1280,720,30.0,459,emotional_stability,high
361,12033,forehead,421.1,217.5,732.8,449.1,686.4,361.9,1076.0,651.4,emotional_stability_high4_PHv6CzBIC5E.001.mp4,1280,720,30.0,459,emotional_stability,high
361,12033,chin,421.1,337.0,694.5,554.6,686.4,511.2,1028.2,783.2,emotional_stability_high4_PHv6CzBIC5E.001.mp4,1280,720,30.0,459,emotional_stability,high
361,12033,left_cheek,474.1,352.1,593.8,476.1,752.7,530.1,902.2,685.1,emotional_stability_high4_PHv6CzBIC5E.001.mp4,1280,720,30.0,459,emotional_stability,high
361,12033,right_cheek,673.0,350.4,719.5,467.5,1001.2,528.0,1059.4,674.4,emotional_stability_high4_PHv6CzBIC5E.001.mp4,1280,720,30.0,459,emotional_stability,high
362,12066,left_eye,505.9,282.1,629.6,349.5,792.4,442.6,947.1,526.8,emotional_stability_high4_PHv6CzBIC5E.001.mp4,1280,720,30.0,459,emotional_stability,high
362,12066,right_eye,665.2,274.7,737.0,343.0,991.5,433.4,1081.3,518.8,emotional_stability_high4_PHv6CzBIC5E.001.mp4,1280,720,30.0,459,emotional_stability,high
362,12066,nose,603.8,322.5,687.1,435.9,914.7,493.1,1018.9,634.9,emotional_stability_high4_PHv6CzBIC5E.001.mp4,1280,720,30.0,459,emotional_stability,high
362,12066,mouth,562.2,454.5,664.2,501.9,862.7,658.2,990.3,717.3,emotional_stability_high4_PHv6CzBIC5E.001.mp4,1280,720,30.0,459,emotional_stability,high
362,12066,forehead,428.8,215.2,734.6,447.8,696.0,359.0,1078.2,649.7,emotional_stability_high4_PHv6CzBIC5E.001.mp4,1280,720,30.0,459,emotional_stability,high
362,12066,chin,428.8,334.6,699.2,552.8,696.0,508.2,1034.0,780.9,emotional_stability_high4_PHv6CzBIC5E.001.mp4,1280,720,30.0,459,emotional_stability,high
362,12066,left_cheek,478.1,350.9,594.4,476.1,757.7,528.6,903.0,685.1,emotional_stability_high4_PHv6CzBIC5E.001.mp4,1280,720,30.0,459,emotional_stability,high
362,12066,right_cheek,673.0,349.0,721.0,467.0,1001.2,526.2,1061.3,673.7,emotional_stability_high4_PHv6CzBIC5E.001.mp4,1280,720,30.0,459,emotional_stability,high
363,12100,left_eye,506.7,280.6,630.5,349.0,793.4,440.8,948.2,526.2,emotional_stability_high4_PHv6CzBIC5E.001.mp4,1280,720,30.0,459,emotional_stability,high
363,12100,right_eye,665.2,274.2,735.8,342.7,991.5,432.7,1079.7,518.4,emotional_stability_high4_PHv6CzBIC5E.001.mp4,1280,720,30.0,459,emotional_stability,high
363,12100,nose,604.2,322.0,687.8,435.2,915.2,492.5,1019.7,634.0,emotional_stability_high4_PHv6CzBIC5E.001.mp4,1280,720,30.0,459,emotional_stability,high
363,12100,mouth,563.8,453.3,665.0,501.7,864.7,656.6,991.2,717.1,emotional_stability_high4_PHv6CzBIC5E.001.mp4,1280,720,30.0,459,emotional_stability,high
363,12100,forehead,428.1,215.1,732.9,448.0,695.2,358.8,1076.1,650.0,emotional_stability_high4_PHv6CzBIC5E.001.mp4,1280,720,30.0,459,emotional_stability,high
363,12100,chin,428.1,335.0,695.8,553.0,695.2,508.7,1029.8,781.3,emotional_stability_high4_PHv6CzBIC5E.001.mp4,1280,720,30.0,459,emotional_stability,high
363,12100,left_cheek,478.1,350.8,595.1,475.9,757.7,528.5,903.9,684.9,emotional_stability_high4_PHv6CzBIC5E.001.mp4,1280,720,30.0,459,emotional_stability,high
363,12100,right_cheek,673.2,348.9,720.1,466.8,1001.4,526.1,1060.1,673.6,emotional_stability_high4_PHv6CzBIC5E.001.mp4,1280,720,30.0,459,emotional_stability,high
364,12133,left_eye,508.3,280.2,630.8,347.9,795.4,440.3,948.5,524.8,emotional_stability_high4_PHv6CzBIC5E.001.mp4,1280,720,30.0,459,emotional_stability,high
364,12133,right_eye,665.1,274.3,735.7,342.6,991.3,432.9,1079.7,518.2,emotional_stability_high4_PHv6CzBIC5E.001.mp4,1280,720,30.0,459,emotional_stability,high
364,12133,nose,604.0,321.4,687.6,434.0,915.1,491.7,1019.5,632.5,emotional_stability_high4_PHv6CzBIC5E.001.mp4,1280,720,30.0,459,emotional_stability,high
364,12133,mouth,564.2,452.8,665.2,501.5,865.3,656.0,991.6,716.9,emotional_stability_high4_PHv6CzBIC5E.001.mp4,1280,720,30.0,459,emotional_stability,high
364,12133,forehead,429.1,214.0,733.3,447.9,696.4,357.5,1076.6,649.9,emotional_stability_high4_PHv6CzBIC5E.001.mp4,1280,720,30.0,459,emotional_stability,high
364,12133,chin,429.1,334.6,698.5,552.6,696.4,508.3,1033.1,780.8,emotional_stability_high4_PHv6CzBIC5E.001.mp4,1280,720,30.0,459,emotional_stability,high
364,12133,left_cheek,479.8,349.7,595.4,475.6,759.8,527.1,904.3,684.5,emotional_stability_high4_PHv6CzBIC5E.001.mp4,1280,720,30.0,459,emotional_stability,high
364,12133,right_cheek,673.3,348.7,721.5,466.7,1001.7,525.9,1061.8,673.4,emotional_stability_high4_PHv6CzBIC5E.001.mp4,1280,720,30.0,459,emotional_stability,high
365,12166,left_eye,503.3,280.2,629.5,348.4,789.1,440.3,946.9,525.5,emotional_stability_high4_PHv6CzBIC5E.001.mp4,1280,720,30.0,459,emotional_stability,high
365,12166,right_eye,662.7,276.3,734.2,343.9,988.4,435.4,1077.8,519.9,emotional_stability_high4_PHv6CzBIC5E.001.mp4,1280,720,30.0,459,emotional_stability,high
365,12166,nose,602.3,321.9,687.3,434.3,912.9,492.4,1019.1,632.8,emotional_stability_high4_PHv6CzBIC5E.001.mp4,1280,720,30.0,459,emotional_stability,high
365,12166,mouth,563.5,452.8,664.8,501.5,864.4,656.0,991.0,716.9,emotional_stability_high4_PHv6CzBIC5E.001.mp4,1280,720,30.0,459,emotional_stability,high
365,12166,forehead,416.3,214.7,731.7,450.1,680.3,358.4,1074.7,652.6,emotional_stability_high4_PHv6CzBIC5E.001.mp4,1280,720,30.0,459,emotional_stability,high
365,12166,chin,416.3,337.0,691.1,554.5,680.3,511.3,1023.9,783.1,emotional_stability_high4_PHv6CzBIC5E.001.mp4,1280,720,30.0,459,emotional_stability,high
365,12166,left_cheek,472.0,350.5,592.6,475.9,750.0,528.2,900.7,684.8,emotional_stability_high4_PHv6CzBIC5E.001.mp4,1280,720,30.0,459,emotional_stability,high
365,12166,right_cheek,672.9,351.9,718.9,468.9,1001.1,529.9,1058.7,676.1,emotional_stability_high4_PHv6CzBIC5E.001.mp4,1280,720,30.0,459,emotional_stability,high
366,12200,left_eye,504.8,280.3,629.6,347.8,791.0,440.4,947.0,524.7,emotional_stability_high4_PHv6CzBIC5E.001.mp4,1280,720,30.0,459,emotional_stability,high
366,12200,right_eye,662.8,275.4,734.5,341.5,988.5,434.2,1078.2,516.9,emotional_stability_high4_PHv6CzBIC5E.001.mp4,1280,720,30.0,459,emotional_stability,high
366,12200,nose,602.1,321.0,685.2,434.1,912.6,491.2,1016.4,632.6,emotional_stability_high4_PHv6CzBIC5E.001.mp4,1280,720,30.0,459,emotional_stability,high
366,12200,mouth,563.5,452.5,663.6,501.4,864.4,655.6,989.5,716.8,emotional_stability_high4_PHv6CzBIC5E.001.mp4,1280,720,30.0,459,emotional_stability,high
366,12200,forehead,420.1,213.1,734.8,449.5,685.1,356.4,1078.6,651.9,emotional_stability_high4_PHv6CzBIC5E.001.mp4,1280,720,30.0,459,emotional_stability,high
366,12200,chin,420.1,336.4,695.8,552.2,685.1,510.5,1029.8,780.2,emotional_stability_high4_PHv6CzBIC5E.001.mp4,1280,720,30.0,459,emotional_stability,high
366,12200,left_cheek,473.6,349.8,592.6,475.3,752.0,527.3,900.7,684.1,emotional_stability_high4_PHv6CzBIC5E.001.mp4,1280,720,30.0,459,emotional_stability,high
366,12200,right_cheek,672.1,349.0,719.2,467.2,1000.2,526.3,1059.0,674.0,emotional_stability_high4_PHv6CzBIC5E.001.mp4,1280,720,30.0,459,emotional_stability,high
367,12233,left_eye,503.9,280.5,629.0,348.7,789.9,440.7,946.2,525.9,emotional_stability_high4_PHv6CzBIC5E.001.mp4,1280,720,30.0,459,emotional_stability,high
367,12233,right_eye,661.8,277.2,734.1,343.7,987.3,436.5,1077.6,519.6,emotional_stability_high4_PHv6CzBIC5E.001.mp4,1280,720,30.0,459,emotional_stability,high
367,12233,nose,601.7,322.1,685.1,435.7,912.1,492.7,1016.4,634.7,emotional_stability_high4_PHv6CzBIC5E.001.mp4,1280,720,30.0,459,emotional_stability,high
367,12233,mouth,563.9,453.5,663.4,501.0,864.9,656.8,989.2,716.2,emotional_stability_high4_PHv6CzBIC5E.001.mp4,1280,720,30.0,459,emotional_stability,high
367,12233,forehead,420.7,214.4,733.1,450.3,685.8,358.0,1076.4,652.8,emotional_stability_high4_PHv6CzBIC5E.001.mp4,1280,720,30.0,459,emotional_stability,high
367,12233,chin,420.7,337.5,691.1,553.1,685.8,511.8,1023.9,781.4,emotional_stability_high4_PHv6CzBIC5E.001.mp4,1280,720,30.0,459,emotional_stability,high
367,12233,left_cheek,473.3,350.3,592.0,475.3,751.7,527.9,900.0,684.2,emotional_stability_high4_PHv6CzBIC5E.001.mp4,1280,720,30.0,459,emotional_stability,high
367,12233,right_cheek,671.4,351.5,717.4,468.3,999.2,529.4,1056.7,675.4,emotional_stability_high4_PHv6CzBIC5E.001.mp4,1280,720,30.0,459,emotional_stability,high
368,12266,left_eye,505.8,280.2,629.5,348.5,792.3,440.3,946.8,525.6,emotional_stability_high4_PHv6CzBIC5E.001.mp4,1280,720,30.0,459,emotional_stability,high
368,12266,right_eye,662.4,277.0,735.0,342.7,987.9,436.3,1078.8,518.4,emotional_stability_high4_PHv6CzBIC5E.001.mp4,1280,720,30.0,459,emotional_stability,high
368,12266,nose,601.9,322.0,685.0,435.7,912.4,492.5,1016.3,634.6,emotional_stability_high4_PHv6CzBIC5E.001.mp4,1280,720,30.0,459,emotional_stability,high
368,12266,mouth,563.9,453.4,664.1,501.4,864.9,656.8,990.2,716.8,emotional_stability_high4_PHv6CzBIC5E.001.mp4,1280,720,30.0,459,emotional_stability,high
368,12266,forehead,429.3,213.6,735.3,448.7,696.6,357.1,1079.1,650.9,emotional_stability_high4_PHv6CzBIC5E.001.mp4,1280,720,30.0,459,emotional_stability,high
368,12266,chin,429.3,335.7,696.9,552.7,696.6,509.6,1031.1,780.8,emotional_stability_high4_PHv6CzBIC5E.001.mp4,1280,720,30.0,459,emotional_stability,high
368,12266,left_cheek,477.0,349.9,593.0,475.3,756.2,527.3,901.2,684.2,emotional_stability_high4_PHv6CzBIC5E.001.mp4,1280,720,30.0,459,emotional_stability,high
368,12266,right_cheek,671.6,350.2,719.7,468.3,999.5,527.8,1059.6,675.4,emotional_stability_high4_PHv6CzBIC5E.001.mp4,1280,720,30.0,459,emotional_stability,high
369,12300,left_eye,505.3,280.2,629.4,349.0,791.6,440.3,946.8,526.2,emotional_stability_high4_PHv6CzBIC5E.001.mp4,1280,720,30.0,459,emotional_stability,high
369,12300,right_eye,660.8,278.9,733.6,345.1,986.0,438.7,1077.0,521.4,emotional_stability_high4_PHv6CzBIC5E.001.mp4,1280,720,30.0,459,emotional_stability,high
369,12300,nose,601.2,322.7,685.0,436.0,911.6,493.4,1016.3,635.0,emotional_stability_high4_PHv6CzBIC5E.001.mp4,1280,720,30.0,459,emotional_stability,high
369,12300,mouth,563.9,453.7,663.5,501.9,864.9,657.2,989.4,717.3,emotional_stability_high4_PHv6CzBIC5E.001.mp4,1280,720,30.0,459,emotional_stability,high
369,12300,forehead,423.6,214.9,732.2,449.6,689.5,358.6,1075.3,652.0,emotional_stability_high4_PHv6CzBIC5E.001.mp4,1280,720,30.0,459,emotional_stability,high
369,12300,chin,423.6,337.3,689.0,555.9,689.5,511.6,1021.2,784.8,emotional_stability_high4_PHv6CzBIC5E.001.mp4,1280,720,30.0,459,emotional_stability,high
369,12300,left_cheek,473.4,350.5,592.0,475.8,751.7,528.2,900.0,684.8,emotional_stability_high4_PHv6CzBIC5E.001.mp4,1280,720,30.0,459,emotional_stability,high
369,12300,right_cheek,670.9,354.0,716.0,471.0,998.6,532.5,1055.0,678.8,emotional_stability_high4_PHv6CzBIC5E.001.mp4,1280,720,30.0,459,emotional_stability,high
370,12333,left_eye,506.0,280.4,629.4,349.0,792.5,440.5,946.8,526.2,emotional_stability_high4_PHv6CzBIC5E.001.mp4,1280,720,30.0,459,emotional_stability,high
370,12333,right_eye,662.7,278.6,735.7,344.4,988.3,438.2,1079.7,520.5,emotional_stability_high4_PHv6CzBIC5E.001.mp4,1280,720,30.0,459,emotional_stability,high
370,12333,nose,601.6,322.6,684.1,435.9,912.0,493.2,1015.1,634.9,emotional_stability_high4_PHv6CzBIC5E.001.mp4,1280,720,30.0,459,emotional_stability,high
370,12333,mouth,564.2,453.3,663.5,502.3,865.2,656.7,989.3,717.9,emotional_stability_high4_PHv6CzBIC5E.001.mp4,1280,720,30.0,459,emotional_stability,high
370,12333,forehead,432.7,214.3,736.7,447.3,700.9,357.9,1080.9,649.1,emotional_stability_high4_PHv6CzBIC5E.001.mp4,1280,720,30.0,459,emotional_stability,high
370,12333,chin,432.7,335.8,697.5,551.3,700.9,509.8,1031.9,779.2,emotional_stability_high4_PHv6CzBIC5E.001.mp4,1280,720,30.0,459,emotional_stability,high
370,12333,left_cheek,479.4,350.3,593.0,475.2,759.2,527.8,901.3,684.0,emotional_stability_high4_PHv6CzBIC5E.001.mp4,1280,720,30.0,459,emotional_stability,high
370,12333,right_cheek,671.0,351.0,719.8,468.4,998.8,528.8,1059.7,675.5,emotional_stability_high4_PHv6CzBIC5E.001.mp4,1280,720,30.0,459,emotional_stability,high
371,12366,left_eye,502.9,283.0,627.0,350.9,788.6,443.8,943.8,528.6,emotional_stability_high4_PHv6CzBIC5E.001.mp4,1280,720,30.0,459,emotional_stability,high
371,12366,right_eye,661.5,282.6,735.5,346.7,986.8,443.2,1079.4,523.4,emotional_stability_high4_PHv6CzBIC5E.001.mp4,1280,720,30.0,459,emotional_stability,high
371,12366,nose,600.2,325.2,684.1,437.1,910.3,496.5,1015.1,636.4,emotional_stability_high4_PHv6CzBIC5E.001.mp4,1280,720,30.0,459,emotional_stability,high
371,12366,mouth,564.7,454.9,663.4,502.4,865.8,658.6,989.3,718.0,emotional_stability_high4_PHv6CzBIC5E.001.mp4,1280,720,30.0,459,emotional_stability,high
371,12366,forehead,431.2,217.5,736.1,448.0,699.1,361.9,1080.1,649.9,emotional_stability_high4_PHv6CzBIC5E.001.mp4,1280,720,30.0,459,emotional_stability,high
371,12366,chin,431.2,337.1,697.3,553.4,699.1,511.3,1031.6,781.7,emotional_stability_high4_PHv6CzBIC5E.001.mp4,1280,720,30.0,459,emotional_stability,high
371,12366,left_cheek,478.8,351.7,591.7,475.6,758.6,529.6,899.6,684.6,emotional_stability_high4_PHv6CzBIC5E.001.mp4,1280,720,30.0,459,emotional_stability,high
371,12366,right_cheek,670.4,352.1,718.8,468.8,998.0,530.1,1058.6,676.0,emotional_stability_high4_PHv6CzBIC5E.001.mp4,1280,720,30.0,459,emotional_stability,high
372,12400,left_eye,498.5,282.9,627.1,350.9,783.1,443.6,943.9,528.6,emotional_stability_high4_PHv6CzBIC5E.001.mp4,1280,720,30.0,459,emotional_stability,high
372,12400,right_eye,661.5,281.9,733.3,346.1,986.8,442.4,1076.6,522.7,emotional_stability_high4_PHv6CzBIC5E.001.mp4,1280,720,30.0,459,emotional_stability,high
372,12400,nose,600.6,324.9,684.7,437.4,910.8,496.1,1015.9,636.8,emotional_stability_high4_PHv6CzBIC5E.001.mp4,1280,720,30.0,459,emotional_stability,high
372,12400,mouth,561.0,454.9,662.3,505.1,861.2,658.6,987.9,721.4,emotional_stability_high4_PHv6CzBIC5E.001.mp4,1280,720,30.0,459,emotional_stability,high
372,12400,forehead,404.9,216.9,732.1,448.0,666.1,361.1,1075.1,650.0,emotional_stability_high4_PHv6CzBIC5E.001.mp4,1280,720,30.0,459,emotional_stability,high
372,12400,chin,404.9,335.3,688.1,553.4,666.1,509.2,1020.1,781.8,emotional_stability_high4_PHv6CzBIC5E.001.mp4,1280,720,30.0,459,emotional_stability,high
372,12400,left_cheek,465.6,351.6,590.8,476.4,742.0,529.5,898.5,685.5,emotional_stability_high4_PHv6CzBIC5E.001.mp4,1280,720,30.0,459,emotional_stability,high
372,12400,right_cheek,670.4,351.8,717.0,469.4,998.0,529.8,1056.3,676.7,emotional_stability_high4_PHv6CzBIC5E.001.mp4,1280,720,30.0,459,emotional_stability,high
373,12433,left_eye,498.5,282.8,627.1,350.1,783.1,443.5,943.9,527.6,emotional_stability_high4_PHv6CzBIC5E.001.mp4,1280,720,30.0,459,emotional_stability,high
373,12433,right_eye,663.1,280.9,735.6,345.8,988.9,441.1,1079.6,522.2,emotional_stability_high4_PHv6CzBIC5E.001.mp4,1280,720,30.0,459,emotional_stability,high
373,12433,nose,600.5,324.8,685.1,437.8,910.6,496.0,1016.4,637.3,emotional_stability_high4_PHv6CzBIC5E.001.mp4,1280,720,30.0,459,emotional_stability,high
373,12433,mouth,561.5,455.9,662.5,505.6,861.9,659.9,988.1,722.0,emotional_stability_high4_PHv6CzBIC5E.001.mp4,1280,720,30.0,459,emotional_stability,high
373,12433,forehead,411.1,216.0,737.3,447.8,673.9,360.0,1081.6,649.7,emotional_stability_high4_PHv6CzBIC5E.001.mp4,1280,720,30.0,459,emotional_stability,high
373,12433,chin,411.1,335.2,697.5,553.7,673.9,509.0,1031.9,782.1,emotional_stability_high4_PHv6CzBIC5E.001.mp4,1280,720,30.0,459,emotional_stability,high
373,12433,left_cheek,467.7,351.6,590.8,476.4,744.6,529.5,898.6,685.5,emotional_stability_high4_PHv6CzBIC5E.001.mp4,1280,720,30.0,459,emotional_stability,high
373,12433,right_cheek,671.0,350.2,719.8,468.9,998.8,527.7,1059.8,676.1,emotional_stability_high4_PHv6CzBIC5E.001.mp4,1280,720,30.0,459,emotional_stability,high
374,12466,left_eye,504.3,282.8,627.7,350.0,790.3,443.5,944.6,527.5,emotional_stability_high4_PHv6CzBIC5E.001.mp4,1280,720,30.0,459,emotional_stability,high
374,12466,right_eye,663.1,280.5,735.7,345.5,988.9,440.6,1079.6,521.9,emotional_stability_high4_PHv6CzBIC5E.001.mp4,1280,720,30.0,459,emotional_stability,high
374,12466,nose,600.4,324.6,684.3,437.7,910.5,495.7,1015.4,637.1,emotional_stability_high4_PHv6CzBIC5E.001.mp4,1280,720,30.0,459,emotional_stability,high
374,12466,mouth,561.7,455.9,661.1,505.3,862.2,659.8,986.4,721.6,emotional_stability_high4_PHv6CzBIC5E.001.mp4,1280,720,30.0,459,emotional_stability,high
374,12466,forehead,426.9,215.8,737.1,445.1,693.6,359.8,1081.4,646.4,emotional_stability_high4_PHv6CzBIC5E.001.mp4,1280,720,30.0,459,emotional_stability,high
374,12466,chin,426.9,333.6,697.4,552.1,693.6,507.0,1031.8,780.1,emotional_stability_high4_PHv6CzBIC5E.001.mp4,1280,720,30.0,459,emotional_stability,high
374,12466,left_cheek,475.7,350.1,591.6,475.2,754.6,527.7,899.6,684.0,emotional_stability_high4_PHv6CzBIC5E.001.mp4,1280,720,30.0,459,emotional_stability,high
374,12466,right_cheek,670.8,350.2,719.8,468.9,998.4,527.7,1059.7,676.1,emotional_stability_high4_PHv6CzBIC5E.001.mp4,1280,720,30.0,459,emotional_stability,high
375,12500,left_eye,502.3,282.7,627.6,350.2,787.9,443.4,944.6,527.7,emotional_stability_high4_PHv6CzBIC5E.001.mp4,1280,720,30.0,459,emotional_stability,high
375,12500,right_eye,663.0,280.6,736.2,345.7,988.8,440.8,1080.2,522.2,emotional_stability_high4_PHv6CzBIC5E.001.mp4,1280,720,30.0,459,emotional_stability,high
375,12500,nose,600.4,324.8,684.5,437.7,910.5,496.0,1015.6,637.1,emotional_stability_high4_PHv6CzBIC5E.001.mp4,1280,720,30.0,459,emotional_stability,high
375,12500,mouth,561.5,456.3,661.1,505.1,861.8,660.4,986.3,721.4,emotional_stability_high4_PHv6CzBIC5E.001.mp4,1280,720,30.0,459,emotional_stability,high
375,12500,forehead,422.2,216.8,736.9,445.2,687.7,361.0,1081.1,646.6,emotional_stability_high4_PHv6CzBIC5E.001.mp4,1280,720,30.0,459,emotional_stability,high
375,12500,chin,422.2,333.3,697.1,554.1,687.7,506.6,1031.4,782.7,emotional_stability_high4_PHv6CzBIC5E.001.mp4,1280,720,30.0,459,emotional_stability,high
375,12500,left_cheek,472.6,350.1,591.2,475.2,750.7,527.6,899.0,684.0,emotional_stability_high4_PHv6CzBIC5E.001.mp4,1280,720,30.0,459,emotional_stability,high
375,12500,right_cheek,670.8,350.6,719.8,469.1,998.5,528.2,1059.7,676.4,emotional_stability_high4_PHv6CzBIC5E.001.mp4,1280,720,30.0,459,emotional_stability,high
376,12533,left_eye,504.8,282.7,627.7,350.1,791.1,443.4,944.6,527.6,emotional_stability_high4_PHv6CzBIC5E.001.mp4,1280,720,30.0,459,emotional_stability,high
376,12533,right_eye,663.4,278.6,736.1,343.6,989.3,438.3,1080.2,519.5,emotional_stability_high4_PHv6CzBIC5E.001.mp4,1280,720,30.0,459,emotional_stability,high
376,12533,nose,600.4,324.7,681.8,437.8,910.5,495.9,1012.3,637.3,emotional_stability_high4_PHv6CzBIC5E.001.mp4,1280,720,30.0,459,emotional_stability,high
376,12533,mouth,561.7,456.2,659.2,505.2,862.1,660.3,984.0,721.5,emotional_stability_high4_PHv6CzBIC5E.001.mp4,1280,720,30.0,459,emotional_stability,high
376,12533,forehead,431.1,215.9,736.8,440.3,698.9,359.9,1081.0,640.4,emotional_stability_high4_PHv6CzBIC5E.001.mp4,1280,720,30.0,459,emotional_stability,high
376,12533,chin,431.1,328.9,697.1,546.7,698.9,501.1,1031.4,773.4,emotional_stability_high4_PHv6CzBIC5E.001.mp4,1280,720,30.0,459,emotional_stability,high
376,12533,left_cheek,477.6,348.7,591.6,473.6,757.0,525.9,899.5,682.0,emotional_stability_high4_PHv6CzBIC5E.001.mp4,1280,720,30.0,459,emotional_stability,high
376,12533,right_cheek,669.9,345.3,719.8,464.8,997.3,521.7,1059.7,671.1,emotional_stability_high4_PHv6CzBIC5E.001.mp4,1280,720,30.0,459,emotional_stability,high
377,12566,left_eye,504.6,283.9,627.7,351.1,790.8,444.9,944.6,528.8,emotional_stability_high4_PHv6CzBIC5E.001.mp4,1280,720,30.0,459,emotional_stability,high
377,12566,right_eye,662.8,279.4,735.1,344.1,988.5,439.2,1078.8,520.1,emotional_stability_high4_PHv6CzBIC5E.001.mp4,1280,720,30.0,459,emotional_stability,high
377,12566,nose,600.4,325.5,682.1,438.1,910.5,496.8,1012.6,637.6,emotional_stability_high4_PHv6CzBIC5E.001.mp4,1280,720,30.0,459,emotional_stability,high
377,12566,mouth,562.2,457.0,658.7,505.1,862.7,661.3,983.4,721.4,emotional_stability_high4_PHv6CzBIC5E.001.mp4,1280,720,30.0,459,emotional_stability,high
377,12566,forehead,431.8,218.9,735.6,440.3,699.7,363.6,1079.5,640.4,emotional_stability_high4_PHv6CzBIC5E.001.mp4,1280,720,30.0,459,emotional_stability,high
377,12566,chin,431.8,329.7,697.0,547.3,699.7,502.2,1031.2,774.1,emotional_stability_high4_PHv6CzBIC5E.001.mp4,1280,720,30.0,459,emotional_stability,high
377,12566,left_cheek,478.6,348.9,591.6,473.0,758.2,526.2,899.5,681.3,emotional_stability_high4_PHv6CzBIC5E.001.mp4,1280,720,30.0,459,emotional_stability,high
377,12566,right_cheek,669.3,345.9,718.7,464.5,996.6,522.4,1058.4,670.7,emotional_stability_high4_PHv6CzBIC5E.001.mp4,1280,720,30.0,459,emotional_stability,high
378,12600,left_eye,508.5,283.6,629.5,350.8,795.6,444.5,946.9,528.5,emotional_stability_high4_PHv6CzBIC5E.001.mp4,1280,720,30.0,459,emotional_stability,high
378,12600,right_eye,661.1,279.1,733.1,344.1,986.4,438.9,1076.4,520.1,emotional_stability_high4_PHv6CzBIC5E.001.mp4,1280,720,30.0,459,emotional_stability,high
378,12600,nose,601.7,325.3,681.7,439.7,912.1,496.7,1012.2,639.6,emotional_stability_high4_PHv6CzBIC5E.001.mp4,1280,720,30.0,459,emotional_stability,high
378,12600,mouth,563.9,458.8,657.8,505.1,864.9,663.5,982.2,721.3,emotional_stability_high4_PHv6CzBIC5E.001.mp4,1280,720,30.0,459,emotional_stability,high
378,12600,forehead,434.7,218.5,730.2,440.8,703.3,363.1,1072.7,641.0,emotional_stability_high4_PHv6CzBIC5E.001.mp4,1280,720,30.0,459,emotional_stability,high
378,12600,chin,434.7,330.0,690.9,548.1,703.3,502.5,1023.6,775.1,emotional_stability_high4_PHv6CzBIC5E.001.mp4,1280,720,30.0,459,emotional_stability,high
378,12600,left_cheek,480.4,348.9,593.4,473.0,760.6,526.2,901.8,681.2,emotional_stability_high4_PHv6CzBIC5E.001.mp4,1280,720,30.0,459,emotional_stability,high
378,12600,right_cheek,667.5,346.8,713.4,465.8,994.4,523.5,1051.7,672.3,emotional_stability_high4_PHv6CzBIC5E.001.mp4,1280,720,30.0,459,emotional_stability,high
379,12633,left_eye,507.6,279.0,629.3,348.0,794.5,438.7,946.6,525.0,emotional_stability_high4_PHv6CzBIC5E.001.mp4,1280,720,30.0,459,emotional_stability,high
379,12633,right_eye,660.6,276.1,733.0,342.7,985.7,435.1,1076.2,518.4,emotional_stability_high4_PHv6CzBIC5E.001.mp4,1280,720,30.0,459,emotional_stability,high
379,12633,nose,600.8,323.4,681.1,439.1,911.0,494.2,1011.4,638.8,emotional_stability_high4_PHv6CzBIC5E.001.mp4,1280,720,30.0,459,emotional_stability,high
379,12633,mouth,563.3,458.3,657.0,503.3,864.1,662.9,981.2,719.1,emotional_stability_high4_PHv6CzBIC5E.001.mp4,1280,720,30.0,459,emotional_stability,high
379,12633,forehead,432.8,215.7,730.6,434.6,701.0,359.6,1073.3,633.3,emotional_stability_high4_PHv6CzBIC5E.001.mp4,1280,720,30.0,459,emotional_stability,high
379,12633,chin,432.8,324.8,690.6,543.8,701.0,496.0,1023.3,769.7,emotional_stability_high4_PHv6CzBIC5E.001.mp4,1280,720,30.0,459,emotional_stability,high
379,12633,left_cheek,479.7,345.1,593.4,468.6,759.6,521.4,901.7,675.8,emotional_stability_high4_PHv6CzBIC5E.001.mp4,1280,720,30.0,459,emotional_stability,high
379,12633,right_cheek,667.4,346.7,713.9,464.6,994.2,523.3,1052.4,670.8,emotional_stability_high4_PHv6CzBIC5E.001.mp4,1280,720,30.0,459,emotional_stability,high
380,12666,left_eye,505.5,281.5,629.1,349.5,791.8,441.8,946.4,526.9,emotional_stability_high4_PHv6CzBIC5E.001.mp4,1280,720,30.0,459,emotional_stability,high
380,12666,right_eye,660.6,277.6,732.9,343.0,985.8,437.0,1076.1,518.7,emotional_stability_high4_PHv6CzBIC5E.001.mp4,1280,720,30.0,459,emotional_stability,high
380,12666,nose,600.7,325.0,681.9,439.0,910.9,496.3,1012.4,638.8,emotional_stability_high4_PHv6CzBIC5E.001.mp4,1280,720,30.0,459,emotional_stability,high
380,12666,mouth,562.9,458.1,657.2,503.6,863.6,662.6,981.6,719.5,emotional_stability_high4_PHv6CzBIC5E.001.mp4,1280,720,30.0,459,emotional_stability,high
380,12666,forehead,429.9,218.5,730.5,436.5,697.4,363.2,1073.1,635.6,emotional_stability_high4_PHv6CzBIC5E.001.mp4,1280,720,30.0,459,emotional_stability,high
380,12666,chin,429.9,326.3,691.0,544.6,697.4,497.8,1023.8,770.8,emotional_stability_high4_PHv6CzBIC5E.001.mp4,1280,720,30.0,459,emotional_stability,high
380,12666,left_cheek,478.0,345.3,592.5,469.4,757.4,521.7,900.6,676.8,emotional_stability_high4_PHv6CzBIC5E.001.mp4,1280,720,30.0,459,emotional_stability,high
380,12666,right_cheek,667.5,346.8,714.5,464.2,994.4,523.5,1053.1,670.3,emotional_stability_high4_PHv6CzBIC5E.001.mp4,1280,720,30.0,459,emotional_stability,high
381,12700,left_eye,506.9,280.9,630.3,348.2,793.7,441.1,947.9,525.3,emotional_stability_high4_PHv6CzBIC5E.001.mp4,1280,720,30.0,459,emotional_stability,high
381,12700,right_eye,660.7,275.5,732.4,342.2,985.9,434.4,1075.4,517.8,emotional_stability_high4_PHv6CzBIC5E.001.mp4,1280,720,30.0,459,emotional_stability,high
381,12700,nose,601.8,324.4,681.8,438.9,912.3,495.5,1012.2,638.7,emotional_stability_high4_PHv6CzBIC5E.001.mp4,1280,720,30.0,459,emotional_stability,high
381,12700,mouth,562.8,458.0,657.3,502.9,863.5,662.5,981.6,718.6,emotional_stability_high4_PHv6CzBIC5E.001.mp4,1280,720,30.0,459,emotional_stability,high
381,12700,forehead,427.5,218.1,729.8,437.4,694.4,362.6,1072.2,636.7,emotional_stability_high4_PHv6CzBIC5E.001.mp4,1280,720,30.0,459,emotional_stability,high
381,12700,chin,427.5,326.3,688.3,545.5,694.4,497.8,1020.4,771.9,emotional_stability_high4_PHv6CzBIC5E.001.mp4,1280,720,30.0,459,emotional_stability,high
381,12700,left_cheek,476.3,345.7,593.0,469.9,755.4,522.1,901.2,677.4,emotional_stability_high4_PHv6CzBIC5E.001.mp4,1280,720,30.0,459,emotional_stability,high
381,12700,right_cheek,667.2,346.6,713.0,464.4,993.9,523.3,1051.2,670.5,emotional_stability_high4_PHv6CzBIC5E.001.mp4,1280,720,30.0,459,emotional_stability,high
382,12733,left_eye,507.9,281.0,631.6,348.2,794.9,441.3,949.5,525.2,emotional_stability_high4_PHv6CzBIC5E.001.mp4,1280,720,30.0,459,emotional_stability,high
382,12733,right_eye,661.4,275.7,733.3,342.2,986.7,434.6,1076.7,517.8,emotional_stability_high4_PHv6CzBIC5E.001.mp4,1280,720,30.0,459,emotional_stability,high
382,12733,nose,602.7,324.4,682.1,439.2,913.4,495.5,1012.7,639.0,emotional_stability_high4_PHv6CzBIC5E.001.mp4,1280,720,30.0,459,emotional_stability,high
382,12733,mouth,564.9,457.9,657.5,502.5,866.1,662.4,981.8,718.1,emotional_stability_high4_PHv6CzBIC5E.001.mp4,1280,720,30.0,459,emotional_stability,high
382,12733,forehead,427.3,218.3,730.0,438.0,694.1,362.9,1072.5,637.5,emotional_stability_high4_PHv6CzBIC5E.001.mp4,1280,720,30.0,459,emotional_stability,high
382,12733,chin,427.3,326.9,689.1,546.1,694.1,498.6,1021.4,772.7,emotional_stability_high4_PHv6CzBIC5E.001.mp4,1280,720,30.0,459,emotional_stability,high
382,12733,left_cheek,475.8,346.0,593.5,470.2,754.7,522.5,901.9,677.7,emotional_stability_high4_PHv6CzBIC5E.001.mp4,1280,720,30.0,459,emotional_stability,high
382,12733,right_cheek,667.1,346.7,713.4,464.5,993.9,523.4,1051.8,670.7,emotional_stability_high4_PHv6CzBIC5E.001.mp4,1280,720,30.0,459,emotional_stability,high
383,12766,left_eye,508.3,280.7,631.4,348.0,795.4,440.8,949.3,525.0,emotional_stability_high4_PHv6CzBIC5E.001.mp4,1280,720,30.0,459,emotional_stability,high
383,12766,right_eye,660.3,275.3,731.1,342.0,985.3,434.1,1073.9,517.5,emotional_stability_high4_PHv6CzBIC5E.001.mp4,1280,720,30.0,459,emotional_stability,high
383,12766,nose,602.7,323.9,681.8,439.2,913.3,494.8,1012.2,639.0,emotional_stability_high4_PHv6CzBIC5E.001.mp4,1280,720,30.0,459,emotional_stability,high
383,12766,mouth,564.2,457.9,657.6,502.5,865.3,662.3,982.0,718.2,emotional_stability_high4_PHv6CzBIC5E.001.mp4,1280,720,30.0,459,emotional_stability,high
383,12766,forehead,427.4,217.4,728.5,438.4,694.3,361.8,1070.6,638.0,emotional_stability_high4_PHv6CzBIC5E.001.mp4,1280,720,30.0,459,emotional_stability,high
383,12766,chin,427.4,327.1,686.1,546.5,694.3,498.9,1017.7,773.2,emotional_stability_high4_PHv6CzBIC5E.001.mp4,1280,720,30.0,459,emotional_stability,high
383,12766,left_cheek,475.8,346.2,593.5,470.4,754.8,522.7,901.9,677.9,emotional_stability_high4_PHv6CzBIC5E.001.mp4,1280,720,30.0,459,emotional_stability,high
383,12766,right_cheek,666.5,346.8,711.8,464.6,993.1,523.5,1049.7,670.8,emotional_stability_high4_PHv6CzBIC5E.001.mp4,1280,720,30.0,459,emotional_stability,high
384,12800,left_eye,508.9,281.1,631.4,348.0,796.1,441.4,949.3,525.0,emotional_stability_high4_PHv6CzBIC5E.001.mp4,1280,720,30.0,459,emotional_stability,high
384,12800,right_eye,660.3,275.4,731.2,341.9,985.4,434.3,1074.0,517.4,emotional_stability_high4_PHv6CzBIC5E.001.mp4,1280,720,30.0,459,emotional_stability,high
384,12800,nose,602.8,323.8,681.8,439.1,913.5,494.8,1012.3,638.9,emotional_stability_high4_PHv6CzBIC5E.001.mp4,1280,720,30.0,459,emotional_stability,high
384,12800,mouth,566.1,457.5,657.3,502.3,867.6,661.9,981.6,717.8,emotional_stability_high4_PHv6CzBIC5E.001.mp4,1280,720,30.0,459,emotional_stability,high
384,12800,forehead,427.6,217.4,727.7,438.6,694.5,361.8,1069.6,638.3,emotional_stability_high4_PHv6CzBIC5E.001.mp4,1280,720,30.0,459,emotional_stability,high
384,12800,chin,427.6,327.4,686.9,547.2,694.5,499.2,1018.6,774.0,emotional_stability_high4_PHv6CzBIC5E.001.mp4,1280,720,30.0,459,emotional_stability,high
384,12800,left_cheek,476.4,346.3,593.7,470.5,755.5,522.9,902.1,678.1,emotional_stability_high4_PHv6CzBIC5E.001.mp4,1280,720,30.0,459,emotional_stability,high
384,12800,right_cheek,666.3,346.8,712.1,464.7,992.9,523.6,1050.1,670.8,emotional_stability_high4_PHv6CzBIC5E.001.mp4,1280,720,30.0,459,emotional_stability,high
385,12833,left_eye,508.8,281.4,631.3,348.1,796.0,441.8,949.1,525.1,emotional_stability_high4_PHv6CzBIC5E.001.mp4,1280,720,30.0,459,emotional_stability,high
385,12833,right_eye,660.4,275.8,731.4,342.1,985.4,434.8,1074.2,517.6,emotional_stability_high4_PHv6CzBIC5E.001.mp4,1280,720,30.0,459,emotional_stability,high
385,12833,nose,602.2,324.1,681.6,439.2,912.8,495.1,1012.0,639.0,emotional_stability_high4_PHv6CzBIC5E.001.mp4,1280,720,30.0,459,emotional_stability,high
385,12833,mouth,565.9,457.5,657.3,503.5,867.4,661.8,981.7,719.4,emotional_stability_high4_PHv6CzBIC5E.001.mp4,1280,720,30.0,459,emotional_stability,high
385,12833,forehead,427.5,217.4,728.1,438.7,694.4,361.8,1070.2,638.3,emotional_stability_high4_PHv6CzBIC5E.001.mp4,1280,720,30.0,459,emotional_stability,high
385,12833,chin,427.5,327.6,687.6,547.4,694.4,499.4,1019.5,774.2,emotional_stability_high4_PHv6CzBIC5E.001.mp4,1280,720,30.0,459,emotional_stability,high
385,12833,left_cheek,476.1,346.4,593.3,470.5,755.1,523.0,901.7,678.2,emotional_stability_high4_PHv6CzBIC5E.001.mp4,1280,720,30.0,459,emotional_stability,high
385,12833,right_cheek,666.2,347.4,712.4,465.6,992.7,524.2,1050.4,672.0,emotional_stability_high4_PHv6CzBIC5E.001.mp4,1280,720,30.0,459,emotional_stability,high
386,12866,left_eye,508.6,281.5,631.3,348.1,795.8,441.8,949.1,525.1,emotional_stability_high4_PHv6CzBIC5E.001.mp4,1280,720,30.0,459,emotional_stability,high
386,12866,right_eye,660.6,276.6,731.5,342.7,985.7,435.7,1074.3,518.4,emotional_stability_high4_PHv6CzBIC5E.001.mp4,1280,720,30.0,459,emotional_stability,high
386,12866,nose,602.1,324.7,682.4,439.7,912.7,495.9,1013.0,639.7,emotional_stability_high4_PHv6CzBIC5E.001.mp4,1280,720,30.0,459,emotional_stability,high
386,12866,mouth,565.4,457.4,657.4,505.4,866.8,661.8,981.8,721.7,emotional_stability_high4_PHv6CzBIC5E.001.mp4,1280,720,30.0,459,emotional_stability,high
386,12866,forehead,420.1,217.7,728.2,441.4,685.2,362.1,1070.3,641.7,emotional_stability_high4_PHv6CzBIC5E.001.mp4,1280,720,30.0,459,emotional_stability,high
386,12866,chin,420.1,327.6,687.3,550.2,685.2,499.5,1019.2,777.8,emotional_stability_high4_PHv6CzBIC5E.001.mp4,1280,720,30.0,459,emotional_stability,high
386,12866,left_cheek,472.1,346.4,593.1,471.0,750.2,523.1,901.4,678.8,emotional_stability_high4_PHv6CzBIC5E.001.mp4,1280,720,30.0,459,emotional_stability,high
386,12866,right_cheek,665.8,349.3,712.3,467.8,992.3,526.7,1050.4,674.7,emotional_stability_high4_PHv6CzBIC5E.001.mp4,1280,720,30.0,459,emotional_stability,high
387,12900,left_eye,509.3,281.5,631.6,348.1,796.6,441.8,949.5,525.1,emotional_stability_high4_PHv6CzBIC5E.001.mp4,1280,720,30.0,459,emotional_stability,high
387,12900,right_eye,663.5,276.7,734.1,342.5,989.4,435.8,1077.6,518.1,emotional_stability_high4_PHv6CzBIC5E.001.mp4,1280,720,30.0,459,emotional_stability,high
387,12900,nose,601.6,324.7,682.4,439.7,912.1,495.9,1013.0,639.6,emotional_stability_high4_PHv6CzBIC5E.001.mp4,1280,720,30.0,459,emotional_stability,high
387,12900,mouth,565.1,457.0,657.5,505.3,866.4,661.3,981.8,721.6,emotional_stability_high4_PHv6CzBIC5E.001.mp4,1280,720,30.0,459,emotional_stability,high
387,12900,forehead,428.6,216.2,732.6,439.6,695.7,360.3,1075.8,639.6,emotional_stability_high4_PHv6CzBIC5E.001.mp4,1280,720,30.0,459,emotional_stability,high
387,12900,chin,428.6,327.6,694.9,549.1,695.7,499.5,1028.6,776.3,emotional_stability_high4_PHv6CzBIC5E.001.mp4,1280,720,30.0,459,emotional_stability,high
387,12900,left_cheek,474.6,346.4,593.2,471.0,753.2,523.1,901.5,678.8,emotional_stability_high4_PHv6CzBIC5E.001.mp4,1280,720,30.0,459,emotional_stability,high
387,12900,right_cheek,667.7,348.2,716.4,467.2,994.6,525.3,1055.5,674.0,emotional_stability_high4_PHv6CzBIC5E.001.mp4,1280,720,30.0,459,emotional_stability,high
388,12933,left_eye,505.3,283.3,628.9,350.1,791.7,444.2,946.1,527.7,emotional_stability_high4_PHv6CzBIC5E.001.mp4,1280,720,30.0,459,emotional_stability,high
388,12933,right_eye,661.9,280.1,734.0,343.9,987.3,440.2,1077.5,519.9,emotional_stability_high4_PHv6CzBIC5E.001.mp4,1280,720,30.0,459,emotional_stability,high
388,12933,nose,601.0,326.1,682.9,439.7,911.3,497.6,1013.6,639.6,emotional_stability_high4_PHv6CzBIC5E.001.mp4,1280,720,30.0,459,emotional_stability,high
388,12933,mouth,565.1,457.0,658.4,505.5,866.3,661.2,983.0,721.8,emotional_stability_high4_PHv6CzBIC5E.001.mp4,1280,720,30.0,459,emotional_stability,high
388,12933,forehead,427.9,218.2,732.1,442.0,694.8,362.8,1075.1,642.6,emotional_stability_high4_PHv6CzBIC5E.001.mp4,1280,720,30.0,459,emotional_stability,high
388,12933,chin,427.9,331.0,694.3,550.7,694.8,503.8,1027.9,778.3,emotional_stability_high4_PHv6CzBIC5E.001.mp4,1280,720,30.0,459,emotional_stability,high
388,12933,left_cheek,474.6,348.2,592.0,471.9,753.3,525.3,900.0,679.8,emotional_stability_high4_PHv6CzBIC5E.001.mp4,1280,720,30.0,459,emotional_stability,high
388,12933,right_cheek,667.7,348.8,716.3,467.4,994.6,526.0,1055.3,674.3,emotional_stability_high4_PHv6CzBIC5E.001.mp4,1280,720,30.0,459,emotional_stability,high
389,12966,left_eye,505.4,283.3,629.6,350.1,791.7,444.1,947.0,527.6,emotional_stability_high4_PHv6CzBIC5E.001.mp4,1280,720,30.0,459,emotional_stability,high
389,12966,right_eye,661.9,280.1,734.0,344.0,987.3,440.1,1077.5,520.0,emotional_stability_high4_PHv6CzBIC5E.001.mp4,1280,720,30.0,459,emotional_stability,high
389,12966,nose,601.4,326.0,683.0,439.9,911.8,497.6,1013.7,639.9,emotional_stability_high4_PHv6CzBIC5E.001.mp4,1280,720,30.0,459,emotional_stability,high
389,12966,mouth,564.0,457.4,658.5,506.1,865.0,661.7,983.1,722.7,emotional_stability_high4_PHv6CzBIC5E.001.mp4,1280,720,30.0,459,emotional_stability,high
389,12966,forehead,422.9,218.3,731.5,443.3,688.6,362.9,1074.4,644.2,emotional_stability_high4_PHv6CzBIC5E.001.mp4,1280,720,30.0,459,emotional_stability,high
389,12966,chin,422.9,331.1,691.5,551.8,688.6,503.8,1024.3,779.7,emotional_stability_high4_PHv6CzBIC5E.001.mp4,1280,720,30.0,459,emotional_stability,high
389,12966,left_cheek,472.5,348.3,592.0,472.8,750.6,525.4,900.0,681.0,emotional_stability_high4_PHv6CzBIC5E.001.mp4,1280,720,30.0,459,emotional_stability,high
389,12966,right_cheek,667.7,350.3,715.3,468.7,994.6,527.8,1054.2,675.9,emotional_stability_high4_PHv6CzBIC5E.001.mp4,1280,720,30.0,459,emotional_stability,high
390,13000,left_eye,505.3,283.3,629.2,350.0,791.6,444.1,946.6,527.6,emotional_stability_high4_PHv6CzBIC5E.001.mp4,1280,720,30.0,459,emotional_stability,high
390,13000,right_eye,662.3,279.4,735.4,343.6,987.9,439.3,1079.2,519.5,emotional_stability_high4_PHv6CzBIC5E.001.mp4,1280,720,30.0,459,emotional_stability,high
390,13000,nose,600.5,326.0,682.8,440.3,910.6,497.5,1013.5,640.3,emotional_stability_high4_PHv6CzBIC5E.001.mp4,1280,720,30.0,459,emotional_stability,high
390,13000,mouth,563.8,457.4,658.5,506.7,864.7,661.7,983.1,723.4,emotional_stability_high4_PHv6CzBIC5E.001.mp4,1280,720,30.0,459,emotional_stability,high
390,13000,forehead,424.5,217.4,733.4,442.7,690.6,361.7,1076.8,643.3,emotional_stability_high4_PHv6CzBIC5E.001.mp4,1280,720,30.0,459,emotional_stability,high
390,13000,chin,424.5,330.1,695.8,551.8,690.6,502.6,1029.8,779.7,emotional_stability_high4_PHv6CzBIC5E.001.mp4,1280,720,30.0,459,emotional_stability,high
390,13000,left_cheek,473.0,348.2,591.9,473.0,751.2,525.3,899.8,681.2,emotional_stability_high4_PHv6CzBIC5E.001.mp4,1280,720,30.0,459,emotional_stability,high
390,13000,right_cheek,668.1,347.7,716.7,468.3,995.1,524.7,1055.9,675.3,emotional_stability_high4_PHv6CzBIC5E.001.mp4,1280,720,30.0,459,emotional_stability,high
391,13033,left_eye,504.6,285.0,629.2,350.9,790.8,446.2,946.5,528.6,emotional_stability_high4_PHv6CzBIC5E.001.mp4,1280,720,30.0,459,emotional_stability,high
391,13033,right_eye,662.1,280.3,734.7,344.0,987.6,440.4,1078.4,520.0,emotional_stability_high4_PHv6CzBIC5E.001.mp4,1280,720,30.0,459,emotional_stability,high
391,13033,nose,600.8,326.5,683.3,440.6,911.0,498.2,1014.1,640.7,emotional_stability_high4_PHv6CzBIC5E.001.mp4,1280,720,30.0,459,emotional_stability,high
391,13033,mouth,564.2,457.6,658.5,507.1,865.2,662.1,983.1,723.8,emotional_stability_high4_PHv6CzBIC5E.001.mp4,1280,720,30.0,459,emotional_stability,high
391,13033,forehead,422.1,218.4,731.5,444.8,687.6,363.0,1074.4,646.0,emotional_stability_high4_PHv6CzBIC5E.001.mp4,1280,720,30.0,459,emotional_stability,high
391,13033,chin,422.1,332.4,693.4,552.6,687.6,505.6,1026.8,780.7,emotional_stability_high4_PHv6CzBIC5E.001.mp4,1280,720,30.0,459,emotional_stability,high
391,13033,left_cheek,472.5,349.7,591.8,474.1,750.7,527.1,899.8,682.7,emotional_stability_high4_PHv6CzBIC5E.001.mp4,1280,720,30.0,459,emotional_stability,high
391,13033,right_cheek,667.9,349.0,715.6,468.8,994.8,526.2,1054.5,676.0,emotional_stability_high4_PHv6CzBIC5E.001.mp4,1280,720,30.0,459,emotional_stability,high
392,13066,left_eye,507.0,284.8,630.6,350.8,793.7,446.0,948.3,528.5,emotional_stability_high4_PHv6CzBIC5E.001.mp4,1280,720,30.0,459,emotional_stability,high
392,13066,right_eye,662.7,279.7,734.8,343.7,988.4,439.6,1078.5,519.6,emotional_stability_high4_PHv6CzBIC5E.001.mp4,1280,720,30.0,459,emotional_stability,high
392,13066,nose,601.2,326.5,682.7,440.8,911.5,498.1,1013.4,641.0,emotional_stability_high4_PHv6CzBIC5E.001.mp4,1280,720,30.0,459,emotional_stability,high
392,13066,mouth,564.4,458.3,658.2,507.0,865.5,662.9,982.7,723.8,emotional_stability_high4_PHv6CzBIC5E.001.mp4,1280,720,30.0,459,emotional_stability,high
392,13066,forehead,427.3,217.9,731.6,444.6,694.1,362.4,1074.5,645.7,emotional_stability_high4_PHv6CzBIC5E.001.mp4,1280,720,30.0,459,emotional_stability,high
392,13066,chin,427.3,332.2,693.2,552.4,694.1,505.2,1026.6,780.6,emotional_stability_high4_PHv6CzBIC5E.001.mp4,1280,720,30.0,459,emotional_stability,high
392,13066,left_cheek,475.2,349.7,592.7,474.6,754.0,527.1,900.9,683.3,emotional_stability_high4_PHv6CzBIC5E.001.mp4,1280,720,30.0,459,emotional_stability,high
392,13066,right_cheek,667.8,348.2,715.6,468.8,994.8,525.2,1054.5,676.0,emotional_stability_high4_PHv6CzBIC5E.001.mp4,1280,720,30.0,459,emotional_stability,high
393,13100,left_eye,506.6,285.3,630.6,350.9,793.3,446.6,948.3,528.6,emotional_stability_high4_PHv6CzBIC5E.001.mp4,1280,720,30.0,459,emotional_stability,high
393,13100,right_eye,662.0,280.0,733.9,343.9,987.4,439.9,1077.4,519.9,emotional_stability_high4_PHv6CzBIC5E.001.mp4,1280,720,30.0,459,emotional_stability,high
393,13100,nose,601.5,326.5,682.9,440.8,911.9,498.1,1013.6,641.0,emotional_stability_high4_PHv6CzBIC5E.001.mp4,1280,720,30.0,459,emotional_stability,high
393,13100,mouth,564.7,458.7,658.1,507.3,865.9,663.4,982.6,724.1,emotional_stability_high4_PHv6CzBIC5E.001.mp4,1280,720,30.0,459,emotional_stability,high
393,13100,forehead,423.6,218.4,730.1,444.5,689.5,363.0,1072.6,645.6,emotional_stability_high4_PHv6CzBIC5E.001.mp4,1280,720,30.0,459,emotional_stability,high
393,13100,chin,423.6,332.2,691.1,552.6,689.5,505.3,1023.8,780.8,emotional_stability_high4_PHv6CzBIC5E.001.mp4,1280,720,30.0,459,emotional_stability,high
393,13100,left_cheek,474.0,349.8,592.6,474.6,752.5,527.2,900.8,683.2,emotional_stability_high4_PHv6CzBIC5E.001.mp4,1280,720,30.0,459,emotional_stability,high
393,13100,right_cheek,666.7,349.4,714.2,469.5,993.3,526.7,1052.8,676.9,emotional_stability_high4_PHv6CzBIC5E.001.mp4,1280,720,30.0,459,emotional_stability,high
394,13133,left_eye,507.6,285.1,631.5,350.7,794.5,446.3,949.3,528.3,emotional_stability_high4_PHv6CzBIC5E.001.mp4,1280,720,30.0,459,emotional_stability,high
394,13133,right_eye,663.2,278.5,735.3,343.0,989.0,438.1,1079.1,518.7,emotional_stability_high4_PHv6CzBIC5E.001.mp4,1280,720,30.0,459,emotional_stability,high
394,13133,nose,601.8,326.0,682.9,441.0,912.2,497.5,1013.6,641.3,emotional_stability_high4_PHv6CzBIC5E.001.mp4,1280,720,30.0,459,emotional_stability,high
394,13133,mouth,564.9,458.8,658.1,507.5,866.2,663.6,982.6,724.4,emotional_stability_high4_PHv6CzBIC5E.001.mp4,1280,720,30.0,459,emotional_stability,high
394,13133,forehead,427.0,217.5,731.8,444.0,693.7,361.9,1074.8,645.0,emotional_stability_high4_PHv6CzBIC5E.001.mp4,1280,720,30.0,459,emotional_stability,high
394,13133,chin,427.0,330.9,692.3,552.6,693.7,503.6,1025.4,780.7,emotional_stability_high4_PHv6CzBIC5E.001.mp4,1280,720,30.0,459,emotional_stability,high
394,13133,left_cheek,475.7,349.3,593.2,474.6,754.6,526.7,901.5,683.2,emotional_stability_high4_PHv6CzBIC5E.001.mp4,1280,720,30.0,459,emotional_stability,high
394,13133,right_cheek,666.9,346.8,715.1,468.6,993.7,523.5,1053.9,675.8,emotional_stability_high4_PHv6CzBIC5E.001.mp4,1280,720,30.0,459,emotional_stability,high
395,13166,left_eye,506.1,285.2,631.1,350.7,792.6,446.4,948.8,528.3,emotional_stability_high4_PHv6CzBIC5E.001.mp4,1280,720,30.0,459,emotional_stability,high
395,13166,right_eye,662.4,278.5,734.4,343.0,988.0,438.1,1078.0,518.7,emotional_stability_high4_PHv6CzBIC5E.001.mp4,1280,720,30.0,459,emotional_stability,high
395,13166,nose,602.1,326.0,683.2,440.9,912.6,497.5,1014.0,641.1,emotional_stability_high4_PHv6CzBIC5E.001.mp4,1280,720,30.0,459,emotional_stability,high
395,13166,mouth,564.6,458.8,658.1,508.1,865.8,663.5,982.6,725.1,emotional_stability_high4_PHv6CzBIC5E.001.mp4,1280,720,30.0,459,emotional_stability,high
395,13166,forehead,423.0,217.7,729.8,444.0,688.8,362.1,1072.3,645.0,emotional_stability_high4_PHv6CzBIC5E.001.mp4,1280,720,30.0,459,emotional_stability,high
395,13166,chin,423.0,330.9,690.2,552.7,688.8,503.6,1022.7,780.9,emotional_stability_high4_PHv6CzBIC5E.001.mp4,1280,720,30.0,459,emotional_stability,high
395,13166,left_cheek,473.8,349.3,593.0,474.6,752.3,526.7,901.3,683.2,emotional_stability_high4_PHv6CzBIC5E.001.mp4,1280,720,30.0,459,emotional_stability,high
395,13166,right_cheek,666.0,347.1,713.4,468.6,992.5,523.9,1051.8,675.7,emotional_stability_high4_PHv6CzBIC5E.001.mp4,1280,720,30.0,459,emotional_stability,high
396,13200,left_eye,506.1,284.4,631.4,350.2,792.6,445.5,949.2,527.7,emotional_stability_high4_PHv6CzBIC5E.001.mp4,1280,720,30.0,459,emotional_stability,high
396,13200,right_eye,663.2,277.4,735.4,342.6,988.9,436.8,1079.3,518.2,emotional_stability_high4_PHv6CzBIC5E.001.mp4,1280,720,30.0,459,emotional_stability,high
396,13200,nose,602.0,325.5,683.1,441.5,912.5,496.9,1013.9,641.9,emotional_stability_high4_PHv6CzBIC5E.001.mp4,1280,720,30.0,459,emotional_stability,high
396,13200,mouth,562.7,459.2,658.0,509.5,863.4,664.0,982.5,726.9,emotional_stability_high4_PHv6CzBIC5E.001.mp4,1280,720,30.0,459,emotional_stability,high
396,13200,forehead,422.8,216.5,732.2,443.3,688.6,360.6,1075.2,644.2,emotional_stability_high4_PHv6CzBIC5E.001.mp4,1280,720,30.0,459,emotional_stability,high
396,13200,chin,422.8,329.1,691.0,553.1,688.6,501.3,1023.8,781.4,emotional_stability_high4_PHv6CzBIC5E.001.mp4,1280,720,30.0,459,emotional_stability,high
396,13200,left_cheek,473.0,348.7,592.8,474.7,751.2,525.8,901.0,683.3,emotional_stability_high4_PHv6CzBIC5E.001.mp4,1280,720,30.0,459,emotional_stability,high
396,13200,right_cheek,666.1,346.9,714.5,468.6,992.7,523.6,1053.1,675.7,emotional_stability_high4_PHv6CzBIC5E.001.mp4,1280,720,30.0,459,emotional_stability,high
397,13233,left_eye,505.2,284.2,631.3,349.4,791.5,445.3,949.1,526.8,emotional_stability_high4_PHv6CzBIC5E.001.mp4,1280,720,30.0,459,emotional_stability,high
397,13233,right_eye,664.0,275.3,737.3,340.3,990.0,434.2,1081.6,515.4,emotional_stability_high4_PHv6CzBIC5E.001.mp4,1280,720,30.0,459,emotional_stability,high
397,13233,nose,602.2,323.9,683.5,441.1,912.8,494.9,1014.4,641.3,emotional_stability_high4_PHv6CzBIC5E.001.mp4,1280,720,30.0,459,emotional_stability,high
397,13233,mouth,562.7,458.6,658.4,509.4,863.4,663.3,983.0,726.8,emotional_stability_high4_PHv6CzBIC5E.001.mp4,1280,720,30.0,459,emotional_stability,high
397,13233,forehead,421.9,215.0,733.7,443.4,687.3,358.8,1077.1,644.2,emotional_stability_high4_PHv6CzBIC5E.001.mp4,1280,720,30.0,459,emotional_stability,high
397,13233,chin,421.9,329.0,694.0,552.7,687.3,501.3,1027.6,780.9,emotional_stability_high4_PHv6CzBIC5E.001.mp4,1280,720,30.0,459,emotional_stability,high
397,13233,left_cheek,472.8,348.3,592.8,474.2,750.9,525.3,901.0,682.8,emotional_stability_high4_PHv6CzBIC5E.001.mp4,1280,720,30.0,459,emotional_stability,high
397,13233,right_cheek,666.8,344.7,716.1,467.0,993.5,520.9,1055.2,673.8,emotional_stability_high4_PHv6CzBIC5E.001.mp4,1280,720,30.0,459,emotional_stability,high
398,13266,left_eye,503.8,284.6,630.4,350.0,789.7,445.8,948.0,527.5,emotional_stability_high4_PHv6CzBIC5E.001.mp4,1280,720,30.0,459,emotional_stability,high
398,13266,right_eye,664.0,274.8,737.1,340.2,990.0,433.5,1081.4,515.3,emotional_stability_high4_PHv6CzBIC5E.001.mp4,1280,720,30.0,459,emotional_stability,high
398,13266,nose,602.2,323.8,683.3,441.3,912.8,494.8,1014.1,641.6,emotional_stability_high4_PHv6CzBIC5E.001.mp4,1280,720,30.0,459,emotional_stability,high
398,13266,mouth,562.8,458.6,658.4,508.4,863.4,663.3,983.0,725.5,emotional_stability_high4_PHv6CzBIC5E.001.mp4,1280,720,30.0,459,emotional_stability,high
398,13266,forehead,422.0,214.9,733.6,443.4,687.6,358.6,1077.0,644.2,emotional_stability_high4_PHv6CzBIC5E.001.mp4,1280,720,30.0,459,emotional_stability,high
398,13266,chin,422.0,329.1,694.0,552.0,687.6,501.3,1027.5,780.0,emotional_stability_high4_PHv6CzBIC5E.001.mp4,1280,720,30.0,459,emotional_stability,high
398,13266,left_cheek,472.8,348.3,592.4,474.2,751.0,525.4,900.5,682.8,emotional_stability_high4_PHv6CzBIC5E.001.mp4,1280,720,30.0,459,emotional_stability,high
398,13266,right_cheek,666.7,344.4,716.1,466.5,993.3,520.5,1055.1,673.1,emotional_stability_high4_PHv6CzBIC5E.001.mp4,1280,720,30.0,459,emotional_stability,high
399,13300,left_eye,503.6,284.2,629.9,350.0,789.4,445.3,947.4,527.5,emotional_stability_high4_PHv6CzBIC5E.001.mp4,1280,720,30.0,459,emotional_stability,high
399,13300,right_eye,663.9,273.9,736.8,340.0,989.9,432.3,1081.0,515.0,emotional_stability_high4_PHv6CzBIC5E.001.mp4,1280,720,30.0,459,emotional_stability,high
399,13300,nose,602.1,323.8,683.1,441.5,912.7,494.7,1013.9,641.9,emotional_stability_high4_PHv6CzBIC5E.001.mp4,1280,720,30.0,459,emotional_stability,high
399,13300,mouth,562.1,458.3,658.4,508.7,862.6,662.9,983.0,725.9,emotional_stability_high4_PHv6CzBIC5E.001.mp4,1280,720,30.0,459,emotional_stability,high
399,13300,forehead,422.5,214.4,733.0,442.6,688.2,358.1,1076.3,643.3,emotional_stability_high4_PHv6CzBIC5E.001.mp4,1280,720,30.0,459,emotional_stability,high
399,13300,chin,422.5,328.4,693.4,552.0,688.2,500.5,1026.7,780.0,emotional_stability_high4_PHv6CzBIC5E.001.mp4,1280,720,30.0,459,emotional_stability,high
399,13300,left_cheek,472.8,348.0,592.2,474.2,751.0,525.0,900.2,682.7,emotional_stability_high4_PHv6CzBIC5E.001.mp4,1280,720,30.0,459,emotional_stability,high
399,13300,right_cheek,666.2,344.5,715.7,466.6,992.8,520.6,1054.7,673.2,emotional_stability_high4_PHv6CzBIC5E.001.mp4,1280,720,30.0,459,emotional_stability,high
400,13333,left_eye,501.8,284.2,628.8,350.0,787.3,445.2,946.0,527.5,emotional_stability_high4_PHv6CzBIC5E.001.mp4,1280,720,30.0,459,emotional_stability,high
400,13333,right_eye,663.9,272.9,736.6,339.6,989.9,431.1,1080.8,514.5,emotional_stability_high4_PHv6CzBIC5E.001.mp4,1280,720,30.0,459,emotional_stability,high
400,13333,nose,601.7,323.5,682.9,441.5,912.1,494.4,1013.7,641.9,emotional_stability_high4_PHv6CzBIC5E.001.mp4,1280,720,30.0,459,emotional_stability,high
400,13333,mouth,560.9,458.3,658.2,508.8,861.1,662.8,982.8,726.0,emotional_stability_high4_PHv6CzBIC5E.001.mp4,1280,720,30.0,459,emotional_stability,high
400,13333,forehead,422.3,214.3,733.0,442.2,687.9,357.9,1076.2,642.7,emotional_stability_high4_PHv6CzBIC5E.001.mp4,1280,720,30.0,459,emotional_stability,high
400,13333,chin,422.3,328.0,693.3,552.0,687.9,500.0,1026.7,780.0,emotional_stability_high4_PHv6CzBIC5E.001.mp4,1280,720,30.0,459,emotional_stability,high
400,13333,left_cheek,472.4,347.9,591.3,474.2,750.5,524.9,899.1,682.7,emotional_stability_high4_PHv6CzBIC5E.001.mp4,1280,720,30.0,459,emotional_stability,high
400,13333,right_cheek,666.2,344.0,715.7,466.2,992.8,520.0,1054.6,672.8,emotional_stability_high4_PHv6CzBIC5E.001.mp4,1280,720,30.0,459,emotional_stability,high
401,13366,left_eye,501.2,283.8,626.9,349.8,786.5,444.8,943.7,527.2,emotional_stability_high4_PHv6CzBIC5E.001.mp4,1280,720,30.0,459,emotional_stability,high
401,13366,right_eye,662.6,273.0,733.9,339.7,988.3,431.2,1077.4,514.6,emotional_stability_high4_PHv6CzBIC5E.001.mp4,1280,720,30.0,459,emotional_stability,high
401,13366,nose,600.8,323.2,681.4,440.9,911.0,494.0,1011.8,641.1,emotional_stability_high4_PHv6CzBIC5E.001.mp4,1280,720,30.0,459,emotional_stability,high
401,13366,mouth,560.6,458.1,657.3,508.6,860.7,662.6,981.6,725.8,emotional_stability_high4_PHv6CzBIC5E.001.mp4,1280,720,30.0,459,emotional_stability,high
401,13366,forehead,422.4,214.2,730.0,442.1,688.0,357.8,1072.4,642.7,emotional_stability_high4_PHv6CzBIC5E.001.mp4,1280,720,30.0,459,emotional_stability,high
401,13366,chin,422.4,328.1,690.2,551.6,688.0,500.1,1022.8,779.5,emotional_stability_high4_PHv6CzBIC5E.001.mp4,1280,720,30.0,459,emotional_stability,high
401,13366,left_cheek,472.5,347.6,590.4,473.6,750.6,524.5,898.0,682.0,emotional_stability_high4_PHv6CzBIC5E.001.mp4,1280,720,30.0,459,emotional_stability,high
401,13366,right_cheek,665.7,344.1,713.3,466.2,992.1,520.1,1051.6,672.8,emotional_stability_high4_PHv6CzBIC5E.001.mp4,1280,720,30.0,459,emotional_stability,high
402,13400,left_eye,500.4,283.7,626.2,349.8,785.6,444.6,942.8,527.2,emotional_stability_high4_PHv6CzBIC5E.001.mp4,1280,720,30.0,459,emotional_stability,high
402,13400,right_eye,662.2,273.2,734.1,339.7,987.7,431.5,1077.6,514.6,emotional_stability_high4_PHv6CzBIC5E.001.mp4,1280,720,30.0,459,emotional_stability,high
402,13400,nose,599.7,323.2,680.4,440.9,909.7,494.0,1010.5,641.1,emotional_stability_high4_PHv6CzBIC5E.001.mp4,1280,720,30.0,459,emotional_stability,high
402,13400,mouth,560.6,458.0,656.9,507.1,860.7,662.5,981.1,723.9,emotional_stability_high4_PHv6CzBIC5E.001.mp4,1280,720,30.0,459,emotional_stability,high
402,13400,forehead,422.5,214.2,730.1,441.7,688.1,357.8,1072.6,642.1,emotional_stability_high4_PHv6CzBIC5E.001.mp4,1280,720,30.0,459,emotional_stability,high
402,13400,chin,422.5,327.7,690.3,550.5,688.1,499.6,1022.9,778.1,emotional_stability_high4_PHv6CzBIC5E.001.mp4,1280,720,30.0,459,emotional_stability,high
402,13400,left_cheek,472.4,347.5,589.4,473.3,750.5,524.4,896.7,681.6,emotional_stability_high4_PHv6CzBIC5E.001.mp4,1280,720,30.0,459,emotional_stability,high
402,13400,right_cheek,665.7,343.9,713.3,465.9,992.1,519.9,1051.7,672.4,emotional_stability_high4_PHv6CzBIC5E.001.mp4,1280,720,30.0,459,emotional_stability,high
403,13433,left_eye,499.6,283.7,625.9,349.8,784.5,444.6,942.4,527.2,emotional_stability_high4_PHv6CzBIC5E.001.mp4,1280,720,30.0,459,emotional_stability,high
403,13433,right_eye,662.2,273.0,734.5,339.5,987.8,431.3,1078.1,514.4,emotional_stability_high4_PHv6CzBIC5E.001.mp4,1280,720,30.0,459,emotional_stability,high
403,13433,nose,599.4,323.2,680.5,440.4,909.2,494.0,1010.6,640.5,emotional_stability_high4_PHv6CzBIC5E.001.mp4,1280,720,30.0,459,emotional_stability,high
403,13433,mouth,559.8,457.5,657.0,507.6,859.8,661.9,981.2,724.5,emotional_stability_high4_PHv6CzBIC5E.001.mp4,1280,720,30.0,459,emotional_stability,high
403,13433,forehead,422.0,214.3,730.1,442.3,687.5,357.9,1072.7,642.8,emotional_stability_high4_PHv6CzBIC5E.001.mp4,1280,720,30.0,459,emotional_stability,high
403,13433,chin,422.0,328.2,690.3,551.5,687.5,500.3,1022.9,779.4,emotional_stability_high4_PHv6CzBIC5E.001.mp4,1280,720,30.0,459,emotional_stability,high
403,13433,left_cheek,471.8,347.6,589.0,473.5,749.8,524.4,896.3,681.9,emotional_stability_high4_PHv6CzBIC5E.001.mp4,1280,720,30.0,459,emotional_stability,high
403,13433,right_cheek,665.7,344.0,713.4,465.9,992.2,520.0,1051.7,672.3,emotional_stability_high4_PHv6CzBIC5E.001.mp4,1280,720,30.0,459,emotional_stability,high
404,13466,left_eye,499.8,283.2,625.9,349.6,784.7,444.0,942.4,527.1,emotional_stability_high4_PHv6CzBIC5E.001.mp4,1280,720,30.0,459,emotional_stability,high
404,13466,right_eye,662.7,273.2,735.3,339.7,988.3,431.5,1079.2,514.6,emotional_stability_high4_PHv6CzBIC5E.001.mp4,1280,720,30.0,459,emotional_stability,high
404,13466,nose,599.3,323.2,680.4,440.3,909.1,494.0,1010.5,640.4,emotional_stability_high4_PHv6CzBIC5E.001.mp4,1280,720,30.0,459,emotional_stability,high
404,13466,mouth,560.0,457.3,656.5,507.5,860.0,661.6,980.6,724.3,emotional_stability_high4_PHv6CzBIC5E.001.mp4,1280,720,30.0,459,emotional_stability,high
404,13466,forehead,423.6,214.0,731.4,441.2,689.5,357.5,1074.3,641.5,emotional_stability_high4_PHv6CzBIC5E.001.mp4,1280,720,30.0,459,emotional_stability,high
404,13466,chin,423.6,327.7,690.6,550.0,689.5,499.6,1023.3,777.4,emotional_stability_high4_PHv6CzBIC5E.001.mp4,1280,720,30.0,459,emotional_stability,high
404,13466,left_cheek,472.5,347.2,589.1,472.9,750.7,524.0,896.3,681.1,emotional_stability_high4_PHv6CzBIC5E.001.mp4,1280,720,30.0,459,emotional_stability,high
404,13466,right_cheek,666.0,344.1,714.0,465.9,992.5,520.2,1052.5,672.3,emotional_stability_high4_PHv6CzBIC5E.001.mp4,1280,720,30.0,459,emotional_stability,high
405,13500,left_eye,498.0,283.1,626.0,349.7,782.5,443.9,942.5,527.2,emotional_stability_high4_PHv6CzBIC5E.001.mp4,1280,720,30.0,459,emotional_stability,high
405,13500,right_eye,662.8,273.3,735.5,339.7,988.4,431.6,1079.4,514.7,emotional_stability_high4_PHv6CzBIC5E.001.mp4,1280,720,30.0,459,emotional_stability,high
405,13500,nose,599.3,323.6,681.4,440.0,909.2,494.4,1011.8,640.0,emotional_stability_high4_PHv6CzBIC5E.001.mp4,1280,720,30.0,459,emotional_stability,high
405,13500,mouth,559.8,456.9,656.9,507.5,859.7,661.1,981.1,724.3,emotional_stability_high4_PHv6CzBIC5E.001.mp4,1280,720,30.0,459,emotional_stability,high
405,13500,forehead,417.0,214.0,731.6,441.2,681.3,357.5,1074.6,641.5,emotional_stability_high4_PHv6CzBIC5E.001.mp4,1280,720,30.0,459,emotional_stability,high
405,13500,chin,417.0,327.3,690.6,550.0,681.3,499.2,1023.3,777.5,emotional_stability_high4_PHv6CzBIC5E.001.mp4,1280,720,30.0,459,emotional_stability,high
405,13500,left_cheek,469.9,347.1,588.8,473.1,747.3,523.9,896.1,681.4,emotional_stability_high4_PHv6CzBIC5E.001.mp4,1280,720,30.0,459,emotional_stability,high
405,13500,right_cheek,666.0,344.2,714.1,465.7,992.5,520.2,1052.7,672.1,emotional_stability_high4_PHv6CzBIC5E.001.mp4,1280,720,30.0,459,emotional_stability,high
406,13533,left_eye,500.0,283.7,627.3,349.8,785.0,444.7,944.1,527.3,emotional_stability_high4_PHv6CzBIC5E.001.mp4,1280,720,30.0,459,emotional_stability,high
406,13533,right_eye,662.9,273.6,735.5,339.9,988.6,432.0,1079.4,514.8,emotional_stability_high4_PHv6CzBIC5E.001.mp4,1280,720,30.0,459,emotional_stability,high
406,13533,nose,599.6,323.8,681.5,440.5,909.4,494.7,1011.8,640.6,emotional_stability_high4_PHv6CzBIC5E.001.mp4,1280,720,30.0,459,emotional_stability,high
406,13533,mouth,560.2,457.1,657.0,507.4,860.2,661.3,981.2,724.2,emotional_stability_high4_PHv6CzBIC5E.001.mp4,1280,720,30.0,459,emotional_stability,high
406,13533,forehead,420.3,214.5,731.7,441.3,685.3,358.2,1074.7,641.6,emotional_stability_high4_PHv6CzBIC5E.001.mp4,1280,720,30.0,459,emotional_stability,high
406,13533,chin,420.3,328.1,690.7,550.0,685.3,500.2,1023.3,777.5,emotional_stability_high4_PHv6CzBIC5E.001.mp4,1280,720,30.0,459,emotional_stability,high
406,13533,left_cheek,470.8,347.7,589.2,473.3,748.5,524.6,896.5,681.6,emotional_stability_high4_PHv6CzBIC5E.001.mp4,1280,720,30.0,459,emotional_stability,high
406,13533,right_cheek,666.0,344.2,714.1,465.6,992.5,520.3,1052.7,672.1,emotional_stability_high4_PHv6CzBIC5E.001.mp4,1280,720,30.0,459,emotional_stability,high
407,13566,left_eye,499.5,283.7,626.4,350.0,784.4,444.7,943.0,527.5,emotional_stability_high4_PHv6CzBIC5E.001.mp4,1280,720,30.0,459,emotional_stability,high
407,13566,right_eye,662.7,273.6,735.3,339.9,988.4,432.1,1079.1,514.9,emotional_stability_high4_PHv6CzBIC5E.001.mp4,1280,720,30.0,459,emotional_stability,high
407,13566,nose,599.6,324.0,681.5,440.7,909.5,495.1,1011.8,640.8,emotional_stability_high4_PHv6CzBIC5E.001.mp4,1280,720,30.0,459,emotional_stability,high
407,13566,mouth,561.2,457.2,657.0,507.4,861.5,661.5,981.2,724.2,emotional_stability_high4_PHv6CzBIC5E.001.mp4,1280,720,30.0,459,emotional_stability,high
407,13566,forehead,420.8,214.6,731.3,441.0,686.0,358.3,1074.1,641.3,emotional_stability_high4_PHv6CzBIC5E.001.mp4,1280,720,30.0,459,emotional_stability,high
407,13566,chin,420.8,327.9,690.7,549.1,686.0,499.9,1023.3,776.3,emotional_stability_high4_PHv6CzBIC5E.001.mp4,1280,720,30.0,459,emotional_stability,high
407,13566,left_cheek,471.4,347.7,589.3,473.2,749.2,524.6,896.6,681.5,emotional_stability_high4_PHv6CzBIC5E.001.mp4,1280,720,30.0,459,emotional_stability,high
407,13566,right_cheek,666.0,344.2,714.1,465.6,992.5,520.3,1052.7,672.0,emotional_stability_high4_PHv6CzBIC5E.001.mp4,1280,720,30.0,459,emotional_stability,high
408,13600,left_eye,499.6,283.7,626.6,350.0,784.5,444.6,943.3,527.5,emotional_stability_high4_PHv6CzBIC5E.001.mp4,1280,720,30.0,459,emotional_stability,high
408,13600,right_eye,662.8,273.7,734.2,339.9,988.5,432.2,1077.8,514.9,emotional_stability_high4_PHv6CzBIC5E.001.mp4,1280,720,30.0,459,emotional_stability,high
408,13600,nose,600.9,324.0,681.9,440.6,911.1,495.0,1012.4,640.7,emotional_stability_high4_PHv6CzBIC5E.001.mp4,1280,720,30.0,459,emotional_stability,high
408,13600,mouth,562.6,457.2,657.1,507.1,863.3,661.5,981.4,723.9,emotional_stability_high4_PHv6CzBIC5E.001.mp4,1280,720,30.0,459,emotional_stability,high
408,13600,forehead,420.8,215.3,729.6,441.3,686.0,359.1,1072.0,641.7,emotional_stability_high4_PHv6CzBIC5E.001.mp4,1280,720,30.0,459,emotional_stability,high
408,13600,chin,420.8,328.7,688.6,549.0,686.0,500.8,1020.7,776.3,emotional_stability_high4_PHv6CzBIC5E.001.mp4,1280,720,30.0,459,emotional_stability,high
408,13600,left_cheek,471.4,347.8,589.5,473.2,749.3,524.8,896.9,681.5,emotional_stability_high4_PHv6CzBIC5E.001.mp4,1280,720,30.0,459,emotional_stability,high
408,13600,right_cheek,665.6,344.4,713.2,465.4,992.0,520.5,1051.6,671.7,emotional_stability_high4_PHv6CzBIC5E.001.mp4,1280,720,30.0,459,emotional_stability,high
409,13633,left_eye,501.0,283.0,627.7,349.9,786.3,443.7,944.6,527.4,emotional_stability_high4_PHv6CzBIC5E.001.mp4,1280,720,30.0,459,emotional_stability,high
409,13633,right_eye,661.9,273.8,732.2,339.9,987.3,432.2,1075.2,514.9,emotional_stability_high4_PHv6CzBIC5E.001.mp4,1280,720,30.0,459,emotional_stability,high
409,13633,nose,601.1,323.6,681.6,440.5,911.3,494.6,1012.0,640.7,emotional_stability_high4_PHv6CzBIC5E.001.mp4,1280,720,30.0,459,emotional_stability,high
409,13633,mouth,563.5,457.1,656.6,506.0,864.3,661.4,980.8,722.5,emotional_stability_high4_PHv6CzBIC5E.001.mp4,1280,720,30.0,459,emotional_stability,high
409,13633,forehead,420.7,215.3,726.7,441.4,685.8,359.1,1068.4,641.7,emotional_stability_high4_PHv6CzBIC5E.001.mp4,1280,720,30.0,459,emotional_stability,high
409,13633,chin,420.7,328.8,682.5,549.1,685.8,501.0,1013.1,776.4,emotional_stability_high4_PHv6CzBIC5E.001.mp4,1280,720,30.0,459,emotional_stability,high
409,13633,left_cheek,471.2,347.8,589.5,473.0,749.0,524.7,896.9,681.3,emotional_stability_high4_PHv6CzBIC5E.001.mp4,1280,720,30.0,459,emotional_stability,high
409,13633,right_cheek,663.8,344.9,709.8,465.4,989.8,521.2,1047.3,671.8,emotional_stability_high4_PHv6CzBIC5E.001.mp4,1280,720,30.0,459,emotional_stability,high
410,13666,left_eye,501.0,282.6,627.5,349.9,786.3,443.2,944.3,527.3,emotional_stability_high4_PHv6CzBIC5E.001.mp4,1280,720,30.0,459,emotional_stability,high
410,13666,right_eye,661.6,273.8,732.0,340.0,987.0,432.3,1075.0,515.0,emotional_stability_high4_PHv6CzBIC5E.001.mp4,1280,720,30.0,459,emotional_stability,high
410,13666,nose,600.2,323.4,680.4,440.0,910.2,494.3,1010.5,640.1,emotional_stability_high4_PHv6CzBIC5E.001.mp4,1280,720,30.0,459,emotional_stability,high
410,13666,mouth,563.5,456.8,656.3,504.0,864.3,661.0,980.4,720.1,emotional_stability_high4_PHv6CzBIC5E.001.mp4,1280,720,30.0,459,emotional_stability,high
410,13666,forehead,422.0,215.0,727.2,441.4,687.5,358.8,1069.0,641.8,emotional_stability_high4_PHv6CzBIC5E.001.mp4,1280,720,30.0,459,emotional_stability,high
410,13666,chin,422.0,329.6,682.7,546.9,687.5,502.0,1013.4,773.6,emotional_stability_high4_PHv6CzBIC5E.001.mp4,1280,720,30.0,459,emotional_stability,high
410,13666,left_cheek,471.5,347.8,589.2,472.4,749.4,524.8,896.5,680.5,emotional_stability_high4_PHv6CzBIC5E.001.mp4,1280,720,30.0,459,emotional_stability,high
410,13666,right_cheek,664.0,345.0,710.3,465.1,990.0,521.3,1047.9,671.3,emotional_stability_high4_PHv6CzBIC5E.001.mp4,1280,720,30.0,459,emotional_stability,high
411,13700,left_eye,499.9,282.7,627.4,350.0,784.8,443.3,944.3,527.5,emotional_stability_high4_PHv6CzBIC5E.001.mp4,1280,720,30.0,459,emotional_stability,high
411,13700,right_eye,661.7,274.4,732.1,340.0,987.2,433.0,1075.2,515.0,emotional_stability_high4_PHv6CzBIC5E.001.mp4,1280,720,30.0,459,emotional_stability,high
411,13700,nose,600.6,323.4,681.3,439.9,910.7,494.3,1011.6,639.8,emotional_stability_high4_PHv6CzBIC5E.001.mp4,1280,720,30.0,459,emotional_stability,high
411,13700,mouth,563.6,456.6,656.9,504.1,864.6,660.7,981.2,720.1,emotional_stability_high4_PHv6CzBIC5E.001.mp4,1280,720,30.0,459,emotional_stability,high
411,13700,forehead,419.8,215.5,727.5,443.0,684.8,359.4,1069.4,643.7,emotional_stability_high4_PHv6CzBIC5E.001.mp4,1280,720,30.0,459,emotional_stability,high
411,13700,chin,419.8,330.7,684.1,548.2,684.8,503.4,1015.1,775.2,emotional_stability_high4_PHv6CzBIC5E.001.mp4,1280,720,30.0,459,emotional_stability,high
411,13700,left_cheek,470.6,348.1,589.2,472.7,748.2,525.1,896.5,680.9,emotional_stability_high4_PHv6CzBIC5E.001.mp4,1280,720,30.0,459,emotional_stability,high
411,13700,right_cheek,664.1,345.4,710.6,465.1,990.1,521.8,1048.3,671.4,emotional_stability_high4_PHv6CzBIC5E.001.mp4,1280,720,30.0,459,emotional_stability,high
412,13733,left_eye,499.9,282.0,626.6,349.7,784.9,442.6,943.2,527.1,emotional_stability_high4_PHv6CzBIC5E.001.mp4,1280,720,30.0,459,emotional_stability,high
412,13733,right_eye,661.2,274.2,731.7,340.0,986.5,432.7,1074.7,515.0,emotional_stability_high4_PHv6CzBIC5E.001.mp4,1280,720,30.0,459,emotional_stability,high
412,13733,nose,598.9,323.2,679.3,439.7,908.7,494.0,1009.1,639.6,emotional_stability_high4_PHv6CzBIC5E.001.mp4,1280,720,30.0,459,emotional_stability,high
412,13733,mouth,562.5,456.6,655.4,504.1,863.1,660.7,979.3,720.2,emotional_stability_high4_PHv6CzBIC5E.001.mp4,1280,720,30.0,459,emotional_stability,high
412,13733,forehead,421.8,215.3,727.7,442.7,687.2,359.2,1069.6,643.4,emotional_stability_high4_PHv6CzBIC5E.001.mp4,1280,720,30.0,459,emotional_stability,high
412,13733,chin,421.8,330.7,684.4,548.3,687.2,503.3,1015.5,775.4,emotional_stability_high4_PHv6CzBIC5E.001.mp4,1280,720,30.0,459,emotional_stability,high
412,13733,left_cheek,470.8,348.1,588.8,472.7,748.5,525.1,896.0,680.9,emotional_stability_high4_PHv6CzBIC5E.001.mp4,1280,720,30.0,459,emotional_stability,high
412,13733,right_cheek,664.1,345.5,710.8,465.1,990.2,521.9,1048.6,671.4,emotional_stability_high4_PHv6CzBIC5E.001.mp4,1280,720,30.0,459,emotional_stability,high
413,13766,left_eye,500.0,282.1,625.8,349.7,785.0,442.6,942.2,527.1,emotional_stability_high4_PHv6CzBIC5E.001.mp4,1280,720,30.0,459,emotional_stability,high
413,13766,right_eye,661.1,274.7,731.5,340.3,986.4,433.4,1074.3,515.4,emotional_stability_high4_PHv6CzBIC5E.001.mp4,1280,720,30.0,459,emotional_stability,high
413,13766,nose,598.7,323.3,679.3,439.7,908.4,494.1,1009.1,639.6,emotional_stability_high4_PHv6CzBIC5E.001.mp4,1280,720,30.0,459,emotional_stability,high
413,13766,mouth,562.1,456.6,654.9,504.1,862.6,660.7,978.6,720.2,emotional_stability_high4_PHv6CzBIC5E.001.mp4,1280,720,30.0,459,emotional_stability,high
413,13766,forehead,421.4,215.7,727.7,442.7,686.7,359.6,1069.7,643.4,emotional_stability_high4_PHv6CzBIC5E.001.mp4,1280,720,30.0,459,emotional_stability,high
413,13766,chin,421.4,330.6,684.7,548.4,686.7,503.3,1015.9,775.5,emotional_stability_high4_PHv6CzBIC5E.001.mp4,1280,720,30.0,459,emotional_stability,high
413,13766,left_cheek,470.8,348.0,588.5,472.6,748.5,525.0,895.7,680.7,emotional_stability_high4_PHv6CzBIC5E.001.mp4,1280,720,30.0,459,emotional_stability,high
413,13766,right_cheek,664.1,346.0,710.9,465.2,990.1,522.5,1048.7,671.4,emotional_stability_high4_PHv6CzBIC5E.001.mp4,1280,720,30.0,459,emotional_stability,high
414,13800,left_eye,502.0,280.4,626.4,349.5,787.5,440.5,943.0,526.8,emotional_stability_high4_PHv6CzBIC5E.001.mp4,1280,720,30.0,459,emotional_stability,high
414,13800,right_eye,660.4,274.8,730.3,340.6,985.5,433.4,1072.9,515.7,emotional_stability_high4_PHv6CzBIC5E.001.mp4,1280,720,30.0,459,emotional_stability,high
414,13800,nose,598.8,323.2,678.8,439.7,908.5,494.0,1008.5,639.6,emotional_stability_high4_PHv6CzBIC5E.001.mp4,1280,720,30.0,459,emotional_stability,high
414,13800,mouth,562.2,456.8,654.9,504.1,862.8,661.0,978.6,720.2,emotional_stability_high4_PHv6CzBIC5E.001.mp4,1280,720,30.0,459,emotional_stability,high
414,13800,forehead,421.9,215.0,727.0,441.9,687.4,358.8,1068.7,642.4,emotional_stability_high4_PHv6CzBIC5E.001.mp4,1280,720,30.0,459,emotional_stability,high
414,13800,chin,421.9,329.5,684.7,548.1,687.4,501.9,1015.9,775.1,emotional_stability_high4_PHv6CzBIC5E.001.mp4,1280,720,30.0,459,emotional_stability,high
414,13800,left_cheek,471.4,347.5,588.7,472.4,749.2,524.4,895.8,680.5,emotional_stability_high4_PHv6CzBIC5E.001.mp4,1280,720,30.0,459,emotional_stability,high
414,13800,right_cheek,663.4,346.0,710.0,465.2,989.2,522.5,1047.5,671.5,emotional_stability_high4_PHv6CzBIC5E.001.mp4,1280,720,30.0,459,emotional_stability,high
415,13833,left_eye,502.0,280.5,626.9,349.7,787.5,440.6,943.6,527.1,emotional_stability_high4_PHv6CzBIC5E.001.mp4,1280,720,30.0,459,emotional_stability,high
415,13833,right_eye,660.6,274.9,730.5,340.5,985.7,433.6,1073.1,515.6,emotional_stability_high4_PHv6CzBIC5E.001.mp4,1280,720,30.0,459,emotional_stability,high
415,13833,nose,599.1,323.2,680.0,439.6,908.8,494.0,1010.0,639.5,emotional_stability_high4_PHv6CzBIC5E.001.mp4,1280,720,30.0,459,emotional_stability,high
415,13833,mouth,562.2,456.8,655.2,504.2,862.7,661.0,979.0,720.2,emotional_stability_high4_PHv6CzBIC5E.001.mp4,1280,720,30.0,459,emotional_stability,high
415,13833,forehead,418.0,215.0,727.4,442.5,682.5,358.8,1069.3,643.1,emotional_stability_high4_PHv6CzBIC5E.001.mp4,1280,720,30.0,459,emotional_stability,high
415,13833,chin,418.0,329.3,685.0,551.0,682.5,501.7,1016.3,778.8,emotional_stability_high4_PHv6CzBIC5E.001.mp4,1280,720,30.0,459,emotional_stability,high
415,13833,left_cheek,470.3,347.5,588.7,473.3,747.8,524.4,895.8,681.7,emotional_stability_high4_PHv6CzBIC5E.001.mp4,1280,720,30.0,459,emotional_stability,high
415,13833,right_cheek,663.4,345.7,710.1,465.2,989.3,522.1,1047.6,671.5,emotional_stability_high4_PHv6CzBIC5E.001.mp4,1280,720,30.0,459,emotional_stability,high
416,13866,left_eye,500.9,280.6,624.0,349.2,786.2,440.7,940.0,526.5,emotional_stability_high4_PHv6CzBIC5E.001.mp4,1280,720,30.0,459,emotional_stability,high
416,13866,right_eye,659.6,275.5,729.9,340.6,984.5,434.3,1072.3,515.8,emotional_stability_high4_PHv6CzBIC5E.001.mp4,1280,720,30.0,459,emotional_stability,high
416,13866,nose,595.5,322.9,676.7,435.6,904.3,493.6,1005.9,634.5,emotional_stability_high4_PHv6CzBIC5E.001.mp4,1280,720,30.0,459,emotional_stability,high
416,13866,mouth,558.4,454.3,653.8,504.2,858.0,657.9,977.3,720.2,emotional_stability_high4_PHv6CzBIC5E.001.mp4,1280,720,30.0,459,emotional_stability,high
416,13866,forehead,420.4,215.1,727.5,443.1,685.5,358.9,1069.4,643.8,emotional_stability_high4_PHv6CzBIC5E.001.mp4,1280,720,30.0,459,emotional_stability,high
416,13866,chin,420.4,332.0,686.3,550.3,685.5,505.0,1017.9,777.8,emotional_stability_high4_PHv6CzBIC5E.001.mp4,1280,720,30.0,459,emotional_stability,high
416,13866,left_cheek,470.3,347.7,587.1,472.7,747.9,524.7,893.9,680.9,emotional_stability_high4_PHv6CzBIC5E.001.mp4,1280,720,30.0,459,emotional_stability,high
416,13866,right_cheek,663.5,346.8,710.2,465.2,989.4,523.5,1047.8,671.5,emotional_stability_high4_PHv6CzBIC5E.001.mp4,1280,720,30.0,459,emotional_stability,high
417,13900,left_eye,500.3,280.4,624.2,348.6,785.3,440.5,940.3,525.7,emotional_stability_high4_PHv6CzBIC5E.001.mp4,1280,720,30.0,459,emotional_stability,high
417,13900,right_eye,659.2,275.5,729.6,340.5,984.0,434.4,1072.0,515.6,emotional_stability_high4_PHv6CzBIC5E.001.mp4,1280,720,30.0,459,emotional_stability,high
417,13900,nose,595.7,322.4,676.9,435.3,904.6,493.1,1006.1,634.1,emotional_stability_high4_PHv6CzBIC5E.001.mp4,1280,720,30.0,459,emotional_stability,high
417,13900,mouth,558.7,454.0,653.7,503.3,858.4,657.5,977.1,719.1,emotional_stability_high4_PHv6CzBIC5E.001.mp4,1280,720,30.0,459,emotional_stability,high
417,13900,forehead,417.4,215.1,726.9,441.9,681.7,358.9,1068.6,642.4,emotional_stability_high4_PHv6CzBIC5E.001.mp4,1280,720,30.0,459,emotional_stability,high
417,13900,chin,417.4,331.7,685.5,548.3,681.7,504.6,1016.9,775.3,emotional_stability_high4_PHv6CzBIC5E.001.mp4,1280,720,30.0,459,emotional_stability,high
417,13900,left_cheek,468.7,347.1,586.7,471.0,745.9,523.9,893.4,678.7,emotional_stability_high4_PHv6CzBIC5E.001.mp4,1280,720,30.0,459,emotional_stability,high
417,13900,right_cheek,662.1,346.7,709.0,464.3,987.6,523.4,1046.2,670.4,emotional_stability_high4_PHv6CzBIC5E.001.mp4,1280,720,30.0,459,emotional_stability,high
418,13933,left_eye,501.1,280.6,625.1,347.8,786.4,440.7,941.4,524.8,emotional_stability_high4_PHv6CzBIC5E.001.mp4,1280,720,30.0,459,emotional_stability,high
418,13933,right_eye,659.4,276.1,729.7,340.5,984.3,435.2,1072.1,515.6,emotional_stability_high4_PHv6CzBIC5E.001.mp4,1280,720,30.0,459,emotional_stability,high
418,13933,nose,596.0,322.3,677.9,434.2,904.9,492.9,1007.4,632.7,emotional_stability_high4_PHv6CzBIC5E.001.mp4,1280,720,30.0,459,emotional_stability,high
418,13933,mouth,559.0,452.6,654.3,502.8,858.8,655.8,977.9,718.5,emotional_stability_high4_PHv6CzBIC5E.001.mp4,1280,720,30.0,459,emotional_stability,high
418,13933,forehead,418.5,216.5,726.9,443.0,683.2,360.6,1068.6,643.8,emotional_stability_high4_PHv6CzBIC5E.001.mp4,1280,720,30.0,459,emotional_stability,high
418,13933,chin,418.5,334.0,688.1,548.3,683.2,507.4,1020.1,775.4,emotional_stability_high4_PHv6CzBIC5E.001.mp4,1280,720,30.0,459,emotional_stability,high
418,13933,left_cheek,468.9,347.8,586.8,471.0,746.1,524.7,893.5,678.7,emotional_stability_high4_PHv6CzBIC5E.001.mp4,1280,720,30.0,459,emotional_stability,high
418,13933,right_cheek,663.0,346.8,709.7,463.7,988.7,523.5,1047.1,669.7,emotional_stability_high4_PHv6CzBIC5E.001.mp4,1280,720,30.0,459,emotional_stability,high
419,13966,left_eye,499.5,278.6,625.2,347.2,784.4,438.3,941.5,523.9,emotional_stability_high4_PHv6CzBIC5E.001.mp4,1280,720,30.0,459,emotional_stability,high
419,13966,right_eye,659.5,273.8,731.5,340.1,984.4,432.2,1074.4,515.2,emotional_stability_high4_PHv6CzBIC5E.001.mp4,1280,720,30.0,459,emotional_stability,high
419,13966,nose,595.6,321.4,677.9,433.9,904.5,491.8,1007.4,632.4,emotional_stability_high4_PHv6CzBIC5E.001.mp4,1280,720,30.0,459,emotional_stability,high
419,13966,mouth,557.2,451.9,654.3,503.7,856.4,654.9,977.9,719.7,emotional_stability_high4_PHv6CzBIC5E.001.mp4,1280,720,30.0,459,emotional_stability,high
419,13966,forehead,415.1,214.4,727.3,440.3,678.9,358.0,1069.1,640.4,emotional_stability_high4_PHv6CzBIC5E.001.mp4,1280,720,30.0,459,emotional_stability,high
419,13966,chin,415.1,328.7,687.0,548.6,678.9,500.8,1018.8,775.8,emotional_stability_high4_PHv6CzBIC5E.001.mp4,1280,720,30.0,459,emotional_stability,high
419,13966,left_cheek,466.1,345.5,586.5,470.4,742.7,521.9,893.1,678.0,emotional_stability_high4_PHv6CzBIC5E.001.mp4,1280,720,30.0,459,emotional_stability,high
419,13966,right_cheek,663.0,346.6,710.2,463.8,988.8,523.2,1047.7,669.7,emotional_stability_high4_PHv6CzBIC5E.001.mp4,1280,720,30.0,459,emotional_stability,high
420,14000,left_eye,500.8,279.3,625.2,347.1,786.0,439.1,941.5,523.9,emotional_stability_high4_PHv6CzBIC5E.001.mp4,1280,720,30.0,459,emotional_stability,high
420,14000,right_eye,659.1,273.9,730.9,340.1,983.9,432.3,1073.6,515.1,emotional_stability_high4_PHv6CzBIC5E.001.mp4,1280,720,30.0,459,emotional_stability,high
420,14000,nose,595.5,321.3,677.2,433.5,904.4,491.6,1006.6,631.9,emotional_stability_high4_PHv6CzBIC5E.001.mp4,1280,720,30.0,459,emotional_stability,high
420,14000,mouth,557.4,451.2,653.8,503.2,856.8,654.0,977.3,719.0,emotional_stability_high4_PHv6CzBIC5E.001.mp4,1280,720,30.0,459,emotional_stability,high
420,14000,forehead,418.7,214.4,727.2,441.8,683.3,358.0,1069.0,642.2,emotional_stability_high4_PHv6CzBIC5E.001.mp4,1280,720,30.0,459,emotional_stability,high
420,14000,chin,418.7,331.8,686.9,548.3,683.3,504.8,1018.7,775.4,emotional_stability_high4_PHv6CzBIC5E.001.mp4,1280,720,30.0,459,emotional_stability,high
420,14000,left_cheek,468.6,346.5,586.6,470.5,745.7,523.1,893.3,678.1,emotional_stability_high4_PHv6CzBIC5E.001.mp4,1280,720,30.0,459,emotional_stability,high
420,14000,right_cheek,662.9,346.6,710.2,463.5,988.7,523.2,1047.8,669.4,emotional_stability_high4_PHv6CzBIC5E.001.mp4,1280,720,30.0,459,emotional_stability,high
421,14033,left_eye,501.9,280.7,625.8,347.2,787.4,440.8,942.2,524.0,emotional_stability_high4_PHv6CzBIC5E.001.mp4,1280,720,30.0,459,emotional_stability,high
421,14033,right_eye,658.6,274.7,730.8,340.4,983.3,433.3,1073.5,515.5,emotional_stability_high4_PHv6CzBIC5E.001.mp4,1280,720,30.0,459,emotional_stability,high
421,14033,nose,595.6,321.5,677.4,433.8,904.5,491.9,1006.7,632.3,emotional_stability_high4_PHv6CzBIC5E.001.mp4,1280,720,30.0,459,emotional_stability,high
421,14033,mouth,558.9,451.3,653.9,503.3,858.6,654.2,977.3,719.1,emotional_stability_high4_PHv6CzBIC5E.001.mp4,1280,720,30.0,459,emotional_stability,high
421,14033,forehead,420.3,215.8,725.9,441.4,685.3,359.8,1067.3,641.7,emotional_stability_high4_PHv6CzBIC5E.001.mp4,1280,720,30.0,459,emotional_stability,high
421,14033,chin,420.3,331.7,683.5,548.7,685.3,504.6,1014.3,775.8,emotional_stability_high4_PHv6CzBIC5E.001.mp4,1280,720,30.0,459,emotional_stability,high
421,14033,left_cheek,469.7,346.5,586.7,470.0,747.1,523.2,893.4,677.5,emotional_stability_high4_PHv6CzBIC5E.001.mp4,1280,720,30.0,459,emotional_stability,high
421,14033,right_cheek,662.5,346.7,708.9,463.6,988.1,523.3,1046.2,669.5,emotional_stability_high4_PHv6CzBIC5E.001.mp4,1280,720,30.0,459,emotional_stability,high
422,14066,left_eye,501.3,280.7,624.9,347.3,786.6,440.9,941.2,524.1,emotional_stability_high4_PHv6CzBIC5E.001.mp4,1280,720,30.0,459,emotional_stability,high
422,14066,right_eye,657.9,274.7,730.8,340.7,982.3,433.3,1073.5,515.8,emotional_stability_high4_PHv6CzBIC5E.001.mp4,1280,720,30.0,459,emotional_stability,high
422,14066,nose,595.2,321.7,676.3,434.0,904.0,492.1,1005.4,632.6,emotional_stability_high4_PHv6CzBIC5E.001.mp4,1280,720,30.0,459,emotional_stability,high
422,14066,mouth,558.2,451.3,653.4,503.9,857.7,654.1,976.7,719.9,emotional_stability_high4_PHv6CzBIC5E.001.mp4,1280,720,30.0,459,emotional_stability,high
422,14066,forehead,420.2,215.8,725.9,440.2,685.3,359.8,1067.4,640.2,emotional_stability_high4_PHv6CzBIC5E.001.mp4,1280,720,30.0,459,emotional_stability,high
422,14066,chin,420.2,329.4,683.7,549.4,685.3,501.8,1014.6,776.7,emotional_stability_high4_PHv6CzBIC5E.001.mp4,1280,720,30.0,459,emotional_stability,high
422,14066,left_cheek,469.5,346.2,586.6,470.1,746.9,522.7,893.2,677.6,emotional_stability_high4_PHv6CzBIC5E.001.mp4,1280,720,30.0,459,emotional_stability,high
422,14066,right_cheek,662.6,347.0,709.1,464.1,988.2,523.7,1046.3,670.1,emotional_stability_high4_PHv6CzBIC5E.001.mp4,1280,720,30.0,459,emotional_stability,high
423,14100,left_eye,501.6,280.9,624.9,347.3,787.0,441.1,941.1,524.1,emotional_stability_high4_PHv6CzBIC5E.001.mp4,1280,720,30.0,459,emotional_stability,high
423,14100,right_eye,657.5,275.9,730.0,341.3,981.9,434.9,1072.6,516.6,emotional_stability_high4_PHv6CzBIC5E.001.mp4,1280,720,30.0,459,emotional_stability,high
423,14100,nose,595.0,322.0,675.5,433.9,903.8,492.5,1004.4,632.3,emotional_stability_high4_PHv6CzBIC5E.001.mp4,1280,720,30.0,459,emotional_stability,high
423,14100,mouth,557.3,451.2,652.6,504.1,856.6,654.0,975.8,720.2,emotional_stability_high4_PHv6CzBIC5E.001.mp4,1280,720,30.0,459,emotional_stability,high
423,14100,forehead,421.7,216.3,725.3,441.2,687.1,360.4,1066.7,641.5,emotional_stability_high4_PHv6CzBIC5E.001.mp4,1280,720,30.0,459,emotional_stability,high
423,14100,chin,421.7,329.7,683.8,549.4,687.1,502.2,1014.7,776.7,emotional_stability_high4_PHv6CzBIC5E.001.mp4,1280,720,30.0,459,emotional_stability,high
423,14100,left_cheek,469.7,346.2,586.6,470.1,747.1,522.8,893.2,677.7,emotional_stability_high4_PHv6CzBIC5E.001.mp4,1280,720,30.0,459,emotional_stability,high
423,14100,right_cheek,662.6,348.5,709.2,464.7,988.2,525.6,1046.5,670.9,emotional_stability_high4_PHv6CzBIC5E.001.mp4,1280,720,30.0,459,emotional_stability,high
424,14133,left_eye,501.7,281.1,625.4,347.9,787.2,441.4,941.8,524.8,emotional_stability_high4_PHv6CzBIC5E.001.mp4,1280,720,30.0,459,emotional_stability,high
424,14133,right_eye,657.4,277.7,729.9,342.9,981.8,437.2,1072.4,518.6,emotional_stability_high4_PHv6CzBIC5E.001.mp4,1280,720,30.0,459,emotional_stability,high
424,14133,nose,595.1,323.4,675.7,434.9,903.9,494.3,1004.7,633.6,emotional_stability_high4_PHv6CzBIC5E.001.mp4,1280,720,30.0,459,emotional_stability,high
424,14133,mouth,557.5,452.2,652.7,504.5,856.8,655.2,975.9,720.6,emotional_stability_high4_PHv6CzBIC5E.001.mp4,1280,720,30.0,459,emotional_stability,high
424,14133,forehead,417.5,216.8,725.3,442.3,681.8,361.0,1066.7,642.9,emotional_stability_high4_PHv6CzBIC5E.001.mp4,1280,720,30.0,459,emotional_stability,high
424,14133,chin,417.5,329.2,683.7,551.9,681.8,501.5,1014.6,779.9,emotional_stability_high4_PHv6CzBIC5E.001.mp4,1280,720,30.0,459,emotional_stability,high
424,14133,left_cheek,468.3,346.3,586.6,470.8,745.3,522.8,893.3,678.5,emotional_stability_high4_PHv6CzBIC5E.001.mp4,1280,720,30.0,459,emotional_stability,high
424,14133,right_cheek,662.6,349.7,709.3,466.2,988.3,527.1,1046.6,672.7,emotional_stability_high4_PHv6CzBIC5E.001.mp4,1280,720,30.0,459,emotional_stability,high
425,14166,left_eye,501.8,281.5,625.4,347.9,787.3,441.8,941.7,524.9,emotional_stability_high4_PHv6CzBIC5E.001.mp4,1280,720,30.0,459,emotional_stability,high
425,14166,right_eye,657.1,277.5,729.3,342.9,981.3,436.9,1071.6,518.6,emotional_stability_high4_PHv6CzBIC5E.001.mp4,1280,720,30.0,459,emotional_stability,high
425,14166,nose,595.2,323.4,675.2,434.9,904.0,494.3,1004.0,633.6,emotional_stability_high4_PHv6CzBIC5E.001.mp4,1280,720,30.0,459,emotional_stability,high
425,14166,mouth,556.1,452.2,652.1,503.5,855.1,655.3,975.1,719.4,emotional_stability_high4_PHv6CzBIC5E.001.mp4,1280,720,30.0,459,emotional_stability,high
425,14166,forehead,417.7,216.8,725.8,440.4,682.1,361.0,1067.3,640.5,emotional_stability_high4_PHv6CzBIC5E.001.mp4,1280,720,30.0,459,emotional_stability,high
425,14166,chin,417.7,329.4,685.6,548.6,682.1,501.7,1017.0,775.8,emotional_stability_high4_PHv6CzBIC5E.001.mp4,1280,720,30.0,459,emotional_stability,high
425,14166,left_cheek,468.4,346.6,586.7,470.8,745.5,523.2,893.3,678.5,emotional_stability_high4_PHv6CzBIC5E.001.mp4,1280,720,30.0,459,emotional_stability,high
425,14166,right_cheek,662.0,348.9,709.4,465.2,987.5,526.1,1046.8,671.5,emotional_stability_high4_PHv6CzBIC5E.001.mp4,1280,720,30.0,459,emotional_stability,high
426,14200,left_eye,503.1,283.2,626.6,348.4,788.9,444.0,943.3,525.5,emotional_stability_high4_PHv6CzBIC5E.001.mp4,1280,720,30.0,459,emotional_stability,high
426,14200,right_eye,658.3,278.1,730.0,343.0,982.9,437.7,1072.6,518.7,emotional_stability_high4_PHv6CzBIC5E.001.mp4,1280,720,30.0,459,emotional_stability,high
426,14200,nose,596.8,324.2,677.3,436.8,906.0,495.3,1006.7,636.1,emotional_stability_high4_PHv6CzBIC5E.001.mp4,1280,720,30.0,459,emotional_stability,high
426,14200,mouth,559.5,453.2,654.3,502.0,859.4,656.5,977.9,717.5,emotional_stability_high4_PHv6CzBIC5E.001.mp4,1280,720,30.0,459,emotional_stability,high
426,14200,forehead,425.9,219.1,727.5,440.5,692.3,363.9,1069.4,640.6,emotional_stability_high4_PHv6CzBIC5E.001.mp4,1280,720,30.0,459,emotional_stability,high
426,14200,chin,425.9,331.0,686.5,547.5,692.3,503.8,1018.1,774.4,emotional_stability_high4_PHv6CzBIC5E.001.mp4,1280,720,30.0,459,emotional_stability,high
426,14200,left_cheek,472.8,347.8,588.3,470.7,751.0,524.7,895.3,678.4,emotional_stability_high4_PHv6CzBIC5E.001.mp4,1280,720,30.0,459,emotional_stability,high
426,14200,right_cheek,662.9,348.8,709.6,463.9,988.7,526.0,1047.0,669.8,emotional_stability_high4_PHv6CzBIC5E.001.mp4,1280,720,30.0,459,emotional_stability,high
427,14233,left_eye,503.1,282.8,626.6,348.1,788.8,443.5,943.3,525.2,emotional_stability_high4_PHv6CzBIC5E.001.mp4,1280,720,30.0,459,emotional_stability,high
427,14233,right_eye,658.4,277.2,731.3,342.9,983.0,436.5,1074.2,518.6,emotional_stability_high4_PHv6CzBIC5E.001.mp4,1280,720,30.0,459,emotional_stability,high
427,14233,nose,597.7,324.2,678.2,437.0,907.1,495.3,1007.7,636.2,emotional_stability_high4_PHv6CzBIC5E.001.mp4,1280,720,30.0,459,emotional_stability,high
427,14233,mouth,559.5,455.5,654.4,501.9,859.4,659.4,978.0,717.4,emotional_stability_high4_PHv6CzBIC5E.001.mp4,1280,720,30.0,459,emotional_stability,high
427,14233,forehead,427.2,219.0,728.5,435.7,694.0,363.7,1070.7,634.6,emotional_stability_high4_PHv6CzBIC5E.001.mp4,1280,720,30.0,459,emotional_stability,high
427,14233,chin,427.2,329.0,687.5,545.4,694.0,501.3,1019.4,771.7,emotional_stability_high4_PHv6CzBIC5E.001.mp4,1280,720,30.0,459,emotional_stability,high
427,14233,left_cheek,474.1,347.4,589.2,468.6,752.6,524.3,896.5,675.7,emotional_stability_high4_PHv6CzBIC5E.001.mp4,1280,720,30.0,459,emotional_stability,high
427,14233,right_cheek,664.2,348.2,710.8,462.9,990.2,525.3,1048.5,668.6,emotional_stability_high4_PHv6CzBIC5E.001.mp4,1280,720,30.0,459,emotional_stability,high
428,14266,left_eye,503.0,282.8,626.6,348.1,788.7,443.5,943.3,525.2,emotional_stability_high4_PHv6CzBIC5E.001.mp4,1280,720,30.0,459,emotional_stability,high
428,14266,right_eye,658.4,277.3,732.3,342.9,983.1,436.6,1075.4,518.7,emotional_stability_high4_PHv6CzBIC5E.001.mp4,1280,720,30.0,459,emotional_stability,high
428,14266,nose,598.0,324.2,678.5,436.8,907.6,495.3,1008.1,636.0,emotional_stability_high4_PHv6CzBIC5E.001.mp4,1280,720,30.0,459,emotional_stability,high
428,14266,mouth,558.2,456.6,654.4,501.0,857.8,660.7,978.0,716.3,emotional_stability_high4_PHv6CzBIC5E.001.mp4,1280,720,30.0,459,emotional_stability,high
428,14266,forehead,427.2,219.8,729.9,435.9,694.0,364.8,1072.4,634.9,emotional_stability_high4_PHv6CzBIC5E.001.mp4,1280,720,30.0,459,emotional_stability,high
428,14266,chin,427.2,329.0,687.6,545.4,694.0,501.3,1019.6,771.8,emotional_stability_high4_PHv6CzBIC5E.001.mp4,1280,720,30.0,459,emotional_stability,high
428,14266,left_cheek,473.7,347.2,589.5,467.5,752.1,524.0,896.9,674.3,emotional_stability_high4_PHv6CzBIC5E.001.mp4,1280,720,30.0,459,emotional_stability,high
428,14266,right_cheek,664.4,349.0,711.2,462.9,990.5,526.2,1049.0,668.6,emotional_stability_high4_PHv6CzBIC5E.001.mp4,1280,720,30.0,459,emotional_stability,high
429,14300,left_eye,503.4,282.7,627.0,348.1,789.3,443.4,943.8,525.1,emotional_stability_high4_PHv6CzBIC5E.001.mp4,1280,720,30.0,459,emotional_stability,high
429,14300,right_eye,658.7,277.0,733.6,342.9,983.4,436.3,1077.0,518.6,emotional_stability_high4_PHv6CzBIC5E.001.mp4,1280,720,30.0,459,emotional_stability,high
429,14300,nose,599.7,324.2,679.2,437.1,909.6,495.2,1009.0,636.3,emotional_stability_high4_PHv6CzBIC5E.001.mp4,1280,720,30.0,459,emotional_stability,high
429,14300,mouth,558.3,457.9,655.3,500.0,857.9,662.3,979.2,715.0,emotional_stability_high4_PHv6CzBIC5E.001.mp4,1280,720,30.0,459,emotional_stability,high
429,14300,forehead,430.4,220.1,731.5,435.8,698.0,365.1,1074.4,634.7,emotional_stability_high4_PHv6CzBIC5E.001.mp4,1280,720,30.0,459,emotional_stability,high
429,14300,chin,430.4,329.0,689.2,545.5,698.0,501.2,1021.5,771.9,emotional_stability_high4_PHv6CzBIC5E.001.mp4,1280,720,30.0,459,emotional_stability,high
429,14300,left_cheek,474.6,347.1,590.6,467.3,753.3,523.9,898.3,674.1,emotional_stability_high4_PHv6CzBIC5E.001.mp4,1280,720,30.0,459,emotional_stability,high
429,14300,right_cheek,665.5,348.9,712.6,463.0,991.9,526.1,1050.8,668.7,emotional_stability_high4_PHv6CzBIC5E.001.mp4,1280,720,30.0,459,emotional_stability,high
430,14333,left_eye,504.6,282.7,627.9,348.1,790.8,443.4,944.9,525.1,emotional_stability_high4_PHv6CzBIC5E.001.mp4,1280,720,30.0,459,emotional_stability,high
430,14333,right_eye,659.2,277.0,735.1,343.0,984.0,436.3,1078.9,518.7,emotional_stability_high4_PHv6CzBIC5E.001.mp4,1280,720,30.0,459,emotional_stability,high
430,14333,nose,600.5,324.3,679.6,437.3,910.6,495.4,1009.6,636.6,emotional_stability_high4_PHv6CzBIC5E.001.mp4,1280,720,30.0,459,emotional_stability,high
430,14333,mouth,559.2,458.3,655.9,500.1,859.0,662.8,979.8,715.2,emotional_stability_high4_PHv6CzBIC5E.001.mp4,1280,720,30.0,459,emotional_stability,high
430,14333,forehead,431.9,220.4,732.1,435.2,699.8,365.5,1075.1,634.0,emotional_stability_high4_PHv6CzBIC5E.001.mp4,1280,720,30.0,459,emotional_stability,high
430,14333,chin,431.9,328.4,689.1,545.1,699.8,500.5,1021.4,771.4,emotional_stability_high4_PHv6CzBIC5E.001.mp4,1280,720,30.0,459,emotional_stability,high
430,14333,left_cheek,475.9,346.8,591.6,466.8,754.9,523.5,899.5,673.5,emotional_stability_high4_PHv6CzBIC5E.001.mp4,1280,720,30.0,459,emotional_stability,high
430,14333,right_cheek,666.1,348.9,712.7,463.0,992.6,526.1,1050.9,668.8,emotional_stability_high4_PHv6CzBIC5E.001.mp4,1280,720,30.0,459,emotional_stability,high
431,14366,left_eye,504.5,283.3,628.8,350.2,790.6,444.1,945.9,527.8,emotional_stability_high4_PHv6CzBIC5E.001.mp4,1280,720,30.0,459,emotional_stability,high
431,14366,right_eye,660.5,279.4,736.5,345.4,985.6,439.3,1080.6,521.8,emotional_stability_high4_PHv6CzBIC5E.001.mp4,1280,720,30.0,459,emotional_stability,high
431,14366,nose,601.2,326.8,681.2,439.2,911.5,498.5,1011.5,639.0,emotional_stability_high4_PHv6CzBIC5E.001.mp4,1280,720,30.0,459,emotional_stability,high
431,14366,mouth,559.2,460.9,657.5,500.2,859.0,666.1,981.9,715.2,emotional_stability_high4_PHv6CzBIC5E.001.mp4,1280,720,30.0,459,emotional_stability,high
431,14366,forehead,430.6,222.6,733.9,437.8,698.2,368.2,1077.4,637.3,emotional_stability_high4_PHv6CzBIC5E.001.mp4,1280,720,30.0,459,emotional_stability,high
431,14366,chin,430.6,329.2,689.8,545.6,698.2,501.6,1022.2,772.0,emotional_stability_high4_PHv6CzBIC5E.001.mp4,1280,720,30.0,459,emotional_stability,high
431,14366,left_cheek,475.5,347.8,592.0,467.3,754.3,524.8,900.0,674.1,emotional_stability_high4_PHv6CzBIC5E.001.mp4,1280,720,30.0,459,emotional_stability,high
431,14366,right_cheek,667.5,351.7,714.3,465.3,994.4,529.7,1052.9,671.6,emotional_stability_high4_PHv6CzBIC5E.001.mp4,1280,720,30.0,459,emotional_stability,high
432,14400,left_eye,506.0,280.8,631.0,349.3,792.5,441.0,948.8,526.6,emotional_stability_high4_PHv6CzBIC5E.001.mp4,1280,720,30.0,459,emotional_stability,high
432,14400,right_eye,660.9,279.4,737.4,345.2,986.2,439.3,1081.8,521.5,emotional_stability_high4_PHv6CzBIC5E.001.mp4,1280,720,30.0,459,emotional_stability,high
432,14400,nose,602.1,326.7,681.8,439.3,912.6,498.4,1012.3,639.1,emotional_stability_high4_PHv6CzBIC5E.001.mp4,1280,720,30.0,459,emotional_stability,high
432,14400,mouth,560.1,460.6,658.4,500.3,860.1,665.8,983.0,715.4,emotional_stability_high4_PHv6CzBIC5E.001.mp4,1280,720,30.0,459,emotional_stability,high
432,14400,forehead,432.4,222.2,734.7,436.6,700.4,367.8,1078.4,635.8,emotional_stability_high4_PHv6CzBIC5E.001.mp4,1280,720,30.0,459,emotional_stability,high
432,14400,chin,432.4,326.1,689.5,544.2,700.4,497.6,1021.9,770.2,emotional_stability_high4_PHv6CzBIC5E.001.mp4,1280,720,30.0,459,emotional_stability,high
432,14400,left_cheek,475.9,345.4,593.0,465.5,754.9,521.8,901.3,671.9,emotional_stability_high4_PHv6CzBIC5E.001.mp4,1280,720,30.0,459,emotional_stability,high
432,14400,right_cheek,667.3,351.4,714.2,465.2,994.1,529.2,1052.8,671.5,emotional_stability_high4_PHv6CzBIC5E.001.mp4,1280,720,30.0,459,emotional_stability,high
433,14433,left_eye,506.5,284.4,630.8,351.3,793.2,445.5,948.6,529.1,emotional_stability_high4_PHv6CzBIC5E.001.mp4,1280,720,30.0,459,emotional_stability,high
433,14433,right_eye,662.2,282.4,737.0,345.7,987.8,443.0,1081.3,522.2,emotional_stability_high4_PHv6CzBIC5E.001.mp4,1280,720,30.0,459,emotional_stability,high
433,14433,nose,603.0,328.4,682.9,440.4,913.8,500.5,1013.6,640.5,emotional_stability_high4_PHv6CzBIC5E.001.mp4,1280,720,30.0,459,emotional_stability,high
433,14433,mouth,564.0,460.7,659.5,498.1,865.0,665.9,984.4,712.6,emotional_stability_high4_PHv6CzBIC5E.001.mp4,1280,720,30.0,459,emotional_stability,high
433,14433,forehead,436.1,225.5,735.3,435.7,705.2,371.9,1079.1,634.7,emotional_stability_high4_PHv6CzBIC5E.001.mp4,1280,720,30.0,459,emotional_stability,high
433,14433,chin,436.1,330.1,692.6,542.7,705.2,502.7,1025.7,768.4,emotional_stability_high4_PHv6CzBIC5E.001.mp4,1280,720,30.0,459,emotional_stability,high
433,14433,left_cheek,480.1,348.1,594.1,465.8,760.2,525.1,902.6,672.2,emotional_stability_high4_PHv6CzBIC5E.001.mp4,1280,720,30.0,459,emotional_stability,high
433,14433,right_cheek,669.2,351.1,715.9,464.0,996.6,528.9,1054.9,670.0,emotional_stability_high4_PHv6CzBIC5E.001.mp4,1280,720,30.0,459,emotional_stability,high
434,14466,left_eye,512.0,284.2,636.8,351.2,800.0,445.3,956.0,529.0,emotional_stability_high4_PHv6CzBIC5E.001.mp4,1280,720,30.0,459,emotional_stability,high
434,14466,right_eye,663.0,281.7,736.8,345.6,988.7,442.1,1081.0,521.9,emotional_stability_high4_PHv6CzBIC5E.001.mp4,1280,720,30.0,459,emotional_stability,high
434,14466,nose,607.0,327.9,684.2,440.2,918.7,499.9,1015.3,640.3,emotional_stability_high4_PHv6CzBIC5E.001.mp4,1280,720,30.0,459,emotional_stability,high
434,14466,mouth,564.3,460.8,660.6,498.2,865.3,665.9,985.7,712.8,emotional_stability_high4_PHv6CzBIC5E.001.mp4,1280,720,30.0,459,emotional_stability,high
434,14466,forehead,435.1,224.7,734.9,435.8,703.9,370.9,1078.6,634.8,emotional_stability_high4_PHv6CzBIC5E.001.mp4,1280,720,30.0,459,emotional_stability,high
434,14466,chin,435.1,326.6,689.4,542.6,703.9,498.3,1021.8,768.2,emotional_stability_high4_PHv6CzBIC5E.001.mp4,1280,720,30.0,459,emotional_stability,high
434,14466,left_cheek,479.1,346.7,597.1,465.3,758.9,523.4,906.4,671.6,emotional_stability_high4_PHv6CzBIC5E.001.mp4,1280,720,30.0,459,emotional_stability,high
434,14466,right_cheek,668.8,351.2,715.7,464.0,996.0,529.0,1054.6,670.0,emotional_stability_high4_PHv6CzBIC5E.001.mp4,1280,720,30.0,459,emotional_stability,high
435,14500,left_eye,514.1,285.0,638.1,351.4,802.6,446.3,957.6,529.2,emotional_stability_high4_PHv6CzBIC5E.001.mp4,1280,720,30.0,459,emotional_stability,high
435,14500,right_eye,664.5,281.3,737.0,345.4,990.6,441.7,1081.2,521.8,emotional_stability_high4_PHv6CzBIC5E.001.mp4,1280,720,30.0,459,emotional_stability,high
435,14500,nose,607.8,328.1,685.5,441.8,919.8,500.2,1016.9,642.2,emotional_stability_high4_PHv6CzBIC5E.001.mp4,1280,720,30.0,459,emotional_stability,high
435,14500,mouth,565.2,461.0,660.8,498.5,866.5,666.3,986.0,713.1,emotional_stability_high4_PHv6CzBIC5E.001.mp4,1280,720,30.0,459,emotional_stability,high
435,14500,forehead,435.2,224.7,734.8,433.0,704.0,370.9,1078.5,631.2,emotional_stability_high4_PHv6CzBIC5E.001.mp4,1280,720,30.0,459,emotional_stability,high
435,14500,chin,435.2,325.5,689.5,542.4,704.0,496.8,1021.9,768.0,emotional_stability_high4_PHv6CzBIC5E.001.mp4,1280,720,30.0,459,emotional_stability,high
435,14500,left_cheek,480.3,346.6,598.3,465.4,760.4,523.3,907.9,671.8,emotional_stability_high4_PHv6CzBIC5E.001.mp4,1280,720,30.0,459,emotional_stability,high
435,14500,right_cheek,668.7,349.6,715.3,463.2,995.9,527.0,1054.2,669.0,emotional_stability_high4_PHv6CzBIC5E.001.mp4,1280,720,30.0,459,emotional_stability,high
436,14533,left_eye,516.6,285.2,640.4,351.3,805.7,446.5,960.5,529.2,emotional_stability_high4_PHv6CzBIC5E.001.mp4,1280,720,30.0,459,emotional_stability,high
436,14533,right_eye,665.5,281.0,737.2,345.5,991.9,441.2,1081.4,521.8,emotional_stability_high4_PHv6CzBIC5E.001.mp4,1280,720,30.0,459,emotional_stability,high
436,14533,nose,609.5,328.0,686.8,441.6,921.9,500.0,1018.5,642.0,emotional_stability_high4_PHv6CzBIC5E.001.mp4,1280,720,30.0,459,emotional_stability,high
436,14533,mouth,567.3,460.8,662.2,498.2,869.1,666.1,987.7,712.8,emotional_stability_high4_PHv6CzBIC5E.001.mp4,1280,720,30.0,459,emotional_stability,high
436,14533,forehead,436.3,224.5,734.7,433.0,705.3,370.6,1078.3,631.3,emotional_stability_high4_PHv6CzBIC5E.001.mp4,1280,720,30.0,459,emotional_stability,high
436,14533,chin,436.3,325.6,688.9,542.5,705.3,497.0,1021.1,768.1,emotional_stability_high4_PHv6CzBIC5E.001.mp4,1280,720,30.0,459,emotional_stability,high
436,14533,left_cheek,480.9,346.4,600.0,465.3,761.1,523.0,909.9,671.7,emotional_stability_high4_PHv6CzBIC5E.001.mp4,1280,720,30.0,459,emotional_stability,high
436,14533,right_cheek,668.5,349.6,715.2,463.2,995.6,527.0,1053.9,669.0,emotional_stability_high4_PHv6CzBIC5E.001.mp4,1280,720,30.0,459,emotional_stability,high
437,14566,left_eye,514.6,284.8,638.8,351.2,803.3,446.0,958.5,529.0,emotional_stability_high4_PHv6CzBIC5E.001.mp4,1280,720,30.0,459,emotional_stability,high
437,14566,right_eye,665.4,281.7,737.0,346.7,991.8,442.2,1081.2,523.4,emotional_stability_high4_PHv6CzBIC5E.001.mp4,1280,720,30.0,459,emotional_stability,high
437,14566,nose,608.0,328.4,685.8,441.6,920.0,500.5,1017.3,642.0,emotional_stability_high4_PHv6CzBIC5E.001.mp4,1280,720,30.0,459,emotional_stability,high
437,14566,mouth,564.5,460.9,661.2,498.4,865.7,666.1,986.5,713.0,emotional_stability_high4_PHv6CzBIC5E.001.mp4,1280,720,30.0,459,emotional_stability,high
437,14566,forehead,435.6,224.3,734.6,437.6,704.5,370.4,1078.2,636.9,emotional_stability_high4_PHv6CzBIC5E.001.mp4,1280,720,30.0,459,emotional_stability,high
437,14566,chin,435.6,324.7,688.0,542.6,704.5,495.8,1020.0,768.2,emotional_stability_high4_PHv6CzBIC5E.001.mp4,1280,720,30.0,459,emotional_stability,high
437,14566,left_cheek,480.0,345.3,599.9,465.1,760.0,521.7,909.9,671.3,emotional_stability_high4_PHv6CzBIC5E.001.mp4,1280,720,30.0,459,emotional_stability,high
437,14566,right_cheek,668.2,352.1,714.9,465.6,995.2,530.1,1053.7,671.9,emotional_stability_high4_PHv6CzBIC5E.001.mp4,1280,720,30.0,459,emotional_stability,high
438,14600,left_eye,507.7,284.7,629.9,350.7,794.7,445.8,947.3,528.4,emotional_stability_high4_PHv6CzBIC5E.001.mp4,1280,720,30.0,459,emotional_stability,high
438,14600,right_eye,662.1,281.5,736.0,346.6,987.7,441.9,1080.0,523.2,emotional_stability_high4_PHv6CzBIC5E.001.mp4,1280,720,30.0,459,emotional_stability,high
438,14600,nose,601.0,328.3,681.8,440.2,911.2,500.3,1012.3,640.2,emotional_stability_high4_PHv6CzBIC5E.001.mp4,1280,720,30.0,459,emotional_stability,high
438,14600,mouth,563.8,459.3,659.2,497.8,864.8,664.2,984.0,712.2,emotional_stability_high4_PHv6CzBIC5E.001.mp4,1280,720,30.0,459,emotional_stability,high
438,14600,forehead,435.1,223.5,734.5,436.7,703.9,369.3,1078.1,635.8,emotional_stability_high4_PHv6CzBIC5E.001.mp4,1280,720,30.0,459,emotional_stability,high
438,14600,chin,435.1,324.9,692.0,541.3,703.9,496.1,1025.1,766.6,emotional_stability_high4_PHv6CzBIC5E.001.mp4,1280,720,30.0,459,emotional_stability,high
438,14600,left_cheek,479.8,345.0,594.1,464.0,759.7,521.2,902.6,670.0,emotional_stability_high4_PHv6CzBIC5E.001.mp4,1280,720,30.0,459,emotional_stability,high
438,14600,right_cheek,668.6,350.7,715.5,464.4,995.8,528.3,1054.3,670.5,emotional_stability_high4_PHv6CzBIC5E.001.mp4,1280,720,30.0,459,emotional_stability,high
439,14633,left_eye,503.9,282.7,627.2,349.1,789.8,443.3,944.0,526.4,emotional_stability_high4_PHv6CzBIC5E.001.mp4,1280,720,30.0,459,emotional_stability,high
439,14633,right_eye,659.5,281.4,734.4,346.0,984.3,441.7,1078.0,522.6,emotional_stability_high4_PHv6CzBIC5E.001.mp4,1280,720,30.0,459,emotional_stability,high
439,14633,nose,598.6,327.4,679.9,439.0,908.3,499.3,1009.8,638.7,emotional_stability_high4_PHv6CzBIC5E.001.mp4,1280,720,30.0,459,emotional_stability,high
439,14633,mouth,559.8,458.7,658.5,497.6,859.7,663.4,983.2,712.0,emotional_stability_high4_PHv6CzBIC5E.001.mp4,1280,720,30.0,459,emotional_stability,high
439,14633,forehead,433.5,222.6,733.5,436.1,701.9,368.2,1076.9,635.1,emotional_stability_high4_PHv6CzBIC5E.001.mp4,1280,720,30.0,459,emotional_stability,high
439,14633,chin,433.5,324.7,691.6,541.5,701.9,495.9,1024.6,766.9,emotional_stability_high4_PHv6CzBIC5E.001.mp4,1280,720,30.0,459,emotional_stability,high
439,14633,left_cheek,476.1,344.3,590.6,463.6,755.1,520.3,898.3,669.5,emotional_stability_high4_PHv6CzBIC5E.001.mp4,1280,720,30.0,459,emotional_stability,high
439,14633,right_cheek,668.3,349.9,715.4,463.9,995.3,527.4,1054.2,669.9,emotional_stability_high4_PHv6CzBIC5E.001.mp4,1280,720,30.0,459,emotional_stability,high
440,14666,left_eye,507.2,275.8,636.5,344.6,793.9,434.7,955.6,520.7,emotional_stability_high4_PHv6CzBIC5E.001.mp4,1280,720,30.0,459,emotional_stability,high
440,14666,right_eye,667.8,277.8,742.7,343.6,994.8,437.3,1088.4,519.5,emotional_stability_high4_PHv6CzBIC5E.001.mp4,1280,720,30.0,459,emotional_stability,high
440,14666,nose,605.5,322.9,687.5,436.5,916.8,493.7,1019.4,635.7,emotional_stability_high4_PHv6CzBIC5E.001.mp4,1280,720,30.0,459,emotional_stability,high
440,14666,mouth,559.8,456.1,662.8,497.0,859.8,660.2,988.4,711.3,emotional_stability_high4_PHv6CzBIC5E.001.mp4,1280,720,30.0,459,emotional_stability,high
440,14666,forehead,430.4,218.8,743.0,435.6,698.0,363.5,1088.7,634.6,emotional_stability_high4_PHv6CzBIC5E.001.mp4,1280,720,30.0,459,emotional_stability,high
440,14666,chin,430.4,323.9,695.9,542.1,698.0,494.8,1029.9,767.6,emotional_stability_high4_PHv6CzBIC5E.001.mp4,1280,720,30.0,459,emotional_stability,high
440,14666,left_cheek,474.4,342.1,595.2,462.2,753.0,517.6,904.0,667.8,emotional_stability_high4_PHv6CzBIC5E.001.mp4,1280,720,30.0,459,emotional_stability,high
440,14666,right_cheek,673.3,348.9,721.7,462.7,1001.6,526.1,1062.1,668.3,emotional_stability_high4_PHv6CzBIC5E.001.mp4,1280,720,30.0,459,emotional_stability,high
441,14700,left_eye,506.7,275.6,635.9,345.2,793.3,434.5,954.9,521.6,emotional_stability_high4_PHv6CzBIC5E.001.mp4,1280,720,30.0,459,emotional_stability,high
441,14700,right_eye,669.3,276.0,745.7,343.0,996.7,435.0,1092.1,518.7,emotional_stability_high4_PHv6CzBIC5E.001.mp4,1280,720,30.0,459,emotional_stability,high
441,14700,nose,606.8,321.5,689.3,435.5,918.5,491.8,1021.6,634.4,emotional_stability_high4_PHv6CzBIC5E.001.mp4,1280,720,30.0,459,emotional_stability,high
441,14700,mouth,563.9,456.1,666.8,497.1,864.9,660.1,993.6,711.4,emotional_stability_high4_PHv6CzBIC5E.001.mp4,1280,720,30.0,459,emotional_stability,high
441,14700,forehead,431.6,216.4,746.9,435.2,699.5,360.5,1093.6,634.0,emotional_stability_high4_PHv6CzBIC5E.001.mp4,1280,720,30.0,459,emotional_stability,high
441,14700,chin,431.6,326.0,705.9,542.8,699.5,497.5,1042.4,768.5,emotional_stability_high4_PHv6CzBIC5E.001.mp4,1280,720,30.0,459,emotional_stability,high
441,14700,left_cheek,477.9,342.2,596.5,462.9,757.3,517.7,905.6,668.6,emotional_stability_high4_PHv6CzBIC5E.001.mp4,1280,720,30.0,459,emotional_stability,high
441,14700,right_cheek,678.2,347.8,727.9,462.3,1007.7,524.8,1069.9,667.9,emotional_stability_high4_PHv6CzBIC5E.001.mp4,1280,720,30.0,459,emotional_stability,high
442,14733,left_eye,506.8,274.7,637.1,344.9,793.4,433.3,956.3,521.1,emotional_stability_high4_PHv6CzBIC5E.001.mp4,1280,720,30.0,459,emotional_stability,high
442,14733,right_eye,668.3,276.2,744.9,342.9,995.4,435.3,1091.2,518.7,emotional_stability_high4_PHv6CzBIC5E.001.mp4,1280,720,30.0,459,emotional_stability,high
442,14733,nose,607.1,322.0,689.0,435.3,918.9,492.4,1021.3,634.1,emotional_stability_high4_PHv6CzBIC5E.001.mp4,1280,720,30.0,459,emotional_stability,high
442,14733,mouth,563.8,455.3,665.4,497.1,864.7,659.1,991.8,711.4,emotional_stability_high4_PHv6CzBIC5E.001.mp4,1280,720,30.0,459,emotional_stability,high
442,14733,forehead,423.7,216.8,745.8,432.6,689.6,360.9,1092.2,630.8,emotional_stability_high4_PHv6CzBIC5E.001.mp4,1280,720,30.0,459,emotional_stability,high
442,14733,chin,423.7,319.2,704.9,544.0,689.6,489.0,1041.1,770.0,emotional_stability_high4_PHv6CzBIC5E.001.mp4,1280,720,30.0,459,emotional_stability,high
442,14733,left_cheek,473.1,338.8,596.5,461.8,751.4,513.6,905.6,667.3,emotional_stability_high4_PHv6CzBIC5E.001.mp4,1280,720,30.0,459,emotional_stability,high
442,14733,right_cheek,677.0,347.2,724.7,462.3,1006.2,524.0,1065.9,667.8,emotional_stability_high4_PHv6CzBIC5E.001.mp4,1280,720,30.0,459,emotional_stability,high
443,14766,left_eye,506.1,272.6,634.9,343.2,792.6,430.7,953.6,519.0,emotional_stability_high4_PHv6CzBIC5E.001.mp4,1280,720,30.0,459,emotional_stability,high
443,14766,right_eye,667.1,274.6,744.2,342.1,993.9,433.2,1090.3,517.6,emotional_stability_high4_PHv6CzBIC5E.001.mp4,1280,720,30.0,459,emotional_stability,high
443,14766,nose,606.3,320.2,687.6,433.4,917.9,490.2,1019.5,631.8,emotional_stability_high4_PHv6CzBIC5E.001.mp4,1280,720,30.0,459,emotional_stability,high
443,14766,mouth,563.4,453.5,665.1,496.3,864.2,656.8,991.3,710.4,emotional_stability_high4_PHv6CzBIC5E.001.mp4,1280,720,30.0,459,emotional_stability,high
443,14766,forehead,425.2,213.4,744.0,434.1,691.5,356.8,1090.0,632.6,emotional_stability_high4_PHv6CzBIC5E.001.mp4,1280,720,30.0,459,emotional_stability,high
443,14766,chin,425.2,320.2,701.9,543.8,691.5,490.3,1037.4,769.7,emotional_stability_high4_PHv6CzBIC5E.001.mp4,1280,720,30.0,459,emotional_stability,high
443,14766,left_cheek,473.4,339.2,595.6,461.8,751.8,514.0,904.5,667.2,emotional_stability_high4_PHv6CzBIC5E.001.mp4,1280,720,30.0,459,emotional_stability,high
443,14766,right_cheek,676.3,347.3,723.8,462.3,1005.4,524.1,1064.8,667.8,emotional_stability_high4_PHv6CzBIC5E.001.mp4,1280,720,30.0,459,emotional_stability,high
444,14800,left_eye,500.0,271.2,627.0,342.2,785.0,429.0,943.8,517.7,emotional_stability_high4_PHv6CzBIC5E.001.mp4,1280,720,30.0,459,emotional_stability,high
444,14800,right_eye,663.4,274.0,743.2,341.4,989.2,432.5,1089.0,516.7,emotional_stability_high4_PHv6CzBIC5E.001.mp4,1280,720,30.0,459,emotional_stability,high
444,14800,nose,600.8,320.0,684.7,432.7,911.0,490.1,1015.9,630.8,emotional_stability_high4_PHv6CzBIC5E.001.mp4,1280,720,30.0,459,emotional_stability,high
444,14800,mouth,563.1,451.8,662.0,493.4,863.9,654.7,987.5,706.8,emotional_stability_high4_PHv6CzBIC5E.001.mp4,1280,720,30.0,459,emotional_stability,high
444,14800,forehead,426.1,214.2,743.6,430.6,692.6,357.7,1089.5,628.3,emotional_stability_high4_PHv6CzBIC5E.001.mp4,1280,720,30.0,459,emotional_stability,high
444,14800,chin,426.1,319.6,702.0,538.2,692.6,489.5,1037.5,762.8,emotional_stability_high4_PHv6CzBIC5E.001.mp4,1280,720,30.0,459,emotional_stability,high
444,14800,left_cheek,472.6,338.1,590.9,457.5,750.7,512.6,898.6,661.9,emotional_stability_high4_PHv6CzBIC5E.001.mp4,1280,720,30.0,459,emotional_stability,high
444,14800,right_cheek,673.3,346.8,723.0,459.9,1001.6,523.5,1063.7,664.9,emotional_stability_high4_PHv6CzBIC5E.001.mp4,1280,720,30.0,459,emotional_stability,high
445,14833,left_eye,501.4,272.4,628.1,342.4,786.7,430.5,945.1,518.0,emotional_stability_high4_PHv6CzBIC5E.001.mp4,1280,720,30.0,459,emotional_stability,high
445,14833,right_eye,666.2,272.1,747.2,340.1,992.8,430.2,1094.0,515.2,emotional_stability_high4_PHv6CzBIC5E.001.mp4,1280,720,30.0,459,emotional_stability,high
445,14833,nose,601.9,318.7,685.3,431.8,912.3,488.4,1016.7,629.7,emotional_stability_high4_PHv6CzBIC5E.001.mp4,1280,720,30.0,459,emotional_stability,high
445,14833,mouth,566.9,451.8,665.6,493.0,868.6,654.8,992.1,706.2,emotional_stability_high4_PHv6CzBIC5E.001.mp4,1280,720,30.0,459,emotional_stability,high
445,14833,forehead,432.0,213.6,748.9,430.0,700.0,357.0,1096.1,627.5,emotional_stability_high4_PHv6CzBIC5E.001.mp4,1280,720,30.0,459,emotional_stability,high
445,14833,chin,432.0,320.8,714.7,538.0,700.0,491.0,1053.4,762.5,emotional_stability_high4_PHv6CzBIC5E.001.mp4,1280,720,30.0,459,emotional_stability,high
445,14833,left_cheek,476.4,338.4,592.6,458.1,755.5,513.0,900.8,662.6,emotional_stability_high4_PHv6CzBIC5E.001.mp4,1280,720,30.0,459,emotional_stability,high
445,14833,right_cheek,675.5,344.7,733.1,458.7,1004.4,520.9,1076.4,663.3,emotional_stability_high4_PHv6CzBIC5E.001.mp4,1280,720,30.0,459,emotional_stability,high
446,14866,left_eye,500.5,273.0,627.5,342.8,785.7,431.2,944.4,518.5,emotional_stability_high4_PHv6CzBIC5E.001.mp4,1280,720,30.0,459,emotional_stability,high
446,14866,right_eye,665.6,274.3,746.2,340.3,992.0,432.9,1092.7,515.4,emotional_stability_high4_PHv6CzBIC5E.001.mp4,1280,720,30.0,459,emotional_stability,high
446,14866,nose,600.7,319.2,685.3,431.7,910.9,489.0,1016.7,629.7,emotional_stability_high4_PHv6CzBIC5E.001.mp4,1280,720,30.0,459,emotional_stability,high
446,14866,mouth,568.0,452.2,666.7,493.2,870.0,655.2,993.4,706.4,emotional_stability_high4_PHv6CzBIC5E.001.mp4,1280,720,30.0,459,emotional_stability,high
446,14866,forehead,432.1,214.0,747.8,430.9,700.1,357.5,1094.8,628.7,emotional_stability_high4_PHv6CzBIC5E.001.mp4,1280,720,30.0,459,emotional_stability,high
446,14866,chin,432.1,324.6,712.6,537.9,700.1,495.8,1050.8,762.4,emotional_stability_high4_PHv6CzBIC5E.001.mp4,1280,720,30.0,459,emotional_stability,high
446,14866,left_cheek,475.6,339.8,591.3,458.8,754.6,514.7,899.2,663.5,emotional_stability_high4_PHv6CzBIC5E.001.mp4,1280,720,30.0,459,emotional_stability,high
446,14866,right_cheek,675.2,344.9,731.3,459.0,1004.0,521.1,1074.2,663.8,emotional_stability_high4_PHv6CzBIC5E.001.mp4,1280,720,30.0,459,emotional_stability,high
447,14900,left_eye,500.9,273.5,627.5,342.9,786.1,431.8,944.4,518.7,emotional_stability_high4_PHv6CzBIC5E.001.mp4,1280,720,30.0,459,emotional_stability,high
447,14900,right_eye,663.9,273.4,745.9,340.0,989.8,431.8,1092.3,515.1,emotional_stability_high4_PHv6CzBIC5E.001.mp4,1280,720,30.0,459,emotional_stability,high
447,14900,nose,601.0,319.1,685.3,430.9,911.2,488.8,1016.6,628.7,emotional_stability_high4_PHv6CzBIC5E.001.mp4,1280,720,30.0,459,emotional_stability,high
447,14900,mouth,567.3,452.5,667.6,493.1,869.1,655.6,994.4,706.4,emotional_stability_high4_PHv6CzBIC5E.001.mp4,1280,720,30.0,459,emotional_stability,high
447,14900,forehead,430.5,214.4,746.6,433.3,698.2,358.1,1093.2,631.6,emotional_stability_high4_PHv6CzBIC5E.001.mp4,1280,720,30.0,459,emotional_stability,high
447,14900,chin,430.5,326.4,710.3,538.9,698.2,498.0,1047.9,763.6,emotional_stability_high4_PHv6CzBIC5E.001.mp4,1280,720,30.0,459,emotional_stability,high
447,14900,left_cheek,474.6,340.5,591.0,459.5,753.3,515.6,898.8,664.3,emotional_stability_high4_PHv6CzBIC5E.001.mp4,1280,720,30.0,459,emotional_stability,high
447,14900,right_cheek,675.0,345.0,729.7,459.2,1003.7,521.3,1072.1,664.0,emotional_stability_high4_PHv6CzBIC5E.001.mp4,1280,720,30.0,459,emotional_stability,high
448,14933,left_eye,498.2,275.3,622.3,343.1,782.7,434.1,937.9,518.8,emotional_stability_high4_PHv6CzBIC5E.001.mp4,1280,720,30.0,459,emotional_stability,high
448,14933,right_eye,662.5,273.6,745.0,340.3,988.1,432.0,1091.3,515.3,emotional_stability_high4_PHv6CzBIC5E.001.mp4,1280,720,30.0,459,emotional_stability,high
448,14933,nose,595.7,319.2,681.8,431.3,904.6,489.0,1012.2,629.1,emotional_stability_high4_PHv6CzBIC5E.001.mp4,1280,720,30.0,459,emotional_stability,high
448,14933,mouth,563.9,452.7,666.9,493.3,864.9,655.9,993.6,706.6,emotional_stability_high4_PHv6CzBIC5E.001.mp4,1280,720,30.0,459,emotional_stability,high
448,14933,forehead,431.4,214.7,746.3,435.3,699.3,358.3,1092.9,634.1,emotional_stability_high4_PHv6CzBIC5E.001.mp4,1280,720,30.0,459,emotional_stability,high
448,14933,chin,431.4,329.0,714.5,539.8,699.3,501.2,1053.2,764.8,emotional_stability_high4_PHv6CzBIC5E.001.mp4,1280,720,30.0,459,emotional_stability,high
448,14933,left_cheek,473.5,342.1,587.5,460.1,751.9,517.6,894.4,665.1,emotional_stability_high4_PHv6CzBIC5E.001.mp4,1280,720,30.0,459,emotional_stability,high
448,14933,right_cheek,673.5,345.3,730.7,459.4,1001.8,521.6,1073.3,664.2,emotional_stability_high4_PHv6CzBIC5E.001.mp4,1280,720,30.0,459,emotional_stability,high
449,14966,left_eye,499.1,274.9,623.2,342.8,783.9,433.6,939.0,518.6,emotional_stability_high4_PHv6CzBIC5E.001.mp4,1280,720,30.0,459,emotional_stability,high
449,14966,right_eye,662.9,273.8,744.7,340.4,988.6,432.2,1090.9,515.5,emotional_stability_high4_PHv6CzBIC5E.001.mp4,1280,720,30.0,459,emotional_stability,high
449,14966,nose,597.8,319.3,683.9,431.5,907.2,489.1,1014.8,629.4,emotional_stability_high4_PHv6CzBIC5E.001.mp4,1280,720,30.0,459,emotional_stability,high
449,14966,mouth,565.1,452.8,666.7,493.7,866.4,656.0,993.4,707.1,emotional_stability_high4_PHv6CzBIC5E.001.mp4,1280,720,30.0,459,emotional_stability,high
449,14966,forehead,428.4,214.8,746.0,435.2,695.5,358.5,1092.5,634.0,emotional_stability_high4_PHv6CzBIC5E.001.mp4,1280,720,30.0,459,emotional_stability,high
449,14966,chin,428.4,328.8,711.6,540.9,695.5,501.0,1049.5,766.1,emotional_stability_high4_PHv6CzBIC5E.001.mp4,1280,720,30.0,459,emotional_stability,high
449,14966,left_cheek,473.0,342.0,587.8,460.3,751.2,517.5,894.7,665.4,emotional_stability_high4_PHv6CzBIC5E.001.mp4,1280,720,30.0,459,emotional_stability,high
449,14966,right_cheek,674.3,345.3,729.8,459.5,1002.9,521.7,1072.2,664.4,emotional_stability_high4_PHv6CzBIC5E.001.mp4,1280,720,30.0,459,emotional_stability,high
450,15000,left_eye,496.7,274.8,621.6,342.4,780.9,433.5,937.0,518.0,emotional_stability_high4_PHv6CzBIC5E.001.mp4,1280,720,30.0,459,emotional_stability,high
450,15000,right_eye,661.4,274.0,744.4,340.3,986.8,432.5,1090.4,515.3,emotional_stability_high4_PHv6CzBIC5E.001.mp4,1280,720,30.0,459,emotional_stability,high
450,15000,nose,596.9,318.5,683.4,429.4,906.1,488.1,1014.3,626.8,emotional_stability_high4_PHv6CzBIC5E.001.mp4,1280,720,30.0,459,emotional_stability,high
450,15000,mouth,565.1,451.8,666.3,493.2,866.4,654.8,992.9,706.4,emotional_stability_high4_PHv6CzBIC5E.001.mp4,1280,720,30.0,459,emotional_stability,high
450,15000,forehead,430.5,214.8,745.9,436.4,698.1,358.5,1092.4,635.5,emotional_stability_high4_PHv6CzBIC5E.001.mp4,1280,720,30.0,459,emotional_stability,high
450,15000,chin,430.5,331.3,714.8,540.5,698.1,504.1,1053.5,765.7,emotional_stability_high4_PHv6CzBIC5E.001.mp4,1280,720,30.0,459,emotional_stability,high
450,15000,left_cheek,473.1,342.7,587.4,460.5,751.3,518.4,894.2,665.6,emotional_stability_high4_PHv6CzBIC5E.001.mp4,1280,720,30.0,459,emotional_stability,high
450,15000,right_cheek,673.8,345.5,730.0,459.2,1002.3,521.8,1072.5,664.0,emotional_stability_high4_PHv6CzBIC5E.001.mp4,1280,720,30.0,459,emotional_stability,high
451,15033,left_eye,497.7,275.4,623.2,342.6,782.1,434.2,939.0,518.2,emotional_stability_high4_PHv6CzBIC5E.001.mp4,1280,720,30.0,459,emotional_stability,high
451,15033,right_eye,661.6,274.1,744.1,340.3,986.9,432.6,1090.2,515.4,emotional_stability_high4_PHv6CzBIC5E.001.mp4,1280,720,30.0,459,emotional_stability,high
451,15033,nose,601.3,318.7,685.0,429.8,911.6,488.3,1016.3,627.3,emotional_stability_high4_PHv6CzBIC5E.001.mp4,1280,720,30.0,459,emotional_stability,high
451,15033,mouth,565.2,453.6,666.9,493.2,866.5,657.0,993.6,706.5,emotional_stability_high4_PHv6CzBIC5E.001.mp4,1280,720,30.0,459,emotional_stability,high
451,15033,forehead,419.7,215.9,745.7,439.0,684.6,359.8,1092.2,638.7,emotional_stability_high4_PHv6CzBIC5E.001.mp4,1280,720,30.0,459,emotional_stability,high
451,15033,chin,419.7,330.9,713.3,544.3,684.6,503.6,1051.6,770.4,emotional_stability_high4_PHv6CzBIC5E.001.mp4,1280,720,30.0,459,emotional_stability,high
451,15033,left_cheek,470.5,344.1,588.0,463.8,748.2,520.1,895.0,669.8,emotional_stability_high4_PHv6CzBIC5E.001.mp4,1280,720,30.0,459,emotional_stability,high
451,15033,right_cheek,674.3,345.6,729.7,460.2,1002.9,521.9,1072.1,665.2,emotional_stability_high4_PHv6CzBIC5E.001.mp4,1280,720,30.0,459,emotional_stability,high
452,15066,left_eye,496.5,275.6,621.2,342.6,780.6,434.5,936.5,518.3,emotional_stability_high4_PHv6CzBIC5E.001.mp4,1280,720,30.0,459,emotional_stability,high
452,15066,right_eye,661.7,271.2,744.0,338.9,987.1,429.0,1090.0,513.7,emotional_stability_high4_PHv6CzBIC5E.001.mp4,1280,720,30.0,459,emotional_stability,high
452,15066,nose,600.3,318.0,685.0,430.1,910.4,487.5,1016.3,627.6,emotional_stability_high4_PHv6CzBIC5E.001.mp4,1280,720,30.0,459,emotional_stability,high
452,15066,mouth,565.1,453.5,667.1,494.5,866.4,656.9,993.8,708.1,emotional_stability_high4_PHv6CzBIC5E.001.mp4,1280,720,30.0,459,emotional_stability,high
452,15066,forehead,421.3,214.8,745.7,440.8,686.6,358.5,1092.1,640.9,emotional_stability_high4_PHv6CzBIC5E.001.mp4,1280,720,30.0,459,emotional_stability,high
452,15066,chin,421.3,332.0,714.4,544.4,686.6,505.1,1053.0,770.5,emotional_stability_high4_PHv6CzBIC5E.001.mp4,1280,720,30.0,459,emotional_stability,high
452,15066,left_cheek,471.0,344.9,588.3,464.7,748.8,521.1,895.4,670.9,emotional_stability_high4_PHv6CzBIC5E.001.mp4,1280,720,30.0,459,emotional_stability,high
452,15066,right_cheek,674.3,344.6,730.6,460.1,1002.8,520.8,1073.2,665.1,emotional_stability_high4_PHv6CzBIC5E.001.mp4,1280,720,30.0,459,emotional_stability,high
453,15100,left_eye,496.1,276.1,620.2,343.4,780.1,435.1,935.3,519.2,emotional_stability_high4_PHv6CzBIC5E.001.mp4,1280,720,30.0,459,emotional_stability,high
453,15100,right_eye,661.7,271.9,744.0,339.0,987.1,429.9,1090.0,513.7,emotional_stability_high4_PHv6CzBIC5E.001.mp4,1280,720,30.0,459,emotional_stability,high
453,15100,nose,597.2,318.2,683.1,430.3,906.5,487.7,1013.8,627.8,emotional_stability_high4_PHv6CzBIC5E.001.mp4,1280,720,30.0,459,emotional_stability,high
453,15100,mouth,565.4,453.6,666.5,494.0,866.7,656.9,993.2,707.5,emotional_stability_high4_PHv6CzBIC5E.001.mp4,1280,720,30.0,459,emotional_stability,high
453,15100,forehead,428.1,214.9,745.9,440.1,695.2,358.6,1092.4,640.1,emotional_stability_high4_PHv6CzBIC5E.001.mp4,1280,720,30.0,459,emotional_stability,high
453,15100,chin,428.1,332.4,716.2,543.4,695.2,505.5,1055.2,769.2,emotional_stability_high4_PHv6CzBIC5E.001.mp4,1280,720,30.0,459,emotional_stability,high
453,15100,left_cheek,471.8,345.0,587.4,464.6,749.7,521.2,894.3,670.7,emotional_stability_high4_PHv6CzBIC5E.001.mp4,1280,720,30.0,459,emotional_stability,high
453,15100,right_cheek,673.5,344.8,730.6,460.1,1001.9,520.9,1073.3,665.1,emotional_stability_high4_PHv6CzBIC5E.001.mp4,1280,720,30.0,459,emotional_stability,high
454,15133,left_eye,492.7,277.5,619.3,343.9,775.9,436.9,934.2,519.9,emotional_stability_high4_PHv6CzBIC5E.001.mp4,1280,720,30.0,459,emotional_stability,high
454,15133,right_eye,660.9,273.2,743.9,339.4,986.1,431.5,1089.9,514.2,emotional_stability_high4_PHv6CzBIC5E.001.mp4,1280,720,30.0,459,emotional_stability,high
454,15133,nose,597.3,319.0,683.1,431.2,906.7,488.7,1013.9,629.0,emotional_stability_high4_PHv6CzBIC5E.001.mp4,1280,720,30.0,459,emotional_stability,high
454,15133,mouth,566.2,455.6,667.3,495.0,867.8,659.5,994.1,708.8,emotional_stability_high4_PHv6CzBIC5E.001.mp4,1280,720,30.0,459,emotional_stability,high
454,15133,forehead,427.3,215.7,745.8,441.0,694.1,359.6,1092.3,641.2,emotional_stability_high4_PHv6CzBIC5E.001.mp4,1280,720,30.0,459,emotional_stability,high
454,15133,chin,427.3,332.2,715.7,545.1,694.1,505.3,1054.6,771.3,emotional_stability_high4_PHv6CzBIC5E.001.mp4,1280,720,30.0,459,emotional_stability,high
454,15133,left_cheek,470.2,345.9,587.0,466.7,747.7,522.4,893.7,673.3,emotional_stability_high4_PHv6CzBIC5E.001.mp4,1280,720,30.0,459,emotional_stability,high
454,15133,right_cheek,673.4,344.9,730.5,461.4,1001.8,521.1,1073.1,666.7,emotional_stability_high4_PHv6CzBIC5E.001.mp4,1280,720,30.0,459,emotional_stability,high
455,15166,left_eye,492.4,279.7,616.8,345.2,775.5,439.7,931.0,521.5,emotional_stability_high4_PHv6CzBIC5E.001.mp4,1280,720,30.0,459,emotional_stability,high
455,15166,right_eye,659.8,276.6,743.1,341.0,984.8,435.7,1088.9,516.2,emotional_stability_high4_PHv6CzBIC5E.001.mp4,1280,720,30.0,459,emotional_stability,high
455,15166,nose,594.6,320.1,679.4,431.2,903.2,490.1,1009.3,629.0,emotional_stability_high4_PHv6CzBIC5E.001.mp4,1280,720,30.0,459,emotional_stability,high
455,15166,mouth,566.0,455.7,666.1,495.3,867.5,659.7,992.6,709.1,emotional_stability_high4_PHv6CzBIC5E.001.mp4,1280,720,30.0,459,emotional_stability,high
455,15166,forehead,431.5,217.2,745.4,441.8,699.4,361.5,1091.8,642.3,emotional_stability_high4_PHv6CzBIC5E.001.mp4,1280,720,30.0,459,emotional_stability,high
455,15166,chin,431.5,335.5,717.4,544.3,699.4,509.4,1056.7,770.4,emotional_stability_high4_PHv6CzBIC5E.001.mp4,1280,720,30.0,459,emotional_stability,high
455,15166,left_cheek,470.5,347.4,585.4,466.4,748.1,524.2,891.7,673.1,emotional_stability_high4_PHv6CzBIC5E.001.mp4,1280,720,30.0,459,emotional_stability,high
455,15166,right_cheek,671.4,346.2,730.3,461.5,999.2,522.7,1072.9,666.9,emotional_stability_high4_PHv6CzBIC5E.001.mp4,1280,720,30.0,459,emotional_stability,high
456,15200,left_eye,493.3,279.2,618.2,344.3,776.6,439.0,932.8,520.4,emotional_stability_high4_PHv6CzBIC5E.001.mp4,1280,720,30.0,459,emotional_stability,high
456,15200,right_eye,656.2,277.3,735.9,340.8,980.2,436.6,1079.9,516.0,emotional_stability_high4_PHv6CzBIC5E.001.mp4,1280,720,30.0,459,emotional_stability,high
456,15200,nose,594.5,320.1,678.3,433.6,903.1,490.1,1007.9,632.0,emotional_stability_high4_PHv6CzBIC5E.001.mp4,1280,720,30.0,459,emotional_stability,high
456,15200,mouth,561.9,457.0,664.5,496.2,862.4,661.3,990.6,710.3,emotional_stability_high4_PHv6CzBIC5E.001.mp4,1280,720,30.0,459,emotional_stability,high
456,15200,forehead,425.0,217.2,739.4,439.3,691.3,361.5,1084.2,639.1,emotional_stability_high4_PHv6CzBIC5E.001.mp4,1280,720,30.0,459,emotional_stability,high
456,15200,chin,425.0,328.5,705.8,545.6,691.3,500.6,1042.2,772.0,emotional_stability_high4_PHv6CzBIC5E.001.mp4,1280,720,30.0,459,emotional_stability,high
456,15200,left_cheek,469.3,344.7,584.2,466.2,746.6,520.9,890.2,672.8,emotional_stability_high4_PHv6CzBIC5E.001.mp4,1280,720,30.0,459,emotional_stability,high
456,15200,right_cheek,668.1,346.9,721.7,463.5,995.1,523.6,1062.1,669.3,emotional_stability_high4_PHv6CzBIC5E.001.mp4,1280,720,30.0,459,emotional_stability,high
457,15233,left_eye,491.8,279.2,618.5,344.4,774.7,439.0,933.2,520.5,emotional_stability_high4_PHv6CzBIC5E.001.mp4,1280,720,30.0,459,emotional_stability,high
457,15233,right_eye,656.6,277.2,734.8,340.8,980.8,436.5,1078.5,515.9,emotional_stability_high4_PHv6CzBIC5E.001.mp4,1280,720,30.0,459,emotional_stability,high
457,15233,nose,595.1,320.0,678.3,433.9,903.8,490.0,1007.8,632.4,emotional_stability_high4_PHv6CzBIC5E.001.mp4,1280,720,30.0,459,emotional_stability,high
457,15233,mouth,558.6,457.2,663.1,497.1,858.3,661.5,988.8,711.4,emotional_stability_high4_PHv6CzBIC5E.001.mp4,1280,720,30.0,459,emotional_stability,high
457,15233,forehead,416.2,217.1,738.0,444.0,680.3,361.4,1082.5,644.9,emotional_stability_high4_PHv6CzBIC5E.001.mp4,1280,720,30.0,459,emotional_stability,high
457,15233,chin,416.2,332.3,704.6,548.6,680.3,505.4,1040.8,775.8,emotional_stability_high4_PHv6CzBIC5E.001.mp4,1280,720,30.0,459,emotional_stability,high
457,15233,left_cheek,465.3,346.3,584.2,469.0,741.6,522.9,890.2,676.3,emotional_stability_high4_PHv6CzBIC5E.001.mp4,1280,720,30.0,459,emotional_stability,high
457,15233,right_cheek,668.2,348.5,722.4,464.6,995.2,525.6,1062.9,670.7,emotional_stability_high4_PHv6CzBIC5E.001.mp4,1280,720,30.0,459,emotional_stability,high
458,15266,left_eye,493.7,279.0,619.0,344.4,777.1,438.8,933.7,520.5,emotional_stability_high4_PHv6CzBIC5E.001.mp4,1280,720,30.0,459,emotional_stability,high
458,15266,right_eye,657.9,276.6,735.1,340.2,982.4,435.8,1078.9,515.3,emotional_stability_high4_PHv6CzBIC5E.001.mp4,1280,720,30.0,459,emotional_stability,high
458,15266,nose,595.4,319.5,678.3,433.9,904.2,489.4,1007.9,632.3,emotional_stability_high4_PHv6CzBIC5E.001.mp4,1280,720,30.0,459,emotional_stability,high
458,15266,mouth,559.4,457.1,662.7,497.2,859.2,661.4,988.4,711.4,emotional_stability_high4_PHv6CzBIC5E.001.mp4,1280,720,30.0,459,emotional_stability,high
458,15266,forehead,426.0,216.1,738.2,445.5,692.5,360.1,1082.8,646.9,emotional_stability_high4_PHv6CzBIC5E.001.mp4,1280,720,30.0,459,emotional_stability,high
458,15266,chin,426.0,334.9,708.6,548.2,692.5,508.6,1045.8,775.2,emotional_stability_high4_PHv6CzBIC5E.001.mp4,1280,720,30.0,459,emotional_stability,high
458,15266,left_cheek,469.8,347.2,584.5,469.4,747.2,524.0,890.6,676.7,emotional_stability_high4_PHv6CzBIC5E.001.mp4,1280,720,30.0,459,emotional_stability,high
458,15266,right_cheek,668.6,347.9,723.9,464.5,995.7,524.9,1064.8,670.6,emotional_stability_high4_PHv6CzBIC5E.001.mp4,1280,720,30.0,459,emotional_stability,high
