frame,timestamp_ms,aoi_name,vid_x_min,vid_y_min,vid_x_max,vid_y_max,screen_x_min,screen_y_min,screen_x_max,screen_y_max,video_file,native_width,native_height,fps,total_frames,trait,level
0,0,left_eye,504.5,269.2,609.7,340.2,790.6,426.5,922.2,515.2,conscientiousness_high4_IzKWDY_QNTU.000.mp4,1280,720,23.976,367,conscientiousness,high
0,0,right_eye,670.2,251.1,770.6,327.4,997.8,403.9,1123.3,499.3,conscientiousness_high4_IzKWDY_QNTU.000.mp4,1280,720,23.976,367,conscientiousness,high
0,0,nose,604.5,311.0,698.5,428.5,915.6,478.7,1033.1,625.6,conscientiousness_high4_IzKWDY_QNTU.000.mp4,1280,720,23.976,367,conscientiousness,high
0,0,mouth,580.9,444.8,720.5,517.9,886.1,646.0,1060.6,737.3,conscientiousness_high4_IzKWDY_QNTU.000.mp4,1280,720,23.976,367,conscientiousness,high
0,0,forehead,476.5,201.3,792.2,475.7,755.6,341.7,1150.3,684.6,conscientiousness_high4_IzKWDY_QNTU.000.mp4,1280,720,23.976,367,conscientiousness,high
0,0,chin,480.6,336.1,792.2,577.8,760.7,510.1,1150.3,812.3,conscientiousness_high4_IzKWDY_QNTU.000.mp4,1280,720,23.976,367,conscientiousness,high
0,0,left_cheek,497.4,360.6,595.7,484.5,781.7,540.7,904.6,695.7,conscientiousness_high4_IzKWDY_QNTU.000.mp4,1280,720,23.976,367,conscientiousness,high
0,0,right_cheek,696.0,337.3,784.8,465.9,1030.0,511.6,1140.9,672.4,conscientiousness_high4_IzKWDY_QNTU.000.mp4,1280,720,23.976,367,conscientiousness,high
1,41,left_eye,502.9,269.8,609.3,340.8,788.6,427.2,921.6,516.0,conscientiousness_high4_IzKWDY_QNTU.000.mp4,1280,720,23.976,367,conscientiousness,high
1,41,right_eye,669.6,251.6,770.5,327.6,997.0,404.5,1123.1,499.5,conscientiousness_high4_IzKWDY_QNTU.000.mp4,1280,720,23.976,367,conscientiousness,high
1,41,nose,604.5,312.1,697.5,429.0,915.6,480.1,1031.9,626.3,conscientiousness_high4_IzKWDY_QNTU.000.mp4,1280,720,23.976,367,conscientiousness,high
1,41,mouth,580.6,445.2,720.6,517.6,885.8,646.4,1060.8,737.0,conscientiousness_high4_IzKWDY_QNTU.000.mp4,1280,720,23.976,367,conscientiousness,high
1,41,forehead,474.4,201.1,792.3,476.1,753.0,341.4,1150.3,685.1,conscientiousness_high4_IzKWDY_QNTU.000.mp4,1280,720,23.976,367,conscientiousness,high
1,41,chin,479.3,335.7,792.3,575.6,759.1,509.6,1150.3,809.4,conscientiousness_high4_IzKWDY_QNTU.000.mp4,1280,720,23.976,367,conscientiousness,high
1,41,left_cheek,496.2,361.3,595.5,485.1,780.2,541.6,904.3,696.4,conscientiousness_high4_IzKWDY_QNTU.000.mp4,1280,720,23.976,367,conscientiousness,high
1,41,right_cheek,695.8,337.2,784.8,466.0,1029.7,511.5,1140.9,672.5,conscientiousness_high4_IzKWDY_QNTU.000.mp4,1280,720,23.976,367,conscientiousness,high
2,83,left_eye,502.6,269.8,609.4,341.0,788.3,427.2,921.8,516.3,conscientiousness_high4_IzKWDY_QNTU.000.mp4,1280,720,23.976,367,conscientiousness,high
2,83,right_eye,669.1,251.8,770.5,327.7,996.3,404.8,1123.1,499.7,conscientiousness_high4_IzKWDY_QNTU.000.mp4,1280,720,23.976,367,conscientiousness,high
2,83,nose,604.6,311.5,696.9,429.0,915.8,479.3,1031.2,626.3,conscientiousness_high4_IzKWDY_QNTU.000.mp4,1280,720,23.976,367,conscientiousness,high
2,83,mouth,580.7,445.2,721.2,514.5,885.9,646.5,1061.5,733.1,conscientiousness_high4_IzKWDY_QNTU.000.mp4,1280,720,23.976,367,conscientiousness,high
2,83,forehead,473.3,199.1,793.2,476.2,751.7,338.9,1151.6,685.3,conscientiousness_high4_IzKWDY_QNTU.000.mp4,1280,720,23.976,367,conscientiousness,high
2,83,chin,478.7,335.7,793.2,573.0,758.4,509.6,1151.6,806.3,conscientiousness_high4_IzKWDY_QNTU.000.mp4,1280,720,23.976,367,conscientiousness,high
2,83,left_cheek,495.3,361.6,595.4,485.2,779.1,541.9,904.3,696.5,conscientiousness_high4_IzKWDY_QNTU.000.mp4,1280,720,23.976,367,conscientiousness,high
2,83,right_cheek,695.8,337.2,785.6,466.0,1029.7,511.5,1141.9,672.5,conscientiousness_high4_IzKWDY_QNTU.000.mp4,1280,720,23.976,367,conscientiousness,high
3,125,left_eye,502.7,268.4,609.6,340.7,788.3,425.5,921.9,515.9,conscientiousness_high4_IzKWDY_QNTU.000.mp4,1280,720,23.976,367,conscientiousness,high
3,125,right_eye,668.1,250.9,770.5,327.6,995.2,403.7,1123.1,499.5,conscientiousness_high4_IzKWDY_QNTU.000.mp4,1280,720,23.976,367,conscientiousness,high
3,125,nose,604.6,308.6,695.4,427.8,915.7,475.8,1029.3,624.7,conscientiousness_high4_IzKWDY_QNTU.000.mp4,1280,720,23.976,367,conscientiousness,high
3,125,mouth,581.2,444.6,719.0,510.6,886.5,645.7,1058.7,728.2,conscientiousness_high4_IzKWDY_QNTU.000.mp4,1280,720,23.976,367,conscientiousness,high
3,125,forehead,473.6,196.5,794.2,476.2,751.9,335.7,1152.7,685.3,conscientiousness_high4_IzKWDY_QNTU.000.mp4,1280,720,23.976,367,conscientiousness,high
3,125,chin,478.7,335.7,794.2,571.7,758.4,509.6,1152.7,804.6,conscientiousness_high4_IzKWDY_QNTU.000.mp4,1280,720,23.976,367,conscientiousness,high
3,125,left_cheek,495.2,361.2,595.2,485.0,779.0,541.6,903.9,696.3,conscientiousness_high4_IzKWDY_QNTU.000.mp4,1280,720,23.976,367,conscientiousness,high
3,125,right_cheek,695.6,337.2,785.9,466.1,1029.5,511.5,1142.3,672.6,conscientiousness_high4_IzKWDY_QNTU.000.mp4,1280,720,23.976,367,conscientiousness,high
4,166,left_eye,501.5,258.7,607.0,336.3,786.9,413.4,918.8,510.4,conscientiousness_high4_IzKWDY_QNTU.000.mp4,1280,720,23.976,367,conscientiousness,high
4,166,right_eye,665.7,242.3,770.1,324.5,992.1,392.8,1122.6,495.6,conscientiousness_high4_IzKWDY_QNTU.000.mp4,1280,720,23.976,367,conscientiousness,high
4,166,nose,600.2,300.3,690.6,422.5,910.2,465.4,1023.3,618.1,conscientiousness_high4_IzKWDY_QNTU.000.mp4,1280,720,23.976,367,conscientiousness,high
4,166,mouth,582.2,440.1,709.9,507.8,887.8,640.1,1047.4,724.7,conscientiousness_high4_IzKWDY_QNTU.000.mp4,1280,720,23.976,367,conscientiousness,high
4,166,forehead,473.4,190.1,794.2,474.8,751.7,327.7,1152.7,683.5,conscientiousness_high4_IzKWDY_QNTU.000.mp4,1280,720,23.976,367,conscientiousness,high
4,166,chin,478.3,335.7,794.2,570.7,757.8,509.6,1152.7,803.3,conscientiousness_high4_IzKWDY_QNTU.000.mp4,1280,720,23.976,367,conscientiousness,high
4,166,left_cheek,493.4,357.4,591.5,483.2,776.7,536.8,899.4,694.0,conscientiousness_high4_IzKWDY_QNTU.000.mp4,1280,720,23.976,367,conscientiousness,high
4,166,right_cheek,692.9,336.4,785.2,466.2,1026.2,510.5,1141.4,672.7,conscientiousness_high4_IzKWDY_QNTU.000.mp4,1280,720,23.976,367,conscientiousness,high
5,208,left_eye,501.9,243.4,606.3,329.3,787.4,394.3,917.9,501.6,conscientiousness_high4_IzKWDY_QNTU.000.mp4,1280,720,23.976,367,conscientiousness,high
5,208,right_eye,665.8,229.7,771.7,318.6,992.3,377.1,1124.6,488.2,conscientiousness_high4_IzKWDY_QNTU.000.mp4,1280,720,23.976,367,conscientiousness,high
5,208,nose,598.9,290.2,689.7,413.6,908.6,452.8,1022.1,607.0,conscientiousness_high4_IzKWDY_QNTU.000.mp4,1280,720,23.976,367,conscientiousness,high
5,208,mouth,589.1,434.2,706.8,507.8,896.3,632.7,1043.5,724.7,conscientiousness_high4_IzKWDY_QNTU.000.mp4,1280,720,23.976,367,conscientiousness,high
5,208,forehead,477.1,182.0,799.0,471.3,756.3,317.5,1158.8,679.1,conscientiousness_high4_IzKWDY_QNTU.000.mp4,1280,720,23.976,367,conscientiousness,high
5,208,chin,481.7,334.8,798.5,570.1,762.2,508.5,1158.2,802.6,conscientiousness_high4_IzKWDY_QNTU.000.mp4,1280,720,23.976,367,conscientiousness,high
5,208,left_cheek,493.6,350.6,591.0,479.3,777.1,528.3,898.8,689.1,conscientiousness_high4_IzKWDY_QNTU.000.mp4,1280,720,23.976,367,conscientiousness,high
5,208,right_cheek,693.1,332.8,787.0,465.3,1026.3,506.0,1143.8,671.7,conscientiousness_high4_IzKWDY_QNTU.000.mp4,1280,720,23.976,367,conscientiousness,high
6,250,left_eye,506.6,235.8,606.8,323.8,793.2,384.7,918.5,494.7,conscientiousness_high4_IzKWDY_QNTU.000.mp4,1280,720,23.976,367,conscientiousness,high
6,250,right_eye,666.1,222.9,775.0,314.3,992.7,368.7,1128.8,482.8,conscientiousness_high4_IzKWDY_QNTU.000.mp4,1280,720,23.976,367,conscientiousness,high
6,250,nose,598.5,284.4,689.0,407.1,908.1,445.5,1021.2,598.9,conscientiousness_high4_IzKWDY_QNTU.000.mp4,1280,720,23.976,367,conscientiousness,high
6,250,mouth,591.1,429.4,702.8,508.1,898.9,626.7,1038.5,725.1,conscientiousness_high4_IzKWDY_QNTU.000.mp4,1280,720,23.976,367,conscientiousness,high
6,250,forehead,484.8,178.9,804.2,467.5,766.1,313.7,1165.3,674.4,conscientiousness_high4_IzKWDY_QNTU.000.mp4,1280,720,23.976,367,conscientiousness,high
6,250,chin,488.4,334.9,803.2,570.0,770.4,508.6,1164.0,802.5,conscientiousness_high4_IzKWDY_QNTU.000.mp4,1280,720,23.976,367,conscientiousness,high
6,250,left_cheek,496.8,345.0,591.2,474.6,781.1,521.2,899.1,683.2,conscientiousness_high4_IzKWDY_QNTU.000.mp4,1280,720,23.976,367,conscientiousness,high
6,250,right_cheek,693.1,331.4,790.0,464.7,1026.4,504.3,1147.5,670.9,conscientiousness_high4_IzKWDY_QNTU.000.mp4,1280,720,23.976,367,conscientiousness,high
7,291,left_eye,508.9,232.8,607.2,320.4,796.2,381.0,919.0,490.5,conscientiousness_high4_IzKWDY_QNTU.000.mp4,1280,720,23.976,367,conscientiousness,high
7,291,right_eye,666.2,221.0,775.3,312.0,992.8,366.3,1129.1,480.0,conscientiousness_high4_IzKWDY_QNTU.000.mp4,1280,720,23.976,367,conscientiousness,high
7,291,nose,597.1,282.3,686.8,404.4,906.4,442.9,1018.5,595.6,conscientiousness_high4_IzKWDY_QNTU.000.mp4,1280,720,23.976,367,conscientiousness,high
7,291,mouth,590.3,427.0,697.7,508.3,897.9,623.7,1032.1,725.4,conscientiousness_high4_IzKWDY_QNTU.000.mp4,1280,720,23.976,367,conscientiousness,high
7,291,forehead,487.0,177.7,804.8,465.1,768.7,312.1,1165.9,671.4,conscientiousness_high4_IzKWDY_QNTU.000.mp4,1280,720,23.976,367,conscientiousness,high
7,291,chin,489.5,334.9,804.0,570.3,771.9,508.7,1165.1,802.9,conscientiousness_high4_IzKWDY_QNTU.000.mp4,1280,720,23.976,367,conscientiousness,high
7,291,left_cheek,497.4,341.7,590.7,471.9,781.8,517.1,898.4,679.9,conscientiousness_high4_IzKWDY_QNTU.000.mp4,1280,720,23.976,367,conscientiousness,high
7,291,right_cheek,692.8,330.7,790.2,464.4,1025.9,503.4,1147.7,670.5,conscientiousness_high4_IzKWDY_QNTU.000.mp4,1280,720,23.976,367,conscientiousness,high
8,333,left_eye,509.0,232.9,607.2,320.1,796.2,381.2,919.1,490.1,conscientiousness_high4_IzKWDY_QNTU.000.mp4,1280,720,23.976,367,conscientiousness,high
8,333,right_eye,666.3,221.3,775.2,312.5,992.9,366.6,1129.0,480.6,conscientiousness_high4_IzKWDY_QNTU.000.mp4,1280,720,23.976,367,conscientiousness,high
8,333,nose,595.4,282.6,685.1,404.3,904.2,443.3,1016.4,595.4,conscientiousness_high4_IzKWDY_QNTU.000.mp4,1280,720,23.976,367,conscientiousness,high
8,333,mouth,590.3,428.3,692.3,507.1,897.9,625.4,1025.4,723.8,conscientiousness_high4_IzKWDY_QNTU.000.mp4,1280,720,23.976,367,conscientiousness,high
8,333,forehead,487.2,178.3,804.3,463.0,769.0,312.9,1165.4,668.7,conscientiousness_high4_IzKWDY_QNTU.000.mp4,1280,720,23.976,367,conscientiousness,high
8,333,chin,489.5,334.9,803.7,570.3,771.8,508.7,1164.6,802.9,conscientiousness_high4_IzKWDY_QNTU.000.mp4,1280,720,23.976,367,conscientiousness,high
8,333,left_cheek,497.4,341.2,589.6,470.6,781.8,516.5,897.0,678.3,conscientiousness_high4_IzKWDY_QNTU.000.mp4,1280,720,23.976,367,conscientiousness,high
8,333,right_cheek,691.7,330.7,789.8,464.0,1024.7,503.3,1147.2,670.0,conscientiousness_high4_IzKWDY_QNTU.000.mp4,1280,720,23.976,367,conscientiousness,high
9,375,left_eye,509.0,235.5,607.2,321.4,796.3,384.3,919.0,491.8,conscientiousness_high4_IzKWDY_QNTU.000.mp4,1280,720,23.976,367,conscientiousness,high
9,375,right_eye,665.8,223.1,775.0,313.8,992.2,368.9,1128.7,482.2,conscientiousness_high4_IzKWDY_QNTU.000.mp4,1280,720,23.976,367,conscientiousness,high
9,375,nose,594.3,284.4,684.1,406.4,902.9,445.5,1015.1,598.0,conscientiousness_high4_IzKWDY_QNTU.000.mp4,1280,720,23.976,367,conscientiousness,high
9,375,mouth,590.0,429.8,690.2,504.6,897.5,627.3,1022.8,720.8,conscientiousness_high4_IzKWDY_QNTU.000.mp4,1280,720,23.976,367,conscientiousness,high
9,375,forehead,487.5,179.3,804.0,461.7,769.3,314.2,1164.9,667.2,conscientiousness_high4_IzKWDY_QNTU.000.mp4,1280,720,23.976,367,conscientiousness,high
9,375,chin,489.5,334.9,803.4,569.6,771.8,508.7,1164.2,802.0,conscientiousness_high4_IzKWDY_QNTU.000.mp4,1280,720,23.976,367,conscientiousness,high
9,375,left_cheek,497.4,342.5,588.9,470.9,781.7,518.1,896.2,678.6,conscientiousness_high4_IzKWDY_QNTU.000.mp4,1280,720,23.976,367,conscientiousness,high
9,375,right_cheek,690.5,331.0,789.8,464.2,1023.2,503.7,1147.2,670.2,conscientiousness_high4_IzKWDY_QNTU.000.mp4,1280,720,23.976,367,conscientiousness,high
10,417,left_eye,509.2,238.1,607.0,322.8,796.5,387.6,918.7,493.5,conscientiousness_high4_IzKWDY_QNTU.000.mp4,1280,720,23.976,367,conscientiousness,high
10,417,right_eye,665.1,225.8,774.5,314.8,991.3,372.2,1128.2,483.5,conscientiousness_high4_IzKWDY_QNTU.000.mp4,1280,720,23.976,367,conscientiousness,high
10,417,nose,593.6,286.3,682.1,406.6,902.0,447.9,1012.6,598.2,conscientiousness_high4_IzKWDY_QNTU.000.mp4,1280,720,23.976,367,conscientiousness,high
10,417,mouth,589.1,432.6,689.5,502.1,896.4,630.8,1021.9,717.7,conscientiousness_high4_IzKWDY_QNTU.000.mp4,1280,720,23.976,367,conscientiousness,high
10,417,forehead,487.7,180.5,803.5,461.7,769.7,315.7,1164.4,667.1,conscientiousness_high4_IzKWDY_QNTU.000.mp4,1280,720,23.976,367,conscientiousness,high
10,417,chin,489.5,335.6,802.9,569.2,771.9,509.4,1163.6,801.5,conscientiousness_high4_IzKWDY_QNTU.000.mp4,1280,720,23.976,367,conscientiousness,high
10,417,left_cheek,497.4,343.9,588.6,471.8,781.7,519.9,895.7,679.7,conscientiousness_high4_IzKWDY_QNTU.000.mp4,1280,720,23.976,367,conscientiousness,high
10,417,right_cheek,688.9,333.0,789.1,466.3,1021.2,506.2,1146.3,672.9,conscientiousness_high4_IzKWDY_QNTU.000.mp4,1280,720,23.976,367,conscientiousness,high
11,458,left_eye,510.6,238.8,608.1,323.6,798.3,388.5,920.1,494.5,conscientiousness_high4_IzKWDY_QNTU.000.mp4,1280,720,23.976,367,conscientiousness,high
11,458,right_eye,665.3,228.1,774.5,318.3,991.6,375.1,1128.1,487.9,conscientiousness_high4_IzKWDY_QNTU.000.mp4,1280,720,23.976,367,conscientiousness,high
11,458,nose,594.1,288.2,683.1,412.4,902.6,450.3,1013.9,605.5,conscientiousness_high4_IzKWDY_QNTU.000.mp4,1280,720,23.976,367,conscientiousness,high
11,458,mouth,589.8,437.7,691.7,503.1,897.2,637.2,1024.6,718.9,conscientiousness_high4_IzKWDY_QNTU.000.mp4,1280,720,23.976,367,conscientiousness,high
11,458,forehead,488.2,182.4,804.2,462.1,770.3,318.1,1165.2,667.6,conscientiousness_high4_IzKWDY_QNTU.000.mp4,1280,720,23.976,367,conscientiousness,high
11,458,chin,490.0,336.8,803.4,569.1,772.5,511.0,1164.3,801.4,conscientiousness_high4_IzKWDY_QNTU.000.mp4,1280,720,23.976,367,conscientiousness,high
11,458,left_cheek,497.8,344.9,589.1,472.2,782.2,521.1,896.4,680.3,conscientiousness_high4_IzKWDY_QNTU.000.mp4,1280,720,23.976,367,conscientiousness,high
11,458,right_cheek,689.3,336.1,789.1,469.2,1021.6,510.1,1146.4,676.5,conscientiousness_high4_IzKWDY_QNTU.000.mp4,1280,720,23.976,367,conscientiousness,high
12,500,left_eye,511.1,241.3,609.1,325.2,798.9,391.6,921.3,496.5,conscientiousness_high4_IzKWDY_QNTU.000.mp4,1280,720,23.976,367,conscientiousness,high
12,500,right_eye,665.8,231.4,774.9,321.1,992.2,379.3,1128.6,491.4,conscientiousness_high4_IzKWDY_QNTU.000.mp4,1280,720,23.976,367,conscientiousness,high
12,500,nose,594.5,291.2,683.7,416.9,903.2,454.0,1014.6,611.2,conscientiousness_high4_IzKWDY_QNTU.000.mp4,1280,720,23.976,367,conscientiousness,high
12,500,mouth,590.6,441.9,692.8,506.7,898.3,642.3,1026.0,723.4,conscientiousness_high4_IzKWDY_QNTU.000.mp4,1280,720,23.976,367,conscientiousness,high
12,500,forehead,488.1,184.2,804.9,462.6,770.1,320.3,1166.2,668.3,conscientiousness_high4_IzKWDY_QNTU.000.mp4,1280,720,23.976,367,conscientiousness,high
12,500,chin,490.0,338.6,804.0,570.2,772.4,513.3,1165.0,802.8,conscientiousness_high4_IzKWDY_QNTU.000.mp4,1280,720,23.976,367,conscientiousness,high
12,500,left_cheek,498.0,345.6,589.8,474.8,782.5,522.0,897.3,683.5,conscientiousness_high4_IzKWDY_QNTU.000.mp4,1280,720,23.976,367,conscientiousness,high
12,500,right_cheek,689.5,339.0,789.5,472.6,1021.8,513.7,1146.9,680.7,conscientiousness_high4_IzKWDY_QNTU.000.mp4,1280,720,23.976,367,conscientiousness,high
13,542,left_eye,511.1,244.8,609.3,327.3,798.9,395.9,921.6,499.2,conscientiousness_high4_IzKWDY_QNTU.000.mp4,1280,720,23.976,367,conscientiousness,high
13,542,right_eye,666.2,234.7,775.7,323.5,992.8,383.4,1129.6,494.4,conscientiousness_high4_IzKWDY_QNTU.000.mp4,1280,720,23.976,367,conscientiousness,high
13,542,nose,595.2,293.7,684.1,418.0,903.9,457.1,1015.1,612.5,conscientiousness_high4_IzKWDY_QNTU.000.mp4,1280,720,23.976,367,conscientiousness,high
13,542,mouth,590.7,443.3,693.6,518.6,898.4,644.1,1027.0,738.3,conscientiousness_high4_IzKWDY_QNTU.000.mp4,1280,720,23.976,367,conscientiousness,high
13,542,forehead,487.9,187.9,806.3,466.6,769.9,324.9,1167.8,673.2,conscientiousness_high4_IzKWDY_QNTU.000.mp4,1280,720,23.976,367,conscientiousness,high
13,542,chin,490.1,344.1,805.0,573.1,772.6,520.1,1166.2,806.4,conscientiousness_high4_IzKWDY_QNTU.000.mp4,1280,720,23.976,367,conscientiousness,high
13,542,left_cheek,498.2,348.9,590.1,477.6,782.8,526.1,897.6,687.0,conscientiousness_high4_IzKWDY_QNTU.000.mp4,1280,720,23.976,367,conscientiousness,high
13,542,right_cheek,689.7,342.0,790.2,474.6,1022.1,517.6,1147.7,683.2,conscientiousness_high4_IzKWDY_QNTU.000.mp4,1280,720,23.976,367,conscientiousness,high
14,583,left_eye,511.0,249.0,609.6,330.3,798.7,401.3,922.1,502.9,conscientiousness_high4_IzKWDY_QNTU.000.mp4,1280,720,23.976,367,conscientiousness,high
14,583,right_eye,667.0,238.8,776.7,325.7,993.7,388.5,1130.9,497.2,conscientiousness_high4_IzKWDY_QNTU.000.mp4,1280,720,23.976,367,conscientiousness,high
14,583,nose,595.3,296.8,684.7,419.5,904.1,461.0,1015.9,614.3,conscientiousness_high4_IzKWDY_QNTU.000.mp4,1280,720,23.976,367,conscientiousness,high
14,583,mouth,590.0,442.6,698.3,520.4,897.6,643.3,1032.8,740.5,conscientiousness_high4_IzKWDY_QNTU.000.mp4,1280,720,23.976,367,conscientiousness,high
14,583,forehead,488.1,190.4,807.2,469.8,770.1,328.0,1169.1,677.2,conscientiousness_high4_IzKWDY_QNTU.000.mp4,1280,720,23.976,367,conscientiousness,high
14,583,chin,490.7,346.1,805.8,575.0,773.3,522.6,1167.2,808.7,conscientiousness_high4_IzKWDY_QNTU.000.mp4,1280,720,23.976,367,conscientiousness,high
14,583,left_cheek,498.7,351.4,590.4,479.5,783.4,529.3,898.0,689.4,conscientiousness_high4_IzKWDY_QNTU.000.mp4,1280,720,23.976,367,conscientiousness,high
14,583,right_cheek,690.7,343.6,790.9,475.7,1023.3,519.5,1148.7,684.7,conscientiousness_high4_IzKWDY_QNTU.000.mp4,1280,720,23.976,367,conscientiousness,high
15,625,left_eye,510.9,251.0,609.9,332.2,798.6,403.7,922.4,505.3,conscientiousness_high4_IzKWDY_QNTU.000.mp4,1280,720,23.976,367,conscientiousness,high
15,625,right_eye,668.2,240.7,777.5,326.9,995.3,390.8,1131.9,498.7,conscientiousness_high4_IzKWDY_QNTU.000.mp4,1280,720,23.976,367,conscientiousness,high
15,625,nose,595.7,298.3,686.1,421.0,904.6,462.9,1017.6,616.2,conscientiousness_high4_IzKWDY_QNTU.000.mp4,1280,720,23.976,367,conscientiousness,high
15,625,mouth,586.9,442.2,704.1,520.1,893.6,642.7,1040.1,740.1,conscientiousness_high4_IzKWDY_QNTU.000.mp4,1280,720,23.976,367,conscientiousness,high
15,625,forehead,488.0,191.5,807.2,471.1,770.0,329.3,1169.0,678.9,conscientiousness_high4_IzKWDY_QNTU.000.mp4,1280,720,23.976,367,conscientiousness,high
15,625,chin,490.7,346.3,805.7,574.7,773.4,522.8,1167.1,808.4,conscientiousness_high4_IzKWDY_QNTU.000.mp4,1280,720,23.976,367,conscientiousness,high
15,625,left_cheek,499.0,352.5,590.7,479.9,783.8,530.6,898.3,689.9,conscientiousness_high4_IzKWDY_QNTU.000.mp4,1280,720,23.976,367,conscientiousness,high
15,625,right_cheek,691.9,343.9,791.4,475.3,1024.9,519.8,1149.2,684.2,conscientiousness_high4_IzKWDY_QNTU.000.mp4,1280,720,23.976,367,conscientiousness,high
16,667,left_eye,510.9,256.3,610.6,335.7,798.7,410.3,923.3,509.7,conscientiousness_high4_IzKWDY_QNTU.000.mp4,1280,720,23.976,367,conscientiousness,high
16,667,right_eye,668.6,245.2,777.3,330.1,995.7,396.5,1131.7,502.6,conscientiousness_high4_IzKWDY_QNTU.000.mp4,1280,720,23.976,367,conscientiousness,high
16,667,nose,596.3,301.9,687.7,424.3,905.4,467.4,1019.6,620.4,conscientiousness_high4_IzKWDY_QNTU.000.mp4,1280,720,23.976,367,conscientiousness,high
16,667,mouth,584.4,443.9,706.3,517.8,890.5,644.9,1042.9,737.3,conscientiousness_high4_IzKWDY_QNTU.000.mp4,1280,720,23.976,367,conscientiousness,high
16,667,forehead,487.7,195.1,807.1,473.1,769.7,333.9,1168.8,681.4,conscientiousness_high4_IzKWDY_QNTU.000.mp4,1280,720,23.976,367,conscientiousness,high
16,667,chin,490.5,347.9,805.3,574.5,773.2,524.9,1166.7,808.2,conscientiousness_high4_IzKWDY_QNTU.000.mp4,1280,720,23.976,367,conscientiousness,high
16,667,left_cheek,499.1,355.3,591.2,481.4,783.9,534.1,899.0,691.8,conscientiousness_high4_IzKWDY_QNTU.000.mp4,1280,720,23.976,367,conscientiousness,high
16,667,right_cheek,692.6,345.9,791.3,476.1,1025.8,522.4,1149.1,685.1,conscientiousness_high4_IzKWDY_QNTU.000.mp4,1280,720,23.976,367,conscientiousness,high
17,709,left_eye,510.9,257.4,610.9,336.8,798.6,411.8,923.6,511.1,conscientiousness_high4_IzKWDY_QNTU.000.mp4,1280,720,23.976,367,conscientiousness,high
17,709,right_eye,669.0,246.4,777.3,330.9,996.2,398.0,1131.7,503.6,conscientiousness_high4_IzKWDY_QNTU.000.mp4,1280,720,23.976,367,conscientiousness,high
17,709,nose,597.4,302.9,688.0,425.5,906.8,468.6,1020.0,621.9,conscientiousness_high4_IzKWDY_QNTU.000.mp4,1280,720,23.976,367,conscientiousness,high
17,709,mouth,584.7,444.6,706.7,517.1,890.9,645.8,1043.3,736.4,conscientiousness_high4_IzKWDY_QNTU.000.mp4,1280,720,23.976,367,conscientiousness,high
17,709,forehead,487.0,195.5,806.8,474.3,768.8,334.4,1168.5,682.8,conscientiousness_high4_IzKWDY_QNTU.000.mp4,1280,720,23.976,367,conscientiousness,high
17,709,chin,490.1,347.9,805.2,574.4,772.6,524.8,1166.5,808.0,conscientiousness_high4_IzKWDY_QNTU.000.mp4,1280,720,23.976,367,conscientiousness,high
17,709,left_cheek,499.2,356.7,591.7,482.9,784.0,535.8,899.6,693.6,conscientiousness_high4_IzKWDY_QNTU.000.mp4,1280,720,23.976,367,conscientiousness,high
17,709,right_cheek,693.1,346.3,791.3,476.6,1026.3,522.9,1149.1,685.7,conscientiousness_high4_IzKWDY_QNTU.000.mp4,1280,720,23.976,367,conscientiousness,high
18,750,left_eye,510.9,258.3,611.2,337.5,798.6,412.8,923.9,511.9,conscientiousness_high4_IzKWDY_QNTU.000.mp4,1280,720,23.976,367,conscientiousness,high
18,750,right_eye,669.7,246.6,777.8,330.8,997.1,398.2,1132.2,503.5,conscientiousness_high4_IzKWDY_QNTU.000.mp4,1280,720,23.976,367,conscientiousness,high
18,750,nose,599.2,304.0,689.3,427.2,909.0,470.0,1021.7,624.0,conscientiousness_high4_IzKWDY_QNTU.000.mp4,1280,720,23.976,367,conscientiousness,high
18,750,mouth,586.7,446.8,707.2,517.0,893.4,648.5,1044.0,736.3,conscientiousness_high4_IzKWDY_QNTU.000.mp4,1280,720,23.976,367,conscientiousness,high
18,750,forehead,486.8,195.9,806.9,473.7,768.5,334.9,1168.6,682.2,conscientiousness_high4_IzKWDY_QNTU.000.mp4,1280,720,23.976,367,conscientiousness,high
18,750,chin,490.0,347.6,805.5,574.3,772.5,524.5,1166.8,807.9,conscientiousness_high4_IzKWDY_QNTU.000.mp4,1280,720,23.976,367,conscientiousness,high
18,750,left_cheek,499.4,357.7,592.9,484.0,784.3,537.1,901.1,695.0,conscientiousness_high4_IzKWDY_QNTU.000.mp4,1280,720,23.976,367,conscientiousness,high
18,750,right_cheek,694.3,345.9,792.1,476.5,1027.9,522.4,1150.1,685.6,conscientiousness_high4_IzKWDY_QNTU.000.mp4,1280,720,23.976,367,conscientiousness,high
19,792,left_eye,510.9,258.5,611.4,337.8,798.6,413.1,924.2,512.3,conscientiousness_high4_IzKWDY_QNTU.000.mp4,1280,720,23.976,367,conscientiousness,high
19,792,right_eye,669.8,246.7,777.8,331.2,997.2,398.4,1132.3,504.1,conscientiousness_high4_IzKWDY_QNTU.000.mp4,1280,720,23.976,367,conscientiousness,high
19,792,nose,599.6,304.6,689.7,428.8,909.5,470.7,1022.2,626.0,conscientiousness_high4_IzKWDY_QNTU.000.mp4,1280,720,23.976,367,conscientiousness,high
19,792,mouth,588.5,451.8,706.5,516.9,895.6,654.7,1043.1,736.2,conscientiousness_high4_IzKWDY_QNTU.000.mp4,1280,720,23.976,367,conscientiousness,high
19,792,forehead,486.8,195.8,806.8,473.4,768.5,334.7,1168.6,681.7,conscientiousness_high4_IzKWDY_QNTU.000.mp4,1280,720,23.976,367,conscientiousness,high
19,792,chin,489.9,347.2,805.6,574.3,772.4,524.0,1166.9,807.8,conscientiousness_high4_IzKWDY_QNTU.000.mp4,1280,720,23.976,367,conscientiousness,high
19,792,left_cheek,499.6,358.2,593.4,485.0,784.5,537.7,901.8,696.2,conscientiousness_high4_IzKWDY_QNTU.000.mp4,1280,720,23.976,367,conscientiousness,high
19,792,right_cheek,694.7,346.4,792.3,477.8,1028.4,523.0,1150.4,687.2,conscientiousness_high4_IzKWDY_QNTU.000.mp4,1280,720,23.976,367,conscientiousness,high
20,834,left_eye,510.9,259.1,611.4,338.7,798.6,413.9,924.2,513.4,conscientiousness_high4_IzKWDY_QNTU.000.mp4,1280,720,23.976,367,conscientiousness,high
20,834,right_eye,669.7,247.6,777.7,332.3,997.1,399.4,1132.2,505.4,conscientiousness_high4_IzKWDY_QNTU.000.mp4,1280,720,23.976,367,conscientiousness,high
20,834,nose,599.6,305.2,690.0,429.9,909.4,471.5,1022.4,627.4,conscientiousness_high4_IzKWDY_QNTU.000.mp4,1280,720,23.976,367,conscientiousness,high
20,834,mouth,589.0,454.6,706.1,518.8,896.2,658.2,1042.6,738.5,conscientiousness_high4_IzKWDY_QNTU.000.mp4,1280,720,23.976,367,conscientiousness,high
20,834,forehead,486.7,196.0,806.8,473.4,768.3,335.0,1168.5,681.8,conscientiousness_high4_IzKWDY_QNTU.000.mp4,1280,720,23.976,367,conscientiousness,high
20,834,chin,489.9,346.7,805.6,574.2,772.4,523.4,1167.0,807.7,conscientiousness_high4_IzKWDY_QNTU.000.mp4,1280,720,23.976,367,conscientiousness,high
20,834,left_cheek,499.6,359.5,593.5,486.6,784.5,539.4,901.9,698.2,conscientiousness_high4_IzKWDY_QNTU.000.mp4,1280,720,23.976,367,conscientiousness,high
20,834,right_cheek,694.8,347.1,792.4,479.0,1028.6,523.9,1150.5,688.8,conscientiousness_high4_IzKWDY_QNTU.000.mp4,1280,720,23.976,367,conscientiousness,high
21,875,left_eye,510.9,259.5,611.4,339.3,798.6,414.4,924.2,514.1,conscientiousness_high4_IzKWDY_QNTU.000.mp4,1280,720,23.976,367,conscientiousness,high
21,875,right_eye,669.5,248.2,777.6,332.9,996.9,400.2,1132.0,506.1,conscientiousness_high4_IzKWDY_QNTU.000.mp4,1280,720,23.976,367,conscientiousness,high
21,875,nose,599.5,305.7,690.0,430.7,909.4,472.2,1022.5,628.4,conscientiousness_high4_IzKWDY_QNTU.000.mp4,1280,720,23.976,367,conscientiousness,high
21,875,mouth,590.1,455.3,706.4,523.7,897.6,659.1,1043.0,744.6,conscientiousness_high4_IzKWDY_QNTU.000.mp4,1280,720,23.976,367,conscientiousness,high
21,875,forehead,486.6,196.4,806.7,475.3,768.2,335.5,1168.4,684.1,conscientiousness_high4_IzKWDY_QNTU.000.mp4,1280,720,23.976,367,conscientiousness,high
21,875,chin,489.9,347.3,805.6,575.8,772.3,524.2,1167.0,809.7,conscientiousness_high4_IzKWDY_QNTU.000.mp4,1280,720,23.976,367,conscientiousness,high
21,875,left_cheek,499.6,360.8,593.6,488.4,784.5,541.0,901.9,700.6,conscientiousness_high4_IzKWDY_QNTU.000.mp4,1280,720,23.976,367,conscientiousness,high
21,875,right_cheek,694.9,348.1,792.4,480.4,1028.6,525.1,1150.5,690.5,conscientiousness_high4_IzKWDY_QNTU.000.mp4,1280,720,23.976,367,conscientiousness,high
22,917,left_eye,510.7,259.3,611.4,339.2,798.4,414.1,924.2,514.0,conscientiousness_high4_IzKWDY_QNTU.000.mp4,1280,720,23.976,367,conscientiousness,high
22,917,right_eye,669.5,247.8,777.6,332.7,996.9,399.7,1132.0,505.8,conscientiousness_high4_IzKWDY_QNTU.000.mp4,1280,720,23.976,367,conscientiousness,high
22,917,nose,599.5,305.6,690.3,430.8,909.4,472.0,1022.9,628.4,conscientiousness_high4_IzKWDY_QNTU.000.mp4,1280,720,23.976,367,conscientiousness,high
22,917,mouth,589.8,453.6,708.9,524.7,897.2,657.1,1046.1,745.9,conscientiousness_high4_IzKWDY_QNTU.000.mp4,1280,720,23.976,367,conscientiousness,high
22,917,forehead,486.4,196.2,806.7,476.3,768.0,335.2,1168.4,685.4,conscientiousness_high4_IzKWDY_QNTU.000.mp4,1280,720,23.976,367,conscientiousness,high
22,917,chin,489.8,347.3,805.6,578.1,772.3,524.1,1167.0,812.6,conscientiousness_high4_IzKWDY_QNTU.000.mp4,1280,720,23.976,367,conscientiousness,high
22,917,left_cheek,499.6,360.6,593.5,489.0,784.5,540.8,901.9,701.2,conscientiousness_high4_IzKWDY_QNTU.000.mp4,1280,720,23.976,367,conscientiousness,high
22,917,right_cheek,695.1,348.1,792.5,480.9,1028.9,525.1,1150.6,691.2,conscientiousness_high4_IzKWDY_QNTU.000.mp4,1280,720,23.976,367,conscientiousness,high
23,959,left_eye,510.6,258.9,611.4,338.9,798.2,413.6,924.2,513.6,conscientiousness_high4_IzKWDY_QNTU.000.mp4,1280,720,23.976,367,conscientiousness,high
23,959,right_eye,669.6,247.5,777.7,332.4,997.0,399.3,1132.1,505.5,conscientiousness_high4_IzKWDY_QNTU.000.mp4,1280,720,23.976,367,conscientiousness,high
23,959,nose,599.6,305.2,690.4,430.4,909.5,471.5,1023.0,627.9,conscientiousness_high4_IzKWDY_QNTU.000.mp4,1280,720,23.976,367,conscientiousness,high
23,959,mouth,588.6,453.0,710.3,523.6,895.7,656.2,1047.8,744.5,conscientiousness_high4_IzKWDY_QNTU.000.mp4,1280,720,23.976,367,conscientiousness,high
23,959,forehead,486.3,195.7,806.7,476.8,767.8,334.6,1168.3,686.1,conscientiousness_high4_IzKWDY_QNTU.000.mp4,1280,720,23.976,367,conscientiousness,high
23,959,chin,489.8,347.1,805.6,577.8,772.2,523.9,1167.0,812.3,conscientiousness_high4_IzKWDY_QNTU.000.mp4,1280,720,23.976,367,conscientiousness,high
23,959,left_cheek,499.6,360.2,593.5,488.9,784.5,540.3,901.9,701.1,conscientiousness_high4_IzKWDY_QNTU.000.mp4,1280,720,23.976,367,conscientiousness,high
23,959,right_cheek,695.2,347.8,792.6,480.8,1029.0,524.7,1150.7,691.0,conscientiousness_high4_IzKWDY_QNTU.000.mp4,1280,720,23.976,367,conscientiousness,high
24,1001,left_eye,510.5,258.2,611.3,338.3,798.1,412.7,924.2,512.9,conscientiousness_high4_IzKWDY_QNTU.000.mp4,1280,720,23.976,367,conscientiousness,high
24,1001,right_eye,669.7,246.8,777.8,331.8,997.1,398.5,1132.3,504.8,conscientiousness_high4_IzKWDY_QNTU.000.mp4,1280,720,23.976,367,conscientiousness,high
24,1001,nose,599.7,304.7,690.5,430.1,909.6,470.9,1023.1,627.6,conscientiousness_high4_IzKWDY_QNTU.000.mp4,1280,720,23.976,367,conscientiousness,high
24,1001,mouth,588.6,452.3,710.1,521.8,895.7,655.3,1047.6,742.3,conscientiousness_high4_IzKWDY_QNTU.000.mp4,1280,720,23.976,367,conscientiousness,high
24,1001,forehead,486.3,194.6,806.7,476.6,767.8,333.2,1168.3,685.7,conscientiousness_high4_IzKWDY_QNTU.000.mp4,1280,720,23.976,367,conscientiousness,high
24,1001,chin,489.8,346.8,805.6,577.6,772.2,523.5,1166.9,812.0,conscientiousness_high4_IzKWDY_QNTU.000.mp4,1280,720,23.976,367,conscientiousness,high
24,1001,left_cheek,499.6,360.0,593.5,488.4,784.5,540.0,901.9,700.5,conscientiousness_high4_IzKWDY_QNTU.000.mp4,1280,720,23.976,367,conscientiousness,high
24,1001,right_cheek,695.3,347.4,792.6,480.6,1029.1,524.3,1150.8,690.7,conscientiousness_high4_IzKWDY_QNTU.000.mp4,1280,720,23.976,367,conscientiousness,high
25,1042,left_eye,510.3,258.1,611.3,338.3,797.9,412.7,924.2,512.9,conscientiousness_high4_IzKWDY_QNTU.000.mp4,1280,720,23.976,367,conscientiousness,high
25,1042,right_eye,669.7,246.5,777.8,331.3,997.1,398.2,1132.2,504.2,conscientiousness_high4_IzKWDY_QNTU.000.mp4,1280,720,23.976,367,conscientiousness,high
25,1042,nose,599.9,304.6,690.5,429.9,909.9,470.7,1023.1,627.4,conscientiousness_high4_IzKWDY_QNTU.000.mp4,1280,720,23.976,367,conscientiousness,high
25,1042,mouth,588.6,451.9,709.9,512.2,895.7,654.9,1047.4,730.2,conscientiousness_high4_IzKWDY_QNTU.000.mp4,1280,720,23.976,367,conscientiousness,high
25,1042,forehead,486.1,193.8,806.6,475.6,767.6,332.2,1168.3,684.5,conscientiousness_high4_IzKWDY_QNTU.000.mp4,1280,720,23.976,367,conscientiousness,high
25,1042,chin,489.7,343.8,805.6,574.4,772.2,519.7,1167.0,808.1,conscientiousness_high4_IzKWDY_QNTU.000.mp4,1280,720,23.976,367,conscientiousness,high
25,1042,left_cheek,499.6,359.6,593.7,488.3,784.5,539.5,902.1,700.4,conscientiousness_high4_IzKWDY_QNTU.000.mp4,1280,720,23.976,367,conscientiousness,high
25,1042,right_cheek,695.4,345.9,792.7,479.3,1029.2,522.3,1150.9,689.2,conscientiousness_high4_IzKWDY_QNTU.000.mp4,1280,720,23.976,367,conscientiousness,high
26,1084,left_eye,510.5,257.3,611.7,337.0,798.1,411.6,924.6,511.2,conscientiousness_high4_IzKWDY_QNTU.000.mp4,1280,720,23.976,367,conscientiousness,high
26,1084,right_eye,669.7,245.5,777.8,329.5,997.2,396.8,1132.3,501.9,conscientiousness_high4_IzKWDY_QNTU.000.mp4,1280,720,23.976,367,conscientiousness,high
26,1084,nose,600.6,303.3,690.5,429.6,910.7,469.1,1023.1,627.0,conscientiousness_high4_IzKWDY_QNTU.000.mp4,1280,720,23.976,367,conscientiousness,high
26,1084,mouth,588.5,451.8,709.7,503.6,895.6,654.8,1047.1,719.5,conscientiousness_high4_IzKWDY_QNTU.000.mp4,1280,720,23.976,367,conscientiousness,high
26,1084,forehead,486.2,192.5,806.7,472.6,767.8,330.7,1168.3,680.7,conscientiousness_high4_IzKWDY_QNTU.000.mp4,1280,720,23.976,367,conscientiousness,high
26,1084,chin,489.8,341.9,805.6,570.4,772.2,517.4,1167.0,803.0,conscientiousness_high4_IzKWDY_QNTU.000.mp4,1280,720,23.976,367,conscientiousness,high
26,1084,left_cheek,500.0,357.5,594.2,485.4,785.0,536.9,902.7,696.8,conscientiousness_high4_IzKWDY_QNTU.000.mp4,1280,720,23.976,367,conscientiousness,high
26,1084,right_cheek,695.4,344.1,792.7,476.7,1029.2,520.1,1150.9,685.9,conscientiousness_high4_IzKWDY_QNTU.000.mp4,1280,720,23.976,367,conscientiousness,high
27,1126,left_eye,510.8,256.5,612.1,335.9,798.5,410.7,925.1,509.9,conscientiousness_high4_IzKWDY_QNTU.000.mp4,1280,720,23.976,367,conscientiousness,high
27,1126,right_eye,669.8,244.8,778.0,328.7,997.2,396.0,1132.6,500.9,conscientiousness_high4_IzKWDY_QNTU.000.mp4,1280,720,23.976,367,conscientiousness,high
27,1126,nose,600.6,302.3,690.8,428.9,910.8,467.9,1023.5,626.2,conscientiousness_high4_IzKWDY_QNTU.000.mp4,1280,720,23.976,367,conscientiousness,high
27,1126,mouth,588.4,451.6,709.8,506.1,895.6,654.5,1047.2,722.7,conscientiousness_high4_IzKWDY_QNTU.000.mp4,1280,720,23.976,367,conscientiousness,high
27,1126,forehead,486.3,191.8,807.1,471.6,767.9,329.7,1168.9,679.5,conscientiousness_high4_IzKWDY_QNTU.000.mp4,1280,720,23.976,367,conscientiousness,high
27,1126,chin,490.0,341.6,806.0,570.4,772.5,517.0,1167.6,803.0,conscientiousness_high4_IzKWDY_QNTU.000.mp4,1280,720,23.976,367,conscientiousness,high
27,1126,left_cheek,500.3,356.7,594.4,484.7,785.4,535.8,903.1,695.9,conscientiousness_high4_IzKWDY_QNTU.000.mp4,1280,720,23.976,367,conscientiousness,high
27,1126,right_cheek,695.7,343.6,793.0,476.5,1029.6,519.6,1151.3,685.7,conscientiousness_high4_IzKWDY_QNTU.000.mp4,1280,720,23.976,367,conscientiousness,high
28,1167,left_eye,511.1,256.0,612.2,335.2,798.8,410.0,925.3,509.0,conscientiousness_high4_IzKWDY_QNTU.000.mp4,1280,720,23.976,367,conscientiousness,high
28,1167,right_eye,670.2,244.4,778.5,328.3,997.7,395.6,1133.1,500.4,conscientiousness_high4_IzKWDY_QNTU.000.mp4,1280,720,23.976,367,conscientiousness,high
28,1167,nose,600.6,301.8,692.1,428.0,910.7,467.2,1025.1,624.9,conscientiousness_high4_IzKWDY_QNTU.000.mp4,1280,720,23.976,367,conscientiousness,high
28,1167,mouth,589.1,450.6,711.2,518.7,896.4,653.3,1049.0,738.4,conscientiousness_high4_IzKWDY_QNTU.000.mp4,1280,720,23.976,367,conscientiousness,high
28,1167,forehead,486.6,191.8,807.5,471.5,768.3,329.7,1169.4,679.3,conscientiousness_high4_IzKWDY_QNTU.000.mp4,1280,720,23.976,367,conscientiousness,high
28,1167,chin,490.4,341.7,806.4,573.0,773.0,517.1,1168.0,806.2,conscientiousness_high4_IzKWDY_QNTU.000.mp4,1280,720,23.976,367,conscientiousness,high
28,1167,left_cheek,500.5,356.3,594.5,484.6,785.7,535.4,903.1,695.8,conscientiousness_high4_IzKWDY_QNTU.000.mp4,1280,720,23.976,367,conscientiousness,high
28,1167,right_cheek,696.5,343.7,793.6,476.6,1030.6,519.6,1152.0,685.8,conscientiousness_high4_IzKWDY_QNTU.000.mp4,1280,720,23.976,367,conscientiousness,high
29,1209,left_eye,511.3,255.6,612.5,334.8,799.1,409.5,925.6,508.5,conscientiousness_high4_IzKWDY_QNTU.000.mp4,1280,720,23.976,367,conscientiousness,high
29,1209,right_eye,670.9,244.2,779.5,328.3,998.6,395.3,1134.3,500.3,conscientiousness_high4_IzKWDY_QNTU.000.mp4,1280,720,23.976,367,conscientiousness,high
29,1209,nose,600.6,301.4,692.7,426.4,910.7,466.7,1025.9,623.0,conscientiousness_high4_IzKWDY_QNTU.000.mp4,1280,720,23.976,367,conscientiousness,high
29,1209,mouth,589.1,447.5,711.8,523.5,896.4,649.4,1049.7,744.4,conscientiousness_high4_IzKWDY_QNTU.000.mp4,1280,720,23.976,367,conscientiousness,high
29,1209,forehead,487.1,191.8,808.3,471.5,768.8,329.8,1170.4,679.4,conscientiousness_high4_IzKWDY_QNTU.000.mp4,1280,720,23.976,367,conscientiousness,high
29,1209,chin,490.8,342.8,807.0,576.0,773.5,518.5,1168.8,810.0,conscientiousness_high4_IzKWDY_QNTU.000.mp4,1280,720,23.976,367,conscientiousness,high
29,1209,left_cheek,500.7,355.8,594.6,484.5,785.8,534.7,903.2,695.6,conscientiousness_high4_IzKWDY_QNTU.000.mp4,1280,720,23.976,367,conscientiousness,high
29,1209,right_cheek,697.0,343.7,794.2,476.8,1031.2,519.6,1152.8,686.0,conscientiousness_high4_IzKWDY_QNTU.000.mp4,1280,720,23.976,367,conscientiousness,high
30,1251,left_eye,511.3,255.4,612.6,334.5,799.2,409.3,925.7,508.1,conscientiousness_high4_IzKWDY_QNTU.000.mp4,1280,720,23.976,367,conscientiousness,high
30,1251,right_eye,671.3,244.1,780.0,328.2,999.1,395.1,1135.0,500.3,conscientiousness_high4_IzKWDY_QNTU.000.mp4,1280,720,23.976,367,conscientiousness,high
30,1251,nose,600.2,301.3,692.8,425.7,910.2,466.6,1025.9,622.1,conscientiousness_high4_IzKWDY_QNTU.000.mp4,1280,720,23.976,367,conscientiousness,high
30,1251,mouth,584.9,446.3,712.7,522.5,891.1,647.9,1050.9,743.2,conscientiousness_high4_IzKWDY_QNTU.000.mp4,1280,720,23.976,367,conscientiousness,high
30,1251,forehead,487.2,191.8,809.2,471.4,768.9,329.8,1171.5,679.2,conscientiousness_high4_IzKWDY_QNTU.000.mp4,1280,720,23.976,367,conscientiousness,high
30,1251,chin,490.7,343.0,807.9,577.9,773.4,518.7,1169.8,812.3,conscientiousness_high4_IzKWDY_QNTU.000.mp4,1280,720,23.976,367,conscientiousness,high
30,1251,left_cheek,500.7,354.4,594.5,483.0,785.8,533.0,903.1,693.7,conscientiousness_high4_IzKWDY_QNTU.000.mp4,1280,720,23.976,367,conscientiousness,high
30,1251,right_cheek,697.0,343.7,794.4,476.6,1031.3,519.6,1153.0,685.8,conscientiousness_high4_IzKWDY_QNTU.000.mp4,1280,720,23.976,367,conscientiousness,high
31,1292,left_eye,511.0,254.7,612.0,333.4,798.8,408.4,925.0,506.7,conscientiousness_high4_IzKWDY_QNTU.000.mp4,1280,720,23.976,367,conscientiousness,high
31,1292,right_eye,671.2,244.1,779.9,328.1,999.1,395.1,1134.9,500.1,conscientiousness_high4_IzKWDY_QNTU.000.mp4,1280,720,23.976,367,conscientiousness,high
31,1292,nose,597.1,301.3,691.1,424.3,906.4,466.6,1023.9,620.3,conscientiousness_high4_IzKWDY_QNTU.000.mp4,1280,720,23.976,367,conscientiousness,high
31,1292,mouth,580.8,444.3,712.1,517.2,886.1,645.4,1050.1,736.5,conscientiousness_high4_IzKWDY_QNTU.000.mp4,1280,720,23.976,367,conscientiousness,high
31,1292,forehead,487.3,192.0,808.8,469.4,769.1,330.0,1171.0,676.7,conscientiousness_high4_IzKWDY_QNTU.000.mp4,1280,720,23.976,367,conscientiousness,high
31,1292,chin,490.7,343.5,807.2,576.0,773.3,519.4,1169.0,810.1,conscientiousness_high4_IzKWDY_QNTU.000.mp4,1280,720,23.976,367,conscientiousness,high
31,1292,left_cheek,500.1,352.0,592.6,479.0,785.1,530.0,900.8,688.8,conscientiousness_high4_IzKWDY_QNTU.000.mp4,1280,720,23.976,367,conscientiousness,high
31,1292,right_cheek,695.9,343.7,793.4,475.2,1029.8,519.6,1151.8,684.0,conscientiousness_high4_IzKWDY_QNTU.000.mp4,1280,720,23.976,367,conscientiousness,high
32,1334,left_eye,509.5,254.2,608.2,331.2,796.9,407.7,920.3,504.0,conscientiousness_high4_IzKWDY_QNTU.000.mp4,1280,720,23.976,367,conscientiousness,high
32,1334,right_eye,668.1,244.2,778.6,327.9,995.2,395.2,1133.3,499.9,conscientiousness_high4_IzKWDY_QNTU.000.mp4,1280,720,23.976,367,conscientiousness,high
32,1334,nose,590.2,300.9,683.9,422.9,897.8,466.2,1014.9,618.7,conscientiousness_high4_IzKWDY_QNTU.000.mp4,1280,720,23.976,367,conscientiousness,high
32,1334,mouth,575.5,442.0,704.9,511.1,879.3,642.4,1041.1,728.9,conscientiousness_high4_IzKWDY_QNTU.000.mp4,1280,720,23.976,367,conscientiousness,high
32,1334,forehead,487.7,192.1,808.4,465.0,769.6,330.2,1170.5,671.3,conscientiousness_high4_IzKWDY_QNTU.000.mp4,1280,720,23.976,367,conscientiousness,high
32,1334,chin,490.7,343.7,806.5,572.9,773.3,519.7,1168.1,806.2,conscientiousness_high4_IzKWDY_QNTU.000.mp4,1280,720,23.976,367,conscientiousness,high
32,1334,left_cheek,498.4,348.4,587.7,474.8,783.0,525.6,894.6,683.5,conscientiousness_high4_IzKWDY_QNTU.000.mp4,1280,720,23.976,367,conscientiousness,high
32,1334,right_cheek,690.8,343.7,790.9,474.1,1023.5,519.6,1148.7,682.6,conscientiousness_high4_IzKWDY_QNTU.000.mp4,1280,720,23.976,367,conscientiousness,high
33,1376,left_eye,506.0,253.1,602.1,329.2,792.5,406.4,912.6,501.5,conscientiousness_high4_IzKWDY_QNTU.000.mp4,1280,720,23.976,367,conscientiousness,high
33,1376,right_eye,661.3,244.5,774.1,327.9,986.7,395.7,1127.7,499.9,conscientiousness_high4_IzKWDY_QNTU.000.mp4,1280,720,23.976,367,conscientiousness,high
33,1376,nose,582.3,300.5,674.4,422.3,887.8,465.7,1003.0,617.8,conscientiousness_high4_IzKWDY_QNTU.000.mp4,1280,720,23.976,367,conscientiousness,high
33,1376,mouth,568.8,441.2,694.2,509.2,871.1,641.5,1027.7,726.5,conscientiousness_high4_IzKWDY_QNTU.000.mp4,1280,720,23.976,367,conscientiousness,high
33,1376,forehead,487.4,192.2,807.0,461.9,769.3,330.2,1168.7,667.4,conscientiousness_high4_IzKWDY_QNTU.000.mp4,1280,720,23.976,367,conscientiousness,high
33,1376,chin,489.7,344.8,804.5,570.9,772.1,521.0,1165.7,803.6,conscientiousness_high4_IzKWDY_QNTU.000.mp4,1280,720,23.976,367,conscientiousness,high
33,1376,left_cheek,493.8,344.9,580.7,471.8,777.2,521.2,885.8,679.8,conscientiousness_high4_IzKWDY_QNTU.000.mp4,1280,720,23.976,367,conscientiousness,high
33,1376,right_cheek,683.1,344.5,786.4,474.2,1013.9,520.6,1143.0,682.8,conscientiousness_high4_IzKWDY_QNTU.000.mp4,1280,720,23.976,367,conscientiousness,high
34,1418,left_eye,503.9,253.0,599.0,328.4,789.9,406.2,908.7,500.6,conscientiousness_high4_IzKWDY_QNTU.000.mp4,1280,720,23.976,367,conscientiousness,high
34,1418,right_eye,657.3,246.1,771.9,328.0,981.6,397.6,1124.8,500.0,conscientiousness_high4_IzKWDY_QNTU.000.mp4,1280,720,23.976,367,conscientiousness,high
34,1418,nose,578.0,300.4,669.5,422.3,882.4,465.5,996.8,617.8,conscientiousness_high4_IzKWDY_QNTU.000.mp4,1280,720,23.976,367,conscientiousness,high
34,1418,mouth,565.3,441.8,689.2,509.7,866.7,642.3,1021.5,727.2,conscientiousness_high4_IzKWDY_QNTU.000.mp4,1280,720,23.976,367,conscientiousness,high
34,1418,forehead,487.0,192.3,806.9,462.2,768.7,330.3,1168.7,667.7,conscientiousness_high4_IzKWDY_QNTU.000.mp4,1280,720,23.976,367,conscientiousness,high
34,1418,chin,488.9,344.3,804.3,569.6,771.1,520.4,1165.4,802.0,conscientiousness_high4_IzKWDY_QNTU.000.mp4,1280,720,23.976,367,conscientiousness,high
34,1418,left_cheek,491.4,343.6,577.1,470.6,774.2,519.5,881.4,678.3,conscientiousness_high4_IzKWDY_QNTU.000.mp4,1280,720,23.976,367,conscientiousness,high
34,1418,right_cheek,679.3,345.7,784.9,474.4,1009.1,522.1,1141.1,682.9,conscientiousness_high4_IzKWDY_QNTU.000.mp4,1280,720,23.976,367,conscientiousness,high
35,1459,left_eye,504.4,256.7,597.1,329.5,790.5,410.9,906.4,501.9,conscientiousness_high4_IzKWDY_QNTU.000.mp4,1280,720,23.976,367,conscientiousness,high
35,1459,right_eye,653.9,252.6,768.3,331.7,977.3,405.8,1120.4,504.7,conscientiousness_high4_IzKWDY_QNTU.000.mp4,1280,720,23.976,367,conscientiousness,high
35,1459,nose,574.7,306.6,665.3,424.9,878.3,473.2,991.7,621.1,conscientiousness_high4_IzKWDY_QNTU.000.mp4,1280,720,23.976,367,conscientiousness,high
35,1459,mouth,562.8,445.8,685.6,512.9,863.5,647.3,1017.0,731.2,conscientiousness_high4_IzKWDY_QNTU.000.mp4,1280,720,23.976,367,conscientiousness,high
35,1459,forehead,487.9,198.1,806.4,465.6,769.9,337.6,1168.0,672.0,conscientiousness_high4_IzKWDY_QNTU.000.mp4,1280,720,23.976,367,conscientiousness,high
35,1459,chin,489.8,345.3,803.6,570.4,772.3,521.6,1164.5,803.0,conscientiousness_high4_IzKWDY_QNTU.000.mp4,1280,720,23.976,367,conscientiousness,high
35,1459,left_cheek,491.9,344.9,575.8,472.1,774.9,521.2,879.8,680.1,conscientiousness_high4_IzKWDY_QNTU.000.mp4,1280,720,23.976,367,conscientiousness,high
35,1459,right_cheek,675.5,350.4,782.0,478.1,1004.4,528.0,1137.5,687.6,conscientiousness_high4_IzKWDY_QNTU.000.mp4,1280,720,23.976,367,conscientiousness,high
36,1501,left_eye,504.2,257.5,595.7,330.4,790.2,411.9,904.6,503.0,conscientiousness_high4_IzKWDY_QNTU.000.mp4,1280,720,23.976,367,conscientiousness,high
36,1501,right_eye,654.2,255.2,768.3,334.3,977.7,409.0,1120.4,507.9,conscientiousness_high4_IzKWDY_QNTU.000.mp4,1280,720,23.976,367,conscientiousness,high
36,1501,nose,573.4,310.0,664.8,427.6,876.7,477.5,991.0,624.4,conscientiousness_high4_IzKWDY_QNTU.000.mp4,1280,720,23.976,367,conscientiousness,high
36,1501,mouth,562.5,448.9,686.4,517.1,863.2,651.1,1018.0,736.4,conscientiousness_high4_IzKWDY_QNTU.000.mp4,1280,720,23.976,367,conscientiousness,high
36,1501,forehead,488.8,200.2,806.1,467.0,771.0,340.3,1167.6,673.8,conscientiousness_high4_IzKWDY_QNTU.000.mp4,1280,720,23.976,367,conscientiousness,high
36,1501,chin,490.5,345.2,803.3,572.4,773.1,521.5,1164.1,805.5,conscientiousness_high4_IzKWDY_QNTU.000.mp4,1280,720,23.976,367,conscientiousness,high
36,1501,left_cheek,491.9,345.5,575.1,472.9,774.8,521.9,878.9,681.1,conscientiousness_high4_IzKWDY_QNTU.000.mp4,1280,720,23.976,367,conscientiousness,high
36,1501,right_cheek,675.0,352.8,781.1,480.8,1003.7,531.0,1136.3,691.0,conscientiousness_high4_IzKWDY_QNTU.000.mp4,1280,720,23.976,367,conscientiousness,high
37,1543,left_eye,504.2,259.4,596.2,331.8,790.3,414.2,905.3,504.8,conscientiousness_high4_IzKWDY_QNTU.000.mp4,1280,720,23.976,367,conscientiousness,high
37,1543,right_eye,655.0,258.7,769.1,336.3,978.7,413.4,1121.4,510.3,conscientiousness_high4_IzKWDY_QNTU.000.mp4,1280,720,23.976,367,conscientiousness,high
37,1543,nose,573.7,312.6,666.7,431.5,877.1,480.8,993.3,629.4,conscientiousness_high4_IzKWDY_QNTU.000.mp4,1280,720,23.976,367,conscientiousness,high
37,1543,mouth,562.7,450.7,689.6,520.4,863.4,653.4,1021.9,740.5,conscientiousness_high4_IzKWDY_QNTU.000.mp4,1280,720,23.976,367,conscientiousness,high
37,1543,forehead,489.7,201.9,806.3,468.1,772.1,342.4,1167.9,675.1,conscientiousness_high4_IzKWDY_QNTU.000.mp4,1280,720,23.976,367,conscientiousness,high
37,1543,chin,491.6,345.2,803.4,575.7,774.4,521.5,1164.2,809.6,conscientiousness_high4_IzKWDY_QNTU.000.mp4,1280,720,23.976,367,conscientiousness,high
37,1543,left_cheek,492.3,345.9,575.6,473.0,775.4,522.4,879.6,681.3,conscientiousness_high4_IzKWDY_QNTU.000.mp4,1280,720,23.976,367,conscientiousness,high
37,1543,right_cheek,676.2,354.2,781.6,482.8,1005.2,532.8,1137.0,693.6,conscientiousness_high4_IzKWDY_QNTU.000.mp4,1280,720,23.976,367,conscientiousness,high
38,1584,left_eye,504.4,263.6,597.3,336.2,790.5,419.5,906.6,510.3,conscientiousness_high4_IzKWDY_QNTU.000.mp4,1280,720,23.976,367,conscientiousness,high
38,1584,right_eye,655.6,263.7,769.3,340.7,979.6,419.6,1121.6,515.9,conscientiousness_high4_IzKWDY_QNTU.000.mp4,1280,720,23.976,367,conscientiousness,high
38,1584,nose,575.4,319.2,668.7,437.5,879.3,489.1,995.9,636.8,conscientiousness_high4_IzKWDY_QNTU.000.mp4,1280,720,23.976,367,conscientiousness,high
38,1584,mouth,562.8,454.4,694.3,522.7,863.5,657.9,1027.8,743.3,conscientiousness_high4_IzKWDY_QNTU.000.mp4,1280,720,23.976,367,conscientiousness,high
38,1584,forehead,490.3,206.4,806.7,471.9,772.9,348.0,1168.4,679.8,conscientiousness_high4_IzKWDY_QNTU.000.mp4,1280,720,23.976,367,conscientiousness,high
38,1584,chin,492.3,345.6,803.7,578.6,775.4,522.0,1164.7,813.3,conscientiousness_high4_IzKWDY_QNTU.000.mp4,1280,720,23.976,367,conscientiousness,high
38,1584,left_cheek,492.7,348.0,576.9,475.5,775.8,525.1,881.1,684.4,conscientiousness_high4_IzKWDY_QNTU.000.mp4,1280,720,23.976,367,conscientiousness,high
38,1584,right_cheek,677.7,357.6,782.3,486.5,1007.1,537.0,1137.9,698.1,conscientiousness_high4_IzKWDY_QNTU.000.mp4,1280,720,23.976,367,conscientiousness,high
39,1626,left_eye,505.1,267.6,598.9,340.5,791.3,424.5,908.6,515.6,conscientiousness_high4_IzKWDY_QNTU.000.mp4,1280,720,23.976,367,conscientiousness,high
39,1626,right_eye,658.7,268.7,772.4,345.0,983.3,425.9,1125.5,521.3,conscientiousness_high4_IzKWDY_QNTU.000.mp4,1280,720,23.976,367,conscientiousness,high
39,1626,nose,576.6,325.1,671.0,442.8,880.8,496.3,998.8,643.5,conscientiousness_high4_IzKWDY_QNTU.000.mp4,1280,720,23.976,367,conscientiousness,high
39,1626,mouth,563.1,457.2,701.6,524.1,863.9,661.5,1037.1,745.2,conscientiousness_high4_IzKWDY_QNTU.000.mp4,1280,720,23.976,367,conscientiousness,high
39,1626,forehead,490.8,210.2,808.7,474.8,773.5,352.7,1170.9,683.5,conscientiousness_high4_IzKWDY_QNTU.000.mp4,1280,720,23.976,367,conscientiousness,high
39,1626,chin,492.9,346.8,806.1,581.8,776.1,523.6,1167.6,817.3,conscientiousness_high4_IzKWDY_QNTU.000.mp4,1280,720,23.976,367,conscientiousness,high
39,1626,left_cheek,493.5,350.7,577.8,478.0,776.9,528.3,882.2,687.5,conscientiousness_high4_IzKWDY_QNTU.000.mp4,1280,720,23.976,367,conscientiousness,high
39,1626,right_cheek,679.0,360.8,783.7,489.4,1008.7,540.9,1139.7,701.8,conscientiousness_high4_IzKWDY_QNTU.000.mp4,1280,720,23.976,367,conscientiousness,high
40,1668,left_eye,506.3,269.6,602.0,342.2,792.9,427.0,912.4,517.8,conscientiousness_high4_IzKWDY_QNTU.000.mp4,1280,720,23.976,367,conscientiousness,high
40,1668,right_eye,662.7,270.2,776.2,346.7,988.4,427.8,1130.3,523.4,conscientiousness_high4_IzKWDY_QNTU.000.mp4,1280,720,23.976,367,conscientiousness,high
40,1668,nose,578.9,325.9,676.0,445.0,883.6,497.3,1005.1,646.3,conscientiousness_high4_IzKWDY_QNTU.000.mp4,1280,720,23.976,367,conscientiousness,high
40,1668,mouth,563.9,458.4,708.4,526.4,864.9,663.0,1045.4,748.0,conscientiousness_high4_IzKWDY_QNTU.000.mp4,1280,720,23.976,367,conscientiousness,high
40,1668,forehead,491.6,210.7,810.9,476.8,774.5,353.4,1173.6,686.0,conscientiousness_high4_IzKWDY_QNTU.000.mp4,1280,720,23.976,367,conscientiousness,high
40,1668,chin,493.9,349.3,808.1,584.8,777.3,526.7,1170.2,821.0,conscientiousness_high4_IzKWDY_QNTU.000.mp4,1280,720,23.976,367,conscientiousness,high
40,1668,left_cheek,495.2,353.0,580.9,480.5,779.0,531.2,886.1,690.7,conscientiousness_high4_IzKWDY_QNTU.000.mp4,1280,720,23.976,367,conscientiousness,high
40,1668,right_cheek,682.9,362.4,786.5,491.0,1013.6,543.0,1143.1,703.8,conscientiousness_high4_IzKWDY_QNTU.000.mp4,1280,720,23.976,367,conscientiousness,high
41,1710,left_eye,507.7,269.9,605.9,342.8,794.7,427.4,917.4,518.5,conscientiousness_high4_IzKWDY_QNTU.000.mp4,1280,720,23.976,367,conscientiousness,high
41,1710,right_eye,667.3,269.5,780.8,346.5,994.1,426.9,1136.0,523.1,conscientiousness_high4_IzKWDY_QNTU.000.mp4,1280,720,23.976,367,conscientiousness,high
41,1710,nose,582.8,324.0,681.1,444.5,888.5,495.0,1011.4,645.6,conscientiousness_high4_IzKWDY_QNTU.000.mp4,1280,720,23.976,367,conscientiousness,high
41,1710,mouth,564.3,457.7,713.0,526.9,865.3,662.1,1051.3,748.7,conscientiousness_high4_IzKWDY_QNTU.000.mp4,1280,720,23.976,367,conscientiousness,high
41,1710,forehead,491.8,209.9,813.3,476.0,774.7,352.4,1176.7,685.1,conscientiousness_high4_IzKWDY_QNTU.000.mp4,1280,720,23.976,367,conscientiousness,high
41,1710,chin,494.1,350.1,810.4,585.0,777.7,527.6,1173.0,821.2,conscientiousness_high4_IzKWDY_QNTU.000.mp4,1280,720,23.976,367,conscientiousness,high
41,1710,left_cheek,496.7,353.5,584.1,480.8,780.9,531.9,890.2,691.0,conscientiousness_high4_IzKWDY_QNTU.000.mp4,1280,720,23.976,367,conscientiousness,high
41,1710,right_cheek,687.6,361.8,790.4,490.2,1019.5,542.3,1148.0,702.7,conscientiousness_high4_IzKWDY_QNTU.000.mp4,1280,720,23.976,367,conscientiousness,high
42,1751,left_eye,508.6,269.2,607.9,342.1,795.8,426.5,919.9,517.6,conscientiousness_high4_IzKWDY_QNTU.000.mp4,1280,720,23.976,367,conscientiousness,high
42,1751,right_eye,670.0,267.7,782.6,345.0,997.4,424.6,1138.2,521.3,conscientiousness_high4_IzKWDY_QNTU.000.mp4,1280,720,23.976,367,conscientiousness,high
42,1751,nose,585.6,323.1,684.8,442.9,892.0,493.9,1016.0,643.6,conscientiousness_high4_IzKWDY_QNTU.000.mp4,1280,720,23.976,367,conscientiousness,high
42,1751,mouth,564.6,457.3,715.6,526.3,865.7,661.6,1054.5,747.9,conscientiousness_high4_IzKWDY_QNTU.000.mp4,1280,720,23.976,367,conscientiousness,high
42,1751,forehead,491.8,209.3,813.6,475.1,774.7,351.7,1177.0,683.9,conscientiousness_high4_IzKWDY_QNTU.000.mp4,1280,720,23.976,367,conscientiousness,high
42,1751,chin,494.0,350.5,810.9,585.4,777.6,528.2,1173.7,821.8,conscientiousness_high4_IzKWDY_QNTU.000.mp4,1280,720,23.976,367,conscientiousness,high
42,1751,left_cheek,497.7,353.4,586.4,480.6,782.1,531.7,893.0,690.8,conscientiousness_high4_IzKWDY_QNTU.000.mp4,1280,720,23.976,367,conscientiousness,high
42,1751,right_cheek,690.2,360.6,792.0,489.3,1022.8,540.8,1150.0,701.6,conscientiousness_high4_IzKWDY_QNTU.000.mp4,1280,720,23.976,367,conscientiousness,high
43,1793,left_eye,508.9,268.7,609.5,341.6,796.2,425.9,921.9,517.0,conscientiousness_high4_IzKWDY_QNTU.000.mp4,1280,720,23.976,367,conscientiousness,high
43,1793,right_eye,672.7,266.1,784.1,342.4,1000.9,422.7,1140.1,518.0,conscientiousness_high4_IzKWDY_QNTU.000.mp4,1280,720,23.976,367,conscientiousness,high
43,1793,nose,589.4,322.1,688.6,442.2,896.7,492.6,1020.7,642.8,conscientiousness_high4_IzKWDY_QNTU.000.mp4,1280,720,23.976,367,conscientiousness,high
43,1793,mouth,565.1,455.1,718.3,526.0,866.4,658.8,1057.9,747.5,conscientiousness_high4_IzKWDY_QNTU.000.mp4,1280,720,23.976,367,conscientiousness,high
43,1793,forehead,490.9,209.0,813.4,472.4,773.6,351.3,1176.8,680.5,conscientiousness_high4_IzKWDY_QNTU.000.mp4,1280,720,23.976,367,conscientiousness,high
43,1793,chin,492.8,350.5,811.1,584.5,776.1,528.1,1173.8,820.7,conscientiousness_high4_IzKWDY_QNTU.000.mp4,1280,720,23.976,367,conscientiousness,high
43,1793,left_cheek,498.4,353.2,588.7,480.5,783.0,531.5,895.9,690.6,conscientiousness_high4_IzKWDY_QNTU.000.mp4,1280,720,23.976,367,conscientiousness,high
43,1793,right_cheek,692.9,356.6,793.3,485.9,1026.1,535.7,1151.6,697.3,conscientiousness_high4_IzKWDY_QNTU.000.mp4,1280,720,23.976,367,conscientiousness,high
44,1835,left_eye,508.9,267.8,610.7,340.1,796.1,424.7,923.4,515.1,conscientiousness_high4_IzKWDY_QNTU.000.mp4,1280,720,23.976,367,conscientiousness,high
44,1835,right_eye,674.4,262.8,784.9,338.1,1003.0,418.5,1141.1,512.6,conscientiousness_high4_IzKWDY_QNTU.000.mp4,1280,720,23.976,367,conscientiousness,high
44,1835,nose,592.8,320.7,691.3,439.4,900.9,490.8,1024.2,639.2,conscientiousness_high4_IzKWDY_QNTU.000.mp4,1280,720,23.976,367,conscientiousness,high
44,1835,mouth,567.6,452.0,720.7,522.3,869.5,655.0,1060.9,742.9,conscientiousness_high4_IzKWDY_QNTU.000.mp4,1280,720,23.976,367,conscientiousness,high
44,1835,forehead,488.6,206.9,813.4,468.4,770.8,348.6,1176.7,675.5,conscientiousness_high4_IzKWDY_QNTU.000.mp4,1280,720,23.976,367,conscientiousness,high
44,1835,chin,490.5,349.6,811.3,584.5,773.1,527.0,1174.1,820.6,conscientiousness_high4_IzKWDY_QNTU.000.mp4,1280,720,23.976,367,conscientiousness,high
44,1835,left_cheek,498.7,352.6,590.7,479.8,783.4,530.8,898.4,689.7,conscientiousness_high4_IzKWDY_QNTU.000.mp4,1280,720,23.976,367,conscientiousness,high
44,1835,right_cheek,695.1,351.8,794.5,481.3,1028.9,529.8,1153.1,691.7,conscientiousness_high4_IzKWDY_QNTU.000.mp4,1280,720,23.976,367,conscientiousness,high
45,1876,left_eye,509.1,266.9,612.1,338.6,796.3,423.7,925.1,513.3,conscientiousness_high4_IzKWDY_QNTU.000.mp4,1280,720,23.976,367,conscientiousness,high
45,1876,right_eye,675.9,260.8,785.5,335.7,1004.8,416.0,1141.8,509.6,conscientiousness_high4_IzKWDY_QNTU.000.mp4,1280,720,23.976,367,conscientiousness,high
45,1876,nose,595.4,319.5,692.9,438.0,904.2,489.3,1026.2,637.5,conscientiousness_high4_IzKWDY_QNTU.000.mp4,1280,720,23.976,367,conscientiousness,high
45,1876,mouth,569.3,451.4,721.7,520.0,871.7,654.3,1062.1,740.0,conscientiousness_high4_IzKWDY_QNTU.000.mp4,1280,720,23.976,367,conscientiousness,high
45,1876,forehead,487.4,205.5,813.2,466.3,769.3,346.8,1176.6,672.8,conscientiousness_high4_IzKWDY_QNTU.000.mp4,1280,720,23.976,367,conscientiousness,high
45,1876,chin,489.3,346.6,811.3,583.6,771.6,523.3,1174.1,819.5,conscientiousness_high4_IzKWDY_QNTU.000.mp4,1280,720,23.976,367,conscientiousness,high
45,1876,left_cheek,499.0,351.8,592.5,479.1,783.8,529.8,900.7,688.9,conscientiousness_high4_IzKWDY_QNTU.000.mp4,1280,720,23.976,367,conscientiousness,high
45,1876,right_cheek,696.3,349.3,795.1,479.3,1030.4,526.7,1153.9,689.1,conscientiousness_high4_IzKWDY_QNTU.000.mp4,1280,720,23.976,367,conscientiousness,high
46,1918,left_eye,508.8,266.5,612.2,337.9,796.0,423.2,925.3,512.4,conscientiousness_high4_IzKWDY_QNTU.000.mp4,1280,720,23.976,367,conscientiousness,high
46,1918,right_eye,675.8,259.8,784.9,334.7,1004.8,414.7,1141.1,508.4,conscientiousness_high4_IzKWDY_QNTU.000.mp4,1280,720,23.976,367,conscientiousness,high
46,1918,nose,596.6,318.7,693.5,437.2,905.7,488.4,1026.9,636.6,conscientiousness_high4_IzKWDY_QNTU.000.mp4,1280,720,23.976,367,conscientiousness,high
46,1918,mouth,569.7,451.2,721.0,518.1,872.1,654.1,1061.3,737.6,conscientiousness_high4_IzKWDY_QNTU.000.mp4,1280,720,23.976,367,conscientiousness,high
46,1918,forehead,485.5,204.9,812.0,466.1,766.9,346.1,1175.0,672.7,conscientiousness_high4_IzKWDY_QNTU.000.mp4,1280,720,23.976,367,conscientiousness,high
46,1918,chin,487.6,345.2,810.4,580.8,769.5,521.6,1173.0,816.0,conscientiousness_high4_IzKWDY_QNTU.000.mp4,1280,720,23.976,367,conscientiousness,high
46,1918,left_cheek,498.9,351.6,593.0,478.5,783.7,529.4,901.2,688.1,conscientiousness_high4_IzKWDY_QNTU.000.mp4,1280,720,23.976,367,conscientiousness,high
46,1918,right_cheek,696.4,348.2,794.6,477.6,1030.4,525.3,1153.2,687.0,conscientiousness_high4_IzKWDY_QNTU.000.mp4,1280,720,23.976,367,conscientiousness,high
47,1960,left_eye,508.1,266.9,612.1,337.8,795.1,423.7,925.1,512.3,conscientiousness_high4_IzKWDY_QNTU.000.mp4,1280,720,23.976,367,conscientiousness,high
47,1960,right_eye,675.1,259.8,784.8,334.5,1003.8,414.8,1141.0,508.1,conscientiousness_high4_IzKWDY_QNTU.000.mp4,1280,720,23.976,367,conscientiousness,high
47,1960,nose,597.4,318.6,693.0,437.2,906.8,488.3,1026.3,636.5,conscientiousness_high4_IzKWDY_QNTU.000.mp4,1280,720,23.976,367,conscientiousness,high
47,1960,mouth,569.7,451.3,720.2,518.0,872.1,654.1,1060.2,737.5,conscientiousness_high4_IzKWDY_QNTU.000.mp4,1280,720,23.976,367,conscientiousness,high
47,1960,forehead,483.0,204.8,809.5,466.1,763.8,346.0,1171.9,672.6,conscientiousness_high4_IzKWDY_QNTU.000.mp4,1280,720,23.976,367,conscientiousness,high
47,1960,chin,485.5,344.2,807.9,580.2,766.9,520.3,1169.9,815.2,conscientiousness_high4_IzKWDY_QNTU.000.mp4,1280,720,23.976,367,conscientiousness,high
47,1960,left_cheek,498.7,351.6,593.2,478.4,783.4,529.5,901.5,688.0,conscientiousness_high4_IzKWDY_QNTU.000.mp4,1280,720,23.976,367,conscientiousness,high
47,1960,right_cheek,695.6,347.6,794.0,476.8,1029.6,524.5,1152.4,686.0,conscientiousness_high4_IzKWDY_QNTU.000.mp4,1280,720,23.976,367,conscientiousness,high
48,2002,left_eye,507.3,267.5,611.7,338.0,794.1,424.4,924.6,512.4,conscientiousness_high4_IzKWDY_QNTU.000.mp4,1280,720,23.976,367,conscientiousness,high
48,2002,right_eye,674.5,259.9,782.9,334.4,1003.1,414.8,1138.6,508.0,conscientiousness_high4_IzKWDY_QNTU.000.mp4,1280,720,23.976,367,conscientiousness,high
48,2002,nose,598.2,319.0,692.9,437.6,907.7,488.8,1026.1,637.1,conscientiousness_high4_IzKWDY_QNTU.000.mp4,1280,720,23.976,367,conscientiousness,high
48,2002,mouth,569.9,452.4,720.3,518.1,872.3,655.5,1060.4,737.7,conscientiousness_high4_IzKWDY_QNTU.000.mp4,1280,720,23.976,367,conscientiousness,high
48,2002,forehead,482.0,204.9,806.7,466.6,762.6,346.2,1168.4,673.2,conscientiousness_high4_IzKWDY_QNTU.000.mp4,1280,720,23.976,367,conscientiousness,high
48,2002,chin,484.9,343.3,805.3,580.0,766.1,519.2,1166.7,815.0,conscientiousness_high4_IzKWDY_QNTU.000.mp4,1280,720,23.976,367,conscientiousness,high
48,2002,left_cheek,498.5,352.4,593.3,479.1,783.2,530.5,901.6,688.9,conscientiousness_high4_IzKWDY_QNTU.000.mp4,1280,720,23.976,367,conscientiousness,high
48,2002,right_cheek,695.2,347.2,792.2,476.8,1029.0,524.0,1150.3,685.9,conscientiousness_high4_IzKWDY_QNTU.000.mp4,1280,720,23.976,367,conscientiousness,high
49,2043,left_eye,506.0,268.4,611.5,338.5,792.4,425.5,924.4,513.1,conscientiousness_high4_IzKWDY_QNTU.000.mp4,1280,720,23.976,367,conscientiousness,high
49,2043,right_eye,674.4,259.9,781.0,334.4,1002.9,414.9,1136.2,508.0,conscientiousness_high4_IzKWDY_QNTU.000.mp4,1280,720,23.976,367,conscientiousness,high
49,2043,nose,598.7,319.7,693.5,438.2,908.4,489.6,1026.8,637.8,conscientiousness_high4_IzKWDY_QNTU.000.mp4,1280,720,23.976,367,conscientiousness,high
49,2043,mouth,572.9,455.5,720.4,519.2,876.1,659.3,1060.5,739.0,conscientiousness_high4_IzKWDY_QNTU.000.mp4,1280,720,23.976,367,conscientiousness,high
49,2043,forehead,480.0,205.0,804.5,467.4,760.0,346.2,1165.6,674.2,conscientiousness_high4_IzKWDY_QNTU.000.mp4,1280,720,23.976,367,conscientiousness,high
49,2043,chin,483.2,340.8,803.4,579.8,764.0,516.0,1164.3,814.8,conscientiousness_high4_IzKWDY_QNTU.000.mp4,1280,720,23.976,367,conscientiousness,high
49,2043,left_cheek,497.8,354.4,593.4,481.2,782.2,533.0,901.8,691.6,conscientiousness_high4_IzKWDY_QNTU.000.mp4,1280,720,23.976,367,conscientiousness,high
49,2043,right_cheek,695.0,346.1,791.1,476.3,1028.7,522.7,1148.9,685.4,conscientiousness_high4_IzKWDY_QNTU.000.mp4,1280,720,23.976,367,conscientiousness,high
50,2085,left_eye,503.5,268.6,610.6,339.4,789.3,425.7,923.2,514.3,conscientiousness_high4_IzKWDY_QNTU.000.mp4,1280,720,23.976,367,conscientiousness,high
50,2085,right_eye,672.7,259.2,777.1,334.1,1000.8,414.0,1131.4,507.7,conscientiousness_high4_IzKWDY_QNTU.000.mp4,1280,720,23.976,367,conscientiousness,high
50,2085,nose,599.6,320.3,693.2,438.9,909.5,490.3,1026.5,638.6,conscientiousness_high4_IzKWDY_QNTU.000.mp4,1280,720,23.976,367,conscientiousness,high
50,2085,mouth,575.4,456.2,719.8,515.1,879.3,660.3,1059.7,733.9,conscientiousness_high4_IzKWDY_QNTU.000.mp4,1280,720,23.976,367,conscientiousness,high
50,2085,forehead,476.5,204.6,801.0,467.3,755.6,345.8,1161.2,674.1,conscientiousness_high4_IzKWDY_QNTU.000.mp4,1280,720,23.976,367,conscientiousness,high
50,2085,chin,480.1,335.0,800.6,575.0,760.1,508.8,1160.8,808.7,conscientiousness_high4_IzKWDY_QNTU.000.mp4,1280,720,23.976,367,conscientiousness,high
50,2085,left_cheek,495.7,355.9,593.3,483.2,779.6,534.9,901.7,694.0,conscientiousness_high4_IzKWDY_QNTU.000.mp4,1280,720,23.976,367,conscientiousness,high
50,2085,right_cheek,694.9,343.4,789.1,474.7,1028.6,519.3,1146.4,683.3,conscientiousness_high4_IzKWDY_QNTU.000.mp4,1280,720,23.976,367,conscientiousness,high
51,2127,left_eye,502.5,268.5,610.2,339.5,788.1,425.6,922.8,514.3,conscientiousness_high4_IzKWDY_QNTU.000.mp4,1280,720,23.976,367,conscientiousness,high
51,2127,right_eye,671.2,258.0,775.4,333.3,999.0,412.5,1129.2,506.6,conscientiousness_high4_IzKWDY_QNTU.000.mp4,1280,720,23.976,367,conscientiousness,high
51,2127,nose,600.2,318.8,692.9,439.8,910.2,488.5,1026.2,639.7,conscientiousness_high4_IzKWDY_QNTU.000.mp4,1280,720,23.976,367,conscientiousness,high
51,2127,mouth,578.8,457.5,717.3,511.0,883.4,661.9,1056.6,728.7,conscientiousness_high4_IzKWDY_QNTU.000.mp4,1280,720,23.976,367,conscientiousness,high
51,2127,forehead,474.7,201.5,799.9,466.9,753.4,341.9,1159.9,673.6,conscientiousness_high4_IzKWDY_QNTU.000.mp4,1280,720,23.976,367,conscientiousness,high
51,2127,chin,478.7,333.1,799.6,571.0,758.4,506.4,1159.4,803.7,conscientiousness_high4_IzKWDY_QNTU.000.mp4,1280,720,23.976,367,conscientiousness,high
51,2127,left_cheek,494.3,356.4,593.3,483.6,777.8,535.4,901.6,694.5,conscientiousness_high4_IzKWDY_QNTU.000.mp4,1280,720,23.976,367,conscientiousness,high
51,2127,right_cheek,694.7,342.1,788.6,473.8,1028.4,517.6,1145.8,682.2,conscientiousness_high4_IzKWDY_QNTU.000.mp4,1280,720,23.976,367,conscientiousness,high
52,2168,left_eye,502.1,268.4,610.1,339.9,787.6,425.5,922.6,514.8,conscientiousness_high4_IzKWDY_QNTU.000.mp4,1280,720,23.976,367,conscientiousness,high
52,2168,right_eye,669.4,257.1,773.5,332.7,996.7,411.4,1126.9,505.9,conscientiousness_high4_IzKWDY_QNTU.000.mp4,1280,720,23.976,367,conscientiousness,high
52,2168,nose,600.4,317.5,692.9,440.5,910.5,486.9,1026.1,640.6,conscientiousness_high4_IzKWDY_QNTU.000.mp4,1280,720,23.976,367,conscientiousness,high
52,2168,mouth,579.9,459.4,716.1,512.0,884.8,664.3,1055.2,730.0,conscientiousness_high4_IzKWDY_QNTU.000.mp4,1280,720,23.976,367,conscientiousness,high
52,2168,forehead,473.2,199.3,798.7,466.8,751.5,339.2,1158.4,673.5,conscientiousness_high4_IzKWDY_QNTU.000.mp4,1280,720,23.976,367,conscientiousness,high
52,2168,chin,477.7,331.2,798.3,571.2,757.1,504.0,1157.9,804.0,conscientiousness_high4_IzKWDY_QNTU.000.mp4,1280,720,23.976,367,conscientiousness,high
52,2168,left_cheek,493.6,356.9,593.3,484.3,777.0,536.1,901.6,695.4,conscientiousness_high4_IzKWDY_QNTU.000.mp4,1280,720,23.976,367,conscientiousness,high
52,2168,right_cheek,694.7,341.0,787.9,473.6,1028.3,516.3,1144.9,682.1,conscientiousness_high4_IzKWDY_QNTU.000.mp4,1280,720,23.976,367,conscientiousness,high
53,2210,left_eye,501.9,267.8,609.8,339.8,787.3,424.7,922.3,514.8,conscientiousness_high4_IzKWDY_QNTU.000.mp4,1280,720,23.976,367,conscientiousness,high
53,2210,right_eye,668.5,255.6,773.6,331.7,995.6,409.5,1127.0,504.7,conscientiousness_high4_IzKWDY_QNTU.000.mp4,1280,720,23.976,367,conscientiousness,high
53,2210,nose,600.4,313.9,693.3,440.4,910.5,482.3,1026.6,640.5,conscientiousness_high4_IzKWDY_QNTU.000.mp4,1280,720,23.976,367,conscientiousness,high
53,2210,mouth,583.2,459.6,715.7,518.9,889.0,664.5,1054.6,738.6,conscientiousness_high4_IzKWDY_QNTU.000.mp4,1280,720,23.976,367,conscientiousness,high
53,2210,forehead,473.3,197.0,799.6,466.9,751.6,336.2,1159.5,673.6,conscientiousness_high4_IzKWDY_QNTU.000.mp4,1280,720,23.976,367,conscientiousness,high
53,2210,chin,478.3,331.0,798.9,572.1,757.9,503.7,1158.7,805.1,conscientiousness_high4_IzKWDY_QNTU.000.mp4,1280,720,23.976,367,conscientiousness,high
53,2210,left_cheek,493.5,357.8,593.3,485.3,776.8,537.2,901.6,696.6,conscientiousness_high4_IzKWDY_QNTU.000.mp4,1280,720,23.976,367,conscientiousness,high
53,2210,right_cheek,694.6,340.0,788.0,472.8,1028.3,515.0,1145.0,680.9,conscientiousness_high4_IzKWDY_QNTU.000.mp4,1280,720,23.976,367,conscientiousness,high
54,2252,left_eye,502.0,266.4,609.4,339.2,787.5,423.0,921.8,514.0,conscientiousness_high4_IzKWDY_QNTU.000.mp4,1280,720,23.976,367,conscientiousness,high
54,2252,right_eye,668.1,253.7,774.0,330.0,995.1,407.1,1127.5,502.4,conscientiousness_high4_IzKWDY_QNTU.000.mp4,1280,720,23.976,367,conscientiousness,high
54,2252,nose,600.2,310.6,693.7,438.4,910.3,478.2,1027.2,638.0,conscientiousness_high4_IzKWDY_QNTU.000.mp4,1280,720,23.976,367,conscientiousness,high
54,2252,mouth,584.3,458.5,715.9,527.2,890.4,663.1,1054.9,749.0,conscientiousness_high4_IzKWDY_QNTU.000.mp4,1280,720,23.976,367,conscientiousness,high
54,2252,forehead,474.1,195.4,800.1,466.5,752.7,334.2,1160.1,673.1,conscientiousness_high4_IzKWDY_QNTU.000.mp4,1280,720,23.976,367,conscientiousness,high
54,2252,chin,478.8,330.7,799.4,572.7,758.5,503.4,1159.3,805.8,conscientiousness_high4_IzKWDY_QNTU.000.mp4,1280,720,23.976,367,conscientiousness,high
54,2252,left_cheek,493.6,357.5,593.2,485.0,777.0,536.9,901.5,696.2,conscientiousness_high4_IzKWDY_QNTU.000.mp4,1280,720,23.976,367,conscientiousness,high
54,2252,right_cheek,694.8,338.8,788.3,471.6,1028.5,513.5,1145.4,679.5,conscientiousness_high4_IzKWDY_QNTU.000.mp4,1280,720,23.976,367,conscientiousness,high
55,2293,left_eye,501.8,265.7,608.7,338.2,787.2,422.1,920.9,512.7,conscientiousness_high4_IzKWDY_QNTU.000.mp4,1280,720,23.976,367,conscientiousness,high
55,2293,right_eye,667.9,253.0,774.0,328.6,994.8,406.2,1127.5,500.8,conscientiousness_high4_IzKWDY_QNTU.000.mp4,1280,720,23.976,367,conscientiousness,high
55,2293,nose,600.2,310.1,693.8,435.5,910.2,477.6,1027.2,634.3,conscientiousness_high4_IzKWDY_QNTU.000.mp4,1280,720,23.976,367,conscientiousness,high
55,2293,mouth,582.8,453.8,716.2,527.4,888.5,657.3,1055.2,749.2,conscientiousness_high4_IzKWDY_QNTU.000.mp4,1280,720,23.976,367,conscientiousness,high
55,2293,forehead,473.9,195.8,800.1,466.7,752.4,334.7,1160.1,673.4,conscientiousness_high4_IzKWDY_QNTU.000.mp4,1280,720,23.976,367,conscientiousness,high
55,2293,chin,478.8,331.7,799.3,574.2,758.4,504.6,1159.1,807.8,conscientiousness_high4_IzKWDY_QNTU.000.mp4,1280,720,23.976,367,conscientiousness,high
55,2293,left_cheek,493.2,357.5,593.0,484.5,776.5,536.8,901.2,695.6,conscientiousness_high4_IzKWDY_QNTU.000.mp4,1280,720,23.976,367,conscientiousness,high
55,2293,right_cheek,694.8,338.4,788.3,470.5,1028.4,512.9,1145.4,678.1,conscientiousness_high4_IzKWDY_QNTU.000.mp4,1280,720,23.976,367,conscientiousness,high
56,2335,left_eye,501.0,265.4,608.0,337.5,786.2,421.7,920.0,511.9,conscientiousness_high4_IzKWDY_QNTU.000.mp4,1280,720,23.976,367,conscientiousness,high
56,2335,right_eye,667.9,253.0,774.1,328.5,994.9,406.3,1127.6,500.6,conscientiousness_high4_IzKWDY_QNTU.000.mp4,1280,720,23.976,367,conscientiousness,high
56,2335,nose,600.1,310.7,693.7,434.5,910.1,478.4,1027.2,633.1,conscientiousness_high4_IzKWDY_QNTU.000.mp4,1280,720,23.976,367,conscientiousness,high
56,2335,mouth,578.9,450.5,717.1,519.8,883.6,653.2,1056.3,739.7,conscientiousness_high4_IzKWDY_QNTU.000.mp4,1280,720,23.976,367,conscientiousness,high
56,2335,forehead,473.7,196.3,799.7,467.6,752.2,335.4,1159.6,674.5,conscientiousness_high4_IzKWDY_QNTU.000.mp4,1280,720,23.976,367,conscientiousness,high
56,2335,chin,478.5,332.3,798.8,574.3,758.1,505.3,1158.6,807.9,conscientiousness_high4_IzKWDY_QNTU.000.mp4,1280,720,23.976,367,conscientiousness,high
56,2335,left_cheek,492.9,357.0,592.5,483.4,776.1,536.3,900.6,694.2,conscientiousness_high4_IzKWDY_QNTU.000.mp4,1280,720,23.976,367,conscientiousness,high
56,2335,right_cheek,694.4,338.5,787.7,469.8,1028.0,513.1,1144.6,677.2,conscientiousness_high4_IzKWDY_QNTU.000.mp4,1280,720,23.976,367,conscientiousness,high
57,2377,left_eye,500.8,264.8,607.9,337.0,786.0,421.0,919.8,511.3,conscientiousness_high4_IzKWDY_QNTU.000.mp4,1280,720,23.976,367,conscientiousness,high
57,2377,right_eye,667.8,252.8,774.1,328.4,994.7,406.0,1127.6,500.5,conscientiousness_high4_IzKWDY_QNTU.000.mp4,1280,720,23.976,367,conscientiousness,high
57,2377,nose,599.6,310.5,693.1,433.9,909.5,478.1,1026.3,632.4,conscientiousness_high4_IzKWDY_QNTU.000.mp4,1280,720,23.976,367,conscientiousness,high
57,2377,mouth,573.1,447.3,717.5,515.1,876.3,649.1,1056.8,733.9,conscientiousness_high4_IzKWDY_QNTU.000.mp4,1280,720,23.976,367,conscientiousness,high
57,2377,forehead,473.7,196.2,799.6,467.6,752.1,335.2,1159.5,674.4,conscientiousness_high4_IzKWDY_QNTU.000.mp4,1280,720,23.976,367,conscientiousness,high
57,2377,chin,478.1,332.4,798.6,574.3,757.6,505.5,1158.3,807.9,conscientiousness_high4_IzKWDY_QNTU.000.mp4,1280,720,23.976,367,conscientiousness,high
57,2377,left_cheek,492.4,355.6,591.7,481.2,775.4,534.5,899.6,691.5,conscientiousness_high4_IzKWDY_QNTU.000.mp4,1280,720,23.976,367,conscientiousness,high
57,2377,right_cheek,693.7,338.7,787.2,469.2,1027.2,513.3,1144.1,676.5,conscientiousness_high4_IzKWDY_QNTU.000.mp4,1280,720,23.976,367,conscientiousness,high
58,2419,left_eye,500.4,264.7,607.5,336.5,785.5,420.8,919.4,510.6,conscientiousness_high4_IzKWDY_QNTU.000.mp4,1280,720,23.976,367,conscientiousness,high
58,2419,right_eye,667.2,252.7,773.6,328.0,994.0,405.9,1127.0,500.0,conscientiousness_high4_IzKWDY_QNTU.000.mp4,1280,720,23.976,367,conscientiousness,high
58,2419,nose,598.2,310.1,691.8,432.9,907.7,477.6,1024.8,631.2,conscientiousness_high4_IzKWDY_QNTU.000.mp4,1280,720,23.976,367,conscientiousness,high
58,2419,mouth,568.6,445.1,717.6,512.2,870.7,646.4,1057.0,730.3,conscientiousness_high4_IzKWDY_QNTU.000.mp4,1280,720,23.976,367,conscientiousness,high
58,2419,forehead,473.1,196.1,799.3,467.3,751.4,335.1,1159.2,674.1,conscientiousness_high4_IzKWDY_QNTU.000.mp4,1280,720,23.976,367,conscientiousness,high
58,2419,chin,477.3,332.6,798.2,573.5,756.6,505.7,1157.8,806.8,conscientiousness_high4_IzKWDY_QNTU.000.mp4,1280,720,23.976,367,conscientiousness,high
58,2419,left_cheek,491.6,354.1,590.4,478.9,774.4,532.6,898.0,688.6,conscientiousness_high4_IzKWDY_QNTU.000.mp4,1280,720,23.976,367,conscientiousness,high
58,2419,right_cheek,692.6,338.6,786.5,468.3,1025.8,513.2,1143.1,675.3,conscientiousness_high4_IzKWDY_QNTU.000.mp4,1280,720,23.976,367,conscientiousness,high
59,2460,left_eye,500.2,264.6,607.3,336.4,785.3,420.7,919.1,510.5,conscientiousness_high4_IzKWDY_QNTU.000.mp4,1280,720,23.976,367,conscientiousness,high
59,2460,right_eye,666.9,252.7,773.3,327.9,993.6,405.8,1126.6,499.9,conscientiousness_high4_IzKWDY_QNTU.000.mp4,1280,720,23.976,367,conscientiousness,high
59,2460,nose,597.2,310.0,691.2,432.4,906.6,477.6,1023.9,630.5,conscientiousness_high4_IzKWDY_QNTU.000.mp4,1280,720,23.976,367,conscientiousness,high
59,2460,mouth,567.6,444.2,717.8,512.2,869.5,645.3,1057.2,730.3,conscientiousness_high4_IzKWDY_QNTU.000.mp4,1280,720,23.976,367,conscientiousness,high
59,2460,forehead,472.9,196.0,799.0,467.3,751.1,335.1,1158.8,674.1,conscientiousness_high4_IzKWDY_QNTU.000.mp4,1280,720,23.976,367,conscientiousness,high
59,2460,chin,477.1,332.7,797.9,573.2,756.4,505.8,1157.3,806.6,conscientiousness_high4_IzKWDY_QNTU.000.mp4,1280,720,23.976,367,conscientiousness,high
59,2460,left_cheek,491.3,353.6,589.8,478.4,774.1,532.0,897.3,688.0,conscientiousness_high4_IzKWDY_QNTU.000.mp4,1280,720,23.976,367,conscientiousness,high
59,2460,right_cheek,692.0,338.5,785.9,468.0,1025.0,513.1,1142.4,675.0,conscientiousness_high4_IzKWDY_QNTU.000.mp4,1280,720,23.976,367,conscientiousness,high
60,2502,left_eye,500.2,264.8,607.2,336.5,785.3,421.0,919.0,510.6,conscientiousness_high4_IzKWDY_QNTU.000.mp4,1280,720,23.976,367,conscientiousness,high
60,2502,right_eye,666.9,252.8,773.3,328.0,993.6,406.0,1126.7,500.0,conscientiousness_high4_IzKWDY_QNTU.000.mp4,1280,720,23.976,367,conscientiousness,high
60,2502,nose,596.9,310.0,691.2,432.7,906.2,477.5,1024.0,630.9,conscientiousness_high4_IzKWDY_QNTU.000.mp4,1280,720,23.976,367,conscientiousness,high
60,2502,mouth,568.3,445.0,720.1,514.3,870.3,646.3,1060.1,732.9,conscientiousness_high4_IzKWDY_QNTU.000.mp4,1280,720,23.976,367,conscientiousness,high
60,2502,forehead,473.0,196.0,799.1,468.1,751.3,335.0,1158.9,675.2,conscientiousness_high4_IzKWDY_QNTU.000.mp4,1280,720,23.976,367,conscientiousness,high
60,2502,chin,477.2,333.0,798.0,573.7,756.6,506.3,1157.4,807.1,conscientiousness_high4_IzKWDY_QNTU.000.mp4,1280,720,23.976,367,conscientiousness,high
60,2502,left_cheek,491.3,354.0,589.8,478.5,774.1,532.5,897.2,688.1,conscientiousness_high4_IzKWDY_QNTU.000.mp4,1280,720,23.976,367,conscientiousness,high
60,2502,right_cheek,692.0,338.6,786.0,468.3,1025.0,513.3,1142.5,675.3,conscientiousness_high4_IzKWDY_QNTU.000.mp4,1280,720,23.976,367,conscientiousness,high
61,2544,left_eye,500.2,265.6,607.3,337.0,785.3,422.0,919.1,511.2,conscientiousness_high4_IzKWDY_QNTU.000.mp4,1280,720,23.976,367,conscientiousness,high
61,2544,right_eye,666.9,253.1,773.6,328.3,993.7,406.4,1127.0,500.3,conscientiousness_high4_IzKWDY_QNTU.000.mp4,1280,720,23.976,367,conscientiousness,high
61,2544,nose,596.9,310.1,691.6,433.2,906.2,477.6,1024.5,631.5,conscientiousness_high4_IzKWDY_QNTU.000.mp4,1280,720,23.976,367,conscientiousness,high
61,2544,mouth,569.0,445.8,721.7,517.9,871.2,647.2,1062.1,737.4,conscientiousness_high4_IzKWDY_QNTU.000.mp4,1280,720,23.976,367,conscientiousness,high
61,2544,forehead,473.1,196.1,799.7,468.8,751.4,335.1,1159.7,676.0,conscientiousness_high4_IzKWDY_QNTU.000.mp4,1280,720,23.976,367,conscientiousness,high
61,2544,chin,477.3,333.6,798.6,574.9,756.6,507.0,1158.2,808.6,conscientiousness_high4_IzKWDY_QNTU.000.mp4,1280,720,23.976,367,conscientiousness,high
61,2544,left_cheek,491.4,354.7,589.8,479.2,774.2,533.4,897.3,689.0,conscientiousness_high4_IzKWDY_QNTU.000.mp4,1280,720,23.976,367,conscientiousness,high
61,2544,right_cheek,692.3,338.7,786.7,468.4,1025.4,513.3,1143.4,675.5,conscientiousness_high4_IzKWDY_QNTU.000.mp4,1280,720,23.976,367,conscientiousness,high
62,2585,left_eye,500.5,266.5,608.0,337.4,785.7,423.1,920.0,511.8,conscientiousness_high4_IzKWDY_QNTU.000.mp4,1280,720,23.976,367,conscientiousness,high
62,2585,right_eye,667.8,254.3,775.0,329.0,994.8,407.9,1128.8,501.3,conscientiousness_high4_IzKWDY_QNTU.000.mp4,1280,720,23.976,367,conscientiousness,high
62,2585,nose,597.2,310.9,692.3,434.5,906.5,478.6,1025.3,633.1,conscientiousness_high4_IzKWDY_QNTU.000.mp4,1280,720,23.976,367,conscientiousness,high
62,2585,mouth,569.4,446.1,723.0,517.9,871.7,647.6,1063.7,737.4,conscientiousness_high4_IzKWDY_QNTU.000.mp4,1280,720,23.976,367,conscientiousness,high
62,2585,forehead,473.1,196.3,801.2,469.5,751.4,335.4,1161.5,676.9,conscientiousness_high4_IzKWDY_QNTU.000.mp4,1280,720,23.976,367,conscientiousness,high
62,2585,chin,477.4,334.8,800.1,576.6,756.7,508.5,1160.2,810.7,conscientiousness_high4_IzKWDY_QNTU.000.mp4,1280,720,23.976,367,conscientiousness,high
62,2585,left_cheek,491.6,355.1,590.4,479.7,774.5,533.9,898.0,689.7,conscientiousness_high4_IzKWDY_QNTU.000.mp4,1280,720,23.976,367,conscientiousness,high
62,2585,right_cheek,693.0,339.3,787.9,469.0,1026.3,514.1,1144.8,676.3,conscientiousness_high4_IzKWDY_QNTU.000.mp4,1280,720,23.976,367,conscientiousness,high
63,2627,left_eye,501.4,267.2,609.2,337.7,786.8,424.0,921.4,512.2,conscientiousness_high4_IzKWDY_QNTU.000.mp4,1280,720,23.976,367,conscientiousness,high
63,2627,right_eye,669.4,255.0,776.8,329.6,996.7,408.8,1131.0,502.0,conscientiousness_high4_IzKWDY_QNTU.000.mp4,1280,720,23.976,367,conscientiousness,high
63,2627,nose,598.4,311.6,693.6,435.2,908.0,479.4,1027.0,634.0,conscientiousness_high4_IzKWDY_QNTU.000.mp4,1280,720,23.976,367,conscientiousness,high
63,2627,mouth,569.6,446.3,723.4,517.3,872.0,647.9,1064.2,736.7,conscientiousness_high4_IzKWDY_QNTU.000.mp4,1280,720,23.976,367,conscientiousness,high
63,2627,forehead,473.6,197.0,803.3,469.4,752.0,336.2,1164.1,676.8,conscientiousness_high4_IzKWDY_QNTU.000.mp4,1280,720,23.976,367,conscientiousness,high
63,2627,chin,477.7,336.0,802.2,576.8,757.1,510.0,1162.7,811.0,conscientiousness_high4_IzKWDY_QNTU.000.mp4,1280,720,23.976,367,conscientiousness,high
63,2627,left_cheek,492.1,355.1,591.4,479.8,775.2,533.9,899.2,689.8,conscientiousness_high4_IzKWDY_QNTU.000.mp4,1280,720,23.976,367,conscientiousness,high
63,2627,right_cheek,694.2,340.2,789.6,469.6,1027.8,515.3,1147.1,677.0,conscientiousness_high4_IzKWDY_QNTU.000.mp4,1280,720,23.976,367,conscientiousness,high
64,2669,left_eye,502.0,267.2,609.9,337.7,787.5,424.0,922.4,512.1,conscientiousness_high4_IzKWDY_QNTU.000.mp4,1280,720,23.976,367,conscientiousness,high
64,2669,right_eye,670.7,255.2,778.0,329.8,998.4,409.0,1132.5,502.3,conscientiousness_high4_IzKWDY_QNTU.000.mp4,1280,720,23.976,367,conscientiousness,high
64,2669,nose,599.1,312.0,694.3,435.3,908.9,480.0,1027.9,634.2,conscientiousness_high4_IzKWDY_QNTU.000.mp4,1280,720,23.976,367,conscientiousness,high
64,2669,mouth,569.6,446.6,723.6,516.4,872.0,648.2,1064.5,735.5,conscientiousness_high4_IzKWDY_QNTU.000.mp4,1280,720,23.976,367,conscientiousness,high
64,2669,forehead,474.1,197.5,804.0,469.4,752.6,336.9,1164.9,676.7,conscientiousness_high4_IzKWDY_QNTU.000.mp4,1280,720,23.976,367,conscientiousness,high
64,2669,chin,478.0,336.9,802.8,577.0,757.5,511.1,1163.5,811.2,conscientiousness_high4_IzKWDY_QNTU.000.mp4,1280,720,23.976,367,conscientiousness,high
64,2669,left_cheek,492.7,354.9,592.0,479.7,775.9,533.7,900.0,689.7,conscientiousness_high4_IzKWDY_QNTU.000.mp4,1280,720,23.976,367,conscientiousness,high
64,2669,right_cheek,694.9,340.7,790.3,470.1,1028.6,515.9,1147.9,677.6,conscientiousness_high4_IzKWDY_QNTU.000.mp4,1280,720,23.976,367,conscientiousness,high
65,2711,left_eye,502.3,267.1,610.0,337.5,787.9,423.9,922.5,511.8,conscientiousness_high4_IzKWDY_QNTU.000.mp4,1280,720,23.976,367,conscientiousness,high
65,2711,right_eye,670.7,255.1,777.9,329.9,998.3,408.8,1132.4,502.3,conscientiousness_high4_IzKWDY_QNTU.000.mp4,1280,720,23.976,367,conscientiousness,high
65,2711,nose,599.0,311.8,694.3,435.2,908.8,479.7,1027.8,634.0,conscientiousness_high4_IzKWDY_QNTU.000.mp4,1280,720,23.976,367,conscientiousness,high
65,2711,mouth,569.1,446.5,723.4,514.2,871.4,648.1,1064.2,732.8,conscientiousness_high4_IzKWDY_QNTU.000.mp4,1280,720,23.976,367,conscientiousness,high
65,2711,forehead,474.4,197.5,803.9,468.7,753.0,336.9,1164.9,675.9,conscientiousness_high4_IzKWDY_QNTU.000.mp4,1280,720,23.976,367,conscientiousness,high
65,2711,chin,478.3,337.3,802.7,576.8,757.8,511.7,1163.4,811.0,conscientiousness_high4_IzKWDY_QNTU.000.mp4,1280,720,23.976,367,conscientiousness,high
65,2711,left_cheek,492.8,354.3,592.0,478.8,776.0,532.9,900.0,688.5,conscientiousness_high4_IzKWDY_QNTU.000.mp4,1280,720,23.976,367,conscientiousness,high
65,2711,right_cheek,694.9,340.8,790.3,470.1,1028.6,516.0,1147.8,677.6,conscientiousness_high4_IzKWDY_QNTU.000.mp4,1280,720,23.976,367,conscientiousness,high
66,2752,left_eye,502.4,266.8,610.1,337.2,788.0,423.5,922.6,511.4,conscientiousness_high4_IzKWDY_QNTU.000.mp4,1280,720,23.976,367,conscientiousness,high
66,2752,right_eye,670.7,255.0,777.9,329.9,998.3,408.7,1132.4,502.3,conscientiousness_high4_IzKWDY_QNTU.000.mp4,1280,720,23.976,367,conscientiousness,high
66,2752,nose,599.0,311.7,694.2,435.0,908.8,479.6,1027.8,633.8,conscientiousness_high4_IzKWDY_QNTU.000.mp4,1280,720,23.976,367,conscientiousness,high
66,2752,mouth,569.0,446.3,723.2,514.0,871.2,647.8,1064.0,732.5,conscientiousness_high4_IzKWDY_QNTU.000.mp4,1280,720,23.976,367,conscientiousness,high
66,2752,forehead,474.6,197.5,803.8,467.9,753.2,336.8,1164.8,674.9,conscientiousness_high4_IzKWDY_QNTU.000.mp4,1280,720,23.976,367,conscientiousness,high
66,2752,chin,478.4,337.3,802.6,576.3,758.0,511.7,1163.3,810.4,conscientiousness_high4_IzKWDY_QNTU.000.mp4,1280,720,23.976,367,conscientiousness,high
66,2752,left_cheek,492.9,353.7,592.0,478.3,776.1,532.1,900.0,687.8,conscientiousness_high4_IzKWDY_QNTU.000.mp4,1280,720,23.976,367,conscientiousness,high
66,2752,right_cheek,694.9,340.8,790.2,470.1,1028.6,516.0,1147.8,677.6,conscientiousness_high4_IzKWDY_QNTU.000.mp4,1280,720,23.976,367,conscientiousness,high
67,2794,left_eye,502.7,268.1,610.5,338.8,788.4,425.1,923.1,513.5,conscientiousness_high4_IzKWDY_QNTU.000.mp4,1280,720,23.976,367,conscientiousness,high
67,2794,right_eye,670.6,256.0,777.8,331.5,998.3,410.0,1132.3,504.4,conscientiousness_high4_IzKWDY_QNTU.000.mp4,1280,720,23.976,367,conscientiousness,high
67,2794,nose,599.0,312.3,694.2,436.0,908.8,480.3,1027.7,634.9,conscientiousness_high4_IzKWDY_QNTU.000.mp4,1280,720,23.976,367,conscientiousness,high
67,2794,mouth,569.0,446.4,723.4,515.4,871.3,648.0,1064.2,734.2,conscientiousness_high4_IzKWDY_QNTU.000.mp4,1280,720,23.976,367,conscientiousness,high
67,2794,forehead,474.7,198.1,803.8,468.5,753.4,337.7,1164.7,675.7,conscientiousness_high4_IzKWDY_QNTU.000.mp4,1280,720,23.976,367,conscientiousness,high
67,2794,chin,478.7,338.0,802.6,576.6,758.4,512.5,1163.2,810.7,conscientiousness_high4_IzKWDY_QNTU.000.mp4,1280,720,23.976,367,conscientiousness,high
67,2794,left_cheek,493.0,354.8,592.1,479.2,776.2,533.5,900.1,688.9,conscientiousness_high4_IzKWDY_QNTU.000.mp4,1280,720,23.976,367,conscientiousness,high
67,2794,right_cheek,694.9,341.7,790.2,471.0,1028.6,517.2,1147.7,678.8,conscientiousness_high4_IzKWDY_QNTU.000.mp4,1280,720,23.976,367,conscientiousness,high
68,2836,left_eye,503.7,269.0,611.3,339.6,789.6,426.2,924.2,514.5,conscientiousness_high4_IzKWDY_QNTU.000.mp4,1280,720,23.976,367,conscientiousness,high
68,2836,right_eye,671.0,257.3,778.1,332.6,998.8,411.6,1132.6,505.7,conscientiousness_high4_IzKWDY_QNTU.000.mp4,1280,720,23.976,367,conscientiousness,high
68,2836,nose,599.5,313.2,694.6,437.2,909.4,481.5,1028.3,636.4,conscientiousness_high4_IzKWDY_QNTU.000.mp4,1280,720,23.976,367,conscientiousness,high
68,2836,mouth,570.2,447.2,723.7,516.7,872.7,649.0,1064.7,735.8,conscientiousness_high4_IzKWDY_QNTU.000.mp4,1280,720,23.976,367,conscientiousness,high
68,2836,forehead,475.7,198.7,804.0,469.7,754.6,338.4,1165.1,677.1,conscientiousness_high4_IzKWDY_QNTU.000.mp4,1280,720,23.976,367,conscientiousness,high
68,2836,chin,479.8,339.1,802.9,577.8,759.8,513.8,1163.6,812.2,conscientiousness_high4_IzKWDY_QNTU.000.mp4,1280,720,23.976,367,conscientiousness,high
68,2836,left_cheek,493.9,356.1,592.9,480.5,777.4,535.1,901.1,690.6,conscientiousness_high4_IzKWDY_QNTU.000.mp4,1280,720,23.976,367,conscientiousness,high
68,2836,right_cheek,695.4,342.8,790.6,472.1,1029.3,518.5,1148.3,680.1,conscientiousness_high4_IzKWDY_QNTU.000.mp4,1280,720,23.976,367,conscientiousness,high
69,2877,left_eye,504.5,269.7,611.9,340.3,790.6,427.1,924.8,515.3,conscientiousness_high4_IzKWDY_QNTU.000.mp4,1280,720,23.976,367,conscientiousness,high
69,2877,right_eye,671.5,258.0,778.7,333.4,999.4,412.6,1133.4,506.8,conscientiousness_high4_IzKWDY_QNTU.000.mp4,1280,720,23.976,367,conscientiousness,high
69,2877,nose,600.3,314.2,694.9,437.7,910.3,482.7,1028.7,637.2,conscientiousness_high4_IzKWDY_QNTU.000.mp4,1280,720,23.976,367,conscientiousness,high
69,2877,mouth,570.9,448.2,723.9,516.8,873.6,650.3,1064.9,736.0,conscientiousness_high4_IzKWDY_QNTU.000.mp4,1280,720,23.976,367,conscientiousness,high
69,2877,forehead,476.9,199.8,805.0,469.8,756.2,339.7,1166.2,677.2,conscientiousness_high4_IzKWDY_QNTU.000.mp4,1280,720,23.976,367,conscientiousness,high
69,2877,chin,481.1,339.6,803.7,577.8,761.3,514.5,1164.7,812.2,conscientiousness_high4_IzKWDY_QNTU.000.mp4,1280,720,23.976,367,conscientiousness,high
69,2877,left_cheek,495.0,356.5,593.6,480.8,778.7,535.6,902.0,691.0,conscientiousness_high4_IzKWDY_QNTU.000.mp4,1280,720,23.976,367,conscientiousness,high
69,2877,right_cheek,695.9,343.5,791.2,472.6,1029.9,519.4,1149.0,680.8,conscientiousness_high4_IzKWDY_QNTU.000.mp4,1280,720,23.976,367,conscientiousness,high
70,2919,left_eye,504.6,269.8,612.0,340.3,790.8,427.3,925.0,515.4,conscientiousness_high4_IzKWDY_QNTU.000.mp4,1280,720,23.976,367,conscientiousness,high
70,2919,right_eye,671.8,258.5,778.8,333.4,999.7,413.2,1133.5,506.7,conscientiousness_high4_IzKWDY_QNTU.000.mp4,1280,720,23.976,367,conscientiousness,high
70,2919,nose,600.9,314.9,695.1,437.7,911.2,483.7,1028.9,637.1,conscientiousness_high4_IzKWDY_QNTU.000.mp4,1280,720,23.976,367,conscientiousness,high
70,2919,mouth,570.9,448.3,723.9,515.5,873.6,650.4,1064.9,734.4,conscientiousness_high4_IzKWDY_QNTU.000.mp4,1280,720,23.976,367,conscientiousness,high
70,2919,forehead,477.2,200.6,804.9,469.7,756.5,340.7,1166.1,677.2,conscientiousness_high4_IzKWDY_QNTU.000.mp4,1280,720,23.976,367,conscientiousness,high
70,2919,chin,481.2,339.7,803.7,577.7,761.6,514.7,1164.6,812.2,conscientiousness_high4_IzKWDY_QNTU.000.mp4,1280,720,23.976,367,conscientiousness,high
70,2919,left_cheek,495.4,356.5,593.9,480.8,779.2,535.6,902.4,691.0,conscientiousness_high4_IzKWDY_QNTU.000.mp4,1280,720,23.976,367,conscientiousness,high
70,2919,right_cheek,696.0,343.6,791.2,472.6,1030.0,519.5,1149.0,680.8,conscientiousness_high4_IzKWDY_QNTU.000.mp4,1280,720,23.976,367,conscientiousness,high
71,2961,left_eye,504.7,270.0,612.0,340.6,790.9,427.5,925.1,515.8,conscientiousness_high4_IzKWDY_QNTU.000.mp4,1280,720,23.976,367,conscientiousness,high
71,2961,right_eye,672.1,258.6,779.0,333.6,1000.1,413.3,1133.8,507.0,conscientiousness_high4_IzKWDY_QNTU.000.mp4,1280,720,23.976,367,conscientiousness,high
71,2961,nose,601.1,315.4,695.2,437.8,911.4,484.3,1029.1,637.3,conscientiousness_high4_IzKWDY_QNTU.000.mp4,1280,720,23.976,367,conscientiousness,high
71,2961,mouth,571.1,448.5,724.0,515.5,873.9,650.6,1065.0,734.4,conscientiousness_high4_IzKWDY_QNTU.000.mp4,1280,720,23.976,367,conscientiousness,high
71,2961,forehead,477.4,200.9,804.9,470.3,756.7,341.1,1166.1,677.9,conscientiousness_high4_IzKWDY_QNTU.000.mp4,1280,720,23.976,367,conscientiousness,high
71,2961,chin,481.4,340.2,803.6,577.8,761.7,515.2,1164.6,812.2,conscientiousness_high4_IzKWDY_QNTU.000.mp4,1280,720,23.976,367,conscientiousness,high
71,2961,left_cheek,495.6,356.8,594.2,481.1,779.5,535.9,902.7,691.4,conscientiousness_high4_IzKWDY_QNTU.000.mp4,1280,720,23.976,367,conscientiousness,high
71,2961,right_cheek,696.1,343.9,791.2,472.9,1030.2,519.8,1149.0,681.1,conscientiousness_high4_IzKWDY_QNTU.000.mp4,1280,720,23.976,367,conscientiousness,high
72,3003,left_eye,504.7,270.1,612.0,340.6,790.8,427.6,925.0,515.8,conscientiousness_high4_IzKWDY_QNTU.000.mp4,1280,720,23.976,367,conscientiousness,high
72,3003,right_eye,672.2,258.6,779.1,333.6,1000.2,413.2,1133.9,507.0,conscientiousness_high4_IzKWDY_QNTU.000.mp4,1280,720,23.976,367,conscientiousness,high
72,3003,nose,601.2,315.6,695.3,437.9,911.5,484.6,1029.1,637.3,conscientiousness_high4_IzKWDY_QNTU.000.mp4,1280,720,23.976,367,conscientiousness,high
72,3003,mouth,571.1,448.6,724.0,515.3,873.9,650.8,1065.0,734.1,conscientiousness_high4_IzKWDY_QNTU.000.mp4,1280,720,23.976,367,conscientiousness,high
72,3003,forehead,477.4,201.0,804.8,470.4,756.7,341.3,1166.1,678.0,conscientiousness_high4_IzKWDY_QNTU.000.mp4,1280,720,23.976,367,conscientiousness,high
72,3003,chin,481.4,340.3,803.6,577.8,761.7,515.3,1164.5,812.2,conscientiousness_high4_IzKWDY_QNTU.000.mp4,1280,720,23.976,367,conscientiousness,high
72,3003,left_cheek,495.6,356.8,594.2,481.2,779.5,536.0,902.7,691.5,conscientiousness_high4_IzKWDY_QNTU.000.mp4,1280,720,23.976,367,conscientiousness,high
72,3003,right_cheek,696.2,343.9,791.2,473.0,1030.2,519.9,1149.0,681.2,conscientiousness_high4_IzKWDY_QNTU.000.mp4,1280,720,23.976,367,conscientiousness,high
73,3044,left_eye,504.4,270.0,611.8,340.6,790.4,427.5,924.8,515.8,conscientiousness_high4_IzKWDY_QNTU.000.mp4,1280,720,23.976,367,conscientiousness,high
73,3044,right_eye,672.1,258.5,779.1,333.6,1000.2,413.1,1133.9,507.0,conscientiousness_high4_IzKWDY_QNTU.000.mp4,1280,720,23.976,367,conscientiousness,high
73,3044,nose,601.1,315.6,695.4,437.8,911.4,484.5,1029.2,637.2,conscientiousness_high4_IzKWDY_QNTU.000.mp4,1280,720,23.976,367,conscientiousness,high
73,3044,mouth,571.1,448.6,724.0,515.0,873.9,650.7,1064.9,733.7,conscientiousness_high4_IzKWDY_QNTU.000.mp4,1280,720,23.976,367,conscientiousness,high
73,3044,forehead,477.2,201.0,804.8,470.4,756.5,341.2,1166.0,678.0,conscientiousness_high4_IzKWDY_QNTU.000.mp4,1280,720,23.976,367,conscientiousness,high
73,3044,chin,481.2,340.2,803.6,577.8,761.5,515.3,1164.5,812.2,conscientiousness_high4_IzKWDY_QNTU.000.mp4,1280,720,23.976,367,conscientiousness,high
73,3044,left_cheek,495.5,356.8,594.2,481.2,779.4,535.9,902.7,691.5,conscientiousness_high4_IzKWDY_QNTU.000.mp4,1280,720,23.976,367,conscientiousness,high
73,3044,right_cheek,696.2,343.9,791.2,473.0,1030.2,519.9,1149.0,681.2,conscientiousness_high4_IzKWDY_QNTU.000.mp4,1280,720,23.976,367,conscientiousness,high
74,3086,left_eye,504.3,269.5,611.7,340.2,790.3,426.9,924.6,515.2,conscientiousness_high4_IzKWDY_QNTU.000.mp4,1280,720,23.976,367,conscientiousness,high
74,3086,right_eye,672.1,257.9,779.1,333.0,1000.1,412.3,1133.8,506.3,conscientiousness_high4_IzKWDY_QNTU.000.mp4,1280,720,23.976,367,conscientiousness,high
74,3086,nose,601.1,315.2,695.4,437.1,911.4,484.0,1029.2,636.3,conscientiousness_high4_IzKWDY_QNTU.000.mp4,1280,720,23.976,367,conscientiousness,high
74,3086,mouth,571.2,448.1,723.9,514.7,874.0,650.1,1064.9,733.4,conscientiousness_high4_IzKWDY_QNTU.000.mp4,1280,720,23.976,367,conscientiousness,high
74,3086,forehead,477.2,200.9,804.8,470.4,756.5,341.1,1166.0,678.0,conscientiousness_high4_IzKWDY_QNTU.000.mp4,1280,720,23.976,367,conscientiousness,high
74,3086,chin,481.2,340.2,803.6,577.8,761.5,515.2,1164.5,812.2,conscientiousness_high4_IzKWDY_QNTU.000.mp4,1280,720,23.976,367,conscientiousness,high
74,3086,left_cheek,495.5,356.6,594.1,481.0,779.4,535.8,902.6,691.3,conscientiousness_high4_IzKWDY_QNTU.000.mp4,1280,720,23.976,367,conscientiousness,high
74,3086,right_cheek,696.2,343.5,791.2,472.7,1030.2,519.4,1149.0,680.8,conscientiousness_high4_IzKWDY_QNTU.000.mp4,1280,720,23.976,367,conscientiousness,high
75,3128,left_eye,504.2,269.1,611.6,339.7,790.3,426.3,924.5,514.6,conscientiousness_high4_IzKWDY_QNTU.000.mp4,1280,720,23.976,367,conscientiousness,high
75,3128,right_eye,672.1,257.1,779.0,332.5,1000.1,411.3,1133.8,505.6,conscientiousness_high4_IzKWDY_QNTU.000.mp4,1280,720,23.976,367,conscientiousness,high
75,3128,nose,601.1,314.4,695.3,436.5,911.4,483.0,1029.2,635.6,conscientiousness_high4_IzKWDY_QNTU.000.mp4,1280,720,23.976,367,conscientiousness,high
75,3128,mouth,571.4,447.7,723.9,514.7,874.3,649.7,1064.8,733.4,conscientiousness_high4_IzKWDY_QNTU.000.mp4,1280,720,23.976,367,conscientiousness,high
75,3128,forehead,477.2,200.1,804.8,470.4,756.5,340.2,1165.9,678.0,conscientiousness_high4_IzKWDY_QNTU.000.mp4,1280,720,23.976,367,conscientiousness,high
75,3128,chin,481.2,340.1,803.5,577.7,761.5,515.1,1164.4,812.2,conscientiousness_high4_IzKWDY_QNTU.000.mp4,1280,720,23.976,367,conscientiousness,high
75,3128,left_cheek,495.5,356.5,594.1,481.0,779.3,535.7,902.6,691.2,conscientiousness_high4_IzKWDY_QNTU.000.mp4,1280,720,23.976,367,conscientiousness,high
75,3128,right_cheek,696.2,343.2,791.2,472.6,1030.2,519.0,1149.0,680.7,conscientiousness_high4_IzKWDY_QNTU.000.mp4,1280,720,23.976,367,conscientiousness,high
76,3169,left_eye,504.2,268.0,611.6,339.0,790.3,425.0,924.5,513.7,conscientiousness_high4_IzKWDY_QNTU.000.mp4,1280,720,23.976,367,conscientiousness,high
76,3169,right_eye,671.7,255.2,778.9,331.5,999.6,409.0,1133.7,504.4,conscientiousness_high4_IzKWDY_QNTU.000.mp4,1280,720,23.976,367,conscientiousness,high
76,3169,nose,601.0,311.2,695.3,435.0,911.3,479.0,1029.1,633.8,conscientiousness_high4_IzKWDY_QNTU.000.mp4,1280,720,23.976,367,conscientiousness,high
76,3169,mouth,572.0,446.5,723.9,514.7,875.0,648.2,1064.8,733.4,conscientiousness_high4_IzKWDY_QNTU.000.mp4,1280,720,23.976,367,conscientiousness,high
76,3169,forehead,477.0,197.8,804.7,470.6,756.2,337.3,1165.9,678.3,conscientiousness_high4_IzKWDY_QNTU.000.mp4,1280,720,23.976,367,conscientiousness,high
76,3169,chin,481.1,339.8,803.5,577.7,761.4,514.8,1164.4,812.2,conscientiousness_high4_IzKWDY_QNTU.000.mp4,1280,720,23.976,367,conscientiousness,high
76,3169,left_cheek,495.3,356.5,593.9,481.0,779.1,535.6,902.4,691.2,conscientiousness_high4_IzKWDY_QNTU.000.mp4,1280,720,23.976,367,conscientiousness,high
76,3169,right_cheek,696.2,342.3,791.2,472.2,1030.2,517.9,1149.1,680.2,conscientiousness_high4_IzKWDY_QNTU.000.mp4,1280,720,23.976,367,conscientiousness,high
77,3211,left_eye,504.4,267.3,611.6,338.6,790.5,424.1,924.5,513.3,conscientiousness_high4_IzKWDY_QNTU.000.mp4,1280,720,23.976,367,conscientiousness,high
77,3211,right_eye,671.3,253.4,778.2,330.7,999.2,406.7,1132.7,503.4,conscientiousness_high4_IzKWDY_QNTU.000.mp4,1280,720,23.976,367,conscientiousness,high
77,3211,nose,600.6,308.5,695.4,432.6,910.8,475.7,1029.2,630.7,conscientiousness_high4_IzKWDY_QNTU.000.mp4,1280,720,23.976,367,conscientiousness,high
77,3211,mouth,573.4,444.9,723.8,515.4,876.7,646.2,1064.7,734.2,conscientiousness_high4_IzKWDY_QNTU.000.mp4,1280,720,23.976,367,conscientiousness,high
77,3211,forehead,476.6,197.4,804.1,472.9,755.8,336.7,1165.1,681.1,conscientiousness_high4_IzKWDY_QNTU.000.mp4,1280,720,23.976,367,conscientiousness,high
77,3211,chin,480.8,340.2,803.4,578.3,761.0,515.2,1164.2,812.8,conscientiousness_high4_IzKWDY_QNTU.000.mp4,1280,720,23.976,367,conscientiousness,high
77,3211,left_cheek,495.2,357.1,593.9,481.3,779.0,536.3,902.3,691.6,conscientiousness_high4_IzKWDY_QNTU.000.mp4,1280,720,23.976,367,conscientiousness,high
77,3211,right_cheek,696.2,341.9,791.2,471.7,1030.3,517.4,1149.1,679.6,conscientiousness_high4_IzKWDY_QNTU.000.mp4,1280,720,23.976,367,conscientiousness,high
78,3253,left_eye,506.5,266.3,612.0,338.3,793.1,422.9,925.0,512.9,conscientiousness_high4_IzKWDY_QNTU.000.mp4,1280,720,23.976,367,conscientiousness,high
78,3253,right_eye,670.7,251.9,777.2,329.5,998.3,404.9,1131.5,501.9,conscientiousness_high4_IzKWDY_QNTU.000.mp4,1280,720,23.976,367,conscientiousness,high
78,3253,nose,600.4,306.9,695.6,429.3,910.5,473.6,1029.5,626.6,conscientiousness_high4_IzKWDY_QNTU.000.mp4,1280,720,23.976,367,conscientiousness,high
78,3253,mouth,575.1,442.0,723.6,516.0,878.9,642.5,1064.5,735.0,conscientiousness_high4_IzKWDY_QNTU.000.mp4,1280,720,23.976,367,conscientiousness,high
78,3253,forehead,478.3,197.6,804.1,477.0,757.9,337.0,1165.1,686.3,conscientiousness_high4_IzKWDY_QNTU.000.mp4,1280,720,23.976,367,conscientiousness,high
78,3253,chin,481.7,341.5,803.7,579.3,762.2,516.8,1164.6,814.1,conscientiousness_high4_IzKWDY_QNTU.000.mp4,1280,720,23.976,367,conscientiousness,high
78,3253,left_cheek,495.7,357.1,593.9,482.1,779.6,536.4,902.3,692.7,conscientiousness_high4_IzKWDY_QNTU.000.mp4,1280,720,23.976,367,conscientiousness,high
78,3253,right_cheek,696.2,341.7,791.2,471.3,1030.3,517.1,1149.0,679.2,conscientiousness_high4_IzKWDY_QNTU.000.mp4,1280,720,23.976,367,conscientiousness,high
79,3294,left_eye,506.3,262.8,611.5,336.7,792.9,418.5,924.4,510.8,conscientiousness_high4_IzKWDY_QNTU.000.mp4,1280,720,23.976,367,conscientiousness,high
79,3294,right_eye,669.9,249.3,776.3,326.6,997.4,401.6,1130.4,498.3,conscientiousness_high4_IzKWDY_QNTU.000.mp4,1280,720,23.976,367,conscientiousness,high
79,3294,nose,600.0,304.0,695.1,425.4,910.0,470.0,1028.9,621.7,conscientiousness_high4_IzKWDY_QNTU.000.mp4,1280,720,23.976,367,conscientiousness,high
79,3294,mouth,575.6,440.1,722.9,516.2,879.5,640.2,1063.7,735.3,conscientiousness_high4_IzKWDY_QNTU.000.mp4,1280,720,23.976,367,conscientiousness,high
79,3294,forehead,478.2,197.3,803.8,477.5,757.7,336.7,1164.8,686.8,conscientiousness_high4_IzKWDY_QNTU.000.mp4,1280,720,23.976,367,conscientiousness,high
79,3294,chin,481.1,342.1,803.7,579.2,761.3,517.6,1164.6,814.0,conscientiousness_high4_IzKWDY_QNTU.000.mp4,1280,720,23.976,367,conscientiousness,high
79,3294,left_cheek,495.3,356.7,593.3,482.1,779.2,535.8,901.6,692.7,conscientiousness_high4_IzKWDY_QNTU.000.mp4,1280,720,23.976,367,conscientiousness,high
79,3294,right_cheek,696.0,341.2,791.2,470.8,1030.0,516.4,1149.0,678.5,conscientiousness_high4_IzKWDY_QNTU.000.mp4,1280,720,23.976,367,conscientiousness,high
80,3336,left_eye,506.1,263.0,610.9,336.5,792.6,418.7,923.6,510.7,conscientiousness_high4_IzKWDY_QNTU.000.mp4,1280,720,23.976,367,conscientiousness,high
80,3336,right_eye,669.7,249.3,775.6,326.6,997.1,401.6,1129.5,498.2,conscientiousness_high4_IzKWDY_QNTU.000.mp4,1280,720,23.976,367,conscientiousness,high
80,3336,nose,599.6,303.3,694.8,423.8,909.5,469.2,1028.5,619.8,conscientiousness_high4_IzKWDY_QNTU.000.mp4,1280,720,23.976,367,conscientiousness,high
80,3336,mouth,576.7,439.9,722.4,517.4,880.9,639.8,1063.1,736.8,conscientiousness_high4_IzKWDY_QNTU.000.mp4,1280,720,23.976,367,conscientiousness,high
80,3336,forehead,477.7,197.0,803.3,482.4,757.1,336.3,1164.1,693.0,conscientiousness_high4_IzKWDY_QNTU.000.mp4,1280,720,23.976,367,conscientiousness,high
80,3336,chin,480.6,345.2,803.3,581.6,760.8,521.5,1164.1,817.0,conscientiousness_high4_IzKWDY_QNTU.000.mp4,1280,720,23.976,367,conscientiousness,high
80,3336,left_cheek,494.9,357.3,592.8,484.9,778.7,536.6,901.0,696.2,conscientiousness_high4_IzKWDY_QNTU.000.mp4,1280,720,23.976,367,conscientiousness,high
80,3336,right_cheek,696.0,341.4,791.1,471.5,1030.0,516.7,1148.8,679.4,conscientiousness_high4_IzKWDY_QNTU.000.mp4,1280,720,23.976,367,conscientiousness,high
81,3378,left_eye,505.5,258.3,609.4,334.1,791.9,412.9,921.8,507.6,conscientiousness_high4_IzKWDY_QNTU.000.mp4,1280,720,23.976,367,conscientiousness,high
81,3378,right_eye,669.0,245.2,775.2,324.9,996.3,396.5,1129.0,496.1,conscientiousness_high4_IzKWDY_QNTU.000.mp4,1280,720,23.976,367,conscientiousness,high
81,3378,nose,598.6,299.3,693.9,418.2,908.3,464.2,1027.4,612.8,conscientiousness_high4_IzKWDY_QNTU.000.mp4,1280,720,23.976,367,conscientiousness,high
81,3378,mouth,576.8,436.2,721.9,517.2,881.1,635.3,1062.4,736.5,conscientiousness_high4_IzKWDY_QNTU.000.mp4,1280,720,23.976,367,conscientiousness,high
81,3378,forehead,477.6,194.2,803.3,481.3,757.0,332.7,1164.1,691.6,conscientiousness_high4_IzKWDY_QNTU.000.mp4,1280,720,23.976,367,conscientiousness,high
81,3378,chin,480.6,345.7,803.3,581.4,760.8,522.1,1164.1,816.7,conscientiousness_high4_IzKWDY_QNTU.000.mp4,1280,720,23.976,367,conscientiousness,high
81,3378,left_cheek,494.9,354.8,591.7,484.7,778.6,533.6,899.7,695.9,conscientiousness_high4_IzKWDY_QNTU.000.mp4,1280,720,23.976,367,conscientiousness,high
81,3378,right_cheek,696.0,340.9,790.8,471.3,1030.0,516.1,1148.5,679.1,conscientiousness_high4_IzKWDY_QNTU.000.mp4,1280,720,23.976,367,conscientiousness,high
82,3420,left_eye,505.1,252.3,608.6,329.6,791.3,405.3,920.7,502.0,conscientiousness_high4_IzKWDY_QNTU.000.mp4,1280,720,23.976,367,conscientiousness,high
82,3420,right_eye,668.5,239.9,774.9,320.5,995.6,389.8,1128.6,490.6,conscientiousness_high4_IzKWDY_QNTU.000.mp4,1280,720,23.976,367,conscientiousness,high
82,3420,nose,598.2,293.9,692.5,411.9,907.7,457.4,1025.6,604.9,conscientiousness_high4_IzKWDY_QNTU.000.mp4,1280,720,23.976,367,conscientiousness,high
82,3420,mouth,576.9,430.0,720.6,512.8,881.1,627.5,1060.8,731.0,conscientiousness_high4_IzKWDY_QNTU.000.mp4,1280,720,23.976,367,conscientiousness,high
82,3420,forehead,477.8,189.4,803.0,480.7,757.2,326.7,1163.7,690.9,conscientiousness_high4_IzKWDY_QNTU.000.mp4,1280,720,23.976,367,conscientiousness,high
82,3420,chin,480.7,345.5,803.0,579.2,760.9,521.9,1163.7,814.0,conscientiousness_high4_IzKWDY_QNTU.000.mp4,1280,720,23.976,367,conscientiousness,high
82,3420,left_cheek,494.9,350.1,591.0,481.3,778.6,527.6,898.8,691.6,conscientiousness_high4_IzKWDY_QNTU.000.mp4,1280,720,23.976,367,conscientiousness,high
82,3420,right_cheek,695.6,337.5,790.2,468.6,1029.5,511.8,1147.8,675.7,conscientiousness_high4_IzKWDY_QNTU.000.mp4,1280,720,23.976,367,conscientiousness,high
83,3461,left_eye,505.1,248.7,608.6,326.4,791.3,400.9,920.7,498.0,conscientiousness_high4_IzKWDY_QNTU.000.mp4,1280,720,23.976,367,conscientiousness,high
83,3461,right_eye,668.2,236.1,774.7,317.2,995.3,385.1,1128.3,486.5,conscientiousness_high4_IzKWDY_QNTU.000.mp4,1280,720,23.976,367,conscientiousness,high
83,3461,nose,598.2,290.2,691.9,407.7,907.8,452.7,1024.9,599.6,conscientiousness_high4_IzKWDY_QNTU.000.mp4,1280,720,23.976,367,conscientiousness,high
83,3461,mouth,577.4,426.1,720.1,509.4,881.7,622.6,1060.1,726.7,conscientiousness_high4_IzKWDY_QNTU.000.mp4,1280,720,23.976,367,conscientiousness,high
83,3461,forehead,478.0,186.2,802.9,480.2,757.5,322.8,1163.6,690.2,conscientiousness_high4_IzKWDY_QNTU.000.mp4,1280,720,23.976,367,conscientiousness,high
83,3461,chin,480.9,344.3,802.9,577.5,761.1,520.3,1163.6,811.9,conscientiousness_high4_IzKWDY_QNTU.000.mp4,1280,720,23.976,367,conscientiousness,high
83,3461,left_cheek,494.9,347.2,590.9,479.5,778.6,524.0,898.7,689.3,conscientiousness_high4_IzKWDY_QNTU.000.mp4,1280,720,23.976,367,conscientiousness,high
83,3461,right_cheek,695.4,334.5,790.1,466.3,1029.3,508.2,1147.6,672.8,conscientiousness_high4_IzKWDY_QNTU.000.mp4,1280,720,23.976,367,conscientiousness,high
84,3503,left_eye,505.3,247.3,608.8,325.3,791.7,399.2,921.0,496.6,conscientiousness_high4_IzKWDY_QNTU.000.mp4,1280,720,23.976,367,conscientiousness,high
84,3503,right_eye,668.2,234.9,774.6,315.9,995.3,383.6,1128.2,484.9,conscientiousness_high4_IzKWDY_QNTU.000.mp4,1280,720,23.976,367,conscientiousness,high
84,3503,nose,599.7,288.9,691.9,405.5,909.7,451.1,1024.8,596.9,conscientiousness_high4_IzKWDY_QNTU.000.mp4,1280,720,23.976,367,conscientiousness,high
84,3503,mouth,579.6,424.4,719.2,506.2,884.5,620.5,1059.0,722.8,conscientiousness_high4_IzKWDY_QNTU.000.mp4,1280,720,23.976,367,conscientiousness,high
84,3503,forehead,478.9,185.5,802.9,479.9,758.6,321.9,1163.6,689.9,conscientiousness_high4_IzKWDY_QNTU.000.mp4,1280,720,23.976,367,conscientiousness,high
84,3503,chin,482.0,343.3,802.9,574.8,762.5,519.1,1163.6,808.5,conscientiousness_high4_IzKWDY_QNTU.000.mp4,1280,720,23.976,367,conscientiousness,high
84,3503,left_cheek,495.7,346.1,591.5,478.3,779.6,522.6,899.3,687.9,conscientiousness_high4_IzKWDY_QNTU.000.mp4,1280,720,23.976,367,conscientiousness,high
84,3503,right_cheek,695.5,333.1,790.1,464.3,1029.3,506.4,1147.6,670.4,conscientiousness_high4_IzKWDY_QNTU.000.mp4,1280,720,23.976,367,conscientiousness,high
85,3545,left_eye,505.4,246.7,608.8,324.2,791.7,398.3,921.0,495.3,conscientiousness_high4_IzKWDY_QNTU.000.mp4,1280,720,23.976,367,conscientiousness,high
85,3545,right_eye,668.2,233.8,774.6,314.5,995.3,382.3,1128.2,483.2,conscientiousness_high4_IzKWDY_QNTU.000.mp4,1280,720,23.976,367,conscientiousness,high
85,3545,nose,600.6,287.9,691.6,404.5,910.8,449.8,1024.5,595.6,conscientiousness_high4_IzKWDY_QNTU.000.mp4,1280,720,23.976,367,conscientiousness,high
85,3545,mouth,581.2,423.7,718.6,504.4,886.5,619.6,1058.3,720.5,conscientiousness_high4_IzKWDY_QNTU.000.mp4,1280,720,23.976,367,conscientiousness,high
85,3545,forehead,479.2,184.4,803.0,479.6,758.9,320.5,1163.7,689.5,conscientiousness_high4_IzKWDY_QNTU.000.mp4,1280,720,23.976,367,conscientiousness,high
85,3545,chin,482.4,341.8,803.0,573.4,763.1,517.2,1163.7,806.8,conscientiousness_high4_IzKWDY_QNTU.000.mp4,1280,720,23.976,367,conscientiousness,high
85,3545,left_cheek,496.1,345.1,591.9,477.4,780.1,521.4,899.8,686.8,conscientiousness_high4_IzKWDY_QNTU.000.mp4,1280,720,23.976,367,conscientiousness,high
85,3545,right_cheek,695.5,331.8,790.1,462.9,1029.3,504.7,1147.7,668.7,conscientiousness_high4_IzKWDY_QNTU.000.mp4,1280,720,23.976,367,conscientiousness,high
86,3586,left_eye,506.1,245.8,609.1,323.4,792.7,397.2,921.3,494.3,conscientiousness_high4_IzKWDY_QNTU.000.mp4,1280,720,23.976,367,conscientiousness,high
86,3586,right_eye,668.2,232.7,774.5,314.0,995.3,380.9,1128.2,482.4,conscientiousness_high4_IzKWDY_QNTU.000.mp4,1280,720,23.976,367,conscientiousness,high
86,3586,nose,600.9,286.9,691.3,404.0,911.1,448.6,1024.1,595.0,conscientiousness_high4_IzKWDY_QNTU.000.mp4,1280,720,23.976,367,conscientiousness,high
86,3586,mouth,583.5,423.8,717.1,497.6,889.3,619.8,1056.4,712.1,conscientiousness_high4_IzKWDY_QNTU.000.mp4,1280,720,23.976,367,conscientiousness,high
86,3586,forehead,480.5,183.3,802.8,478.4,760.7,319.2,1163.5,688.0,conscientiousness_high4_IzKWDY_QNTU.000.mp4,1280,720,23.976,367,conscientiousness,high
86,3586,chin,484.0,341.4,802.8,569.6,765.0,516.8,1163.5,802.1,conscientiousness_high4_IzKWDY_QNTU.000.mp4,1280,720,23.976,367,conscientiousness,high
86,3586,left_cheek,497.1,344.3,592.2,475.7,781.4,520.4,900.2,684.6,conscientiousness_high4_IzKWDY_QNTU.000.mp4,1280,720,23.976,367,conscientiousness,high
86,3586,right_cheek,695.4,331.3,790.0,461.8,1029.2,504.1,1147.5,667.3,conscientiousness_high4_IzKWDY_QNTU.000.mp4,1280,720,23.976,367,conscientiousness,high
87,3628,left_eye,507.4,245.3,610.6,322.8,794.2,396.6,923.2,493.6,conscientiousness_high4_IzKWDY_QNTU.000.mp4,1280,720,23.976,367,conscientiousness,high
87,3628,right_eye,668.9,232.9,774.6,313.9,996.2,381.1,1128.2,482.4,conscientiousness_high4_IzKWDY_QNTU.000.mp4,1280,720,23.976,367,conscientiousness,high
87,3628,nose,601.8,286.6,691.3,404.6,912.2,448.3,1024.1,595.8,conscientiousness_high4_IzKWDY_QNTU.000.mp4,1280,720,23.976,367,conscientiousness,high
87,3628,mouth,586.0,424.3,715.4,489.4,892.6,620.4,1054.3,701.8,conscientiousness_high4_IzKWDY_QNTU.000.mp4,1280,720,23.976,367,conscientiousness,high
87,3628,forehead,480.9,182.9,802.3,476.4,761.1,318.7,1162.9,685.5,conscientiousness_high4_IzKWDY_QNTU.000.mp4,1280,720,23.976,367,conscientiousness,high
87,3628,chin,484.3,341.4,802.0,567.5,765.4,516.7,1162.4,799.4,conscientiousness_high4_IzKWDY_QNTU.000.mp4,1280,720,23.976,367,conscientiousness,high
87,3628,left_cheek,498.2,344.0,593.1,474.4,782.7,519.9,901.4,683.0,conscientiousness_high4_IzKWDY_QNTU.000.mp4,1280,720,23.976,367,conscientiousness,high
87,3628,right_cheek,695.5,331.8,789.9,461.8,1029.4,504.8,1147.4,667.2,conscientiousness_high4_IzKWDY_QNTU.000.mp4,1280,720,23.976,367,conscientiousness,high
88,3670,left_eye,507.7,246.6,611.0,323.7,794.6,398.2,923.8,494.6,conscientiousness_high4_IzKWDY_QNTU.000.mp4,1280,720,23.976,367,conscientiousness,high
88,3670,right_eye,669.0,233.9,774.7,314.7,996.3,382.4,1128.3,483.4,conscientiousness_high4_IzKWDY_QNTU.000.mp4,1280,720,23.976,367,conscientiousness,high
88,3670,nose,601.9,287.8,691.3,406.2,912.3,449.7,1024.2,597.7,conscientiousness_high4_IzKWDY_QNTU.000.mp4,1280,720,23.976,367,conscientiousness,high
88,3670,mouth,586.0,425.2,715.0,487.9,892.6,621.5,1053.7,699.8,conscientiousness_high4_IzKWDY_QNTU.000.mp4,1280,720,23.976,367,conscientiousness,high
88,3670,forehead,480.9,183.8,802.2,476.1,761.1,319.7,1162.7,685.1,conscientiousness_high4_IzKWDY_QNTU.000.mp4,1280,720,23.976,367,conscientiousness,high
88,3670,chin,484.3,341.4,801.6,566.5,765.3,516.8,1161.9,798.1,conscientiousness_high4_IzKWDY_QNTU.000.mp4,1280,720,23.976,367,conscientiousness,high
88,3670,left_cheek,498.3,344.7,593.4,474.8,782.9,520.9,901.7,683.5,conscientiousness_high4_IzKWDY_QNTU.000.mp4,1280,720,23.976,367,conscientiousness,high
88,3670,right_cheek,695.5,332.2,789.9,462.2,1029.4,505.2,1147.4,667.8,conscientiousness_high4_IzKWDY_QNTU.000.mp4,1280,720,23.976,367,conscientiousness,high
89,3712,left_eye,507.7,247.7,611.2,325.2,794.6,399.6,924.0,496.5,conscientiousness_high4_IzKWDY_QNTU.000.mp4,1280,720,23.976,367,conscientiousness,high
89,3712,right_eye,669.0,235.1,774.8,316.5,996.3,383.9,1128.5,485.7,conscientiousness_high4_IzKWDY_QNTU.000.mp4,1280,720,23.976,367,conscientiousness,high
89,3712,nose,601.8,288.5,691.1,408.7,912.3,450.7,1023.9,600.9,conscientiousness_high4_IzKWDY_QNTU.000.mp4,1280,720,23.976,367,conscientiousness,high
89,3712,mouth,585.7,427.8,712.9,492.3,892.2,624.8,1051.2,705.4,conscientiousness_high4_IzKWDY_QNTU.000.mp4,1280,720,23.976,367,conscientiousness,high
89,3712,forehead,480.8,184.4,802.2,476.1,761.0,320.6,1162.7,685.1,conscientiousness_high4_IzKWDY_QNTU.000.mp4,1280,720,23.976,367,conscientiousness,high
89,3712,chin,484.2,342.2,801.5,567.2,765.3,517.7,1161.9,799.0,conscientiousness_high4_IzKWDY_QNTU.000.mp4,1280,720,23.976,367,conscientiousness,high
89,3712,left_cheek,498.2,346.7,593.4,475.8,782.8,523.3,901.7,684.8,conscientiousness_high4_IzKWDY_QNTU.000.mp4,1280,720,23.976,367,conscientiousness,high
89,3712,right_cheek,695.4,334.2,789.9,463.7,1029.3,507.7,1147.4,669.6,conscientiousness_high4_IzKWDY_QNTU.000.mp4,1280,720,23.976,367,conscientiousness,high
90,3753,left_eye,507.6,251.3,611.2,327.8,794.5,404.1,924.0,499.7,conscientiousness_high4_IzKWDY_QNTU.000.mp4,1280,720,23.976,367,conscientiousness,high
90,3753,right_eye,669.0,238.7,775.0,319.4,996.3,388.4,1128.8,489.2,conscientiousness_high4_IzKWDY_QNTU.000.mp4,1280,720,23.976,367,conscientiousness,high
90,3753,nose,601.8,291.9,690.9,413.0,912.2,454.9,1023.7,606.3,conscientiousness_high4_IzKWDY_QNTU.000.mp4,1280,720,23.976,367,conscientiousness,high
90,3753,mouth,586.2,432.1,711.4,499.9,892.8,630.1,1049.3,714.9,conscientiousness_high4_IzKWDY_QNTU.000.mp4,1280,720,23.976,367,conscientiousness,high
90,3753,forehead,480.7,186.4,802.2,476.2,760.9,323.0,1162.8,685.3,conscientiousness_high4_IzKWDY_QNTU.000.mp4,1280,720,23.976,367,conscientiousness,high
90,3753,chin,484.2,342.6,801.6,567.7,765.2,518.3,1162.0,799.6,conscientiousness_high4_IzKWDY_QNTU.000.mp4,1280,720,23.976,367,conscientiousness,high
90,3753,left_cheek,498.0,349.8,593.4,478.6,782.6,527.3,901.7,688.3,conscientiousness_high4_IzKWDY_QNTU.000.mp4,1280,720,23.976,367,conscientiousness,high
90,3753,right_cheek,695.4,336.4,790.0,466.6,1029.2,510.5,1147.5,673.2,conscientiousness_high4_IzKWDY_QNTU.000.mp4,1280,720,23.976,367,conscientiousness,high
91,3795,left_eye,507.5,254.0,611.2,330.5,794.3,407.4,924.0,503.1,conscientiousness_high4_IzKWDY_QNTU.000.mp4,1280,720,23.976,367,conscientiousness,high
91,3795,right_eye,669.0,242.1,775.1,322.3,996.3,392.6,1128.9,492.8,conscientiousness_high4_IzKWDY_QNTU.000.mp4,1280,720,23.976,367,conscientiousness,high
91,3795,nose,601.9,295.4,690.9,416.8,912.4,459.3,1023.6,611.0,conscientiousness_high4_IzKWDY_QNTU.000.mp4,1280,720,23.976,367,conscientiousness,high
91,3795,mouth,587.2,436.6,710.5,506.0,894.0,635.8,1048.1,722.5,conscientiousness_high4_IzKWDY_QNTU.000.mp4,1280,720,23.976,367,conscientiousness,high
91,3795,forehead,480.5,188.5,802.3,477.1,760.6,325.6,1162.8,686.4,conscientiousness_high4_IzKWDY_QNTU.000.mp4,1280,720,23.976,367,conscientiousness,high
91,3795,chin,484.0,343.3,801.6,568.2,765.0,519.1,1162.0,800.3,conscientiousness_high4_IzKWDY_QNTU.000.mp4,1280,720,23.976,367,conscientiousness,high
91,3795,left_cheek,497.8,353.0,593.4,481.8,782.3,531.3,901.8,692.3,conscientiousness_high4_IzKWDY_QNTU.000.mp4,1280,720,23.976,367,conscientiousness,high
91,3795,right_cheek,695.4,338.7,790.0,469.5,1029.2,513.3,1147.5,676.9,conscientiousness_high4_IzKWDY_QNTU.000.mp4,1280,720,23.976,367,conscientiousness,high
92,3837,left_eye,507.4,256.1,611.3,332.5,794.3,410.2,924.2,505.6,conscientiousness_high4_IzKWDY_QNTU.000.mp4,1280,720,23.976,367,conscientiousness,high
92,3837,right_eye,669.0,244.5,775.3,324.6,996.3,395.6,1129.1,495.7,conscientiousness_high4_IzKWDY_QNTU.000.mp4,1280,720,23.976,367,conscientiousness,high
92,3837,nose,601.9,298.5,690.8,421.1,912.4,463.1,1023.5,616.4,conscientiousness_high4_IzKWDY_QNTU.000.mp4,1280,720,23.976,367,conscientiousness,high
92,3837,mouth,588.2,441.8,709.1,507.3,895.3,642.2,1046.3,724.2,conscientiousness_high4_IzKWDY_QNTU.000.mp4,1280,720,23.976,367,conscientiousness,high
92,3837,forehead,480.3,190.0,802.4,477.1,760.4,327.5,1163.0,686.4,conscientiousness_high4_IzKWDY_QNTU.000.mp4,1280,720,23.976,367,conscientiousness,high
92,3837,chin,483.8,343.4,801.8,568.4,764.8,519.2,1162.2,800.5,conscientiousness_high4_IzKWDY_QNTU.000.mp4,1280,720,23.976,367,conscientiousness,high
92,3837,left_cheek,497.6,355.3,593.5,483.2,782.0,534.2,901.9,694.0,conscientiousness_high4_IzKWDY_QNTU.000.mp4,1280,720,23.976,367,conscientiousness,high
92,3837,right_cheek,695.4,340.6,790.1,471.6,1029.2,515.7,1147.7,679.5,conscientiousness_high4_IzKWDY_QNTU.000.mp4,1280,720,23.976,367,conscientiousness,high
93,3878,left_eye,507.5,257.4,611.4,333.4,794.4,411.8,924.2,506.7,conscientiousness_high4_IzKWDY_QNTU.000.mp4,1280,720,23.976,367,conscientiousness,high
93,3878,right_eye,669.1,246.5,775.3,326.3,996.3,398.1,1129.2,497.9,conscientiousness_high4_IzKWDY_QNTU.000.mp4,1280,720,23.976,367,conscientiousness,high
93,3878,nose,601.9,300.5,690.8,423.6,912.4,465.6,1023.5,619.6,conscientiousness_high4_IzKWDY_QNTU.000.mp4,1280,720,23.976,367,conscientiousness,high
93,3878,mouth,588.6,445.7,707.5,510.4,895.8,647.1,1044.3,728.0,conscientiousness_high4_IzKWDY_QNTU.000.mp4,1280,720,23.976,367,conscientiousness,high
93,3878,forehead,480.3,191.9,802.4,477.1,760.4,329.9,1163.0,686.4,conscientiousness_high4_IzKWDY_QNTU.000.mp4,1280,720,23.976,367,conscientiousness,high
93,3878,chin,483.8,344.5,801.8,570.4,764.7,520.6,1162.2,803.0,conscientiousness_high4_IzKWDY_QNTU.000.mp4,1280,720,23.976,367,conscientiousness,high
93,3878,left_cheek,497.5,356.6,593.5,484.2,781.9,535.8,901.9,695.2,conscientiousness_high4_IzKWDY_QNTU.000.mp4,1280,720,23.976,367,conscientiousness,high
93,3878,right_cheek,695.3,343.0,790.2,474.2,1029.2,518.7,1147.8,682.8,conscientiousness_high4_IzKWDY_QNTU.000.mp4,1280,720,23.976,367,conscientiousness,high
94,3920,left_eye,507.4,258.5,611.3,334.6,794.2,413.2,924.2,508.3,conscientiousness_high4_IzKWDY_QNTU.000.mp4,1280,720,23.976,367,conscientiousness,high
94,3920,right_eye,669.1,247.5,775.3,327.2,996.3,399.4,1129.2,499.0,conscientiousness_high4_IzKWDY_QNTU.000.mp4,1280,720,23.976,367,conscientiousness,high
94,3920,nose,601.8,301.4,690.8,424.0,912.3,466.8,1023.5,620.0,conscientiousness_high4_IzKWDY_QNTU.000.mp4,1280,720,23.976,367,conscientiousness,high
94,3920,mouth,588.8,447.3,706.7,513.6,896.0,649.2,1043.4,732.0,conscientiousness_high4_IzKWDY_QNTU.000.mp4,1280,720,23.976,367,conscientiousness,high
94,3920,forehead,480.2,192.8,802.4,477.5,760.2,331.0,1163.0,686.8,conscientiousness_high4_IzKWDY_QNTU.000.mp4,1280,720,23.976,367,conscientiousness,high
94,3920,chin,483.7,345.3,801.8,572.3,764.6,521.6,1162.2,805.4,conscientiousness_high4_IzKWDY_QNTU.000.mp4,1280,720,23.976,367,conscientiousness,high
94,3920,left_cheek,497.1,357.9,593.5,485.9,781.3,537.4,901.8,697.4,conscientiousness_high4_IzKWDY_QNTU.000.mp4,1280,720,23.976,367,conscientiousness,high
94,3920,right_cheek,695.3,344.0,790.2,475.7,1029.1,520.0,1147.8,684.6,conscientiousness_high4_IzKWDY_QNTU.000.mp4,1280,720,23.976,367,conscientiousness,high
95,3962,left_eye,506.8,259.0,611.1,335.4,793.5,413.8,923.9,509.2,conscientiousness_high4_IzKWDY_QNTU.000.mp4,1280,720,23.976,367,conscientiousness,high
95,3962,right_eye,668.9,248.2,775.3,327.9,996.1,400.3,1129.1,499.9,conscientiousness_high4_IzKWDY_QNTU.000.mp4,1280,720,23.976,367,conscientiousness,high
95,3962,nose,601.3,302.0,690.8,424.2,911.6,467.5,1023.5,620.3,conscientiousness_high4_IzKWDY_QNTU.000.mp4,1280,720,23.976,367,conscientiousness,high
95,3962,mouth,588.6,446.6,707.2,520.2,895.7,648.2,1044.0,740.2,conscientiousness_high4_IzKWDY_QNTU.000.mp4,1280,720,23.976,367,conscientiousness,high
95,3962,forehead,478.8,193.2,802.0,479.3,758.5,331.5,1162.5,689.2,conscientiousness_high4_IzKWDY_QNTU.000.mp4,1280,720,23.976,367,conscientiousness,high
95,3962,chin,482.3,346.9,801.6,575.9,762.9,523.7,1162.0,809.9,conscientiousness_high4_IzKWDY_QNTU.000.mp4,1280,720,23.976,367,conscientiousness,high
95,3962,left_cheek,496.0,358.9,593.1,488.1,780.0,538.6,901.4,700.1,conscientiousness_high4_IzKWDY_QNTU.000.mp4,1280,720,23.976,367,conscientiousness,high
95,3962,right_cheek,695.2,345.1,790.2,477.5,1029.0,521.3,1147.7,686.9,conscientiousness_high4_IzKWDY_QNTU.000.mp4,1280,720,23.976,367,conscientiousness,high
96,4004,left_eye,505.0,259.7,610.2,335.9,791.3,414.7,922.8,509.9,conscientiousness_high4_IzKWDY_QNTU.000.mp4,1280,720,23.976,367,conscientiousness,high
96,4004,right_eye,668.5,248.7,775.2,328.4,995.6,400.9,1129.0,500.5,conscientiousness_high4_IzKWDY_QNTU.000.mp4,1280,720,23.976,367,conscientiousness,high
96,4004,nose,600.2,302.4,690.4,424.8,910.2,468.1,1023.0,621.1,conscientiousness_high4_IzKWDY_QNTU.000.mp4,1280,720,23.976,367,conscientiousness,high
96,4004,mouth,587.3,446.6,707.3,519.6,894.1,648.2,1044.1,739.5,conscientiousness_high4_IzKWDY_QNTU.000.mp4,1280,720,23.976,367,conscientiousness,high
96,4004,forehead,477.2,193.5,802.0,481.8,756.5,331.9,1162.4,692.3,conscientiousness_high4_IzKWDY_QNTU.000.mp4,1280,720,23.976,367,conscientiousness,high
96,4004,chin,480.9,347.8,801.5,578.1,761.2,524.7,1161.9,812.6,conscientiousness_high4_IzKWDY_QNTU.000.mp4,1280,720,23.976,367,conscientiousness,high
96,4004,left_cheek,494.5,359.6,592.2,489.8,778.2,539.6,900.2,702.3,conscientiousness_high4_IzKWDY_QNTU.000.mp4,1280,720,23.976,367,conscientiousness,high
96,4004,right_cheek,694.9,345.5,790.1,478.6,1028.6,521.9,1147.7,688.3,conscientiousness_high4_IzKWDY_QNTU.000.mp4,1280,720,23.976,367,conscientiousness,high
97,4045,left_eye,503.8,260.0,609.3,336.1,789.7,415.0,921.6,510.2,conscientiousness_high4_IzKWDY_QNTU.000.mp4,1280,720,23.976,367,conscientiousness,high
97,4045,right_eye,668.1,248.8,775.1,328.6,995.1,401.0,1128.9,500.7,conscientiousness_high4_IzKWDY_QNTU.000.mp4,1280,720,23.976,367,conscientiousness,high
97,4045,nose,599.4,302.7,689.7,425.0,909.2,468.3,1022.1,621.3,conscientiousness_high4_IzKWDY_QNTU.000.mp4,1280,720,23.976,367,conscientiousness,high
97,4045,mouth,586.2,446.4,707.8,518.7,892.8,648.0,1044.7,738.4,conscientiousness_high4_IzKWDY_QNTU.000.mp4,1280,720,23.976,367,conscientiousness,high
97,4045,forehead,476.4,193.7,801.9,482.8,755.4,332.1,1162.3,693.5,conscientiousness_high4_IzKWDY_QNTU.000.mp4,1280,720,23.976,367,conscientiousness,high
97,4045,chin,480.2,348.3,801.4,578.7,760.3,525.4,1161.7,813.4,conscientiousness_high4_IzKWDY_QNTU.000.mp4,1280,720,23.976,367,conscientiousness,high
97,4045,left_cheek,493.6,360.0,591.3,490.6,777.0,540.0,899.1,703.2,conscientiousness_high4_IzKWDY_QNTU.000.mp4,1280,720,23.976,367,conscientiousness,high
97,4045,right_cheek,694.4,345.9,790.0,479.4,1028.0,522.3,1147.5,689.3,conscientiousness_high4_IzKWDY_QNTU.000.mp4,1280,720,23.976,367,conscientiousness,high
98,4087,left_eye,502.8,259.9,608.1,336.2,788.5,414.9,920.1,510.3,conscientiousness_high4_IzKWDY_QNTU.000.mp4,1280,720,23.976,367,conscientiousness,high
98,4087,right_eye,667.2,248.6,774.2,328.4,994.0,400.8,1127.7,500.5,conscientiousness_high4_IzKWDY_QNTU.000.mp4,1280,720,23.976,367,conscientiousness,high
98,4087,nose,599.0,302.8,688.8,425.3,908.7,468.5,1020.9,621.6,conscientiousness_high4_IzKWDY_QNTU.000.mp4,1280,720,23.976,367,conscientiousness,high
98,4087,mouth,586.2,447.6,705.9,517.4,892.7,649.5,1042.4,736.8,conscientiousness_high4_IzKWDY_QNTU.000.mp4,1280,720,23.976,367,conscientiousness,high
98,4087,forehead,475.6,193.8,800.7,482.3,754.5,332.2,1160.9,692.9,conscientiousness_high4_IzKWDY_QNTU.000.mp4,1280,720,23.976,367,conscientiousness,high
98,4087,chin,479.5,348.1,800.2,578.3,759.3,525.1,1160.2,812.8,conscientiousness_high4_IzKWDY_QNTU.000.mp4,1280,720,23.976,367,conscientiousness,high
98,4087,left_cheek,492.9,360.0,590.7,490.0,776.2,540.0,898.3,702.5,conscientiousness_high4_IzKWDY_QNTU.000.mp4,1280,720,23.976,367,conscientiousness,high
98,4087,right_cheek,693.3,345.6,789.0,478.7,1026.7,522.1,1146.2,688.4,conscientiousness_high4_IzKWDY_QNTU.000.mp4,1280,720,23.976,367,conscientiousness,high
99,4129,left_eye,502.3,259.7,607.6,336.0,787.8,414.7,919.5,510.0,conscientiousness_high4_IzKWDY_QNTU.000.mp4,1280,720,23.976,367,conscientiousness,high
99,4129,right_eye,666.2,248.4,773.0,328.3,992.8,400.5,1126.2,500.4,conscientiousness_high4_IzKWDY_QNTU.000.mp4,1280,720,23.976,367,conscientiousness,high
99,4129,nose,598.4,302.6,687.4,425.6,908.0,468.2,1019.2,622.0,conscientiousness_high4_IzKWDY_QNTU.000.mp4,1280,720,23.976,367,conscientiousness,high
99,4129,mouth,585.8,448.4,704.2,509.5,892.3,650.5,1040.3,726.8,conscientiousness_high4_IzKWDY_QNTU.000.mp4,1280,720,23.976,367,conscientiousness,high
99,4129,forehead,474.9,193.7,799.7,479.7,753.6,332.2,1159.7,689.7,conscientiousness_high4_IzKWDY_QNTU.000.mp4,1280,720,23.976,367,conscientiousness,high
99,4129,chin,478.6,346.5,799.3,575.0,758.3,523.2,1159.1,808.7,conscientiousness_high4_IzKWDY_QNTU.000.mp4,1280,720,23.976,367,conscientiousness,high
99,4129,left_cheek,492.2,359.7,590.2,489.7,775.3,539.6,897.7,702.1,conscientiousness_high4_IzKWDY_QNTU.000.mp4,1280,720,23.976,367,conscientiousness,high
99,4129,right_cheek,692.1,345.6,788.1,478.6,1025.1,522.0,1145.1,688.3,conscientiousness_high4_IzKWDY_QNTU.000.mp4,1280,720,23.976,367,conscientiousness,high
100,4170,left_eye,501.9,259.7,607.3,336.0,787.3,414.6,919.1,510.0,conscientiousness_high4_IzKWDY_QNTU.000.mp4,1280,720,23.976,367,conscientiousness,high
100,4170,right_eye,665.5,248.2,772.3,327.9,991.9,400.2,1125.3,499.9,conscientiousness_high4_IzKWDY_QNTU.000.mp4,1280,720,23.976,367,conscientiousness,high
100,4170,nose,598.0,302.6,686.8,425.3,907.6,468.2,1018.5,621.6,conscientiousness_high4_IzKWDY_QNTU.000.mp4,1280,720,23.976,367,conscientiousness,high
100,4170,mouth,585.1,448.2,703.8,506.6,891.3,650.2,1039.7,723.2,conscientiousness_high4_IzKWDY_QNTU.000.mp4,1280,720,23.976,367,conscientiousness,high
100,4170,forehead,474.5,193.3,798.9,477.1,753.1,331.6,1158.6,686.4,conscientiousness_high4_IzKWDY_QNTU.000.mp4,1280,720,23.976,367,conscientiousness,high
100,4170,chin,478.1,344.6,798.5,572.4,757.6,520.7,1158.1,805.5,conscientiousness_high4_IzKWDY_QNTU.000.mp4,1280,720,23.976,367,conscientiousness,high
100,4170,left_cheek,491.7,359.5,589.8,487.8,774.6,539.4,897.3,699.8,conscientiousness_high4_IzKWDY_QNTU.000.mp4,1280,720,23.976,367,conscientiousness,high
100,4170,right_cheek,691.4,344.4,787.2,477.0,1024.2,520.5,1144.1,686.2,conscientiousness_high4_IzKWDY_QNTU.000.mp4,1280,720,23.976,367,conscientiousness,high
101,4212,left_eye,502.0,259.7,607.4,335.9,787.5,414.6,919.2,509.9,conscientiousness_high4_IzKWDY_QNTU.000.mp4,1280,720,23.976,367,conscientiousness,high
101,4212,right_eye,665.6,247.7,772.4,327.8,992.0,399.6,1125.5,499.7,conscientiousness_high4_IzKWDY_QNTU.000.mp4,1280,720,23.976,367,conscientiousness,high
101,4212,nose,598.1,302.4,686.9,425.2,907.6,468.0,1018.7,621.6,conscientiousness_high4_IzKWDY_QNTU.000.mp4,1280,720,23.976,367,conscientiousness,high
101,4212,mouth,585.1,449.1,703.9,510.3,891.3,651.4,1039.9,727.9,conscientiousness_high4_IzKWDY_QNTU.000.mp4,1280,720,23.976,367,conscientiousness,high
101,4212,forehead,474.7,193.2,799.6,477.1,753.4,331.5,1159.5,686.3,conscientiousness_high4_IzKWDY_QNTU.000.mp4,1280,720,23.976,367,conscientiousness,high
101,4212,chin,478.4,344.1,799.2,572.5,758.1,520.1,1159.1,805.6,conscientiousness_high4_IzKWDY_QNTU.000.mp4,1280,720,23.976,367,conscientiousness,high
101,4212,left_cheek,491.8,359.4,589.9,487.7,774.8,539.2,897.4,699.6,conscientiousness_high4_IzKWDY_QNTU.000.mp4,1280,720,23.976,367,conscientiousness,high
101,4212,right_cheek,691.4,344.2,787.8,477.0,1024.3,520.2,1144.8,686.2,conscientiousness_high4_IzKWDY_QNTU.000.mp4,1280,720,23.976,367,conscientiousness,high
102,4254,left_eye,502.1,259.9,607.4,336.0,787.6,414.8,919.3,510.0,conscientiousness_high4_IzKWDY_QNTU.000.mp4,1280,720,23.976,367,conscientiousness,high
102,4254,right_eye,665.7,247.8,772.5,327.8,992.1,399.7,1125.6,499.7,conscientiousness_high4_IzKWDY_QNTU.000.mp4,1280,720,23.976,367,conscientiousness,high
102,4254,nose,598.2,302.6,687.5,425.1,907.8,468.2,1019.4,621.4,conscientiousness_high4_IzKWDY_QNTU.000.mp4,1280,720,23.976,367,conscientiousness,high
102,4254,mouth,584.8,448.7,705.6,514.6,891.0,650.9,1042.0,733.2,conscientiousness_high4_IzKWDY_QNTU.000.mp4,1280,720,23.976,367,conscientiousness,high
102,4254,forehead,474.5,193.5,799.7,477.2,753.2,331.9,1159.6,686.5,conscientiousness_high4_IzKWDY_QNTU.000.mp4,1280,720,23.976,367,conscientiousness,high
102,4254,chin,478.2,344.1,799.4,573.0,757.8,520.2,1159.2,806.3,conscientiousness_high4_IzKWDY_QNTU.000.mp4,1280,720,23.976,367,conscientiousness,high
102,4254,left_cheek,491.9,359.3,589.9,487.6,774.9,539.1,897.4,699.5,conscientiousness_high4_IzKWDY_QNTU.000.mp4,1280,720,23.976,367,conscientiousness,high
102,4254,right_cheek,691.7,344.1,788.0,476.8,1024.6,520.1,1144.9,686.1,conscientiousness_high4_IzKWDY_QNTU.000.mp4,1280,720,23.976,367,conscientiousness,high
103,4295,left_eye,502.0,259.9,607.3,336.0,787.5,414.9,919.2,510.0,conscientiousness_high4_IzKWDY_QNTU.000.mp4,1280,720,23.976,367,conscientiousness,high
103,4295,right_eye,665.6,247.8,772.6,327.8,992.0,399.8,1125.7,499.7,conscientiousness_high4_IzKWDY_QNTU.000.mp4,1280,720,23.976,367,conscientiousness,high
103,4295,nose,598.1,302.5,687.6,424.6,907.7,468.1,1019.5,620.8,conscientiousness_high4_IzKWDY_QNTU.000.mp4,1280,720,23.976,367,conscientiousness,high
103,4295,mouth,583.9,447.2,705.9,514.7,889.8,649.0,1042.3,733.3,conscientiousness_high4_IzKWDY_QNTU.000.mp4,1280,720,23.976,367,conscientiousness,high
103,4295,forehead,474.2,193.7,799.8,477.2,752.8,332.1,1159.7,686.5,conscientiousness_high4_IzKWDY_QNTU.000.mp4,1280,720,23.976,367,conscientiousness,high
103,4295,chin,478.0,344.2,799.4,573.3,757.5,520.2,1159.3,806.6,conscientiousness_high4_IzKWDY_QNTU.000.mp4,1280,720,23.976,367,conscientiousness,high
103,4295,left_cheek,491.8,359.1,589.8,487.1,774.7,538.9,897.3,698.9,conscientiousness_high4_IzKWDY_QNTU.000.mp4,1280,720,23.976,367,conscientiousness,high
103,4295,right_cheek,691.8,344.0,788.0,476.2,1024.7,520.0,1145.0,685.3,conscientiousness_high4_IzKWDY_QNTU.000.mp4,1280,720,23.976,367,conscientiousness,high
104,4337,left_eye,501.7,260.0,607.1,335.9,787.1,415.0,918.9,509.9,conscientiousness_high4_IzKWDY_QNTU.000.mp4,1280,720,23.976,367,conscientiousness,high
104,4337,right_eye,665.5,247.8,772.6,327.8,991.9,399.7,1125.8,499.7,conscientiousness_high4_IzKWDY_QNTU.000.mp4,1280,720,23.976,367,conscientiousness,high
104,4337,nose,597.9,302.5,687.5,423.6,907.4,468.1,1019.4,619.5,conscientiousness_high4_IzKWDY_QNTU.000.mp4,1280,720,23.976,367,conscientiousness,high
104,4337,mouth,583.5,444.3,706.9,515.3,889.3,645.3,1043.7,734.1,conscientiousness_high4_IzKWDY_QNTU.000.mp4,1280,720,23.976,367,conscientiousness,high
104,4337,forehead,474.0,193.9,799.8,477.2,752.5,332.3,1159.7,686.6,conscientiousness_high4_IzKWDY_QNTU.000.mp4,1280,720,23.976,367,conscientiousness,high
104,4337,chin,477.7,344.2,799.5,573.7,757.1,520.3,1159.4,807.2,conscientiousness_high4_IzKWDY_QNTU.000.mp4,1280,720,23.976,367,conscientiousness,high
104,4337,left_cheek,491.6,359.0,589.6,486.8,774.5,538.7,897.0,698.5,conscientiousness_high4_IzKWDY_QNTU.000.mp4,1280,720,23.976,367,conscientiousness,high
104,4337,right_cheek,691.8,343.6,788.0,475.4,1024.8,519.5,1145.0,684.2,conscientiousness_high4_IzKWDY_QNTU.000.mp4,1280,720,23.976,367,conscientiousness,high
105,4379,left_eye,501.5,260.1,606.9,336.0,786.9,415.2,918.7,510.0,conscientiousness_high4_IzKWDY_QNTU.000.mp4,1280,720,23.976,367,conscientiousness,high
105,4379,right_eye,665.1,247.7,772.7,327.7,991.4,399.7,1125.8,499.6,conscientiousness_high4_IzKWDY_QNTU.000.mp4,1280,720,23.976,367,conscientiousness,high
105,4379,nose,596.7,302.4,687.0,423.1,905.9,468.0,1018.7,618.9,conscientiousness_high4_IzKWDY_QNTU.000.mp4,1280,720,23.976,367,conscientiousness,high
105,4379,mouth,579.6,441.9,708.3,515.5,884.5,642.4,1045.4,734.4,conscientiousness_high4_IzKWDY_QNTU.000.mp4,1280,720,23.976,367,conscientiousness,high
105,4379,forehead,473.9,193.8,800.1,477.9,752.4,332.3,1160.1,687.3,conscientiousness_high4_IzKWDY_QNTU.000.mp4,1280,720,23.976,367,conscientiousness,high
105,4379,chin,477.6,344.6,799.8,574.8,757.0,520.7,1159.8,808.5,conscientiousness_high4_IzKWDY_QNTU.000.mp4,1280,720,23.976,367,conscientiousness,high
105,4379,left_cheek,491.3,358.8,589.0,486.5,774.1,538.5,896.2,698.1,conscientiousness_high4_IzKWDY_QNTU.000.mp4,1280,720,23.976,367,conscientiousness,high
105,4379,right_cheek,691.7,343.5,788.1,475.1,1024.6,519.3,1145.1,683.9,conscientiousness_high4_IzKWDY_QNTU.000.mp4,1280,720,23.976,367,conscientiousness,high
106,4421,left_eye,501.6,260.7,607.0,336.1,787.0,415.9,918.8,510.1,conscientiousness_high4_IzKWDY_QNTU.000.mp4,1280,720,23.976,367,conscientiousness,high
106,4421,right_eye,665.1,247.9,773.2,327.7,991.4,399.8,1126.5,499.6,conscientiousness_high4_IzKWDY_QNTU.000.mp4,1280,720,23.976,367,conscientiousness,high
106,4421,nose,596.2,302.4,687.0,422.6,905.3,468.0,1018.8,618.3,conscientiousness_high4_IzKWDY_QNTU.000.mp4,1280,720,23.976,367,conscientiousness,high
106,4421,mouth,576.9,440.3,711.1,515.4,881.2,640.4,1048.9,734.3,conscientiousness_high4_IzKWDY_QNTU.000.mp4,1280,720,23.976,367,conscientiousness,high
106,4421,forehead,474.2,193.8,801.5,478.9,752.8,332.3,1161.9,688.7,conscientiousness_high4_IzKWDY_QNTU.000.mp4,1280,720,23.976,367,conscientiousness,high
106,4421,chin,478.0,345.4,801.2,576.8,757.5,521.7,1161.5,810.9,conscientiousness_high4_IzKWDY_QNTU.000.mp4,1280,720,23.976,367,conscientiousness,high
106,4421,left_cheek,491.3,358.6,588.9,486.3,774.2,538.2,896.1,697.9,conscientiousness_high4_IzKWDY_QNTU.000.mp4,1280,720,23.976,367,conscientiousness,high
106,4421,right_cheek,691.8,343.4,788.9,475.0,1024.7,519.3,1146.1,683.8,conscientiousness_high4_IzKWDY_QNTU.000.mp4,1280,720,23.976,367,conscientiousness,high
107,4462,left_eye,502.1,260.8,607.4,336.1,787.6,416.0,919.2,510.2,conscientiousness_high4_IzKWDY_QNTU.000.mp4,1280,720,23.976,367,conscientiousness,high
107,4462,right_eye,665.3,248.2,773.4,327.7,991.6,400.3,1126.8,499.6,conscientiousness_high4_IzKWDY_QNTU.000.mp4,1280,720,23.976,367,conscientiousness,high
107,4462,nose,596.0,302.4,687.1,422.8,905.0,468.0,1018.9,618.5,conscientiousness_high4_IzKWDY_QNTU.000.mp4,1280,720,23.976,367,conscientiousness,high
107,4462,mouth,574.8,440.3,713.2,513.9,878.5,640.3,1051.5,732.4,conscientiousness_high4_IzKWDY_QNTU.000.mp4,1280,720,23.976,367,conscientiousness,high
107,4462,forehead,474.7,193.8,802.0,479.2,753.4,332.2,1162.5,689.0,conscientiousness_high4_IzKWDY_QNTU.000.mp4,1280,720,23.976,367,conscientiousness,high
107,4462,chin,478.4,345.8,801.5,577.3,758.0,522.3,1161.9,811.7,conscientiousness_high4_IzKWDY_QNTU.000.mp4,1280,720,23.976,367,conscientiousness,high
107,4462,left_cheek,491.6,358.4,588.9,485.7,774.4,537.9,896.1,697.1,conscientiousness_high4_IzKWDY_QNTU.000.mp4,1280,720,23.976,367,conscientiousness,high
107,4462,right_cheek,691.9,343.4,789.0,475.0,1024.8,519.3,1146.3,683.7,conscientiousness_high4_IzKWDY_QNTU.000.mp4,1280,720,23.976,367,conscientiousness,high
108,4504,left_eye,502.6,260.8,607.7,335.8,788.2,416.0,919.6,509.7,conscientiousness_high4_IzKWDY_QNTU.000.mp4,1280,720,23.976,367,conscientiousness,high
108,4504,right_eye,665.5,248.2,773.7,327.1,991.9,400.3,1127.1,498.9,conscientiousness_high4_IzKWDY_QNTU.000.mp4,1280,720,23.976,367,conscientiousness,high
108,4504,nose,596.0,302.2,687.5,422.7,905.0,467.8,1019.4,618.4,conscientiousness_high4_IzKWDY_QNTU.000.mp4,1280,720,23.976,367,conscientiousness,high
108,4504,mouth,573.1,439.7,715.5,510.4,876.3,639.6,1054.4,728.1,conscientiousness_high4_IzKWDY_QNTU.000.mp4,1280,720,23.976,367,conscientiousness,high
108,4504,forehead,475.3,193.5,802.4,479.0,754.1,331.8,1163.0,688.8,conscientiousness_high4_IzKWDY_QNTU.000.mp4,1280,720,23.976,367,conscientiousness,high
108,4504,chin,478.9,345.8,802.0,577.1,758.6,522.3,1162.4,811.3,conscientiousness_high4_IzKWDY_QNTU.000.mp4,1280,720,23.976,367,conscientiousness,high
108,4504,left_cheek,491.9,357.1,588.9,484.1,774.8,536.4,896.2,695.1,conscientiousness_high4_IzKWDY_QNTU.000.mp4,1280,720,23.976,367,conscientiousness,high
108,4504,right_cheek,692.1,343.0,789.3,473.7,1025.2,518.7,1146.6,682.2,conscientiousness_high4_IzKWDY_QNTU.000.mp4,1280,720,23.976,367,conscientiousness,high
109,4546,left_eye,503.1,260.8,608.5,335.8,788.8,416.0,920.6,509.7,conscientiousness_high4_IzKWDY_QNTU.000.mp4,1280,720,23.976,367,conscientiousness,high
109,4546,right_eye,665.7,248.2,773.8,327.0,992.2,400.3,1127.3,498.8,conscientiousness_high4_IzKWDY_QNTU.000.mp4,1280,720,23.976,367,conscientiousness,high
109,4546,nose,596.0,302.2,687.6,422.8,905.0,467.7,1019.5,618.5,conscientiousness_high4_IzKWDY_QNTU.000.mp4,1280,720,23.976,367,conscientiousness,high
109,4546,mouth,572.4,439.6,715.8,509.6,875.5,639.5,1054.8,727.0,conscientiousness_high4_IzKWDY_QNTU.000.mp4,1280,720,23.976,367,conscientiousness,high
109,4546,forehead,475.3,193.2,802.6,478.8,754.2,331.5,1163.3,688.5,conscientiousness_high4_IzKWDY_QNTU.000.mp4,1280,720,23.976,367,conscientiousness,high
109,4546,chin,478.9,345.8,802.1,576.6,758.7,522.3,1162.7,810.7,conscientiousness_high4_IzKWDY_QNTU.000.mp4,1280,720,23.976,367,conscientiousness,high
109,4546,left_cheek,492.0,356.8,589.0,483.3,775.0,535.9,896.3,694.1,conscientiousness_high4_IzKWDY_QNTU.000.mp4,1280,720,23.976,367,conscientiousness,high
109,4546,right_cheek,692.3,342.8,789.5,473.4,1025.4,518.5,1146.8,681.8,conscientiousness_high4_IzKWDY_QNTU.000.mp4,1280,720,23.976,367,conscientiousness,high
110,4587,left_eye,503.2,260.5,608.8,335.1,789.0,415.6,920.9,508.9,conscientiousness_high4_IzKWDY_QNTU.000.mp4,1280,720,23.976,367,conscientiousness,high
110,4587,right_eye,666.0,247.7,774.1,326.5,992.5,399.7,1127.6,498.1,conscientiousness_high4_IzKWDY_QNTU.000.mp4,1280,720,23.976,367,conscientiousness,high
110,4587,nose,596.1,301.7,688.0,422.5,905.1,467.1,1020.0,618.1,conscientiousness_high4_IzKWDY_QNTU.000.mp4,1280,720,23.976,367,conscientiousness,high
110,4587,mouth,572.0,439.0,716.3,508.6,875.0,638.8,1055.4,725.8,conscientiousness_high4_IzKWDY_QNTU.000.mp4,1280,720,23.976,367,conscientiousness,high
110,4587,forehead,475.4,192.5,802.7,478.2,754.2,330.6,1163.4,687.8,conscientiousness_high4_IzKWDY_QNTU.000.mp4,1280,720,23.976,367,conscientiousness,high
110,4587,chin,479.0,345.7,802.2,575.9,758.7,522.2,1162.7,809.8,conscientiousness_high4_IzKWDY_QNTU.000.mp4,1280,720,23.976,367,conscientiousness,high
110,4587,left_cheek,492.1,355.7,589.0,482.1,775.1,534.7,896.3,692.6,conscientiousness_high4_IzKWDY_QNTU.000.mp4,1280,720,23.976,367,conscientiousness,high
110,4587,right_cheek,692.6,342.3,789.7,472.6,1025.7,517.9,1147.1,680.7,conscientiousness_high4_IzKWDY_QNTU.000.mp4,1280,720,23.976,367,conscientiousness,high
111,4629,left_eye,504.2,260.5,609.5,335.1,790.3,415.7,921.9,508.9,conscientiousness_high4_IzKWDY_QNTU.000.mp4,1280,720,23.976,367,conscientiousness,high
111,4629,right_eye,666.4,247.6,775.0,326.5,993.0,399.4,1128.7,498.1,conscientiousness_high4_IzKWDY_QNTU.000.mp4,1280,720,23.976,367,conscientiousness,high
111,4629,nose,596.2,301.6,688.2,422.5,905.2,467.1,1020.2,618.1,conscientiousness_high4_IzKWDY_QNTU.000.mp4,1280,720,23.976,367,conscientiousness,high
111,4629,mouth,572.2,439.2,717.2,508.5,875.2,639.0,1056.6,725.6,conscientiousness_high4_IzKWDY_QNTU.000.mp4,1280,720,23.976,367,conscientiousness,high
111,4629,forehead,476.8,192.4,804.0,477.7,756.0,330.5,1165.1,687.1,conscientiousness_high4_IzKWDY_QNTU.000.mp4,1280,720,23.976,367,conscientiousness,high
111,4629,chin,480.4,345.7,803.4,575.5,760.5,522.1,1164.2,809.4,conscientiousness_high4_IzKWDY_QNTU.000.mp4,1280,720,23.976,367,conscientiousness,high
111,4629,left_cheek,492.9,355.6,589.4,481.6,776.1,534.4,896.7,692.1,conscientiousness_high4_IzKWDY_QNTU.000.mp4,1280,720,23.976,367,conscientiousness,high
111,4629,right_cheek,693.0,342.2,790.6,472.4,1026.3,517.8,1148.2,680.5,conscientiousness_high4_IzKWDY_QNTU.000.mp4,1280,720,23.976,367,conscientiousness,high
112,4671,left_eye,504.9,260.6,609.9,335.3,791.1,415.8,922.4,509.1,conscientiousness_high4_IzKWDY_QNTU.000.mp4,1280,720,23.976,367,conscientiousness,high
112,4671,right_eye,666.4,248.1,775.0,327.0,993.0,400.1,1128.7,498.7,conscientiousness_high4_IzKWDY_QNTU.000.mp4,1280,720,23.976,367,conscientiousness,high
112,4671,nose,596.2,302.0,688.2,423.6,905.2,467.5,1020.3,619.5,conscientiousness_high4_IzKWDY_QNTU.000.mp4,1280,720,23.976,367,conscientiousness,high
112,4671,mouth,571.6,439.8,716.8,508.7,874.5,639.8,1056.0,725.9,conscientiousness_high4_IzKWDY_QNTU.000.mp4,1280,720,23.976,367,conscientiousness,high
112,4671,forehead,476.9,192.5,804.1,477.0,756.2,330.6,1165.1,686.3,conscientiousness_high4_IzKWDY_QNTU.000.mp4,1280,720,23.976,367,conscientiousness,high
112,4671,chin,480.6,345.8,803.4,575.5,760.8,522.2,1164.3,809.4,conscientiousness_high4_IzKWDY_QNTU.000.mp4,1280,720,23.976,367,conscientiousness,high
112,4671,left_cheek,493.2,355.6,589.5,481.6,776.5,534.4,896.9,692.1,conscientiousness_high4_IzKWDY_QNTU.000.mp4,1280,720,23.976,367,conscientiousness,high
112,4671,right_cheek,693.0,342.6,790.6,472.8,1026.3,518.2,1148.2,681.0,conscientiousness_high4_IzKWDY_QNTU.000.mp4,1280,720,23.976,367,conscientiousness,high
113,4713,left_eye,507.5,261.8,610.8,336.0,794.4,417.2,923.5,510.0,conscientiousness_high4_IzKWDY_QNTU.000.mp4,1280,720,23.976,367,conscientiousness,high
113,4713,right_eye,667.0,248.7,777.5,328.0,993.8,400.9,1131.9,500.1,conscientiousness_high4_IzKWDY_QNTU.000.mp4,1280,720,23.976,367,conscientiousness,high
113,4713,nose,596.3,303.2,688.6,425.0,905.4,469.0,1020.7,621.3,conscientiousness_high4_IzKWDY_QNTU.000.mp4,1280,720,23.976,367,conscientiousness,high
113,4713,mouth,573.2,442.6,718.2,515.4,876.4,643.3,1057.7,734.3,conscientiousness_high4_IzKWDY_QNTU.000.mp4,1280,720,23.976,367,conscientiousness,high
113,4713,forehead,481.8,193.3,808.5,476.8,762.2,331.6,1170.7,686.0,conscientiousness_high4_IzKWDY_QNTU.000.mp4,1280,720,23.976,367,conscientiousness,high
113,4713,chin,485.4,346.0,808.1,578.1,766.7,522.5,1170.1,812.6,conscientiousness_high4_IzKWDY_QNTU.000.mp4,1280,720,23.976,367,conscientiousness,high
113,4713,left_cheek,496.0,355.9,590.6,482.0,780.0,534.9,898.2,692.5,conscientiousness_high4_IzKWDY_QNTU.000.mp4,1280,720,23.976,367,conscientiousness,high
113,4713,right_cheek,694.0,343.3,793.5,474.8,1027.5,519.1,1151.9,683.5,conscientiousness_high4_IzKWDY_QNTU.000.mp4,1280,720,23.976,367,conscientiousness,high
114,4754,left_eye,507.7,264.4,610.3,336.5,794.6,420.5,922.9,510.6,conscientiousness_high4_IzKWDY_QNTU.000.mp4,1280,720,23.976,367,conscientiousness,high
114,4754,right_eye,668.0,252.0,779.0,329.7,995.0,405.0,1133.7,502.1,conscientiousness_high4_IzKWDY_QNTU.000.mp4,1280,720,23.976,367,conscientiousness,high
114,4754,nose,595.2,310.0,688.6,428.2,904.0,477.5,1020.8,625.3,conscientiousness_high4_IzKWDY_QNTU.000.mp4,1280,720,23.976,367,conscientiousness,high
114,4754,mouth,573.2,446.5,717.8,520.0,876.5,648.1,1057.2,740.0,conscientiousness_high4_IzKWDY_QNTU.000.mp4,1280,720,23.976,367,conscientiousness,high
114,4754,forehead,484.2,198.2,809.9,475.0,765.3,337.7,1172.3,683.7,conscientiousness_high4_IzKWDY_QNTU.000.mp4,1280,720,23.976,367,conscientiousness,high
114,4754,chin,487.7,346.0,809.2,580.4,769.6,522.5,1171.5,815.5,conscientiousness_high4_IzKWDY_QNTU.000.mp4,1280,720,23.976,367,conscientiousness,high
114,4754,left_cheek,497.3,356.0,590.6,482.1,781.7,535.0,898.2,692.7,conscientiousness_high4_IzKWDY_QNTU.000.mp4,1280,720,23.976,367,conscientiousness,high
114,4754,right_cheek,694.0,344.9,793.6,477.6,1027.5,521.1,1152.0,687.1,conscientiousness_high4_IzKWDY_QNTU.000.mp4,1280,720,23.976,367,conscientiousness,high
115,4796,left_eye,507.6,265.5,609.1,336.9,794.5,421.9,921.4,511.1,conscientiousness_high4_IzKWDY_QNTU.000.mp4,1280,720,23.976,367,conscientiousness,high
115,4796,right_eye,668.5,254.3,780.0,331.1,995.7,407.8,1135.0,503.9,conscientiousness_high4_IzKWDY_QNTU.000.mp4,1280,720,23.976,367,conscientiousness,high
115,4796,nose,593.1,313.2,688.4,430.0,901.4,481.5,1020.5,627.5,conscientiousness_high4_IzKWDY_QNTU.000.mp4,1280,720,23.976,367,conscientiousness,high
115,4796,mouth,573.3,448.0,717.6,519.7,876.6,650.0,1057.0,739.6,conscientiousness_high4_IzKWDY_QNTU.000.mp4,1280,720,23.976,367,conscientiousness,high
115,4796,forehead,487.1,200.8,811.1,474.0,768.8,341.0,1173.8,682.5,conscientiousness_high4_IzKWDY_QNTU.000.mp4,1280,720,23.976,367,conscientiousness,high
115,4796,chin,489.8,346.4,810.4,580.8,772.2,523.0,1173.1,816.0,conscientiousness_high4_IzKWDY_QNTU.000.mp4,1280,720,23.976,367,conscientiousness,high
115,4796,left_cheek,497.9,356.0,590.1,482.2,782.4,535.0,897.6,692.7,conscientiousness_high4_IzKWDY_QNTU.000.mp4,1280,720,23.976,367,conscientiousness,high
115,4796,right_cheek,693.8,346.5,793.6,479.2,1027.3,523.1,1152.0,689.0,conscientiousness_high4_IzKWDY_QNTU.000.mp4,1280,720,23.976,367,conscientiousness,high
116,4838,left_eye,508.0,266.3,609.0,337.7,795.0,422.9,921.2,512.1,conscientiousness_high4_IzKWDY_QNTU.000.mp4,1280,720,23.976,367,conscientiousness,high
116,4838,right_eye,669.0,255.8,781.0,332.7,996.3,409.7,1136.3,505.9,conscientiousness_high4_IzKWDY_QNTU.000.mp4,1280,720,23.976,367,conscientiousness,high
116,4838,nose,592.5,314.2,688.2,432.0,900.6,482.8,1020.3,630.0,conscientiousness_high4_IzKWDY_QNTU.000.mp4,1280,720,23.976,367,conscientiousness,high
116,4838,mouth,573.0,449.9,717.4,519.2,876.3,652.4,1056.7,739.0,conscientiousness_high4_IzKWDY_QNTU.000.mp4,1280,720,23.976,367,conscientiousness,high
116,4838,forehead,488.7,201.9,812.7,473.7,770.9,342.4,1175.8,682.2,conscientiousness_high4_IzKWDY_QNTU.000.mp4,1280,720,23.976,367,conscientiousness,high
116,4838,chin,491.1,347.9,811.9,581.2,773.9,524.8,1174.8,816.4,conscientiousness_high4_IzKWDY_QNTU.000.mp4,1280,720,23.976,367,conscientiousness,high
116,4838,left_cheek,498.5,356.2,590.0,482.2,783.1,535.3,897.5,692.8,conscientiousness_high4_IzKWDY_QNTU.000.mp4,1280,720,23.976,367,conscientiousness,high
116,4838,right_cheek,693.8,348.4,794.1,480.4,1027.3,525.5,1152.7,690.5,conscientiousness_high4_IzKWDY_QNTU.000.mp4,1280,720,23.976,367,conscientiousness,high
117,4879,left_eye,510.7,267.2,610.0,338.0,798.4,424.0,922.4,512.5,conscientiousness_high4_IzKWDY_QNTU.000.mp4,1280,720,23.976,367,conscientiousness,high
117,4879,right_eye,671.7,257.3,784.4,333.8,999.6,411.6,1140.5,507.3,conscientiousness_high4_IzKWDY_QNTU.000.mp4,1280,720,23.976,367,conscientiousness,high
117,4879,nose,592.6,315.5,688.8,433.1,900.7,484.3,1021.0,631.4,conscientiousness_high4_IzKWDY_QNTU.000.mp4,1280,720,23.976,367,conscientiousness,high
117,4879,mouth,574.4,451.2,717.5,519.8,877.9,654.0,1056.8,739.8,conscientiousness_high4_IzKWDY_QNTU.000.mp4,1280,720,23.976,367,conscientiousness,high
117,4879,forehead,493.1,203.1,816.1,473.6,776.4,343.9,1180.1,682.0,conscientiousness_high4_IzKWDY_QNTU.000.mp4,1280,720,23.976,367,conscientiousness,high
117,4879,chin,495.5,349.4,814.9,581.5,779.4,526.8,1178.7,816.9,conscientiousness_high4_IzKWDY_QNTU.000.mp4,1280,720,23.976,367,conscientiousness,high
117,4879,left_cheek,501.9,356.3,591.2,482.4,787.4,535.4,898.9,693.0,conscientiousness_high4_IzKWDY_QNTU.000.mp4,1280,720,23.976,367,conscientiousness,high
117,4879,right_cheek,694.9,350.1,796.5,482.1,1028.7,527.6,1155.7,692.6,conscientiousness_high4_IzKWDY_QNTU.000.mp4,1280,720,23.976,367,conscientiousness,high
118,4921,left_eye,510.4,267.0,607.5,337.9,798.0,423.7,919.3,512.4,conscientiousness_high4_IzKWDY_QNTU.000.mp4,1280,720,23.976,367,conscientiousness,high
118,4921,right_eye,670.5,256.5,783.6,333.6,998.2,410.6,1139.5,507.0,conscientiousness_high4_IzKWDY_QNTU.000.mp4,1280,720,23.976,367,conscientiousness,high
118,4921,nose,589.1,314.9,685.8,432.3,896.4,483.7,1017.3,630.4,conscientiousness_high4_IzKWDY_QNTU.000.mp4,1280,720,23.976,367,conscientiousness,high
118,4921,mouth,574.9,451.4,713.4,519.6,878.7,654.2,1051.7,739.5,conscientiousness_high4_IzKWDY_QNTU.000.mp4,1280,720,23.976,367,conscientiousness,high
118,4921,forehead,494.8,202.4,816.4,470.7,778.5,343.0,1180.5,678.3,conscientiousness_high4_IzKWDY_QNTU.000.mp4,1280,720,23.976,367,conscientiousness,high
118,4921,chin,496.9,349.2,815.2,581.0,781.2,526.6,1179.0,816.2,conscientiousness_high4_IzKWDY_QNTU.000.mp4,1280,720,23.976,367,conscientiousness,high
118,4921,left_cheek,501.6,355.3,589.2,481.8,787.0,534.1,896.6,692.3,conscientiousness_high4_IzKWDY_QNTU.000.mp4,1280,720,23.976,367,conscientiousness,high
118,4921,right_cheek,693.3,349.7,796.1,481.5,1026.6,527.2,1155.2,691.9,conscientiousness_high4_IzKWDY_QNTU.000.mp4,1280,720,23.976,367,conscientiousness,high
119,4963,left_eye,511.6,265.2,607.4,337.2,799.5,421.5,919.3,511.4,conscientiousness_high4_IzKWDY_QNTU.000.mp4,1280,720,23.976,367,conscientiousness,high
119,4963,right_eye,669.8,256.3,784.1,333.3,997.2,410.4,1140.2,506.6,conscientiousness_high4_IzKWDY_QNTU.000.mp4,1280,720,23.976,367,conscientiousness,high
119,4963,nose,587.0,314.9,682.2,431.9,893.7,483.6,1012.7,629.9,conscientiousness_high4_IzKWDY_QNTU.000.mp4,1280,720,23.976,367,conscientiousness,high
119,4963,mouth,575.2,451.6,704.8,512.6,879.0,654.6,1041.1,730.8,conscientiousness_high4_IzKWDY_QNTU.000.mp4,1280,720,23.976,367,conscientiousness,high
119,4963,forehead,500.5,202.2,819.9,469.1,785.7,342.8,1184.9,676.4,conscientiousness_high4_IzKWDY_QNTU.000.mp4,1280,720,23.976,367,conscientiousness,high
119,4963,chin,503.1,349.1,818.2,576.4,788.8,526.4,1182.7,810.5,conscientiousness_high4_IzKWDY_QNTU.000.mp4,1280,720,23.976,367,conscientiousness,high
119,4963,left_cheek,503.7,352.5,588.5,480.0,789.6,530.6,895.7,690.0,conscientiousness_high4_IzKWDY_QNTU.000.mp4,1280,720,23.976,367,conscientiousness,high
119,4963,right_cheek,691.7,350.2,796.6,481.6,1024.6,527.8,1155.8,692.0,conscientiousness_high4_IzKWDY_QNTU.000.mp4,1280,720,23.976,367,conscientiousness,high
120,5005,left_eye,511.9,259.7,604.4,334.5,799.8,414.7,915.5,508.2,conscientiousness_high4_IzKWDY_QNTU.000.mp4,1280,720,23.976,367,conscientiousness,high
120,5005,right_eye,663.6,255.7,782.6,333.2,989.5,409.6,1138.3,506.5,conscientiousness_high4_IzKWDY_QNTU.000.mp4,1280,720,23.976,367,conscientiousness,high
120,5005,nose,580.1,313.2,673.2,430.7,885.2,481.4,1001.5,628.4,conscientiousness_high4_IzKWDY_QNTU.000.mp4,1280,720,23.976,367,conscientiousness,high
120,5005,mouth,570.6,451.2,694.6,511.3,873.3,654.0,1028.3,729.2,conscientiousness_high4_IzKWDY_QNTU.000.mp4,1280,720,23.976,367,conscientiousness,high
120,5005,forehead,504.7,201.2,820.3,468.9,790.8,341.5,1185.4,676.2,conscientiousness_high4_IzKWDY_QNTU.000.mp4,1280,720,23.976,367,conscientiousness,high
120,5005,chin,508.0,346.8,818.4,575.4,795.1,523.5,1183.0,809.3,conscientiousness_high4_IzKWDY_QNTU.000.mp4,1280,720,23.976,367,conscientiousness,high
120,5005,left_cheek,503.4,348.0,584.0,476.7,789.2,525.0,890.0,685.8,conscientiousness_high4_IzKWDY_QNTU.000.mp4,1280,720,23.976,367,conscientiousness,high
120,5005,right_cheek,685.5,351.2,796.1,482.3,1016.9,528.9,1155.1,692.9,conscientiousness_high4_IzKWDY_QNTU.000.mp4,1280,720,23.976,367,conscientiousness,high
121,5046,left_eye,511.7,260.2,601.0,333.4,799.6,415.2,911.2,506.8,conscientiousness_high4_IzKWDY_QNTU.000.mp4,1280,720,23.976,367,conscientiousness,high
121,5046,right_eye,657.0,256.7,776.4,333.6,981.2,410.8,1130.5,507.0,conscientiousness_high4_IzKWDY_QNTU.000.mp4,1280,720,23.976,367,conscientiousness,high
121,5046,nose,575.3,313.0,667.8,430.7,879.2,481.2,994.7,628.4,conscientiousness_high4_IzKWDY_QNTU.000.mp4,1280,720,23.976,367,conscientiousness,high
121,5046,mouth,566.0,450.9,688.9,511.7,867.5,653.6,1021.1,729.6,conscientiousness_high4_IzKWDY_QNTU.000.mp4,1280,720,23.976,367,conscientiousness,high
121,5046,forehead,504.3,202.0,819.5,470.1,790.4,342.5,1184.4,677.7,conscientiousness_high4_IzKWDY_QNTU.000.mp4,1280,720,23.976,367,conscientiousness,high
121,5046,chin,508.1,346.4,817.6,575.7,795.1,522.9,1182.0,809.6,conscientiousness_high4_IzKWDY_QNTU.000.mp4,1280,720,23.976,367,conscientiousness,high
121,5046,left_cheek,502.9,347.1,580.1,475.5,788.6,523.8,885.1,684.4,conscientiousness_high4_IzKWDY_QNTU.000.mp4,1280,720,23.976,367,conscientiousness,high
121,5046,right_cheek,679.9,353.7,792.1,484.2,1009.8,532.1,1150.1,695.2,conscientiousness_high4_IzKWDY_QNTU.000.mp4,1280,720,23.976,367,conscientiousness,high
122,5088,left_eye,511.6,260.6,598.9,333.5,799.5,415.7,908.6,506.8,conscientiousness_high4_IzKWDY_QNTU.000.mp4,1280,720,23.976,367,conscientiousness,high
122,5088,right_eye,654.8,258.1,774.0,334.9,978.5,412.6,1127.5,508.6,conscientiousness_high4_IzKWDY_QNTU.000.mp4,1280,720,23.976,367,conscientiousness,high
122,5088,nose,571.7,315.4,663.8,430.6,874.7,484.2,989.7,628.2,conscientiousness_high4_IzKWDY_QNTU.000.mp4,1280,720,23.976,367,conscientiousness,high
122,5088,mouth,562.7,450.9,686.2,512.1,863.3,653.6,1017.7,730.2,conscientiousness_high4_IzKWDY_QNTU.000.mp4,1280,720,23.976,367,conscientiousness,high
122,5088,forehead,505.2,204.0,818.8,471.6,791.5,345.0,1183.5,679.5,conscientiousness_high4_IzKWDY_QNTU.000.mp4,1280,720,23.976,367,conscientiousness,high
122,5088,chin,509.0,345.9,817.1,574.7,796.3,522.4,1181.4,808.3,conscientiousness_high4_IzKWDY_QNTU.000.mp4,1280,720,23.976,367,conscientiousness,high
122,5088,left_cheek,501.9,346.7,577.6,474.7,787.4,523.3,881.9,683.4,conscientiousness_high4_IzKWDY_QNTU.000.mp4,1280,720,23.976,367,conscientiousness,high
122,5088,right_cheek,676.6,355.5,789.3,485.5,1005.7,534.4,1146.6,696.9,conscientiousness_high4_IzKWDY_QNTU.000.mp4,1280,720,23.976,367,conscientiousness,high
123,5130,left_eye,511.3,260.8,598.4,333.5,799.2,416.1,908.0,506.8,conscientiousness_high4_IzKWDY_QNTU.000.mp4,1280,720,23.976,367,conscientiousness,high
123,5130,right_eye,654.0,259.7,773.3,336.2,977.4,414.7,1126.7,510.3,conscientiousness_high4_IzKWDY_QNTU.000.mp4,1280,720,23.976,367,conscientiousness,high
123,5130,nose,570.6,316.7,662.4,430.7,873.3,485.9,988.0,628.3,conscientiousness_high4_IzKWDY_QNTU.000.mp4,1280,720,23.976,367,conscientiousness,high
123,5130,mouth,560.8,450.9,686.7,510.5,861.0,653.6,1018.4,728.1,conscientiousness_high4_IzKWDY_QNTU.000.mp4,1280,720,23.976,367,conscientiousness,high
123,5130,forehead,505.7,204.9,818.4,471.6,792.1,346.1,1183.0,679.5,conscientiousness_high4_IzKWDY_QNTU.000.mp4,1280,720,23.976,367,conscientiousness,high
123,5130,chin,509.5,345.1,816.8,573.9,796.9,521.3,1181.0,807.4,conscientiousness_high4_IzKWDY_QNTU.000.mp4,1280,720,23.976,367,conscientiousness,high
123,5130,left_cheek,501.8,346.2,576.8,473.9,787.2,522.8,881.0,682.4,conscientiousness_high4_IzKWDY_QNTU.000.mp4,1280,720,23.976,367,conscientiousness,high
123,5130,right_cheek,675.3,356.5,787.7,485.8,1004.1,535.6,1144.6,697.3,conscientiousness_high4_IzKWDY_QNTU.000.mp4,1280,720,23.976,367,conscientiousness,high
124,5171,left_eye,511.2,263.6,598.4,333.8,799.0,419.5,908.0,507.2,conscientiousness_high4_IzKWDY_QNTU.000.mp4,1280,720,23.976,367,conscientiousness,high
124,5171,right_eye,653.7,263.4,772.7,338.5,977.1,419.2,1125.8,513.1,conscientiousness_high4_IzKWDY_QNTU.000.mp4,1280,720,23.976,367,conscientiousness,high
124,5171,nose,571.2,320.6,662.8,432.2,874.0,490.8,988.6,630.3,conscientiousness_high4_IzKWDY_QNTU.000.mp4,1280,720,23.976,367,conscientiousness,high
124,5171,mouth,560.7,452.1,688.6,509.4,860.9,655.1,1020.8,726.7,conscientiousness_high4_IzKWDY_QNTU.000.mp4,1280,720,23.976,367,conscientiousness,high
124,5171,forehead,506.5,208.1,818.2,473.1,793.1,350.2,1182.8,681.4,conscientiousness_high4_IzKWDY_QNTU.000.mp4,1280,720,23.976,367,conscientiousness,high
124,5171,chin,510.1,345.7,816.6,573.9,797.6,522.1,1180.8,807.4,conscientiousness_high4_IzKWDY_QNTU.000.mp4,1280,720,23.976,367,conscientiousness,high
124,5171,left_cheek,501.7,346.8,577.2,474.4,787.2,523.5,881.5,683.0,conscientiousness_high4_IzKWDY_QNTU.000.mp4,1280,720,23.976,367,conscientiousness,high
124,5171,right_cheek,675.2,358.5,787.1,487.5,1004.0,538.1,1143.9,699.4,conscientiousness_high4_IzKWDY_QNTU.000.mp4,1280,720,23.976,367,conscientiousness,high
125,5213,left_eye,511.2,266.3,598.9,334.9,798.9,422.9,908.6,508.6,conscientiousness_high4_IzKWDY_QNTU.000.mp4,1280,720,23.976,367,conscientiousness,high
125,5213,right_eye,654.5,264.9,772.8,339.9,978.2,421.1,1126.0,514.9,conscientiousness_high4_IzKWDY_QNTU.000.mp4,1280,720,23.976,367,conscientiousness,high
125,5213,nose,572.8,322.6,664.0,432.8,876.0,493.3,990.1,631.1,conscientiousness_high4_IzKWDY_QNTU.000.mp4,1280,720,23.976,367,conscientiousness,high
125,5213,mouth,562.0,453.0,690.4,510.3,862.5,656.3,1022.9,727.9,conscientiousness_high4_IzKWDY_QNTU.000.mp4,1280,720,23.976,367,conscientiousness,high
125,5213,forehead,506.6,210.6,817.6,473.5,793.2,353.2,1182.1,681.8,conscientiousness_high4_IzKWDY_QNTU.000.mp4,1280,720,23.976,367,conscientiousness,high
125,5213,chin,510.9,346.2,816.0,575.9,798.6,522.7,1180.0,809.9,conscientiousness_high4_IzKWDY_QNTU.000.mp4,1280,720,23.976,367,conscientiousness,high
125,5213,left_cheek,502.9,347.1,578.1,474.5,788.6,523.8,882.6,683.2,conscientiousness_high4_IzKWDY_QNTU.000.mp4,1280,720,23.976,367,conscientiousness,high
125,5213,right_cheek,676.1,359.1,786.7,488.1,1005.1,538.9,1143.4,700.1,conscientiousness_high4_IzKWDY_QNTU.000.mp4,1280,720,23.976,367,conscientiousness,high
126,5255,left_eye,511.6,266.1,599.0,335.6,799.5,422.6,908.7,509.6,conscientiousness_high4_IzKWDY_QNTU.000.mp4,1280,720,23.976,367,conscientiousness,high
126,5255,right_eye,655.3,264.4,773.2,340.2,979.1,420.5,1126.4,515.2,conscientiousness_high4_IzKWDY_QNTU.000.mp4,1280,720,23.976,367,conscientiousness,high
126,5255,nose,573.7,322.3,665.3,433.0,877.1,492.9,991.7,631.3,conscientiousness_high4_IzKWDY_QNTU.000.mp4,1280,720,23.976,367,conscientiousness,high
126,5255,mouth,565.7,453.4,691.1,520.2,867.1,656.7,1023.9,740.2,conscientiousness_high4_IzKWDY_QNTU.000.mp4,1280,720,23.976,367,conscientiousness,high
126,5255,forehead,507.4,209.9,817.6,474.8,794.3,352.4,1182.0,683.4,conscientiousness_high4_IzKWDY_QNTU.000.mp4,1280,720,23.976,367,conscientiousness,high
126,5255,chin,511.4,346.3,816.0,579.0,799.3,522.8,1180.0,813.7,conscientiousness_high4_IzKWDY_QNTU.000.mp4,1280,720,23.976,367,conscientiousness,high
126,5255,left_cheek,503.3,347.3,578.2,475.9,789.1,524.2,882.8,684.8,conscientiousness_high4_IzKWDY_QNTU.000.mp4,1280,720,23.976,367,conscientiousness,high
126,5255,right_cheek,677.1,359.2,787.1,489.1,1006.4,539.0,1143.8,701.4,conscientiousness_high4_IzKWDY_QNTU.000.mp4,1280,720,23.976,367,conscientiousness,high
127,5296,left_eye,512.0,266.7,599.0,337.2,800.0,423.4,908.8,511.4,conscientiousness_high4_IzKWDY_QNTU.000.mp4,1280,720,23.976,367,conscientiousness,high
127,5296,right_eye,655.6,264.6,773.4,340.7,979.5,420.8,1126.7,515.9,conscientiousness_high4_IzKWDY_QNTU.000.mp4,1280,720,23.976,367,conscientiousness,high
127,5296,nose,574.2,323.6,665.6,434.0,877.7,494.5,992.0,632.5,conscientiousness_high4_IzKWDY_QNTU.000.mp4,1280,720,23.976,367,conscientiousness,high
127,5296,mouth,567.2,454.4,694.4,525.1,869.0,658.0,1028.1,746.4,conscientiousness_high4_IzKWDY_QNTU.000.mp4,1280,720,23.976,367,conscientiousness,high
127,5296,forehead,507.9,210.7,817.5,475.0,794.9,353.4,1181.9,683.8,conscientiousness_high4_IzKWDY_QNTU.000.mp4,1280,720,23.976,367,conscientiousness,high
127,5296,chin,512.8,347.4,816.0,582.9,800.9,524.2,1180.0,818.6,conscientiousness_high4_IzKWDY_QNTU.000.mp4,1280,720,23.976,367,conscientiousness,high
127,5296,left_cheek,503.9,348.8,578.6,477.7,789.9,525.9,883.2,687.1,conscientiousness_high4_IzKWDY_QNTU.000.mp4,1280,720,23.976,367,conscientiousness,high
127,5296,right_cheek,677.4,359.3,787.3,489.7,1006.8,539.1,1144.1,702.2,conscientiousness_high4_IzKWDY_QNTU.000.mp4,1280,720,23.976,367,conscientiousness,high
128,5338,left_eye,512.1,266.9,599.7,338.4,800.2,423.6,909.7,513.0,conscientiousness_high4_IzKWDY_QNTU.000.mp4,1280,720,23.976,367,conscientiousness,high
128,5338,right_eye,657.3,264.6,775.0,341.1,981.6,420.7,1128.7,516.3,conscientiousness_high4_IzKWDY_QNTU.000.mp4,1280,720,23.976,367,conscientiousness,high
128,5338,nose,575.9,323.9,667.6,435.7,879.8,494.9,994.5,634.6,conscientiousness_high4_IzKWDY_QNTU.000.mp4,1280,720,23.976,367,conscientiousness,high
128,5338,mouth,569.7,456.2,695.7,526.0,872.1,660.2,1029.7,747.5,conscientiousness_high4_IzKWDY_QNTU.000.mp4,1280,720,23.976,367,conscientiousness,high
128,5338,forehead,507.4,210.6,818.2,474.8,794.3,353.2,1182.7,683.5,conscientiousness_high4_IzKWDY_QNTU.000.mp4,1280,720,23.976,367,conscientiousness,high
128,5338,chin,512.0,347.6,816.7,583.9,800.0,524.5,1180.9,819.9,conscientiousness_high4_IzKWDY_QNTU.000.mp4,1280,720,23.976,367,conscientiousness,high
128,5338,left_cheek,504.0,349.8,580.0,478.9,790.0,527.3,885.0,688.6,conscientiousness_high4_IzKWDY_QNTU.000.mp4,1280,720,23.976,367,conscientiousness,high
128,5338,right_cheek,679.1,359.1,788.8,490.0,1008.9,538.9,1146.0,702.5,conscientiousness_high4_IzKWDY_QNTU.000.mp4,1280,720,23.976,367,conscientiousness,high
129,5380,left_eye,512.5,266.8,601.5,338.7,800.7,423.5,911.8,513.4,conscientiousness_high4_IzKWDY_QNTU.000.mp4,1280,720,23.976,367,conscientiousness,high
129,5380,right_eye,660.0,264.2,777.3,340.8,984.9,420.3,1131.6,516.0,conscientiousness_high4_IzKWDY_QNTU.000.mp4,1280,720,23.976,367,conscientiousness,high
129,5380,nose,578.6,323.7,670.0,436.0,883.2,494.6,997.5,635.1,conscientiousness_high4_IzKWDY_QNTU.000.mp4,1280,720,23.976,367,conscientiousness,high
129,5380,mouth,573.1,456.1,695.3,524.0,876.4,660.1,1029.2,745.0,conscientiousness_high4_IzKWDY_QNTU.000.mp4,1280,720,23.976,367,conscientiousness,high
129,5380,forehead,507.4,210.2,818.9,473.5,794.3,352.8,1183.6,681.8,conscientiousness_high4_IzKWDY_QNTU.000.mp4,1280,720,23.976,367,conscientiousness,high
129,5380,chin,511.8,347.5,817.3,583.0,799.8,524.4,1181.6,818.8,conscientiousness_high4_IzKWDY_QNTU.000.mp4,1280,720,23.976,367,conscientiousness,high
129,5380,left_cheek,504.8,349.8,582.2,478.9,791.0,527.3,887.7,688.7,conscientiousness_high4_IzKWDY_QNTU.000.mp4,1280,720,23.976,367,conscientiousness,high
129,5380,right_cheek,681.1,359.1,790.6,489.7,1011.4,538.9,1148.2,702.1,conscientiousness_high4_IzKWDY_QNTU.000.mp4,1280,720,23.976,367,conscientiousness,high
130,5422,left_eye,513.4,266.0,602.6,338.6,801.7,422.5,913.3,513.2,conscientiousness_high4_IzKWDY_QNTU.000.mp4,1280,720,23.976,367,conscientiousness,high
130,5422,right_eye,661.9,263.8,779.0,340.6,987.4,419.7,1133.7,515.8,conscientiousness_high4_IzKWDY_QNTU.000.mp4,1280,720,23.976,367,conscientiousness,high
130,5422,nose,580.6,323.4,671.4,435.8,885.7,494.3,999.3,634.7,conscientiousness_high4_IzKWDY_QNTU.000.mp4,1280,720,23.976,367,conscientiousness,high
130,5422,mouth,574.5,455.9,693.6,523.1,878.1,659.8,1027.0,743.8,conscientiousness_high4_IzKWDY_QNTU.000.mp4,1280,720,23.976,367,conscientiousness,high
130,5422,forehead,507.8,209.4,819.3,472.0,794.7,351.8,1184.1,680.0,conscientiousness_high4_IzKWDY_QNTU.000.mp4,1280,720,23.976,367,conscientiousness,high
130,5422,chin,511.6,346.5,817.5,583.0,799.5,523.1,1181.9,818.7,conscientiousness_high4_IzKWDY_QNTU.000.mp4,1280,720,23.976,367,conscientiousness,high
130,5422,left_cheek,505.3,349.5,583.7,478.7,791.7,526.9,889.6,688.4,conscientiousness_high4_IzKWDY_QNTU.000.mp4,1280,720,23.976,367,conscientiousness,high
130,5422,right_cheek,682.5,358.8,791.7,489.7,1013.1,538.5,1149.6,702.1,conscientiousness_high4_IzKWDY_QNTU.000.mp4,1280,720,23.976,367,conscientiousness,high
131,5463,left_eye,513.8,263.9,603.7,337.6,802.2,419.8,914.6,512.0,conscientiousness_high4_IzKWDY_QNTU.000.mp4,1280,720,23.976,367,conscientiousness,high
131,5463,right_eye,663.9,261.7,780.5,339.0,989.9,417.1,1135.7,513.8,conscientiousness_high4_IzKWDY_QNTU.000.mp4,1280,720,23.976,367,conscientiousness,high
131,5463,nose,581.9,320.1,673.2,434.2,887.4,490.1,1001.5,632.8,conscientiousness_high4_IzKWDY_QNTU.000.mp4,1280,720,23.976,367,conscientiousness,high
131,5463,mouth,575.6,454.2,693.4,522.9,879.6,657.7,1026.8,743.6,conscientiousness_high4_IzKWDY_QNTU.000.mp4,1280,720,23.976,367,conscientiousness,high
131,5463,forehead,507.6,206.8,819.5,469.3,794.5,348.5,1184.4,676.6,conscientiousness_high4_IzKWDY_QNTU.000.mp4,1280,720,23.976,367,conscientiousness,high
131,5463,chin,511.6,344.8,817.5,579.9,799.4,521.0,1181.9,814.9,conscientiousness_high4_IzKWDY_QNTU.000.mp4,1280,720,23.976,367,conscientiousness,high
131,5463,left_cheek,505.5,348.1,584.8,477.2,791.9,525.1,891.0,686.5,conscientiousness_high4_IzKWDY_QNTU.000.mp4,1280,720,23.976,367,conscientiousness,high
131,5463,right_cheek,684.0,356.8,792.7,487.5,1015.0,536.0,1150.9,699.4,conscientiousness_high4_IzKWDY_QNTU.000.mp4,1280,720,23.976,367,conscientiousness,high
132,5505,left_eye,514.4,260.6,604.5,334.7,802.9,415.7,915.7,508.4,conscientiousness_high4_IzKWDY_QNTU.000.mp4,1280,720,23.976,367,conscientiousness,high
132,5505,right_eye,665.3,258.9,781.1,335.8,991.7,413.7,1136.4,509.8,conscientiousness_high4_IzKWDY_QNTU.000.mp4,1280,720,23.976,367,conscientiousness,high
132,5505,nose,582.8,317.7,675.3,429.8,888.5,487.2,1004.2,627.2,conscientiousness_high4_IzKWDY_QNTU.000.mp4,1280,720,23.976,367,conscientiousness,high
132,5505,mouth,577.1,451.1,695.0,522.4,881.4,653.9,1028.7,743.0,conscientiousness_high4_IzKWDY_QNTU.000.mp4,1280,720,23.976,367,conscientiousness,high
132,5505,forehead,507.8,205.8,819.5,468.0,794.7,347.3,1184.4,675.0,conscientiousness_high4_IzKWDY_QNTU.000.mp4,1280,720,23.976,367,conscientiousness,high
132,5505,chin,511.3,344.8,817.5,579.2,799.1,521.0,1181.9,814.0,conscientiousness_high4_IzKWDY_QNTU.000.mp4,1280,720,23.976,367,conscientiousness,high
132,5505,left_cheek,505.8,346.6,585.9,475.3,792.2,523.2,892.3,684.2,conscientiousness_high4_IzKWDY_QNTU.000.mp4,1280,720,23.976,367,conscientiousness,high
132,5505,right_cheek,685.4,354.0,793.1,484.4,1016.7,532.5,1151.4,695.5,conscientiousness_high4_IzKWDY_QNTU.000.mp4,1280,720,23.976,367,conscientiousness,high
133,5547,left_eye,517.0,259.9,606.8,333.7,806.3,414.9,918.5,507.1,conscientiousness_high4_IzKWDY_QNTU.000.mp4,1280,720,23.976,367,conscientiousness,high
133,5547,right_eye,666.7,257.7,782.7,334.5,993.4,412.1,1138.3,508.1,conscientiousness_high4_IzKWDY_QNTU.000.mp4,1280,720,23.976,367,conscientiousness,high
133,5547,nose,583.9,314.8,677.2,427.1,889.9,483.4,1006.5,623.9,conscientiousness_high4_IzKWDY_QNTU.000.mp4,1280,720,23.976,367,conscientiousness,high
133,5547,mouth,577.1,446.2,700.8,519.7,881.4,647.7,1036.0,739.6,conscientiousness_high4_IzKWDY_QNTU.000.mp4,1280,720,23.976,367,conscientiousness,high
133,5547,forehead,509.7,204.3,821.1,468.3,797.1,345.4,1186.4,675.4,conscientiousness_high4_IzKWDY_QNTU.000.mp4,1280,720,23.976,367,conscientiousness,high
133,5547,chin,511.9,345.7,819.1,578.8,799.9,522.1,1183.8,813.5,conscientiousness_high4_IzKWDY_QNTU.000.mp4,1280,720,23.976,367,conscientiousness,high
133,5547,left_cheek,507.4,346.5,587.5,474.7,794.3,523.1,894.4,683.4,conscientiousness_high4_IzKWDY_QNTU.000.mp4,1280,720,23.976,367,conscientiousness,high
133,5547,right_cheek,687.4,352.9,794.9,483.1,1019.2,531.2,1153.6,693.8,conscientiousness_high4_IzKWDY_QNTU.000.mp4,1280,720,23.976,367,conscientiousness,high
134,5588,left_eye,519.1,258.7,608.3,332.5,808.8,413.4,920.4,505.7,conscientiousness_high4_IzKWDY_QNTU.000.mp4,1280,720,23.976,367,conscientiousness,high
134,5588,right_eye,668.9,256.2,784.4,333.2,996.1,410.2,1140.5,506.5,conscientiousness_high4_IzKWDY_QNTU.000.mp4,1280,720,23.976,367,conscientiousness,high
134,5588,nose,584.9,313.1,679.0,425.8,891.1,481.4,1008.7,622.3,conscientiousness_high4_IzKWDY_QNTU.000.mp4,1280,720,23.976,367,conscientiousness,high
134,5588,mouth,577.0,444.1,704.5,518.6,881.2,645.2,1040.6,738.2,conscientiousness_high4_IzKWDY_QNTU.000.mp4,1280,720,23.976,367,conscientiousness,high
134,5588,forehead,511.0,203.0,822.2,468.5,798.8,343.7,1187.8,675.7,conscientiousness_high4_IzKWDY_QNTU.000.mp4,1280,720,23.976,367,conscientiousness,high
134,5588,chin,512.7,345.8,820.1,578.8,800.9,522.2,1185.1,813.5,conscientiousness_high4_IzKWDY_QNTU.000.mp4,1280,720,23.976,367,conscientiousness,high
134,5588,left_cheek,508.4,345.9,588.9,474.1,795.5,522.4,896.1,682.7,conscientiousness_high4_IzKWDY_QNTU.000.mp4,1280,720,23.976,367,conscientiousness,high
134,5588,right_cheek,689.0,351.9,796.2,482.2,1021.3,529.9,1155.2,692.8,conscientiousness_high4_IzKWDY_QNTU.000.mp4,1280,720,23.976,367,conscientiousness,high
135,5630,left_eye,518.8,258.4,608.7,332.6,808.5,413.0,920.8,505.7,conscientiousness_high4_IzKWDY_QNTU.000.mp4,1280,720,23.976,367,conscientiousness,high
135,5630,right_eye,669.5,256.0,785.7,333.3,996.9,409.9,1142.2,506.7,conscientiousness_high4_IzKWDY_QNTU.000.mp4,1280,720,23.976,367,conscientiousness,high
135,5630,nose,585.4,312.5,679.7,426.5,891.8,480.6,1009.6,623.2,conscientiousness_high4_IzKWDY_QNTU.000.mp4,1280,720,23.976,367,conscientiousness,high
135,5630,mouth,576.6,445.0,707.2,519.8,880.8,646.3,1044.0,739.8,conscientiousness_high4_IzKWDY_QNTU.000.mp4,1280,720,23.976,367,conscientiousness,high
135,5630,forehead,510.7,202.4,823.8,469.0,798.4,343.0,1189.8,676.2,conscientiousness_high4_IzKWDY_QNTU.000.mp4,1280,720,23.976,367,conscientiousness,high
135,5630,chin,512.5,345.9,821.3,581.9,800.7,522.4,1186.7,817.4,conscientiousness_high4_IzKWDY_QNTU.000.mp4,1280,720,23.976,367,conscientiousness,high
135,5630,left_cheek,508.3,345.9,589.2,474.3,795.3,522.4,896.5,682.8,conscientiousness_high4_IzKWDY_QNTU.000.mp4,1280,720,23.976,367,conscientiousness,high
135,5630,right_cheek,689.8,352.0,797.2,482.5,1022.3,530.0,1156.5,693.2,conscientiousness_high4_IzKWDY_QNTU.000.mp4,1280,720,23.976,367,conscientiousness,high
136,5672,left_eye,518.3,259.6,608.3,332.8,807.8,414.5,920.4,506.0,conscientiousness_high4_IzKWDY_QNTU.000.mp4,1280,720,23.976,367,conscientiousness,high
136,5672,right_eye,668.8,257.9,785.1,334.0,996.0,412.4,1141.3,507.5,conscientiousness_high4_IzKWDY_QNTU.000.mp4,1280,720,23.976,367,conscientiousness,high
136,5672,nose,585.2,315.1,679.6,427.8,891.5,483.9,1009.4,624.8,conscientiousness_high4_IzKWDY_QNTU.000.mp4,1280,720,23.976,367,conscientiousness,high
136,5672,mouth,576.5,447.0,708.0,529.1,880.6,648.8,1045.0,751.4,conscientiousness_high4_IzKWDY_QNTU.000.mp4,1280,720,23.976,367,conscientiousness,high
136,5672,forehead,510.1,204.4,823.5,469.5,797.6,345.5,1189.4,676.8,conscientiousness_high4_IzKWDY_QNTU.000.mp4,1280,720,23.976,367,conscientiousness,high
136,5672,chin,512.2,346.0,821.1,588.7,800.2,522.5,1186.3,825.8,conscientiousness_high4_IzKWDY_QNTU.000.mp4,1280,720,23.976,367,conscientiousness,high
136,5672,left_cheek,508.0,346.0,588.8,475.3,795.0,522.5,896.0,684.1,conscientiousness_high4_IzKWDY_QNTU.000.mp4,1280,720,23.976,367,conscientiousness,high
136,5672,right_cheek,689.4,352.3,796.8,484.5,1021.8,530.4,1156.0,695.6,conscientiousness_high4_IzKWDY_QNTU.000.mp4,1280,720,23.976,367,conscientiousness,high
137,5714,left_eye,517.8,262.6,608.1,336.6,807.2,418.3,920.1,510.7,conscientiousness_high4_IzKWDY_QNTU.000.mp4,1280,720,23.976,367,conscientiousness,high
137,5714,right_eye,668.4,261.8,784.7,337.5,995.5,417.2,1140.9,511.9,conscientiousness_high4_IzKWDY_QNTU.000.mp4,1280,720,23.976,367,conscientiousness,high
137,5714,nose,585.2,317.1,680.8,434.9,891.5,486.4,1011.0,633.7,conscientiousness_high4_IzKWDY_QNTU.000.mp4,1280,720,23.976,367,conscientiousness,high
137,5714,mouth,576.4,452.4,710.5,535.7,880.5,655.5,1048.1,759.6,conscientiousness_high4_IzKWDY_QNTU.000.mp4,1280,720,23.976,367,conscientiousness,high
137,5714,forehead,507.5,205.2,822.4,469.9,794.4,346.5,1188.0,677.4,conscientiousness_high4_IzKWDY_QNTU.000.mp4,1280,720,23.976,367,conscientiousness,high
137,5714,chin,510.8,346.2,819.9,589.0,798.5,522.8,1184.9,826.2,conscientiousness_high4_IzKWDY_QNTU.000.mp4,1280,720,23.976,367,conscientiousness,high
137,5714,left_cheek,508.0,348.3,588.7,477.8,795.0,525.3,895.8,687.3,conscientiousness_high4_IzKWDY_QNTU.000.mp4,1280,720,23.976,367,conscientiousness,high
137,5714,right_cheek,689.5,354.6,796.7,487.0,1021.9,533.2,1155.8,698.7,conscientiousness_high4_IzKWDY_QNTU.000.mp4,1280,720,23.976,367,conscientiousness,high
138,5755,left_eye,516.0,270.2,607.9,342.3,805.0,427.7,919.9,517.8,conscientiousness_high4_IzKWDY_QNTU.000.mp4,1280,720,23.976,367,conscientiousness,high
138,5755,right_eye,668.3,270.1,784.4,344.7,995.3,427.6,1140.5,520.9,conscientiousness_high4_IzKWDY_QNTU.000.mp4,1280,720,23.976,367,conscientiousness,high
138,5755,nose,586.0,322.6,683.0,444.8,892.4,493.2,1013.7,646.0,conscientiousness_high4_IzKWDY_QNTU.000.mp4,1280,720,23.976,367,conscientiousness,high
138,5755,mouth,576.3,461.2,711.9,543.9,880.4,666.5,1049.8,769.9,conscientiousness_high4_IzKWDY_QNTU.000.mp4,1280,720,23.976,367,conscientiousness,high
138,5755,forehead,502.5,209.1,821.8,472.0,788.1,351.3,1187.2,680.0,conscientiousness_high4_IzKWDY_QNTU.000.mp4,1280,720,23.976,367,conscientiousness,high
138,5755,chin,507.4,348.1,819.1,593.8,794.3,525.1,1183.9,832.2,conscientiousness_high4_IzKWDY_QNTU.000.mp4,1280,720,23.976,367,conscientiousness,high
138,5755,left_cheek,507.0,353.3,588.8,483.7,793.8,531.6,896.0,694.6,conscientiousness_high4_IzKWDY_QNTU.000.mp4,1280,720,23.976,367,conscientiousness,high
138,5755,right_cheek,690.2,359.7,796.5,492.4,1022.8,539.7,1155.6,705.5,conscientiousness_high4_IzKWDY_QNTU.000.mp4,1280,720,23.976,367,conscientiousness,high
139,5797,left_eye,514.7,277.1,608.4,349.3,803.3,436.4,920.5,526.6,conscientiousness_high4_IzKWDY_QNTU.000.mp4,1280,720,23.976,367,conscientiousness,high
139,5797,right_eye,668.4,277.4,784.4,351.9,995.5,436.7,1140.5,529.8,conscientiousness_high4_IzKWDY_QNTU.000.mp4,1280,720,23.976,367,conscientiousness,high
139,5797,nose,586.8,328.9,684.0,454.4,893.5,501.1,1015.1,657.9,conscientiousness_high4_IzKWDY_QNTU.000.mp4,1280,720,23.976,367,conscientiousness,high
139,5797,mouth,576.2,469.3,714.2,548.9,880.3,676.6,1052.8,776.1,conscientiousness_high4_IzKWDY_QNTU.000.mp4,1280,720,23.976,367,conscientiousness,high
139,5797,forehead,499.4,214.2,821.3,475.1,784.2,357.7,1186.6,683.9,conscientiousness_high4_IzKWDY_QNTU.000.mp4,1280,720,23.976,367,conscientiousness,high
139,5797,chin,505.1,351.9,818.5,598.2,791.4,529.8,1183.2,837.8,conscientiousness_high4_IzKWDY_QNTU.000.mp4,1280,720,23.976,367,conscientiousness,high
139,5797,left_cheek,505.7,359.7,589.0,490.3,792.2,539.6,896.3,702.9,conscientiousness_high4_IzKWDY_QNTU.000.mp4,1280,720,23.976,367,conscientiousness,high
139,5797,right_cheek,691.0,365.3,796.4,498.0,1023.8,546.6,1155.5,712.5,conscientiousness_high4_IzKWDY_QNTU.000.mp4,1280,720,23.976,367,conscientiousness,high
140,5839,left_eye,514.5,282.6,610.5,353.6,803.2,443.3,923.1,532.0,conscientiousness_high4_IzKWDY_QNTU.000.mp4,1280,720,23.976,367,conscientiousness,high
140,5839,right_eye,669.7,282.4,785.1,356.1,997.1,443.0,1141.4,535.2,conscientiousness_high4_IzKWDY_QNTU.000.mp4,1280,720,23.976,367,conscientiousness,high
140,5839,nose,589.2,333.5,686.7,460.2,896.4,506.9,1018.4,665.2,conscientiousness_high4_IzKWDY_QNTU.000.mp4,1280,720,23.976,367,conscientiousness,high
140,5839,mouth,576.6,473.3,716.0,551.2,880.7,681.7,1055.1,778.9,conscientiousness_high4_IzKWDY_QNTU.000.mp4,1280,720,23.976,367,conscientiousness,high
140,5839,forehead,498.5,218.1,821.2,476.4,783.2,362.7,1186.6,685.5,conscientiousness_high4_IzKWDY_QNTU.000.mp4,1280,720,23.976,367,conscientiousness,high
140,5839,chin,504.2,355.0,818.4,599.0,790.2,533.8,1183.0,838.7,conscientiousness_high4_IzKWDY_QNTU.000.mp4,1280,720,23.976,367,conscientiousness,high
140,5839,left_cheek,505.6,363.9,590.5,493.5,792.0,544.9,898.1,706.8,conscientiousness_high4_IzKWDY_QNTU.000.mp4,1280,720,23.976,367,conscientiousness,high
140,5839,right_cheek,692.9,368.9,797.0,500.5,1026.1,551.1,1156.2,715.6,conscientiousness_high4_IzKWDY_QNTU.000.mp4,1280,720,23.976,367,conscientiousness,high
141,5880,left_eye,514.5,285.6,612.1,356.1,803.1,447.0,925.1,535.1,conscientiousness_high4_IzKWDY_QNTU.000.mp4,1280,720,23.976,367,conscientiousness,high
141,5880,right_eye,671.6,284.9,785.9,358.3,999.5,446.1,1142.4,537.9,conscientiousness_high4_IzKWDY_QNTU.000.mp4,1280,720,23.976,367,conscientiousness,high
141,5880,nose,591.4,337.5,689.1,462.1,899.3,511.9,1021.3,667.6,conscientiousness_high4_IzKWDY_QNTU.000.mp4,1280,720,23.976,367,conscientiousness,high
141,5880,mouth,576.9,475.0,717.6,547.8,881.1,683.7,1057.0,774.8,conscientiousness_high4_IzKWDY_QNTU.000.mp4,1280,720,23.976,367,conscientiousness,high
141,5880,forehead,497.6,222.1,820.6,477.2,782.0,367.6,1185.8,686.5,conscientiousness_high4_IzKWDY_QNTU.000.mp4,1280,720,23.976,367,conscientiousness,high
141,5880,chin,503.1,357.8,817.5,597.5,788.9,537.3,1181.9,836.9,conscientiousness_high4_IzKWDY_QNTU.000.mp4,1280,720,23.976,367,conscientiousness,high
141,5880,left_cheek,505.6,366.4,592.1,494.7,792.0,548.1,900.1,708.3,conscientiousness_high4_IzKWDY_QNTU.000.mp4,1280,720,23.976,367,conscientiousness,high
141,5880,right_cheek,694.3,370.3,797.0,500.6,1027.9,552.9,1156.2,715.8,conscientiousness_high4_IzKWDY_QNTU.000.mp4,1280,720,23.976,367,conscientiousness,high
142,5922,left_eye,514.2,284.2,613.0,356.1,802.7,445.2,926.3,535.1,conscientiousness_high4_IzKWDY_QNTU.000.mp4,1280,720,23.976,367,conscientiousness,high
142,5922,right_eye,672.9,283.3,786.0,357.8,1001.2,444.1,1142.5,537.2,conscientiousness_high4_IzKWDY_QNTU.000.mp4,1280,720,23.976,367,conscientiousness,high
142,5922,nose,592.6,336.9,690.7,460.9,900.8,511.1,1023.4,666.2,conscientiousness_high4_IzKWDY_QNTU.000.mp4,1280,720,23.976,367,conscientiousness,high
142,5922,mouth,576.9,474.5,717.8,545.5,881.1,683.1,1057.3,771.9,conscientiousness_high4_IzKWDY_QNTU.000.mp4,1280,720,23.976,367,conscientiousness,high
142,5922,forehead,496.4,221.5,818.4,477.7,780.5,366.9,1183.0,687.1,conscientiousness_high4_IzKWDY_QNTU.000.mp4,1280,720,23.976,367,conscientiousness,high
142,5922,chin,500.8,358.8,815.7,596.4,786.0,538.5,1179.6,835.6,conscientiousness_high4_IzKWDY_QNTU.000.mp4,1280,720,23.976,367,conscientiousness,high
142,5922,left_cheek,505.0,366.5,592.8,494.4,791.3,548.2,901.1,708.0,conscientiousness_high4_IzKWDY_QNTU.000.mp4,1280,720,23.976,367,conscientiousness,high
142,5922,right_cheek,695.0,369.7,797.0,499.8,1028.7,552.2,1156.2,714.7,conscientiousness_high4_IzKWDY_QNTU.000.mp4,1280,720,23.976,367,conscientiousness,high
143,5964,left_eye,512.7,281.9,612.6,354.0,800.9,442.4,925.7,532.5,conscientiousness_high4_IzKWDY_QNTU.000.mp4,1280,720,23.976,367,conscientiousness,high
143,5964,right_eye,673.4,280.8,785.9,355.6,1001.8,441.0,1142.3,534.5,conscientiousness_high4_IzKWDY_QNTU.000.mp4,1280,720,23.976,367,conscientiousness,high
143,5964,nose,592.7,335.9,690.7,457.8,900.9,509.9,1023.3,662.3,conscientiousness_high4_IzKWDY_QNTU.000.mp4,1280,720,23.976,367,conscientiousness,high
143,5964,mouth,575.9,472.1,717.3,537.2,879.8,680.1,1056.6,761.5,conscientiousness_high4_IzKWDY_QNTU.000.mp4,1280,720,23.976,367,conscientiousness,high
143,5964,forehead,494.8,220.1,815.6,477.4,778.4,365.1,1179.5,686.8,conscientiousness_high4_IzKWDY_QNTU.000.mp4,1280,720,23.976,367,conscientiousness,high
143,5964,chin,498.4,357.6,813.0,592.5,783.1,537.0,1176.2,830.6,conscientiousness_high4_IzKWDY_QNTU.000.mp4,1280,720,23.976,367,conscientiousness,high
143,5964,left_cheek,504.0,364.6,592.8,492.7,790.0,545.7,901.0,705.9,conscientiousness_high4_IzKWDY_QNTU.000.mp4,1280,720,23.976,367,conscientiousness,high
143,5964,right_cheek,694.8,368.6,795.7,499.2,1028.5,550.7,1154.6,714.0,conscientiousness_high4_IzKWDY_QNTU.000.mp4,1280,720,23.976,367,conscientiousness,high
144,6006,left_eye,511.7,280.3,612.3,352.7,799.6,440.4,925.4,530.9,conscientiousness_high4_IzKWDY_QNTU.000.mp4,1280,720,23.976,367,conscientiousness,high
144,6006,right_eye,673.6,277.9,785.8,352.3,1002.0,437.4,1142.2,530.4,conscientiousness_high4_IzKWDY_QNTU.000.mp4,1280,720,23.976,367,conscientiousness,high
144,6006,nose,592.9,334.5,690.7,455.5,901.1,508.2,1023.3,659.4,conscientiousness_high4_IzKWDY_QNTU.000.mp4,1280,720,23.976,367,conscientiousness,high
144,6006,mouth,575.2,468.8,717.4,528.7,879.0,676.0,1056.8,750.8,conscientiousness_high4_IzKWDY_QNTU.000.mp4,1280,720,23.976,367,conscientiousness,high
144,6006,forehead,493.9,219.4,814.8,473.8,777.4,364.2,1178.5,682.3,conscientiousness_high4_IzKWDY_QNTU.000.mp4,1280,720,23.976,367,conscientiousness,high
144,6006,chin,497.1,355.7,812.6,584.6,781.4,534.6,1175.7,820.8,conscientiousness_high4_IzKWDY_QNTU.000.mp4,1280,720,23.976,367,conscientiousness,high
144,6006,left_cheek,503.7,362.5,592.7,489.3,789.6,543.2,900.9,701.6,conscientiousness_high4_IzKWDY_QNTU.000.mp4,1280,720,23.976,367,conscientiousness,high
144,6006,right_cheek,694.7,363.8,795.3,492.9,1028.4,544.7,1154.1,706.2,conscientiousness_high4_IzKWDY_QNTU.000.mp4,1280,720,23.976,367,conscientiousness,high
145,6047,left_eye,511.3,277.3,612.1,348.1,799.1,436.6,925.1,525.2,conscientiousness_high4_IzKWDY_QNTU.000.mp4,1280,720,23.976,367,conscientiousness,high
145,6047,right_eye,674.1,274.1,785.7,347.5,1002.6,432.6,1142.1,524.4,conscientiousness_high4_IzKWDY_QNTU.000.mp4,1280,720,23.976,367,conscientiousness,high
145,6047,nose,593.4,333.9,690.5,450.4,901.8,507.4,1023.1,653.1,conscientiousness_high4_IzKWDY_QNTU.000.mp4,1280,720,23.976,367,conscientiousness,high
145,6047,mouth,574.9,463.4,717.7,523.4,878.6,669.3,1057.1,744.2,conscientiousness_high4_IzKWDY_QNTU.000.mp4,1280,720,23.976,367,conscientiousness,high
145,6047,forehead,493.4,216.7,814.4,471.2,776.8,360.9,1178.0,679.1,conscientiousness_high4_IzKWDY_QNTU.000.mp4,1280,720,23.976,367,conscientiousness,high
145,6047,chin,496.3,352.9,812.3,582.3,780.4,531.2,1175.3,817.8,conscientiousness_high4_IzKWDY_QNTU.000.mp4,1280,720,23.976,367,conscientiousness,high
145,6047,left_cheek,503.6,358.9,592.8,485.3,789.6,538.6,901.1,696.7,conscientiousness_high4_IzKWDY_QNTU.000.mp4,1280,720,23.976,367,conscientiousness,high
145,6047,right_cheek,694.6,359.3,794.7,488.5,1028.3,539.2,1153.4,700.6,conscientiousness_high4_IzKWDY_QNTU.000.mp4,1280,720,23.976,367,conscientiousness,high
146,6089,left_eye,510.6,273.3,611.6,344.3,798.3,431.6,924.5,520.4,conscientiousness_high4_IzKWDY_QNTU.000.mp4,1280,720,23.976,367,conscientiousness,high
146,6089,right_eye,673.9,269.6,785.5,343.3,1002.3,427.0,1141.9,519.2,conscientiousness_high4_IzKWDY_QNTU.000.mp4,1280,720,23.976,367,conscientiousness,high
146,6089,nose,593.1,331.6,690.1,445.5,901.4,504.6,1022.6,646.9,conscientiousness_high4_IzKWDY_QNTU.000.mp4,1280,720,23.976,367,conscientiousness,high
146,6089,mouth,573.5,459.0,717.5,520.0,876.9,663.7,1056.9,740.0,conscientiousness_high4_IzKWDY_QNTU.000.mp4,1280,720,23.976,367,conscientiousness,high
146,6089,forehead,492.7,213.3,813.9,469.2,775.9,356.6,1177.3,676.5,conscientiousness_high4_IzKWDY_QNTU.000.mp4,1280,720,23.976,367,conscientiousness,high
146,6089,chin,495.5,350.3,811.9,580.2,779.3,527.9,1174.9,815.2,conscientiousness_high4_IzKWDY_QNTU.000.mp4,1280,720,23.976,367,conscientiousness,high
146,6089,left_cheek,503.4,355.1,592.8,481.7,789.2,533.9,901.0,692.1,conscientiousness_high4_IzKWDY_QNTU.000.mp4,1280,720,23.976,367,conscientiousness,high
146,6089,right_cheek,694.6,355.8,794.0,485.1,1028.2,534.7,1152.5,696.4,conscientiousness_high4_IzKWDY_QNTU.000.mp4,1280,720,23.976,367,conscientiousness,high
147,6131,left_eye,509.5,271.0,610.3,341.9,796.9,428.7,922.9,517.4,conscientiousness_high4_IzKWDY_QNTU.000.mp4,1280,720,23.976,367,conscientiousness,high
147,6131,right_eye,673.7,267.0,784.4,340.7,1002.1,423.8,1140.5,515.9,conscientiousness_high4_IzKWDY_QNTU.000.mp4,1280,720,23.976,367,conscientiousness,high
147,6131,nose,592.9,330.1,689.9,442.7,901.2,502.7,1022.4,643.4,conscientiousness_high4_IzKWDY_QNTU.000.mp4,1280,720,23.976,367,conscientiousness,high
147,6131,mouth,572.1,456.7,717.4,518.6,875.1,660.9,1056.8,738.3,conscientiousness_high4_IzKWDY_QNTU.000.mp4,1280,720,23.976,367,conscientiousness,high
147,6131,forehead,491.7,211.8,811.7,467.1,774.6,354.8,1174.6,673.9,conscientiousness_high4_IzKWDY_QNTU.000.mp4,1280,720,23.976,367,conscientiousness,high
147,6131,chin,494.3,348.4,809.9,578.8,777.8,525.5,1172.4,813.5,conscientiousness_high4_IzKWDY_QNTU.000.mp4,1280,720,23.976,367,conscientiousness,high
147,6131,left_cheek,502.8,353.0,592.5,479.6,788.5,531.3,900.7,689.5,conscientiousness_high4_IzKWDY_QNTU.000.mp4,1280,720,23.976,367,conscientiousness,high
147,6131,right_cheek,693.9,353.4,792.1,482.6,1027.4,531.8,1150.1,693.3,conscientiousness_high4_IzKWDY_QNTU.000.mp4,1280,720,23.976,367,conscientiousness,high
148,6172,left_eye,507.2,270.0,607.8,341.1,794.0,427.5,919.7,516.4,conscientiousness_high4_IzKWDY_QNTU.000.mp4,1280,720,23.976,367,conscientiousness,high
148,6172,right_eye,672.2,265.6,781.8,339.5,1000.2,422.0,1137.2,514.4,conscientiousness_high4_IzKWDY_QNTU.000.mp4,1280,720,23.976,367,conscientiousness,high
148,6172,nose,592.0,328.7,688.8,441.6,899.9,500.9,1021.0,642.0,conscientiousness_high4_IzKWDY_QNTU.000.mp4,1280,720,23.976,367,conscientiousness,high
148,6172,mouth,571.5,456.9,712.4,519.4,874.4,661.1,1050.5,739.3,conscientiousness_high4_IzKWDY_QNTU.000.mp4,1280,720,23.976,367,conscientiousness,high
148,6172,forehead,489.7,210.9,808.7,465.8,772.1,353.6,1170.9,672.2,conscientiousness_high4_IzKWDY_QNTU.000.mp4,1280,720,23.976,367,conscientiousness,high
148,6172,chin,492.3,347.4,806.9,580.1,775.3,524.3,1168.6,815.1,conscientiousness_high4_IzKWDY_QNTU.000.mp4,1280,720,23.976,367,conscientiousness,high
148,6172,left_cheek,501.3,352.2,591.0,479.3,786.6,530.3,898.8,689.1,conscientiousness_high4_IzKWDY_QNTU.000.mp4,1280,720,23.976,367,conscientiousness,high
148,6172,right_cheek,691.4,352.3,789.1,482.1,1024.3,530.4,1146.3,692.6,conscientiousness_high4_IzKWDY_QNTU.000.mp4,1280,720,23.976,367,conscientiousness,high
149,6214,left_eye,504.0,269.1,604.9,341.0,790.0,426.3,916.2,516.2,conscientiousness_high4_IzKWDY_QNTU.000.mp4,1280,720,23.976,367,conscientiousness,high
149,6214,right_eye,669.3,264.2,778.4,338.9,996.6,420.3,1133.0,513.7,conscientiousness_high4_IzKWDY_QNTU.000.mp4,1280,720,23.976,367,conscientiousness,high
149,6214,nose,590.6,326.2,686.5,441.0,898.3,497.8,1018.1,641.2,conscientiousness_high4_IzKWDY_QNTU.000.mp4,1280,720,23.976,367,conscientiousness,high
149,6214,mouth,571.7,456.9,704.9,520.6,874.6,661.2,1041.1,740.8,conscientiousness_high4_IzKWDY_QNTU.000.mp4,1280,720,23.976,367,conscientiousness,high
149,6214,forehead,485.1,209.4,804.7,462.8,766.3,351.8,1165.9,668.5,conscientiousness_high4_IzKWDY_QNTU.000.mp4,1280,720,23.976,367,conscientiousness,high
149,6214,chin,487.7,344.8,802.8,578.2,769.6,521.0,1163.5,812.7,conscientiousness_high4_IzKWDY_QNTU.000.mp4,1280,720,23.976,367,conscientiousness,high
149,6214,left_cheek,497.3,352.3,588.4,479.9,781.7,530.4,895.5,689.8,conscientiousness_high4_IzKWDY_QNTU.000.mp4,1280,720,23.976,367,conscientiousness,high
149,6214,right_cheek,689.0,351.3,786.7,481.3,1021.2,529.1,1143.3,691.7,conscientiousness_high4_IzKWDY_QNTU.000.mp4,1280,720,23.976,367,conscientiousness,high
150,6256,left_eye,503.3,269.6,604.3,340.8,789.1,427.0,915.4,516.1,conscientiousness_high4_IzKWDY_QNTU.000.mp4,1280,720,23.976,367,conscientiousness,high
150,6256,right_eye,668.2,264.4,777.2,338.2,995.2,420.5,1131.5,512.7,conscientiousness_high4_IzKWDY_QNTU.000.mp4,1280,720,23.976,367,conscientiousness,high
150,6256,nose,590.2,325.5,684.7,440.0,897.8,496.9,1015.9,640.0,conscientiousness_high4_IzKWDY_QNTU.000.mp4,1280,720,23.976,367,conscientiousness,high
150,6256,mouth,572.7,456.5,702.1,521.1,875.9,660.6,1037.6,741.4,conscientiousness_high4_IzKWDY_QNTU.000.mp4,1280,720,23.976,367,conscientiousness,high
150,6256,forehead,484.3,209.8,804.1,461.9,765.4,352.2,1165.1,667.3,conscientiousness_high4_IzKWDY_QNTU.000.mp4,1280,720,23.976,367,conscientiousness,high
150,6256,chin,487.2,343.3,802.1,578.1,769.0,519.1,1162.6,812.6,conscientiousness_high4_IzKWDY_QNTU.000.mp4,1280,720,23.976,367,conscientiousness,high
150,6256,left_cheek,497.1,352.5,588.0,480.1,781.4,530.6,895.0,690.1,conscientiousness_high4_IzKWDY_QNTU.000.mp4,1280,720,23.976,367,conscientiousness,high
150,6256,right_cheek,687.6,350.2,785.7,480.3,1019.5,527.7,1142.1,690.3,conscientiousness_high4_IzKWDY_QNTU.000.mp4,1280,720,23.976,367,conscientiousness,high
151,6297,left_eye,503.1,269.7,603.8,340.8,788.9,427.1,914.7,516.0,conscientiousness_high4_IzKWDY_QNTU.000.mp4,1280,720,23.976,367,conscientiousness,high
151,6297,right_eye,667.9,263.9,777.2,337.4,994.9,419.8,1131.5,511.7,conscientiousness_high4_IzKWDY_QNTU.000.mp4,1280,720,23.976,367,conscientiousness,high
151,6297,nose,590.2,323.9,684.4,438.8,897.8,494.9,1015.5,638.5,conscientiousness_high4_IzKWDY_QNTU.000.mp4,1280,720,23.976,367,conscientiousness,high
151,6297,mouth,574.3,455.6,703.4,521.6,877.8,659.5,1039.3,742.1,conscientiousness_high4_IzKWDY_QNTU.000.mp4,1280,720,23.976,367,conscientiousness,high
151,6297,forehead,484.0,209.4,804.6,462.2,764.9,351.7,1165.7,667.7,conscientiousness_high4_IzKWDY_QNTU.000.mp4,1280,720,23.976,367,conscientiousness,high
151,6297,chin,486.9,343.2,802.5,577.5,768.7,518.9,1163.1,811.9,conscientiousness_high4_IzKWDY_QNTU.000.mp4,1280,720,23.976,367,conscientiousness,high
151,6297,left_cheek,497.2,352.7,588.0,480.3,781.6,530.9,895.0,690.4,conscientiousness_high4_IzKWDY_QNTU.000.mp4,1280,720,23.976,367,conscientiousness,high
151,6297,right_cheek,687.6,349.5,785.8,479.7,1019.5,526.9,1142.3,689.7,conscientiousness_high4_IzKWDY_QNTU.000.mp4,1280,720,23.976,367,conscientiousness,high
152,6339,left_eye,503.5,269.8,604.1,340.4,789.4,427.2,915.1,515.5,conscientiousness_high4_IzKWDY_QNTU.000.mp4,1280,720,23.976,367,conscientiousness,high
152,6339,right_eye,668.0,263.7,777.2,336.8,995.0,419.6,1131.5,511.0,conscientiousness_high4_IzKWDY_QNTU.000.mp4,1280,720,23.976,367,conscientiousness,high
152,6339,nose,590.4,323.7,684.6,437.8,898.0,494.6,1015.7,637.2,conscientiousness_high4_IzKWDY_QNTU.000.mp4,1280,720,23.976,367,conscientiousness,high
152,6339,mouth,575.5,454.6,704.8,520.2,879.4,658.2,1041.0,740.2,conscientiousness_high4_IzKWDY_QNTU.000.mp4,1280,720,23.976,367,conscientiousness,high
152,6339,forehead,484.7,209.4,804.7,462.5,765.9,351.8,1165.9,668.2,conscientiousness_high4_IzKWDY_QNTU.000.mp4,1280,720,23.976,367,conscientiousness,high
152,6339,chin,487.9,343.3,802.9,577.9,769.8,519.1,1163.6,812.3,conscientiousness_high4_IzKWDY_QNTU.000.mp4,1280,720,23.976,367,conscientiousness,high
152,6339,left_cheek,497.6,352.9,588.0,480.4,782.0,531.1,895.1,690.5,conscientiousness_high4_IzKWDY_QNTU.000.mp4,1280,720,23.976,367,conscientiousness,high
152,6339,right_cheek,687.9,348.9,786.2,479.3,1019.9,526.2,1142.7,689.1,conscientiousness_high4_IzKWDY_QNTU.000.mp4,1280,720,23.976,367,conscientiousness,high
153,6381,left_eye,503.9,269.8,604.4,340.5,789.8,427.3,915.5,515.6,conscientiousness_high4_IzKWDY_QNTU.000.mp4,1280,720,23.976,367,conscientiousness,high
153,6381,right_eye,668.1,263.3,777.5,336.7,995.1,419.2,1131.9,510.9,conscientiousness_high4_IzKWDY_QNTU.000.mp4,1280,720,23.976,367,conscientiousness,high
153,6381,nose,591.2,322.6,685.7,437.8,899.0,493.3,1017.1,637.3,conscientiousness_high4_IzKWDY_QNTU.000.mp4,1280,720,23.976,367,conscientiousness,high
153,6381,mouth,575.6,453.5,710.3,518.5,879.5,656.9,1047.9,738.1,conscientiousness_high4_IzKWDY_QNTU.000.mp4,1280,720,23.976,367,conscientiousness,high
153,6381,forehead,485.0,208.6,805.3,463.9,766.2,350.7,1166.6,669.9,conscientiousness_high4_IzKWDY_QNTU.000.mp4,1280,720,23.976,367,conscientiousness,high
153,6381,chin,488.2,343.5,803.4,577.9,770.3,519.4,1164.2,812.4,conscientiousness_high4_IzKWDY_QNTU.000.mp4,1280,720,23.976,367,conscientiousness,high
153,6381,left_cheek,497.8,353.0,588.5,480.5,782.3,531.3,895.6,690.6,conscientiousness_high4_IzKWDY_QNTU.000.mp4,1280,720,23.976,367,conscientiousness,high
153,6381,right_cheek,688.9,348.7,786.5,479.0,1021.1,525.9,1143.1,688.8,conscientiousness_high4_IzKWDY_QNTU.000.mp4,1280,720,23.976,367,conscientiousness,high
154,6423,left_eye,504.1,269.9,605.2,340.4,790.1,427.3,916.5,515.5,conscientiousness_high4_IzKWDY_QNTU.000.mp4,1280,720,23.976,367,conscientiousness,high
154,6423,right_eye,668.4,263.2,777.7,336.9,995.5,419.0,1132.1,511.2,conscientiousness_high4_IzKWDY_QNTU.000.mp4,1280,720,23.976,367,conscientiousness,high
154,6423,nose,591.9,322.6,686.7,437.5,899.8,493.2,1018.4,636.9,conscientiousness_high4_IzKWDY_QNTU.000.mp4,1280,720,23.976,367,conscientiousness,high
154,6423,mouth,575.4,452.5,712.7,518.3,879.2,655.6,1050.8,737.8,conscientiousness_high4_IzKWDY_QNTU.000.mp4,1280,720,23.976,367,conscientiousness,high
154,6423,forehead,484.8,208.6,805.6,464.5,765.9,350.7,1167.0,670.6,conscientiousness_high4_IzKWDY_QNTU.000.mp4,1280,720,23.976,367,conscientiousness,high
154,6423,chin,488.0,343.9,803.7,578.2,770.0,519.8,1164.6,812.7,conscientiousness_high4_IzKWDY_QNTU.000.mp4,1280,720,23.976,367,conscientiousness,high
154,6423,left_cheek,497.9,353.1,588.9,480.4,782.4,531.4,896.1,690.5,conscientiousness_high4_IzKWDY_QNTU.000.mp4,1280,720,23.976,367,conscientiousness,high
154,6423,right_cheek,689.7,348.8,786.9,479.1,1022.1,526.1,1143.6,688.8,conscientiousness_high4_IzKWDY_QNTU.000.mp4,1280,720,23.976,367,conscientiousness,high
155,6464,left_eye,504.4,269.4,605.7,340.1,790.5,426.8,917.1,515.1,conscientiousness_high4_IzKWDY_QNTU.000.mp4,1280,720,23.976,367,conscientiousness,high
155,6464,right_eye,669.2,262.4,777.7,336.6,996.4,418.1,1132.2,510.7,conscientiousness_high4_IzKWDY_QNTU.000.mp4,1280,720,23.976,367,conscientiousness,high
155,6464,nose,592.5,322.2,687.2,436.6,900.6,492.8,1018.9,635.8,conscientiousness_high4_IzKWDY_QNTU.000.mp4,1280,720,23.976,367,conscientiousness,high
155,6464,mouth,575.0,451.0,713.9,517.2,878.7,653.8,1052.3,736.5,conscientiousness_high4_IzKWDY_QNTU.000.mp4,1280,720,23.976,367,conscientiousness,high
155,6464,forehead,484.8,208.3,805.6,465.0,766.0,350.4,1167.0,671.2,conscientiousness_high4_IzKWDY_QNTU.000.mp4,1280,720,23.976,367,conscientiousness,high
155,6464,chin,487.9,344.1,804.0,578.0,769.8,520.1,1165.0,812.5,conscientiousness_high4_IzKWDY_QNTU.000.mp4,1280,720,23.976,367,conscientiousness,high
155,6464,left_cheek,498.0,353.1,589.5,480.1,782.5,531.3,896.9,690.1,conscientiousness_high4_IzKWDY_QNTU.000.mp4,1280,720,23.976,367,conscientiousness,high
155,6464,right_cheek,690.3,348.7,787.4,478.8,1022.9,525.9,1144.2,688.4,conscientiousness_high4_IzKWDY_QNTU.000.mp4,1280,720,23.976,367,conscientiousness,high
156,6506,left_eye,505.1,268.3,607.1,339.6,791.4,425.3,918.9,514.6,conscientiousness_high4_IzKWDY_QNTU.000.mp4,1280,720,23.976,367,conscientiousness,high
156,6506,right_eye,670.2,261.5,778.1,336.2,997.8,416.9,1132.6,510.2,conscientiousness_high4_IzKWDY_QNTU.000.mp4,1280,720,23.976,367,conscientiousness,high
156,6506,nose,593.3,320.4,687.9,435.6,901.6,490.5,1019.9,634.5,conscientiousness_high4_IzKWDY_QNTU.000.mp4,1280,720,23.976,367,conscientiousness,high
156,6506,mouth,574.5,449.9,714.5,516.7,878.2,652.3,1053.1,735.8,conscientiousness_high4_IzKWDY_QNTU.000.mp4,1280,720,23.976,367,conscientiousness,high
156,6506,forehead,484.9,207.3,805.7,465.2,766.1,349.1,1167.1,671.5,conscientiousness_high4_IzKWDY_QNTU.000.mp4,1280,720,23.976,367,conscientiousness,high
156,6506,chin,487.9,344.2,804.1,578.0,769.8,520.2,1165.2,812.5,conscientiousness_high4_IzKWDY_QNTU.000.mp4,1280,720,23.976,367,conscientiousness,high
156,6506,left_cheek,498.0,352.8,590.1,479.5,782.5,531.0,897.7,689.4,conscientiousness_high4_IzKWDY_QNTU.000.mp4,1280,720,23.976,367,conscientiousness,high
156,6506,right_cheek,691.3,348.5,788.1,478.4,1024.1,525.6,1145.1,688.0,conscientiousness_high4_IzKWDY_QNTU.000.mp4,1280,720,23.976,367,conscientiousness,high
157,6548,left_eye,505.9,268.0,607.9,339.0,792.4,425.0,919.8,513.7,conscientiousness_high4_IzKWDY_QNTU.000.mp4,1280,720,23.976,367,conscientiousness,high
157,6548,right_eye,671.2,261.0,779.2,335.5,999.0,416.2,1134.0,509.4,conscientiousness_high4_IzKWDY_QNTU.000.mp4,1280,720,23.976,367,conscientiousness,high
157,6548,nose,593.9,319.7,688.9,434.9,902.4,489.7,1021.1,633.6,conscientiousness_high4_IzKWDY_QNTU.000.mp4,1280,720,23.976,367,conscientiousness,high
157,6548,mouth,574.5,449.8,715.5,516.9,878.2,652.2,1054.3,736.1,conscientiousness_high4_IzKWDY_QNTU.000.mp4,1280,720,23.976,367,conscientiousness,high
157,6548,forehead,484.9,206.8,806.6,465.3,766.1,348.5,1168.2,671.6,conscientiousness_high4_IzKWDY_QNTU.000.mp4,1280,720,23.976,367,conscientiousness,high
157,6548,chin,487.9,344.2,805.2,578.9,769.9,520.3,1166.5,813.6,conscientiousness_high4_IzKWDY_QNTU.000.mp4,1280,720,23.976,367,conscientiousness,high
157,6548,left_cheek,498.8,352.6,591.1,479.4,783.5,530.7,898.8,689.2,conscientiousness_high4_IzKWDY_QNTU.000.mp4,1280,720,23.976,367,conscientiousness,high
157,6548,right_cheek,692.1,348.0,789.0,478.1,1025.1,525.0,1146.2,687.7,conscientiousness_high4_IzKWDY_QNTU.000.mp4,1280,720,23.976,367,conscientiousness,high
158,6589,left_eye,506.5,267.6,608.4,338.5,793.1,424.5,920.5,513.2,conscientiousness_high4_IzKWDY_QNTU.000.mp4,1280,720,23.976,367,conscientiousness,high
158,6589,right_eye,672.2,260.3,780.6,334.9,1000.2,415.4,1135.7,508.6,conscientiousness_high4_IzKWDY_QNTU.000.mp4,1280,720,23.976,367,conscientiousness,high
158,6589,nose,594.7,318.7,690.0,434.2,903.3,488.3,1022.5,632.8,conscientiousness_high4_IzKWDY_QNTU.000.mp4,1280,720,23.976,367,conscientiousness,high
158,6589,mouth,575.4,449.8,716.7,520.3,879.3,652.2,1055.9,740.4,conscientiousness_high4_IzKWDY_QNTU.000.mp4,1280,720,23.976,367,conscientiousness,high
158,6589,forehead,485.0,205.7,808.6,465.5,766.2,347.1,1170.7,671.9,conscientiousness_high4_IzKWDY_QNTU.000.mp4,1280,720,23.976,367,conscientiousness,high
158,6589,chin,488.0,344.1,807.2,580.6,770.0,520.1,1169.0,815.7,conscientiousness_high4_IzKWDY_QNTU.000.mp4,1280,720,23.976,367,conscientiousness,high
158,6589,left_cheek,499.1,352.5,591.8,479.4,783.8,530.6,899.8,689.3,conscientiousness_high4_IzKWDY_QNTU.000.mp4,1280,720,23.976,367,conscientiousness,high
158,6589,right_cheek,693.2,347.5,790.8,478.2,1026.5,524.4,1148.5,687.8,conscientiousness_high4_IzKWDY_QNTU.000.mp4,1280,720,23.976,367,conscientiousness,high
159,6631,left_eye,507.7,267.5,609.7,338.2,794.7,424.3,922.1,512.7,conscientiousness_high4_IzKWDY_QNTU.000.mp4,1280,720,23.976,367,conscientiousness,high
159,6631,right_eye,673.2,260.2,781.9,334.5,1001.5,415.2,1137.4,508.2,conscientiousness_high4_IzKWDY_QNTU.000.mp4,1280,720,23.976,367,conscientiousness,high
159,6631,nose,595.6,317.8,691.3,434.4,904.5,487.2,1024.1,633.0,conscientiousness_high4_IzKWDY_QNTU.000.mp4,1280,720,23.976,367,conscientiousness,high
159,6631,mouth,576.6,449.9,717.6,522.4,880.7,652.3,1057.0,743.0,conscientiousness_high4_IzKWDY_QNTU.000.mp4,1280,720,23.976,367,conscientiousness,high
159,6631,forehead,485.5,204.7,810.0,465.6,766.8,345.9,1172.5,672.0,conscientiousness_high4_IzKWDY_QNTU.000.mp4,1280,720,23.976,367,conscientiousness,high
159,6631,chin,488.4,343.9,808.5,581.6,770.5,519.9,1170.6,817.0,conscientiousness_high4_IzKWDY_QNTU.000.mp4,1280,720,23.976,367,conscientiousness,high
159,6631,left_cheek,500.0,352.4,592.9,479.4,785.0,530.5,901.1,689.3,conscientiousness_high4_IzKWDY_QNTU.000.mp4,1280,720,23.976,367,conscientiousness,high
159,6631,right_cheek,694.4,347.3,792.1,478.3,1027.9,524.1,1150.2,687.8,conscientiousness_high4_IzKWDY_QNTU.000.mp4,1280,720,23.976,367,conscientiousness,high
160,6673,left_eye,510.4,267.5,612.4,338.2,798.0,424.4,925.5,512.7,conscientiousness_high4_IzKWDY_QNTU.000.mp4,1280,720,23.976,367,conscientiousness,high
160,6673,right_eye,675.2,260.3,784.1,334.7,1004.0,415.4,1140.1,508.4,conscientiousness_high4_IzKWDY_QNTU.000.mp4,1280,720,23.976,367,conscientiousness,high
160,6673,nose,597.8,317.6,693.4,434.5,907.2,487.0,1026.8,633.1,conscientiousness_high4_IzKWDY_QNTU.000.mp4,1280,720,23.976,367,conscientiousness,high
160,6673,mouth,578.5,450.1,719.6,522.9,883.1,652.6,1059.5,743.7,conscientiousness_high4_IzKWDY_QNTU.000.mp4,1280,720,23.976,367,conscientiousness,high
160,6673,forehead,486.9,204.8,812.3,465.8,768.6,346.0,1175.4,672.2,conscientiousness_high4_IzKWDY_QNTU.000.mp4,1280,720,23.976,367,conscientiousness,high
160,6673,chin,490.0,343.9,810.8,581.9,772.4,519.9,1173.5,817.4,conscientiousness_high4_IzKWDY_QNTU.000.mp4,1280,720,23.976,367,conscientiousness,high
160,6673,left_cheek,501.8,352.4,595.0,479.7,787.2,530.5,903.8,689.6,conscientiousness_high4_IzKWDY_QNTU.000.mp4,1280,720,23.976,367,conscientiousness,high
160,6673,right_cheek,696.6,347.4,794.7,478.5,1030.7,524.2,1153.4,688.1,conscientiousness_high4_IzKWDY_QNTU.000.mp4,1280,720,23.976,367,conscientiousness,high
161,6715,left_eye,510.8,267.5,613.5,338.2,798.5,424.4,926.9,512.8,conscientiousness_high4_IzKWDY_QNTU.000.mp4,1280,720,23.976,367,conscientiousness,high
161,6715,right_eye,676.3,260.4,785.4,334.8,1005.4,415.5,1141.8,508.5,conscientiousness_high4_IzKWDY_QNTU.000.mp4,1280,720,23.976,367,conscientiousness,high
161,6715,nose,598.7,317.4,694.6,434.6,908.4,486.7,1028.3,633.2,conscientiousness_high4_IzKWDY_QNTU.000.mp4,1280,720,23.976,367,conscientiousness,high
161,6715,mouth,579.0,450.2,720.1,521.8,883.7,652.7,1060.1,742.3,conscientiousness_high4_IzKWDY_QNTU.000.mp4,1280,720,23.976,367,conscientiousness,high
161,6715,forehead,487.1,204.7,813.3,465.7,768.9,345.9,1176.6,672.1,conscientiousness_high4_IzKWDY_QNTU.000.mp4,1280,720,23.976,367,conscientiousness,high
161,6715,chin,490.1,343.9,811.7,581.2,772.7,519.9,1174.7,816.6,conscientiousness_high4_IzKWDY_QNTU.000.mp4,1280,720,23.976,367,conscientiousness,high
161,6715,left_cheek,502.1,352.4,595.8,479.7,787.6,530.6,904.7,689.6,conscientiousness_high4_IzKWDY_QNTU.000.mp4,1280,720,23.976,367,conscientiousness,high
161,6715,right_cheek,697.8,347.4,796.1,478.6,1032.3,524.3,1155.1,688.2,conscientiousness_high4_IzKWDY_QNTU.000.mp4,1280,720,23.976,367,conscientiousness,high
162,6756,left_eye,510.8,267.0,613.4,338.1,798.5,423.8,926.7,512.7,conscientiousness_high4_IzKWDY_QNTU.000.mp4,1280,720,23.976,367,conscientiousness,high
162,6756,right_eye,676.3,260.0,785.8,334.4,1005.4,415.1,1142.2,507.9,conscientiousness_high4_IzKWDY_QNTU.000.mp4,1280,720,23.976,367,conscientiousness,high
162,6756,nose,598.7,317.4,694.4,434.7,908.4,486.7,1028.0,633.4,conscientiousness_high4_IzKWDY_QNTU.000.mp4,1280,720,23.976,367,conscientiousness,high
162,6756,mouth,578.8,450.3,720.7,519.4,883.4,652.9,1060.9,739.2,conscientiousness_high4_IzKWDY_QNTU.000.mp4,1280,720,23.976,367,conscientiousness,high
162,6756,forehead,487.4,204.6,813.6,465.6,769.3,345.8,1177.0,672.0,conscientiousness_high4_IzKWDY_QNTU.000.mp4,1280,720,23.976,367,conscientiousness,high
162,6756,chin,490.4,343.8,812.0,579.2,773.0,519.7,1175.0,814.0,conscientiousness_high4_IzKWDY_QNTU.000.mp4,1280,720,23.976,367,conscientiousness,high
162,6756,left_cheek,502.4,352.4,595.8,479.5,788.0,530.5,904.8,689.4,conscientiousness_high4_IzKWDY_QNTU.000.mp4,1280,720,23.976,367,conscientiousness,high
162,6756,right_cheek,697.9,347.2,796.2,478.2,1032.3,524.1,1155.2,687.8,conscientiousness_high4_IzKWDY_QNTU.000.mp4,1280,720,23.976,367,conscientiousness,high
163,6798,left_eye,511.2,266.6,613.6,337.8,799.0,423.3,927.0,512.3,conscientiousness_high4_IzKWDY_QNTU.000.mp4,1280,720,23.976,367,conscientiousness,high
163,6798,right_eye,676.6,259.4,785.7,334.1,1005.7,414.3,1142.1,507.7,conscientiousness_high4_IzKWDY_QNTU.000.mp4,1280,720,23.976,367,conscientiousness,high
163,6798,nose,599.2,317.2,694.7,434.2,909.0,486.5,1028.4,632.8,conscientiousness_high4_IzKWDY_QNTU.000.mp4,1280,720,23.976,367,conscientiousness,high
163,6798,mouth,579.1,450.4,721.3,516.4,883.8,653.0,1061.6,735.5,conscientiousness_high4_IzKWDY_QNTU.000.mp4,1280,720,23.976,367,conscientiousness,high
163,6798,forehead,488.3,204.6,813.3,465.4,770.4,345.8,1176.6,671.8,conscientiousness_high4_IzKWDY_QNTU.000.mp4,1280,720,23.976,367,conscientiousness,high
163,6798,chin,491.3,343.6,811.8,578.4,774.1,519.5,1174.7,813.0,conscientiousness_high4_IzKWDY_QNTU.000.mp4,1280,720,23.976,367,conscientiousness,high
163,6798,left_cheek,503.3,352.3,596.4,479.2,789.1,530.3,905.5,689.0,conscientiousness_high4_IzKWDY_QNTU.000.mp4,1280,720,23.976,367,conscientiousness,high
163,6798,right_cheek,698.1,346.9,795.9,477.4,1032.6,523.6,1154.9,686.8,conscientiousness_high4_IzKWDY_QNTU.000.mp4,1280,720,23.976,367,conscientiousness,high
164,6840,left_eye,511.5,266.7,614.0,337.9,799.3,423.4,927.5,512.4,conscientiousness_high4_IzKWDY_QNTU.000.mp4,1280,720,23.976,367,conscientiousness,high
164,6840,right_eye,676.5,259.2,785.7,334.2,1005.7,414.0,1142.1,507.7,conscientiousness_high4_IzKWDY_QNTU.000.mp4,1280,720,23.976,367,conscientiousness,high
164,6840,nose,600.1,316.8,695.3,434.3,910.1,486.0,1029.2,632.9,conscientiousness_high4_IzKWDY_QNTU.000.mp4,1280,720,23.976,367,conscientiousness,high
164,6840,mouth,579.8,451.1,721.3,516.7,884.7,653.8,1061.6,735.9,conscientiousness_high4_IzKWDY_QNTU.000.mp4,1280,720,23.976,367,conscientiousness,high
164,6840,forehead,488.7,204.6,813.2,465.9,770.9,345.8,1176.5,672.4,conscientiousness_high4_IzKWDY_QNTU.000.mp4,1280,720,23.976,367,conscientiousness,high
164,6840,chin,491.9,343.6,811.7,578.5,774.9,519.5,1174.6,813.1,conscientiousness_high4_IzKWDY_QNTU.000.mp4,1280,720,23.976,367,conscientiousness,high
164,6840,left_cheek,503.8,353.2,596.9,479.7,789.8,531.5,906.1,689.6,conscientiousness_high4_IzKWDY_QNTU.000.mp4,1280,720,23.976,367,conscientiousness,high
164,6840,right_cheek,698.7,346.9,796.2,477.5,1033.3,523.7,1155.3,686.8,conscientiousness_high4_IzKWDY_QNTU.000.mp4,1280,720,23.976,367,conscientiousness,high
165,6881,left_eye,511.9,266.6,615.1,338.1,799.9,423.2,928.9,512.7,conscientiousness_high4_IzKWDY_QNTU.000.mp4,1280,720,23.976,367,conscientiousness,high
165,6881,right_eye,676.8,257.9,786.3,334.2,1006.0,412.4,1142.9,507.7,conscientiousness_high4_IzKWDY_QNTU.000.mp4,1280,720,23.976,367,conscientiousness,high
165,6881,nose,602.3,313.6,696.2,434.1,912.9,482.0,1030.3,632.7,conscientiousness_high4_IzKWDY_QNTU.000.mp4,1280,720,23.976,367,conscientiousness,high
165,6881,mouth,585.4,451.4,719.6,519.5,891.7,654.3,1059.5,739.4,conscientiousness_high4_IzKWDY_QNTU.000.mp4,1280,720,23.976,367,conscientiousness,high
165,6881,forehead,488.7,202.7,813.8,468.1,770.9,343.4,1177.2,675.2,conscientiousness_high4_IzKWDY_QNTU.000.mp4,1280,720,23.976,367,conscientiousness,high
165,6881,chin,492.0,344.6,812.2,578.7,775.0,520.8,1175.3,813.4,conscientiousness_high4_IzKWDY_QNTU.000.mp4,1280,720,23.976,367,conscientiousness,high
165,6881,left_cheek,503.9,355.0,597.7,481.9,789.8,533.7,907.1,692.4,conscientiousness_high4_IzKWDY_QNTU.000.mp4,1280,720,23.976,367,conscientiousness,high
165,6881,right_cheek,700.1,347.3,798.0,478.9,1035.1,524.1,1157.5,688.6,conscientiousness_high4_IzKWDY_QNTU.000.mp4,1280,720,23.976,367,conscientiousness,high
166,6923,left_eye,513.6,267.4,617.0,339.5,802.0,424.2,931.2,514.3,conscientiousness_high4_IzKWDY_QNTU.000.mp4,1280,720,23.976,367,conscientiousness,high
166,6923,right_eye,676.8,257.6,786.3,334.0,1006.0,412.0,1142.9,507.5,conscientiousness_high4_IzKWDY_QNTU.000.mp4,1280,720,23.976,367,conscientiousness,high
166,6923,nose,605.3,312.6,698.0,434.0,916.6,480.8,1032.5,632.5,conscientiousness_high4_IzKWDY_QNTU.000.mp4,1280,720,23.976,367,conscientiousness,high
166,6923,mouth,594.3,452.3,717.3,525.3,902.9,655.4,1056.7,746.6,conscientiousness_high4_IzKWDY_QNTU.000.mp4,1280,720,23.976,367,conscientiousness,high
166,6923,forehead,489.0,202.6,814.3,472.2,771.3,343.3,1177.9,680.2,conscientiousness_high4_IzKWDY_QNTU.000.mp4,1280,720,23.976,367,conscientiousness,high
166,6923,chin,492.7,345.4,813.2,582.8,775.9,521.8,1176.5,818.5,conscientiousness_high4_IzKWDY_QNTU.000.mp4,1280,720,23.976,367,conscientiousness,high
166,6923,left_cheek,504.6,359.3,599.6,486.8,790.7,539.1,909.5,698.5,conscientiousness_high4_IzKWDY_QNTU.000.mp4,1280,720,23.976,367,conscientiousness,high
166,6923,right_cheek,701.4,347.6,799.1,480.9,1036.8,524.6,1158.9,691.1,conscientiousness_high4_IzKWDY_QNTU.000.mp4,1280,720,23.976,367,conscientiousness,high
167,6965,left_eye,514.0,266.9,617.0,339.5,802.4,423.6,931.2,514.3,conscientiousness_high4_IzKWDY_QNTU.000.mp4,1280,720,23.976,367,conscientiousness,high
167,6965,right_eye,676.8,252.6,786.2,331.0,1006.0,405.7,1142.7,503.8,conscientiousness_high4_IzKWDY_QNTU.000.mp4,1280,720,23.976,367,conscientiousness,high
167,6965,nose,607.1,308.5,699.7,428.5,918.9,475.7,1034.7,625.6,conscientiousness_high4_IzKWDY_QNTU.000.mp4,1280,720,23.976,367,conscientiousness,high
167,6965,mouth,599.4,449.4,717.3,528.0,909.2,651.7,1056.7,750.0,conscientiousness_high4_IzKWDY_QNTU.000.mp4,1280,720,23.976,367,conscientiousness,high
167,6965,forehead,489.0,200.4,814.2,477.6,771.2,340.6,1177.8,686.9,conscientiousness_high4_IzKWDY_QNTU.000.mp4,1280,720,23.976,367,conscientiousness,high
167,6965,chin,492.7,345.4,813.5,583.5,775.9,521.8,1176.8,819.3,conscientiousness_high4_IzKWDY_QNTU.000.mp4,1280,720,23.976,367,conscientiousness,high
167,6965,left_cheek,504.7,362.0,600.1,489.3,790.9,542.4,910.2,701.6,conscientiousness_high4_IzKWDY_QNTU.000.mp4,1280,720,23.976,367,conscientiousness,high
167,6965,right_cheek,703.1,346.5,800.1,480.4,1038.9,523.1,1160.1,690.5,conscientiousness_high4_IzKWDY_QNTU.000.mp4,1280,720,23.976,367,conscientiousness,high
168,7007,left_eye,510.9,261.1,614.4,337.3,798.6,416.4,928.0,511.6,conscientiousness_high4_IzKWDY_QNTU.000.mp4,1280,720,23.976,367,conscientiousness,high
168,7007,right_eye,674.9,242.4,784.1,323.2,1003.6,393.0,1140.1,494.0,conscientiousness_high4_IzKWDY_QNTU.000.mp4,1280,720,23.976,367,conscientiousness,high
168,7007,nose,607.3,300.4,700.2,418.9,919.1,465.4,1035.3,613.6,conscientiousness_high4_IzKWDY_QNTU.000.mp4,1280,720,23.976,367,conscientiousness,high
168,7007,mouth,602.8,441.4,717.2,526.8,913.6,641.8,1056.4,748.6,conscientiousness_high4_IzKWDY_QNTU.000.mp4,1280,720,23.976,367,conscientiousness,high
168,7007,forehead,486.4,192.4,812.7,479.1,768.0,330.5,1175.9,688.9,conscientiousness_high4_IzKWDY_QNTU.000.mp4,1280,720,23.976,367,conscientiousness,high
168,7007,chin,490.7,339.9,812.7,583.3,773.4,514.9,1175.9,819.1,conscientiousness_high4_IzKWDY_QNTU.000.mp4,1280,720,23.976,367,conscientiousness,high
168,7007,left_cheek,503.5,359.8,599.8,488.5,789.3,539.7,909.7,700.6,conscientiousness_high4_IzKWDY_QNTU.000.mp4,1280,720,23.976,367,conscientiousness,high
168,7007,right_cheek,703.2,338.0,799.7,473.2,1039.0,512.4,1159.6,681.5,conscientiousness_high4_IzKWDY_QNTU.000.mp4,1280,720,23.976,367,conscientiousness,high
169,7048,left_eye,508.4,261.4,611.9,338.0,795.6,416.8,924.9,512.5,conscientiousness_high4_IzKWDY_QNTU.000.mp4,1280,720,23.976,367,conscientiousness,high
169,7048,right_eye,670.0,240.5,779.2,321.6,997.5,390.7,1134.0,492.0,conscientiousness_high4_IzKWDY_QNTU.000.mp4,1280,720,23.976,367,conscientiousness,high
169,7048,nose,606.7,299.7,699.8,417.6,918.4,464.6,1034.7,611.9,conscientiousness_high4_IzKWDY_QNTU.000.mp4,1280,720,23.976,367,conscientiousness,high
169,7048,mouth,603.3,440.5,715.6,523.8,914.1,640.6,1054.5,744.8,conscientiousness_high4_IzKWDY_QNTU.000.mp4,1280,720,23.976,367,conscientiousness,high
169,7048,forehead,484.1,191.1,810.4,485.5,765.1,328.9,1172.9,696.9,conscientiousness_high4_IzKWDY_QNTU.000.mp4,1280,720,23.976,367,conscientiousness,high
169,7048,chin,489.9,338.5,810.4,582.2,772.3,513.2,1172.9,817.7,conscientiousness_high4_IzKWDY_QNTU.000.mp4,1280,720,23.976,367,conscientiousness,high
169,7048,left_cheek,502.3,360.0,599.1,491.1,787.9,540.0,908.9,703.9,conscientiousness_high4_IzKWDY_QNTU.000.mp4,1280,720,23.976,367,conscientiousness,high
169,7048,right_cheek,703.0,335.3,798.2,470.7,1038.7,509.2,1157.7,678.4,conscientiousness_high4_IzKWDY_QNTU.000.mp4,1280,720,23.976,367,conscientiousness,high
170,7090,left_eye,504.8,258.7,607.6,337.8,791.1,413.4,919.5,512.3,conscientiousness_high4_IzKWDY_QNTU.000.mp4,1280,720,23.976,367,conscientiousness,high
170,7090,right_eye,664.7,236.1,774.0,317.8,990.9,385.2,1127.5,487.3,conscientiousness_high4_IzKWDY_QNTU.000.mp4,1280,720,23.976,367,conscientiousness,high
170,7090,nose,606.2,296.5,695.9,413.3,917.8,460.7,1029.8,606.7,conscientiousness_high4_IzKWDY_QNTU.000.mp4,1280,720,23.976,367,conscientiousness,high
170,7090,mouth,604.7,437.1,711.2,517.5,915.9,636.4,1049.0,736.9,conscientiousness_high4_IzKWDY_QNTU.000.mp4,1280,720,23.976,367,conscientiousness,high
170,7090,forehead,482.1,189.0,807.8,486.0,762.7,326.2,1169.8,697.5,conscientiousness_high4_IzKWDY_QNTU.000.mp4,1280,720,23.976,367,conscientiousness,high
170,7090,chin,488.6,336.4,807.8,578.1,770.7,510.5,1169.8,812.7,conscientiousness_high4_IzKWDY_QNTU.000.mp4,1280,720,23.976,367,conscientiousness,high
170,7090,left_cheek,500.2,359.4,596.3,490.4,785.3,539.2,905.3,703.0,conscientiousness_high4_IzKWDY_QNTU.000.mp4,1280,720,23.976,367,conscientiousness,high
170,7090,right_cheek,699.5,331.2,795.2,465.3,1034.3,503.9,1154.1,671.7,conscientiousness_high4_IzKWDY_QNTU.000.mp4,1280,720,23.976,367,conscientiousness,high
171,7132,left_eye,501.5,257.4,603.1,337.2,786.9,411.8,913.9,511.5,conscientiousness_high4_IzKWDY_QNTU.000.mp4,1280,720,23.976,367,conscientiousness,high
171,7132,right_eye,659.1,232.6,768.8,314.9,983.9,380.7,1121.1,483.7,conscientiousness_high4_IzKWDY_QNTU.000.mp4,1280,720,23.976,367,conscientiousness,high
171,7132,nose,602.9,294.1,691.0,410.1,913.6,457.6,1023.7,602.7,conscientiousness_high4_IzKWDY_QNTU.000.mp4,1280,720,23.976,367,conscientiousness,high
171,7132,mouth,604.1,434.8,707.0,512.0,915.1,633.5,1043.7,730.0,conscientiousness_high4_IzKWDY_QNTU.000.mp4,1280,720,23.976,367,conscientiousness,high
171,7132,forehead,479.9,186.7,805.6,486.1,759.9,323.4,1167.0,697.6,conscientiousness_high4_IzKWDY_QNTU.000.mp4,1280,720,23.976,367,conscientiousness,high
171,7132,chin,486.6,332.5,805.6,574.9,768.2,505.6,1167.0,808.6,conscientiousness_high4_IzKWDY_QNTU.000.mp4,1280,720,23.976,367,conscientiousness,high
171,7132,left_cheek,497.4,358.1,592.5,489.8,781.8,537.7,900.6,702.2,conscientiousness_high4_IzKWDY_QNTU.000.mp4,1280,720,23.976,367,conscientiousness,high
171,7132,right_cheek,694.7,326.7,791.9,460.7,1028.4,498.4,1149.9,665.9,conscientiousness_high4_IzKWDY_QNTU.000.mp4,1280,720,23.976,367,conscientiousness,high
172,7173,left_eye,500.1,256.5,601.9,337.1,785.1,410.6,912.4,511.4,conscientiousness_high4_IzKWDY_QNTU.000.mp4,1280,720,23.976,367,conscientiousness,high
172,7173,right_eye,657.2,230.9,768.0,313.3,981.5,378.6,1120.0,481.7,conscientiousness_high4_IzKWDY_QNTU.000.mp4,1280,720,23.976,367,conscientiousness,high
172,7173,nose,602.3,292.5,689.5,408.2,912.8,455.6,1021.9,600.2,conscientiousness_high4_IzKWDY_QNTU.000.mp4,1280,720,23.976,367,conscientiousness,high
172,7173,mouth,605.8,434.6,705.7,508.1,917.3,633.2,1042.2,725.2,conscientiousness_high4_IzKWDY_QNTU.000.mp4,1280,720,23.976,367,conscientiousness,high
172,7173,forehead,479.2,185.3,805.7,486.8,759.0,321.6,1167.2,698.5,conscientiousness_high4_IzKWDY_QNTU.000.mp4,1280,720,23.976,367,conscientiousness,high
172,7173,chin,486.7,330.4,805.7,573.2,768.4,503.0,1167.2,806.5,conscientiousness_high4_IzKWDY_QNTU.000.mp4,1280,720,23.976,367,conscientiousness,high
172,7173,left_cheek,497.0,357.6,591.7,489.4,781.3,537.0,899.6,701.8,conscientiousness_high4_IzKWDY_QNTU.000.mp4,1280,720,23.976,367,conscientiousness,high
172,7173,right_cheek,693.6,324.3,791.9,457.9,1027.0,495.3,1149.9,662.3,conscientiousness_high4_IzKWDY_QNTU.000.mp4,1280,720,23.976,367,conscientiousness,high
173,7215,left_eye,499.0,256.0,600.9,337.1,783.7,410.0,911.1,511.4,conscientiousness_high4_IzKWDY_QNTU.000.mp4,1280,720,23.976,367,conscientiousness,high
173,7215,right_eye,655.8,230.0,766.4,312.5,979.7,377.5,1118.0,480.6,conscientiousness_high4_IzKWDY_QNTU.000.mp4,1280,720,23.976,367,conscientiousness,high
173,7215,nose,601.2,292.0,688.5,407.8,911.4,455.0,1020.7,599.7,conscientiousness_high4_IzKWDY_QNTU.000.mp4,1280,720,23.976,367,conscientiousness,high
173,7215,mouth,605.4,434.2,704.6,506.4,916.7,632.7,1040.8,723.1,conscientiousness_high4_IzKWDY_QNTU.000.mp4,1280,720,23.976,367,conscientiousness,high
173,7215,forehead,478.9,184.8,804.6,486.2,758.6,321.0,1165.7,697.7,conscientiousness_high4_IzKWDY_QNTU.000.mp4,1280,720,23.976,367,conscientiousness,high
173,7215,chin,486.5,328.4,804.6,571.7,768.1,500.5,1165.7,804.6,conscientiousness_high4_IzKWDY_QNTU.000.mp4,1280,720,23.976,367,conscientiousness,high
173,7215,left_cheek,496.4,357.2,590.7,489.4,780.5,536.5,898.4,701.8,conscientiousness_high4_IzKWDY_QNTU.000.mp4,1280,720,23.976,367,conscientiousness,high
173,7215,right_cheek,692.1,322.8,790.7,456.2,1025.2,493.5,1148.4,660.2,conscientiousness_high4_IzKWDY_QNTU.000.mp4,1280,720,23.976,367,conscientiousness,high
174,7257,left_eye,498.3,255.9,600.1,337.1,782.9,409.9,910.2,511.4,conscientiousness_high4_IzKWDY_QNTU.000.mp4,1280,720,23.976,367,conscientiousness,high
174,7257,right_eye,654.7,230.2,765.4,312.3,978.4,377.7,1116.7,480.4,conscientiousness_high4_IzKWDY_QNTU.000.mp4,1280,720,23.976,367,conscientiousness,high
174,7257,nose,600.3,291.9,687.8,407.8,910.4,454.9,1019.8,599.8,conscientiousness_high4_IzKWDY_QNTU.000.mp4,1280,720,23.976,367,conscientiousness,high
174,7257,mouth,604.7,434.5,704.5,505.9,915.8,633.2,1040.6,722.4,conscientiousness_high4_IzKWDY_QNTU.000.mp4,1280,720,23.976,367,conscientiousness,high
174,7257,forehead,478.4,184.9,804.1,486.2,758.0,321.2,1165.1,697.7,conscientiousness_high4_IzKWDY_QNTU.000.mp4,1280,720,23.976,367,conscientiousness,high
174,7257,chin,486.2,327.9,804.1,571.3,767.7,499.9,1165.1,804.1,conscientiousness_high4_IzKWDY_QNTU.000.mp4,1280,720,23.976,367,conscientiousness,high
174,7257,left_cheek,495.9,357.1,590.1,489.3,779.9,536.4,897.6,701.6,conscientiousness_high4_IzKWDY_QNTU.000.mp4,1280,720,23.976,367,conscientiousness,high
174,7257,right_cheek,691.2,322.6,790.1,455.9,1024.0,493.3,1147.7,659.9,conscientiousness_high4_IzKWDY_QNTU.000.mp4,1280,720,23.976,367,conscientiousness,high
175,7298,left_eye,498.7,255.9,600.5,337.0,783.4,409.9,910.7,511.3,conscientiousness_high4_IzKWDY_QNTU.000.mp4,1280,720,23.976,367,conscientiousness,high
175,7298,right_eye,655.1,230.8,766.0,312.9,978.9,378.5,1117.5,481.1,conscientiousness_high4_IzKWDY_QNTU.000.mp4,1280,720,23.976,367,conscientiousness,high
175,7298,nose,600.2,292.3,688.0,408.5,910.3,455.3,1020.0,600.7,conscientiousness_high4_IzKWDY_QNTU.000.mp4,1280,720,23.976,367,conscientiousness,high
175,7298,mouth,604.2,435.2,705.0,506.5,915.2,634.0,1041.3,723.1,conscientiousness_high4_IzKWDY_QNTU.000.mp4,1280,720,23.976,367,conscientiousness,high
175,7298,forehead,478.7,185.2,804.2,486.1,758.3,321.5,1165.3,697.6,conscientiousness_high4_IzKWDY_QNTU.000.mp4,1280,720,23.976,367,conscientiousness,high
175,7298,chin,486.3,328.5,804.2,571.3,767.9,500.6,1165.3,804.1,conscientiousness_high4_IzKWDY_QNTU.000.mp4,1280,720,23.976,367,conscientiousness,high
175,7298,left_cheek,496.1,357.1,590.2,489.2,780.1,536.4,897.8,701.5,conscientiousness_high4_IzKWDY_QNTU.000.mp4,1280,720,23.976,367,conscientiousness,high
175,7298,right_cheek,691.4,323.5,790.2,456.8,1024.2,494.3,1147.7,661.0,conscientiousness_high4_IzKWDY_QNTU.000.mp4,1280,720,23.976,367,conscientiousness,high
176,7340,left_eye,499.3,256.3,601.1,337.2,784.1,410.4,911.4,511.5,conscientiousness_high4_IzKWDY_QNTU.000.mp4,1280,720,23.976,367,conscientiousness,high
176,7340,right_eye,655.9,231.6,766.7,313.6,979.9,379.5,1118.4,482.0,conscientiousness_high4_IzKWDY_QNTU.000.mp4,1280,720,23.976,367,conscientiousness,high
176,7340,nose,600.6,293.0,688.4,409.5,910.7,456.3,1020.5,601.9,conscientiousness_high4_IzKWDY_QNTU.000.mp4,1280,720,23.976,367,conscientiousness,high
176,7340,mouth,603.9,435.6,705.6,507.4,914.9,634.6,1042.0,724.2,conscientiousness_high4_IzKWDY_QNTU.000.mp4,1280,720,23.976,367,conscientiousness,high
176,7340,forehead,479.0,185.7,804.7,486.5,758.7,322.1,1165.9,698.1,conscientiousness_high4_IzKWDY_QNTU.000.mp4,1280,720,23.976,367,conscientiousness,high
176,7340,chin,486.6,329.0,804.7,571.6,768.2,501.2,1165.9,804.4,conscientiousness_high4_IzKWDY_QNTU.000.mp4,1280,720,23.976,367,conscientiousness,high
176,7340,left_cheek,496.1,357.4,590.3,489.0,780.2,536.7,897.9,701.3,conscientiousness_high4_IzKWDY_QNTU.000.mp4,1280,720,23.976,367,conscientiousness,high
176,7340,right_cheek,691.8,324.2,790.6,457.7,1024.7,495.3,1148.3,662.2,conscientiousness_high4_IzKWDY_QNTU.000.mp4,1280,720,23.976,367,conscientiousness,high
177,7382,left_eye,499.6,256.6,601.5,337.4,784.5,410.7,911.8,511.7,conscientiousness_high4_IzKWDY_QNTU.000.mp4,1280,720,23.976,367,conscientiousness,high
177,7382,right_eye,656.6,232.3,767.3,314.0,980.8,380.3,1119.1,482.5,conscientiousness_high4_IzKWDY_QNTU.000.mp4,1280,720,23.976,367,conscientiousness,high
177,7382,nose,600.6,293.5,688.6,410.0,910.7,456.9,1020.8,602.5,conscientiousness_high4_IzKWDY_QNTU.000.mp4,1280,720,23.976,367,conscientiousness,high
177,7382,mouth,603.9,435.7,707.6,509.3,914.9,634.6,1044.5,726.7,conscientiousness_high4_IzKWDY_QNTU.000.mp4,1280,720,23.976,367,conscientiousness,high
177,7382,forehead,479.1,186.1,805.6,487.5,758.9,322.6,1167.0,699.3,conscientiousness_high4_IzKWDY_QNTU.000.mp4,1280,720,23.976,367,conscientiousness,high
177,7382,chin,487.3,329.4,805.6,571.7,769.2,501.7,1167.0,804.6,conscientiousness_high4_IzKWDY_QNTU.000.mp4,1280,720,23.976,367,conscientiousness,high
177,7382,left_cheek,496.3,357.6,590.5,489.2,780.3,537.1,898.1,701.4,conscientiousness_high4_IzKWDY_QNTU.000.mp4,1280,720,23.976,367,conscientiousness,high
177,7382,right_cheek,691.8,324.9,791.4,458.4,1024.8,496.1,1149.2,663.0,conscientiousness_high4_IzKWDY_QNTU.000.mp4,1280,720,23.976,367,conscientiousness,high
178,7424,left_eye,499.8,256.7,601.5,337.6,784.7,410.8,911.9,512.0,conscientiousness_high4_IzKWDY_QNTU.000.mp4,1280,720,23.976,367,conscientiousness,high
178,7424,right_eye,657.0,232.6,767.4,314.3,981.3,380.8,1119.2,482.8,conscientiousness_high4_IzKWDY_QNTU.000.mp4,1280,720,23.976,367,conscientiousness,high
178,7424,nose,600.9,293.8,689.0,410.1,911.1,457.3,1021.2,602.6,conscientiousness_high4_IzKWDY_QNTU.000.mp4,1280,720,23.976,367,conscientiousness,high
178,7424,mouth,602.0,434.0,713.1,514.2,912.5,632.5,1051.3,732.7,conscientiousness_high4_IzKWDY_QNTU.000.mp4,1280,720,23.976,367,conscientiousness,high
178,7424,forehead,479.7,186.2,806.7,489.1,759.7,322.7,1168.4,701.4,conscientiousness_high4_IzKWDY_QNTU.000.mp4,1280,720,23.976,367,conscientiousness,high
178,7424,chin,488.3,330.9,806.7,573.0,770.3,503.6,1168.4,806.2,conscientiousness_high4_IzKWDY_QNTU.000.mp4,1280,720,23.976,367,conscientiousness,high
178,7424,left_cheek,496.7,357.9,590.6,489.8,780.9,537.4,898.2,702.2,conscientiousness_high4_IzKWDY_QNTU.000.mp4,1280,720,23.976,367,conscientiousness,high
178,7424,right_cheek,692.6,325.1,792.4,459.2,1025.7,496.4,1150.6,664.0,conscientiousness_high4_IzKWDY_QNTU.000.mp4,1280,720,23.976,367,conscientiousness,high
179,7465,left_eye,500.0,256.8,601.7,337.6,785.0,411.0,912.1,512.0,conscientiousness_high4_IzKWDY_QNTU.000.mp4,1280,720,23.976,367,conscientiousness,high
179,7465,right_eye,657.1,232.7,768.9,314.4,981.4,380.9,1121.1,483.0,conscientiousness_high4_IzKWDY_QNTU.000.mp4,1280,720,23.976,367,conscientiousness,high
179,7465,nose,600.8,294.0,689.3,410.3,911.0,457.5,1021.6,602.8,conscientiousness_high4_IzKWDY_QNTU.000.mp4,1280,720,23.976,367,conscientiousness,high
179,7465,mouth,600.7,433.2,719.0,525.5,910.9,631.4,1058.8,746.8,conscientiousness_high4_IzKWDY_QNTU.000.mp4,1280,720,23.976,367,conscientiousness,high
179,7465,forehead,479.8,186.3,808.4,489.4,759.8,322.9,1170.5,701.8,conscientiousness_high4_IzKWDY_QNTU.000.mp4,1280,720,23.976,367,conscientiousness,high
179,7465,chin,488.3,331.6,808.4,578.4,770.4,504.5,1170.5,813.0,conscientiousness_high4_IzKWDY_QNTU.000.mp4,1280,720,23.976,367,conscientiousness,high
179,7465,left_cheek,496.8,358.3,590.7,491.3,781.0,537.8,898.4,704.2,conscientiousness_high4_IzKWDY_QNTU.000.mp4,1280,720,23.976,367,conscientiousness,high
179,7465,right_cheek,693.5,325.4,793.3,461.8,1026.9,496.7,1151.6,667.2,conscientiousness_high4_IzKWDY_QNTU.000.mp4,1280,720,23.976,367,conscientiousness,high
180,7507,left_eye,499.9,256.9,601.8,337.6,784.9,411.1,912.3,512.1,conscientiousness_high4_IzKWDY_QNTU.000.mp4,1280,720,23.976,367,conscientiousness,high
180,7507,right_eye,657.3,232.8,769.0,314.6,981.6,381.0,1121.3,483.2,conscientiousness_high4_IzKWDY_QNTU.000.mp4,1280,720,23.976,367,conscientiousness,high
180,7507,nose,599.7,294.0,689.3,410.4,909.6,457.5,1021.7,603.0,conscientiousness_high4_IzKWDY_QNTU.000.mp4,1280,720,23.976,367,conscientiousness,high
180,7507,mouth,598.5,432.7,718.8,525.5,908.1,630.9,1058.4,746.8,conscientiousness_high4_IzKWDY_QNTU.000.mp4,1280,720,23.976,367,conscientiousness,high
180,7507,forehead,479.6,186.4,808.3,489.6,759.5,323.0,1170.4,702.1,conscientiousness_high4_IzKWDY_QNTU.000.mp4,1280,720,23.976,367,conscientiousness,high
180,7507,chin,488.3,333.6,808.3,579.6,770.4,507.0,1170.4,814.5,conscientiousness_high4_IzKWDY_QNTU.000.mp4,1280,720,23.976,367,conscientiousness,high
180,7507,left_cheek,496.7,358.5,590.3,491.8,780.9,538.1,897.9,704.8,conscientiousness_high4_IzKWDY_QNTU.000.mp4,1280,720,23.976,367,conscientiousness,high
180,7507,right_cheek,693.6,326.5,793.1,463.6,1027.0,498.1,1151.4,669.4,conscientiousness_high4_IzKWDY_QNTU.000.mp4,1280,720,23.976,367,conscientiousness,high
181,7549,left_eye,500.7,256.8,601.9,338.1,785.9,411.0,912.4,512.6,conscientiousness_high4_IzKWDY_QNTU.000.mp4,1280,720,23.976,367,conscientiousness,high
181,7549,right_eye,657.4,232.6,769.3,315.0,981.7,380.7,1121.6,483.7,conscientiousness_high4_IzKWDY_QNTU.000.mp4,1280,720,23.976,367,conscientiousness,high
181,7549,nose,599.7,294.1,689.3,411.6,909.7,457.6,1021.6,604.6,conscientiousness_high4_IzKWDY_QNTU.000.mp4,1280,720,23.976,367,conscientiousness,high
181,7549,mouth,596.9,432.9,718.0,510.1,906.1,631.2,1057.5,727.6,conscientiousness_high4_IzKWDY_QNTU.000.mp4,1280,720,23.976,367,conscientiousness,high
181,7549,forehead,480.9,186.1,808.3,490.2,761.1,322.7,1170.4,702.7,conscientiousness_high4_IzKWDY_QNTU.000.mp4,1280,720,23.976,367,conscientiousness,high
181,7549,chin,489.9,334.8,808.3,576.4,772.3,508.4,1170.4,810.5,conscientiousness_high4_IzKWDY_QNTU.000.mp4,1280,720,23.976,367,conscientiousness,high
181,7549,left_cheek,497.7,358.9,590.3,491.7,782.2,538.6,897.9,704.6,conscientiousness_high4_IzKWDY_QNTU.000.mp4,1280,720,23.976,367,conscientiousness,high
181,7549,right_cheek,693.6,327.5,793.1,463.7,1027.0,499.4,1151.4,669.6,conscientiousness_high4_IzKWDY_QNTU.000.mp4,1280,720,23.976,367,conscientiousness,high
182,7590,left_eye,501.9,256.3,602.4,338.3,787.4,410.4,913.0,512.8,conscientiousness_high4_IzKWDY_QNTU.000.mp4,1280,720,23.976,367,conscientiousness,high
182,7590,right_eye,658.6,231.6,770.0,316.0,983.3,379.5,1122.5,485.0,conscientiousness_high4_IzKWDY_QNTU.000.mp4,1280,720,23.976,367,conscientiousness,high
182,7590,nose,600.7,294.2,689.4,412.7,910.9,457.7,1021.7,605.9,conscientiousness_high4_IzKWDY_QNTU.000.mp4,1280,720,23.976,367,conscientiousness,high
182,7590,mouth,594.9,432.6,717.6,496.9,903.6,630.8,1057.0,711.1,conscientiousness_high4_IzKWDY_QNTU.000.mp4,1280,720,23.976,367,conscientiousness,high
182,7590,forehead,482.0,185.8,807.7,490.0,762.5,322.2,1169.6,702.5,conscientiousness_high4_IzKWDY_QNTU.000.mp4,1280,720,23.976,367,conscientiousness,high
182,7590,chin,490.1,334.7,807.7,572.8,772.7,508.4,1169.6,806.0,conscientiousness_high4_IzKWDY_QNTU.000.mp4,1280,720,23.976,367,conscientiousness,high
182,7590,left_cheek,498.6,358.9,591.2,490.8,783.3,538.6,899.0,703.4,conscientiousness_high4_IzKWDY_QNTU.000.mp4,1280,720,23.976,367,conscientiousness,high
182,7590,right_cheek,693.7,328.0,792.7,463.7,1027.1,500.0,1150.9,669.6,conscientiousness_high4_IzKWDY_QNTU.000.mp4,1280,720,23.976,367,conscientiousness,high
183,7632,left_eye,502.9,255.8,603.2,338.6,788.6,409.8,914.0,513.2,conscientiousness_high4_IzKWDY_QNTU.000.mp4,1280,720,23.976,367,conscientiousness,high
183,7632,right_eye,659.6,231.4,770.9,317.3,984.4,379.3,1123.7,486.6,conscientiousness_high4_IzKWDY_QNTU.000.mp4,1280,720,23.976,367,conscientiousness,high
183,7632,nose,600.9,294.4,689.2,414.8,911.1,458.0,1021.5,608.5,conscientiousness_high4_IzKWDY_QNTU.000.mp4,1280,720,23.976,367,conscientiousness,high
183,7632,mouth,594.2,432.8,716.6,498.4,902.8,631.0,1055.8,712.9,conscientiousness_high4_IzKWDY_QNTU.000.mp4,1280,720,23.976,367,conscientiousness,high
183,7632,forehead,482.9,185.7,807.6,488.1,763.6,322.1,1169.6,700.1,conscientiousness_high4_IzKWDY_QNTU.000.mp4,1280,720,23.976,367,conscientiousness,high
183,7632,chin,490.4,334.7,807.6,571.1,773.0,508.4,1169.6,803.8,conscientiousness_high4_IzKWDY_QNTU.000.mp4,1280,720,23.976,367,conscientiousness,high
183,7632,left_cheek,499.1,358.9,591.6,489.6,783.9,538.7,899.5,702.0,conscientiousness_high4_IzKWDY_QNTU.000.mp4,1280,720,23.976,367,conscientiousness,high
183,7632,right_cheek,693.7,328.8,792.7,463.7,1027.1,501.0,1150.9,669.6,conscientiousness_high4_IzKWDY_QNTU.000.mp4,1280,720,23.976,367,conscientiousness,high
184,7674,left_eye,503.6,256.0,604.2,339.0,789.5,410.0,915.2,513.8,conscientiousness_high4_IzKWDY_QNTU.000.mp4,1280,720,23.976,367,conscientiousness,high
184,7674,right_eye,660.0,232.1,771.3,318.8,985.0,380.1,1124.2,488.5,conscientiousness_high4_IzKWDY_QNTU.000.mp4,1280,720,23.976,367,conscientiousness,high
184,7674,nose,601.3,295.7,689.2,416.8,911.7,459.6,1021.5,611.0,conscientiousness_high4_IzKWDY_QNTU.000.mp4,1280,720,23.976,367,conscientiousness,high
184,7674,mouth,594.7,435.2,716.3,499.5,903.3,634.0,1055.4,714.3,conscientiousness_high4_IzKWDY_QNTU.000.mp4,1280,720,23.976,367,conscientiousness,high
184,7674,forehead,483.5,186.4,808.1,487.2,764.3,323.0,1170.1,699.1,conscientiousness_high4_IzKWDY_QNTU.000.mp4,1280,720,23.976,367,conscientiousness,high
184,7674,chin,490.7,334.7,808.1,570.9,773.4,508.4,1170.1,803.6,conscientiousness_high4_IzKWDY_QNTU.000.mp4,1280,720,23.976,367,conscientiousness,high
184,7674,left_cheek,499.3,359.5,592.1,489.6,784.2,539.4,900.1,702.0,conscientiousness_high4_IzKWDY_QNTU.000.mp4,1280,720,23.976,367,conscientiousness,high
184,7674,right_cheek,693.9,330.0,793.2,464.1,1027.3,502.5,1151.4,670.2,conscientiousness_high4_IzKWDY_QNTU.000.mp4,1280,720,23.976,367,conscientiousness,high
185,7716,left_eye,504.0,256.0,604.7,339.1,790.0,410.0,915.9,513.9,conscientiousness_high4_IzKWDY_QNTU.000.mp4,1280,720,23.976,367,conscientiousness,high
185,7716,right_eye,660.2,231.9,771.8,319.0,985.3,379.9,1124.7,488.7,conscientiousness_high4_IzKWDY_QNTU.000.mp4,1280,720,23.976,367,conscientiousness,high
185,7716,nose,601.4,296.1,689.3,417.1,911.7,460.1,1021.6,611.4,conscientiousness_high4_IzKWDY_QNTU.000.mp4,1280,720,23.976,367,conscientiousness,high
185,7716,mouth,596.3,437.0,716.2,515.3,905.4,636.2,1055.2,734.2,conscientiousness_high4_IzKWDY_QNTU.000.mp4,1280,720,23.976,367,conscientiousness,high
185,7716,forehead,483.7,186.5,809.3,487.3,764.6,323.1,1171.6,699.1,conscientiousness_high4_IzKWDY_QNTU.000.mp4,1280,720,23.976,367,conscientiousness,high
185,7716,chin,490.9,334.7,809.3,571.8,773.6,508.4,1171.6,804.8,conscientiousness_high4_IzKWDY_QNTU.000.mp4,1280,720,23.976,367,conscientiousness,high
185,7716,left_cheek,499.4,360.2,592.4,490.5,784.3,540.3,900.4,703.2,conscientiousness_high4_IzKWDY_QNTU.000.mp4,1280,720,23.976,367,conscientiousness,high
185,7716,right_cheek,694.1,330.3,793.8,465.0,1027.6,502.9,1152.2,671.2,conscientiousness_high4_IzKWDY_QNTU.000.mp4,1280,720,23.976,367,conscientiousness,high
186,7757,left_eye,504.6,258.4,605.0,340.5,790.8,413.0,916.2,515.6,conscientiousness_high4_IzKWDY_QNTU.000.mp4,1280,720,23.976,367,conscientiousness,high
186,7757,right_eye,660.2,235.4,771.8,321.4,985.3,384.2,1124.7,491.8,conscientiousness_high4_IzKWDY_QNTU.000.mp4,1280,720,23.976,367,conscientiousness,high
186,7757,nose,601.4,299.6,689.6,423.4,911.7,464.5,1022.0,619.3,conscientiousness_high4_IzKWDY_QNTU.000.mp4,1280,720,23.976,367,conscientiousness,high
186,7757,mouth,596.9,448.1,716.1,520.7,906.2,650.1,1055.1,740.9,conscientiousness_high4_IzKWDY_QNTU.000.mp4,1280,720,23.976,367,conscientiousness,high
186,7757,forehead,484.0,187.9,809.6,487.1,765.0,324.9,1172.0,698.9,conscientiousness_high4_IzKWDY_QNTU.000.mp4,1280,720,23.976,367,conscientiousness,high
186,7757,chin,491.5,335.3,809.6,573.3,774.4,509.1,1172.0,806.6,conscientiousness_high4_IzKWDY_QNTU.000.mp4,1280,720,23.976,367,conscientiousness,high
186,7757,left_cheek,499.6,363.5,592.8,493.4,784.5,544.4,901.0,706.7,conscientiousness_high4_IzKWDY_QNTU.000.mp4,1280,720,23.976,367,conscientiousness,high
186,7757,right_cheek,694.4,333.6,794.1,470.0,1028.0,507.0,1152.7,677.5,conscientiousness_high4_IzKWDY_QNTU.000.mp4,1280,720,23.976,367,conscientiousness,high
187,7799,left_eye,506.1,260.1,605.3,340.9,792.7,415.1,916.7,516.1,conscientiousness_high4_IzKWDY_QNTU.000.mp4,1280,720,23.976,367,conscientiousness,high
187,7799,right_eye,660.4,236.3,771.9,322.4,985.5,385.4,1124.8,493.0,conscientiousness_high4_IzKWDY_QNTU.000.mp4,1280,720,23.976,367,conscientiousness,high
187,7799,nose,601.4,301.3,689.6,427.0,911.7,466.6,1022.0,623.7,conscientiousness_high4_IzKWDY_QNTU.000.mp4,1280,720,23.976,367,conscientiousness,high
187,7799,mouth,596.1,451.4,715.3,517.5,905.1,654.3,1054.1,736.8,conscientiousness_high4_IzKWDY_QNTU.000.mp4,1280,720,23.976,367,conscientiousness,high
187,7799,forehead,485.6,188.2,809.4,481.6,767.0,325.3,1171.7,692.0,conscientiousness_high4_IzKWDY_QNTU.000.mp4,1280,720,23.976,367,conscientiousness,high
187,7799,chin,493.2,334.2,809.4,571.3,776.5,507.8,1171.7,804.2,conscientiousness_high4_IzKWDY_QNTU.000.mp4,1280,720,23.976,367,conscientiousness,high
187,7799,left_cheek,500.8,364.0,593.3,493.3,785.9,545.0,901.6,706.6,conscientiousness_high4_IzKWDY_QNTU.000.mp4,1280,720,23.976,367,conscientiousness,high
187,7799,right_cheek,694.4,334.1,793.9,470.5,1028.0,507.7,1152.3,678.1,conscientiousness_high4_IzKWDY_QNTU.000.mp4,1280,720,23.976,367,conscientiousness,high
188,7841,left_eye,507.9,260.7,606.0,340.8,794.9,415.9,917.6,516.0,conscientiousness_high4_IzKWDY_QNTU.000.mp4,1280,720,23.976,367,conscientiousness,high
188,7841,right_eye,660.6,237.8,771.8,322.4,985.8,387.3,1124.8,493.0,conscientiousness_high4_IzKWDY_QNTU.000.mp4,1280,720,23.976,367,conscientiousness,high
188,7841,nose,601.7,301.6,689.6,426.8,912.2,467.0,1022.1,623.5,conscientiousness_high4_IzKWDY_QNTU.000.mp4,1280,720,23.976,367,conscientiousness,high
188,7841,mouth,596.0,452.1,713.9,516.3,905.0,655.2,1052.4,735.4,conscientiousness_high4_IzKWDY_QNTU.000.mp4,1280,720,23.976,367,conscientiousness,high
188,7841,forehead,486.8,188.7,809.2,478.1,768.5,325.8,1171.4,687.7,conscientiousness_high4_IzKWDY_QNTU.000.mp4,1280,720,23.976,367,conscientiousness,high
188,7841,chin,494.5,333.3,809.2,570.5,778.1,506.6,1171.4,803.1,conscientiousness_high4_IzKWDY_QNTU.000.mp4,1280,720,23.976,367,conscientiousness,high
188,7841,left_cheek,501.9,363.7,594.1,491.8,787.4,544.6,902.6,704.8,conscientiousness_high4_IzKWDY_QNTU.000.mp4,1280,720,23.976,367,conscientiousness,high
188,7841,right_cheek,694.4,334.2,793.8,470.4,1028.0,507.8,1152.3,678.0,conscientiousness_high4_IzKWDY_QNTU.000.mp4,1280,720,23.976,367,conscientiousness,high
189,7882,left_eye,508.6,262.1,606.1,340.8,795.8,417.7,917.6,516.0,conscientiousness_high4_IzKWDY_QNTU.000.mp4,1280,720,23.976,367,conscientiousness,high
189,7882,right_eye,660.7,239.9,771.9,323.2,985.9,389.8,1124.8,494.0,conscientiousness_high4_IzKWDY_QNTU.000.mp4,1280,720,23.976,367,conscientiousness,high
189,7882,nose,601.7,302.9,689.4,428.0,912.1,468.6,1021.7,625.0,conscientiousness_high4_IzKWDY_QNTU.000.mp4,1280,720,23.976,367,conscientiousness,high
189,7882,mouth,595.5,452.9,711.7,516.0,904.3,656.2,1049.7,735.0,conscientiousness_high4_IzKWDY_QNTU.000.mp4,1280,720,23.976,367,conscientiousness,high
189,7882,forehead,487.6,190.0,809.1,477.1,769.5,327.5,1171.4,686.4,conscientiousness_high4_IzKWDY_QNTU.000.mp4,1280,720,23.976,367,conscientiousness,high
189,7882,chin,495.0,333.3,809.1,570.4,778.8,506.6,1171.4,803.0,conscientiousness_high4_IzKWDY_QNTU.000.mp4,1280,720,23.976,367,conscientiousness,high
189,7882,left_cheek,502.2,363.7,594.1,491.3,787.7,544.6,902.7,704.2,conscientiousness_high4_IzKWDY_QNTU.000.mp4,1280,720,23.976,367,conscientiousness,high
189,7882,right_cheek,694.2,335.4,793.7,471.3,1027.8,509.3,1152.2,679.1,conscientiousness_high4_IzKWDY_QNTU.000.mp4,1280,720,23.976,367,conscientiousness,high
190,7924,left_eye,508.4,263.5,605.9,340.9,795.5,419.4,917.4,516.2,conscientiousness_high4_IzKWDY_QNTU.000.mp4,1280,720,23.976,367,conscientiousness,high
190,7924,right_eye,660.5,241.5,771.5,324.6,985.7,391.9,1124.4,495.8,conscientiousness_high4_IzKWDY_QNTU.000.mp4,1280,720,23.976,367,conscientiousness,high
190,7924,nose,600.2,304.4,687.9,430.0,910.2,470.5,1019.9,627.5,conscientiousness_high4_IzKWDY_QNTU.000.mp4,1280,720,23.976,367,conscientiousness,high
190,7924,mouth,592.0,454.8,709.3,515.4,900.0,658.5,1046.6,734.2,conscientiousness_high4_IzKWDY_QNTU.000.mp4,1280,720,23.976,367,conscientiousness,high
190,7924,forehead,487.5,191.2,808.4,475.9,769.4,329.0,1170.6,684.9,conscientiousness_high4_IzKWDY_QNTU.000.mp4,1280,720,23.976,367,conscientiousness,high
190,7924,chin,494.8,333.4,808.4,570.3,778.5,506.7,1170.6,802.9,conscientiousness_high4_IzKWDY_QNTU.000.mp4,1280,720,23.976,367,conscientiousness,high
190,7924,left_cheek,502.1,364.0,593.6,490.9,787.6,545.0,902.0,703.6,conscientiousness_high4_IzKWDY_QNTU.000.mp4,1280,720,23.976,367,conscientiousness,high
190,7924,right_cheek,693.0,336.9,792.7,472.4,1026.2,511.1,1150.8,680.5,conscientiousness_high4_IzKWDY_QNTU.000.mp4,1280,720,23.976,367,conscientiousness,high
191,7966,left_eye,508.2,264.3,605.3,341.0,795.3,420.3,916.6,516.2,conscientiousness_high4_IzKWDY_QNTU.000.mp4,1280,720,23.976,367,conscientiousness,high
191,7966,right_eye,659.7,242.2,770.6,325.1,984.6,392.7,1123.2,496.4,conscientiousness_high4_IzKWDY_QNTU.000.mp4,1280,720,23.976,367,conscientiousness,high
191,7966,nose,598.5,304.8,686.3,430.0,908.1,471.0,1017.8,627.5,conscientiousness_high4_IzKWDY_QNTU.000.mp4,1280,720,23.976,367,conscientiousness,high
191,7966,mouth,590.4,454.1,707.7,514.3,898.0,657.7,1044.6,732.9,conscientiousness_high4_IzKWDY_QNTU.000.mp4,1280,720,23.976,367,conscientiousness,high
191,7966,forehead,487.5,192.0,807.2,474.9,769.4,329.9,1169.0,683.6,conscientiousness_high4_IzKWDY_QNTU.000.mp4,1280,720,23.976,367,conscientiousness,high
191,7966,chin,494.6,333.4,807.2,570.1,778.3,506.7,1169.0,802.6,conscientiousness_high4_IzKWDY_QNTU.000.mp4,1280,720,23.976,367,conscientiousness,high
191,7966,left_cheek,501.8,364.0,592.5,489.9,787.2,545.0,900.7,702.4,conscientiousness_high4_IzKWDY_QNTU.000.mp4,1280,720,23.976,367,conscientiousness,high
191,7966,right_cheek,691.3,337.0,791.0,472.2,1024.2,511.2,1148.8,680.2,conscientiousness_high4_IzKWDY_QNTU.000.mp4,1280,720,23.976,367,conscientiousness,high
192,8008,left_eye,508.1,264.5,604.8,341.2,795.2,420.7,916.0,516.5,conscientiousness_high4_IzKWDY_QNTU.000.mp4,1280,720,23.976,367,conscientiousness,high
192,8008,right_eye,658.9,242.7,770.0,325.5,983.7,393.3,1122.5,496.9,conscientiousness_high4_IzKWDY_QNTU.000.mp4,1280,720,23.976,367,conscientiousness,high
192,8008,nose,597.8,304.9,685.7,429.6,907.2,471.2,1017.1,627.0,conscientiousness_high4_IzKWDY_QNTU.000.mp4,1280,720,23.976,367,conscientiousness,high
192,8008,mouth,590.7,453.9,706.6,515.3,898.3,657.4,1043.3,734.2,conscientiousness_high4_IzKWDY_QNTU.000.mp4,1280,720,23.976,367,conscientiousness,high
192,8008,forehead,487.5,192.5,806.8,475.1,769.4,330.6,1168.5,683.9,conscientiousness_high4_IzKWDY_QNTU.000.mp4,1280,720,23.976,367,conscientiousness,high
192,8008,chin,494.7,333.4,806.8,570.0,778.3,506.7,1168.5,802.5,conscientiousness_high4_IzKWDY_QNTU.000.mp4,1280,720,23.976,367,conscientiousness,high
192,8008,left_cheek,501.6,364.1,591.9,489.8,787.0,545.1,899.9,702.2,conscientiousness_high4_IzKWDY_QNTU.000.mp4,1280,720,23.976,367,conscientiousness,high
192,8008,right_cheek,690.8,337.1,790.6,472.1,1023.5,511.3,1148.2,680.1,conscientiousness_high4_IzKWDY_QNTU.000.mp4,1280,720,23.976,367,conscientiousness,high
193,8049,left_eye,508.0,266.0,604.8,342.5,795.0,422.5,916.0,518.2,conscientiousness_high4_IzKWDY_QNTU.000.mp4,1280,720,23.976,367,conscientiousness,high
193,8049,right_eye,658.8,244.3,769.9,327.0,983.5,395.4,1122.3,498.8,conscientiousness_high4_IzKWDY_QNTU.000.mp4,1280,720,23.976,367,conscientiousness,high
193,8049,nose,597.8,306.2,685.7,430.0,907.2,472.8,1017.1,627.4,conscientiousness_high4_IzKWDY_QNTU.000.mp4,1280,720,23.976,367,conscientiousness,high
193,8049,mouth,591.5,453.4,706.7,519.6,899.4,656.8,1043.4,739.5,conscientiousness_high4_IzKWDY_QNTU.000.mp4,1280,720,23.976,367,conscientiousness,high
193,8049,forehead,487.5,194.4,806.7,475.5,769.4,333.0,1168.3,684.3,conscientiousness_high4_IzKWDY_QNTU.000.mp4,1280,720,23.976,367,conscientiousness,high
193,8049,chin,494.7,334.4,806.7,570.3,778.4,508.0,1168.3,802.8,conscientiousness_high4_IzKWDY_QNTU.000.mp4,1280,720,23.976,367,conscientiousness,high
193,8049,left_cheek,501.5,365.2,591.9,490.2,786.9,546.5,899.9,702.8,conscientiousness_high4_IzKWDY_QNTU.000.mp4,1280,720,23.976,367,conscientiousness,high
193,8049,right_cheek,690.8,338.1,790.5,472.7,1023.5,512.6,1148.2,680.8,conscientiousness_high4_IzKWDY_QNTU.000.mp4,1280,720,23.976,367,conscientiousness,high
194,8091,left_eye,508.0,266.9,604.8,343.0,795.0,423.6,916.0,518.8,conscientiousness_high4_IzKWDY_QNTU.000.mp4,1280,720,23.976,367,conscientiousness,high
194,8091,right_eye,659.0,245.2,770.1,327.4,983.8,396.5,1122.6,499.3,conscientiousness_high4_IzKWDY_QNTU.000.mp4,1280,720,23.976,367,conscientiousness,high
194,8091,nose,597.4,306.5,685.8,429.6,906.8,473.2,1017.2,626.9,conscientiousness_high4_IzKWDY_QNTU.000.mp4,1280,720,23.976,367,conscientiousness,high
194,8091,mouth,591.6,450.6,709.5,522.6,899.5,653.3,1046.8,743.2,conscientiousness_high4_IzKWDY_QNTU.000.mp4,1280,720,23.976,367,conscientiousness,high
194,8091,forehead,488.3,195.5,806.7,477.9,770.3,334.3,1168.3,687.3,conscientiousness_high4_IzKWDY_QNTU.000.mp4,1280,720,23.976,367,conscientiousness,high
194,8091,chin,495.3,336.1,806.7,573.2,779.1,510.2,1168.3,806.5,conscientiousness_high4_IzKWDY_QNTU.000.mp4,1280,720,23.976,367,conscientiousness,high
194,8091,left_cheek,501.7,365.3,591.8,490.5,787.1,546.6,899.7,703.1,conscientiousness_high4_IzKWDY_QNTU.000.mp4,1280,720,23.976,367,conscientiousness,high
194,8091,right_cheek,690.9,338.4,790.6,472.7,1023.6,513.0,1148.2,680.9,conscientiousness_high4_IzKWDY_QNTU.000.mp4,1280,720,23.976,367,conscientiousness,high
195,8133,left_eye,507.9,267.9,604.8,343.5,794.9,424.8,916.0,519.4,conscientiousness_high4_IzKWDY_QNTU.000.mp4,1280,720,23.976,367,conscientiousness,high
195,8133,right_eye,659.6,245.8,771.1,328.1,984.5,397.3,1123.9,500.2,conscientiousness_high4_IzKWDY_QNTU.000.mp4,1280,720,23.976,367,conscientiousness,high
195,8133,nose,597.1,306.9,685.9,429.3,906.3,473.7,1017.3,626.6,conscientiousness_high4_IzKWDY_QNTU.000.mp4,1280,720,23.976,367,conscientiousness,high
195,8133,mouth,591.6,448.1,711.8,521.5,899.5,650.2,1049.8,741.9,conscientiousness_high4_IzKWDY_QNTU.000.mp4,1280,720,23.976,367,conscientiousness,high
195,8133,forehead,488.6,195.8,807.1,478.8,770.7,334.7,1168.9,688.5,conscientiousness_high4_IzKWDY_QNTU.000.mp4,1280,720,23.976,367,conscientiousness,high
195,8133,chin,495.8,337.3,807.1,573.9,779.8,511.6,1168.9,807.4,conscientiousness_high4_IzKWDY_QNTU.000.mp4,1280,720,23.976,367,conscientiousness,high
195,8133,left_cheek,501.8,365.2,591.7,490.5,787.3,546.5,899.6,703.1,conscientiousness_high4_IzKWDY_QNTU.000.mp4,1280,720,23.976,367,conscientiousness,high
195,8133,right_cheek,690.9,338.8,790.7,472.9,1023.6,513.5,1148.4,681.2,conscientiousness_high4_IzKWDY_QNTU.000.mp4,1280,720,23.976,367,conscientiousness,high
196,8174,left_eye,507.9,268.4,604.9,343.8,794.8,425.5,916.1,519.8,conscientiousness_high4_IzKWDY_QNTU.000.mp4,1280,720,23.976,367,conscientiousness,high
196,8174,right_eye,659.7,246.5,771.1,328.6,984.6,398.2,1123.9,500.7,conscientiousness_high4_IzKWDY_QNTU.000.mp4,1280,720,23.976,367,conscientiousness,high
196,8174,nose,596.8,307.2,685.9,429.2,906.0,474.0,1017.4,626.5,conscientiousness_high4_IzKWDY_QNTU.000.mp4,1280,720,23.976,367,conscientiousness,high
196,8174,mouth,588.9,446.8,714.3,520.9,896.1,648.5,1052.9,741.1,conscientiousness_high4_IzKWDY_QNTU.000.mp4,1280,720,23.976,367,conscientiousness,high
196,8174,forehead,488.6,196.2,806.8,479.7,770.7,335.3,1168.5,689.6,conscientiousness_high4_IzKWDY_QNTU.000.mp4,1280,720,23.976,367,conscientiousness,high
196,8174,chin,495.8,338.2,806.8,573.9,779.7,512.8,1168.5,807.4,conscientiousness_high4_IzKWDY_QNTU.000.mp4,1280,720,23.976,367,conscientiousness,high
196,8174,left_cheek,501.8,365.2,591.5,490.5,787.3,546.5,899.3,703.1,conscientiousness_high4_IzKWDY_QNTU.000.mp4,1280,720,23.976,367,conscientiousness,high
196,8174,right_cheek,690.9,339.1,790.5,472.9,1023.7,513.9,1148.1,681.2,conscientiousness_high4_IzKWDY_QNTU.000.mp4,1280,720,23.976,367,conscientiousness,high
197,8216,left_eye,507.8,268.6,604.8,344.0,794.8,425.8,916.1,520.0,conscientiousness_high4_IzKWDY_QNTU.000.mp4,1280,720,23.976,367,conscientiousness,high
197,8216,right_eye,660.0,246.7,771.5,328.8,984.9,398.4,1124.3,501.0,conscientiousness_high4_IzKWDY_QNTU.000.mp4,1280,720,23.976,367,conscientiousness,high
197,8216,nose,596.7,307.3,686.0,429.2,905.9,474.2,1017.5,626.5,conscientiousness_high4_IzKWDY_QNTU.000.mp4,1280,720,23.976,367,conscientiousness,high
197,8216,mouth,587.5,446.1,715.6,520.8,894.4,647.7,1054.5,741.0,conscientiousness_high4_IzKWDY_QNTU.000.mp4,1280,720,23.976,367,conscientiousness,high
197,8216,forehead,488.7,196.0,806.9,480.2,770.8,335.1,1168.6,690.2,conscientiousness_high4_IzKWDY_QNTU.000.mp4,1280,720,23.976,367,conscientiousness,high
197,8216,chin,495.8,338.5,806.9,574.5,779.7,513.1,1168.6,808.2,conscientiousness_high4_IzKWDY_QNTU.000.mp4,1280,720,23.976,367,conscientiousness,high
197,8216,left_cheek,501.8,365.2,591.3,490.5,787.3,546.5,899.2,703.1,conscientiousness_high4_IzKWDY_QNTU.000.mp4,1280,720,23.976,367,conscientiousness,high
197,8216,right_cheek,691.0,339.3,790.5,473.0,1023.7,514.1,1148.2,681.2,conscientiousness_high4_IzKWDY_QNTU.000.mp4,1280,720,23.976,367,conscientiousness,high
198,8258,left_eye,507.2,268.4,604.3,343.3,794.0,425.5,915.4,519.1,conscientiousness_high4_IzKWDY_QNTU.000.mp4,1280,720,23.976,367,conscientiousness,high
198,8258,right_eye,659.8,246.5,770.9,328.8,984.8,398.1,1123.6,501.0,conscientiousness_high4_IzKWDY_QNTU.000.mp4,1280,720,23.976,367,conscientiousness,high
198,8258,nose,595.9,307.1,686.0,428.4,904.9,473.9,1017.4,625.5,conscientiousness_high4_IzKWDY_QNTU.000.mp4,1280,720,23.976,367,conscientiousness,high
198,8258,mouth,585.0,445.1,715.3,517.7,891.2,646.3,1054.1,737.1,conscientiousness_high4_IzKWDY_QNTU.000.mp4,1280,720,23.976,367,conscientiousness,high
198,8258,forehead,488.1,195.9,805.2,479.7,770.2,334.9,1166.5,689.6,conscientiousness_high4_IzKWDY_QNTU.000.mp4,1280,720,23.976,367,conscientiousness,high
198,8258,chin,495.2,338.3,805.2,574.3,779.0,512.9,1166.5,807.9,conscientiousness_high4_IzKWDY_QNTU.000.mp4,1280,720,23.976,367,conscientiousness,high
198,8258,left_cheek,501.4,364.1,590.5,488.8,786.8,545.1,898.2,701.0,conscientiousness_high4_IzKWDY_QNTU.000.mp4,1280,720,23.976,367,conscientiousness,high
198,8258,right_cheek,690.8,339.2,789.5,471.8,1023.4,513.9,1146.9,679.7,conscientiousness_high4_IzKWDY_QNTU.000.mp4,1280,720,23.976,367,conscientiousness,high
199,8299,left_eye,507.2,268.2,604.2,343.2,794.0,425.3,915.3,519.0,conscientiousness_high4_IzKWDY_QNTU.000.mp4,1280,720,23.976,367,conscientiousness,high
199,8299,right_eye,659.8,246.2,770.7,328.8,984.7,397.8,1123.4,500.9,conscientiousness_high4_IzKWDY_QNTU.000.mp4,1280,720,23.976,367,conscientiousness,high
199,8299,nose,595.8,307.0,686.0,428.2,904.8,473.8,1017.5,625.2,conscientiousness_high4_IzKWDY_QNTU.000.mp4,1280,720,23.976,367,conscientiousness,high
199,8299,mouth,583.6,444.7,715.7,515.5,889.5,645.9,1054.6,734.4,conscientiousness_high4_IzKWDY_QNTU.000.mp4,1280,720,23.976,367,conscientiousness,high
199,8299,forehead,488.0,195.8,805.1,479.1,770.0,334.7,1166.4,688.8,conscientiousness_high4_IzKWDY_QNTU.000.mp4,1280,720,23.976,367,conscientiousness,high
199,8299,chin,494.9,338.2,805.1,573.9,778.6,512.7,1166.4,807.4,conscientiousness_high4_IzKWDY_QNTU.000.mp4,1280,720,23.976,367,conscientiousness,high
199,8299,left_cheek,501.3,363.7,590.4,487.8,786.7,544.6,898.0,699.7,conscientiousness_high4_IzKWDY_QNTU.000.mp4,1280,720,23.976,367,conscientiousness,high
199,8299,right_cheek,690.8,338.8,789.4,471.0,1023.5,513.5,1146.8,678.7,conscientiousness_high4_IzKWDY_QNTU.000.mp4,1280,720,23.976,367,conscientiousness,high
200,8341,left_eye,507.2,268.1,604.2,343.1,794.0,425.1,915.3,518.9,conscientiousness_high4_IzKWDY_QNTU.000.mp4,1280,720,23.976,367,conscientiousness,high
200,8341,right_eye,659.9,246.2,770.7,328.7,984.8,397.7,1123.4,500.9,conscientiousness_high4_IzKWDY_QNTU.000.mp4,1280,720,23.976,367,conscientiousness,high
200,8341,nose,595.8,307.1,686.1,428.1,904.8,473.9,1017.6,625.1,conscientiousness_high4_IzKWDY_QNTU.000.mp4,1280,720,23.976,367,conscientiousness,high
200,8341,mouth,582.7,444.5,716.1,513.5,888.4,645.6,1055.1,731.9,conscientiousness_high4_IzKWDY_QNTU.000.mp4,1280,720,23.976,367,conscientiousness,high
200,8341,forehead,488.0,195.8,804.9,478.7,770.0,334.7,1166.1,688.4,conscientiousness_high4_IzKWDY_QNTU.000.mp4,1280,720,23.976,367,conscientiousness,high
200,8341,chin,494.9,338.0,804.9,573.4,778.6,512.5,1166.1,806.8,conscientiousness_high4_IzKWDY_QNTU.000.mp4,1280,720,23.976,367,conscientiousness,high
200,8341,left_cheek,501.4,363.4,590.4,487.1,786.7,544.2,898.0,698.9,conscientiousness_high4_IzKWDY_QNTU.000.mp4,1280,720,23.976,367,conscientiousness,high
200,8341,right_cheek,690.8,338.6,789.2,470.5,1023.5,513.2,1146.5,678.1,conscientiousness_high4_IzKWDY_QNTU.000.mp4,1280,720,23.976,367,conscientiousness,high
201,8383,left_eye,507.2,268.2,604.3,343.1,794.1,425.2,915.3,518.9,conscientiousness_high4_IzKWDY_QNTU.000.mp4,1280,720,23.976,367,conscientiousness,high
201,8383,right_eye,660.1,246.6,770.3,328.5,985.1,398.3,1122.9,500.6,conscientiousness_high4_IzKWDY_QNTU.000.mp4,1280,720,23.976,367,conscientiousness,high
201,8383,nose,595.9,308.4,686.1,427.9,904.9,475.5,1017.7,624.9,conscientiousness_high4_IzKWDY_QNTU.000.mp4,1280,720,23.976,367,conscientiousness,high
201,8383,mouth,582.2,444.5,716.3,512.0,887.7,645.6,1055.4,730.0,conscientiousness_high4_IzKWDY_QNTU.000.mp4,1280,720,23.976,367,conscientiousness,high
201,8383,forehead,488.0,196.7,804.0,478.5,770.0,335.9,1164.9,688.1,conscientiousness_high4_IzKWDY_QNTU.000.mp4,1280,720,23.976,367,conscientiousness,high
201,8383,chin,494.7,338.0,804.0,572.8,778.4,512.5,1164.9,806.0,conscientiousness_high4_IzKWDY_QNTU.000.mp4,1280,720,23.976,367,conscientiousness,high
201,8383,left_cheek,501.5,363.2,590.5,486.5,786.8,544.0,898.1,698.1,conscientiousness_high4_IzKWDY_QNTU.000.mp4,1280,720,23.976,367,conscientiousness,high
201,8383,right_cheek,690.8,338.6,788.3,470.1,1023.4,513.2,1145.3,677.6,conscientiousness_high4_IzKWDY_QNTU.000.mp4,1280,720,23.976,367,conscientiousness,high
202,8425,left_eye,507.0,267.7,604.3,343.0,793.8,424.6,915.4,518.7,conscientiousness_high4_IzKWDY_QNTU.000.mp4,1280,720,23.976,367,conscientiousness,high
202,8425,right_eye,660.2,246.4,770.1,328.4,985.2,398.0,1122.6,500.5,conscientiousness_high4_IzKWDY_QNTU.000.mp4,1280,720,23.976,367,conscientiousness,high
202,8425,nose,595.9,308.4,686.3,427.7,904.9,475.4,1017.9,624.6,conscientiousness_high4_IzKWDY_QNTU.000.mp4,1280,720,23.976,367,conscientiousness,high
202,8425,mouth,582.0,444.3,716.6,510.7,887.5,645.4,1055.7,728.4,conscientiousness_high4_IzKWDY_QNTU.000.mp4,1280,720,23.976,367,conscientiousness,high
202,8425,forehead,487.5,196.6,803.4,478.3,769.4,335.8,1164.3,687.9,conscientiousness_high4_IzKWDY_QNTU.000.mp4,1280,720,23.976,367,conscientiousness,high
202,8425,chin,493.9,337.9,803.4,572.3,777.4,512.3,1164.3,805.3,conscientiousness_high4_IzKWDY_QNTU.000.mp4,1280,720,23.976,367,conscientiousness,high
202,8425,left_cheek,501.3,362.9,590.5,486.1,786.6,543.6,898.1,697.7,conscientiousness_high4_IzKWDY_QNTU.000.mp4,1280,720,23.976,367,conscientiousness,high
202,8425,right_cheek,690.8,338.3,788.0,469.5,1023.5,512.8,1145.1,676.9,conscientiousness_high4_IzKWDY_QNTU.000.mp4,1280,720,23.976,367,conscientiousness,high
203,8466,left_eye,506.5,265.4,604.3,342.0,793.1,421.7,915.4,517.4,conscientiousness_high4_IzKWDY_QNTU.000.mp4,1280,720,23.976,367,conscientiousness,high
203,8466,right_eye,660.3,244.0,769.7,327.1,985.4,395.0,1122.1,498.9,conscientiousness_high4_IzKWDY_QNTU.000.mp4,1280,720,23.976,367,conscientiousness,high
203,8466,nose,596.7,306.2,687.0,426.8,905.9,472.7,1018.8,623.5,conscientiousness_high4_IzKWDY_QNTU.000.mp4,1280,720,23.976,367,conscientiousness,high
203,8466,mouth,582.1,443.3,717.7,509.0,887.6,644.1,1057.1,726.3,conscientiousness_high4_IzKWDY_QNTU.000.mp4,1280,720,23.976,367,conscientiousness,high
203,8466,forehead,485.3,194.6,802.3,478.3,766.6,333.2,1162.9,687.8,conscientiousness_high4_IzKWDY_QNTU.000.mp4,1280,720,23.976,367,conscientiousness,high
203,8466,chin,491.2,336.6,802.3,571.8,774.0,510.7,1162.9,804.7,conscientiousness_high4_IzKWDY_QNTU.000.mp4,1280,720,23.976,367,conscientiousness,high
203,8466,left_cheek,500.5,361.9,590.6,485.7,785.6,542.4,898.2,697.1,conscientiousness_high4_IzKWDY_QNTU.000.mp4,1280,720,23.976,367,conscientiousness,high
203,8466,right_cheek,690.9,336.7,787.9,468.3,1023.6,510.9,1144.8,675.3,conscientiousness_high4_IzKWDY_QNTU.000.mp4,1280,720,23.976,367,conscientiousness,high
204,8508,left_eye,506.6,259.0,606.0,340.1,793.3,413.7,917.5,515.1,conscientiousness_high4_IzKWDY_QNTU.000.mp4,1280,720,23.976,367,conscientiousness,high
204,8508,right_eye,662.1,237.9,770.0,324.0,987.6,387.4,1122.5,495.0,conscientiousness_high4_IzKWDY_QNTU.000.mp4,1280,720,23.976,367,conscientiousness,high
204,8508,nose,601.4,300.6,690.5,423.0,911.8,465.7,1023.1,618.7,conscientiousness_high4_IzKWDY_QNTU.000.mp4,1280,720,23.976,367,conscientiousness,high
204,8508,mouth,585.2,440.5,720.9,506.9,891.5,640.6,1061.1,723.6,conscientiousness_high4_IzKWDY_QNTU.000.mp4,1280,720,23.976,367,conscientiousness,high
204,8508,forehead,484.4,189.6,802.5,478.6,765.5,327.0,1163.1,688.2,conscientiousness_high4_IzKWDY_QNTU.000.mp4,1280,720,23.976,367,conscientiousness,high
204,8508,chin,490.5,334.7,802.5,571.1,773.1,508.4,1163.1,803.9,conscientiousness_high4_IzKWDY_QNTU.000.mp4,1280,720,23.976,367,conscientiousness,high
204,8508,left_cheek,500.6,360.1,593.1,485.4,785.7,540.2,901.3,696.7,conscientiousness_high4_IzKWDY_QNTU.000.mp4,1280,720,23.976,367,conscientiousness,high
204,8508,right_cheek,693.8,333.6,789.3,465.8,1027.3,507.0,1146.7,672.3,conscientiousness_high4_IzKWDY_QNTU.000.mp4,1280,720,23.976,367,conscientiousness,high
205,8550,left_eye,501.9,251.5,605.2,337.2,787.3,404.4,916.5,511.5,conscientiousness_high4_IzKWDY_QNTU.000.mp4,1280,720,23.976,367,conscientiousness,high
205,8550,right_eye,662.0,231.6,766.0,319.7,987.5,379.6,1117.6,489.6,conscientiousness_high4_IzKWDY_QNTU.000.mp4,1280,720,23.976,367,conscientiousness,high
205,8550,nose,602.2,295.0,691.9,417.9,912.7,458.7,1024.8,612.4,conscientiousness_high4_IzKWDY_QNTU.000.mp4,1280,720,23.976,367,conscientiousness,high
205,8550,mouth,584.0,435.6,720.5,503.7,890.0,634.5,1060.6,719.6,conscientiousness_high4_IzKWDY_QNTU.000.mp4,1280,720,23.976,367,conscientiousness,high
205,8550,forehead,475.0,185.8,793.6,478.6,753.7,322.3,1151.9,688.3,conscientiousness_high4_IzKWDY_QNTU.000.mp4,1280,720,23.976,367,conscientiousness,high
205,8550,chin,480.7,332.1,793.6,569.5,760.9,505.1,1151.9,801.9,conscientiousness_high4_IzKWDY_QNTU.000.mp4,1280,720,23.976,367,conscientiousness,high
205,8550,left_cheek,495.9,356.8,593.0,483.9,779.9,536.0,901.3,694.9,conscientiousness_high4_IzKWDY_QNTU.000.mp4,1280,720,23.976,367,conscientiousness,high
205,8550,right_cheek,693.7,329.4,786.0,460.6,1027.1,501.8,1142.5,665.8,conscientiousness_high4_IzKWDY_QNTU.000.mp4,1280,720,23.976,367,conscientiousness,high
206,8591,left_eye,498.6,247.5,604.4,336.1,783.2,399.4,915.5,510.2,conscientiousness_high4_IzKWDY_QNTU.000.mp4,1280,720,23.976,367,conscientiousness,high
206,8591,right_eye,660.9,227.4,761.4,316.8,986.1,374.2,1111.7,486.0,conscientiousness_high4_IzKWDY_QNTU.000.mp4,1280,720,23.976,367,conscientiousness,high
206,8591,nose,603.9,291.5,693.2,414.8,914.8,454.4,1026.5,608.5,conscientiousness_high4_IzKWDY_QNTU.000.mp4,1280,720,23.976,367,conscientiousness,high
206,8591,mouth,584.0,432.5,720.7,501.7,890.0,630.6,1060.9,717.2,conscientiousness_high4_IzKWDY_QNTU.000.mp4,1280,720,23.976,367,conscientiousness,high
206,8591,forehead,468.1,183.5,787.7,479.0,745.1,319.4,1144.6,688.7,conscientiousness_high4_IzKWDY_QNTU.000.mp4,1280,720,23.976,367,conscientiousness,high
206,8591,chin,474.1,329.1,787.7,568.0,752.7,501.3,1144.6,799.9,conscientiousness_high4_IzKWDY_QNTU.000.mp4,1280,720,23.976,367,conscientiousness,high
206,8591,left_cheek,492.5,355.5,592.9,483.5,775.7,534.4,901.1,694.3,conscientiousness_high4_IzKWDY_QNTU.000.mp4,1280,720,23.976,367,conscientiousness,high
206,8591,right_cheek,693.6,325.7,783.3,456.5,1026.9,497.1,1139.1,660.6,conscientiousness_high4_IzKWDY_QNTU.000.mp4,1280,720,23.976,367,conscientiousness,high
207,8633,left_eye,499.6,249.6,606.4,336.2,784.5,402.0,918.0,510.3,conscientiousness_high4_IzKWDY_QNTU.000.mp4,1280,720,23.976,367,conscientiousness,high
207,8633,right_eye,662.2,227.7,760.6,317.0,987.7,374.7,1110.8,486.2,conscientiousness_high4_IzKWDY_QNTU.000.mp4,1280,720,23.976,367,conscientiousness,high
207,8633,nose,611.7,292.3,699.3,415.0,924.6,455.4,1034.1,608.8,conscientiousness_high4_IzKWDY_QNTU.000.mp4,1280,720,23.976,367,conscientiousness,high
207,8633,mouth,587.7,431.6,724.9,500.9,894.7,629.5,1066.1,716.2,conscientiousness_high4_IzKWDY_QNTU.000.mp4,1280,720,23.976,367,conscientiousness,high
207,8633,forehead,465.4,184.4,783.7,479.8,741.8,320.4,1139.6,689.7,conscientiousness_high4_IzKWDY_QNTU.000.mp4,1280,720,23.976,367,conscientiousness,high
207,8633,chin,473.0,327.0,783.7,566.8,751.3,498.7,1139.6,798.4,conscientiousness_high4_IzKWDY_QNTU.000.mp4,1280,720,23.976,367,conscientiousness,high
207,8633,left_cheek,493.7,356.0,597.2,483.6,777.1,534.9,906.6,694.5,conscientiousness_high4_IzKWDY_QNTU.000.mp4,1280,720,23.976,367,conscientiousness,high
207,8633,right_cheek,696.2,324.1,783.0,453.7,1030.2,495.2,1138.8,657.2,conscientiousness_high4_IzKWDY_QNTU.000.mp4,1280,720,23.976,367,conscientiousness,high
208,8675,left_eye,498.9,251.5,607.1,336.5,783.7,404.4,918.9,510.6,conscientiousness_high4_IzKWDY_QNTU.000.mp4,1280,720,23.976,367,conscientiousness,high
208,8675,right_eye,662.5,229.4,756.6,317.7,988.1,376.8,1105.8,487.2,conscientiousness_high4_IzKWDY_QNTU.000.mp4,1280,720,23.976,367,conscientiousness,high
208,8675,nose,615.0,293.9,701.3,416.2,928.8,457.3,1036.6,610.3,conscientiousness_high4_IzKWDY_QNTU.000.mp4,1280,720,23.976,367,conscientiousness,high
208,8675,mouth,588.6,433.2,724.4,502.0,895.7,631.5,1065.6,717.5,conscientiousness_high4_IzKWDY_QNTU.000.mp4,1280,720,23.976,367,conscientiousness,high
208,8675,forehead,460.6,185.3,775.3,482.6,735.7,321.6,1129.1,693.2,conscientiousness_high4_IzKWDY_QNTU.000.mp4,1280,720,23.976,367,conscientiousness,high
208,8675,chin,468.0,326.9,775.3,566.9,745.0,498.6,1129.1,798.6,conscientiousness_high4_IzKWDY_QNTU.000.mp4,1280,720,23.976,367,conscientiousness,high
208,8675,left_cheek,492.9,356.6,598.6,485.3,776.1,535.7,908.3,696.7,conscientiousness_high4_IzKWDY_QNTU.000.mp4,1280,720,23.976,367,conscientiousness,high
208,8675,right_cheek,696.6,324.6,780.5,454.1,1030.7,495.8,1135.6,657.6,conscientiousness_high4_IzKWDY_QNTU.000.mp4,1280,720,23.976,367,conscientiousness,high
209,8717,left_eye,500.1,254.2,611.9,338.3,785.1,407.7,924.9,512.9,conscientiousness_high4_IzKWDY_QNTU.000.mp4,1280,720,23.976,367,conscientiousness,high
209,8717,right_eye,667.3,229.6,758.3,318.3,994.1,377.0,1107.8,487.8,conscientiousness_high4_IzKWDY_QNTU.000.mp4,1280,720,23.976,367,conscientiousness,high
209,8717,nose,619.0,295.9,706.0,419.7,933.7,459.8,1042.5,614.7,conscientiousness_high4_IzKWDY_QNTU.000.mp4,1280,720,23.976,367,conscientiousness,high
209,8717,mouth,592.2,435.7,725.7,506.0,900.3,634.6,1067.2,722.5,conscientiousness_high4_IzKWDY_QNTU.000.mp4,1280,720,23.976,367,conscientiousness,high
209,8717,forehead,461.2,186.7,773.5,483.7,736.5,323.4,1126.8,694.6,conscientiousness_high4_IzKWDY_QNTU.000.mp4,1280,720,23.976,367,conscientiousness,high
209,8717,chin,467.9,327.0,773.5,567.1,744.8,498.8,1126.8,798.8,conscientiousness_high4_IzKWDY_QNTU.000.mp4,1280,720,23.976,367,conscientiousness,high
209,8717,left_cheek,493.4,359.6,602.4,487.7,776.8,539.5,913.0,699.7,conscientiousness_high4_IzKWDY_QNTU.000.mp4,1280,720,23.976,367,conscientiousness,high
209,8717,right_cheek,699.7,325.5,780.8,455.3,1034.6,496.9,1136.0,659.1,conscientiousness_high4_IzKWDY_QNTU.000.mp4,1280,720,23.976,367,conscientiousness,high
210,8758,left_eye,502.7,261.1,616.3,343.0,788.4,416.4,930.3,518.7,conscientiousness_high4_IzKWDY_QNTU.000.mp4,1280,720,23.976,367,conscientiousness,high
210,8758,right_eye,671.8,234.1,759.1,321.4,999.7,382.6,1108.9,491.8,conscientiousness_high4_IzKWDY_QNTU.000.mp4,1280,720,23.976,367,conscientiousness,high
210,8758,nose,622.3,301.4,710.4,425.5,937.9,466.8,1048.0,621.8,conscientiousness_high4_IzKWDY_QNTU.000.mp4,1280,720,23.976,367,conscientiousness,high
210,8758,mouth,596.4,440.8,727.0,510.7,905.5,641.0,1068.8,728.3,conscientiousness_high4_IzKWDY_QNTU.000.mp4,1280,720,23.976,367,conscientiousness,high
210,8758,forehead,461.0,190.7,772.7,485.3,736.2,328.4,1125.9,696.6,conscientiousness_high4_IzKWDY_QNTU.000.mp4,1280,720,23.976,367,conscientiousness,high
210,8758,chin,467.2,326.7,772.7,567.8,744.0,498.4,1125.9,799.7,conscientiousness_high4_IzKWDY_QNTU.000.mp4,1280,720,23.976,367,conscientiousness,high
210,8758,left_cheek,493.6,364.5,605.8,491.3,776.9,545.6,917.2,704.1,conscientiousness_high4_IzKWDY_QNTU.000.mp4,1280,720,23.976,367,conscientiousness,high
210,8758,right_cheek,702.6,326.0,781.2,456.1,1038.2,497.5,1136.5,660.1,conscientiousness_high4_IzKWDY_QNTU.000.mp4,1280,720,23.976,367,conscientiousness,high
211,8800,left_eye,506.4,264.4,619.8,343.9,793.0,420.5,934.8,519.9,conscientiousness_high4_IzKWDY_QNTU.000.mp4,1280,720,23.976,367,conscientiousness,high
211,8800,right_eye,676.0,235.7,760.4,322.8,1004.9,384.6,1110.5,493.5,conscientiousness_high4_IzKWDY_QNTU.000.mp4,1280,720,23.976,367,conscientiousness,high
211,8800,nose,626.8,305.0,714.5,428.4,943.4,471.2,1053.1,625.5,conscientiousness_high4_IzKWDY_QNTU.000.mp4,1280,720,23.976,367,conscientiousness,high
211,8800,mouth,602.4,443.7,728.0,512.0,913.0,644.6,1070.0,730.0,conscientiousness_high4_IzKWDY_QNTU.000.mp4,1280,720,23.976,367,conscientiousness,high
211,8800,forehead,462.5,192.6,772.8,484.9,738.1,330.7,1126.0,696.2,conscientiousness_high4_IzKWDY_QNTU.000.mp4,1280,720,23.976,367,conscientiousness,high
211,8800,chin,468.3,324.2,772.8,567.8,745.4,495.2,1126.0,799.8,conscientiousness_high4_IzKWDY_QNTU.000.mp4,1280,720,23.976,367,conscientiousness,high
211,8800,left_cheek,496.7,366.1,610.0,492.2,780.8,547.6,922.5,705.3,conscientiousness_high4_IzKWDY_QNTU.000.mp4,1280,720,23.976,367,conscientiousness,high
211,8800,right_cheek,705.5,326.0,781.4,456.2,1041.9,497.5,1136.8,660.2,conscientiousness_high4_IzKWDY_QNTU.000.mp4,1280,720,23.976,367,conscientiousness,high
212,8842,left_eye,507.5,263.9,621.8,343.5,794.4,419.8,937.3,519.4,conscientiousness_high4_IzKWDY_QNTU.000.mp4,1280,720,23.976,367,conscientiousness,high
212,8842,right_eye,678.2,235.7,763.0,322.7,1007.7,384.6,1113.7,493.4,conscientiousness_high4_IzKWDY_QNTU.000.mp4,1280,720,23.976,367,conscientiousness,high
212,8842,nose,628.9,304.2,717.1,428.7,946.2,470.2,1056.4,625.8,conscientiousness_high4_IzKWDY_QNTU.000.mp4,1280,720,23.976,367,conscientiousness,high
212,8842,mouth,605.3,444.1,728.2,509.3,916.6,645.1,1070.3,726.6,conscientiousness_high4_IzKWDY_QNTU.000.mp4,1280,720,23.976,367,conscientiousness,high
212,8842,forehead,463.7,191.9,773.5,481.5,739.7,329.9,1126.8,691.9,conscientiousness_high4_IzKWDY_QNTU.000.mp4,1280,720,23.976,367,conscientiousness,high
212,8842,chin,469.7,320.0,772.5,566.6,747.1,490.0,1125.7,798.3,conscientiousness_high4_IzKWDY_QNTU.000.mp4,1280,720,23.976,367,conscientiousness,high
212,8842,left_cheek,499.2,365.4,612.1,491.8,784.0,546.7,925.1,704.7,conscientiousness_high4_IzKWDY_QNTU.000.mp4,1280,720,23.976,367,conscientiousness,high
212,8842,right_cheek,707.3,323.9,781.9,454.1,1044.2,494.8,1137.4,657.7,conscientiousness_high4_IzKWDY_QNTU.000.mp4,1280,720,23.976,367,conscientiousness,high
213,8883,left_eye,508.8,266.9,623.0,343.6,796.0,423.6,938.7,519.5,conscientiousness_high4_IzKWDY_QNTU.000.mp4,1280,720,23.976,367,conscientiousness,high
213,8883,right_eye,680.0,237.4,765.3,323.2,1010.0,386.7,1116.6,494.0,conscientiousness_high4_IzKWDY_QNTU.000.mp4,1280,720,23.976,367,conscientiousness,high
213,8883,nose,626.5,305.6,716.2,431.4,943.1,472.0,1055.2,629.2,conscientiousness_high4_IzKWDY_QNTU.000.mp4,1280,720,23.976,367,conscientiousness,high
213,8883,mouth,605.4,446.4,727.7,503.9,916.7,648.0,1069.7,719.9,conscientiousness_high4_IzKWDY_QNTU.000.mp4,1280,720,23.976,367,conscientiousness,high
213,8883,forehead,464.4,192.8,774.2,476.4,740.5,331.0,1127.8,685.5,conscientiousness_high4_IzKWDY_QNTU.000.mp4,1280,720,23.976,367,conscientiousness,high
213,8883,chin,470.2,318.5,772.6,565.2,747.7,488.2,1125.7,796.5,conscientiousness_high4_IzKWDY_QNTU.000.mp4,1280,720,23.976,367,conscientiousness,high
213,8883,left_cheek,499.7,365.4,611.4,491.2,784.6,546.7,924.3,704.0,conscientiousness_high4_IzKWDY_QNTU.000.mp4,1280,720,23.976,367,conscientiousness,high
213,8883,right_cheek,706.9,324.0,782.1,453.8,1043.6,495.0,1137.6,657.2,conscientiousness_high4_IzKWDY_QNTU.000.mp4,1280,720,23.976,367,conscientiousness,high
214,8925,left_eye,509.4,272.9,623.5,347.0,796.8,431.2,939.4,523.7,conscientiousness_high4_IzKWDY_QNTU.000.mp4,1280,720,23.976,367,conscientiousness,high
214,8925,right_eye,680.6,243.8,766.1,327.0,1010.7,394.7,1117.7,498.8,conscientiousness_high4_IzKWDY_QNTU.000.mp4,1280,720,23.976,367,conscientiousness,high
214,8925,nose,624.9,310.6,714.9,436.2,941.1,478.3,1053.7,635.3,conscientiousness_high4_IzKWDY_QNTU.000.mp4,1280,720,23.976,367,conscientiousness,high
214,8925,mouth,604.7,451.8,727.7,504.4,915.9,654.7,1069.6,720.5,conscientiousness_high4_IzKWDY_QNTU.000.mp4,1280,720,23.976,367,conscientiousness,high
214,8925,forehead,464.5,197.6,774.5,477.2,740.6,337.0,1128.2,686.5,conscientiousness_high4_IzKWDY_QNTU.000.mp4,1280,720,23.976,367,conscientiousness,high
214,8925,chin,470.3,320.0,772.6,565.2,747.8,490.0,1125.8,796.5,conscientiousness_high4_IzKWDY_QNTU.000.mp4,1280,720,23.976,367,conscientiousness,high
214,8925,left_cheek,499.7,369.1,610.8,492.4,784.6,551.4,923.5,705.5,conscientiousness_high4_IzKWDY_QNTU.000.mp4,1280,720,23.976,367,conscientiousness,high
214,8925,right_cheek,706.2,326.5,782.2,455.6,1042.7,498.1,1137.7,659.4,conscientiousness_high4_IzKWDY_QNTU.000.mp4,1280,720,23.976,367,conscientiousness,high
215,8967,left_eye,509.3,276.6,622.8,349.8,796.7,435.8,938.5,527.2,conscientiousness_high4_IzKWDY_QNTU.000.mp4,1280,720,23.976,367,conscientiousness,high
215,8967,right_eye,680.3,247.2,766.3,330.1,1010.4,399.0,1117.9,502.6,conscientiousness_high4_IzKWDY_QNTU.000.mp4,1280,720,23.976,367,conscientiousness,high
215,8967,nose,624.3,314.1,713.9,439.7,940.4,482.6,1052.4,639.6,conscientiousness_high4_IzKWDY_QNTU.000.mp4,1280,720,23.976,367,conscientiousness,high
215,8967,mouth,604.3,454.6,725.4,509.1,915.4,658.3,1066.7,726.4,conscientiousness_high4_IzKWDY_QNTU.000.mp4,1280,720,23.976,367,conscientiousness,high
215,8967,forehead,464.7,200.5,774.6,477.6,740.8,340.6,1128.3,687.0,conscientiousness_high4_IzKWDY_QNTU.000.mp4,1280,720,23.976,367,conscientiousness,high
215,8967,chin,470.5,320.6,772.1,565.3,748.1,490.7,1125.1,796.7,conscientiousness_high4_IzKWDY_QNTU.000.mp4,1280,720,23.976,367,conscientiousness,high
215,8967,left_cheek,500.1,372.0,610.6,493.6,785.1,554.9,923.2,707.0,conscientiousness_high4_IzKWDY_QNTU.000.mp4,1280,720,23.976,367,conscientiousness,high
215,8967,right_cheek,705.6,329.0,781.4,457.7,1042.0,501.2,1136.8,662.1,conscientiousness_high4_IzKWDY_QNTU.000.mp4,1280,720,23.976,367,conscientiousness,high
216,9009,left_eye,509.1,276.9,622.0,350.3,796.3,436.1,937.5,527.9,conscientiousness_high4_IzKWDY_QNTU.000.mp4,1280,720,23.976,367,conscientiousness,high
216,9009,right_eye,679.9,248.0,766.3,330.7,1009.8,400.0,1117.8,503.4,conscientiousness_high4_IzKWDY_QNTU.000.mp4,1280,720,23.976,367,conscientiousness,high
216,9009,nose,623.8,314.7,713.4,440.3,939.7,483.3,1051.7,640.4,conscientiousness_high4_IzKWDY_QNTU.000.mp4,1280,720,23.976,367,conscientiousness,high
216,9009,mouth,605.2,455.6,722.8,515.9,916.5,659.5,1063.4,734.9,conscientiousness_high4_IzKWDY_QNTU.000.mp4,1280,720,23.976,367,conscientiousness,high
216,9009,forehead,464.8,201.4,774.7,477.9,741.0,341.8,1128.3,687.4,conscientiousness_high4_IzKWDY_QNTU.000.mp4,1280,720,23.976,367,conscientiousness,high
216,9009,chin,470.6,321.0,771.9,566.8,748.3,491.2,1124.9,798.5,conscientiousness_high4_IzKWDY_QNTU.000.mp4,1280,720,23.976,367,conscientiousness,high
216,9009,left_cheek,500.0,372.9,610.2,494.6,785.0,556.1,922.7,708.2,conscientiousness_high4_IzKWDY_QNTU.000.mp4,1280,720,23.976,367,conscientiousness,high
216,9009,right_cheek,705.3,330.2,780.6,459.5,1041.7,502.8,1135.8,664.4,conscientiousness_high4_IzKWDY_QNTU.000.mp4,1280,720,23.976,367,conscientiousness,high
217,9050,left_eye,508.7,276.1,621.6,349.7,795.9,435.2,937.0,527.2,conscientiousness_high4_IzKWDY_QNTU.000.mp4,1280,720,23.976,367,conscientiousness,high
217,9050,right_eye,679.2,247.6,766.1,330.3,1009.0,399.5,1117.7,502.9,conscientiousness_high4_IzKWDY_QNTU.000.mp4,1280,720,23.976,367,conscientiousness,high
217,9050,nose,623.7,314.0,713.0,439.8,939.6,482.5,1051.2,639.8,conscientiousness_high4_IzKWDY_QNTU.000.mp4,1280,720,23.976,367,conscientiousness,high
217,9050,mouth,606.3,455.7,720.9,519.2,917.9,659.6,1061.1,739.0,conscientiousness_high4_IzKWDY_QNTU.000.mp4,1280,720,23.976,367,conscientiousness,high
217,9050,forehead,465.1,200.5,774.6,477.7,741.4,340.6,1128.2,687.1,conscientiousness_high4_IzKWDY_QNTU.000.mp4,1280,720,23.976,367,conscientiousness,high
217,9050,chin,470.7,321.1,772.1,566.9,748.4,491.4,1125.1,798.7,conscientiousness_high4_IzKWDY_QNTU.000.mp4,1280,720,23.976,367,conscientiousness,high
217,9050,left_cheek,500.0,372.6,609.8,494.7,784.9,555.7,922.3,708.3,conscientiousness_high4_IzKWDY_QNTU.000.mp4,1280,720,23.976,367,conscientiousness,high
217,9050,right_cheek,705.0,330.1,780.0,460.0,1041.2,502.7,1135.0,665.1,conscientiousness_high4_IzKWDY_QNTU.000.mp4,1280,720,23.976,367,conscientiousness,high
218,9092,left_eye,507.6,274.9,620.5,349.4,794.5,433.6,935.7,526.7,conscientiousness_high4_IzKWDY_QNTU.000.mp4,1280,720,23.976,367,conscientiousness,high
218,9092,right_eye,678.7,246.8,765.8,329.8,1008.3,398.4,1117.3,502.2,conscientiousness_high4_IzKWDY_QNTU.000.mp4,1280,720,23.976,367,conscientiousness,high
218,9092,nose,622.3,313.0,711.6,439.0,937.9,481.3,1049.5,638.7,conscientiousness_high4_IzKWDY_QNTU.000.mp4,1280,720,23.976,367,conscientiousness,high
218,9092,mouth,605.7,456.0,718.6,519.0,917.1,660.0,1058.3,738.8,conscientiousness_high4_IzKWDY_QNTU.000.mp4,1280,720,23.976,367,conscientiousness,high
218,9092,forehead,465.2,199.9,774.5,475.6,741.5,339.9,1128.1,684.5,conscientiousness_high4_IzKWDY_QNTU.000.mp4,1280,720,23.976,367,conscientiousness,high
218,9092,chin,470.9,320.9,772.0,567.1,748.6,491.2,1125.0,798.9,conscientiousness_high4_IzKWDY_QNTU.000.mp4,1280,720,23.976,367,conscientiousness,high
218,9092,left_cheek,499.5,371.8,609.2,494.4,784.4,554.8,921.6,708.0,conscientiousness_high4_IzKWDY_QNTU.000.mp4,1280,720,23.976,367,conscientiousness,high
218,9092,right_cheek,703.4,330.0,778.9,460.3,1039.2,502.5,1133.6,665.4,conscientiousness_high4_IzKWDY_QNTU.000.mp4,1280,720,23.976,367,conscientiousness,high
219,9134,left_eye,506.6,274.3,619.3,348.9,793.2,432.9,934.1,526.1,conscientiousness_high4_IzKWDY_QNTU.000.mp4,1280,720,23.976,367,conscientiousness,high
219,9134,right_eye,676.7,246.3,765.1,329.6,1005.8,397.8,1116.4,502.0,conscientiousness_high4_IzKWDY_QNTU.000.mp4,1280,720,23.976,367,conscientiousness,high
219,9134,nose,620.5,312.5,709.9,438.9,935.6,480.6,1047.4,638.6,conscientiousness_high4_IzKWDY_QNTU.000.mp4,1280,720,23.976,367,conscientiousness,high
219,9134,mouth,604.1,457.2,718.9,517.2,915.2,661.5,1058.6,736.5,conscientiousness_high4_IzKWDY_QNTU.000.mp4,1280,720,23.976,367,conscientiousness,high
219,9134,forehead,465.3,199.7,774.5,474.2,741.6,339.6,1128.1,682.7,conscientiousness_high4_IzKWDY_QNTU.000.mp4,1280,720,23.976,367,conscientiousness,high
219,9134,chin,470.9,320.5,772.2,566.5,748.6,490.6,1125.2,798.2,conscientiousness_high4_IzKWDY_QNTU.000.mp4,1280,720,23.976,367,conscientiousness,high
219,9134,left_cheek,499.0,371.7,608.0,493.9,783.8,554.6,920.0,707.4,conscientiousness_high4_IzKWDY_QNTU.000.mp4,1280,720,23.976,367,conscientiousness,high
219,9134,right_cheek,701.5,329.9,778.0,460.4,1036.9,502.4,1132.5,665.4,conscientiousness_high4_IzKWDY_QNTU.000.mp4,1280,720,23.976,367,conscientiousness,high
220,9175,left_eye,505.6,273.9,617.8,348.4,792.1,432.3,932.3,525.4,conscientiousness_high4_IzKWDY_QNTU.000.mp4,1280,720,23.976,367,conscientiousness,high
220,9175,right_eye,675.3,246.0,764.5,329.5,1004.1,397.4,1115.7,501.8,conscientiousness_high4_IzKWDY_QNTU.000.mp4,1280,720,23.976,367,conscientiousness,high
220,9175,nose,618.1,312.2,707.9,439.0,932.7,480.2,1044.8,638.7,conscientiousness_high4_IzKWDY_QNTU.000.mp4,1280,720,23.976,367,conscientiousness,high
220,9175,mouth,602.4,458.8,717.5,515.7,913.0,663.4,1056.9,734.7,conscientiousness_high4_IzKWDY_QNTU.000.mp4,1280,720,23.976,367,conscientiousness,high
220,9175,forehead,465.3,199.5,774.4,473.9,741.6,339.3,1128.1,682.3,conscientiousness_high4_IzKWDY_QNTU.000.mp4,1280,720,23.976,367,conscientiousness,high
220,9175,chin,470.8,320.4,772.3,566.6,748.5,490.5,1125.4,798.2,conscientiousness_high4_IzKWDY_QNTU.000.mp4,1280,720,23.976,367,conscientiousness,high
220,9175,left_cheek,498.1,371.6,606.4,493.8,782.6,554.5,918.0,707.3,conscientiousness_high4_IzKWDY_QNTU.000.mp4,1280,720,23.976,367,conscientiousness,high
220,9175,right_cheek,699.8,329.9,777.3,460.6,1034.7,502.3,1131.6,665.7,conscientiousness_high4_IzKWDY_QNTU.000.mp4,1280,720,23.976,367,conscientiousness,high
221,9217,left_eye,504.8,273.6,616.6,348.2,791.0,432.0,930.7,525.3,conscientiousness_high4_IzKWDY_QNTU.000.mp4,1280,720,23.976,367,conscientiousness,high
221,9217,right_eye,673.9,246.1,763.6,329.2,1002.4,397.7,1114.6,501.5,conscientiousness_high4_IzKWDY_QNTU.000.mp4,1280,720,23.976,367,conscientiousness,high
221,9217,nose,617.0,312.2,706.9,439.3,931.2,480.2,1043.7,639.1,conscientiousness_high4_IzKWDY_QNTU.000.mp4,1280,720,23.976,367,conscientiousness,high
221,9217,mouth,601.6,459.3,717.1,516.3,912.0,664.1,1056.3,735.3,conscientiousness_high4_IzKWDY_QNTU.000.mp4,1280,720,23.976,367,conscientiousness,high
221,9217,forehead,465.1,199.2,774.2,474.2,741.3,339.1,1127.7,682.8,conscientiousness_high4_IzKWDY_QNTU.000.mp4,1280,720,23.976,367,conscientiousness,high
221,9217,chin,470.6,320.5,772.4,566.6,748.3,490.6,1125.4,798.3,conscientiousness_high4_IzKWDY_QNTU.000.mp4,1280,720,23.976,367,conscientiousness,high
221,9217,left_cheek,497.3,371.3,605.3,493.7,781.7,554.1,916.7,707.2,conscientiousness_high4_IzKWDY_QNTU.000.mp4,1280,720,23.976,367,conscientiousness,high
221,9217,right_cheek,698.8,330.1,776.7,461.3,1033.6,502.6,1130.8,666.6,conscientiousness_high4_IzKWDY_QNTU.000.mp4,1280,720,23.976,367,conscientiousness,high
222,9259,left_eye,503.8,273.7,615.4,348.1,789.8,432.2,929.3,525.1,conscientiousness_high4_IzKWDY_QNTU.000.mp4,1280,720,23.976,367,conscientiousness,high
222,9259,right_eye,673.2,246.7,763.5,329.4,1001.6,398.4,1114.3,501.8,conscientiousness_high4_IzKWDY_QNTU.000.mp4,1280,720,23.976,367,conscientiousness,high
222,9259,nose,615.7,312.2,706.5,439.1,929.7,480.3,1043.1,638.8,conscientiousness_high4_IzKWDY_QNTU.000.mp4,1280,720,23.976,367,conscientiousness,high
222,9259,mouth,600.4,458.5,716.3,524.2,910.5,663.1,1055.3,745.3,conscientiousness_high4_IzKWDY_QNTU.000.mp4,1280,720,23.976,367,conscientiousness,high
222,9259,forehead,464.4,199.4,774.2,474.9,740.5,339.3,1127.8,683.6,conscientiousness_high4_IzKWDY_QNTU.000.mp4,1280,720,23.976,367,conscientiousness,high
222,9259,chin,470.1,322.6,772.4,570.3,747.6,493.3,1125.5,802.9,conscientiousness_high4_IzKWDY_QNTU.000.mp4,1280,720,23.976,367,conscientiousness,high
222,9259,left_cheek,496.0,371.1,604.0,494.1,780.0,553.9,915.0,707.6,conscientiousness_high4_IzKWDY_QNTU.000.mp4,1280,720,23.976,367,conscientiousness,high
222,9259,right_cheek,698.6,331.3,776.7,462.9,1033.2,504.1,1130.9,668.7,conscientiousness_high4_IzKWDY_QNTU.000.mp4,1280,720,23.976,367,conscientiousness,high
223,9300,left_eye,502.8,273.8,614.4,348.0,788.5,432.3,928.0,525.0,conscientiousness_high4_IzKWDY_QNTU.000.mp4,1280,720,23.976,367,conscientiousness,high
223,9300,right_eye,672.3,248.2,763.1,329.8,1000.4,400.3,1113.9,502.2,conscientiousness_high4_IzKWDY_QNTU.000.mp4,1280,720,23.976,367,conscientiousness,high
223,9300,nose,615.0,312.3,706.3,439.0,928.7,480.4,1042.9,638.7,conscientiousness_high4_IzKWDY_QNTU.000.mp4,1280,720,23.976,367,conscientiousness,high
223,9300,mouth,595.8,456.3,716.5,524.7,904.8,660.4,1055.6,745.9,conscientiousness_high4_IzKWDY_QNTU.000.mp4,1280,720,23.976,367,conscientiousness,high
223,9300,forehead,464.2,199.4,774.3,475.7,740.2,339.3,1127.8,684.6,conscientiousness_high4_IzKWDY_QNTU.000.mp4,1280,720,23.976,367,conscientiousness,high
223,9300,chin,470.1,324.4,772.6,570.5,747.6,495.5,1125.7,803.2,conscientiousness_high4_IzKWDY_QNTU.000.mp4,1280,720,23.976,367,conscientiousness,high
223,9300,left_cheek,495.4,371.0,603.0,494.0,779.3,553.8,913.7,707.5,conscientiousness_high4_IzKWDY_QNTU.000.mp4,1280,720,23.976,367,conscientiousness,high
223,9300,right_cheek,698.4,332.0,776.8,463.1,1033.0,505.1,1131.1,668.9,conscientiousness_high4_IzKWDY_QNTU.000.mp4,1280,720,23.976,367,conscientiousness,high
224,9342,left_eye,501.4,273.8,613.7,348.0,786.7,432.2,927.1,524.9,conscientiousness_high4_IzKWDY_QNTU.000.mp4,1280,720,23.976,367,conscientiousness,high
224,9342,right_eye,671.6,248.5,762.9,329.9,999.5,400.7,1113.7,502.4,conscientiousness_high4_IzKWDY_QNTU.000.mp4,1280,720,23.976,367,conscientiousness,high
224,9342,nose,614.3,312.3,706.0,438.9,927.9,480.4,1042.6,638.7,conscientiousness_high4_IzKWDY_QNTU.000.mp4,1280,720,23.976,367,conscientiousness,high
224,9342,mouth,591.1,453.2,716.5,524.1,898.9,656.5,1055.6,745.2,conscientiousness_high4_IzKWDY_QNTU.000.mp4,1280,720,23.976,367,conscientiousness,high
224,9342,forehead,462.7,199.4,774.4,476.3,738.4,339.2,1128.1,685.3,conscientiousness_high4_IzKWDY_QNTU.000.mp4,1280,720,23.976,367,conscientiousness,high
224,9342,chin,469.0,325.1,773.0,571.0,746.3,496.4,1126.3,803.8,conscientiousness_high4_IzKWDY_QNTU.000.mp4,1280,720,23.976,367,conscientiousness,high
224,9342,left_cheek,493.7,370.9,601.8,493.8,777.1,553.7,912.3,707.3,conscientiousness_high4_IzKWDY_QNTU.000.mp4,1280,720,23.976,367,conscientiousness,high
224,9342,right_cheek,698.2,332.3,776.9,463.0,1032.8,505.3,1131.2,668.7,conscientiousness_high4_IzKWDY_QNTU.000.mp4,1280,720,23.976,367,conscientiousness,high
225,9384,left_eye,500.3,273.7,613.2,347.5,785.4,432.2,926.5,524.3,conscientiousness_high4_IzKWDY_QNTU.000.mp4,1280,720,23.976,367,conscientiousness,high
225,9384,right_eye,670.8,248.6,762.6,329.9,998.5,400.7,1113.2,502.3,conscientiousness_high4_IzKWDY_QNTU.000.mp4,1280,720,23.976,367,conscientiousness,high
225,9384,nose,614.1,312.2,705.6,438.2,927.6,480.3,1042.0,637.8,conscientiousness_high4_IzKWDY_QNTU.000.mp4,1280,720,23.976,367,conscientiousness,high
225,9384,mouth,589.5,451.0,716.8,523.3,896.9,653.7,1056.0,744.1,conscientiousness_high4_IzKWDY_QNTU.000.mp4,1280,720,23.976,367,conscientiousness,high
225,9384,forehead,461.4,199.3,774.5,476.1,736.8,339.1,1128.1,685.2,conscientiousness_high4_IzKWDY_QNTU.000.mp4,1280,720,23.976,367,conscientiousness,high
225,9384,chin,467.9,325.0,773.3,571.0,744.8,496.2,1126.6,803.7,conscientiousness_high4_IzKWDY_QNTU.000.mp4,1280,720,23.976,367,conscientiousness,high
225,9384,left_cheek,492.7,370.1,601.2,492.5,775.9,552.6,911.5,705.6,conscientiousness_high4_IzKWDY_QNTU.000.mp4,1280,720,23.976,367,conscientiousness,high
225,9384,right_cheek,697.8,332.2,777.0,462.6,1032.3,505.2,1131.2,668.2,conscientiousness_high4_IzKWDY_QNTU.000.mp4,1280,720,23.976,367,conscientiousness,high
226,9426,left_eye,500.4,273.0,613.2,347.0,785.5,431.3,926.6,523.8,conscientiousness_high4_IzKWDY_QNTU.000.mp4,1280,720,23.976,367,conscientiousness,high
226,9426,right_eye,670.5,248.4,762.4,329.8,998.2,400.5,1113.0,502.3,conscientiousness_high4_IzKWDY_QNTU.000.mp4,1280,720,23.976,367,conscientiousness,high
226,9426,nose,614.0,311.9,705.2,437.9,927.5,479.9,1041.5,637.3,conscientiousness_high4_IzKWDY_QNTU.000.mp4,1280,720,23.976,367,conscientiousness,high
226,9426,mouth,589.2,449.2,716.9,516.8,896.5,651.5,1056.1,736.0,conscientiousness_high4_IzKWDY_QNTU.000.mp4,1280,720,23.976,367,conscientiousness,high
226,9426,forehead,461.6,198.9,774.6,476.1,737.0,338.7,1128.3,685.2,conscientiousness_high4_IzKWDY_QNTU.000.mp4,1280,720,23.976,367,conscientiousness,high
226,9426,chin,467.9,325.0,773.5,570.3,744.8,496.2,1126.9,802.9,conscientiousness_high4_IzKWDY_QNTU.000.mp4,1280,720,23.976,367,conscientiousness,high
226,9426,left_cheek,492.8,369.2,601.0,491.2,776.0,551.4,911.3,704.1,conscientiousness_high4_IzKWDY_QNTU.000.mp4,1280,720,23.976,367,conscientiousness,high
226,9426,right_cheek,697.6,332.1,777.0,462.1,1032.0,505.1,1131.3,667.7,conscientiousness_high4_IzKWDY_QNTU.000.mp4,1280,720,23.976,367,conscientiousness,high
227,9467,left_eye,500.5,271.8,613.1,344.8,785.6,429.7,926.3,521.0,conscientiousness_high4_IzKWDY_QNTU.000.mp4,1280,720,23.976,367,conscientiousness,high
227,9467,right_eye,670.6,247.9,762.5,328.2,998.2,399.9,1113.2,500.3,conscientiousness_high4_IzKWDY_QNTU.000.mp4,1280,720,23.976,367,conscientiousness,high
227,9467,nose,614.1,311.7,705.0,434.8,927.7,479.6,1041.3,633.5,conscientiousness_high4_IzKWDY_QNTU.000.mp4,1280,720,23.976,367,conscientiousness,high
227,9467,mouth,589.1,447.1,717.5,508.2,896.4,648.8,1056.9,725.3,conscientiousness_high4_IzKWDY_QNTU.000.mp4,1280,720,23.976,367,conscientiousness,high
227,9467,forehead,461.9,198.8,775.3,473.9,737.3,338.5,1129.1,682.4,conscientiousness_high4_IzKWDY_QNTU.000.mp4,1280,720,23.976,367,conscientiousness,high
227,9467,chin,468.3,324.6,774.5,566.9,745.3,495.7,1128.1,798.6,conscientiousness_high4_IzKWDY_QNTU.000.mp4,1280,720,23.976,367,conscientiousness,high
227,9467,left_cheek,492.8,366.4,601.1,487.8,776.0,548.0,911.4,699.8,conscientiousness_high4_IzKWDY_QNTU.000.mp4,1280,720,23.976,367,conscientiousness,high
227,9467,right_cheek,697.6,330.9,777.2,459.6,1032.0,503.6,1131.5,664.5,conscientiousness_high4_IzKWDY_QNTU.000.mp4,1280,720,23.976,367,conscientiousness,high
228,9509,left_eye,499.9,269.6,612.3,342.4,784.9,427.0,925.3,518.0,conscientiousness_high4_IzKWDY_QNTU.000.mp4,1280,720,23.976,367,conscientiousness,high
228,9509,right_eye,670.2,246.5,762.8,325.9,997.7,398.1,1113.4,497.3,conscientiousness_high4_IzKWDY_QNTU.000.mp4,1280,720,23.976,367,conscientiousness,high
228,9509,nose,614.0,310.0,704.6,432.1,927.5,477.6,1040.8,630.1,conscientiousness_high4_IzKWDY_QNTU.000.mp4,1280,720,23.976,367,conscientiousness,high
228,9509,mouth,588.6,444.7,719.0,503.1,895.7,645.9,1058.8,718.9,conscientiousness_high4_IzKWDY_QNTU.000.mp4,1280,720,23.976,367,conscientiousness,high
228,9509,forehead,462.1,196.9,776.7,473.5,737.7,336.1,1130.8,681.8,conscientiousness_high4_IzKWDY_QNTU.000.mp4,1280,720,23.976,367,conscientiousness,high
228,9509,chin,469.0,323.6,776.3,565.5,746.3,494.5,1130.4,796.8,conscientiousness_high4_IzKWDY_QNTU.000.mp4,1280,720,23.976,367,conscientiousness,high
228,9509,left_cheek,493.0,364.1,600.8,486.1,776.2,545.1,911.1,697.7,conscientiousness_high4_IzKWDY_QNTU.000.mp4,1280,720,23.976,367,conscientiousness,high
228,9509,right_cheek,697.4,329.1,777.9,457.6,1031.8,501.4,1132.3,661.9,conscientiousness_high4_IzKWDY_QNTU.000.mp4,1280,720,23.976,367,conscientiousness,high
229,9551,left_eye,500.9,269.1,612.8,342.7,786.1,426.4,925.9,518.4,conscientiousness_high4_IzKWDY_QNTU.000.mp4,1280,720,23.976,367,conscientiousness,high
229,9551,right_eye,670.3,246.2,764.0,326.0,997.8,397.8,1115.0,497.5,conscientiousness_high4_IzKWDY_QNTU.000.mp4,1280,720,23.976,367,conscientiousness,high
229,9551,nose,614.3,309.2,704.7,432.5,927.8,476.5,1040.9,630.6,conscientiousness_high4_IzKWDY_QNTU.000.mp4,1280,720,23.976,367,conscientiousness,high
229,9551,mouth,589.0,444.9,721.3,504.2,896.2,646.2,1061.7,720.2,conscientiousness_high4_IzKWDY_QNTU.000.mp4,1280,720,23.976,367,conscientiousness,high
229,9551,forehead,463.3,196.7,778.9,474.1,739.1,335.9,1133.6,682.7,conscientiousness_high4_IzKWDY_QNTU.000.mp4,1280,720,23.976,367,conscientiousness,high
229,9551,chin,470.4,324.0,778.5,565.7,748.0,495.0,1133.1,797.1,conscientiousness_high4_IzKWDY_QNTU.000.mp4,1280,720,23.976,367,conscientiousness,high
229,9551,left_cheek,493.8,364.5,601.0,486.7,777.2,545.6,911.2,698.4,conscientiousness_high4_IzKWDY_QNTU.000.mp4,1280,720,23.976,367,conscientiousness,high
229,9551,right_cheek,698.1,329.2,780.1,457.8,1032.7,501.5,1135.1,662.3,conscientiousness_high4_IzKWDY_QNTU.000.mp4,1280,720,23.976,367,conscientiousness,high
230,9592,left_eye,500.9,268.8,612.8,342.5,786.2,426.0,926.0,518.1,conscientiousness_high4_IzKWDY_QNTU.000.mp4,1280,720,23.976,367,conscientiousness,high
230,9592,right_eye,670.3,246.2,764.7,326.0,997.9,397.8,1115.8,497.5,conscientiousness_high4_IzKWDY_QNTU.000.mp4,1280,720,23.976,367,conscientiousness,high
230,9592,nose,614.3,308.3,704.8,432.0,927.9,475.3,1040.9,630.1,conscientiousness_high4_IzKWDY_QNTU.000.mp4,1280,720,23.976,367,conscientiousness,high
230,9592,mouth,587.9,444.7,723.4,505.7,894.9,645.8,1064.3,722.2,conscientiousness_high4_IzKWDY_QNTU.000.mp4,1280,720,23.976,367,conscientiousness,high
230,9592,forehead,463.9,196.1,780.1,475.4,739.8,335.1,1135.1,684.2,conscientiousness_high4_IzKWDY_QNTU.000.mp4,1280,720,23.976,367,conscientiousness,high
230,9592,chin,471.2,325.0,779.8,566.4,749.0,496.2,1134.8,798.0,conscientiousness_high4_IzKWDY_QNTU.000.mp4,1280,720,23.976,367,conscientiousness,high
230,9592,left_cheek,493.8,364.5,601.0,487.1,777.2,545.6,911.3,698.8,conscientiousness_high4_IzKWDY_QNTU.000.mp4,1280,720,23.976,367,conscientiousness,high
230,9592,right_cheek,698.5,329.3,781.4,457.9,1033.1,501.6,1136.7,662.4,conscientiousness_high4_IzKWDY_QNTU.000.mp4,1280,720,23.976,367,conscientiousness,high
231,9634,left_eye,501.0,268.8,612.7,340.6,786.3,426.0,925.9,515.8,conscientiousness_high4_IzKWDY_QNTU.000.mp4,1280,720,23.976,367,conscientiousness,high
231,9634,right_eye,669.7,246.4,764.7,324.1,997.1,398.0,1115.9,495.1,conscientiousness_high4_IzKWDY_QNTU.000.mp4,1280,720,23.976,367,conscientiousness,high
231,9634,nose,613.7,306.7,704.4,428.5,927.1,473.4,1040.5,625.7,conscientiousness_high4_IzKWDY_QNTU.000.mp4,1280,720,23.976,367,conscientiousness,high
231,9634,mouth,586.2,442.4,724.6,506.7,892.8,643.0,1065.8,723.4,conscientiousness_high4_IzKWDY_QNTU.000.mp4,1280,720,23.976,367,conscientiousness,high
231,9634,forehead,464.3,196.1,780.8,476.0,740.4,335.2,1136.0,685.1,conscientiousness_high4_IzKWDY_QNTU.000.mp4,1280,720,23.976,367,conscientiousness,high
231,9634,chin,471.4,326.0,780.8,566.7,749.2,497.5,1136.0,798.4,conscientiousness_high4_IzKWDY_QNTU.000.mp4,1280,720,23.976,367,conscientiousness,high
231,9634,left_cheek,493.7,362.9,600.4,486.5,777.1,543.6,910.5,698.2,conscientiousness_high4_IzKWDY_QNTU.000.mp4,1280,720,23.976,367,conscientiousness,high
231,9634,right_cheek,698.5,329.3,782.3,457.5,1033.1,501.6,1137.9,661.9,conscientiousness_high4_IzKWDY_QNTU.000.mp4,1280,720,23.976,367,conscientiousness,high
232,9676,left_eye,501.0,267.6,612.0,337.7,786.3,424.5,925.0,512.1,conscientiousness_high4_IzKWDY_QNTU.000.mp4,1280,720,23.976,367,conscientiousness,high
232,9676,right_eye,668.2,246.3,764.0,320.8,995.3,397.8,1115.0,491.0,conscientiousness_high4_IzKWDY_QNTU.000.mp4,1280,720,23.976,367,conscientiousness,high
232,9676,nose,611.3,303.9,703.3,423.3,924.1,469.8,1039.2,619.2,conscientiousness_high4_IzKWDY_QNTU.000.mp4,1280,720,23.976,367,conscientiousness,high
232,9676,mouth,583.8,437.8,725.8,505.5,889.8,637.3,1067.2,721.8,conscientiousness_high4_IzKWDY_QNTU.000.mp4,1280,720,23.976,367,conscientiousness,high
232,9676,forehead,465.0,196.1,780.5,476.1,741.3,335.1,1135.7,685.1,conscientiousness_high4_IzKWDY_QNTU.000.mp4,1280,720,23.976,367,conscientiousness,high
232,9676,chin,471.6,326.6,780.5,566.8,749.5,498.3,1135.7,798.5,conscientiousness_high4_IzKWDY_QNTU.000.mp4,1280,720,23.976,367,conscientiousness,high
232,9676,left_cheek,493.5,359.5,599.0,483.9,776.9,539.3,908.7,694.9,conscientiousness_high4_IzKWDY_QNTU.000.mp4,1280,720,23.976,367,conscientiousness,high
232,9676,right_cheek,698.0,328.4,782.1,454.9,1032.5,500.5,1137.6,658.6,conscientiousness_high4_IzKWDY_QNTU.000.mp4,1280,720,23.976,367,conscientiousness,high
233,9718,left_eye,501.1,262.7,610.9,332.7,786.3,418.4,923.7,505.9,conscientiousness_high4_IzKWDY_QNTU.000.mp4,1280,720,23.976,367,conscientiousness,high
233,9718,right_eye,667.7,241.3,764.0,315.3,994.6,391.6,1115.0,484.1,conscientiousness_high4_IzKWDY_QNTU.000.mp4,1280,720,23.976,367,conscientiousness,high
233,9718,nose,611.0,297.7,702.3,416.1,923.8,462.2,1037.9,610.1,conscientiousness_high4_IzKWDY_QNTU.000.mp4,1280,720,23.976,367,conscientiousness,high
233,9718,mouth,584.5,430.9,726.5,500.3,890.7,628.7,1068.2,715.4,conscientiousness_high4_IzKWDY_QNTU.000.mp4,1280,720,23.976,367,conscientiousness,high
233,9718,forehead,467.8,192.8,782.3,475.5,744.7,331.0,1137.9,684.4,conscientiousness_high4_IzKWDY_QNTU.000.mp4,1280,720,23.976,367,conscientiousness,high
233,9718,chin,473.8,325.6,782.3,565.8,752.2,497.0,1137.9,797.2,conscientiousness_high4_IzKWDY_QNTU.000.mp4,1280,720,23.976,367,conscientiousness,high
233,9718,left_cheek,494.0,353.8,598.6,479.4,777.5,532.2,908.3,689.2,conscientiousness_high4_IzKWDY_QNTU.000.mp4,1280,720,23.976,367,conscientiousness,high
233,9718,right_cheek,697.7,323.9,783.0,449.6,1032.1,494.9,1138.8,652.1,conscientiousness_high4_IzKWDY_QNTU.000.mp4,1280,720,23.976,367,conscientiousness,high
234,9759,left_eye,500.5,258.4,608.8,329.8,785.7,413.0,921.0,502.3,conscientiousness_high4_IzKWDY_QNTU.000.mp4,1280,720,23.976,367,conscientiousness,high
234,9759,right_eye,665.5,235.4,762.5,310.7,991.9,384.2,1113.1,478.3,conscientiousness_high4_IzKWDY_QNTU.000.mp4,1280,720,23.976,367,conscientiousness,high
234,9759,nose,609.7,293.2,701.0,410.7,922.1,456.5,1036.3,603.4,conscientiousness_high4_IzKWDY_QNTU.000.mp4,1280,720,23.976,367,conscientiousness,high
234,9759,mouth,583.2,426.7,726.5,495.5,889.0,623.4,1068.1,709.4,conscientiousness_high4_IzKWDY_QNTU.000.mp4,1280,720,23.976,367,conscientiousness,high
234,9759,forehead,467.8,188.9,782.7,474.8,744.7,326.1,1138.4,683.4,conscientiousness_high4_IzKWDY_QNTU.000.mp4,1280,720,23.976,367,conscientiousness,high
234,9759,chin,473.6,322.8,782.7,564.5,752.0,493.5,1138.4,795.6,conscientiousness_high4_IzKWDY_QNTU.000.mp4,1280,720,23.976,367,conscientiousness,high
234,9759,left_cheek,493.8,350.0,597.2,476.5,777.3,527.5,906.5,685.6,conscientiousness_high4_IzKWDY_QNTU.000.mp4,1280,720,23.976,367,conscientiousness,high
234,9759,right_cheek,696.9,319.1,783.2,444.9,1031.1,488.9,1139.0,646.2,conscientiousness_high4_IzKWDY_QNTU.000.mp4,1280,720,23.976,367,conscientiousness,high
235,9801,left_eye,500.3,256.8,608.4,328.4,785.4,411.1,920.5,500.5,conscientiousness_high4_IzKWDY_QNTU.000.mp4,1280,720,23.976,367,conscientiousness,high
235,9801,right_eye,665.3,233.5,762.5,309.0,991.7,381.8,1113.1,476.2,conscientiousness_high4_IzKWDY_QNTU.000.mp4,1280,720,23.976,367,conscientiousness,high
235,9801,nose,609.9,291.7,700.9,409.5,922.4,454.6,1036.1,601.8,conscientiousness_high4_IzKWDY_QNTU.000.mp4,1280,720,23.976,367,conscientiousness,high
235,9801,mouth,583.7,424.9,727.5,494.0,889.7,621.2,1069.4,707.5,conscientiousness_high4_IzKWDY_QNTU.000.mp4,1280,720,23.976,367,conscientiousness,high
235,9801,forehead,467.6,186.5,784.5,473.7,744.6,323.1,1140.7,682.1,conscientiousness_high4_IzKWDY_QNTU.000.mp4,1280,720,23.976,367,conscientiousness,high
235,9801,chin,473.8,319.7,784.5,563.7,752.3,489.7,1140.7,794.6,conscientiousness_high4_IzKWDY_QNTU.000.mp4,1280,720,23.976,367,conscientiousness,high
235,9801,left_cheek,493.8,348.9,597.3,475.5,777.3,526.1,906.6,684.3,conscientiousness_high4_IzKWDY_QNTU.000.mp4,1280,720,23.976,367,conscientiousness,high
235,9801,right_cheek,696.9,316.4,784.7,443.0,1031.1,485.6,1140.9,643.8,conscientiousness_high4_IzKWDY_QNTU.000.mp4,1280,720,23.976,367,conscientiousness,high
236,9843,left_eye,499.6,256.9,607.8,328.6,784.6,411.2,919.8,500.7,conscientiousness_high4_IzKWDY_QNTU.000.mp4,1280,720,23.976,367,conscientiousness,high
236,9843,right_eye,664.9,233.4,762.3,309.0,991.1,381.8,1112.8,476.2,conscientiousness_high4_IzKWDY_QNTU.000.mp4,1280,720,23.976,367,conscientiousness,high
236,9843,nose,610.0,291.9,700.9,410.2,922.5,454.9,1036.1,602.7,conscientiousness_high4_IzKWDY_QNTU.000.mp4,1280,720,23.976,367,conscientiousness,high
236,9843,mouth,583.6,426.0,727.8,494.3,889.5,622.5,1069.7,707.9,conscientiousness_high4_IzKWDY_QNTU.000.mp4,1280,720,23.976,367,conscientiousness,high
236,9843,forehead,467.4,185.7,784.5,473.5,744.2,322.1,1140.6,681.8,conscientiousness_high4_IzKWDY_QNTU.000.mp4,1280,720,23.976,367,conscientiousness,high
236,9843,chin,473.8,318.8,784.5,563.4,752.2,488.5,1140.6,794.2,conscientiousness_high4_IzKWDY_QNTU.000.mp4,1280,720,23.976,367,conscientiousness,high
236,9843,left_cheek,493.5,349.3,597.1,475.9,776.9,526.7,906.3,684.9,conscientiousness_high4_IzKWDY_QNTU.000.mp4,1280,720,23.976,367,conscientiousness,high
236,9843,right_cheek,696.9,316.3,785.2,443.3,1031.1,485.4,1141.5,644.2,conscientiousness_high4_IzKWDY_QNTU.000.mp4,1280,720,23.976,367,conscientiousness,high
237,9884,left_eye,500.0,257.6,607.9,329.7,785.0,412.1,919.8,502.1,conscientiousness_high4_IzKWDY_QNTU.000.mp4,1280,720,23.976,367,conscientiousness,high
237,9884,right_eye,665.1,234.1,763.5,310.3,991.4,382.6,1114.4,477.8,conscientiousness_high4_IzKWDY_QNTU.000.mp4,1280,720,23.976,367,conscientiousness,high
237,9884,nose,610.4,293.0,701.0,411.9,923.1,456.3,1036.2,604.9,conscientiousness_high4_IzKWDY_QNTU.000.mp4,1280,720,23.976,367,conscientiousness,high
237,9884,mouth,583.7,427.4,729.7,495.6,889.7,624.3,1072.2,709.6,conscientiousness_high4_IzKWDY_QNTU.000.mp4,1280,720,23.976,367,conscientiousness,high
237,9884,forehead,467.3,186.0,786.7,473.7,744.1,322.5,1143.4,682.2,conscientiousness_high4_IzKWDY_QNTU.000.mp4,1280,720,23.976,367,conscientiousness,high
237,9884,chin,474.3,319.0,786.7,563.5,752.9,488.7,1143.4,794.4,conscientiousness_high4_IzKWDY_QNTU.000.mp4,1280,720,23.976,367,conscientiousness,high
237,9884,left_cheek,493.9,350.7,597.4,476.9,777.4,528.4,906.7,686.1,conscientiousness_high4_IzKWDY_QNTU.000.mp4,1280,720,23.976,367,conscientiousness,high
237,9884,right_cheek,697.5,317.1,786.9,444.6,1031.9,486.4,1143.6,645.8,conscientiousness_high4_IzKWDY_QNTU.000.mp4,1280,720,23.976,367,conscientiousness,high
238,9926,left_eye,500.1,257.8,608.1,330.9,785.1,412.2,920.1,503.6,conscientiousness_high4_IzKWDY_QNTU.000.mp4,1280,720,23.976,367,conscientiousness,high
238,9926,right_eye,665.2,234.7,763.5,310.5,991.5,383.4,1114.4,478.2,conscientiousness_high4_IzKWDY_QNTU.000.mp4,1280,720,23.976,367,conscientiousness,high
238,9926,nose,610.8,293.6,701.2,412.3,923.5,457.0,1036.5,605.3,conscientiousness_high4_IzKWDY_QNTU.000.mp4,1280,720,23.976,367,conscientiousness,high
238,9926,mouth,583.9,427.9,729.9,496.7,889.9,624.9,1072.4,710.8,conscientiousness_high4_IzKWDY_QNTU.000.mp4,1280,720,23.976,367,conscientiousness,high
238,9926,forehead,467.3,186.7,786.8,475.7,744.1,323.4,1143.5,684.6,conscientiousness_high4_IzKWDY_QNTU.000.mp4,1280,720,23.976,367,conscientiousness,high
238,9926,chin,474.3,319.2,786.8,564.7,752.9,489.1,1143.5,795.9,conscientiousness_high4_IzKWDY_QNTU.000.mp4,1280,720,23.976,367,conscientiousness,high
238,9926,left_cheek,494.0,352.1,597.5,479.2,777.5,530.1,906.8,689.0,conscientiousness_high4_IzKWDY_QNTU.000.mp4,1280,720,23.976,367,conscientiousness,high
238,9926,right_cheek,697.8,317.8,787.2,445.1,1032.3,487.3,1144.0,646.4,conscientiousness_high4_IzKWDY_QNTU.000.mp4,1280,720,23.976,367,conscientiousness,high
239,9968,left_eye,500.1,260.6,608.2,334.1,785.1,415.8,920.3,507.6,conscientiousness_high4_IzKWDY_QNTU.000.mp4,1280,720,23.976,367,conscientiousness,high
239,9968,right_eye,665.3,236.4,763.6,313.3,991.6,385.5,1114.6,481.6,conscientiousness_high4_IzKWDY_QNTU.000.mp4,1280,720,23.976,367,conscientiousness,high
239,9968,nose,610.8,296.5,701.5,416.6,923.5,460.6,1036.9,610.7,conscientiousness_high4_IzKWDY_QNTU.000.mp4,1280,720,23.976,367,conscientiousness,high
239,9968,mouth,585.5,433.7,729.6,511.4,891.8,632.1,1072.0,729.3,conscientiousness_high4_IzKWDY_QNTU.000.mp4,1280,720,23.976,367,conscientiousness,high
239,9968,forehead,466.8,187.3,787.2,478.2,743.5,324.1,1144.0,687.7,conscientiousness_high4_IzKWDY_QNTU.000.mp4,1280,720,23.976,367,conscientiousness,high
239,9968,chin,474.3,320.2,787.2,570.3,752.8,490.2,1144.0,802.8,conscientiousness_high4_IzKWDY_QNTU.000.mp4,1280,720,23.976,367,conscientiousness,high
239,9968,left_cheek,494.0,356.0,597.5,484.0,777.5,535.0,906.9,695.0,conscientiousness_high4_IzKWDY_QNTU.000.mp4,1280,720,23.976,367,conscientiousness,high
239,9968,right_cheek,698.0,320.0,787.0,450.6,1032.5,490.0,1143.7,653.3,conscientiousness_high4_IzKWDY_QNTU.000.mp4,1280,720,23.976,367,conscientiousness,high
240,10010,left_eye,499.8,265.2,608.0,338.4,784.7,421.4,920.0,513.0,conscientiousness_high4_IzKWDY_QNTU.000.mp4,1280,720,23.976,367,conscientiousness,high
240,10010,right_eye,665.3,240.1,763.9,317.6,991.7,390.1,1114.8,487.0,conscientiousness_high4_IzKWDY_QNTU.000.mp4,1280,720,23.976,367,conscientiousness,high
240,10010,nose,610.5,300.8,701.5,421.2,923.1,466.0,1036.9,616.5,conscientiousness_high4_IzKWDY_QNTU.000.mp4,1280,720,23.976,367,conscientiousness,high
240,10010,mouth,587.4,439.9,729.5,524.2,894.2,639.9,1071.9,745.3,conscientiousness_high4_IzKWDY_QNTU.000.mp4,1280,720,23.976,367,conscientiousness,high
240,10010,forehead,465.8,191.0,787.2,478.6,742.3,328.7,1144.1,688.2,conscientiousness_high4_IzKWDY_QNTU.000.mp4,1280,720,23.976,367,conscientiousness,high
240,10010,chin,473.6,321.2,787.2,573.8,752.0,491.5,1144.1,807.3,conscientiousness_high4_IzKWDY_QNTU.000.mp4,1280,720,23.976,367,conscientiousness,high
240,10010,left_cheek,493.3,360.8,597.3,487.9,776.6,541.0,906.7,699.9,conscientiousness_high4_IzKWDY_QNTU.000.mp4,1280,720,23.976,367,conscientiousness,high
240,10010,right_cheek,698.0,323.6,786.8,456.0,1032.5,494.5,1143.5,660.0,conscientiousness_high4_IzKWDY_QNTU.000.mp4,1280,720,23.976,367,conscientiousness,high
241,10051,left_eye,498.9,268.0,607.7,342.2,783.6,425.0,919.6,517.8,conscientiousness_high4_IzKWDY_QNTU.000.mp4,1280,720,23.976,367,conscientiousness,high
241,10051,right_eye,665.4,242.9,764.4,321.0,991.7,393.7,1115.5,491.3,conscientiousness_high4_IzKWDY_QNTU.000.mp4,1280,720,23.976,367,conscientiousness,high
241,10051,nose,610.5,304.1,701.6,425.1,923.1,470.2,1037.0,621.4,conscientiousness_high4_IzKWDY_QNTU.000.mp4,1280,720,23.976,367,conscientiousness,high
241,10051,mouth,588.1,443.6,729.3,527.6,895.2,644.5,1071.7,749.5,conscientiousness_high4_IzKWDY_QNTU.000.mp4,1280,720,23.976,367,conscientiousness,high
241,10051,forehead,465.1,193.2,787.4,480.5,741.3,331.5,1144.3,690.7,conscientiousness_high4_IzKWDY_QNTU.000.mp4,1280,720,23.976,367,conscientiousness,high
241,10051,chin,473.3,323.2,787.4,576.7,751.7,494.0,1144.3,810.9,conscientiousness_high4_IzKWDY_QNTU.000.mp4,1280,720,23.976,367,conscientiousness,high
241,10051,left_cheek,492.8,364.4,597.3,491.5,776.0,545.5,906.6,704.4,conscientiousness_high4_IzKWDY_QNTU.000.mp4,1280,720,23.976,367,conscientiousness,high
241,10051,right_cheek,698.0,326.7,786.6,459.9,1032.6,498.4,1143.3,664.9,conscientiousness_high4_IzKWDY_QNTU.000.mp4,1280,720,23.976,367,conscientiousness,high
242,10093,left_eye,498.8,269.2,607.8,342.3,783.5,426.5,919.7,517.9,conscientiousness_high4_IzKWDY_QNTU.000.mp4,1280,720,23.976,367,conscientiousness,high
242,10093,right_eye,665.5,244.3,765.0,321.7,991.9,395.3,1116.3,492.2,conscientiousness_high4_IzKWDY_QNTU.000.mp4,1280,720,23.976,367,conscientiousness,high
242,10093,nose,610.8,305.0,701.6,426.3,923.4,471.2,1037.0,622.9,conscientiousness_high4_IzKWDY_QNTU.000.mp4,1280,720,23.976,367,conscientiousness,high
242,10093,mouth,588.5,443.6,729.2,522.4,895.7,644.5,1071.5,743.0,conscientiousness_high4_IzKWDY_QNTU.000.mp4,1280,720,23.976,367,conscientiousness,high
242,10093,forehead,464.8,193.8,787.7,481.1,741.0,332.2,1144.7,691.3,conscientiousness_high4_IzKWDY_QNTU.000.mp4,1280,720,23.976,367,conscientiousness,high
242,10093,chin,473.3,324.0,787.7,575.1,751.7,495.0,1144.7,808.9,conscientiousness_high4_IzKWDY_QNTU.000.mp4,1280,720,23.976,367,conscientiousness,high
242,10093,left_cheek,492.9,364.7,597.4,491.0,776.1,545.8,906.7,703.8,conscientiousness_high4_IzKWDY_QNTU.000.mp4,1280,720,23.976,367,conscientiousness,high
242,10093,right_cheek,698.2,327.3,786.6,459.3,1032.7,499.1,1143.2,664.1,conscientiousness_high4_IzKWDY_QNTU.000.mp4,1280,720,23.976,367,conscientiousness,high
243,10135,left_eye,499.4,268.9,608.7,341.7,784.2,426.1,920.9,517.2,conscientiousness_high4_IzKWDY_QNTU.000.mp4,1280,720,23.976,367,conscientiousness,high
243,10135,right_eye,666.0,244.1,766.1,321.3,992.5,395.1,1117.6,491.7,conscientiousness_high4_IzKWDY_QNTU.000.mp4,1280,720,23.976,367,conscientiousness,high
243,10135,nose,612.8,304.6,702.2,426.0,926.0,470.8,1037.7,622.5,conscientiousness_high4_IzKWDY_QNTU.000.mp4,1280,720,23.976,367,conscientiousness,high
243,10135,mouth,589.4,442.9,729.1,521.8,896.7,643.6,1071.4,742.3,conscientiousness_high4_IzKWDY_QNTU.000.mp4,1280,720,23.976,367,conscientiousness,high
243,10135,forehead,465.7,193.6,789.0,480.7,742.1,332.0,1146.3,690.9,conscientiousness_high4_IzKWDY_QNTU.000.mp4,1280,720,23.976,367,conscientiousness,high
243,10135,chin,474.7,323.9,789.0,573.8,753.4,494.9,1146.3,807.2,conscientiousness_high4_IzKWDY_QNTU.000.mp4,1280,720,23.976,367,conscientiousness,high
243,10135,left_cheek,494.0,363.9,598.9,490.1,777.5,544.9,908.6,702.6,conscientiousness_high4_IzKWDY_QNTU.000.mp4,1280,720,23.976,367,conscientiousness,high
243,10135,right_cheek,698.9,326.9,787.4,458.3,1033.6,498.6,1144.2,662.8,conscientiousness_high4_IzKWDY_QNTU.000.mp4,1280,720,23.976,367,conscientiousness,high
244,10176,left_eye,499.8,268.5,609.0,341.4,784.7,425.6,921.2,516.8,conscientiousness_high4_IzKWDY_QNTU.000.mp4,1280,720,23.976,367,conscientiousness,high
244,10176,right_eye,666.4,243.8,766.6,321.0,993.0,394.8,1118.3,491.3,conscientiousness_high4_IzKWDY_QNTU.000.mp4,1280,720,23.976,367,conscientiousness,high
244,10176,nose,613.1,304.3,702.5,425.6,926.3,470.3,1038.2,622.1,conscientiousness_high4_IzKWDY_QNTU.000.mp4,1280,720,23.976,367,conscientiousness,high
244,10176,mouth,590.6,442.6,728.9,516.9,898.3,643.3,1071.1,736.2,conscientiousness_high4_IzKWDY_QNTU.000.mp4,1280,720,23.976,367,conscientiousness,high
244,10176,forehead,466.6,193.4,789.6,480.4,743.3,331.7,1147.0,690.5,conscientiousness_high4_IzKWDY_QNTU.000.mp4,1280,720,23.976,367,conscientiousness,high
244,10176,chin,475.8,323.7,789.6,572.2,754.8,494.6,1147.0,805.2,conscientiousness_high4_IzKWDY_QNTU.000.mp4,1280,720,23.976,367,conscientiousness,high
244,10176,left_cheek,494.7,363.4,599.3,489.8,778.4,544.3,909.2,702.2,conscientiousness_high4_IzKWDY_QNTU.000.mp4,1280,720,23.976,367,conscientiousness,high
244,10176,right_cheek,699.3,326.8,787.7,457.9,1034.1,498.5,1144.7,662.4,conscientiousness_high4_IzKWDY_QNTU.000.mp4,1280,720,23.976,367,conscientiousness,high
245,10218,left_eye,500.0,268.3,609.0,341.5,785.0,425.3,921.2,516.8,conscientiousness_high4_IzKWDY_QNTU.000.mp4,1280,720,23.976,367,conscientiousness,high
245,10218,right_eye,666.4,243.7,766.9,321.0,993.0,394.6,1118.7,491.2,conscientiousness_high4_IzKWDY_QNTU.000.mp4,1280,720,23.976,367,conscientiousness,high
245,10218,nose,613.0,304.2,702.5,426.3,926.2,470.2,1038.2,622.9,conscientiousness_high4_IzKWDY_QNTU.000.mp4,1280,720,23.976,367,conscientiousness,high
245,10218,mouth,592.7,443.4,727.9,514.3,900.8,644.3,1069.8,732.9,conscientiousness_high4_IzKWDY_QNTU.000.mp4,1280,720,23.976,367,conscientiousness,high
245,10218,forehead,467.5,192.9,790.6,480.3,744.3,331.1,1148.3,690.4,conscientiousness_high4_IzKWDY_QNTU.000.mp4,1280,720,23.976,367,conscientiousness,high
245,10218,chin,476.9,323.1,790.6,571.3,756.1,493.9,1148.3,804.1,conscientiousness_high4_IzKWDY_QNTU.000.mp4,1280,720,23.976,367,conscientiousness,high
245,10218,left_cheek,495.3,363.3,599.4,489.3,779.1,544.1,909.2,701.7,conscientiousness_high4_IzKWDY_QNTU.000.mp4,1280,720,23.976,367,conscientiousness,high
245,10218,right_cheek,699.3,326.7,787.8,457.5,1034.1,498.3,1144.7,661.9,conscientiousness_high4_IzKWDY_QNTU.000.mp4,1280,720,23.976,367,conscientiousness,high
246,10260,left_eye,500.2,268.1,608.3,342.1,785.2,425.1,920.4,517.6,conscientiousness_high4_IzKWDY_QNTU.000.mp4,1280,720,23.976,367,conscientiousness,high
246,10260,right_eye,665.7,243.6,767.0,321.8,992.1,394.5,1118.7,492.3,conscientiousness_high4_IzKWDY_QNTU.000.mp4,1280,720,23.976,367,conscientiousness,high
246,10260,nose,611.2,304.6,701.2,428.4,924.0,470.7,1036.6,625.5,conscientiousness_high4_IzKWDY_QNTU.000.mp4,1280,720,23.976,367,conscientiousness,high
246,10260,mouth,594.5,445.5,724.6,514.1,903.1,646.9,1065.8,732.6,conscientiousness_high4_IzKWDY_QNTU.000.mp4,1280,720,23.976,367,conscientiousness,high
246,10260,forehead,468.5,192.8,791.8,479.9,745.6,331.0,1149.7,689.9,conscientiousness_high4_IzKWDY_QNTU.000.mp4,1280,720,23.976,367,conscientiousness,high
246,10260,chin,477.8,323.0,791.8,570.5,757.3,493.8,1149.7,803.1,conscientiousness_high4_IzKWDY_QNTU.000.mp4,1280,720,23.976,367,conscientiousness,high
246,10260,left_cheek,495.6,364.0,598.9,489.2,779.5,545.0,908.7,701.5,conscientiousness_high4_IzKWDY_QNTU.000.mp4,1280,720,23.976,367,conscientiousness,high
246,10260,right_cheek,698.7,326.7,787.7,458.0,1033.4,498.3,1144.7,662.5,conscientiousness_high4_IzKWDY_QNTU.000.mp4,1280,720,23.976,367,conscientiousness,high
247,10301,left_eye,500.0,268.6,606.5,344.3,785.1,425.7,918.2,520.3,conscientiousness_high4_IzKWDY_QNTU.000.mp4,1280,720,23.976,367,conscientiousness,high
247,10301,right_eye,663.4,244.1,766.5,324.9,989.2,395.1,1118.2,496.1,conscientiousness_high4_IzKWDY_QNTU.000.mp4,1280,720,23.976,367,conscientiousness,high
247,10301,nose,608.0,306.7,697.2,431.5,920.0,473.3,1031.4,629.4,conscientiousness_high4_IzKWDY_QNTU.000.mp4,1280,720,23.976,367,conscientiousness,high
247,10301,mouth,595.8,448.9,720.0,515.0,904.8,651.2,1059.9,733.7,conscientiousness_high4_IzKWDY_QNTU.000.mp4,1280,720,23.976,367,conscientiousness,high
247,10301,forehead,468.5,193.7,792.0,479.9,745.6,332.1,1150.0,689.9,conscientiousness_high4_IzKWDY_QNTU.000.mp4,1280,720,23.976,367,conscientiousness,high
247,10301,chin,477.9,324.0,792.0,570.3,757.4,495.0,1150.0,802.9,conscientiousness_high4_IzKWDY_QNTU.000.mp4,1280,720,23.976,367,conscientiousness,high
247,10301,left_cheek,495.5,366.5,597.1,490.2,779.4,548.2,906.4,702.8,conscientiousness_high4_IzKWDY_QNTU.000.mp4,1280,720,23.976,367,conscientiousness,high
247,10301,right_cheek,696.2,329.0,786.3,461.1,1030.2,501.3,1142.9,666.4,conscientiousness_high4_IzKWDY_QNTU.000.mp4,1280,720,23.976,367,conscientiousness,high
248,10343,left_eye,500.3,268.9,605.6,344.5,785.4,426.1,917.0,520.6,conscientiousness_high4_IzKWDY_QNTU.000.mp4,1280,720,23.976,367,conscientiousness,high
248,10343,right_eye,661.9,244.9,766.4,325.9,987.3,396.1,1118.0,497.4,conscientiousness_high4_IzKWDY_QNTU.000.mp4,1280,720,23.976,367,conscientiousness,high
248,10343,nose,605.4,308.0,694.5,434.0,916.8,475.0,1028.2,632.5,conscientiousness_high4_IzKWDY_QNTU.000.mp4,1280,720,23.976,367,conscientiousness,high
248,10343,mouth,596.0,451.2,716.0,516.2,905.0,654.1,1055.0,735.3,conscientiousness_high4_IzKWDY_QNTU.000.mp4,1280,720,23.976,367,conscientiousness,high
248,10343,forehead,471.1,194.4,792.7,477.2,748.9,333.0,1150.9,686.5,conscientiousness_high4_IzKWDY_QNTU.000.mp4,1280,720,23.976,367,conscientiousness,high
248,10343,chin,480.5,324.1,792.7,569.9,760.6,495.1,1150.9,802.3,conscientiousness_high4_IzKWDY_QNTU.000.mp4,1280,720,23.976,367,conscientiousness,high
248,10343,left_cheek,495.9,367.2,595.8,490.2,779.8,549.0,904.8,702.7,conscientiousness_high4_IzKWDY_QNTU.000.mp4,1280,720,23.976,367,conscientiousness,high
248,10343,right_cheek,694.2,330.4,785.3,463.1,1027.7,503.0,1141.6,668.9,conscientiousness_high4_IzKWDY_QNTU.000.mp4,1280,720,23.976,367,conscientiousness,high
249,10385,left_eye,500.3,270.5,605.2,345.6,785.3,428.2,916.5,522.0,conscientiousness_high4_IzKWDY_QNTU.000.mp4,1280,720,23.976,367,conscientiousness,high
249,10385,right_eye,660.4,247.0,765.5,328.0,985.6,398.7,1116.9,500.0,conscientiousness_high4_IzKWDY_QNTU.000.mp4,1280,720,23.976,367,conscientiousness,high
249,10385,nose,603.6,310.4,692.3,437.7,914.5,478.0,1025.4,637.1,conscientiousness_high4_IzKWDY_QNTU.000.mp4,1280,720,23.976,367,conscientiousness,high
249,10385,mouth,594.8,455.1,713.9,516.5,903.5,658.9,1052.3,735.6,conscientiousness_high4_IzKWDY_QNTU.000.mp4,1280,720,23.976,367,conscientiousness,high
249,10385,forehead,471.5,195.8,792.4,474.8,749.4,334.7,1150.5,683.5,conscientiousness_high4_IzKWDY_QNTU.000.mp4,1280,720,23.976,367,conscientiousness,high
249,10385,chin,480.6,324.4,792.4,569.4,760.7,495.5,1150.5,801.7,conscientiousness_high4_IzKWDY_QNTU.000.mp4,1280,720,23.976,367,conscientiousness,high
249,10385,left_cheek,495.9,368.4,594.6,490.2,779.8,550.5,903.3,702.7,conscientiousness_high4_IzKWDY_QNTU.000.mp4,1280,720,23.976,367,conscientiousness,high
249,10385,right_cheek,692.3,332.5,784.0,465.4,1025.4,505.6,1140.0,671.7,conscientiousness_high4_IzKWDY_QNTU.000.mp4,1280,720,23.976,367,conscientiousness,high
250,10427,left_eye,500.6,275.1,604.6,348.1,785.7,433.9,915.7,525.1,conscientiousness_high4_IzKWDY_QNTU.000.mp4,1280,720,23.976,367,conscientiousness,high
250,10427,right_eye,660.0,252.3,765.5,331.8,985.0,405.4,1116.9,504.7,conscientiousness_high4_IzKWDY_QNTU.000.mp4,1280,720,23.976,367,conscientiousness,high
250,10427,nose,601.5,314.6,690.7,441.2,911.9,483.3,1023.4,641.5,conscientiousness_high4_IzKWDY_QNTU.000.mp4,1280,720,23.976,367,conscientiousness,high
250,10427,mouth,593.3,458.7,712.1,517.6,901.6,663.4,1050.2,736.9,conscientiousness_high4_IzKWDY_QNTU.000.mp4,1280,720,23.976,367,conscientiousness,high
250,10427,forehead,473.4,200.6,793.4,473.4,751.7,340.7,1151.8,681.8,conscientiousness_high4_IzKWDY_QNTU.000.mp4,1280,720,23.976,367,conscientiousness,high
250,10427,chin,481.8,326.5,793.4,568.9,762.3,498.2,1151.8,801.1,conscientiousness_high4_IzKWDY_QNTU.000.mp4,1280,720,23.976,367,conscientiousness,high
250,10427,left_cheek,495.9,369.7,593.8,490.7,779.9,552.2,902.2,703.4,conscientiousness_high4_IzKWDY_QNTU.000.mp4,1280,720,23.976,367,conscientiousness,high
250,10427,right_cheek,691.1,336.7,783.9,469.0,1023.9,510.9,1139.9,676.3,conscientiousness_high4_IzKWDY_QNTU.000.mp4,1280,720,23.976,367,conscientiousness,high
251,10468,left_eye,500.5,277.4,604.0,350.3,785.7,436.7,915.0,527.9,conscientiousness_high4_IzKWDY_QNTU.000.mp4,1280,720,23.976,367,conscientiousness,high
251,10468,right_eye,659.5,255.3,765.5,334.4,984.4,409.1,1116.9,507.9,conscientiousness_high4_IzKWDY_QNTU.000.mp4,1280,720,23.976,367,conscientiousness,high
251,10468,nose,601.0,317.1,690.2,443.8,911.2,486.4,1022.7,644.8,conscientiousness_high4_IzKWDY_QNTU.000.mp4,1280,720,23.976,367,conscientiousness,high
251,10468,mouth,593.3,462.5,711.3,523.0,901.6,668.2,1049.2,743.8,conscientiousness_high4_IzKWDY_QNTU.000.mp4,1280,720,23.976,367,conscientiousness,high
251,10468,forehead,473.3,202.3,794.6,473.8,751.7,342.9,1153.2,682.2,conscientiousness_high4_IzKWDY_QNTU.000.mp4,1280,720,23.976,367,conscientiousness,high
251,10468,chin,481.9,328.1,794.6,569.2,762.4,500.1,1153.2,801.4,conscientiousness_high4_IzKWDY_QNTU.000.mp4,1280,720,23.976,367,conscientiousness,high
251,10468,left_cheek,495.7,371.5,593.2,493.0,779.6,554.3,901.5,706.3,conscientiousness_high4_IzKWDY_QNTU.000.mp4,1280,720,23.976,367,conscientiousness,high
251,10468,right_cheek,690.8,338.9,784.0,471.7,1023.6,513.7,1140.0,679.6,conscientiousness_high4_IzKWDY_QNTU.000.mp4,1280,720,23.976,367,conscientiousness,high
252,10510,left_eye,500.1,278.9,603.1,351.3,785.2,438.6,913.9,529.2,conscientiousness_high4_IzKWDY_QNTU.000.mp4,1280,720,23.976,367,conscientiousness,high
252,10510,right_eye,658.2,256.6,765.4,335.5,982.8,410.7,1116.7,509.3,conscientiousness_high4_IzKWDY_QNTU.000.mp4,1280,720,23.976,367,conscientiousness,high
252,10510,nose,600.2,318.3,689.1,444.2,910.2,487.8,1021.4,645.3,conscientiousness_high4_IzKWDY_QNTU.000.mp4,1280,720,23.976,367,conscientiousness,high
252,10510,mouth,593.2,463.1,710.2,525.4,901.5,668.9,1047.8,746.7,conscientiousness_high4_IzKWDY_QNTU.000.mp4,1280,720,23.976,367,conscientiousness,high
252,10510,forehead,473.6,203.4,794.8,474.0,752.0,344.3,1153.5,682.5,conscientiousness_high4_IzKWDY_QNTU.000.mp4,1280,720,23.976,367,conscientiousness,high
252,10510,chin,482.6,328.5,794.8,569.3,763.3,500.6,1153.5,801.6,conscientiousness_high4_IzKWDY_QNTU.000.mp4,1280,720,23.976,367,conscientiousness,high
252,10510,left_cheek,495.6,372.7,592.4,494.1,779.4,555.9,900.5,707.7,conscientiousness_high4_IzKWDY_QNTU.000.mp4,1280,720,23.976,367,conscientiousness,high
252,10510,right_cheek,690.0,339.3,783.9,472.0,1022.5,514.2,1139.8,680.0,conscientiousness_high4_IzKWDY_QNTU.000.mp4,1280,720,23.976,367,conscientiousness,high
253,10552,left_eye,499.9,278.9,602.8,351.5,784.9,438.7,913.5,529.4,conscientiousness_high4_IzKWDY_QNTU.000.mp4,1280,720,23.976,367,conscientiousness,high
253,10552,right_eye,657.8,256.8,765.3,335.4,982.3,411.0,1116.6,509.3,conscientiousness_high4_IzKWDY_QNTU.000.mp4,1280,720,23.976,367,conscientiousness,high
253,10552,nose,600.1,318.4,688.7,444.3,910.1,487.9,1020.9,645.4,conscientiousness_high4_IzKWDY_QNTU.000.mp4,1280,720,23.976,367,conscientiousness,high
253,10552,mouth,593.5,463.5,710.0,526.3,901.8,669.3,1047.4,747.9,conscientiousness_high4_IzKWDY_QNTU.000.mp4,1280,720,23.976,367,conscientiousness,high
253,10552,forehead,474.0,203.4,794.9,474.1,752.5,344.2,1153.6,682.7,conscientiousness_high4_IzKWDY_QNTU.000.mp4,1280,720,23.976,367,conscientiousness,high
253,10552,chin,483.4,328.4,794.9,569.4,764.3,500.5,1153.6,801.7,conscientiousness_high4_IzKWDY_QNTU.000.mp4,1280,720,23.976,367,conscientiousness,high
253,10552,left_cheek,495.5,373.1,592.2,494.5,779.4,556.4,900.3,708.2,conscientiousness_high4_IzKWDY_QNTU.000.mp4,1280,720,23.976,367,conscientiousness,high
253,10552,right_cheek,689.7,339.2,783.7,471.7,1022.2,514.0,1139.7,679.7,conscientiousness_high4_IzKWDY_QNTU.000.mp4,1280,720,23.976,367,conscientiousness,high
254,10593,left_eye,499.9,278.1,602.9,350.9,784.9,437.6,913.6,528.6,conscientiousness_high4_IzKWDY_QNTU.000.mp4,1280,720,23.976,367,conscientiousness,high
254,10593,right_eye,658.0,255.8,765.3,334.4,982.5,409.8,1116.7,508.0,conscientiousness_high4_IzKWDY_QNTU.000.mp4,1280,720,23.976,367,conscientiousness,high
254,10593,nose,600.4,317.3,688.7,443.2,910.5,486.6,1020.9,644.0,conscientiousness_high4_IzKWDY_QNTU.000.mp4,1280,720,23.976,367,conscientiousness,high
254,10593,mouth,593.8,462.3,709.9,525.0,902.2,667.8,1047.3,746.3,conscientiousness_high4_IzKWDY_QNTU.000.mp4,1280,720,23.976,367,conscientiousness,high
254,10593,forehead,474.8,202.7,794.9,473.0,753.5,343.4,1153.7,681.2,conscientiousness_high4_IzKWDY_QNTU.000.mp4,1280,720,23.976,367,conscientiousness,high
254,10593,chin,484.8,327.2,794.9,568.8,766.0,499.0,1153.7,801.0,conscientiousness_high4_IzKWDY_QNTU.000.mp4,1280,720,23.976,367,conscientiousness,high
254,10593,left_cheek,495.8,372.8,592.3,494.2,779.7,556.0,900.4,707.8,conscientiousness_high4_IzKWDY_QNTU.000.mp4,1280,720,23.976,367,conscientiousness,high
254,10593,right_cheek,689.8,338.4,783.7,470.8,1022.3,513.0,1139.6,678.5,conscientiousness_high4_IzKWDY_QNTU.000.mp4,1280,720,23.976,367,conscientiousness,high
255,10635,left_eye,499.9,276.5,602.9,349.5,784.9,435.6,913.7,526.9,conscientiousness_high4_IzKWDY_QNTU.000.mp4,1280,720,23.976,367,conscientiousness,high
255,10635,right_eye,658.2,255.2,765.5,332.9,982.7,409.0,1116.9,506.1,conscientiousness_high4_IzKWDY_QNTU.000.mp4,1280,720,23.976,367,conscientiousness,high
255,10635,nose,600.7,316.4,689.1,442.5,910.8,485.5,1021.4,643.1,conscientiousness_high4_IzKWDY_QNTU.000.mp4,1280,720,23.976,367,conscientiousness,high
255,10635,mouth,593.7,461.5,710.3,519.1,902.2,666.9,1047.8,738.8,conscientiousness_high4_IzKWDY_QNTU.000.mp4,1280,720,23.976,367,conscientiousness,high
255,10635,forehead,475.0,200.6,795.5,471.0,753.8,340.8,1154.4,678.7,conscientiousness_high4_IzKWDY_QNTU.000.mp4,1280,720,23.976,367,conscientiousness,high
255,10635,chin,485.0,325.0,795.5,567.6,766.3,496.2,1154.4,799.5,conscientiousness_high4_IzKWDY_QNTU.000.mp4,1280,720,23.976,367,conscientiousness,high
255,10635,left_cheek,496.0,369.9,592.4,492.4,780.1,552.4,900.5,705.5,conscientiousness_high4_IzKWDY_QNTU.000.mp4,1280,720,23.976,367,conscientiousness,high
255,10635,right_cheek,690.0,337.0,783.8,470.4,1022.5,511.3,1139.7,678.0,conscientiousness_high4_IzKWDY_QNTU.000.mp4,1280,720,23.976,367,conscientiousness,high
256,10677,left_eye,500.3,273.4,603.0,346.8,785.4,431.7,913.7,523.4,conscientiousness_high4_IzKWDY_QNTU.000.mp4,1280,720,23.976,367,conscientiousness,high
256,10677,right_eye,658.2,252.2,765.7,330.5,982.8,405.2,1117.1,503.1,conscientiousness_high4_IzKWDY_QNTU.000.mp4,1280,720,23.976,367,conscientiousness,high
256,10677,nose,600.8,313.9,689.2,441.2,911.0,482.4,1021.4,641.5,conscientiousness_high4_IzKWDY_QNTU.000.mp4,1280,720,23.976,367,conscientiousness,high
256,10677,mouth,593.7,461.2,710.2,514.3,902.1,666.5,1047.7,732.9,conscientiousness_high4_IzKWDY_QNTU.000.mp4,1280,720,23.976,367,conscientiousness,high
256,10677,forehead,476.2,198.4,796.0,469.4,755.3,338.0,1155.1,676.7,conscientiousness_high4_IzKWDY_QNTU.000.mp4,1280,720,23.976,367,conscientiousness,high
256,10677,chin,485.9,324.0,796.0,566.9,767.4,495.0,1155.1,798.7,conscientiousness_high4_IzKWDY_QNTU.000.mp4,1280,720,23.976,367,conscientiousness,high
256,10677,left_cheek,496.6,366.9,592.5,490.0,780.8,548.6,900.6,702.5,conscientiousness_high4_IzKWDY_QNTU.000.mp4,1280,720,23.976,367,conscientiousness,high
256,10677,right_cheek,690.1,335.4,783.9,469.4,1022.6,509.2,1139.9,676.8,conscientiousness_high4_IzKWDY_QNTU.000.mp4,1280,720,23.976,367,conscientiousness,high
257,10719,left_eye,500.8,269.9,603.3,344.3,786.1,427.3,914.1,520.4,conscientiousness_high4_IzKWDY_QNTU.000.mp4,1280,720,23.976,367,conscientiousness,high
257,10719,right_eye,658.3,249.3,766.1,328.1,982.9,401.6,1117.6,500.1,conscientiousness_high4_IzKWDY_QNTU.000.mp4,1280,720,23.976,367,conscientiousness,high
257,10719,nose,600.9,310.4,689.4,436.5,911.2,478.0,1021.8,635.6,conscientiousness_high4_IzKWDY_QNTU.000.mp4,1280,720,23.976,367,conscientiousness,high
257,10719,mouth,595.1,457.5,711.7,518.4,903.8,661.8,1049.6,738.0,conscientiousness_high4_IzKWDY_QNTU.000.mp4,1280,720,23.976,367,conscientiousness,high
257,10719,forehead,477.4,196.0,796.7,469.9,756.8,335.0,1155.9,677.3,conscientiousness_high4_IzKWDY_QNTU.000.mp4,1280,720,23.976,367,conscientiousness,high
257,10719,chin,487.4,324.1,796.7,567.6,769.2,495.1,1155.9,799.5,conscientiousness_high4_IzKWDY_QNTU.000.mp4,1280,720,23.976,367,conscientiousness,high
257,10719,left_cheek,497.5,366.0,592.6,489.7,781.8,547.4,900.8,702.1,conscientiousness_high4_IzKWDY_QNTU.000.mp4,1280,720,23.976,367,conscientiousness,high
257,10719,right_cheek,690.5,334.2,784.4,468.9,1023.2,507.8,1140.6,676.1,conscientiousness_high4_IzKWDY_QNTU.000.mp4,1280,720,23.976,367,conscientiousness,high
258,10760,left_eye,501.3,269.0,603.4,343.9,786.6,426.2,914.3,519.9,conscientiousness_high4_IzKWDY_QNTU.000.mp4,1280,720,23.976,367,conscientiousness,high
258,10760,right_eye,658.4,248.3,766.2,327.8,982.9,400.4,1117.8,499.7,conscientiousness_high4_IzKWDY_QNTU.000.mp4,1280,720,23.976,367,conscientiousness,high
258,10760,nose,600.9,309.7,689.9,435.4,911.1,477.1,1022.4,634.3,conscientiousness_high4_IzKWDY_QNTU.000.mp4,1280,720,23.976,367,conscientiousness,high
258,10760,mouth,595.3,456.8,712.9,525.1,904.1,661.0,1051.1,746.4,conscientiousness_high4_IzKWDY_QNTU.000.mp4,1280,720,23.976,367,conscientiousness,high
258,10760,forehead,478.1,195.7,796.8,470.2,757.6,334.6,1155.9,677.7,conscientiousness_high4_IzKWDY_QNTU.000.mp4,1280,720,23.976,367,conscientiousness,high
258,10760,chin,488.2,324.1,796.8,569.1,770.3,495.1,1155.9,801.4,conscientiousness_high4_IzKWDY_QNTU.000.mp4,1280,720,23.976,367,conscientiousness,high
258,10760,left_cheek,497.9,365.7,592.7,489.6,782.4,547.1,900.8,702.1,conscientiousness_high4_IzKWDY_QNTU.000.mp4,1280,720,23.976,367,conscientiousness,high
258,10760,right_cheek,690.8,333.9,784.6,468.8,1023.4,507.4,1140.7,676.0,conscientiousness_high4_IzKWDY_QNTU.000.mp4,1280,720,23.976,367,conscientiousness,high
259,10802,left_eye,501.3,269.4,603.4,344.1,786.6,426.7,914.3,520.1,conscientiousness_high4_IzKWDY_QNTU.000.mp4,1280,720,23.976,367,conscientiousness,high
259,10802,right_eye,658.4,248.4,766.2,327.8,983.0,400.5,1117.7,499.8,conscientiousness_high4_IzKWDY_QNTU.000.mp4,1280,720,23.976,367,conscientiousness,high
259,10802,nose,600.7,310.0,690.0,436.1,910.8,477.5,1022.5,635.2,conscientiousness_high4_IzKWDY_QNTU.000.mp4,1280,720,23.976,367,conscientiousness,high
259,10802,mouth,594.2,457.4,712.7,519.6,902.7,661.8,1050.9,739.4,conscientiousness_high4_IzKWDY_QNTU.000.mp4,1280,720,23.976,367,conscientiousness,high
259,10802,forehead,477.9,195.7,796.7,469.9,757.4,334.7,1155.8,677.4,conscientiousness_high4_IzKWDY_QNTU.000.mp4,1280,720,23.976,367,conscientiousness,high
259,10802,chin,488.2,323.9,796.7,568.9,770.3,494.9,1155.8,801.1,conscientiousness_high4_IzKWDY_QNTU.000.mp4,1280,720,23.976,367,conscientiousness,high
259,10802,left_cheek,498.0,365.7,592.7,489.7,782.5,547.2,900.9,702.1,conscientiousness_high4_IzKWDY_QNTU.000.mp4,1280,720,23.976,367,conscientiousness,high
259,10802,right_cheek,690.7,333.9,784.3,468.7,1023.4,507.4,1140.4,675.9,conscientiousness_high4_IzKWDY_QNTU.000.mp4,1280,720,23.976,367,conscientiousness,high
260,10844,left_eye,501.9,273.2,603.9,344.9,787.4,431.4,914.8,521.2,conscientiousness_high4_IzKWDY_QNTU.000.mp4,1280,720,23.976,367,conscientiousness,high
260,10844,right_eye,659.1,250.9,766.4,329.6,983.9,403.6,1118.0,502.0,conscientiousness_high4_IzKWDY_QNTU.000.mp4,1280,720,23.976,367,conscientiousness,high
260,10844,nose,600.7,312.6,690.1,438.5,910.9,480.7,1022.6,638.1,conscientiousness_high4_IzKWDY_QNTU.000.mp4,1280,720,23.976,367,conscientiousness,high
260,10844,mouth,593.5,460.0,712.7,515.4,901.8,665.0,1050.9,734.2,conscientiousness_high4_IzKWDY_QNTU.000.mp4,1280,720,23.976,367,conscientiousness,high
260,10844,forehead,478.2,197.5,796.7,470.0,757.7,336.9,1155.9,677.5,conscientiousness_high4_IzKWDY_QNTU.000.mp4,1280,720,23.976,367,conscientiousness,high
260,10844,chin,488.2,324.1,796.7,568.1,770.2,495.1,1155.9,800.1,conscientiousness_high4_IzKWDY_QNTU.000.mp4,1280,720,23.976,367,conscientiousness,high
260,10844,left_cheek,498.4,365.8,593.1,489.7,783.0,547.3,901.4,702.1,conscientiousness_high4_IzKWDY_QNTU.000.mp4,1280,720,23.976,367,conscientiousness,high
260,10844,right_cheek,690.7,334.6,784.4,468.6,1023.4,508.2,1140.5,675.8,conscientiousness_high4_IzKWDY_QNTU.000.mp4,1280,720,23.976,367,conscientiousness,high
261,10885,left_eye,502.6,276.5,604.6,346.8,788.3,435.6,915.7,523.5,conscientiousness_high4_IzKWDY_QNTU.000.mp4,1280,720,23.976,367,conscientiousness,high
261,10885,right_eye,659.5,254.1,766.4,332.4,984.4,407.7,1118.0,505.5,conscientiousness_high4_IzKWDY_QNTU.000.mp4,1280,720,23.976,367,conscientiousness,high
261,10885,nose,600.7,315.5,690.1,441.0,910.9,484.3,1022.6,641.3,conscientiousness_high4_IzKWDY_QNTU.000.mp4,1280,720,23.976,367,conscientiousness,high
261,10885,mouth,593.2,460.8,713.7,519.1,901.5,666.0,1052.1,738.9,conscientiousness_high4_IzKWDY_QNTU.000.mp4,1280,720,23.976,367,conscientiousness,high
261,10885,forehead,478.0,200.2,796.8,471.4,757.5,340.2,1155.9,679.3,conscientiousness_high4_IzKWDY_QNTU.000.mp4,1280,720,23.976,367,conscientiousness,high
261,10885,chin,488.0,325.7,796.8,568.7,770.0,497.1,1155.9,800.9,conscientiousness_high4_IzKWDY_QNTU.000.mp4,1280,720,23.976,367,conscientiousness,high
261,10885,left_cheek,498.5,367.8,593.5,491.0,783.1,549.8,901.8,703.7,conscientiousness_high4_IzKWDY_QNTU.000.mp4,1280,720,23.976,367,conscientiousness,high
261,10885,right_cheek,690.7,336.5,784.4,469.9,1023.4,510.7,1140.5,677.3,conscientiousness_high4_IzKWDY_QNTU.000.mp4,1280,720,23.976,367,conscientiousness,high
262,10927,left_eye,503.6,279.8,605.1,349.4,789.5,439.7,916.4,526.7,conscientiousness_high4_IzKWDY_QNTU.000.mp4,1280,720,23.976,367,conscientiousness,high
262,10927,right_eye,660.1,257.6,766.6,335.3,985.1,412.1,1118.2,509.2,conscientiousness_high4_IzKWDY_QNTU.000.mp4,1280,720,23.976,367,conscientiousness,high
262,10927,nose,600.8,317.9,690.4,442.8,910.9,487.4,1023.0,643.5,conscientiousness_high4_IzKWDY_QNTU.000.mp4,1280,720,23.976,367,conscientiousness,high
262,10927,mouth,593.2,461.4,716.1,530.4,901.5,666.8,1055.1,752.9,conscientiousness_high4_IzKWDY_QNTU.000.mp4,1280,720,23.976,367,conscientiousness,high
262,10927,forehead,478.3,203.0,796.9,474.7,757.9,343.8,1156.2,683.3,conscientiousness_high4_IzKWDY_QNTU.000.mp4,1280,720,23.976,367,conscientiousness,high
262,10927,chin,488.3,329.2,796.9,572.1,770.3,501.5,1156.2,805.1,conscientiousness_high4_IzKWDY_QNTU.000.mp4,1280,720,23.976,367,conscientiousness,high
262,10927,left_cheek,499.1,370.5,593.8,493.1,783.8,553.1,902.2,706.3,conscientiousness_high4_IzKWDY_QNTU.000.mp4,1280,720,23.976,367,conscientiousness,high
262,10927,right_cheek,690.9,339.3,784.5,472.1,1023.7,514.1,1140.6,680.1,conscientiousness_high4_IzKWDY_QNTU.000.mp4,1280,720,23.976,367,conscientiousness,high
263,10969,left_eye,503.8,280.0,605.1,350.0,789.8,440.0,916.4,527.5,conscientiousness_high4_IzKWDY_QNTU.000.mp4,1280,720,23.976,367,conscientiousness,high
263,10969,right_eye,660.0,259.0,766.6,335.9,985.1,413.8,1118.2,509.9,conscientiousness_high4_IzKWDY_QNTU.000.mp4,1280,720,23.976,367,conscientiousness,high
263,10969,nose,600.5,318.3,690.7,442.8,910.6,487.8,1023.4,643.5,conscientiousness_high4_IzKWDY_QNTU.000.mp4,1280,720,23.976,367,conscientiousness,high
263,10969,mouth,591.8,460.9,718.3,533.1,899.7,666.1,1057.9,756.3,conscientiousness_high4_IzKWDY_QNTU.000.mp4,1280,720,23.976,367,conscientiousness,high
263,10969,forehead,478.7,203.4,797.1,476.9,758.3,344.3,1156.4,686.2,conscientiousness_high4_IzKWDY_QNTU.000.mp4,1280,720,23.976,367,conscientiousness,high
263,10969,chin,488.8,331.1,797.1,574.7,771.1,503.9,1156.4,808.3,conscientiousness_high4_IzKWDY_QNTU.000.mp4,1280,720,23.976,367,conscientiousness,high
263,10969,left_cheek,499.3,371.4,593.8,494.0,784.2,554.2,902.2,707.5,conscientiousness_high4_IzKWDY_QNTU.000.mp4,1280,720,23.976,367,conscientiousness,high
263,10969,right_cheek,691.0,340.2,784.5,472.4,1023.7,515.2,1140.6,680.5,conscientiousness_high4_IzKWDY_QNTU.000.mp4,1280,720,23.976,367,conscientiousness,high
264,11011,left_eye,503.8,279.3,605.2,349.8,789.7,439.2,916.5,527.2,conscientiousness_high4_IzKWDY_QNTU.000.mp4,1280,720,23.976,367,conscientiousness,high
264,11011,right_eye,660.1,258.4,766.6,335.4,985.1,413.0,1118.2,509.2,conscientiousness_high4_IzKWDY_QNTU.000.mp4,1280,720,23.976,367,conscientiousness,high
264,11011,nose,600.5,318.4,690.7,442.6,910.6,487.9,1023.4,643.2,conscientiousness_high4_IzKWDY_QNTU.000.mp4,1280,720,23.976,367,conscientiousness,high
264,11011,mouth,589.8,459.1,719.6,530.5,897.2,663.9,1059.6,753.1,conscientiousness_high4_IzKWDY_QNTU.000.mp4,1280,720,23.976,367,conscientiousness,high
264,11011,forehead,479.2,203.1,797.1,477.8,759.0,343.8,1156.4,687.3,conscientiousness_high4_IzKWDY_QNTU.000.mp4,1280,720,23.976,367,conscientiousness,high
264,11011,chin,489.2,331.1,797.1,574.6,771.5,503.9,1156.4,808.3,conscientiousness_high4_IzKWDY_QNTU.000.mp4,1280,720,23.976,367,conscientiousness,high
264,11011,left_cheek,499.6,371.2,593.8,493.8,784.5,554.0,902.2,707.2,conscientiousness_high4_IzKWDY_QNTU.000.mp4,1280,720,23.976,367,conscientiousness,high
264,11011,right_cheek,691.0,339.7,784.4,472.1,1023.7,514.7,1140.5,680.1,conscientiousness_high4_IzKWDY_QNTU.000.mp4,1280,720,23.976,367,conscientiousness,high
265,11052,left_eye,503.7,277.2,605.2,348.4,789.7,436.5,916.5,525.4,conscientiousness_high4_IzKWDY_QNTU.000.mp4,1280,720,23.976,367,conscientiousness,high
265,11052,right_eye,660.1,257.7,766.6,333.4,985.2,412.1,1118.2,506.8,conscientiousness_high4_IzKWDY_QNTU.000.mp4,1280,720,23.976,367,conscientiousness,high
265,11052,nose,600.6,318.2,690.9,441.8,910.7,487.8,1023.6,642.2,conscientiousness_high4_IzKWDY_QNTU.000.mp4,1280,720,23.976,367,conscientiousness,high
265,11052,mouth,589.0,458.2,719.1,517.3,896.3,662.8,1058.9,736.6,conscientiousness_high4_IzKWDY_QNTU.000.mp4,1280,720,23.976,367,conscientiousness,high
265,11052,forehead,479.5,202.2,796.8,474.6,759.4,342.7,1156.1,683.3,conscientiousness_high4_IzKWDY_QNTU.000.mp4,1280,720,23.976,367,conscientiousness,high
265,11052,chin,489.2,329.0,796.8,571.4,771.6,501.2,1156.1,804.2,conscientiousness_high4_IzKWDY_QNTU.000.mp4,1280,720,23.976,367,conscientiousness,high
265,11052,left_cheek,499.7,367.9,593.8,490.6,784.7,549.9,902.2,703.3,conscientiousness_high4_IzKWDY_QNTU.000.mp4,1280,720,23.976,367,conscientiousness,high
265,11052,right_cheek,691.0,338.3,784.2,470.2,1023.7,512.8,1140.2,677.7,conscientiousness_high4_IzKWDY_QNTU.000.mp4,1280,720,23.976,367,conscientiousness,high
266,11094,left_eye,503.7,274.3,605.1,345.5,789.6,432.8,916.4,521.9,conscientiousness_high4_IzKWDY_QNTU.000.mp4,1280,720,23.976,367,conscientiousness,high
266,11094,right_eye,660.0,254.8,765.2,330.9,985.0,408.5,1116.6,503.6,conscientiousness_high4_IzKWDY_QNTU.000.mp4,1280,720,23.976,367,conscientiousness,high
266,11094,nose,600.6,316.9,690.6,438.6,910.7,486.2,1023.3,638.2,conscientiousness_high4_IzKWDY_QNTU.000.mp4,1280,720,23.976,367,conscientiousness,high
266,11094,mouth,588.0,455.2,716.0,504.3,895.1,659.0,1055.0,720.4,conscientiousness_high4_IzKWDY_QNTU.000.mp4,1280,720,23.976,367,conscientiousness,high
266,11094,forehead,479.9,201.2,794.4,470.5,759.9,341.5,1153.0,678.1,conscientiousness_high4_IzKWDY_QNTU.000.mp4,1280,720,23.976,367,conscientiousness,high
266,11094,chin,489.2,327.3,794.4,567.2,771.5,499.1,1153.0,799.0,conscientiousness_high4_IzKWDY_QNTU.000.mp4,1280,720,23.976,367,conscientiousness,high
266,11094,left_cheek,499.7,364.4,593.7,486.1,784.6,545.4,902.1,697.7,conscientiousness_high4_IzKWDY_QNTU.000.mp4,1280,720,23.976,367,conscientiousness,high
266,11094,right_cheek,690.2,336.1,782.1,466.8,1022.8,510.1,1137.6,673.5,conscientiousness_high4_IzKWDY_QNTU.000.mp4,1280,720,23.976,367,conscientiousness,high
267,11136,left_eye,503.7,272.3,605.0,343.5,789.6,430.4,916.2,519.4,conscientiousness_high4_IzKWDY_QNTU.000.mp4,1280,720,23.976,367,conscientiousness,high
267,11136,right_eye,659.5,252.5,764.4,328.4,984.4,405.7,1115.5,500.5,conscientiousness_high4_IzKWDY_QNTU.000.mp4,1280,720,23.976,367,conscientiousness,high
267,11136,nose,600.2,314.3,690.5,435.4,910.2,482.9,1023.1,634.2,conscientiousness_high4_IzKWDY_QNTU.000.mp4,1280,720,23.976,367,conscientiousness,high
267,11136,mouth,587.7,453.5,715.4,509.5,894.6,656.9,1054.3,726.9,conscientiousness_high4_IzKWDY_QNTU.000.mp4,1280,720,23.976,367,conscientiousness,high
267,11136,forehead,479.9,198.9,794.0,470.4,759.9,338.6,1152.5,678.0,conscientiousness_high4_IzKWDY_QNTU.000.mp4,1280,720,23.976,367,conscientiousness,high
267,11136,chin,489.1,326.3,794.0,567.4,771.4,497.9,1152.5,799.3,conscientiousness_high4_IzKWDY_QNTU.000.mp4,1280,720,23.976,367,conscientiousness,high
267,11136,left_cheek,499.7,363.3,593.3,485.8,784.6,544.1,901.6,697.2,conscientiousness_high4_IzKWDY_QNTU.000.mp4,1280,720,23.976,367,conscientiousness,high
267,11136,right_cheek,690.0,334.4,781.8,465.9,1022.5,508.0,1137.2,672.4,conscientiousness_high4_IzKWDY_QNTU.000.mp4,1280,720,23.976,367,conscientiousness,high
268,11177,left_eye,503.6,271.4,604.3,343.1,789.5,429.3,915.4,518.9,conscientiousness_high4_IzKWDY_QNTU.000.mp4,1280,720,23.976,367,conscientiousness,high
268,11177,right_eye,659.2,251.9,763.9,327.9,984.0,404.9,1114.9,499.9,conscientiousness_high4_IzKWDY_QNTU.000.mp4,1280,720,23.976,367,conscientiousness,high
268,11177,nose,599.6,313.9,690.2,433.1,909.5,482.4,1022.7,631.4,conscientiousness_high4_IzKWDY_QNTU.000.mp4,1280,720,23.976,367,conscientiousness,high
268,11177,mouth,586.1,450.0,715.4,515.1,892.7,652.6,1054.3,733.9,conscientiousness_high4_IzKWDY_QNTU.000.mp4,1280,720,23.976,367,conscientiousness,high
268,11177,forehead,480.1,199.0,793.6,470.6,760.1,338.7,1151.9,678.2,conscientiousness_high4_IzKWDY_QNTU.000.mp4,1280,720,23.976,367,conscientiousness,high
268,11177,chin,489.1,326.3,793.6,568.5,771.4,497.9,1151.9,800.6,conscientiousness_high4_IzKWDY_QNTU.000.mp4,1280,720,23.976,367,conscientiousness,high
268,11177,left_cheek,499.7,362.8,592.9,485.3,784.6,543.5,901.1,696.6,conscientiousness_high4_IzKWDY_QNTU.000.mp4,1280,720,23.976,367,conscientiousness,high
268,11177,right_cheek,689.6,334.0,781.2,465.4,1022.0,507.5,1136.4,671.8,conscientiousness_high4_IzKWDY_QNTU.000.mp4,1280,720,23.976,367,conscientiousness,high
269,11219,left_eye,503.6,271.7,604.3,343.2,789.6,429.6,915.4,519.0,conscientiousness_high4_IzKWDY_QNTU.000.mp4,1280,720,23.976,367,conscientiousness,high
269,11219,right_eye,659.2,252.2,764.0,328.2,984.0,405.2,1115.0,500.3,conscientiousness_high4_IzKWDY_QNTU.000.mp4,1280,720,23.976,367,conscientiousness,high
269,11219,nose,599.3,314.3,690.2,433.8,909.1,482.9,1022.7,632.3,conscientiousness_high4_IzKWDY_QNTU.000.mp4,1280,720,23.976,367,conscientiousness,high
269,11219,mouth,584.2,450.1,716.7,517.4,890.2,652.6,1055.9,736.8,conscientiousness_high4_IzKWDY_QNTU.000.mp4,1280,720,23.976,367,conscientiousness,high
269,11219,forehead,480.6,200.1,793.5,471.0,760.7,340.2,1151.8,678.8,conscientiousness_high4_IzKWDY_QNTU.000.mp4,1280,720,23.976,367,conscientiousness,high
269,11219,chin,489.4,327.6,793.5,569.0,771.8,499.5,1151.8,801.2,conscientiousness_high4_IzKWDY_QNTU.000.mp4,1280,720,23.976,367,conscientiousness,high
269,11219,left_cheek,499.8,363.3,592.8,485.5,784.7,544.1,900.9,696.8,conscientiousness_high4_IzKWDY_QNTU.000.mp4,1280,720,23.976,367,conscientiousness,high
269,11219,right_cheek,689.5,334.3,781.1,465.6,1021.9,507.8,1136.3,671.9,conscientiousness_high4_IzKWDY_QNTU.000.mp4,1280,720,23.976,367,conscientiousness,high
270,11261,left_eye,503.6,272.1,604.5,343.4,789.5,430.2,915.6,519.2,conscientiousness_high4_IzKWDY_QNTU.000.mp4,1280,720,23.976,367,conscientiousness,high
270,11261,right_eye,659.5,253.3,764.0,329.1,984.4,406.6,1115.1,501.3,conscientiousness_high4_IzKWDY_QNTU.000.mp4,1280,720,23.976,367,conscientiousness,high
270,11261,nose,599.2,315.8,690.2,434.3,908.9,484.7,1022.7,632.8,conscientiousness_high4_IzKWDY_QNTU.000.mp4,1280,720,23.976,367,conscientiousness,high
270,11261,mouth,582.2,450.0,717.8,517.5,887.8,652.5,1057.3,736.9,conscientiousness_high4_IzKWDY_QNTU.000.mp4,1280,720,23.976,367,conscientiousness,high
270,11261,forehead,480.6,201.3,793.4,471.3,760.7,341.6,1151.8,679.1,conscientiousness_high4_IzKWDY_QNTU.000.mp4,1280,720,23.976,367,conscientiousness,high
270,11261,chin,489.4,328.2,793.4,569.5,771.8,500.2,1151.8,801.9,conscientiousness_high4_IzKWDY_QNTU.000.mp4,1280,720,23.976,367,conscientiousness,high
270,11261,left_cheek,499.8,363.5,592.7,485.1,784.7,544.4,900.9,696.4,conscientiousness_high4_IzKWDY_QNTU.000.mp4,1280,720,23.976,367,conscientiousness,high
270,11261,right_cheek,689.4,334.6,781.0,465.5,1021.8,508.2,1136.3,671.9,conscientiousness_high4_IzKWDY_QNTU.000.mp4,1280,720,23.976,367,conscientiousness,high
271,11302,left_eye,503.7,272.4,604.7,343.5,789.6,430.5,915.9,519.3,conscientiousness_high4_IzKWDY_QNTU.000.mp4,1280,720,23.976,367,conscientiousness,high
271,11302,right_eye,659.9,254.3,764.2,329.7,984.8,407.9,1115.3,502.1,conscientiousness_high4_IzKWDY_QNTU.000.mp4,1280,720,23.976,367,conscientiousness,high
271,11302,nose,599.1,316.3,690.2,434.5,908.8,485.4,1022.7,633.1,conscientiousness_high4_IzKWDY_QNTU.000.mp4,1280,720,23.976,367,conscientiousness,high
271,11302,mouth,581.4,449.2,719.0,517.6,886.7,651.6,1058.7,736.9,conscientiousness_high4_IzKWDY_QNTU.000.mp4,1280,720,23.976,367,conscientiousness,high
271,11302,forehead,480.6,202.0,793.4,471.5,760.8,342.4,1151.8,679.4,conscientiousness_high4_IzKWDY_QNTU.000.mp4,1280,720,23.976,367,conscientiousness,high
271,11302,chin,489.4,329.1,793.4,570.2,771.8,501.3,1151.8,802.7,conscientiousness_high4_IzKWDY_QNTU.000.mp4,1280,720,23.976,367,conscientiousness,high
271,11302,left_cheek,499.8,363.7,592.7,485.0,784.7,544.6,900.9,696.3,conscientiousness_high4_IzKWDY_QNTU.000.mp4,1280,720,23.976,367,conscientiousness,high
271,11302,right_cheek,689.5,335.2,781.1,465.6,1021.8,509.0,1136.4,672.0,conscientiousness_high4_IzKWDY_QNTU.000.mp4,1280,720,23.976,367,conscientiousness,high
272,11344,left_eye,503.7,273.0,604.9,343.5,789.6,431.3,916.1,519.4,conscientiousness_high4_IzKWDY_QNTU.000.mp4,1280,720,23.976,367,conscientiousness,high
272,11344,right_eye,660.3,255.1,764.6,330.1,985.3,408.8,1115.7,502.6,conscientiousness_high4_IzKWDY_QNTU.000.mp4,1280,720,23.976,367,conscientiousness,high
272,11344,nose,599.1,316.3,690.2,434.6,908.8,485.4,1022.7,633.3,conscientiousness_high4_IzKWDY_QNTU.000.mp4,1280,720,23.976,367,conscientiousness,high
272,11344,mouth,581.4,448.7,720.0,518.6,886.7,650.8,1060.0,738.3,conscientiousness_high4_IzKWDY_QNTU.000.mp4,1280,720,23.976,367,conscientiousness,high
272,11344,forehead,480.6,202.0,793.7,472.2,760.8,342.5,1152.1,680.3,conscientiousness_high4_IzKWDY_QNTU.000.mp4,1280,720,23.976,367,conscientiousness,high
272,11344,chin,489.3,329.6,793.7,571.1,771.7,502.0,1152.1,803.9,conscientiousness_high4_IzKWDY_QNTU.000.mp4,1280,720,23.976,367,conscientiousness,high
272,11344,left_cheek,499.8,363.7,592.7,485.1,784.7,544.7,900.9,696.4,conscientiousness_high4_IzKWDY_QNTU.000.mp4,1280,720,23.976,367,conscientiousness,high
272,11344,right_cheek,689.5,335.5,781.6,465.6,1021.9,509.3,1137.0,672.1,conscientiousness_high4_IzKWDY_QNTU.000.mp4,1280,720,23.976,367,conscientiousness,high
273,11386,left_eye,503.8,273.2,605.0,343.7,789.7,431.5,916.2,519.7,conscientiousness_high4_IzKWDY_QNTU.000.mp4,1280,720,23.976,367,conscientiousness,high
273,11386,right_eye,660.5,255.4,765.0,330.3,985.7,409.3,1116.2,502.9,conscientiousness_high4_IzKWDY_QNTU.000.mp4,1280,720,23.976,367,conscientiousness,high
273,11386,nose,599.0,316.2,690.3,434.8,908.8,485.3,1022.9,633.5,conscientiousness_high4_IzKWDY_QNTU.000.mp4,1280,720,23.976,367,conscientiousness,high
273,11386,mouth,581.5,448.2,720.9,520.5,886.9,650.3,1061.1,740.6,conscientiousness_high4_IzKWDY_QNTU.000.mp4,1280,720,23.976,367,conscientiousness,high
273,11386,forehead,480.7,202.0,793.9,472.3,760.9,342.5,1152.3,680.3,conscientiousness_high4_IzKWDY_QNTU.000.mp4,1280,720,23.976,367,conscientiousness,high
273,11386,chin,489.4,329.7,793.9,571.9,771.8,502.2,1152.3,804.9,conscientiousness_high4_IzKWDY_QNTU.000.mp4,1280,720,23.976,367,conscientiousness,high
273,11386,left_cheek,499.8,363.8,592.7,485.1,784.7,544.7,900.9,696.4,conscientiousness_high4_IzKWDY_QNTU.000.mp4,1280,720,23.976,367,conscientiousness,high
273,11386,right_cheek,689.6,335.6,782.1,465.7,1022.0,509.5,1137.6,672.1,conscientiousness_high4_IzKWDY_QNTU.000.mp4,1280,720,23.976,367,conscientiousness,high
274,11428,left_eye,503.7,273.3,605.0,343.9,789.7,431.6,916.2,519.9,conscientiousness_high4_IzKWDY_QNTU.000.mp4,1280,720,23.976,367,conscientiousness,high
274,11428,right_eye,660.6,255.4,765.3,330.3,985.8,409.3,1116.6,502.9,conscientiousness_high4_IzKWDY_QNTU.000.mp4,1280,720,23.976,367,conscientiousness,high
274,11428,nose,599.0,315.4,690.2,434.9,908.8,484.3,1022.8,633.6,conscientiousness_high4_IzKWDY_QNTU.000.mp4,1280,720,23.976,367,conscientiousness,high
274,11428,mouth,581.7,447.9,720.7,520.4,887.1,649.9,1060.8,740.5,conscientiousness_high4_IzKWDY_QNTU.000.mp4,1280,720,23.976,367,conscientiousness,high
274,11428,forehead,480.6,201.6,794.0,472.0,760.7,342.0,1152.5,679.9,conscientiousness_high4_IzKWDY_QNTU.000.mp4,1280,720,23.976,367,conscientiousness,high
274,11428,chin,489.2,329.7,794.0,571.9,771.5,502.2,1152.5,804.8,conscientiousness_high4_IzKWDY_QNTU.000.mp4,1280,720,23.976,367,conscientiousness,high
274,11428,left_cheek,499.5,363.6,592.6,484.7,784.3,544.5,900.8,695.8,conscientiousness_high4_IzKWDY_QNTU.000.mp4,1280,720,23.976,367,conscientiousness,high
274,11428,right_cheek,689.6,335.6,782.3,465.5,1022.0,509.6,1137.9,671.9,conscientiousness_high4_IzKWDY_QNTU.000.mp4,1280,720,23.976,367,conscientiousness,high
275,11469,left_eye,503.7,273.3,605.0,343.9,789.7,431.6,916.3,519.9,conscientiousness_high4_IzKWDY_QNTU.000.mp4,1280,720,23.976,367,conscientiousness,high
275,11469,right_eye,660.9,255.4,765.5,330.4,986.1,409.2,1116.9,502.9,conscientiousness_high4_IzKWDY_QNTU.000.mp4,1280,720,23.976,367,conscientiousness,high
275,11469,nose,599.3,315.5,690.3,434.9,909.1,484.4,1022.8,633.6,conscientiousness_high4_IzKWDY_QNTU.000.mp4,1280,720,23.976,367,conscientiousness,high
275,11469,mouth,582.9,448.3,719.4,517.0,888.6,650.4,1059.2,736.3,conscientiousness_high4_IzKWDY_QNTU.000.mp4,1280,720,23.976,367,conscientiousness,high
275,11469,forehead,480.7,201.6,794.0,471.5,760.8,342.0,1152.5,679.3,conscientiousness_high4_IzKWDY_QNTU.000.mp4,1280,720,23.976,367,conscientiousness,high
275,11469,chin,489.2,329.6,794.0,570.7,771.5,502.0,1152.5,803.3,conscientiousness_high4_IzKWDY_QNTU.000.mp4,1280,720,23.976,367,conscientiousness,high
275,11469,left_cheek,499.6,363.5,592.8,484.4,784.5,544.4,900.9,695.5,conscientiousness_high4_IzKWDY_QNTU.000.mp4,1280,720,23.976,367,conscientiousness,high
275,11469,right_cheek,689.6,335.7,782.3,465.3,1022.0,509.6,1137.9,671.7,conscientiousness_high4_IzKWDY_QNTU.000.mp4,1280,720,23.976,367,conscientiousness,high
276,11511,left_eye,504.4,273.2,605.6,344.0,790.4,431.6,917.0,520.0,conscientiousness_high4_IzKWDY_QNTU.000.mp4,1280,720,23.976,367,conscientiousness,high
276,11511,right_eye,661.7,255.3,766.3,330.4,987.1,409.2,1117.9,502.9,conscientiousness_high4_IzKWDY_QNTU.000.mp4,1280,720,23.976,367,conscientiousness,high
276,11511,nose,600.5,315.5,690.5,435.2,910.6,484.4,1023.1,633.9,conscientiousness_high4_IzKWDY_QNTU.000.mp4,1280,720,23.976,367,conscientiousness,high
276,11511,mouth,587.0,449.2,716.6,515.3,893.8,651.5,1055.8,734.1,conscientiousness_high4_IzKWDY_QNTU.000.mp4,1280,720,23.976,367,conscientiousness,high
276,11511,forehead,481.2,201.6,794.3,470.5,761.5,342.0,1152.9,678.1,conscientiousness_high4_IzKWDY_QNTU.000.mp4,1280,720,23.976,367,conscientiousness,high
276,11511,chin,489.5,329.4,794.3,569.2,771.9,501.7,1152.9,801.4,conscientiousness_high4_IzKWDY_QNTU.000.mp4,1280,720,23.976,367,conscientiousness,high
276,11511,left_cheek,500.4,363.2,593.6,484.1,785.5,544.0,902.0,695.2,conscientiousness_high4_IzKWDY_QNTU.000.mp4,1280,720,23.976,367,conscientiousness,high
276,11511,right_cheek,690.1,335.7,782.3,465.2,1022.6,509.6,1137.8,671.5,conscientiousness_high4_IzKWDY_QNTU.000.mp4,1280,720,23.976,367,conscientiousness,high
277,11553,left_eye,505.8,273.1,606.9,344.1,792.3,431.3,918.6,520.1,conscientiousness_high4_IzKWDY_QNTU.000.mp4,1280,720,23.976,367,conscientiousness,high
277,11553,right_eye,663.7,255.2,767.8,330.4,989.6,409.0,1119.8,502.9,conscientiousness_high4_IzKWDY_QNTU.000.mp4,1280,720,23.976,367,conscientiousness,high
277,11553,nose,602.5,315.5,691.8,435.2,913.1,484.4,1024.8,634.0,conscientiousness_high4_IzKWDY_QNTU.000.mp4,1280,720,23.976,367,conscientiousness,high
277,11553,mouth,590.1,449.6,716.2,514.3,897.6,652.0,1055.2,732.9,conscientiousness_high4_IzKWDY_QNTU.000.mp4,1280,720,23.976,367,conscientiousness,high
277,11553,forehead,482.4,201.6,795.2,469.7,763.0,342.0,1154.0,677.1,conscientiousness_high4_IzKWDY_QNTU.000.mp4,1280,720,23.976,367,conscientiousness,high
277,11553,chin,490.5,329.1,795.2,568.0,773.1,501.3,1154.0,799.9,conscientiousness_high4_IzKWDY_QNTU.000.mp4,1280,720,23.976,367,conscientiousness,high
277,11553,left_cheek,501.9,363.1,595.5,483.9,787.4,543.8,904.3,694.9,conscientiousness_high4_IzKWDY_QNTU.000.mp4,1280,720,23.976,367,conscientiousness,high
277,11553,right_cheek,691.6,335.7,782.8,465.0,1024.5,509.6,1138.5,671.2,conscientiousness_high4_IzKWDY_QNTU.000.mp4,1280,720,23.976,367,conscientiousness,high
278,11594,left_eye,506.2,272.9,607.8,344.1,792.7,431.1,919.8,520.1,conscientiousness_high4_IzKWDY_QNTU.000.mp4,1280,720,23.976,367,conscientiousness,high
278,11594,right_eye,664.4,255.0,768.7,330.3,990.5,408.7,1120.9,502.9,conscientiousness_high4_IzKWDY_QNTU.000.mp4,1280,720,23.976,367,conscientiousness,high
278,11594,nose,603.2,315.4,693.2,435.3,914.0,484.2,1026.5,634.1,conscientiousness_high4_IzKWDY_QNTU.000.mp4,1280,720,23.976,367,conscientiousness,high
278,11594,mouth,590.9,449.7,716.2,514.5,898.7,652.1,1055.3,733.2,conscientiousness_high4_IzKWDY_QNTU.000.mp4,1280,720,23.976,367,conscientiousness,high
278,11594,forehead,482.4,201.4,796.2,469.5,763.0,341.8,1155.2,676.8,conscientiousness_high4_IzKWDY_QNTU.000.mp4,1280,720,23.976,367,conscientiousness,high
278,11594,chin,490.6,328.5,796.2,567.9,773.3,500.6,1155.2,799.8,conscientiousness_high4_IzKWDY_QNTU.000.mp4,1280,720,23.976,367,conscientiousness,high
278,11594,left_cheek,502.3,363.0,596.3,483.9,787.9,543.7,905.3,694.8,conscientiousness_high4_IzKWDY_QNTU.000.mp4,1280,720,23.976,367,conscientiousness,high
278,11594,right_cheek,692.8,335.5,784.0,464.6,1026.0,509.4,1140.0,670.8,conscientiousness_high4_IzKWDY_QNTU.000.mp4,1280,720,23.976,367,conscientiousness,high
279,11636,left_eye,507.2,272.8,608.7,344.1,794.0,431.0,920.9,520.2,conscientiousness_high4_IzKWDY_QNTU.000.mp4,1280,720,23.976,367,conscientiousness,high
279,11636,right_eye,665.4,254.8,769.9,330.4,991.7,408.5,1122.4,503.0,conscientiousness_high4_IzKWDY_QNTU.000.mp4,1280,720,23.976,367,conscientiousness,high
279,11636,nose,603.9,315.1,694.4,435.3,914.8,483.9,1028.0,634.1,conscientiousness_high4_IzKWDY_QNTU.000.mp4,1280,720,23.976,367,conscientiousness,high
279,11636,mouth,590.9,449.6,718.8,514.7,898.6,652.1,1058.5,733.4,conscientiousness_high4_IzKWDY_QNTU.000.mp4,1280,720,23.976,367,conscientiousness,high
279,11636,forehead,483.1,201.4,797.9,469.9,763.9,341.7,1157.4,677.4,conscientiousness_high4_IzKWDY_QNTU.000.mp4,1280,720,23.976,367,conscientiousness,high
279,11636,chin,491.4,328.7,797.9,568.0,774.3,500.8,1157.4,799.9,conscientiousness_high4_IzKWDY_QNTU.000.mp4,1280,720,23.976,367,conscientiousness,high
279,11636,left_cheek,503.1,363.2,597.0,484.0,788.8,544.0,906.3,694.9,conscientiousness_high4_IzKWDY_QNTU.000.mp4,1280,720,23.976,367,conscientiousness,high
279,11636,right_cheek,694.2,335.5,785.8,464.6,1027.8,509.4,1142.2,670.8,conscientiousness_high4_IzKWDY_QNTU.000.mp4,1280,720,23.976,367,conscientiousness,high
280,11678,left_eye,507.5,273.1,609.3,344.8,794.4,431.4,921.7,521.0,conscientiousness_high4_IzKWDY_QNTU.000.mp4,1280,720,23.976,367,conscientiousness,high
280,11678,right_eye,666.0,254.8,770.6,331.0,992.4,408.6,1123.2,503.8,conscientiousness_high4_IzKWDY_QNTU.000.mp4,1280,720,23.976,367,conscientiousness,high
280,11678,nose,604.4,315.3,695.7,435.7,915.5,484.1,1029.6,634.7,conscientiousness_high4_IzKWDY_QNTU.000.mp4,1280,720,23.976,367,conscientiousness,high
280,11678,mouth,590.5,449.4,721.1,514.5,898.1,651.7,1061.4,733.1,conscientiousness_high4_IzKWDY_QNTU.000.mp4,1280,720,23.976,367,conscientiousness,high
280,11678,forehead,483.2,201.5,798.3,471.5,764.0,341.8,1157.8,679.4,conscientiousness_high4_IzKWDY_QNTU.000.mp4,1280,720,23.976,367,conscientiousness,high
280,11678,chin,491.6,329.3,798.3,568.7,774.4,501.7,1157.8,800.9,conscientiousness_high4_IzKWDY_QNTU.000.mp4,1280,720,23.976,367,conscientiousness,high
280,11678,left_cheek,503.2,363.8,597.4,484.6,789.0,544.7,906.8,695.7,conscientiousness_high4_IzKWDY_QNTU.000.mp4,1280,720,23.976,367,conscientiousness,high
280,11678,right_cheek,695.1,336.0,786.6,465.1,1028.9,510.0,1143.3,671.3,conscientiousness_high4_IzKWDY_QNTU.000.mp4,1280,720,23.976,367,conscientiousness,high
281,11720,left_eye,507.4,273.1,609.4,344.9,794.3,431.4,921.7,521.1,conscientiousness_high4_IzKWDY_QNTU.000.mp4,1280,720,23.976,367,conscientiousness,high
281,11720,right_eye,665.8,254.9,770.5,331.0,992.3,408.6,1123.1,503.8,conscientiousness_high4_IzKWDY_QNTU.000.mp4,1280,720,23.976,367,conscientiousness,high
281,11720,nose,604.4,315.3,695.4,435.8,915.6,484.1,1029.3,634.7,conscientiousness_high4_IzKWDY_QNTU.000.mp4,1280,720,23.976,367,conscientiousness,high
281,11720,mouth,589.7,448.3,721.7,513.1,897.1,650.4,1062.2,731.3,conscientiousness_high4_IzKWDY_QNTU.000.mp4,1280,720,23.976,367,conscientiousness,high
281,11720,forehead,483.2,201.4,798.2,471.6,763.9,341.8,1157.8,679.5,conscientiousness_high4_IzKWDY_QNTU.000.mp4,1280,720,23.976,367,conscientiousness,high
281,11720,chin,491.6,329.4,798.2,568.9,774.5,501.8,1157.8,801.1,conscientiousness_high4_IzKWDY_QNTU.000.mp4,1280,720,23.976,367,conscientiousness,high
281,11720,left_cheek,503.2,363.8,597.3,484.6,789.1,544.8,906.7,695.7,conscientiousness_high4_IzKWDY_QNTU.000.mp4,1280,720,23.976,367,conscientiousness,high
281,11720,right_cheek,695.0,336.0,786.6,465.1,1028.7,510.0,1143.2,671.4,conscientiousness_high4_IzKWDY_QNTU.000.mp4,1280,720,23.976,367,conscientiousness,high
282,11761,left_eye,507.6,273.8,609.3,345.4,794.5,432.3,921.7,521.7,conscientiousness_high4_IzKWDY_QNTU.000.mp4,1280,720,23.976,367,conscientiousness,high
282,11761,right_eye,665.8,254.9,770.5,331.6,992.2,408.7,1123.1,504.5,conscientiousness_high4_IzKWDY_QNTU.000.mp4,1280,720,23.976,367,conscientiousness,high
282,11761,nose,604.4,315.5,695.4,436.1,915.5,484.4,1029.2,635.1,conscientiousness_high4_IzKWDY_QNTU.000.mp4,1280,720,23.976,367,conscientiousness,high
282,11761,mouth,588.4,448.1,722.5,512.7,895.5,650.2,1063.1,730.8,conscientiousness_high4_IzKWDY_QNTU.000.mp4,1280,720,23.976,367,conscientiousness,high
282,11761,forehead,483.3,201.7,798.2,472.7,764.1,342.2,1157.7,680.9,conscientiousness_high4_IzKWDY_QNTU.000.mp4,1280,720,23.976,367,conscientiousness,high
282,11761,chin,491.9,330.3,798.2,569.3,774.8,502.9,1157.7,801.6,conscientiousness_high4_IzKWDY_QNTU.000.mp4,1280,720,23.976,367,conscientiousness,high
282,11761,left_cheek,503.3,364.4,597.3,484.9,789.1,545.5,906.6,696.1,conscientiousness_high4_IzKWDY_QNTU.000.mp4,1280,720,23.976,367,conscientiousness,high
282,11761,right_cheek,695.0,336.6,786.5,465.4,1028.7,510.7,1143.2,671.8,conscientiousness_high4_IzKWDY_QNTU.000.mp4,1280,720,23.976,367,conscientiousness,high
283,11803,left_eye,508.2,273.9,610.0,345.5,795.2,432.3,922.4,521.8,conscientiousness_high4_IzKWDY_QNTU.000.mp4,1280,720,23.976,367,conscientiousness,high
283,11803,right_eye,666.4,255.0,771.0,331.8,993.1,408.8,1123.8,504.8,conscientiousness_high4_IzKWDY_QNTU.000.mp4,1280,720,23.976,367,conscientiousness,high
283,11803,nose,605.0,315.5,695.4,436.3,916.3,484.4,1029.2,635.4,conscientiousness_high4_IzKWDY_QNTU.000.mp4,1280,720,23.976,367,conscientiousness,high
283,11803,mouth,588.1,448.2,723.1,512.3,895.1,650.2,1063.9,730.4,conscientiousness_high4_IzKWDY_QNTU.000.mp4,1280,720,23.976,367,conscientiousness,high
283,11803,forehead,483.6,201.7,798.7,472.9,764.5,342.1,1158.3,681.1,conscientiousness_high4_IzKWDY_QNTU.000.mp4,1280,720,23.976,367,conscientiousness,high
283,11803,chin,492.2,330.9,798.7,569.5,775.2,503.6,1158.3,801.9,conscientiousness_high4_IzKWDY_QNTU.000.mp4,1280,720,23.976,367,conscientiousness,high
283,11803,left_cheek,503.6,364.4,597.7,484.9,789.5,545.5,907.1,696.2,conscientiousness_high4_IzKWDY_QNTU.000.mp4,1280,720,23.976,367,conscientiousness,high
283,11803,right_cheek,695.3,337.1,787.1,466.0,1029.1,511.3,1143.9,672.5,conscientiousness_high4_IzKWDY_QNTU.000.mp4,1280,720,23.976,367,conscientiousness,high
284,11845,left_eye,508.1,272.9,609.8,344.7,795.2,431.2,922.3,520.9,conscientiousness_high4_IzKWDY_QNTU.000.mp4,1280,720,23.976,367,conscientiousness,high
284,11845,right_eye,666.5,254.7,771.4,331.3,993.1,408.3,1124.3,504.2,conscientiousness_high4_IzKWDY_QNTU.000.mp4,1280,720,23.976,367,conscientiousness,high
284,11845,nose,604.9,314.9,695.3,436.0,916.1,483.7,1029.2,635.0,conscientiousness_high4_IzKWDY_QNTU.000.mp4,1280,720,23.976,367,conscientiousness,high
284,11845,mouth,587.1,447.5,723.6,511.0,893.9,649.4,1064.5,728.7,conscientiousness_high4_IzKWDY_QNTU.000.mp4,1280,720,23.976,367,conscientiousness,high
284,11845,forehead,483.5,200.5,799.3,472.6,764.4,340.7,1159.1,680.8,conscientiousness_high4_IzKWDY_QNTU.000.mp4,1280,720,23.976,367,conscientiousness,high
284,11845,chin,492.0,330.9,799.3,569.5,775.0,503.6,1159.1,801.9,conscientiousness_high4_IzKWDY_QNTU.000.mp4,1280,720,23.976,367,conscientiousness,high
284,11845,left_cheek,503.5,363.4,597.6,484.6,789.4,544.3,907.0,695.7,conscientiousness_high4_IzKWDY_QNTU.000.mp4,1280,720,23.976,367,conscientiousness,high
284,11845,right_cheek,695.4,336.9,787.5,466.0,1029.2,511.2,1144.3,672.5,conscientiousness_high4_IzKWDY_QNTU.000.mp4,1280,720,23.976,367,conscientiousness,high
285,11886,left_eye,508.4,270.1,610.2,343.2,795.5,427.6,922.8,519.0,conscientiousness_high4_IzKWDY_QNTU.000.mp4,1280,720,23.976,367,conscientiousness,high
285,11886,right_eye,666.9,252.3,772.7,330.4,993.7,405.4,1125.9,503.0,conscientiousness_high4_IzKWDY_QNTU.000.mp4,1280,720,23.976,367,conscientiousness,high
285,11886,nose,604.8,311.3,695.4,434.8,916.1,479.1,1029.2,633.5,conscientiousness_high4_IzKWDY_QNTU.000.mp4,1280,720,23.976,367,conscientiousness,high
285,11886,mouth,586.9,446.6,723.8,510.3,893.6,648.2,1064.8,727.9,conscientiousness_high4_IzKWDY_QNTU.000.mp4,1280,720,23.976,367,conscientiousness,high
285,11886,forehead,483.6,197.8,801.2,472.4,764.5,337.2,1161.5,680.5,conscientiousness_high4_IzKWDY_QNTU.000.mp4,1280,720,23.976,367,conscientiousness,high
285,11886,chin,492.0,330.9,801.2,569.6,775.0,503.7,1161.5,802.0,conscientiousness_high4_IzKWDY_QNTU.000.mp4,1280,720,23.976,367,conscientiousness,high
285,11886,left_cheek,503.5,362.3,597.6,484.0,789.3,542.9,906.9,695.0,conscientiousness_high4_IzKWDY_QNTU.000.mp4,1280,720,23.976,367,conscientiousness,high
285,11886,right_cheek,696.0,336.9,789.0,466.1,1030.0,511.1,1146.3,672.6,conscientiousness_high4_IzKWDY_QNTU.000.mp4,1280,720,23.976,367,conscientiousness,high
286,11928,left_eye,514.2,268.5,613.8,339.8,802.7,425.7,927.3,514.8,conscientiousness_high4_IzKWDY_QNTU.000.mp4,1280,720,23.976,367,conscientiousness,high
286,11928,right_eye,667.9,251.0,773.5,328.6,994.9,403.7,1126.9,500.8,conscientiousness_high4_IzKWDY_QNTU.000.mp4,1280,720,23.976,367,conscientiousness,high
286,11928,nose,604.8,308.4,695.7,431.0,916.0,475.5,1029.6,628.7,conscientiousness_high4_IzKWDY_QNTU.000.mp4,1280,720,23.976,367,conscientiousness,high
286,11928,mouth,586.5,443.6,723.9,508.9,893.1,644.5,1064.9,726.1,conscientiousness_high4_IzKWDY_QNTU.000.mp4,1280,720,23.976,367,conscientiousness,high
286,11928,forehead,488.7,198.0,803.3,471.2,770.9,337.5,1164.1,679.0,conscientiousness_high4_IzKWDY_QNTU.000.mp4,1280,720,23.976,367,conscientiousness,high
286,11928,chin,493.3,332.9,803.3,569.6,776.6,506.2,1164.1,802.0,conscientiousness_high4_IzKWDY_QNTU.000.mp4,1280,720,23.976,367,conscientiousness,high
286,11928,left_cheek,504.9,359.5,598.0,480.2,791.1,539.4,907.5,690.2,conscientiousness_high4_IzKWDY_QNTU.000.mp4,1280,720,23.976,367,conscientiousness,high
286,11928,right_cheek,696.2,336.8,789.5,465.1,1030.2,511.0,1146.8,671.4,conscientiousness_high4_IzKWDY_QNTU.000.mp4,1280,720,23.976,367,conscientiousness,high
287,11970,left_eye,513.9,267.4,613.9,339.8,802.4,424.3,927.3,514.7,conscientiousness_high4_IzKWDY_QNTU.000.mp4,1280,720,23.976,367,conscientiousness,high
287,11970,right_eye,668.2,250.4,774.3,328.7,995.2,403.0,1127.9,500.9,conscientiousness_high4_IzKWDY_QNTU.000.mp4,1280,720,23.976,367,conscientiousness,high
287,11970,nose,603.5,307.6,694.5,429.5,914.4,474.5,1028.2,626.8,conscientiousness_high4_IzKWDY_QNTU.000.mp4,1280,720,23.976,367,conscientiousness,high
287,11970,mouth,582.2,443.5,722.9,509.2,887.8,644.4,1063.7,726.5,conscientiousness_high4_IzKWDY_QNTU.000.mp4,1280,720,23.976,367,conscientiousness,high
287,11970,forehead,488.4,198.4,803.7,472.9,770.5,338.0,1164.6,681.1,conscientiousness_high4_IzKWDY_QNTU.000.mp4,1280,720,23.976,367,conscientiousness,high
287,11970,chin,492.9,338.6,803.7,570.1,776.1,513.2,1164.6,802.7,conscientiousness_high4_IzKWDY_QNTU.000.mp4,1280,720,23.976,367,conscientiousness,high
287,11970,left_cheek,504.9,359.3,597.6,480.5,791.1,539.1,907.0,690.6,conscientiousness_high4_IzKWDY_QNTU.000.mp4,1280,720,23.976,367,conscientiousness,high
287,11970,right_cheek,695.9,338.8,789.5,466.7,1029.9,513.5,1146.9,673.4,conscientiousness_high4_IzKWDY_QNTU.000.mp4,1280,720,23.976,367,conscientiousness,high
288,12012,left_eye,513.3,257.4,613.6,332.8,801.6,411.7,927.0,506.0,conscientiousness_high4_IzKWDY_QNTU.000.mp4,1280,720,23.976,367,conscientiousness,high
288,12012,right_eye,668.8,244.7,775.8,325.2,996.0,395.9,1129.8,496.5,conscientiousness_high4_IzKWDY_QNTU.000.mp4,1280,720,23.976,367,conscientiousness,high
288,12012,nose,599.5,300.5,693.4,421.4,909.4,465.7,1026.7,616.7,conscientiousness_high4_IzKWDY_QNTU.000.mp4,1280,720,23.976,367,conscientiousness,high
288,12012,mouth,580.2,438.9,721.4,506.0,885.3,638.6,1061.7,722.5,conscientiousness_high4_IzKWDY_QNTU.000.mp4,1280,720,23.976,367,conscientiousness,high
288,12012,forehead,489.6,194.9,804.4,471.4,771.9,333.6,1165.6,679.2,conscientiousness_high4_IzKWDY_QNTU.000.mp4,1280,720,23.976,367,conscientiousness,high
288,12012,chin,493.2,342.0,804.1,570.1,776.5,517.4,1165.2,802.7,conscientiousness_high4_IzKWDY_QNTU.000.mp4,1280,720,23.976,367,conscientiousness,high
288,12012,left_cheek,504.5,353.1,595.4,476.5,790.7,531.4,904.3,685.6,conscientiousness_high4_IzKWDY_QNTU.000.mp4,1280,720,23.976,367,conscientiousness,high
288,12012,right_cheek,695.9,339.0,790.0,466.7,1029.8,513.8,1147.6,673.4,conscientiousness_high4_IzKWDY_QNTU.000.mp4,1280,720,23.976,367,conscientiousness,high
289,12053,left_eye,513.1,249.9,611.3,325.2,801.4,402.4,924.1,496.5,conscientiousness_high4_IzKWDY_QNTU.000.mp4,1280,720,23.976,367,conscientiousness,high
289,12053,right_eye,668.8,238.2,775.6,319.3,995.9,387.8,1129.5,489.2,conscientiousness_high4_IzKWDY_QNTU.000.mp4,1280,720,23.976,367,conscientiousness,high
289,12053,nose,594.0,293.3,689.2,411.2,902.5,456.7,1021.5,604.0,conscientiousness_high4_IzKWDY_QNTU.000.mp4,1280,720,23.976,367,conscientiousness,high
289,12053,mouth,574.9,430.6,717.3,497.2,878.6,628.2,1056.7,711.5,conscientiousness_high4_IzKWDY_QNTU.000.mp4,1280,720,23.976,367,conscientiousness,high
289,12053,forehead,489.6,189.4,804.0,466.9,772.0,326.7,1165.1,673.6,conscientiousness_high4_IzKWDY_QNTU.000.mp4,1280,720,23.976,367,conscientiousness,high
289,12053,chin,493.1,340.9,803.8,568.7,776.4,516.2,1164.8,800.8,conscientiousness_high4_IzKWDY_QNTU.000.mp4,1280,720,23.976,367,conscientiousness,high
289,12053,left_cheek,502.8,345.0,591.2,469.7,788.5,521.2,899.0,677.2,conscientiousness_high4_IzKWDY_QNTU.000.mp4,1280,720,23.976,367,conscientiousness,high
289,12053,right_cheek,693.9,337.0,789.8,464.8,1027.3,511.3,1147.3,671.0,conscientiousness_high4_IzKWDY_QNTU.000.mp4,1280,720,23.976,367,conscientiousness,high
290,12095,left_eye,513.5,243.2,611.2,319.5,801.9,394.0,924.0,489.4,conscientiousness_high4_IzKWDY_QNTU.000.mp4,1280,720,23.976,367,conscientiousness,high
290,12095,right_eye,668.7,233.2,776.5,314.3,995.9,381.5,1130.6,482.9,conscientiousness_high4_IzKWDY_QNTU.000.mp4,1280,720,23.976,367,conscientiousness,high
290,12095,nose,592.4,287.2,686.7,405.2,900.5,449.0,1018.3,596.5,conscientiousness_high4_IzKWDY_QNTU.000.mp4,1280,720,23.976,367,conscientiousness,high
290,12095,mouth,573.4,424.8,715.8,490.1,876.7,621.0,1054.8,702.6,conscientiousness_high4_IzKWDY_QNTU.000.mp4,1280,720,23.976,367,conscientiousness,high
290,12095,forehead,492.4,183.8,807.5,461.9,775.5,319.7,1169.4,667.4,conscientiousness_high4_IzKWDY_QNTU.000.mp4,1280,720,23.976,367,conscientiousness,high
290,12095,chin,494.9,340.8,806.4,567.0,778.6,516.0,1168.0,798.8,conscientiousness_high4_IzKWDY_QNTU.000.mp4,1280,720,23.976,367,conscientiousness,high
290,12095,left_cheek,502.8,338.5,590.2,464.2,788.5,513.1,897.7,670.2,conscientiousness_high4_IzKWDY_QNTU.000.mp4,1280,720,23.976,367,conscientiousness,high
290,12095,right_cheek,693.0,333.4,790.5,462.8,1026.3,506.8,1148.1,668.5,conscientiousness_high4_IzKWDY_QNTU.000.mp4,1280,720,23.976,367,conscientiousness,high
291,12137,left_eye,514.2,239.8,611.0,316.3,802.8,389.7,923.7,485.4,conscientiousness_high4_IzKWDY_QNTU.000.mp4,1280,720,23.976,367,conscientiousness,high
291,12137,right_eye,668.6,231.3,776.9,312.7,995.8,379.1,1131.1,480.9,conscientiousness_high4_IzKWDY_QNTU.000.mp4,1280,720,23.976,367,conscientiousness,high
291,12137,nose,590.5,285.1,683.9,400.9,898.1,446.4,1014.9,591.1,conscientiousness_high4_IzKWDY_QNTU.000.mp4,1280,720,23.976,367,conscientiousness,high
291,12137,mouth,572.9,421.5,713.6,486.9,876.1,616.8,1052.0,698.6,conscientiousness_high4_IzKWDY_QNTU.000.mp4,1280,720,23.976,367,conscientiousness,high
291,12137,forehead,496.3,182.1,808.8,458.8,780.4,317.6,1171.0,663.5,conscientiousness_high4_IzKWDY_QNTU.000.mp4,1280,720,23.976,367,conscientiousness,high
291,12137,chin,498.5,340.5,807.7,565.5,783.2,515.6,1169.6,796.9,conscientiousness_high4_IzKWDY_QNTU.000.mp4,1280,720,23.976,367,conscientiousness,high
291,12137,left_cheek,503.1,334.9,589.2,461.0,788.8,508.6,896.5,666.3,conscientiousness_high4_IzKWDY_QNTU.000.mp4,1280,720,23.976,367,conscientiousness,high
291,12137,right_cheek,691.9,331.8,790.7,461.5,1024.9,504.8,1148.3,666.9,conscientiousness_high4_IzKWDY_QNTU.000.mp4,1280,720,23.976,367,conscientiousness,high
292,12178,left_eye,515.0,238.2,610.7,314.7,803.8,387.7,923.4,483.3,conscientiousness_high4_IzKWDY_QNTU.000.mp4,1280,720,23.976,367,conscientiousness,high
292,12178,right_eye,668.6,231.0,777.9,312.3,995.7,378.7,1132.4,480.3,conscientiousness_high4_IzKWDY_QNTU.000.mp4,1280,720,23.976,367,conscientiousness,high
292,12178,nose,589.1,284.3,681.7,399.5,896.4,445.4,1012.1,589.4,conscientiousness_high4_IzKWDY_QNTU.000.mp4,1280,720,23.976,367,conscientiousness,high
292,12178,mouth,572.5,420.5,712.2,486.2,875.6,615.6,1050.3,697.7,conscientiousness_high4_IzKWDY_QNTU.000.mp4,1280,720,23.976,367,conscientiousness,high
292,12178,forehead,499.9,181.6,811.2,457.9,784.9,317.0,1174.0,662.3,conscientiousness_high4_IzKWDY_QNTU.000.mp4,1280,720,23.976,367,conscientiousness,high
292,12178,chin,502.4,340.7,809.6,565.2,788.0,515.9,1172.0,796.5,conscientiousness_high4_IzKWDY_QNTU.000.mp4,1280,720,23.976,367,conscientiousness,high
292,12178,left_cheek,504.0,332.8,588.7,459.2,789.9,506.0,895.9,664.0,conscientiousness_high4_IzKWDY_QNTU.000.mp4,1280,720,23.976,367,conscientiousness,high
292,12178,right_cheek,690.9,331.6,791.1,461.4,1023.7,504.5,1148.8,666.8,conscientiousness_high4_IzKWDY_QNTU.000.mp4,1280,720,23.976,367,conscientiousness,high
293,12220,left_eye,516.1,237.9,610.2,314.0,805.2,387.4,922.8,482.5,conscientiousness_high4_IzKWDY_QNTU.000.mp4,1280,720,23.976,367,conscientiousness,high
293,12220,right_eye,667.8,231.0,778.5,312.5,994.7,378.7,1133.1,480.6,conscientiousness_high4_IzKWDY_QNTU.000.mp4,1280,720,23.976,367,conscientiousness,high
293,12220,nose,586.5,283.9,678.3,400.1,893.1,444.9,1007.9,590.1,conscientiousness_high4_IzKWDY_QNTU.000.mp4,1280,720,23.976,367,conscientiousness,high
293,12220,mouth,571.3,420.7,709.7,488.5,874.1,615.9,1047.1,700.6,conscientiousness_high4_IzKWDY_QNTU.000.mp4,1280,720,23.976,367,conscientiousness,high
293,12220,forehead,502.8,180.6,814.9,458.6,788.5,315.8,1178.6,663.2,conscientiousness_high4_IzKWDY_QNTU.000.mp4,1280,720,23.976,367,conscientiousness,high
293,12220,chin,504.7,341.0,813.0,565.3,790.9,516.2,1176.3,796.6,conscientiousness_high4_IzKWDY_QNTU.000.mp4,1280,720,23.976,367,conscientiousness,high
293,12220,left_cheek,503.9,331.7,587.4,458.6,789.9,504.6,894.2,663.3,conscientiousness_high4_IzKWDY_QNTU.000.mp4,1280,720,23.976,367,conscientiousness,high
293,12220,right_cheek,689.1,331.8,791.7,461.6,1021.3,504.8,1149.6,667.0,conscientiousness_high4_IzKWDY_QNTU.000.mp4,1280,720,23.976,367,conscientiousness,high
294,12262,left_eye,516.7,238.8,609.3,314.9,805.9,388.6,921.7,483.6,conscientiousness_high4_IzKWDY_QNTU.000.mp4,1280,720,23.976,367,conscientiousness,high
294,12262,right_eye,665.8,232.7,778.3,313.7,992.2,380.9,1132.8,482.2,conscientiousness_high4_IzKWDY_QNTU.000.mp4,1280,720,23.976,367,conscientiousness,high
294,12262,nose,584.1,285.9,674.8,402.6,890.1,447.4,1003.4,593.3,conscientiousness_high4_IzKWDY_QNTU.000.mp4,1280,720,23.976,367,conscientiousness,high
294,12262,mouth,569.5,423.3,706.8,488.8,871.8,619.1,1043.5,701.0,conscientiousness_high4_IzKWDY_QNTU.000.mp4,1280,720,23.976,367,conscientiousness,high
294,12262,forehead,503.9,182.0,815.2,460.6,789.8,317.5,1179.0,665.7,conscientiousness_high4_IzKWDY_QNTU.000.mp4,1280,720,23.976,367,conscientiousness,high
294,12262,chin,505.9,341.5,813.3,566.4,792.3,516.9,1176.7,798.0,conscientiousness_high4_IzKWDY_QNTU.000.mp4,1280,720,23.976,367,conscientiousness,high
294,12262,left_cheek,503.5,332.6,585.9,459.8,789.3,505.7,892.3,664.8,conscientiousness_high4_IzKWDY_QNTU.000.mp4,1280,720,23.976,367,conscientiousness,high
294,12262,right_cheek,686.6,332.6,791.6,464.2,1018.2,505.7,1149.5,670.3,conscientiousness_high4_IzKWDY_QNTU.000.mp4,1280,720,23.976,367,conscientiousness,high
295,12303,left_eye,517.0,241.1,608.8,316.9,806.3,391.4,921.1,486.1,conscientiousness_high4_IzKWDY_QNTU.000.mp4,1280,720,23.976,367,conscientiousness,high
295,12303,right_eye,665.0,234.8,778.4,317.6,991.2,383.6,1132.9,487.0,conscientiousness_high4_IzKWDY_QNTU.000.mp4,1280,720,23.976,367,conscientiousness,high
295,12303,nose,583.4,286.1,674.4,404.2,889.2,447.6,1003.0,595.2,conscientiousness_high4_IzKWDY_QNTU.000.mp4,1280,720,23.976,367,conscientiousness,high
295,12303,mouth,569.5,425.6,706.5,498.9,871.9,622.0,1043.1,713.6,conscientiousness_high4_IzKWDY_QNTU.000.mp4,1280,720,23.976,367,conscientiousness,high
295,12303,forehead,504.7,182.4,817.1,464.8,790.9,317.9,1181.4,671.0,conscientiousness_high4_IzKWDY_QNTU.000.mp4,1280,720,23.976,367,conscientiousness,high
295,12303,chin,507.0,343.0,815.1,569.6,793.7,518.7,1178.8,802.0,conscientiousness_high4_IzKWDY_QNTU.000.mp4,1280,720,23.976,367,conscientiousness,high
295,12303,left_cheek,503.4,334.9,585.5,461.2,789.3,508.6,891.9,666.5,conscientiousness_high4_IzKWDY_QNTU.000.mp4,1280,720,23.976,367,conscientiousness,high
295,12303,right_cheek,686.2,338.1,792.0,469.8,1017.7,512.6,1150.0,677.2,conscientiousness_high4_IzKWDY_QNTU.000.mp4,1280,720,23.976,367,conscientiousness,high
296,12345,left_eye,516.9,246.4,607.7,321.4,806.1,398.0,919.6,491.7,conscientiousness_high4_IzKWDY_QNTU.000.mp4,1280,720,23.976,367,conscientiousness,high
296,12345,right_eye,663.1,242.0,778.2,323.6,988.9,392.5,1132.8,494.5,conscientiousness_high4_IzKWDY_QNTU.000.mp4,1280,720,23.976,367,conscientiousness,high
296,12345,nose,582.4,293.0,672.0,412.5,888.0,456.3,1000.0,605.6,conscientiousness_high4_IzKWDY_QNTU.000.mp4,1280,720,23.976,367,conscientiousness,high
296,12345,mouth,568.1,433.8,705.8,504.0,870.2,632.2,1042.2,720.0,conscientiousness_high4_IzKWDY_QNTU.000.mp4,1280,720,23.976,367,conscientiousness,high
296,12345,forehead,505.2,187.4,818.5,467.3,791.5,324.3,1183.1,674.1,conscientiousness_high4_IzKWDY_QNTU.000.mp4,1280,720,23.976,367,conscientiousness,high
296,12345,chin,507.6,343.1,816.5,571.2,794.6,518.8,1180.6,804.0,conscientiousness_high4_IzKWDY_QNTU.000.mp4,1280,720,23.976,367,conscientiousness,high
296,12345,left_cheek,503.3,337.4,584.8,464.3,789.2,511.7,891.0,670.4,conscientiousness_high4_IzKWDY_QNTU.000.mp4,1280,720,23.976,367,conscientiousness,high
296,12345,right_cheek,684.8,344.1,792.2,474.4,1016.0,520.1,1150.3,683.0,conscientiousness_high4_IzKWDY_QNTU.000.mp4,1280,720,23.976,367,conscientiousness,high
297,12387,left_eye,516.1,250.9,606.4,325.8,805.1,403.6,918.0,497.2,conscientiousness_high4_IzKWDY_QNTU.000.mp4,1280,720,23.976,367,conscientiousness,high
297,12387,right_eye,662.6,247.4,778.5,328.1,988.3,399.3,1133.1,500.1,conscientiousness_high4_IzKWDY_QNTU.000.mp4,1280,720,23.976,367,conscientiousness,high
297,12387,nose,581.9,298.2,672.0,419.2,887.3,462.7,1000.0,614.0,conscientiousness_high4_IzKWDY_QNTU.000.mp4,1280,720,23.976,367,conscientiousness,high
297,12387,mouth,565.9,441.5,705.2,509.4,867.4,641.9,1041.5,726.7,conscientiousness_high4_IzKWDY_QNTU.000.mp4,1280,720,23.976,367,conscientiousness,high
297,12387,forehead,504.1,190.3,819.3,470.4,790.1,327.9,1184.2,678.0,conscientiousness_high4_IzKWDY_QNTU.000.mp4,1280,720,23.976,367,conscientiousness,high
297,12387,chin,506.6,344.6,816.8,571.6,793.2,520.8,1181.0,804.5,conscientiousness_high4_IzKWDY_QNTU.000.mp4,1280,720,23.976,367,conscientiousness,high
297,12387,left_cheek,502.1,341.2,583.8,468.7,787.6,516.5,889.7,675.9,conscientiousness_high4_IzKWDY_QNTU.000.mp4,1280,720,23.976,367,conscientiousness,high
297,12387,right_cheek,684.7,349.4,792.7,478.7,1015.8,526.8,1150.8,688.3,conscientiousness_high4_IzKWDY_QNTU.000.mp4,1280,720,23.976,367,conscientiousness,high
298,12429,left_eye,516.0,256.5,606.1,330.7,805.0,410.7,917.7,503.3,conscientiousness_high4_IzKWDY_QNTU.000.mp4,1280,720,23.976,367,conscientiousness,high
298,12429,right_eye,662.5,252.9,778.6,332.7,988.2,406.1,1133.3,505.9,conscientiousness_high4_IzKWDY_QNTU.000.mp4,1280,720,23.976,367,conscientiousness,high
298,12429,nose,581.9,305.0,672.4,425.1,887.4,471.3,1000.5,621.4,conscientiousness_high4_IzKWDY_QNTU.000.mp4,1280,720,23.976,367,conscientiousness,high
298,12429,mouth,565.2,447.1,704.2,514.8,866.5,648.9,1040.2,733.5,conscientiousness_high4_IzKWDY_QNTU.000.mp4,1280,720,23.976,367,conscientiousness,high
298,12429,forehead,503.6,195.8,819.7,475.2,789.5,334.8,1184.6,684.0,conscientiousness_high4_IzKWDY_QNTU.000.mp4,1280,720,23.976,367,conscientiousness,high
298,12429,chin,506.1,347.7,817.0,574.3,792.6,524.7,1181.3,807.9,conscientiousness_high4_IzKWDY_QNTU.000.mp4,1280,720,23.976,367,conscientiousness,high
298,12429,left_cheek,502.1,345.8,583.9,473.7,787.7,522.2,889.8,682.1,conscientiousness_high4_IzKWDY_QNTU.000.mp4,1280,720,23.976,367,conscientiousness,high
298,12429,right_cheek,684.5,354.6,792.8,484.1,1015.7,533.2,1151.0,695.1,conscientiousness_high4_IzKWDY_QNTU.000.mp4,1280,720,23.976,367,conscientiousness,high
299,12470,left_eye,516.0,259.0,606.2,333.1,805.0,413.8,917.7,506.4,conscientiousness_high4_IzKWDY_QNTU.000.mp4,1280,720,23.976,367,conscientiousness,high
299,12470,right_eye,662.6,255.3,780.1,335.0,988.3,409.1,1135.2,508.8,conscientiousness_high4_IzKWDY_QNTU.000.mp4,1280,720,23.976,367,conscientiousness,high
299,12470,nose,582.3,306.8,673.3,428.6,887.9,473.5,1001.6,625.8,conscientiousness_high4_IzKWDY_QNTU.000.mp4,1280,720,23.976,367,conscientiousness,high
299,12470,mouth,566.0,451.0,704.8,521.3,867.6,653.7,1040.9,741.6,conscientiousness_high4_IzKWDY_QNTU.000.mp4,1280,720,23.976,367,conscientiousness,high
299,12470,forehead,503.3,197.2,821.1,477.8,789.1,336.5,1186.4,687.3,conscientiousness_high4_IzKWDY_QNTU.000.mp4,1280,720,23.976,367,conscientiousness,high
299,12470,chin,505.8,350.5,818.2,577.4,792.2,528.1,1182.8,811.7,conscientiousness_high4_IzKWDY_QNTU.000.mp4,1280,720,23.976,367,conscientiousness,high
299,12470,left_cheek,502.0,348.6,584.0,477.2,787.5,525.8,890.0,686.5,conscientiousness_high4_IzKWDY_QNTU.000.mp4,1280,720,23.976,367,conscientiousness,high
299,12470,right_cheek,684.7,357.3,794.2,487.4,1015.8,536.6,1152.8,699.2,conscientiousness_high4_IzKWDY_QNTU.000.mp4,1280,720,23.976,367,conscientiousness,high
300,12512,left_eye,516.1,259.7,606.7,335.0,805.2,414.6,918.3,508.8,conscientiousness_high4_IzKWDY_QNTU.000.mp4,1280,720,23.976,367,conscientiousness,high
300,12512,right_eye,664.3,256.0,782.5,336.5,990.4,410.0,1138.1,510.7,conscientiousness_high4_IzKWDY_QNTU.000.mp4,1280,720,23.976,367,conscientiousness,high
300,12512,nose,583.2,307.9,674.4,430.7,889.0,474.9,1003.0,628.4,conscientiousness_high4_IzKWDY_QNTU.000.mp4,1280,720,23.976,367,conscientiousness,high
300,12512,mouth,567.5,453.5,705.1,523.6,869.4,656.9,1041.4,744.5,conscientiousness_high4_IzKWDY_QNTU.000.mp4,1280,720,23.976,367,conscientiousness,high
300,12512,forehead,503.9,197.8,823.0,478.9,789.9,337.2,1188.8,688.6,conscientiousness_high4_IzKWDY_QNTU.000.mp4,1280,720,23.976,367,conscientiousness,high
300,12512,chin,506.5,352.1,819.8,578.7,793.1,530.1,1184.8,813.3,conscientiousness_high4_IzKWDY_QNTU.000.mp4,1280,720,23.976,367,conscientiousness,high
300,12512,left_cheek,503.1,350.5,585.0,480.1,788.8,528.1,891.2,690.1,conscientiousness_high4_IzKWDY_QNTU.000.mp4,1280,720,23.976,367,conscientiousness,high
300,12512,right_cheek,686.4,358.4,796.2,489.3,1018.0,538.0,1155.2,701.6,conscientiousness_high4_IzKWDY_QNTU.000.mp4,1280,720,23.976,367,conscientiousness,high
301,12554,left_eye,516.0,260.6,606.8,336.0,805.1,415.7,918.5,510.0,conscientiousness_high4_IzKWDY_QNTU.000.mp4,1280,720,23.976,367,conscientiousness,high
301,12554,right_eye,665.3,256.7,782.9,337.2,991.6,410.8,1138.7,511.4,conscientiousness_high4_IzKWDY_QNTU.000.mp4,1280,720,23.976,367,conscientiousness,high
301,12554,nose,584.4,311.3,676.6,431.6,890.5,479.1,1005.7,629.5,conscientiousness_high4_IzKWDY_QNTU.000.mp4,1280,720,23.976,367,conscientiousness,high
301,12554,mouth,570.3,456.6,705.4,525.0,872.9,660.7,1041.8,746.2,conscientiousness_high4_IzKWDY_QNTU.000.mp4,1280,720,23.976,367,conscientiousness,high
301,12554,forehead,503.8,199.7,823.1,478.5,789.7,339.6,1188.8,688.2,conscientiousness_high4_IzKWDY_QNTU.000.mp4,1280,720,23.976,367,conscientiousness,high
301,12554,chin,506.5,353.4,820.2,580.7,793.1,531.8,1185.3,815.9,conscientiousness_high4_IzKWDY_QNTU.000.mp4,1280,720,23.976,367,conscientiousness,high
301,12554,left_cheek,504.1,352.2,586.1,483.0,790.1,530.3,892.6,693.8,conscientiousness_high4_IzKWDY_QNTU.000.mp4,1280,720,23.976,367,conscientiousness,high
301,12554,right_cheek,687.9,358.5,796.8,490.4,1019.8,538.1,1156.0,703.0,conscientiousness_high4_IzKWDY_QNTU.000.mp4,1280,720,23.976,367,conscientiousness,high
302,12595,left_eye,516.1,260.4,608.3,336.3,805.1,415.5,920.4,510.4,conscientiousness_high4_IzKWDY_QNTU.000.mp4,1280,720,23.976,367,conscientiousness,high
302,12595,right_eye,666.8,256.1,785.2,337.4,993.5,410.2,1141.5,511.8,conscientiousness_high4_IzKWDY_QNTU.000.mp4,1280,720,23.976,367,conscientiousness,high
302,12595,nose,586.9,310.6,678.3,433.6,893.7,478.3,1007.9,632.0,conscientiousness_high4_IzKWDY_QNTU.000.mp4,1280,720,23.976,367,conscientiousness,high
302,12595,mouth,576.3,458.4,704.1,521.6,880.4,663.0,1040.2,741.9,conscientiousness_high4_IzKWDY_QNTU.000.mp4,1280,720,23.976,367,conscientiousness,high
302,12595,forehead,504.1,198.9,825.0,477.0,790.1,338.6,1191.3,686.2,conscientiousness_high4_IzKWDY_QNTU.000.mp4,1280,720,23.976,367,conscientiousness,high
302,12595,chin,507.3,353.2,821.9,579.6,794.2,531.5,1187.4,814.5,conscientiousness_high4_IzKWDY_QNTU.000.mp4,1280,720,23.976,367,conscientiousness,high
302,12595,left_cheek,505.9,352.3,588.2,483.5,792.3,530.4,895.3,694.4,conscientiousness_high4_IzKWDY_QNTU.000.mp4,1280,720,23.976,367,conscientiousness,high
302,12595,right_cheek,689.8,357.9,798.8,490.0,1022.2,537.3,1158.5,702.5,conscientiousness_high4_IzKWDY_QNTU.000.mp4,1280,720,23.976,367,conscientiousness,high
303,12637,left_eye,516.8,260.9,608.8,336.6,806.0,416.1,921.0,510.7,conscientiousness_high4_IzKWDY_QNTU.000.mp4,1280,720,23.976,367,conscientiousness,high
303,12637,right_eye,667.2,256.5,785.0,337.6,994.1,410.6,1141.3,512.0,conscientiousness_high4_IzKWDY_QNTU.000.mp4,1280,720,23.976,367,conscientiousness,high
303,12637,nose,588.3,310.5,678.5,433.3,895.4,478.1,1008.1,631.6,conscientiousness_high4_IzKWDY_QNTU.000.mp4,1280,720,23.976,367,conscientiousness,high
303,12637,mouth,578.4,460.3,699.6,518.4,882.9,665.4,1034.6,738.0,conscientiousness_high4_IzKWDY_QNTU.000.mp4,1280,720,23.976,367,conscientiousness,high
303,12637,forehead,504.9,199.3,825.0,475.7,791.2,339.1,1191.3,684.6,conscientiousness_high4_IzKWDY_QNTU.000.mp4,1280,720,23.976,367,conscientiousness,high
303,12637,chin,508.2,352.8,822.0,575.7,795.2,531.0,1187.5,809.6,conscientiousness_high4_IzKWDY_QNTU.000.mp4,1280,720,23.976,367,conscientiousness,high
303,12637,left_cheek,506.6,352.1,589.3,482.3,793.2,530.2,896.7,692.9,conscientiousness_high4_IzKWDY_QNTU.000.mp4,1280,720,23.976,367,conscientiousness,high
303,12637,right_cheek,690.0,357.6,798.8,488.8,1022.5,537.0,1158.5,701.0,conscientiousness_high4_IzKWDY_QNTU.000.mp4,1280,720,23.976,367,conscientiousness,high
304,12679,left_eye,517.7,261.2,609.2,336.4,807.2,416.5,921.5,510.5,conscientiousness_high4_IzKWDY_QNTU.000.mp4,1280,720,23.976,367,conscientiousness,high
304,12679,right_eye,668.0,257.1,785.1,337.7,995.0,411.4,1141.4,512.1,conscientiousness_high4_IzKWDY_QNTU.000.mp4,1280,720,23.976,367,conscientiousness,high
304,12679,nose,588.6,311.7,679.3,433.2,895.7,479.6,1009.1,631.5,conscientiousness_high4_IzKWDY_QNTU.000.mp4,1280,720,23.976,367,conscientiousness,high
304,12679,mouth,580.6,461.3,699.0,521.9,885.7,666.7,1033.8,742.4,conscientiousness_high4_IzKWDY_QNTU.000.mp4,1280,720,23.976,367,conscientiousness,high
304,12679,forehead,506.9,200.4,824.5,475.2,793.6,340.5,1190.7,684.0,conscientiousness_high4_IzKWDY_QNTU.000.mp4,1280,720,23.976,367,conscientiousness,high
304,12679,chin,509.9,352.7,821.7,577.0,797.4,530.9,1187.1,811.3,conscientiousness_high4_IzKWDY_QNTU.000.mp4,1280,720,23.976,367,conscientiousness,high
304,12679,left_cheek,508.1,352.2,590.1,483.0,795.1,530.3,897.7,693.7,conscientiousness_high4_IzKWDY_QNTU.000.mp4,1280,720,23.976,367,conscientiousness,high
304,12679,right_cheek,690.3,358.1,798.6,490.3,1022.9,537.6,1158.3,702.8,conscientiousness_high4_IzKWDY_QNTU.000.mp4,1280,720,23.976,367,conscientiousness,high
305,12721,left_eye,518.3,261.3,609.4,336.4,807.9,416.6,921.7,510.4,conscientiousness_high4_IzKWDY_QNTU.000.mp4,1280,720,23.976,367,conscientiousness,high
305,12721,right_eye,668.3,257.0,784.9,337.4,995.3,411.3,1141.2,511.8,conscientiousness_high4_IzKWDY_QNTU.000.mp4,1280,720,23.976,367,conscientiousness,high
305,12721,nose,588.6,316.1,679.3,432.4,895.7,485.2,1009.1,630.4,conscientiousness_high4_IzKWDY_QNTU.000.mp4,1280,720,23.976,367,conscientiousness,high
305,12721,mouth,580.6,458.9,699.9,534.3,885.8,663.6,1034.8,757.9,conscientiousness_high4_IzKWDY_QNTU.000.mp4,1280,720,23.976,367,conscientiousness,high
305,12721,forehead,508.9,204.3,824.1,478.2,796.1,345.4,1190.2,687.7,conscientiousness_high4_IzKWDY_QNTU.000.mp4,1280,720,23.976,367,conscientiousness,high
305,12721,chin,511.5,354.4,821.4,588.6,799.4,533.0,1186.7,825.7,conscientiousness_high4_IzKWDY_QNTU.000.mp4,1280,720,23.976,367,conscientiousness,high
305,12721,left_cheek,508.9,353.0,590.4,484.9,796.1,531.3,898.0,696.1,conscientiousness_high4_IzKWDY_QNTU.000.mp4,1280,720,23.976,367,conscientiousness,high
305,12721,right_cheek,690.3,358.4,798.3,492.5,1022.8,538.0,1157.9,705.7,conscientiousness_high4_IzKWDY_QNTU.000.mp4,1280,720,23.976,367,conscientiousness,high
306,12762,left_eye,518.2,262.1,609.5,338.2,807.8,417.6,921.9,512.7,conscientiousness_high4_IzKWDY_QNTU.000.mp4,1280,720,23.976,367,conscientiousness,high
306,12762,right_eye,668.6,258.2,784.8,338.6,995.8,412.7,1141.0,513.2,conscientiousness_high4_IzKWDY_QNTU.000.mp4,1280,720,23.976,367,conscientiousness,high
306,12762,nose,588.4,316.0,679.3,432.2,895.5,485.0,1009.2,630.3,conscientiousness_high4_IzKWDY_QNTU.000.mp4,1280,720,23.976,367,conscientiousness,high
306,12762,mouth,579.8,458.3,701.5,531.6,884.7,662.9,1036.8,754.6,conscientiousness_high4_IzKWDY_QNTU.000.mp4,1280,720,23.976,367,conscientiousness,high
306,12762,forehead,508.5,204.4,824.0,477.9,795.6,345.5,1190.0,687.4,conscientiousness_high4_IzKWDY_QNTU.000.mp4,1280,720,23.976,367,conscientiousness,high
306,12762,chin,511.0,355.2,821.3,586.5,798.8,534.0,1186.6,823.1,conscientiousness_high4_IzKWDY_QNTU.000.mp4,1280,720,23.976,367,conscientiousness,high
306,12762,left_cheek,508.6,353.8,590.3,484.9,795.8,532.3,897.9,696.1,conscientiousness_high4_IzKWDY_QNTU.000.mp4,1280,720,23.976,367,conscientiousness,high
306,12762,right_cheek,690.3,358.8,798.1,492.0,1022.9,538.5,1157.7,705.0,conscientiousness_high4_IzKWDY_QNTU.000.mp4,1280,720,23.976,367,conscientiousness,high
307,12804,left_eye,518.1,263.4,609.6,339.4,807.6,419.3,922.0,514.2,conscientiousness_high4_IzKWDY_QNTU.000.mp4,1280,720,23.976,367,conscientiousness,high
307,12804,right_eye,669.3,258.8,785.0,339.3,996.7,413.5,1141.3,514.2,conscientiousness_high4_IzKWDY_QNTU.000.mp4,1280,720,23.976,367,conscientiousness,high
307,12804,nose,588.8,316.8,679.8,432.6,896.0,486.0,1009.7,630.7,conscientiousness_high4_IzKWDY_QNTU.000.mp4,1280,720,23.976,367,conscientiousness,high
307,12804,mouth,578.6,457.5,704.6,526.2,883.2,661.9,1040.8,747.7,conscientiousness_high4_IzKWDY_QNTU.000.mp4,1280,720,23.976,367,conscientiousness,high
307,12804,forehead,507.7,205.8,824.0,477.6,794.7,347.3,1190.0,686.9,conscientiousness_high4_IzKWDY_QNTU.000.mp4,1280,720,23.976,367,conscientiousness,high
307,12804,chin,509.9,355.9,821.0,584.9,797.3,534.8,1186.3,821.1,conscientiousness_high4_IzKWDY_QNTU.000.mp4,1280,720,23.976,367,conscientiousness,high
307,12804,left_cheek,508.5,354.3,590.3,484.2,795.6,532.9,897.9,695.3,conscientiousness_high4_IzKWDY_QNTU.000.mp4,1280,720,23.976,367,conscientiousness,high
307,12804,right_cheek,690.6,358.8,798.1,491.5,1023.2,538.5,1157.6,704.3,conscientiousness_high4_IzKWDY_QNTU.000.mp4,1280,720,23.976,367,conscientiousness,high
308,12846,left_eye,518.6,263.4,610.1,339.1,808.3,419.3,922.6,513.8,conscientiousness_high4_IzKWDY_QNTU.000.mp4,1280,720,23.976,367,conscientiousness,high
308,12846,right_eye,670.9,259.0,785.9,339.1,998.6,413.7,1142.3,513.8,conscientiousness_high4_IzKWDY_QNTU.000.mp4,1280,720,23.976,367,conscientiousness,high
308,12846,nose,589.7,317.1,680.2,432.3,897.2,486.3,1010.3,630.4,conscientiousness_high4_IzKWDY_QNTU.000.mp4,1280,720,23.976,367,conscientiousness,high
308,12846,mouth,578.4,455.6,706.8,518.9,883.0,659.5,1043.5,738.6,conscientiousness_high4_IzKWDY_QNTU.000.mp4,1280,720,23.976,367,conscientiousness,high
308,12846,forehead,507.7,205.6,823.8,477.3,794.7,347.0,1189.7,686.6,conscientiousness_high4_IzKWDY_QNTU.000.mp4,1280,720,23.976,367,conscientiousness,high
308,12846,chin,509.7,355.5,821.0,580.7,797.2,534.4,1186.2,815.8,conscientiousness_high4_IzKWDY_QNTU.000.mp4,1280,720,23.976,367,conscientiousness,high
308,12846,left_cheek,509.2,354.1,591.0,482.7,796.5,532.6,898.7,693.4,conscientiousness_high4_IzKWDY_QNTU.000.mp4,1280,720,23.976,367,conscientiousness,high
308,12846,right_cheek,691.0,358.5,798.0,489.9,1023.7,538.2,1157.5,702.4,conscientiousness_high4_IzKWDY_QNTU.000.mp4,1280,720,23.976,367,conscientiousness,high
309,12887,left_eye,518.6,263.3,610.0,338.7,808.2,419.2,922.5,513.4,conscientiousness_high4_IzKWDY_QNTU.000.mp4,1280,720,23.976,367,conscientiousness,high
309,12887,right_eye,670.7,258.8,785.7,338.9,998.3,413.5,1142.2,513.6,conscientiousness_high4_IzKWDY_QNTU.000.mp4,1280,720,23.976,367,conscientiousness,high
309,12887,nose,589.6,316.3,680.2,432.1,897.0,485.4,1010.3,630.1,conscientiousness_high4_IzKWDY_QNTU.000.mp4,1280,720,23.976,367,conscientiousness,high
309,12887,mouth,577.9,454.6,706.6,517.9,882.4,658.2,1043.3,737.4,conscientiousness_high4_IzKWDY_QNTU.000.mp4,1280,720,23.976,367,conscientiousness,high
309,12887,forehead,507.7,205.1,822.9,476.5,794.7,346.4,1188.7,685.7,conscientiousness_high4_IzKWDY_QNTU.000.mp4,1280,720,23.976,367,conscientiousness,high
309,12887,chin,509.7,355.4,820.1,579.8,797.1,534.3,1185.1,814.7,conscientiousness_high4_IzKWDY_QNTU.000.mp4,1280,720,23.976,367,conscientiousness,high
309,12887,left_cheek,509.2,353.8,590.9,481.2,796.5,532.3,898.6,691.6,conscientiousness_high4_IzKWDY_QNTU.000.mp4,1280,720,23.976,367,conscientiousness,high
309,12887,right_cheek,690.9,358.1,797.6,488.3,1023.7,537.7,1156.9,700.4,conscientiousness_high4_IzKWDY_QNTU.000.mp4,1280,720,23.976,367,conscientiousness,high
310,12929,left_eye,518.4,263.0,610.0,338.6,808.1,418.7,922.5,513.3,conscientiousness_high4_IzKWDY_QNTU.000.mp4,1280,720,23.976,367,conscientiousness,high
310,12929,right_eye,670.5,258.4,785.7,338.7,998.2,413.0,1142.1,513.3,conscientiousness_high4_IzKWDY_QNTU.000.mp4,1280,720,23.976,367,conscientiousness,high
310,12929,nose,589.8,315.1,680.2,431.8,897.2,483.9,1010.3,629.8,conscientiousness_high4_IzKWDY_QNTU.000.mp4,1280,720,23.976,367,conscientiousness,high
310,12929,mouth,578.3,454.2,704.0,517.9,882.8,657.8,1039.9,737.4,conscientiousness_high4_IzKWDY_QNTU.000.mp4,1280,720,23.976,367,conscientiousness,high
310,12929,forehead,507.5,204.4,822.9,473.4,794.3,345.5,1188.6,681.7,conscientiousness_high4_IzKWDY_QNTU.000.mp4,1280,720,23.976,367,conscientiousness,high
310,12929,chin,509.5,353.3,820.1,577.1,796.8,531.6,1185.1,811.4,conscientiousness_high4_IzKWDY_QNTU.000.mp4,1280,720,23.976,367,conscientiousness,high
310,12929,left_cheek,509.2,353.0,590.8,480.3,796.5,531.2,898.5,690.3,conscientiousness_high4_IzKWDY_QNTU.000.mp4,1280,720,23.976,367,conscientiousness,high
310,12929,right_cheek,690.9,356.9,797.5,486.6,1023.6,536.2,1156.9,698.2,conscientiousness_high4_IzKWDY_QNTU.000.mp4,1280,720,23.976,367,conscientiousness,high
311,12971,left_eye,518.4,260.2,609.9,336.5,808.0,415.2,922.4,510.6,conscientiousness_high4_IzKWDY_QNTU.000.mp4,1280,720,23.976,367,conscientiousness,high
311,12971,right_eye,670.5,255.6,785.6,336.5,998.1,409.5,1142.0,510.6,conscientiousness_high4_IzKWDY_QNTU.000.mp4,1280,720,23.976,367,conscientiousness,high
311,12971,nose,590.1,309.7,680.0,430.5,897.6,477.1,1010.0,628.1,conscientiousness_high4_IzKWDY_QNTU.000.mp4,1280,720,23.976,367,conscientiousness,high
311,12971,mouth,579.5,452.0,700.2,516.8,884.4,655.0,1035.2,736.1,conscientiousness_high4_IzKWDY_QNTU.000.mp4,1280,720,23.976,367,conscientiousness,high
311,12971,forehead,507.1,199.9,822.8,470.3,793.9,339.8,1188.5,677.9,conscientiousness_high4_IzKWDY_QNTU.000.mp4,1280,720,23.976,367,conscientiousness,high
311,12971,chin,509.0,350.0,819.8,575.4,796.3,527.6,1184.7,809.3,conscientiousness_high4_IzKWDY_QNTU.000.mp4,1280,720,23.976,367,conscientiousness,high
311,12971,left_cheek,508.9,350.5,590.8,478.8,796.1,528.2,898.5,688.5,conscientiousness_high4_IzKWDY_QNTU.000.mp4,1280,720,23.976,367,conscientiousness,high
311,12971,right_cheek,690.8,354.7,797.5,484.9,1023.5,533.4,1156.8,696.1,conscientiousness_high4_IzKWDY_QNTU.000.mp4,1280,720,23.976,367,conscientiousness,high
312,13013,left_eye,518.3,257.0,609.4,334.7,807.9,411.3,921.8,508.4,conscientiousness_high4_IzKWDY_QNTU.000.mp4,1280,720,23.976,367,conscientiousness,high
312,13013,right_eye,670.0,252.8,785.5,335.1,997.5,406.0,1141.8,508.9,conscientiousness_high4_IzKWDY_QNTU.000.mp4,1280,720,23.976,367,conscientiousness,high
312,13013,nose,590.1,305.5,678.3,428.4,897.6,471.9,1007.8,625.5,conscientiousness_high4_IzKWDY_QNTU.000.mp4,1280,720,23.976,367,conscientiousness,high
312,13013,mouth,579.3,449.1,694.1,514.6,884.1,651.4,1027.6,733.2,conscientiousness_high4_IzKWDY_QNTU.000.mp4,1280,720,23.976,367,conscientiousness,high
312,13013,forehead,506.8,197.7,822.7,469.0,793.5,337.1,1188.4,676.2,conscientiousness_high4_IzKWDY_QNTU.000.mp4,1280,720,23.976,367,conscientiousness,high
312,13013,chin,508.8,347.8,819.3,573.6,795.9,524.8,1184.1,807.0,conscientiousness_high4_IzKWDY_QNTU.000.mp4,1280,720,23.976,367,conscientiousness,high
312,13013,left_cheek,508.2,348.2,590.4,476.3,795.2,525.3,898.0,685.4,conscientiousness_high4_IzKWDY_QNTU.000.mp4,1280,720,23.976,367,conscientiousness,high
312,13013,right_cheek,689.8,354.1,797.1,483.6,1022.3,532.6,1156.4,694.4,conscientiousness_high4_IzKWDY_QNTU.000.mp4,1280,720,23.976,367,conscientiousness,high
313,13054,left_eye,518.3,253.7,608.8,332.2,807.9,407.1,921.0,505.2,conscientiousness_high4_IzKWDY_QNTU.000.mp4,1280,720,23.976,367,conscientiousness,high
313,13054,right_eye,668.7,250.1,784.1,333.1,995.8,402.6,1140.2,506.4,conscientiousness_high4_IzKWDY_QNTU.000.mp4,1280,720,23.976,367,conscientiousness,high
313,13054,nose,589.1,302.4,675.7,425.1,896.4,468.0,1004.6,621.4,conscientiousness_high4_IzKWDY_QNTU.000.mp4,1280,720,23.976,367,conscientiousness,high
313,13054,mouth,579.2,446.2,691.3,514.0,884.0,647.7,1024.1,732.4,conscientiousness_high4_IzKWDY_QNTU.000.mp4,1280,720,23.976,367,conscientiousness,high
313,13054,forehead,506.8,195.2,822.0,467.1,793.5,333.9,1187.5,673.8,conscientiousness_high4_IzKWDY_QNTU.000.mp4,1280,720,23.976,367,conscientiousness,high
313,13054,chin,508.8,345.1,818.2,571.9,796.1,521.4,1182.7,804.8,conscientiousness_high4_IzKWDY_QNTU.000.mp4,1280,720,23.976,367,conscientiousness,high
313,13054,left_cheek,507.9,345.4,589.4,473.8,794.8,521.8,896.7,682.2,conscientiousness_high4_IzKWDY_QNTU.000.mp4,1280,720,23.976,367,conscientiousness,high
313,13054,right_cheek,688.2,352.5,795.7,481.7,1020.2,530.6,1154.7,692.1,conscientiousness_high4_IzKWDY_QNTU.000.mp4,1280,720,23.976,367,conscientiousness,high
314,13096,left_eye,518.3,252.3,608.2,331.5,807.8,405.4,920.3,504.4,conscientiousness_high4_IzKWDY_QNTU.000.mp4,1280,720,23.976,367,conscientiousness,high
314,13096,right_eye,666.6,250.0,782.0,333.1,993.2,402.5,1137.5,506.3,conscientiousness_high4_IzKWDY_QNTU.000.mp4,1280,720,23.976,367,conscientiousness,high
314,13096,nose,587.8,302.4,674.9,424.6,894.8,468.0,1003.6,620.8,conscientiousness_high4_IzKWDY_QNTU.000.mp4,1280,720,23.976,367,conscientiousness,high
314,13096,mouth,579.1,447.0,691.3,521.4,883.9,648.7,1024.1,741.8,conscientiousness_high4_IzKWDY_QNTU.000.mp4,1280,720,23.976,367,conscientiousness,high
314,13096,forehead,506.8,195.3,821.4,467.3,793.5,334.1,1186.7,674.1,conscientiousness_high4_IzKWDY_QNTU.000.mp4,1280,720,23.976,367,conscientiousness,high
314,13096,chin,508.9,345.9,817.8,572.9,796.1,522.4,1182.3,806.2,conscientiousness_high4_IzKWDY_QNTU.000.mp4,1280,720,23.976,367,conscientiousness,high
314,13096,left_cheek,507.3,345.6,588.5,474.3,794.1,522.0,895.6,682.9,conscientiousness_high4_IzKWDY_QNTU.000.mp4,1280,720,23.976,367,conscientiousness,high
314,13096,right_cheek,687.1,352.7,794.8,481.8,1018.9,530.8,1153.6,692.3,conscientiousness_high4_IzKWDY_QNTU.000.mp4,1280,720,23.976,367,conscientiousness,high
315,13138,left_eye,518.2,252.7,607.8,331.5,807.7,405.9,919.7,504.3,conscientiousness_high4_IzKWDY_QNTU.000.mp4,1280,720,23.976,367,conscientiousness,high
315,13138,right_eye,665.3,250.6,780.7,333.2,991.7,403.2,1135.9,506.5,conscientiousness_high4_IzKWDY_QNTU.000.mp4,1280,720,23.976,367,conscientiousness,high
315,13138,nose,585.5,303.4,673.8,426.1,891.9,469.3,1002.3,622.6,conscientiousness_high4_IzKWDY_QNTU.000.mp4,1280,720,23.976,367,conscientiousness,high
315,13138,mouth,576.3,452.6,690.2,519.0,880.3,655.7,1022.8,738.7,conscientiousness_high4_IzKWDY_QNTU.000.mp4,1280,720,23.976,367,conscientiousness,high
315,13138,forehead,506.8,194.9,820.6,468.0,793.5,333.6,1185.8,675.0,conscientiousness_high4_IzKWDY_QNTU.000.mp4,1280,720,23.976,367,conscientiousness,high
315,13138,chin,509.1,345.5,817.2,573.3,796.3,521.8,1181.5,806.6,conscientiousness_high4_IzKWDY_QNTU.000.mp4,1280,720,23.976,367,conscientiousness,high
315,13138,left_cheek,506.9,345.7,587.6,474.5,793.6,522.1,894.4,683.2,conscientiousness_high4_IzKWDY_QNTU.000.mp4,1280,720,23.976,367,conscientiousness,high
315,13138,right_cheek,686.0,353.8,793.8,484.7,1017.5,532.3,1152.2,695.8,conscientiousness_high4_IzKWDY_QNTU.000.mp4,1280,720,23.976,367,conscientiousness,high
316,13179,left_eye,518.2,252.8,607.7,331.4,807.7,406.0,919.6,504.2,conscientiousness_high4_IzKWDY_QNTU.000.mp4,1280,720,23.976,367,conscientiousness,high
316,13179,right_eye,665.1,250.8,780.3,333.5,991.4,403.5,1135.4,506.9,conscientiousness_high4_IzKWDY_QNTU.000.mp4,1280,720,23.976,367,conscientiousness,high
316,13179,nose,584.6,303.8,673.2,427.3,890.8,469.8,1001.5,624.2,conscientiousness_high4_IzKWDY_QNTU.000.mp4,1280,720,23.976,367,conscientiousness,high
316,13179,mouth,574.5,454.1,690.1,514.5,878.1,657.7,1022.7,733.1,conscientiousness_high4_IzKWDY_QNTU.000.mp4,1280,720,23.976,367,conscientiousness,high
316,13179,forehead,506.9,194.5,820.2,468.7,793.6,333.1,1185.3,675.8,conscientiousness_high4_IzKWDY_QNTU.000.mp4,1280,720,23.976,367,conscientiousness,high
316,13179,chin,509.3,344.0,816.9,572.2,796.6,520.0,1181.1,805.3,conscientiousness_high4_IzKWDY_QNTU.000.mp4,1280,720,23.976,367,conscientiousness,high
316,13179,left_cheek,506.8,345.0,587.2,474.6,793.5,521.3,894.0,683.2,conscientiousness_high4_IzKWDY_QNTU.000.mp4,1280,720,23.976,367,conscientiousness,high
316,13179,right_cheek,685.5,354.9,793.4,486.0,1016.9,533.7,1151.8,697.5,conscientiousness_high4_IzKWDY_QNTU.000.mp4,1280,720,23.976,367,conscientiousness,high
317,13221,left_eye,518.9,252.6,608.2,331.1,808.6,405.7,920.2,503.9,conscientiousness_high4_IzKWDY_QNTU.000.mp4,1280,720,23.976,367,conscientiousness,high
317,13221,right_eye,665.2,250.9,780.4,333.6,991.6,403.6,1135.5,507.0,conscientiousness_high4_IzKWDY_QNTU.000.mp4,1280,720,23.976,367,conscientiousness,high
317,13221,nose,584.9,303.7,673.5,427.4,891.1,469.6,1001.9,624.2,conscientiousness_high4_IzKWDY_QNTU.000.mp4,1280,720,23.976,367,conscientiousness,high
317,13221,mouth,574.7,454.0,689.4,514.6,878.3,657.5,1021.8,733.2,conscientiousness_high4_IzKWDY_QNTU.000.mp4,1280,720,23.976,367,conscientiousness,high
317,13221,forehead,507.5,194.3,820.6,468.7,794.3,332.9,1185.7,675.9,conscientiousness_high4_IzKWDY_QNTU.000.mp4,1280,720,23.976,367,conscientiousness,high
317,13221,chin,509.9,343.1,817.1,571.8,797.3,518.9,1181.4,804.7,conscientiousness_high4_IzKWDY_QNTU.000.mp4,1280,720,23.976,367,conscientiousness,high
317,13221,left_cheek,506.9,344.3,587.2,474.3,793.7,520.4,894.0,682.9,conscientiousness_high4_IzKWDY_QNTU.000.mp4,1280,720,23.976,367,conscientiousness,high
317,13221,right_cheek,685.7,355.6,793.5,486.3,1017.1,534.5,1151.9,697.9,conscientiousness_high4_IzKWDY_QNTU.000.mp4,1280,720,23.976,367,conscientiousness,high
318,13263,left_eye,519.8,252.8,609.5,331.2,809.8,406.0,921.8,504.0,conscientiousness_high4_IzKWDY_QNTU.000.mp4,1280,720,23.976,367,conscientiousness,high
318,13263,right_eye,665.9,251.1,781.0,333.9,992.3,403.9,1136.2,507.4,conscientiousness_high4_IzKWDY_QNTU.000.mp4,1280,720,23.976,367,conscientiousness,high
318,13263,nose,585.8,303.9,674.1,427.5,892.3,469.9,1002.6,624.4,conscientiousness_high4_IzKWDY_QNTU.000.mp4,1280,720,23.976,367,conscientiousness,high
318,13263,mouth,576.1,453.7,690.2,515.4,880.2,657.1,1022.7,734.2,conscientiousness_high4_IzKWDY_QNTU.000.mp4,1280,720,23.976,367,conscientiousness,high
318,13263,forehead,508.0,194.5,821.2,469.1,795.0,333.1,1186.5,676.3,conscientiousness_high4_IzKWDY_QNTU.000.mp4,1280,720,23.976,367,conscientiousness,high
318,13263,chin,510.3,343.1,817.6,571.5,797.9,518.8,1182.0,804.4,conscientiousness_high4_IzKWDY_QNTU.000.mp4,1280,720,23.976,367,conscientiousness,high
318,13263,left_cheek,507.5,344.4,588.1,474.4,794.4,520.5,895.1,683.0,conscientiousness_high4_IzKWDY_QNTU.000.mp4,1280,720,23.976,367,conscientiousness,high
318,13263,right_cheek,686.3,355.7,794.3,486.3,1017.9,534.7,1152.8,697.9,conscientiousness_high4_IzKWDY_QNTU.000.mp4,1280,720,23.976,367,conscientiousness,high
319,13304,left_eye,519.8,254.1,610.0,332.0,809.7,407.6,922.5,505.0,conscientiousness_high4_IzKWDY_QNTU.000.mp4,1280,720,23.976,367,conscientiousness,high
319,13304,right_eye,666.5,252.8,781.1,335.2,993.2,406.0,1136.4,509.0,conscientiousness_high4_IzKWDY_QNTU.000.mp4,1280,720,23.976,367,conscientiousness,high
319,13304,nose,587.0,305.8,675.4,428.2,893.7,472.3,1004.3,625.2,conscientiousness_high4_IzKWDY_QNTU.000.mp4,1280,720,23.976,367,conscientiousness,high
319,13304,mouth,576.9,453.6,693.3,516.4,881.2,657.0,1026.7,735.5,conscientiousness_high4_IzKWDY_QNTU.000.mp4,1280,720,23.976,367,conscientiousness,high
319,13304,forehead,507.5,196.5,821.1,469.2,794.4,335.6,1186.4,676.6,conscientiousness_high4_IzKWDY_QNTU.000.mp4,1280,720,23.976,367,conscientiousness,high
319,13304,chin,509.9,343.1,817.5,571.7,797.4,518.9,1181.9,804.6,conscientiousness_high4_IzKWDY_QNTU.000.mp4,1280,720,23.976,367,conscientiousness,high
319,13304,left_cheek,507.5,344.9,588.8,474.8,794.4,521.1,896.0,683.5,conscientiousness_high4_IzKWDY_QNTU.000.mp4,1280,720,23.976,367,conscientiousness,high
319,13304,right_cheek,687.1,356.0,794.4,486.3,1018.9,535.0,1153.0,697.8,conscientiousness_high4_IzKWDY_QNTU.000.mp4,1280,720,23.976,367,conscientiousness,high
320,13346,left_eye,518.4,258.5,609.6,335.4,808.0,413.2,922.0,509.3,conscientiousness_high4_IzKWDY_QNTU.000.mp4,1280,720,23.976,367,conscientiousness,high
320,13346,right_eye,666.5,257.0,781.0,338.3,993.1,411.3,1136.3,512.8,conscientiousness_high4_IzKWDY_QNTU.000.mp4,1280,720,23.976,367,conscientiousness,high
320,13346,nose,587.0,311.2,676.3,431.9,893.8,479.0,1005.3,629.8,conscientiousness_high4_IzKWDY_QNTU.000.mp4,1280,720,23.976,367,conscientiousness,high
320,13346,mouth,576.7,453.8,697.6,519.8,880.9,657.2,1032.0,739.8,conscientiousness_high4_IzKWDY_QNTU.000.mp4,1280,720,23.976,367,conscientiousness,high
320,13346,forehead,505.4,201.0,820.3,471.3,791.8,341.3,1185.4,679.1,conscientiousness_high4_IzKWDY_QNTU.000.mp4,1280,720,23.976,367,conscientiousness,high
320,13346,chin,508.2,346.7,817.0,574.1,795.3,523.3,1181.2,807.7,conscientiousness_high4_IzKWDY_QNTU.000.mp4,1280,720,23.976,367,conscientiousness,high
320,13346,left_cheek,507.1,348.6,588.8,478.2,793.9,525.8,896.0,687.8,conscientiousness_high4_IzKWDY_QNTU.000.mp4,1280,720,23.976,367,conscientiousness,high
320,13346,right_cheek,687.2,357.7,794.2,487.6,1018.9,537.1,1152.8,699.5,conscientiousness_high4_IzKWDY_QNTU.000.mp4,1280,720,23.976,367,conscientiousness,high
321,13388,left_eye,517.8,264.1,609.5,339.8,807.2,420.2,921.9,514.8,conscientiousness_high4_IzKWDY_QNTU.000.mp4,1280,720,23.976,367,conscientiousness,high
321,13388,right_eye,666.6,262.6,780.9,343.1,993.2,418.3,1136.1,518.8,conscientiousness_high4_IzKWDY_QNTU.000.mp4,1280,720,23.976,367,conscientiousness,high
321,13388,nose,587.1,318.1,677.4,437.4,893.9,487.6,1006.7,636.8,conscientiousness_high4_IzKWDY_QNTU.000.mp4,1280,720,23.976,367,conscientiousness,high
321,13388,mouth,576.4,456.4,699.0,528.5,880.5,660.5,1033.7,750.6,conscientiousness_high4_IzKWDY_QNTU.000.mp4,1280,720,23.976,367,conscientiousness,high
321,13388,forehead,504.0,206.2,818.4,478.0,790.0,347.8,1183.0,687.5,conscientiousness_high4_IzKWDY_QNTU.000.mp4,1280,720,23.976,367,conscientiousness,high
321,13388,chin,506.7,352.1,815.3,582.3,793.4,530.2,1179.2,817.9,conscientiousness_high4_IzKWDY_QNTU.000.mp4,1280,720,23.976,367,conscientiousness,high
321,13388,left_cheek,506.7,353.5,588.8,483.6,793.4,531.9,896.0,694.5,conscientiousness_high4_IzKWDY_QNTU.000.mp4,1280,720,23.976,367,conscientiousness,high
321,13388,right_cheek,687.2,362.0,793.6,493.0,1019.0,542.6,1152.0,706.2,conscientiousness_high4_IzKWDY_QNTU.000.mp4,1280,720,23.976,367,conscientiousness,high
322,13430,left_eye,515.9,267.8,609.4,343.7,804.9,424.7,921.7,519.6,conscientiousness_high4_IzKWDY_QNTU.000.mp4,1280,720,23.976,367,conscientiousness,high
322,13430,right_eye,667.2,266.9,780.9,346.6,993.9,423.6,1136.2,523.2,conscientiousness_high4_IzKWDY_QNTU.000.mp4,1280,720,23.976,367,conscientiousness,high
322,13430,nose,587.2,323.1,678.9,442.8,894.0,493.8,1008.6,643.5,conscientiousness_high4_IzKWDY_QNTU.000.mp4,1280,720,23.976,367,conscientiousness,high
322,13430,mouth,576.2,462.1,702.6,533.1,880.3,667.7,1038.2,756.3,conscientiousness_high4_IzKWDY_QNTU.000.mp4,1280,720,23.976,367,conscientiousness,high
322,13430,forehead,501.7,209.9,817.2,481.1,787.1,352.3,1181.5,691.3,conscientiousness_high4_IzKWDY_QNTU.000.mp4,1280,720,23.976,367,conscientiousness,high
322,13430,chin,504.5,355.4,814.5,587.3,790.7,534.3,1178.2,824.1,conscientiousness_high4_IzKWDY_QNTU.000.mp4,1280,720,23.976,367,conscientiousness,high
322,13430,left_cheek,505.8,357.1,588.8,487.6,792.3,536.4,896.0,699.5,conscientiousness_high4_IzKWDY_QNTU.000.mp4,1280,720,23.976,367,conscientiousness,high
322,13430,right_cheek,687.8,364.8,793.5,496.5,1019.8,545.9,1151.8,710.7,conscientiousness_high4_IzKWDY_QNTU.000.mp4,1280,720,23.976,367,conscientiousness,high
323,13471,left_eye,514.6,269.3,609.0,345.2,803.3,426.6,921.2,521.6,conscientiousness_high4_IzKWDY_QNTU.000.mp4,1280,720,23.976,367,conscientiousness,high
323,13471,right_eye,667.5,268.0,781.0,348.4,994.4,425.0,1136.2,525.5,conscientiousness_high4_IzKWDY_QNTU.000.mp4,1280,720,23.976,367,conscientiousness,high
323,13471,nose,587.2,325.0,679.7,445.2,894.0,496.2,1009.6,646.5,conscientiousness_high4_IzKWDY_QNTU.000.mp4,1280,720,23.976,367,conscientiousness,high
323,13471,mouth,575.6,464.1,703.7,535.8,879.5,670.1,1039.6,759.8,conscientiousness_high4_IzKWDY_QNTU.000.mp4,1280,720,23.976,367,conscientiousness,high
323,13471,forehead,500.3,211.1,816.1,481.4,785.4,353.9,1180.1,691.8,conscientiousness_high4_IzKWDY_QNTU.000.mp4,1280,720,23.976,367,conscientiousness,high
323,13471,chin,503.1,355.8,813.5,589.3,788.8,534.8,1176.8,826.6,conscientiousness_high4_IzKWDY_QNTU.000.mp4,1280,720,23.976,367,conscientiousness,high
323,13471,left_cheek,504.9,358.2,588.7,488.9,791.1,537.8,895.9,701.1,conscientiousness_high4_IzKWDY_QNTU.000.mp4,1280,720,23.976,367,conscientiousness,high
323,13471,right_cheek,688.1,365.7,793.1,497.8,1020.1,547.2,1151.3,712.2,conscientiousness_high4_IzKWDY_QNTU.000.mp4,1280,720,23.976,367,conscientiousness,high
324,13513,left_eye,514.2,268.5,609.0,344.7,802.7,425.6,921.2,520.9,conscientiousness_high4_IzKWDY_QNTU.000.mp4,1280,720,23.976,367,conscientiousness,high
324,13513,right_eye,667.9,266.7,781.1,347.8,994.9,423.4,1136.4,524.7,conscientiousness_high4_IzKWDY_QNTU.000.mp4,1280,720,23.976,367,conscientiousness,high
324,13513,nose,587.5,322.8,680.3,444.2,894.4,493.5,1010.4,645.3,conscientiousness_high4_IzKWDY_QNTU.000.mp4,1280,720,23.976,367,conscientiousness,high
324,13513,mouth,574.6,463.0,705.3,533.3,878.3,668.8,1041.6,756.7,conscientiousness_high4_IzKWDY_QNTU.000.mp4,1280,720,23.976,367,conscientiousness,high
324,13513,forehead,499.5,209.8,815.5,480.4,784.4,352.2,1179.4,690.5,conscientiousness_high4_IzKWDY_QNTU.000.mp4,1280,720,23.976,367,conscientiousness,high
324,13513,chin,502.4,355.3,812.8,588.4,787.9,534.2,1176.0,825.5,conscientiousness_high4_IzKWDY_QNTU.000.mp4,1280,720,23.976,367,conscientiousness,high
324,13513,left_cheek,504.5,357.7,588.7,488.2,790.6,537.2,895.9,700.2,conscientiousness_high4_IzKWDY_QNTU.000.mp4,1280,720,23.976,367,conscientiousness,high
324,13513,right_cheek,688.6,364.9,793.0,496.7,1020.8,546.1,1151.2,710.9,conscientiousness_high4_IzKWDY_QNTU.000.mp4,1280,720,23.976,367,conscientiousness,high
325,13555,left_eye,513.8,267.7,608.8,343.8,802.3,424.6,921.1,519.8,conscientiousness_high4_IzKWDY_QNTU.000.mp4,1280,720,23.976,367,conscientiousness,high
325,13555,right_eye,668.4,266.2,781.1,347.1,995.4,422.7,1136.4,523.9,conscientiousness_high4_IzKWDY_QNTU.000.mp4,1280,720,23.976,367,conscientiousness,high
325,13555,nose,587.7,321.4,680.7,442.7,894.6,491.8,1010.9,643.3,conscientiousness_high4_IzKWDY_QNTU.000.mp4,1280,720,23.976,367,conscientiousness,high
325,13555,mouth,574.4,462.7,705.5,532.3,878.0,668.3,1041.9,755.3,conscientiousness_high4_IzKWDY_QNTU.000.mp4,1280,720,23.976,367,conscientiousness,high
325,13555,forehead,499.0,208.9,815.1,479.5,783.8,351.1,1178.9,689.4,conscientiousness_high4_IzKWDY_QNTU.000.mp4,1280,720,23.976,367,conscientiousness,high
325,13555,chin,501.7,355.1,812.4,586.8,787.2,533.8,1175.5,823.5,conscientiousness_high4_IzKWDY_QNTU.000.mp4,1280,720,23.976,367,conscientiousness,high
325,13555,left_cheek,504.4,357.1,588.7,487.4,790.5,536.4,895.9,699.3,conscientiousness_high4_IzKWDY_QNTU.000.mp4,1280,720,23.976,367,conscientiousness,high
325,13555,right_cheek,688.8,363.4,792.7,496.1,1021.0,544.3,1150.8,710.1,conscientiousness_high4_IzKWDY_QNTU.000.mp4,1280,720,23.976,367,conscientiousness,high
326,13596,left_eye,513.6,267.4,608.6,343.7,802.0,424.3,920.8,519.6,conscientiousness_high4_IzKWDY_QNTU.000.mp4,1280,720,23.976,367,conscientiousness,high
326,13596,right_eye,668.3,264.2,781.2,345.8,995.4,420.3,1136.4,522.3,conscientiousness_high4_IzKWDY_QNTU.000.mp4,1280,720,23.976,367,conscientiousness,high
326,13596,nose,587.8,320.6,680.6,442.1,894.7,490.8,1010.8,642.6,conscientiousness_high4_IzKWDY_QNTU.000.mp4,1280,720,23.976,367,conscientiousness,high
326,13596,mouth,574.2,460.9,705.1,532.0,877.8,666.1,1041.4,755.0,conscientiousness_high4_IzKWDY_QNTU.000.mp4,1280,720,23.976,367,conscientiousness,high
326,13596,forehead,498.9,208.7,815.2,478.2,783.6,350.9,1179.0,687.7,conscientiousness_high4_IzKWDY_QNTU.000.mp4,1280,720,23.976,367,conscientiousness,high
326,13596,chin,501.4,354.6,812.5,586.5,786.8,533.2,1175.6,823.1,conscientiousness_high4_IzKWDY_QNTU.000.mp4,1280,720,23.976,367,conscientiousness,high
326,13596,left_cheek,504.1,356.6,588.7,487.0,790.1,535.7,895.9,698.7,conscientiousness_high4_IzKWDY_QNTU.000.mp4,1280,720,23.976,367,conscientiousness,high
326,13596,right_cheek,688.9,361.4,792.7,494.0,1021.1,541.8,1150.8,707.5,conscientiousness_high4_IzKWDY_QNTU.000.mp4,1280,720,23.976,367,conscientiousness,high
327,13638,left_eye,512.7,263.4,607.0,340.3,800.8,419.3,918.7,515.3,conscientiousness_high4_IzKWDY_QNTU.000.mp4,1280,720,23.976,367,conscientiousness,high
327,13638,right_eye,667.6,259.6,779.7,340.8,994.5,414.6,1134.6,516.0,conscientiousness_high4_IzKWDY_QNTU.000.mp4,1280,720,23.976,367,conscientiousness,high
327,13638,nose,587.6,318.9,679.7,437.9,894.5,488.6,1009.6,637.4,conscientiousness_high4_IzKWDY_QNTU.000.mp4,1280,720,23.976,367,conscientiousness,high
327,13638,mouth,573.9,456.4,704.9,523.0,877.3,660.5,1041.1,743.8,conscientiousness_high4_IzKWDY_QNTU.000.mp4,1280,720,23.976,367,conscientiousness,high
327,13638,forehead,498.0,205.3,812.8,472.7,782.5,346.7,1176.0,680.9,conscientiousness_high4_IzKWDY_QNTU.000.mp4,1280,720,23.976,367,conscientiousness,high
327,13638,chin,500.4,351.7,810.5,581.6,785.4,529.6,1173.2,817.0,conscientiousness_high4_IzKWDY_QNTU.000.mp4,1280,720,23.976,367,conscientiousness,high
327,13638,left_cheek,503.4,353.4,588.1,482.9,789.3,531.7,895.1,693.6,conscientiousness_high4_IzKWDY_QNTU.000.mp4,1280,720,23.976,367,conscientiousness,high
327,13638,right_cheek,687.7,355.9,790.4,487.8,1019.7,534.9,1148.0,699.7,conscientiousness_high4_IzKWDY_QNTU.000.mp4,1280,720,23.976,367,conscientiousness,high
328,13680,left_eye,511.1,260.5,606.7,337.5,798.9,415.7,918.4,511.8,conscientiousness_high4_IzKWDY_QNTU.000.mp4,1280,720,23.976,367,conscientiousness,high
328,13680,right_eye,667.1,256.0,778.8,337.5,993.8,410.0,1133.4,511.9,conscientiousness_high4_IzKWDY_QNTU.000.mp4,1280,720,23.976,367,conscientiousness,high
328,13680,nose,587.7,315.1,679.7,435.2,894.6,483.9,1009.6,634.0,conscientiousness_high4_IzKWDY_QNTU.000.mp4,1280,720,23.976,367,conscientiousness,high
328,13680,mouth,573.9,453.1,703.9,517.6,877.4,656.4,1039.8,737.0,conscientiousness_high4_IzKWDY_QNTU.000.mp4,1280,720,23.976,367,conscientiousness,high
328,13680,forehead,494.8,201.9,811.2,467.5,778.5,342.4,1174.0,674.3,conscientiousness_high4_IzKWDY_QNTU.000.mp4,1280,720,23.976,367,conscientiousness,high
328,13680,chin,497.3,348.7,808.9,576.0,781.6,525.8,1171.2,810.1,conscientiousness_high4_IzKWDY_QNTU.000.mp4,1280,720,23.976,367,conscientiousness,high
328,13680,left_cheek,501.7,351.0,587.8,480.0,787.2,528.7,894.7,690.0,conscientiousness_high4_IzKWDY_QNTU.000.mp4,1280,720,23.976,367,conscientiousness,high
328,13680,right_cheek,687.6,352.2,789.8,483.6,1019.5,530.3,1147.3,694.5,conscientiousness_high4_IzKWDY_QNTU.000.mp4,1280,720,23.976,367,conscientiousness,high
329,13722,left_eye,511.3,258.3,608.4,335.5,799.1,412.9,920.5,509.4,conscientiousness_high4_IzKWDY_QNTU.000.mp4,1280,720,23.976,367,conscientiousness,high
329,13722,right_eye,669.2,252.1,779.3,334.0,996.5,405.1,1134.1,507.5,conscientiousness_high4_IzKWDY_QNTU.000.mp4,1280,720,23.976,367,conscientiousness,high
329,13722,nose,592.2,309.6,684.1,431.9,900.2,477.1,1015.1,629.9,conscientiousness_high4_IzKWDY_QNTU.000.mp4,1280,720,23.976,367,conscientiousness,high
329,13722,mouth,578.8,450.7,703.9,516.6,883.5,653.4,1039.8,735.8,conscientiousness_high4_IzKWDY_QNTU.000.mp4,1280,720,23.976,367,conscientiousness,high
329,13722,forehead,492.8,198.6,811.2,462.3,776.0,338.3,1174.1,667.8,conscientiousness_high4_IzKWDY_QNTU.000.mp4,1280,720,23.976,367,conscientiousness,high
329,13722,chin,495.6,345.5,808.9,572.8,779.5,521.8,1171.1,806.0,conscientiousness_high4_IzKWDY_QNTU.000.mp4,1280,720,23.976,367,conscientiousness,high
329,13722,left_cheek,501.9,349.8,589.5,478.4,787.4,527.3,896.9,687.9,conscientiousness_high4_IzKWDY_QNTU.000.mp4,1280,720,23.976,367,conscientiousness,high
329,13722,right_cheek,690.5,348.8,790.3,479.8,1023.1,526.0,1147.9,689.8,conscientiousness_high4_IzKWDY_QNTU.000.mp4,1280,720,23.976,367,conscientiousness,high
330,13763,left_eye,509.7,253.4,608.6,333.8,797.1,406.7,920.8,507.2,conscientiousness_high4_IzKWDY_QNTU.000.mp4,1280,720,23.976,367,conscientiousness,high
330,13763,right_eye,669.2,245.1,778.9,330.1,996.5,396.4,1133.6,502.7,conscientiousness_high4_IzKWDY_QNTU.000.mp4,1280,720,23.976,367,conscientiousness,high
330,13763,nose,594.7,303.0,685.9,429.2,903.3,468.8,1017.4,626.5,conscientiousness_high4_IzKWDY_QNTU.000.mp4,1280,720,23.976,367,conscientiousness,high
330,13763,mouth,583.2,450.2,703.5,516.1,889.0,652.8,1039.4,735.2,conscientiousness_high4_IzKWDY_QNTU.000.mp4,1280,720,23.976,367,conscientiousness,high
330,13763,forehead,488.7,193.3,808.6,460.4,770.9,331.6,1170.8,665.5,conscientiousness_high4_IzKWDY_QNTU.000.mp4,1280,720,23.976,367,conscientiousness,high
330,13763,chin,492.0,340.1,806.4,570.5,775.0,515.1,1168.0,803.1,conscientiousness_high4_IzKWDY_QNTU.000.mp4,1280,720,23.976,367,conscientiousness,high
330,13763,left_cheek,500.2,349.3,590.1,477.8,785.2,526.6,897.6,687.2,conscientiousness_high4_IzKWDY_QNTU.000.mp4,1280,720,23.976,367,conscientiousness,high
330,13763,right_cheek,691.5,344.2,790.4,476.1,1024.4,520.3,1148.1,685.1,conscientiousness_high4_IzKWDY_QNTU.000.mp4,1280,720,23.976,367,conscientiousness,high
331,13805,left_eye,506.4,247.6,608.3,331.3,793.0,399.5,920.4,504.1,conscientiousness_high4_IzKWDY_QNTU.000.mp4,1280,720,23.976,367,conscientiousness,high
331,13805,right_eye,668.2,237.4,773.6,325.7,995.3,386.7,1127.0,497.1,conscientiousness_high4_IzKWDY_QNTU.000.mp4,1280,720,23.976,367,conscientiousness,high
331,13805,nose,596.8,298.1,686.1,426.2,906.0,462.6,1017.6,622.8,conscientiousness_high4_IzKWDY_QNTU.000.mp4,1280,720,23.976,367,conscientiousness,high
331,13805,mouth,588.2,448.5,700.9,514.8,895.3,650.7,1036.1,733.5,conscientiousness_high4_IzKWDY_QNTU.000.mp4,1280,720,23.976,367,conscientiousness,high
331,13805,forehead,481.9,188.2,799.6,459.7,762.3,325.2,1159.5,664.6,conscientiousness_high4_IzKWDY_QNTU.000.mp4,1280,720,23.976,367,conscientiousness,high
331,13805,chin,485.3,333.3,798.1,567.7,766.6,506.6,1157.7,799.6,conscientiousness_high4_IzKWDY_QNTU.000.mp4,1280,720,23.976,367,conscientiousness,high
331,13805,left_cheek,497.0,348.6,590.3,477.5,781.2,525.8,897.9,686.8,conscientiousness_high4_IzKWDY_QNTU.000.mp4,1280,720,23.976,367,conscientiousness,high
331,13805,right_cheek,691.3,338.5,786.4,471.9,1024.2,513.2,1143.0,679.9,conscientiousness_high4_IzKWDY_QNTU.000.mp4,1280,720,23.976,367,conscientiousness,high
332,13847,left_eye,506.3,243.8,609.5,331.5,792.9,394.8,921.8,504.4,conscientiousness_high4_IzKWDY_QNTU.000.mp4,1280,720,23.976,367,conscientiousness,high
332,13847,right_eye,668.5,234.2,773.5,323.4,995.6,382.7,1126.9,494.3,conscientiousness_high4_IzKWDY_QNTU.000.mp4,1280,720,23.976,367,conscientiousness,high
332,13847,nose,600.6,295.5,690.2,425.2,910.7,459.4,1022.7,621.5,conscientiousness_high4_IzKWDY_QNTU.000.mp4,1280,720,23.976,367,conscientiousness,high
332,13847,mouth,594.7,448.3,703.0,513.1,903.4,650.3,1038.8,731.4,conscientiousness_high4_IzKWDY_QNTU.000.mp4,1280,720,23.976,367,conscientiousness,high
332,13847,forehead,479.1,184.7,798.9,459.8,758.8,320.9,1158.6,664.8,conscientiousness_high4_IzKWDY_QNTU.000.mp4,1280,720,23.976,367,conscientiousness,high
332,13847,chin,483.2,330.6,797.5,567.4,764.0,503.2,1156.8,799.2,conscientiousness_high4_IzKWDY_QNTU.000.mp4,1280,720,23.976,367,conscientiousness,high
332,13847,left_cheek,496.9,348.9,592.8,478.1,781.1,526.2,900.9,687.6,conscientiousness_high4_IzKWDY_QNTU.000.mp4,1280,720,23.976,367,conscientiousness,high
332,13847,right_cheek,693.2,335.6,786.8,469.9,1026.5,509.5,1143.5,677.4,conscientiousness_high4_IzKWDY_QNTU.000.mp4,1280,720,23.976,367,conscientiousness,high
333,13888,left_eye,506.8,245.6,613.4,331.9,793.6,397.0,926.8,504.9,conscientiousness_high4_IzKWDY_QNTU.000.mp4,1280,720,23.976,367,conscientiousness,high
333,13888,right_eye,670.5,233.0,773.9,322.5,998.2,381.2,1127.4,493.1,conscientiousness_high4_IzKWDY_QNTU.000.mp4,1280,720,23.976,367,conscientiousness,high
333,13888,nose,606.7,295.4,696.6,424.6,918.3,459.3,1030.7,620.7,conscientiousness_high4_IzKWDY_QNTU.000.mp4,1280,720,23.976,367,conscientiousness,high
333,13888,mouth,604.0,447.3,708.2,514.0,915.0,649.1,1045.3,732.5,conscientiousness_high4_IzKWDY_QNTU.000.mp4,1280,720,23.976,367,conscientiousness,high
333,13888,forehead,478.2,184.3,798.0,463.6,757.8,320.4,1157.4,669.5,conscientiousness_high4_IzKWDY_QNTU.000.mp4,1280,720,23.976,367,conscientiousness,high
333,13888,chin,482.8,328.8,797.0,567.5,763.5,501.0,1156.3,799.3,conscientiousness_high4_IzKWDY_QNTU.000.mp4,1280,720,23.976,367,conscientiousness,high
333,13888,left_cheek,497.0,352.0,598.1,480.3,781.2,530.0,907.7,690.4,conscientiousness_high4_IzKWDY_QNTU.000.mp4,1280,720,23.976,367,conscientiousness,high
333,13888,right_cheek,697.5,333.1,787.1,467.6,1031.8,506.4,1143.9,674.5,conscientiousness_high4_IzKWDY_QNTU.000.mp4,1280,720,23.976,367,conscientiousness,high
334,13930,left_eye,510.4,246.8,618.7,335.4,798.0,398.5,933.4,509.3,conscientiousness_high4_IzKWDY_QNTU.000.mp4,1280,720,23.976,367,conscientiousness,high
334,13930,right_eye,674.7,236.2,774.1,324.4,1003.4,385.2,1127.7,495.5,conscientiousness_high4_IzKWDY_QNTU.000.mp4,1280,720,23.976,367,conscientiousness,high
334,13930,nose,613.8,298.0,701.3,424.9,927.3,462.5,1036.7,621.2,conscientiousness_high4_IzKWDY_QNTU.000.mp4,1280,720,23.976,367,conscientiousness,high
334,13930,mouth,610.0,447.4,712.9,516.8,922.6,649.3,1051.2,736.0,conscientiousness_high4_IzKWDY_QNTU.000.mp4,1280,720,23.976,367,conscientiousness,high
334,13930,forehead,479.6,186.7,797.6,467.3,759.5,323.4,1157.0,674.1,conscientiousness_high4_IzKWDY_QNTU.000.mp4,1280,720,23.976,367,conscientiousness,high
334,13930,chin,484.3,328.6,796.6,568.3,765.4,500.7,1155.7,800.4,conscientiousness_high4_IzKWDY_QNTU.000.mp4,1280,720,23.976,367,conscientiousness,high
334,13930,left_cheek,501.2,357.9,604.2,484.7,786.4,537.4,915.2,695.9,conscientiousness_high4_IzKWDY_QNTU.000.mp4,1280,720,23.976,367,conscientiousness,high
334,13930,right_cheek,701.4,334.1,787.9,468.2,1036.7,507.6,1144.9,675.3,conscientiousness_high4_IzKWDY_QNTU.000.mp4,1280,720,23.976,367,conscientiousness,high
335,13972,left_eye,513.7,258.3,622.4,341.4,802.1,412.8,938.0,516.8,conscientiousness_high4_IzKWDY_QNTU.000.mp4,1280,720,23.976,367,conscientiousness,high
335,13972,right_eye,678.6,238.4,775.3,326.6,1008.3,388.0,1129.1,498.3,conscientiousness_high4_IzKWDY_QNTU.000.mp4,1280,720,23.976,367,conscientiousness,high
335,13972,nose,618.3,304.0,706.2,433.4,932.9,470.0,1042.8,631.8,conscientiousness_high4_IzKWDY_QNTU.000.mp4,1280,720,23.976,367,conscientiousness,high
335,13972,mouth,613.9,455.6,716.1,521.7,927.4,659.5,1055.1,742.1,conscientiousness_high4_IzKWDY_QNTU.000.mp4,1280,720,23.976,367,conscientiousness,high
335,13972,forehead,480.4,189.5,797.1,470.6,760.5,326.9,1156.3,678.3,conscientiousness_high4_IzKWDY_QNTU.000.mp4,1280,720,23.976,367,conscientiousness,high
335,13972,chin,485.1,328.2,795.9,568.8,766.4,500.2,1154.8,801.0,conscientiousness_high4_IzKWDY_QNTU.000.mp4,1280,720,23.976,367,conscientiousness,high
335,13972,left_cheek,504.5,364.3,608.5,490.0,790.6,545.4,920.6,702.5,conscientiousness_high4_IzKWDY_QNTU.000.mp4,1280,720,23.976,367,conscientiousness,high
335,13972,right_cheek,704.5,335.7,789.1,469.7,1040.6,509.6,1146.3,677.1,conscientiousness_high4_IzKWDY_QNTU.000.mp4,1280,720,23.976,367,conscientiousness,high
336,14014,left_eye,515.3,266.4,624.6,346.9,804.2,423.0,940.7,523.7,conscientiousness_high4_IzKWDY_QNTU.000.mp4,1280,720,23.976,367,conscientiousness,high
336,14014,right_eye,680.6,245.3,776.1,332.4,1010.8,396.6,1130.1,505.5,conscientiousness_high4_IzKWDY_QNTU.000.mp4,1280,720,23.976,367,conscientiousness,high
336,14014,nose,621.5,311.1,707.9,441.9,936.9,478.9,1044.9,642.4,conscientiousness_high4_IzKWDY_QNTU.000.mp4,1280,720,23.976,367,conscientiousness,high
336,14014,mouth,617.2,464.7,716.5,524.7,931.5,670.9,1055.6,745.9,conscientiousness_high4_IzKWDY_QNTU.000.mp4,1280,720,23.976,367,conscientiousness,high
336,14014,forehead,480.1,195.2,796.2,474.2,760.1,334.0,1155.3,682.8,conscientiousness_high4_IzKWDY_QNTU.000.mp4,1280,720,23.976,367,conscientiousness,high
336,14014,chin,485.0,328.8,795.2,568.9,766.2,501.0,1154.0,801.1,conscientiousness_high4_IzKWDY_QNTU.000.mp4,1280,720,23.976,367,conscientiousness,high
336,14014,left_cheek,506.4,369.8,611.6,494.9,793.0,552.3,924.5,708.6,conscientiousness_high4_IzKWDY_QNTU.000.mp4,1280,720,23.976,367,conscientiousness,high
336,14014,right_cheek,705.9,336.7,789.8,469.7,1042.3,510.9,1147.2,677.2,conscientiousness_high4_IzKWDY_QNTU.000.mp4,1280,720,23.976,367,conscientiousness,high
337,14055,left_eye,516.0,266.8,625.0,347.6,805.0,423.6,941.3,524.5,conscientiousness_high4_IzKWDY_QNTU.000.mp4,1280,720,23.976,367,conscientiousness,high
337,14055,right_eye,680.5,246.8,776.2,334.0,1010.6,398.5,1130.2,507.5,conscientiousness_high4_IzKWDY_QNTU.000.mp4,1280,720,23.976,367,conscientiousness,high
337,14055,nose,622.2,312.3,708.1,443.0,937.7,480.4,1045.1,643.7,conscientiousness_high4_IzKWDY_QNTU.000.mp4,1280,720,23.976,367,conscientiousness,high
337,14055,mouth,619.0,466.7,715.9,526.4,933.8,673.4,1054.9,748.0,conscientiousness_high4_IzKWDY_QNTU.000.mp4,1280,720,23.976,367,conscientiousness,high
337,14055,forehead,480.0,195.9,796.0,474.6,760.0,334.9,1155.0,683.3,conscientiousness_high4_IzKWDY_QNTU.000.mp4,1280,720,23.976,367,conscientiousness,high
337,14055,chin,484.8,328.3,795.2,569.1,766.1,500.3,1154.0,801.4,conscientiousness_high4_IzKWDY_QNTU.000.mp4,1280,720,23.976,367,conscientiousness,high
337,14055,left_cheek,506.9,370.1,612.1,495.8,793.7,552.7,925.2,709.8,conscientiousness_high4_IzKWDY_QNTU.000.mp4,1280,720,23.976,367,conscientiousness,high
337,14055,right_cheek,706.0,337.4,790.3,470.1,1042.5,511.8,1147.8,677.7,conscientiousness_high4_IzKWDY_QNTU.000.mp4,1280,720,23.976,367,conscientiousness,high
338,14097,left_eye,515.7,265.3,624.3,346.7,804.7,421.6,940.3,523.3,conscientiousness_high4_IzKWDY_QNTU.000.mp4,1280,720,23.976,367,conscientiousness,high
338,14097,right_eye,679.8,246.6,776.2,333.7,1009.8,398.3,1130.3,507.2,conscientiousness_high4_IzKWDY_QNTU.000.mp4,1280,720,23.976,367,conscientiousness,high
338,14097,nose,621.3,311.4,707.8,441.1,936.6,479.2,1044.8,641.3,conscientiousness_high4_IzKWDY_QNTU.000.mp4,1280,720,23.976,367,conscientiousness,high
338,14097,mouth,619.5,465.6,715.5,532.7,934.4,672.0,1054.4,755.9,conscientiousness_high4_IzKWDY_QNTU.000.mp4,1280,720,23.976,367,conscientiousness,high
338,14097,forehead,479.8,195.9,795.6,474.3,759.8,334.9,1154.5,682.8,conscientiousness_high4_IzKWDY_QNTU.000.mp4,1280,720,23.976,367,conscientiousness,high
338,14097,chin,484.5,328.5,795.1,573.0,765.6,500.6,1153.9,806.3,conscientiousness_high4_IzKWDY_QNTU.000.mp4,1280,720,23.976,367,conscientiousness,high
338,14097,left_cheek,506.5,369.0,611.0,495.8,793.1,551.2,923.8,709.7,conscientiousness_high4_IzKWDY_QNTU.000.mp4,1280,720,23.976,367,conscientiousness,high
338,14097,right_cheek,706.0,337.8,790.7,471.5,1042.5,512.3,1148.3,679.4,conscientiousness_high4_IzKWDY_QNTU.000.mp4,1280,720,23.976,367,conscientiousness,high
339,14139,left_eye,515.1,263.4,624.1,345.7,803.9,419.2,940.1,522.1,conscientiousness_high4_IzKWDY_QNTU.000.mp4,1280,720,23.976,367,conscientiousness,high
339,14139,right_eye,679.5,244.0,776.3,332.9,1009.4,395.0,1130.3,506.1,conscientiousness_high4_IzKWDY_QNTU.000.mp4,1280,720,23.976,367,conscientiousness,high
339,14139,nose,619.7,309.3,706.4,438.2,934.6,476.7,1043.0,637.7,conscientiousness_high4_IzKWDY_QNTU.000.mp4,1280,720,23.976,367,conscientiousness,high
339,14139,mouth,618.0,462.1,716.5,539.5,932.5,667.6,1055.6,764.3,conscientiousness_high4_IzKWDY_QNTU.000.mp4,1280,720,23.976,367,conscientiousness,high
339,14139,forehead,479.9,195.1,796.2,475.7,759.8,333.9,1155.2,684.6,conscientiousness_high4_IzKWDY_QNTU.000.mp4,1280,720,23.976,367,conscientiousness,high
339,14139,chin,484.7,329.1,795.5,579.2,765.9,501.4,1154.4,814.0,conscientiousness_high4_IzKWDY_QNTU.000.mp4,1280,720,23.976,367,conscientiousness,high
339,14139,left_cheek,506.3,368.0,609.5,495.4,792.8,550.1,921.9,709.3,conscientiousness_high4_IzKWDY_QNTU.000.mp4,1280,720,23.976,367,conscientiousness,high
339,14139,right_cheek,705.3,337.5,791.1,471.8,1041.6,511.9,1148.9,679.7,conscientiousness_high4_IzKWDY_QNTU.000.mp4,1280,720,23.976,367,conscientiousness,high
340,14180,left_eye,513.8,260.8,622.4,345.6,802.3,415.9,938.1,522.0,conscientiousness_high4_IzKWDY_QNTU.000.mp4,1280,720,23.976,367,conscientiousness,high
340,14180,right_eye,678.9,242.8,776.3,331.2,1008.7,393.5,1130.4,504.0,conscientiousness_high4_IzKWDY_QNTU.000.mp4,1280,720,23.976,367,conscientiousness,high
340,14180,nose,619.2,307.0,705.4,435.1,934.0,473.8,1041.8,633.8,conscientiousness_high4_IzKWDY_QNTU.000.mp4,1280,720,23.976,367,conscientiousness,high
340,14180,mouth,614.3,455.8,718.2,537.1,927.9,659.7,1057.8,761.3,conscientiousness_high4_IzKWDY_QNTU.000.mp4,1280,720,23.976,367,conscientiousness,high
340,14180,forehead,479.6,194.6,796.3,474.9,759.5,333.2,1155.4,683.6,conscientiousness_high4_IzKWDY_QNTU.000.mp4,1280,720,23.976,367,conscientiousness,high
340,14180,chin,484.9,329.3,795.6,578.8,766.1,501.6,1154.5,813.5,conscientiousness_high4_IzKWDY_QNTU.000.mp4,1280,720,23.976,367,conscientiousness,high
340,14180,left_cheek,505.7,367.3,608.7,494.7,792.1,549.2,920.9,708.4,conscientiousness_high4_IzKWDY_QNTU.000.mp4,1280,720,23.976,367,conscientiousness,high
340,14180,right_cheek,704.8,337.3,791.2,471.9,1040.9,511.6,1149.0,679.8,conscientiousness_high4_IzKWDY_QNTU.000.mp4,1280,720,23.976,367,conscientiousness,high
341,14222,left_eye,511.6,260.2,619.6,344.9,799.6,415.3,934.5,521.1,conscientiousness_high4_IzKWDY_QNTU.000.mp4,1280,720,23.976,367,conscientiousness,high
341,14222,right_eye,676.9,242.9,775.8,329.8,1006.1,393.6,1129.8,502.2,conscientiousness_high4_IzKWDY_QNTU.000.mp4,1280,720,23.976,367,conscientiousness,high
341,14222,nose,616.6,305.7,705.1,432.9,930.8,472.1,1041.4,631.2,conscientiousness_high4_IzKWDY_QNTU.000.mp4,1280,720,23.976,367,conscientiousness,high
341,14222,mouth,604.8,450.5,720.1,527.2,915.9,653.1,1060.1,749.1,conscientiousness_high4_IzKWDY_QNTU.000.mp4,1280,720,23.976,367,conscientiousness,high
341,14222,forehead,478.1,194.0,796.6,474.5,757.6,332.4,1155.7,683.1,conscientiousness_high4_IzKWDY_QNTU.000.mp4,1280,720,23.976,367,conscientiousness,high
341,14222,chin,484.5,329.4,795.8,575.6,765.7,501.8,1154.8,809.4,conscientiousness_high4_IzKWDY_QNTU.000.mp4,1280,720,23.976,367,conscientiousness,high
341,14222,left_cheek,504.1,366.5,606.1,491.9,790.1,548.2,917.6,704.9,conscientiousness_high4_IzKWDY_QNTU.000.mp4,1280,720,23.976,367,conscientiousness,high
341,14222,right_cheek,704.5,336.8,790.9,470.2,1040.6,511.0,1148.6,677.7,conscientiousness_high4_IzKWDY_QNTU.000.mp4,1280,720,23.976,367,conscientiousness,high
342,14264,left_eye,510.9,260.4,618.4,344.5,798.6,415.5,933.0,520.6,conscientiousness_high4_IzKWDY_QNTU.000.mp4,1280,720,23.976,367,conscientiousness,high
342,14264,right_eye,675.7,243.4,774.9,329.6,1004.6,394.2,1128.6,502.0,conscientiousness_high4_IzKWDY_QNTU.000.mp4,1280,720,23.976,367,conscientiousness,high
342,14264,nose,614.1,305.7,704.9,433.0,927.6,472.1,1041.1,631.2,conscientiousness_high4_IzKWDY_QNTU.000.mp4,1280,720,23.976,367,conscientiousness,high
342,14264,mouth,595.6,449.6,722.1,520.6,904.5,652.0,1062.7,740.8,conscientiousness_high4_IzKWDY_QNTU.000.mp4,1280,720,23.976,367,conscientiousness,high
342,14264,forehead,477.2,193.8,796.4,474.5,756.5,332.3,1155.5,683.2,conscientiousness_high4_IzKWDY_QNTU.000.mp4,1280,720,23.976,367,conscientiousness,high
342,14264,chin,483.5,330.5,795.6,573.6,764.4,503.1,1154.6,807.0,conscientiousness_high4_IzKWDY_QNTU.000.mp4,1280,720,23.976,367,conscientiousness,high
342,14264,left_cheek,502.6,365.5,604.1,489.5,788.2,546.9,915.1,701.9,conscientiousness_high4_IzKWDY_QNTU.000.mp4,1280,720,23.976,367,conscientiousness,high
342,14264,right_cheek,703.8,336.9,790.1,469.3,1039.8,511.1,1147.6,676.6,conscientiousness_high4_IzKWDY_QNTU.000.mp4,1280,720,23.976,367,conscientiousness,high
343,14305,left_eye,510.0,260.6,617.3,343.9,797.5,415.8,931.6,519.9,conscientiousness_high4_IzKWDY_QNTU.000.mp4,1280,720,23.976,367,conscientiousness,high
343,14305,right_eye,674.3,243.7,774.0,329.3,1002.9,394.6,1127.5,501.6,conscientiousness_high4_IzKWDY_QNTU.000.mp4,1280,720,23.976,367,conscientiousness,high
343,14305,nose,611.8,305.5,704.3,432.7,924.8,471.9,1040.3,630.9,conscientiousness_high4_IzKWDY_QNTU.000.mp4,1280,720,23.976,367,conscientiousness,high
343,14305,mouth,589.6,448.8,722.8,518.1,896.9,651.0,1063.5,737.7,conscientiousness_high4_IzKWDY_QNTU.000.mp4,1280,720,23.976,367,conscientiousness,high
343,14305,forehead,476.7,193.6,796.3,474.4,755.9,332.0,1155.3,683.0,conscientiousness_high4_IzKWDY_QNTU.000.mp4,1280,720,23.976,367,conscientiousness,high
343,14305,chin,482.9,331.0,795.6,572.5,763.7,503.8,1154.5,805.6,conscientiousness_high4_IzKWDY_QNTU.000.mp4,1280,720,23.976,367,conscientiousness,high
343,14305,left_cheek,501.3,364.2,602.2,487.3,786.6,545.3,912.8,699.2,conscientiousness_high4_IzKWDY_QNTU.000.mp4,1280,720,23.976,367,conscientiousness,high
343,14305,right_cheek,702.8,336.9,789.5,468.5,1038.5,511.1,1146.9,675.6,conscientiousness_high4_IzKWDY_QNTU.000.mp4,1280,720,23.976,367,conscientiousness,high
344,14347,left_eye,509.3,260.8,616.2,343.4,796.7,416.0,930.3,519.2,conscientiousness_high4_IzKWDY_QNTU.000.mp4,1280,720,23.976,367,conscientiousness,high
344,14347,right_eye,673.2,244.2,773.2,329.0,1001.5,395.2,1126.5,501.2,conscientiousness_high4_IzKWDY_QNTU.000.mp4,1280,720,23.976,367,conscientiousness,high
344,14347,nose,610.3,305.5,703.6,432.5,922.8,471.9,1039.5,630.7,conscientiousness_high4_IzKWDY_QNTU.000.mp4,1280,720,23.976,367,conscientiousness,high
344,14347,mouth,586.0,448.4,723.6,517.9,892.5,650.5,1064.6,737.4,conscientiousness_high4_IzKWDY_QNTU.000.mp4,1280,720,23.976,367,conscientiousness,high
344,14347,forehead,476.4,193.6,796.1,474.3,755.6,332.0,1155.1,682.8,conscientiousness_high4_IzKWDY_QNTU.000.mp4,1280,720,23.976,367,conscientiousness,high
344,14347,chin,482.7,331.4,795.5,572.3,763.3,504.3,1154.4,805.3,conscientiousness_high4_IzKWDY_QNTU.000.mp4,1280,720,23.976,367,conscientiousness,high
344,14347,left_cheek,500.4,363.1,601.0,486.0,785.5,543.9,911.2,697.5,conscientiousness_high4_IzKWDY_QNTU.000.mp4,1280,720,23.976,367,conscientiousness,high
344,14347,right_cheek,701.9,336.8,789.3,467.5,1037.4,511.0,1146.6,674.4,conscientiousness_high4_IzKWDY_QNTU.000.mp4,1280,720,23.976,367,conscientiousness,high
345,14389,left_eye,508.8,261.5,615.5,343.3,796.1,416.9,929.3,519.2,conscientiousness_high4_IzKWDY_QNTU.000.mp4,1280,720,23.976,367,conscientiousness,high
345,14389,right_eye,672.4,244.8,772.7,329.0,1000.6,396.0,1125.9,501.2,conscientiousness_high4_IzKWDY_QNTU.000.mp4,1280,720,23.976,367,conscientiousness,high
345,14389,nose,609.0,305.8,702.5,432.6,921.3,472.3,1038.2,630.7,conscientiousness_high4_IzKWDY_QNTU.000.mp4,1280,720,23.976,367,conscientiousness,high
345,14389,mouth,584.0,448.5,723.9,517.6,890.0,650.6,1064.9,737.0,conscientiousness_high4_IzKWDY_QNTU.000.mp4,1280,720,23.976,367,conscientiousness,high
345,14389,forehead,476.3,193.7,795.9,474.2,755.4,332.1,1154.9,682.7,conscientiousness_high4_IzKWDY_QNTU.000.mp4,1280,720,23.976,367,conscientiousness,high
345,14389,chin,482.4,331.9,795.4,572.2,763.0,504.9,1154.3,805.2,conscientiousness_high4_IzKWDY_QNTU.000.mp4,1280,720,23.976,367,conscientiousness,high
345,14389,left_cheek,499.8,362.4,600.1,485.3,784.8,543.0,910.1,696.6,conscientiousness_high4_IzKWDY_QNTU.000.mp4,1280,720,23.976,367,conscientiousness,high
345,14389,right_cheek,700.8,336.8,788.9,467.3,1036.1,511.0,1146.1,674.2,conscientiousness_high4_IzKWDY_QNTU.000.mp4,1280,720,23.976,367,conscientiousness,high
346,14431,left_eye,508.3,261.9,614.7,343.3,795.4,417.4,928.3,519.1,conscientiousness_high4_IzKWDY_QNTU.000.mp4,1280,720,23.976,367,conscientiousness,high
346,14431,right_eye,671.6,245.4,772.0,329.1,999.6,396.8,1125.0,501.3,conscientiousness_high4_IzKWDY_QNTU.000.mp4,1280,720,23.976,367,conscientiousness,high
346,14431,nose,607.7,306.2,700.7,432.6,919.6,472.8,1035.8,630.8,conscientiousness_high4_IzKWDY_QNTU.000.mp4,1280,720,23.976,367,conscientiousness,high
346,14431,mouth,581.6,448.4,723.5,516.4,887.0,650.5,1064.4,735.5,conscientiousness_high4_IzKWDY_QNTU.000.mp4,1280,720,23.976,367,conscientiousness,high
346,14431,forehead,476.1,193.8,795.5,473.9,755.1,332.3,1154.4,682.4,conscientiousness_high4_IzKWDY_QNTU.000.mp4,1280,720,23.976,367,conscientiousness,high
346,14431,chin,481.9,332.4,795.0,571.7,762.4,505.5,1153.8,804.7,conscientiousness_high4_IzKWDY_QNTU.000.mp4,1280,720,23.976,367,conscientiousness,high
346,14431,left_cheek,499.1,361.5,599.0,484.3,783.9,541.9,908.7,695.4,conscientiousness_high4_IzKWDY_QNTU.000.mp4,1280,720,23.976,367,conscientiousness,high
346,14431,right_cheek,699.4,336.8,788.0,467.4,1034.3,511.0,1145.1,674.2,conscientiousness_high4_IzKWDY_QNTU.000.mp4,1280,720,23.976,367,conscientiousness,high
347,14472,left_eye,507.6,262.2,613.7,343.3,794.4,417.7,927.2,519.1,conscientiousness_high4_IzKWDY_QNTU.000.mp4,1280,720,23.976,367,conscientiousness,high
347,14472,right_eye,670.4,245.7,771.3,329.1,998.0,397.2,1124.1,501.4,conscientiousness_high4_IzKWDY_QNTU.000.mp4,1280,720,23.976,367,conscientiousness,high
347,14472,nose,606.4,306.5,698.8,432.6,918.1,473.1,1033.5,630.8,conscientiousness_high4_IzKWDY_QNTU.000.mp4,1280,720,23.976,367,conscientiousness,high
347,14472,mouth,581.3,448.2,723.3,514.7,886.6,650.3,1064.1,733.4,conscientiousness_high4_IzKWDY_QNTU.000.mp4,1280,720,23.976,367,conscientiousness,high
347,14472,forehead,475.8,193.8,795.2,473.4,754.7,332.3,1154.0,681.8,conscientiousness_high4_IzKWDY_QNTU.000.mp4,1280,720,23.976,367,conscientiousness,high
347,14472,chin,481.5,332.5,794.8,571.3,761.8,505.6,1153.5,804.1,conscientiousness_high4_IzKWDY_QNTU.000.mp4,1280,720,23.976,367,conscientiousness,high
347,14472,left_cheek,498.4,360.9,597.9,483.6,782.9,541.1,907.3,694.5,conscientiousness_high4_IzKWDY_QNTU.000.mp4,1280,720,23.976,367,conscientiousness,high
347,14472,right_cheek,698.1,336.9,787.3,467.2,1032.6,511.1,1144.1,673.9,conscientiousness_high4_IzKWDY_QNTU.000.mp4,1280,720,23.976,367,conscientiousness,high
348,14514,left_eye,506.8,262.6,612.8,343.2,793.5,418.3,926.0,518.9,conscientiousness_high4_IzKWDY_QNTU.000.mp4,1280,720,23.976,367,conscientiousness,high
348,14514,right_eye,669.3,245.8,770.6,329.1,996.6,397.2,1123.3,501.4,conscientiousness_high4_IzKWDY_QNTU.000.mp4,1280,720,23.976,367,conscientiousness,high
348,14514,nose,605.6,306.8,697.5,432.6,916.9,473.5,1031.9,630.8,conscientiousness_high4_IzKWDY_QNTU.000.mp4,1280,720,23.976,367,conscientiousness,high
348,14514,mouth,580.5,447.9,723.2,513.4,885.6,649.8,1064.0,731.8,conscientiousness_high4_IzKWDY_QNTU.000.mp4,1280,720,23.976,367,conscientiousness,high
348,14514,forehead,475.3,194.0,794.9,473.2,754.1,332.5,1153.7,681.5,conscientiousness_high4_IzKWDY_QNTU.000.mp4,1280,720,23.976,367,conscientiousness,high
348,14514,chin,480.8,332.5,794.6,570.8,761.0,505.7,1153.2,803.5,conscientiousness_high4_IzKWDY_QNTU.000.mp4,1280,720,23.976,367,conscientiousness,high
348,14514,left_cheek,497.6,360.6,597.0,483.1,782.0,540.8,906.2,693.9,conscientiousness_high4_IzKWDY_QNTU.000.mp4,1280,720,23.976,367,conscientiousness,high
348,14514,right_cheek,697.0,336.8,786.7,466.7,1031.2,511.1,1143.3,673.3,conscientiousness_high4_IzKWDY_QNTU.000.mp4,1280,720,23.976,367,conscientiousness,high
349,14556,left_eye,505.9,262.7,611.8,342.9,792.4,418.4,924.8,518.6,conscientiousness_high4_IzKWDY_QNTU.000.mp4,1280,720,23.976,367,conscientiousness,high
349,14556,right_eye,668.3,245.8,769.9,329.1,995.3,397.2,1122.3,501.3,conscientiousness_high4_IzKWDY_QNTU.000.mp4,1280,720,23.976,367,conscientiousness,high
349,14556,nose,604.9,306.9,696.7,432.5,916.2,473.6,1030.9,630.7,conscientiousness_high4_IzKWDY_QNTU.000.mp4,1280,720,23.976,367,conscientiousness,high
349,14556,mouth,580.3,447.4,722.6,512.3,885.3,649.3,1063.2,730.4,conscientiousness_high4_IzKWDY_QNTU.000.mp4,1280,720,23.976,367,conscientiousness,high
349,14556,forehead,474.6,194.1,794.4,472.9,753.3,332.6,1153.0,681.2,conscientiousness_high4_IzKWDY_QNTU.000.mp4,1280,720,23.976,367,conscientiousness,high
349,14556,chin,480.2,332.5,794.1,570.5,760.3,505.6,1152.6,803.1,conscientiousness_high4_IzKWDY_QNTU.000.mp4,1280,720,23.976,367,conscientiousness,high
349,14556,left_cheek,496.9,360.4,596.2,482.7,781.2,540.5,905.3,693.4,conscientiousness_high4_IzKWDY_QNTU.000.mp4,1280,720,23.976,367,conscientiousness,high
349,14556,right_cheek,696.2,336.6,786.1,466.1,1030.3,510.8,1142.6,672.7,conscientiousness_high4_IzKWDY_QNTU.000.mp4,1280,720,23.976,367,conscientiousness,high
350,14597,left_eye,505.4,262.6,611.3,342.6,791.7,418.3,924.1,518.3,conscientiousness_high4_IzKWDY_QNTU.000.mp4,1280,720,23.976,367,conscientiousness,high
350,14597,right_eye,667.7,245.8,769.2,328.8,994.6,397.2,1121.5,501.1,conscientiousness_high4_IzKWDY_QNTU.000.mp4,1280,720,23.976,367,conscientiousness,high
350,14597,nose,604.6,306.7,696.2,432.3,915.7,473.4,1030.2,630.3,conscientiousness_high4_IzKWDY_QNTU.000.mp4,1280,720,23.976,367,conscientiousness,high
350,14597,mouth,579.8,446.8,722.2,511.4,884.8,648.5,1062.7,729.2,conscientiousness_high4_IzKWDY_QNTU.000.mp4,1280,720,23.976,367,conscientiousness,high
350,14597,forehead,474.2,194.0,793.8,472.7,752.7,332.5,1152.2,680.8,conscientiousness_high4_IzKWDY_QNTU.000.mp4,1280,720,23.976,367,conscientiousness,high
350,14597,chin,479.8,332.4,793.5,570.3,759.8,505.5,1151.9,802.8,conscientiousness_high4_IzKWDY_QNTU.000.mp4,1280,720,23.976,367,conscientiousness,high
350,14597,left_cheek,496.4,360.1,595.7,482.3,780.6,540.1,904.7,692.9,conscientiousness_high4_IzKWDY_QNTU.000.mp4,1280,720,23.976,367,conscientiousness,high
350,14597,right_cheek,695.7,336.3,785.5,465.7,1029.6,510.4,1141.9,672.1,conscientiousness_high4_IzKWDY_QNTU.000.mp4,1280,720,23.976,367,conscientiousness,high
351,14639,left_eye,505.1,262.6,611.0,342.3,791.3,418.3,923.8,517.9,conscientiousness_high4_IzKWDY_QNTU.000.mp4,1280,720,23.976,367,conscientiousness,high
351,14639,right_eye,667.5,245.7,769.3,328.8,994.4,397.1,1121.6,501.0,conscientiousness_high4_IzKWDY_QNTU.000.mp4,1280,720,23.976,367,conscientiousness,high
351,14639,nose,604.2,306.6,695.9,432.1,915.3,473.3,1029.9,630.2,conscientiousness_high4_IzKWDY_QNTU.000.mp4,1280,720,23.976,367,conscientiousness,high
351,14639,mouth,579.7,446.8,722.0,511.1,884.6,648.4,1062.5,728.8,conscientiousness_high4_IzKWDY_QNTU.000.mp4,1280,720,23.976,367,conscientiousness,high
351,14639,forehead,474.0,193.9,793.8,472.4,752.4,332.3,1152.2,680.5,conscientiousness_high4_IzKWDY_QNTU.000.mp4,1280,720,23.976,367,conscientiousness,high
351,14639,chin,479.7,332.3,793.5,570.1,759.6,505.4,1151.9,802.6,conscientiousness_high4_IzKWDY_QNTU.000.mp4,1280,720,23.976,367,conscientiousness,high
351,14639,left_cheek,496.2,359.8,595.5,482.1,780.2,539.8,904.4,692.7,conscientiousness_high4_IzKWDY_QNTU.000.mp4,1280,720,23.976,367,conscientiousness,high
351,14639,right_cheek,695.6,336.2,785.6,465.6,1029.5,510.2,1141.9,671.9,conscientiousness_high4_IzKWDY_QNTU.000.mp4,1280,720,23.976,367,conscientiousness,high
352,14681,left_eye,505.1,262.2,611.0,341.8,791.4,417.7,923.8,517.3,conscientiousness_high4_IzKWDY_QNTU.000.mp4,1280,720,23.976,367,conscientiousness,high
352,14681,right_eye,667.6,245.3,769.4,328.5,994.5,396.6,1121.7,500.6,conscientiousness_high4_IzKWDY_QNTU.000.mp4,1280,720,23.976,367,conscientiousness,high
352,14681,nose,604.3,305.9,696.0,431.7,915.4,472.4,1030.0,629.6,conscientiousness_high4_IzKWDY_QNTU.000.mp4,1280,720,23.976,367,conscientiousness,high
352,14681,mouth,580.1,446.3,721.9,510.5,885.1,647.8,1062.4,728.1,conscientiousness_high4_IzKWDY_QNTU.000.mp4,1280,720,23.976,367,conscientiousness,high
352,14681,forehead,474.0,193.2,793.9,472.1,752.5,331.5,1152.3,680.1,conscientiousness_high4_IzKWDY_QNTU.000.mp4,1280,720,23.976,367,conscientiousness,high
352,14681,chin,479.8,332.0,793.6,569.8,759.7,505.0,1152.0,802.2,conscientiousness_high4_IzKWDY_QNTU.000.mp4,1280,720,23.976,367,conscientiousness,high
352,14681,left_cheek,496.3,359.4,595.6,481.9,780.3,539.2,904.4,692.3,conscientiousness_high4_IzKWDY_QNTU.000.mp4,1280,720,23.976,367,conscientiousness,high
352,14681,right_cheek,695.7,335.8,785.6,465.3,1029.6,509.8,1142.0,671.7,conscientiousness_high4_IzKWDY_QNTU.000.mp4,1280,720,23.976,367,conscientiousness,high
353,14723,left_eye,504.6,262.9,611.0,342.0,790.8,418.6,923.8,517.5,conscientiousness_high4_IzKWDY_QNTU.000.mp4,1280,720,23.976,367,conscientiousness,high
353,14723,right_eye,667.5,245.5,769.4,329.1,994.4,396.8,1121.8,501.4,conscientiousness_high4_IzKWDY_QNTU.000.mp4,1280,720,23.976,367,conscientiousness,high
353,14723,nose,604.0,306.1,695.7,432.0,915.0,472.7,1029.6,630.0,conscientiousness_high4_IzKWDY_QNTU.000.mp4,1280,720,23.976,367,conscientiousness,high
353,14723,mouth,579.4,446.4,721.6,510.9,884.3,648.0,1062.0,728.6,conscientiousness_high4_IzKWDY_QNTU.000.mp4,1280,720,23.976,367,conscientiousness,high
353,14723,forehead,472.9,193.4,794.4,472.6,751.2,331.8,1153.0,680.8,conscientiousness_high4_IzKWDY_QNTU.000.mp4,1280,720,23.976,367,conscientiousness,high
353,14723,chin,478.7,332.6,794.1,569.9,758.3,505.8,1152.7,802.3,conscientiousness_high4_IzKWDY_QNTU.000.mp4,1280,720,23.976,367,conscientiousness,high
353,14723,left_cheek,495.3,360.0,595.3,482.2,779.1,540.0,904.1,692.7,conscientiousness_high4_IzKWDY_QNTU.000.mp4,1280,720,23.976,367,conscientiousness,high
353,14723,right_cheek,695.7,336.3,786.0,465.7,1029.6,510.3,1142.4,672.1,conscientiousness_high4_IzKWDY_QNTU.000.mp4,1280,720,23.976,367,conscientiousness,high
354,14764,left_eye,503.6,262.9,609.9,341.9,789.6,418.6,922.4,517.4,conscientiousness_high4_IzKWDY_QNTU.000.mp4,1280,720,23.976,367,conscientiousness,high
354,14764,right_eye,666.6,245.3,769.1,328.8,993.2,396.7,1121.4,500.9,conscientiousness_high4_IzKWDY_QNTU.000.mp4,1280,720,23.976,367,conscientiousness,high
354,14764,nose,603.2,305.7,695.0,430.7,914.0,472.1,1028.8,628.4,conscientiousness_high4_IzKWDY_QNTU.000.mp4,1280,720,23.976,367,conscientiousness,high
354,14764,mouth,579.1,445.5,721.3,511.0,883.9,646.9,1061.6,728.7,conscientiousness_high4_IzKWDY_QNTU.000.mp4,1280,720,23.976,367,conscientiousness,high
354,14764,forehead,472.2,193.2,794.4,472.7,750.2,331.5,1152.9,680.9,conscientiousness_high4_IzKWDY_QNTU.000.mp4,1280,720,23.976,367,conscientiousness,high
354,14764,chin,478.0,332.6,794.2,569.9,757.5,505.8,1152.7,802.4,conscientiousness_high4_IzKWDY_QNTU.000.mp4,1280,720,23.976,367,conscientiousness,high
354,14764,left_cheek,494.5,360.0,594.3,482.2,778.1,540.0,902.9,692.8,conscientiousness_high4_IzKWDY_QNTU.000.mp4,1280,720,23.976,367,conscientiousness,high
354,14764,right_cheek,695.2,336.0,785.9,465.6,1029.0,510.0,1142.4,672.0,conscientiousness_high4_IzKWDY_QNTU.000.mp4,1280,720,23.976,367,conscientiousness,high
355,14806,left_eye,503.2,264.2,609.8,341.9,789.0,420.2,922.3,517.4,conscientiousness_high4_IzKWDY_QNTU.000.mp4,1280,720,23.976,367,conscientiousness,high
355,14806,right_eye,666.2,245.4,769.0,328.7,992.8,396.7,1121.3,500.9,conscientiousness_high4_IzKWDY_QNTU.000.mp4,1280,720,23.976,367,conscientiousness,high
355,14806,nose,603.3,305.7,695.1,429.2,914.1,472.1,1028.9,626.5,conscientiousness_high4_IzKWDY_QNTU.000.mp4,1280,720,23.976,367,conscientiousness,high
355,14806,mouth,579.5,445.0,721.5,511.2,884.3,646.3,1061.8,729.0,conscientiousness_high4_IzKWDY_QNTU.000.mp4,1280,720,23.976,367,conscientiousness,high
355,14806,forehead,471.3,193.7,794.4,475.9,749.1,332.1,1153.0,684.9,conscientiousness_high4_IzKWDY_QNTU.000.mp4,1280,720,23.976,367,conscientiousness,high
355,14806,chin,477.2,334.8,794.4,571.2,756.5,508.4,1153.0,804.0,conscientiousness_high4_IzKWDY_QNTU.000.mp4,1280,720,23.976,367,conscientiousness,high
355,14806,left_cheek,494.0,361.3,594.3,483.4,777.6,541.6,902.9,694.2,conscientiousness_high4_IzKWDY_QNTU.000.mp4,1280,720,23.976,367,conscientiousness,high
355,14806,right_cheek,695.3,336.1,786.5,465.6,1029.1,510.2,1143.1,672.1,conscientiousness_high4_IzKWDY_QNTU.000.mp4,1280,720,23.976,367,conscientiousness,high
356,14848,left_eye,502.9,264.1,608.9,342.0,788.6,420.2,921.2,517.5,conscientiousness_high4_IzKWDY_QNTU.000.mp4,1280,720,23.976,367,conscientiousness,high
356,14848,right_eye,665.1,245.1,768.1,328.3,991.3,396.4,1120.2,500.4,conscientiousness_high4_IzKWDY_QNTU.000.mp4,1280,720,23.976,367,conscientiousness,high
356,14848,nose,603.0,305.0,694.6,426.9,913.7,471.2,1028.2,623.6,conscientiousness_high4_IzKWDY_QNTU.000.mp4,1280,720,23.976,367,conscientiousness,high
356,14848,mouth,579.3,443.4,721.5,510.9,884.1,644.3,1061.8,728.6,conscientiousness_high4_IzKWDY_QNTU.000.mp4,1280,720,23.976,367,conscientiousness,high
356,14848,forehead,471.4,193.7,794.4,479.7,749.2,332.1,1153.0,689.6,conscientiousness_high4_IzKWDY_QNTU.000.mp4,1280,720,23.976,367,conscientiousness,high
356,14848,chin,477.1,336.5,794.4,572.3,756.4,510.6,1153.0,805.4,conscientiousness_high4_IzKWDY_QNTU.000.mp4,1280,720,23.976,367,conscientiousness,high
356,14848,left_cheek,493.9,361.3,593.9,484.5,777.4,541.6,902.4,695.6,conscientiousness_high4_IzKWDY_QNTU.000.mp4,1280,720,23.976,367,conscientiousness,high
356,14848,right_cheek,694.9,336.1,786.5,465.7,1028.7,510.2,1143.1,672.1,conscientiousness_high4_IzKWDY_QNTU.000.mp4,1280,720,23.976,367,conscientiousness,high
357,14889,left_eye,501.8,261.9,606.8,340.8,787.3,417.3,918.5,516.0,conscientiousness_high4_IzKWDY_QNTU.000.mp4,1280,720,23.976,367,conscientiousness,high
357,14889,right_eye,662.8,242.3,766.4,325.4,988.5,392.9,1118.0,496.8,conscientiousness_high4_IzKWDY_QNTU.000.mp4,1280,720,23.976,367,conscientiousness,high
357,14889,nose,601.3,301.7,693.2,422.5,911.6,467.1,1026.5,618.1,conscientiousness_high4_IzKWDY_QNTU.000.mp4,1280,720,23.976,367,conscientiousness,high
357,14889,mouth,578.3,438.8,721.5,508.2,882.8,638.4,1061.8,725.3,conscientiousness_high4_IzKWDY_QNTU.000.mp4,1280,720,23.976,367,conscientiousness,high
357,14889,forehead,471.4,192.3,794.1,482.3,749.3,330.4,1152.7,692.9,conscientiousness_high4_IzKWDY_QNTU.000.mp4,1280,720,23.976,367,conscientiousness,high
357,14889,chin,476.7,336.9,794.1,572.4,755.9,511.1,1152.7,805.5,conscientiousness_high4_IzKWDY_QNTU.000.mp4,1280,720,23.976,367,conscientiousness,high
357,14889,left_cheek,492.9,360.2,592.1,484.7,776.1,540.3,900.1,695.8,conscientiousness_high4_IzKWDY_QNTU.000.mp4,1280,720,23.976,367,conscientiousness,high
357,14889,right_cheek,693.8,335.0,786.4,464.8,1027.3,508.8,1143.0,671.0,conscientiousness_high4_IzKWDY_QNTU.000.mp4,1280,720,23.976,367,conscientiousness,high
358,14931,left_eye,500.2,259.9,605.1,339.3,785.3,414.9,916.4,514.1,conscientiousness_high4_IzKWDY_QNTU.000.mp4,1280,720,23.976,367,conscientiousness,high
358,14931,right_eye,661.2,239.2,765.2,322.3,986.5,389.0,1116.5,492.9,conscientiousness_high4_IzKWDY_QNTU.000.mp4,1280,720,23.976,367,conscientiousness,high
358,14931,nose,600.1,299.0,692.4,418.9,910.1,463.8,1025.5,613.6,conscientiousness_high4_IzKWDY_QNTU.000.mp4,1280,720,23.976,367,conscientiousness,high
358,14931,mouth,576.8,435.1,721.7,506.3,881.0,633.9,1062.2,722.9,conscientiousness_high4_IzKWDY_QNTU.000.mp4,1280,720,23.976,367,conscientiousness,high
358,14931,forehead,470.5,190.9,793.8,484.4,748.1,328.7,1152.3,695.5,conscientiousness_high4_IzKWDY_QNTU.000.mp4,1280,720,23.976,367,conscientiousness,high
358,14931,chin,475.2,337.0,793.8,572.4,754.0,511.3,1152.3,805.5,conscientiousness_high4_IzKWDY_QNTU.000.mp4,1280,720,23.976,367,conscientiousness,high
358,14931,left_cheek,491.1,358.8,590.5,484.7,773.8,538.5,898.1,695.9,conscientiousness_high4_IzKWDY_QNTU.000.mp4,1280,720,23.976,367,conscientiousness,high
358,14931,right_cheek,693.2,333.2,786.4,463.0,1026.5,506.5,1143.0,668.8,conscientiousness_high4_IzKWDY_QNTU.000.mp4,1280,720,23.976,367,conscientiousness,high
359,14973,left_eye,499.1,256.6,604.3,336.8,783.9,410.8,915.4,511.0,conscientiousness_high4_IzKWDY_QNTU.000.mp4,1280,720,23.976,367,conscientiousness,high
359,14973,right_eye,660.9,235.4,764.9,319.6,986.2,384.2,1116.1,489.5,conscientiousness_high4_IzKWDY_QNTU.000.mp4,1280,720,23.976,367,conscientiousness,high
359,14973,nose,600.0,295.8,692.5,414.6,909.9,459.7,1025.6,608.3,conscientiousness_high4_IzKWDY_QNTU.000.mp4,1280,720,23.976,367,conscientiousness,high
359,14973,mouth,575.9,431.5,723.2,503.8,879.9,629.4,1064.0,719.8,conscientiousness_high4_IzKWDY_QNTU.000.mp4,1280,720,23.976,367,conscientiousness,high
359,14973,forehead,469.8,188.7,793.6,484.2,747.2,325.9,1152.0,695.2,conscientiousness_high4_IzKWDY_QNTU.000.mp4,1280,720,23.976,367,conscientiousness,high
359,14973,chin,474.7,336.8,793.6,572.1,753.4,511.0,1152.0,805.2,conscientiousness_high4_IzKWDY_QNTU.000.mp4,1280,720,23.976,367,conscientiousness,high
359,14973,left_cheek,490.5,356.2,590.0,484.1,773.2,535.3,897.5,695.1,conscientiousness_high4_IzKWDY_QNTU.000.mp4,1280,720,23.976,367,conscientiousness,high
359,14973,right_cheek,693.1,330.3,786.4,459.6,1026.4,502.9,1143.0,664.5,conscientiousness_high4_IzKWDY_QNTU.000.mp4,1280,720,23.976,367,conscientiousness,high
360,15015,left_eye,499.0,254.1,604.3,335.0,783.8,407.7,915.4,508.8,conscientiousness_high4_IzKWDY_QNTU.000.mp4,1280,720,23.976,367,conscientiousness,high
360,15015,right_eye,661.0,232.8,764.8,317.2,986.3,381.0,1115.9,486.5,conscientiousness_high4_IzKWDY_QNTU.000.mp4,1280,720,23.976,367,conscientiousness,high
360,15015,nose,600.2,293.4,692.5,411.3,910.2,456.7,1025.7,604.1,conscientiousness_high4_IzKWDY_QNTU.000.mp4,1280,720,23.976,367,conscientiousness,high
360,15015,mouth,576.3,428.9,724.5,502.9,880.3,626.1,1065.6,718.6,conscientiousness_high4_IzKWDY_QNTU.000.mp4,1280,720,23.976,367,conscientiousness,high
360,15015,forehead,469.9,186.9,793.6,483.7,747.3,323.6,1152.0,694.6,conscientiousness_high4_IzKWDY_QNTU.000.mp4,1280,720,23.976,367,conscientiousness,high
360,15015,chin,474.9,335.6,793.6,571.6,753.6,509.6,1152.0,804.5,conscientiousness_high4_IzKWDY_QNTU.000.mp4,1280,720,23.976,367,conscientiousness,high
360,15015,left_cheek,490.7,354.2,590.2,483.0,773.4,532.7,897.7,693.8,conscientiousness_high4_IzKWDY_QNTU.000.mp4,1280,720,23.976,367,conscientiousness,high
360,15015,right_cheek,693.2,327.9,786.8,456.8,1026.5,499.8,1143.5,661.1,conscientiousness_high4_IzKWDY_QNTU.000.mp4,1280,720,23.976,367,conscientiousness,high
361,15056,left_eye,498.8,253.8,603.9,334.5,783.5,407.3,914.9,508.2,conscientiousness_high4_IzKWDY_QNTU.000.mp4,1280,720,23.976,367,conscientiousness,high
361,15056,right_eye,660.7,232.0,764.5,316.0,985.9,380.0,1115.7,485.0,conscientiousness_high4_IzKWDY_QNTU.000.mp4,1280,720,23.976,367,conscientiousness,high
361,15056,nose,600.2,292.7,692.6,410.5,910.3,455.9,1025.8,603.1,conscientiousness_high4_IzKWDY_QNTU.000.mp4,1280,720,23.976,367,conscientiousness,high
361,15056,mouth,576.3,428.3,724.5,503.4,880.4,625.4,1065.6,719.2,conscientiousness_high4_IzKWDY_QNTU.000.mp4,1280,720,23.976,367,conscientiousness,high
361,15056,forehead,469.8,185.8,793.8,483.9,747.3,322.2,1152.2,694.9,conscientiousness_high4_IzKWDY_QNTU.000.mp4,1280,720,23.976,367,conscientiousness,high
361,15056,chin,475.0,334.2,793.8,571.8,753.8,507.8,1152.2,804.8,conscientiousness_high4_IzKWDY_QNTU.000.mp4,1280,720,23.976,367,conscientiousness,high
361,15056,left_cheek,490.8,353.8,590.2,483.0,773.5,532.2,897.7,693.8,conscientiousness_high4_IzKWDY_QNTU.000.mp4,1280,720,23.976,367,conscientiousness,high
361,15056,right_cheek,693.3,326.5,787.0,456.2,1026.6,498.1,1143.8,660.3,conscientiousness_high4_IzKWDY_QNTU.000.mp4,1280,720,23.976,367,conscientiousness,high
362,15098,left_eye,497.9,254.4,603.1,335.0,782.3,408.1,913.9,508.7,conscientiousness_high4_IzKWDY_QNTU.000.mp4,1280,720,23.976,367,conscientiousness,high
362,15098,right_eye,660.1,231.8,764.3,316.1,985.2,379.8,1115.4,485.1,conscientiousness_high4_IzKWDY_QNTU.000.mp4,1280,720,23.976,367,conscientiousness,high
362,15098,nose,600.0,293.2,692.7,411.2,910.0,456.4,1025.9,604.0,conscientiousness_high4_IzKWDY_QNTU.000.mp4,1280,720,23.976,367,conscientiousness,high
362,15098,mouth,576.5,429.3,724.7,508.3,880.7,626.6,1065.9,725.4,conscientiousness_high4_IzKWDY_QNTU.000.mp4,1280,720,23.976,367,conscientiousness,high
362,15098,forehead,468.6,186.1,794.0,484.5,745.7,322.6,1152.5,695.6,conscientiousness_high4_IzKWDY_QNTU.000.mp4,1280,720,23.976,367,conscientiousness,high
362,15098,chin,474.4,333.5,794.0,573.2,753.1,506.8,1152.5,806.5,conscientiousness_high4_IzKWDY_QNTU.000.mp4,1280,720,23.976,367,conscientiousness,high
362,15098,left_cheek,490.2,354.3,590.0,483.5,772.7,532.9,897.4,694.4,conscientiousness_high4_IzKWDY_QNTU.000.mp4,1280,720,23.976,367,conscientiousness,high
362,15098,right_cheek,693.3,326.2,787.2,456.5,1026.7,497.8,1144.0,660.6,conscientiousness_high4_IzKWDY_QNTU.000.mp4,1280,720,23.976,367,conscientiousness,high
363,15140,left_eye,497.2,254.7,602.7,336.2,781.5,408.4,913.4,510.2,conscientiousness_high4_IzKWDY_QNTU.000.mp4,1280,720,23.976,367,conscientiousness,high
363,15140,right_eye,659.9,232.5,764.2,317.0,984.8,380.7,1115.2,486.2,conscientiousness_high4_IzKWDY_QNTU.000.mp4,1280,720,23.976,367,conscientiousness,high
363,15140,nose,599.9,293.9,692.7,412.6,909.9,457.4,1025.8,605.7,conscientiousness_high4_IzKWDY_QNTU.000.mp4,1280,720,23.976,367,conscientiousness,high
363,15140,mouth,576.6,430.4,724.7,511.8,880.7,628.0,1065.9,729.8,conscientiousness_high4_IzKWDY_QNTU.000.mp4,1280,720,23.976,367,conscientiousness,high
363,15140,forehead,467.5,186.4,794.0,486.3,744.4,323.0,1152.5,697.9,conscientiousness_high4_IzKWDY_QNTU.000.mp4,1280,720,23.976,367,conscientiousness,high
363,15140,chin,474.0,333.7,794.0,574.6,752.5,507.1,1152.5,808.2,conscientiousness_high4_IzKWDY_QNTU.000.mp4,1280,720,23.976,367,conscientiousness,high
363,15140,left_cheek,489.9,355.3,589.8,485.4,772.4,534.1,897.2,696.8,conscientiousness_high4_IzKWDY_QNTU.000.mp4,1280,720,23.976,367,conscientiousness,high
363,15140,right_cheek,693.3,326.9,787.2,456.8,1026.7,498.7,1144.0,661.0,conscientiousness_high4_IzKWDY_QNTU.000.mp4,1280,720,23.976,367,conscientiousness,high
364,15181,left_eye,497.0,256.5,602.6,338.4,781.3,410.6,913.3,512.9,conscientiousness_high4_IzKWDY_QNTU.000.mp4,1280,720,23.976,367,conscientiousness,high
364,15181,right_eye,659.6,232.7,764.0,317.8,984.5,380.8,1115.0,487.3,conscientiousness_high4_IzKWDY_QNTU.000.mp4,1280,720,23.976,367,conscientiousness,high
364,15181,nose,599.9,295.1,692.5,413.3,909.9,458.9,1025.6,606.7,conscientiousness_high4_IzKWDY_QNTU.000.mp4,1280,720,23.976,367,conscientiousness,high
364,15181,mouth,576.7,431.0,725.1,512.4,880.9,628.8,1066.4,730.5,conscientiousness_high4_IzKWDY_QNTU.000.mp4,1280,720,23.976,367,conscientiousness,high
364,15181,forehead,466.9,187.1,794.0,488.2,743.7,323.8,1152.5,700.2,conscientiousness_high4_IzKWDY_QNTU.000.mp4,1280,720,23.976,367,conscientiousness,high
364,15181,chin,473.8,334.7,794.0,575.4,752.3,508.4,1152.5,809.3,conscientiousness_high4_IzKWDY_QNTU.000.mp4,1280,720,23.976,367,conscientiousness,high
364,15181,left_cheek,489.8,357.5,589.8,487.4,772.3,536.9,897.2,699.2,conscientiousness_high4_IzKWDY_QNTU.000.mp4,1280,720,23.976,367,conscientiousness,high
364,15181,right_cheek,693.3,327.7,787.3,458.3,1026.6,499.6,1144.1,662.9,conscientiousness_high4_IzKWDY_QNTU.000.mp4,1280,720,23.976,367,conscientiousness,high
365,15223,left_eye,496.8,258.2,602.5,340.1,781.0,412.8,913.2,515.1,conscientiousness_high4_IzKWDY_QNTU.000.mp4,1280,720,23.976,367,conscientiousness,high
365,15223,right_eye,659.6,233.8,763.9,319.4,984.5,382.3,1114.9,489.2,conscientiousness_high4_IzKWDY_QNTU.000.mp4,1280,720,23.976,367,conscientiousness,high
365,15223,nose,599.9,297.4,692.4,416.8,909.9,461.7,1025.5,611.1,conscientiousness_high4_IzKWDY_QNTU.000.mp4,1280,720,23.976,367,conscientiousness,high
365,15223,mouth,575.9,432.8,726.1,511.1,879.9,631.0,1067.6,728.9,conscientiousness_high4_IzKWDY_QNTU.000.mp4,1280,720,23.976,367,conscientiousness,high
365,15223,forehead,466.3,188.1,793.9,489.0,742.9,325.1,1152.4,701.2,conscientiousness_high4_IzKWDY_QNTU.000.mp4,1280,720,23.976,367,conscientiousness,high
365,15223,chin,473.4,335.0,793.9,575.2,751.8,508.7,1152.4,809.0,conscientiousness_high4_IzKWDY_QNTU.000.mp4,1280,720,23.976,367,conscientiousness,high
365,15223,left_cheek,489.5,359.3,589.7,488.2,771.9,539.2,897.2,700.3,conscientiousness_high4_IzKWDY_QNTU.000.mp4,1280,720,23.976,367,conscientiousness,high
365,15223,right_cheek,693.1,328.4,787.4,459.2,1026.4,500.5,1144.3,664.0,conscientiousness_high4_IzKWDY_QNTU.000.mp4,1280,720,23.976,367,conscientiousness,high
366,15265,left_eye,496.8,259.9,602.6,341.0,781.0,414.8,913.2,516.2,conscientiousness_high4_IzKWDY_QNTU.000.mp4,1280,720,23.976,367,conscientiousness,high
366,15265,right_eye,659.7,235.9,764.0,320.7,984.6,384.9,1114.9,490.9,conscientiousness_high4_IzKWDY_QNTU.000.mp4,1280,720,23.976,367,conscientiousness,high
366,15265,nose,600.3,298.8,692.4,418.7,910.4,463.5,1025.5,613.4,conscientiousness_high4_IzKWDY_QNTU.000.mp4,1280,720,23.976,367,conscientiousness,high
366,15265,mouth,575.3,434.7,726.8,509.0,879.1,633.4,1068.5,726.2,conscientiousness_high4_IzKWDY_QNTU.000.mp4,1280,720,23.976,367,conscientiousness,high
366,15265,forehead,466.0,189.5,793.8,489.1,742.5,326.8,1152.2,701.4,conscientiousness_high4_IzKWDY_QNTU.000.mp4,1280,720,23.976,367,conscientiousness,high
366,15265,chin,472.8,335.6,793.8,575.1,751.0,509.6,1152.2,808.8,conscientiousness_high4_IzKWDY_QNTU.000.mp4,1280,720,23.976,367,conscientiousness,high
366,15265,left_cheek,489.3,360.1,589.8,488.2,771.6,540.1,897.2,700.3,conscientiousness_high4_IzKWDY_QNTU.000.mp4,1280,720,23.976,367,conscientiousness,high
366,15265,right_cheek,693.1,329.5,787.6,459.5,1026.4,501.9,1144.5,664.4,conscientiousness_high4_IzKWDY_QNTU.000.mp4,1280,720,23.976,367,conscientiousness,high
