frame,timestamp_ms,aoi_name,vid_x_min,vid_y_min,vid_x_max,vid_y_max,screen_x_min,screen_y_min,screen_x_max,screen_y_max,video_file,native_width,native_height,fps,total_frames,trait,level
0,0,left_eye,496.0,241.1,593.1,320.1,780.0,391.4,901.3,490.2,extraversion_high5_FxVUG2R1y0Q.004.mp4,1280,720,29.97,459,extraversion,high
0,0,right_eye,656.2,248.8,788.0,325.8,980.3,400.9,1145.0,497.2,extraversion_high5_FxVUG2R1y0Q.004.mp4,1280,720,29.97,459,extraversion,high
0,0,nose,567.6,297.4,667.7,419.8,869.4,461.8,994.6,614.8,extraversion_high5_FxVUG2R1y0Q.004.mp4,1280,720,29.97,459,extraversion,high
0,0,mouth,553.5,437.9,705.0,533.9,851.9,637.3,1041.2,757.4,extraversion_high5_FxVUG2R1y0Q.004.mp4,1280,720,29.97,459,extraversion,high
0,0,forehead,489.4,184.6,838.1,475.1,771.7,320.7,1207.6,683.9,extraversion_high5_FxVUG2R1y0Q.004.mp4,1280,720,29.97,459,extraversion,high
0,0,chin,492.9,339.6,835.7,589.3,776.1,514.6,1204.6,826.6,extraversion_high5_FxVUG2R1y0Q.004.mp4,1280,720,29.97,459,extraversion,high
0,0,left_cheek,484.9,337.3,570.1,474.6,766.1,511.6,872.7,683.2,extraversion_high5_FxVUG2R1y0Q.004.mp4,1280,720,29.97,459,extraversion,high
0,0,right_cheek,682.2,348.7,803.6,486.4,1012.8,525.9,1164.4,698.0,extraversion_high5_FxVUG2R1y0Q.004.mp4,1280,720,29.97,459,extraversion,high
1,33,left_eye,496.0,241.1,593.1,320.2,780.0,391.4,901.4,490.3,extraversion_high5_FxVUG2R1y0Q.004.mp4,1280,720,29.97,459,extraversion,high
1,33,right_eye,655.8,248.8,787.1,326.3,979.8,401.0,1143.9,497.9,extraversion_high5_FxVUG2R1y0Q.004.mp4,1280,720,29.97,459,extraversion,high
1,33,nose,567.6,297.7,666.7,420.8,869.5,462.2,993.4,616.0,extraversion_high5_FxVUG2R1y0Q.004.mp4,1280,720,29.97,459,extraversion,high
1,33,mouth,553.8,438.9,703.2,533.9,852.2,638.6,1038.9,757.4,extraversion_high5_FxVUG2R1y0Q.004.mp4,1280,720,29.97,459,extraversion,high
1,33,forehead,489.0,184.4,837.8,476.1,771.3,320.5,1207.2,685.2,extraversion_high5_FxVUG2R1y0Q.004.mp4,1280,720,29.97,459,extraversion,high
1,33,chin,492.0,339.2,835.2,590.9,775.0,514.0,1204.0,828.6,extraversion_high5_FxVUG2R1y0Q.004.mp4,1280,720,29.97,459,extraversion,high
1,33,left_cheek,484.6,337.2,570.1,475.2,765.7,511.5,872.7,684.0,extraversion_high5_FxVUG2R1y0Q.004.mp4,1280,720,29.97,459,extraversion,high
1,33,right_cheek,681.7,349.7,803.3,488.5,1012.1,527.2,1164.1,700.6,extraversion_high5_FxVUG2R1y0Q.004.mp4,1280,720,29.97,459,extraversion,high
2,66,left_eye,496.0,241.2,593.1,320.7,780.0,391.6,901.4,490.8,extraversion_high5_FxVUG2R1y0Q.004.mp4,1280,720,29.97,459,extraversion,high
2,66,right_eye,655.1,248.8,786.3,326.9,978.9,401.0,1142.9,498.6,extraversion_high5_FxVUG2R1y0Q.004.mp4,1280,720,29.97,459,extraversion,high
2,66,nose,568.7,298.6,664.3,422.2,870.8,463.3,990.4,617.8,extraversion_high5_FxVUG2R1y0Q.004.mp4,1280,720,29.97,459,extraversion,high
2,66,mouth,554.7,443.1,697.6,534.3,853.4,643.9,1032.0,757.9,extraversion_high5_FxVUG2R1y0Q.004.mp4,1280,720,29.97,459,extraversion,high
2,66,forehead,488.9,184.4,837.3,476.6,771.2,320.4,1206.7,685.7,extraversion_high5_FxVUG2R1y0Q.004.mp4,1280,720,29.97,459,extraversion,high
2,66,chin,491.8,338.7,834.7,592.8,774.8,513.4,1203.4,831.0,extraversion_high5_FxVUG2R1y0Q.004.mp4,1280,720,29.97,459,extraversion,high
2,66,left_cheek,484.8,337.3,570.2,476.9,766.0,511.6,872.8,686.2,extraversion_high5_FxVUG2R1y0Q.004.mp4,1280,720,29.97,459,extraversion,high
2,66,right_cheek,680.4,351.2,802.7,491.1,1010.5,529.0,1163.4,703.8,extraversion_high5_FxVUG2R1y0Q.004.mp4,1280,720,29.97,459,extraversion,high
3,100,left_eye,496.0,241.3,593.1,320.8,780.1,391.6,901.4,491.1,extraversion_high5_FxVUG2R1y0Q.004.mp4,1280,720,29.97,459,extraversion,high
3,100,right_eye,654.8,248.9,785.6,327.4,978.5,401.1,1142.0,499.2,extraversion_high5_FxVUG2R1y0Q.004.mp4,1280,720,29.97,459,extraversion,high
3,100,nose,570.7,299.1,662.3,424.4,873.4,463.9,987.9,620.5,extraversion_high5_FxVUG2R1y0Q.004.mp4,1280,720,29.97,459,extraversion,high
3,100,mouth,558.3,448.6,691.4,533.0,857.8,650.7,1024.2,756.3,extraversion_high5_FxVUG2R1y0Q.004.mp4,1280,720,29.97,459,extraversion,high
3,100,forehead,489.0,183.8,836.6,476.7,771.3,319.7,1205.8,685.9,extraversion_high5_FxVUG2R1y0Q.004.mp4,1280,720,29.97,459,extraversion,high
3,100,chin,491.8,338.0,833.9,592.7,774.8,512.5,1202.4,830.9,extraversion_high5_FxVUG2R1y0Q.004.mp4,1280,720,29.97,459,extraversion,high
3,100,left_cheek,485.2,337.6,570.8,479.0,766.5,511.9,873.5,688.7,extraversion_high5_FxVUG2R1y0Q.004.mp4,1280,720,29.97,459,extraversion,high
3,100,right_cheek,679.5,352.4,802.2,493.8,1009.3,530.5,1162.8,707.2,extraversion_high5_FxVUG2R1y0Q.004.mp4,1280,720,29.97,459,extraversion,high
4,133,left_eye,496.0,241.3,592.7,322.3,780.0,391.6,900.9,492.8,extraversion_high5_FxVUG2R1y0Q.004.mp4,1280,720,29.97,459,extraversion,high
4,133,right_eye,653.7,248.9,784.3,327.5,977.1,401.2,1140.4,499.4,extraversion_high5_FxVUG2R1y0Q.004.mp4,1280,720,29.97,459,extraversion,high
4,133,nose,571.0,300.2,660.5,427.9,873.7,465.3,985.7,624.8,extraversion_high5_FxVUG2R1y0Q.004.mp4,1280,720,29.97,459,extraversion,high
4,133,mouth,561.3,456.8,684.0,524.8,861.6,661.0,1015.0,746.0,extraversion_high5_FxVUG2R1y0Q.004.mp4,1280,720,29.97,459,extraversion,high
4,133,forehead,489.1,183.5,835.9,476.2,771.4,319.3,1204.8,685.3,extraversion_high5_FxVUG2R1y0Q.004.mp4,1280,720,29.97,459,extraversion,high
4,133,chin,492.1,338.0,833.1,586.6,775.1,512.5,1201.3,823.3,extraversion_high5_FxVUG2R1y0Q.004.mp4,1280,720,29.97,459,extraversion,high
4,133,left_cheek,485.4,338.9,570.9,480.6,766.8,513.6,873.7,690.7,extraversion_high5_FxVUG2R1y0Q.004.mp4,1280,720,29.97,459,extraversion,high
4,133,right_cheek,678.0,352.9,801.1,494.0,1007.5,531.1,1161.3,707.5,extraversion_high5_FxVUG2R1y0Q.004.mp4,1280,720,29.97,459,extraversion,high
5,166,left_eye,496.3,241.2,592.3,323.4,780.4,391.4,900.3,494.2,extraversion_high5_FxVUG2R1y0Q.004.mp4,1280,720,29.97,459,extraversion,high
5,166,right_eye,653.7,247.1,784.2,329.4,977.1,398.8,1140.2,501.7,extraversion_high5_FxVUG2R1y0Q.004.mp4,1280,720,29.97,459,extraversion,high
5,166,nose,570.9,300.3,659.1,429.0,873.6,465.3,983.9,626.2,extraversion_high5_FxVUG2R1y0Q.004.mp4,1280,720,29.97,459,extraversion,high
5,166,mouth,563.1,459.0,681.1,522.5,863.9,663.8,1011.3,743.2,extraversion_high5_FxVUG2R1y0Q.004.mp4,1280,720,29.97,459,extraversion,high
5,166,forehead,489.3,183.2,834.7,476.6,771.6,319.0,1203.4,685.7,extraversion_high5_FxVUG2R1y0Q.004.mp4,1280,720,29.97,459,extraversion,high
5,166,chin,492.1,340.2,832.2,586.4,775.1,515.2,1200.3,823.0,extraversion_high5_FxVUG2R1y0Q.004.mp4,1280,720,29.97,459,extraversion,high
5,166,left_cheek,485.7,341.8,571.0,482.7,767.1,517.3,873.8,693.3,extraversion_high5_FxVUG2R1y0Q.004.mp4,1280,720,29.97,459,extraversion,high
5,166,right_cheek,676.7,353.3,799.7,494.8,1005.9,531.6,1159.7,708.5,extraversion_high5_FxVUG2R1y0Q.004.mp4,1280,720,29.97,459,extraversion,high
6,200,left_eye,496.6,240.9,592.3,326.9,780.8,391.1,900.3,498.6,extraversion_high5_FxVUG2R1y0Q.004.mp4,1280,720,29.97,459,extraversion,high
6,200,right_eye,653.7,245.5,784.3,332.9,977.1,396.9,1140.3,506.2,extraversion_high5_FxVUG2R1y0Q.004.mp4,1280,720,29.97,459,extraversion,high
6,200,nose,571.0,300.4,658.6,429.2,873.8,465.5,983.2,626.5,extraversion_high5_FxVUG2R1y0Q.004.mp4,1280,720,29.97,459,extraversion,high
6,200,mouth,563.8,459.5,681.3,522.0,864.7,664.3,1011.7,742.5,extraversion_high5_FxVUG2R1y0Q.004.mp4,1280,720,29.97,459,extraversion,high
6,200,forehead,489.5,183.1,834.4,477.9,771.9,318.9,1203.0,687.4,extraversion_high5_FxVUG2R1y0Q.004.mp4,1280,720,29.97,459,extraversion,high
6,200,chin,492.2,343.2,832.0,586.0,775.2,519.0,1200.0,822.6,extraversion_high5_FxVUG2R1y0Q.004.mp4,1280,720,29.97,459,extraversion,high
6,200,left_cheek,486.3,344.2,571.2,483.9,767.8,520.3,874.0,694.9,extraversion_high5_FxVUG2R1y0Q.004.mp4,1280,720,29.97,459,extraversion,high
6,200,right_cheek,676.4,354.1,799.4,495.3,1005.6,532.6,1159.3,709.1,extraversion_high5_FxVUG2R1y0Q.004.mp4,1280,720,29.97,459,extraversion,high
7,233,left_eye,496.6,240.9,592.3,326.8,780.8,391.1,900.3,498.5,extraversion_high5_FxVUG2R1y0Q.004.mp4,1280,720,29.97,459,extraversion,high
7,233,right_eye,653.6,244.8,784.4,331.9,977.1,396.0,1140.5,504.8,extraversion_high5_FxVUG2R1y0Q.004.mp4,1280,720,29.97,459,extraversion,high
7,233,nose,571.1,300.4,659.2,428.9,873.9,465.5,984.0,626.2,extraversion_high5_FxVUG2R1y0Q.004.mp4,1280,720,29.97,459,extraversion,high
7,233,mouth,563.0,459.0,683.4,523.5,863.8,663.7,1014.2,744.3,extraversion_high5_FxVUG2R1y0Q.004.mp4,1280,720,29.97,459,extraversion,high
7,233,forehead,489.6,183.0,834.5,478.5,772.0,318.7,1203.1,688.1,extraversion_high5_FxVUG2R1y0Q.004.mp4,1280,720,29.97,459,extraversion,high
7,233,chin,492.3,345.3,832.0,586.3,775.3,521.6,1200.0,822.9,extraversion_high5_FxVUG2R1y0Q.004.mp4,1280,720,29.97,459,extraversion,high
7,233,left_cheek,486.4,345.6,571.3,485.4,768.0,522.1,874.1,696.7,extraversion_high5_FxVUG2R1y0Q.004.mp4,1280,720,29.97,459,extraversion,high
7,233,right_cheek,676.7,354.0,799.5,495.3,1005.9,532.5,1159.4,709.1,extraversion_high5_FxVUG2R1y0Q.004.mp4,1280,720,29.97,459,extraversion,high
8,266,left_eye,495.9,241.1,592.2,326.1,779.9,391.4,900.2,497.6,extraversion_high5_FxVUG2R1y0Q.004.mp4,1280,720,29.97,459,extraversion,high
8,266,right_eye,653.6,245.0,785.0,330.5,977.0,396.3,1141.2,503.1,extraversion_high5_FxVUG2R1y0Q.004.mp4,1280,720,29.97,459,extraversion,high
8,266,nose,571.7,300.6,659.8,428.6,874.7,465.8,984.8,625.7,extraversion_high5_FxVUG2R1y0Q.004.mp4,1280,720,29.97,459,extraversion,high
8,266,mouth,562.8,456.9,693.1,531.1,863.5,661.1,1026.4,753.9,extraversion_high5_FxVUG2R1y0Q.004.mp4,1280,720,29.97,459,extraversion,high
8,266,forehead,489.2,183.1,835.1,479.0,771.5,318.9,1203.9,688.7,extraversion_high5_FxVUG2R1y0Q.004.mp4,1280,720,29.97,459,extraversion,high
8,266,chin,492.2,346.0,833.3,590.5,775.3,522.5,1201.6,828.1,extraversion_high5_FxVUG2R1y0Q.004.mp4,1280,720,29.97,459,extraversion,high
8,266,left_cheek,486.2,345.7,571.4,486.0,767.7,522.1,874.3,697.4,extraversion_high5_FxVUG2R1y0Q.004.mp4,1280,720,29.97,459,extraversion,high
8,266,right_cheek,677.3,353.8,800.7,495.2,1006.6,532.2,1160.8,709.0,extraversion_high5_FxVUG2R1y0Q.004.mp4,1280,720,29.97,459,extraversion,high
9,300,left_eye,494.9,241.9,592.2,326.1,778.6,392.3,900.2,497.6,extraversion_high5_FxVUG2R1y0Q.004.mp4,1280,720,29.97,459,extraversion,high
9,300,right_eye,653.6,245.6,785.0,329.2,977.0,397.0,1141.2,501.6,extraversion_high5_FxVUG2R1y0Q.004.mp4,1280,720,29.97,459,extraversion,high
9,300,nose,571.9,301.0,661.3,428.3,874.9,466.2,986.6,625.4,extraversion_high5_FxVUG2R1y0Q.004.mp4,1280,720,29.97,459,extraversion,high
9,300,mouth,562.4,455.8,698.3,537.8,863.0,659.8,1032.8,762.3,extraversion_high5_FxVUG2R1y0Q.004.mp4,1280,720,29.97,459,extraversion,high
9,300,forehead,487.7,183.3,835.2,479.5,769.7,319.1,1204.0,689.4,extraversion_high5_FxVUG2R1y0Q.004.mp4,1280,720,29.97,459,extraversion,high
9,300,chin,491.5,346.6,833.4,597.8,774.4,523.3,1201.8,837.2,extraversion_high5_FxVUG2R1y0Q.004.mp4,1280,720,29.97,459,extraversion,high
9,300,left_cheek,485.8,345.6,571.5,486.8,767.2,522.0,874.4,698.5,extraversion_high5_FxVUG2R1y0Q.004.mp4,1280,720,29.97,459,extraversion,high
9,300,right_cheek,678.1,353.2,801.0,495.1,1007.6,531.5,1161.3,708.9,extraversion_high5_FxVUG2R1y0Q.004.mp4,1280,720,29.97,459,extraversion,high
10,333,left_eye,494.7,242.2,592.7,326.1,778.4,392.7,900.8,497.6,extraversion_high5_FxVUG2R1y0Q.004.mp4,1280,720,29.97,459,extraversion,high
10,333,right_eye,653.7,246.1,784.8,328.8,977.1,397.7,1141.0,501.0,extraversion_high5_FxVUG2R1y0Q.004.mp4,1280,720,29.97,459,extraversion,high
10,333,nose,571.9,301.1,661.9,428.2,874.8,466.4,987.4,625.3,extraversion_high5_FxVUG2R1y0Q.004.mp4,1280,720,29.97,459,extraversion,high
10,333,mouth,561.6,455.6,700.2,538.6,862.0,659.5,1035.2,763.3,extraversion_high5_FxVUG2R1y0Q.004.mp4,1280,720,29.97,459,extraversion,high
10,333,forehead,486.8,183.8,835.2,479.4,768.5,319.7,1204.0,689.3,extraversion_high5_FxVUG2R1y0Q.004.mp4,1280,720,29.97,459,extraversion,high
10,333,chin,490.7,346.1,833.4,596.8,773.4,522.7,1201.7,836.0,extraversion_high5_FxVUG2R1y0Q.004.mp4,1280,720,29.97,459,extraversion,high
10,333,left_cheek,485.5,345.2,571.5,486.2,766.9,521.5,874.4,697.8,extraversion_high5_FxVUG2R1y0Q.004.mp4,1280,720,29.97,459,extraversion,high
10,333,right_cheek,678.5,353.0,801.1,495.0,1008.1,531.3,1161.3,708.7,extraversion_high5_FxVUG2R1y0Q.004.mp4,1280,720,29.97,459,extraversion,high
11,367,left_eye,494.6,242.1,592.8,325.9,778.2,392.7,901.1,497.4,extraversion_high5_FxVUG2R1y0Q.004.mp4,1280,720,29.97,459,extraversion,high
11,367,right_eye,653.7,246.2,784.5,328.2,977.1,397.7,1140.7,500.3,extraversion_high5_FxVUG2R1y0Q.004.mp4,1280,720,29.97,459,extraversion,high
11,367,nose,571.6,301.0,662.1,426.6,874.5,466.2,987.6,623.3,extraversion_high5_FxVUG2R1y0Q.004.mp4,1280,720,29.97,459,extraversion,high
11,367,mouth,560.3,451.8,699.9,537.4,860.4,654.7,1034.9,761.8,extraversion_high5_FxVUG2R1y0Q.004.mp4,1280,720,29.97,459,extraversion,high
11,367,forehead,486.5,183.8,835.0,479.2,768.1,319.7,1203.8,689.0,extraversion_high5_FxVUG2R1y0Q.004.mp4,1280,720,29.97,459,extraversion,high
11,367,chin,490.4,346.1,833.3,595.9,773.0,522.6,1201.7,834.9,extraversion_high5_FxVUG2R1y0Q.004.mp4,1280,720,29.97,459,extraversion,high
11,367,left_cheek,485.2,344.7,571.4,485.6,766.5,520.9,874.2,697.0,extraversion_high5_FxVUG2R1y0Q.004.mp4,1280,720,29.97,459,extraversion,high
11,367,right_cheek,678.5,352.3,801.0,493.8,1008.1,530.4,1161.3,707.3,extraversion_high5_FxVUG2R1y0Q.004.mp4,1280,720,29.97,459,extraversion,high
12,400,left_eye,494.6,241.8,592.9,324.6,778.3,392.3,901.1,495.7,extraversion_high5_FxVUG2R1y0Q.004.mp4,1280,720,29.97,459,extraversion,high
12,400,right_eye,653.7,246.1,784.4,327.4,977.1,397.6,1140.5,499.2,extraversion_high5_FxVUG2R1y0Q.004.mp4,1280,720,29.97,459,extraversion,high
12,400,nose,571.2,300.2,662.3,424.9,874.0,465.2,987.9,621.1,extraversion_high5_FxVUG2R1y0Q.004.mp4,1280,720,29.97,459,extraversion,high
12,400,mouth,559.3,447.8,699.6,536.8,859.2,649.8,1034.5,761.0,extraversion_high5_FxVUG2R1y0Q.004.mp4,1280,720,29.97,459,extraversion,high
12,400,forehead,486.6,183.7,835.0,478.4,768.2,319.7,1203.8,688.0,extraversion_high5_FxVUG2R1y0Q.004.mp4,1280,720,29.97,459,extraversion,high
12,400,chin,490.5,345.0,833.3,595.6,773.1,521.3,1201.7,834.5,extraversion_high5_FxVUG2R1y0Q.004.mp4,1280,720,29.97,459,extraversion,high
12,400,left_cheek,485.1,343.1,571.3,483.5,766.4,518.8,874.2,694.4,extraversion_high5_FxVUG2R1y0Q.004.mp4,1280,720,29.97,459,extraversion,high
12,400,right_cheek,678.5,351.3,801.0,492.3,1008.2,529.2,1161.3,705.3,extraversion_high5_FxVUG2R1y0Q.004.mp4,1280,720,29.97,459,extraversion,high
13,433,left_eye,494.6,241.0,592.9,322.5,778.3,391.3,901.2,493.1,extraversion_high5_FxVUG2R1y0Q.004.mp4,1280,720,29.97,459,extraversion,high
13,433,right_eye,653.7,245.8,784.4,326.1,977.1,397.2,1140.5,497.6,extraversion_high5_FxVUG2R1y0Q.004.mp4,1280,720,29.97,459,extraversion,high
13,433,nose,571.0,298.9,662.5,423.0,873.8,463.7,988.1,618.8,extraversion_high5_FxVUG2R1y0Q.004.mp4,1280,720,29.97,459,extraversion,high
13,433,mouth,558.8,445.0,699.3,534.5,858.5,646.2,1034.1,758.1,extraversion_high5_FxVUG2R1y0Q.004.mp4,1280,720,29.97,459,extraversion,high
13,433,forehead,486.6,183.4,835.0,476.0,768.3,319.3,1203.8,685.0,extraversion_high5_FxVUG2R1y0Q.004.mp4,1280,720,29.97,459,extraversion,high
13,433,chin,490.5,342.1,833.3,592.9,773.1,517.6,1201.6,831.1,extraversion_high5_FxVUG2R1y0Q.004.mp4,1280,720,29.97,459,extraversion,high
13,433,left_cheek,485.0,340.5,571.3,480.6,766.3,515.7,874.1,690.8,extraversion_high5_FxVUG2R1y0Q.004.mp4,1280,720,29.97,459,extraversion,high
13,433,right_cheek,678.6,350.1,801.0,490.2,1008.2,527.7,1161.3,702.7,extraversion_high5_FxVUG2R1y0Q.004.mp4,1280,720,29.97,459,extraversion,high
14,467,left_eye,494.7,240.7,593.4,321.4,778.3,390.9,901.7,491.8,extraversion_high5_FxVUG2R1y0Q.004.mp4,1280,720,29.97,459,extraversion,high
14,467,right_eye,653.7,245.6,784.7,325.7,977.2,396.9,1140.8,497.2,extraversion_high5_FxVUG2R1y0Q.004.mp4,1280,720,29.97,459,extraversion,high
14,467,nose,571.1,298.2,663.0,422.3,873.8,462.8,988.8,617.8,extraversion_high5_FxVUG2R1y0Q.004.mp4,1280,720,29.97,459,extraversion,high
14,467,mouth,558.7,443.6,699.1,531.2,858.4,644.5,1033.9,753.9,extraversion_high5_FxVUG2R1y0Q.004.mp4,1280,720,29.97,459,extraversion,high
14,467,forehead,486.8,183.2,836.0,476.0,768.5,319.0,1205.0,685.0,extraversion_high5_FxVUG2R1y0Q.004.mp4,1280,720,29.97,459,extraversion,high
14,467,chin,490.5,341.4,834.2,590.4,773.2,516.7,1202.7,828.0,extraversion_high5_FxVUG2R1y0Q.004.mp4,1280,720,29.97,459,extraversion,high
14,467,left_cheek,485.0,339.6,571.3,479.2,766.3,514.6,874.2,689.0,extraversion_high5_FxVUG2R1y0Q.004.mp4,1280,720,29.97,459,extraversion,high
14,467,right_cheek,678.9,349.9,801.8,489.5,1008.6,527.4,1162.2,701.8,extraversion_high5_FxVUG2R1y0Q.004.mp4,1280,720,29.97,459,extraversion,high
15,500,left_eye,495.1,240.4,594.4,320.8,778.9,390.5,903.0,491.0,extraversion_high5_FxVUG2R1y0Q.004.mp4,1280,720,29.97,459,extraversion,high
15,500,right_eye,654.2,245.4,785.6,325.5,977.8,396.7,1142.0,496.9,extraversion_high5_FxVUG2R1y0Q.004.mp4,1280,720,29.97,459,extraversion,high
15,500,nose,571.7,297.6,663.7,421.7,874.6,462.0,989.6,617.1,extraversion_high5_FxVUG2R1y0Q.004.mp4,1280,720,29.97,459,extraversion,high
15,500,mouth,558.9,442.2,699.0,525.5,858.6,642.8,1033.8,746.9,extraversion_high5_FxVUG2R1y0Q.004.mp4,1280,720,29.97,459,extraversion,high
15,500,forehead,487.5,182.6,837.5,475.8,769.4,318.2,1206.9,684.8,extraversion_high5_FxVUG2R1y0Q.004.mp4,1280,720,29.97,459,extraversion,high
15,500,chin,491.1,340.8,835.3,587.2,773.9,515.9,1204.2,824.0,extraversion_high5_FxVUG2R1y0Q.004.mp4,1280,720,29.97,459,extraversion,high
15,500,left_cheek,485.4,339.0,571.9,478.2,766.7,513.8,874.8,687.8,extraversion_high5_FxVUG2R1y0Q.004.mp4,1280,720,29.97,459,extraversion,high
15,500,right_cheek,679.7,349.7,802.9,488.7,1009.6,527.1,1163.6,700.8,extraversion_high5_FxVUG2R1y0Q.004.mp4,1280,720,29.97,459,extraversion,high
16,533,left_eye,495.4,240.4,595.1,320.9,779.2,390.5,903.8,491.1,extraversion_high5_FxVUG2R1y0Q.004.mp4,1280,720,29.97,459,extraversion,high
16,533,right_eye,654.9,245.4,786.4,325.5,978.6,396.7,1143.0,496.8,extraversion_high5_FxVUG2R1y0Q.004.mp4,1280,720,29.97,459,extraversion,high
16,533,nose,573.3,297.6,665.0,421.8,876.7,462.0,991.3,617.2,extraversion_high5_FxVUG2R1y0Q.004.mp4,1280,720,29.97,459,extraversion,high
16,533,mouth,560.6,443.0,698.8,521.9,860.8,643.7,1033.5,742.3,extraversion_high5_FxVUG2R1y0Q.004.mp4,1280,720,29.97,459,extraversion,high
16,533,forehead,487.7,182.4,838.4,475.6,769.6,318.0,1208.0,684.5,extraversion_high5_FxVUG2R1y0Q.004.mp4,1280,720,29.97,459,extraversion,high
16,533,chin,491.3,340.7,836.0,585.6,774.1,515.9,1205.0,822.0,extraversion_high5_FxVUG2R1y0Q.004.mp4,1280,720,29.97,459,extraversion,high
16,533,left_cheek,485.6,339.1,572.8,478.2,766.9,513.9,875.9,687.8,extraversion_high5_FxVUG2R1y0Q.004.mp4,1280,720,29.97,459,extraversion,high
16,533,right_cheek,681.0,349.7,804.1,488.5,1011.2,527.1,1165.1,700.6,extraversion_high5_FxVUG2R1y0Q.004.mp4,1280,720,29.97,459,extraversion,high
17,567,left_eye,497.0,241.2,596.5,321.5,781.3,391.4,905.7,491.9,extraversion_high5_FxVUG2R1y0Q.004.mp4,1280,720,29.97,459,extraversion,high
17,567,right_eye,656.1,246.0,787.4,325.6,980.1,397.6,1144.3,497.0,extraversion_high5_FxVUG2R1y0Q.004.mp4,1280,720,29.97,459,extraversion,high
17,567,nose,575.6,298.3,666.3,422.8,879.5,462.9,992.9,618.5,extraversion_high5_FxVUG2R1y0Q.004.mp4,1280,720,29.97,459,extraversion,high
17,567,mouth,563.0,444.1,698.3,522.0,863.7,645.2,1032.9,742.5,extraversion_high5_FxVUG2R1y0Q.004.mp4,1280,720,29.97,459,extraversion,high
17,567,forehead,488.9,182.5,839.4,475.5,771.2,318.2,1209.2,684.4,extraversion_high5_FxVUG2R1y0Q.004.mp4,1280,720,29.97,459,extraversion,high
17,567,chin,492.2,340.7,837.0,585.8,775.3,515.9,1206.3,822.3,extraversion_high5_FxVUG2R1y0Q.004.mp4,1280,720,29.97,459,extraversion,high
17,567,left_cheek,486.9,339.4,574.6,478.3,768.6,514.3,878.3,687.9,extraversion_high5_FxVUG2R1y0Q.004.mp4,1280,720,29.97,459,extraversion,high
17,567,right_cheek,682.3,349.8,805.1,488.6,1012.9,527.3,1166.4,700.8,extraversion_high5_FxVUG2R1y0Q.004.mp4,1280,720,29.97,459,extraversion,high
18,600,left_eye,497.1,242.2,596.6,322.1,781.3,392.7,905.7,492.7,extraversion_high5_FxVUG2R1y0Q.004.mp4,1280,720,29.97,459,extraversion,high
18,600,right_eye,656.5,247.5,787.7,326.7,980.6,399.3,1144.6,498.3,extraversion_high5_FxVUG2R1y0Q.004.mp4,1280,720,29.97,459,extraversion,high
18,600,nose,575.9,299.5,666.4,424.6,879.9,464.3,993.0,620.8,extraversion_high5_FxVUG2R1y0Q.004.mp4,1280,720,29.97,459,extraversion,high
18,600,mouth,563.7,445.8,696.1,522.5,864.6,647.3,1030.1,743.1,extraversion_high5_FxVUG2R1y0Q.004.mp4,1280,720,29.97,459,extraversion,high
18,600,forehead,488.9,183.4,839.3,475.2,771.2,319.2,1209.2,684.0,extraversion_high5_FxVUG2R1y0Q.004.mp4,1280,720,29.97,459,extraversion,high
18,600,chin,492.1,340.4,836.9,585.4,775.2,515.5,1206.1,821.7,extraversion_high5_FxVUG2R1y0Q.004.mp4,1280,720,29.97,459,extraversion,high
18,600,left_cheek,486.8,339.6,574.8,478.5,768.6,514.4,878.5,688.1,extraversion_high5_FxVUG2R1y0Q.004.mp4,1280,720,29.97,459,extraversion,high
18,600,right_cheek,682.3,350.4,805.1,488.7,1012.9,528.0,1166.4,700.9,extraversion_high5_FxVUG2R1y0Q.004.mp4,1280,720,29.97,459,extraversion,high
19,633,left_eye,497.1,242.9,596.8,322.9,781.4,393.7,905.9,493.6,extraversion_high5_FxVUG2R1y0Q.004.mp4,1280,720,29.97,459,extraversion,high
19,633,right_eye,656.7,248.6,787.6,327.2,980.8,400.7,1144.5,499.0,extraversion_high5_FxVUG2R1y0Q.004.mp4,1280,720,29.97,459,extraversion,high
19,633,nose,576.5,300.2,666.7,425.5,880.6,465.3,993.4,621.9,extraversion_high5_FxVUG2R1y0Q.004.mp4,1280,720,29.97,459,extraversion,high
19,633,mouth,564.2,447.4,695.4,522.9,865.2,649.3,1029.2,743.7,extraversion_high5_FxVUG2R1y0Q.004.mp4,1280,720,29.97,459,extraversion,high
19,633,forehead,488.8,183.6,839.2,475.3,771.0,319.5,1209.0,684.1,extraversion_high5_FxVUG2R1y0Q.004.mp4,1280,720,29.97,459,extraversion,high
19,633,chin,492.0,340.4,836.8,585.5,775.0,515.5,1206.0,821.9,extraversion_high5_FxVUG2R1y0Q.004.mp4,1280,720,29.97,459,extraversion,high
19,633,left_cheek,486.8,339.9,575.1,478.6,768.5,514.9,878.9,688.2,extraversion_high5_FxVUG2R1y0Q.004.mp4,1280,720,29.97,459,extraversion,high
19,633,right_cheek,682.5,350.9,805.2,489.1,1013.1,528.6,1166.5,701.4,extraversion_high5_FxVUG2R1y0Q.004.mp4,1280,720,29.97,459,extraversion,high
20,667,left_eye,497.3,243.6,596.9,324.1,781.6,394.5,906.2,495.2,extraversion_high5_FxVUG2R1y0Q.004.mp4,1280,720,29.97,459,extraversion,high
20,667,right_eye,657.1,249.2,788.4,327.8,981.4,401.5,1145.5,499.7,extraversion_high5_FxVUG2R1y0Q.004.mp4,1280,720,29.97,459,extraversion,high
20,667,nose,577.0,301.0,667.0,426.9,881.3,466.2,993.8,623.6,extraversion_high5_FxVUG2R1y0Q.004.mp4,1280,720,29.97,459,extraversion,high
20,667,mouth,565.1,449.2,695.4,523.7,866.3,651.5,1029.3,744.6,extraversion_high5_FxVUG2R1y0Q.004.mp4,1280,720,29.97,459,extraversion,high
20,667,forehead,488.7,183.6,840.6,475.8,770.9,319.5,1210.8,684.7,extraversion_high5_FxVUG2R1y0Q.004.mp4,1280,720,29.97,459,extraversion,high
20,667,chin,491.9,340.5,838.2,586.2,774.9,515.7,1207.7,822.8,extraversion_high5_FxVUG2R1y0Q.004.mp4,1280,720,29.97,459,extraversion,high
20,667,left_cheek,486.9,340.7,575.5,479.8,768.7,515.8,879.4,689.8,extraversion_high5_FxVUG2R1y0Q.004.mp4,1280,720,29.97,459,extraversion,high
20,667,right_cheek,683.1,351.4,806.3,490.3,1013.8,529.3,1167.8,702.9,extraversion_high5_FxVUG2R1y0Q.004.mp4,1280,720,29.97,459,extraversion,high
21,700,left_eye,497.3,243.9,596.9,325.8,781.6,394.9,906.1,497.2,extraversion_high5_FxVUG2R1y0Q.004.mp4,1280,720,29.97,459,extraversion,high
21,700,right_eye,657.3,249.4,789.5,328.5,981.6,401.7,1146.9,500.6,extraversion_high5_FxVUG2R1y0Q.004.mp4,1280,720,29.97,459,extraversion,high
21,700,nose,577.0,302.0,667.6,428.8,881.3,467.5,994.5,625.9,extraversion_high5_FxVUG2R1y0Q.004.mp4,1280,720,29.97,459,extraversion,high
21,700,mouth,566.1,449.9,695.9,531.4,867.6,652.4,1029.9,754.2,extraversion_high5_FxVUG2R1y0Q.004.mp4,1280,720,29.97,459,extraversion,high
21,700,forehead,488.7,184.2,842.4,476.7,770.9,320.3,1213.0,685.9,extraversion_high5_FxVUG2R1y0Q.004.mp4,1280,720,29.97,459,extraversion,high
21,700,chin,491.8,341.6,840.3,590.5,774.7,517.0,1210.3,828.1,extraversion_high5_FxVUG2R1y0Q.004.mp4,1280,720,29.97,459,extraversion,high
21,700,left_cheek,487.0,342.6,575.6,483.0,768.7,518.2,879.5,693.8,extraversion_high5_FxVUG2R1y0Q.004.mp4,1280,720,29.97,459,extraversion,high
21,700,right_cheek,683.5,352.1,807.4,492.4,1014.3,530.2,1169.2,705.5,extraversion_high5_FxVUG2R1y0Q.004.mp4,1280,720,29.97,459,extraversion,high
22,734,left_eye,497.5,244.9,597.1,327.2,781.9,396.1,906.4,499.0,extraversion_high5_FxVUG2R1y0Q.004.mp4,1280,720,29.97,459,extraversion,high
22,734,right_eye,658.4,249.3,791.3,329.7,983.0,401.6,1149.2,502.1,extraversion_high5_FxVUG2R1y0Q.004.mp4,1280,720,29.97,459,extraversion,high
22,734,nose,578.5,302.9,669.0,429.8,883.2,468.6,996.2,627.3,extraversion_high5_FxVUG2R1y0Q.004.mp4,1280,720,29.97,459,extraversion,high
22,734,mouth,566.3,450.3,698.5,535.0,867.8,652.9,1033.2,758.7,extraversion_high5_FxVUG2R1y0Q.004.mp4,1280,720,29.97,459,extraversion,high
22,734,forehead,488.5,184.6,842.9,477.8,770.7,320.8,1213.7,687.3,extraversion_high5_FxVUG2R1y0Q.004.mp4,1280,720,29.97,459,extraversion,high
22,734,chin,491.2,344.8,840.9,594.7,774.0,521.0,1211.1,833.4,extraversion_high5_FxVUG2R1y0Q.004.mp4,1280,720,29.97,459,extraversion,high
22,734,left_cheek,487.1,345.5,576.4,486.1,768.9,521.9,880.6,697.6,extraversion_high5_FxVUG2R1y0Q.004.mp4,1280,720,29.97,459,extraversion,high
22,734,right_cheek,684.9,352.3,808.5,494.0,1016.1,530.4,1170.6,707.5,extraversion_high5_FxVUG2R1y0Q.004.mp4,1280,720,29.97,459,extraversion,high
23,767,left_eye,497.7,245.2,597.6,328.0,782.1,396.6,907.0,500.1,extraversion_high5_FxVUG2R1y0Q.004.mp4,1280,720,29.97,459,extraversion,high
23,767,right_eye,659.3,249.3,792.2,331.4,984.2,401.6,1150.2,504.2,extraversion_high5_FxVUG2R1y0Q.004.mp4,1280,720,29.97,459,extraversion,high
23,767,nose,578.7,303.0,670.5,430.2,883.4,468.7,998.1,627.7,extraversion_high5_FxVUG2R1y0Q.004.mp4,1280,720,29.97,459,extraversion,high
23,767,mouth,566.2,450.3,702.1,536.1,867.7,652.8,1037.7,760.1,extraversion_high5_FxVUG2R1y0Q.004.mp4,1280,720,29.97,459,extraversion,high
23,767,forehead,487.3,184.6,842.8,477.8,769.2,320.7,1213.5,687.3,extraversion_high5_FxVUG2R1y0Q.004.mp4,1280,720,29.97,459,extraversion,high
23,767,chin,489.8,344.8,840.7,595.0,772.3,521.0,1210.9,833.7,extraversion_high5_FxVUG2R1y0Q.004.mp4,1280,720,29.97,459,extraversion,high
23,767,left_cheek,487.1,345.7,576.8,486.7,768.9,522.1,881.0,698.4,extraversion_high5_FxVUG2R1y0Q.004.mp4,1280,720,29.97,459,extraversion,high
23,767,right_cheek,685.9,352.3,808.9,494.3,1017.3,530.4,1171.1,707.8,extraversion_high5_FxVUG2R1y0Q.004.mp4,1280,720,29.97,459,extraversion,high
24,800,left_eye,495.7,245.7,597.4,327.3,779.7,397.1,906.8,499.1,extraversion_high5_FxVUG2R1y0Q.004.mp4,1280,720,29.97,459,extraversion,high
24,800,right_eye,659.3,249.3,791.8,328.3,984.2,401.6,1149.8,500.4,extraversion_high5_FxVUG2R1y0Q.004.mp4,1280,720,29.97,459,extraversion,high
24,800,nose,578.6,303.0,671.0,429.9,883.2,468.7,998.8,627.4,extraversion_high5_FxVUG2R1y0Q.004.mp4,1280,720,29.97,459,extraversion,high
24,800,mouth,566.1,450.2,702.0,535.2,867.6,652.8,1037.5,759.1,extraversion_high5_FxVUG2R1y0Q.004.mp4,1280,720,29.97,459,extraversion,high
24,800,forehead,483.8,184.6,840.9,477.3,764.7,320.8,1211.1,686.6,extraversion_high5_FxVUG2R1y0Q.004.mp4,1280,720,29.97,459,extraversion,high
24,800,chin,486.5,344.7,838.5,594.4,768.1,520.8,1208.2,833.1,extraversion_high5_FxVUG2R1y0Q.004.mp4,1280,720,29.97,459,extraversion,high
24,800,left_cheek,485.5,345.5,576.7,486.3,766.9,521.9,880.9,697.9,extraversion_high5_FxVUG2R1y0Q.004.mp4,1280,720,29.97,459,extraversion,high
24,800,right_cheek,686.0,351.9,808.7,494.2,1017.5,529.9,1170.9,707.8,extraversion_high5_FxVUG2R1y0Q.004.mp4,1280,720,29.97,459,extraversion,high
25,834,left_eye,495.2,245.9,597.4,327.1,779.0,397.4,906.8,498.9,extraversion_high5_FxVUG2R1y0Q.004.mp4,1280,720,29.97,459,extraversion,high
25,834,right_eye,659.3,249.3,790.3,327.4,984.1,401.6,1147.9,499.2,extraversion_high5_FxVUG2R1y0Q.004.mp4,1280,720,29.97,459,extraversion,high
25,834,nose,578.5,303.0,671.7,429.7,883.1,468.7,999.6,627.1,extraversion_high5_FxVUG2R1y0Q.004.mp4,1280,720,29.97,459,extraversion,high
25,834,mouth,565.6,450.4,701.6,534.8,866.9,653.1,1037.0,758.4,extraversion_high5_FxVUG2R1y0Q.004.mp4,1280,720,29.97,459,extraversion,high
25,834,forehead,482.3,184.6,835.8,477.3,762.9,320.8,1204.7,686.6,extraversion_high5_FxVUG2R1y0Q.004.mp4,1280,720,29.97,459,extraversion,high
25,834,chin,485.0,345.0,833.4,594.0,766.3,521.2,1201.7,832.5,extraversion_high5_FxVUG2R1y0Q.004.mp4,1280,720,29.97,459,extraversion,high
25,834,left_cheek,485.0,345.4,576.6,486.2,766.2,521.8,880.8,697.7,extraversion_high5_FxVUG2R1y0Q.004.mp4,1280,720,29.97,459,extraversion,high
25,834,right_cheek,686.0,351.8,807.0,494.1,1017.4,529.8,1168.7,707.7,extraversion_high5_FxVUG2R1y0Q.004.mp4,1280,720,29.97,459,extraversion,high
26,867,left_eye,494.5,246.1,597.4,326.9,778.1,397.7,906.7,498.6,extraversion_high5_FxVUG2R1y0Q.004.mp4,1280,720,29.97,459,extraversion,high
26,867,right_eye,659.2,249.3,788.7,327.4,984.0,401.6,1145.9,499.3,extraversion_high5_FxVUG2R1y0Q.004.mp4,1280,720,29.97,459,extraversion,high
26,867,nose,578.6,303.0,671.5,429.7,883.3,468.8,999.4,627.1,extraversion_high5_FxVUG2R1y0Q.004.mp4,1280,720,29.97,459,extraversion,high
26,867,mouth,564.7,452.0,701.5,531.4,865.8,655.0,1036.9,754.2,extraversion_high5_FxVUG2R1y0Q.004.mp4,1280,720,29.97,459,extraversion,high
26,867,forehead,481.4,184.5,833.1,477.3,761.7,320.6,1201.3,686.6,extraversion_high5_FxVUG2R1y0Q.004.mp4,1280,720,29.97,459,extraversion,high
26,867,chin,484.0,345.2,830.9,593.3,765.0,521.5,1198.6,831.6,extraversion_high5_FxVUG2R1y0Q.004.mp4,1280,720,29.97,459,extraversion,high
26,867,left_cheek,484.3,345.7,576.6,486.4,765.3,522.1,880.7,698.0,extraversion_high5_FxVUG2R1y0Q.004.mp4,1280,720,29.97,459,extraversion,high
26,867,right_cheek,685.8,351.8,805.3,494.0,1017.3,529.8,1166.7,707.5,extraversion_high5_FxVUG2R1y0Q.004.mp4,1280,720,29.97,459,extraversion,high
27,900,left_eye,493.3,246.1,597.3,326.9,776.7,397.6,906.6,498.6,extraversion_high5_FxVUG2R1y0Q.004.mp4,1280,720,29.97,459,extraversion,high
27,900,right_eye,659.2,249.2,787.0,327.2,984.0,401.5,1143.7,499.0,extraversion_high5_FxVUG2R1y0Q.004.mp4,1280,720,29.97,459,extraversion,high
27,900,nose,578.7,303.0,671.4,429.7,883.4,468.7,999.3,627.1,extraversion_high5_FxVUG2R1y0Q.004.mp4,1280,720,29.97,459,extraversion,high
27,900,mouth,564.2,452.1,701.4,527.9,865.3,655.1,1036.8,749.9,extraversion_high5_FxVUG2R1y0Q.004.mp4,1280,720,29.97,459,extraversion,high
27,900,forehead,479.2,184.0,830.2,476.2,759.0,320.0,1197.8,685.3,extraversion_high5_FxVUG2R1y0Q.004.mp4,1280,720,29.97,459,extraversion,high
27,900,chin,481.8,345.1,828.1,591.0,762.2,521.4,1195.2,828.7,extraversion_high5_FxVUG2R1y0Q.004.mp4,1280,720,29.97,459,extraversion,high
27,900,left_cheek,482.8,345.6,576.5,486.2,763.5,522.0,880.6,697.8,extraversion_high5_FxVUG2R1y0Q.004.mp4,1280,720,29.97,459,extraversion,high
27,900,right_cheek,685.8,351.1,803.7,492.9,1017.2,528.9,1164.6,706.2,extraversion_high5_FxVUG2R1y0Q.004.mp4,1280,720,29.97,459,extraversion,high
28,934,left_eye,492.4,246.3,597.2,326.8,775.5,397.9,906.5,498.5,extraversion_high5_FxVUG2R1y0Q.004.mp4,1280,720,29.97,459,extraversion,high
28,934,right_eye,659.2,249.2,786.9,327.3,984.0,401.5,1143.6,499.2,extraversion_high5_FxVUG2R1y0Q.004.mp4,1280,720,29.97,459,extraversion,high
28,934,nose,579.1,303.0,671.5,430.4,883.8,468.8,999.4,628.0,extraversion_high5_FxVUG2R1y0Q.004.mp4,1280,720,29.97,459,extraversion,high
28,934,mouth,564.4,452.3,701.6,527.3,865.5,655.3,1037.0,749.1,extraversion_high5_FxVUG2R1y0Q.004.mp4,1280,720,29.97,459,extraversion,high
28,934,forehead,476.6,183.5,829.8,476.0,755.7,319.4,1197.2,685.0,extraversion_high5_FxVUG2R1y0Q.004.mp4,1280,720,29.97,459,extraversion,high
28,934,chin,479.1,345.1,827.5,590.1,758.8,521.4,1194.4,827.6,extraversion_high5_FxVUG2R1y0Q.004.mp4,1280,720,29.97,459,extraversion,high
28,934,left_cheek,481.7,345.6,576.4,486.5,762.1,522.0,880.6,698.2,extraversion_high5_FxVUG2R1y0Q.004.mp4,1280,720,29.97,459,extraversion,high
28,934,right_cheek,685.7,350.7,803.2,492.7,1017.1,528.4,1164.0,705.9,extraversion_high5_FxVUG2R1y0Q.004.mp4,1280,720,29.97,459,extraversion,high
29,967,left_eye,492.6,247.0,597.4,327.2,775.7,398.7,906.8,499.0,extraversion_high5_FxVUG2R1y0Q.004.mp4,1280,720,29.97,459,extraversion,high
29,967,right_eye,660.1,249.5,787.5,327.8,985.1,401.9,1144.3,499.8,extraversion_high5_FxVUG2R1y0Q.004.mp4,1280,720,29.97,459,extraversion,high
29,967,nose,579.8,303.3,672.5,431.0,884.8,469.1,1000.7,628.7,extraversion_high5_FxVUG2R1y0Q.004.mp4,1280,720,29.97,459,extraversion,high
29,967,mouth,567.0,452.3,702.6,528.1,868.8,655.4,1038.3,750.1,extraversion_high5_FxVUG2R1y0Q.004.mp4,1280,720,29.97,459,extraversion,high
29,967,forehead,477.5,183.5,830.1,475.9,756.8,319.4,1197.7,684.8,extraversion_high5_FxVUG2R1y0Q.004.mp4,1280,720,29.97,459,extraversion,high
29,967,chin,479.9,345.0,827.9,591.5,759.8,521.3,1194.9,829.4,extraversion_high5_FxVUG2R1y0Q.004.mp4,1280,720,29.97,459,extraversion,high
29,967,left_cheek,481.9,345.7,576.8,487.0,762.4,522.2,881.0,698.8,extraversion_high5_FxVUG2R1y0Q.004.mp4,1280,720,29.97,459,extraversion,high
29,967,right_cheek,686.2,350.6,803.3,492.7,1017.8,528.2,1164.1,705.9,extraversion_high5_FxVUG2R1y0Q.004.mp4,1280,720,29.97,459,extraversion,high
30,1001,left_eye,492.7,247.3,597.5,327.4,775.9,399.2,906.9,499.3,extraversion_high5_FxVUG2R1y0Q.004.mp4,1280,720,29.97,459,extraversion,high
30,1001,right_eye,661.0,249.6,788.2,328.1,986.2,402.0,1145.3,500.1,extraversion_high5_FxVUG2R1y0Q.004.mp4,1280,720,29.97,459,extraversion,high
30,1001,nose,581.1,303.3,674.0,431.9,886.4,469.1,1002.5,629.8,extraversion_high5_FxVUG2R1y0Q.004.mp4,1280,720,29.97,459,extraversion,high
30,1001,mouth,568.5,452.7,703.0,534.2,870.6,655.9,1038.8,757.8,extraversion_high5_FxVUG2R1y0Q.004.mp4,1280,720,29.97,459,extraversion,high
30,1001,forehead,477.7,183.2,830.8,475.8,757.2,319.0,1198.5,684.8,extraversion_high5_FxVUG2R1y0Q.004.mp4,1280,720,29.97,459,extraversion,high
30,1001,chin,480.0,345.0,828.6,597.9,760.0,521.2,1195.7,837.4,extraversion_high5_FxVUG2R1y0Q.004.mp4,1280,720,29.97,459,extraversion,high
30,1001,left_cheek,482.0,345.9,577.3,488.5,762.5,522.4,881.6,700.7,extraversion_high5_FxVUG2R1y0Q.004.mp4,1280,720,29.97,459,extraversion,high
30,1001,right_cheek,687.0,350.5,803.5,493.3,1018.7,528.1,1164.4,706.7,extraversion_high5_FxVUG2R1y0Q.004.mp4,1280,720,29.97,459,extraversion,high
31,1034,left_eye,493.1,247.9,597.8,328.1,776.4,399.8,907.3,500.1,extraversion_high5_FxVUG2R1y0Q.004.mp4,1280,720,29.97,459,extraversion,high
31,1034,right_eye,662.0,250.1,789.1,328.6,987.5,402.7,1146.4,500.7,extraversion_high5_FxVUG2R1y0Q.004.mp4,1280,720,29.97,459,extraversion,high
31,1034,nose,581.6,304.1,676.8,433.0,887.0,470.2,1006.0,631.3,extraversion_high5_FxVUG2R1y0Q.004.mp4,1280,720,29.97,459,extraversion,high
31,1034,mouth,569.1,453.1,705.8,537.7,871.3,656.4,1042.3,762.1,extraversion_high5_FxVUG2R1y0Q.004.mp4,1280,720,29.97,459,extraversion,high
31,1034,forehead,478.1,183.8,831.2,475.4,757.7,319.8,1199.0,684.2,extraversion_high5_FxVUG2R1y0Q.004.mp4,1280,720,29.97,459,extraversion,high
31,1034,chin,480.5,344.9,829.0,599.9,760.6,521.1,1196.2,839.8,extraversion_high5_FxVUG2R1y0Q.004.mp4,1280,720,29.97,459,extraversion,high
31,1034,left_cheek,482.1,346.0,577.7,489.0,762.6,522.5,882.1,701.2,extraversion_high5_FxVUG2R1y0Q.004.mp4,1280,720,29.97,459,extraversion,high
31,1034,right_cheek,688.6,350.5,804.4,493.5,1020.8,528.1,1165.5,706.9,extraversion_high5_FxVUG2R1y0Q.004.mp4,1280,720,29.97,459,extraversion,high
32,1067,left_eye,493.1,248.9,597.8,328.8,776.4,401.1,907.3,501.0,extraversion_high5_FxVUG2R1y0Q.004.mp4,1280,720,29.97,459,extraversion,high
32,1067,right_eye,662.8,250.6,789.2,329.4,988.5,403.3,1146.6,501.8,extraversion_high5_FxVUG2R1y0Q.004.mp4,1280,720,29.97,459,extraversion,high
32,1067,nose,581.7,304.8,677.9,433.1,887.1,471.0,1007.4,631.4,extraversion_high5_FxVUG2R1y0Q.004.mp4,1280,720,29.97,459,extraversion,high
32,1067,mouth,568.7,453.3,709.7,537.0,870.9,656.7,1047.2,761.3,extraversion_high5_FxVUG2R1y0Q.004.mp4,1280,720,29.97,459,extraversion,high
32,1067,forehead,477.6,184.1,830.3,475.1,757.0,320.1,1197.9,683.9,extraversion_high5_FxVUG2R1y0Q.004.mp4,1280,720,29.97,459,extraversion,high
32,1067,chin,480.1,345.2,828.5,599.7,760.1,521.5,1195.6,839.6,extraversion_high5_FxVUG2R1y0Q.004.mp4,1280,720,29.97,459,extraversion,high
32,1067,left_cheek,482.0,346.6,577.8,489.4,762.6,523.3,882.2,701.7,extraversion_high5_FxVUG2R1y0Q.004.mp4,1280,720,29.97,459,extraversion,high
32,1067,right_cheek,689.3,350.4,804.4,493.5,1021.7,528.1,1165.5,706.9,extraversion_high5_FxVUG2R1y0Q.004.mp4,1280,720,29.97,459,extraversion,high
33,1101,left_eye,492.7,249.7,598.2,329.6,775.8,402.1,907.7,502.1,extraversion_high5_FxVUG2R1y0Q.004.mp4,1280,720,29.97,459,extraversion,high
33,1101,right_eye,663.3,251.3,789.6,330.2,989.1,404.2,1146.9,502.7,extraversion_high5_FxVUG2R1y0Q.004.mp4,1280,720,29.97,459,extraversion,high
33,1101,nose,581.7,305.6,679.5,433.6,887.1,472.0,1009.3,632.0,extraversion_high5_FxVUG2R1y0Q.004.mp4,1280,720,29.97,459,extraversion,high
33,1101,mouth,568.1,454.1,713.4,536.4,870.1,657.7,1051.8,760.5,extraversion_high5_FxVUG2R1y0Q.004.mp4,1280,720,29.97,459,extraversion,high
33,1101,forehead,475.9,184.4,830.1,475.1,754.9,320.5,1197.6,683.9,extraversion_high5_FxVUG2R1y0Q.004.mp4,1280,720,29.97,459,extraversion,high
33,1101,chin,478.4,345.7,828.4,600.3,758.0,522.1,1195.5,840.3,extraversion_high5_FxVUG2R1y0Q.004.mp4,1280,720,29.97,459,extraversion,high
33,1101,left_cheek,481.5,347.2,577.8,489.6,761.9,524.0,882.3,702.0,extraversion_high5_FxVUG2R1y0Q.004.mp4,1280,720,29.97,459,extraversion,high
33,1101,right_cheek,690.2,350.4,804.6,493.3,1022.7,528.0,1165.8,706.7,extraversion_high5_FxVUG2R1y0Q.004.mp4,1280,720,29.97,459,extraversion,high
34,1134,left_eye,492.7,249.8,598.9,329.8,775.9,402.3,908.6,502.3,extraversion_high5_FxVUG2R1y0Q.004.mp4,1280,720,29.97,459,extraversion,high
34,1134,right_eye,664.1,251.6,790.1,330.4,990.1,404.5,1147.7,503.0,extraversion_high5_FxVUG2R1y0Q.004.mp4,1280,720,29.97,459,extraversion,high
34,1134,nose,581.8,305.7,680.2,433.7,887.3,472.1,1010.2,632.2,extraversion_high5_FxVUG2R1y0Q.004.mp4,1280,720,29.97,459,extraversion,high
34,1134,mouth,567.6,454.1,715.6,536.4,869.5,657.6,1054.5,760.6,extraversion_high5_FxVUG2R1y0Q.004.mp4,1280,720,29.97,459,extraversion,high
34,1134,forehead,476.1,184.5,830.3,474.2,755.1,320.6,1197.9,682.7,extraversion_high5_FxVUG2R1y0Q.004.mp4,1280,720,29.97,459,extraversion,high
34,1134,chin,478.5,345.3,828.5,599.5,758.1,521.6,1195.6,839.4,extraversion_high5_FxVUG2R1y0Q.004.mp4,1280,720,29.97,459,extraversion,high
34,1134,left_cheek,481.6,347.2,578.1,489.5,762.0,523.9,882.6,701.8,extraversion_high5_FxVUG2R1y0Q.004.mp4,1280,720,29.97,459,extraversion,high
34,1134,right_cheek,690.9,350.1,805.2,492.7,1023.6,527.6,1166.5,705.9,extraversion_high5_FxVUG2R1y0Q.004.mp4,1280,720,29.97,459,extraversion,high
35,1167,left_eye,492.7,249.8,600.1,329.9,775.9,402.2,910.1,502.4,extraversion_high5_FxVUG2R1y0Q.004.mp4,1280,720,29.97,459,extraversion,high
35,1167,right_eye,665.2,251.6,791.0,330.4,991.5,404.6,1148.7,503.0,extraversion_high5_FxVUG2R1y0Q.004.mp4,1280,720,29.97,459,extraversion,high
35,1167,nose,582.3,305.6,682.2,433.7,887.9,472.0,1012.7,632.1,extraversion_high5_FxVUG2R1y0Q.004.mp4,1280,720,29.97,459,extraversion,high
35,1167,mouth,567.5,453.4,716.5,538.9,869.4,656.7,1055.6,763.6,extraversion_high5_FxVUG2R1y0Q.004.mp4,1280,720,29.97,459,extraversion,high
35,1167,forehead,474.9,184.5,830.5,472.9,753.7,320.6,1198.1,681.1,extraversion_high5_FxVUG2R1y0Q.004.mp4,1280,720,29.97,459,extraversion,high
35,1167,chin,477.0,345.0,828.7,599.1,756.3,521.2,1195.8,838.9,extraversion_high5_FxVUG2R1y0Q.004.mp4,1280,720,29.97,459,extraversion,high
35,1167,left_cheek,481.3,347.1,578.4,489.4,761.6,523.9,883.0,701.8,extraversion_high5_FxVUG2R1y0Q.004.mp4,1280,720,29.97,459,extraversion,high
35,1167,right_cheek,692.1,349.6,805.9,491.8,1025.2,527.0,1167.4,704.8,extraversion_high5_FxVUG2R1y0Q.004.mp4,1280,720,29.97,459,extraversion,high
36,1201,left_eye,492.6,249.7,600.3,329.8,775.8,402.1,910.3,502.3,extraversion_high5_FxVUG2R1y0Q.004.mp4,1280,720,29.97,459,extraversion,high
36,1201,right_eye,665.6,251.6,791.4,330.4,992.0,404.5,1149.2,503.0,extraversion_high5_FxVUG2R1y0Q.004.mp4,1280,720,29.97,459,extraversion,high
36,1201,nose,582.5,305.6,682.7,433.6,888.1,472.0,1013.4,632.0,extraversion_high5_FxVUG2R1y0Q.004.mp4,1280,720,29.97,459,extraversion,high
36,1201,mouth,567.5,453.0,716.5,541.2,869.3,656.2,1055.7,766.4,extraversion_high5_FxVUG2R1y0Q.004.mp4,1280,720,29.97,459,extraversion,high
36,1201,forehead,472.8,184.2,830.6,471.9,751.0,320.3,1198.2,679.9,extraversion_high5_FxVUG2R1y0Q.004.mp4,1280,720,29.97,459,extraversion,high
36,1201,chin,474.7,344.0,828.8,599.0,753.4,520.0,1196.0,838.8,extraversion_high5_FxVUG2R1y0Q.004.mp4,1280,720,29.97,459,extraversion,high
36,1201,left_cheek,480.2,346.8,578.5,489.3,760.3,523.5,883.1,701.6,extraversion_high5_FxVUG2R1y0Q.004.mp4,1280,720,29.97,459,extraversion,high
36,1201,right_cheek,692.6,348.9,806.6,491.3,1025.7,526.1,1168.3,704.1,extraversion_high5_FxVUG2R1y0Q.004.mp4,1280,720,29.97,459,extraversion,high
37,1234,left_eye,492.5,249.5,600.3,329.8,775.6,401.8,910.4,502.2,extraversion_high5_FxVUG2R1y0Q.004.mp4,1280,720,29.97,459,extraversion,high
37,1234,right_eye,666.1,251.5,791.6,330.2,992.7,404.4,1149.5,502.7,extraversion_high5_FxVUG2R1y0Q.004.mp4,1280,720,29.97,459,extraversion,high
37,1234,nose,582.5,305.3,682.8,433.5,888.1,471.6,1013.5,631.8,extraversion_high5_FxVUG2R1y0Q.004.mp4,1280,720,29.97,459,extraversion,high
37,1234,mouth,567.3,452.6,716.0,541.1,869.1,655.7,1055.0,766.3,extraversion_high5_FxVUG2R1y0Q.004.mp4,1280,720,29.97,459,extraversion,high
37,1234,forehead,472.3,184.1,830.5,470.9,750.3,320.1,1198.1,678.6,extraversion_high5_FxVUG2R1y0Q.004.mp4,1280,720,29.97,459,extraversion,high
37,1234,chin,474.1,343.1,828.8,599.2,752.7,518.9,1196.0,839.0,extraversion_high5_FxVUG2R1y0Q.004.mp4,1280,720,29.97,459,extraversion,high
37,1234,left_cheek,479.7,346.3,578.5,488.8,759.6,522.9,883.1,701.0,extraversion_high5_FxVUG2R1y0Q.004.mp4,1280,720,29.97,459,extraversion,high
37,1234,right_cheek,692.7,348.3,806.6,490.6,1025.8,525.3,1168.3,703.3,extraversion_high5_FxVUG2R1y0Q.004.mp4,1280,720,29.97,459,extraversion,high
38,1267,left_eye,492.0,249.1,600.2,329.7,775.0,401.3,910.3,502.1,extraversion_high5_FxVUG2R1y0Q.004.mp4,1280,720,29.97,459,extraversion,high
38,1267,right_eye,665.9,251.2,791.4,330.1,992.4,404.0,1149.2,502.6,extraversion_high5_FxVUG2R1y0Q.004.mp4,1280,720,29.97,459,extraversion,high
38,1267,nose,582.5,305.1,682.2,433.0,888.1,471.4,1012.8,631.2,extraversion_high5_FxVUG2R1y0Q.004.mp4,1280,720,29.97,459,extraversion,high
38,1267,mouth,566.2,451.8,715.2,540.4,867.8,654.8,1054.0,765.5,extraversion_high5_FxVUG2R1y0Q.004.mp4,1280,720,29.97,459,extraversion,high
38,1267,forehead,471.7,184.0,828.9,470.2,749.6,320.0,1196.2,677.7,extraversion_high5_FxVUG2R1y0Q.004.mp4,1280,720,29.97,459,extraversion,high
38,1267,chin,473.6,342.7,827.2,599.6,752.0,518.4,1194.0,839.5,extraversion_high5_FxVUG2R1y0Q.004.mp4,1280,720,29.97,459,extraversion,high
38,1267,left_cheek,479.1,345.8,578.3,488.5,758.8,522.3,882.9,700.7,extraversion_high5_FxVUG2R1y0Q.004.mp4,1280,720,29.97,459,extraversion,high
38,1267,right_cheek,692.5,347.5,805.7,490.0,1025.6,524.4,1167.1,702.5,extraversion_high5_FxVUG2R1y0Q.004.mp4,1280,720,29.97,459,extraversion,high
39,1301,left_eye,491.2,248.6,600.1,329.6,774.0,400.8,910.1,502.0,extraversion_high5_FxVUG2R1y0Q.004.mp4,1280,720,29.97,459,extraversion,high
39,1301,right_eye,665.8,250.7,791.1,329.9,992.2,403.4,1148.9,502.3,extraversion_high5_FxVUG2R1y0Q.004.mp4,1280,720,29.97,459,extraversion,high
39,1301,nose,582.2,304.9,681.9,432.6,887.8,471.1,1012.4,630.7,extraversion_high5_FxVUG2R1y0Q.004.mp4,1280,720,29.97,459,extraversion,high
39,1301,mouth,565.6,451.5,714.6,540.1,867.1,654.4,1053.3,765.1,extraversion_high5_FxVUG2R1y0Q.004.mp4,1280,720,29.97,459,extraversion,high
39,1301,forehead,471.1,183.7,827.5,469.6,748.9,319.7,1194.4,677.0,extraversion_high5_FxVUG2R1y0Q.004.mp4,1280,720,29.97,459,extraversion,high
39,1301,chin,473.2,342.2,825.7,599.5,751.5,517.7,1192.1,839.4,extraversion_high5_FxVUG2R1y0Q.004.mp4,1280,720,29.97,459,extraversion,high
39,1301,left_cheek,478.6,345.4,578.0,488.1,758.2,521.7,882.5,700.1,extraversion_high5_FxVUG2R1y0Q.004.mp4,1280,720,29.97,459,extraversion,high
39,1301,right_cheek,692.3,347.1,804.6,489.5,1025.4,523.9,1165.7,701.9,extraversion_high5_FxVUG2R1y0Q.004.mp4,1280,720,29.97,459,extraversion,high
40,1334,left_eye,490.1,248.2,599.3,329.4,772.6,400.3,909.1,501.7,extraversion_high5_FxVUG2R1y0Q.004.mp4,1280,720,29.97,459,extraversion,high
40,1334,right_eye,665.4,250.2,790.4,329.7,991.8,402.8,1147.9,502.1,extraversion_high5_FxVUG2R1y0Q.004.mp4,1280,720,29.97,459,extraversion,high
40,1334,nose,581.5,304.6,681.4,432.2,886.8,470.8,1011.8,630.2,extraversion_high5_FxVUG2R1y0Q.004.mp4,1280,720,29.97,459,extraversion,high
40,1334,mouth,563.8,451.2,713.8,539.8,864.7,654.0,1052.2,764.8,extraversion_high5_FxVUG2R1y0Q.004.mp4,1280,720,29.97,459,extraversion,high
40,1334,forehead,470.3,183.5,826.4,469.6,747.9,319.3,1193.0,677.0,extraversion_high5_FxVUG2R1y0Q.004.mp4,1280,720,29.97,459,extraversion,high
40,1334,chin,472.6,342.0,824.5,599.5,750.7,517.5,1190.6,839.4,extraversion_high5_FxVUG2R1y0Q.004.mp4,1280,720,29.97,459,extraversion,high
40,1334,left_cheek,477.7,345.0,577.2,487.8,757.1,521.3,881.5,699.8,extraversion_high5_FxVUG2R1y0Q.004.mp4,1280,720,29.97,459,extraversion,high
40,1334,right_cheek,691.4,346.8,803.3,489.4,1024.2,523.6,1164.2,701.7,extraversion_high5_FxVUG2R1y0Q.004.mp4,1280,720,29.97,459,extraversion,high
41,1368,left_eye,489.8,248.1,599.1,329.3,772.3,400.1,908.8,501.7,extraversion_high5_FxVUG2R1y0Q.004.mp4,1280,720,29.97,459,extraversion,high
41,1368,right_eye,665.4,249.9,790.3,329.6,991.7,402.4,1147.9,502.1,extraversion_high5_FxVUG2R1y0Q.004.mp4,1280,720,29.97,459,extraversion,high
41,1368,nose,580.8,304.7,681.2,432.2,886.0,470.8,1011.5,630.2,extraversion_high5_FxVUG2R1y0Q.004.mp4,1280,720,29.97,459,extraversion,high
41,1368,mouth,563.5,451.3,713.2,539.8,864.4,654.1,1051.5,764.8,extraversion_high5_FxVUG2R1y0Q.004.mp4,1280,720,29.97,459,extraversion,high
41,1368,forehead,470.4,183.4,826.2,470.2,748.0,319.2,1192.7,677.7,extraversion_high5_FxVUG2R1y0Q.004.mp4,1280,720,29.97,459,extraversion,high
41,1368,chin,472.6,342.1,824.3,601.4,750.8,517.7,1190.4,841.7,extraversion_high5_FxVUG2R1y0Q.004.mp4,1280,720,29.97,459,extraversion,high
41,1368,left_cheek,477.5,345.0,576.8,487.9,756.9,521.3,881.0,699.9,extraversion_high5_FxVUG2R1y0Q.004.mp4,1280,720,29.97,459,extraversion,high
41,1368,right_cheek,691.3,346.9,803.1,489.6,1024.1,523.6,1163.9,702.0,extraversion_high5_FxVUG2R1y0Q.004.mp4,1280,720,29.97,459,extraversion,high
42,1401,left_eye,489.4,248.1,599.0,329.5,771.8,400.2,908.8,501.9,extraversion_high5_FxVUG2R1y0Q.004.mp4,1280,720,29.97,459,extraversion,high
42,1401,right_eye,665.3,249.9,790.1,329.8,991.6,402.3,1147.6,502.3,extraversion_high5_FxVUG2R1y0Q.004.mp4,1280,720,29.97,459,extraversion,high
42,1401,nose,580.8,304.9,681.1,432.5,885.9,471.1,1011.4,630.6,extraversion_high5_FxVUG2R1y0Q.004.mp4,1280,720,29.97,459,extraversion,high
42,1401,mouth,563.4,451.4,713.1,539.3,864.3,654.2,1051.3,764.2,extraversion_high5_FxVUG2R1y0Q.004.mp4,1280,720,29.97,459,extraversion,high
42,1401,forehead,469.5,183.4,825.6,470.3,746.9,319.3,1191.9,677.9,extraversion_high5_FxVUG2R1y0Q.004.mp4,1280,720,29.97,459,extraversion,high
42,1401,chin,471.6,342.3,823.7,601.3,749.6,517.9,1189.6,841.7,extraversion_high5_FxVUG2R1y0Q.004.mp4,1280,720,29.97,459,extraversion,high
42,1401,left_cheek,477.2,345.3,576.7,488.3,756.5,521.6,880.8,700.4,extraversion_high5_FxVUG2R1y0Q.004.mp4,1280,720,29.97,459,extraversion,high
42,1401,right_cheek,691.2,346.9,802.9,489.8,1024.0,523.7,1163.6,702.3,extraversion_high5_FxVUG2R1y0Q.004.mp4,1280,720,29.97,459,extraversion,high
43,1434,left_eye,487.7,248.5,599.0,330.7,769.7,400.6,908.8,503.4,extraversion_high5_FxVUG2R1y0Q.004.mp4,1280,720,29.97,459,extraversion,high
43,1434,right_eye,665.9,249.9,790.1,330.6,992.3,402.4,1147.7,503.3,extraversion_high5_FxVUG2R1y0Q.004.mp4,1280,720,29.97,459,extraversion,high
43,1434,nose,581.2,305.4,681.9,433.6,886.5,471.8,1012.4,632.0,extraversion_high5_FxVUG2R1y0Q.004.mp4,1280,720,29.97,459,extraversion,high
43,1434,mouth,563.4,451.6,713.0,536.8,864.2,654.4,1051.2,761.0,extraversion_high5_FxVUG2R1y0Q.004.mp4,1280,720,29.97,459,extraversion,high
43,1434,forehead,465.3,183.5,824.0,470.3,741.6,319.4,1190.0,677.9,extraversion_high5_FxVUG2R1y0Q.004.mp4,1280,720,29.97,459,extraversion,high
43,1434,chin,467.4,342.7,822.0,600.1,744.3,518.4,1187.5,840.1,extraversion_high5_FxVUG2R1y0Q.004.mp4,1280,720,29.97,459,extraversion,high
43,1434,left_cheek,475.9,346.3,576.7,489.0,754.9,522.9,880.8,701.2,extraversion_high5_FxVUG2R1y0Q.004.mp4,1280,720,29.97,459,extraversion,high
43,1434,right_cheek,691.4,347.3,802.8,489.9,1024.3,524.1,1163.5,702.4,extraversion_high5_FxVUG2R1y0Q.004.mp4,1280,720,29.97,459,extraversion,high
44,1468,left_eye,487.0,249.0,599.0,331.8,768.7,401.2,908.8,504.8,extraversion_high5_FxVUG2R1y0Q.004.mp4,1280,720,29.97,459,extraversion,high
44,1468,right_eye,666.1,249.9,790.1,331.3,992.7,402.4,1147.7,504.1,extraversion_high5_FxVUG2R1y0Q.004.mp4,1280,720,29.97,459,extraversion,high
44,1468,nose,581.6,306.1,682.4,434.4,887.0,472.6,1013.0,633.0,extraversion_high5_FxVUG2R1y0Q.004.mp4,1280,720,29.97,459,extraversion,high
44,1468,mouth,563.1,451.7,712.9,534.6,863.9,654.6,1051.2,758.2,extraversion_high5_FxVUG2R1y0Q.004.mp4,1280,720,29.97,459,extraversion,high
44,1468,forehead,464.4,183.5,823.2,471.0,740.5,319.4,1189.0,678.7,extraversion_high5_FxVUG2R1y0Q.004.mp4,1280,720,29.97,459,extraversion,high
44,1468,chin,466.4,343.9,821.0,599.7,743.0,519.9,1186.3,839.6,extraversion_high5_FxVUG2R1y0Q.004.mp4,1280,720,29.97,459,extraversion,high
44,1468,left_cheek,475.3,347.7,576.7,490.0,754.1,524.6,880.8,702.5,extraversion_high5_FxVUG2R1y0Q.004.mp4,1280,720,29.97,459,extraversion,high
44,1468,right_cheek,691.5,347.6,802.6,490.1,1024.4,524.5,1163.3,702.7,extraversion_high5_FxVUG2R1y0Q.004.mp4,1280,720,29.97,459,extraversion,high
45,1501,left_eye,486.4,249.3,599.0,332.6,768.1,401.6,908.8,505.7,extraversion_high5_FxVUG2R1y0Q.004.mp4,1280,720,29.97,459,extraversion,high
45,1501,right_eye,666.3,249.9,790.1,331.7,992.8,402.4,1147.6,504.6,extraversion_high5_FxVUG2R1y0Q.004.mp4,1280,720,29.97,459,extraversion,high
45,1501,nose,582.0,306.3,683.1,435.1,887.4,472.9,1013.8,633.9,extraversion_high5_FxVUG2R1y0Q.004.mp4,1280,720,29.97,459,extraversion,high
45,1501,mouth,563.1,451.9,713.1,534.2,863.9,654.8,1051.3,757.7,extraversion_high5_FxVUG2R1y0Q.004.mp4,1280,720,29.97,459,extraversion,high
45,1501,forehead,463.7,183.6,822.5,471.0,739.6,319.5,1188.1,678.7,extraversion_high5_FxVUG2R1y0Q.004.mp4,1280,720,29.97,459,extraversion,high
45,1501,chin,465.9,343.9,820.3,597.9,742.3,519.9,1185.4,837.4,extraversion_high5_FxVUG2R1y0Q.004.mp4,1280,720,29.97,459,extraversion,high
45,1501,left_cheek,474.9,348.6,576.7,490.6,753.7,525.7,880.9,703.3,extraversion_high5_FxVUG2R1y0Q.004.mp4,1280,720,29.97,459,extraversion,high
45,1501,right_cheek,691.8,347.7,802.5,490.2,1024.7,524.6,1163.1,702.7,extraversion_high5_FxVUG2R1y0Q.004.mp4,1280,720,29.97,459,extraversion,high
46,1534,left_eye,486.4,249.5,599.0,332.8,767.9,401.9,908.8,506.0,extraversion_high5_FxVUG2R1y0Q.004.mp4,1280,720,29.97,459,extraversion,high
46,1534,right_eye,666.3,249.8,790.0,331.7,992.9,402.2,1147.5,504.6,extraversion_high5_FxVUG2R1y0Q.004.mp4,1280,720,29.97,459,extraversion,high
46,1534,nose,582.5,306.5,683.8,435.3,888.1,473.1,1014.7,634.1,extraversion_high5_FxVUG2R1y0Q.004.mp4,1280,720,29.97,459,extraversion,high
46,1534,mouth,563.6,451.9,713.6,535.6,864.5,654.9,1052.0,759.5,extraversion_high5_FxVUG2R1y0Q.004.mp4,1280,720,29.97,459,extraversion,high
46,1534,forehead,463.6,183.6,822.0,472.9,739.5,319.6,1187.6,681.1,extraversion_high5_FxVUG2R1y0Q.004.mp4,1280,720,29.97,459,extraversion,high
46,1534,chin,465.8,344.0,820.1,599.9,742.3,520.0,1185.2,839.9,extraversion_high5_FxVUG2R1y0Q.004.mp4,1280,720,29.97,459,extraversion,high
46,1534,left_cheek,475.0,349.5,576.9,492.2,753.7,526.9,881.1,705.3,extraversion_high5_FxVUG2R1y0Q.004.mp4,1280,720,29.97,459,extraversion,high
46,1534,right_cheek,692.1,347.7,802.5,490.6,1025.1,524.6,1163.1,703.3,extraversion_high5_FxVUG2R1y0Q.004.mp4,1280,720,29.97,459,extraversion,high
47,1568,left_eye,484.9,249.5,599.1,332.7,766.1,401.9,908.8,505.9,extraversion_high5_FxVUG2R1y0Q.004.mp4,1280,720,29.97,459,extraversion,high
47,1568,right_eye,667.3,249.6,791.5,331.3,994.1,402.0,1149.4,504.2,extraversion_high5_FxVUG2R1y0Q.004.mp4,1280,720,29.97,459,extraversion,high
47,1568,nose,582.7,306.0,685.3,435.3,888.3,472.5,1016.6,634.1,extraversion_high5_FxVUG2R1y0Q.004.mp4,1280,720,29.97,459,extraversion,high
47,1568,mouth,564.9,452.6,715.0,549.8,866.2,655.8,1053.7,777.2,extraversion_high5_FxVUG2R1y0Q.004.mp4,1280,720,29.97,459,extraversion,high
47,1568,forehead,458.9,182.9,823.1,472.5,733.6,318.6,1188.9,680.6,extraversion_high5_FxVUG2R1y0Q.004.mp4,1280,720,29.97,459,extraversion,high
47,1568,chin,461.1,342.4,821.1,606.6,736.4,518.0,1186.4,848.3,extraversion_high5_FxVUG2R1y0Q.004.mp4,1280,720,29.97,459,extraversion,high
47,1568,left_cheek,473.0,349.3,576.9,493.0,751.2,526.7,881.1,706.2,extraversion_high5_FxVUG2R1y0Q.004.mp4,1280,720,29.97,459,extraversion,high
47,1568,right_cheek,693.0,347.1,803.8,490.9,1026.3,523.9,1164.8,703.6,extraversion_high5_FxVUG2R1y0Q.004.mp4,1280,720,29.97,459,extraversion,high
48,1601,left_eye,483.9,249.7,599.1,332.7,764.9,402.2,908.8,505.8,extraversion_high5_FxVUG2R1y0Q.004.mp4,1280,720,29.97,459,extraversion,high
48,1601,right_eye,667.8,249.3,792.1,331.1,994.7,401.7,1150.1,503.9,extraversion_high5_FxVUG2R1y0Q.004.mp4,1280,720,29.97,459,extraversion,high
48,1601,nose,582.9,305.8,686.5,435.4,888.7,472.2,1018.1,634.2,extraversion_high5_FxVUG2R1y0Q.004.mp4,1280,720,29.97,459,extraversion,high
48,1601,mouth,565.1,453.2,716.1,560.6,866.3,656.5,1055.2,790.8,extraversion_high5_FxVUG2R1y0Q.004.mp4,1280,720,29.97,459,extraversion,high
48,1601,forehead,456.4,182.9,824.3,472.9,730.5,318.6,1190.3,681.1,extraversion_high5_FxVUG2R1y0Q.004.mp4,1280,720,29.97,459,extraversion,high
48,1601,chin,458.4,342.4,822.9,614.6,733.0,518.0,1188.6,858.3,extraversion_high5_FxVUG2R1y0Q.004.mp4,1280,720,29.97,459,extraversion,high
48,1601,left_cheek,471.5,349.7,576.9,494.5,749.4,527.1,881.1,708.1,extraversion_high5_FxVUG2R1y0Q.004.mp4,1280,720,29.97,459,extraversion,high
48,1601,right_cheek,694.0,347.1,805.2,491.6,1027.5,523.9,1166.6,704.5,extraversion_high5_FxVUG2R1y0Q.004.mp4,1280,720,29.97,459,extraversion,high
49,1634,left_eye,484.2,250.4,599.4,332.5,765.3,402.9,909.3,505.7,extraversion_high5_FxVUG2R1y0Q.004.mp4,1280,720,29.97,459,extraversion,high
49,1634,right_eye,667.8,249.3,792.2,330.4,994.8,401.6,1150.2,503.0,extraversion_high5_FxVUG2R1y0Q.004.mp4,1280,720,29.97,459,extraversion,high
49,1634,nose,583.0,305.8,688.7,435.4,888.8,472.2,1020.9,634.2,extraversion_high5_FxVUG2R1y0Q.004.mp4,1280,720,29.97,459,extraversion,high
49,1634,mouth,565.2,453.2,716.5,561.7,866.5,656.5,1055.7,792.2,extraversion_high5_FxVUG2R1y0Q.004.mp4,1280,720,29.97,459,extraversion,high
49,1634,forehead,457.2,184.6,826.2,474.7,731.5,320.8,1192.7,683.4,extraversion_high5_FxVUG2R1y0Q.004.mp4,1280,720,29.97,459,extraversion,high
49,1634,chin,459.2,342.5,825.4,614.1,734.0,518.1,1191.8,857.7,extraversion_high5_FxVUG2R1y0Q.004.mp4,1280,720,29.97,459,extraversion,high
49,1634,left_cheek,471.9,351.2,577.1,495.5,749.9,529.0,881.4,709.4,extraversion_high5_FxVUG2R1y0Q.004.mp4,1280,720,29.97,459,extraversion,high
49,1634,right_cheek,694.8,347.1,806.2,491.7,1028.4,523.9,1167.8,704.7,extraversion_high5_FxVUG2R1y0Q.004.mp4,1280,720,29.97,459,extraversion,high
50,1668,left_eye,484.8,250.9,599.5,331.7,766.0,403.6,909.3,504.6,extraversion_high5_FxVUG2R1y0Q.004.mp4,1280,720,29.97,459,extraversion,high
50,1668,right_eye,667.8,248.7,792.9,329.6,994.7,400.9,1151.1,502.0,extraversion_high5_FxVUG2R1y0Q.004.mp4,1280,720,29.97,459,extraversion,high
50,1668,nose,582.7,305.5,688.9,435.4,888.4,471.9,1021.1,634.2,extraversion_high5_FxVUG2R1y0Q.004.mp4,1280,720,29.97,459,extraversion,high
50,1668,mouth,565.2,453.2,717.9,560.9,866.5,656.6,1057.3,791.2,extraversion_high5_FxVUG2R1y0Q.004.mp4,1280,720,29.97,459,extraversion,high
50,1668,forehead,458.4,185.1,828.0,477.0,733.0,321.4,1195.0,686.2,extraversion_high5_FxVUG2R1y0Q.004.mp4,1280,720,29.97,459,extraversion,high
50,1668,chin,460.2,345.0,827.1,614.8,735.2,521.3,1193.9,858.5,extraversion_high5_FxVUG2R1y0Q.004.mp4,1280,720,29.97,459,extraversion,high
50,1668,left_cheek,472.8,352.0,577.2,495.7,751.1,530.0,881.5,709.6,extraversion_high5_FxVUG2R1y0Q.004.mp4,1280,720,29.97,459,extraversion,high
50,1668,right_cheek,695.0,347.4,806.8,492.3,1028.7,524.3,1168.5,705.3,extraversion_high5_FxVUG2R1y0Q.004.mp4,1280,720,29.97,459,extraversion,high
51,1701,left_eye,486.2,251.2,599.7,331.7,767.7,404.1,909.6,504.6,extraversion_high5_FxVUG2R1y0Q.004.mp4,1280,720,29.97,459,extraversion,high
51,1701,right_eye,667.8,248.6,792.8,329.1,994.7,400.7,1151.0,501.3,extraversion_high5_FxVUG2R1y0Q.004.mp4,1280,720,29.97,459,extraversion,high
51,1701,nose,582.9,305.6,688.7,435.3,888.6,471.9,1020.9,634.2,extraversion_high5_FxVUG2R1y0Q.004.mp4,1280,720,29.97,459,extraversion,high
51,1701,mouth,565.9,453.5,718.2,559.0,867.4,656.8,1057.8,788.8,extraversion_high5_FxVUG2R1y0Q.004.mp4,1280,720,29.97,459,extraversion,high
51,1701,forehead,459.9,185.9,828.5,477.6,734.9,322.4,1195.6,687.0,extraversion_high5_FxVUG2R1y0Q.004.mp4,1280,720,29.97,459,extraversion,high
51,1701,chin,461.3,345.8,827.9,613.9,736.6,522.2,1194.9,857.3,extraversion_high5_FxVUG2R1y0Q.004.mp4,1280,720,29.97,459,extraversion,high
51,1701,left_cheek,474.2,352.6,577.7,495.6,752.7,530.8,882.2,709.5,extraversion_high5_FxVUG2R1y0Q.004.mp4,1280,720,29.97,459,extraversion,high
51,1701,right_cheek,695.2,347.5,807.0,492.3,1029.0,524.4,1168.8,705.3,extraversion_high5_FxVUG2R1y0Q.004.mp4,1280,720,29.97,459,extraversion,high
52,1735,left_eye,486.0,250.9,599.3,331.6,767.5,403.7,909.2,504.5,extraversion_high5_FxVUG2R1y0Q.004.mp4,1280,720,29.97,459,extraversion,high
52,1735,right_eye,667.7,247.2,792.2,328.5,994.6,399.1,1150.3,500.6,extraversion_high5_FxVUG2R1y0Q.004.mp4,1280,720,29.97,459,extraversion,high
52,1735,nose,582.9,305.4,688.6,434.1,888.6,471.8,1020.7,632.6,extraversion_high5_FxVUG2R1y0Q.004.mp4,1280,720,29.97,459,extraversion,high
52,1735,mouth,566.2,452.7,718.0,557.8,867.8,655.8,1057.5,787.2,extraversion_high5_FxVUG2R1y0Q.004.mp4,1280,720,29.97,459,extraversion,high
52,1735,forehead,460.3,185.8,827.3,477.4,735.4,322.3,1194.1,686.7,extraversion_high5_FxVUG2R1y0Q.004.mp4,1280,720,29.97,459,extraversion,high
52,1735,chin,461.9,345.0,827.1,611.4,737.3,521.3,1193.9,854.3,extraversion_high5_FxVUG2R1y0Q.004.mp4,1280,720,29.97,459,extraversion,high
52,1735,left_cheek,474.2,352.6,577.7,494.9,752.7,530.7,882.2,708.7,extraversion_high5_FxVUG2R1y0Q.004.mp4,1280,720,29.97,459,extraversion,high
52,1735,right_cheek,695.1,346.8,806.2,491.1,1028.8,523.6,1167.8,703.9,extraversion_high5_FxVUG2R1y0Q.004.mp4,1280,720,29.97,459,extraversion,high
53,1768,left_eye,485.3,250.6,598.4,331.3,766.6,403.3,908.0,504.1,extraversion_high5_FxVUG2R1y0Q.004.mp4,1280,720,29.97,459,extraversion,high
53,1768,right_eye,667.0,246.0,790.1,328.1,993.8,397.5,1147.6,500.1,extraversion_high5_FxVUG2R1y0Q.004.mp4,1280,720,29.97,459,extraversion,high
53,1768,nose,582.9,305.0,686.9,432.8,888.6,471.3,1018.6,631.0,extraversion_high5_FxVUG2R1y0Q.004.mp4,1280,720,29.97,459,extraversion,high
53,1768,mouth,566.8,452.4,718.0,555.5,868.5,655.5,1057.5,784.3,extraversion_high5_FxVUG2R1y0Q.004.mp4,1280,720,29.97,459,extraversion,high
53,1768,forehead,460.3,184.8,824.6,476.8,735.3,321.0,1190.7,686.0,extraversion_high5_FxVUG2R1y0Q.004.mp4,1280,720,29.97,459,extraversion,high
53,1768,chin,462.0,344.0,824.6,610.9,737.5,520.0,1190.7,853.7,extraversion_high5_FxVUG2R1y0Q.004.mp4,1280,720,29.97,459,extraversion,high
53,1768,left_cheek,473.8,352.3,577.6,494.8,752.3,530.4,882.0,708.5,extraversion_high5_FxVUG2R1y0Q.004.mp4,1280,720,29.97,459,extraversion,high
53,1768,right_cheek,694.1,345.8,804.7,490.3,1027.7,522.2,1165.8,702.9,extraversion_high5_FxVUG2R1y0Q.004.mp4,1280,720,29.97,459,extraversion,high
54,1801,left_eye,482.6,250.2,597.3,331.0,763.3,402.8,906.6,503.7,extraversion_high5_FxVUG2R1y0Q.004.mp4,1280,720,29.97,459,extraversion,high
54,1801,right_eye,666.5,244.7,789.0,327.1,993.1,395.8,1146.3,498.8,extraversion_high5_FxVUG2R1y0Q.004.mp4,1280,720,29.97,459,extraversion,high
54,1801,nose,583.2,304.1,686.8,431.2,889.0,470.1,1018.5,629.0,extraversion_high5_FxVUG2R1y0Q.004.mp4,1280,720,29.97,459,extraversion,high
54,1801,mouth,567.9,451.8,717.9,554.7,869.8,654.7,1057.3,783.4,extraversion_high5_FxVUG2R1y0Q.004.mp4,1280,720,29.97,459,extraversion,high
54,1801,forehead,456.6,183.5,823.7,476.6,730.7,319.4,1189.7,685.7,extraversion_high5_FxVUG2R1y0Q.004.mp4,1280,720,29.97,459,extraversion,high
54,1801,chin,459.1,342.0,823.7,611.1,733.8,517.5,1189.7,853.9,extraversion_high5_FxVUG2R1y0Q.004.mp4,1280,720,29.97,459,extraversion,high
54,1801,left_cheek,471.9,352.2,577.3,494.9,749.9,530.2,881.7,708.6,extraversion_high5_FxVUG2R1y0Q.004.mp4,1280,720,29.97,459,extraversion,high
54,1801,right_cheek,694.1,344.2,804.3,489.6,1027.6,520.2,1165.4,702.0,extraversion_high5_FxVUG2R1y0Q.004.mp4,1280,720,29.97,459,extraversion,high
55,1835,left_eye,479.2,250.2,596.5,330.8,759.1,402.8,905.6,503.5,extraversion_high5_FxVUG2R1y0Q.004.mp4,1280,720,29.97,459,extraversion,high
55,1835,right_eye,666.3,244.7,788.7,326.9,992.9,395.8,1145.8,498.7,extraversion_high5_FxVUG2R1y0Q.004.mp4,1280,720,29.97,459,extraversion,high
55,1835,nose,583.5,303.7,686.7,431.3,889.4,469.6,1018.4,629.1,extraversion_high5_FxVUG2R1y0Q.004.mp4,1280,720,29.97,459,extraversion,high
55,1835,mouth,567.8,451.8,717.7,560.1,869.8,654.7,1057.2,790.2,extraversion_high5_FxVUG2R1y0Q.004.mp4,1280,720,29.97,459,extraversion,high
55,1835,forehead,449.4,182.6,823.4,476.1,721.7,318.2,1189.3,685.2,extraversion_high5_FxVUG2R1y0Q.004.mp4,1280,720,29.97,459,extraversion,high
55,1835,chin,452.2,340.2,823.4,611.1,725.3,515.3,1189.3,853.9,extraversion_high5_FxVUG2R1y0Q.004.mp4,1280,720,29.97,459,extraversion,high
55,1835,left_cheek,467.6,352.1,576.8,495.2,744.5,530.1,881.0,709.0,extraversion_high5_FxVUG2R1y0Q.004.mp4,1280,720,29.97,459,extraversion,high
55,1835,right_cheek,694.1,343.6,804.3,489.4,1027.6,519.5,1165.4,701.8,extraversion_high5_FxVUG2R1y0Q.004.mp4,1280,720,29.97,459,extraversion,high
56,1868,left_eye,479.5,250.8,596.5,332.6,759.4,403.5,905.7,505.7,extraversion_high5_FxVUG2R1y0Q.004.mp4,1280,720,29.97,459,extraversion,high
56,1868,right_eye,666.4,244.7,788.7,328.4,993.0,395.9,1145.9,500.5,extraversion_high5_FxVUG2R1y0Q.004.mp4,1280,720,29.97,459,extraversion,high
56,1868,nose,584.6,304.1,687.9,435.2,890.7,470.2,1019.9,634.1,extraversion_high5_FxVUG2R1y0Q.004.mp4,1280,720,29.97,459,extraversion,high
56,1868,mouth,567.8,454.5,718.7,561.8,869.7,658.1,1058.4,792.3,extraversion_high5_FxVUG2R1y0Q.004.mp4,1280,720,29.97,459,extraversion,high
56,1868,forehead,449.4,182.5,821.6,477.0,721.8,318.2,1187.1,686.2,extraversion_high5_FxVUG2R1y0Q.004.mp4,1280,720,29.97,459,extraversion,high
56,1868,chin,452.1,340.5,821.3,611.7,725.1,515.6,1186.6,854.6,extraversion_high5_FxVUG2R1y0Q.004.mp4,1280,720,29.97,459,extraversion,high
56,1868,left_cheek,467.8,353.7,576.9,498.4,744.7,532.1,881.1,713.1,extraversion_high5_FxVUG2R1y0Q.004.mp4,1280,720,29.97,459,extraversion,high
56,1868,right_cheek,694.4,344.0,804.2,490.6,1028.0,520.0,1165.3,703.2,extraversion_high5_FxVUG2R1y0Q.004.mp4,1280,720,29.97,459,extraversion,high
57,1901,left_eye,479.8,252.7,596.6,335.5,759.8,405.8,905.7,509.3,extraversion_high5_FxVUG2R1y0Q.004.mp4,1280,720,29.97,459,extraversion,high
57,1901,right_eye,666.7,245.7,788.7,331.1,993.3,397.1,1145.9,503.8,extraversion_high5_FxVUG2R1y0Q.004.mp4,1280,720,29.97,459,extraversion,high
57,1901,nose,586.0,306.0,688.6,438.5,892.5,472.4,1020.7,638.2,extraversion_high5_FxVUG2R1y0Q.004.mp4,1280,720,29.97,459,extraversion,high
57,1901,mouth,567.8,457.9,718.6,560.3,869.8,662.4,1058.3,790.3,extraversion_high5_FxVUG2R1y0Q.004.mp4,1280,720,29.97,459,extraversion,high
57,1901,forehead,450.0,183.2,819.6,478.0,722.4,319.0,1184.5,687.5,extraversion_high5_FxVUG2R1y0Q.004.mp4,1280,720,29.97,459,extraversion,high
57,1901,chin,452.6,340.7,818.4,611.6,725.7,515.9,1183.0,854.4,extraversion_high5_FxVUG2R1y0Q.004.mp4,1280,720,29.97,459,extraversion,high
57,1901,left_cheek,468.2,355.8,577.2,500.5,745.3,534.7,881.6,715.7,extraversion_high5_FxVUG2R1y0Q.004.mp4,1280,720,29.97,459,extraversion,high
57,1901,right_cheek,694.5,345.1,803.5,491.9,1028.2,521.3,1164.4,704.9,extraversion_high5_FxVUG2R1y0Q.004.mp4,1280,720,29.97,459,extraversion,high
58,1935,left_eye,479.9,255.0,597.2,338.6,759.9,408.8,906.5,513.2,extraversion_high5_FxVUG2R1y0Q.004.mp4,1280,720,29.97,459,extraversion,high
58,1935,right_eye,666.8,247.8,788.7,334.4,993.5,399.7,1145.9,508.0,extraversion_high5_FxVUG2R1y0Q.004.mp4,1280,720,29.97,459,extraversion,high
58,1935,nose,587.4,309.4,688.5,443.1,894.2,476.7,1020.6,643.9,extraversion_high5_FxVUG2R1y0Q.004.mp4,1280,720,29.97,459,extraversion,high
58,1935,mouth,570.3,464.4,717.3,557.0,872.8,670.6,1056.6,786.2,extraversion_high5_FxVUG2R1y0Q.004.mp4,1280,720,29.97,459,extraversion,high
58,1935,forehead,450.6,186.0,819.0,478.3,723.2,322.5,1183.8,687.9,extraversion_high5_FxVUG2R1y0Q.004.mp4,1280,720,29.97,459,extraversion,high
58,1935,chin,453.1,340.8,817.9,610.7,726.3,516.0,1182.3,853.4,extraversion_high5_FxVUG2R1y0Q.004.mp4,1280,720,29.97,459,extraversion,high
58,1935,left_cheek,468.8,357.9,578.1,502.0,746.0,537.4,882.6,717.5,extraversion_high5_FxVUG2R1y0Q.004.mp4,1280,720,29.97,459,extraversion,high
58,1935,right_cheek,694.5,347.2,803.2,493.6,1028.2,524.0,1164.0,707.0,extraversion_high5_FxVUG2R1y0Q.004.mp4,1280,720,29.97,459,extraversion,high
59,1968,left_eye,480.2,255.2,598.0,339.4,760.3,409.0,907.5,514.2,extraversion_high5_FxVUG2R1y0Q.004.mp4,1280,720,29.97,459,extraversion,high
59,1968,right_eye,667.4,248.3,788.7,334.8,994.2,400.4,1145.9,508.5,extraversion_high5_FxVUG2R1y0Q.004.mp4,1280,720,29.97,459,extraversion,high
59,1968,nose,590.1,310.8,688.4,445.7,897.6,478.5,1020.5,647.1,extraversion_high5_FxVUG2R1y0Q.004.mp4,1280,720,29.97,459,extraversion,high
59,1968,mouth,577.9,468.6,715.2,552.5,882.4,675.7,1054.0,780.6,extraversion_high5_FxVUG2R1y0Q.004.mp4,1280,720,29.97,459,extraversion,high
59,1968,forehead,452.0,186.3,818.6,478.2,725.0,322.9,1183.2,687.8,extraversion_high5_FxVUG2R1y0Q.004.mp4,1280,720,29.97,459,extraversion,high
59,1968,chin,455.2,340.3,817.5,608.9,729.0,515.4,1181.8,851.2,extraversion_high5_FxVUG2R1y0Q.004.mp4,1280,720,29.97,459,extraversion,high
59,1968,left_cheek,470.4,358.9,579.9,503.4,748.0,538.6,884.9,719.2,extraversion_high5_FxVUG2R1y0Q.004.mp4,1280,720,29.97,459,extraversion,high
59,1968,right_cheek,694.6,347.5,803.1,494.2,1028.3,524.4,1163.9,707.7,extraversion_high5_FxVUG2R1y0Q.004.mp4,1280,720,29.97,459,extraversion,high
60,2002,left_eye,481.2,255.0,599.7,339.2,761.5,408.7,909.6,514.0,extraversion_high5_FxVUG2R1y0Q.004.mp4,1280,720,29.97,459,extraversion,high
60,2002,right_eye,668.9,248.4,789.5,334.6,996.1,400.5,1146.9,508.2,extraversion_high5_FxVUG2R1y0Q.004.mp4,1280,720,29.97,459,extraversion,high
60,2002,nose,591.8,310.5,688.6,446.6,899.7,478.1,1020.7,648.2,extraversion_high5_FxVUG2R1y0Q.004.mp4,1280,720,29.97,459,extraversion,high
60,2002,mouth,580.6,470.8,713.7,550.3,885.8,678.6,1052.2,777.9,extraversion_high5_FxVUG2R1y0Q.004.mp4,1280,720,29.97,459,extraversion,high
60,2002,forehead,453.2,186.2,818.9,478.1,726.5,322.8,1183.6,687.6,extraversion_high5_FxVUG2R1y0Q.004.mp4,1280,720,29.97,459,extraversion,high
60,2002,chin,456.4,340.3,817.6,607.8,730.4,515.4,1182.0,849.8,extraversion_high5_FxVUG2R1y0Q.004.mp4,1280,720,29.97,459,extraversion,high
60,2002,left_cheek,471.7,358.8,581.5,503.9,749.6,538.6,886.8,719.8,extraversion_high5_FxVUG2R1y0Q.004.mp4,1280,720,29.97,459,extraversion,high
60,2002,right_cheek,695.1,347.9,803.2,494.8,1028.9,524.8,1164.0,708.5,extraversion_high5_FxVUG2R1y0Q.004.mp4,1280,720,29.97,459,extraversion,high
61,2035,left_eye,481.2,253.4,600.4,338.5,761.6,406.7,910.6,513.1,extraversion_high5_FxVUG2R1y0Q.004.mp4,1280,720,29.97,459,extraversion,high
61,2035,right_eye,670.3,247.3,790.1,334.3,997.8,399.1,1147.6,507.9,extraversion_high5_FxVUG2R1y0Q.004.mp4,1280,720,29.97,459,extraversion,high
61,2035,nose,593.3,309.7,688.7,445.3,901.7,477.2,1020.9,646.6,extraversion_high5_FxVUG2R1y0Q.004.mp4,1280,720,29.97,459,extraversion,high
61,2035,mouth,579.7,469.9,712.8,545.6,884.6,677.3,1051.0,772.0,extraversion_high5_FxVUG2R1y0Q.004.mp4,1280,720,29.97,459,extraversion,high
61,2035,forehead,453.2,183.7,818.6,476.5,726.4,319.6,1183.3,685.6,extraversion_high5_FxVUG2R1y0Q.004.mp4,1280,720,29.97,459,extraversion,high
61,2035,chin,456.1,339.0,817.2,603.2,730.2,513.8,1181.5,844.0,extraversion_high5_FxVUG2R1y0Q.004.mp4,1280,720,29.97,459,extraversion,high
61,2035,left_cheek,471.7,358.2,582.3,503.2,749.6,537.8,887.8,719.0,extraversion_high5_FxVUG2R1y0Q.004.mp4,1280,720,29.97,459,extraversion,high
61,2035,right_cheek,695.5,347.6,803.3,494.7,1029.3,524.6,1164.1,708.3,extraversion_high5_FxVUG2R1y0Q.004.mp4,1280,720,29.97,459,extraversion,high
62,2068,left_eye,481.2,247.9,600.4,333.5,761.5,399.9,910.5,506.9,extraversion_high5_FxVUG2R1y0Q.004.mp4,1280,720,29.97,459,extraversion,high
62,2068,right_eye,670.2,242.7,789.9,329.9,997.7,393.4,1147.3,502.4,extraversion_high5_FxVUG2R1y0Q.004.mp4,1280,720,29.97,459,extraversion,high
62,2068,nose,593.2,304.0,688.4,440.4,901.5,470.0,1020.5,640.5,extraversion_high5_FxVUG2R1y0Q.004.mp4,1280,720,29.97,459,extraversion,high
62,2068,mouth,578.4,468.6,710.8,535.5,883.1,675.8,1048.6,759.4,extraversion_high5_FxVUG2R1y0Q.004.mp4,1280,720,29.97,459,extraversion,high
62,2068,forehead,452.0,178.9,817.2,472.2,725.1,313.7,1181.5,680.3,extraversion_high5_FxVUG2R1y0Q.004.mp4,1280,720,29.97,459,extraversion,high
62,2068,chin,454.8,335.8,815.5,594.1,728.5,509.7,1179.4,832.7,extraversion_high5_FxVUG2R1y0Q.004.mp4,1280,720,29.97,459,extraversion,high
62,2068,left_cheek,471.0,353.1,582.0,498.3,748.8,531.4,887.5,712.9,extraversion_high5_FxVUG2R1y0Q.004.mp4,1280,720,29.97,459,extraversion,high
62,2068,right_cheek,695.3,344.1,802.7,490.9,1029.2,520.2,1163.3,703.6,extraversion_high5_FxVUG2R1y0Q.004.mp4,1280,720,29.97,459,extraversion,high
63,2102,left_eye,481.3,243.5,600.2,330.1,761.7,394.4,910.2,502.7,extraversion_high5_FxVUG2R1y0Q.004.mp4,1280,720,29.97,459,extraversion,high
63,2102,right_eye,669.6,238.9,788.7,326.3,997.0,388.7,1145.9,497.9,extraversion_high5_FxVUG2R1y0Q.004.mp4,1280,720,29.97,459,extraversion,high
63,2102,nose,592.7,299.5,687.5,434.3,900.9,464.3,1019.4,632.9,extraversion_high5_FxVUG2R1y0Q.004.mp4,1280,720,29.97,459,extraversion,high
63,2102,mouth,577.7,462.4,710.5,530.3,882.1,668.0,1048.2,752.8,extraversion_high5_FxVUG2R1y0Q.004.mp4,1280,720,29.97,459,extraversion,high
63,2102,forehead,452.3,176.4,816.3,471.3,725.4,310.6,1180.3,679.1,extraversion_high5_FxVUG2R1y0Q.004.mp4,1280,720,29.97,459,extraversion,high
63,2102,chin,455.1,335.5,814.7,591.4,728.9,509.3,1178.4,829.2,extraversion_high5_FxVUG2R1y0Q.004.mp4,1280,720,29.97,459,extraversion,high
63,2102,left_cheek,471.0,350.3,581.9,494.3,748.8,527.9,887.3,707.9,extraversion_high5_FxVUG2R1y0Q.004.mp4,1280,720,29.97,459,extraversion,high
63,2102,right_cheek,694.9,341.8,801.8,487.6,1028.6,517.2,1162.3,699.5,extraversion_high5_FxVUG2R1y0Q.004.mp4,1280,720,29.97,459,extraversion,high
64,2135,left_eye,483.6,242.7,599.8,328.3,764.5,393.4,909.7,500.3,extraversion_high5_FxVUG2R1y0Q.004.mp4,1280,720,29.97,459,extraversion,high
64,2135,right_eye,669.5,237.6,788.3,322.4,996.8,387.0,1145.3,493.0,extraversion_high5_FxVUG2R1y0Q.004.mp4,1280,720,29.97,459,extraversion,high
64,2135,nose,592.4,298.3,687.3,430.9,900.5,462.9,1019.1,628.7,extraversion_high5_FxVUG2R1y0Q.004.mp4,1280,720,29.97,459,extraversion,high
64,2135,mouth,577.5,456.5,710.8,525.4,881.9,660.6,1048.6,746.7,extraversion_high5_FxVUG2R1y0Q.004.mp4,1280,720,29.97,459,extraversion,high
64,2135,forehead,454.5,177.2,816.7,471.3,728.2,311.5,1180.8,679.2,extraversion_high5_FxVUG2R1y0Q.004.mp4,1280,720,29.97,459,extraversion,high
64,2135,chin,456.2,335.8,815.5,587.6,730.2,509.7,1179.4,824.6,extraversion_high5_FxVUG2R1y0Q.004.mp4,1280,720,29.97,459,extraversion,high
64,2135,left_cheek,472.0,350.2,581.8,493.0,750.0,527.8,887.2,706.3,extraversion_high5_FxVUG2R1y0Q.004.mp4,1280,720,29.97,459,extraversion,high
64,2135,right_cheek,694.6,340.3,801.9,485.3,1028.2,515.4,1162.4,696.6,extraversion_high5_FxVUG2R1y0Q.004.mp4,1280,720,29.97,459,extraversion,high
65,2168,left_eye,488.4,242.4,600.8,330.0,770.5,393.0,911.0,502.4,extraversion_high5_FxVUG2R1y0Q.004.mp4,1280,720,29.97,459,extraversion,high
65,2168,right_eye,668.9,236.2,787.3,323.9,996.2,385.3,1144.1,494.9,extraversion_high5_FxVUG2R1y0Q.004.mp4,1280,720,29.97,459,extraversion,high
65,2168,nose,592.4,298.4,686.0,429.5,900.5,463.0,1017.5,626.9,extraversion_high5_FxVUG2R1y0Q.004.mp4,1280,720,29.97,459,extraversion,high
65,2168,mouth,577.0,453.3,711.8,516.8,881.3,656.6,1049.8,736.0,extraversion_high5_FxVUG2R1y0Q.004.mp4,1280,720,29.97,459,extraversion,high
65,2168,forehead,462.0,177.2,816.9,473.0,737.5,311.5,1181.2,681.2,extraversion_high5_FxVUG2R1y0Q.004.mp4,1280,720,29.97,459,extraversion,high
65,2168,chin,463.0,336.5,815.8,580.7,738.8,510.7,1179.8,815.9,extraversion_high5_FxVUG2R1y0Q.004.mp4,1280,720,29.97,459,extraversion,high
65,2168,left_cheek,477.1,350.5,582.4,492.0,756.3,528.1,888.0,704.9,extraversion_high5_FxVUG2R1y0Q.004.mp4,1280,720,29.97,459,extraversion,high
65,2168,right_cheek,693.9,340.7,800.9,484.3,1027.3,515.9,1161.1,695.4,extraversion_high5_FxVUG2R1y0Q.004.mp4,1280,720,29.97,459,extraversion,high
66,2202,left_eye,490.3,241.9,601.7,330.4,772.9,392.4,912.1,502.9,extraversion_high5_FxVUG2R1y0Q.004.mp4,1280,720,29.97,459,extraversion,high
66,2202,right_eye,668.9,234.9,787.0,323.2,996.1,383.6,1143.8,494.1,extraversion_high5_FxVUG2R1y0Q.004.mp4,1280,720,29.97,459,extraversion,high
66,2202,nose,592.6,297.5,686.1,428.1,900.7,461.9,1017.6,625.2,extraversion_high5_FxVUG2R1y0Q.004.mp4,1280,720,29.97,459,extraversion,high
66,2202,mouth,577.1,452.9,712.1,515.1,881.3,656.2,1050.2,733.9,extraversion_high5_FxVUG2R1y0Q.004.mp4,1280,720,29.97,459,extraversion,high
66,2202,forehead,463.3,176.3,817.1,474.7,739.1,310.4,1181.4,683.4,extraversion_high5_FxVUG2R1y0Q.004.mp4,1280,720,29.97,459,extraversion,high
66,2202,chin,464.2,336.7,815.8,578.7,740.2,510.8,1179.8,813.3,extraversion_high5_FxVUG2R1y0Q.004.mp4,1280,720,29.97,459,extraversion,high
66,2202,left_cheek,478.2,350.5,583.1,491.7,757.8,528.2,888.8,704.7,extraversion_high5_FxVUG2R1y0Q.004.mp4,1280,720,29.97,459,extraversion,high
66,2202,right_cheek,693.9,340.2,800.9,483.0,1027.4,515.2,1161.2,693.7,extraversion_high5_FxVUG2R1y0Q.004.mp4,1280,720,29.97,459,extraversion,high
67,2235,left_eye,490.2,242.2,603.0,327.6,772.8,392.8,913.8,499.5,extraversion_high5_FxVUG2R1y0Q.004.mp4,1280,720,29.97,459,extraversion,high
67,2235,right_eye,669.7,235.4,787.7,320.9,997.2,384.3,1144.6,491.1,extraversion_high5_FxVUG2R1y0Q.004.mp4,1280,720,29.97,459,extraversion,high
67,2235,nose,593.3,296.7,687.9,428.2,901.6,460.9,1019.9,625.2,extraversion_high5_FxVUG2R1y0Q.004.mp4,1280,720,29.97,459,extraversion,high
67,2235,mouth,577.9,453.1,713.8,516.7,882.4,656.4,1052.2,735.9,extraversion_high5_FxVUG2R1y0Q.004.mp4,1280,720,29.97,459,extraversion,high
67,2235,forehead,463.0,175.5,817.6,474.9,738.7,309.4,1182.0,683.6,extraversion_high5_FxVUG2R1y0Q.004.mp4,1280,720,29.97,459,extraversion,high
67,2235,chin,464.1,336.6,816.4,579.2,740.1,510.7,1180.5,814.0,extraversion_high5_FxVUG2R1y0Q.004.mp4,1280,720,29.97,459,extraversion,high
67,2235,left_cheek,478.3,350.7,583.9,491.5,757.8,528.4,889.9,704.4,extraversion_high5_FxVUG2R1y0Q.004.mp4,1280,720,29.97,459,extraversion,high
67,2235,right_cheek,695.3,339.2,801.5,482.1,1029.1,514.0,1161.9,692.6,extraversion_high5_FxVUG2R1y0Q.004.mp4,1280,720,29.97,459,extraversion,high
68,2268,left_eye,491.8,242.6,605.4,327.5,774.7,393.3,916.7,499.4,extraversion_high5_FxVUG2R1y0Q.004.mp4,1280,720,29.97,459,extraversion,high
68,2268,right_eye,670.4,236.0,787.7,320.5,998.0,385.0,1144.7,490.7,extraversion_high5_FxVUG2R1y0Q.004.mp4,1280,720,29.97,459,extraversion,high
68,2268,nose,594.4,296.9,688.9,428.2,903.0,461.1,1021.1,625.2,extraversion_high5_FxVUG2R1y0Q.004.mp4,1280,720,29.97,459,extraversion,high
68,2268,mouth,579.1,453.3,714.2,520.1,883.9,656.6,1052.7,740.1,extraversion_high5_FxVUG2R1y0Q.004.mp4,1280,720,29.97,459,extraversion,high
68,2268,forehead,463.2,175.9,816.9,474.8,739.0,309.9,1181.1,683.5,extraversion_high5_FxVUG2R1y0Q.004.mp4,1280,720,29.97,459,extraversion,high
68,2268,chin,464.4,336.6,815.7,580.9,740.5,510.8,1179.7,816.1,extraversion_high5_FxVUG2R1y0Q.004.mp4,1280,720,29.97,459,extraversion,high
68,2268,left_cheek,479.2,350.8,584.9,491.1,759.0,528.5,891.1,703.9,extraversion_high5_FxVUG2R1y0Q.004.mp4,1280,720,29.97,459,extraversion,high
68,2268,right_cheek,695.8,339.4,801.4,482.0,1029.8,514.3,1161.7,692.5,extraversion_high5_FxVUG2R1y0Q.004.mp4,1280,720,29.97,459,extraversion,high
69,2302,left_eye,491.2,243.6,605.7,328.3,774.0,394.5,917.1,500.4,extraversion_high5_FxVUG2R1y0Q.004.mp4,1280,720,29.97,459,extraversion,high
69,2302,right_eye,670.7,237.2,787.9,321.9,998.4,386.5,1144.9,492.4,extraversion_high5_FxVUG2R1y0Q.004.mp4,1280,720,29.97,459,extraversion,high
69,2302,nose,595.3,297.3,689.4,429.6,904.1,461.6,1021.8,627.0,extraversion_high5_FxVUG2R1y0Q.004.mp4,1280,720,29.97,459,extraversion,high
69,2302,mouth,579.2,453.8,715.3,522.3,884.0,657.3,1054.1,742.9,extraversion_high5_FxVUG2R1y0Q.004.mp4,1280,720,29.97,459,extraversion,high
69,2302,forehead,462.7,176.7,816.6,475.0,738.3,310.8,1180.7,683.7,extraversion_high5_FxVUG2R1y0Q.004.mp4,1280,720,29.97,459,extraversion,high
69,2302,chin,464.0,336.9,815.2,582.6,740.1,511.2,1179.0,818.3,extraversion_high5_FxVUG2R1y0Q.004.mp4,1280,720,29.97,459,extraversion,high
69,2302,left_cheek,479.0,351.4,585.4,491.3,758.7,529.2,891.8,704.1,extraversion_high5_FxVUG2R1y0Q.004.mp4,1280,720,29.97,459,extraversion,high
69,2302,right_cheek,696.2,340.0,801.4,482.4,1030.2,515.0,1161.7,693.1,extraversion_high5_FxVUG2R1y0Q.004.mp4,1280,720,29.97,459,extraversion,high
70,2335,left_eye,490.8,245.6,605.3,329.6,773.5,397.0,916.7,502.0,extraversion_high5_FxVUG2R1y0Q.004.mp4,1280,720,29.97,459,extraversion,high
70,2335,right_eye,670.7,239.2,788.0,323.4,998.3,389.0,1145.0,494.3,extraversion_high5_FxVUG2R1y0Q.004.mp4,1280,720,29.97,459,extraversion,high
70,2335,nose,595.4,298.9,689.4,432.4,904.2,463.7,1021.8,630.4,extraversion_high5_FxVUG2R1y0Q.004.mp4,1280,720,29.97,459,extraversion,high
70,2335,mouth,578.9,455.9,715.7,523.4,883.7,659.9,1054.7,744.3,extraversion_high5_FxVUG2R1y0Q.004.mp4,1280,720,29.97,459,extraversion,high
70,2335,forehead,462.3,177.5,816.4,475.0,737.9,311.8,1180.5,683.7,extraversion_high5_FxVUG2R1y0Q.004.mp4,1280,720,29.97,459,extraversion,high
70,2335,chin,464.0,337.0,814.9,583.3,740.0,511.2,1178.6,819.1,extraversion_high5_FxVUG2R1y0Q.004.mp4,1280,720,29.97,459,extraversion,high
70,2335,left_cheek,478.7,352.1,585.3,492.0,758.4,530.1,891.6,705.0,extraversion_high5_FxVUG2R1y0Q.004.mp4,1280,720,29.97,459,extraversion,high
70,2335,right_cheek,696.3,340.6,801.4,482.9,1030.4,515.8,1161.7,693.6,extraversion_high5_FxVUG2R1y0Q.004.mp4,1280,720,29.97,459,extraversion,high
71,2369,left_eye,488.8,247.5,604.9,331.2,771.0,399.3,916.1,504.0,extraversion_high5_FxVUG2R1y0Q.004.mp4,1280,720,29.97,459,extraversion,high
71,2369,right_eye,670.2,240.3,788.0,324.2,997.7,390.4,1145.0,495.3,extraversion_high5_FxVUG2R1y0Q.004.mp4,1280,720,29.97,459,extraversion,high
71,2369,nose,595.2,300.3,689.4,434.6,904.0,465.3,1021.8,633.2,extraversion_high5_FxVUG2R1y0Q.004.mp4,1280,720,29.97,459,extraversion,high
71,2369,mouth,578.4,457.4,715.8,523.8,883.0,661.8,1054.8,744.8,extraversion_high5_FxVUG2R1y0Q.004.mp4,1280,720,29.97,459,extraversion,high
71,2369,forehead,460.9,177.9,816.1,475.0,736.1,312.3,1180.1,683.8,extraversion_high5_FxVUG2R1y0Q.004.mp4,1280,720,29.97,459,extraversion,high
71,2369,chin,463.2,336.9,814.6,583.6,739.0,511.1,1178.2,819.6,extraversion_high5_FxVUG2R1y0Q.004.mp4,1280,720,29.97,459,extraversion,high
71,2369,left_cheek,478.0,353.0,585.2,493.0,757.5,531.2,891.5,706.3,extraversion_high5_FxVUG2R1y0Q.004.mp4,1280,720,29.97,459,extraversion,high
71,2369,right_cheek,696.3,340.7,801.3,483.0,1030.3,515.8,1161.6,693.7,extraversion_high5_FxVUG2R1y0Q.004.mp4,1280,720,29.97,459,extraversion,high
72,2402,left_eye,485.6,249.0,603.4,332.2,767.0,401.2,914.3,505.3,extraversion_high5_FxVUG2R1y0Q.004.mp4,1280,720,29.97,459,extraversion,high
72,2402,right_eye,669.1,241.0,787.8,324.7,996.4,391.2,1144.7,495.8,extraversion_high5_FxVUG2R1y0Q.004.mp4,1280,720,29.97,459,extraversion,high
72,2402,nose,595.1,301.1,689.2,435.9,903.9,466.3,1021.5,634.9,extraversion_high5_FxVUG2R1y0Q.004.mp4,1280,720,29.97,459,extraversion,high
72,2402,mouth,578.1,459.0,715.8,524.1,882.6,663.7,1054.8,745.1,extraversion_high5_FxVUG2R1y0Q.004.mp4,1280,720,29.97,459,extraversion,high
72,2402,forehead,457.1,177.9,815.6,475.0,731.3,312.4,1179.4,683.8,extraversion_high5_FxVUG2R1y0Q.004.mp4,1280,720,29.97,459,extraversion,high
72,2402,chin,460.2,336.3,814.0,583.8,735.3,510.3,1177.5,819.8,extraversion_high5_FxVUG2R1y0Q.004.mp4,1280,720,29.97,459,extraversion,high
72,2402,left_cheek,475.6,353.8,584.6,494.1,754.6,532.3,890.8,707.6,extraversion_high5_FxVUG2R1y0Q.004.mp4,1280,720,29.97,459,extraversion,high
72,2402,right_cheek,696.0,340.7,801.1,483.1,1030.0,515.9,1161.4,693.9,extraversion_high5_FxVUG2R1y0Q.004.mp4,1280,720,29.97,459,extraversion,high
73,2435,left_eye,483.8,249.9,601.5,333.1,764.8,402.4,911.8,506.4,extraversion_high5_FxVUG2R1y0Q.004.mp4,1280,720,29.97,459,extraversion,high
73,2435,right_eye,667.6,241.3,786.9,325.0,994.5,391.6,1143.6,496.2,extraversion_high5_FxVUG2R1y0Q.004.mp4,1280,720,29.97,459,extraversion,high
73,2435,nose,594.9,301.9,688.6,437.0,903.6,467.3,1020.8,636.3,extraversion_high5_FxVUG2R1y0Q.004.mp4,1280,720,29.97,459,extraversion,high
73,2435,mouth,578.1,460.7,715.5,524.9,882.6,665.9,1054.4,746.1,extraversion_high5_FxVUG2R1y0Q.004.mp4,1280,720,29.97,459,extraversion,high
73,2435,forehead,456.3,178.0,814.6,475.3,730.4,312.5,1178.2,684.1,extraversion_high5_FxVUG2R1y0Q.004.mp4,1280,720,29.97,459,extraversion,high
73,2435,chin,459.6,335.4,813.3,583.9,734.6,509.2,1176.6,819.8,extraversion_high5_FxVUG2R1y0Q.004.mp4,1280,720,29.97,459,extraversion,high
73,2435,left_cheek,474.6,354.9,583.8,495.7,753.3,533.6,889.8,709.7,extraversion_high5_FxVUG2R1y0Q.004.mp4,1280,720,29.97,459,extraversion,high
73,2435,right_cheek,695.2,340.8,800.6,483.5,1029.0,516.0,1160.7,694.3,extraversion_high5_FxVUG2R1y0Q.004.mp4,1280,720,29.97,459,extraversion,high
74,2469,left_eye,483.1,250.2,600.4,333.7,763.9,402.7,910.4,507.1,extraversion_high5_FxVUG2R1y0Q.004.mp4,1280,720,29.97,459,extraversion,high
74,2469,right_eye,666.2,241.4,786.4,325.2,992.8,391.8,1143.0,496.5,extraversion_high5_FxVUG2R1y0Q.004.mp4,1280,720,29.97,459,extraversion,high
74,2469,nose,593.2,302.2,687.8,437.7,901.6,467.7,1019.7,637.2,extraversion_high5_FxVUG2R1y0Q.004.mp4,1280,720,29.97,459,extraversion,high
74,2469,mouth,578.0,465.2,713.6,527.2,882.5,671.4,1052.0,749.1,extraversion_high5_FxVUG2R1y0Q.004.mp4,1280,720,29.97,459,extraversion,high
74,2469,forehead,456.4,178.1,814.3,475.7,730.5,312.6,1177.8,684.7,extraversion_high5_FxVUG2R1y0Q.004.mp4,1280,720,29.97,459,extraversion,high
74,2469,chin,459.6,335.3,813.1,587.3,734.6,509.1,1176.3,824.1,extraversion_high5_FxVUG2R1y0Q.004.mp4,1280,720,29.97,459,extraversion,high
74,2469,left_cheek,474.1,355.6,582.7,497.6,752.7,534.5,888.4,712.0,extraversion_high5_FxVUG2R1y0Q.004.mp4,1280,720,29.97,459,extraversion,high
74,2469,right_cheek,694.2,340.8,800.1,484.9,1027.7,516.0,1160.1,696.1,extraversion_high5_FxVUG2R1y0Q.004.mp4,1280,720,29.97,459,extraversion,high
75,2502,left_eye,482.7,250.1,600.1,333.8,763.3,402.6,910.1,507.2,extraversion_high5_FxVUG2R1y0Q.004.mp4,1280,720,29.97,459,extraversion,high
75,2502,right_eye,665.8,241.7,786.1,325.5,992.3,392.2,1142.7,496.8,extraversion_high5_FxVUG2R1y0Q.004.mp4,1280,720,29.97,459,extraversion,high
75,2502,nose,592.6,302.3,687.2,438.1,900.7,467.9,1019.0,637.6,extraversion_high5_FxVUG2R1y0Q.004.mp4,1280,720,29.97,459,extraversion,high
75,2502,mouth,578.4,467.2,710.9,530.5,883.0,674.0,1048.6,753.1,extraversion_high5_FxVUG2R1y0Q.004.mp4,1280,720,29.97,459,extraversion,high
75,2502,forehead,456.1,178.1,814.2,475.7,730.1,312.7,1177.8,684.7,extraversion_high5_FxVUG2R1y0Q.004.mp4,1280,720,29.97,459,extraversion,high
75,2502,chin,459.3,335.3,813.0,589.6,734.1,509.1,1176.2,827.0,extraversion_high5_FxVUG2R1y0Q.004.mp4,1280,720,29.97,459,extraversion,high
75,2502,left_cheek,473.8,355.6,582.3,498.3,752.3,534.6,887.8,712.8,extraversion_high5_FxVUG2R1y0Q.004.mp4,1280,720,29.97,459,extraversion,high
75,2502,right_cheek,693.3,340.9,799.6,486.5,1026.7,516.1,1159.5,698.2,extraversion_high5_FxVUG2R1y0Q.004.mp4,1280,720,29.97,459,extraversion,high
76,2535,left_eye,482.9,250.0,600.1,333.8,763.6,402.5,910.1,507.2,extraversion_high5_FxVUG2R1y0Q.004.mp4,1280,720,29.97,459,extraversion,high
76,2535,right_eye,666.0,241.9,786.2,325.5,992.4,392.4,1142.7,496.8,extraversion_high5_FxVUG2R1y0Q.004.mp4,1280,720,29.97,459,extraversion,high
76,2535,nose,592.4,302.3,687.0,437.9,900.6,467.9,1018.8,637.4,extraversion_high5_FxVUG2R1y0Q.004.mp4,1280,720,29.97,459,extraversion,high
76,2535,mouth,578.8,467.9,709.6,532.0,883.4,674.9,1047.0,754.9,extraversion_high5_FxVUG2R1y0Q.004.mp4,1280,720,29.97,459,extraversion,high
76,2535,forehead,456.1,178.3,814.3,475.6,730.1,312.9,1177.9,684.5,extraversion_high5_FxVUG2R1y0Q.004.mp4,1280,720,29.97,459,extraversion,high
76,2535,chin,459.3,335.3,813.0,591.8,734.2,509.1,1176.3,829.8,extraversion_high5_FxVUG2R1y0Q.004.mp4,1280,720,29.97,459,extraversion,high
76,2535,left_cheek,473.8,355.6,582.2,498.3,752.3,534.5,887.8,712.9,extraversion_high5_FxVUG2R1y0Q.004.mp4,1280,720,29.97,459,extraversion,high
76,2535,right_cheek,693.2,341.1,799.6,487.7,1026.5,516.4,1159.5,699.6,extraversion_high5_FxVUG2R1y0Q.004.mp4,1280,720,29.97,459,extraversion,high
77,2569,left_eye,483.1,249.6,600.2,333.0,763.8,402.0,910.3,506.2,extraversion_high5_FxVUG2R1y0Q.004.mp4,1280,720,29.97,459,extraversion,high
77,2569,right_eye,666.4,241.9,787.0,325.5,993.0,392.4,1143.8,496.9,extraversion_high5_FxVUG2R1y0Q.004.mp4,1280,720,29.97,459,extraversion,high
77,2569,nose,592.3,302.2,687.0,437.6,900.4,467.7,1018.8,637.0,extraversion_high5_FxVUG2R1y0Q.004.mp4,1280,720,29.97,459,extraversion,high
77,2569,mouth,579.1,466.9,710.0,532.6,883.9,673.6,1047.5,755.8,extraversion_high5_FxVUG2R1y0Q.004.mp4,1280,720,29.97,459,extraversion,high
77,2569,forehead,456.8,178.4,815.3,473.8,731.0,312.9,1179.2,682.3,extraversion_high5_FxVUG2R1y0Q.004.mp4,1280,720,29.97,459,extraversion,high
77,2569,chin,460.0,335.2,813.9,591.5,735.0,509.0,1177.3,829.3,extraversion_high5_FxVUG2R1y0Q.004.mp4,1280,720,29.97,459,extraversion,high
77,2569,left_cheek,474.2,354.5,582.2,497.7,752.7,533.1,887.8,712.1,extraversion_high5_FxVUG2R1y0Q.004.mp4,1280,720,29.97,459,extraversion,high
77,2569,right_cheek,693.2,341.1,799.9,487.7,1026.6,516.4,1159.9,699.6,extraversion_high5_FxVUG2R1y0Q.004.mp4,1280,720,29.97,459,extraversion,high
78,2602,left_eye,483.4,249.2,600.5,332.3,764.2,401.5,910.7,505.4,extraversion_high5_FxVUG2R1y0Q.004.mp4,1280,720,29.97,459,extraversion,high
78,2602,right_eye,667.2,241.9,787.8,325.5,994.0,392.4,1144.7,496.9,extraversion_high5_FxVUG2R1y0Q.004.mp4,1280,720,29.97,459,extraversion,high
78,2602,nose,592.4,302.1,687.1,436.5,900.4,467.6,1018.8,635.6,extraversion_high5_FxVUG2R1y0Q.004.mp4,1280,720,29.97,459,extraversion,high
78,2602,mouth,579.1,463.0,710.2,534.4,883.9,668.7,1047.8,757.9,extraversion_high5_FxVUG2R1y0Q.004.mp4,1280,720,29.97,459,extraversion,high
78,2602,forehead,457.0,178.4,815.9,472.8,731.3,313.1,1179.9,681.0,extraversion_high5_FxVUG2R1y0Q.004.mp4,1280,720,29.97,459,extraversion,high
78,2602,chin,460.1,335.1,814.4,592.5,735.1,508.9,1178.0,830.7,extraversion_high5_FxVUG2R1y0Q.004.mp4,1280,720,29.97,459,extraversion,high
78,2602,left_cheek,474.2,353.3,582.3,496.3,752.8,531.7,887.8,710.4,extraversion_high5_FxVUG2R1y0Q.004.mp4,1280,720,29.97,459,extraversion,high
78,2602,right_cheek,693.5,341.0,800.5,487.2,1026.9,516.3,1160.6,699.0,extraversion_high5_FxVUG2R1y0Q.004.mp4,1280,720,29.97,459,extraversion,high
79,2635,left_eye,483.5,249.0,601.2,331.9,764.3,401.2,911.6,504.9,extraversion_high5_FxVUG2R1y0Q.004.mp4,1280,720,29.97,459,extraversion,high
79,2635,right_eye,668.2,242.1,788.5,325.5,995.2,392.6,1145.6,496.9,extraversion_high5_FxVUG2R1y0Q.004.mp4,1280,720,29.97,459,extraversion,high
79,2635,nose,592.2,301.8,688.0,434.6,900.2,467.3,1019.9,633.3,extraversion_high5_FxVUG2R1y0Q.004.mp4,1280,720,29.97,459,extraversion,high
79,2635,mouth,576.3,457.3,713.3,538.5,880.4,661.6,1051.6,763.1,extraversion_high5_FxVUG2R1y0Q.004.mp4,1280,720,29.97,459,extraversion,high
79,2635,forehead,456.4,178.7,816.5,472.6,730.5,313.4,1180.6,680.8,extraversion_high5_FxVUG2R1y0Q.004.mp4,1280,720,29.97,459,extraversion,high
79,2635,chin,459.2,335.1,815.0,594.8,734.0,508.9,1178.8,833.4,extraversion_high5_FxVUG2R1y0Q.004.mp4,1280,720,29.97,459,extraversion,high
79,2635,left_cheek,474.0,352.5,582.2,495.3,752.5,530.6,887.8,709.2,extraversion_high5_FxVUG2R1y0Q.004.mp4,1280,720,29.97,459,extraversion,high
79,2635,right_cheek,694.4,340.9,801.3,486.6,1028.0,516.1,1161.6,698.2,extraversion_high5_FxVUG2R1y0Q.004.mp4,1280,720,29.97,459,extraversion,high
80,2669,left_eye,483.5,248.9,601.4,331.7,764.4,401.2,911.7,504.6,extraversion_high5_FxVUG2R1y0Q.004.mp4,1280,720,29.97,459,extraversion,high
80,2669,right_eye,668.7,242.2,788.7,325.6,995.8,392.7,1145.9,497.0,extraversion_high5_FxVUG2R1y0Q.004.mp4,1280,720,29.97,459,extraversion,high
80,2669,nose,591.7,301.8,688.2,434.4,899.6,467.3,1020.3,632.9,extraversion_high5_FxVUG2R1y0Q.004.mp4,1280,720,29.97,459,extraversion,high
80,2669,mouth,575.1,456.3,714.5,541.6,878.8,660.3,1053.1,767.0,extraversion_high5_FxVUG2R1y0Q.004.mp4,1280,720,29.97,459,extraversion,high
80,2669,forehead,456.2,178.9,816.5,472.7,730.3,313.7,1180.6,680.9,extraversion_high5_FxVUG2R1y0Q.004.mp4,1280,720,29.97,459,extraversion,high
80,2669,chin,459.0,335.2,815.1,598.7,733.8,509.0,1178.9,838.4,extraversion_high5_FxVUG2R1y0Q.004.mp4,1280,720,29.97,459,extraversion,high
80,2669,left_cheek,473.9,352.3,582.1,495.2,752.3,530.3,887.6,709.1,extraversion_high5_FxVUG2R1y0Q.004.mp4,1280,720,29.97,459,extraversion,high
80,2669,right_cheek,694.7,340.9,801.4,486.6,1028.3,516.1,1161.8,698.2,extraversion_high5_FxVUG2R1y0Q.004.mp4,1280,720,29.97,459,extraversion,high
81,2702,left_eye,484.2,249.1,601.8,331.7,765.2,401.4,912.2,504.6,extraversion_high5_FxVUG2R1y0Q.004.mp4,1280,720,29.97,459,extraversion,high
81,2702,right_eye,669.3,242.6,789.1,326.0,996.6,393.3,1146.3,497.6,extraversion_high5_FxVUG2R1y0Q.004.mp4,1280,720,29.97,459,extraversion,high
81,2702,nose,591.9,302.0,689.2,435.1,899.8,467.6,1021.5,633.8,extraversion_high5_FxVUG2R1y0Q.004.mp4,1280,720,29.97,459,extraversion,high
81,2702,mouth,575.1,457.0,715.2,541.0,878.9,661.2,1054.0,766.3,extraversion_high5_FxVUG2R1y0Q.004.mp4,1280,720,29.97,459,extraversion,high
81,2702,forehead,456.9,179.3,816.5,472.8,731.1,314.1,1180.7,681.0,extraversion_high5_FxVUG2R1y0Q.004.mp4,1280,720,29.97,459,extraversion,high
81,2702,chin,459.8,335.2,815.1,598.7,734.7,509.0,1178.9,838.4,extraversion_high5_FxVUG2R1y0Q.004.mp4,1280,720,29.97,459,extraversion,high
81,2702,left_cheek,474.4,352.3,582.4,495.5,753.0,530.4,888.0,709.3,extraversion_high5_FxVUG2R1y0Q.004.mp4,1280,720,29.97,459,extraversion,high
81,2702,right_cheek,695.3,340.9,801.5,486.9,1029.1,516.2,1161.9,698.6,extraversion_high5_FxVUG2R1y0Q.004.mp4,1280,720,29.97,459,extraversion,high
82,2736,left_eye,484.6,249.6,602.3,332.1,765.8,402.0,912.8,505.2,extraversion_high5_FxVUG2R1y0Q.004.mp4,1280,720,29.97,459,extraversion,high
82,2736,right_eye,669.3,243.0,789.1,326.5,996.6,393.8,1146.4,498.1,extraversion_high5_FxVUG2R1y0Q.004.mp4,1280,720,29.97,459,extraversion,high
82,2736,nose,592.3,302.7,689.5,437.7,900.3,468.3,1021.9,637.1,extraversion_high5_FxVUG2R1y0Q.004.mp4,1280,720,29.97,459,extraversion,high
82,2736,mouth,576.6,462.3,715.0,535.6,880.8,667.9,1053.7,759.5,extraversion_high5_FxVUG2R1y0Q.004.mp4,1280,720,29.97,459,extraversion,high
82,2736,forehead,457.8,179.4,816.6,472.7,732.3,314.3,1180.7,680.9,extraversion_high5_FxVUG2R1y0Q.004.mp4,1280,720,29.97,459,extraversion,high
82,2736,chin,460.6,335.0,815.1,596.9,735.8,508.7,1178.9,836.1,extraversion_high5_FxVUG2R1y0Q.004.mp4,1280,720,29.97,459,extraversion,high
82,2736,left_cheek,474.9,352.6,583.0,495.7,753.7,530.7,888.7,709.6,extraversion_high5_FxVUG2R1y0Q.004.mp4,1280,720,29.97,459,extraversion,high
82,2736,right_cheek,695.4,341.1,801.6,487.0,1029.2,516.3,1162.1,698.8,extraversion_high5_FxVUG2R1y0Q.004.mp4,1280,720,29.97,459,extraversion,high
83,2769,left_eye,486.9,249.9,603.7,332.7,768.7,402.4,914.6,505.8,extraversion_high5_FxVUG2R1y0Q.004.mp4,1280,720,29.97,459,extraversion,high
83,2769,right_eye,669.6,243.2,789.4,326.7,997.0,393.9,1146.8,498.4,extraversion_high5_FxVUG2R1y0Q.004.mp4,1280,720,29.97,459,extraversion,high
83,2769,nose,594.0,302.9,689.7,438.4,902.5,468.6,1022.1,638.0,extraversion_high5_FxVUG2R1y0Q.004.mp4,1280,720,29.97,459,extraversion,high
83,2769,mouth,579.1,466.5,714.9,529.2,883.8,673.2,1053.6,751.5,extraversion_high5_FxVUG2R1y0Q.004.mp4,1280,720,29.97,459,extraversion,high
83,2769,forehead,461.2,179.4,817.1,472.7,736.5,314.3,1181.4,680.9,extraversion_high5_FxVUG2R1y0Q.004.mp4,1280,720,29.97,459,extraversion,high
83,2769,chin,464.1,334.8,815.5,591.1,740.1,508.5,1179.4,828.9,extraversion_high5_FxVUG2R1y0Q.004.mp4,1280,720,29.97,459,extraversion,high
83,2769,left_cheek,477.6,352.9,584.6,495.8,757.0,531.2,890.8,709.7,extraversion_high5_FxVUG2R1y0Q.004.mp4,1280,720,29.97,459,extraversion,high
83,2769,right_cheek,695.8,341.1,801.9,487.0,1029.7,516.4,1162.4,698.8,extraversion_high5_FxVUG2R1y0Q.004.mp4,1280,720,29.97,459,extraversion,high
84,2802,left_eye,488.2,250.0,604.7,333.5,770.2,402.5,915.8,506.8,extraversion_high5_FxVUG2R1y0Q.004.mp4,1280,720,29.97,459,extraversion,high
84,2802,right_eye,670.1,243.6,789.6,327.3,997.6,394.5,1147.0,499.1,extraversion_high5_FxVUG2R1y0Q.004.mp4,1280,720,29.97,459,extraversion,high
84,2802,nose,595.2,303.3,690.0,439.0,904.0,469.1,1022.4,638.7,extraversion_high5_FxVUG2R1y0Q.004.mp4,1280,720,29.97,459,extraversion,high
84,2802,mouth,580.7,466.3,715.0,527.6,885.8,672.8,1053.8,749.5,extraversion_high5_FxVUG2R1y0Q.004.mp4,1280,720,29.97,459,extraversion,high
84,2802,forehead,462.1,179.4,817.2,472.7,737.6,314.3,1181.5,680.9,extraversion_high5_FxVUG2R1y0Q.004.mp4,1280,720,29.97,459,extraversion,high
84,2802,chin,465.1,334.8,815.6,588.4,741.4,508.6,1179.5,825.5,extraversion_high5_FxVUG2R1y0Q.004.mp4,1280,720,29.97,459,extraversion,high
84,2802,left_cheek,478.7,353.2,585.8,495.9,758.4,531.5,892.2,709.9,extraversion_high5_FxVUG2R1y0Q.004.mp4,1280,720,29.97,459,extraversion,high
84,2802,right_cheek,696.2,341.3,802.0,487.1,1030.2,516.7,1162.5,698.8,extraversion_high5_FxVUG2R1y0Q.004.mp4,1280,720,29.97,459,extraversion,high
85,2836,left_eye,488.4,251.0,604.7,334.6,770.4,403.8,915.8,508.2,extraversion_high5_FxVUG2R1y0Q.004.mp4,1280,720,29.97,459,extraversion,high
85,2836,right_eye,670.6,244.7,789.6,328.5,998.2,395.9,1147.0,500.6,extraversion_high5_FxVUG2R1y0Q.004.mp4,1280,720,29.97,459,extraversion,high
85,2836,nose,596.5,304.5,690.2,440.3,905.6,470.6,1022.8,640.4,extraversion_high5_FxVUG2R1y0Q.004.mp4,1280,720,29.97,459,extraversion,high
85,2836,mouth,582.2,466.7,715.6,531.0,887.8,673.3,1054.5,753.8,extraversion_high5_FxVUG2R1y0Q.004.mp4,1280,720,29.97,459,extraversion,high
85,2836,forehead,461.8,180.0,817.1,473.8,737.2,315.0,1181.4,682.2,extraversion_high5_FxVUG2R1y0Q.004.mp4,1280,720,29.97,459,extraversion,high
85,2836,chin,464.8,334.9,815.4,589.8,741.0,508.6,1179.3,827.3,extraversion_high5_FxVUG2R1y0Q.004.mp4,1280,720,29.97,459,extraversion,high
85,2836,left_cheek,478.9,354.4,586.4,497.0,758.6,533.0,893.0,711.3,extraversion_high5_FxVUG2R1y0Q.004.mp4,1280,720,29.97,459,extraversion,high
85,2836,right_cheek,696.5,341.8,802.0,487.6,1030.6,517.3,1162.5,699.5,extraversion_high5_FxVUG2R1y0Q.004.mp4,1280,720,29.97,459,extraversion,high
86,2869,left_eye,488.3,254.4,604.5,337.7,770.4,408.0,915.6,512.1,extraversion_high5_FxVUG2R1y0Q.004.mp4,1280,720,29.97,459,extraversion,high
86,2869,right_eye,670.3,247.1,789.1,330.7,997.9,398.9,1146.4,503.4,extraversion_high5_FxVUG2R1y0Q.004.mp4,1280,720,29.97,459,extraversion,high
86,2869,nose,596.3,307.2,690.2,443.5,905.4,474.0,1022.8,644.4,extraversion_high5_FxVUG2R1y0Q.004.mp4,1280,720,29.97,459,extraversion,high
86,2869,mouth,582.2,468.0,716.4,537.0,887.7,675.0,1055.5,761.2,extraversion_high5_FxVUG2R1y0Q.004.mp4,1280,720,29.97,459,extraversion,high
86,2869,forehead,461.6,182.0,816.5,476.1,737.0,317.5,1180.7,685.1,extraversion_high5_FxVUG2R1y0Q.004.mp4,1280,720,29.97,459,extraversion,high
86,2869,chin,464.6,335.0,815.0,591.6,740.8,508.7,1178.7,829.5,extraversion_high5_FxVUG2R1y0Q.004.mp4,1280,720,29.97,459,extraversion,high
86,2869,left_cheek,478.7,357.7,586.2,500.0,758.3,537.1,892.8,714.9,extraversion_high5_FxVUG2R1y0Q.004.mp4,1280,720,29.97,459,extraversion,high
86,2869,right_cheek,696.5,342.7,801.8,488.6,1030.6,518.4,1162.3,700.8,extraversion_high5_FxVUG2R1y0Q.004.mp4,1280,720,29.97,459,extraversion,high
87,2902,left_eye,487.6,260.2,602.9,342.7,769.5,415.3,913.6,518.4,extraversion_high5_FxVUG2R1y0Q.004.mp4,1280,720,29.97,459,extraversion,high
87,2902,right_eye,668.4,250.4,786.7,334.0,995.5,403.0,1143.4,507.5,extraversion_high5_FxVUG2R1y0Q.004.mp4,1280,720,29.97,459,extraversion,high
87,2902,nose,596.2,312.2,689.9,448.7,905.3,480.2,1022.4,650.8,extraversion_high5_FxVUG2R1y0Q.004.mp4,1280,720,29.97,459,extraversion,high
87,2902,mouth,582.1,472.4,716.3,543.4,887.6,680.4,1055.4,769.3,extraversion_high5_FxVUG2R1y0Q.004.mp4,1280,720,29.97,459,extraversion,high
87,2902,forehead,460.4,185.8,815.1,479.0,735.5,322.3,1178.9,688.7,extraversion_high5_FxVUG2R1y0Q.004.mp4,1280,720,29.97,459,extraversion,high
87,2902,chin,464.3,335.4,814.0,596.5,740.3,509.2,1177.5,835.6,extraversion_high5_FxVUG2R1y0Q.004.mp4,1280,720,29.97,459,extraversion,high
87,2902,left_cheek,478.4,362.4,586.0,504.1,758.0,543.0,892.5,720.2,extraversion_high5_FxVUG2R1y0Q.004.mp4,1280,720,29.97,459,extraversion,high
87,2902,right_cheek,695.6,344.7,800.7,491.1,1029.5,520.9,1160.8,703.8,extraversion_high5_FxVUG2R1y0Q.004.mp4,1280,720,29.97,459,extraversion,high
88,2936,left_eye,486.1,266.4,600.5,347.3,767.6,423.0,910.6,524.2,extraversion_high5_FxVUG2R1y0Q.004.mp4,1280,720,29.97,459,extraversion,high
88,2936,right_eye,665.3,254.0,784.5,337.2,991.6,407.5,1140.7,511.5,extraversion_high5_FxVUG2R1y0Q.004.mp4,1280,720,29.97,459,extraversion,high
88,2936,nose,594.5,317.0,688.7,454.1,903.1,486.2,1020.9,657.6,extraversion_high5_FxVUG2R1y0Q.004.mp4,1280,720,29.97,459,extraversion,high
88,2936,mouth,582.1,477.2,716.0,546.9,887.6,686.5,1055.1,773.6,extraversion_high5_FxVUG2R1y0Q.004.mp4,1280,720,29.97,459,extraversion,high
88,2936,forehead,460.2,189.1,814.2,482.1,735.3,326.4,1177.7,692.6,extraversion_high5_FxVUG2R1y0Q.004.mp4,1280,720,29.97,459,extraversion,high
88,2936,chin,464.1,335.6,813.3,599.8,740.1,509.5,1176.7,839.7,extraversion_high5_FxVUG2R1y0Q.004.mp4,1280,720,29.97,459,extraversion,high
88,2936,left_cheek,478.0,367.2,584.7,508.5,757.5,549.0,890.9,725.6,extraversion_high5_FxVUG2R1y0Q.004.mp4,1280,720,29.97,459,extraversion,high
88,2936,right_cheek,693.9,346.5,799.4,493.6,1027.4,523.2,1159.2,707.1,extraversion_high5_FxVUG2R1y0Q.004.mp4,1280,720,29.97,459,extraversion,high
89,2969,left_eye,486.1,272.0,600.4,352.6,767.6,430.0,910.5,530.8,extraversion_high5_FxVUG2R1y0Q.004.mp4,1280,720,29.97,459,extraversion,high
89,2969,right_eye,665.0,258.2,784.7,341.1,991.3,412.8,1140.9,516.4,extraversion_high5_FxVUG2R1y0Q.004.mp4,1280,720,29.97,459,extraversion,high
89,2969,nose,595.8,322.0,689.0,457.2,904.7,492.5,1021.2,661.4,extraversion_high5_FxVUG2R1y0Q.004.mp4,1280,720,29.97,459,extraversion,high
89,2969,mouth,592.8,482.5,716.4,549.9,901.0,693.1,1055.5,777.3,extraversion_high5_FxVUG2R1y0Q.004.mp4,1280,720,29.97,459,extraversion,high
89,2969,forehead,461.8,194.0,814.7,483.8,737.2,332.5,1178.3,694.7,extraversion_high5_FxVUG2R1y0Q.004.mp4,1280,720,29.97,459,extraversion,high
89,2969,chin,467.8,336.0,814.5,601.7,744.8,510.0,1178.1,842.2,extraversion_high5_FxVUG2R1y0Q.004.mp4,1280,720,29.97,459,extraversion,high
89,2969,left_cheek,479.8,371.7,585.6,511.3,759.7,554.6,892.0,729.1,extraversion_high5_FxVUG2R1y0Q.004.mp4,1280,720,29.97,459,extraversion,high
89,2969,right_cheek,693.9,348.4,799.8,495.0,1027.4,525.5,1159.7,708.8,extraversion_high5_FxVUG2R1y0Q.004.mp4,1280,720,29.97,459,extraversion,high
90,3003,left_eye,485.4,277.1,599.9,357.0,766.7,436.4,909.8,536.3,extraversion_high5_FxVUG2R1y0Q.004.mp4,1280,720,29.97,459,extraversion,high
90,3003,right_eye,663.4,261.9,784.0,344.3,989.2,417.4,1140.0,520.4,extraversion_high5_FxVUG2R1y0Q.004.mp4,1280,720,29.97,459,extraversion,high
90,3003,nose,595.0,325.9,688.9,463.8,903.7,497.3,1021.1,669.8,extraversion_high5_FxVUG2R1y0Q.004.mp4,1280,720,29.97,459,extraversion,high
90,3003,mouth,590.0,486.1,716.7,552.0,897.5,697.6,1055.8,780.0,extraversion_high5_FxVUG2R1y0Q.004.mp4,1280,720,29.97,459,extraversion,high
90,3003,forehead,461.7,196.6,815.0,487.1,737.2,335.8,1178.7,698.8,extraversion_high5_FxVUG2R1y0Q.004.mp4,1280,720,29.97,459,extraversion,high
90,3003,chin,467.7,336.6,815.0,603.4,744.6,510.8,1178.7,844.3,extraversion_high5_FxVUG2R1y0Q.004.mp4,1280,720,29.97,459,extraversion,high
90,3003,left_cheek,479.7,376.1,585.5,516.4,759.6,560.1,891.9,735.5,extraversion_high5_FxVUG2R1y0Q.004.mp4,1280,720,29.97,459,extraversion,high
90,3003,right_cheek,693.5,350.6,799.8,498.0,1026.9,528.2,1159.8,712.5,extraversion_high5_FxVUG2R1y0Q.004.mp4,1280,720,29.97,459,extraversion,high
91,3036,left_eye,481.8,280.2,596.9,358.7,762.3,440.2,906.1,538.3,extraversion_high5_FxVUG2R1y0Q.004.mp4,1280,720,29.97,459,extraversion,high
91,3036,right_eye,660.0,265.0,779.2,346.1,985.0,421.3,1134.1,522.7,extraversion_high5_FxVUG2R1y0Q.004.mp4,1280,720,29.97,459,extraversion,high
91,3036,nose,595.0,327.8,686.0,465.3,903.7,499.8,1017.5,671.6,extraversion_high5_FxVUG2R1y0Q.004.mp4,1280,720,29.97,459,extraversion,high
91,3036,mouth,588.6,488.1,712.8,550.5,895.8,700.2,1051.1,778.2,extraversion_high5_FxVUG2R1y0Q.004.mp4,1280,720,29.97,459,extraversion,high
91,3036,forehead,456.5,199.4,812.5,487.4,730.6,339.3,1175.6,699.2,extraversion_high5_FxVUG2R1y0Q.004.mp4,1280,720,29.97,459,extraversion,high
91,3036,chin,462.0,337.2,812.5,603.0,737.5,511.5,1175.6,843.8,extraversion_high5_FxVUG2R1y0Q.004.mp4,1280,720,29.97,459,extraversion,high
91,3036,left_cheek,476.7,377.0,584.2,516.1,755.9,561.3,890.2,735.1,extraversion_high5_FxVUG2R1y0Q.004.mp4,1280,720,29.97,459,extraversion,high
91,3036,right_cheek,690.0,351.9,797.0,498.3,1022.5,529.9,1156.2,712.9,extraversion_high5_FxVUG2R1y0Q.004.mp4,1280,720,29.97,459,extraversion,high
92,3069,left_eye,478.8,281.8,592.9,359.1,758.5,442.3,901.2,538.9,extraversion_high5_FxVUG2R1y0Q.004.mp4,1280,720,29.97,459,extraversion,high
92,3069,right_eye,655.1,266.7,772.9,346.5,978.8,423.4,1126.2,523.1,extraversion_high5_FxVUG2R1y0Q.004.mp4,1280,720,29.97,459,extraversion,high
92,3069,nose,592.7,329.3,680.1,463.4,900.9,501.6,1010.2,669.3,extraversion_high5_FxVUG2R1y0Q.004.mp4,1280,720,29.97,459,extraversion,high
92,3069,mouth,584.6,489.1,706.8,554.3,890.8,701.4,1043.5,782.9,extraversion_high5_FxVUG2R1y0Q.004.mp4,1280,720,29.97,459,extraversion,high
92,3069,forehead,452.5,202.9,807.4,493.2,725.7,343.6,1169.3,706.6,extraversion_high5_FxVUG2R1y0Q.004.mp4,1280,720,29.97,459,extraversion,high
92,3069,chin,456.3,340.7,807.4,610.6,730.4,515.8,1169.3,853.3,extraversion_high5_FxVUG2R1y0Q.004.mp4,1280,720,29.97,459,extraversion,high
92,3069,left_cheek,472.6,379.4,580.3,519.3,750.7,564.3,885.4,739.1,extraversion_high5_FxVUG2R1y0Q.004.mp4,1280,720,29.97,459,extraversion,high
92,3069,right_cheek,685.1,354.2,791.7,501.7,1016.4,532.7,1149.6,717.2,extraversion_high5_FxVUG2R1y0Q.004.mp4,1280,720,29.97,459,extraversion,high
93,3103,left_eye,470.5,282.2,589.0,358.4,748.1,442.7,896.3,538.0,extraversion_high5_FxVUG2R1y0Q.004.mp4,1280,720,29.97,459,extraversion,high
93,3103,right_eye,653.3,267.9,770.2,346.3,976.6,424.8,1122.8,522.8,extraversion_high5_FxVUG2R1y0Q.004.mp4,1280,720,29.97,459,extraversion,high
93,3103,nose,589.6,329.1,677.3,461.7,896.9,501.4,1006.6,667.1,extraversion_high5_FxVUG2R1y0Q.004.mp4,1280,720,29.97,459,extraversion,high
93,3103,mouth,579.8,489.0,702.8,554.4,884.8,701.3,1038.5,782.9,extraversion_high5_FxVUG2R1y0Q.004.mp4,1280,720,29.97,459,extraversion,high
93,3103,forehead,440.2,204.8,800.8,498.9,710.2,346.0,1161.0,713.6,extraversion_high5_FxVUG2R1y0Q.004.mp4,1280,720,29.97,459,extraversion,high
93,3103,chin,445.1,344.9,800.8,617.1,716.4,521.1,1161.0,861.4,extraversion_high5_FxVUG2R1y0Q.004.mp4,1280,720,29.97,459,extraversion,high
93,3103,left_cheek,461.2,379.6,574.3,521.8,736.5,564.5,877.9,742.3,extraversion_high5_FxVUG2R1y0Q.004.mp4,1280,720,29.97,459,extraversion,high
93,3103,right_cheek,682.3,356.0,789.7,504.6,1012.8,535.0,1147.1,720.7,extraversion_high5_FxVUG2R1y0Q.004.mp4,1280,720,29.97,459,extraversion,high
94,3136,left_eye,460.8,282.0,586.2,356.6,736.1,442.5,892.8,535.7,extraversion_high5_FxVUG2R1y0Q.004.mp4,1280,720,29.97,459,extraversion,high
94,3136,right_eye,651.6,266.3,770.9,344.9,974.5,422.9,1123.6,521.1,extraversion_high5_FxVUG2R1y0Q.004.mp4,1280,720,29.97,459,extraversion,high
94,3136,nose,583.0,326.8,677.9,460.2,888.8,498.5,1007.4,665.2,extraversion_high5_FxVUG2R1y0Q.004.mp4,1280,720,29.97,459,extraversion,high
94,3136,mouth,573.2,487.3,701.6,554.5,876.4,699.1,1037.0,783.1,extraversion_high5_FxVUG2R1y0Q.004.mp4,1280,720,29.97,459,extraversion,high
94,3136,forehead,422.3,201.8,800.0,502.1,687.9,342.2,1160.0,717.6,extraversion_high5_FxVUG2R1y0Q.004.mp4,1280,720,29.97,459,extraversion,high
94,3136,chin,426.1,344.3,800.0,616.9,692.7,520.4,1160.0,861.1,extraversion_high5_FxVUG2R1y0Q.004.mp4,1280,720,29.97,459,extraversion,high
94,3136,left_cheek,447.6,380.2,567.1,522.8,719.5,565.2,868.8,743.5,extraversion_high5_FxVUG2R1y0Q.004.mp4,1280,720,29.97,459,extraversion,high
94,3136,right_cheek,682.2,354.8,789.9,503.2,1012.8,533.5,1147.4,719.0,extraversion_high5_FxVUG2R1y0Q.004.mp4,1280,720,29.97,459,extraversion,high
95,3169,left_eye,456.5,279.8,583.3,358.6,730.7,439.8,889.1,538.3,extraversion_high5_FxVUG2R1y0Q.004.mp4,1280,720,29.97,459,extraversion,high
95,3169,right_eye,652.7,264.7,772.1,344.4,975.8,420.9,1125.2,520.5,extraversion_high5_FxVUG2R1y0Q.004.mp4,1280,720,29.97,459,extraversion,high
95,3169,nose,582.4,325.6,678.5,459.4,888.0,497.0,1008.1,664.2,extraversion_high5_FxVUG2R1y0Q.004.mp4,1280,720,29.97,459,extraversion,high
95,3169,mouth,569.0,486.9,702.7,556.7,871.2,698.6,1038.3,785.9,extraversion_high5_FxVUG2R1y0Q.004.mp4,1280,720,29.97,459,extraversion,high
95,3169,forehead,413.4,201.7,800.8,509.1,676.8,342.1,1161.0,726.4,extraversion_high5_FxVUG2R1y0Q.004.mp4,1280,720,29.97,459,extraversion,high
95,3169,chin,416.5,343.6,800.8,619.1,680.7,519.4,1161.0,863.8,extraversion_high5_FxVUG2R1y0Q.004.mp4,1280,720,29.97,459,extraversion,high
95,3169,left_cheek,442.7,386.1,565.9,526.6,713.4,572.6,867.4,748.3,extraversion_high5_FxVUG2R1y0Q.004.mp4,1280,720,29.97,459,extraversion,high
95,3169,right_cheek,683.1,354.2,790.8,502.2,1013.9,532.8,1148.4,717.8,extraversion_high5_FxVUG2R1y0Q.004.mp4,1280,720,29.97,459,extraversion,high
96,3203,left_eye,461.3,286.4,583.7,362.0,736.6,448.0,889.7,542.5,extraversion_high5_FxVUG2R1y0Q.004.mp4,1280,720,29.97,459,extraversion,high
96,3203,right_eye,652.0,262.5,772.3,343.4,974.9,418.1,1125.4,519.3,extraversion_high5_FxVUG2R1y0Q.004.mp4,1280,720,29.97,459,extraversion,high
96,3203,nose,583.8,325.9,679.2,456.7,889.8,497.3,1008.9,660.9,extraversion_high5_FxVUG2R1y0Q.004.mp4,1280,720,29.97,459,extraversion,high
96,3203,mouth,571.4,479.8,706.0,556.5,874.3,689.7,1042.6,785.6,extraversion_high5_FxVUG2R1y0Q.004.mp4,1280,720,29.97,459,extraversion,high
96,3203,forehead,424.0,203.4,802.3,514.2,690.0,344.3,1162.9,732.7,extraversion_high5_FxVUG2R1y0Q.004.mp4,1280,720,29.97,459,extraversion,high
96,3203,chin,428.6,335.8,802.3,618.4,695.8,509.7,1162.9,863.0,extraversion_high5_FxVUG2R1y0Q.004.mp4,1280,720,29.97,459,extraversion,high
96,3203,left_cheek,450.8,389.6,568.8,529.3,723.5,577.0,871.0,751.6,extraversion_high5_FxVUG2R1y0Q.004.mp4,1280,720,29.97,459,extraversion,high
96,3203,right_cheek,684.0,347.2,791.5,496.5,1015.0,524.0,1149.3,710.6,extraversion_high5_FxVUG2R1y0Q.004.mp4,1280,720,29.97,459,extraversion,high
97,3236,left_eye,469.7,284.2,584.3,359.7,747.1,445.3,890.4,539.6,extraversion_high5_FxVUG2R1y0Q.004.mp4,1280,720,29.97,459,extraversion,high
97,3236,right_eye,653.0,258.1,772.7,339.4,976.2,412.7,1125.8,514.2,extraversion_high5_FxVUG2R1y0Q.004.mp4,1280,720,29.97,459,extraversion,high
97,3236,nose,584.3,323.5,679.7,452.0,890.4,494.3,1009.7,655.0,extraversion_high5_FxVUG2R1y0Q.004.mp4,1280,720,29.97,459,extraversion,high
97,3236,mouth,577.1,473.5,710.4,555.4,881.4,681.9,1048.0,784.3,extraversion_high5_FxVUG2R1y0Q.004.mp4,1280,720,29.97,459,extraversion,high
97,3236,forehead,433.0,200.5,803.3,508.8,701.3,340.7,1164.1,726.0,extraversion_high5_FxVUG2R1y0Q.004.mp4,1280,720,29.97,459,extraversion,high
97,3236,chin,438.5,332.7,803.3,610.3,708.1,505.9,1164.1,852.9,extraversion_high5_FxVUG2R1y0Q.004.mp4,1280,720,29.97,459,extraversion,high
97,3236,left_cheek,459.8,386.7,571.6,524.9,734.7,573.4,874.5,746.1,extraversion_high5_FxVUG2R1y0Q.004.mp4,1280,720,29.97,459,extraversion,high
97,3236,right_cheek,684.5,343.4,791.8,491.1,1015.6,519.2,1149.7,703.8,extraversion_high5_FxVUG2R1y0Q.004.mp4,1280,720,29.97,459,extraversion,high
98,3269,left_eye,475.7,279.3,587.2,353.2,754.6,439.1,894.0,531.5,extraversion_high5_FxVUG2R1y0Q.004.mp4,1280,720,29.97,459,extraversion,high
98,3269,right_eye,653.6,254.4,773.1,336.1,977.0,408.0,1126.4,510.1,extraversion_high5_FxVUG2R1y0Q.004.mp4,1280,720,29.97,459,extraversion,high
98,3269,nose,586.0,318.6,679.8,447.7,892.6,488.2,1009.8,649.6,extraversion_high5_FxVUG2R1y0Q.004.mp4,1280,720,29.97,459,extraversion,high
98,3269,mouth,579.9,467.5,714.8,550.5,884.8,674.4,1053.5,778.1,extraversion_high5_FxVUG2R1y0Q.004.mp4,1280,720,29.97,459,extraversion,high
98,3269,forehead,442.8,194.1,807.4,502.4,713.4,332.6,1169.3,718.1,extraversion_high5_FxVUG2R1y0Q.004.mp4,1280,720,29.97,459,extraversion,high
98,3269,chin,449.2,332.8,807.4,600.9,721.6,506.0,1169.3,841.1,extraversion_high5_FxVUG2R1y0Q.004.mp4,1280,720,29.97,459,extraversion,high
98,3269,left_cheek,465.6,380.4,574.4,515.9,742.1,565.4,878.0,734.9,extraversion_high5_FxVUG2R1y0Q.004.mp4,1280,720,29.97,459,extraversion,high
98,3269,right_cheek,685.2,341.9,792.9,487.5,1016.5,517.3,1151.2,699.3,extraversion_high5_FxVUG2R1y0Q.004.mp4,1280,720,29.97,459,extraversion,high
99,3303,left_eye,475.6,267.6,590.7,344.5,754.5,424.5,898.4,520.7,extraversion_high5_FxVUG2R1y0Q.004.mp4,1280,720,29.97,459,extraversion,high
99,3303,right_eye,655.0,248.0,774.8,331.2,978.7,400.0,1128.5,504.0,extraversion_high5_FxVUG2R1y0Q.004.mp4,1280,720,29.97,459,extraversion,high
99,3303,nose,589.9,311.0,681.3,440.3,897.4,478.8,1011.6,640.4,extraversion_high5_FxVUG2R1y0Q.004.mp4,1280,720,29.97,459,extraversion,high
99,3303,mouth,582.2,460.8,717.0,541.8,887.7,666.0,1056.2,767.3,extraversion_high5_FxVUG2R1y0Q.004.mp4,1280,720,29.97,459,extraversion,high
99,3303,forehead,446.5,186.6,809.7,489.9,718.1,323.2,1172.2,702.4,extraversion_high5_FxVUG2R1y0Q.004.mp4,1280,720,29.97,459,extraversion,high
99,3303,chin,455.5,331.6,809.7,593.1,729.4,504.5,1172.2,831.3,extraversion_high5_FxVUG2R1y0Q.004.mp4,1280,720,29.97,459,extraversion,high
99,3303,left_cheek,469.3,371.4,577.2,506.3,746.6,554.3,881.5,722.9,extraversion_high5_FxVUG2R1y0Q.004.mp4,1280,720,29.97,459,extraversion,high
99,3303,right_cheek,687.5,338.5,794.5,483.0,1019.3,513.2,1153.1,693.7,extraversion_high5_FxVUG2R1y0Q.004.mp4,1280,720,29.97,459,extraversion,high
100,3336,left_eye,474.0,259.8,592.4,342.8,752.5,414.7,900.5,518.5,extraversion_high5_FxVUG2R1y0Q.004.mp4,1280,720,29.97,459,extraversion,high
100,3336,right_eye,655.4,244.7,775.5,330.4,979.3,395.9,1129.4,503.0,extraversion_high5_FxVUG2R1y0Q.004.mp4,1280,720,29.97,459,extraversion,high
100,3336,nose,590.9,308.5,681.5,437.2,898.7,475.7,1011.8,636.5,extraversion_high5_FxVUG2R1y0Q.004.mp4,1280,720,29.97,459,extraversion,high
100,3336,mouth,583.9,459.0,717.0,539.5,889.9,663.8,1056.3,764.4,extraversion_high5_FxVUG2R1y0Q.004.mp4,1280,720,29.97,459,extraversion,high
100,3336,forehead,447.7,185.0,809.9,483.8,719.6,321.3,1172.3,694.8,extraversion_high5_FxVUG2R1y0Q.004.mp4,1280,720,29.97,459,extraversion,high
100,3336,chin,459.4,331.0,809.9,591.6,734.2,503.7,1172.3,829.5,extraversion_high5_FxVUG2R1y0Q.004.mp4,1280,720,29.97,459,extraversion,high
100,3336,left_cheek,471.7,366.9,578.2,502.8,749.7,548.6,882.7,718.6,extraversion_high5_FxVUG2R1y0Q.004.mp4,1280,720,29.97,459,extraversion,high
100,3336,right_cheek,688.0,337.7,794.5,482.1,1020.0,512.1,1153.2,692.6,extraversion_high5_FxVUG2R1y0Q.004.mp4,1280,720,29.97,459,extraversion,high
101,3370,left_eye,475.6,252.7,594.1,336.8,754.6,405.9,902.6,511.0,extraversion_high5_FxVUG2R1y0Q.004.mp4,1280,720,29.97,459,extraversion,high
101,3370,right_eye,656.3,240.5,776.6,326.3,980.4,390.7,1130.7,497.8,extraversion_high5_FxVUG2R1y0Q.004.mp4,1280,720,29.97,459,extraversion,high
101,3370,nose,592.8,302.4,681.4,429.8,901.1,468.1,1011.7,627.3,extraversion_high5_FxVUG2R1y0Q.004.mp4,1280,720,29.97,459,extraversion,high
101,3370,mouth,585.3,452.3,715.8,531.4,891.7,655.4,1054.7,754.2,extraversion_high5_FxVUG2R1y0Q.004.mp4,1280,720,29.97,459,extraversion,high
101,3370,forehead,456.0,183.4,811.3,476.7,730.0,319.3,1174.1,685.9,extraversion_high5_FxVUG2R1y0Q.004.mp4,1280,720,29.97,459,extraversion,high
101,3370,chin,466.3,331.2,811.3,583.3,742.9,504.0,1174.1,819.2,extraversion_high5_FxVUG2R1y0Q.004.mp4,1280,720,29.97,459,extraversion,high
101,3370,left_cheek,476.4,360.2,579.9,495.2,755.5,540.3,884.9,709.0,extraversion_high5_FxVUG2R1y0Q.004.mp4,1280,720,29.97,459,extraversion,high
101,3370,right_cheek,688.2,336.3,794.9,478.7,1020.2,510.4,1153.6,688.4,extraversion_high5_FxVUG2R1y0Q.004.mp4,1280,720,29.97,459,extraversion,high
102,3403,left_eye,479.3,248.4,595.0,331.7,759.1,400.4,903.7,504.7,extraversion_high5_FxVUG2R1y0Q.004.mp4,1280,720,29.97,459,extraversion,high
102,3403,right_eye,657.2,236.3,777.0,322.9,981.5,385.3,1131.2,493.7,extraversion_high5_FxVUG2R1y0Q.004.mp4,1280,720,29.97,459,extraversion,high
102,3403,nose,593.0,297.5,681.3,423.7,901.2,461.8,1011.7,619.6,extraversion_high5_FxVUG2R1y0Q.004.mp4,1280,720,29.97,459,extraversion,high
102,3403,mouth,585.2,445.8,713.2,526.0,891.5,647.3,1051.5,747.5,extraversion_high5_FxVUG2R1y0Q.004.mp4,1280,720,29.97,459,extraversion,high
102,3403,forehead,462.2,180.7,811.4,472.6,737.7,315.9,1174.3,680.7,extraversion_high5_FxVUG2R1y0Q.004.mp4,1280,720,29.97,459,extraversion,high
102,3403,chin,470.1,330.9,811.4,579.6,747.6,503.7,1174.3,814.5,extraversion_high5_FxVUG2R1y0Q.004.mp4,1280,720,29.97,459,extraversion,high
102,3403,left_cheek,479.4,355.4,580.8,489.4,759.3,534.2,885.9,701.8,extraversion_high5_FxVUG2R1y0Q.004.mp4,1280,720,29.97,459,extraversion,high
102,3403,right_cheek,688.3,334.4,794.9,475.3,1020.3,508.0,1153.7,684.2,extraversion_high5_FxVUG2R1y0Q.004.mp4,1280,720,29.97,459,extraversion,high
103,3436,left_eye,480.1,243.2,595.6,326.3,760.2,394.0,904.5,497.8,extraversion_high5_FxVUG2R1y0Q.004.mp4,1280,720,29.97,459,extraversion,high
103,3436,right_eye,657.7,231.7,777.5,317.2,982.1,379.6,1131.8,486.5,extraversion_high5_FxVUG2R1y0Q.004.mp4,1280,720,29.97,459,extraversion,high
103,3436,nose,592.6,293.7,680.9,416.8,900.8,457.1,1011.2,611.0,extraversion_high5_FxVUG2R1y0Q.004.mp4,1280,720,29.97,459,extraversion,high
103,3436,mouth,585.0,443.0,709.2,519.1,891.3,643.8,1046.5,738.8,extraversion_high5_FxVUG2R1y0Q.004.mp4,1280,720,29.97,459,extraversion,high
103,3436,forehead,463.2,179.1,812.6,471.2,739.0,313.9,1175.8,679.0,extraversion_high5_FxVUG2R1y0Q.004.mp4,1280,720,29.97,459,extraversion,high
103,3436,chin,470.9,329.8,812.6,577.4,748.6,502.3,1175.8,811.7,extraversion_high5_FxVUG2R1y0Q.004.mp4,1280,720,29.97,459,extraversion,high
103,3436,left_cheek,479.9,351.6,580.8,485.7,759.8,529.5,886.0,697.1,extraversion_high5_FxVUG2R1y0Q.004.mp4,1280,720,29.97,459,extraversion,high
103,3436,right_cheek,688.3,331.0,795.1,472.2,1020.3,503.7,1153.9,680.2,extraversion_high5_FxVUG2R1y0Q.004.mp4,1280,720,29.97,459,extraversion,high
104,3470,left_eye,481.0,239.1,595.7,324.6,761.3,388.9,904.6,495.7,extraversion_high5_FxVUG2R1y0Q.004.mp4,1280,720,29.97,459,extraversion,high
104,3470,right_eye,658.3,228.5,778.9,314.2,982.9,375.6,1133.6,482.7,extraversion_high5_FxVUG2R1y0Q.004.mp4,1280,720,29.97,459,extraversion,high
104,3470,nose,591.3,290.3,679.8,413.1,899.2,452.9,1009.8,606.4,extraversion_high5_FxVUG2R1y0Q.004.mp4,1280,720,29.97,459,extraversion,high
104,3470,mouth,582.7,441.2,707.1,505.0,888.4,641.4,1043.9,721.3,extraversion_high5_FxVUG2R1y0Q.004.mp4,1280,720,29.97,459,extraversion,high
104,3470,forehead,465.2,176.6,814.5,469.9,741.5,310.7,1178.2,677.4,extraversion_high5_FxVUG2R1y0Q.004.mp4,1280,720,29.97,459,extraversion,high
104,3470,chin,472.0,329.8,814.5,572.8,750.0,502.2,1178.2,806.0,extraversion_high5_FxVUG2R1y0Q.004.mp4,1280,720,29.97,459,extraversion,high
104,3470,left_cheek,480.3,349.2,580.7,482.9,760.3,526.5,885.8,693.6,extraversion_high5_FxVUG2R1y0Q.004.mp4,1280,720,29.97,459,extraversion,high
104,3470,right_cheek,688.2,329.6,795.6,469.7,1020.3,502.0,1154.6,677.1,extraversion_high5_FxVUG2R1y0Q.004.mp4,1280,720,29.97,459,extraversion,high
105,3503,left_eye,482.3,235.9,595.7,321.8,762.9,384.9,904.6,492.2,extraversion_high5_FxVUG2R1y0Q.004.mp4,1280,720,29.97,459,extraversion,high
105,3503,right_eye,659.4,227.7,780.4,312.3,984.2,374.7,1135.5,480.4,extraversion_high5_FxVUG2R1y0Q.004.mp4,1280,720,29.97,459,extraversion,high
105,3503,nose,590.9,287.4,679.4,410.2,898.6,449.3,1009.2,602.7,extraversion_high5_FxVUG2R1y0Q.004.mp4,1280,720,29.97,459,extraversion,high
105,3503,mouth,581.9,438.5,706.1,500.9,887.4,638.1,1042.7,716.1,extraversion_high5_FxVUG2R1y0Q.004.mp4,1280,720,29.97,459,extraversion,high
105,3503,forehead,467.0,175.0,815.7,468.1,743.8,308.7,1179.6,675.1,extraversion_high5_FxVUG2R1y0Q.004.mp4,1280,720,29.97,459,extraversion,high
105,3503,chin,471.9,330.0,815.7,570.5,749.9,502.5,1179.6,803.2,extraversion_high5_FxVUG2R1y0Q.004.mp4,1280,720,29.97,459,extraversion,high
105,3503,left_cheek,480.1,346.0,580.6,479.5,760.1,522.5,885.7,689.4,extraversion_high5_FxVUG2R1y0Q.004.mp4,1280,720,29.97,459,extraversion,high
105,3503,right_cheek,688.2,329.0,796.4,467.8,1020.3,501.3,1155.5,674.7,extraversion_high5_FxVUG2R1y0Q.004.mp4,1280,720,29.97,459,extraversion,high
106,3536,left_eye,485.1,234.1,596.4,318.9,766.4,382.7,905.5,488.6,extraversion_high5_FxVUG2R1y0Q.004.mp4,1280,720,29.97,459,extraversion,high
106,3536,right_eye,659.9,226.5,780.6,308.9,984.8,373.2,1135.8,476.1,extraversion_high5_FxVUG2R1y0Q.004.mp4,1280,720,29.97,459,extraversion,high
106,3536,nose,590.4,285.3,679.3,407.8,898.0,446.6,1009.2,599.8,extraversion_high5_FxVUG2R1y0Q.004.mp4,1280,720,29.97,459,extraversion,high
106,3536,mouth,581.8,435.5,704.9,499.4,887.2,634.4,1041.2,714.2,extraversion_high5_FxVUG2R1y0Q.004.mp4,1280,720,29.97,459,extraversion,high
106,3536,forehead,471.9,173.4,815.6,467.1,749.9,306.8,1179.5,673.9,extraversion_high5_FxVUG2R1y0Q.004.mp4,1280,720,29.97,459,extraversion,high
106,3536,chin,475.2,330.1,815.6,569.2,754.1,502.7,1179.5,801.5,extraversion_high5_FxVUG2R1y0Q.004.mp4,1280,720,29.97,459,extraversion,high
106,3536,left_cheek,481.9,343.6,580.6,477.3,762.4,519.5,885.7,686.6,extraversion_high5_FxVUG2R1y0Q.004.mp4,1280,720,29.97,459,extraversion,high
106,3536,right_cheek,688.3,327.9,796.4,465.8,1020.3,499.9,1155.5,672.3,extraversion_high5_FxVUG2R1y0Q.004.mp4,1280,720,29.97,459,extraversion,high
107,3570,left_eye,490.3,234.3,598.7,318.5,772.9,382.8,908.4,488.1,extraversion_high5_FxVUG2R1y0Q.004.mp4,1280,720,29.97,459,extraversion,high
107,3570,right_eye,660.5,226.6,780.5,310.9,985.6,373.2,1135.6,478.6,extraversion_high5_FxVUG2R1y0Q.004.mp4,1280,720,29.97,459,extraversion,high
107,3570,nose,590.2,285.8,679.0,408.4,897.8,447.3,1008.7,600.4,extraversion_high5_FxVUG2R1y0Q.004.mp4,1280,720,29.97,459,extraversion,high
107,3570,mouth,581.5,435.7,704.5,497.1,886.9,634.6,1040.7,711.4,extraversion_high5_FxVUG2R1y0Q.004.mp4,1280,720,29.97,459,extraversion,high
107,3570,forehead,477.3,173.5,815.3,465.7,756.6,306.9,1179.1,672.2,extraversion_high5_FxVUG2R1y0Q.004.mp4,1280,720,29.97,459,extraversion,high
107,3570,chin,479.8,331.2,815.3,568.1,759.7,504.0,1179.1,800.2,extraversion_high5_FxVUG2R1y0Q.004.mp4,1280,720,29.97,459,extraversion,high
107,3570,left_cheek,485.3,343.0,581.2,475.9,766.6,518.8,886.5,684.8,extraversion_high5_FxVUG2R1y0Q.004.mp4,1280,720,29.97,459,extraversion,high
107,3570,right_cheek,688.3,329.1,796.2,466.9,1020.3,501.3,1155.2,673.7,extraversion_high5_FxVUG2R1y0Q.004.mp4,1280,720,29.97,459,extraversion,high
108,3603,left_eye,492.5,235.0,601.4,319.2,775.6,383.7,911.7,489.1,extraversion_high5_FxVUG2R1y0Q.004.mp4,1280,720,29.97,459,extraversion,high
108,3603,right_eye,662.4,227.6,782.3,312.5,988.0,374.5,1137.8,480.6,extraversion_high5_FxVUG2R1y0Q.004.mp4,1280,720,29.97,459,extraversion,high
108,3603,nose,590.6,286.6,680.1,409.2,898.2,448.3,1010.2,601.5,extraversion_high5_FxVUG2R1y0Q.004.mp4,1280,720,29.97,459,extraversion,high
108,3603,mouth,581.7,436.7,705.1,498.4,887.1,635.9,1041.4,713.0,extraversion_high5_FxVUG2R1y0Q.004.mp4,1280,720,29.97,459,extraversion,high
108,3603,forehead,479.2,174.3,816.6,464.6,759.0,307.9,1180.8,670.8,extraversion_high5_FxVUG2R1y0Q.004.mp4,1280,720,29.97,459,extraversion,high
108,3603,chin,481.8,331.7,816.6,568.6,762.2,504.6,1180.8,800.7,extraversion_high5_FxVUG2R1y0Q.004.mp4,1280,720,29.97,459,extraversion,high
108,3603,left_cheek,486.9,343.2,582.7,475.8,768.7,519.0,888.4,684.8,extraversion_high5_FxVUG2R1y0Q.004.mp4,1280,720,29.97,459,extraversion,high
108,3603,right_cheek,690.0,329.8,797.8,467.4,1022.5,502.2,1157.2,674.3,extraversion_high5_FxVUG2R1y0Q.004.mp4,1280,720,29.97,459,extraversion,high
109,3636,left_eye,490.6,234.9,601.6,319.1,773.2,383.7,912.0,488.8,extraversion_high5_FxVUG2R1y0Q.004.mp4,1280,720,29.97,459,extraversion,high
109,3636,right_eye,663.5,228.0,783.5,313.2,989.3,375.0,1139.4,481.5,extraversion_high5_FxVUG2R1y0Q.004.mp4,1280,720,29.97,459,extraversion,high
109,3636,nose,590.6,287.0,680.7,410.2,898.3,448.8,1010.8,602.8,extraversion_high5_FxVUG2R1y0Q.004.mp4,1280,720,29.97,459,extraversion,high
109,3636,mouth,581.4,436.0,706.7,502.9,886.8,635.0,1043.4,718.6,extraversion_high5_FxVUG2R1y0Q.004.mp4,1280,720,29.97,459,extraversion,high
109,3636,forehead,475.7,174.1,817.2,463.7,754.7,307.7,1181.5,669.6,extraversion_high5_FxVUG2R1y0Q.004.mp4,1280,720,29.97,459,extraversion,high
109,3636,chin,478.9,331.7,817.2,568.7,758.6,504.6,1181.5,800.9,extraversion_high5_FxVUG2R1y0Q.004.mp4,1280,720,29.97,459,extraversion,high
109,3636,left_cheek,485.4,342.6,582.7,476.0,766.8,518.2,888.4,685.0,extraversion_high5_FxVUG2R1y0Q.004.mp4,1280,720,29.97,459,extraversion,high
109,3636,right_cheek,690.9,330.1,798.7,467.8,1023.6,502.6,1158.4,674.8,extraversion_high5_FxVUG2R1y0Q.004.mp4,1280,720,29.97,459,extraversion,high
110,3670,left_eye,489.3,235.9,600.9,319.2,771.6,384.8,911.1,489.0,extraversion_high5_FxVUG2R1y0Q.004.mp4,1280,720,29.97,459,extraversion,high
110,3670,right_eye,663.2,229.0,783.2,313.9,989.0,376.2,1139.0,482.4,extraversion_high5_FxVUG2R1y0Q.004.mp4,1280,720,29.97,459,extraversion,high
110,3670,nose,589.5,287.9,680.0,411.2,896.9,449.9,1010.0,604.0,extraversion_high5_FxVUG2R1y0Q.004.mp4,1280,720,29.97,459,extraversion,high
110,3670,mouth,579.8,434.4,706.8,504.7,884.7,633.0,1043.5,720.9,extraversion_high5_FxVUG2R1y0Q.004.mp4,1280,720,29.97,459,extraversion,high
110,3670,forehead,473.7,174.8,816.9,463.4,752.1,308.5,1181.1,669.2,extraversion_high5_FxVUG2R1y0Q.004.mp4,1280,720,29.97,459,extraversion,high
110,3670,chin,477.1,332.7,816.9,570.3,756.3,505.9,1181.1,802.9,extraversion_high5_FxVUG2R1y0Q.004.mp4,1280,720,29.97,459,extraversion,high
110,3670,left_cheek,484.6,342.4,582.1,476.0,765.8,518.0,887.6,685.0,extraversion_high5_FxVUG2R1y0Q.004.mp4,1280,720,29.97,459,extraversion,high
110,3670,right_cheek,690.7,330.1,798.6,468.6,1023.3,502.7,1158.3,675.8,extraversion_high5_FxVUG2R1y0Q.004.mp4,1280,720,29.97,459,extraversion,high
111,3703,left_eye,489.1,236.8,601.2,320.0,771.3,386.0,911.5,490.0,extraversion_high5_FxVUG2R1y0Q.004.mp4,1280,720,29.97,459,extraversion,high
111,3703,right_eye,664.0,229.3,785.0,314.3,990.1,376.7,1141.2,482.9,extraversion_high5_FxVUG2R1y0Q.004.mp4,1280,720,29.97,459,extraversion,high
111,3703,nose,589.5,288.7,680.4,412.3,896.9,450.9,1010.5,605.4,extraversion_high5_FxVUG2R1y0Q.004.mp4,1280,720,29.97,459,extraversion,high
111,3703,mouth,579.6,436.0,707.0,506.4,884.5,634.9,1043.8,723.0,extraversion_high5_FxVUG2R1y0Q.004.mp4,1280,720,29.97,459,extraversion,high
111,3703,forehead,473.4,175.3,819.0,464.2,751.7,309.1,1183.7,670.3,extraversion_high5_FxVUG2R1y0Q.004.mp4,1280,720,29.97,459,extraversion,high
111,3703,chin,476.4,333.6,818.8,571.3,755.5,507.0,1183.5,804.1,extraversion_high5_FxVUG2R1y0Q.004.mp4,1280,720,29.97,459,extraversion,high
111,3703,left_cheek,483.9,343.2,582.0,477.1,764.9,519.0,887.5,686.4,extraversion_high5_FxVUG2R1y0Q.004.mp4,1280,720,29.97,459,extraversion,high
111,3703,right_cheek,691.3,331.1,800.3,468.7,1024.1,503.9,1160.3,675.9,extraversion_high5_FxVUG2R1y0Q.004.mp4,1280,720,29.97,459,extraversion,high
112,3737,left_eye,488.8,237.5,600.9,320.5,771.0,386.9,911.1,490.6,extraversion_high5_FxVUG2R1y0Q.004.mp4,1280,720,29.97,459,extraversion,high
112,3737,right_eye,664.0,230.5,785.1,314.7,990.0,378.1,1141.4,483.4,extraversion_high5_FxVUG2R1y0Q.004.mp4,1280,720,29.97,459,extraversion,high
112,3737,nose,589.4,289.2,680.4,413.0,896.7,451.5,1010.5,606.2,extraversion_high5_FxVUG2R1y0Q.004.mp4,1280,720,29.97,459,extraversion,high
112,3737,mouth,579.1,437.1,707.0,511.0,883.8,636.3,1043.7,728.8,extraversion_high5_FxVUG2R1y0Q.004.mp4,1280,720,29.97,459,extraversion,high
112,3737,forehead,472.6,175.3,818.9,464.5,750.8,309.2,1183.7,670.7,extraversion_high5_FxVUG2R1y0Q.004.mp4,1280,720,29.97,459,extraversion,high
112,3737,chin,475.9,335.6,818.6,571.4,754.9,509.5,1183.3,804.3,extraversion_high5_FxVUG2R1y0Q.004.mp4,1280,720,29.97,459,extraversion,high
112,3737,left_cheek,483.8,343.3,581.9,477.8,764.8,519.2,887.3,687.2,extraversion_high5_FxVUG2R1y0Q.004.mp4,1280,720,29.97,459,extraversion,high
112,3737,right_cheek,691.2,333.4,800.3,471.3,1024.0,506.8,1160.3,679.2,extraversion_high5_FxVUG2R1y0Q.004.mp4,1280,720,29.97,459,extraversion,high
113,3770,left_eye,490.0,238.0,602.1,320.9,772.5,387.5,912.6,491.1,extraversion_high5_FxVUG2R1y0Q.004.mp4,1280,720,29.97,459,extraversion,high
113,3770,right_eye,665.8,233.0,787.1,316.4,992.3,381.2,1143.9,485.5,extraversion_high5_FxVUG2R1y0Q.004.mp4,1280,720,29.97,459,extraversion,high
113,3770,nose,590.1,289.3,681.4,413.3,897.6,451.6,1011.7,606.6,extraversion_high5_FxVUG2R1y0Q.004.mp4,1280,720,29.97,459,extraversion,high
113,3770,mouth,579.1,437.4,707.6,516.9,883.9,636.7,1044.5,736.2,extraversion_high5_FxVUG2R1y0Q.004.mp4,1280,720,29.97,459,extraversion,high
113,3770,forehead,473.3,176.0,820.4,465.1,751.7,310.0,1185.5,671.4,extraversion_high5_FxVUG2R1y0Q.004.mp4,1280,720,29.97,459,extraversion,high
113,3770,chin,475.9,337.7,819.8,574.6,754.9,512.1,1184.8,808.2,extraversion_high5_FxVUG2R1y0Q.004.mp4,1280,720,29.97,459,extraversion,high
113,3770,left_cheek,483.6,344.0,582.3,478.3,764.5,520.0,887.9,687.9,extraversion_high5_FxVUG2R1y0Q.004.mp4,1280,720,29.97,459,extraversion,high
113,3770,right_cheek,692.4,336.0,801.9,474.6,1025.5,510.0,1162.4,683.3,extraversion_high5_FxVUG2R1y0Q.004.mp4,1280,720,29.97,459,extraversion,high
114,3803,left_eye,492.5,238.3,603.0,321.3,775.6,387.8,913.8,491.6,extraversion_high5_FxVUG2R1y0Q.004.mp4,1280,720,29.97,459,extraversion,high
114,3803,right_eye,668.2,235.4,789.3,319.0,995.2,384.2,1146.6,488.7,extraversion_high5_FxVUG2R1y0Q.004.mp4,1280,720,29.97,459,extraversion,high
114,3803,nose,590.8,291.0,682.4,413.8,898.5,453.7,1013.0,607.3,extraversion_high5_FxVUG2R1y0Q.004.mp4,1280,720,29.97,459,extraversion,high
114,3803,mouth,579.2,437.4,708.5,520.5,883.9,636.8,1045.6,740.6,extraversion_high5_FxVUG2R1y0Q.004.mp4,1280,720,29.97,459,extraversion,high
114,3803,forehead,475.3,178.6,822.7,465.5,754.1,313.3,1188.4,671.8,extraversion_high5_FxVUG2R1y0Q.004.mp4,1280,720,29.97,459,extraversion,high
114,3803,chin,477.2,340.9,821.9,579.1,756.4,516.1,1187.3,813.8,extraversion_high5_FxVUG2R1y0Q.004.mp4,1280,720,29.97,459,extraversion,high
114,3803,left_cheek,484.6,344.4,583.3,478.5,765.7,520.5,889.1,688.1,extraversion_high5_FxVUG2R1y0Q.004.mp4,1280,720,29.97,459,extraversion,high
114,3803,right_cheek,693.6,338.7,803.5,477.0,1027.0,513.4,1164.4,686.3,extraversion_high5_FxVUG2R1y0Q.004.mp4,1280,720,29.97,459,extraversion,high
115,3837,left_eye,493.9,238.5,602.8,324.5,777.3,388.1,913.5,495.6,extraversion_high5_FxVUG2R1y0Q.004.mp4,1280,720,29.97,459,extraversion,high
115,3837,right_eye,668.0,237.3,791.0,321.6,995.0,386.6,1148.7,491.9,extraversion_high5_FxVUG2R1y0Q.004.mp4,1280,720,29.97,459,extraversion,high
115,3837,nose,590.8,293.3,682.3,416.0,898.4,456.6,1012.9,610.0,extraversion_high5_FxVUG2R1y0Q.004.mp4,1280,720,29.97,459,extraversion,high
115,3837,mouth,578.6,438.0,709.7,523.9,883.3,637.6,1047.1,744.8,extraversion_high5_FxVUG2R1y0Q.004.mp4,1280,720,29.97,459,extraversion,high
115,3837,forehead,477.0,180.2,827.5,468.1,756.3,315.3,1194.4,675.1,extraversion_high5_FxVUG2R1y0Q.004.mp4,1280,720,29.97,459,extraversion,high
115,3837,chin,479.0,342.3,826.5,582.4,758.7,517.9,1193.2,818.1,extraversion_high5_FxVUG2R1y0Q.004.mp4,1280,720,29.97,459,extraversion,high
115,3837,left_cheek,485.9,345.4,583.4,480.6,767.3,521.7,889.2,690.8,extraversion_high5_FxVUG2R1y0Q.004.mp4,1280,720,29.97,459,extraversion,high
115,3837,right_cheek,693.5,340.1,805.0,479.5,1026.9,515.1,1166.3,689.4,extraversion_high5_FxVUG2R1y0Q.004.mp4,1280,720,29.97,459,extraversion,high
116,3870,left_eye,493.9,237.2,603.1,324.8,777.4,386.5,913.8,496.0,extraversion_high5_FxVUG2R1y0Q.004.mp4,1280,720,29.97,459,extraversion,high
116,3870,right_eye,669.3,237.0,793.1,323.8,996.7,386.3,1151.4,494.8,extraversion_high5_FxVUG2R1y0Q.004.mp4,1280,720,29.97,459,extraversion,high
116,3870,nose,590.8,293.3,682.3,415.9,898.4,456.6,1012.9,609.9,extraversion_high5_FxVUG2R1y0Q.004.mp4,1280,720,29.97,459,extraversion,high
116,3870,mouth,577.4,438.3,710.4,524.1,881.7,637.8,1047.9,745.1,extraversion_high5_FxVUG2R1y0Q.004.mp4,1280,720,29.97,459,extraversion,high
116,3870,forehead,477.4,180.2,828.5,467.0,756.7,315.3,1195.7,673.8,extraversion_high5_FxVUG2R1y0Q.004.mp4,1280,720,29.97,459,extraversion,high
116,3870,chin,479.7,342.0,826.9,581.8,759.6,517.5,1193.6,817.2,extraversion_high5_FxVUG2R1y0Q.004.mp4,1280,720,29.97,459,extraversion,high
116,3870,left_cheek,486.5,344.9,583.6,480.4,768.2,521.1,889.4,690.5,extraversion_high5_FxVUG2R1y0Q.004.mp4,1280,720,29.97,459,extraversion,high
116,3870,right_cheek,693.8,340.0,805.7,479.3,1027.2,515.0,1167.1,689.1,extraversion_high5_FxVUG2R1y0Q.004.mp4,1280,720,29.97,459,extraversion,high
117,3903,left_eye,495.6,237.2,603.1,326.9,779.5,386.5,913.9,498.6,extraversion_high5_FxVUG2R1y0Q.004.mp4,1280,720,29.97,459,extraversion,high
117,3903,right_eye,669.2,237.9,792.5,326.5,996.6,387.4,1150.6,498.1,extraversion_high5_FxVUG2R1y0Q.004.mp4,1280,720,29.97,459,extraversion,high
117,3903,nose,590.8,294.8,681.7,417.2,898.5,458.6,1012.2,611.5,extraversion_high5_FxVUG2R1y0Q.004.mp4,1280,720,29.97,459,extraversion,high
117,3903,mouth,575.9,438.4,710.3,523.5,879.9,638.0,1047.9,744.4,extraversion_high5_FxVUG2R1y0Q.004.mp4,1280,720,29.97,459,extraversion,high
117,3903,forehead,478.5,180.7,827.8,468.8,758.1,315.9,1194.8,676.0,extraversion_high5_FxVUG2R1y0Q.004.mp4,1280,720,29.97,459,extraversion,high
117,3903,chin,480.9,344.3,826.3,582.4,761.1,520.4,1192.9,818.0,extraversion_high5_FxVUG2R1y0Q.004.mp4,1280,720,29.97,459,extraversion,high
117,3903,left_cheek,487.6,345.0,583.8,480.7,769.6,521.3,889.8,690.9,extraversion_high5_FxVUG2R1y0Q.004.mp4,1280,720,29.97,459,extraversion,high
117,3903,right_cheek,693.6,342.2,805.2,481.4,1027.0,517.8,1166.5,691.8,extraversion_high5_FxVUG2R1y0Q.004.mp4,1280,720,29.97,459,extraversion,high
118,3937,left_eye,495.6,237.4,603.0,327.9,779.5,386.8,913.7,499.9,extraversion_high5_FxVUG2R1y0Q.004.mp4,1280,720,29.97,459,extraversion,high
118,3937,right_eye,669.5,240.0,792.9,328.5,996.8,390.0,1151.1,500.6,extraversion_high5_FxVUG2R1y0Q.004.mp4,1280,720,29.97,459,extraversion,high
118,3937,nose,590.5,296.5,680.4,419.9,898.2,460.6,1010.5,614.8,extraversion_high5_FxVUG2R1y0Q.004.mp4,1280,720,29.97,459,extraversion,high
118,3937,mouth,573.7,440.9,708.6,524.1,877.2,641.1,1045.8,745.1,extraversion_high5_FxVUG2R1y0Q.004.mp4,1280,720,29.97,459,extraversion,high
118,3937,forehead,478.1,181.7,827.9,470.9,757.6,317.1,1194.9,678.7,extraversion_high5_FxVUG2R1y0Q.004.mp4,1280,720,29.97,459,extraversion,high
118,3937,chin,480.4,347.1,826.0,582.3,760.5,523.8,1192.5,817.9,extraversion_high5_FxVUG2R1y0Q.004.mp4,1280,720,29.97,459,extraversion,high
118,3937,left_cheek,487.3,345.1,583.8,481.4,769.1,521.3,889.7,691.8,extraversion_high5_FxVUG2R1y0Q.004.mp4,1280,720,29.97,459,extraversion,high
118,3937,right_cheek,693.4,345.3,804.8,483.9,1026.7,521.6,1166.0,694.9,extraversion_high5_FxVUG2R1y0Q.004.mp4,1280,720,29.97,459,extraversion,high
119,3970,left_eye,496.1,237.5,602.9,329.1,780.1,386.9,913.6,501.4,extraversion_high5_FxVUG2R1y0Q.004.mp4,1280,720,29.97,459,extraversion,high
119,3970,right_eye,669.4,241.3,792.7,330.5,996.7,391.6,1150.9,503.1,extraversion_high5_FxVUG2R1y0Q.004.mp4,1280,720,29.97,459,extraversion,high
119,3970,nose,589.6,297.9,679.8,421.4,897.1,462.4,1009.7,616.7,extraversion_high5_FxVUG2R1y0Q.004.mp4,1280,720,29.97,459,extraversion,high
119,3970,mouth,572.5,442.5,707.4,524.7,875.7,643.1,1044.2,745.9,extraversion_high5_FxVUG2R1y0Q.004.mp4,1280,720,29.97,459,extraversion,high
119,3970,forehead,478.3,182.5,827.6,474.5,757.9,318.2,1194.5,683.1,extraversion_high5_FxVUG2R1y0Q.004.mp4,1280,720,29.97,459,extraversion,high
119,3970,chin,480.4,348.9,825.7,585.4,760.5,526.2,1192.1,821.7,extraversion_high5_FxVUG2R1y0Q.004.mp4,1280,720,29.97,459,extraversion,high
119,3970,left_cheek,487.3,345.8,583.7,482.9,769.1,522.2,889.7,693.6,extraversion_high5_FxVUG2R1y0Q.004.mp4,1280,720,29.97,459,extraversion,high
119,3970,right_cheek,693.0,347.5,804.7,486.4,1026.2,524.4,1165.9,698.0,extraversion_high5_FxVUG2R1y0Q.004.mp4,1280,720,29.97,459,extraversion,high
120,4004,left_eye,496.0,237.7,602.9,329.7,780.0,387.1,913.6,502.1,extraversion_high5_FxVUG2R1y0Q.004.mp4,1280,720,29.97,459,extraversion,high
120,4004,right_eye,669.6,242.8,793.1,331.9,997.0,393.5,1151.4,504.8,extraversion_high5_FxVUG2R1y0Q.004.mp4,1280,720,29.97,459,extraversion,high
120,4004,nose,589.4,299.4,679.8,422.9,896.7,464.3,1009.7,618.7,extraversion_high5_FxVUG2R1y0Q.004.mp4,1280,720,29.97,459,extraversion,high
120,4004,mouth,572.0,444.2,707.6,525.8,875.0,645.2,1044.5,747.3,extraversion_high5_FxVUG2R1y0Q.004.mp4,1280,720,29.97,459,extraversion,high
120,4004,forehead,478.1,183.8,828.4,475.7,757.7,319.8,1195.5,684.7,extraversion_high5_FxVUG2R1y0Q.004.mp4,1280,720,29.97,459,extraversion,high
120,4004,chin,480.2,349.6,826.2,586.5,760.3,527.0,1192.8,823.1,extraversion_high5_FxVUG2R1y0Q.004.mp4,1280,720,29.97,459,extraversion,high
120,4004,left_cheek,487.2,346.5,583.7,483.9,769.0,523.2,889.6,694.9,extraversion_high5_FxVUG2R1y0Q.004.mp4,1280,720,29.97,459,extraversion,high
120,4004,right_cheek,692.9,348.8,804.7,487.5,1026.2,526.0,1165.9,699.3,extraversion_high5_FxVUG2R1y0Q.004.mp4,1280,720,29.97,459,extraversion,high
121,4037,left_eye,495.9,238.7,602.8,329.8,779.9,388.3,913.5,502.3,extraversion_high5_FxVUG2R1y0Q.004.mp4,1280,720,29.97,459,extraversion,high
121,4037,right_eye,670.1,244.3,794.0,332.5,997.7,395.3,1152.4,505.6,extraversion_high5_FxVUG2R1y0Q.004.mp4,1280,720,29.97,459,extraversion,high
121,4037,nose,589.1,300.6,680.0,423.8,896.3,465.7,1010.0,619.8,extraversion_high5_FxVUG2R1y0Q.004.mp4,1280,720,29.97,459,extraversion,high
121,4037,mouth,570.8,445.4,708.5,528.7,873.5,646.7,1045.7,750.8,extraversion_high5_FxVUG2R1y0Q.004.mp4,1280,720,29.97,459,extraversion,high
121,4037,forehead,478.1,185.2,828.6,477.6,757.6,321.5,1195.7,687.0,extraversion_high5_FxVUG2R1y0Q.004.mp4,1280,720,29.97,459,extraversion,high
121,4037,chin,480.1,350.2,826.4,590.6,760.1,527.7,1193.0,828.2,extraversion_high5_FxVUG2R1y0Q.004.mp4,1280,720,29.97,459,extraversion,high
121,4037,left_cheek,487.0,347.1,583.7,485.0,768.8,523.9,889.6,696.2,extraversion_high5_FxVUG2R1y0Q.004.mp4,1280,720,29.97,459,extraversion,high
121,4037,right_cheek,693.0,350.1,804.7,489.0,1026.2,527.6,1165.9,701.2,extraversion_high5_FxVUG2R1y0Q.004.mp4,1280,720,29.97,459,extraversion,high
122,4070,left_eye,495.7,239.6,602.8,329.4,779.6,389.4,913.4,501.7,extraversion_high5_FxVUG2R1y0Q.004.mp4,1280,720,29.97,459,extraversion,high
122,4070,right_eye,670.4,245.5,794.1,331.2,998.0,396.9,1152.6,504.0,extraversion_high5_FxVUG2R1y0Q.004.mp4,1280,720,29.97,459,extraversion,high
122,4070,nose,588.3,300.9,681.1,424.5,895.4,466.1,1011.4,620.6,extraversion_high5_FxVUG2R1y0Q.004.mp4,1280,720,29.97,459,extraversion,high
122,4070,mouth,569.8,445.8,710.3,529.6,872.2,647.2,1047.9,752.0,extraversion_high5_FxVUG2R1y0Q.004.mp4,1280,720,29.97,459,extraversion,high
122,4070,forehead,477.9,186.0,828.3,476.8,757.4,322.5,1195.3,686.0,extraversion_high5_FxVUG2R1y0Q.004.mp4,1280,720,29.97,459,extraversion,high
122,4070,chin,479.7,350.2,826.2,591.8,759.7,527.7,1192.7,829.8,extraversion_high5_FxVUG2R1y0Q.004.mp4,1280,720,29.97,459,extraversion,high
122,4070,left_cheek,486.8,347.2,583.4,485.2,768.5,524.0,889.3,696.5,extraversion_high5_FxVUG2R1y0Q.004.mp4,1280,720,29.97,459,extraversion,high
122,4070,right_cheek,693.2,350.1,804.6,488.7,1026.4,527.6,1165.8,700.9,extraversion_high5_FxVUG2R1y0Q.004.mp4,1280,720,29.97,459,extraversion,high
123,4104,left_eye,495.6,240.4,602.6,329.3,779.5,390.5,913.2,501.6,extraversion_high5_FxVUG2R1y0Q.004.mp4,1280,720,29.97,459,extraversion,high
123,4104,right_eye,670.5,247.2,794.5,330.1,998.2,399.0,1153.2,502.6,extraversion_high5_FxVUG2R1y0Q.004.mp4,1280,720,29.97,459,extraversion,high
123,4104,nose,587.5,300.9,682.6,425.3,894.4,466.1,1013.2,621.6,extraversion_high5_FxVUG2R1y0Q.004.mp4,1280,720,29.97,459,extraversion,high
123,4104,mouth,568.9,446.0,712.8,529.3,871.1,647.6,1051.0,751.6,extraversion_high5_FxVUG2R1y0Q.004.mp4,1280,720,29.97,459,extraversion,high
123,4104,forehead,477.0,185.9,828.2,475.7,756.3,322.4,1195.3,684.6,extraversion_high5_FxVUG2R1y0Q.004.mp4,1280,720,29.97,459,extraversion,high
123,4104,chin,478.9,349.7,826.1,591.1,758.6,527.2,1192.6,828.9,extraversion_high5_FxVUG2R1y0Q.004.mp4,1280,720,29.97,459,extraversion,high
123,4104,left_cheek,486.0,347.1,582.9,485.2,767.5,523.9,888.7,696.5,extraversion_high5_FxVUG2R1y0Q.004.mp4,1280,720,29.97,459,extraversion,high
123,4104,right_cheek,693.7,349.8,804.9,488.2,1027.1,527.2,1166.1,700.2,extraversion_high5_FxVUG2R1y0Q.004.mp4,1280,720,29.97,459,extraversion,high
124,4137,left_eye,495.4,242.4,602.7,329.2,779.3,392.9,913.4,501.5,extraversion_high5_FxVUG2R1y0Q.004.mp4,1280,720,29.97,459,extraversion,high
124,4137,right_eye,670.5,249.5,794.0,330.4,998.1,401.9,1152.5,503.1,extraversion_high5_FxVUG2R1y0Q.004.mp4,1280,720,29.97,459,extraversion,high
124,4137,nose,586.2,302.0,682.6,425.5,892.8,467.5,1013.2,621.8,extraversion_high5_FxVUG2R1y0Q.004.mp4,1280,720,29.97,459,extraversion,high
124,4137,mouth,566.8,446.1,713.1,531.2,868.5,647.6,1051.4,754.0,extraversion_high5_FxVUG2R1y0Q.004.mp4,1280,720,29.97,459,extraversion,high
124,4137,forehead,473.9,186.9,827.7,475.7,752.4,323.6,1194.6,684.7,extraversion_high5_FxVUG2R1y0Q.004.mp4,1280,720,29.97,459,extraversion,high
124,4137,chin,475.3,348.4,825.2,592.0,754.1,525.6,1191.5,830.0,extraversion_high5_FxVUG2R1y0Q.004.mp4,1280,720,29.97,459,extraversion,high
124,4137,left_cheek,483.6,346.7,581.9,485.2,764.5,523.4,887.4,696.5,extraversion_high5_FxVUG2R1y0Q.004.mp4,1280,720,29.97,459,extraversion,high
124,4137,right_cheek,693.6,351.1,804.4,488.7,1027.0,528.8,1165.5,700.9,extraversion_high5_FxVUG2R1y0Q.004.mp4,1280,720,29.97,459,extraversion,high
125,4170,left_eye,495.4,242.8,602.9,328.9,779.2,393.5,913.6,501.1,extraversion_high5_FxVUG2R1y0Q.004.mp4,1280,720,29.97,459,extraversion,high
125,4170,right_eye,670.4,250.1,793.8,331.4,998.0,402.6,1152.2,504.3,extraversion_high5_FxVUG2R1y0Q.004.mp4,1280,720,29.97,459,extraversion,high
125,4170,nose,584.8,302.3,682.6,426.2,890.9,467.9,1013.3,622.8,extraversion_high5_FxVUG2R1y0Q.004.mp4,1280,720,29.97,459,extraversion,high
125,4170,mouth,565.1,446.1,713.1,534.2,866.3,647.6,1051.4,757.7,extraversion_high5_FxVUG2R1y0Q.004.mp4,1280,720,29.97,459,extraversion,high
125,4170,forehead,472.7,187.1,827.1,476.1,750.8,323.9,1193.8,685.1,extraversion_high5_FxVUG2R1y0Q.004.mp4,1280,720,29.97,459,extraversion,high
125,4170,chin,473.9,346.8,824.1,594.4,752.3,523.4,1190.1,833.0,extraversion_high5_FxVUG2R1y0Q.004.mp4,1280,720,29.97,459,extraversion,high
125,4170,left_cheek,482.3,346.1,581.0,485.1,762.9,522.6,886.3,696.4,extraversion_high5_FxVUG2R1y0Q.004.mp4,1280,720,29.97,459,extraversion,high
125,4170,right_cheek,693.2,352.2,803.6,489.8,1026.6,530.2,1164.5,702.2,extraversion_high5_FxVUG2R1y0Q.004.mp4,1280,720,29.97,459,extraversion,high
126,4204,left_eye,495.4,242.7,602.5,328.3,779.2,393.4,913.1,500.4,extraversion_high5_FxVUG2R1y0Q.004.mp4,1280,720,29.97,459,extraversion,high
126,4204,right_eye,669.0,249.4,793.0,331.0,996.2,401.7,1151.2,503.7,extraversion_high5_FxVUG2R1y0Q.004.mp4,1280,720,29.97,459,extraversion,high
126,4204,nose,582.7,302.5,681.5,427.6,888.4,468.1,1011.9,624.5,extraversion_high5_FxVUG2R1y0Q.004.mp4,1280,720,29.97,459,extraversion,high
126,4204,mouth,562.1,446.1,712.6,535.4,862.7,647.6,1050.8,759.3,extraversion_high5_FxVUG2R1y0Q.004.mp4,1280,720,29.97,459,extraversion,high
126,4204,forehead,472.7,187.1,827.0,475.8,750.9,323.9,1193.8,684.7,extraversion_high5_FxVUG2R1y0Q.004.mp4,1280,720,29.97,459,extraversion,high
126,4204,chin,474.2,344.6,824.1,595.6,752.7,520.7,1190.1,834.5,extraversion_high5_FxVUG2R1y0Q.004.mp4,1280,720,29.97,459,extraversion,high
126,4204,left_cheek,482.3,345.1,580.1,485.0,762.9,521.4,885.1,696.3,extraversion_high5_FxVUG2R1y0Q.004.mp4,1280,720,29.97,459,extraversion,high
126,4204,right_cheek,691.7,351.4,803.1,489.5,1024.6,529.3,1163.8,701.9,extraversion_high5_FxVUG2R1y0Q.004.mp4,1280,720,29.97,459,extraversion,high
127,4237,left_eye,495.3,242.8,600.7,330.3,779.1,393.4,910.9,502.8,extraversion_high5_FxVUG2R1y0Q.004.mp4,1280,720,29.97,459,extraversion,high
127,4237,right_eye,667.0,249.5,792.6,335.3,993.8,401.8,1150.7,509.2,extraversion_high5_FxVUG2R1y0Q.004.mp4,1280,720,29.97,459,extraversion,high
127,4237,nose,581.4,302.9,678.0,428.7,886.8,468.6,1007.5,625.9,extraversion_high5_FxVUG2R1y0Q.004.mp4,1280,720,29.97,459,extraversion,high
127,4237,mouth,560.9,446.3,710.6,537.0,861.1,647.9,1048.3,761.3,extraversion_high5_FxVUG2R1y0Q.004.mp4,1280,720,29.97,459,extraversion,high
127,4237,forehead,473.6,187.0,827.6,477.2,752.0,323.8,1194.5,686.5,extraversion_high5_FxVUG2R1y0Q.004.mp4,1280,720,29.97,459,extraversion,high
127,4237,chin,475.0,344.6,824.6,596.5,753.8,520.8,1190.7,835.6,extraversion_high5_FxVUG2R1y0Q.004.mp4,1280,720,29.97,459,extraversion,high
127,4237,left_cheek,482.3,345.4,578.6,485.3,762.9,521.7,883.2,696.6,extraversion_high5_FxVUG2R1y0Q.004.mp4,1280,720,29.97,459,extraversion,high
127,4237,right_cheek,689.3,352.3,802.4,490.9,1021.7,530.3,1163.0,703.6,extraversion_high5_FxVUG2R1y0Q.004.mp4,1280,720,29.97,459,extraversion,high
128,4270,left_eye,494.9,242.7,599.1,330.4,778.6,393.4,908.9,502.9,extraversion_high5_FxVUG2R1y0Q.004.mp4,1280,720,29.97,459,extraversion,high
128,4270,right_eye,666.0,249.1,792.4,336.0,992.5,401.4,1150.5,510.0,extraversion_high5_FxVUG2R1y0Q.004.mp4,1280,720,29.97,459,extraversion,high
128,4270,nose,580.3,302.8,675.8,428.4,885.4,468.5,1004.8,625.5,extraversion_high5_FxVUG2R1y0Q.004.mp4,1280,720,29.97,459,extraversion,high
128,4270,mouth,560.1,445.9,708.9,536.2,860.2,647.4,1046.2,760.3,extraversion_high5_FxVUG2R1y0Q.004.mp4,1280,720,29.97,459,extraversion,high
128,4270,forehead,474.5,187.2,827.9,476.7,753.2,323.9,1194.9,685.9,extraversion_high5_FxVUG2R1y0Q.004.mp4,1280,720,29.97,459,extraversion,high
128,4270,chin,475.8,345.0,824.8,596.4,754.8,521.3,1191.1,835.5,extraversion_high5_FxVUG2R1y0Q.004.mp4,1280,720,29.97,459,extraversion,high
128,4270,left_cheek,482.4,345.4,577.6,484.4,763.0,521.7,881.9,695.5,extraversion_high5_FxVUG2R1y0Q.004.mp4,1280,720,29.97,459,extraversion,high
128,4270,right_cheek,687.9,352.2,801.9,490.4,1019.9,530.3,1162.3,703.0,extraversion_high5_FxVUG2R1y0Q.004.mp4,1280,720,29.97,459,extraversion,high
129,4304,left_eye,494.0,242.7,597.4,330.0,777.5,393.4,906.8,502.5,extraversion_high5_FxVUG2R1y0Q.004.mp4,1280,720,29.97,459,extraversion,high
129,4304,right_eye,664.3,248.9,791.4,334.0,990.4,401.1,1149.3,507.5,extraversion_high5_FxVUG2R1y0Q.004.mp4,1280,720,29.97,459,extraversion,high
129,4304,nose,577.5,302.7,674.1,428.1,881.9,468.3,1002.7,625.2,extraversion_high5_FxVUG2R1y0Q.004.mp4,1280,720,29.97,459,extraversion,high
129,4304,mouth,559.1,445.7,707.8,535.7,858.8,647.1,1044.7,759.6,extraversion_high5_FxVUG2R1y0Q.004.mp4,1280,720,29.97,459,extraversion,high
129,4304,forehead,474.6,187.3,827.7,476.8,753.3,324.1,1194.6,686.0,extraversion_high5_FxVUG2R1y0Q.004.mp4,1280,720,29.97,459,extraversion,high
129,4304,chin,475.9,345.3,824.6,595.9,754.9,521.6,1190.8,834.9,extraversion_high5_FxVUG2R1y0Q.004.mp4,1280,720,29.97,459,extraversion,high
129,4304,left_cheek,481.8,345.2,575.7,483.1,762.3,521.5,879.6,693.9,extraversion_high5_FxVUG2R1y0Q.004.mp4,1280,720,29.97,459,extraversion,high
129,4304,right_cheek,686.1,352.0,800.5,490.1,1017.7,530.0,1160.6,702.7,extraversion_high5_FxVUG2R1y0Q.004.mp4,1280,720,29.97,459,extraversion,high
130,4337,left_eye,493.5,242.7,597.5,327.2,776.8,393.4,906.9,499.0,extraversion_high5_FxVUG2R1y0Q.004.mp4,1280,720,29.97,459,extraversion,high
130,4337,right_eye,664.2,248.7,790.7,329.5,990.2,400.9,1148.3,501.9,extraversion_high5_FxVUG2R1y0Q.004.mp4,1280,720,29.97,459,extraversion,high
130,4337,nose,576.9,301.5,674.7,426.9,881.1,466.8,1003.4,623.6,extraversion_high5_FxVUG2R1y0Q.004.mp4,1280,720,29.97,459,extraversion,high
130,4337,mouth,559.0,442.5,707.8,528.6,858.7,643.2,1044.8,750.8,extraversion_high5_FxVUG2R1y0Q.004.mp4,1280,720,29.97,459,extraversion,high
130,4337,forehead,475.2,187.1,826.7,474.0,754.0,323.9,1193.3,682.4,extraversion_high5_FxVUG2R1y0Q.004.mp4,1280,720,29.97,459,extraversion,high
130,4337,chin,476.7,344.9,823.6,589.2,755.9,521.1,1189.5,826.5,extraversion_high5_FxVUG2R1y0Q.004.mp4,1280,720,29.97,459,extraversion,high
130,4337,left_cheek,481.8,343.7,575.5,479.4,762.2,519.7,879.3,689.2,extraversion_high5_FxVUG2R1y0Q.004.mp4,1280,720,29.97,459,extraversion,high
130,4337,right_cheek,686.5,350.0,800.0,485.8,1018.1,527.5,1160.1,697.2,extraversion_high5_FxVUG2R1y0Q.004.mp4,1280,720,29.97,459,extraversion,high
131,4371,left_eye,493.5,241.9,598.0,324.3,776.8,392.4,907.5,495.4,extraversion_high5_FxVUG2R1y0Q.004.mp4,1280,720,29.97,459,extraversion,high
131,4371,right_eye,664.3,247.8,789.8,326.4,990.3,399.7,1147.3,498.0,extraversion_high5_FxVUG2R1y0Q.004.mp4,1280,720,29.97,459,extraversion,high
131,4371,nose,577.7,299.4,676.3,422.2,882.2,464.3,1005.3,617.7,extraversion_high5_FxVUG2R1y0Q.004.mp4,1280,720,29.97,459,extraversion,high
131,4371,mouth,559.8,438.1,707.9,520.4,859.7,637.7,1044.9,740.5,extraversion_high5_FxVUG2R1y0Q.004.mp4,1280,720,29.97,459,extraversion,high
131,4371,forehead,475.3,186.1,825.2,469.5,754.1,322.6,1191.6,676.9,extraversion_high5_FxVUG2R1y0Q.004.mp4,1280,720,29.97,459,extraversion,high
131,4371,chin,476.8,343.3,822.3,581.6,756.0,519.1,1187.9,817.0,extraversion_high5_FxVUG2R1y0Q.004.mp4,1280,720,29.97,459,extraversion,high
131,4371,left_cheek,481.8,341.3,575.8,475.2,762.2,516.7,879.7,684.0,extraversion_high5_FxVUG2R1y0Q.004.mp4,1280,720,29.97,459,extraversion,high
131,4371,right_cheek,686.6,346.8,799.8,480.3,1018.2,523.5,1159.7,690.4,extraversion_high5_FxVUG2R1y0Q.004.mp4,1280,720,29.97,459,extraversion,high
132,4404,left_eye,494.0,241.2,598.6,323.9,777.5,391.5,908.2,494.9,extraversion_high5_FxVUG2R1y0Q.004.mp4,1280,720,29.97,459,extraversion,high
132,4404,right_eye,664.4,246.8,789.1,326.3,990.5,398.5,1146.3,497.9,extraversion_high5_FxVUG2R1y0Q.004.mp4,1280,720,29.97,459,extraversion,high
132,4404,nose,578.1,298.7,676.7,420.3,882.7,463.4,1005.9,615.4,extraversion_high5_FxVUG2R1y0Q.004.mp4,1280,720,29.97,459,extraversion,high
132,4404,mouth,560.2,436.3,709.1,516.0,860.3,635.4,1046.4,735.0,extraversion_high5_FxVUG2R1y0Q.004.mp4,1280,720,29.97,459,extraversion,high
132,4404,forehead,476.1,185.3,824.7,469.2,755.1,321.7,1190.9,676.5,extraversion_high5_FxVUG2R1y0Q.004.mp4,1280,720,29.97,459,extraversion,high
132,4404,chin,477.6,342.9,821.8,577.5,756.9,518.6,1187.2,811.8,extraversion_high5_FxVUG2R1y0Q.004.mp4,1280,720,29.97,459,extraversion,high
132,4404,left_cheek,482.0,340.6,575.8,473.6,762.5,515.8,879.8,682.0,extraversion_high5_FxVUG2R1y0Q.004.mp4,1280,720,29.97,459,extraversion,high
132,4404,right_cheek,686.6,346.2,799.7,478.6,1018.3,522.8,1159.6,688.2,extraversion_high5_FxVUG2R1y0Q.004.mp4,1280,720,29.97,459,extraversion,high
133,4437,left_eye,494.2,241.0,599.6,323.8,777.8,391.2,909.5,494.7,extraversion_high5_FxVUG2R1y0Q.004.mp4,1280,720,29.97,459,extraversion,high
133,4437,right_eye,664.7,246.1,789.1,326.2,990.9,397.7,1146.4,497.8,extraversion_high5_FxVUG2R1y0Q.004.mp4,1280,720,29.97,459,extraversion,high
133,4437,nose,578.6,298.1,678.2,419.6,883.3,462.6,1007.8,614.5,extraversion_high5_FxVUG2R1y0Q.004.mp4,1280,720,29.97,459,extraversion,high
133,4437,mouth,560.9,434.8,711.5,515.4,861.2,633.5,1049.4,734.3,extraversion_high5_FxVUG2R1y0Q.004.mp4,1280,720,29.97,459,extraversion,high
133,4437,forehead,476.2,184.7,824.7,468.5,755.2,320.9,1190.9,675.6,extraversion_high5_FxVUG2R1y0Q.004.mp4,1280,720,29.97,459,extraversion,high
133,4437,chin,477.7,342.8,821.8,576.4,757.1,518.5,1187.3,810.5,extraversion_high5_FxVUG2R1y0Q.004.mp4,1280,720,29.97,459,extraversion,high
133,4437,left_cheek,482.2,340.5,576.3,473.4,762.7,515.7,880.4,681.8,extraversion_high5_FxVUG2R1y0Q.004.mp4,1280,720,29.97,459,extraversion,high
133,4437,right_cheek,687.8,345.7,799.8,477.7,1019.7,522.2,1159.8,687.1,extraversion_high5_FxVUG2R1y0Q.004.mp4,1280,720,29.97,459,extraversion,high
134,4471,left_eye,495.1,241.0,600.6,323.8,778.9,391.2,910.8,494.7,extraversion_high5_FxVUG2R1y0Q.004.mp4,1280,720,29.97,459,extraversion,high
134,4471,right_eye,665.5,246.1,789.3,326.1,991.9,397.7,1146.6,497.6,extraversion_high5_FxVUG2R1y0Q.004.mp4,1280,720,29.97,459,extraversion,high
134,4471,nose,580.1,298.1,679.8,419.9,885.1,462.6,1009.7,614.9,extraversion_high5_FxVUG2R1y0Q.004.mp4,1280,720,29.97,459,extraversion,high
134,4471,mouth,562.2,434.9,715.1,517.6,862.8,633.6,1053.9,737.0,extraversion_high5_FxVUG2R1y0Q.004.mp4,1280,720,29.97,459,extraversion,high
134,4471,forehead,477.4,184.5,825.7,468.9,756.7,320.6,1192.1,676.1,extraversion_high5_FxVUG2R1y0Q.004.mp4,1280,720,29.97,459,extraversion,high
134,4471,chin,479.0,342.7,822.7,577.7,758.8,518.4,1188.3,812.1,extraversion_high5_FxVUG2R1y0Q.004.mp4,1280,720,29.97,459,extraversion,high
134,4471,left_cheek,483.3,340.5,577.7,473.9,764.1,515.6,882.1,682.4,extraversion_high5_FxVUG2R1y0Q.004.mp4,1280,720,29.97,459,extraversion,high
134,4471,right_cheek,689.2,345.8,800.7,478.6,1021.5,522.3,1160.9,688.3,extraversion_high5_FxVUG2R1y0Q.004.mp4,1280,720,29.97,459,extraversion,high
135,4504,left_eye,495.3,241.0,600.8,323.7,779.2,391.2,911.0,494.7,extraversion_high5_FxVUG2R1y0Q.004.mp4,1280,720,29.97,459,extraversion,high
135,4504,right_eye,665.5,246.2,789.5,326.2,991.9,397.7,1146.8,497.7,extraversion_high5_FxVUG2R1y0Q.004.mp4,1280,720,29.97,459,extraversion,high
135,4504,nose,580.2,297.5,680.4,419.7,885.2,461.8,1010.5,614.6,extraversion_high5_FxVUG2R1y0Q.004.mp4,1280,720,29.97,459,extraversion,high
135,4504,mouth,562.1,434.8,716.4,525.7,862.7,633.5,1055.5,747.1,extraversion_high5_FxVUG2R1y0Q.004.mp4,1280,720,29.97,459,extraversion,high
135,4504,forehead,477.5,184.3,826.8,469.6,756.8,320.4,1193.5,677.0,extraversion_high5_FxVUG2R1y0Q.004.mp4,1280,720,29.97,459,extraversion,high
135,4504,chin,479.1,342.7,823.7,582.1,758.8,518.4,1189.6,817.7,extraversion_high5_FxVUG2R1y0Q.004.mp4,1280,720,29.97,459,extraversion,high
135,4504,left_cheek,483.3,340.4,577.7,474.5,764.2,515.5,882.1,683.1,extraversion_high5_FxVUG2R1y0Q.004.mp4,1280,720,29.97,459,extraversion,high
135,4504,right_cheek,689.6,345.9,801.2,479.0,1022.0,522.4,1161.6,688.7,extraversion_high5_FxVUG2R1y0Q.004.mp4,1280,720,29.97,459,extraversion,high
136,4537,left_eye,495.3,240.8,600.9,323.4,779.1,391.0,911.1,494.2,extraversion_high5_FxVUG2R1y0Q.004.mp4,1280,720,29.97,459,extraversion,high
136,4537,right_eye,665.8,246.6,790.1,326.2,992.3,398.2,1147.6,497.8,extraversion_high5_FxVUG2R1y0Q.004.mp4,1280,720,29.97,459,extraversion,high
136,4537,nose,579.3,297.2,680.8,420.0,884.1,461.5,1011.0,614.9,extraversion_high5_FxVUG2R1y0Q.004.mp4,1280,720,29.97,459,extraversion,high
136,4537,mouth,560.7,435.3,716.1,546.6,860.9,634.1,1055.2,773.3,extraversion_high5_FxVUG2R1y0Q.004.mp4,1280,720,29.97,459,extraversion,high
136,4537,forehead,477.5,184.3,828.6,470.5,756.8,320.4,1195.8,678.1,extraversion_high5_FxVUG2R1y0Q.004.mp4,1280,720,29.97,459,extraversion,high
136,4537,chin,479.1,342.5,825.8,598.2,758.8,518.1,1192.3,837.7,extraversion_high5_FxVUG2R1y0Q.004.mp4,1280,720,29.97,459,extraversion,high
136,4537,left_cheek,483.0,340.1,577.6,475.0,763.8,515.1,882.0,683.7,extraversion_high5_FxVUG2R1y0Q.004.mp4,1280,720,29.97,459,extraversion,high
136,4537,right_cheek,690.0,346.2,802.1,481.9,1022.5,522.7,1162.6,692.3,extraversion_high5_FxVUG2R1y0Q.004.mp4,1280,720,29.97,459,extraversion,high
137,4571,left_eye,495.3,240.7,600.9,323.4,779.1,390.8,911.1,494.3,extraversion_high5_FxVUG2R1y0Q.004.mp4,1280,720,29.97,459,extraversion,high
137,4571,right_eye,665.8,246.9,790.6,326.3,992.3,398.7,1148.3,497.9,extraversion_high5_FxVUG2R1y0Q.004.mp4,1280,720,29.97,459,extraversion,high
137,4571,nose,578.6,297.3,680.8,421.1,883.3,461.6,1011.0,616.3,extraversion_high5_FxVUG2R1y0Q.004.mp4,1280,720,29.97,459,extraversion,high
137,4571,mouth,559.4,435.6,716.0,551.0,859.2,634.6,1055.1,778.7,extraversion_high5_FxVUG2R1y0Q.004.mp4,1280,720,29.97,459,extraversion,high
137,4571,forehead,477.5,184.3,831.6,472.0,756.8,320.4,1199.5,680.1,extraversion_high5_FxVUG2R1y0Q.004.mp4,1280,720,29.97,459,extraversion,high
137,4571,chin,479.0,342.5,829.3,603.6,758.8,518.1,1196.7,844.5,extraversion_high5_FxVUG2R1y0Q.004.mp4,1280,720,29.97,459,extraversion,high
137,4571,left_cheek,482.5,340.1,577.2,476.3,763.1,515.2,881.5,685.4,extraversion_high5_FxVUG2R1y0Q.004.mp4,1280,720,29.97,459,extraversion,high
137,4571,right_cheek,690.1,346.9,803.3,484.4,1022.6,523.7,1164.2,695.6,extraversion_high5_FxVUG2R1y0Q.004.mp4,1280,720,29.97,459,extraversion,high
138,4604,left_eye,495.7,240.8,600.9,325.1,779.6,391.0,911.2,496.4,extraversion_high5_FxVUG2R1y0Q.004.mp4,1280,720,29.97,459,extraversion,high
138,4604,right_eye,665.8,247.9,790.7,328.3,992.3,399.9,1148.4,500.3,extraversion_high5_FxVUG2R1y0Q.004.mp4,1280,720,29.97,459,extraversion,high
138,4604,nose,578.4,298.6,680.8,424.0,883.0,463.3,1011.0,620.0,extraversion_high5_FxVUG2R1y0Q.004.mp4,1280,720,29.97,459,extraversion,high
138,4604,mouth,558.7,436.1,716.0,548.8,858.4,635.2,1055.0,776.0,extraversion_high5_FxVUG2R1y0Q.004.mp4,1280,720,29.97,459,extraversion,high
138,4604,forehead,478.5,185.1,832.5,474.1,758.2,321.4,1200.6,682.6,extraversion_high5_FxVUG2R1y0Q.004.mp4,1280,720,29.97,459,extraversion,high
138,4604,chin,479.8,343.2,830.2,601.3,759.7,518.9,1197.8,841.7,extraversion_high5_FxVUG2R1y0Q.004.mp4,1280,720,29.97,459,extraversion,high
138,4604,left_cheek,482.5,340.9,577.2,478.3,763.1,516.1,881.5,687.9,extraversion_high5_FxVUG2R1y0Q.004.mp4,1280,720,29.97,459,extraversion,high
138,4604,right_cheek,690.2,348.8,803.6,486.5,1022.7,526.0,1164.5,698.1,extraversion_high5_FxVUG2R1y0Q.004.mp4,1280,720,29.97,459,extraversion,high
139,4637,left_eye,496.2,241.7,601.1,326.8,780.2,392.2,911.4,498.5,extraversion_high5_FxVUG2R1y0Q.004.mp4,1280,720,29.97,459,extraversion,high
139,4637,right_eye,666.4,249.4,792.4,331.6,993.0,401.8,1150.4,504.6,extraversion_high5_FxVUG2R1y0Q.004.mp4,1280,720,29.97,459,extraversion,high
139,4637,nose,577.9,300.7,680.9,426.5,882.4,465.9,1011.1,623.2,extraversion_high5_FxVUG2R1y0Q.004.mp4,1280,720,29.97,459,extraversion,high
139,4637,mouth,558.2,438.2,717.7,544.9,857.8,637.8,1057.1,771.1,extraversion_high5_FxVUG2R1y0Q.004.mp4,1280,720,29.97,459,extraversion,high
139,4637,forehead,478.8,186.0,832.2,475.9,758.5,322.5,1200.3,684.9,extraversion_high5_FxVUG2R1y0Q.004.mp4,1280,720,29.97,459,extraversion,high
139,4637,chin,479.9,343.7,830.1,600.0,759.9,519.6,1197.6,840.1,extraversion_high5_FxVUG2R1y0Q.004.mp4,1280,720,29.97,459,extraversion,high
139,4637,left_cheek,482.7,341.8,577.2,479.4,763.3,517.2,881.5,689.3,extraversion_high5_FxVUG2R1y0Q.004.mp4,1280,720,29.97,459,extraversion,high
139,4637,right_cheek,690.3,349.5,803.9,487.9,1022.8,526.8,1164.8,699.8,extraversion_high5_FxVUG2R1y0Q.004.mp4,1280,720,29.97,459,extraversion,high
140,4671,left_eye,496.9,243.0,601.3,332.0,781.1,393.8,911.6,505.0,extraversion_high5_FxVUG2R1y0Q.004.mp4,1280,720,29.97,459,extraversion,high
140,4671,right_eye,666.8,250.8,793.9,336.8,993.5,403.5,1152.3,511.0,extraversion_high5_FxVUG2R1y0Q.004.mp4,1280,720,29.97,459,extraversion,high
140,4671,nose,577.5,302.6,680.9,428.7,881.9,468.3,1011.1,625.9,extraversion_high5_FxVUG2R1y0Q.004.mp4,1280,720,29.97,459,extraversion,high
140,4671,mouth,558.2,440.4,719.2,544.4,857.8,640.6,1059.0,770.5,extraversion_high5_FxVUG2R1y0Q.004.mp4,1280,720,29.97,459,extraversion,high
140,4671,forehead,479.5,186.9,832.6,479.0,759.4,323.6,1200.7,688.7,extraversion_high5_FxVUG2R1y0Q.004.mp4,1280,720,29.97,459,extraversion,high
140,4671,chin,480.5,346.4,830.3,598.5,760.6,523.0,1197.8,838.2,extraversion_high5_FxVUG2R1y0Q.004.mp4,1280,720,29.97,459,extraversion,high
140,4671,left_cheek,483.1,344.2,577.2,481.2,763.9,520.3,881.5,691.4,extraversion_high5_FxVUG2R1y0Q.004.mp4,1280,720,29.97,459,extraversion,high
140,4671,right_cheek,690.3,351.2,804.2,489.1,1022.9,529.0,1165.2,701.4,extraversion_high5_FxVUG2R1y0Q.004.mp4,1280,720,29.97,459,extraversion,high
141,4704,left_eye,497.3,244.5,601.7,330.5,781.6,395.6,912.1,503.2,extraversion_high5_FxVUG2R1y0Q.004.mp4,1280,720,29.97,459,extraversion,high
141,4704,right_eye,667.0,252.2,794.0,335.0,993.7,405.2,1152.5,508.7,extraversion_high5_FxVUG2R1y0Q.004.mp4,1280,720,29.97,459,extraversion,high
141,4704,nose,577.6,303.8,680.9,430.3,882.0,469.7,1011.1,627.8,extraversion_high5_FxVUG2R1y0Q.004.mp4,1280,720,29.97,459,extraversion,high
141,4704,mouth,558.4,442.6,718.9,540.6,858.0,643.2,1058.6,765.7,extraversion_high5_FxVUG2R1y0Q.004.mp4,1280,720,29.97,459,extraversion,high
141,4704,forehead,479.7,188.0,832.6,479.8,759.6,325.0,1200.7,689.8,extraversion_high5_FxVUG2R1y0Q.004.mp4,1280,720,29.97,459,extraversion,high
141,4704,chin,480.5,348.5,830.2,597.7,760.6,525.6,1197.7,837.2,extraversion_high5_FxVUG2R1y0Q.004.mp4,1280,720,29.97,459,extraversion,high
141,4704,left_cheek,483.4,346.0,577.4,482.2,764.2,522.5,881.7,692.8,extraversion_high5_FxVUG2R1y0Q.004.mp4,1280,720,29.97,459,extraversion,high
141,4704,right_cheek,690.4,352.0,804.4,489.4,1023.0,530.0,1165.5,701.8,extraversion_high5_FxVUG2R1y0Q.004.mp4,1280,720,29.97,459,extraversion,high
142,4738,left_eye,497.5,245.4,602.2,331.4,781.8,396.7,912.7,504.2,extraversion_high5_FxVUG2R1y0Q.004.mp4,1280,720,29.97,459,extraversion,high
142,4738,right_eye,667.0,252.9,792.6,334.4,993.8,406.1,1150.7,508.0,extraversion_high5_FxVUG2R1y0Q.004.mp4,1280,720,29.97,459,extraversion,high
142,4738,nose,578.2,305.6,681.0,430.5,882.8,471.9,1011.3,628.1,extraversion_high5_FxVUG2R1y0Q.004.mp4,1280,720,29.97,459,extraversion,high
142,4738,mouth,558.5,443.2,717.8,533.7,858.2,644.0,1057.3,757.1,extraversion_high5_FxVUG2R1y0Q.004.mp4,1280,720,29.97,459,extraversion,high
142,4738,forehead,479.6,189.8,830.6,479.9,759.5,327.2,1198.2,689.8,extraversion_high5_FxVUG2R1y0Q.004.mp4,1280,720,29.97,459,extraversion,high
142,4738,chin,480.5,349.3,827.8,596.0,760.6,526.7,1194.8,835.0,extraversion_high5_FxVUG2R1y0Q.004.mp4,1280,720,29.97,459,extraversion,high
142,4738,left_cheek,483.7,346.9,577.8,482.6,764.7,523.6,882.2,693.2,extraversion_high5_FxVUG2R1y0Q.004.mp4,1280,720,29.97,459,extraversion,high
142,4738,right_cheek,690.4,353.2,803.4,489.5,1023.0,531.5,1164.3,701.8,extraversion_high5_FxVUG2R1y0Q.004.mp4,1280,720,29.97,459,extraversion,high
143,4771,left_eye,497.5,246.0,603.2,332.4,781.9,397.6,914.0,505.5,extraversion_high5_FxVUG2R1y0Q.004.mp4,1280,720,29.97,459,extraversion,high
143,4771,right_eye,668.1,252.9,792.5,335.7,995.1,406.1,1150.7,509.6,extraversion_high5_FxVUG2R1y0Q.004.mp4,1280,720,29.97,459,extraversion,high
143,4771,nose,579.6,305.9,681.2,430.4,884.5,472.3,1011.5,628.1,extraversion_high5_FxVUG2R1y0Q.004.mp4,1280,720,29.97,459,extraversion,high
143,4771,mouth,559.0,443.4,714.9,528.9,858.8,644.3,1053.7,751.1,extraversion_high5_FxVUG2R1y0Q.004.mp4,1280,720,29.97,459,extraversion,high
143,4771,forehead,479.3,189.9,827.4,479.6,759.2,327.4,1194.3,689.5,extraversion_high5_FxVUG2R1y0Q.004.mp4,1280,720,29.97,459,extraversion,high
143,4771,chin,480.3,349.1,824.1,592.5,760.4,526.4,1190.1,830.6,extraversion_high5_FxVUG2R1y0Q.004.mp4,1280,720,29.97,459,extraversion,high
143,4771,left_cheek,484.1,347.1,578.7,482.5,765.1,523.9,883.3,693.2,extraversion_high5_FxVUG2R1y0Q.004.mp4,1280,720,29.97,459,extraversion,high
143,4771,right_cheek,690.6,354.5,802.6,489.4,1023.3,533.2,1163.3,701.8,extraversion_high5_FxVUG2R1y0Q.004.mp4,1280,720,29.97,459,extraversion,high
144,4804,left_eye,496.1,246.4,603.0,332.7,780.2,398.0,913.7,505.9,extraversion_high5_FxVUG2R1y0Q.004.mp4,1280,720,29.97,459,extraversion,high
144,4804,right_eye,667.7,253.3,791.3,336.1,994.7,406.6,1149.1,510.1,extraversion_high5_FxVUG2R1y0Q.004.mp4,1280,720,29.97,459,extraversion,high
144,4804,nose,579.8,305.8,680.5,430.3,884.7,472.3,1010.6,627.9,extraversion_high5_FxVUG2R1y0Q.004.mp4,1280,720,29.97,459,extraversion,high
144,4804,mouth,558.7,443.4,713.0,526.5,858.4,644.3,1051.2,748.2,extraversion_high5_FxVUG2R1y0Q.004.mp4,1280,720,29.97,459,extraversion,high
144,4804,forehead,477.0,189.9,825.3,479.4,756.3,327.3,1191.7,689.2,extraversion_high5_FxVUG2R1y0Q.004.mp4,1280,720,29.97,459,extraversion,high
144,4804,chin,478.2,348.9,821.9,589.0,757.8,526.1,1187.3,826.2,extraversion_high5_FxVUG2R1y0Q.004.mp4,1280,720,29.97,459,extraversion,high
144,4804,left_cheek,483.4,347.1,578.5,482.5,764.2,523.9,883.2,693.1,extraversion_high5_FxVUG2R1y0Q.004.mp4,1280,720,29.97,459,extraversion,high
144,4804,right_cheek,690.3,355.0,801.4,489.3,1022.8,533.7,1161.7,701.6,extraversion_high5_FxVUG2R1y0Q.004.mp4,1280,720,29.97,459,extraversion,high
145,4838,left_eye,494.8,246.7,602.9,333.4,778.5,398.4,913.6,506.7,extraversion_high5_FxVUG2R1y0Q.004.mp4,1280,720,29.97,459,extraversion,high
145,4838,right_eye,667.7,253.8,791.1,335.8,994.6,407.3,1148.9,509.8,extraversion_high5_FxVUG2R1y0Q.004.mp4,1280,720,29.97,459,extraversion,high
145,4838,nose,579.9,306.0,680.5,430.7,884.9,472.4,1010.6,628.3,extraversion_high5_FxVUG2R1y0Q.004.mp4,1280,720,29.97,459,extraversion,high
145,4838,mouth,558.6,443.6,713.4,526.7,858.2,644.6,1051.7,748.4,extraversion_high5_FxVUG2R1y0Q.004.mp4,1280,720,29.97,459,extraversion,high
145,4838,forehead,474.5,189.7,825.4,479.3,753.1,327.2,1191.7,689.1,extraversion_high5_FxVUG2R1y0Q.004.mp4,1280,720,29.97,459,extraversion,high
145,4838,chin,475.6,349.2,822.0,588.5,754.6,526.5,1187.5,825.6,extraversion_high5_FxVUG2R1y0Q.004.mp4,1280,720,29.97,459,extraversion,high
145,4838,left_cheek,482.0,347.8,578.4,483.2,762.6,524.7,883.0,694.0,extraversion_high5_FxVUG2R1y0Q.004.mp4,1280,720,29.97,459,extraversion,high
145,4838,right_cheek,690.3,354.9,801.3,489.3,1022.8,533.6,1161.7,701.6,extraversion_high5_FxVUG2R1y0Q.004.mp4,1280,720,29.97,459,extraversion,high
146,4871,left_eye,493.5,246.6,602.6,333.2,776.8,398.2,913.2,506.5,extraversion_high5_FxVUG2R1y0Q.004.mp4,1280,720,29.97,459,extraversion,high
146,4871,right_eye,667.5,253.8,790.6,335.6,994.3,407.2,1148.2,509.4,extraversion_high5_FxVUG2R1y0Q.004.mp4,1280,720,29.97,459,extraversion,high
146,4871,nose,580.0,305.7,680.5,430.6,885.0,472.2,1010.6,628.2,extraversion_high5_FxVUG2R1y0Q.004.mp4,1280,720,29.97,459,extraversion,high
146,4871,mouth,558.4,443.5,714.2,526.9,858.0,644.4,1052.7,748.7,extraversion_high5_FxVUG2R1y0Q.004.mp4,1280,720,29.97,459,extraversion,high
146,4871,forehead,472.6,189.7,824.4,478.5,750.8,327.1,1190.5,688.1,extraversion_high5_FxVUG2R1y0Q.004.mp4,1280,720,29.97,459,extraversion,high
146,4871,chin,473.9,349.1,821.1,587.6,752.3,526.4,1186.4,824.6,extraversion_high5_FxVUG2R1y0Q.004.mp4,1280,720,29.97,459,extraversion,high
146,4871,left_cheek,481.0,347.6,578.2,483.1,761.2,524.5,882.8,693.8,extraversion_high5_FxVUG2R1y0Q.004.mp4,1280,720,29.97,459,extraversion,high
146,4871,right_cheek,690.2,354.7,800.9,488.9,1022.8,533.4,1161.1,701.1,extraversion_high5_FxVUG2R1y0Q.004.mp4,1280,720,29.97,459,extraversion,high
147,4904,left_eye,492.7,246.5,602.1,333.1,775.8,398.1,912.7,506.4,extraversion_high5_FxVUG2R1y0Q.004.mp4,1280,720,29.97,459,extraversion,high
147,4904,right_eye,666.8,253.9,789.9,335.3,993.5,407.3,1147.4,509.2,extraversion_high5_FxVUG2R1y0Q.004.mp4,1280,720,29.97,459,extraversion,high
147,4904,nose,579.9,305.7,680.1,430.7,884.9,472.1,1010.1,628.3,extraversion_high5_FxVUG2R1y0Q.004.mp4,1280,720,29.97,459,extraversion,high
147,4904,mouth,557.8,443.6,714.6,527.1,857.3,644.4,1053.3,748.9,extraversion_high5_FxVUG2R1y0Q.004.mp4,1280,720,29.97,459,extraversion,high
147,4904,forehead,471.7,189.6,824.3,478.1,749.7,327.0,1190.4,687.6,extraversion_high5_FxVUG2R1y0Q.004.mp4,1280,720,29.97,459,extraversion,high
147,4904,chin,473.0,348.6,821.1,587.7,751.2,525.8,1186.4,824.6,extraversion_high5_FxVUG2R1y0Q.004.mp4,1280,720,29.97,459,extraversion,high
147,4904,left_cheek,480.1,347.5,577.7,483.0,760.1,524.4,882.1,693.8,extraversion_high5_FxVUG2R1y0Q.004.mp4,1280,720,29.97,459,extraversion,high
147,4904,right_cheek,689.9,354.6,800.5,488.9,1022.4,533.2,1160.7,701.1,extraversion_high5_FxVUG2R1y0Q.004.mp4,1280,720,29.97,459,extraversion,high
148,4938,left_eye,492.7,246.1,602.1,333.1,775.8,397.7,912.6,506.3,extraversion_high5_FxVUG2R1y0Q.004.mp4,1280,720,29.97,459,extraversion,high
148,4938,right_eye,666.8,253.8,789.9,335.2,993.5,407.2,1147.4,509.0,extraversion_high5_FxVUG2R1y0Q.004.mp4,1280,720,29.97,459,extraversion,high
148,4938,nose,579.9,305.5,680.2,430.6,884.9,471.8,1010.2,628.2,extraversion_high5_FxVUG2R1y0Q.004.mp4,1280,720,29.97,459,extraversion,high
148,4938,mouth,557.8,443.5,715.1,528.8,857.3,644.4,1053.9,751.0,extraversion_high5_FxVUG2R1y0Q.004.mp4,1280,720,29.97,459,extraversion,high
148,4938,forehead,471.8,188.3,824.5,477.6,749.7,325.4,1190.6,687.0,extraversion_high5_FxVUG2R1y0Q.004.mp4,1280,720,29.97,459,extraversion,high
148,4938,chin,473.0,347.2,821.4,588.3,751.3,524.0,1186.7,825.3,extraversion_high5_FxVUG2R1y0Q.004.mp4,1280,720,29.97,459,extraversion,high
148,4938,left_cheek,480.0,346.9,577.7,483.0,760.0,523.7,882.1,693.7,extraversion_high5_FxVUG2R1y0Q.004.mp4,1280,720,29.97,459,extraversion,high
148,4938,right_cheek,689.9,354.3,800.6,488.8,1022.4,532.9,1160.7,701.0,extraversion_high5_FxVUG2R1y0Q.004.mp4,1280,720,29.97,459,extraversion,high
149,4971,left_eye,492.7,243.5,602.6,331.3,775.8,394.4,913.3,504.2,extraversion_high5_FxVUG2R1y0Q.004.mp4,1280,720,29.97,459,extraversion,high
149,4971,right_eye,668.5,252.2,792.1,334.3,995.6,405.2,1150.1,507.9,extraversion_high5_FxVUG2R1y0Q.004.mp4,1280,720,29.97,459,extraversion,high
149,4971,nose,580.1,303.5,681.6,429.5,885.1,469.3,1012.0,626.8,extraversion_high5_FxVUG2R1y0Q.004.mp4,1280,720,29.97,459,extraversion,high
149,4971,mouth,558.5,442.9,715.1,552.8,858.1,643.6,1053.9,781.0,extraversion_high5_FxVUG2R1y0Q.004.mp4,1280,720,29.97,459,extraversion,high
149,4971,forehead,471.1,186.3,827.1,476.3,748.8,322.9,1193.9,685.4,extraversion_high5_FxVUG2R1y0Q.004.mp4,1280,720,29.97,459,extraversion,high
149,4971,chin,471.9,344.2,824.4,604.8,749.9,520.2,1190.5,846.0,extraversion_high5_FxVUG2R1y0Q.004.mp4,1280,720,29.97,459,extraversion,high
149,4971,left_cheek,479.8,344.8,577.7,483.1,759.7,521.0,882.2,693.9,extraversion_high5_FxVUG2R1y0Q.004.mp4,1280,720,29.97,459,extraversion,high
149,4971,right_cheek,691.3,353.0,802.5,489.1,1024.2,531.2,1163.1,701.3,extraversion_high5_FxVUG2R1y0Q.004.mp4,1280,720,29.97,459,extraversion,high
150,5005,left_eye,492.7,238.3,603.4,326.4,775.9,387.9,914.2,498.0,extraversion_high5_FxVUG2R1y0Q.004.mp4,1280,720,29.97,459,extraversion,high
150,5005,right_eye,669.9,247.7,794.6,330.7,997.4,399.6,1153.2,503.3,extraversion_high5_FxVUG2R1y0Q.004.mp4,1280,720,29.97,459,extraversion,high
150,5005,nose,581.3,298.0,682.6,424.3,886.6,462.5,1013.2,620.4,extraversion_high5_FxVUG2R1y0Q.004.mp4,1280,720,29.97,459,extraversion,high
150,5005,mouth,559.3,439.8,715.2,560.1,859.1,639.7,1054.0,790.1,extraversion_high5_FxVUG2R1y0Q.004.mp4,1280,720,29.97,459,extraversion,high
150,5005,forehead,470.5,181.4,834.9,475.0,748.2,316.8,1203.6,683.7,extraversion_high5_FxVUG2R1y0Q.004.mp4,1280,720,29.97,459,extraversion,high
150,5005,chin,471.4,341.5,832.9,607.1,749.3,516.9,1201.1,848.8,extraversion_high5_FxVUG2R1y0Q.004.mp4,1280,720,29.97,459,extraversion,high
150,5005,left_cheek,479.4,341.3,578.0,483.0,759.3,516.6,882.5,693.7,extraversion_high5_FxVUG2R1y0Q.004.mp4,1280,720,29.97,459,extraversion,high
150,5005,right_cheek,693.4,350.4,807.5,489.0,1026.8,528.0,1169.4,701.3,extraversion_high5_FxVUG2R1y0Q.004.mp4,1280,720,29.97,459,extraversion,high
151,5038,left_eye,492.6,232.7,603.7,321.3,775.7,380.9,914.6,491.6,extraversion_high5_FxVUG2R1y0Q.004.mp4,1280,720,29.97,459,extraversion,high
151,5038,right_eye,670.2,242.7,794.5,325.7,997.7,393.4,1153.1,497.2,extraversion_high5_FxVUG2R1y0Q.004.mp4,1280,720,29.97,459,extraversion,high
151,5038,nose,582.6,292.9,682.8,419.4,888.3,456.2,1013.4,614.2,extraversion_high5_FxVUG2R1y0Q.004.mp4,1280,720,29.97,459,extraversion,high
151,5038,mouth,560.8,435.8,714.9,560.3,861.0,634.8,1053.6,790.3,extraversion_high5_FxVUG2R1y0Q.004.mp4,1280,720,29.97,459,extraversion,high
151,5038,forehead,468.8,176.3,834.5,472.3,746.0,310.3,1203.2,680.4,extraversion_high5_FxVUG2R1y0Q.004.mp4,1280,720,29.97,459,extraversion,high
151,5038,chin,469.5,338.7,832.6,607.6,746.9,513.4,1200.7,849.5,extraversion_high5_FxVUG2R1y0Q.004.mp4,1280,720,29.97,459,extraversion,high
151,5038,left_cheek,478.7,337.7,578.2,482.0,758.4,512.2,882.8,692.5,extraversion_high5_FxVUG2R1y0Q.004.mp4,1280,720,29.97,459,extraversion,high
151,5038,right_cheek,693.8,346.3,807.6,488.0,1027.2,522.9,1169.6,700.0,extraversion_high5_FxVUG2R1y0Q.004.mp4,1280,720,29.97,459,extraversion,high
152,5071,left_eye,492.6,229.7,603.9,319.7,775.7,377.1,914.9,489.7,extraversion_high5_FxVUG2R1y0Q.004.mp4,1280,720,29.97,459,extraversion,high
152,5071,right_eye,670.6,239.6,794.9,323.9,998.2,389.4,1153.6,494.8,extraversion_high5_FxVUG2R1y0Q.004.mp4,1280,720,29.97,459,extraversion,high
152,5071,nose,584.2,290.8,683.0,418.6,890.3,453.5,1013.8,613.2,extraversion_high5_FxVUG2R1y0Q.004.mp4,1280,720,29.97,459,extraversion,high
152,5071,mouth,563.0,435.8,714.8,558.7,863.8,634.7,1053.5,788.4,extraversion_high5_FxVUG2R1y0Q.004.mp4,1280,720,29.97,459,extraversion,high
152,5071,forehead,468.8,174.2,835.0,470.8,746.0,307.8,1203.8,678.6,extraversion_high5_FxVUG2R1y0Q.004.mp4,1280,720,29.97,459,extraversion,high
152,5071,chin,469.6,337.2,833.1,607.2,747.0,511.6,1201.4,849.0,extraversion_high5_FxVUG2R1y0Q.004.mp4,1280,720,29.97,459,extraversion,high
152,5071,left_cheek,478.8,336.6,578.8,481.9,758.5,510.7,883.5,692.3,extraversion_high5_FxVUG2R1y0Q.004.mp4,1280,720,29.97,459,extraversion,high
152,5071,right_cheek,694.3,344.4,808.3,487.6,1027.8,520.5,1170.4,699.5,extraversion_high5_FxVUG2R1y0Q.004.mp4,1280,720,29.97,459,extraversion,high
153,5105,left_eye,492.9,229.8,603.9,320.3,776.2,377.2,914.8,490.4,extraversion_high5_FxVUG2R1y0Q.004.mp4,1280,720,29.97,459,extraversion,high
153,5105,right_eye,670.5,239.6,794.6,323.4,998.1,389.4,1153.2,494.3,extraversion_high5_FxVUG2R1y0Q.004.mp4,1280,720,29.97,459,extraversion,high
153,5105,nose,585.6,291.5,681.5,419.6,891.9,454.4,1011.9,614.5,extraversion_high5_FxVUG2R1y0Q.004.mp4,1280,720,29.97,459,extraversion,high
153,5105,mouth,569.9,440.9,710.9,545.0,872.4,641.1,1048.6,771.3,extraversion_high5_FxVUG2R1y0Q.004.mp4,1280,720,29.97,459,extraversion,high
153,5105,forehead,470.6,175.1,833.4,468.3,748.2,308.9,1201.8,675.4,extraversion_high5_FxVUG2R1y0Q.004.mp4,1280,720,29.97,459,extraversion,high
153,5105,chin,471.5,336.3,831.4,599.8,749.4,510.4,1199.3,839.8,extraversion_high5_FxVUG2R1y0Q.004.mp4,1280,720,29.97,459,extraversion,high
153,5105,left_cheek,480.5,336.8,579.7,481.6,760.6,511.0,884.6,692.0,extraversion_high5_FxVUG2R1y0Q.004.mp4,1280,720,29.97,459,extraversion,high
153,5105,right_cheek,693.8,343.7,807.5,486.7,1027.2,519.6,1169.4,698.3,extraversion_high5_FxVUG2R1y0Q.004.mp4,1280,720,29.97,459,extraversion,high
154,5138,left_eye,493.2,231.2,603.9,321.0,776.5,379.0,914.8,491.2,extraversion_high5_FxVUG2R1y0Q.004.mp4,1280,720,29.97,459,extraversion,high
154,5138,right_eye,670.5,240.4,793.1,324.2,998.1,390.5,1151.4,495.3,extraversion_high5_FxVUG2R1y0Q.004.mp4,1280,720,29.97,459,extraversion,high
154,5138,nose,587.6,292.5,680.9,422.4,894.6,455.6,1011.1,618.0,extraversion_high5_FxVUG2R1y0Q.004.mp4,1280,720,29.97,459,extraversion,high
154,5138,mouth,573.5,452.8,706.0,523.0,876.9,656.0,1042.5,743.7,extraversion_high5_FxVUG2R1y0Q.004.mp4,1280,720,29.97,459,extraversion,high
154,5138,forehead,471.6,175.0,827.5,465.5,749.5,308.7,1194.4,671.8,extraversion_high5_FxVUG2R1y0Q.004.mp4,1280,720,29.97,459,extraversion,high
154,5138,chin,473.0,334.4,824.9,586.8,751.2,508.0,1191.2,823.6,extraversion_high5_FxVUG2R1y0Q.004.mp4,1280,720,29.97,459,extraversion,high
154,5138,left_cheek,481.6,337.2,581.2,481.4,762.0,511.5,886.5,691.8,extraversion_high5_FxVUG2R1y0Q.004.mp4,1280,720,29.97,459,extraversion,high
154,5138,right_cheek,693.3,344.2,805.2,486.5,1026.7,520.2,1166.5,698.1,extraversion_high5_FxVUG2R1y0Q.004.mp4,1280,720,29.97,459,extraversion,high
155,5171,left_eye,494.0,233.2,605.2,323.0,777.5,381.5,916.5,493.7,extraversion_high5_FxVUG2R1y0Q.004.mp4,1280,720,29.97,459,extraversion,high
155,5171,right_eye,670.8,242.1,793.1,325.5,998.5,392.6,1151.3,496.9,extraversion_high5_FxVUG2R1y0Q.004.mp4,1280,720,29.97,459,extraversion,high
155,5171,nose,590.0,295.5,681.0,431.5,897.5,459.4,1011.3,629.4,extraversion_high5_FxVUG2R1y0Q.004.mp4,1280,720,29.97,459,extraversion,high
155,5171,mouth,576.9,462.9,705.1,521.7,881.2,668.7,1041.4,742.2,extraversion_high5_FxVUG2R1y0Q.004.mp4,1280,720,29.97,459,extraversion,high
155,5171,forehead,472.1,175.4,825.8,466.6,750.1,309.2,1192.2,673.3,extraversion_high5_FxVUG2R1y0Q.004.mp4,1280,720,29.97,459,extraversion,high
155,5171,chin,473.6,335.5,823.0,586.1,752.0,509.3,1188.7,822.6,extraversion_high5_FxVUG2R1y0Q.004.mp4,1280,720,29.97,459,extraversion,high
155,5171,left_cheek,482.6,339.9,583.3,484.1,763.3,514.9,889.1,695.2,extraversion_high5_FxVUG2R1y0Q.004.mp4,1280,720,29.97,459,extraversion,high
155,5171,right_cheek,693.3,345.9,804.8,488.6,1026.6,522.4,1166.0,700.7,extraversion_high5_FxVUG2R1y0Q.004.mp4,1280,720,29.97,459,extraversion,high
156,5205,left_eye,494.6,236.4,606.0,326.6,778.3,385.5,917.5,498.3,extraversion_high5_FxVUG2R1y0Q.004.mp4,1280,720,29.97,459,extraversion,high
156,5205,right_eye,671.4,245.0,793.2,328.5,999.2,396.2,1151.6,500.7,extraversion_high5_FxVUG2R1y0Q.004.mp4,1280,720,29.97,459,extraversion,high
156,5205,nose,590.7,298.9,682.4,433.9,898.4,463.6,1013.0,632.3,extraversion_high5_FxVUG2R1y0Q.004.mp4,1280,720,29.97,459,extraversion,high
156,5205,mouth,577.3,464.2,705.8,526.9,881.6,670.2,1042.3,748.6,extraversion_high5_FxVUG2R1y0Q.004.mp4,1280,720,29.97,459,extraversion,high
156,5205,forehead,472.1,177.8,825.7,467.1,750.1,312.2,1192.1,673.8,extraversion_high5_FxVUG2R1y0Q.004.mp4,1280,720,29.97,459,extraversion,high
156,5205,chin,473.7,335.9,822.9,587.9,752.1,509.9,1188.6,824.9,extraversion_high5_FxVUG2R1y0Q.004.mp4,1280,720,29.97,459,extraversion,high
156,5205,left_cheek,483.2,342.4,584.1,486.4,764.0,518.0,890.1,698.0,extraversion_high5_FxVUG2R1y0Q.004.mp4,1280,720,29.97,459,extraversion,high
156,5205,right_cheek,693.6,348.2,804.8,490.8,1027.0,525.2,1166.0,703.5,extraversion_high5_FxVUG2R1y0Q.004.mp4,1280,720,29.97,459,extraversion,high
157,5238,left_eye,495.3,239.1,606.7,329.3,779.1,388.8,918.4,501.6,extraversion_high5_FxVUG2R1y0Q.004.mp4,1280,720,29.97,459,extraversion,high
157,5238,right_eye,672.3,247.1,794.0,330.9,1000.3,398.9,1152.4,503.6,extraversion_high5_FxVUG2R1y0Q.004.mp4,1280,720,29.97,459,extraversion,high
157,5238,nose,590.9,301.0,683.4,434.3,898.6,466.3,1014.2,632.9,extraversion_high5_FxVUG2R1y0Q.004.mp4,1280,720,29.97,459,extraversion,high
157,5238,mouth,577.2,462.4,706.5,528.7,881.5,668.0,1043.1,750.8,extraversion_high5_FxVUG2R1y0Q.004.mp4,1280,720,29.97,459,extraversion,high
157,5238,forehead,472.3,181.1,825.4,467.3,750.3,316.4,1191.7,674.2,extraversion_high5_FxVUG2R1y0Q.004.mp4,1280,720,29.97,459,extraversion,high
157,5238,chin,473.8,337.0,822.4,588.6,752.3,511.2,1188.0,825.8,extraversion_high5_FxVUG2R1y0Q.004.mp4,1280,720,29.97,459,extraversion,high
157,5238,left_cheek,483.8,344.2,584.6,487.6,764.7,520.2,890.7,699.5,extraversion_high5_FxVUG2R1y0Q.004.mp4,1280,720,29.97,459,extraversion,high
157,5238,right_cheek,694.3,349.7,804.7,491.7,1027.9,527.1,1165.9,704.6,extraversion_high5_FxVUG2R1y0Q.004.mp4,1280,720,29.97,459,extraversion,high
158,5271,left_eye,495.3,240.9,607.0,330.6,779.1,391.1,918.7,503.2,extraversion_high5_FxVUG2R1y0Q.004.mp4,1280,720,29.97,459,extraversion,high
158,5271,right_eye,672.9,248.4,794.3,332.8,1001.1,400.4,1152.8,506.0,extraversion_high5_FxVUG2R1y0Q.004.mp4,1280,720,29.97,459,extraversion,high
158,5271,nose,591.9,302.6,683.7,435.4,899.8,468.3,1014.6,634.2,extraversion_high5_FxVUG2R1y0Q.004.mp4,1280,720,29.97,459,extraversion,high
158,5271,mouth,576.3,460.5,706.6,532.3,880.4,665.7,1043.3,755.4,extraversion_high5_FxVUG2R1y0Q.004.mp4,1280,720,29.97,459,extraversion,high
158,5271,forehead,471.9,181.9,825.2,467.9,749.9,317.4,1191.5,674.9,extraversion_high5_FxVUG2R1y0Q.004.mp4,1280,720,29.97,459,extraversion,high
158,5271,chin,473.4,337.1,822.2,589.4,751.8,511.4,1187.7,826.7,extraversion_high5_FxVUG2R1y0Q.004.mp4,1280,720,29.97,459,extraversion,high
158,5271,left_cheek,483.7,344.6,584.9,488.3,764.6,520.7,891.2,700.4,extraversion_high5_FxVUG2R1y0Q.004.mp4,1280,720,29.97,459,extraversion,high
158,5271,right_cheek,694.7,350.2,804.7,492.6,1028.4,527.8,1165.9,705.7,extraversion_high5_FxVUG2R1y0Q.004.mp4,1280,720,29.97,459,extraversion,high
159,5305,left_eye,495.1,242.2,606.9,332.1,778.9,392.8,918.6,505.1,extraversion_high5_FxVUG2R1y0Q.004.mp4,1280,720,29.97,459,extraversion,high
159,5305,right_eye,673.0,249.4,794.2,333.9,1001.2,401.7,1152.8,507.4,extraversion_high5_FxVUG2R1y0Q.004.mp4,1280,720,29.97,459,extraversion,high
159,5305,nose,592.0,304.3,683.9,436.8,900.0,470.4,1014.8,636.0,extraversion_high5_FxVUG2R1y0Q.004.mp4,1280,720,29.97,459,extraversion,high
159,5305,mouth,575.4,459.7,707.5,533.5,879.3,664.7,1044.4,756.9,extraversion_high5_FxVUG2R1y0Q.004.mp4,1280,720,29.97,459,extraversion,high
159,5305,forehead,470.4,183.2,824.4,468.6,748.0,319.0,1190.6,675.7,extraversion_high5_FxVUG2R1y0Q.004.mp4,1280,720,29.97,459,extraversion,high
159,5305,chin,471.6,338.1,821.5,591.1,749.5,512.6,1186.9,828.9,extraversion_high5_FxVUG2R1y0Q.004.mp4,1280,720,29.97,459,extraversion,high
159,5305,left_cheek,483.2,345.6,584.8,489.3,763.9,522.0,891.0,701.7,extraversion_high5_FxVUG2R1y0Q.004.mp4,1280,720,29.97,459,extraversion,high
159,5305,right_cheek,694.8,350.7,804.6,493.1,1028.5,528.4,1165.7,706.3,extraversion_high5_FxVUG2R1y0Q.004.mp4,1280,720,29.97,459,extraversion,high
160,5338,left_eye,495.1,244.2,606.9,333.9,778.8,395.2,918.6,507.4,extraversion_high5_FxVUG2R1y0Q.004.mp4,1280,720,29.97,459,extraversion,high
160,5338,right_eye,673.0,251.0,794.2,335.6,1001.2,403.8,1152.8,509.5,extraversion_high5_FxVUG2R1y0Q.004.mp4,1280,720,29.97,459,extraversion,high
160,5338,nose,592.1,305.8,684.2,437.9,900.1,472.2,1015.3,637.4,extraversion_high5_FxVUG2R1y0Q.004.mp4,1280,720,29.97,459,extraversion,high
160,5338,mouth,574.9,460.5,708.4,534.3,878.6,665.6,1045.6,757.8,extraversion_high5_FxVUG2R1y0Q.004.mp4,1280,720,29.97,459,extraversion,high
160,5338,forehead,470.1,184.8,823.8,469.3,747.7,321.0,1189.7,676.6,extraversion_high5_FxVUG2R1y0Q.004.mp4,1280,720,29.97,459,extraversion,high
160,5338,chin,471.3,339.5,820.8,591.4,749.1,514.4,1186.0,829.2,extraversion_high5_FxVUG2R1y0Q.004.mp4,1280,720,29.97,459,extraversion,high
160,5338,left_cheek,483.1,346.8,584.8,489.6,763.9,523.4,891.0,702.0,extraversion_high5_FxVUG2R1y0Q.004.mp4,1280,720,29.97,459,extraversion,high
160,5338,right_cheek,694.9,351.6,804.4,493.4,1028.6,529.6,1165.4,706.7,extraversion_high5_FxVUG2R1y0Q.004.mp4,1280,720,29.97,459,extraversion,high
161,5372,left_eye,495.0,245.8,606.8,335.5,778.8,397.3,918.6,509.3,extraversion_high5_FxVUG2R1y0Q.004.mp4,1280,720,29.97,459,extraversion,high
161,5372,right_eye,673.0,252.5,793.9,336.9,1001.2,405.6,1152.3,511.1,extraversion_high5_FxVUG2R1y0Q.004.mp4,1280,720,29.97,459,extraversion,high
161,5372,nose,591.8,307.5,684.2,440.7,899.7,474.4,1015.2,640.9,extraversion_high5_FxVUG2R1y0Q.004.mp4,1280,720,29.97,459,extraversion,high
161,5372,mouth,574.5,463.5,709.0,534.8,878.1,669.3,1046.2,758.5,extraversion_high5_FxVUG2R1y0Q.004.mp4,1280,720,29.97,459,extraversion,high
161,5372,forehead,470.2,185.8,823.2,470.4,747.8,322.3,1188.9,678.0,extraversion_high5_FxVUG2R1y0Q.004.mp4,1280,720,29.97,459,extraversion,high
161,5372,chin,471.4,341.3,820.2,592.5,749.2,516.7,1185.2,830.6,extraversion_high5_FxVUG2R1y0Q.004.mp4,1280,720,29.97,459,extraversion,high
161,5372,left_cheek,483.1,348.7,584.7,491.7,763.8,525.9,890.9,704.6,extraversion_high5_FxVUG2R1y0Q.004.mp4,1280,720,29.97,459,extraversion,high
161,5372,right_cheek,694.8,352.7,803.8,494.8,1028.6,530.9,1164.7,708.5,extraversion_high5_FxVUG2R1y0Q.004.mp4,1280,720,29.97,459,extraversion,high
162,5405,left_eye,495.0,246.1,606.8,336.1,778.7,397.6,918.5,510.1,extraversion_high5_FxVUG2R1y0Q.004.mp4,1280,720,29.97,459,extraversion,high
162,5405,right_eye,672.8,252.7,793.4,337.1,1001.0,405.9,1151.7,511.4,extraversion_high5_FxVUG2R1y0Q.004.mp4,1280,720,29.97,459,extraversion,high
162,5405,nose,591.6,308.0,683.9,443.5,899.5,475.0,1014.9,644.4,extraversion_high5_FxVUG2R1y0Q.004.mp4,1280,720,29.97,459,extraversion,high
162,5405,mouth,574.1,468.6,708.8,532.8,877.6,675.7,1046.0,756.0,extraversion_high5_FxVUG2R1y0Q.004.mp4,1280,720,29.97,459,extraversion,high
162,5405,forehead,470.2,185.6,822.6,470.5,747.8,322.1,1188.3,678.1,extraversion_high5_FxVUG2R1y0Q.004.mp4,1280,720,29.97,459,extraversion,high
162,5405,chin,471.4,341.3,819.5,590.5,749.3,516.6,1184.4,828.1,extraversion_high5_FxVUG2R1y0Q.004.mp4,1280,720,29.97,459,extraversion,high
162,5405,left_cheek,483.0,349.0,584.6,491.9,763.8,526.2,890.8,704.9,extraversion_high5_FxVUG2R1y0Q.004.mp4,1280,720,29.97,459,extraversion,high
162,5405,right_cheek,694.4,353.3,803.1,495.5,1028.0,531.6,1163.9,709.3,extraversion_high5_FxVUG2R1y0Q.004.mp4,1280,720,29.97,459,extraversion,high
163,5438,left_eye,494.8,246.6,606.8,336.0,778.5,398.2,918.5,510.0,extraversion_high5_FxVUG2R1y0Q.004.mp4,1280,720,29.97,459,extraversion,high
163,5438,right_eye,672.5,253.3,793.2,337.1,1000.6,406.6,1151.5,511.4,extraversion_high5_FxVUG2R1y0Q.004.mp4,1280,720,29.97,459,extraversion,high
163,5438,nose,591.5,308.1,683.3,443.9,899.3,475.1,1014.2,644.9,extraversion_high5_FxVUG2R1y0Q.004.mp4,1280,720,29.97,459,extraversion,high
163,5438,mouth,573.9,470.8,705.6,530.1,877.4,678.5,1042.0,752.6,extraversion_high5_FxVUG2R1y0Q.004.mp4,1280,720,29.97,459,extraversion,high
163,5438,forehead,470.0,185.5,822.6,470.5,747.5,321.9,1188.2,678.1,extraversion_high5_FxVUG2R1y0Q.004.mp4,1280,720,29.97,459,extraversion,high
163,5438,chin,471.2,341.3,819.5,587.7,749.0,516.6,1184.3,824.7,extraversion_high5_FxVUG2R1y0Q.004.mp4,1280,720,29.97,459,extraversion,high
163,5438,left_cheek,482.7,349.0,584.6,491.7,763.4,526.2,890.7,704.6,extraversion_high5_FxVUG2R1y0Q.004.mp4,1280,720,29.97,459,extraversion,high
163,5438,right_cheek,693.8,353.5,802.7,495.3,1027.3,531.9,1163.4,709.1,extraversion_high5_FxVUG2R1y0Q.004.mp4,1280,720,29.97,459,extraversion,high
164,5472,left_eye,494.4,246.4,606.7,335.7,778.0,397.9,918.4,509.7,extraversion_high5_FxVUG2R1y0Q.004.mp4,1280,720,29.97,459,extraversion,high
164,5472,right_eye,672.2,253.4,792.9,337.0,1000.3,406.8,1151.2,511.3,extraversion_high5_FxVUG2R1y0Q.004.mp4,1280,720,29.97,459,extraversion,high
164,5472,nose,591.3,307.8,682.5,443.2,899.2,474.7,1013.2,644.0,extraversion_high5_FxVUG2R1y0Q.004.mp4,1280,720,29.97,459,extraversion,high
164,5472,mouth,573.7,469.5,704.0,528.1,877.2,676.9,1040.0,750.1,extraversion_high5_FxVUG2R1y0Q.004.mp4,1280,720,29.97,459,extraversion,high
164,5472,forehead,469.2,185.4,822.3,470.4,746.6,321.8,1187.9,678.0,extraversion_high5_FxVUG2R1y0Q.004.mp4,1280,720,29.97,459,extraversion,high
164,5472,chin,470.4,341.0,819.2,584.7,748.0,516.2,1184.0,820.8,extraversion_high5_FxVUG2R1y0Q.004.mp4,1280,720,29.97,459,extraversion,high
164,5472,left_cheek,482.1,348.7,584.5,491.3,762.6,525.9,890.6,704.2,extraversion_high5_FxVUG2R1y0Q.004.mp4,1280,720,29.97,459,extraversion,high
164,5472,right_cheek,693.2,353.5,802.3,495.1,1026.5,531.8,1162.9,708.8,extraversion_high5_FxVUG2R1y0Q.004.mp4,1280,720,29.97,459,extraversion,high
165,5505,left_eye,494.1,246.1,606.4,335.4,777.7,397.6,917.9,509.3,extraversion_high5_FxVUG2R1y0Q.004.mp4,1280,720,29.97,459,extraversion,high
165,5505,right_eye,671.9,253.5,792.0,336.8,999.9,406.8,1150.0,511.0,extraversion_high5_FxVUG2R1y0Q.004.mp4,1280,720,29.97,459,extraversion,high
165,5505,nose,591.3,307.6,681.3,442.4,899.1,474.5,1011.6,643.0,extraversion_high5_FxVUG2R1y0Q.004.mp4,1280,720,29.97,459,extraversion,high
165,5505,mouth,573.6,467.9,703.4,527.7,877.0,674.9,1039.3,749.6,extraversion_high5_FxVUG2R1y0Q.004.mp4,1280,720,29.97,459,extraversion,high
165,5505,forehead,469.1,185.3,821.2,470.5,746.4,321.6,1186.6,678.1,extraversion_high5_FxVUG2R1y0Q.004.mp4,1280,720,29.97,459,extraversion,high
165,5505,chin,470.2,341.0,818.0,585.3,747.8,516.2,1182.5,821.7,extraversion_high5_FxVUG2R1y0Q.004.mp4,1280,720,29.97,459,extraversion,high
165,5505,left_cheek,481.9,348.5,584.2,491.1,762.3,525.7,890.3,703.9,extraversion_high5_FxVUG2R1y0Q.004.mp4,1280,720,29.97,459,extraversion,high
165,5505,right_cheek,692.3,353.4,801.1,494.9,1025.4,531.8,1161.3,708.6,extraversion_high5_FxVUG2R1y0Q.004.mp4,1280,720,29.97,459,extraversion,high
166,5538,left_eye,494.0,245.9,606.1,335.3,777.6,397.3,917.6,509.1,extraversion_high5_FxVUG2R1y0Q.004.mp4,1280,720,29.97,459,extraversion,high
166,5538,right_eye,671.6,253.3,791.7,336.7,999.4,406.6,1149.6,510.9,extraversion_high5_FxVUG2R1y0Q.004.mp4,1280,720,29.97,459,extraversion,high
166,5538,nose,591.2,307.4,680.6,441.9,899.0,474.2,1010.8,642.4,extraversion_high5_FxVUG2R1y0Q.004.mp4,1280,720,29.97,459,extraversion,high
166,5538,mouth,573.6,467.4,703.4,527.4,877.0,674.3,1039.2,749.2,extraversion_high5_FxVUG2R1y0Q.004.mp4,1280,720,29.97,459,extraversion,high
166,5538,forehead,469.0,185.2,821.3,470.5,746.2,321.6,1186.6,678.1,extraversion_high5_FxVUG2R1y0Q.004.mp4,1280,720,29.97,459,extraversion,high
166,5538,chin,470.1,340.8,818.0,583.1,747.6,516.0,1182.5,818.9,extraversion_high5_FxVUG2R1y0Q.004.mp4,1280,720,29.97,459,extraversion,high
166,5538,left_cheek,481.8,348.4,584.0,490.7,762.3,525.5,890.0,703.4,extraversion_high5_FxVUG2R1y0Q.004.mp4,1280,720,29.97,459,extraversion,high
166,5538,right_cheek,691.9,353.4,800.8,494.6,1024.8,531.7,1161.0,708.2,extraversion_high5_FxVUG2R1y0Q.004.mp4,1280,720,29.97,459,extraversion,high
167,5572,left_eye,494.1,245.7,606.1,335.2,777.6,397.1,917.6,509.0,extraversion_high5_FxVUG2R1y0Q.004.mp4,1280,720,29.97,459,extraversion,high
167,5572,right_eye,671.6,253.2,791.8,336.6,999.5,406.5,1149.7,510.8,extraversion_high5_FxVUG2R1y0Q.004.mp4,1280,720,29.97,459,extraversion,high
167,5572,nose,591.1,307.3,680.7,441.5,898.9,474.1,1010.8,641.9,extraversion_high5_FxVUG2R1y0Q.004.mp4,1280,720,29.97,459,extraversion,high
167,5572,mouth,573.6,466.9,703.6,528.0,877.0,673.7,1039.4,750.1,extraversion_high5_FxVUG2R1y0Q.004.mp4,1280,720,29.97,459,extraversion,high
167,5572,forehead,469.5,185.2,821.4,470.8,746.8,321.5,1186.8,678.5,extraversion_high5_FxVUG2R1y0Q.004.mp4,1280,720,29.97,459,extraversion,high
167,5572,chin,470.7,341.0,818.1,584.6,748.4,516.2,1182.7,820.7,extraversion_high5_FxVUG2R1y0Q.004.mp4,1280,720,29.97,459,extraversion,high
167,5572,left_cheek,482.2,348.4,584.0,490.7,762.7,525.5,890.0,703.4,extraversion_high5_FxVUG2R1y0Q.004.mp4,1280,720,29.97,459,extraversion,high
167,5572,right_cheek,691.9,353.3,800.9,494.7,1024.8,531.7,1161.1,708.4,extraversion_high5_FxVUG2R1y0Q.004.mp4,1280,720,29.97,459,extraversion,high
168,5605,left_eye,493.5,245.6,605.6,335.4,776.9,397.0,917.0,509.2,extraversion_high5_FxVUG2R1y0Q.004.mp4,1280,720,29.97,459,extraversion,high
168,5605,right_eye,671.4,253.1,792.1,336.9,999.3,406.3,1150.1,511.1,extraversion_high5_FxVUG2R1y0Q.004.mp4,1280,720,29.97,459,extraversion,high
168,5605,nose,591.0,307.2,680.5,441.3,898.7,474.0,1010.6,641.6,extraversion_high5_FxVUG2R1y0Q.004.mp4,1280,720,29.97,459,extraversion,high
168,5605,mouth,573.6,466.7,703.9,528.8,877.0,673.4,1039.8,751.0,extraversion_high5_FxVUG2R1y0Q.004.mp4,1280,720,29.97,459,extraversion,high
168,5605,forehead,468.9,185.1,822.2,470.9,746.1,321.4,1187.8,678.6,extraversion_high5_FxVUG2R1y0Q.004.mp4,1280,720,29.97,459,extraversion,high
168,5605,chin,470.2,340.9,818.8,585.1,747.7,516.1,1183.5,821.3,extraversion_high5_FxVUG2R1y0Q.004.mp4,1280,720,29.97,459,extraversion,high
168,5605,left_cheek,481.9,348.3,583.7,490.6,762.4,525.4,889.6,703.3,extraversion_high5_FxVUG2R1y0Q.004.mp4,1280,720,29.97,459,extraversion,high
168,5605,right_cheek,691.9,353.3,801.1,494.8,1024.8,531.6,1161.4,708.4,extraversion_high5_FxVUG2R1y0Q.004.mp4,1280,720,29.97,459,extraversion,high
169,5638,left_eye,493.2,245.5,605.0,335.4,776.5,396.9,916.3,509.2,extraversion_high5_FxVUG2R1y0Q.004.mp4,1280,720,29.97,459,extraversion,high
169,5638,right_eye,671.1,253.1,792.1,336.9,998.9,406.4,1150.1,511.2,extraversion_high5_FxVUG2R1y0Q.004.mp4,1280,720,29.97,459,extraversion,high
169,5638,nose,590.4,307.2,679.5,441.1,898.0,474.0,1009.3,641.4,extraversion_high5_FxVUG2R1y0Q.004.mp4,1280,720,29.97,459,extraversion,high
169,5638,mouth,573.3,466.5,703.5,529.1,876.6,673.1,1039.4,751.4,extraversion_high5_FxVUG2R1y0Q.004.mp4,1280,720,29.97,459,extraversion,high
169,5638,forehead,468.7,185.0,822.6,471.4,745.9,321.2,1188.3,679.2,extraversion_high5_FxVUG2R1y0Q.004.mp4,1280,720,29.97,459,extraversion,high
169,5638,chin,470.0,340.8,819.1,584.6,747.6,516.0,1183.8,820.8,extraversion_high5_FxVUG2R1y0Q.004.mp4,1280,720,29.97,459,extraversion,high
169,5638,left_cheek,481.8,348.3,583.1,490.6,762.2,525.4,888.9,703.3,extraversion_high5_FxVUG2R1y0Q.004.mp4,1280,720,29.97,459,extraversion,high
169,5638,right_cheek,691.3,353.4,801.1,494.9,1024.1,531.7,1161.4,708.6,extraversion_high5_FxVUG2R1y0Q.004.mp4,1280,720,29.97,459,extraversion,high
170,5672,left_eye,493.2,245.5,604.9,335.4,776.5,396.8,916.1,509.2,extraversion_high5_FxVUG2R1y0Q.004.mp4,1280,720,29.97,459,extraversion,high
170,5672,right_eye,670.9,253.3,792.1,337.1,998.6,406.6,1150.1,511.4,extraversion_high5_FxVUG2R1y0Q.004.mp4,1280,720,29.97,459,extraversion,high
170,5672,nose,589.6,307.1,679.1,441.0,897.0,473.9,1008.8,641.2,extraversion_high5_FxVUG2R1y0Q.004.mp4,1280,720,29.97,459,extraversion,high
170,5672,mouth,572.0,466.3,703.3,527.9,875.0,672.9,1039.2,749.8,extraversion_high5_FxVUG2R1y0Q.004.mp4,1280,720,29.97,459,extraversion,high
170,5672,forehead,468.9,184.7,822.9,471.9,746.1,320.9,1188.7,679.9,extraversion_high5_FxVUG2R1y0Q.004.mp4,1280,720,29.97,459,extraversion,high
170,5672,chin,470.3,340.7,819.2,584.5,747.9,515.9,1184.0,820.7,extraversion_high5_FxVUG2R1y0Q.004.mp4,1280,720,29.97,459,extraversion,high
170,5672,left_cheek,481.8,348.2,582.8,490.3,762.2,525.2,888.5,702.9,extraversion_high5_FxVUG2R1y0Q.004.mp4,1280,720,29.97,459,extraversion,high
170,5672,right_cheek,691.1,353.6,801.2,494.9,1023.8,532.1,1161.5,708.7,extraversion_high5_FxVUG2R1y0Q.004.mp4,1280,720,29.97,459,extraversion,high
171,5705,left_eye,493.0,245.4,604.8,335.3,776.2,396.8,916.0,509.2,extraversion_high5_FxVUG2R1y0Q.004.mp4,1280,720,29.97,459,extraversion,high
171,5705,right_eye,670.7,253.3,792.1,337.3,998.4,406.6,1150.2,511.6,extraversion_high5_FxVUG2R1y0Q.004.mp4,1280,720,29.97,459,extraversion,high
171,5705,nose,589.3,307.1,678.9,440.9,896.6,473.9,1008.7,641.1,extraversion_high5_FxVUG2R1y0Q.004.mp4,1280,720,29.97,459,extraversion,high
171,5705,mouth,571.3,466.2,703.4,525.7,874.1,672.8,1039.3,747.1,extraversion_high5_FxVUG2R1y0Q.004.mp4,1280,720,29.97,459,extraversion,high
171,5705,forehead,468.7,184.6,823.0,471.9,745.9,320.7,1188.7,679.9,extraversion_high5_FxVUG2R1y0Q.004.mp4,1280,720,29.97,459,extraversion,high
171,5705,chin,470.2,340.3,819.3,583.4,747.8,515.4,1184.1,819.3,extraversion_high5_FxVUG2R1y0Q.004.mp4,1280,720,29.97,459,extraversion,high
171,5705,left_cheek,481.6,347.8,582.6,489.8,762.0,524.8,888.2,702.2,extraversion_high5_FxVUG2R1y0Q.004.mp4,1280,720,29.97,459,extraversion,high
171,5705,right_cheek,691.0,353.6,801.2,494.8,1023.7,532.0,1161.5,708.6,extraversion_high5_FxVUG2R1y0Q.004.mp4,1280,720,29.97,459,extraversion,high
172,5739,left_eye,492.2,245.2,603.9,335.0,775.3,396.5,914.8,508.7,extraversion_high5_FxVUG2R1y0Q.004.mp4,1280,720,29.97,459,extraversion,high
172,5739,right_eye,670.0,252.8,792.1,336.9,997.5,406.0,1150.2,511.2,extraversion_high5_FxVUG2R1y0Q.004.mp4,1280,720,29.97,459,extraversion,high
172,5739,nose,588.2,306.4,678.5,440.0,895.3,473.0,1008.2,640.0,extraversion_high5_FxVUG2R1y0Q.004.mp4,1280,720,29.97,459,extraversion,high
172,5739,mouth,570.8,464.6,703.5,525.0,873.5,670.7,1039.4,746.2,extraversion_high5_FxVUG2R1y0Q.004.mp4,1280,720,29.97,459,extraversion,high
172,5739,forehead,468.7,183.9,823.6,471.8,745.8,319.9,1189.5,679.7,extraversion_high5_FxVUG2R1y0Q.004.mp4,1280,720,29.97,459,extraversion,high
172,5739,chin,470.2,340.0,820.0,583.6,747.7,515.1,1185.0,819.6,extraversion_high5_FxVUG2R1y0Q.004.mp4,1280,720,29.97,459,extraversion,high
172,5739,left_cheek,481.1,347.3,581.8,489.0,761.4,524.1,887.3,701.2,extraversion_high5_FxVUG2R1y0Q.004.mp4,1280,720,29.97,459,extraversion,high
172,5739,right_cheek,690.7,353.1,801.3,494.2,1023.4,531.4,1161.7,707.8,extraversion_high5_FxVUG2R1y0Q.004.mp4,1280,720,29.97,459,extraversion,high
173,5772,left_eye,491.8,245.0,603.2,334.4,774.8,396.2,914.0,508.1,extraversion_high5_FxVUG2R1y0Q.004.mp4,1280,720,29.97,459,extraversion,high
173,5772,right_eye,669.5,252.4,792.1,336.7,996.9,405.6,1150.1,510.9,extraversion_high5_FxVUG2R1y0Q.004.mp4,1280,720,29.97,459,extraversion,high
173,5772,nose,587.3,306.0,678.6,439.1,894.1,472.5,1008.2,638.9,extraversion_high5_FxVUG2R1y0Q.004.mp4,1280,720,29.97,459,extraversion,high
173,5772,mouth,570.6,461.7,705.0,526.1,873.2,667.1,1041.3,747.7,extraversion_high5_FxVUG2R1y0Q.004.mp4,1280,720,29.97,459,extraversion,high
173,5772,forehead,468.7,183.9,824.0,471.8,745.8,319.8,1190.0,679.8,extraversion_high5_FxVUG2R1y0Q.004.mp4,1280,720,29.97,459,extraversion,high
173,5772,chin,470.2,340.1,820.5,585.0,747.8,515.1,1185.6,821.3,extraversion_high5_FxVUG2R1y0Q.004.mp4,1280,720,29.97,459,extraversion,high
173,5772,left_cheek,480.8,347.1,581.3,488.8,761.0,523.9,886.6,700.9,extraversion_high5_FxVUG2R1y0Q.004.mp4,1280,720,29.97,459,extraversion,high
173,5772,right_cheek,690.7,352.8,801.5,494.0,1023.3,531.0,1161.8,707.5,extraversion_high5_FxVUG2R1y0Q.004.mp4,1280,720,29.97,459,extraversion,high
174,5805,left_eye,491.8,244.6,603.1,334.4,774.7,395.8,913.9,507.9,extraversion_high5_FxVUG2R1y0Q.004.mp4,1280,720,29.97,459,extraversion,high
174,5805,right_eye,669.3,252.1,792.7,336.6,996.6,405.2,1150.9,510.7,extraversion_high5_FxVUG2R1y0Q.004.mp4,1280,720,29.97,459,extraversion,high
174,5805,nose,587.0,305.5,678.6,438.5,893.7,471.9,1008.3,638.1,extraversion_high5_FxVUG2R1y0Q.004.mp4,1280,720,29.97,459,extraversion,high
174,5805,mouth,571.1,459.5,709.2,530.7,873.8,664.3,1046.5,753.4,extraversion_high5_FxVUG2R1y0Q.004.mp4,1280,720,29.97,459,extraversion,high
174,5805,forehead,468.7,183.7,828.2,471.8,745.9,319.6,1195.3,679.8,extraversion_high5_FxVUG2R1y0Q.004.mp4,1280,720,29.97,459,extraversion,high
174,5805,chin,470.4,340.1,825.3,586.9,748.0,515.1,1191.6,823.6,extraversion_high5_FxVUG2R1y0Q.004.mp4,1280,720,29.97,459,extraversion,high
174,5805,left_cheek,480.7,347.0,581.2,488.7,760.8,523.8,886.5,700.8,extraversion_high5_FxVUG2R1y0Q.004.mp4,1280,720,29.97,459,extraversion,high
174,5805,right_cheek,690.9,352.2,804.0,493.8,1023.7,530.3,1165.0,707.2,extraversion_high5_FxVUG2R1y0Q.004.mp4,1280,720,29.97,459,extraversion,high
175,5839,left_eye,491.2,244.6,602.3,334.3,774.0,395.8,912.9,507.9,extraversion_high5_FxVUG2R1y0Q.004.mp4,1280,720,29.97,459,extraversion,high
175,5839,right_eye,668.5,252.1,792.7,336.6,995.6,405.1,1150.9,510.7,extraversion_high5_FxVUG2R1y0Q.004.mp4,1280,720,29.97,459,extraversion,high
175,5839,nose,586.2,305.4,678.7,437.9,892.7,471.8,1008.3,637.4,extraversion_high5_FxVUG2R1y0Q.004.mp4,1280,720,29.97,459,extraversion,high
175,5839,mouth,571.0,457.2,711.5,534.9,873.8,661.5,1049.4,758.6,extraversion_high5_FxVUG2R1y0Q.004.mp4,1280,720,29.97,459,extraversion,high
175,5839,forehead,468.7,183.8,828.7,471.8,745.9,319.7,1195.8,679.7,extraversion_high5_FxVUG2R1y0Q.004.mp4,1280,720,29.97,459,extraversion,high
175,5839,chin,470.5,340.4,825.8,589.8,748.1,515.4,1192.2,827.2,extraversion_high5_FxVUG2R1y0Q.004.mp4,1280,720,29.97,459,extraversion,high
175,5839,left_cheek,480.3,347.0,580.6,488.7,760.4,523.7,885.8,700.8,extraversion_high5_FxVUG2R1y0Q.004.mp4,1280,720,29.97,459,extraversion,high
175,5839,right_cheek,690.9,351.7,804.3,493.3,1023.7,529.6,1165.4,706.6,extraversion_high5_FxVUG2R1y0Q.004.mp4,1280,720,29.97,459,extraversion,high
176,5872,left_eye,489.9,244.7,600.8,334.1,772.4,395.9,911.1,507.6,extraversion_high5_FxVUG2R1y0Q.004.mp4,1280,720,29.97,459,extraversion,high
176,5872,right_eye,667.4,252.1,792.7,336.6,994.3,405.1,1150.9,510.7,extraversion_high5_FxVUG2R1y0Q.004.mp4,1280,720,29.97,459,extraversion,high
176,5872,nose,584.8,305.3,678.8,437.4,890.9,471.7,1008.5,636.7,extraversion_high5_FxVUG2R1y0Q.004.mp4,1280,720,29.97,459,extraversion,high
176,5872,mouth,570.6,455.5,712.9,537.3,873.3,659.4,1051.1,761.6,extraversion_high5_FxVUG2R1y0Q.004.mp4,1280,720,29.97,459,extraversion,high
176,5872,forehead,468.0,183.8,829.3,471.9,744.9,319.7,1196.6,679.9,extraversion_high5_FxVUG2R1y0Q.004.mp4,1280,720,29.97,459,extraversion,high
176,5872,chin,470.1,340.9,826.5,591.5,747.6,516.1,1193.2,829.4,extraversion_high5_FxVUG2R1y0Q.004.mp4,1280,720,29.97,459,extraversion,high
176,5872,left_cheek,479.0,347.0,579.6,488.7,758.8,523.7,884.5,700.8,extraversion_high5_FxVUG2R1y0Q.004.mp4,1280,720,29.97,459,extraversion,high
176,5872,right_cheek,690.9,351.6,804.8,493.1,1023.7,529.4,1166.0,706.4,extraversion_high5_FxVUG2R1y0Q.004.mp4,1280,720,29.97,459,extraversion,high
177,5905,left_eye,489.1,244.7,599.6,333.9,771.4,395.9,909.5,507.4,extraversion_high5_FxVUG2R1y0Q.004.mp4,1280,720,29.97,459,extraversion,high
177,5905,right_eye,666.1,252.1,792.3,336.6,992.6,405.1,1150.4,510.7,extraversion_high5_FxVUG2R1y0Q.004.mp4,1280,720,29.97,459,extraversion,high
177,5905,nose,583.0,305.3,678.9,436.9,888.7,471.6,1008.6,636.1,extraversion_high5_FxVUG2R1y0Q.004.mp4,1280,720,29.97,459,extraversion,high
177,5905,mouth,569.6,454.9,713.5,539.1,872.0,658.6,1051.9,763.8,extraversion_high5_FxVUG2R1y0Q.004.mp4,1280,720,29.97,459,extraversion,high
177,5905,forehead,467.8,183.9,829.1,472.1,744.8,319.9,1196.4,680.2,extraversion_high5_FxVUG2R1y0Q.004.mp4,1280,720,29.97,459,extraversion,high
177,5905,chin,470.1,341.6,826.4,594.0,747.6,517.1,1193.0,832.5,extraversion_high5_FxVUG2R1y0Q.004.mp4,1280,720,29.97,459,extraversion,high
177,5905,left_cheek,478.4,347.0,578.4,488.7,758.0,523.8,883.0,700.9,extraversion_high5_FxVUG2R1y0Q.004.mp4,1280,720,29.97,459,extraversion,high
177,5905,right_cheek,690.8,351.5,804.8,493.0,1023.5,529.3,1165.9,706.2,extraversion_high5_FxVUG2R1y0Q.004.mp4,1280,720,29.97,459,extraversion,high
178,5939,left_eye,488.6,244.9,599.1,333.9,770.7,396.1,908.9,507.4,extraversion_high5_FxVUG2R1y0Q.004.mp4,1280,720,29.97,459,extraversion,high
178,5939,right_eye,665.6,252.1,792.3,336.6,992.0,405.1,1150.4,510.8,extraversion_high5_FxVUG2R1y0Q.004.mp4,1280,720,29.97,459,extraversion,high
178,5939,nose,581.8,305.3,679.0,436.8,887.3,471.6,1008.7,636.0,extraversion_high5_FxVUG2R1y0Q.004.mp4,1280,720,29.97,459,extraversion,high
178,5939,mouth,568.1,455.2,714.6,541.8,870.1,659.0,1053.2,767.2,extraversion_high5_FxVUG2R1y0Q.004.mp4,1280,720,29.97,459,extraversion,high
178,5939,forehead,467.7,184.1,829.8,472.7,744.6,320.1,1197.2,680.9,extraversion_high5_FxVUG2R1y0Q.004.mp4,1280,720,29.97,459,extraversion,high
178,5939,chin,470.0,342.2,827.2,597.3,747.6,517.8,1194.0,836.7,extraversion_high5_FxVUG2R1y0Q.004.mp4,1280,720,29.97,459,extraversion,high
178,5939,left_cheek,477.8,347.2,577.6,489.2,757.3,524.0,882.0,701.5,extraversion_high5_FxVUG2R1y0Q.004.mp4,1280,720,29.97,459,extraversion,high
178,5939,right_cheek,690.8,351.5,805.1,493.1,1023.5,529.3,1166.3,706.4,extraversion_high5_FxVUG2R1y0Q.004.mp4,1280,720,29.97,459,extraversion,high
179,5972,left_eye,488.7,244.9,598.9,334.0,770.9,396.2,908.7,507.4,extraversion_high5_FxVUG2R1y0Q.004.mp4,1280,720,29.97,459,extraversion,high
179,5972,right_eye,665.6,252.1,792.5,336.7,992.0,405.1,1150.6,510.8,extraversion_high5_FxVUG2R1y0Q.004.mp4,1280,720,29.97,459,extraversion,high
179,5972,nose,581.2,305.3,679.6,436.7,886.5,471.6,1009.5,635.9,extraversion_high5_FxVUG2R1y0Q.004.mp4,1280,720,29.97,459,extraversion,high
179,5972,mouth,567.4,455.1,716.1,543.9,869.2,658.9,1055.2,769.9,extraversion_high5_FxVUG2R1y0Q.004.mp4,1280,720,29.97,459,extraversion,high
179,5972,forehead,468.1,184.1,831.4,473.6,745.1,320.2,1199.3,682.0,extraversion_high5_FxVUG2R1y0Q.004.mp4,1280,720,29.97,459,extraversion,high
179,5972,chin,470.6,343.2,828.8,600.7,748.2,519.0,1196.0,840.8,extraversion_high5_FxVUG2R1y0Q.004.mp4,1280,720,29.97,459,extraversion,high
179,5972,left_cheek,477.8,347.4,577.4,489.8,757.3,524.3,881.7,702.3,extraversion_high5_FxVUG2R1y0Q.004.mp4,1280,720,29.97,459,extraversion,high
179,5972,right_cheek,691.0,351.5,805.9,493.3,1023.7,529.4,1167.4,706.7,extraversion_high5_FxVUG2R1y0Q.004.mp4,1280,720,29.97,459,extraversion,high
180,6006,left_eye,488.8,245.3,598.6,333.9,771.0,396.6,908.3,507.4,extraversion_high5_FxVUG2R1y0Q.004.mp4,1280,720,29.97,459,extraversion,high
180,6006,right_eye,665.2,252.1,792.5,336.7,991.5,405.2,1150.6,510.8,extraversion_high5_FxVUG2R1y0Q.004.mp4,1280,720,29.97,459,extraversion,high
180,6006,nose,581.0,305.3,679.7,436.4,886.2,471.6,1009.7,635.6,extraversion_high5_FxVUG2R1y0Q.004.mp4,1280,720,29.97,459,extraversion,high
180,6006,mouth,566.1,454.8,716.0,544.2,867.6,658.5,1055.0,770.3,extraversion_high5_FxVUG2R1y0Q.004.mp4,1280,720,29.97,459,extraversion,high
180,6006,forehead,468.6,184.2,833.2,473.6,745.8,320.3,1201.5,682.0,extraversion_high5_FxVUG2R1y0Q.004.mp4,1280,720,29.97,459,extraversion,high
180,6006,chin,471.2,343.2,830.4,599.7,749.0,519.0,1198.0,839.6,extraversion_high5_FxVUG2R1y0Q.004.mp4,1280,720,29.97,459,extraversion,high
180,6006,left_cheek,477.9,347.5,577.1,489.8,757.4,524.4,881.4,702.3,extraversion_high5_FxVUG2R1y0Q.004.mp4,1280,720,29.97,459,extraversion,high
180,6006,right_cheek,691.0,351.5,806.5,493.3,1023.7,529.4,1168.1,706.7,extraversion_high5_FxVUG2R1y0Q.004.mp4,1280,720,29.97,459,extraversion,high
181,6039,left_eye,488.9,245.4,598.3,333.1,771.1,396.8,907.9,506.4,extraversion_high5_FxVUG2R1y0Q.004.mp4,1280,720,29.97,459,extraversion,high
181,6039,right_eye,664.6,252.2,792.0,336.3,990.7,405.2,1150.0,510.4,extraversion_high5_FxVUG2R1y0Q.004.mp4,1280,720,29.97,459,extraversion,high
181,6039,nose,580.8,305.1,679.8,435.7,886.0,471.4,1009.7,634.6,extraversion_high5_FxVUG2R1y0Q.004.mp4,1280,720,29.97,459,extraversion,high
181,6039,mouth,565.6,453.6,715.9,543.0,867.0,657.0,1054.8,768.7,extraversion_high5_FxVUG2R1y0Q.004.mp4,1280,720,29.97,459,extraversion,high
181,6039,forehead,469.1,184.3,832.8,473.6,746.4,320.4,1201.0,682.0,extraversion_high5_FxVUG2R1y0Q.004.mp4,1280,720,29.97,459,extraversion,high
181,6039,chin,471.7,343.5,830.0,598.7,749.7,519.3,1197.6,838.3,extraversion_high5_FxVUG2R1y0Q.004.mp4,1280,720,29.97,459,extraversion,high
181,6039,left_cheek,477.9,347.5,576.9,489.7,757.4,524.3,881.2,702.1,extraversion_high5_FxVUG2R1y0Q.004.mp4,1280,720,29.97,459,extraversion,high
181,6039,right_cheek,690.9,351.5,806.4,493.1,1023.6,529.4,1168.0,706.4,extraversion_high5_FxVUG2R1y0Q.004.mp4,1280,720,29.97,459,extraversion,high
182,6072,left_eye,488.2,245.0,597.5,331.5,770.3,396.3,906.9,504.4,extraversion_high5_FxVUG2R1y0Q.004.mp4,1280,720,29.97,459,extraversion,high
182,6072,right_eye,663.9,252.0,791.4,335.0,989.9,405.0,1149.2,508.7,extraversion_high5_FxVUG2R1y0Q.004.mp4,1280,720,29.97,459,extraversion,high
182,6072,nose,580.4,304.3,679.6,433.7,885.6,470.4,1009.5,632.1,extraversion_high5_FxVUG2R1y0Q.004.mp4,1280,720,29.97,459,extraversion,high
182,6072,mouth,564.7,450.9,715.7,539.9,865.8,653.6,1054.7,764.9,extraversion_high5_FxVUG2R1y0Q.004.mp4,1280,720,29.97,459,extraversion,high
182,6072,forehead,469.0,184.2,832.5,473.5,746.2,320.2,1200.6,681.8,extraversion_high5_FxVUG2R1y0Q.004.mp4,1280,720,29.97,459,extraversion,high
182,6072,chin,471.6,343.4,829.8,596.0,749.5,519.2,1197.2,835.0,extraversion_high5_FxVUG2R1y0Q.004.mp4,1280,720,29.97,459,extraversion,high
182,6072,left_cheek,477.5,346.8,576.5,488.4,756.9,523.5,880.6,700.5,extraversion_high5_FxVUG2R1y0Q.004.mp4,1280,720,29.97,459,extraversion,high
182,6072,right_cheek,690.6,350.9,806.3,491.8,1023.3,528.7,1167.9,704.7,extraversion_high5_FxVUG2R1y0Q.004.mp4,1280,720,29.97,459,extraversion,high
183,6106,left_eye,488.0,244.7,597.4,330.4,770.0,395.9,906.7,503.0,extraversion_high5_FxVUG2R1y0Q.004.mp4,1280,720,29.97,459,extraversion,high
183,6106,right_eye,663.3,251.6,790.6,333.6,989.2,404.5,1148.2,507.0,extraversion_high5_FxVUG2R1y0Q.004.mp4,1280,720,29.97,459,extraversion,high
183,6106,nose,579.9,303.7,679.2,432.3,884.9,469.6,1009.0,630.4,extraversion_high5_FxVUG2R1y0Q.004.mp4,1280,720,29.97,459,extraversion,high
183,6106,mouth,564.3,449.7,715.6,533.7,865.3,652.1,1054.5,757.1,extraversion_high5_FxVUG2R1y0Q.004.mp4,1280,720,29.97,459,extraversion,high
183,6106,forehead,468.9,184.1,832.0,473.5,746.1,320.1,1200.0,681.8,extraversion_high5_FxVUG2R1y0Q.004.mp4,1280,720,29.97,459,extraversion,high
183,6106,chin,471.6,343.4,829.4,593.1,749.5,519.2,1196.8,831.3,extraversion_high5_FxVUG2R1y0Q.004.mp4,1280,720,29.97,459,extraversion,high
183,6106,left_cheek,477.5,346.4,576.2,487.3,756.8,523.0,880.3,699.1,extraversion_high5_FxVUG2R1y0Q.004.mp4,1280,720,29.97,459,extraversion,high
183,6106,right_cheek,690.2,350.4,805.8,490.5,1022.7,528.0,1167.2,703.2,extraversion_high5_FxVUG2R1y0Q.004.mp4,1280,720,29.97,459,extraversion,high
184,6139,left_eye,487.7,244.5,597.3,329.4,769.6,395.6,906.6,501.7,extraversion_high5_FxVUG2R1y0Q.004.mp4,1280,720,29.97,459,extraversion,high
184,6139,right_eye,663.0,251.2,790.1,332.5,988.7,404.1,1147.7,505.6,extraversion_high5_FxVUG2R1y0Q.004.mp4,1280,720,29.97,459,extraversion,high
184,6139,nose,579.7,303.0,679.1,431.0,884.6,468.8,1008.8,628.7,extraversion_high5_FxVUG2R1y0Q.004.mp4,1280,720,29.97,459,extraversion,high
184,6139,mouth,564.1,448.4,715.6,531.1,865.2,650.4,1054.5,753.9,extraversion_high5_FxVUG2R1y0Q.004.mp4,1280,720,29.97,459,extraversion,high
184,6139,forehead,468.6,183.9,831.7,473.1,745.7,319.8,1199.7,681.4,extraversion_high5_FxVUG2R1y0Q.004.mp4,1280,720,29.97,459,extraversion,high
184,6139,chin,471.3,343.3,829.3,590.0,749.1,519.2,1196.6,827.5,extraversion_high5_FxVUG2R1y0Q.004.mp4,1280,720,29.97,459,extraversion,high
184,6139,left_cheek,477.2,345.9,576.0,485.9,756.5,522.4,880.0,697.4,extraversion_high5_FxVUG2R1y0Q.004.mp4,1280,720,29.97,459,extraversion,high
184,6139,right_cheek,690.1,349.6,805.6,489.1,1022.6,527.0,1166.9,701.3,extraversion_high5_FxVUG2R1y0Q.004.mp4,1280,720,29.97,459,extraversion,high
185,6172,left_eye,488.0,244.5,597.3,329.5,770.0,395.6,906.6,501.9,extraversion_high5_FxVUG2R1y0Q.004.mp4,1280,720,29.97,459,extraversion,high
185,6172,right_eye,662.9,251.3,790.1,332.1,988.6,404.1,1147.7,505.1,extraversion_high5_FxVUG2R1y0Q.004.mp4,1280,720,29.97,459,extraversion,high
185,6172,nose,579.6,303.1,679.0,431.2,884.5,468.8,1008.8,629.1,extraversion_high5_FxVUG2R1y0Q.004.mp4,1280,720,29.97,459,extraversion,high
185,6172,mouth,564.3,448.8,715.6,531.6,865.4,651.0,1054.5,754.4,extraversion_high5_FxVUG2R1y0Q.004.mp4,1280,720,29.97,459,extraversion,high
185,6172,forehead,468.9,183.9,832.0,472.9,746.1,319.9,1200.0,681.2,extraversion_high5_FxVUG2R1y0Q.004.mp4,1280,720,29.97,459,extraversion,high
185,6172,chin,471.5,343.2,829.7,590.1,749.4,519.0,1197.2,827.7,extraversion_high5_FxVUG2R1y0Q.004.mp4,1280,720,29.97,459,extraversion,high
185,6172,left_cheek,477.3,345.7,576.1,485.7,756.6,522.1,880.1,697.1,extraversion_high5_FxVUG2R1y0Q.004.mp4,1280,720,29.97,459,extraversion,high
185,6172,right_cheek,690.0,349.4,805.6,489.1,1022.5,526.8,1167.0,701.4,extraversion_high5_FxVUG2R1y0Q.004.mp4,1280,720,29.97,459,extraversion,high
186,6206,left_eye,489.6,244.5,597.3,329.7,772.1,395.6,906.7,502.1,extraversion_high5_FxVUG2R1y0Q.004.mp4,1280,720,29.97,459,extraversion,high
186,6206,right_eye,663.0,251.3,790.7,331.7,988.8,404.1,1148.4,504.6,extraversion_high5_FxVUG2R1y0Q.004.mp4,1280,720,29.97,459,extraversion,high
186,6206,nose,579.9,303.6,679.5,432.2,884.9,469.5,1009.4,630.2,extraversion_high5_FxVUG2R1y0Q.004.mp4,1280,720,29.97,459,extraversion,high
186,6206,mouth,567.1,451.9,714.4,543.8,868.8,654.9,1053.0,769.8,extraversion_high5_FxVUG2R1y0Q.004.mp4,1280,720,29.97,459,extraversion,high
186,6206,forehead,471.0,184.0,833.3,472.6,748.8,320.0,1201.6,680.7,extraversion_high5_FxVUG2R1y0Q.004.mp4,1280,720,29.97,459,extraversion,high
186,6206,chin,473.7,342.7,831.3,596.4,752.1,518.4,1199.1,835.5,extraversion_high5_FxVUG2R1y0Q.004.mp4,1280,720,29.97,459,extraversion,high
186,6206,left_cheek,478.9,345.7,576.6,487.4,758.7,522.2,880.8,699.2,extraversion_high5_FxVUG2R1y0Q.004.mp4,1280,720,29.97,459,extraversion,high
186,6206,right_cheek,690.2,349.4,806.3,491.0,1022.7,526.8,1167.9,703.7,extraversion_high5_FxVUG2R1y0Q.004.mp4,1280,720,29.97,459,extraversion,high
187,6239,left_eye,492.4,243.6,597.8,329.9,775.5,394.5,907.2,502.4,extraversion_high5_FxVUG2R1y0Q.004.mp4,1280,720,29.97,459,extraversion,high
187,6239,right_eye,663.5,250.2,791.9,333.5,989.4,402.7,1149.8,506.8,extraversion_high5_FxVUG2R1y0Q.004.mp4,1280,720,29.97,459,extraversion,high
187,6239,nose,582.1,304.9,677.8,436.2,887.6,471.2,1007.2,635.3,extraversion_high5_FxVUG2R1y0Q.004.mp4,1280,720,29.97,459,extraversion,high
187,6239,mouth,571.0,463.2,710.2,542.8,873.8,669.0,1047.8,768.5,extraversion_high5_FxVUG2R1y0Q.004.mp4,1280,720,29.97,459,extraversion,high
187,6239,forehead,477.5,184.0,834.2,475.6,756.9,320.0,1202.7,684.5,extraversion_high5_FxVUG2R1y0Q.004.mp4,1280,720,29.97,459,extraversion,high
187,6239,chin,480.0,343.9,832.0,597.5,760.0,519.9,1200.0,836.9,extraversion_high5_FxVUG2R1y0Q.004.mp4,1280,720,29.97,459,extraversion,high
187,6239,left_cheek,482.9,347.5,578.3,491.2,763.6,524.3,882.9,704.0,extraversion_high5_FxVUG2R1y0Q.004.mp4,1280,720,29.97,459,extraversion,high
187,6239,right_cheek,690.0,351.3,806.3,495.9,1022.6,529.1,1167.9,709.9,extraversion_high5_FxVUG2R1y0Q.004.mp4,1280,720,29.97,459,extraversion,high
188,6272,left_eye,494.0,243.7,598.5,333.3,777.6,394.6,908.1,506.6,extraversion_high5_FxVUG2R1y0Q.004.mp4,1280,720,29.97,459,extraversion,high
188,6272,right_eye,665.5,250.2,793.7,337.4,991.9,402.7,1152.1,511.7,extraversion_high5_FxVUG2R1y0Q.004.mp4,1280,720,29.97,459,extraversion,high
188,6272,nose,584.3,305.9,676.0,439.2,890.4,472.4,1004.9,638.9,extraversion_high5_FxVUG2R1y0Q.004.mp4,1280,720,29.97,459,extraversion,high
188,6272,mouth,572.1,470.2,704.6,534.3,875.2,677.7,1040.8,757.8,extraversion_high5_FxVUG2R1y0Q.004.mp4,1280,720,29.97,459,extraversion,high
188,6272,forehead,479.1,184.1,834.4,476.5,758.9,320.2,1203.0,685.6,extraversion_high5_FxVUG2R1y0Q.004.mp4,1280,720,29.97,459,extraversion,high
188,6272,chin,481.3,344.6,832.0,593.6,761.7,520.7,1200.0,831.9,extraversion_high5_FxVUG2R1y0Q.004.mp4,1280,720,29.97,459,extraversion,high
188,6272,left_cheek,484.5,348.9,579.9,491.9,765.6,526.1,884.9,704.9,extraversion_high5_FxVUG2R1y0Q.004.mp4,1280,720,29.97,459,extraversion,high
188,6272,right_cheek,689.9,353.9,806.3,497.6,1022.4,532.3,1167.9,712.1,extraversion_high5_FxVUG2R1y0Q.004.mp4,1280,720,29.97,459,extraversion,high
189,6306,left_eye,494.5,243.6,598.7,330.4,778.1,394.5,908.3,503.0,extraversion_high5_FxVUG2R1y0Q.004.mp4,1280,720,29.97,459,extraversion,high
189,6306,right_eye,665.7,250.2,793.6,333.3,992.1,402.7,1152.0,506.6,extraversion_high5_FxVUG2R1y0Q.004.mp4,1280,720,29.97,459,extraversion,high
189,6306,nose,585.3,305.9,674.5,438.8,891.6,472.4,1003.1,638.4,extraversion_high5_FxVUG2R1y0Q.004.mp4,1280,720,29.97,459,extraversion,high
189,6306,mouth,573.1,469.4,700.9,527.3,876.4,676.7,1036.2,749.2,extraversion_high5_FxVUG2R1y0Q.004.mp4,1280,720,29.97,459,extraversion,high
189,6306,forehead,478.9,184.1,834.2,475.8,758.6,320.2,1202.8,684.7,extraversion_high5_FxVUG2R1y0Q.004.mp4,1280,720,29.97,459,extraversion,high
189,6306,chin,480.9,343.6,831.8,588.5,761.2,519.5,1199.8,825.6,extraversion_high5_FxVUG2R1y0Q.004.mp4,1280,720,29.97,459,extraversion,high
189,6306,left_cheek,484.4,348.6,580.4,491.5,765.5,525.7,885.5,704.3,extraversion_high5_FxVUG2R1y0Q.004.mp4,1280,720,29.97,459,extraversion,high
189,6306,right_cheek,689.3,353.7,806.2,497.0,1021.6,532.1,1167.7,711.3,extraversion_high5_FxVUG2R1y0Q.004.mp4,1280,720,29.97,459,extraversion,high
190,6339,left_eye,495.6,243.6,599.6,330.2,779.5,394.5,909.5,502.7,extraversion_high5_FxVUG2R1y0Q.004.mp4,1280,720,29.97,459,extraversion,high
190,6339,right_eye,665.7,250.2,792.6,332.7,992.1,402.7,1150.7,505.8,extraversion_high5_FxVUG2R1y0Q.004.mp4,1280,720,29.97,459,extraversion,high
190,6339,nose,585.4,305.8,674.0,437.8,891.8,472.2,1002.5,637.2,extraversion_high5_FxVUG2R1y0Q.004.mp4,1280,720,29.97,459,extraversion,high
190,6339,mouth,574.0,467.5,698.2,525.1,877.5,674.3,1032.8,746.4,extraversion_high5_FxVUG2R1y0Q.004.mp4,1280,720,29.97,459,extraversion,high
190,6339,forehead,479.7,184.1,832.7,475.6,759.6,320.2,1200.9,684.5,extraversion_high5_FxVUG2R1y0Q.004.mp4,1280,720,29.97,459,extraversion,high
190,6339,chin,481.8,343.4,830.4,585.8,762.2,519.3,1198.0,822.2,extraversion_high5_FxVUG2R1y0Q.004.mp4,1280,720,29.97,459,extraversion,high
190,6339,left_cheek,485.7,348.2,580.9,490.1,767.1,525.2,886.2,702.7,extraversion_high5_FxVUG2R1y0Q.004.mp4,1280,720,29.97,459,extraversion,high
190,6339,right_cheek,688.6,353.6,804.9,496.8,1020.8,532.0,1166.1,711.1,extraversion_high5_FxVUG2R1y0Q.004.mp4,1280,720,29.97,459,extraversion,high
191,6373,left_eye,495.7,243.6,600.5,329.5,779.6,394.5,910.6,501.9,extraversion_high5_FxVUG2R1y0Q.004.mp4,1280,720,29.97,459,extraversion,high
191,6373,right_eye,665.8,250.1,792.3,331.7,992.3,402.6,1150.4,504.7,extraversion_high5_FxVUG2R1y0Q.004.mp4,1280,720,29.97,459,extraversion,high
191,6373,nose,585.5,305.2,674.1,435.2,891.9,471.5,1002.6,634.0,extraversion_high5_FxVUG2R1y0Q.004.mp4,1280,720,29.97,459,extraversion,high
191,6373,mouth,575.7,465.7,699.3,527.2,879.6,672.1,1034.1,749.0,extraversion_high5_FxVUG2R1y0Q.004.mp4,1280,720,29.97,459,extraversion,high
191,6373,forehead,479.4,184.1,832.1,475.5,759.2,320.1,1200.1,684.4,extraversion_high5_FxVUG2R1y0Q.004.mp4,1280,720,29.97,459,extraversion,high
191,6373,chin,481.5,342.7,829.6,587.5,761.9,518.3,1197.0,824.4,extraversion_high5_FxVUG2R1y0Q.004.mp4,1280,720,29.97,459,extraversion,high
191,6373,left_cheek,485.7,347.0,581.1,489.2,767.1,523.7,886.4,701.5,extraversion_high5_FxVUG2R1y0Q.004.mp4,1280,720,29.97,459,extraversion,high
191,6373,right_cheek,688.5,353.3,804.7,496.6,1020.7,531.7,1165.9,710.8,extraversion_high5_FxVUG2R1y0Q.004.mp4,1280,720,29.97,459,extraversion,high
192,6406,left_eye,495.5,243.6,600.7,328.6,779.4,394.5,910.9,500.8,extraversion_high5_FxVUG2R1y0Q.004.mp4,1280,720,29.97,459,extraversion,high
192,6406,right_eye,666.0,250.0,792.4,331.1,992.5,402.6,1150.5,503.9,extraversion_high5_FxVUG2R1y0Q.004.mp4,1280,720,29.97,459,extraversion,high
192,6406,nose,585.6,304.1,674.1,433.8,892.0,470.1,1002.7,632.2,extraversion_high5_FxVUG2R1y0Q.004.mp4,1280,720,29.97,459,extraversion,high
192,6406,mouth,575.6,461.8,700.4,535.4,879.5,667.2,1035.5,759.2,extraversion_high5_FxVUG2R1y0Q.004.mp4,1280,720,29.97,459,extraversion,high
192,6406,forehead,478.9,184.0,832.2,473.2,758.6,320.1,1200.2,681.6,extraversion_high5_FxVUG2R1y0Q.004.mp4,1280,720,29.97,459,extraversion,high
192,6406,chin,481.0,340.8,829.7,587.6,761.3,516.0,1197.1,824.5,extraversion_high5_FxVUG2R1y0Q.004.mp4,1280,720,29.97,459,extraversion,high
192,6406,left_cheek,485.3,345.3,581.1,487.4,766.6,521.6,886.4,699.3,extraversion_high5_FxVUG2R1y0Q.004.mp4,1280,720,29.97,459,extraversion,high
192,6406,right_cheek,688.7,352.3,804.9,495.4,1020.8,530.4,1166.2,709.2,extraversion_high5_FxVUG2R1y0Q.004.mp4,1280,720,29.97,459,extraversion,high
193,6439,left_eye,495.5,243.6,600.7,328.1,779.4,394.5,910.9,500.1,extraversion_high5_FxVUG2R1y0Q.004.mp4,1280,720,29.97,459,extraversion,high
193,6439,right_eye,666.0,250.0,792.4,330.8,992.5,402.5,1150.5,503.5,extraversion_high5_FxVUG2R1y0Q.004.mp4,1280,720,29.97,459,extraversion,high
193,6439,nose,585.5,303.3,674.2,433.2,891.9,469.1,1002.7,631.5,extraversion_high5_FxVUG2R1y0Q.004.mp4,1280,720,29.97,459,extraversion,high
193,6439,mouth,575.3,460.2,701.1,540.2,879.1,665.2,1036.4,765.3,extraversion_high5_FxVUG2R1y0Q.004.mp4,1280,720,29.97,459,extraversion,high
193,6439,forehead,478.7,184.0,832.3,471.8,758.4,320.0,1200.3,679.8,extraversion_high5_FxVUG2R1y0Q.004.mp4,1280,720,29.97,459,extraversion,high
193,6439,chin,480.9,339.3,829.7,590.7,761.1,514.2,1197.1,828.4,extraversion_high5_FxVUG2R1y0Q.004.mp4,1280,720,29.97,459,extraversion,high
193,6439,left_cheek,485.1,344.1,581.1,486.5,766.3,520.1,886.3,698.1,extraversion_high5_FxVUG2R1y0Q.004.mp4,1280,720,29.97,459,extraversion,high
193,6439,right_cheek,688.7,351.5,805.1,494.6,1020.9,529.4,1166.4,708.2,extraversion_high5_FxVUG2R1y0Q.004.mp4,1280,720,29.97,459,extraversion,high
194,6473,left_eye,495.4,243.5,600.8,327.2,779.3,394.4,911.0,498.9,extraversion_high5_FxVUG2R1y0Q.004.mp4,1280,720,29.97,459,extraversion,high
194,6473,right_eye,666.1,250.0,792.5,330.5,992.7,402.5,1150.6,503.1,extraversion_high5_FxVUG2R1y0Q.004.mp4,1280,720,29.97,459,extraversion,high
194,6473,nose,585.5,302.3,674.3,432.5,891.8,467.9,1002.9,630.6,extraversion_high5_FxVUG2R1y0Q.004.mp4,1280,720,29.97,459,extraversion,high
194,6473,mouth,575.0,458.6,701.5,541.0,878.8,663.2,1036.8,766.2,extraversion_high5_FxVUG2R1y0Q.004.mp4,1280,720,29.97,459,extraversion,high
194,6473,forehead,478.6,183.7,832.6,471.0,758.2,319.6,1200.8,678.8,extraversion_high5_FxVUG2R1y0Q.004.mp4,1280,720,29.97,459,extraversion,high
194,6473,chin,480.7,337.9,830.0,591.1,760.8,512.4,1197.5,828.9,extraversion_high5_FxVUG2R1y0Q.004.mp4,1280,720,29.97,459,extraversion,high
194,6473,left_cheek,484.9,342.8,581.0,485.3,766.1,518.5,886.3,696.7,extraversion_high5_FxVUG2R1y0Q.004.mp4,1280,720,29.97,459,extraversion,high
194,6473,right_cheek,688.8,350.9,805.4,493.8,1021.0,528.6,1166.7,707.3,extraversion_high5_FxVUG2R1y0Q.004.mp4,1280,720,29.97,459,extraversion,high
195,6506,left_eye,495.2,243.4,600.7,327.0,779.0,394.2,910.9,498.7,extraversion_high5_FxVUG2R1y0Q.004.mp4,1280,720,29.97,459,extraversion,high
195,6506,right_eye,665.9,249.9,792.4,330.4,992.3,402.4,1150.5,503.0,extraversion_high5_FxVUG2R1y0Q.004.mp4,1280,720,29.97,459,extraversion,high
195,6506,nose,584.4,301.5,674.4,431.1,890.5,466.9,1003.0,628.9,extraversion_high5_FxVUG2R1y0Q.004.mp4,1280,720,29.97,459,extraversion,high
195,6506,mouth,573.8,456.8,701.7,540.2,877.2,661.0,1037.1,765.2,extraversion_high5_FxVUG2R1y0Q.004.mp4,1280,720,29.97,459,extraversion,high
195,6506,forehead,478.4,183.7,832.7,470.6,758.0,319.6,1200.8,678.2,extraversion_high5_FxVUG2R1y0Q.004.mp4,1280,720,29.97,459,extraversion,high
195,6506,chin,480.5,337.7,830.0,591.0,760.7,512.1,1197.5,828.7,extraversion_high5_FxVUG2R1y0Q.004.mp4,1280,720,29.97,459,extraversion,high
195,6506,left_cheek,484.5,342.1,580.3,483.7,765.6,517.6,885.3,694.6,extraversion_high5_FxVUG2R1y0Q.004.mp4,1280,720,29.97,459,extraversion,high
195,6506,right_cheek,688.7,350.4,805.4,492.3,1020.8,528.1,1166.7,705.4,extraversion_high5_FxVUG2R1y0Q.004.mp4,1280,720,29.97,459,extraversion,high
196,6539,left_eye,495.1,243.7,600.6,327.6,778.8,394.6,910.8,499.4,extraversion_high5_FxVUG2R1y0Q.004.mp4,1280,720,29.97,459,extraversion,high
196,6539,right_eye,665.4,250.4,792.0,330.8,991.8,402.9,1150.0,503.4,extraversion_high5_FxVUG2R1y0Q.004.mp4,1280,720,29.97,459,extraversion,high
196,6539,nose,583.6,301.7,674.5,431.2,889.5,467.1,1003.1,629.0,extraversion_high5_FxVUG2R1y0Q.004.mp4,1280,720,29.97,459,extraversion,high
196,6539,mouth,571.8,456.8,703.3,539.7,874.7,661.0,1039.1,764.6,extraversion_high5_FxVUG2R1y0Q.004.mp4,1280,720,29.97,459,extraversion,high
196,6539,forehead,478.3,184.1,832.6,471.0,757.8,320.1,1200.8,678.7,extraversion_high5_FxVUG2R1y0Q.004.mp4,1280,720,29.97,459,extraversion,high
196,6539,chin,480.3,337.8,830.0,591.2,760.4,512.2,1197.5,829.1,extraversion_high5_FxVUG2R1y0Q.004.mp4,1280,720,29.97,459,extraversion,high
196,6539,left_cheek,484.0,342.2,579.7,483.9,765.0,517.8,884.6,694.9,extraversion_high5_FxVUG2R1y0Q.004.mp4,1280,720,29.97,459,extraversion,high
196,6539,right_cheek,688.6,350.5,805.4,492.3,1020.8,528.1,1166.7,705.3,extraversion_high5_FxVUG2R1y0Q.004.mp4,1280,720,29.97,459,extraversion,high
197,6573,left_eye,494.4,244.1,600.4,327.8,777.9,395.2,910.5,499.7,extraversion_high5_FxVUG2R1y0Q.004.mp4,1280,720,29.97,459,extraversion,high
197,6573,right_eye,665.3,250.6,791.9,331.2,991.6,403.3,1149.8,504.0,extraversion_high5_FxVUG2R1y0Q.004.mp4,1280,720,29.97,459,extraversion,high
197,6573,nose,582.7,301.8,675.0,431.3,888.3,467.2,1003.8,629.2,extraversion_high5_FxVUG2R1y0Q.004.mp4,1280,720,29.97,459,extraversion,high
197,6573,mouth,570.0,455.3,706.4,538.8,872.5,659.2,1043.0,763.5,extraversion_high5_FxVUG2R1y0Q.004.mp4,1280,720,29.97,459,extraversion,high
197,6573,forehead,477.4,184.1,832.5,471.1,756.7,320.1,1200.6,678.9,extraversion_high5_FxVUG2R1y0Q.004.mp4,1280,720,29.97,459,extraversion,high
197,6573,chin,479.5,338.4,829.8,590.8,759.3,513.0,1197.2,828.5,extraversion_high5_FxVUG2R1y0Q.004.mp4,1280,720,29.97,459,extraversion,high
197,6573,left_cheek,483.2,342.3,579.1,484.1,764.0,517.8,883.8,695.1,extraversion_high5_FxVUG2R1y0Q.004.mp4,1280,720,29.97,459,extraversion,high
197,6573,right_cheek,688.7,350.5,805.4,491.5,1020.9,528.1,1166.7,704.4,extraversion_high5_FxVUG2R1y0Q.004.mp4,1280,720,29.97,459,extraversion,high
198,6606,left_eye,493.6,244.2,600.3,328.1,777.0,395.3,910.4,500.2,extraversion_high5_FxVUG2R1y0Q.004.mp4,1280,720,29.97,459,extraversion,high
198,6606,right_eye,665.0,250.7,791.7,331.3,991.3,403.3,1149.6,504.1,extraversion_high5_FxVUG2R1y0Q.004.mp4,1280,720,29.97,459,extraversion,high
198,6606,nose,582.2,301.9,675.3,431.2,887.7,467.3,1004.1,629.0,extraversion_high5_FxVUG2R1y0Q.004.mp4,1280,720,29.97,459,extraversion,high
198,6606,mouth,568.3,453.8,708.8,537.0,870.4,657.3,1046.0,761.2,extraversion_high5_FxVUG2R1y0Q.004.mp4,1280,720,29.97,459,extraversion,high
198,6606,forehead,475.7,184.1,832.4,471.5,754.7,320.1,1200.5,679.3,extraversion_high5_FxVUG2R1y0Q.004.mp4,1280,720,29.97,459,extraversion,high
198,6606,chin,477.8,339.4,829.6,589.6,757.3,514.3,1197.1,827.0,extraversion_high5_FxVUG2R1y0Q.004.mp4,1280,720,29.97,459,extraversion,high
198,6606,left_cheek,482.3,342.4,578.6,484.0,762.8,518.0,883.3,695.0,extraversion_high5_FxVUG2R1y0Q.004.mp4,1280,720,29.97,459,extraversion,high
198,6606,right_cheek,688.8,350.4,805.4,490.6,1021.0,528.1,1166.7,703.3,extraversion_high5_FxVUG2R1y0Q.004.mp4,1280,720,29.97,459,extraversion,high
199,6639,left_eye,492.4,244.6,599.7,328.6,775.5,395.7,909.7,500.8,extraversion_high5_FxVUG2R1y0Q.004.mp4,1280,720,29.97,459,extraversion,high
199,6639,right_eye,663.9,251.0,790.6,331.6,989.9,403.7,1148.2,504.5,extraversion_high5_FxVUG2R1y0Q.004.mp4,1280,720,29.97,459,extraversion,high
199,6639,nose,580.6,302.0,675.3,431.3,885.7,467.5,1004.1,629.1,extraversion_high5_FxVUG2R1y0Q.004.mp4,1280,720,29.97,459,extraversion,high
199,6639,mouth,566.7,452.4,709.7,536.8,868.4,655.4,1047.2,761.0,extraversion_high5_FxVUG2R1y0Q.004.mp4,1280,720,29.97,459,extraversion,high
199,6639,forehead,474.4,184.1,831.5,472.8,753.0,320.1,1199.4,681.0,extraversion_high5_FxVUG2R1y0Q.004.mp4,1280,720,29.97,459,extraversion,high
199,6639,chin,476.6,340.8,828.9,589.7,755.8,516.1,1196.1,827.2,extraversion_high5_FxVUG2R1y0Q.004.mp4,1280,720,29.97,459,extraversion,high
199,6639,left_cheek,481.2,343.0,577.6,484.1,761.5,518.7,881.9,695.1,extraversion_high5_FxVUG2R1y0Q.004.mp4,1280,720,29.97,459,extraversion,high
199,6639,right_cheek,688.6,350.4,804.8,490.5,1020.7,528.1,1166.0,703.1,extraversion_high5_FxVUG2R1y0Q.004.mp4,1280,720,29.97,459,extraversion,high
200,6673,left_eye,491.6,244.9,598.9,329.0,774.5,396.1,908.7,501.2,extraversion_high5_FxVUG2R1y0Q.004.mp4,1280,720,29.97,459,extraversion,high
200,6673,right_eye,663.4,251.1,790.2,331.8,989.2,403.9,1147.7,504.7,extraversion_high5_FxVUG2R1y0Q.004.mp4,1280,720,29.97,459,extraversion,high
200,6673,nose,579.7,302.2,675.9,431.3,884.6,467.8,1004.9,629.1,extraversion_high5_FxVUG2R1y0Q.004.mp4,1280,720,29.97,459,extraversion,high
200,6673,mouth,565.2,450.7,710.9,537.0,866.5,653.4,1048.6,761.3,extraversion_high5_FxVUG2R1y0Q.004.mp4,1280,720,29.97,459,extraversion,high
200,6673,forehead,473.7,184.2,831.3,473.5,752.2,320.3,1199.2,681.8,extraversion_high5_FxVUG2R1y0Q.004.mp4,1280,720,29.97,459,extraversion,high
200,6673,chin,476.1,342.0,828.8,591.9,755.1,517.5,1195.9,829.8,extraversion_high5_FxVUG2R1y0Q.004.mp4,1280,720,29.97,459,extraversion,high
200,6673,left_cheek,480.6,343.5,576.9,484.1,760.8,519.4,881.1,695.1,extraversion_high5_FxVUG2R1y0Q.004.mp4,1280,720,29.97,459,extraversion,high
200,6673,right_cheek,688.6,350.5,804.6,490.5,1020.8,528.1,1165.8,703.1,extraversion_high5_FxVUG2R1y0Q.004.mp4,1280,720,29.97,459,extraversion,high
201,6706,left_eye,491.3,245.2,598.5,329.1,774.1,396.5,908.1,501.4,extraversion_high5_FxVUG2R1y0Q.004.mp4,1280,720,29.97,459,extraversion,high
201,6706,right_eye,663.3,251.3,790.2,332.0,989.2,404.1,1147.8,505.0,extraversion_high5_FxVUG2R1y0Q.004.mp4,1280,720,29.97,459,extraversion,high
201,6706,nose,579.2,302.3,676.7,431.2,884.0,467.9,1005.9,629.0,extraversion_high5_FxVUG2R1y0Q.004.mp4,1280,720,29.97,459,extraversion,high
201,6706,mouth,564.2,449.0,712.5,538.1,865.2,651.3,1050.6,762.6,extraversion_high5_FxVUG2R1y0Q.004.mp4,1280,720,29.97,459,extraversion,high
201,6706,forehead,473.5,184.3,832.1,473.5,751.9,320.4,1200.1,681.8,extraversion_high5_FxVUG2R1y0Q.004.mp4,1280,720,29.97,459,extraversion,high
201,6706,chin,475.9,342.2,829.6,594.7,754.9,517.8,1197.0,833.4,extraversion_high5_FxVUG2R1y0Q.004.mp4,1280,720,29.97,459,extraversion,high
201,6706,left_cheek,480.3,343.7,576.5,484.2,760.4,519.6,880.6,695.2,extraversion_high5_FxVUG2R1y0Q.004.mp4,1280,720,29.97,459,extraversion,high
201,6706,right_cheek,688.8,350.4,805.0,490.5,1021.0,528.1,1166.2,703.1,extraversion_high5_FxVUG2R1y0Q.004.mp4,1280,720,29.97,459,extraversion,high
202,6740,left_eye,491.3,245.2,598.1,329.2,774.2,396.6,907.6,501.4,extraversion_high5_FxVUG2R1y0Q.004.mp4,1280,720,29.97,459,extraversion,high
202,6740,right_eye,663.4,251.4,790.7,332.1,989.2,404.3,1148.3,505.2,extraversion_high5_FxVUG2R1y0Q.004.mp4,1280,720,29.97,459,extraversion,high
202,6740,nose,578.9,302.3,677.1,431.0,883.7,467.9,1006.4,628.8,extraversion_high5_FxVUG2R1y0Q.004.mp4,1280,720,29.97,459,extraversion,high
202,6740,mouth,563.6,449.2,713.6,543.6,864.5,651.5,1052.0,769.5,extraversion_high5_FxVUG2R1y0Q.004.mp4,1280,720,29.97,459,extraversion,high
202,6740,forehead,473.6,184.3,833.7,473.5,752.0,320.4,1202.2,681.8,extraversion_high5_FxVUG2R1y0Q.004.mp4,1280,720,29.97,459,extraversion,high
202,6740,chin,475.9,342.1,831.2,598.0,754.9,517.7,1199.0,837.5,extraversion_high5_FxVUG2R1y0Q.004.mp4,1280,720,29.97,459,extraversion,high
202,6740,left_cheek,480.3,343.7,576.3,484.2,760.3,519.7,880.4,695.3,extraversion_high5_FxVUG2R1y0Q.004.mp4,1280,720,29.97,459,extraversion,high
202,6740,right_cheek,688.9,350.5,805.6,490.6,1021.2,528.1,1167.0,703.2,extraversion_high5_FxVUG2R1y0Q.004.mp4,1280,720,29.97,459,extraversion,high
203,6773,left_eye,491.4,245.1,598.1,329.1,774.2,396.4,907.6,501.3,extraversion_high5_FxVUG2R1y0Q.004.mp4,1280,720,29.97,459,extraversion,high
203,6773,right_eye,663.4,251.6,791.4,332.2,989.3,404.4,1149.2,505.2,extraversion_high5_FxVUG2R1y0Q.004.mp4,1280,720,29.97,459,extraversion,high
203,6773,nose,578.8,302.2,677.3,430.7,883.5,467.7,1006.6,628.4,extraversion_high5_FxVUG2R1y0Q.004.mp4,1280,720,29.97,459,extraversion,high
203,6773,mouth,562.8,449.2,714.3,550.8,863.6,651.5,1052.8,778.6,extraversion_high5_FxVUG2R1y0Q.004.mp4,1280,720,29.97,459,extraversion,high
203,6773,forehead,473.8,184.3,835.3,473.7,752.2,320.4,1204.2,682.2,extraversion_high5_FxVUG2R1y0Q.004.mp4,1280,720,29.97,459,extraversion,high
203,6773,chin,476.0,341.8,832.9,602.6,755.0,517.3,1201.1,843.2,extraversion_high5_FxVUG2R1y0Q.004.mp4,1280,720,29.97,459,extraversion,high
203,6773,left_cheek,480.3,343.5,576.2,484.4,760.4,519.4,880.3,695.4,extraversion_high5_FxVUG2R1y0Q.004.mp4,1280,720,29.97,459,extraversion,high
203,6773,right_cheek,689.1,350.6,806.5,491.4,1021.4,528.2,1168.1,704.2,extraversion_high5_FxVUG2R1y0Q.004.mp4,1280,720,29.97,459,extraversion,high
204,6806,left_eye,491.9,245.1,598.1,329.2,774.9,396.4,907.6,501.4,extraversion_high5_FxVUG2R1y0Q.004.mp4,1280,720,29.97,459,extraversion,high
204,6806,right_eye,663.4,252.0,791.9,332.7,989.3,404.9,1149.8,505.8,extraversion_high5_FxVUG2R1y0Q.004.mp4,1280,720,29.97,459,extraversion,high
204,6806,nose,578.7,302.2,677.3,430.9,883.3,467.8,1006.7,628.7,extraversion_high5_FxVUG2R1y0Q.004.mp4,1280,720,29.97,459,extraversion,high
204,6806,mouth,562.0,449.6,715.3,554.3,862.5,652.0,1054.1,782.9,extraversion_high5_FxVUG2R1y0Q.004.mp4,1280,720,29.97,459,extraversion,high
204,6806,forehead,475.1,184.4,836.9,474.9,753.8,320.5,1206.1,683.7,extraversion_high5_FxVUG2R1y0Q.004.mp4,1280,720,29.97,459,extraversion,high
204,6806,chin,477.3,341.8,834.5,606.6,756.6,517.3,1203.2,848.3,extraversion_high5_FxVUG2R1y0Q.004.mp4,1280,720,29.97,459,extraversion,high
204,6806,left_cheek,480.5,343.6,576.2,485.1,760.6,519.5,880.3,696.4,extraversion_high5_FxVUG2R1y0Q.004.mp4,1280,720,29.97,459,extraversion,high
204,6806,right_cheek,689.2,351.1,807.2,493.0,1021.6,528.9,1169.0,706.3,extraversion_high5_FxVUG2R1y0Q.004.mp4,1280,720,29.97,459,extraversion,high
205,6840,left_eye,492.0,245.1,598.1,329.3,775.0,396.4,907.6,501.6,extraversion_high5_FxVUG2R1y0Q.004.mp4,1280,720,29.97,459,extraversion,high
205,6840,right_eye,663.5,252.4,791.9,332.8,989.3,405.5,1149.9,506.1,extraversion_high5_FxVUG2R1y0Q.004.mp4,1280,720,29.97,459,extraversion,high
205,6840,nose,578.7,302.3,677.3,431.0,883.3,467.9,1006.7,628.7,extraversion_high5_FxVUG2R1y0Q.004.mp4,1280,720,29.97,459,extraversion,high
205,6840,mouth,561.0,449.5,715.0,554.2,861.3,651.8,1053.7,782.8,extraversion_high5_FxVUG2R1y0Q.004.mp4,1280,720,29.97,459,extraversion,high
205,6840,forehead,475.5,184.7,837.3,475.4,754.4,320.9,1206.6,684.2,extraversion_high5_FxVUG2R1y0Q.004.mp4,1280,720,29.97,459,extraversion,high
205,6840,chin,477.5,341.8,835.0,606.9,756.9,517.2,1203.7,848.6,extraversion_high5_FxVUG2R1y0Q.004.mp4,1280,720,29.97,459,extraversion,high
205,6840,left_cheek,480.6,343.6,576.2,485.3,760.8,519.5,880.3,696.6,extraversion_high5_FxVUG2R1y0Q.004.mp4,1280,720,29.97,459,extraversion,high
205,6840,right_cheek,689.2,351.4,807.2,493.6,1021.6,529.2,1169.0,707.0,extraversion_high5_FxVUG2R1y0Q.004.mp4,1280,720,29.97,459,extraversion,high
206,6873,left_eye,492.6,245.2,598.2,329.4,775.7,396.4,907.7,501.8,extraversion_high5_FxVUG2R1y0Q.004.mp4,1280,720,29.97,459,extraversion,high
206,6873,right_eye,663.5,252.8,792.0,333.2,989.4,405.9,1149.9,506.5,extraversion_high5_FxVUG2R1y0Q.004.mp4,1280,720,29.97,459,extraversion,high
206,6873,nose,578.6,302.5,677.3,431.0,883.3,468.1,1006.7,628.7,extraversion_high5_FxVUG2R1y0Q.004.mp4,1280,720,29.97,459,extraversion,high
206,6873,mouth,560.8,449.5,714.9,554.2,861.0,651.9,1053.6,782.7,extraversion_high5_FxVUG2R1y0Q.004.mp4,1280,720,29.97,459,extraversion,high
206,6873,forehead,476.7,185.1,837.4,476.2,755.9,321.3,1206.8,685.3,extraversion_high5_FxVUG2R1y0Q.004.mp4,1280,720,29.97,459,extraversion,high
206,6873,chin,478.7,342.1,835.1,607.7,758.4,517.6,1203.8,849.6,extraversion_high5_FxVUG2R1y0Q.004.mp4,1280,720,29.97,459,extraversion,high
206,6873,left_cheek,481.0,343.7,576.3,485.6,761.3,519.6,880.3,697.0,extraversion_high5_FxVUG2R1y0Q.004.mp4,1280,720,29.97,459,extraversion,high
206,6873,right_cheek,689.2,351.8,807.2,494.2,1021.6,529.8,1169.0,707.8,extraversion_high5_FxVUG2R1y0Q.004.mp4,1280,720,29.97,459,extraversion,high
207,6906,left_eye,492.6,245.2,598.2,329.6,775.8,396.4,907.7,502.1,extraversion_high5_FxVUG2R1y0Q.004.mp4,1280,720,29.97,459,extraversion,high
207,6906,right_eye,663.4,253.0,791.9,333.4,989.2,406.2,1149.9,506.7,extraversion_high5_FxVUG2R1y0Q.004.mp4,1280,720,29.97,459,extraversion,high
207,6906,nose,578.4,302.5,677.3,431.0,883.0,468.1,1006.7,628.7,extraversion_high5_FxVUG2R1y0Q.004.mp4,1280,720,29.97,459,extraversion,high
207,6906,mouth,560.4,449.3,714.8,553.3,860.5,651.6,1053.5,781.6,extraversion_high5_FxVUG2R1y0Q.004.mp4,1280,720,29.97,459,extraversion,high
207,6906,forehead,476.8,185.4,837.6,476.1,756.0,321.7,1206.9,685.1,extraversion_high5_FxVUG2R1y0Q.004.mp4,1280,720,29.97,459,extraversion,high
207,6906,chin,478.7,342.1,835.3,606.3,758.4,517.6,1204.1,847.9,extraversion_high5_FxVUG2R1y0Q.004.mp4,1280,720,29.97,459,extraversion,high
207,6906,left_cheek,481.1,343.7,576.2,485.6,761.3,519.6,880.3,697.1,extraversion_high5_FxVUG2R1y0Q.004.mp4,1280,720,29.97,459,extraversion,high
207,6906,right_cheek,689.2,351.9,807.2,494.2,1021.5,529.9,1169.0,707.7,extraversion_high5_FxVUG2R1y0Q.004.mp4,1280,720,29.97,459,extraversion,high
208,6940,left_eye,492.6,244.9,598.1,329.8,775.7,396.2,907.6,502.2,extraversion_high5_FxVUG2R1y0Q.004.mp4,1280,720,29.97,459,extraversion,high
208,6940,right_eye,662.8,253.0,791.5,333.4,988.5,406.2,1149.3,506.8,extraversion_high5_FxVUG2R1y0Q.004.mp4,1280,720,29.97,459,extraversion,high
208,6940,nose,578.0,302.5,676.3,430.9,882.5,468.1,1005.4,628.7,extraversion_high5_FxVUG2R1y0Q.004.mp4,1280,720,29.97,459,extraversion,high
208,6940,mouth,559.6,449.1,714.7,553.2,859.5,651.4,1053.3,781.5,extraversion_high5_FxVUG2R1y0Q.004.mp4,1280,720,29.97,459,extraversion,high
208,6940,forehead,476.8,185.4,837.4,476.1,756.0,321.8,1206.8,685.1,extraversion_high5_FxVUG2R1y0Q.004.mp4,1280,720,29.97,459,extraversion,high
208,6940,chin,478.7,342.1,835.1,605.8,758.4,517.6,1203.8,847.3,extraversion_high5_FxVUG2R1y0Q.004.mp4,1280,720,29.97,459,extraversion,high
208,6940,left_cheek,481.0,343.7,575.8,485.6,761.3,519.6,879.7,697.0,extraversion_high5_FxVUG2R1y0Q.004.mp4,1280,720,29.97,459,extraversion,high
208,6940,right_cheek,688.5,351.9,806.8,494.1,1020.6,529.9,1168.6,707.6,extraversion_high5_FxVUG2R1y0Q.004.mp4,1280,720,29.97,459,extraversion,high
209,6973,left_eye,492.6,244.8,598.0,329.8,775.7,396.0,907.4,502.2,extraversion_high5_FxVUG2R1y0Q.004.mp4,1280,720,29.97,459,extraversion,high
209,6973,right_eye,662.6,253.0,791.5,333.4,988.2,406.2,1149.4,506.7,extraversion_high5_FxVUG2R1y0Q.004.mp4,1280,720,29.97,459,extraversion,high
209,6973,nose,577.3,302.5,676.0,430.9,881.6,468.1,1005.0,628.7,extraversion_high5_FxVUG2R1y0Q.004.mp4,1280,720,29.97,459,extraversion,high
209,6973,mouth,559.3,449.2,714.8,555.5,859.1,651.4,1053.5,784.4,extraversion_high5_FxVUG2R1y0Q.004.mp4,1280,720,29.97,459,extraversion,high
209,6973,forehead,477.0,185.4,838.4,476.1,756.2,321.7,1208.0,685.1,extraversion_high5_FxVUG2R1y0Q.004.mp4,1280,720,29.97,459,extraversion,high
209,6973,chin,478.9,342.0,836.3,606.8,758.6,517.5,1205.4,848.5,extraversion_high5_FxVUG2R1y0Q.004.mp4,1280,720,29.97,459,extraversion,high
209,6973,left_cheek,481.0,343.7,575.5,485.6,761.3,519.6,879.4,697.1,extraversion_high5_FxVUG2R1y0Q.004.mp4,1280,720,29.97,459,extraversion,high
209,6973,right_cheek,688.5,351.9,807.1,494.1,1020.6,529.9,1168.9,707.6,extraversion_high5_FxVUG2R1y0Q.004.mp4,1280,720,29.97,459,extraversion,high
210,7007,left_eye,492.7,244.7,598.0,329.8,775.8,395.8,907.5,502.2,extraversion_high5_FxVUG2R1y0Q.004.mp4,1280,720,29.97,459,extraversion,high
210,7007,right_eye,662.5,253.0,791.5,333.4,988.1,406.2,1149.4,506.7,extraversion_high5_FxVUG2R1y0Q.004.mp4,1280,720,29.97,459,extraversion,high
210,7007,nose,577.2,302.5,676.0,430.9,881.5,468.1,1005.0,628.7,extraversion_high5_FxVUG2R1y0Q.004.mp4,1280,720,29.97,459,extraversion,high
210,7007,mouth,559.6,449.1,715.3,559.6,859.4,651.4,1054.1,789.5,extraversion_high5_FxVUG2R1y0Q.004.mp4,1280,720,29.97,459,extraversion,high
210,7007,forehead,477.5,185.4,839.5,476.1,756.9,321.7,1209.4,685.1,extraversion_high5_FxVUG2R1y0Q.004.mp4,1280,720,29.97,459,extraversion,high
210,7007,chin,479.5,342.0,837.7,609.5,759.3,517.5,1207.1,851.9,extraversion_high5_FxVUG2R1y0Q.004.mp4,1280,720,29.97,459,extraversion,high
210,7007,left_cheek,481.2,343.7,575.5,485.8,761.5,519.6,879.4,697.2,extraversion_high5_FxVUG2R1y0Q.004.mp4,1280,720,29.97,459,extraversion,high
210,7007,right_cheek,688.4,351.9,807.4,494.2,1020.6,529.9,1169.3,707.8,extraversion_high5_FxVUG2R1y0Q.004.mp4,1280,720,29.97,459,extraversion,high
211,7040,left_eye,492.8,244.6,597.9,329.3,776.0,395.8,907.4,501.7,extraversion_high5_FxVUG2R1y0Q.004.mp4,1280,720,29.97,459,extraversion,high
211,7040,right_eye,662.4,253.0,791.4,332.6,988.0,406.2,1149.2,505.8,extraversion_high5_FxVUG2R1y0Q.004.mp4,1280,720,29.97,459,extraversion,high
211,7040,nose,577.2,302.6,676.0,431.2,881.5,468.3,1005.1,629.0,extraversion_high5_FxVUG2R1y0Q.004.mp4,1280,720,29.97,459,extraversion,high
211,7040,mouth,559.7,449.2,716.1,561.7,859.6,651.4,1055.1,792.1,extraversion_high5_FxVUG2R1y0Q.004.mp4,1280,720,29.97,459,extraversion,high
211,7040,forehead,477.5,185.5,839.3,475.6,756.9,321.9,1209.1,684.5,extraversion_high5_FxVUG2R1y0Q.004.mp4,1280,720,29.97,459,extraversion,high
211,7040,chin,479.4,341.8,837.5,609.1,759.3,517.3,1206.9,851.3,extraversion_high5_FxVUG2R1y0Q.004.mp4,1280,720,29.97,459,extraversion,high
211,7040,left_cheek,481.2,343.7,575.5,485.8,761.5,519.6,879.4,697.2,extraversion_high5_FxVUG2R1y0Q.004.mp4,1280,720,29.97,459,extraversion,high
211,7040,right_cheek,688.5,351.9,807.5,494.2,1020.6,529.8,1169.3,707.7,extraversion_high5_FxVUG2R1y0Q.004.mp4,1280,720,29.97,459,extraversion,high
212,7073,left_eye,491.8,245.0,597.4,328.9,774.7,396.2,906.7,501.2,extraversion_high5_FxVUG2R1y0Q.004.mp4,1280,720,29.97,459,extraversion,high
212,7073,right_eye,662.0,252.7,789.9,331.2,987.5,405.8,1147.4,504.0,extraversion_high5_FxVUG2R1y0Q.004.mp4,1280,720,29.97,459,extraversion,high
212,7073,nose,577.3,302.7,676.2,431.3,881.6,468.4,1005.2,629.2,extraversion_high5_FxVUG2R1y0Q.004.mp4,1280,720,29.97,459,extraversion,high
212,7073,mouth,559.6,449.3,716.2,562.5,859.5,651.6,1055.3,793.1,extraversion_high5_FxVUG2R1y0Q.004.mp4,1280,720,29.97,459,extraversion,high
212,7073,forehead,475.0,185.6,834.8,475.4,753.8,322.0,1203.5,684.3,extraversion_high5_FxVUG2R1y0Q.004.mp4,1280,720,29.97,459,extraversion,high
212,7073,chin,476.8,342.6,833.6,610.1,756.0,518.3,1201.9,852.7,extraversion_high5_FxVUG2R1y0Q.004.mp4,1280,720,29.97,459,extraversion,high
212,7073,left_cheek,479.9,344.3,575.4,486.4,759.9,520.4,879.2,698.0,extraversion_high5_FxVUG2R1y0Q.004.mp4,1280,720,29.97,459,extraversion,high
212,7073,right_cheek,688.5,351.7,806.0,494.1,1020.6,529.6,1167.5,707.6,extraversion_high5_FxVUG2R1y0Q.004.mp4,1280,720,29.97,459,extraversion,high
213,7107,left_eye,491.2,245.1,597.4,328.8,774.0,396.4,906.8,501.0,extraversion_high5_FxVUG2R1y0Q.004.mp4,1280,720,29.97,459,extraversion,high
213,7107,right_eye,662.3,252.5,790.0,330.7,987.9,405.6,1147.6,503.4,extraversion_high5_FxVUG2R1y0Q.004.mp4,1280,720,29.97,459,extraversion,high
213,7107,nose,577.3,302.9,678.2,431.7,881.7,468.6,1007.8,629.6,extraversion_high5_FxVUG2R1y0Q.004.mp4,1280,720,29.97,459,extraversion,high
213,7107,mouth,559.7,449.3,718.1,564.3,859.6,651.7,1057.7,795.4,extraversion_high5_FxVUG2R1y0Q.004.mp4,1280,720,29.97,459,extraversion,high
213,7107,forehead,473.4,185.4,834.5,475.1,751.8,321.8,1203.2,683.8,extraversion_high5_FxVUG2R1y0Q.004.mp4,1280,720,29.97,459,extraversion,high
213,7107,chin,475.1,342.9,833.4,611.7,753.9,518.6,1201.8,854.6,extraversion_high5_FxVUG2R1y0Q.004.mp4,1280,720,29.97,459,extraversion,high
213,7107,left_cheek,479.3,344.9,575.4,487.7,759.1,521.2,879.2,699.7,extraversion_high5_FxVUG2R1y0Q.004.mp4,1280,720,29.97,459,extraversion,high
213,7107,right_cheek,689.8,351.5,806.3,494.1,1022.2,529.4,1167.8,707.6,extraversion_high5_FxVUG2R1y0Q.004.mp4,1280,720,29.97,459,extraversion,high
214,7140,left_eye,491.2,246.4,598.3,329.7,774.0,398.0,907.9,502.1,extraversion_high5_FxVUG2R1y0Q.004.mp4,1280,720,29.97,459,extraversion,high
214,7140,right_eye,663.9,252.5,790.7,330.8,989.9,405.6,1148.4,503.5,extraversion_high5_FxVUG2R1y0Q.004.mp4,1280,720,29.97,459,extraversion,high
214,7140,nose,578.9,303.4,681.7,432.7,883.6,469.2,1012.1,630.9,extraversion_high5_FxVUG2R1y0Q.004.mp4,1280,720,29.97,459,extraversion,high
214,7140,mouth,560.2,449.9,719.9,562.6,860.2,652.4,1059.8,793.3,extraversion_high5_FxVUG2R1y0Q.004.mp4,1280,720,29.97,459,extraversion,high
214,7140,forehead,473.2,185.4,834.3,474.8,751.6,321.8,1202.9,683.5,extraversion_high5_FxVUG2R1y0Q.004.mp4,1280,720,29.97,459,extraversion,high
214,7140,chin,474.8,343.6,833.2,611.0,753.6,519.5,1201.5,853.7,extraversion_high5_FxVUG2R1y0Q.004.mp4,1280,720,29.97,459,extraversion,high
214,7140,left_cheek,479.3,346.0,576.1,488.4,759.1,522.4,880.1,700.5,extraversion_high5_FxVUG2R1y0Q.004.mp4,1280,720,29.97,459,extraversion,high
214,7140,right_cheek,691.8,351.4,806.7,493.8,1024.8,529.3,1168.3,707.3,extraversion_high5_FxVUG2R1y0Q.004.mp4,1280,720,29.97,459,extraversion,high
215,7173,left_eye,491.0,248.3,598.3,331.4,773.8,400.3,907.9,504.3,extraversion_high5_FxVUG2R1y0Q.004.mp4,1280,720,29.97,459,extraversion,high
215,7173,right_eye,664.3,252.5,790.3,331.6,990.4,405.6,1147.9,504.4,extraversion_high5_FxVUG2R1y0Q.004.mp4,1280,720,29.97,459,extraversion,high
215,7173,nose,579.9,305.6,682.0,433.1,884.9,472.1,1012.5,631.4,extraversion_high5_FxVUG2R1y0Q.004.mp4,1280,720,29.97,459,extraversion,high
215,7173,mouth,561.7,450.7,719.6,544.6,862.1,653.4,1059.6,770.7,extraversion_high5_FxVUG2R1y0Q.004.mp4,1280,720,29.97,459,extraversion,high
215,7173,forehead,473.1,185.9,829.2,475.1,751.4,322.4,1196.5,683.9,extraversion_high5_FxVUG2R1y0Q.004.mp4,1280,720,29.97,459,extraversion,high
215,7173,chin,474.9,346.6,828.2,606.2,753.7,523.2,1195.2,847.8,extraversion_high5_FxVUG2R1y0Q.004.mp4,1280,720,29.97,459,extraversion,high
215,7173,left_cheek,479.4,348.0,576.6,489.0,759.2,525.0,880.8,701.2,extraversion_high5_FxVUG2R1y0Q.004.mp4,1280,720,29.97,459,extraversion,high
215,7173,right_cheek,691.8,351.3,805.3,493.4,1024.8,529.2,1166.6,706.7,extraversion_high5_FxVUG2R1y0Q.004.mp4,1280,720,29.97,459,extraversion,high
216,7207,left_eye,490.6,248.8,598.6,331.7,773.3,401.0,908.2,504.7,extraversion_high5_FxVUG2R1y0Q.004.mp4,1280,720,29.97,459,extraversion,high
216,7207,right_eye,665.3,252.3,790.0,331.7,991.6,405.4,1147.5,504.6,extraversion_high5_FxVUG2R1y0Q.004.mp4,1280,720,29.97,459,extraversion,high
216,7207,nose,583.7,306.5,681.9,434.2,889.6,473.1,1012.4,632.7,extraversion_high5_FxVUG2R1y0Q.004.mp4,1280,720,29.97,459,extraversion,high
216,7207,mouth,566.9,453.1,715.4,533.2,868.6,656.4,1054.2,756.5,extraversion_high5_FxVUG2R1y0Q.004.mp4,1280,720,29.97,459,extraversion,high
216,7207,forehead,470.8,186.3,826.1,472.2,748.5,322.9,1192.6,680.2,extraversion_high5_FxVUG2R1y0Q.004.mp4,1280,720,29.97,459,extraversion,high
216,7207,chin,472.9,346.2,824.9,597.8,751.1,522.8,1191.1,837.2,extraversion_high5_FxVUG2R1y0Q.004.mp4,1280,720,29.97,459,extraversion,high
216,7207,left_cheek,479.2,348.4,578.3,488.9,759.0,525.5,882.9,701.1,extraversion_high5_FxVUG2R1y0Q.004.mp4,1280,720,29.97,459,extraversion,high
216,7207,right_cheek,691.8,350.3,804.4,491.2,1024.8,527.9,1165.6,704.1,extraversion_high5_FxVUG2R1y0Q.004.mp4,1280,720,29.97,459,extraversion,high
217,7240,left_eye,489.3,248.6,598.7,331.7,771.6,400.7,908.3,504.7,extraversion_high5_FxVUG2R1y0Q.004.mp4,1280,720,29.97,459,extraversion,high
217,7240,right_eye,666.1,251.5,789.9,331.6,992.6,404.4,1147.4,504.6,extraversion_high5_FxVUG2R1y0Q.004.mp4,1280,720,29.97,459,extraversion,high
217,7240,nose,586.0,306.5,681.8,434.2,892.5,473.1,1012.2,632.7,extraversion_high5_FxVUG2R1y0Q.004.mp4,1280,720,29.97,459,extraversion,high
217,7240,mouth,570.2,455.6,710.9,528.0,872.8,659.6,1048.6,750.0,extraversion_high5_FxVUG2R1y0Q.004.mp4,1280,720,29.97,459,extraversion,high
217,7240,forehead,467.9,185.7,823.6,470.1,744.9,322.1,1189.5,677.6,extraversion_high5_FxVUG2R1y0Q.004.mp4,1280,720,29.97,459,extraversion,high
217,7240,chin,469.8,344.7,822.1,591.8,747.3,520.9,1187.7,829.8,extraversion_high5_FxVUG2R1y0Q.004.mp4,1280,720,29.97,459,extraversion,high
217,7240,left_cheek,478.3,348.2,579.0,488.8,757.9,525.3,883.8,701.0,extraversion_high5_FxVUG2R1y0Q.004.mp4,1280,720,29.97,459,extraversion,high
217,7240,right_cheek,691.8,349.4,803.7,490.3,1024.8,526.8,1164.6,702.9,extraversion_high5_FxVUG2R1y0Q.004.mp4,1280,720,29.97,459,extraversion,high
218,7273,left_eye,489.4,248.0,600.8,331.4,771.7,400.0,911.0,504.2,extraversion_high5_FxVUG2R1y0Q.004.mp4,1280,720,29.97,459,extraversion,high
218,7273,right_eye,667.8,249.9,789.9,330.9,994.8,402.4,1147.4,503.6,extraversion_high5_FxVUG2R1y0Q.004.mp4,1280,720,29.97,459,extraversion,high
218,7273,nose,589.5,305.9,682.4,434.1,896.9,472.4,1013.1,632.7,extraversion_high5_FxVUG2R1y0Q.004.mp4,1280,720,29.97,459,extraversion,high
218,7273,mouth,572.3,455.9,710.2,525.8,875.4,659.8,1047.8,747.3,extraversion_high5_FxVUG2R1y0Q.004.mp4,1280,720,29.97,459,extraversion,high
218,7273,forehead,467.7,184.6,823.2,468.1,744.7,320.8,1189.0,675.1,extraversion_high5_FxVUG2R1y0Q.004.mp4,1280,720,29.97,459,extraversion,high
218,7273,chin,469.6,342.8,821.8,588.8,747.0,518.5,1187.2,825.9,extraversion_high5_FxVUG2R1y0Q.004.mp4,1280,720,29.97,459,extraversion,high
218,7273,left_cheek,478.4,347.9,581.1,488.2,758.0,524.8,886.3,700.3,extraversion_high5_FxVUG2R1y0Q.004.mp4,1280,720,29.97,459,extraversion,high
218,7273,right_cheek,692.7,348.1,803.8,489.2,1025.9,525.1,1164.7,701.5,extraversion_high5_FxVUG2R1y0Q.004.mp4,1280,720,29.97,459,extraversion,high
219,7307,left_eye,489.4,247.3,602.2,331.1,771.8,399.2,912.8,503.8,extraversion_high5_FxVUG2R1y0Q.004.mp4,1280,720,29.97,459,extraversion,high
219,7307,right_eye,669.4,249.1,790.3,330.6,996.7,401.3,1147.8,503.2,extraversion_high5_FxVUG2R1y0Q.004.mp4,1280,720,29.97,459,extraversion,high
219,7307,nose,591.2,304.8,682.6,433.7,899.1,471.0,1013.2,632.1,extraversion_high5_FxVUG2R1y0Q.004.mp4,1280,720,29.97,459,extraversion,high
219,7307,mouth,573.5,455.5,709.1,520.9,876.9,659.4,1046.4,741.1,extraversion_high5_FxVUG2R1y0Q.004.mp4,1280,720,29.97,459,extraversion,high
219,7307,forehead,468.1,184.3,822.6,466.9,745.1,320.4,1188.2,673.6,extraversion_high5_FxVUG2R1y0Q.004.mp4,1280,720,29.97,459,extraversion,high
219,7307,chin,470.0,342.4,820.9,583.7,747.5,518.0,1186.1,819.6,extraversion_high5_FxVUG2R1y0Q.004.mp4,1280,720,29.97,459,extraversion,high
219,7307,left_cheek,478.7,347.4,582.5,486.7,758.4,524.3,888.2,698.4,extraversion_high5_FxVUG2R1y0Q.004.mp4,1280,720,29.97,459,extraversion,high
219,7307,right_cheek,693.2,347.3,803.8,487.4,1026.5,524.1,1164.7,699.2,extraversion_high5_FxVUG2R1y0Q.004.mp4,1280,720,29.97,459,extraversion,high
220,7340,left_eye,489.5,247.1,603.2,331.0,771.9,398.9,914.0,503.8,extraversion_high5_FxVUG2R1y0Q.004.mp4,1280,720,29.97,459,extraversion,high
220,7340,right_eye,669.9,248.9,790.4,330.5,997.3,401.1,1148.0,503.1,extraversion_high5_FxVUG2R1y0Q.004.mp4,1280,720,29.97,459,extraversion,high
220,7340,nose,591.7,304.4,682.5,433.6,899.6,470.4,1013.1,632.0,extraversion_high5_FxVUG2R1y0Q.004.mp4,1280,720,29.97,459,extraversion,high
220,7340,mouth,573.3,455.3,709.3,519.1,876.6,659.1,1046.7,738.9,extraversion_high5_FxVUG2R1y0Q.004.mp4,1280,720,29.97,459,extraversion,high
220,7340,forehead,468.2,184.0,822.3,465.8,745.3,320.0,1187.8,672.3,extraversion_high5_FxVUG2R1y0Q.004.mp4,1280,720,29.97,459,extraversion,high
220,7340,chin,470.0,341.4,820.6,581.9,747.5,516.8,1185.7,817.4,extraversion_high5_FxVUG2R1y0Q.004.mp4,1280,720,29.97,459,extraversion,high
220,7340,left_cheek,479.0,347.2,583.3,486.1,758.8,524.0,889.1,697.6,extraversion_high5_FxVUG2R1y0Q.004.mp4,1280,720,29.97,459,extraversion,high
220,7340,right_cheek,693.3,346.7,803.7,486.5,1026.7,523.4,1164.6,698.1,extraversion_high5_FxVUG2R1y0Q.004.mp4,1280,720,29.97,459,extraversion,high
221,7374,left_eye,489.6,247.1,603.8,331.0,772.0,398.9,914.7,503.7,extraversion_high5_FxVUG2R1y0Q.004.mp4,1280,720,29.97,459,extraversion,high
221,7374,right_eye,670.5,248.9,790.8,330.4,998.1,401.1,1148.5,503.0,extraversion_high5_FxVUG2R1y0Q.004.mp4,1280,720,29.97,459,extraversion,high
221,7374,nose,592.8,304.1,682.4,433.8,901.0,470.1,1013.0,632.3,extraversion_high5_FxVUG2R1y0Q.004.mp4,1280,720,29.97,459,extraversion,high
221,7374,mouth,574.2,455.3,709.3,519.3,877.7,659.2,1046.6,739.1,extraversion_high5_FxVUG2R1y0Q.004.mp4,1280,720,29.97,459,extraversion,high
221,7374,forehead,467.7,183.9,822.5,464.0,744.7,319.9,1188.1,670.0,extraversion_high5_FxVUG2R1y0Q.004.mp4,1280,720,29.97,459,extraversion,high
221,7374,chin,469.4,340.1,820.6,576.5,746.7,515.2,1185.8,810.6,extraversion_high5_FxVUG2R1y0Q.004.mp4,1280,720,29.97,459,extraversion,high
221,7374,left_cheek,479.1,347.1,583.8,485.7,758.9,523.8,889.8,697.1,extraversion_high5_FxVUG2R1y0Q.004.mp4,1280,720,29.97,459,extraversion,high
221,7374,right_cheek,693.6,346.3,803.7,485.7,1027.0,522.9,1164.6,697.2,extraversion_high5_FxVUG2R1y0Q.004.mp4,1280,720,29.97,459,extraversion,high
222,7407,left_eye,490.1,247.8,604.3,331.6,772.6,399.8,915.4,504.5,extraversion_high5_FxVUG2R1y0Q.004.mp4,1280,720,29.97,459,extraversion,high
222,7407,right_eye,671.4,249.6,791.3,330.7,999.2,402.0,1149.2,503.4,extraversion_high5_FxVUG2R1y0Q.004.mp4,1280,720,29.97,459,extraversion,high
222,7407,nose,593.3,304.4,682.8,435.0,901.7,470.5,1013.5,633.8,extraversion_high5_FxVUG2R1y0Q.004.mp4,1280,720,29.97,459,extraversion,high
222,7407,mouth,575.7,457.3,708.7,523.4,879.7,661.6,1045.8,744.2,extraversion_high5_FxVUG2R1y0Q.004.mp4,1280,720,29.97,459,extraversion,high
222,7407,forehead,467.4,183.9,822.7,464.7,744.3,319.9,1188.3,670.9,extraversion_high5_FxVUG2R1y0Q.004.mp4,1280,720,29.97,459,extraversion,high
222,7407,chin,469.2,340.6,820.8,580.7,746.5,515.7,1186.0,815.9,extraversion_high5_FxVUG2R1y0Q.004.mp4,1280,720,29.97,459,extraversion,high
222,7407,left_cheek,479.3,347.6,584.6,486.4,759.1,524.5,890.8,698.1,extraversion_high5_FxVUG2R1y0Q.004.mp4,1280,720,29.97,459,extraversion,high
222,7407,right_cheek,694.1,346.4,803.7,486.1,1027.6,523.0,1164.6,697.6,extraversion_high5_FxVUG2R1y0Q.004.mp4,1280,720,29.97,459,extraversion,high
223,7440,left_eye,492.7,249.2,606.5,332.9,775.9,401.6,918.1,506.1,extraversion_high5_FxVUG2R1y0Q.004.mp4,1280,720,29.97,459,extraversion,high
223,7440,right_eye,673.2,251.3,792.1,332.0,1001.5,404.1,1150.1,505.0,extraversion_high5_FxVUG2R1y0Q.004.mp4,1280,720,29.97,459,extraversion,high
223,7440,nose,595.0,306.1,684.5,438.3,903.7,472.6,1015.6,637.9,extraversion_high5_FxVUG2R1y0Q.004.mp4,1280,720,29.97,459,extraversion,high
223,7440,mouth,580.2,463.4,706.5,537.9,885.2,669.2,1043.1,762.4,extraversion_high5_FxVUG2R1y0Q.004.mp4,1280,720,29.97,459,extraversion,high
223,7440,forehead,467.5,185.1,822.6,466.9,744.3,321.4,1188.2,673.6,extraversion_high5_FxVUG2R1y0Q.004.mp4,1280,720,29.97,459,extraversion,high
223,7440,chin,469.4,341.7,820.7,592.2,746.8,517.2,1185.9,830.2,extraversion_high5_FxVUG2R1y0Q.004.mp4,1280,720,29.97,459,extraversion,high
223,7440,left_cheek,480.6,349.3,586.3,491.3,760.7,526.6,892.8,704.2,extraversion_high5_FxVUG2R1y0Q.004.mp4,1280,720,29.97,459,extraversion,high
223,7440,right_cheek,694.8,348.7,803.7,491.5,1028.5,525.8,1164.7,704.4,extraversion_high5_FxVUG2R1y0Q.004.mp4,1280,720,29.97,459,extraversion,high
224,7474,left_eye,495.0,250.1,607.6,333.5,778.8,402.7,919.5,506.9,extraversion_high5_FxVUG2R1y0Q.004.mp4,1280,720,29.97,459,extraversion,high
224,7474,right_eye,675.3,252.8,794.8,333.1,1004.1,406.0,1153.5,506.4,extraversion_high5_FxVUG2R1y0Q.004.mp4,1280,720,29.97,459,extraversion,high
224,7474,nose,596.0,307.2,685.7,441.6,904.9,474.0,1017.1,642.0,extraversion_high5_FxVUG2R1y0Q.004.mp4,1280,720,29.97,459,extraversion,high
224,7474,mouth,582.8,468.6,705.0,549.1,888.5,675.7,1041.2,776.4,extraversion_high5_FxVUG2R1y0Q.004.mp4,1280,720,29.97,459,extraversion,high
224,7474,forehead,469.5,186.0,823.5,467.6,746.9,322.4,1189.3,674.5,extraversion_high5_FxVUG2R1y0Q.004.mp4,1280,720,29.97,459,extraversion,high
224,7474,chin,471.0,342.1,821.3,595.0,748.7,517.7,1186.6,833.7,extraversion_high5_FxVUG2R1y0Q.004.mp4,1280,720,29.97,459,extraversion,high
224,7474,left_cheek,482.6,349.4,587.5,492.9,763.3,526.8,894.3,706.2,extraversion_high5_FxVUG2R1y0Q.004.mp4,1280,720,29.97,459,extraversion,high
224,7474,right_cheek,695.9,351.1,805.2,496.0,1029.9,528.8,1166.6,709.9,extraversion_high5_FxVUG2R1y0Q.004.mp4,1280,720,29.97,459,extraversion,high
225,7507,left_eye,497.1,249.9,609.4,333.7,781.3,402.4,921.7,507.1,extraversion_high5_FxVUG2R1y0Q.004.mp4,1280,720,29.97,459,extraversion,high
225,7507,right_eye,677.3,252.9,796.3,333.6,1006.7,406.1,1155.4,507.0,extraversion_high5_FxVUG2R1y0Q.004.mp4,1280,720,29.97,459,extraversion,high
225,7507,nose,597.6,307.2,687.4,441.8,907.0,474.0,1019.3,642.2,extraversion_high5_FxVUG2R1y0Q.004.mp4,1280,720,29.97,459,extraversion,high
225,7507,mouth,583.8,470.2,705.4,545.1,889.8,677.8,1041.8,771.4,extraversion_high5_FxVUG2R1y0Q.004.mp4,1280,720,29.97,459,extraversion,high
225,7507,forehead,471.6,185.9,823.5,468.8,749.5,322.4,1189.4,676.0,extraversion_high5_FxVUG2R1y0Q.004.mp4,1280,720,29.97,459,extraversion,high
225,7507,chin,472.6,342.2,821.5,595.3,750.7,517.7,1186.8,834.1,extraversion_high5_FxVUG2R1y0Q.004.mp4,1280,720,29.97,459,extraversion,high
225,7507,left_cheek,484.7,349.6,589.2,493.4,765.9,527.0,896.5,706.7,extraversion_high5_FxVUG2R1y0Q.004.mp4,1280,720,29.97,459,extraversion,high
225,7507,right_cheek,697.1,351.9,805.9,496.5,1031.4,529.8,1167.4,710.6,extraversion_high5_FxVUG2R1y0Q.004.mp4,1280,720,29.97,459,extraversion,high
226,7540,left_eye,498.0,249.8,611.5,333.6,782.5,402.3,924.4,507.0,extraversion_high5_FxVUG2R1y0Q.004.mp4,1280,720,29.97,459,extraversion,high
226,7540,right_eye,678.6,252.8,797.3,333.5,1008.3,406.1,1156.6,506.9,extraversion_high5_FxVUG2R1y0Q.004.mp4,1280,720,29.97,459,extraversion,high
226,7540,nose,599.6,307.1,689.3,441.7,909.5,473.9,1021.6,642.1,extraversion_high5_FxVUG2R1y0Q.004.mp4,1280,720,29.97,459,extraversion,high
226,7540,mouth,584.4,470.8,705.8,535.8,890.4,678.6,1042.3,759.8,extraversion_high5_FxVUG2R1y0Q.004.mp4,1280,720,29.97,459,extraversion,high
226,7540,forehead,471.7,185.3,823.6,468.4,749.6,321.7,1189.5,675.4,extraversion_high5_FxVUG2R1y0Q.004.mp4,1280,720,29.97,459,extraversion,high
226,7540,chin,472.6,340.9,821.6,587.3,750.7,516.1,1187.1,824.1,extraversion_high5_FxVUG2R1y0Q.004.mp4,1280,720,29.97,459,extraversion,high
226,7540,left_cheek,484.8,349.5,590.5,492.9,766.1,526.9,898.1,706.2,extraversion_high5_FxVUG2R1y0Q.004.mp4,1280,720,29.97,459,extraversion,high
226,7540,right_cheek,698.6,351.8,806.4,495.8,1033.3,529.7,1168.1,709.7,extraversion_high5_FxVUG2R1y0Q.004.mp4,1280,720,29.97,459,extraversion,high
227,7574,left_eye,498.2,249.6,612.7,333.5,782.7,402.0,925.9,506.9,extraversion_high5_FxVUG2R1y0Q.004.mp4,1280,720,29.97,459,extraversion,high
227,7574,right_eye,678.8,252.7,797.4,333.5,1008.4,405.9,1156.7,506.9,extraversion_high5_FxVUG2R1y0Q.004.mp4,1280,720,29.97,459,extraversion,high
227,7574,nose,600.1,306.6,690.9,441.1,910.2,473.3,1023.6,641.4,extraversion_high5_FxVUG2R1y0Q.004.mp4,1280,720,29.97,459,extraversion,high
227,7574,mouth,586.6,470.1,706.1,532.4,893.2,677.6,1042.6,755.5,extraversion_high5_FxVUG2R1y0Q.004.mp4,1280,720,29.97,459,extraversion,high
227,7574,forehead,471.3,184.8,823.6,468.3,749.2,321.0,1189.4,675.4,extraversion_high5_FxVUG2R1y0Q.004.mp4,1280,720,29.97,459,extraversion,high
227,7574,chin,472.0,340.9,821.3,586.9,750.0,516.1,1186.6,823.7,extraversion_high5_FxVUG2R1y0Q.004.mp4,1280,720,29.97,459,extraversion,high
227,7574,left_cheek,484.8,349.4,591.2,492.6,766.0,526.7,898.9,705.7,extraversion_high5_FxVUG2R1y0Q.004.mp4,1280,720,29.97,459,extraversion,high
227,7574,right_cheek,699.5,351.7,806.5,495.6,1034.4,529.6,1168.1,709.5,extraversion_high5_FxVUG2R1y0Q.004.mp4,1280,720,29.97,459,extraversion,high
228,7607,left_eye,497.8,249.5,612.5,333.5,782.2,401.9,925.6,506.9,extraversion_high5_FxVUG2R1y0Q.004.mp4,1280,720,29.97,459,extraversion,high
228,7607,right_eye,678.4,252.6,797.1,333.5,1008.0,405.8,1156.4,506.9,extraversion_high5_FxVUG2R1y0Q.004.mp4,1280,720,29.97,459,extraversion,high
228,7607,nose,600.2,306.6,691.4,440.8,910.3,473.2,1024.2,641.0,extraversion_high5_FxVUG2R1y0Q.004.mp4,1280,720,29.97,459,extraversion,high
228,7607,mouth,585.5,469.0,707.6,532.8,891.9,676.3,1044.5,756.1,extraversion_high5_FxVUG2R1y0Q.004.mp4,1280,720,29.97,459,extraversion,high
228,7607,forehead,469.8,184.8,823.2,468.0,747.2,321.1,1189.0,675.0,extraversion_high5_FxVUG2R1y0Q.004.mp4,1280,720,29.97,459,extraversion,high
228,7607,chin,470.4,341.2,820.8,587.1,747.9,516.5,1186.1,823.9,extraversion_high5_FxVUG2R1y0Q.004.mp4,1280,720,29.97,459,extraversion,high
228,7607,left_cheek,484.7,349.5,590.9,492.3,765.9,526.8,898.7,705.4,extraversion_high5_FxVUG2R1y0Q.004.mp4,1280,720,29.97,459,extraversion,high
228,7607,right_cheek,699.8,351.5,806.5,495.0,1034.8,529.4,1168.1,708.7,extraversion_high5_FxVUG2R1y0Q.004.mp4,1280,720,29.97,459,extraversion,high
229,7640,left_eye,496.8,249.6,611.8,333.9,781.0,402.0,924.7,507.4,extraversion_high5_FxVUG2R1y0Q.004.mp4,1280,720,29.97,459,extraversion,high
229,7640,right_eye,678.3,252.7,797.1,333.7,1007.8,405.9,1156.3,507.1,extraversion_high5_FxVUG2R1y0Q.004.mp4,1280,720,29.97,459,extraversion,high
229,7640,nose,599.6,306.7,691.1,441.3,909.4,473.4,1023.9,641.7,extraversion_high5_FxVUG2R1y0Q.004.mp4,1280,720,29.97,459,extraversion,high
229,7640,mouth,585.0,468.3,709.8,538.1,891.3,675.4,1047.2,762.6,extraversion_high5_FxVUG2R1y0Q.004.mp4,1280,720,29.97,459,extraversion,high
229,7640,forehead,466.8,185.0,822.9,468.0,743.5,321.3,1188.7,675.0,extraversion_high5_FxVUG2R1y0Q.004.mp4,1280,720,29.97,459,extraversion,high
229,7640,chin,467.7,341.3,820.5,589.9,744.7,516.7,1185.6,827.4,extraversion_high5_FxVUG2R1y0Q.004.mp4,1280,720,29.97,459,extraversion,high
229,7640,left_cheek,483.0,349.7,590.7,492.7,763.7,527.2,898.4,705.8,extraversion_high5_FxVUG2R1y0Q.004.mp4,1280,720,29.97,459,extraversion,high
229,7640,right_cheek,699.5,351.4,806.5,494.7,1034.4,529.3,1168.1,708.4,extraversion_high5_FxVUG2R1y0Q.004.mp4,1280,720,29.97,459,extraversion,high
230,7674,left_eye,495.5,250.5,611.4,334.3,779.4,403.1,924.2,507.9,extraversion_high5_FxVUG2R1y0Q.004.mp4,1280,720,29.97,459,extraversion,high
230,7674,right_eye,677.8,253.1,796.3,334.0,1007.2,406.3,1155.3,507.5,extraversion_high5_FxVUG2R1y0Q.004.mp4,1280,720,29.97,459,extraversion,high
230,7674,nose,599.4,307.4,690.6,442.3,909.3,474.2,1023.3,642.9,extraversion_high5_FxVUG2R1y0Q.004.mp4,1280,720,29.97,459,extraversion,high
230,7674,mouth,583.6,468.1,710.8,542.9,889.5,675.1,1048.5,768.6,extraversion_high5_FxVUG2R1y0Q.004.mp4,1280,720,29.97,459,extraversion,high
230,7674,forehead,465.7,186.3,821.8,468.1,742.2,322.9,1187.3,675.2,extraversion_high5_FxVUG2R1y0Q.004.mp4,1280,720,29.97,459,extraversion,high
230,7674,chin,466.9,342.3,819.5,596.5,743.6,517.9,1184.4,835.6,extraversion_high5_FxVUG2R1y0Q.004.mp4,1280,720,29.97,459,extraversion,high
230,7674,left_cheek,481.9,350.5,590.3,493.4,762.4,528.1,897.8,706.8,extraversion_high5_FxVUG2R1y0Q.004.mp4,1280,720,29.97,459,extraversion,high
230,7674,right_cheek,699.5,351.4,805.9,494.6,1034.4,529.3,1167.3,708.3,extraversion_high5_FxVUG2R1y0Q.004.mp4,1280,720,29.97,459,extraversion,high
231,7707,left_eye,494.0,251.2,610.0,334.9,777.6,404.0,922.5,508.6,extraversion_high5_FxVUG2R1y0Q.004.mp4,1280,720,29.97,459,extraversion,high
231,7707,right_eye,676.7,254.3,795.5,335.0,1005.9,407.9,1154.4,508.8,extraversion_high5_FxVUG2R1y0Q.004.mp4,1280,720,29.97,459,extraversion,high
231,7707,nose,597.7,308.4,690.5,443.1,907.1,475.6,1023.1,643.9,extraversion_high5_FxVUG2R1y0Q.004.mp4,1280,720,29.97,459,extraversion,high
231,7707,mouth,580.7,468.0,710.7,545.5,885.8,675.1,1048.4,771.9,extraversion_high5_FxVUG2R1y0Q.004.mp4,1280,720,29.97,459,extraversion,high
231,7707,forehead,465.1,188.0,820.2,468.3,741.4,325.0,1185.2,675.3,extraversion_high5_FxVUG2R1y0Q.004.mp4,1280,720,29.97,459,extraversion,high
231,7707,chin,466.1,342.5,818.0,598.9,742.7,518.1,1182.5,838.6,extraversion_high5_FxVUG2R1y0Q.004.mp4,1280,720,29.97,459,extraversion,high
231,7707,left_cheek,480.8,350.8,588.7,493.8,761.0,528.5,895.9,707.2,extraversion_high5_FxVUG2R1y0Q.004.mp4,1280,720,29.97,459,extraversion,high
231,7707,right_cheek,698.9,351.9,804.7,494.9,1033.6,529.9,1165.8,708.6,extraversion_high5_FxVUG2R1y0Q.004.mp4,1280,720,29.97,459,extraversion,high
232,7741,left_eye,492.7,251.6,608.3,335.1,775.9,404.5,920.3,508.9,extraversion_high5_FxVUG2R1y0Q.004.mp4,1280,720,29.97,459,extraversion,high
232,7741,right_eye,675.8,255.3,794.0,335.5,1004.7,409.2,1152.6,509.4,extraversion_high5_FxVUG2R1y0Q.004.mp4,1280,720,29.97,459,extraversion,high
232,7741,nose,595.5,308.9,689.7,443.3,904.4,476.2,1022.2,644.2,extraversion_high5_FxVUG2R1y0Q.004.mp4,1280,720,29.97,459,extraversion,high
232,7741,mouth,577.4,468.1,710.4,549.0,881.7,675.1,1048.0,776.2,extraversion_high5_FxVUG2R1y0Q.004.mp4,1280,720,29.97,459,extraversion,high
232,7741,forehead,464.0,189.1,818.8,468.3,740.0,326.3,1183.5,675.3,extraversion_high5_FxVUG2R1y0Q.004.mp4,1280,720,29.97,459,extraversion,high
232,7741,chin,464.9,342.5,816.6,599.0,741.1,518.1,1180.7,838.8,extraversion_high5_FxVUG2R1y0Q.004.mp4,1280,720,29.97,459,extraversion,high
232,7741,left_cheek,479.2,350.8,586.7,493.8,758.9,528.5,893.4,707.2,extraversion_high5_FxVUG2R1y0Q.004.mp4,1280,720,29.97,459,extraversion,high
232,7741,right_cheek,697.7,352.4,803.4,495.1,1032.1,530.5,1164.3,708.9,extraversion_high5_FxVUG2R1y0Q.004.mp4,1280,720,29.97,459,extraversion,high
233,7774,left_eye,492.4,252.9,607.9,336.6,775.5,406.1,919.8,510.8,extraversion_high5_FxVUG2R1y0Q.004.mp4,1280,720,29.97,459,extraversion,high
233,7774,right_eye,675.2,256.8,793.6,337.3,1004.0,411.0,1152.0,511.6,extraversion_high5_FxVUG2R1y0Q.004.mp4,1280,720,29.97,459,extraversion,high
233,7774,nose,594.0,310.4,689.5,444.8,902.5,478.0,1021.9,646.0,extraversion_high5_FxVUG2R1y0Q.004.mp4,1280,720,29.97,459,extraversion,high
233,7774,mouth,575.0,469.4,710.3,554.1,878.7,676.8,1047.9,782.7,extraversion_high5_FxVUG2R1y0Q.004.mp4,1280,720,29.97,459,extraversion,high
233,7774,forehead,463.4,191.0,819.1,470.6,739.2,328.8,1183.9,678.2,extraversion_high5_FxVUG2R1y0Q.004.mp4,1280,720,29.97,459,extraversion,high
233,7774,chin,464.2,343.8,816.8,604.0,740.3,519.7,1181.0,845.0,extraversion_high5_FxVUG2R1y0Q.004.mp4,1280,720,29.97,459,extraversion,high
233,7774,left_cheek,478.5,352.0,585.7,495.7,758.2,530.0,892.1,709.6,extraversion_high5_FxVUG2R1y0Q.004.mp4,1280,720,29.97,459,extraversion,high
233,7774,right_cheek,697.2,354.2,803.3,496.9,1031.5,532.8,1164.1,711.2,extraversion_high5_FxVUG2R1y0Q.004.mp4,1280,720,29.97,459,extraversion,high
234,7807,left_eye,492.2,253.4,607.3,336.8,775.3,406.8,919.1,511.0,extraversion_high5_FxVUG2R1y0Q.004.mp4,1280,720,29.97,459,extraversion,high
234,7807,right_eye,675.2,257.3,793.3,337.7,1004.0,411.7,1151.7,512.1,extraversion_high5_FxVUG2R1y0Q.004.mp4,1280,720,29.97,459,extraversion,high
234,7807,nose,592.3,311.3,689.4,444.5,900.3,479.2,1021.8,645.6,extraversion_high5_FxVUG2R1y0Q.004.mp4,1280,720,29.97,459,extraversion,high
234,7807,mouth,573.1,469.2,710.3,554.5,876.4,676.5,1047.9,783.1,extraversion_high5_FxVUG2R1y0Q.004.mp4,1280,720,29.97,459,extraversion,high
234,7807,forehead,463.6,192.2,819.3,471.3,739.5,330.3,1184.1,679.1,extraversion_high5_FxVUG2R1y0Q.004.mp4,1280,720,29.97,459,extraversion,high
234,7807,chin,464.3,344.6,817.0,603.7,740.4,520.8,1181.3,844.7,extraversion_high5_FxVUG2R1y0Q.004.mp4,1280,720,29.97,459,extraversion,high
234,7807,left_cheek,478.2,352.6,584.7,495.8,757.8,530.8,890.9,709.8,extraversion_high5_FxVUG2R1y0Q.004.mp4,1280,720,29.97,459,extraversion,high
234,7807,right_cheek,697.0,354.9,803.1,497.1,1031.3,533.7,1163.9,711.3,extraversion_high5_FxVUG2R1y0Q.004.mp4,1280,720,29.97,459,extraversion,high
235,7841,left_eye,492.3,253.2,606.5,336.3,775.4,406.5,918.2,510.4,extraversion_high5_FxVUG2R1y0Q.004.mp4,1280,720,29.97,459,extraversion,high
235,7841,right_eye,675.2,257.1,793.1,336.7,1004.0,411.3,1151.4,510.8,extraversion_high5_FxVUG2R1y0Q.004.mp4,1280,720,29.97,459,extraversion,high
235,7841,nose,591.4,311.1,689.3,443.4,899.3,478.8,1021.7,644.2,extraversion_high5_FxVUG2R1y0Q.004.mp4,1280,720,29.97,459,extraversion,high
235,7841,mouth,570.6,466.2,710.5,556.0,873.3,672.7,1048.1,785.0,extraversion_high5_FxVUG2R1y0Q.004.mp4,1280,720,29.97,459,extraversion,high
235,7841,forehead,463.8,192.8,819.4,472.5,739.8,330.9,1184.3,680.6,extraversion_high5_FxVUG2R1y0Q.004.mp4,1280,720,29.97,459,extraversion,high
235,7841,chin,464.6,345.9,817.1,606.3,740.8,522.4,1181.3,847.8,extraversion_high5_FxVUG2R1y0Q.004.mp4,1280,720,29.97,459,extraversion,high
235,7841,left_cheek,478.4,352.6,584.5,495.7,758.0,530.8,890.6,709.6,extraversion_high5_FxVUG2R1y0Q.004.mp4,1280,720,29.97,459,extraversion,high
235,7841,right_cheek,696.5,354.7,802.9,496.9,1030.7,533.4,1163.6,711.2,extraversion_high5_FxVUG2R1y0Q.004.mp4,1280,720,29.97,459,extraversion,high
236,7874,left_eye,491.9,252.5,604.1,336.2,774.9,405.6,915.2,510.3,extraversion_high5_FxVUG2R1y0Q.004.mp4,1280,720,29.97,459,extraversion,high
236,7874,right_eye,673.0,254.6,792.9,336.4,1001.3,408.3,1151.2,510.4,extraversion_high5_FxVUG2R1y0Q.004.mp4,1280,720,29.97,459,extraversion,high
236,7874,nose,588.5,310.4,687.5,440.8,895.7,478.0,1019.4,640.9,extraversion_high5_FxVUG2R1y0Q.004.mp4,1280,720,29.97,459,extraversion,high
236,7874,mouth,567.9,463.1,711.3,566.7,869.9,668.9,1049.2,798.4,extraversion_high5_FxVUG2R1y0Q.004.mp4,1280,720,29.97,459,extraversion,high
236,7874,forehead,463.9,192.4,821.3,475.3,739.8,330.5,1186.7,684.2,extraversion_high5_FxVUG2R1y0Q.004.mp4,1280,720,29.97,459,extraversion,high
236,7874,chin,464.7,349.3,819.9,614.0,740.8,526.6,1184.9,857.5,extraversion_high5_FxVUG2R1y0Q.004.mp4,1280,720,29.97,459,extraversion,high
236,7874,left_cheek,478.4,353.2,583.0,496.6,758.0,531.5,888.7,710.7,extraversion_high5_FxVUG2R1y0Q.004.mp4,1280,720,29.97,459,extraversion,high
236,7874,right_cheek,695.2,354.6,802.9,497.9,1029.0,533.3,1163.7,712.4,extraversion_high5_FxVUG2R1y0Q.004.mp4,1280,720,29.97,459,extraversion,high
237,7907,left_eye,489.7,246.8,600.8,333.0,772.1,398.5,911.1,506.3,extraversion_high5_FxVUG2R1y0Q.004.mp4,1280,720,29.97,459,extraversion,high
237,7907,right_eye,671.1,247.3,794.1,332.9,998.8,399.1,1152.6,506.1,extraversion_high5_FxVUG2R1y0Q.004.mp4,1280,720,29.97,459,extraversion,high
237,7907,nose,584.4,305.2,685.2,435.3,890.5,471.4,1016.5,634.1,extraversion_high5_FxVUG2R1y0Q.004.mp4,1280,720,29.97,459,extraversion,high
237,7907,mouth,567.6,456.1,711.7,568.5,869.5,660.2,1049.6,800.7,extraversion_high5_FxVUG2R1y0Q.004.mp4,1280,720,29.97,459,extraversion,high
237,7907,forehead,464.1,188.2,830.1,474.8,740.1,325.2,1197.6,683.5,extraversion_high5_FxVUG2R1y0Q.004.mp4,1280,720,29.97,459,extraversion,high
237,7907,chin,465.4,348.7,829.8,612.3,741.7,525.9,1197.2,855.3,extraversion_high5_FxVUG2R1y0Q.004.mp4,1280,720,29.97,459,extraversion,high
237,7907,left_cheek,477.6,352.2,580.5,496.5,757.0,530.2,885.6,710.6,extraversion_high5_FxVUG2R1y0Q.004.mp4,1280,720,29.97,459,extraversion,high
237,7907,right_cheek,694.7,352.0,806.9,497.5,1028.4,529.9,1168.7,711.9,extraversion_high5_FxVUG2R1y0Q.004.mp4,1280,720,29.97,459,extraversion,high
238,7941,left_eye,487.4,242.2,599.1,328.3,769.2,392.7,908.9,500.4,extraversion_high5_FxVUG2R1y0Q.004.mp4,1280,720,29.97,459,extraversion,high
238,7941,right_eye,669.3,243.9,794.3,330.1,996.6,394.8,1152.9,502.6,extraversion_high5_FxVUG2R1y0Q.004.mp4,1280,720,29.97,459,extraversion,high
238,7941,nose,583.3,299.5,682.3,428.5,889.1,464.3,1012.9,625.6,extraversion_high5_FxVUG2R1y0Q.004.mp4,1280,720,29.97,459,extraversion,high
238,7941,mouth,567.2,450.8,711.4,570.3,869.0,653.5,1049.2,802.9,extraversion_high5_FxVUG2R1y0Q.004.mp4,1280,720,29.97,459,extraversion,high
238,7941,forehead,463.4,183.3,832.2,474.4,739.2,319.1,1200.3,683.0,extraversion_high5_FxVUG2R1y0Q.004.mp4,1280,720,29.97,459,extraversion,high
238,7941,chin,464.8,348.4,831.7,613.1,741.0,525.6,1199.7,856.3,extraversion_high5_FxVUG2R1y0Q.004.mp4,1280,720,29.97,459,extraversion,high
238,7941,left_cheek,475.8,349.1,578.5,494.3,754.7,526.4,883.1,707.9,extraversion_high5_FxVUG2R1y0Q.004.mp4,1280,720,29.97,459,extraversion,high
238,7941,right_cheek,693.6,349.3,808.1,496.3,1027.0,526.6,1170.1,710.4,extraversion_high5_FxVUG2R1y0Q.004.mp4,1280,720,29.97,459,extraversion,high
239,7974,left_eye,487.5,237.9,599.5,323.4,769.3,387.4,909.4,494.2,extraversion_high5_FxVUG2R1y0Q.004.mp4,1280,720,29.97,459,extraversion,high
239,7974,right_eye,669.3,242.2,794.3,324.7,996.7,392.7,1152.9,495.9,extraversion_high5_FxVUG2R1y0Q.004.mp4,1280,720,29.97,459,extraversion,high
239,7974,nose,583.5,296.0,680.0,423.4,889.4,459.9,1010.0,619.3,extraversion_high5_FxVUG2R1y0Q.004.mp4,1280,720,29.97,459,extraversion,high
239,7974,mouth,567.2,446.3,707.9,568.3,869.0,647.8,1044.9,800.4,extraversion_high5_FxVUG2R1y0Q.004.mp4,1280,720,29.97,459,extraversion,high
239,7974,forehead,463.1,181.3,831.2,474.2,738.9,316.6,1199.0,682.8,extraversion_high5_FxVUG2R1y0Q.004.mp4,1280,720,29.97,459,extraversion,high
239,7974,chin,464.0,347.9,830.4,612.8,740.1,524.9,1198.0,856.0,extraversion_high5_FxVUG2R1y0Q.004.mp4,1280,720,29.97,459,extraversion,high
239,7974,left_cheek,475.0,345.6,577.8,490.6,753.8,522.0,882.3,703.3,extraversion_high5_FxVUG2R1y0Q.004.mp4,1280,720,29.97,459,extraversion,high
239,7974,right_cheek,692.5,348.0,807.8,494.6,1025.7,525.1,1169.8,708.2,extraversion_high5_FxVUG2R1y0Q.004.mp4,1280,720,29.97,459,extraversion,high
240,8008,left_eye,487.8,234.9,600.1,321.6,769.7,383.6,910.1,491.9,extraversion_high5_FxVUG2R1y0Q.004.mp4,1280,720,29.97,459,extraversion,high
240,8008,right_eye,669.5,240.8,793.9,323.9,996.9,391.1,1152.4,494.9,extraversion_high5_FxVUG2R1y0Q.004.mp4,1280,720,29.97,459,extraversion,high
240,8008,nose,584.0,294.7,679.2,420.8,890.0,458.4,1009.0,616.0,extraversion_high5_FxVUG2R1y0Q.004.mp4,1280,720,29.97,459,extraversion,high
240,8008,mouth,567.4,444.8,706.1,567.5,869.3,646.0,1042.6,799.4,extraversion_high5_FxVUG2R1y0Q.004.mp4,1280,720,29.97,459,extraversion,high
240,8008,forehead,462.9,180.9,830.2,474.4,738.6,316.1,1197.8,683.1,extraversion_high5_FxVUG2R1y0Q.004.mp4,1280,720,29.97,459,extraversion,high
240,8008,chin,463.4,346.6,829.3,613.8,739.3,523.3,1196.6,857.3,extraversion_high5_FxVUG2R1y0Q.004.mp4,1280,720,29.97,459,extraversion,high
240,8008,left_cheek,474.6,343.3,577.7,488.8,753.3,519.2,882.1,701.0,extraversion_high5_FxVUG2R1y0Q.004.mp4,1280,720,29.97,459,extraversion,high
240,8008,right_cheek,692.2,348.1,807.8,494.1,1025.3,525.1,1169.7,707.6,extraversion_high5_FxVUG2R1y0Q.004.mp4,1280,720,29.97,459,extraversion,high
241,8041,left_eye,488.5,234.9,600.4,321.1,770.7,383.6,910.5,491.4,extraversion_high5_FxVUG2R1y0Q.004.mp4,1280,720,29.97,459,extraversion,high
241,8041,right_eye,669.4,241.0,793.4,323.8,996.8,391.2,1151.7,494.7,extraversion_high5_FxVUG2R1y0Q.004.mp4,1280,720,29.97,459,extraversion,high
241,8041,nose,584.1,295.1,678.9,421.7,890.1,458.9,1008.7,617.1,extraversion_high5_FxVUG2R1y0Q.004.mp4,1280,720,29.97,459,extraversion,high
241,8041,mouth,567.5,447.0,705.8,566.0,869.4,648.8,1042.2,797.5,extraversion_high5_FxVUG2R1y0Q.004.mp4,1280,720,29.97,459,extraversion,high
241,8041,forehead,464.8,180.1,829.7,476.7,741.0,315.1,1197.2,685.9,extraversion_high5_FxVUG2R1y0Q.004.mp4,1280,720,29.97,459,extraversion,high
241,8041,chin,465.0,346.3,828.8,613.5,741.2,522.9,1196.0,856.9,extraversion_high5_FxVUG2R1y0Q.004.mp4,1280,720,29.97,459,extraversion,high
241,8041,left_cheek,474.7,343.0,577.9,488.9,753.3,518.8,882.4,701.1,extraversion_high5_FxVUG2R1y0Q.004.mp4,1280,720,29.97,459,extraversion,high
241,8041,right_cheek,692.1,348.3,807.6,494.1,1025.1,525.3,1169.5,707.7,extraversion_high5_FxVUG2R1y0Q.004.mp4,1280,720,29.97,459,extraversion,high
242,8074,left_eye,489.2,236.0,600.5,322.1,771.5,385.0,910.6,492.7,extraversion_high5_FxVUG2R1y0Q.004.mp4,1280,720,29.97,459,extraversion,high
242,8074,right_eye,668.2,242.0,789.9,324.6,995.2,392.5,1147.4,495.7,extraversion_high5_FxVUG2R1y0Q.004.mp4,1280,720,29.97,459,extraversion,high
242,8074,nose,583.5,296.3,678.2,423.1,889.4,460.4,1007.8,618.8,extraversion_high5_FxVUG2R1y0Q.004.mp4,1280,720,29.97,459,extraversion,high
242,8074,mouth,567.6,450.6,704.4,547.2,869.5,653.3,1040.5,774.0,extraversion_high5_FxVUG2R1y0Q.004.mp4,1280,720,29.97,459,extraversion,high
242,8074,forehead,466.2,180.6,824.0,478.6,742.8,315.8,1190.0,688.3,extraversion_high5_FxVUG2R1y0Q.004.mp4,1280,720,29.97,459,extraversion,high
242,8074,chin,466.6,346.3,823.1,610.9,743.2,522.8,1188.8,853.6,extraversion_high5_FxVUG2R1y0Q.004.mp4,1280,720,29.97,459,extraversion,high
242,8074,left_cheek,475.3,343.6,577.7,489.0,754.1,519.5,882.1,701.3,extraversion_high5_FxVUG2R1y0Q.004.mp4,1280,720,29.97,459,extraversion,high
242,8074,right_cheek,690.8,348.6,802.8,494.2,1023.5,525.8,1163.5,707.7,extraversion_high5_FxVUG2R1y0Q.004.mp4,1280,720,29.97,459,extraversion,high
243,8108,left_eye,489.7,236.9,600.6,322.8,772.2,386.2,910.7,493.4,extraversion_high5_FxVUG2R1y0Q.004.mp4,1280,720,29.97,459,extraversion,high
243,8108,right_eye,667.9,242.1,787.5,324.8,994.9,392.6,1144.4,496.0,extraversion_high5_FxVUG2R1y0Q.004.mp4,1280,720,29.97,459,extraversion,high
243,8108,nose,584.2,296.8,678.7,424.8,890.3,461.0,1008.4,621.0,extraversion_high5_FxVUG2R1y0Q.004.mp4,1280,720,29.97,459,extraversion,high
243,8108,mouth,569.9,461.3,703.0,524.8,872.4,666.6,1038.8,746.0,extraversion_high5_FxVUG2R1y0Q.004.mp4,1280,720,29.97,459,extraversion,high
243,8108,forehead,467.1,180.9,819.4,477.8,743.9,316.1,1184.2,687.2,extraversion_high5_FxVUG2R1y0Q.004.mp4,1280,720,29.97,459,extraversion,high
243,8108,chin,467.4,345.7,818.1,594.3,744.3,522.1,1182.6,832.9,extraversion_high5_FxVUG2R1y0Q.004.mp4,1280,720,29.97,459,extraversion,high
243,8108,left_cheek,476.1,344.0,577.9,488.9,755.2,520.0,882.3,701.1,extraversion_high5_FxVUG2R1y0Q.004.mp4,1280,720,29.97,459,extraversion,high
243,8108,right_cheek,690.6,349.0,799.8,493.4,1023.2,526.2,1159.7,706.7,extraversion_high5_FxVUG2R1y0Q.004.mp4,1280,720,29.97,459,extraversion,high
244,8141,left_eye,490.7,237.7,600.8,323.3,773.3,387.1,911.0,494.2,extraversion_high5_FxVUG2R1y0Q.004.mp4,1280,720,29.97,459,extraversion,high
244,8141,right_eye,667.2,244.2,785.5,325.8,994.0,395.2,1141.9,497.2,extraversion_high5_FxVUG2R1y0Q.004.mp4,1280,720,29.97,459,extraversion,high
244,8141,nose,585.6,297.4,678.0,427.8,892.0,461.7,1007.5,624.7,extraversion_high5_FxVUG2R1y0Q.004.mp4,1280,720,29.97,459,extraversion,high
244,8141,mouth,572.0,465.2,700.8,519.0,875.0,671.5,1036.0,738.7,extraversion_high5_FxVUG2R1y0Q.004.mp4,1280,720,29.97,459,extraversion,high
244,8141,forehead,468.5,180.9,815.7,476.0,745.6,316.1,1179.6,685.0,extraversion_high5_FxVUG2R1y0Q.004.mp4,1280,720,29.97,459,extraversion,high
244,8141,chin,469.2,344.7,813.5,587.7,746.5,520.9,1176.9,824.6,extraversion_high5_FxVUG2R1y0Q.004.mp4,1280,720,29.97,459,extraversion,high
244,8141,left_cheek,477.8,344.2,578.6,488.3,757.3,520.2,883.3,700.4,extraversion_high5_FxVUG2R1y0Q.004.mp4,1280,720,29.97,459,extraversion,high
244,8141,right_cheek,689.5,349.6,796.8,492.6,1021.8,527.0,1156.0,705.7,extraversion_high5_FxVUG2R1y0Q.004.mp4,1280,720,29.97,459,extraversion,high
245,8174,left_eye,491.8,240.4,601.4,325.3,774.8,390.5,911.8,496.6,extraversion_high5_FxVUG2R1y0Q.004.mp4,1280,720,29.97,459,extraversion,high
245,8174,right_eye,667.1,246.6,784.8,327.8,993.9,398.2,1141.0,499.8,extraversion_high5_FxVUG2R1y0Q.004.mp4,1280,720,29.97,459,extraversion,high
245,8174,nose,586.2,299.1,678.2,429.0,892.8,463.8,1007.8,626.3,extraversion_high5_FxVUG2R1y0Q.004.mp4,1280,720,29.97,459,extraversion,high
245,8174,mouth,572.3,464.5,701.2,522.4,875.4,670.6,1036.5,743.0,extraversion_high5_FxVUG2R1y0Q.004.mp4,1280,720,29.97,459,extraversion,high
245,8174,forehead,469.6,181.8,814.1,475.6,747.0,317.3,1177.6,684.5,extraversion_high5_FxVUG2R1y0Q.004.mp4,1280,720,29.97,459,extraversion,high
245,8174,chin,470.7,345.0,812.0,587.5,748.4,521.2,1175.0,824.4,extraversion_high5_FxVUG2R1y0Q.004.mp4,1280,720,29.97,459,extraversion,high
245,8174,left_cheek,479.5,345.3,579.7,488.5,759.4,521.6,884.6,700.6,extraversion_high5_FxVUG2R1y0Q.004.mp4,1280,720,29.97,459,extraversion,high
245,8174,right_cheek,689.6,350.3,795.9,492.0,1022.0,527.9,1154.9,705.0,extraversion_high5_FxVUG2R1y0Q.004.mp4,1280,720,29.97,459,extraversion,high
246,8208,left_eye,492.2,243.1,602.1,326.9,775.2,393.8,912.6,498.6,extraversion_high5_FxVUG2R1y0Q.004.mp4,1280,720,29.97,459,extraversion,high
246,8208,right_eye,667.2,248.7,785.2,329.7,994.0,400.9,1141.5,502.2,extraversion_high5_FxVUG2R1y0Q.004.mp4,1280,720,29.97,459,extraversion,high
246,8208,nose,586.8,301.5,678.8,429.3,893.6,466.9,1008.4,626.7,extraversion_high5_FxVUG2R1y0Q.004.mp4,1280,720,29.97,459,extraversion,high
246,8208,mouth,572.3,461.4,704.1,529.9,875.3,666.8,1040.1,752.3,extraversion_high5_FxVUG2R1y0Q.004.mp4,1280,720,29.97,459,extraversion,high
246,8208,forehead,469.5,184.3,813.8,475.6,746.9,320.4,1177.3,684.4,extraversion_high5_FxVUG2R1y0Q.004.mp4,1280,720,29.97,459,extraversion,high
246,8208,chin,470.8,345.3,811.7,590.2,748.4,521.6,1174.6,827.8,extraversion_high5_FxVUG2R1y0Q.004.mp4,1280,720,29.97,459,extraversion,high
246,8208,left_cheek,479.9,346.0,580.3,488.6,759.9,522.5,885.4,700.7,extraversion_high5_FxVUG2R1y0Q.004.mp4,1280,720,29.97,459,extraversion,high
246,8208,right_cheek,689.7,350.8,796.3,491.9,1022.1,528.5,1155.3,704.9,extraversion_high5_FxVUG2R1y0Q.004.mp4,1280,720,29.97,459,extraversion,high
247,8241,left_eye,492.2,244.9,602.3,328.1,775.2,396.1,912.9,500.1,extraversion_high5_FxVUG2R1y0Q.004.mp4,1280,720,29.97,459,extraversion,high
247,8241,right_eye,667.7,249.9,785.6,330.5,994.6,402.4,1142.0,503.1,extraversion_high5_FxVUG2R1y0Q.004.mp4,1280,720,29.97,459,extraversion,high
247,8241,nose,586.9,302.8,680.2,429.4,893.7,468.5,1010.2,626.7,extraversion_high5_FxVUG2R1y0Q.004.mp4,1280,720,29.97,459,extraversion,high
247,8241,mouth,571.3,457.6,706.1,532.8,874.1,661.9,1042.6,756.0,extraversion_high5_FxVUG2R1y0Q.004.mp4,1280,720,29.97,459,extraversion,high
247,8241,forehead,469.4,186.2,814.0,475.5,746.8,322.7,1177.5,684.4,extraversion_high5_FxVUG2R1y0Q.004.mp4,1280,720,29.97,459,extraversion,high
247,8241,chin,470.6,345.4,812.0,592.2,748.2,521.8,1175.0,830.3,extraversion_high5_FxVUG2R1y0Q.004.mp4,1280,720,29.97,459,extraversion,high
247,8241,left_cheek,479.9,346.5,580.4,488.6,759.9,523.1,885.5,700.8,extraversion_high5_FxVUG2R1y0Q.004.mp4,1280,720,29.97,459,extraversion,high
247,8241,right_cheek,690.2,351.1,796.7,492.0,1022.7,528.8,1155.8,704.9,extraversion_high5_FxVUG2R1y0Q.004.mp4,1280,720,29.97,459,extraversion,high
248,8274,left_eye,492.2,247.3,602.4,328.7,775.3,399.2,912.9,500.9,extraversion_high5_FxVUG2R1y0Q.004.mp4,1280,720,29.97,459,extraversion,high
248,8274,right_eye,668.2,251.7,785.8,331.2,995.3,404.6,1142.2,504.0,extraversion_high5_FxVUG2R1y0Q.004.mp4,1280,720,29.97,459,extraversion,high
248,8274,nose,586.6,303.9,680.9,429.1,893.3,469.8,1011.1,626.4,extraversion_high5_FxVUG2R1y0Q.004.mp4,1280,720,29.97,459,extraversion,high
248,8274,mouth,569.0,455.2,706.8,534.4,871.3,659.0,1043.5,758.0,extraversion_high5_FxVUG2R1y0Q.004.mp4,1280,720,29.97,459,extraversion,high
248,8274,forehead,469.6,188.2,814.7,475.7,747.0,325.3,1178.4,684.6,extraversion_high5_FxVUG2R1y0Q.004.mp4,1280,720,29.97,459,extraversion,high
248,8274,chin,470.7,346.2,812.8,594.0,748.3,522.8,1176.0,832.5,extraversion_high5_FxVUG2R1y0Q.004.mp4,1280,720,29.97,459,extraversion,high
248,8274,left_cheek,479.9,346.7,580.3,488.1,759.9,523.4,885.4,700.1,extraversion_high5_FxVUG2R1y0Q.004.mp4,1280,720,29.97,459,extraversion,high
248,8274,right_cheek,690.6,351.7,797.0,492.0,1023.2,529.7,1156.3,704.9,extraversion_high5_FxVUG2R1y0Q.004.mp4,1280,720,29.97,459,extraversion,high
249,8308,left_eye,492.2,248.6,602.4,329.3,775.3,400.7,913.0,501.7,extraversion_high5_FxVUG2R1y0Q.004.mp4,1280,720,29.97,459,extraversion,high
249,8308,right_eye,668.3,252.9,785.9,331.8,995.4,406.2,1142.4,504.8,extraversion_high5_FxVUG2R1y0Q.004.mp4,1280,720,29.97,459,extraversion,high
249,8308,nose,586.6,304.6,681.0,428.9,893.3,470.8,1011.2,626.2,extraversion_high5_FxVUG2R1y0Q.004.mp4,1280,720,29.97,459,extraversion,high
249,8308,mouth,568.2,454.2,707.2,534.4,870.3,657.7,1044.0,757.9,extraversion_high5_FxVUG2R1y0Q.004.mp4,1280,720,29.97,459,extraversion,high
249,8308,forehead,469.6,189.6,814.5,475.6,747.0,327.0,1178.1,684.5,extraversion_high5_FxVUG2R1y0Q.004.mp4,1280,720,29.97,459,extraversion,high
249,8308,chin,470.6,346.6,812.6,594.6,748.3,523.2,1175.8,833.3,extraversion_high5_FxVUG2R1y0Q.004.mp4,1280,720,29.97,459,extraversion,high
249,8308,left_cheek,479.8,346.9,580.3,487.5,759.8,523.6,885.4,699.4,extraversion_high5_FxVUG2R1y0Q.004.mp4,1280,720,29.97,459,extraversion,high
249,8308,right_cheek,690.6,351.9,797.0,491.5,1023.2,529.9,1156.3,704.4,extraversion_high5_FxVUG2R1y0Q.004.mp4,1280,720,29.97,459,extraversion,high
250,8341,left_eye,492.2,249.4,602.4,329.4,775.3,401.8,912.9,501.7,extraversion_high5_FxVUG2R1y0Q.004.mp4,1280,720,29.97,459,extraversion,high
250,8341,right_eye,668.3,253.5,786.1,331.7,995.4,406.9,1142.6,504.7,extraversion_high5_FxVUG2R1y0Q.004.mp4,1280,720,29.97,459,extraversion,high
250,8341,nose,586.5,304.7,681.1,428.5,893.1,470.8,1011.3,625.6,extraversion_high5_FxVUG2R1y0Q.004.mp4,1280,720,29.97,459,extraversion,high
250,8341,mouth,567.8,452.3,707.4,533.2,869.7,655.4,1044.3,756.5,extraversion_high5_FxVUG2R1y0Q.004.mp4,1280,720,29.97,459,extraversion,high
250,8341,forehead,469.5,189.8,814.7,475.3,746.9,327.2,1178.3,684.1,extraversion_high5_FxVUG2R1y0Q.004.mp4,1280,720,29.97,459,extraversion,high
250,8341,chin,470.6,346.7,812.8,594.6,748.2,523.4,1176.0,833.2,extraversion_high5_FxVUG2R1y0Q.004.mp4,1280,720,29.97,459,extraversion,high
250,8341,left_cheek,479.8,346.9,580.3,486.9,759.8,523.7,885.3,698.6,extraversion_high5_FxVUG2R1y0Q.004.mp4,1280,720,29.97,459,extraversion,high
250,8341,right_cheek,690.6,351.8,797.2,490.6,1023.2,529.7,1156.5,703.2,extraversion_high5_FxVUG2R1y0Q.004.mp4,1280,720,29.97,459,extraversion,high
251,8375,left_eye,492.4,249.2,602.4,329.4,775.6,401.5,913.0,501.7,extraversion_high5_FxVUG2R1y0Q.004.mp4,1280,720,29.97,459,extraversion,high
251,8375,right_eye,668.4,253.3,786.1,331.7,995.5,406.6,1142.6,504.6,extraversion_high5_FxVUG2R1y0Q.004.mp4,1280,720,29.97,459,extraversion,high
251,8375,nose,586.4,304.6,681.1,427.2,893.0,470.8,1011.4,624.0,extraversion_high5_FxVUG2R1y0Q.004.mp4,1280,720,29.97,459,extraversion,high
251,8375,mouth,567.9,450.9,707.5,533.7,869.9,653.6,1044.4,757.1,extraversion_high5_FxVUG2R1y0Q.004.mp4,1280,720,29.97,459,extraversion,high
251,8375,forehead,469.6,190.0,815.0,475.1,747.0,327.5,1178.8,683.8,extraversion_high5_FxVUG2R1y0Q.004.mp4,1280,720,29.97,459,extraversion,high
251,8375,chin,470.6,346.8,813.2,594.7,748.3,523.5,1176.5,833.4,extraversion_high5_FxVUG2R1y0Q.004.mp4,1280,720,29.97,459,extraversion,high
251,8375,left_cheek,479.9,346.9,580.3,486.6,759.9,523.7,885.3,698.2,extraversion_high5_FxVUG2R1y0Q.004.mp4,1280,720,29.97,459,extraversion,high
251,8375,right_cheek,690.6,351.5,797.3,490.1,1023.3,529.4,1156.6,702.7,extraversion_high5_FxVUG2R1y0Q.004.mp4,1280,720,29.97,459,extraversion,high
252,8408,left_eye,492.5,249.0,602.3,329.1,775.6,401.2,912.9,501.4,extraversion_high5_FxVUG2R1y0Q.004.mp4,1280,720,29.97,459,extraversion,high
252,8408,right_eye,668.3,253.2,786.1,331.1,995.3,406.5,1142.6,503.8,extraversion_high5_FxVUG2R1y0Q.004.mp4,1280,720,29.97,459,extraversion,high
252,8408,nose,586.3,304.6,681.4,426.6,892.9,470.7,1011.8,623.2,extraversion_high5_FxVUG2R1y0Q.004.mp4,1280,720,29.97,459,extraversion,high
252,8408,mouth,568.7,449.8,708.3,534.6,870.9,652.3,1045.4,758.3,extraversion_high5_FxVUG2R1y0Q.004.mp4,1280,720,29.97,459,extraversion,high
252,8408,forehead,469.6,189.9,815.7,474.8,746.9,327.4,1179.6,683.5,extraversion_high5_FxVUG2R1y0Q.004.mp4,1280,720,29.97,459,extraversion,high
252,8408,chin,470.6,347.0,814.5,596.6,748.2,523.7,1178.2,835.7,extraversion_high5_FxVUG2R1y0Q.004.mp4,1280,720,29.97,459,extraversion,high
252,8408,left_cheek,479.9,347.0,580.3,486.6,759.8,523.7,885.3,698.3,extraversion_high5_FxVUG2R1y0Q.004.mp4,1280,720,29.97,459,extraversion,high
252,8408,right_cheek,690.7,350.8,797.6,489.7,1023.4,528.5,1157.0,702.2,extraversion_high5_FxVUG2R1y0Q.004.mp4,1280,720,29.97,459,extraversion,high
253,8441,left_eye,492.5,248.8,602.1,328.9,775.6,400.9,912.6,501.1,extraversion_high5_FxVUG2R1y0Q.004.mp4,1280,720,29.97,459,extraversion,high
253,8441,right_eye,668.0,253.1,786.1,330.0,995.0,406.4,1142.6,502.5,extraversion_high5_FxVUG2R1y0Q.004.mp4,1280,720,29.97,459,extraversion,high
253,8441,nose,586.2,304.2,681.6,425.8,892.7,470.2,1012.0,622.2,extraversion_high5_FxVUG2R1y0Q.004.mp4,1280,720,29.97,459,extraversion,high
253,8441,mouth,569.1,448.3,708.8,536.0,871.4,650.4,1046.0,760.0,extraversion_high5_FxVUG2R1y0Q.004.mp4,1280,720,29.97,459,extraversion,high
253,8441,forehead,469.8,189.8,816.8,474.7,747.3,327.2,1181.0,683.4,extraversion_high5_FxVUG2R1y0Q.004.mp4,1280,720,29.97,459,extraversion,high
253,8441,chin,470.9,347.3,816.1,598.1,748.7,524.1,1180.2,837.6,extraversion_high5_FxVUG2R1y0Q.004.mp4,1280,720,29.97,459,extraversion,high
253,8441,left_cheek,479.9,347.0,580.3,486.6,759.9,523.7,885.3,698.2,extraversion_high5_FxVUG2R1y0Q.004.mp4,1280,720,29.97,459,extraversion,high
253,8441,right_cheek,690.8,350.0,798.0,489.4,1023.5,527.5,1157.6,701.8,extraversion_high5_FxVUG2R1y0Q.004.mp4,1280,720,29.97,459,extraversion,high
254,8475,left_eye,492.4,247.8,601.5,327.9,775.5,399.8,911.9,499.8,extraversion_high5_FxVUG2R1y0Q.004.mp4,1280,720,29.97,459,extraversion,high
254,8475,right_eye,667.3,251.7,786.1,328.2,994.1,404.6,1142.6,500.3,extraversion_high5_FxVUG2R1y0Q.004.mp4,1280,720,29.97,459,extraversion,high
254,8475,nose,584.9,302.9,681.6,424.6,891.2,468.6,1012.0,620.8,extraversion_high5_FxVUG2R1y0Q.004.mp4,1280,720,29.97,459,extraversion,high
254,8475,mouth,568.5,445.6,709.4,536.2,870.6,647.1,1046.8,760.3,extraversion_high5_FxVUG2R1y0Q.004.mp4,1280,720,29.97,459,extraversion,high
254,8475,forehead,469.8,189.5,818.8,474.6,747.3,326.9,1183.5,683.2,extraversion_high5_FxVUG2R1y0Q.004.mp4,1280,720,29.97,459,extraversion,high
254,8475,chin,470.9,347.3,818.3,598.4,748.6,524.1,1182.9,838.0,extraversion_high5_FxVUG2R1y0Q.004.mp4,1280,720,29.97,459,extraversion,high
254,8475,left_cheek,479.9,346.4,579.8,485.9,759.8,523.0,884.8,697.4,extraversion_high5_FxVUG2R1y0Q.004.mp4,1280,720,29.97,459,extraversion,high
254,8475,right_cheek,690.8,349.1,798.7,488.8,1023.5,526.4,1158.4,701.1,extraversion_high5_FxVUG2R1y0Q.004.mp4,1280,720,29.97,459,extraversion,high
255,8508,left_eye,492.4,247.1,601.1,326.6,775.5,398.9,911.4,498.3,extraversion_high5_FxVUG2R1y0Q.004.mp4,1280,720,29.97,459,extraversion,high
255,8508,right_eye,666.7,249.8,785.9,326.0,993.4,402.3,1142.3,497.5,extraversion_high5_FxVUG2R1y0Q.004.mp4,1280,720,29.97,459,extraversion,high
255,8508,nose,584.4,301.8,681.6,422.9,890.4,467.3,1012.0,618.6,extraversion_high5_FxVUG2R1y0Q.004.mp4,1280,720,29.97,459,extraversion,high
255,8508,mouth,566.9,445.1,709.7,535.9,868.6,646.4,1047.1,759.9,extraversion_high5_FxVUG2R1y0Q.004.mp4,1280,720,29.97,459,extraversion,high
255,8508,forehead,470.3,189.4,819.2,474.9,747.9,326.8,1184.1,683.6,extraversion_high5_FxVUG2R1y0Q.004.mp4,1280,720,29.97,459,extraversion,high
255,8508,chin,471.4,349.6,819.0,600.0,749.3,527.0,1183.8,840.0,extraversion_high5_FxVUG2R1y0Q.004.mp4,1280,720,29.97,459,extraversion,high
255,8508,left_cheek,480.1,346.5,579.6,485.7,760.1,523.1,884.5,697.1,extraversion_high5_FxVUG2R1y0Q.004.mp4,1280,720,29.97,459,extraversion,high
255,8508,right_cheek,690.7,348.4,798.7,488.2,1023.4,525.5,1158.4,700.2,extraversion_high5_FxVUG2R1y0Q.004.mp4,1280,720,29.97,459,extraversion,high
256,8541,left_eye,492.0,245.6,600.0,326.0,775.0,397.1,910.0,497.4,extraversion_high5_FxVUG2R1y0Q.004.mp4,1280,720,29.97,459,extraversion,high
256,8541,right_eye,666.2,247.4,786.2,324.4,992.8,399.3,1142.7,495.5,extraversion_high5_FxVUG2R1y0Q.004.mp4,1280,720,29.97,459,extraversion,high
256,8541,nose,582.6,300.1,681.6,421.7,888.2,465.1,1012.0,617.2,extraversion_high5_FxVUG2R1y0Q.004.mp4,1280,720,29.97,459,extraversion,high
256,8541,mouth,565.0,444.8,710.7,536.1,866.2,646.0,1048.3,760.2,extraversion_high5_FxVUG2R1y0Q.004.mp4,1280,720,29.97,459,extraversion,high
256,8541,forehead,470.8,188.4,821.5,474.9,748.5,325.5,1186.9,683.6,extraversion_high5_FxVUG2R1y0Q.004.mp4,1280,720,29.97,459,extraversion,high
256,8541,chin,472.1,350.2,821.4,600.0,750.1,527.8,1186.7,840.0,extraversion_high5_FxVUG2R1y0Q.004.mp4,1280,720,29.97,459,extraversion,high
256,8541,left_cheek,480.1,346.5,578.8,485.2,760.2,523.1,883.5,696.5,extraversion_high5_FxVUG2R1y0Q.004.mp4,1280,720,29.97,459,extraversion,high
256,8541,right_cheek,690.8,347.1,799.5,487.4,1023.5,523.9,1159.4,699.2,extraversion_high5_FxVUG2R1y0Q.004.mp4,1280,720,29.97,459,extraversion,high
257,8575,left_eye,491.6,243.9,599.2,324.7,774.5,394.9,909.0,495.8,extraversion_high5_FxVUG2R1y0Q.004.mp4,1280,720,29.97,459,extraversion,high
257,8575,right_eye,665.9,244.3,787.5,321.6,992.4,395.4,1144.3,492.0,extraversion_high5_FxVUG2R1y0Q.004.mp4,1280,720,29.97,459,extraversion,high
257,8575,nose,581.6,297.1,681.6,418.9,887.0,461.4,1012.0,613.7,extraversion_high5_FxVUG2R1y0Q.004.mp4,1280,720,29.97,459,extraversion,high
257,8575,mouth,565.2,442.6,711.5,537.0,866.5,643.3,1049.4,761.3,extraversion_high5_FxVUG2R1y0Q.004.mp4,1280,720,29.97,459,extraversion,high
257,8575,forehead,471.3,185.4,826.0,474.4,749.1,321.8,1192.5,682.9,extraversion_high5_FxVUG2R1y0Q.004.mp4,1280,720,29.97,459,extraversion,high
257,8575,chin,472.9,349.2,825.9,600.4,751.2,526.5,1192.4,840.5,extraversion_high5_FxVUG2R1y0Q.004.mp4,1280,720,29.97,459,extraversion,high
257,8575,left_cheek,480.1,346.3,578.2,484.8,760.1,522.8,882.8,696.0,extraversion_high5_FxVUG2R1y0Q.004.mp4,1280,720,29.97,459,extraversion,high
257,8575,right_cheek,691.0,344.3,802.1,485.6,1023.7,520.3,1162.6,697.0,extraversion_high5_FxVUG2R1y0Q.004.mp4,1280,720,29.97,459,extraversion,high
258,8608,left_eye,491.6,241.6,599.2,323.2,774.5,392.0,909.0,494.0,extraversion_high5_FxVUG2R1y0Q.004.mp4,1280,720,29.97,459,extraversion,high
258,8608,right_eye,665.8,241.4,788.1,319.4,992.2,391.7,1145.1,489.2,extraversion_high5_FxVUG2R1y0Q.004.mp4,1280,720,29.97,459,extraversion,high
258,8608,nose,581.4,294.6,681.7,415.9,886.7,458.2,1012.1,609.9,extraversion_high5_FxVUG2R1y0Q.004.mp4,1280,720,29.97,459,extraversion,high
258,8608,mouth,565.5,439.9,712.3,538.4,866.8,639.8,1050.4,763.0,extraversion_high5_FxVUG2R1y0Q.004.mp4,1280,720,29.97,459,extraversion,high
258,8608,forehead,471.8,182.6,828.5,471.7,749.8,318.3,1195.6,679.7,extraversion_high5_FxVUG2R1y0Q.004.mp4,1280,720,29.97,459,extraversion,high
258,8608,chin,473.7,346.3,828.4,600.3,752.1,522.9,1195.5,840.4,extraversion_high5_FxVUG2R1y0Q.004.mp4,1280,720,29.97,459,extraversion,high
258,8608,left_cheek,480.1,345.0,578.0,483.6,760.2,521.3,882.5,694.5,extraversion_high5_FxVUG2R1y0Q.004.mp4,1280,720,29.97,459,extraversion,high
258,8608,right_cheek,691.3,341.8,803.8,483.3,1024.1,517.2,1164.7,694.1,extraversion_high5_FxVUG2R1y0Q.004.mp4,1280,720,29.97,459,extraversion,high
259,8641,left_eye,491.4,241.2,598.8,322.8,774.3,391.5,908.5,493.5,extraversion_high5_FxVUG2R1y0Q.004.mp4,1280,720,29.97,459,extraversion,high
259,8641,right_eye,664.4,239.7,788.1,318.9,990.4,389.6,1145.1,488.6,extraversion_high5_FxVUG2R1y0Q.004.mp4,1280,720,29.97,459,extraversion,high
259,8641,nose,581.2,293.8,681.0,414.7,886.4,457.3,1011.3,608.4,extraversion_high5_FxVUG2R1y0Q.004.mp4,1280,720,29.97,459,extraversion,high
259,8641,mouth,565.6,438.4,712.7,539.6,867.0,638.0,1050.8,764.5,extraversion_high5_FxVUG2R1y0Q.004.mp4,1280,720,29.97,459,extraversion,high
259,8641,forehead,472.0,181.7,830.0,471.4,750.0,317.1,1197.4,679.2,extraversion_high5_FxVUG2R1y0Q.004.mp4,1280,720,29.97,459,extraversion,high
259,8641,chin,474.0,345.1,830.0,600.3,752.6,521.4,1197.4,840.4,extraversion_high5_FxVUG2R1y0Q.004.mp4,1280,720,29.97,459,extraversion,high
259,8641,left_cheek,480.1,344.8,577.4,483.6,760.1,521.1,881.7,694.5,extraversion_high5_FxVUG2R1y0Q.004.mp4,1280,720,29.97,459,extraversion,high
259,8641,right_cheek,691.3,340.8,804.6,482.6,1024.1,516.0,1165.8,693.2,extraversion_high5_FxVUG2R1y0Q.004.mp4,1280,720,29.97,459,extraversion,high
260,8675,left_eye,490.9,241.2,597.8,323.0,773.7,391.5,907.2,493.7,extraversion_high5_FxVUG2R1y0Q.004.mp4,1280,720,29.97,459,extraversion,high
260,8675,right_eye,662.8,239.4,788.1,319.0,988.5,389.2,1145.1,488.8,extraversion_high5_FxVUG2R1y0Q.004.mp4,1280,720,29.97,459,extraversion,high
260,8675,nose,580.8,293.6,679.9,414.7,886.0,457.0,1009.9,608.4,extraversion_high5_FxVUG2R1y0Q.004.mp4,1280,720,29.97,459,extraversion,high
260,8675,mouth,565.7,438.7,712.7,540.5,867.1,638.3,1050.8,765.7,extraversion_high5_FxVUG2R1y0Q.004.mp4,1280,720,29.97,459,extraversion,high
260,8675,forehead,472.8,181.3,830.7,471.7,751.0,316.6,1198.4,679.7,extraversion_high5_FxVUG2R1y0Q.004.mp4,1280,720,29.97,459,extraversion,high
260,8675,chin,475.1,344.3,830.7,598.8,753.9,520.3,1198.4,838.4,extraversion_high5_FxVUG2R1y0Q.004.mp4,1280,720,29.97,459,extraversion,high
260,8675,left_cheek,480.1,345.0,576.7,483.7,760.1,521.2,880.9,694.7,extraversion_high5_FxVUG2R1y0Q.004.mp4,1280,720,29.97,459,extraversion,high
260,8675,right_cheek,691.0,340.3,805.0,482.2,1023.7,515.3,1166.3,692.8,extraversion_high5_FxVUG2R1y0Q.004.mp4,1280,720,29.97,459,extraversion,high
261,8708,left_eye,490.6,241.4,597.0,325.9,773.3,391.7,906.2,497.4,extraversion_high5_FxVUG2R1y0Q.004.mp4,1280,720,29.97,459,extraversion,high
261,8708,right_eye,660.6,239.9,788.0,321.7,985.7,389.9,1145.0,492.1,extraversion_high5_FxVUG2R1y0Q.004.mp4,1280,720,29.97,459,extraversion,high
261,8708,nose,580.8,294.2,678.2,415.5,886.0,457.7,1007.7,609.4,extraversion_high5_FxVUG2R1y0Q.004.mp4,1280,720,29.97,459,extraversion,high
261,8708,mouth,565.8,439.5,712.7,540.5,867.2,639.4,1050.9,765.6,extraversion_high5_FxVUG2R1y0Q.004.mp4,1280,720,29.97,459,extraversion,high
261,8708,forehead,473.5,181.8,831.8,473.8,751.9,317.2,1199.8,682.2,extraversion_high5_FxVUG2R1y0Q.004.mp4,1280,720,29.97,459,extraversion,high
261,8708,chin,476.2,344.6,831.8,598.6,755.3,520.8,1199.7,838.2,extraversion_high5_FxVUG2R1y0Q.004.mp4,1280,720,29.97,459,extraversion,high
261,8708,left_cheek,480.1,347.1,576.4,484.8,760.2,523.8,880.6,696.0,extraversion_high5_FxVUG2R1y0Q.004.mp4,1280,720,29.97,459,extraversion,high
261,8708,right_cheek,690.1,340.9,805.1,482.7,1022.6,516.1,1166.4,693.3,extraversion_high5_FxVUG2R1y0Q.004.mp4,1280,720,29.97,459,extraversion,high
262,8742,left_eye,490.5,242.5,596.7,327.7,773.2,393.1,905.9,499.7,extraversion_high5_FxVUG2R1y0Q.004.mp4,1280,720,29.97,459,extraversion,high
262,8742,right_eye,659.8,240.4,787.6,325.2,984.8,390.4,1144.5,496.5,extraversion_high5_FxVUG2R1y0Q.004.mp4,1280,720,29.97,459,extraversion,high
262,8742,nose,579.9,295.8,676.4,417.2,884.9,459.7,1005.5,611.6,extraversion_high5_FxVUG2R1y0Q.004.mp4,1280,720,29.97,459,extraversion,high
262,8742,mouth,565.8,440.0,712.5,536.6,867.3,640.1,1050.6,760.8,extraversion_high5_FxVUG2R1y0Q.004.mp4,1280,720,29.97,459,extraversion,high
262,8742,forehead,475.2,183.1,830.9,474.1,753.9,318.9,1198.6,682.7,extraversion_high5_FxVUG2R1y0Q.004.mp4,1280,720,29.97,459,extraversion,high
262,8742,chin,477.8,344.7,830.9,596.0,757.2,520.9,1198.6,835.0,extraversion_high5_FxVUG2R1y0Q.004.mp4,1280,720,29.97,459,extraversion,high
262,8742,left_cheek,480.4,348.5,576.1,485.2,760.6,525.6,880.2,696.5,extraversion_high5_FxVUG2R1y0Q.004.mp4,1280,720,29.97,459,extraversion,high
262,8742,right_cheek,688.7,341.0,805.1,482.8,1020.9,516.3,1166.3,693.5,extraversion_high5_FxVUG2R1y0Q.004.mp4,1280,720,29.97,459,extraversion,high
263,8775,left_eye,489.2,244.8,595.8,328.4,771.5,396.0,904.7,500.5,extraversion_high5_FxVUG2R1y0Q.004.mp4,1280,720,29.97,459,extraversion,high
263,8775,right_eye,659.5,242.8,787.2,323.7,984.3,393.6,1144.0,494.6,extraversion_high5_FxVUG2R1y0Q.004.mp4,1280,720,29.97,459,extraversion,high
263,8775,nose,579.8,297.9,675.6,419.8,884.7,462.4,1004.5,614.7,extraversion_high5_FxVUG2R1y0Q.004.mp4,1280,720,29.97,459,extraversion,high
263,8775,mouth,566.1,443.2,710.3,531.8,867.7,644.0,1047.9,754.7,extraversion_high5_FxVUG2R1y0Q.004.mp4,1280,720,29.97,459,extraversion,high
263,8775,forehead,474.9,184.4,830.5,474.1,753.6,320.5,1198.2,682.6,extraversion_high5_FxVUG2R1y0Q.004.mp4,1280,720,29.97,459,extraversion,high
263,8775,chin,477.6,345.2,830.5,589.6,757.0,521.5,1198.2,827.0,extraversion_high5_FxVUG2R1y0Q.004.mp4,1280,720,29.97,459,extraversion,high
263,8775,left_cheek,480.4,350.4,575.7,485.8,760.5,528.0,879.7,697.3,extraversion_high5_FxVUG2R1y0Q.004.mp4,1280,720,29.97,459,extraversion,high
263,8775,right_cheek,688.0,342.1,804.7,482.9,1020.1,517.7,1165.8,693.6,extraversion_high5_FxVUG2R1y0Q.004.mp4,1280,720,29.97,459,extraversion,high
264,8808,left_eye,489.3,246.5,595.8,328.3,771.6,398.1,904.8,500.3,extraversion_high5_FxVUG2R1y0Q.004.mp4,1280,720,29.97,459,extraversion,high
264,8808,right_eye,659.8,244.2,786.9,323.6,984.8,395.2,1143.6,494.5,extraversion_high5_FxVUG2R1y0Q.004.mp4,1280,720,29.97,459,extraversion,high
264,8808,nose,579.9,299.0,675.5,420.8,884.8,463.8,1004.4,615.9,extraversion_high5_FxVUG2R1y0Q.004.mp4,1280,720,29.97,459,extraversion,high
264,8808,mouth,566.9,445.0,706.5,528.2,868.6,646.3,1043.1,750.2,extraversion_high5_FxVUG2R1y0Q.004.mp4,1280,720,29.97,459,extraversion,high
264,8808,forehead,474.8,185.5,829.2,473.9,753.5,321.8,1196.5,682.3,extraversion_high5_FxVUG2R1y0Q.004.mp4,1280,720,29.97,459,extraversion,high
264,8808,chin,477.5,346.4,828.6,587.2,756.9,523.0,1195.8,824.0,extraversion_high5_FxVUG2R1y0Q.004.mp4,1280,720,29.97,459,extraversion,high
264,8808,left_cheek,480.5,350.4,575.8,485.8,760.7,528.0,879.7,697.3,extraversion_high5_FxVUG2R1y0Q.004.mp4,1280,720,29.97,459,extraversion,high
264,8808,right_cheek,687.8,344.0,803.7,483.3,1019.7,520.1,1164.6,694.2,extraversion_high5_FxVUG2R1y0Q.004.mp4,1280,720,29.97,459,extraversion,high
265,8842,left_eye,489.7,247.2,595.9,328.2,772.1,398.9,904.9,500.2,extraversion_high5_FxVUG2R1y0Q.004.mp4,1280,720,29.97,459,extraversion,high
265,8842,right_eye,660.1,245.2,786.5,324.7,985.1,396.5,1143.1,495.8,extraversion_high5_FxVUG2R1y0Q.004.mp4,1280,720,29.97,459,extraversion,high
265,8842,nose,580.2,300.4,674.9,422.6,885.2,465.5,1003.6,618.3,extraversion_high5_FxVUG2R1y0Q.004.mp4,1280,720,29.97,459,extraversion,high
265,8842,mouth,568.2,447.6,703.8,527.0,870.2,649.5,1039.8,748.8,extraversion_high5_FxVUG2R1y0Q.004.mp4,1280,720,29.97,459,extraversion,high
265,8842,forehead,475.1,186.2,828.3,472.3,753.8,322.7,1195.3,680.4,extraversion_high5_FxVUG2R1y0Q.004.mp4,1280,720,29.97,459,extraversion,high
265,8842,chin,477.8,347.3,827.2,584.9,757.3,524.1,1194.0,821.1,extraversion_high5_FxVUG2R1y0Q.004.mp4,1280,720,29.97,459,extraversion,high
265,8842,left_cheek,480.8,350.3,575.9,485.7,761.0,527.9,879.9,697.1,extraversion_high5_FxVUG2R1y0Q.004.mp4,1280,720,29.97,459,extraversion,high
265,8842,right_cheek,687.4,346.1,802.9,484.5,1019.2,522.7,1163.6,695.6,extraversion_high5_FxVUG2R1y0Q.004.mp4,1280,720,29.97,459,extraversion,high
266,8875,left_eye,489.8,247.7,596.0,328.2,772.2,399.6,905.0,500.2,extraversion_high5_FxVUG2R1y0Q.004.mp4,1280,720,29.97,459,extraversion,high
266,8875,right_eye,660.2,246.4,786.1,326.3,985.2,398.0,1142.6,497.9,extraversion_high5_FxVUG2R1y0Q.004.mp4,1280,720,29.97,459,extraversion,high
266,8875,nose,580.3,301.3,674.7,424.7,885.4,466.7,1003.4,620.9,extraversion_high5_FxVUG2R1y0Q.004.mp4,1280,720,29.97,459,extraversion,high
266,8875,mouth,569.3,450.0,702.2,527.1,871.6,652.5,1037.8,748.9,extraversion_high5_FxVUG2R1y0Q.004.mp4,1280,720,29.97,459,extraversion,high
266,8875,forehead,475.1,187.0,827.5,472.8,753.8,323.8,1194.4,681.1,extraversion_high5_FxVUG2R1y0Q.004.mp4,1280,720,29.97,459,extraversion,high
266,8875,chin,477.7,348.8,826.3,586.2,757.2,525.9,1192.9,822.7,extraversion_high5_FxVUG2R1y0Q.004.mp4,1280,720,29.97,459,extraversion,high
266,8875,left_cheek,480.8,350.3,576.1,485.7,761.0,527.9,880.1,697.1,extraversion_high5_FxVUG2R1y0Q.004.mp4,1280,720,29.97,459,extraversion,high
266,8875,right_cheek,687.0,348.0,802.5,485.9,1018.8,525.0,1163.1,697.3,extraversion_high5_FxVUG2R1y0Q.004.mp4,1280,720,29.97,459,extraversion,high
267,8908,left_eye,490.2,248.2,596.7,328.5,772.8,400.2,905.9,500.7,extraversion_high5_FxVUG2R1y0Q.004.mp4,1280,720,29.97,459,extraversion,high
267,8908,right_eye,660.3,247.5,786.4,327.4,985.3,399.4,1143.0,499.3,extraversion_high5_FxVUG2R1y0Q.004.mp4,1280,720,29.97,459,extraversion,high
267,8908,nose,580.8,302.3,674.9,427.0,886.0,467.9,1003.6,623.7,extraversion_high5_FxVUG2R1y0Q.004.mp4,1280,720,29.97,459,extraversion,high
267,8908,mouth,570.8,452.2,702.1,527.9,873.5,655.2,1037.6,749.8,extraversion_high5_FxVUG2R1y0Q.004.mp4,1280,720,29.97,459,extraversion,high
267,8908,forehead,475.7,187.4,827.9,474.0,754.6,324.2,1194.8,682.5,extraversion_high5_FxVUG2R1y0Q.004.mp4,1280,720,29.97,459,extraversion,high
267,8908,chin,478.3,349.5,826.7,586.8,757.9,526.8,1193.4,823.5,extraversion_high5_FxVUG2R1y0Q.004.mp4,1280,720,29.97,459,extraversion,high
267,8908,left_cheek,480.9,350.5,576.5,485.9,761.2,528.1,880.6,697.4,extraversion_high5_FxVUG2R1y0Q.004.mp4,1280,720,29.97,459,extraversion,high
267,8908,right_cheek,687.1,349.1,802.8,487.7,1018.9,526.4,1163.5,699.6,extraversion_high5_FxVUG2R1y0Q.004.mp4,1280,720,29.97,459,extraversion,high
268,8942,left_eye,490.2,249.0,596.7,328.9,772.8,401.2,905.9,501.1,extraversion_high5_FxVUG2R1y0Q.004.mp4,1280,720,29.97,459,extraversion,high
268,8942,right_eye,660.4,249.0,786.4,328.9,985.5,401.2,1143.0,501.1,extraversion_high5_FxVUG2R1y0Q.004.mp4,1280,720,29.97,459,extraversion,high
268,8942,nose,580.8,302.9,673.9,428.4,886.0,468.6,1002.4,625.5,extraversion_high5_FxVUG2R1y0Q.004.mp4,1280,720,29.97,459,extraversion,high
268,8942,mouth,570.8,454.5,700.5,528.0,873.5,658.1,1035.6,750.0,extraversion_high5_FxVUG2R1y0Q.004.mp4,1280,720,29.97,459,extraversion,high
268,8942,forehead,475.6,187.5,827.8,475.7,754.5,324.4,1194.8,684.6,extraversion_high5_FxVUG2R1y0Q.004.mp4,1280,720,29.97,459,extraversion,high
268,8942,chin,478.2,350.8,826.5,587.4,757.8,528.5,1193.1,824.2,extraversion_high5_FxVUG2R1y0Q.004.mp4,1280,720,29.97,459,extraversion,high
268,8942,left_cheek,480.9,350.4,576.5,486.3,761.1,527.9,880.7,697.8,extraversion_high5_FxVUG2R1y0Q.004.mp4,1280,720,29.97,459,extraversion,high
268,8942,right_cheek,686.7,350.6,802.7,489.4,1018.4,528.3,1163.3,701.8,extraversion_high5_FxVUG2R1y0Q.004.mp4,1280,720,29.97,459,extraversion,high
269,8975,left_eye,490.2,249.3,596.7,329.4,772.8,401.6,905.9,501.8,extraversion_high5_FxVUG2R1y0Q.004.mp4,1280,720,29.97,459,extraversion,high
269,8975,right_eye,660.4,249.7,786.4,329.8,985.6,402.1,1143.0,502.2,extraversion_high5_FxVUG2R1y0Q.004.mp4,1280,720,29.97,459,extraversion,high
269,8975,nose,581.1,303.5,673.8,429.4,886.4,469.4,1002.2,626.8,extraversion_high5_FxVUG2R1y0Q.004.mp4,1280,720,29.97,459,extraversion,high
269,8975,mouth,571.0,455.4,700.4,528.0,873.8,659.3,1035.5,750.0,extraversion_high5_FxVUG2R1y0Q.004.mp4,1280,720,29.97,459,extraversion,high
269,8975,forehead,475.0,187.8,828.0,475.8,753.7,324.8,1195.0,684.8,extraversion_high5_FxVUG2R1y0Q.004.mp4,1280,720,29.97,459,extraversion,high
269,8975,chin,477.6,350.8,826.5,586.4,757.0,528.6,1193.2,823.0,extraversion_high5_FxVUG2R1y0Q.004.mp4,1280,720,29.97,459,extraversion,high
269,8975,left_cheek,480.6,350.3,576.6,486.4,760.7,527.9,880.7,698.0,extraversion_high5_FxVUG2R1y0Q.004.mp4,1280,720,29.97,459,extraversion,high
269,8975,right_cheek,686.6,351.1,802.7,490.1,1018.3,528.9,1163.4,702.7,extraversion_high5_FxVUG2R1y0Q.004.mp4,1280,720,29.97,459,extraversion,high
270,9009,left_eye,490.3,249.2,596.9,329.0,772.9,401.5,906.2,501.3,extraversion_high5_FxVUG2R1y0Q.004.mp4,1280,720,29.97,459,extraversion,high
270,9009,right_eye,660.9,249.5,786.9,329.5,986.2,401.8,1143.6,501.9,extraversion_high5_FxVUG2R1y0Q.004.mp4,1280,720,29.97,459,extraversion,high
270,9009,nose,581.8,303.4,673.8,428.8,887.3,469.2,1002.3,625.9,extraversion_high5_FxVUG2R1y0Q.004.mp4,1280,720,29.97,459,extraversion,high
270,9009,mouth,572.0,454.8,700.6,527.7,875.0,658.5,1035.7,749.6,extraversion_high5_FxVUG2R1y0Q.004.mp4,1280,720,29.97,459,extraversion,high
270,9009,forehead,474.9,187.6,828.1,474.9,753.7,324.4,1195.1,683.7,extraversion_high5_FxVUG2R1y0Q.004.mp4,1280,720,29.97,459,extraversion,high
270,9009,chin,477.5,348.3,826.6,584.5,756.9,525.4,1193.3,820.7,extraversion_high5_FxVUG2R1y0Q.004.mp4,1280,720,29.97,459,extraversion,high
270,9009,left_cheek,480.5,348.9,576.9,486.0,760.7,526.2,881.1,697.5,extraversion_high5_FxVUG2R1y0Q.004.mp4,1280,720,29.97,459,extraversion,high
270,9009,right_cheek,686.7,350.8,802.9,489.9,1018.4,528.5,1163.6,702.4,extraversion_high5_FxVUG2R1y0Q.004.mp4,1280,720,29.97,459,extraversion,high
271,9042,left_eye,491.8,248.8,597.3,329.0,774.8,401.0,906.7,501.3,extraversion_high5_FxVUG2R1y0Q.004.mp4,1280,720,29.97,459,extraversion,high
271,9042,right_eye,661.6,249.3,787.5,329.3,987.0,401.6,1144.4,501.6,extraversion_high5_FxVUG2R1y0Q.004.mp4,1280,720,29.97,459,extraversion,high
271,9042,nose,582.3,303.2,674.0,429.4,887.9,469.0,1002.4,626.7,extraversion_high5_FxVUG2R1y0Q.004.mp4,1280,720,29.97,459,extraversion,high
271,9042,mouth,573.8,456.2,699.8,532.1,877.3,660.3,1034.7,755.2,extraversion_high5_FxVUG2R1y0Q.004.mp4,1280,720,29.97,459,extraversion,high
271,9042,forehead,476.0,187.3,828.4,475.0,755.0,324.2,1195.6,683.8,extraversion_high5_FxVUG2R1y0Q.004.mp4,1280,720,29.97,459,extraversion,high
271,9042,chin,478.4,347.8,826.9,588.2,758.0,524.7,1193.6,825.3,extraversion_high5_FxVUG2R1y0Q.004.mp4,1280,720,29.97,459,extraversion,high
271,9042,left_cheek,481.2,348.6,577.5,486.5,761.6,525.8,881.9,698.1,extraversion_high5_FxVUG2R1y0Q.004.mp4,1280,720,29.97,459,extraversion,high
271,9042,right_cheek,686.8,350.8,803.1,491.2,1018.5,528.5,1163.9,703.9,extraversion_high5_FxVUG2R1y0Q.004.mp4,1280,720,29.97,459,extraversion,high
272,9075,left_eye,492.5,248.8,597.9,328.9,775.6,401.0,907.4,501.1,extraversion_high5_FxVUG2R1y0Q.004.mp4,1280,720,29.97,459,extraversion,high
272,9075,right_eye,662.5,249.2,788.8,329.1,988.1,401.4,1146.0,501.4,extraversion_high5_FxVUG2R1y0Q.004.mp4,1280,720,29.97,459,extraversion,high
272,9075,nose,583.3,303.1,674.0,429.3,889.1,468.9,1002.5,626.6,extraversion_high5_FxVUG2R1y0Q.004.mp4,1280,720,29.97,459,extraversion,high
272,9075,mouth,578.1,457.6,699.1,535.6,882.7,662.0,1033.8,759.4,extraversion_high5_FxVUG2R1y0Q.004.mp4,1280,720,29.97,459,extraversion,high
272,9075,forehead,477.3,187.3,829.1,475.0,756.6,324.2,1196.4,683.7,extraversion_high5_FxVUG2R1y0Q.004.mp4,1280,720,29.97,459,extraversion,high
272,9075,chin,479.7,347.7,827.6,592.4,759.7,524.6,1194.5,830.5,extraversion_high5_FxVUG2R1y0Q.004.mp4,1280,720,29.97,459,extraversion,high
272,9075,left_cheek,482.3,348.5,578.5,487.0,762.9,525.7,883.1,698.7,extraversion_high5_FxVUG2R1y0Q.004.mp4,1280,720,29.97,459,extraversion,high
272,9075,right_cheek,687.2,350.7,803.9,491.9,1019.0,528.4,1164.8,704.9,extraversion_high5_FxVUG2R1y0Q.004.mp4,1280,720,29.97,459,extraversion,high
273,9109,left_eye,493.5,248.5,598.1,328.5,776.9,400.6,907.6,500.7,extraversion_high5_FxVUG2R1y0Q.004.mp4,1280,720,29.97,459,extraversion,high
273,9109,right_eye,662.7,249.1,789.0,329.0,988.4,401.3,1146.3,501.3,extraversion_high5_FxVUG2R1y0Q.004.mp4,1280,720,29.97,459,extraversion,high
273,9109,nose,584.0,303.1,674.1,429.0,890.0,468.8,1002.6,626.3,extraversion_high5_FxVUG2R1y0Q.004.mp4,1280,720,29.97,459,extraversion,high
273,9109,mouth,579.4,458.6,698.2,536.6,884.2,663.3,1032.7,760.7,extraversion_high5_FxVUG2R1y0Q.004.mp4,1280,720,29.97,459,extraversion,high
273,9109,forehead,479.4,187.5,829.7,475.0,759.3,324.4,1197.1,683.7,extraversion_high5_FxVUG2R1y0Q.004.mp4,1280,720,29.97,459,extraversion,high
273,9109,chin,481.8,347.6,828.3,594.2,762.3,524.5,1195.4,832.7,extraversion_high5_FxVUG2R1y0Q.004.mp4,1280,720,29.97,459,extraversion,high
273,9109,left_cheek,483.8,348.4,579.3,487.1,764.8,525.5,884.1,698.8,extraversion_high5_FxVUG2R1y0Q.004.mp4,1280,720,29.97,459,extraversion,high
273,9109,right_cheek,687.3,350.7,804.1,492.3,1019.2,528.4,1165.2,705.4,extraversion_high5_FxVUG2R1y0Q.004.mp4,1280,720,29.97,459,extraversion,high
274,9142,left_eye,493.7,244.6,598.1,324.9,777.1,395.8,907.6,496.2,extraversion_high5_FxVUG2R1y0Q.004.mp4,1280,720,29.97,459,extraversion,high
274,9142,right_eye,662.9,246.2,790.3,326.2,988.6,397.7,1147.8,497.8,extraversion_high5_FxVUG2R1y0Q.004.mp4,1280,720,29.97,459,extraversion,high
274,9142,nose,584.0,301.1,674.0,426.9,890.0,466.4,1002.5,623.6,extraversion_high5_FxVUG2R1y0Q.004.mp4,1280,720,29.97,459,extraversion,high
274,9142,mouth,578.6,457.8,697.6,536.4,883.3,662.3,1032.0,760.5,extraversion_high5_FxVUG2R1y0Q.004.mp4,1280,720,29.97,459,extraversion,high
274,9142,forehead,480.5,186.7,832.0,471.8,760.7,323.3,1200.0,679.7,extraversion_high5_FxVUG2R1y0Q.004.mp4,1280,720,29.97,459,extraversion,high
274,9142,chin,482.9,345.4,831.2,593.8,763.6,521.8,1199.0,832.2,extraversion_high5_FxVUG2R1y0Q.004.mp4,1280,720,29.97,459,extraversion,high
274,9142,left_cheek,484.3,346.2,579.3,486.0,765.3,522.8,884.1,697.5,extraversion_high5_FxVUG2R1y0Q.004.mp4,1280,720,29.97,459,extraversion,high
274,9142,right_cheek,687.3,348.7,804.8,491.7,1019.2,525.8,1166.0,704.7,extraversion_high5_FxVUG2R1y0Q.004.mp4,1280,720,29.97,459,extraversion,high
275,9175,left_eye,493.7,242.1,598.1,325.1,777.2,392.6,907.6,496.4,extraversion_high5_FxVUG2R1y0Q.004.mp4,1280,720,29.97,459,extraversion,high
275,9175,right_eye,662.8,244.5,790.3,326.2,988.5,395.6,1147.9,497.8,extraversion_high5_FxVUG2R1y0Q.004.mp4,1280,720,29.97,459,extraversion,high
275,9175,nose,584.1,300.3,672.9,426.6,890.2,465.4,1001.1,623.2,extraversion_high5_FxVUG2R1y0Q.004.mp4,1280,720,29.97,459,extraversion,high
275,9175,mouth,578.9,457.7,697.5,529.8,883.7,662.1,1031.9,752.2,extraversion_high5_FxVUG2R1y0Q.004.mp4,1280,720,29.97,459,extraversion,high
275,9175,forehead,480.6,184.8,832.2,471.9,760.7,321.0,1200.3,679.9,extraversion_high5_FxVUG2R1y0Q.004.mp4,1280,720,29.97,459,extraversion,high
275,9175,chin,483.1,345.7,831.3,591.2,763.8,522.1,1199.1,828.9,extraversion_high5_FxVUG2R1y0Q.004.mp4,1280,720,29.97,459,extraversion,high
275,9175,left_cheek,484.7,346.3,579.4,486.0,765.9,522.9,884.2,697.5,extraversion_high5_FxVUG2R1y0Q.004.mp4,1280,720,29.97,459,extraversion,high
275,9175,right_cheek,687.2,348.4,804.7,491.7,1019.0,525.5,1165.9,704.6,extraversion_high5_FxVUG2R1y0Q.004.mp4,1280,720,29.97,459,extraversion,high
276,9209,left_eye,494.1,239.7,598.1,324.1,777.6,389.7,907.7,495.1,extraversion_high5_FxVUG2R1y0Q.004.mp4,1280,720,29.97,459,extraversion,high
276,9209,right_eye,662.9,242.3,790.6,325.1,988.6,392.8,1148.2,496.3,extraversion_high5_FxVUG2R1y0Q.004.mp4,1280,720,29.97,459,extraversion,high
276,9209,nose,584.4,298.7,672.7,426.3,890.5,463.4,1000.9,622.9,extraversion_high5_FxVUG2R1y0Q.004.mp4,1280,720,29.97,459,extraversion,high
276,9209,mouth,578.6,457.4,697.8,521.0,883.2,661.7,1032.2,741.3,extraversion_high5_FxVUG2R1y0Q.004.mp4,1280,720,29.97,459,extraversion,high
276,9209,forehead,481.4,182.1,832.2,471.7,761.8,317.7,1200.3,679.7,extraversion_high5_FxVUG2R1y0Q.004.mp4,1280,720,29.97,459,extraversion,high
276,9209,chin,483.9,344.7,831.2,585.2,764.9,520.8,1199.0,821.5,extraversion_high5_FxVUG2R1y0Q.004.mp4,1280,720,29.97,459,extraversion,high
276,9209,left_cheek,485.2,345.4,579.7,485.5,766.6,521.8,884.6,696.9,extraversion_high5_FxVUG2R1y0Q.004.mp4,1280,720,29.97,459,extraversion,high
276,9209,right_cheek,687.2,347.7,804.8,491.0,1019.0,524.7,1166.0,703.8,extraversion_high5_FxVUG2R1y0Q.004.mp4,1280,720,29.97,459,extraversion,high
277,9242,left_eye,494.3,238.6,598.3,323.2,777.9,388.2,907.9,493.9,extraversion_high5_FxVUG2R1y0Q.004.mp4,1280,720,29.97,459,extraversion,high
277,9242,right_eye,663.2,241.3,790.6,322.5,989.0,391.6,1148.3,493.1,extraversion_high5_FxVUG2R1y0Q.004.mp4,1280,720,29.97,459,extraversion,high
277,9242,nose,584.7,297.4,673.2,426.2,890.9,461.7,1001.5,622.8,extraversion_high5_FxVUG2R1y0Q.004.mp4,1280,720,29.97,459,extraversion,high
277,9242,mouth,579.0,457.4,697.9,517.6,883.8,661.8,1032.4,737.0,extraversion_high5_FxVUG2R1y0Q.004.mp4,1280,720,29.97,459,extraversion,high
277,9242,forehead,481.1,179.8,832.0,471.2,761.4,314.8,1200.1,679.0,extraversion_high5_FxVUG2R1y0Q.004.mp4,1280,720,29.97,459,extraversion,high
277,9242,chin,483.7,343.6,831.0,584.4,764.6,519.5,1198.8,820.5,extraversion_high5_FxVUG2R1y0Q.004.mp4,1280,720,29.97,459,extraversion,high
277,9242,left_cheek,485.6,344.6,580.3,485.2,766.9,520.7,885.4,696.5,extraversion_high5_FxVUG2R1y0Q.004.mp4,1280,720,29.97,459,extraversion,high
277,9242,right_cheek,687.6,346.8,804.9,490.1,1019.5,523.4,1166.1,702.6,extraversion_high5_FxVUG2R1y0Q.004.mp4,1280,720,29.97,459,extraversion,high
278,9275,left_eye,494.3,238.3,598.3,322.6,777.9,387.9,907.9,493.2,extraversion_high5_FxVUG2R1y0Q.004.mp4,1280,720,29.97,459,extraversion,high
278,9275,right_eye,663.1,241.1,789.6,322.2,988.9,391.4,1147.0,492.8,extraversion_high5_FxVUG2R1y0Q.004.mp4,1280,720,29.97,459,extraversion,high
278,9275,nose,584.9,297.1,673.3,426.2,891.1,461.3,1001.6,622.7,extraversion_high5_FxVUG2R1y0Q.004.mp4,1280,720,29.97,459,extraversion,high
278,9275,mouth,578.9,458.1,697.9,518.8,883.6,662.6,1032.4,738.5,extraversion_high5_FxVUG2R1y0Q.004.mp4,1280,720,29.97,459,extraversion,high
278,9275,forehead,480.9,179.1,831.7,471.1,761.2,313.8,1199.6,678.8,extraversion_high5_FxVUG2R1y0Q.004.mp4,1280,720,29.97,459,extraversion,high
278,9275,chin,483.6,342.8,830.5,583.3,764.5,518.5,1198.1,819.1,extraversion_high5_FxVUG2R1y0Q.004.mp4,1280,720,29.97,459,extraversion,high
278,9275,left_cheek,485.4,344.1,580.3,485.0,766.8,520.1,885.4,696.3,extraversion_high5_FxVUG2R1y0Q.004.mp4,1280,720,29.97,459,extraversion,high
278,9275,right_cheek,687.6,346.6,804.7,489.8,1019.5,523.3,1165.9,702.3,extraversion_high5_FxVUG2R1y0Q.004.mp4,1280,720,29.97,459,extraversion,high
279,9309,left_eye,494.3,238.9,598.7,322.6,777.9,388.7,908.3,493.3,extraversion_high5_FxVUG2R1y0Q.004.mp4,1280,720,29.97,459,extraversion,high
279,9309,right_eye,663.1,241.4,789.5,322.7,988.9,391.8,1146.9,493.4,extraversion_high5_FxVUG2R1y0Q.004.mp4,1280,720,29.97,459,extraversion,high
279,9309,nose,584.0,298.3,675.4,427.0,890.0,462.8,1004.2,623.7,extraversion_high5_FxVUG2R1y0Q.004.mp4,1280,720,29.97,459,extraversion,high
279,9309,mouth,578.0,459.7,703.9,529.3,882.4,664.6,1039.8,751.6,extraversion_high5_FxVUG2R1y0Q.004.mp4,1280,720,29.97,459,extraversion,high
279,9309,forehead,480.7,179.3,830.9,472.1,760.9,314.2,1198.6,680.2,extraversion_high5_FxVUG2R1y0Q.004.mp4,1280,720,29.97,459,extraversion,high
279,9309,chin,483.5,343.2,829.8,594.4,764.4,519.0,1197.2,833.0,extraversion_high5_FxVUG2R1y0Q.004.mp4,1280,720,29.97,459,extraversion,high
279,9309,left_cheek,485.3,344.1,580.2,487.0,766.7,520.2,885.3,698.7,extraversion_high5_FxVUG2R1y0Q.004.mp4,1280,720,29.97,459,extraversion,high
279,9309,right_cheek,688.2,346.8,804.6,490.9,1020.2,523.5,1165.8,703.6,extraversion_high5_FxVUG2R1y0Q.004.mp4,1280,720,29.97,459,extraversion,high
280,9342,left_eye,494.6,245.0,598.8,329.7,778.2,396.3,908.5,502.1,extraversion_high5_FxVUG2R1y0Q.004.mp4,1280,720,29.97,459,extraversion,high
280,9342,right_eye,662.7,246.2,789.2,329.3,988.4,397.8,1146.5,501.7,extraversion_high5_FxVUG2R1y0Q.004.mp4,1280,720,29.97,459,extraversion,high
280,9342,nose,583.9,304.8,675.7,434.6,889.9,471.0,1004.6,633.3,extraversion_high5_FxVUG2R1y0Q.004.mp4,1280,720,29.97,459,extraversion,high
280,9342,mouth,576.8,462.7,709.7,546.6,881.0,668.4,1047.1,773.3,extraversion_high5_FxVUG2R1y0Q.004.mp4,1280,720,29.97,459,extraversion,high
280,9342,forehead,481.0,184.2,831.1,474.1,761.2,320.3,1198.9,682.6,extraversion_high5_FxVUG2R1y0Q.004.mp4,1280,720,29.97,459,extraversion,high
280,9342,chin,483.8,345.7,830.3,603.6,764.8,522.1,1197.9,844.5,extraversion_high5_FxVUG2R1y0Q.004.mp4,1280,720,29.97,459,extraversion,high
280,9342,left_cheek,485.3,348.4,580.2,491.6,766.6,525.5,885.3,704.5,extraversion_high5_FxVUG2R1y0Q.004.mp4,1280,720,29.97,459,extraversion,high
280,9342,right_cheek,688.4,349.3,804.9,494.4,1020.5,526.6,1166.1,708.0,extraversion_high5_FxVUG2R1y0Q.004.mp4,1280,720,29.97,459,extraversion,high
281,9376,left_eye,494.5,254.3,598.8,337.9,778.2,407.8,908.5,512.3,extraversion_high5_FxVUG2R1y0Q.004.mp4,1280,720,29.97,459,extraversion,high
281,9376,right_eye,662.2,253.2,789.2,335.3,987.8,406.5,1146.4,509.1,extraversion_high5_FxVUG2R1y0Q.004.mp4,1280,720,29.97,459,extraversion,high
281,9376,nose,584.0,311.1,676.7,442.8,889.9,478.8,1005.9,643.5,extraversion_high5_FxVUG2R1y0Q.004.mp4,1280,720,29.97,459,extraversion,high
281,9376,mouth,575.0,467.3,715.4,553.3,878.8,674.1,1054.2,781.7,extraversion_high5_FxVUG2R1y0Q.004.mp4,1280,720,29.97,459,extraversion,high
281,9376,forehead,480.8,190.3,831.9,473.2,761.0,327.8,1199.9,681.5,extraversion_high5_FxVUG2R1y0Q.004.mp4,1280,720,29.97,459,extraversion,high
281,9376,chin,483.7,345.7,831.1,600.9,764.7,522.2,1198.9,841.1,extraversion_high5_FxVUG2R1y0Q.004.mp4,1280,720,29.97,459,extraversion,high
281,9376,left_cheek,485.2,354.8,580.2,495.6,766.5,533.5,885.2,709.5,extraversion_high5_FxVUG2R1y0Q.004.mp4,1280,720,29.97,459,extraversion,high
281,9376,right_cheek,689.1,351.6,805.9,495.3,1021.4,529.5,1167.4,709.1,extraversion_high5_FxVUG2R1y0Q.004.mp4,1280,720,29.97,459,extraversion,high
282,9409,left_eye,494.1,260.8,598.8,342.4,777.6,416.0,908.5,518.0,extraversion_high5_FxVUG2R1y0Q.004.mp4,1280,720,29.97,459,extraversion,high
282,9409,right_eye,662.0,256.8,789.2,338.7,987.6,411.0,1146.4,513.4,extraversion_high5_FxVUG2R1y0Q.004.mp4,1280,720,29.97,459,extraversion,high
282,9409,nose,584.0,315.0,679.6,446.8,890.0,483.7,1009.6,648.5,extraversion_high5_FxVUG2R1y0Q.004.mp4,1280,720,29.97,459,extraversion,high
282,9409,mouth,572.9,468.9,719.2,557.3,876.1,676.2,1058.9,786.6,extraversion_high5_FxVUG2R1y0Q.004.mp4,1280,720,29.97,459,extraversion,high
282,9409,forehead,479.2,194.0,831.9,475.2,759.0,332.5,1199.8,684.0,extraversion_high5_FxVUG2R1y0Q.004.mp4,1280,720,29.97,459,extraversion,high
282,9409,chin,482.9,346.4,831.0,607.2,763.6,523.0,1198.8,849.1,extraversion_high5_FxVUG2R1y0Q.004.mp4,1280,720,29.97,459,extraversion,high
282,9409,left_cheek,485.0,359.5,580.2,499.8,766.3,539.4,885.2,714.7,extraversion_high5_FxVUG2R1y0Q.004.mp4,1280,720,29.97,459,extraversion,high
282,9409,right_cheek,690.2,353.6,806.3,496.8,1022.8,532.0,1167.9,711.0,extraversion_high5_FxVUG2R1y0Q.004.mp4,1280,720,29.97,459,extraversion,high
283,9442,left_eye,493.5,263.1,598.8,344.7,776.9,418.9,908.5,520.8,extraversion_high5_FxVUG2R1y0Q.004.mp4,1280,720,29.97,459,extraversion,high
283,9442,right_eye,662.0,258.7,789.3,340.4,987.5,413.4,1146.6,515.5,extraversion_high5_FxVUG2R1y0Q.004.mp4,1280,720,29.97,459,extraversion,high
283,9442,nose,584.0,316.0,681.7,448.2,890.0,485.1,1012.1,650.2,extraversion_high5_FxVUG2R1y0Q.004.mp4,1280,720,29.97,459,extraversion,high
283,9442,mouth,571.7,469.6,720.7,558.1,874.6,677.0,1060.8,787.7,extraversion_high5_FxVUG2R1y0Q.004.mp4,1280,720,29.97,459,extraversion,high
283,9442,forehead,477.7,194.8,832.2,476.9,757.2,333.5,1200.2,686.1,extraversion_high5_FxVUG2R1y0Q.004.mp4,1280,720,29.97,459,extraversion,high
283,9442,chin,481.9,346.5,831.4,607.1,762.3,523.1,1199.3,848.9,extraversion_high5_FxVUG2R1y0Q.004.mp4,1280,720,29.97,459,extraversion,high
283,9442,left_cheek,484.6,361.3,580.2,500.7,765.7,541.6,885.2,715.9,extraversion_high5_FxVUG2R1y0Q.004.mp4,1280,720,29.97,459,extraversion,high
283,9442,right_cheek,691.4,354.0,807.1,496.9,1024.3,532.5,1168.8,711.1,extraversion_high5_FxVUG2R1y0Q.004.mp4,1280,720,29.97,459,extraversion,high
284,9476,left_eye,493.2,262.6,598.9,344.4,776.5,418.2,908.7,520.5,extraversion_high5_FxVUG2R1y0Q.004.mp4,1280,720,29.97,459,extraversion,high
284,9476,right_eye,662.2,258.7,789.5,340.6,987.7,413.3,1146.9,515.8,extraversion_high5_FxVUG2R1y0Q.004.mp4,1280,720,29.97,459,extraversion,high
284,9476,nose,584.2,315.6,682.4,447.0,890.3,484.4,1013.0,648.8,extraversion_high5_FxVUG2R1y0Q.004.mp4,1280,720,29.97,459,extraversion,high
284,9476,mouth,570.4,468.3,721.4,557.4,873.0,675.4,1061.8,786.8,extraversion_high5_FxVUG2R1y0Q.004.mp4,1280,720,29.97,459,extraversion,high
284,9476,forehead,476.8,194.4,832.4,477.4,756.0,333.1,1200.5,686.7,extraversion_high5_FxVUG2R1y0Q.004.mp4,1280,720,29.97,459,extraversion,high
284,9476,chin,480.5,347.0,831.7,608.4,760.7,523.8,1199.7,850.5,extraversion_high5_FxVUG2R1y0Q.004.mp4,1280,720,29.97,459,extraversion,high
284,9476,left_cheek,484.2,360.8,580.2,500.3,765.2,541.0,885.2,715.3,extraversion_high5_FxVUG2R1y0Q.004.mp4,1280,720,29.97,459,extraversion,high
284,9476,right_cheek,692.1,354.2,807.6,497.0,1025.1,532.7,1169.5,711.3,extraversion_high5_FxVUG2R1y0Q.004.mp4,1280,720,29.97,459,extraversion,high
285,9509,left_eye,493.0,261.0,599.0,343.3,776.2,416.3,908.7,519.1,extraversion_high5_FxVUG2R1y0Q.004.mp4,1280,720,29.97,459,extraversion,high
285,9509,right_eye,662.6,257.5,790.1,339.6,988.3,411.9,1147.6,514.5,extraversion_high5_FxVUG2R1y0Q.004.mp4,1280,720,29.97,459,extraversion,high
285,9509,nose,584.3,314.4,683.8,445.2,890.4,483.0,1014.7,646.5,extraversion_high5_FxVUG2R1y0Q.004.mp4,1280,720,29.97,459,extraversion,high
285,9509,mouth,570.4,468.1,722.4,557.0,873.0,675.2,1063.0,786.2,extraversion_high5_FxVUG2R1y0Q.004.mp4,1280,720,29.97,459,extraversion,high
285,9509,forehead,475.9,193.9,833.5,477.2,754.8,332.3,1201.9,686.5,extraversion_high5_FxVUG2R1y0Q.004.mp4,1280,720,29.97,459,extraversion,high
285,9509,chin,479.1,347.0,833.0,607.6,758.9,523.7,1201.3,849.4,extraversion_high5_FxVUG2R1y0Q.004.mp4,1280,720,29.97,459,extraversion,high
285,9509,left_cheek,483.7,360.1,580.2,499.7,764.6,540.1,885.3,714.6,extraversion_high5_FxVUG2R1y0Q.004.mp4,1280,720,29.97,459,extraversion,high
285,9509,right_cheek,693.0,353.9,808.5,496.7,1026.3,532.3,1170.7,710.8,extraversion_high5_FxVUG2R1y0Q.004.mp4,1280,720,29.97,459,extraversion,high
286,9542,left_eye,493.4,259.4,599.0,341.8,776.8,414.3,908.7,517.3,extraversion_high5_FxVUG2R1y0Q.004.mp4,1280,720,29.97,459,extraversion,high
286,9542,right_eye,662.7,256.9,791.4,339.1,988.4,411.1,1149.3,513.9,extraversion_high5_FxVUG2R1y0Q.004.mp4,1280,720,29.97,459,extraversion,high
286,9542,nose,584.3,313.6,684.7,444.8,890.3,481.9,1015.8,646.0,extraversion_high5_FxVUG2R1y0Q.004.mp4,1280,720,29.97,459,extraversion,high
286,9542,mouth,570.6,463.7,725.3,556.2,873.3,669.6,1066.7,785.2,extraversion_high5_FxVUG2R1y0Q.004.mp4,1280,720,29.97,459,extraversion,high
286,9542,forehead,477.7,193.5,837.3,477.4,757.1,331.9,1206.6,686.8,extraversion_high5_FxVUG2R1y0Q.004.mp4,1280,720,29.97,459,extraversion,high
286,9542,chin,481.6,345.2,837.3,607.3,762.0,521.5,1206.6,849.1,extraversion_high5_FxVUG2R1y0Q.004.mp4,1280,720,29.97,459,extraversion,high
286,9542,left_cheek,484.5,359.5,580.3,498.9,765.6,539.3,885.4,713.7,extraversion_high5_FxVUG2R1y0Q.004.mp4,1280,720,29.97,459,extraversion,high
286,9542,right_cheek,693.9,351.2,810.6,494.6,1027.4,529.0,1173.3,708.2,extraversion_high5_FxVUG2R1y0Q.004.mp4,1280,720,29.97,459,extraversion,high
287,9576,left_eye,493.9,259.1,599.5,341.0,777.4,413.9,909.3,516.2,extraversion_high5_FxVUG2R1y0Q.004.mp4,1280,720,29.97,459,extraversion,high
287,9576,right_eye,663.0,255.7,792.8,338.8,988.7,409.6,1151.0,513.5,extraversion_high5_FxVUG2R1y0Q.004.mp4,1280,720,29.97,459,extraversion,high
287,9576,nose,585.2,313.1,684.8,444.4,891.5,481.4,1015.9,645.5,extraversion_high5_FxVUG2R1y0Q.004.mp4,1280,720,29.97,459,extraversion,high
287,9576,mouth,572.3,460.6,727.8,554.6,875.4,665.8,1069.7,783.3,extraversion_high5_FxVUG2R1y0Q.004.mp4,1280,720,29.97,459,extraversion,high
287,9576,forehead,479.2,193.4,838.8,477.4,759.0,331.8,1208.5,686.8,extraversion_high5_FxVUG2R1y0Q.004.mp4,1280,720,29.97,459,extraversion,high
287,9576,chin,483.6,344.7,838.8,606.5,764.5,520.8,1208.5,848.1,extraversion_high5_FxVUG2R1y0Q.004.mp4,1280,720,29.97,459,extraversion,high
287,9576,left_cheek,486.3,359.1,581.3,498.4,767.9,538.8,886.6,713.0,extraversion_high5_FxVUG2R1y0Q.004.mp4,1280,720,29.97,459,extraversion,high
287,9576,right_cheek,694.3,350.2,811.4,493.8,1027.9,527.7,1174.2,707.2,extraversion_high5_FxVUG2R1y0Q.004.mp4,1280,720,29.97,459,extraversion,high
288,9609,left_eye,493.9,257.5,599.6,340.2,777.4,411.9,909.5,515.2,extraversion_high5_FxVUG2R1y0Q.004.mp4,1280,720,29.97,459,extraversion,high
288,9609,right_eye,663.0,253.4,793.5,335.8,988.7,406.7,1151.9,509.7,extraversion_high5_FxVUG2R1y0Q.004.mp4,1280,720,29.97,459,extraversion,high
288,9609,nose,585.3,311.6,684.6,441.0,891.6,479.5,1015.7,641.2,extraversion_high5_FxVUG2R1y0Q.004.mp4,1280,720,29.97,459,extraversion,high
288,9609,mouth,573.2,457.8,728.5,553.6,876.5,662.2,1070.6,782.0,extraversion_high5_FxVUG2R1y0Q.004.mp4,1280,720,29.97,459,extraversion,high
288,9609,forehead,479.4,191.8,840.5,477.2,759.2,329.7,1210.6,686.5,extraversion_high5_FxVUG2R1y0Q.004.mp4,1280,720,29.97,459,extraversion,high
288,9609,chin,484.3,342.2,840.5,606.3,765.3,517.7,1210.6,847.9,extraversion_high5_FxVUG2R1y0Q.004.mp4,1280,720,29.97,459,extraversion,high
288,9609,left_cheek,486.8,358.9,581.5,497.9,768.5,538.6,886.9,712.4,extraversion_high5_FxVUG2R1y0Q.004.mp4,1280,720,29.97,459,extraversion,high
288,9609,right_cheek,694.4,347.4,812.1,491.2,1028.0,524.3,1175.2,703.9,extraversion_high5_FxVUG2R1y0Q.004.mp4,1280,720,29.97,459,extraversion,high
289,9642,left_eye,493.6,257.0,599.6,340.0,776.9,411.3,909.5,515.1,extraversion_high5_FxVUG2R1y0Q.004.mp4,1280,720,29.97,459,extraversion,high
289,9642,right_eye,663.0,252.7,793.3,333.5,988.7,405.9,1151.7,506.9,extraversion_high5_FxVUG2R1y0Q.004.mp4,1280,720,29.97,459,extraversion,high
289,9642,nose,585.2,310.8,684.7,438.7,891.6,478.5,1015.8,638.4,extraversion_high5_FxVUG2R1y0Q.004.mp4,1280,720,29.97,459,extraversion,high
289,9642,mouth,573.5,456.4,728.7,553.9,876.8,660.6,1070.8,782.4,extraversion_high5_FxVUG2R1y0Q.004.mp4,1280,720,29.97,459,extraversion,high
289,9642,forehead,478.8,191.6,840.3,476.9,758.6,329.4,1210.4,686.1,extraversion_high5_FxVUG2R1y0Q.004.mp4,1280,720,29.97,459,extraversion,high
289,9642,chin,484.1,342.3,840.3,605.9,765.1,517.9,1210.4,847.4,extraversion_high5_FxVUG2R1y0Q.004.mp4,1280,720,29.97,459,extraversion,high
289,9642,left_cheek,486.7,358.6,581.5,497.5,768.3,538.2,886.9,711.9,extraversion_high5_FxVUG2R1y0Q.004.mp4,1280,720,29.97,459,extraversion,high
289,9642,right_cheek,694.6,346.9,812.1,489.5,1028.3,523.7,1175.2,701.8,extraversion_high5_FxVUG2R1y0Q.004.mp4,1280,720,29.97,459,extraversion,high
290,9676,left_eye,493.5,256.1,600.2,337.9,776.9,410.1,910.2,512.4,extraversion_high5_FxVUG2R1y0Q.004.mp4,1280,720,29.97,459,extraversion,high
290,9676,right_eye,663.3,252.7,793.2,333.2,989.2,405.9,1151.5,506.4,extraversion_high5_FxVUG2R1y0Q.004.mp4,1280,720,29.97,459,extraversion,high
290,9676,nose,585.4,309.6,684.9,436.9,891.7,477.0,1016.1,636.1,extraversion_high5_FxVUG2R1y0Q.004.mp4,1280,720,29.97,459,extraversion,high
290,9676,mouth,573.5,455.3,727.9,557.9,876.9,659.1,1069.8,787.3,extraversion_high5_FxVUG2R1y0Q.004.mp4,1280,720,29.97,459,extraversion,high
290,9676,forehead,477.6,191.4,839.6,473.2,757.1,329.3,1209.6,681.5,extraversion_high5_FxVUG2R1y0Q.004.mp4,1280,720,29.97,459,extraversion,high
290,9676,chin,482.6,342.4,839.6,605.8,763.3,518.0,1209.6,847.3,extraversion_high5_FxVUG2R1y0Q.004.mp4,1280,720,29.97,459,extraversion,high
290,9676,left_cheek,486.6,356.3,581.7,495.6,768.3,535.4,887.1,709.5,extraversion_high5_FxVUG2R1y0Q.004.mp4,1280,720,29.97,459,extraversion,high
290,9676,right_cheek,694.6,347.0,811.9,489.1,1028.3,523.8,1174.8,701.4,extraversion_high5_FxVUG2R1y0Q.004.mp4,1280,720,29.97,459,extraversion,high
291,9709,left_eye,493.5,255.2,600.2,336.2,776.9,409.0,910.2,510.3,extraversion_high5_FxVUG2R1y0Q.004.mp4,1280,720,29.97,459,extraversion,high
291,9709,right_eye,663.5,252.9,793.2,333.1,989.4,406.2,1151.5,506.4,extraversion_high5_FxVUG2R1y0Q.004.mp4,1280,720,29.97,459,extraversion,high
291,9709,nose,585.0,309.1,684.7,436.5,891.2,476.3,1015.9,635.6,extraversion_high5_FxVUG2R1y0Q.004.mp4,1280,720,29.97,459,extraversion,high
291,9709,mouth,573.0,455.1,726.9,563.1,876.3,658.9,1068.6,793.8,extraversion_high5_FxVUG2R1y0Q.004.mp4,1280,720,29.97,459,extraversion,high
291,9709,forehead,477.6,191.3,839.3,471.9,757.0,329.2,1209.1,679.8,extraversion_high5_FxVUG2R1y0Q.004.mp4,1280,720,29.97,459,extraversion,high
291,9709,chin,482.2,342.8,839.3,610.1,762.7,518.6,1209.1,852.6,extraversion_high5_FxVUG2R1y0Q.004.mp4,1280,720,29.97,459,extraversion,high
291,9709,left_cheek,486.4,354.8,581.6,494.9,768.0,533.5,887.0,708.6,extraversion_high5_FxVUG2R1y0Q.004.mp4,1280,720,29.97,459,extraversion,high
291,9709,right_cheek,694.5,347.2,811.8,489.2,1028.2,524.0,1174.7,701.5,extraversion_high5_FxVUG2R1y0Q.004.mp4,1280,720,29.97,459,extraversion,high
292,9743,left_eye,493.6,254.8,600.1,336.0,777.0,408.5,910.2,509.9,extraversion_high5_FxVUG2R1y0Q.004.mp4,1280,720,29.97,459,extraversion,high
292,9743,right_eye,663.5,253.8,792.9,333.6,989.4,407.3,1151.1,507.0,extraversion_high5_FxVUG2R1y0Q.004.mp4,1280,720,29.97,459,extraversion,high
292,9743,nose,584.7,309.0,684.7,437.8,890.9,476.3,1015.8,637.3,extraversion_high5_FxVUG2R1y0Q.004.mp4,1280,720,29.97,459,extraversion,high
292,9743,mouth,572.3,457.8,726.0,562.5,875.4,662.3,1067.5,793.1,extraversion_high5_FxVUG2R1y0Q.004.mp4,1280,720,29.97,459,extraversion,high
292,9743,forehead,477.7,191.3,839.1,471.8,757.1,329.1,1208.9,679.8,extraversion_high5_FxVUG2R1y0Q.004.mp4,1280,720,29.97,459,extraversion,high
292,9743,chin,482.0,344.1,839.1,610.7,762.5,520.1,1208.9,853.4,extraversion_high5_FxVUG2R1y0Q.004.mp4,1280,720,29.97,459,extraversion,high
292,9743,left_cheek,486.0,354.3,581.5,495.0,767.5,532.9,886.9,708.8,extraversion_high5_FxVUG2R1y0Q.004.mp4,1280,720,29.97,459,extraversion,high
292,9743,right_cheek,694.4,348.7,811.7,492.4,1028.0,525.9,1174.7,705.5,extraversion_high5_FxVUG2R1y0Q.004.mp4,1280,720,29.97,459,extraversion,high
293,9776,left_eye,493.6,254.1,599.7,335.7,777.0,407.6,909.6,509.6,extraversion_high5_FxVUG2R1y0Q.004.mp4,1280,720,29.97,459,extraversion,high
293,9776,right_eye,662.8,254.6,791.6,334.1,988.5,408.3,1149.5,507.6,extraversion_high5_FxVUG2R1y0Q.004.mp4,1280,720,29.97,459,extraversion,high
293,9776,nose,584.3,309.1,680.3,439.7,890.4,476.4,1010.3,639.6,extraversion_high5_FxVUG2R1y0Q.004.mp4,1280,720,29.97,459,extraversion,high
293,9776,mouth,572.3,469.3,715.6,560.7,875.4,676.6,1054.4,790.8,extraversion_high5_FxVUG2R1y0Q.004.mp4,1280,720,29.97,459,extraversion,high
293,9776,forehead,478.4,191.2,838.2,470.1,758.0,329.1,1207.8,677.6,extraversion_high5_FxVUG2R1y0Q.004.mp4,1280,720,29.97,459,extraversion,high
293,9776,chin,482.4,344.1,838.2,606.4,763.0,520.1,1207.8,848.0,extraversion_high5_FxVUG2R1y0Q.004.mp4,1280,720,29.97,459,extraversion,high
293,9776,left_cheek,485.9,353.5,581.0,495.0,767.3,531.9,886.2,708.8,extraversion_high5_FxVUG2R1y0Q.004.mp4,1280,720,29.97,459,extraversion,high
293,9776,right_cheek,692.1,350.5,810.4,495.0,1025.1,528.1,1173.0,708.7,extraversion_high5_FxVUG2R1y0Q.004.mp4,1280,720,29.97,459,extraversion,high
294,9809,left_eye,493.6,251.9,599.5,334.8,777.0,404.9,909.3,508.5,extraversion_high5_FxVUG2R1y0Q.004.mp4,1280,720,29.97,459,extraversion,high
294,9809,right_eye,662.1,254.2,790.4,334.1,987.6,407.8,1148.0,507.6,extraversion_high5_FxVUG2R1y0Q.004.mp4,1280,720,29.97,459,extraversion,high
294,9809,nose,584.0,308.3,674.0,440.3,890.0,475.4,1002.4,640.3,extraversion_high5_FxVUG2R1y0Q.004.mp4,1280,720,29.97,459,extraversion,high
294,9809,mouth,571.3,473.7,704.8,530.5,874.1,682.2,1041.0,753.2,extraversion_high5_FxVUG2R1y0Q.004.mp4,1280,720,29.97,459,extraversion,high
294,9809,forehead,479.7,188.1,834.8,471.0,759.6,325.1,1203.5,678.8,extraversion_high5_FxVUG2R1y0Q.004.mp4,1280,720,29.97,459,extraversion,high
294,9809,chin,482.9,344.6,833.8,596.0,763.7,520.7,1202.3,835.0,extraversion_high5_FxVUG2R1y0Q.004.mp4,1280,720,29.97,459,extraversion,high
294,9809,left_cheek,485.8,352.0,580.5,494.4,767.2,530.0,885.6,708.0,extraversion_high5_FxVUG2R1y0Q.004.mp4,1280,720,29.97,459,extraversion,high
294,9809,right_cheek,688.5,351.2,807.1,495.7,1020.7,529.0,1168.9,709.7,extraversion_high5_FxVUG2R1y0Q.004.mp4,1280,720,29.97,459,extraversion,high
295,9843,left_eye,492.5,246.5,598.1,331.3,775.7,398.1,907.6,504.2,extraversion_high5_FxVUG2R1y0Q.004.mp4,1280,720,29.97,459,extraversion,high
295,9843,right_eye,660.8,249.7,789.6,331.5,986.0,402.1,1147.0,504.3,extraversion_high5_FxVUG2R1y0Q.004.mp4,1280,720,29.97,459,extraversion,high
295,9843,nose,581.9,303.8,669.4,438.2,887.3,469.8,996.8,637.8,extraversion_high5_FxVUG2R1y0Q.004.mp4,1280,720,29.97,459,extraversion,high
295,9843,mouth,569.1,471.0,698.4,521.7,871.4,678.7,1033.0,742.1,extraversion_high5_FxVUG2R1y0Q.004.mp4,1280,720,29.97,459,extraversion,high
295,9843,forehead,479.6,180.4,833.5,469.5,759.6,315.5,1201.9,676.9,extraversion_high5_FxVUG2R1y0Q.004.mp4,1280,720,29.97,459,extraversion,high
295,9843,chin,482.6,340.4,832.0,586.6,763.3,515.5,1200.0,823.3,extraversion_high5_FxVUG2R1y0Q.004.mp4,1280,720,29.97,459,extraversion,high
295,9843,left_cheek,483.8,346.9,578.2,489.7,764.7,523.7,882.7,702.2,extraversion_high5_FxVUG2R1y0Q.004.mp4,1280,720,29.97,459,extraversion,high
295,9843,right_cheek,685.6,349.4,805.5,493.9,1017.1,526.7,1166.9,707.4,extraversion_high5_FxVUG2R1y0Q.004.mp4,1280,720,29.97,459,extraversion,high
296,9876,left_eye,492.0,242.2,596.6,328.0,774.9,392.8,905.7,500.0,extraversion_high5_FxVUG2R1y0Q.004.mp4,1280,720,29.97,459,extraversion,high
296,9876,right_eye,658.5,245.7,787.6,328.3,983.2,397.2,1144.5,500.3,extraversion_high5_FxVUG2R1y0Q.004.mp4,1280,720,29.97,459,extraversion,high
296,9876,nose,578.9,299.9,665.7,434.5,883.7,464.9,992.2,633.1,extraversion_high5_FxVUG2R1y0Q.004.mp4,1280,720,29.97,459,extraversion,high
296,9876,mouth,565.7,469.7,697.0,519.7,867.2,677.1,1031.2,739.6,extraversion_high5_FxVUG2R1y0Q.004.mp4,1280,720,29.97,459,extraversion,high
296,9876,forehead,479.6,178.2,832.3,468.4,759.5,312.7,1200.4,675.5,extraversion_high5_FxVUG2R1y0Q.004.mp4,1280,720,29.97,459,extraversion,high
296,9876,chin,482.1,337.9,830.7,585.9,762.7,512.3,1198.3,822.4,extraversion_high5_FxVUG2R1y0Q.004.mp4,1280,720,29.97,459,extraversion,high
296,9876,left_cheek,482.6,343.6,575.9,485.5,763.2,519.5,879.8,696.9,extraversion_high5_FxVUG2R1y0Q.004.mp4,1280,720,29.97,459,extraversion,high
296,9876,right_cheek,682.8,347.4,803.6,491.5,1013.6,524.3,1164.5,704.4,extraversion_high5_FxVUG2R1y0Q.004.mp4,1280,720,29.97,459,extraversion,high
297,9909,left_eye,491.6,239.8,595.9,326.0,774.5,389.8,904.8,497.5,extraversion_high5_FxVUG2R1y0Q.004.mp4,1280,720,29.97,459,extraversion,high
297,9909,right_eye,656.6,243.1,787.0,326.4,980.8,393.8,1143.8,498.0,extraversion_high5_FxVUG2R1y0Q.004.mp4,1280,720,29.97,459,extraversion,high
297,9909,nose,575.6,297.8,666.6,431.5,879.4,462.2,993.3,629.3,extraversion_high5_FxVUG2R1y0Q.004.mp4,1280,720,29.97,459,extraversion,high
297,9909,mouth,562.5,466.4,701.3,524.1,863.1,673.0,1036.6,745.1,extraversion_high5_FxVUG2R1y0Q.004.mp4,1280,720,29.97,459,extraversion,high
297,9909,forehead,479.8,177.3,832.5,467.9,759.8,311.7,1200.6,674.9,extraversion_high5_FxVUG2R1y0Q.004.mp4,1280,720,29.97,459,extraversion,high
297,9909,chin,482.7,337.4,831.1,589.2,763.4,511.8,1198.8,826.5,extraversion_high5_FxVUG2R1y0Q.004.mp4,1280,720,29.97,459,extraversion,high
297,9909,left_cheek,482.4,342.0,574.1,483.8,763.1,517.5,877.7,694.7,extraversion_high5_FxVUG2R1y0Q.004.mp4,1280,720,29.97,459,extraversion,high
297,9909,right_cheek,682.5,345.8,803.6,490.2,1013.1,522.3,1164.5,702.8,extraversion_high5_FxVUG2R1y0Q.004.mp4,1280,720,29.97,459,extraversion,high
298,9943,left_eye,491.1,238.8,594.5,325.1,773.9,388.5,903.2,496.4,extraversion_high5_FxVUG2R1y0Q.004.mp4,1280,720,29.97,459,extraversion,high
298,9943,right_eye,655.9,242.4,787.2,325.3,979.9,392.9,1144.0,496.6,extraversion_high5_FxVUG2R1y0Q.004.mp4,1280,720,29.97,459,extraversion,high
298,9943,nose,574.4,296.7,667.4,429.5,878.1,460.8,994.2,626.8,extraversion_high5_FxVUG2R1y0Q.004.mp4,1280,720,29.97,459,extraversion,high
298,9943,mouth,561.4,458.4,703.6,547.6,861.7,662.9,1039.6,774.5,extraversion_high5_FxVUG2R1y0Q.004.mp4,1280,720,29.97,459,extraversion,high
298,9943,forehead,479.7,177.0,835.5,463.5,759.6,311.3,1204.3,669.4,extraversion_high5_FxVUG2R1y0Q.004.mp4,1280,720,29.97,459,extraversion,high
298,9943,chin,482.7,333.6,834.1,589.8,763.4,506.9,1202.6,827.2,extraversion_high5_FxVUG2R1y0Q.004.mp4,1280,720,29.97,459,extraversion,high
298,9943,left_cheek,481.6,339.1,572.9,482.1,761.9,513.9,876.1,692.6,extraversion_high5_FxVUG2R1y0Q.004.mp4,1280,720,29.97,459,extraversion,high
298,9943,right_cheek,682.8,343.6,803.9,488.3,1013.5,519.4,1164.9,700.4,extraversion_high5_FxVUG2R1y0Q.004.mp4,1280,720,29.97,459,extraversion,high
299,9976,left_eye,490.5,238.6,594.2,324.8,773.2,388.3,902.8,496.0,extraversion_high5_FxVUG2R1y0Q.004.mp4,1280,720,29.97,459,extraversion,high
299,9976,right_eye,655.7,242.8,787.3,325.3,979.6,393.5,1144.1,496.6,extraversion_high5_FxVUG2R1y0Q.004.mp4,1280,720,29.97,459,extraversion,high
299,9976,nose,574.0,296.1,667.1,427.1,877.6,460.1,993.9,623.8,extraversion_high5_FxVUG2R1y0Q.004.mp4,1280,720,29.97,459,extraversion,high
299,9976,mouth,560.2,452.6,704.4,557.3,860.3,655.7,1040.5,786.6,extraversion_high5_FxVUG2R1y0Q.004.mp4,1280,720,29.97,459,extraversion,high
299,9976,forehead,478.8,177.4,836.6,463.5,758.5,311.8,1205.8,669.4,extraversion_high5_FxVUG2R1y0Q.004.mp4,1280,720,29.97,459,extraversion,high
299,9976,chin,481.2,333.3,835.5,597.9,761.5,506.7,1204.4,837.4,extraversion_high5_FxVUG2R1y0Q.004.mp4,1280,720,29.97,459,extraversion,high
299,9976,left_cheek,480.7,338.3,572.1,481.7,760.8,512.9,875.2,692.1,extraversion_high5_FxVUG2R1y0Q.004.mp4,1280,720,29.97,459,extraversion,high
299,9976,right_cheek,682.7,343.1,804.0,487.8,1013.4,518.9,1165.1,699.8,extraversion_high5_FxVUG2R1y0Q.004.mp4,1280,720,29.97,459,extraversion,high
300,10010,left_eye,490.5,238.3,594.2,324.2,773.1,387.9,902.8,495.3,extraversion_high5_FxVUG2R1y0Q.004.mp4,1280,720,29.97,459,extraversion,high
300,10010,right_eye,655.8,243.2,787.4,325.3,979.7,394.0,1144.2,496.6,extraversion_high5_FxVUG2R1y0Q.004.mp4,1280,720,29.97,459,extraversion,high
300,10010,nose,574.1,296.2,667.9,426.0,877.6,460.2,994.8,622.5,extraversion_high5_FxVUG2R1y0Q.004.mp4,1280,720,29.97,459,extraversion,high
300,10010,mouth,560.1,451.0,707.2,557.9,860.1,653.8,1044.0,787.4,extraversion_high5_FxVUG2R1y0Q.004.mp4,1280,720,29.97,459,extraversion,high
300,10010,forehead,478.5,178.3,838.1,463.7,758.1,312.8,1207.6,669.6,extraversion_high5_FxVUG2R1y0Q.004.mp4,1280,720,29.97,459,extraversion,high
300,10010,chin,480.7,333.9,836.9,600.3,760.9,507.4,1206.1,840.4,extraversion_high5_FxVUG2R1y0Q.004.mp4,1280,720,29.97,459,extraversion,high
300,10010,left_cheek,480.3,338.3,572.2,481.4,760.4,512.9,875.2,691.8,extraversion_high5_FxVUG2R1y0Q.004.mp4,1280,720,29.97,459,extraversion,high
300,10010,right_cheek,683.0,343.0,804.4,487.4,1013.8,518.8,1165.4,699.3,extraversion_high5_FxVUG2R1y0Q.004.mp4,1280,720,29.97,459,extraversion,high
301,10043,left_eye,490.5,238.3,594.3,324.3,773.1,387.9,902.9,495.4,extraversion_high5_FxVUG2R1y0Q.004.mp4,1280,720,29.97,459,extraversion,high
301,10043,right_eye,656.1,243.4,787.4,325.5,980.1,394.3,1144.3,496.9,extraversion_high5_FxVUG2R1y0Q.004.mp4,1280,720,29.97,459,extraversion,high
301,10043,nose,574.6,296.4,668.4,426.2,878.2,460.5,995.5,622.8,extraversion_high5_FxVUG2R1y0Q.004.mp4,1280,720,29.97,459,extraversion,high
301,10043,mouth,559.8,450.2,709.2,555.2,859.8,652.8,1046.4,784.0,extraversion_high5_FxVUG2R1y0Q.004.mp4,1280,720,29.97,459,extraversion,high
301,10043,forehead,477.4,178.8,838.0,464.1,756.7,313.5,1207.4,670.1,extraversion_high5_FxVUG2R1y0Q.004.mp4,1280,720,29.97,459,extraversion,high
301,10043,chin,479.3,334.5,836.8,600.5,759.2,508.2,1206.0,840.7,extraversion_high5_FxVUG2R1y0Q.004.mp4,1280,720,29.97,459,extraversion,high
301,10043,left_cheek,479.9,338.6,572.4,481.4,759.9,513.3,875.5,691.7,extraversion_high5_FxVUG2R1y0Q.004.mp4,1280,720,29.97,459,extraversion,high
301,10043,right_cheek,683.4,343.3,804.5,487.3,1014.2,519.1,1165.7,699.1,extraversion_high5_FxVUG2R1y0Q.004.mp4,1280,720,29.97,459,extraversion,high
302,10076,left_eye,489.9,239.1,593.7,324.5,772.3,388.8,902.1,495.6,extraversion_high5_FxVUG2R1y0Q.004.mp4,1280,720,29.97,459,extraversion,high
302,10076,right_eye,656.2,243.6,787.4,325.6,980.3,394.5,1144.3,497.0,extraversion_high5_FxVUG2R1y0Q.004.mp4,1280,720,29.97,459,extraversion,high
302,10076,nose,574.6,296.8,668.5,426.9,878.2,461.0,995.6,623.7,extraversion_high5_FxVUG2R1y0Q.004.mp4,1280,720,29.97,459,extraversion,high
302,10076,mouth,559.7,450.4,710.1,552.1,859.7,653.0,1047.6,780.2,extraversion_high5_FxVUG2R1y0Q.004.mp4,1280,720,29.97,459,extraversion,high
302,10076,forehead,476.3,179.6,837.3,464.2,755.4,314.4,1206.7,670.3,extraversion_high5_FxVUG2R1y0Q.004.mp4,1280,720,29.97,459,extraversion,high
302,10076,chin,478.7,334.7,835.9,597.9,758.3,508.4,1204.8,837.4,extraversion_high5_FxVUG2R1y0Q.004.mp4,1280,720,29.97,459,extraversion,high
302,10076,left_cheek,479.4,339.3,572.3,481.9,759.3,514.1,875.3,692.4,extraversion_high5_FxVUG2R1y0Q.004.mp4,1280,720,29.97,459,extraversion,high
302,10076,right_cheek,683.6,343.5,804.5,486.7,1014.5,519.4,1165.6,698.4,extraversion_high5_FxVUG2R1y0Q.004.mp4,1280,720,29.97,459,extraversion,high
303,10110,left_eye,490.6,239.5,593.5,325.3,773.3,389.4,901.9,496.6,extraversion_high5_FxVUG2R1y0Q.004.mp4,1280,720,29.97,459,extraversion,high
303,10110,right_eye,656.3,243.6,787.7,325.8,980.4,394.5,1144.7,497.2,extraversion_high5_FxVUG2R1y0Q.004.mp4,1280,720,29.97,459,extraversion,high
303,10110,nose,574.8,298.1,669.7,427.0,878.5,462.6,997.2,623.7,extraversion_high5_FxVUG2R1y0Q.004.mp4,1280,720,29.97,459,extraversion,high
303,10110,mouth,560.2,451.1,712.4,544.8,860.2,653.9,1050.5,771.0,extraversion_high5_FxVUG2R1y0Q.004.mp4,1280,720,29.97,459,extraversion,high
303,10110,forehead,476.8,180.1,837.3,467.3,756.0,315.1,1206.6,674.1,extraversion_high5_FxVUG2R1y0Q.004.mp4,1280,720,29.97,459,extraversion,high
303,10110,chin,479.1,339.6,835.8,597.7,758.9,514.5,1204.8,837.1,extraversion_high5_FxVUG2R1y0Q.004.mp4,1280,720,29.97,459,extraversion,high
303,10110,left_cheek,479.5,342.0,572.4,482.3,759.4,517.5,875.5,692.9,extraversion_high5_FxVUG2R1y0Q.004.mp4,1280,720,29.97,459,extraversion,high
303,10110,right_cheek,684.0,343.6,804.7,486.8,1015.0,519.5,1165.8,698.5,extraversion_high5_FxVUG2R1y0Q.004.mp4,1280,720,29.97,459,extraversion,high
304,10143,left_eye,490.9,239.7,593.8,329.0,773.6,389.6,902.2,501.2,extraversion_high5_FxVUG2R1y0Q.004.mp4,1280,720,29.97,459,extraversion,high
304,10143,right_eye,658.5,243.5,788.9,328.8,983.1,394.4,1146.2,501.0,extraversion_high5_FxVUG2R1y0Q.004.mp4,1280,720,29.97,459,extraversion,high
304,10143,nose,577.4,299.4,672.1,427.5,881.7,464.2,1000.1,624.4,extraversion_high5_FxVUG2R1y0Q.004.mp4,1280,720,29.97,459,extraversion,high
304,10143,mouth,560.2,451.6,713.3,539.7,860.2,654.5,1051.6,764.6,extraversion_high5_FxVUG2R1y0Q.004.mp4,1280,720,29.97,459,extraversion,high
304,10143,forehead,476.8,180.7,836.6,467.4,756.0,315.9,1205.8,674.2,extraversion_high5_FxVUG2R1y0Q.004.mp4,1280,720,29.97,459,extraversion,high
304,10143,chin,479.2,339.9,834.9,592.4,759.0,514.9,1203.6,830.5,extraversion_high5_FxVUG2R1y0Q.004.mp4,1280,720,29.97,459,extraversion,high
304,10143,left_cheek,480.0,343.6,573.8,482.6,760.0,519.5,877.2,693.3,extraversion_high5_FxVUG2R1y0Q.004.mp4,1280,720,29.97,459,extraversion,high
304,10143,right_cheek,685.3,343.7,804.7,486.8,1016.7,519.6,1165.9,698.4,extraversion_high5_FxVUG2R1y0Q.004.mp4,1280,720,29.97,459,extraversion,high
305,10176,left_eye,491.2,241.1,595.3,328.2,774.0,391.4,904.1,500.2,extraversion_high5_FxVUG2R1y0Q.004.mp4,1280,720,29.97,459,extraversion,high
305,10176,right_eye,661.4,243.5,790.0,327.7,986.7,394.4,1147.5,499.6,extraversion_high5_FxVUG2R1y0Q.004.mp4,1280,720,29.97,459,extraversion,high
305,10176,nose,581.0,301.0,674.0,430.9,886.2,466.2,1002.5,628.6,extraversion_high5_FxVUG2R1y0Q.004.mp4,1280,720,29.97,459,extraversion,high
305,10176,mouth,564.9,455.0,713.0,536.0,866.1,658.7,1051.2,760.0,extraversion_high5_FxVUG2R1y0Q.004.mp4,1280,720,29.97,459,extraversion,high
305,10176,forehead,476.5,180.9,834.8,468.2,755.6,316.2,1203.5,675.3,extraversion_high5_FxVUG2R1y0Q.004.mp4,1280,720,29.97,459,extraversion,high
305,10176,chin,479.1,340.3,832.5,591.9,758.9,515.4,1200.7,829.9,extraversion_high5_FxVUG2R1y0Q.004.mp4,1280,720,29.97,459,extraversion,high
305,10176,left_cheek,480.8,345.2,576.3,484.9,761.0,521.5,880.4,696.1,extraversion_high5_FxVUG2R1y0Q.004.mp4,1280,720,29.97,459,extraversion,high
305,10176,right_cheek,686.9,344.6,804.8,488.2,1018.7,520.7,1166.0,700.2,extraversion_high5_FxVUG2R1y0Q.004.mp4,1280,720,29.97,459,extraversion,high
306,10210,left_eye,491.4,243.1,597.0,329.3,774.2,393.9,906.2,501.6,extraversion_high5_FxVUG2R1y0Q.004.mp4,1280,720,29.97,459,extraversion,high
306,10210,right_eye,663.1,244.6,790.1,327.3,988.9,395.8,1147.7,499.1,extraversion_high5_FxVUG2R1y0Q.004.mp4,1280,720,29.97,459,extraversion,high
306,10210,nose,583.9,305.1,674.7,436.5,889.9,471.3,1003.4,635.6,extraversion_high5_FxVUG2R1y0Q.004.mp4,1280,720,29.97,459,extraversion,high
306,10210,mouth,571.4,467.6,709.8,529.6,874.3,674.5,1047.3,752.0,extraversion_high5_FxVUG2R1y0Q.004.mp4,1280,720,29.97,459,extraversion,high
306,10210,forehead,476.2,182.5,831.0,468.4,755.3,318.2,1198.8,675.5,extraversion_high5_FxVUG2R1y0Q.004.mp4,1280,720,29.97,459,extraversion,high
306,10210,chin,478.8,340.6,829.3,588.1,758.5,515.8,1196.6,825.2,extraversion_high5_FxVUG2R1y0Q.004.mp4,1280,720,29.97,459,extraversion,high
306,10210,left_cheek,481.1,347.3,578.7,488.2,761.4,524.2,883.3,700.3,extraversion_high5_FxVUG2R1y0Q.004.mp4,1280,720,29.97,459,extraversion,high
306,10210,right_cheek,687.7,346.8,804.5,490.7,1019.7,523.5,1165.7,703.4,extraversion_high5_FxVUG2R1y0Q.004.mp4,1280,720,29.97,459,extraversion,high
307,10243,left_eye,490.9,244.6,597.8,330.3,773.6,395.7,907.3,502.9,extraversion_high5_FxVUG2R1y0Q.004.mp4,1280,720,29.97,459,extraversion,high
307,10243,right_eye,663.9,246.6,790.0,328.9,989.9,398.2,1147.5,501.1,extraversion_high5_FxVUG2R1y0Q.004.mp4,1280,720,29.97,459,extraversion,high
307,10243,nose,584.5,307.0,675.1,440.7,890.7,473.7,1003.9,640.9,extraversion_high5_FxVUG2R1y0Q.004.mp4,1280,720,29.97,459,extraversion,high
307,10243,mouth,573.7,472.2,705.5,529.4,877.1,680.2,1041.9,751.7,extraversion_high5_FxVUG2R1y0Q.004.mp4,1280,720,29.97,459,extraversion,high
307,10243,forehead,474.5,182.7,826.1,469.2,753.1,318.4,1192.6,676.4,extraversion_high5_FxVUG2R1y0Q.004.mp4,1280,720,29.97,459,extraversion,high
307,10243,chin,477.1,341.2,824.3,588.1,756.3,516.5,1190.4,825.2,extraversion_high5_FxVUG2R1y0Q.004.mp4,1280,720,29.97,459,extraversion,high
307,10243,left_cheek,481.1,348.4,579.4,491.0,761.3,525.6,884.3,703.8,extraversion_high5_FxVUG2R1y0Q.004.mp4,1280,720,29.97,459,extraversion,high
307,10243,right_cheek,687.8,348.9,802.9,493.4,1019.8,526.1,1163.6,706.8,extraversion_high5_FxVUG2R1y0Q.004.mp4,1280,720,29.97,459,extraversion,high
308,10276,left_eye,491.1,245.3,600.2,331.5,773.9,396.6,910.3,504.4,extraversion_high5_FxVUG2R1y0Q.004.mp4,1280,720,29.97,459,extraversion,high
308,10276,right_eye,666.8,247.7,790.9,330.8,993.5,399.7,1148.6,503.5,extraversion_high5_FxVUG2R1y0Q.004.mp4,1280,720,29.97,459,extraversion,high
308,10276,nose,587.7,307.3,679.1,442.5,894.7,474.1,1008.9,643.1,extraversion_high5_FxVUG2R1y0Q.004.mp4,1280,720,29.97,459,extraversion,high
308,10276,mouth,577.1,472.4,706.2,530.5,881.4,680.5,1042.7,753.1,extraversion_high5_FxVUG2R1y0Q.004.mp4,1280,720,29.97,459,extraversion,high
308,10276,forehead,473.9,182.7,826.8,469.5,752.4,318.4,1193.4,676.9,extraversion_high5_FxVUG2R1y0Q.004.mp4,1280,720,29.97,459,extraversion,high
308,10276,chin,476.5,341.5,824.8,587.1,755.6,516.9,1191.0,823.8,extraversion_high5_FxVUG2R1y0Q.004.mp4,1280,720,29.97,459,extraversion,high
308,10276,left_cheek,481.2,349.0,581.8,492.3,761.5,526.2,887.3,705.4,extraversion_high5_FxVUG2R1y0Q.004.mp4,1280,720,29.97,459,extraversion,high
308,10276,right_cheek,690.6,349.9,803.1,494.5,1023.2,527.4,1163.8,708.1,extraversion_high5_FxVUG2R1y0Q.004.mp4,1280,720,29.97,459,extraversion,high
309,10310,left_eye,491.1,245.5,601.1,331.7,773.9,396.9,911.4,504.6,extraversion_high5_FxVUG2R1y0Q.004.mp4,1280,720,29.97,459,extraversion,high
309,10310,right_eye,668.8,248.1,791.6,331.4,996.1,400.1,1149.5,504.2,extraversion_high5_FxVUG2R1y0Q.004.mp4,1280,720,29.97,459,extraversion,high
309,10310,nose,589.0,307.2,681.5,442.1,896.2,474.0,1011.8,642.6,extraversion_high5_FxVUG2R1y0Q.004.mp4,1280,720,29.97,459,extraversion,high
309,10310,mouth,576.5,469.6,707.8,537.0,880.7,677.1,1044.7,761.2,extraversion_high5_FxVUG2R1y0Q.004.mp4,1280,720,29.97,459,extraversion,high
309,10310,forehead,471.6,182.7,825.7,469.5,749.5,318.4,1192.1,676.8,extraversion_high5_FxVUG2R1y0Q.004.mp4,1280,720,29.97,459,extraversion,high
309,10310,chin,474.1,341.5,823.4,590.1,752.6,516.9,1189.3,827.7,extraversion_high5_FxVUG2R1y0Q.004.mp4,1280,720,29.97,459,extraversion,high
309,10310,left_cheek,481.2,348.9,582.7,493.1,761.5,526.1,888.3,706.4,extraversion_high5_FxVUG2R1y0Q.004.mp4,1280,720,29.97,459,extraversion,high
309,10310,right_cheek,692.2,349.8,803.2,494.6,1025.3,527.3,1164.0,708.3,extraversion_high5_FxVUG2R1y0Q.004.mp4,1280,720,29.97,459,extraversion,high
310,10343,left_eye,491.8,245.5,604.0,331.6,774.7,396.8,915.0,504.5,extraversion_high5_FxVUG2R1y0Q.004.mp4,1280,720,29.97,459,extraversion,high
310,10343,right_eye,672.1,248.2,794.1,331.5,1000.1,400.3,1152.7,504.4,extraversion_high5_FxVUG2R1y0Q.004.mp4,1280,720,29.97,459,extraversion,high
310,10343,nose,590.4,306.9,685.3,441.1,898.0,473.6,1016.6,641.3,extraversion_high5_FxVUG2R1y0Q.004.mp4,1280,720,29.97,459,extraversion,high
310,10343,mouth,576.5,468.7,712.1,548.5,880.6,675.9,1050.2,775.6,extraversion_high5_FxVUG2R1y0Q.004.mp4,1280,720,29.97,459,extraversion,high
310,10343,forehead,471.5,183.0,826.5,469.5,749.3,318.7,1193.2,676.9,extraversion_high5_FxVUG2R1y0Q.004.mp4,1280,720,29.97,459,extraversion,high
310,10343,chin,473.8,341.7,824.4,601.4,752.2,517.1,1190.5,841.8,extraversion_high5_FxVUG2R1y0Q.004.mp4,1280,720,29.97,459,extraversion,high
310,10343,left_cheek,481.5,348.7,584.3,493.1,761.8,525.9,890.3,706.4,extraversion_high5_FxVUG2R1y0Q.004.mp4,1280,720,29.97,459,extraversion,high
310,10343,right_cheek,695.3,349.7,804.9,494.7,1029.2,527.1,1166.2,708.4,extraversion_high5_FxVUG2R1y0Q.004.mp4,1280,720,29.97,459,extraversion,high
311,10377,left_eye,493.7,245.4,606.7,331.5,777.1,396.8,918.4,504.4,extraversion_high5_FxVUG2R1y0Q.004.mp4,1280,720,29.97,459,extraversion,high
311,10377,right_eye,676.4,248.3,797.7,331.7,1005.5,400.4,1157.1,504.7,extraversion_high5_FxVUG2R1y0Q.004.mp4,1280,720,29.97,459,extraversion,high
311,10377,nose,592.7,306.7,690.4,440.5,900.8,473.4,1023.0,640.6,extraversion_high5_FxVUG2R1y0Q.004.mp4,1280,720,29.97,459,extraversion,high
311,10377,mouth,576.8,467.2,717.0,554.7,881.0,674.0,1056.2,783.3,extraversion_high5_FxVUG2R1y0Q.004.mp4,1280,720,29.97,459,extraversion,high
311,10377,forehead,471.5,183.2,827.3,469.5,749.4,319.0,1194.1,676.8,extraversion_high5_FxVUG2R1y0Q.004.mp4,1280,720,29.97,459,extraversion,high
311,10377,chin,473.5,341.3,824.9,607.8,751.9,516.6,1191.1,849.7,extraversion_high5_FxVUG2R1y0Q.004.mp4,1280,720,29.97,459,extraversion,high
311,10377,left_cheek,482.0,348.3,586.4,492.9,762.5,525.3,893.0,706.2,extraversion_high5_FxVUG2R1y0Q.004.mp4,1280,720,29.97,459,extraversion,high
311,10377,right_cheek,699.3,349.6,808.3,494.7,1034.1,527.0,1170.3,708.3,extraversion_high5_FxVUG2R1y0Q.004.mp4,1280,720,29.97,459,extraversion,high
312,10410,left_eye,495.3,246.2,609.9,331.6,779.2,397.7,922.4,504.5,extraversion_high5_FxVUG2R1y0Q.004.mp4,1280,720,29.97,459,extraversion,high
312,10410,right_eye,680.0,249.5,801.2,332.6,1010.0,401.9,1161.5,505.8,extraversion_high5_FxVUG2R1y0Q.004.mp4,1280,720,29.97,459,extraversion,high
312,10410,nose,594.6,307.0,694.6,440.9,903.3,473.7,1028.3,641.1,extraversion_high5_FxVUG2R1y0Q.004.mp4,1280,720,29.97,459,extraversion,high
312,10410,mouth,577.3,467.0,720.2,556.1,881.6,673.8,1060.2,785.1,extraversion_high5_FxVUG2R1y0Q.004.mp4,1280,720,29.97,459,extraversion,high
312,10410,forehead,471.2,183.9,829.9,469.5,749.0,319.9,1197.4,676.9,extraversion_high5_FxVUG2R1y0Q.004.mp4,1280,720,29.97,459,extraversion,high
312,10410,chin,472.8,340.8,827.1,609.4,751.1,516.0,1193.8,851.7,extraversion_high5_FxVUG2R1y0Q.004.mp4,1280,720,29.97,459,extraversion,high
312,10410,left_cheek,482.6,348.2,588.3,493.3,763.2,525.2,895.4,706.7,extraversion_high5_FxVUG2R1y0Q.004.mp4,1280,720,29.97,459,extraversion,high
312,10410,right_cheek,702.5,350.0,811.5,495.1,1038.2,527.5,1174.4,708.8,extraversion_high5_FxVUG2R1y0Q.004.mp4,1280,720,29.97,459,extraversion,high
313,10443,left_eye,497.7,247.4,612.6,332.2,782.2,399.2,925.7,505.3,extraversion_high5_FxVUG2R1y0Q.004.mp4,1280,720,29.97,459,extraversion,high
313,10443,right_eye,682.2,250.9,802.7,334.3,1012.7,403.6,1163.4,507.9,extraversion_high5_FxVUG2R1y0Q.004.mp4,1280,720,29.97,459,extraversion,high
313,10443,nose,596.6,308.0,696.6,441.7,905.8,475.0,1030.7,642.1,extraversion_high5_FxVUG2R1y0Q.004.mp4,1280,720,29.97,459,extraversion,high
313,10443,mouth,577.6,466.5,719.8,553.0,882.0,673.1,1059.8,781.2,extraversion_high5_FxVUG2R1y0Q.004.mp4,1280,720,29.97,459,extraversion,high
313,10443,forehead,471.3,185.4,830.2,469.6,749.1,321.8,1197.8,677.0,extraversion_high5_FxVUG2R1y0Q.004.mp4,1280,720,29.97,459,extraversion,high
313,10443,chin,473.1,340.8,827.2,606.9,751.4,516.0,1194.0,848.6,extraversion_high5_FxVUG2R1y0Q.004.mp4,1280,720,29.97,459,extraversion,high
313,10443,left_cheek,484.2,348.2,590.0,493.1,765.3,525.3,897.5,706.4,extraversion_high5_FxVUG2R1y0Q.004.mp4,1280,720,29.97,459,extraversion,high
313,10443,right_cheek,704.1,351.3,812.0,495.2,1040.1,529.1,1175.0,709.0,extraversion_high5_FxVUG2R1y0Q.004.mp4,1280,720,29.97,459,extraversion,high
314,10477,left_eye,500.6,249.1,615.1,333.2,785.8,401.3,928.9,506.5,extraversion_high5_FxVUG2R1y0Q.004.mp4,1280,720,29.97,459,extraversion,high
314,10477,right_eye,683.3,252.9,802.5,335.8,1014.1,406.2,1163.2,509.8,extraversion_high5_FxVUG2R1y0Q.004.mp4,1280,720,29.97,459,extraversion,high
314,10477,nose,598.8,310.2,695.2,443.8,908.5,477.8,1029.0,644.8,extraversion_high5_FxVUG2R1y0Q.004.mp4,1280,720,29.97,459,extraversion,high
314,10477,mouth,580.3,467.0,718.9,545.3,885.4,673.7,1058.6,771.6,extraversion_high5_FxVUG2R1y0Q.004.mp4,1280,720,29.97,459,extraversion,high
314,10477,forehead,472.1,187.4,830.2,469.8,750.2,324.2,1197.7,677.2,extraversion_high5_FxVUG2R1y0Q.004.mp4,1280,720,29.97,459,extraversion,high
314,10477,chin,473.2,340.8,827.1,602.1,751.5,516.0,1193.8,842.6,extraversion_high5_FxVUG2R1y0Q.004.mp4,1280,720,29.97,459,extraversion,high
314,10477,left_cheek,486.0,348.8,591.9,493.0,767.5,526.0,899.9,706.3,extraversion_high5_FxVUG2R1y0Q.004.mp4,1280,720,29.97,459,extraversion,high
314,10477,right_cheek,703.9,353.0,811.7,495.3,1039.8,531.2,1174.6,709.2,extraversion_high5_FxVUG2R1y0Q.004.mp4,1280,720,29.97,459,extraversion,high
315,10510,left_eye,500.9,249.8,616.3,334.1,786.2,402.3,930.4,507.6,extraversion_high5_FxVUG2R1y0Q.004.mp4,1280,720,29.97,459,extraversion,high
315,10510,right_eye,683.7,254.1,802.3,336.8,1014.6,407.6,1162.9,511.0,extraversion_high5_FxVUG2R1y0Q.004.mp4,1280,720,29.97,459,extraversion,high
315,10510,nose,600.5,311.0,695.2,446.3,910.6,478.8,1029.0,647.9,extraversion_high5_FxVUG2R1y0Q.004.mp4,1280,720,29.97,459,extraversion,high
315,10510,mouth,581.8,468.1,718.3,539.5,887.2,675.1,1057.9,764.4,extraversion_high5_FxVUG2R1y0Q.004.mp4,1280,720,29.97,459,extraversion,high
315,10510,forehead,472.2,188.2,829.7,469.1,750.3,325.2,1197.2,676.4,extraversion_high5_FxVUG2R1y0Q.004.mp4,1280,720,29.97,459,extraversion,high
315,10510,chin,473.3,340.7,825.7,594.0,751.6,515.9,1192.2,832.5,extraversion_high5_FxVUG2R1y0Q.004.mp4,1280,720,29.97,459,extraversion,high
315,10510,left_cheek,486.5,349.3,593.1,493.0,768.1,526.7,901.3,706.2,extraversion_high5_FxVUG2R1y0Q.004.mp4,1280,720,29.97,459,extraversion,high
315,10510,right_cheek,704.0,353.5,811.3,495.2,1039.9,531.8,1174.2,709.1,extraversion_high5_FxVUG2R1y0Q.004.mp4,1280,720,29.97,459,extraversion,high
316,10543,left_eye,500.2,249.6,615.4,334.0,785.2,402.0,929.3,507.5,extraversion_high5_FxVUG2R1y0Q.004.mp4,1280,720,29.97,459,extraversion,high
316,10543,right_eye,683.1,253.8,801.8,336.4,1013.9,407.3,1162.3,510.5,extraversion_high5_FxVUG2R1y0Q.004.mp4,1280,720,29.97,459,extraversion,high
316,10543,nose,600.0,310.6,694.5,446.4,910.0,478.3,1028.1,648.0,extraversion_high5_FxVUG2R1y0Q.004.mp4,1280,720,29.97,459,extraversion,high
316,10543,mouth,581.8,468.7,718.1,537.0,887.2,675.8,1057.7,761.2,extraversion_high5_FxVUG2R1y0Q.004.mp4,1280,720,29.97,459,extraversion,high
316,10543,forehead,471.1,187.9,828.8,467.9,748.9,324.9,1196.1,674.9,extraversion_high5_FxVUG2R1y0Q.004.mp4,1280,720,29.97,459,extraversion,high
316,10543,chin,471.9,340.1,824.4,591.5,749.9,515.2,1190.5,829.3,extraversion_high5_FxVUG2R1y0Q.004.mp4,1280,720,29.97,459,extraversion,high
316,10543,left_cheek,486.3,349.3,592.6,493.0,767.9,526.6,900.7,706.2,extraversion_high5_FxVUG2R1y0Q.004.mp4,1280,720,29.97,459,extraversion,high
316,10543,right_cheek,703.3,353.2,811.2,494.9,1039.1,531.5,1174.0,708.6,extraversion_high5_FxVUG2R1y0Q.004.mp4,1280,720,29.97,459,extraversion,high
317,10577,left_eye,499.3,249.4,614.3,333.9,784.1,401.8,927.9,507.4,extraversion_high5_FxVUG2R1y0Q.004.mp4,1280,720,29.97,459,extraversion,high
317,10577,right_eye,682.0,253.5,801.6,336.2,1012.4,406.9,1161.9,510.2,extraversion_high5_FxVUG2R1y0Q.004.mp4,1280,720,29.97,459,extraversion,high
317,10577,nose,599.3,310.4,693.6,446.2,909.2,478.1,1027.1,647.8,extraversion_high5_FxVUG2R1y0Q.004.mp4,1280,720,29.97,459,extraversion,high
317,10577,mouth,581.5,468.7,717.9,535.4,886.8,675.9,1057.4,759.2,extraversion_high5_FxVUG2R1y0Q.004.mp4,1280,720,29.97,459,extraversion,high
317,10577,forehead,468.5,187.3,827.2,466.7,745.7,324.2,1194.0,673.4,extraversion_high5_FxVUG2R1y0Q.004.mp4,1280,720,29.97,459,extraversion,high
317,10577,chin,469.5,339.4,823.0,589.3,746.9,514.3,1188.8,826.6,extraversion_high5_FxVUG2R1y0Q.004.mp4,1280,720,29.97,459,extraversion,high
317,10577,left_cheek,485.2,349.2,591.8,492.9,766.5,526.5,899.7,706.1,extraversion_high5_FxVUG2R1y0Q.004.mp4,1280,720,29.97,459,extraversion,high
317,10577,right_cheek,702.6,352.6,810.5,494.1,1038.3,530.7,1173.1,707.6,extraversion_high5_FxVUG2R1y0Q.004.mp4,1280,720,29.97,459,extraversion,high
318,10610,left_eye,496.9,249.1,613.8,333.9,781.1,401.4,927.2,507.3,extraversion_high5_FxVUG2R1y0Q.004.mp4,1280,720,29.97,459,extraversion,high
318,10610,right_eye,681.4,253.0,800.5,335.5,1011.8,406.3,1160.7,509.3,extraversion_high5_FxVUG2R1y0Q.004.mp4,1280,720,29.97,459,extraversion,high
318,10610,nose,598.6,309.8,693.3,445.7,908.2,477.2,1026.6,647.2,extraversion_high5_FxVUG2R1y0Q.004.mp4,1280,720,29.97,459,extraversion,high
318,10610,mouth,581.0,468.5,717.1,535.0,886.3,675.6,1056.4,758.7,extraversion_high5_FxVUG2R1y0Q.004.mp4,1280,720,29.97,459,extraversion,high
318,10610,forehead,466.2,186.2,825.0,465.7,742.7,322.7,1191.2,672.2,extraversion_high5_FxVUG2R1y0Q.004.mp4,1280,720,29.97,459,extraversion,high
318,10610,chin,467.3,339.3,821.2,590.0,744.2,514.1,1186.6,827.4,extraversion_high5_FxVUG2R1y0Q.004.mp4,1280,720,29.97,459,extraversion,high
318,10610,left_cheek,483.0,349.2,591.6,492.7,763.8,526.5,899.6,705.9,extraversion_high5_FxVUG2R1y0Q.004.mp4,1280,720,29.97,459,extraversion,high
318,10610,right_cheek,702.4,351.1,808.9,492.7,1038.0,528.9,1171.1,705.9,extraversion_high5_FxVUG2R1y0Q.004.mp4,1280,720,29.97,459,extraversion,high
319,10643,left_eye,494.4,248.8,612.2,333.7,778.0,401.0,925.2,507.2,extraversion_high5_FxVUG2R1y0Q.004.mp4,1280,720,29.97,459,extraversion,high
319,10643,right_eye,679.8,252.5,797.9,334.6,1009.8,405.7,1157.4,508.3,extraversion_high5_FxVUG2R1y0Q.004.mp4,1280,720,29.97,459,extraversion,high
319,10643,nose,597.6,309.4,693.1,445.4,907.0,476.8,1026.3,646.8,extraversion_high5_FxVUG2R1y0Q.004.mp4,1280,720,29.97,459,extraversion,high
319,10643,mouth,580.6,468.2,716.6,535.5,885.8,675.3,1055.7,759.4,extraversion_high5_FxVUG2R1y0Q.004.mp4,1280,720,29.97,459,extraversion,high
319,10643,forehead,464.5,185.5,822.4,464.7,740.6,321.8,1188.0,670.9,extraversion_high5_FxVUG2R1y0Q.004.mp4,1280,720,29.97,459,extraversion,high
319,10643,chin,466.1,339.0,819.3,589.8,742.6,513.7,1184.1,827.2,extraversion_high5_FxVUG2R1y0Q.004.mp4,1280,720,29.97,459,extraversion,high
319,10643,left_cheek,481.1,349.1,590.2,492.3,761.4,526.3,897.7,705.4,extraversion_high5_FxVUG2R1y0Q.004.mp4,1280,720,29.97,459,extraversion,high
319,10643,right_cheek,701.3,349.5,806.9,491.4,1036.6,526.9,1168.6,704.2,extraversion_high5_FxVUG2R1y0Q.004.mp4,1280,720,29.97,459,extraversion,high
320,10677,left_eye,492.6,248.3,609.8,333.0,775.7,400.3,922.3,506.2,extraversion_high5_FxVUG2R1y0Q.004.mp4,1280,720,29.97,459,extraversion,high
320,10677,right_eye,677.5,251.7,795.3,333.5,1006.8,404.6,1154.1,506.8,extraversion_high5_FxVUG2R1y0Q.004.mp4,1280,720,29.97,459,extraversion,high
320,10677,nose,595.6,309.1,691.6,445.0,904.6,476.3,1024.5,646.2,extraversion_high5_FxVUG2R1y0Q.004.mp4,1280,720,29.97,459,extraversion,high
320,10677,mouth,578.8,467.4,715.7,535.7,883.5,674.3,1054.6,759.6,extraversion_high5_FxVUG2R1y0Q.004.mp4,1280,720,29.97,459,extraversion,high
320,10677,forehead,464.2,184.9,820.3,464.7,740.2,321.2,1185.4,670.8,extraversion_high5_FxVUG2R1y0Q.004.mp4,1280,720,29.97,459,extraversion,high
320,10677,chin,465.8,339.0,817.6,590.2,742.3,513.7,1182.0,827.8,extraversion_high5_FxVUG2R1y0Q.004.mp4,1280,720,29.97,459,extraversion,high
320,10677,left_cheek,479.9,348.8,588.3,492.0,759.9,526.1,895.3,705.0,extraversion_high5_FxVUG2R1y0Q.004.mp4,1280,720,29.97,459,extraversion,high
320,10677,right_cheek,699.5,348.2,804.9,490.7,1034.3,525.3,1166.2,703.3,extraversion_high5_FxVUG2R1y0Q.004.mp4,1280,720,29.97,459,extraversion,high
321,10710,left_eye,491.4,248.0,608.4,331.9,774.3,400.0,920.5,504.9,extraversion_high5_FxVUG2R1y0Q.004.mp4,1280,720,29.97,459,extraversion,high
321,10710,right_eye,676.5,251.3,794.6,332.6,1005.7,404.1,1153.3,505.7,extraversion_high5_FxVUG2R1y0Q.004.mp4,1280,720,29.97,459,extraversion,high
321,10710,nose,595.1,308.3,690.9,444.8,903.9,475.4,1023.6,646.0,extraversion_high5_FxVUG2R1y0Q.004.mp4,1280,720,29.97,459,extraversion,high
321,10710,mouth,578.4,466.9,714.8,534.7,883.0,673.6,1053.4,758.4,extraversion_high5_FxVUG2R1y0Q.004.mp4,1280,720,29.97,459,extraversion,high
321,10710,forehead,463.5,184.0,820.4,464.4,739.4,320.0,1185.4,670.5,extraversion_high5_FxVUG2R1y0Q.004.mp4,1280,720,29.97,459,extraversion,high
321,10710,chin,465.2,338.4,817.5,590.7,741.5,513.0,1181.9,828.4,extraversion_high5_FxVUG2R1y0Q.004.mp4,1280,720,29.97,459,extraversion,high
321,10710,left_cheek,479.1,348.3,587.4,491.6,758.8,525.4,894.2,704.5,extraversion_high5_FxVUG2R1y0Q.004.mp4,1280,720,29.97,459,extraversion,high
321,10710,right_cheek,698.6,347.5,804.4,490.4,1033.2,524.3,1165.5,703.0,extraversion_high5_FxVUG2R1y0Q.004.mp4,1280,720,29.97,459,extraversion,high
322,10744,left_eye,490.5,247.4,607.0,331.3,773.1,399.2,918.8,504.2,extraversion_high5_FxVUG2R1y0Q.004.mp4,1280,720,29.97,459,extraversion,high
322,10744,right_eye,675.4,250.6,793.1,332.1,1004.2,403.3,1151.4,505.1,extraversion_high5_FxVUG2R1y0Q.004.mp4,1280,720,29.97,459,extraversion,high
322,10744,nose,594.4,307.5,689.2,443.9,903.0,474.3,1021.5,644.9,extraversion_high5_FxVUG2R1y0Q.004.mp4,1280,720,29.97,459,extraversion,high
322,10744,mouth,577.4,465.9,712.0,532.1,881.7,672.4,1049.9,755.1,extraversion_high5_FxVUG2R1y0Q.004.mp4,1280,720,29.97,459,extraversion,high
322,10744,forehead,463.1,183.8,819.1,463.6,738.9,319.7,1183.8,669.5,extraversion_high5_FxVUG2R1y0Q.004.mp4,1280,720,29.97,459,extraversion,high
322,10744,chin,464.9,337.9,816.0,588.6,741.1,512.4,1180.0,825.8,extraversion_high5_FxVUG2R1y0Q.004.mp4,1280,720,29.97,459,extraversion,high
322,10744,left_cheek,478.4,347.6,586.2,490.4,758.0,524.5,892.7,703.0,extraversion_high5_FxVUG2R1y0Q.004.mp4,1280,720,29.97,459,extraversion,high
322,10744,right_cheek,697.0,347.0,802.7,489.7,1031.2,523.8,1163.4,702.1,extraversion_high5_FxVUG2R1y0Q.004.mp4,1280,720,29.97,459,extraversion,high
323,10777,left_eye,489.5,246.8,606.2,331.2,771.9,398.4,917.7,504.0,extraversion_high5_FxVUG2R1y0Q.004.mp4,1280,720,29.97,459,extraversion,high
323,10777,right_eye,674.1,250.2,792.0,331.8,1002.6,402.7,1150.0,504.8,extraversion_high5_FxVUG2R1y0Q.004.mp4,1280,720,29.97,459,extraversion,high
323,10777,nose,593.3,307.0,687.6,443.5,901.6,473.7,1019.5,644.3,extraversion_high5_FxVUG2R1y0Q.004.mp4,1280,720,29.97,459,extraversion,high
323,10777,mouth,576.4,465.2,710.2,531.5,880.6,671.5,1047.7,754.4,extraversion_high5_FxVUG2R1y0Q.004.mp4,1280,720,29.97,459,extraversion,high
323,10777,forehead,461.6,183.4,817.9,463.7,737.0,319.3,1182.4,669.6,extraversion_high5_FxVUG2R1y0Q.004.mp4,1280,720,29.97,459,extraversion,high
323,10777,chin,463.3,337.8,814.8,589.0,739.1,512.3,1178.5,826.3,extraversion_high5_FxVUG2R1y0Q.004.mp4,1280,720,29.97,459,extraversion,high
323,10777,left_cheek,477.2,347.3,584.9,490.0,756.5,524.1,891.2,702.5,extraversion_high5_FxVUG2R1y0Q.004.mp4,1280,720,29.97,459,extraversion,high
323,10777,right_cheek,695.6,346.9,801.6,489.5,1029.5,523.6,1161.9,701.9,extraversion_high5_FxVUG2R1y0Q.004.mp4,1280,720,29.97,459,extraversion,high
324,10810,left_eye,488.9,246.7,605.4,331.2,771.1,398.4,916.7,504.0,extraversion_high5_FxVUG2R1y0Q.004.mp4,1280,720,29.97,459,extraversion,high
324,10810,right_eye,673.3,250.0,791.6,331.7,1001.7,402.5,1149.5,504.7,extraversion_high5_FxVUG2R1y0Q.004.mp4,1280,720,29.97,459,extraversion,high
324,10810,nose,592.2,306.9,687.3,443.2,900.3,473.6,1019.1,644.0,extraversion_high5_FxVUG2R1y0Q.004.mp4,1280,720,29.97,459,extraversion,high
324,10810,mouth,576.2,465.2,710.1,531.8,880.2,671.5,1047.6,754.8,extraversion_high5_FxVUG2R1y0Q.004.mp4,1280,720,29.97,459,extraversion,high
324,10810,forehead,461.2,183.5,817.5,463.9,736.5,319.3,1181.8,669.9,extraversion_high5_FxVUG2R1y0Q.004.mp4,1280,720,29.97,459,extraversion,high
324,10810,chin,462.9,338.1,814.6,592.9,738.6,512.6,1178.3,831.1,extraversion_high5_FxVUG2R1y0Q.004.mp4,1280,720,29.97,459,extraversion,high
324,10810,left_cheek,476.5,347.4,584.2,490.4,755.7,524.2,890.3,703.0,extraversion_high5_FxVUG2R1y0Q.004.mp4,1280,720,29.97,459,extraversion,high
324,10810,right_cheek,695.1,346.8,801.3,489.6,1028.9,523.5,1161.6,702.0,extraversion_high5_FxVUG2R1y0Q.004.mp4,1280,720,29.97,459,extraversion,high
325,10844,left_eye,487.9,246.9,604.4,331.2,769.9,398.6,915.5,504.0,extraversion_high5_FxVUG2R1y0Q.004.mp4,1280,720,29.97,459,extraversion,high
325,10844,right_eye,672.7,250.0,791.4,331.7,1000.9,402.5,1149.3,504.7,extraversion_high5_FxVUG2R1y0Q.004.mp4,1280,720,29.97,459,extraversion,high
325,10844,nose,591.2,306.9,686.5,443.2,899.1,473.6,1018.1,644.0,extraversion_high5_FxVUG2R1y0Q.004.mp4,1280,720,29.97,459,extraversion,high
325,10844,mouth,574.0,465.4,709.7,532.1,877.5,671.8,1047.1,755.1,extraversion_high5_FxVUG2R1y0Q.004.mp4,1280,720,29.97,459,extraversion,high
325,10844,forehead,460.4,183.5,817.7,463.9,735.5,319.4,1182.1,669.9,extraversion_high5_FxVUG2R1y0Q.004.mp4,1280,720,29.97,459,extraversion,high
325,10844,chin,461.9,338.1,814.7,593.7,737.4,512.6,1178.4,832.2,extraversion_high5_FxVUG2R1y0Q.004.mp4,1280,720,29.97,459,extraversion,high
325,10844,left_cheek,475.5,347.4,583.2,490.4,754.4,524.2,889.0,703.0,extraversion_high5_FxVUG2R1y0Q.004.mp4,1280,720,29.97,459,extraversion,high
325,10844,right_cheek,694.5,346.8,801.1,489.7,1028.1,523.6,1161.3,702.1,extraversion_high5_FxVUG2R1y0Q.004.mp4,1280,720,29.97,459,extraversion,high
326,10877,left_eye,487.6,247.0,603.9,331.2,769.4,398.7,914.8,504.0,extraversion_high5_FxVUG2R1y0Q.004.mp4,1280,720,29.97,459,extraversion,high
326,10877,right_eye,672.1,250.1,790.9,331.7,1000.1,402.6,1148.6,504.7,extraversion_high5_FxVUG2R1y0Q.004.mp4,1280,720,29.97,459,extraversion,high
326,10877,nose,589.6,307.0,686.0,443.1,897.0,473.8,1017.5,643.9,extraversion_high5_FxVUG2R1y0Q.004.mp4,1280,720,29.97,459,extraversion,high
326,10877,mouth,569.6,464.9,709.8,534.0,872.0,671.2,1047.3,757.5,extraversion_high5_FxVUG2R1y0Q.004.mp4,1280,720,29.97,459,extraversion,high
326,10877,forehead,460.2,183.5,817.2,464.3,735.2,319.4,1181.5,670.3,extraversion_high5_FxVUG2R1y0Q.004.mp4,1280,720,29.97,459,extraversion,high
326,10877,chin,461.5,338.2,814.4,596.7,736.9,512.7,1178.0,835.9,extraversion_high5_FxVUG2R1y0Q.004.mp4,1280,720,29.97,459,extraversion,high
326,10877,left_cheek,474.8,347.4,582.0,490.8,753.5,524.2,887.5,703.4,extraversion_high5_FxVUG2R1y0Q.004.mp4,1280,720,29.97,459,extraversion,high
326,10877,right_cheek,693.9,346.9,800.5,489.9,1027.4,523.6,1160.6,702.4,extraversion_high5_FxVUG2R1y0Q.004.mp4,1280,720,29.97,459,extraversion,high
327,10910,left_eye,487.2,247.2,603.5,331.2,769.0,399.0,914.4,504.0,extraversion_high5_FxVUG2R1y0Q.004.mp4,1280,720,29.97,459,extraversion,high
327,10910,right_eye,672.0,250.2,790.9,331.7,1000.0,402.7,1148.6,504.7,extraversion_high5_FxVUG2R1y0Q.004.mp4,1280,720,29.97,459,extraversion,high
327,10910,nose,588.6,307.1,685.8,442.5,895.7,473.9,1017.3,643.1,extraversion_high5_FxVUG2R1y0Q.004.mp4,1280,720,29.97,459,extraversion,high
327,10910,mouth,566.8,463.8,709.9,537.3,868.5,669.8,1047.4,761.7,extraversion_high5_FxVUG2R1y0Q.004.mp4,1280,720,29.97,459,extraversion,high
327,10910,forehead,459.8,184.0,817.0,464.9,734.7,320.0,1181.2,671.1,extraversion_high5_FxVUG2R1y0Q.004.mp4,1280,720,29.97,459,extraversion,high
327,10910,chin,460.9,338.6,814.2,599.6,736.2,513.2,1177.7,839.5,extraversion_high5_FxVUG2R1y0Q.004.mp4,1280,720,29.97,459,extraversion,high
327,10910,left_cheek,474.2,347.4,581.1,490.8,752.7,524.2,886.4,703.5,extraversion_high5_FxVUG2R1y0Q.004.mp4,1280,720,29.97,459,extraversion,high
327,10910,right_cheek,693.7,347.0,800.2,490.1,1027.2,523.7,1160.3,702.6,extraversion_high5_FxVUG2R1y0Q.004.mp4,1280,720,29.97,459,extraversion,high
328,10944,left_eye,487.0,247.6,603.3,331.3,768.8,399.5,914.2,504.1,extraversion_high5_FxVUG2R1y0Q.004.mp4,1280,720,29.97,459,extraversion,high
328,10944,right_eye,672.1,250.6,790.9,331.9,1000.1,403.2,1148.7,504.9,extraversion_high5_FxVUG2R1y0Q.004.mp4,1280,720,29.97,459,extraversion,high
328,10944,nose,588.4,307.1,685.9,441.9,895.5,473.9,1017.3,642.4,extraversion_high5_FxVUG2R1y0Q.004.mp4,1280,720,29.97,459,extraversion,high
328,10944,mouth,565.2,462.4,710.8,539.2,866.6,668.0,1048.5,763.9,extraversion_high5_FxVUG2R1y0Q.004.mp4,1280,720,29.97,459,extraversion,high
328,10944,forehead,459.1,184.2,817.0,464.9,733.9,320.2,1181.3,671.2,extraversion_high5_FxVUG2R1y0Q.004.mp4,1280,720,29.97,459,extraversion,high
328,10944,chin,460.2,338.6,814.1,599.1,735.2,513.2,1177.6,838.9,extraversion_high5_FxVUG2R1y0Q.004.mp4,1280,720,29.97,459,extraversion,high
328,10944,left_cheek,473.7,347.3,580.9,490.6,752.1,524.1,886.1,703.3,extraversion_high5_FxVUG2R1y0Q.004.mp4,1280,720,29.97,459,extraversion,high
328,10944,right_cheek,693.8,347.0,800.2,490.1,1027.3,523.8,1160.2,702.6,extraversion_high5_FxVUG2R1y0Q.004.mp4,1280,720,29.97,459,extraversion,high
329,10977,left_eye,486.7,247.9,602.9,331.4,768.4,399.8,913.6,504.2,extraversion_high5_FxVUG2R1y0Q.004.mp4,1280,720,29.97,459,extraversion,high
329,10977,right_eye,671.6,250.7,790.7,332.0,999.5,403.4,1148.4,505.0,extraversion_high5_FxVUG2R1y0Q.004.mp4,1280,720,29.97,459,extraversion,high
329,10977,nose,587.7,307.2,685.9,441.7,894.6,474.0,1017.4,642.2,extraversion_high5_FxVUG2R1y0Q.004.mp4,1280,720,29.97,459,extraversion,high
329,10977,mouth,563.6,461.5,712.1,539.0,864.4,666.9,1050.1,763.8,extraversion_high5_FxVUG2R1y0Q.004.mp4,1280,720,29.97,459,extraversion,high
329,10977,forehead,459.0,184.2,817.2,466.2,733.8,320.3,1181.4,672.7,extraversion_high5_FxVUG2R1y0Q.004.mp4,1280,720,29.97,459,extraversion,high
329,10977,chin,460.2,339.4,814.3,599.3,735.3,514.2,1177.9,839.1,extraversion_high5_FxVUG2R1y0Q.004.mp4,1280,720,29.97,459,extraversion,high
329,10977,left_cheek,473.4,347.4,580.3,490.6,751.7,524.2,885.4,703.3,extraversion_high5_FxVUG2R1y0Q.004.mp4,1280,720,29.97,459,extraversion,high
329,10977,right_cheek,693.8,347.1,800.3,490.1,1027.3,523.9,1160.3,702.7,extraversion_high5_FxVUG2R1y0Q.004.mp4,1280,720,29.97,459,extraversion,high
330,11011,left_eye,486.6,248.1,602.4,331.5,768.2,400.1,913.0,504.4,extraversion_high5_FxVUG2R1y0Q.004.mp4,1280,720,29.97,459,extraversion,high
330,11011,right_eye,671.1,250.7,790.3,332.0,998.8,403.4,1147.8,505.1,extraversion_high5_FxVUG2R1y0Q.004.mp4,1280,720,29.97,459,extraversion,high
330,11011,nose,586.9,307.3,685.8,441.6,893.6,474.1,1017.3,642.0,extraversion_high5_FxVUG2R1y0Q.004.mp4,1280,720,29.97,459,extraversion,high
330,11011,mouth,562.6,459.9,714.0,537.3,863.3,664.8,1052.5,761.6,extraversion_high5_FxVUG2R1y0Q.004.mp4,1280,720,29.97,459,extraversion,high
330,11011,forehead,459.3,184.2,816.9,466.7,734.1,320.3,1181.1,673.4,extraversion_high5_FxVUG2R1y0Q.004.mp4,1280,720,29.97,459,extraversion,high
330,11011,chin,460.5,339.9,814.2,600.2,735.6,514.8,1177.7,840.3,extraversion_high5_FxVUG2R1y0Q.004.mp4,1280,720,29.97,459,extraversion,high
330,11011,left_cheek,473.4,347.5,579.8,490.6,751.8,524.4,884.8,703.2,extraversion_high5_FxVUG2R1y0Q.004.mp4,1280,720,29.97,459,extraversion,high
330,11011,right_cheek,693.6,347.1,800.0,489.7,1027.0,523.9,1159.9,702.1,extraversion_high5_FxVUG2R1y0Q.004.mp4,1280,720,29.97,459,extraversion,high
331,11044,left_eye,486.6,248.3,601.8,331.7,768.2,400.4,912.2,504.6,extraversion_high5_FxVUG2R1y0Q.004.mp4,1280,720,29.97,459,extraversion,high
331,11044,right_eye,670.4,250.9,789.9,332.1,997.9,403.6,1147.4,505.2,extraversion_high5_FxVUG2R1y0Q.004.mp4,1280,720,29.97,459,extraversion,high
331,11044,nose,586.1,307.3,685.7,441.5,892.7,474.2,1017.1,641.9,extraversion_high5_FxVUG2R1y0Q.004.mp4,1280,720,29.97,459,extraversion,high
331,11044,mouth,561.8,458.9,717.1,537.0,862.3,663.7,1056.4,761.3,extraversion_high5_FxVUG2R1y0Q.004.mp4,1280,720,29.97,459,extraversion,high
331,11044,forehead,459.4,184.6,817.0,466.7,734.3,320.7,1181.2,673.4,extraversion_high5_FxVUG2R1y0Q.004.mp4,1280,720,29.97,459,extraversion,high
331,11044,chin,460.7,339.8,814.3,598.5,735.9,514.8,1177.9,838.2,extraversion_high5_FxVUG2R1y0Q.004.mp4,1280,720,29.97,459,extraversion,high
331,11044,left_cheek,473.4,347.6,579.3,490.3,751.8,524.6,884.1,702.9,extraversion_high5_FxVUG2R1y0Q.004.mp4,1280,720,29.97,459,extraversion,high
331,11044,right_cheek,693.5,347.1,800.0,488.9,1026.9,523.9,1160.1,701.1,extraversion_high5_FxVUG2R1y0Q.004.mp4,1280,720,29.97,459,extraversion,high
332,11077,left_eye,486.6,248.4,601.4,331.8,768.3,400.5,911.7,504.7,extraversion_high5_FxVUG2R1y0Q.004.mp4,1280,720,29.97,459,extraversion,high
332,11077,right_eye,669.3,250.9,789.8,332.1,996.6,403.6,1147.3,505.2,extraversion_high5_FxVUG2R1y0Q.004.mp4,1280,720,29.97,459,extraversion,high
332,11077,nose,585.4,307.3,685.6,441.0,891.7,474.2,1016.9,641.2,extraversion_high5_FxVUG2R1y0Q.004.mp4,1280,720,29.97,459,extraversion,high
332,11077,mouth,562.5,457.3,720.8,540.6,863.1,661.7,1061.0,765.8,extraversion_high5_FxVUG2R1y0Q.004.mp4,1280,720,29.97,459,extraversion,high
332,11077,forehead,460.2,184.6,818.8,467.5,735.2,320.8,1183.5,674.4,extraversion_high5_FxVUG2R1y0Q.004.mp4,1280,720,29.97,459,extraversion,high
332,11077,chin,461.5,339.8,817.2,599.8,736.9,514.8,1181.4,839.7,extraversion_high5_FxVUG2R1y0Q.004.mp4,1280,720,29.97,459,extraversion,high
332,11077,left_cheek,473.6,347.9,579.1,490.3,751.9,524.9,883.9,702.9,extraversion_high5_FxVUG2R1y0Q.004.mp4,1280,720,29.97,459,extraversion,high
332,11077,right_cheek,693.5,346.8,800.6,488.3,1026.9,523.5,1160.7,700.3,extraversion_high5_FxVUG2R1y0Q.004.mp4,1280,720,29.97,459,extraversion,high
333,11111,left_eye,486.6,248.4,601.3,332.0,768.3,400.5,911.6,505.0,extraversion_high5_FxVUG2R1y0Q.004.mp4,1280,720,29.97,459,extraversion,high
333,11111,right_eye,669.5,251.0,790.0,332.1,996.8,403.7,1147.5,505.2,extraversion_high5_FxVUG2R1y0Q.004.mp4,1280,720,29.97,459,extraversion,high
333,11111,nose,585.3,307.3,685.7,440.9,891.6,474.2,1017.2,641.1,extraversion_high5_FxVUG2R1y0Q.004.mp4,1280,720,29.97,459,extraversion,high
333,11111,mouth,562.9,457.1,722.6,543.0,863.6,661.3,1063.2,768.8,extraversion_high5_FxVUG2R1y0Q.004.mp4,1280,720,29.97,459,extraversion,high
333,11111,forehead,460.4,184.6,820.3,467.5,735.4,320.8,1185.4,674.3,extraversion_high5_FxVUG2R1y0Q.004.mp4,1280,720,29.97,459,extraversion,high
333,11111,chin,461.9,338.9,818.7,599.6,737.4,513.6,1183.3,839.5,extraversion_high5_FxVUG2R1y0Q.004.mp4,1280,720,29.97,459,extraversion,high
333,11111,left_cheek,473.6,348.0,579.1,490.3,752.1,525.0,883.9,702.9,extraversion_high5_FxVUG2R1y0Q.004.mp4,1280,720,29.97,459,extraversion,high
333,11111,right_cheek,693.7,346.3,801.5,487.6,1027.1,522.9,1161.9,699.5,extraversion_high5_FxVUG2R1y0Q.004.mp4,1280,720,29.97,459,extraversion,high
334,11144,left_eye,486.8,248.5,601.4,332.2,768.4,400.6,911.7,505.3,extraversion_high5_FxVUG2R1y0Q.004.mp4,1280,720,29.97,459,extraversion,high
334,11144,right_eye,669.6,251.0,790.1,332.1,996.9,403.7,1147.6,505.2,extraversion_high5_FxVUG2R1y0Q.004.mp4,1280,720,29.97,459,extraversion,high
334,11144,nose,585.4,307.3,686.4,440.7,891.7,474.1,1018.0,640.9,extraversion_high5_FxVUG2R1y0Q.004.mp4,1280,720,29.97,459,extraversion,high
334,11144,mouth,563.2,456.2,724.6,543.4,864.0,660.3,1065.7,769.3,extraversion_high5_FxVUG2R1y0Q.004.mp4,1280,720,29.97,459,extraversion,high
334,11144,forehead,461.7,184.6,821.3,468.9,737.1,320.7,1186.6,676.1,extraversion_high5_FxVUG2R1y0Q.004.mp4,1280,720,29.97,459,extraversion,high
334,11144,chin,463.4,338.9,819.9,600.3,739.2,513.7,1184.9,840.4,extraversion_high5_FxVUG2R1y0Q.004.mp4,1280,720,29.97,459,extraversion,high
334,11144,left_cheek,474.3,348.6,579.2,490.5,752.8,525.7,884.0,703.1,extraversion_high5_FxVUG2R1y0Q.004.mp4,1280,720,29.97,459,extraversion,high
334,11144,right_cheek,694.2,346.1,802.4,487.3,1027.7,522.6,1162.9,699.1,extraversion_high5_FxVUG2R1y0Q.004.mp4,1280,720,29.97,459,extraversion,high
335,11177,left_eye,487.2,248.6,601.4,332.4,768.9,400.7,911.8,505.5,extraversion_high5_FxVUG2R1y0Q.004.mp4,1280,720,29.97,459,extraversion,high
335,11177,right_eye,669.8,250.9,790.6,332.1,997.2,403.7,1148.3,505.2,extraversion_high5_FxVUG2R1y0Q.004.mp4,1280,720,29.97,459,extraversion,high
335,11177,nose,585.4,307.3,687.4,440.6,891.8,474.1,1019.2,640.7,extraversion_high5_FxVUG2R1y0Q.004.mp4,1280,720,29.97,459,extraversion,high
335,11177,mouth,563.5,456.0,725.2,542.9,864.4,660.0,1066.5,768.6,extraversion_high5_FxVUG2R1y0Q.004.mp4,1280,720,29.97,459,extraversion,high
335,11177,forehead,462.7,184.6,822.1,469.0,738.4,320.7,1187.6,676.3,extraversion_high5_FxVUG2R1y0Q.004.mp4,1280,720,29.97,459,extraversion,high
335,11177,chin,464.5,338.8,820.6,600.1,740.6,513.6,1185.7,840.2,extraversion_high5_FxVUG2R1y0Q.004.mp4,1280,720,29.97,459,extraversion,high
335,11177,left_cheek,474.8,348.8,579.4,490.6,753.6,526.0,884.3,703.2,extraversion_high5_FxVUG2R1y0Q.004.mp4,1280,720,29.97,459,extraversion,high
335,11177,right_cheek,695.0,346.0,803.3,487.1,1028.8,522.5,1164.2,698.9,extraversion_high5_FxVUG2R1y0Q.004.mp4,1280,720,29.97,459,extraversion,high
336,11211,left_eye,487.2,248.7,601.4,332.6,769.0,400.9,911.8,505.7,extraversion_high5_FxVUG2R1y0Q.004.mp4,1280,720,29.97,459,extraversion,high
336,11211,right_eye,669.8,250.8,790.6,332.1,997.3,403.4,1148.3,505.2,extraversion_high5_FxVUG2R1y0Q.004.mp4,1280,720,29.97,459,extraversion,high
336,11211,nose,585.5,307.3,687.6,440.4,891.9,474.2,1019.6,640.5,extraversion_high5_FxVUG2R1y0Q.004.mp4,1280,720,29.97,459,extraversion,high
336,11211,mouth,563.7,455.2,724.6,542.0,864.7,659.0,1065.8,767.6,extraversion_high5_FxVUG2R1y0Q.004.mp4,1280,720,29.97,459,extraversion,high
336,11211,forehead,462.8,184.6,822.0,470.3,738.5,320.7,1187.5,677.9,extraversion_high5_FxVUG2R1y0Q.004.mp4,1280,720,29.97,459,extraversion,high
336,11211,chin,464.7,338.9,820.4,600.7,740.9,513.7,1185.5,840.9,extraversion_high5_FxVUG2R1y0Q.004.mp4,1280,720,29.97,459,extraversion,high
336,11211,left_cheek,475.0,349.4,579.5,490.9,753.8,526.7,884.4,703.6,extraversion_high5_FxVUG2R1y0Q.004.mp4,1280,720,29.97,459,extraversion,high
336,11211,right_cheek,695.1,345.9,803.3,487.0,1028.9,522.3,1164.1,698.8,extraversion_high5_FxVUG2R1y0Q.004.mp4,1280,720,29.97,459,extraversion,high
337,11244,left_eye,487.2,248.9,601.5,332.8,769.0,401.1,911.9,506.0,extraversion_high5_FxVUG2R1y0Q.004.mp4,1280,720,29.97,459,extraversion,high
337,11244,right_eye,669.8,250.7,790.6,332.1,997.3,403.4,1148.3,505.2,extraversion_high5_FxVUG2R1y0Q.004.mp4,1280,720,29.97,459,extraversion,high
337,11244,nose,585.7,307.6,687.6,440.3,892.2,474.5,1019.6,640.3,extraversion_high5_FxVUG2R1y0Q.004.mp4,1280,720,29.97,459,extraversion,high
337,11244,mouth,563.8,455.0,723.9,538.6,864.8,658.8,1064.9,763.3,extraversion_high5_FxVUG2R1y0Q.004.mp4,1280,720,29.97,459,extraversion,high
337,11244,forehead,462.8,184.8,821.9,470.3,738.5,321.0,1187.4,677.8,extraversion_high5_FxVUG2R1y0Q.004.mp4,1280,720,29.97,459,extraversion,high
337,11244,chin,464.7,339.0,820.3,599.9,740.9,513.7,1185.4,839.8,extraversion_high5_FxVUG2R1y0Q.004.mp4,1280,720,29.97,459,extraversion,high
337,11244,left_cheek,475.1,349.5,579.6,490.9,753.9,526.9,884.5,703.7,extraversion_high5_FxVUG2R1y0Q.004.mp4,1280,720,29.97,459,extraversion,high
337,11244,right_cheek,695.1,345.9,803.3,487.1,1028.9,522.3,1164.1,698.8,extraversion_high5_FxVUG2R1y0Q.004.mp4,1280,720,29.97,459,extraversion,high
338,11277,left_eye,487.2,249.0,601.5,332.9,769.0,401.2,911.9,506.1,extraversion_high5_FxVUG2R1y0Q.004.mp4,1280,720,29.97,459,extraversion,high
338,11277,right_eye,669.9,250.7,790.3,332.1,997.4,403.3,1147.9,505.1,extraversion_high5_FxVUG2R1y0Q.004.mp4,1280,720,29.97,459,extraversion,high
338,11277,nose,585.8,307.6,687.6,440.0,892.3,474.5,1019.5,640.0,extraversion_high5_FxVUG2R1y0Q.004.mp4,1280,720,29.97,459,extraversion,high
338,11277,mouth,563.3,454.9,723.7,535.2,864.1,658.6,1064.7,758.9,extraversion_high5_FxVUG2R1y0Q.004.mp4,1280,720,29.97,459,extraversion,high
338,11277,forehead,462.8,184.8,820.3,471.1,738.5,321.0,1185.4,678.9,extraversion_high5_FxVUG2R1y0Q.004.mp4,1280,720,29.97,459,extraversion,high
338,11277,chin,464.7,339.8,818.5,599.3,740.9,514.8,1183.1,839.1,extraversion_high5_FxVUG2R1y0Q.004.mp4,1280,720,29.97,459,extraversion,high
338,11277,left_cheek,475.1,349.8,579.7,491.0,753.9,527.3,884.6,703.8,extraversion_high5_FxVUG2R1y0Q.004.mp4,1280,720,29.97,459,extraversion,high
338,11277,right_cheek,695.0,345.9,802.5,487.1,1028.8,522.3,1163.1,698.8,extraversion_high5_FxVUG2R1y0Q.004.mp4,1280,720,29.97,459,extraversion,high
339,11311,left_eye,487.1,249.0,601.6,332.9,768.9,401.3,912.0,506.1,extraversion_high5_FxVUG2R1y0Q.004.mp4,1280,720,29.97,459,extraversion,high
339,11311,right_eye,669.9,250.4,790.4,331.9,997.4,403.0,1148.0,504.8,extraversion_high5_FxVUG2R1y0Q.004.mp4,1280,720,29.97,459,extraversion,high
339,11311,nose,586.3,307.4,687.6,439.6,892.9,474.3,1019.5,639.4,extraversion_high5_FxVUG2R1y0Q.004.mp4,1280,720,29.97,459,extraversion,high
339,11311,mouth,563.3,454.5,723.7,534.3,864.2,658.1,1064.6,757.8,extraversion_high5_FxVUG2R1y0Q.004.mp4,1280,720,29.97,459,extraversion,high
339,11311,forehead,462.5,184.7,820.2,471.1,738.1,320.9,1185.3,678.9,extraversion_high5_FxVUG2R1y0Q.004.mp4,1280,720,29.97,459,extraversion,high
339,11311,chin,464.5,339.9,818.3,599.0,740.6,514.9,1182.9,838.8,extraversion_high5_FxVUG2R1y0Q.004.mp4,1280,720,29.97,459,extraversion,high
339,11311,left_cheek,475.1,349.9,579.8,491.1,753.9,527.4,884.8,703.9,extraversion_high5_FxVUG2R1y0Q.004.mp4,1280,720,29.97,459,extraversion,high
339,11311,right_cheek,695.0,345.8,802.5,487.1,1028.8,522.3,1163.1,698.9,extraversion_high5_FxVUG2R1y0Q.004.mp4,1280,720,29.97,459,extraversion,high
340,11344,left_eye,487.1,248.7,601.7,331.9,768.9,400.8,912.1,504.9,extraversion_high5_FxVUG2R1y0Q.004.mp4,1280,720,29.97,459,extraversion,high
340,11344,right_eye,670.4,249.5,790.7,330.6,997.9,401.9,1148.4,503.2,extraversion_high5_FxVUG2R1y0Q.004.mp4,1280,720,29.97,459,extraversion,high
340,11344,nose,587.5,306.3,687.6,438.0,894.4,472.8,1019.5,637.5,extraversion_high5_FxVUG2R1y0Q.004.mp4,1280,720,29.97,459,extraversion,high
340,11344,mouth,565.4,454.1,721.3,531.4,866.7,657.6,1061.7,754.2,extraversion_high5_FxVUG2R1y0Q.004.mp4,1280,720,29.97,459,extraversion,high
340,11344,forehead,462.2,183.9,820.2,469.5,737.7,319.9,1185.3,676.9,extraversion_high5_FxVUG2R1y0Q.004.mp4,1280,720,29.97,459,extraversion,high
340,11344,chin,464.2,339.2,818.3,594.9,740.2,514.0,1182.9,833.7,extraversion_high5_FxVUG2R1y0Q.004.mp4,1280,720,29.97,459,extraversion,high
340,11344,left_cheek,475.1,348.9,580.3,490.2,753.9,526.1,885.4,702.7,extraversion_high5_FxVUG2R1y0Q.004.mp4,1280,720,29.97,459,extraversion,high
340,11344,right_cheek,695.2,345.0,802.7,486.7,1029.0,521.2,1163.4,698.4,extraversion_high5_FxVUG2R1y0Q.004.mp4,1280,720,29.97,459,extraversion,high
341,11378,left_eye,487.1,247.8,601.6,331.3,768.8,399.8,912.0,504.2,extraversion_high5_FxVUG2R1y0Q.004.mp4,1280,720,29.97,459,extraversion,high
341,11378,right_eye,670.3,247.5,790.6,329.6,997.9,399.4,1148.2,502.0,extraversion_high5_FxVUG2R1y0Q.004.mp4,1280,720,29.97,459,extraversion,high
341,11378,nose,587.8,305.2,686.1,437.0,894.7,471.5,1017.7,636.2,extraversion_high5_FxVUG2R1y0Q.004.mp4,1280,720,29.97,459,extraversion,high
341,11378,mouth,567.5,454.1,713.5,523.5,869.4,657.7,1051.9,744.4,extraversion_high5_FxVUG2R1y0Q.004.mp4,1280,720,29.97,459,extraversion,high
341,11378,forehead,462.3,183.5,819.7,465.1,737.9,319.4,1184.6,671.3,extraversion_high5_FxVUG2R1y0Q.004.mp4,1280,720,29.97,459,extraversion,high
341,11378,chin,464.4,337.7,817.3,587.5,740.5,512.1,1181.7,824.4,extraversion_high5_FxVUG2R1y0Q.004.mp4,1280,720,29.97,459,extraversion,high
341,11378,left_cheek,475.5,347.5,580.4,487.9,754.3,524.4,885.5,699.8,extraversion_high5_FxVUG2R1y0Q.004.mp4,1280,720,29.97,459,extraversion,high
341,11378,right_cheek,694.5,344.1,801.9,485.7,1028.1,520.1,1162.4,697.1,extraversion_high5_FxVUG2R1y0Q.004.mp4,1280,720,29.97,459,extraversion,high
342,11411,left_eye,486.1,247.5,601.5,331.3,767.6,399.3,911.9,504.2,extraversion_high5_FxVUG2R1y0Q.004.mp4,1280,720,29.97,459,extraversion,high
342,11411,right_eye,670.1,246.4,790.6,329.3,997.6,398.0,1148.2,501.6,extraversion_high5_FxVUG2R1y0Q.004.mp4,1280,720,29.97,459,extraversion,high
342,11411,nose,588.0,304.4,684.9,437.1,895.0,470.5,1016.2,636.3,extraversion_high5_FxVUG2R1y0Q.004.mp4,1280,720,29.97,459,extraversion,high
342,11411,mouth,569.6,455.4,710.6,521.2,872.0,659.2,1048.2,741.5,extraversion_high5_FxVUG2R1y0Q.004.mp4,1280,720,29.97,459,extraversion,high
342,11411,forehead,461.1,182.4,819.7,464.8,736.4,318.0,1184.6,671.0,extraversion_high5_FxVUG2R1y0Q.004.mp4,1280,720,29.97,459,extraversion,high
342,11411,chin,463.4,336.8,817.3,584.4,739.2,511.0,1181.7,820.5,extraversion_high5_FxVUG2R1y0Q.004.mp4,1280,720,29.97,459,extraversion,high
342,11411,left_cheek,475.3,347.5,580.4,488.0,754.2,524.3,885.5,700.0,extraversion_high5_FxVUG2R1y0Q.004.mp4,1280,720,29.97,459,extraversion,high
342,11411,right_cheek,694.0,343.8,801.9,485.6,1027.5,519.8,1162.4,697.0,extraversion_high5_FxVUG2R1y0Q.004.mp4,1280,720,29.97,459,extraversion,high
343,11444,left_eye,486.1,247.9,601.5,332.2,767.6,399.9,911.9,505.3,extraversion_high5_FxVUG2R1y0Q.004.mp4,1280,720,29.97,459,extraversion,high
343,11444,right_eye,669.9,246.6,790.5,329.5,997.3,398.2,1148.1,501.9,extraversion_high5_FxVUG2R1y0Q.004.mp4,1280,720,29.97,459,extraversion,high
343,11444,nose,588.4,304.4,684.2,439.2,895.5,470.5,1015.2,639.0,extraversion_high5_FxVUG2R1y0Q.004.mp4,1280,720,29.97,459,extraversion,high
343,11444,mouth,575.4,460.2,706.9,524.1,879.2,665.2,1043.6,745.1,extraversion_high5_FxVUG2R1y0Q.004.mp4,1280,720,29.97,459,extraversion,high
343,11444,forehead,460.1,182.4,819.7,465.0,735.1,318.0,1184.6,671.2,extraversion_high5_FxVUG2R1y0Q.004.mp4,1280,720,29.97,459,extraversion,high
343,11444,chin,462.3,336.9,817.4,586.8,737.9,511.2,1181.8,823.5,extraversion_high5_FxVUG2R1y0Q.004.mp4,1280,720,29.97,459,extraversion,high
343,11444,left_cheek,475.0,348.2,580.5,489.7,753.8,525.2,885.6,702.1,extraversion_high5_FxVUG2R1y0Q.004.mp4,1280,720,29.97,459,extraversion,high
343,11444,right_cheek,693.5,344.4,802.0,487.5,1026.9,520.5,1162.5,699.3,extraversion_high5_FxVUG2R1y0Q.004.mp4,1280,720,29.97,459,extraversion,high
344,11478,left_eye,486.9,249.4,602.0,333.8,768.7,401.7,912.6,507.2,extraversion_high5_FxVUG2R1y0Q.004.mp4,1280,720,29.97,459,extraversion,high
344,11478,right_eye,670.0,248.8,791.0,330.6,997.5,401.0,1148.8,503.2,extraversion_high5_FxVUG2R1y0Q.004.mp4,1280,720,29.97,459,extraversion,high
344,11478,nose,589.8,305.8,684.3,442.3,897.2,472.3,1015.4,642.9,extraversion_high5_FxVUG2R1y0Q.004.mp4,1280,720,29.97,459,extraversion,high
344,11478,mouth,582.3,463.6,705.5,538.0,887.9,669.5,1041.9,762.4,extraversion_high5_FxVUG2R1y0Q.004.mp4,1280,720,29.97,459,extraversion,high
344,11478,forehead,461.0,183.7,821.3,465.1,736.2,319.6,1186.6,671.4,extraversion_high5_FxVUG2R1y0Q.004.mp4,1280,720,29.97,459,extraversion,high
344,11478,chin,463.1,337.0,819.3,587.1,738.9,511.3,1184.2,823.9,extraversion_high5_FxVUG2R1y0Q.004.mp4,1280,720,29.97,459,extraversion,high
344,11478,left_cheek,475.7,349.1,581.9,491.5,754.6,526.4,887.3,704.4,extraversion_high5_FxVUG2R1y0Q.004.mp4,1280,720,29.97,459,extraversion,high
344,11478,right_cheek,693.6,345.4,803.2,489.7,1027.0,521.8,1164.0,702.1,extraversion_high5_FxVUG2R1y0Q.004.mp4,1280,720,29.97,459,extraversion,high
345,11511,left_eye,487.5,250.1,602.5,334.2,769.3,402.7,913.1,507.7,extraversion_high5_FxVUG2R1y0Q.004.mp4,1280,720,29.97,459,extraversion,high
345,11511,right_eye,670.9,249.3,791.7,331.0,998.6,401.7,1149.6,503.8,extraversion_high5_FxVUG2R1y0Q.004.mp4,1280,720,29.97,459,extraversion,high
345,11511,nose,590.8,306.6,684.4,444.0,898.5,473.3,1015.5,645.0,extraversion_high5_FxVUG2R1y0Q.004.mp4,1280,720,29.97,459,extraversion,high
345,11511,mouth,582.2,465.6,704.9,544.4,887.8,672.0,1041.1,770.6,extraversion_high5_FxVUG2R1y0Q.004.mp4,1280,720,29.97,459,extraversion,high
345,11511,forehead,461.2,184.3,821.5,464.7,736.5,320.4,1186.8,670.9,extraversion_high5_FxVUG2R1y0Q.004.mp4,1280,720,29.97,459,extraversion,high
345,11511,chin,463.2,336.9,819.4,589.7,739.1,511.1,1184.2,827.1,extraversion_high5_FxVUG2R1y0Q.004.mp4,1280,720,29.97,459,extraversion,high
345,11511,left_cheek,476.1,349.2,582.8,492.4,755.2,526.5,888.5,705.5,extraversion_high5_FxVUG2R1y0Q.004.mp4,1280,720,29.97,459,extraversion,high
345,11511,right_cheek,693.6,346.0,803.3,491.0,1027.0,522.5,1164.1,703.8,extraversion_high5_FxVUG2R1y0Q.004.mp4,1280,720,29.97,459,extraversion,high
346,11544,left_eye,488.8,250.2,603.3,334.1,771.0,402.7,914.1,507.7,extraversion_high5_FxVUG2R1y0Q.004.mp4,1280,720,29.97,459,extraversion,high
346,11544,right_eye,672.0,249.9,792.6,331.1,1000.0,402.4,1150.7,503.9,extraversion_high5_FxVUG2R1y0Q.004.mp4,1280,720,29.97,459,extraversion,high
346,11544,nose,591.8,306.9,684.4,444.3,899.8,473.6,1015.5,645.4,extraversion_high5_FxVUG2R1y0Q.004.mp4,1280,720,29.97,459,extraversion,high
346,11544,mouth,582.3,466.1,704.9,543.7,887.9,672.7,1041.1,769.6,extraversion_high5_FxVUG2R1y0Q.004.mp4,1280,720,29.97,459,extraversion,high
346,11544,forehead,462.6,184.5,821.9,463.4,738.3,320.6,1187.4,669.3,extraversion_high5_FxVUG2R1y0Q.004.mp4,1280,720,29.97,459,extraversion,high
346,11544,chin,464.5,336.8,819.6,590.1,740.6,511.0,1184.5,827.6,extraversion_high5_FxVUG2R1y0Q.004.mp4,1280,720,29.97,459,extraversion,high
346,11544,left_cheek,477.3,349.1,583.8,492.3,756.7,526.3,889.8,705.4,extraversion_high5_FxVUG2R1y0Q.004.mp4,1280,720,29.97,459,extraversion,high
346,11544,right_cheek,693.8,346.3,803.7,491.5,1027.3,522.9,1164.6,704.4,extraversion_high5_FxVUG2R1y0Q.004.mp4,1280,720,29.97,459,extraversion,high
347,11578,left_eye,488.8,249.9,603.5,333.9,771.1,402.4,914.4,507.4,extraversion_high5_FxVUG2R1y0Q.004.mp4,1280,720,29.97,459,extraversion,high
347,11578,right_eye,672.3,249.9,792.6,331.0,1000.4,402.3,1150.7,503.8,extraversion_high5_FxVUG2R1y0Q.004.mp4,1280,720,29.97,459,extraversion,high
347,11578,nose,591.7,306.8,684.4,444.0,899.6,473.4,1015.5,645.0,extraversion_high5_FxVUG2R1y0Q.004.mp4,1280,720,29.97,459,extraversion,high
347,11578,mouth,580.6,465.2,703.1,540.2,885.8,671.5,1038.9,765.2,extraversion_high5_FxVUG2R1y0Q.004.mp4,1280,720,29.97,459,extraversion,high
347,11578,forehead,462.8,184.4,821.5,462.7,738.5,320.5,1186.9,668.3,extraversion_high5_FxVUG2R1y0Q.004.mp4,1280,720,29.97,459,extraversion,high
347,11578,chin,464.6,336.8,818.9,588.4,740.8,511.0,1183.7,825.4,extraversion_high5_FxVUG2R1y0Q.004.mp4,1280,720,29.97,459,extraversion,high
347,11578,left_cheek,477.4,348.6,583.8,491.7,756.7,525.7,889.7,704.6,extraversion_high5_FxVUG2R1y0Q.004.mp4,1280,720,29.97,459,extraversion,high
347,11578,right_cheek,693.8,346.3,803.4,491.3,1027.3,522.9,1164.3,704.2,extraversion_high5_FxVUG2R1y0Q.004.mp4,1280,720,29.97,459,extraversion,high
348,11611,left_eye,488.1,249.8,603.5,333.8,770.2,402.3,914.4,507.3,extraversion_high5_FxVUG2R1y0Q.004.mp4,1280,720,29.97,459,extraversion,high
348,11611,right_eye,672.3,249.6,792.6,331.0,1000.4,402.0,1150.7,503.7,extraversion_high5_FxVUG2R1y0Q.004.mp4,1280,720,29.97,459,extraversion,high
348,11611,nose,591.6,306.4,684.0,443.4,899.5,473.0,1015.0,644.3,extraversion_high5_FxVUG2R1y0Q.004.mp4,1280,720,29.97,459,extraversion,high
348,11611,mouth,580.2,464.7,702.9,527.1,885.2,670.9,1038.7,748.9,extraversion_high5_FxVUG2R1y0Q.004.mp4,1280,720,29.97,459,extraversion,high
348,11611,forehead,462.0,183.9,821.0,462.5,737.4,319.9,1186.3,668.2,extraversion_high5_FxVUG2R1y0Q.004.mp4,1280,720,29.97,459,extraversion,high
348,11611,chin,463.8,336.8,818.3,583.0,739.8,510.9,1182.9,818.7,extraversion_high5_FxVUG2R1y0Q.004.mp4,1280,720,29.97,459,extraversion,high
348,11611,left_cheek,477.1,348.3,583.7,490.6,756.4,525.3,889.6,703.2,extraversion_high5_FxVUG2R1y0Q.004.mp4,1280,720,29.97,459,extraversion,high
348,11611,right_cheek,693.6,346.2,803.1,490.5,1027.0,522.7,1163.8,703.1,extraversion_high5_FxVUG2R1y0Q.004.mp4,1280,720,29.97,459,extraversion,high
349,11644,left_eye,487.4,249.8,603.5,333.9,769.3,402.3,914.3,507.4,extraversion_high5_FxVUG2R1y0Q.004.mp4,1280,720,29.97,459,extraversion,high
349,11644,right_eye,671.9,249.5,791.9,331.0,999.8,401.8,1149.9,503.8,extraversion_high5_FxVUG2R1y0Q.004.mp4,1280,720,29.97,459,extraversion,high
349,11644,nose,591.6,306.4,684.1,443.2,899.4,472.9,1015.1,644.0,extraversion_high5_FxVUG2R1y0Q.004.mp4,1280,720,29.97,459,extraversion,high
349,11644,mouth,579.7,465.4,703.9,523.1,884.7,671.7,1039.8,743.8,extraversion_high5_FxVUG2R1y0Q.004.mp4,1280,720,29.97,459,extraversion,high
349,11644,forehead,460.4,183.5,819.7,463.3,735.5,319.4,1184.6,669.1,extraversion_high5_FxVUG2R1y0Q.004.mp4,1280,720,29.97,459,extraversion,high
349,11644,chin,462.4,336.8,817.1,582.4,738.1,510.9,1181.3,817.9,extraversion_high5_FxVUG2R1y0Q.004.mp4,1280,720,29.97,459,extraversion,high
349,11644,left_cheek,476.3,348.6,583.5,490.6,755.4,525.7,889.3,703.2,extraversion_high5_FxVUG2R1y0Q.004.mp4,1280,720,29.97,459,extraversion,high
349,11644,right_cheek,693.5,346.0,802.3,489.8,1026.9,522.6,1162.9,702.2,extraversion_high5_FxVUG2R1y0Q.004.mp4,1280,720,29.97,459,extraversion,high
350,11678,left_eye,487.4,249.8,603.4,333.9,769.3,402.3,914.3,507.4,extraversion_high5_FxVUG2R1y0Q.004.mp4,1280,720,29.97,459,extraversion,high
350,11678,right_eye,671.4,249.5,791.7,331.0,999.2,401.9,1149.6,503.8,extraversion_high5_FxVUG2R1y0Q.004.mp4,1280,720,29.97,459,extraversion,high
350,11678,nose,591.3,306.4,684.0,443.1,899.1,473.0,1015.0,643.8,extraversion_high5_FxVUG2R1y0Q.004.mp4,1280,720,29.97,459,extraversion,high
350,11678,mouth,579.2,466.4,704.5,524.5,884.0,673.0,1040.6,745.6,extraversion_high5_FxVUG2R1y0Q.004.mp4,1280,720,29.97,459,extraversion,high
350,11678,forehead,460.1,183.5,819.7,464.3,735.2,319.3,1184.6,670.4,extraversion_high5_FxVUG2R1y0Q.004.mp4,1280,720,29.97,459,extraversion,high
350,11678,chin,462.1,336.7,817.2,585.2,737.6,510.9,1181.4,821.5,extraversion_high5_FxVUG2R1y0Q.004.mp4,1280,720,29.97,459,extraversion,high
350,11678,left_cheek,475.8,348.8,583.2,491.2,754.8,526.0,889.0,704.0,extraversion_high5_FxVUG2R1y0Q.004.mp4,1280,720,29.97,459,extraversion,high
350,11678,right_cheek,693.3,346.0,802.3,489.8,1026.7,522.5,1162.9,702.2,extraversion_high5_FxVUG2R1y0Q.004.mp4,1280,720,29.97,459,extraversion,high
351,11711,left_eye,487.4,249.9,603.4,334.4,769.3,402.3,914.3,508.0,extraversion_high5_FxVUG2R1y0Q.004.mp4,1280,720,29.97,459,extraversion,high
351,11711,right_eye,671.4,249.7,791.7,331.6,999.2,402.2,1149.6,504.5,extraversion_high5_FxVUG2R1y0Q.004.mp4,1280,720,29.97,459,extraversion,high
351,11711,nose,591.3,306.8,684.2,443.8,899.1,473.5,1015.2,644.7,extraversion_high5_FxVUG2R1y0Q.004.mp4,1280,720,29.97,459,extraversion,high
351,11711,mouth,578.9,468.9,704.8,533.8,883.6,676.2,1041.0,757.2,extraversion_high5_FxVUG2R1y0Q.004.mp4,1280,720,29.97,459,extraversion,high
351,11711,forehead,460.1,184.0,819.6,465.0,735.2,320.0,1184.5,671.2,extraversion_high5_FxVUG2R1y0Q.004.mp4,1280,720,29.97,459,extraversion,high
351,11711,chin,462.0,336.9,817.1,592.2,737.5,511.2,1181.3,830.2,extraversion_high5_FxVUG2R1y0Q.004.mp4,1280,720,29.97,459,extraversion,high
351,11711,left_cheek,475.8,349.6,583.2,492.7,754.7,527.0,889.0,705.9,extraversion_high5_FxVUG2R1y0Q.004.mp4,1280,720,29.97,459,extraversion,high
351,11711,right_cheek,693.3,346.3,802.3,490.6,1026.7,522.9,1162.8,703.3,extraversion_high5_FxVUG2R1y0Q.004.mp4,1280,720,29.97,459,extraversion,high
352,11745,left_eye,487.9,251.3,603.6,334.7,769.9,404.1,914.5,508.3,extraversion_high5_FxVUG2R1y0Q.004.mp4,1280,720,29.97,459,extraversion,high
352,11745,right_eye,671.5,250.2,791.7,332.0,999.3,402.7,1149.7,505.0,extraversion_high5_FxVUG2R1y0Q.004.mp4,1280,720,29.97,459,extraversion,high
352,11745,nose,591.9,308.0,684.3,445.5,899.9,474.9,1015.4,646.8,extraversion_high5_FxVUG2R1y0Q.004.mp4,1280,720,29.97,459,extraversion,high
352,11745,mouth,578.5,470.8,705.1,534.6,883.1,678.4,1041.3,758.2,extraversion_high5_FxVUG2R1y0Q.004.mp4,1280,720,29.97,459,extraversion,high
352,11745,forehead,460.8,185.4,819.6,465.0,736.0,321.7,1184.5,671.3,extraversion_high5_FxVUG2R1y0Q.004.mp4,1280,720,29.97,459,extraversion,high
352,11745,chin,462.7,337.0,817.0,592.0,738.4,511.2,1181.3,830.0,extraversion_high5_FxVUG2R1y0Q.004.mp4,1280,720,29.97,459,extraversion,high
352,11745,left_cheek,476.3,350.4,583.5,493.1,755.4,528.1,889.4,706.4,extraversion_high5_FxVUG2R1y0Q.004.mp4,1280,720,29.97,459,extraversion,high
352,11745,right_cheek,693.4,346.7,802.3,491.0,1026.8,523.3,1162.8,703.7,extraversion_high5_FxVUG2R1y0Q.004.mp4,1280,720,29.97,459,extraversion,high
353,11778,left_eye,487.9,251.6,603.6,334.9,769.9,404.5,914.6,508.6,extraversion_high5_FxVUG2R1y0Q.004.mp4,1280,720,29.97,459,extraversion,high
353,11778,right_eye,671.5,250.3,791.8,332.0,999.4,402.9,1149.7,505.0,extraversion_high5_FxVUG2R1y0Q.004.mp4,1280,720,29.97,459,extraversion,high
353,11778,nose,592.4,308.2,684.5,445.6,900.5,475.3,1015.6,647.0,extraversion_high5_FxVUG2R1y0Q.004.mp4,1280,720,29.97,459,extraversion,high
353,11778,mouth,578.2,470.7,705.9,534.3,882.8,678.3,1042.4,757.9,extraversion_high5_FxVUG2R1y0Q.004.mp4,1280,720,29.97,459,extraversion,high
353,11778,forehead,460.8,185.4,819.6,465.1,736.1,321.8,1184.5,671.3,extraversion_high5_FxVUG2R1y0Q.004.mp4,1280,720,29.97,459,extraversion,high
353,11778,chin,462.7,336.8,817.1,590.3,738.4,511.0,1181.3,827.9,extraversion_high5_FxVUG2R1y0Q.004.mp4,1280,720,29.97,459,extraversion,high
353,11778,left_cheek,476.5,350.7,583.8,493.2,755.6,528.4,889.7,706.5,extraversion_high5_FxVUG2R1y0Q.004.mp4,1280,720,29.97,459,extraversion,high
353,11778,right_cheek,693.5,346.7,802.3,490.9,1026.9,523.3,1162.9,703.7,extraversion_high5_FxVUG2R1y0Q.004.mp4,1280,720,29.97,459,extraversion,high
354,11811,left_eye,487.9,251.5,603.6,334.9,769.9,404.4,914.6,508.6,extraversion_high5_FxVUG2R1y0Q.004.mp4,1280,720,29.97,459,extraversion,high
354,11811,right_eye,671.5,250.3,791.8,331.9,999.4,402.8,1149.8,504.8,extraversion_high5_FxVUG2R1y0Q.004.mp4,1280,720,29.97,459,extraversion,high
354,11811,nose,592.4,308.2,684.6,445.5,900.5,475.3,1015.8,646.8,extraversion_high5_FxVUG2R1y0Q.004.mp4,1280,720,29.97,459,extraversion,high
354,11811,mouth,578.0,470.5,706.6,533.4,882.5,678.1,1043.2,756.8,extraversion_high5_FxVUG2R1y0Q.004.mp4,1280,720,29.97,459,extraversion,high
354,11811,forehead,460.7,185.4,819.6,465.1,735.8,321.7,1184.5,671.3,extraversion_high5_FxVUG2R1y0Q.004.mp4,1280,720,29.97,459,extraversion,high
354,11811,chin,462.6,336.3,817.1,589.4,738.3,510.4,1181.3,826.8,extraversion_high5_FxVUG2R1y0Q.004.mp4,1280,720,29.97,459,extraversion,high
354,11811,left_cheek,476.5,350.7,583.8,493.2,755.6,528.4,889.7,706.5,extraversion_high5_FxVUG2R1y0Q.004.mp4,1280,720,29.97,459,extraversion,high
354,11811,right_cheek,693.6,346.4,802.4,490.7,1027.0,523.1,1163.0,703.4,extraversion_high5_FxVUG2R1y0Q.004.mp4,1280,720,29.97,459,extraversion,high
355,11845,left_eye,487.9,251.3,603.6,334.2,769.9,404.1,914.6,507.8,extraversion_high5_FxVUG2R1y0Q.004.mp4,1280,720,29.97,459,extraversion,high
355,11845,right_eye,671.6,250.1,791.9,331.0,999.5,402.6,1149.8,503.8,extraversion_high5_FxVUG2R1y0Q.004.mp4,1280,720,29.97,459,extraversion,high
355,11845,nose,592.5,307.9,684.7,445.3,900.7,474.8,1015.8,646.6,extraversion_high5_FxVUG2R1y0Q.004.mp4,1280,720,29.97,459,extraversion,high
355,11845,mouth,577.9,470.1,706.8,533.2,882.4,677.6,1043.5,756.5,extraversion_high5_FxVUG2R1y0Q.004.mp4,1280,720,29.97,459,extraversion,high
355,11845,forehead,460.7,185.1,819.6,464.4,735.9,321.4,1184.5,670.5,extraversion_high5_FxVUG2R1y0Q.004.mp4,1280,720,29.97,459,extraversion,high
355,11845,chin,462.7,335.5,817.1,588.8,738.3,509.4,1181.3,826.0,extraversion_high5_FxVUG2R1y0Q.004.mp4,1280,720,29.97,459,extraversion,high
355,11845,left_cheek,476.5,350.4,583.8,492.7,755.6,528.0,889.8,705.8,extraversion_high5_FxVUG2R1y0Q.004.mp4,1280,720,29.97,459,extraversion,high
355,11845,right_cheek,693.7,345.8,802.4,490.2,1027.1,522.2,1163.1,702.7,extraversion_high5_FxVUG2R1y0Q.004.mp4,1280,720,29.97,459,extraversion,high
356,11878,left_eye,488.5,251.1,604.0,333.9,770.6,403.9,915.0,507.3,extraversion_high5_FxVUG2R1y0Q.004.mp4,1280,720,29.97,459,extraversion,high
356,11878,right_eye,672.0,249.8,792.4,330.5,1000.0,402.2,1150.5,503.1,extraversion_high5_FxVUG2R1y0Q.004.mp4,1280,720,29.97,459,extraversion,high
356,11878,nose,593.3,307.6,684.9,445.1,901.6,474.5,1016.1,646.4,extraversion_high5_FxVUG2R1y0Q.004.mp4,1280,720,29.97,459,extraversion,high
356,11878,mouth,578.4,469.8,706.8,533.2,883.0,677.3,1043.5,756.5,extraversion_high5_FxVUG2R1y0Q.004.mp4,1280,720,29.97,459,extraversion,high
356,11878,forehead,461.4,185.0,820.1,463.9,736.8,321.2,1185.1,669.9,extraversion_high5_FxVUG2R1y0Q.004.mp4,1280,720,29.97,459,extraversion,high
356,11878,chin,463.4,334.9,817.6,588.1,739.2,508.6,1181.9,825.2,extraversion_high5_FxVUG2R1y0Q.004.mp4,1280,720,29.97,459,extraversion,high
356,11878,left_cheek,477.1,350.0,584.4,492.2,756.3,527.5,890.5,705.3,extraversion_high5_FxVUG2R1y0Q.004.mp4,1280,720,29.97,459,extraversion,high
356,11878,right_cheek,694.0,345.3,803.0,489.8,1027.5,521.6,1163.7,702.2,extraversion_high5_FxVUG2R1y0Q.004.mp4,1280,720,29.97,459,extraversion,high
357,11911,left_eye,488.6,250.8,604.1,333.7,770.8,403.5,915.1,507.1,extraversion_high5_FxVUG2R1y0Q.004.mp4,1280,720,29.97,459,extraversion,high
357,11911,right_eye,672.2,249.7,792.6,330.3,1000.3,402.1,1150.7,502.9,extraversion_high5_FxVUG2R1y0Q.004.mp4,1280,720,29.97,459,extraversion,high
357,11911,nose,593.8,307.4,685.0,445.0,902.2,474.2,1016.2,646.3,extraversion_high5_FxVUG2R1y0Q.004.mp4,1280,720,29.97,459,extraversion,high
357,11911,mouth,578.8,470.1,706.8,533.7,883.5,677.7,1043.6,757.2,extraversion_high5_FxVUG2R1y0Q.004.mp4,1280,720,29.97,459,extraversion,high
357,11911,forehead,461.7,184.8,820.2,463.6,737.2,321.0,1185.2,669.4,extraversion_high5_FxVUG2R1y0Q.004.mp4,1280,720,29.97,459,extraversion,high
357,11911,chin,463.7,334.5,817.6,587.4,739.7,508.1,1182.0,824.3,extraversion_high5_FxVUG2R1y0Q.004.mp4,1280,720,29.97,459,extraversion,high
357,11911,left_cheek,477.3,349.7,584.7,492.1,756.7,527.2,890.9,705.1,extraversion_high5_FxVUG2R1y0Q.004.mp4,1280,720,29.97,459,extraversion,high
357,11911,right_cheek,694.1,345.2,803.1,489.7,1027.6,521.5,1163.9,702.2,extraversion_high5_FxVUG2R1y0Q.004.mp4,1280,720,29.97,459,extraversion,high
358,11945,left_eye,488.8,250.5,604.2,333.5,771.0,403.1,915.2,506.9,extraversion_high5_FxVUG2R1y0Q.004.mp4,1280,720,29.97,459,extraversion,high
358,11945,right_eye,672.3,249.5,792.6,330.1,1000.4,401.9,1150.7,502.7,extraversion_high5_FxVUG2R1y0Q.004.mp4,1280,720,29.97,459,extraversion,high
358,11945,nose,594.0,307.1,685.4,444.9,902.5,473.9,1016.8,646.1,extraversion_high5_FxVUG2R1y0Q.004.mp4,1280,720,29.97,459,extraversion,high
358,11945,mouth,579.4,470.5,706.9,534.3,884.3,678.1,1043.6,757.9,extraversion_high5_FxVUG2R1y0Q.004.mp4,1280,720,29.97,459,extraversion,high
358,11945,forehead,461.9,184.4,820.2,463.5,737.3,320.5,1185.2,669.4,extraversion_high5_FxVUG2R1y0Q.004.mp4,1280,720,29.97,459,extraversion,high
358,11945,chin,463.9,334.3,817.7,587.1,739.8,507.9,1182.1,823.9,extraversion_high5_FxVUG2R1y0Q.004.mp4,1280,720,29.97,459,extraversion,high
358,11945,left_cheek,477.5,349.7,585.0,492.1,756.8,527.1,891.2,705.1,extraversion_high5_FxVUG2R1y0Q.004.mp4,1280,720,29.97,459,extraversion,high
358,11945,right_cheek,694.3,345.1,803.2,489.7,1027.9,521.3,1164.0,702.1,extraversion_high5_FxVUG2R1y0Q.004.mp4,1280,720,29.97,459,extraversion,high
359,11978,left_eye,490.0,250.3,604.8,333.6,772.4,402.9,915.9,506.9,extraversion_high5_FxVUG2R1y0Q.004.mp4,1280,720,29.97,459,extraversion,high
359,11978,right_eye,672.3,249.5,792.6,330.1,1000.4,401.9,1150.7,502.7,extraversion_high5_FxVUG2R1y0Q.004.mp4,1280,720,29.97,459,extraversion,high
359,11978,nose,594.1,307.0,685.7,444.8,902.6,473.7,1017.2,646.0,extraversion_high5_FxVUG2R1y0Q.004.mp4,1280,720,29.97,459,extraversion,high
359,11978,mouth,579.8,471.3,706.9,534.3,884.8,679.1,1043.6,757.9,extraversion_high5_FxVUG2R1y0Q.004.mp4,1280,720,29.97,459,extraversion,high
359,11978,forehead,462.9,184.1,820.8,463.5,738.6,320.2,1186.1,669.4,extraversion_high5_FxVUG2R1y0Q.004.mp4,1280,720,29.97,459,extraversion,high
359,11978,chin,464.7,334.3,818.5,587.0,740.9,507.8,1183.1,823.8,extraversion_high5_FxVUG2R1y0Q.004.mp4,1280,720,29.97,459,extraversion,high
359,11978,left_cheek,478.0,349.7,585.3,492.2,757.5,527.1,891.6,705.2,extraversion_high5_FxVUG2R1y0Q.004.mp4,1280,720,29.97,459,extraversion,high
359,11978,right_cheek,694.4,345.1,803.6,489.7,1028.0,521.3,1164.4,702.1,extraversion_high5_FxVUG2R1y0Q.004.mp4,1280,720,29.97,459,extraversion,high
360,12012,left_eye,490.2,250.2,605.0,333.4,772.7,402.7,916.3,506.8,extraversion_high5_FxVUG2R1y0Q.004.mp4,1280,720,29.97,459,extraversion,high
360,12012,right_eye,672.3,249.5,792.6,330.0,1000.4,401.8,1150.7,502.5,extraversion_high5_FxVUG2R1y0Q.004.mp4,1280,720,29.97,459,extraversion,high
360,12012,nose,594.1,306.8,685.9,444.8,902.7,473.5,1017.4,646.0,extraversion_high5_FxVUG2R1y0Q.004.mp4,1280,720,29.97,459,extraversion,high
360,12012,mouth,580.1,471.6,706.9,533.7,885.1,679.6,1043.7,757.2,extraversion_high5_FxVUG2R1y0Q.004.mp4,1280,720,29.97,459,extraversion,high
360,12012,forehead,463.0,183.8,820.9,463.4,738.8,319.8,1186.1,669.2,extraversion_high5_FxVUG2R1y0Q.004.mp4,1280,720,29.97,459,extraversion,high
360,12012,chin,464.8,334.1,818.6,586.5,741.0,507.6,1183.2,823.2,extraversion_high5_FxVUG2R1y0Q.004.mp4,1280,720,29.97,459,extraversion,high
360,12012,left_cheek,478.1,349.6,585.5,492.2,757.7,527.0,891.9,705.2,extraversion_high5_FxVUG2R1y0Q.004.mp4,1280,720,29.97,459,extraversion,high
360,12012,right_cheek,694.4,345.0,803.6,489.6,1028.0,521.2,1164.5,702.0,extraversion_high5_FxVUG2R1y0Q.004.mp4,1280,720,29.97,459,extraversion,high
361,12045,left_eye,490.4,250.2,605.2,333.5,773.0,402.7,916.6,506.8,extraversion_high5_FxVUG2R1y0Q.004.mp4,1280,720,29.97,459,extraversion,high
361,12045,right_eye,672.3,249.5,792.5,330.1,1000.4,401.9,1150.6,502.6,extraversion_high5_FxVUG2R1y0Q.004.mp4,1280,720,29.97,459,extraversion,high
361,12045,nose,594.1,306.8,686.1,444.7,902.6,473.5,1017.6,645.9,extraversion_high5_FxVUG2R1y0Q.004.mp4,1280,720,29.97,459,extraversion,high
361,12045,mouth,580.0,471.7,707.1,533.3,885.0,679.7,1043.9,756.6,extraversion_high5_FxVUG2R1y0Q.004.mp4,1280,720,29.97,459,extraversion,high
361,12045,forehead,463.3,183.8,820.8,463.5,739.1,319.7,1186.0,669.3,extraversion_high5_FxVUG2R1y0Q.004.mp4,1280,720,29.97,459,extraversion,high
361,12045,chin,465.1,334.1,818.5,586.6,741.4,507.7,1183.2,823.2,extraversion_high5_FxVUG2R1y0Q.004.mp4,1280,720,29.97,459,extraversion,high
361,12045,left_cheek,478.3,349.6,585.5,492.2,757.8,527.0,891.9,705.3,extraversion_high5_FxVUG2R1y0Q.004.mp4,1280,720,29.97,459,extraversion,high
361,12045,right_cheek,694.4,345.0,803.5,489.6,1028.1,521.3,1164.4,702.1,extraversion_high5_FxVUG2R1y0Q.004.mp4,1280,720,29.97,459,extraversion,high
362,12078,left_eye,490.4,250.1,605.2,333.4,773.0,402.6,916.5,506.8,extraversion_high5_FxVUG2R1y0Q.004.mp4,1280,720,29.97,459,extraversion,high
362,12078,right_eye,672.1,249.4,792.3,329.9,1000.1,401.7,1150.3,502.4,extraversion_high5_FxVUG2R1y0Q.004.mp4,1280,720,29.97,459,extraversion,high
362,12078,nose,594.1,306.6,686.0,444.5,902.6,473.3,1017.6,645.7,extraversion_high5_FxVUG2R1y0Q.004.mp4,1280,720,29.97,459,extraversion,high
362,12078,mouth,580.0,471.6,707.1,530.7,885.0,679.5,1043.9,753.4,extraversion_high5_FxVUG2R1y0Q.004.mp4,1280,720,29.97,459,extraversion,high
362,12078,forehead,463.3,183.5,820.8,463.1,739.1,319.4,1186.0,668.9,extraversion_high5_FxVUG2R1y0Q.004.mp4,1280,720,29.97,459,extraversion,high
362,12078,chin,465.1,333.5,818.5,584.4,741.4,506.9,1183.1,820.5,extraversion_high5_FxVUG2R1y0Q.004.mp4,1280,720,29.97,459,extraversion,high
362,12078,left_cheek,478.3,349.5,585.5,491.9,757.8,526.8,891.9,704.8,extraversion_high5_FxVUG2R1y0Q.004.mp4,1280,720,29.97,459,extraversion,high
362,12078,right_cheek,694.4,344.6,803.4,488.9,1028.0,520.7,1164.3,701.1,extraversion_high5_FxVUG2R1y0Q.004.mp4,1280,720,29.97,459,extraversion,high
363,12112,left_eye,490.4,249.5,605.1,333.2,772.9,401.9,916.3,506.5,extraversion_high5_FxVUG2R1y0Q.004.mp4,1280,720,29.97,459,extraversion,high
363,12112,right_eye,671.5,248.9,791.7,329.4,999.4,401.1,1149.6,501.8,extraversion_high5_FxVUG2R1y0Q.004.mp4,1280,720,29.97,459,extraversion,high
363,12112,nose,594.0,305.9,685.9,443.4,902.5,472.4,1017.4,644.2,extraversion_high5_FxVUG2R1y0Q.004.mp4,1280,720,29.97,459,extraversion,high
363,12112,mouth,579.5,469.7,707.5,528.3,884.4,677.1,1044.3,750.4,extraversion_high5_FxVUG2R1y0Q.004.mp4,1280,720,29.97,459,extraversion,high
363,12112,forehead,463.2,182.9,820.7,462.8,739.1,318.6,1185.9,668.5,extraversion_high5_FxVUG2R1y0Q.004.mp4,1280,720,29.97,459,extraversion,high
363,12112,chin,465.1,332.9,818.5,582.0,741.4,506.2,1183.1,817.5,extraversion_high5_FxVUG2R1y0Q.004.mp4,1280,720,29.97,459,extraversion,high
363,12112,left_cheek,478.3,349.1,585.4,491.0,757.8,526.4,891.8,703.8,extraversion_high5_FxVUG2R1y0Q.004.mp4,1280,720,29.97,459,extraversion,high
363,12112,right_cheek,694.3,343.8,803.3,487.6,1027.8,519.8,1164.1,699.5,extraversion_high5_FxVUG2R1y0Q.004.mp4,1280,720,29.97,459,extraversion,high
364,12145,left_eye,490.3,249.0,604.9,332.9,772.9,401.2,916.1,506.1,extraversion_high5_FxVUG2R1y0Q.004.mp4,1280,720,29.97,459,extraversion,high
364,12145,right_eye,671.2,248.3,791.3,329.0,999.0,400.3,1149.1,501.2,extraversion_high5_FxVUG2R1y0Q.004.mp4,1280,720,29.97,459,extraversion,high
364,12145,nose,593.5,305.3,685.8,442.6,901.9,471.6,1017.3,643.2,extraversion_high5_FxVUG2R1y0Q.004.mp4,1280,720,29.97,459,extraversion,high
364,12145,mouth,579.0,467.7,707.6,527.1,883.7,674.7,1044.6,748.9,extraversion_high5_FxVUG2R1y0Q.004.mp4,1280,720,29.97,459,extraversion,high
364,12145,forehead,463.2,182.3,820.6,462.4,739.0,317.8,1185.8,668.0,extraversion_high5_FxVUG2R1y0Q.004.mp4,1280,720,29.97,459,extraversion,high
364,12145,chin,465.1,332.4,818.5,581.2,741.3,505.5,1183.1,816.5,extraversion_high5_FxVUG2R1y0Q.004.mp4,1280,720,29.97,459,extraversion,high
364,12145,left_cheek,478.2,348.6,585.2,490.1,757.7,525.7,891.6,702.7,extraversion_high5_FxVUG2R1y0Q.004.mp4,1280,720,29.97,459,extraversion,high
364,12145,right_cheek,694.2,343.1,803.2,486.5,1027.7,518.8,1164.0,698.1,extraversion_high5_FxVUG2R1y0Q.004.mp4,1280,720,29.97,459,extraversion,high
365,12178,left_eye,490.3,248.6,604.9,332.4,772.8,400.7,916.1,505.5,extraversion_high5_FxVUG2R1y0Q.004.mp4,1280,720,29.97,459,extraversion,high
365,12178,right_eye,671.0,248.0,791.0,328.7,998.8,400.0,1148.7,500.8,extraversion_high5_FxVUG2R1y0Q.004.mp4,1280,720,29.97,459,extraversion,high
365,12178,nose,593.4,304.8,685.8,441.5,901.7,470.9,1017.3,641.8,extraversion_high5_FxVUG2R1y0Q.004.mp4,1280,720,29.97,459,extraversion,high
365,12178,mouth,578.4,466.5,707.8,526.7,883.1,673.2,1044.7,748.4,extraversion_high5_FxVUG2R1y0Q.004.mp4,1280,720,29.97,459,extraversion,high
365,12178,forehead,463.3,182.0,820.5,462.2,739.1,317.5,1185.6,667.7,extraversion_high5_FxVUG2R1y0Q.004.mp4,1280,720,29.97,459,extraversion,high
365,12178,chin,465.1,332.3,818.4,581.1,741.4,505.4,1183.0,816.4,extraversion_high5_FxVUG2R1y0Q.004.mp4,1280,720,29.97,459,extraversion,high
365,12178,left_cheek,478.2,348.1,585.2,489.4,757.7,525.1,891.5,701.7,extraversion_high5_FxVUG2R1y0Q.004.mp4,1280,720,29.97,459,extraversion,high
365,12178,right_cheek,694.1,342.8,803.1,485.9,1027.7,518.5,1163.9,697.4,extraversion_high5_FxVUG2R1y0Q.004.mp4,1280,720,29.97,459,extraversion,high
366,12212,left_eye,490.3,248.7,604.8,332.4,772.8,400.9,916.0,505.5,extraversion_high5_FxVUG2R1y0Q.004.mp4,1280,720,29.97,459,extraversion,high
366,12212,right_eye,670.7,248.2,790.9,328.7,998.4,400.2,1148.6,500.9,extraversion_high5_FxVUG2R1y0Q.004.mp4,1280,720,29.97,459,extraversion,high
366,12212,nose,593.0,304.8,685.8,441.5,901.3,471.0,1017.2,641.9,extraversion_high5_FxVUG2R1y0Q.004.mp4,1280,720,29.97,459,extraversion,high
366,12212,mouth,578.3,466.7,707.8,526.8,882.9,673.3,1044.8,748.5,extraversion_high5_FxVUG2R1y0Q.004.mp4,1280,720,29.97,459,extraversion,high
366,12212,forehead,463.3,182.0,820.5,462.4,739.1,317.5,1185.6,668.0,extraversion_high5_FxVUG2R1y0Q.004.mp4,1280,720,29.97,459,extraversion,high
366,12212,chin,465.2,332.7,818.4,581.4,741.5,505.9,1183.0,816.8,extraversion_high5_FxVUG2R1y0Q.004.mp4,1280,720,29.97,459,extraversion,high
366,12212,left_cheek,478.1,348.1,585.0,489.5,757.7,525.1,891.3,701.8,extraversion_high5_FxVUG2R1y0Q.004.mp4,1280,720,29.97,459,extraversion,high
366,12212,right_cheek,694.1,342.9,803.1,486.0,1027.6,518.7,1163.9,697.5,extraversion_high5_FxVUG2R1y0Q.004.mp4,1280,720,29.97,459,extraversion,high
367,12245,left_eye,490.7,250.0,604.8,333.3,773.3,402.5,916.0,506.6,extraversion_high5_FxVUG2R1y0Q.004.mp4,1280,720,29.97,459,extraversion,high
367,12245,right_eye,670.5,249.6,790.9,329.8,998.1,402.0,1148.6,502.3,extraversion_high5_FxVUG2R1y0Q.004.mp4,1280,720,29.97,459,extraversion,high
367,12245,nose,592.8,305.6,685.6,442.0,901.0,471.9,1017.0,642.5,extraversion_high5_FxVUG2R1y0Q.004.mp4,1280,720,29.97,459,extraversion,high
367,12245,mouth,578.5,469.4,706.6,535.0,883.1,676.8,1043.3,758.7,extraversion_high5_FxVUG2R1y0Q.004.mp4,1280,720,29.97,459,extraversion,high
367,12245,forehead,463.6,182.9,821.5,464.6,739.5,318.6,1186.9,670.7,extraversion_high5_FxVUG2R1y0Q.004.mp4,1280,720,29.97,459,extraversion,high
367,12245,chin,465.4,335.3,819.7,590.2,741.8,509.1,1184.7,827.8,extraversion_high5_FxVUG2R1y0Q.004.mp4,1280,720,29.97,459,extraversion,high
367,12245,left_cheek,478.1,349.4,585.0,491.5,757.7,526.8,891.2,704.3,extraversion_high5_FxVUG2R1y0Q.004.mp4,1280,720,29.97,459,extraversion,high
367,12245,right_cheek,694.0,345.1,803.3,489.0,1027.5,521.3,1164.2,701.3,extraversion_high5_FxVUG2R1y0Q.004.mp4,1280,720,29.97,459,extraversion,high
368,12278,left_eye,491.3,251.1,604.9,333.3,774.2,403.8,916.2,506.7,extraversion_high5_FxVUG2R1y0Q.004.mp4,1280,720,29.97,459,extraversion,high
368,12278,right_eye,670.6,250.3,791.2,329.9,998.2,402.9,1149.0,502.4,extraversion_high5_FxVUG2R1y0Q.004.mp4,1280,720,29.97,459,extraversion,high
368,12278,nose,592.8,306.4,685.5,443.2,901.0,473.0,1016.8,644.0,extraversion_high5_FxVUG2R1y0Q.004.mp4,1280,720,29.97,459,extraversion,high
368,12278,mouth,579.5,474.6,704.9,540.1,884.4,683.3,1041.1,765.2,extraversion_high5_FxVUG2R1y0Q.004.mp4,1280,720,29.97,459,extraversion,high
368,12278,forehead,464.5,184.3,822.2,464.1,740.6,320.4,1187.7,670.1,extraversion_high5_FxVUG2R1y0Q.004.mp4,1280,720,29.97,459,extraversion,high
368,12278,chin,466.1,335.5,820.5,590.4,742.6,509.4,1185.7,828.0,extraversion_high5_FxVUG2R1y0Q.004.mp4,1280,720,29.97,459,extraversion,high
368,12278,left_cheek,478.5,349.7,585.0,491.9,758.2,527.1,891.3,704.8,extraversion_high5_FxVUG2R1y0Q.004.mp4,1280,720,29.97,459,extraversion,high
368,12278,right_cheek,694.0,345.9,803.9,490.2,1027.5,522.4,1164.8,702.7,extraversion_high5_FxVUG2R1y0Q.004.mp4,1280,720,29.97,459,extraversion,high
369,12312,left_eye,491.8,251.5,604.9,332.9,774.8,404.3,916.2,506.1,extraversion_high5_FxVUG2R1y0Q.004.mp4,1280,720,29.97,459,extraversion,high
369,12312,right_eye,670.4,251.2,791.2,329.5,998.0,404.0,1149.0,501.9,extraversion_high5_FxVUG2R1y0Q.004.mp4,1280,720,29.97,459,extraversion,high
369,12312,nose,591.9,306.5,684.8,443.4,899.9,473.1,1016.0,644.2,extraversion_high5_FxVUG2R1y0Q.004.mp4,1280,720,29.97,459,extraversion,high
369,12312,mouth,579.7,476.4,702.3,541.3,884.6,685.6,1037.9,766.6,extraversion_high5_FxVUG2R1y0Q.004.mp4,1280,720,29.97,459,extraversion,high
369,12312,forehead,465.7,184.8,822.4,463.6,742.1,321.0,1188.0,669.5,extraversion_high5_FxVUG2R1y0Q.004.mp4,1280,720,29.97,459,extraversion,high
369,12312,chin,466.9,335.9,820.7,592.0,743.6,509.9,1185.9,830.1,extraversion_high5_FxVUG2R1y0Q.004.mp4,1280,720,29.97,459,extraversion,high
369,12312,left_cheek,478.9,349.7,585.0,492.0,758.6,527.1,891.2,704.9,extraversion_high5_FxVUG2R1y0Q.004.mp4,1280,720,29.97,459,extraversion,high
369,12312,right_cheek,693.5,346.4,803.8,491.0,1026.9,523.0,1164.8,703.8,extraversion_high5_FxVUG2R1y0Q.004.mp4,1280,720,29.97,459,extraversion,high
370,12345,left_eye,492.0,251.7,604.9,331.2,775.0,404.6,916.1,504.0,extraversion_high5_FxVUG2R1y0Q.004.mp4,1280,720,29.97,459,extraversion,high
370,12345,right_eye,670.2,252.0,791.0,328.1,997.7,405.0,1148.8,500.1,extraversion_high5_FxVUG2R1y0Q.004.mp4,1280,720,29.97,459,extraversion,high
370,12345,nose,591.5,306.5,683.8,443.2,899.4,473.1,1014.7,644.0,extraversion_high5_FxVUG2R1y0Q.004.mp4,1280,720,29.97,459,extraversion,high
370,12345,mouth,579.7,476.3,700.8,540.1,884.6,685.3,1036.0,765.1,extraversion_high5_FxVUG2R1y0Q.004.mp4,1280,720,29.97,459,extraversion,high
370,12345,forehead,466.0,184.8,822.4,462.1,742.5,321.0,1188.0,667.6,extraversion_high5_FxVUG2R1y0Q.004.mp4,1280,720,29.97,459,extraversion,high
370,12345,chin,467.0,335.9,820.7,591.6,743.7,509.8,1185.8,829.5,extraversion_high5_FxVUG2R1y0Q.004.mp4,1280,720,29.97,459,extraversion,high
370,12345,left_cheek,478.9,349.0,584.8,491.6,758.6,526.2,891.0,704.4,extraversion_high5_FxVUG2R1y0Q.004.mp4,1280,720,29.97,459,extraversion,high
370,12345,right_cheek,693.0,346.3,803.8,490.9,1026.3,522.9,1164.7,703.6,extraversion_high5_FxVUG2R1y0Q.004.mp4,1280,720,29.97,459,extraversion,high
371,12379,left_eye,492.0,253.3,604.8,331.3,775.0,406.6,916.0,504.1,extraversion_high5_FxVUG2R1y0Q.004.mp4,1280,720,29.97,459,extraversion,high
371,12379,right_eye,669.6,254.9,790.6,328.2,997.0,408.6,1148.3,500.2,extraversion_high5_FxVUG2R1y0Q.004.mp4,1280,720,29.97,459,extraversion,high
371,12379,nose,590.4,307.3,683.5,443.2,898.1,474.1,1014.4,644.0,extraversion_high5_FxVUG2R1y0Q.004.mp4,1280,720,29.97,459,extraversion,high
371,12379,mouth,579.4,475.7,701.1,542.5,884.2,684.6,1036.4,768.2,extraversion_high5_FxVUG2R1y0Q.004.mp4,1280,720,29.97,459,extraversion,high
371,12379,forehead,465.9,186.1,822.4,463.9,742.4,322.6,1188.0,669.9,extraversion_high5_FxVUG2R1y0Q.004.mp4,1280,720,29.97,459,extraversion,high
371,12379,chin,466.9,338.8,820.6,595.5,743.6,513.5,1185.8,834.3,extraversion_high5_FxVUG2R1y0Q.004.mp4,1280,720,29.97,459,extraversion,high
371,12379,left_cheek,478.8,349.6,584.2,492.6,758.5,526.9,890.2,705.8,extraversion_high5_FxVUG2R1y0Q.004.mp4,1280,720,29.97,459,extraversion,high
371,12379,right_cheek,692.5,347.9,803.4,492.9,1025.7,524.8,1164.3,706.2,extraversion_high5_FxVUG2R1y0Q.004.mp4,1280,720,29.97,459,extraversion,high
372,12412,left_eye,491.7,253.7,603.8,331.0,774.6,407.1,914.8,503.8,extraversion_high5_FxVUG2R1y0Q.004.mp4,1280,720,29.97,459,extraversion,high
372,12412,right_eye,668.9,255.0,790.5,327.8,996.1,408.7,1148.1,499.8,extraversion_high5_FxVUG2R1y0Q.004.mp4,1280,720,29.97,459,extraversion,high
372,12412,nose,590.0,307.7,682.9,443.8,897.5,474.6,1013.7,644.8,extraversion_high5_FxVUG2R1y0Q.004.mp4,1280,720,29.97,459,extraversion,high
372,12412,mouth,577.3,475.9,701.5,541.5,881.7,684.9,1036.9,766.8,extraversion_high5_FxVUG2R1y0Q.004.mp4,1280,720,29.97,459,extraversion,high
372,12412,forehead,465.9,186.0,822.8,464.8,742.3,322.5,1188.4,671.0,extraversion_high5_FxVUG2R1y0Q.004.mp4,1280,720,29.97,459,extraversion,high
372,12412,chin,466.9,338.6,821.0,595.1,743.6,513.3,1186.3,833.9,extraversion_high5_FxVUG2R1y0Q.004.mp4,1280,720,29.97,459,extraversion,high
372,12412,left_cheek,478.7,349.6,583.7,493.2,758.3,526.9,889.6,706.5,extraversion_high5_FxVUG2R1y0Q.004.mp4,1280,720,29.97,459,extraversion,high
372,12412,right_cheek,692.2,348.0,803.5,493.8,1025.3,525.0,1164.3,707.3,extraversion_high5_FxVUG2R1y0Q.004.mp4,1280,720,29.97,459,extraversion,high
373,12445,left_eye,491.7,254.8,603.4,331.1,774.6,408.4,914.3,503.9,extraversion_high5_FxVUG2R1y0Q.004.mp4,1280,720,29.97,459,extraversion,high
373,12445,right_eye,667.6,255.6,789.0,327.7,994.6,409.5,1146.2,499.6,extraversion_high5_FxVUG2R1y0Q.004.mp4,1280,720,29.97,459,extraversion,high
373,12445,nose,589.7,308.5,682.3,444.9,897.2,475.6,1012.8,646.1,extraversion_high5_FxVUG2R1y0Q.004.mp4,1280,720,29.97,459,extraversion,high
373,12445,mouth,575.7,477.8,701.8,539.3,879.6,687.2,1037.2,764.2,extraversion_high5_FxVUG2R1y0Q.004.mp4,1280,720,29.97,459,extraversion,high
373,12445,forehead,465.8,186.0,822.8,464.5,742.3,322.5,1188.4,670.6,extraversion_high5_FxVUG2R1y0Q.004.mp4,1280,720,29.97,459,extraversion,high
373,12445,chin,466.8,338.4,821.0,594.9,743.6,513.0,1186.3,833.7,extraversion_high5_FxVUG2R1y0Q.004.mp4,1280,720,29.97,459,extraversion,high
373,12445,left_cheek,478.5,349.7,583.3,493.3,758.2,527.1,889.1,706.6,extraversion_high5_FxVUG2R1y0Q.004.mp4,1280,720,29.97,459,extraversion,high
373,12445,right_cheek,691.7,348.0,803.1,493.7,1024.6,525.0,1163.8,707.1,extraversion_high5_FxVUG2R1y0Q.004.mp4,1280,720,29.97,459,extraversion,high
374,12479,left_eye,491.7,255.5,603.2,331.1,774.6,409.4,914.0,503.9,extraversion_high5_FxVUG2R1y0Q.004.mp4,1280,720,29.97,459,extraversion,high
374,12479,right_eye,667.2,256.3,788.6,327.6,994.0,410.3,1145.8,499.5,extraversion_high5_FxVUG2R1y0Q.004.mp4,1280,720,29.97,459,extraversion,high
374,12479,nose,589.3,309.0,682.1,444.9,896.6,476.2,1012.7,646.1,extraversion_high5_FxVUG2R1y0Q.004.mp4,1280,720,29.97,459,extraversion,high
374,12479,mouth,575.1,478.0,701.9,536.5,878.8,687.6,1037.4,760.6,extraversion_high5_FxVUG2R1y0Q.004.mp4,1280,720,29.97,459,extraversion,high
374,12479,forehead,466.3,186.4,822.8,464.7,742.9,323.0,1188.5,670.9,extraversion_high5_FxVUG2R1y0Q.004.mp4,1280,720,29.97,459,extraversion,high
374,12479,chin,467.3,338.5,821.2,594.1,744.1,513.1,1186.4,832.7,extraversion_high5_FxVUG2R1y0Q.004.mp4,1280,720,29.97,459,extraversion,high
374,12479,left_cheek,478.5,349.8,583.1,493.3,758.2,527.2,888.9,706.6,extraversion_high5_FxVUG2R1y0Q.004.mp4,1280,720,29.97,459,extraversion,high
374,12479,right_cheek,691.5,348.1,803.1,493.6,1024.4,525.1,1163.8,707.0,extraversion_high5_FxVUG2R1y0Q.004.mp4,1280,720,29.97,459,extraversion,high
375,12512,left_eye,491.7,255.5,603.2,331.0,774.6,409.4,914.0,503.7,extraversion_high5_FxVUG2R1y0Q.004.mp4,1280,720,29.97,459,extraversion,high
375,12512,right_eye,667.3,256.3,788.6,327.5,994.1,410.3,1145.8,499.3,extraversion_high5_FxVUG2R1y0Q.004.mp4,1280,720,29.97,459,extraversion,high
375,12512,nose,589.3,308.9,682.1,444.6,896.7,476.1,1012.7,645.8,extraversion_high5_FxVUG2R1y0Q.004.mp4,1280,720,29.97,459,extraversion,high
375,12512,mouth,575.2,477.3,702.5,535.5,879.0,686.7,1038.1,759.4,extraversion_high5_FxVUG2R1y0Q.004.mp4,1280,720,29.97,459,extraversion,high
375,12512,forehead,466.5,186.4,823.4,464.5,743.1,323.0,1189.3,670.7,extraversion_high5_FxVUG2R1y0Q.004.mp4,1280,720,29.97,459,extraversion,high
375,12512,chin,467.5,338.3,822.0,591.6,744.3,512.9,1187.5,829.5,extraversion_high5_FxVUG2R1y0Q.004.mp4,1280,720,29.97,459,extraversion,high
375,12512,left_cheek,478.6,349.7,583.1,493.2,758.2,527.2,888.9,706.5,extraversion_high5_FxVUG2R1y0Q.004.mp4,1280,720,29.97,459,extraversion,high
375,12512,right_cheek,691.5,348.0,803.4,493.6,1024.4,525.0,1164.3,707.0,extraversion_high5_FxVUG2R1y0Q.004.mp4,1280,720,29.97,459,extraversion,high
376,12545,left_eye,491.7,256.0,603.1,331.0,774.6,410.0,913.9,503.7,extraversion_high5_FxVUG2R1y0Q.004.mp4,1280,720,29.97,459,extraversion,high
376,12545,right_eye,667.3,257.1,788.7,327.5,994.1,411.4,1145.9,499.3,extraversion_high5_FxVUG2R1y0Q.004.mp4,1280,720,29.97,459,extraversion,high
376,12545,nose,589.4,309.4,682.1,444.2,896.7,476.7,1012.7,645.2,extraversion_high5_FxVUG2R1y0Q.004.mp4,1280,720,29.97,459,extraversion,high
376,12545,mouth,575.5,474.4,702.6,537.2,879.3,683.0,1038.2,761.5,extraversion_high5_FxVUG2R1y0Q.004.mp4,1280,720,29.97,459,extraversion,high
376,12545,forehead,466.4,187.6,823.5,465.2,743.1,324.5,1189.3,671.6,extraversion_high5_FxVUG2R1y0Q.004.mp4,1280,720,29.97,459,extraversion,high
376,12545,chin,467.4,339.0,822.1,593.3,744.3,513.8,1187.6,831.6,extraversion_high5_FxVUG2R1y0Q.004.mp4,1280,720,29.97,459,extraversion,high
376,12545,left_cheek,478.5,349.9,583.1,493.2,758.2,527.4,888.9,706.5,extraversion_high5_FxVUG2R1y0Q.004.mp4,1280,720,29.97,459,extraversion,high
376,12545,right_cheek,691.5,348.2,803.5,493.4,1024.4,525.2,1164.3,706.8,extraversion_high5_FxVUG2R1y0Q.004.mp4,1280,720,29.97,459,extraversion,high
377,12579,left_eye,491.6,256.5,603.1,331.0,774.6,410.7,913.9,503.8,extraversion_high5_FxVUG2R1y0Q.004.mp4,1280,720,29.97,459,extraversion,high
377,12579,right_eye,667.4,257.3,788.8,327.6,994.3,411.6,1146.0,499.5,extraversion_high5_FxVUG2R1y0Q.004.mp4,1280,720,29.97,459,extraversion,high
377,12579,nose,589.5,309.8,682.6,443.9,896.8,477.2,1013.2,644.8,extraversion_high5_FxVUG2R1y0Q.004.mp4,1280,720,29.97,459,extraversion,high
377,12579,mouth,575.6,469.5,702.9,537.8,879.5,676.9,1038.7,762.2,extraversion_high5_FxVUG2R1y0Q.004.mp4,1280,720,29.97,459,extraversion,high
377,12579,forehead,466.7,189.0,823.4,466.2,743.3,326.2,1189.3,672.8,extraversion_high5_FxVUG2R1y0Q.004.mp4,1280,720,29.97,459,extraversion,high
377,12579,chin,467.8,339.7,822.0,594.4,744.8,514.6,1187.5,833.0,extraversion_high5_FxVUG2R1y0Q.004.mp4,1280,720,29.97,459,extraversion,high
377,12579,left_cheek,478.8,350.4,583.2,493.2,758.5,528.0,888.9,706.5,extraversion_high5_FxVUG2R1y0Q.004.mp4,1280,720,29.97,459,extraversion,high
377,12579,right_cheek,691.8,348.2,803.5,493.4,1024.7,525.2,1164.4,706.8,extraversion_high5_FxVUG2R1y0Q.004.mp4,1280,720,29.97,459,extraversion,high
378,12612,left_eye,491.7,256.7,603.1,331.1,774.6,410.9,913.9,503.8,extraversion_high5_FxVUG2R1y0Q.004.mp4,1280,720,29.97,459,extraversion,high
378,12612,right_eye,667.6,257.3,788.8,327.7,994.5,411.6,1146.0,499.6,extraversion_high5_FxVUG2R1y0Q.004.mp4,1280,720,29.97,459,extraversion,high
378,12612,nose,589.5,310.1,683.9,443.6,896.8,477.7,1014.9,644.5,extraversion_high5_FxVUG2R1y0Q.004.mp4,1280,720,29.97,459,extraversion,high
378,12612,mouth,575.7,465.6,705.6,539.0,879.7,672.0,1042.0,763.8,extraversion_high5_FxVUG2R1y0Q.004.mp4,1280,720,29.97,459,extraversion,high
378,12612,forehead,467.1,189.2,823.4,467.9,743.9,326.4,1189.3,674.8,extraversion_high5_FxVUG2R1y0Q.004.mp4,1280,720,29.97,459,extraversion,high
378,12612,chin,468.4,339.9,822.0,597.6,745.5,514.9,1187.6,836.9,extraversion_high5_FxVUG2R1y0Q.004.mp4,1280,720,29.97,459,extraversion,high
378,12612,left_cheek,479.0,350.9,583.2,493.4,758.8,528.6,889.0,706.7,extraversion_high5_FxVUG2R1y0Q.004.mp4,1280,720,29.97,459,extraversion,high
378,12612,right_cheek,692.3,348.2,803.6,493.4,1025.4,525.2,1164.5,706.8,extraversion_high5_FxVUG2R1y0Q.004.mp4,1280,720,29.97,459,extraversion,high
379,12645,left_eye,491.9,256.8,603.1,331.4,774.9,411.0,913.9,504.3,extraversion_high5_FxVUG2R1y0Q.004.mp4,1280,720,29.97,459,extraversion,high
379,12645,right_eye,667.7,257.2,788.8,328.1,994.6,411.5,1146.0,500.1,extraversion_high5_FxVUG2R1y0Q.004.mp4,1280,720,29.97,459,extraversion,high
379,12645,nose,588.5,311.0,685.5,442.7,895.6,478.8,1016.8,643.3,extraversion_high5_FxVUG2R1y0Q.004.mp4,1280,720,29.97,459,extraversion,high
379,12645,mouth,573.9,462.8,711.6,542.0,877.4,668.5,1049.5,767.4,extraversion_high5_FxVUG2R1y0Q.004.mp4,1280,720,29.97,459,extraversion,high
379,12645,forehead,467.8,190.6,823.5,468.9,744.7,328.3,1189.4,676.1,extraversion_high5_FxVUG2R1y0Q.004.mp4,1280,720,29.97,459,extraversion,high
379,12645,chin,469.1,340.7,822.4,599.7,746.3,515.9,1188.0,839.6,extraversion_high5_FxVUG2R1y0Q.004.mp4,1280,720,29.97,459,extraversion,high
379,12645,left_cheek,479.1,351.3,583.0,493.4,758.8,529.1,888.8,706.8,extraversion_high5_FxVUG2R1y0Q.004.mp4,1280,720,29.97,459,extraversion,high
379,12645,right_cheek,693.0,348.2,803.9,493.2,1026.2,525.2,1164.9,706.5,extraversion_high5_FxVUG2R1y0Q.004.mp4,1280,720,29.97,459,extraversion,high
380,12679,left_eye,491.6,256.8,602.5,331.4,774.5,411.1,913.1,504.3,extraversion_high5_FxVUG2R1y0Q.004.mp4,1280,720,29.97,459,extraversion,high
380,12679,right_eye,667.7,257.1,790.4,328.1,994.6,411.3,1148.0,500.1,extraversion_high5_FxVUG2R1y0Q.004.mp4,1280,720,29.97,459,extraversion,high
380,12679,nose,586.9,311.0,687.9,442.0,893.6,478.8,1019.9,642.5,extraversion_high5_FxVUG2R1y0Q.004.mp4,1280,720,29.97,459,extraversion,high
380,12679,mouth,570.5,460.8,719.2,554.3,873.1,666.0,1059.0,782.9,extraversion_high5_FxVUG2R1y0Q.004.mp4,1280,720,29.97,459,extraversion,high
380,12679,forehead,467.7,191.3,826.0,470.4,744.7,329.2,1192.5,678.0,extraversion_high5_FxVUG2R1y0Q.004.mp4,1280,720,29.97,459,extraversion,high
380,12679,chin,469.1,341.4,825.4,605.7,746.4,516.7,1191.7,847.1,extraversion_high5_FxVUG2R1y0Q.004.mp4,1280,720,29.97,459,extraversion,high
380,12679,left_cheek,479.1,352.2,582.5,493.6,758.9,530.3,888.1,707.0,extraversion_high5_FxVUG2R1y0Q.004.mp4,1280,720,29.97,459,extraversion,high
380,12679,right_cheek,694.0,348.1,805.4,492.9,1027.5,525.2,1166.8,706.2,extraversion_high5_FxVUG2R1y0Q.004.mp4,1280,720,29.97,459,extraversion,high
381,12712,left_eye,491.2,257.1,601.9,333.1,774.1,411.4,912.4,506.3,extraversion_high5_FxVUG2R1y0Q.004.mp4,1280,720,29.97,459,extraversion,high
381,12712,right_eye,667.7,257.0,791.9,330.2,994.6,411.3,1149.9,502.7,extraversion_high5_FxVUG2R1y0Q.004.mp4,1280,720,29.97,459,extraversion,high
381,12712,nose,585.4,310.9,688.5,441.3,891.7,478.6,1020.6,641.6,extraversion_high5_FxVUG2R1y0Q.004.mp4,1280,720,29.97,459,extraversion,high
381,12712,mouth,567.0,460.1,723.4,563.3,868.7,665.1,1064.2,794.2,extraversion_high5_FxVUG2R1y0Q.004.mp4,1280,720,29.97,459,extraversion,high
381,12712,forehead,468.1,192.0,828.2,472.2,745.2,329.9,1195.2,680.3,extraversion_high5_FxVUG2R1y0Q.004.mp4,1280,720,29.97,459,extraversion,high
381,12712,chin,469.9,343.2,827.9,612.3,747.4,519.0,1194.9,855.4,extraversion_high5_FxVUG2R1y0Q.004.mp4,1280,720,29.97,459,extraversion,high
381,12712,left_cheek,479.4,353.6,582.0,494.2,759.2,532.0,887.5,707.7,extraversion_high5_FxVUG2R1y0Q.004.mp4,1280,720,29.97,459,extraversion,high
381,12712,right_cheek,694.6,348.4,806.8,492.9,1028.2,525.6,1168.5,706.1,extraversion_high5_FxVUG2R1y0Q.004.mp4,1280,720,29.97,459,extraversion,high
382,12746,left_eye,490.5,257.1,601.1,332.9,773.2,411.4,911.3,506.2,extraversion_high5_FxVUG2R1y0Q.004.mp4,1280,720,29.97,459,extraversion,high
382,12746,right_eye,667.2,256.5,792.2,328.8,994.0,410.7,1150.2,501.0,extraversion_high5_FxVUG2R1y0Q.004.mp4,1280,720,29.97,459,extraversion,high
382,12746,nose,582.7,310.3,689.3,440.0,888.4,477.9,1021.6,640.0,extraversion_high5_FxVUG2R1y0Q.004.mp4,1280,720,29.97,459,extraversion,high
382,12746,mouth,564.5,458.9,725.1,565.3,865.6,663.7,1066.3,796.7,extraversion_high5_FxVUG2R1y0Q.004.mp4,1280,720,29.97,459,extraversion,high
382,12746,forehead,468.2,191.7,830.6,472.0,745.2,329.6,1198.2,680.1,extraversion_high5_FxVUG2R1y0Q.004.mp4,1280,720,29.97,459,extraversion,high
382,12746,chin,470.2,343.0,830.6,612.4,747.7,518.7,1198.2,855.5,extraversion_high5_FxVUG2R1y0Q.004.mp4,1280,720,29.97,459,extraversion,high
382,12746,left_cheek,479.4,353.6,580.6,494.2,759.2,532.0,885.8,707.7,extraversion_high5_FxVUG2R1y0Q.004.mp4,1280,720,29.97,459,extraversion,high
382,12746,right_cheek,695.3,348.3,808.2,492.0,1029.1,525.3,1170.2,705.0,extraversion_high5_FxVUG2R1y0Q.004.mp4,1280,720,29.97,459,extraversion,high
383,12779,left_eye,489.6,256.6,601.1,332.6,772.1,410.7,911.4,505.7,extraversion_high5_FxVUG2R1y0Q.004.mp4,1280,720,29.97,459,extraversion,high
383,12779,right_eye,667.2,256.1,792.9,328.4,994.0,410.2,1151.2,500.5,extraversion_high5_FxVUG2R1y0Q.004.mp4,1280,720,29.97,459,extraversion,high
383,12779,nose,582.7,309.6,690.0,439.3,888.4,477.0,1022.5,639.1,extraversion_high5_FxVUG2R1y0Q.004.mp4,1280,720,29.97,459,extraversion,high
383,12779,mouth,564.4,457.3,726.2,565.9,865.4,661.6,1067.7,797.4,extraversion_high5_FxVUG2R1y0Q.004.mp4,1280,720,29.97,459,extraversion,high
383,12779,forehead,466.6,191.4,834.1,471.7,743.2,329.2,1202.6,679.6,extraversion_high5_FxVUG2R1y0Q.004.mp4,1280,720,29.97,459,extraversion,high
383,12779,chin,468.6,342.7,834.1,611.9,745.8,518.4,1202.6,854.8,extraversion_high5_FxVUG2R1y0Q.004.mp4,1280,720,29.97,459,extraversion,high
383,12779,left_cheek,478.2,353.6,580.0,494.2,757.7,532.0,885.1,707.7,extraversion_high5_FxVUG2R1y0Q.004.mp4,1280,720,29.97,459,extraversion,high
383,12779,right_cheek,696.0,348.0,810.1,491.5,1030.1,525.0,1172.6,704.4,extraversion_high5_FxVUG2R1y0Q.004.mp4,1280,720,29.97,459,extraversion,high
384,12812,left_eye,489.4,255.7,601.2,332.5,771.8,409.6,911.5,505.7,extraversion_high5_FxVUG2R1y0Q.004.mp4,1280,720,29.97,459,extraversion,high
384,12812,right_eye,667.3,255.3,793.3,328.5,994.2,409.1,1151.6,500.7,extraversion_high5_FxVUG2R1y0Q.004.mp4,1280,720,29.97,459,extraversion,high
384,12812,nose,583.2,308.8,689.8,438.3,889.0,476.0,1022.3,637.9,extraversion_high5_FxVUG2R1y0Q.004.mp4,1280,720,29.97,459,extraversion,high
384,12812,mouth,565.0,455.4,726.0,567.2,866.3,659.3,1067.5,799.0,extraversion_high5_FxVUG2R1y0Q.004.mp4,1280,720,29.97,459,extraversion,high
384,12812,forehead,465.7,190.8,834.4,472.4,742.2,328.5,1203.0,680.5,extraversion_high5_FxVUG2R1y0Q.004.mp4,1280,720,29.97,459,extraversion,high
384,12812,chin,467.7,343.2,834.4,614.8,744.6,519.0,1203.0,858.5,extraversion_high5_FxVUG2R1y0Q.004.mp4,1280,720,29.97,459,extraversion,high
384,12812,left_cheek,477.5,353.5,580.0,494.4,756.9,531.9,885.0,708.0,extraversion_high5_FxVUG2R1y0Q.004.mp4,1280,720,29.97,459,extraversion,high
384,12812,right_cheek,696.3,348.0,810.4,491.6,1030.4,525.0,1173.0,704.6,extraversion_high5_FxVUG2R1y0Q.004.mp4,1280,720,29.97,459,extraversion,high
385,12846,left_eye,489.4,255.1,601.2,332.2,771.8,408.8,911.5,505.3,extraversion_high5_FxVUG2R1y0Q.004.mp4,1280,720,29.97,459,extraversion,high
385,12846,right_eye,667.5,255.0,793.7,328.7,994.3,408.8,1152.1,500.8,extraversion_high5_FxVUG2R1y0Q.004.mp4,1280,720,29.97,459,extraversion,high
385,12846,nose,583.5,308.2,689.6,437.6,889.4,475.2,1022.0,637.1,extraversion_high5_FxVUG2R1y0Q.004.mp4,1280,720,29.97,459,extraversion,high
385,12846,mouth,565.3,454.9,723.9,566.0,866.6,658.6,1064.9,797.6,extraversion_high5_FxVUG2R1y0Q.004.mp4,1280,720,29.97,459,extraversion,high
385,12846,forehead,466.0,189.9,835.4,472.3,742.4,327.4,1204.2,680.3,extraversion_high5_FxVUG2R1y0Q.004.mp4,1280,720,29.97,459,extraversion,high
385,12846,chin,467.9,343.6,835.4,613.8,744.8,519.5,1204.2,857.3,extraversion_high5_FxVUG2R1y0Q.004.mp4,1280,720,29.97,459,extraversion,high
385,12846,left_cheek,477.4,353.2,580.0,494.4,756.8,531.5,885.0,708.1,extraversion_high5_FxVUG2R1y0Q.004.mp4,1280,720,29.97,459,extraversion,high
385,12846,right_cheek,696.5,348.0,811.1,492.1,1030.6,525.0,1173.9,705.1,extraversion_high5_FxVUG2R1y0Q.004.mp4,1280,720,29.97,459,extraversion,high
386,12879,left_eye,489.3,254.7,601.2,332.2,771.6,408.4,911.6,505.3,extraversion_high5_FxVUG2R1y0Q.004.mp4,1280,720,29.97,459,extraversion,high
386,12879,right_eye,667.5,254.7,793.7,329.1,994.4,408.3,1152.1,501.4,extraversion_high5_FxVUG2R1y0Q.004.mp4,1280,720,29.97,459,extraversion,high
386,12879,nose,584.0,308.0,689.4,437.6,889.9,475.0,1021.8,636.9,extraversion_high5_FxVUG2R1y0Q.004.mp4,1280,720,29.97,459,extraversion,high
386,12879,mouth,567.4,454.8,722.8,564.8,869.3,658.5,1063.5,796.0,extraversion_high5_FxVUG2R1y0Q.004.mp4,1280,720,29.97,459,extraversion,high
386,12879,forehead,465.6,189.6,834.4,473.1,742.0,327.0,1203.0,681.4,extraversion_high5_FxVUG2R1y0Q.004.mp4,1280,720,29.97,459,extraversion,high
386,12879,chin,467.5,344.1,834.4,613.3,744.4,520.1,1203.0,856.6,extraversion_high5_FxVUG2R1y0Q.004.mp4,1280,720,29.97,459,extraversion,high
386,12879,left_cheek,477.1,353.2,580.1,495.1,756.4,531.5,885.1,708.9,extraversion_high5_FxVUG2R1y0Q.004.mp4,1280,720,29.97,459,extraversion,high
386,12879,right_cheek,696.5,348.2,811.0,492.7,1030.6,525.2,1173.7,705.9,extraversion_high5_FxVUG2R1y0Q.004.mp4,1280,720,29.97,459,extraversion,high
387,12912,left_eye,489.4,254.4,600.5,332.2,771.7,408.0,910.6,505.3,extraversion_high5_FxVUG2R1y0Q.004.mp4,1280,720,29.97,459,extraversion,high
387,12912,right_eye,667.5,253.3,794.2,329.0,994.4,406.7,1152.7,501.3,extraversion_high5_FxVUG2R1y0Q.004.mp4,1280,720,29.97,459,extraversion,high
387,12912,nose,584.0,307.9,689.4,437.1,890.0,474.8,1021.7,636.4,extraversion_high5_FxVUG2R1y0Q.004.mp4,1280,720,29.97,459,extraversion,high
387,12912,mouth,570.2,453.7,722.3,564.6,872.7,657.2,1062.9,795.7,extraversion_high5_FxVUG2R1y0Q.004.mp4,1280,720,29.97,459,extraversion,high
387,12912,forehead,468.4,189.7,836.0,473.1,745.6,327.1,1205.0,681.3,extraversion_high5_FxVUG2R1y0Q.004.mp4,1280,720,29.97,459,extraversion,high
387,12912,chin,470.6,343.9,836.0,612.8,748.2,519.9,1205.0,856.1,extraversion_high5_FxVUG2R1y0Q.004.mp4,1280,720,29.97,459,extraversion,high
387,12912,left_cheek,478.2,353.1,580.3,495.2,757.7,531.4,885.4,709.0,extraversion_high5_FxVUG2R1y0Q.004.mp4,1280,720,29.97,459,extraversion,high
387,12912,right_cheek,696.5,348.0,811.9,492.7,1030.7,525.0,1174.9,705.9,extraversion_high5_FxVUG2R1y0Q.004.mp4,1280,720,29.97,459,extraversion,high
388,12946,left_eye,489.3,253.5,599.2,333.3,771.7,406.9,909.0,506.7,extraversion_high5_FxVUG2R1y0Q.004.mp4,1280,720,29.97,459,extraversion,high
388,12946,right_eye,667.4,251.4,794.5,329.7,994.3,404.3,1153.1,502.1,extraversion_high5_FxVUG2R1y0Q.004.mp4,1280,720,29.97,459,extraversion,high
388,12946,nose,584.9,307.7,688.4,437.1,891.1,474.6,1020.5,636.3,extraversion_high5_FxVUG2R1y0Q.004.mp4,1280,720,29.97,459,extraversion,high
388,12946,mouth,574.0,454.6,720.5,564.2,877.5,658.3,1060.7,795.2,extraversion_high5_FxVUG2R1y0Q.004.mp4,1280,720,29.97,459,extraversion,high
388,12946,forehead,469.3,189.6,835.9,475.4,746.7,327.0,1204.8,684.3,extraversion_high5_FxVUG2R1y0Q.004.mp4,1280,720,29.97,459,extraversion,high
388,12946,chin,471.7,344.1,835.9,612.2,749.7,520.2,1204.8,855.2,extraversion_high5_FxVUG2R1y0Q.004.mp4,1280,720,29.97,459,extraversion,high
388,12946,left_cheek,479.1,354.5,580.6,496.9,758.8,533.1,885.8,711.1,extraversion_high5_FxVUG2R1y0Q.004.mp4,1280,720,29.97,459,extraversion,high
388,12946,right_cheek,696.5,348.1,811.9,493.6,1030.6,525.1,1174.8,707.0,extraversion_high5_FxVUG2R1y0Q.004.mp4,1280,720,29.97,459,extraversion,high
389,12979,left_eye,491.2,252.5,599.7,333.3,773.9,405.6,909.6,506.6,extraversion_high5_FxVUG2R1y0Q.004.mp4,1280,720,29.97,459,extraversion,high
389,12979,right_eye,668.0,250.6,794.5,329.6,995.0,403.3,1153.1,502.0,extraversion_high5_FxVUG2R1y0Q.004.mp4,1280,720,29.97,459,extraversion,high
389,12979,nose,587.5,307.8,688.2,436.8,894.4,474.7,1020.3,636.0,extraversion_high5_FxVUG2R1y0Q.004.mp4,1280,720,29.97,459,extraversion,high
389,12979,mouth,580.9,457.8,719.9,558.4,886.2,662.2,1059.9,788.0,extraversion_high5_FxVUG2R1y0Q.004.mp4,1280,720,29.97,459,extraversion,high
389,12979,forehead,473.3,189.6,835.4,475.6,751.6,327.0,1204.2,684.5,extraversion_high5_FxVUG2R1y0Q.004.mp4,1280,720,29.97,459,extraversion,high
389,12979,chin,476.0,344.1,835.4,610.6,755.1,520.1,1204.2,853.2,extraversion_high5_FxVUG2R1y0Q.004.mp4,1280,720,29.97,459,extraversion,high
389,12979,left_cheek,482.2,354.7,582.7,497.6,762.8,533.3,888.4,711.9,extraversion_high5_FxVUG2R1y0Q.004.mp4,1280,720,29.97,459,extraversion,high
389,12979,right_cheek,696.5,348.1,811.7,494.2,1030.6,525.1,1174.6,707.8,extraversion_high5_FxVUG2R1y0Q.004.mp4,1280,720,29.97,459,extraversion,high
390,13013,left_eye,492.8,249.8,601.4,332.5,776.0,402.2,911.7,505.6,extraversion_high5_FxVUG2R1y0Q.004.mp4,1280,720,29.97,459,extraversion,high
390,13013,right_eye,669.0,250.1,794.2,329.5,996.2,402.6,1152.8,501.8,extraversion_high5_FxVUG2R1y0Q.004.mp4,1280,720,29.97,459,extraversion,high
390,13013,nose,590.4,306.5,687.7,436.4,898.0,473.2,1019.6,635.5,extraversion_high5_FxVUG2R1y0Q.004.mp4,1280,720,29.97,459,extraversion,high
390,13013,mouth,584.5,462.2,712.6,539.5,890.6,667.8,1050.7,764.4,extraversion_high5_FxVUG2R1y0Q.004.mp4,1280,720,29.97,459,extraversion,high
390,13013,forehead,473.8,188.2,832.3,475.0,752.3,325.3,1200.4,683.7,extraversion_high5_FxVUG2R1y0Q.004.mp4,1280,720,29.97,459,extraversion,high
390,13013,chin,476.3,344.0,832.1,600.8,755.4,520.0,1200.1,841.0,extraversion_high5_FxVUG2R1y0Q.004.mp4,1280,720,29.97,459,extraversion,high
390,13013,left_cheek,484.4,353.9,584.6,497.2,765.5,532.3,890.8,711.5,extraversion_high5_FxVUG2R1y0Q.004.mp4,1280,720,29.97,459,extraversion,high
390,13013,right_cheek,696.4,348.1,809.9,494.2,1030.5,525.1,1172.4,707.7,extraversion_high5_FxVUG2R1y0Q.004.mp4,1280,720,29.97,459,extraversion,high
391,13046,left_eye,493.6,248.2,602.8,331.5,776.9,400.3,913.6,504.4,extraversion_high5_FxVUG2R1y0Q.004.mp4,1280,720,29.97,459,extraversion,high
391,13046,right_eye,669.0,249.4,793.0,329.5,996.3,401.7,1151.2,501.9,extraversion_high5_FxVUG2R1y0Q.004.mp4,1280,720,29.97,459,extraversion,high
391,13046,nose,591.9,305.1,685.5,436.1,899.9,471.4,1016.9,635.1,extraversion_high5_FxVUG2R1y0Q.004.mp4,1280,720,29.97,459,extraversion,high
391,13046,mouth,584.9,464.8,708.5,528.0,891.1,671.0,1045.7,750.0,extraversion_high5_FxVUG2R1y0Q.004.mp4,1280,720,29.97,459,extraversion,high
391,13046,forehead,473.9,186.1,829.6,473.0,752.4,322.6,1197.0,681.3,extraversion_high5_FxVUG2R1y0Q.004.mp4,1280,720,29.97,459,extraversion,high
391,13046,chin,476.3,344.6,828.6,592.8,755.4,520.8,1195.7,831.0,extraversion_high5_FxVUG2R1y0Q.004.mp4,1280,720,29.97,459,extraversion,high
391,13046,left_cheek,484.7,352.3,585.3,495.0,765.9,530.4,891.7,708.7,extraversion_high5_FxVUG2R1y0Q.004.mp4,1280,720,29.97,459,extraversion,high
391,13046,right_cheek,695.6,348.5,807.8,493.8,1029.5,525.6,1169.8,707.2,extraversion_high5_FxVUG2R1y0Q.004.mp4,1280,720,29.97,459,extraversion,high
392,13079,left_eye,493.4,248.3,603.0,331.5,776.8,400.4,913.7,504.4,extraversion_high5_FxVUG2R1y0Q.004.mp4,1280,720,29.97,459,extraversion,high
392,13079,right_eye,668.7,249.5,791.6,329.6,995.8,401.9,1149.6,502.0,extraversion_high5_FxVUG2R1y0Q.004.mp4,1280,720,29.97,459,extraversion,high
392,13079,nose,592.5,304.9,682.6,436.2,900.6,471.1,1013.3,635.2,extraversion_high5_FxVUG2R1y0Q.004.mp4,1280,720,29.97,459,extraversion,high
392,13079,mouth,584.2,467.2,705.6,523.6,890.2,674.0,1042.0,744.5,extraversion_high5_FxVUG2R1y0Q.004.mp4,1280,720,29.97,459,extraversion,high
392,13079,forehead,473.8,185.0,827.3,472.2,752.2,321.3,1194.2,680.2,extraversion_high5_FxVUG2R1y0Q.004.mp4,1280,720,29.97,459,extraversion,high
392,13079,chin,476.3,344.7,826.2,586.6,755.3,520.9,1192.7,823.3,extraversion_high5_FxVUG2R1y0Q.004.mp4,1280,720,29.97,459,extraversion,high
392,13079,left_cheek,484.3,352.0,585.2,494.3,765.4,530.0,891.5,707.9,extraversion_high5_FxVUG2R1y0Q.004.mp4,1280,720,29.97,459,extraversion,high
392,13079,right_cheek,694.2,348.8,806.0,493.7,1027.7,526.0,1167.5,707.1,extraversion_high5_FxVUG2R1y0Q.004.mp4,1280,720,29.97,459,extraversion,high
393,13113,left_eye,493.2,248.3,602.9,331.5,776.4,400.4,913.6,504.4,extraversion_high5_FxVUG2R1y0Q.004.mp4,1280,720,29.97,459,extraversion,high
393,13113,right_eye,667.8,249.5,789.7,329.6,994.7,401.9,1147.1,502.0,extraversion_high5_FxVUG2R1y0Q.004.mp4,1280,720,29.97,459,extraversion,high
393,13113,nose,592.3,304.8,681.0,436.1,900.3,471.0,1011.2,635.2,extraversion_high5_FxVUG2R1y0Q.004.mp4,1280,720,29.97,459,extraversion,high
393,13113,mouth,583.3,467.0,704.0,524.2,889.2,673.7,1039.9,745.2,extraversion_high5_FxVUG2R1y0Q.004.mp4,1280,720,29.97,459,extraversion,high
393,13113,forehead,473.0,184.2,824.7,472.3,751.2,320.3,1190.9,680.4,extraversion_high5_FxVUG2R1y0Q.004.mp4,1280,720,29.97,459,extraversion,high
393,13113,chin,475.7,344.8,823.6,587.2,754.6,521.0,1189.5,824.0,extraversion_high5_FxVUG2R1y0Q.004.mp4,1280,720,29.97,459,extraversion,high
393,13113,left_cheek,484.2,352.0,585.1,494.2,765.2,530.0,891.4,707.8,extraversion_high5_FxVUG2R1y0Q.004.mp4,1280,720,29.97,459,extraversion,high
393,13113,right_cheek,692.8,348.8,803.9,493.5,1025.9,526.0,1164.8,706.9,extraversion_high5_FxVUG2R1y0Q.004.mp4,1280,720,29.97,459,extraversion,high
394,13146,left_eye,493.1,248.5,602.4,331.6,776.4,400.7,913.1,504.5,extraversion_high5_FxVUG2R1y0Q.004.mp4,1280,720,29.97,459,extraversion,high
394,13146,right_eye,666.2,249.6,788.1,329.6,992.7,402.0,1145.1,501.9,extraversion_high5_FxVUG2R1y0Q.004.mp4,1280,720,29.97,459,extraversion,high
394,13146,nose,592.2,304.9,680.1,435.9,900.2,471.1,1010.1,634.9,extraversion_high5_FxVUG2R1y0Q.004.mp4,1280,720,29.97,459,extraversion,high
394,13146,mouth,582.7,466.6,703.6,524.5,888.4,673.2,1039.5,745.6,extraversion_high5_FxVUG2R1y0Q.004.mp4,1280,720,29.97,459,extraversion,high
394,13146,forehead,472.8,184.4,824.2,472.5,751.0,320.5,1190.2,680.7,extraversion_high5_FxVUG2R1y0Q.004.mp4,1280,720,29.97,459,extraversion,high
394,13146,chin,475.4,345.3,823.1,586.8,754.2,521.6,1188.9,823.5,extraversion_high5_FxVUG2R1y0Q.004.mp4,1280,720,29.97,459,extraversion,high
394,13146,left_cheek,484.0,352.1,584.6,494.1,765.0,530.1,890.7,707.7,extraversion_high5_FxVUG2R1y0Q.004.mp4,1280,720,29.97,459,extraversion,high
394,13146,right_cheek,691.7,349.0,803.0,493.3,1024.6,526.2,1163.7,706.7,extraversion_high5_FxVUG2R1y0Q.004.mp4,1280,720,29.97,459,extraversion,high
395,13179,left_eye,493.1,248.7,602.2,331.7,776.4,400.9,912.7,504.6,extraversion_high5_FxVUG2R1y0Q.004.mp4,1280,720,29.97,459,extraversion,high
395,13179,right_eye,665.9,249.6,788.2,329.6,992.4,402.0,1145.3,502.0,extraversion_high5_FxVUG2R1y0Q.004.mp4,1280,720,29.97,459,extraversion,high
395,13179,nose,592.1,304.9,679.6,435.5,900.1,471.1,1009.5,634.3,extraversion_high5_FxVUG2R1y0Q.004.mp4,1280,720,29.97,459,extraversion,high
395,13179,mouth,582.5,466.1,704.5,524.7,888.1,672.6,1040.7,745.8,extraversion_high5_FxVUG2R1y0Q.004.mp4,1280,720,29.97,459,extraversion,high
395,13179,forehead,472.6,184.6,824.8,472.5,750.7,320.7,1191.0,680.7,extraversion_high5_FxVUG2R1y0Q.004.mp4,1280,720,29.97,459,extraversion,high
395,13179,chin,475.1,345.6,823.9,586.3,753.9,522.0,1189.8,822.9,extraversion_high5_FxVUG2R1y0Q.004.mp4,1280,720,29.97,459,extraversion,high
395,13179,left_cheek,483.8,352.1,584.2,493.7,764.8,530.1,890.3,707.2,extraversion_high5_FxVUG2R1y0Q.004.mp4,1280,720,29.97,459,extraversion,high
395,13179,right_cheek,691.5,349.1,803.3,493.1,1024.4,526.4,1164.2,706.3,extraversion_high5_FxVUG2R1y0Q.004.mp4,1280,720,29.97,459,extraversion,high
396,13213,left_eye,492.2,248.7,601.7,332.1,775.3,400.9,912.1,505.1,extraversion_high5_FxVUG2R1y0Q.004.mp4,1280,720,29.97,459,extraversion,high
396,13213,right_eye,665.2,249.7,788.2,329.6,991.5,402.1,1145.3,502.1,extraversion_high5_FxVUG2R1y0Q.004.mp4,1280,720,29.97,459,extraversion,high
396,13213,nose,590.9,305.0,679.1,434.8,898.6,471.2,1008.8,633.5,extraversion_high5_FxVUG2R1y0Q.004.mp4,1280,720,29.97,459,extraversion,high
396,13213,mouth,582.3,464.0,705.4,524.8,887.9,669.9,1041.7,746.0,extraversion_high5_FxVUG2R1y0Q.004.mp4,1280,720,29.97,459,extraversion,high
396,13213,forehead,472.4,184.6,825.0,472.7,750.5,320.8,1191.3,680.9,extraversion_high5_FxVUG2R1y0Q.004.mp4,1280,720,29.97,459,extraversion,high
396,13213,chin,475.0,345.7,824.2,585.3,753.8,522.2,1190.2,821.6,extraversion_high5_FxVUG2R1y0Q.004.mp4,1280,720,29.97,459,extraversion,high
396,13213,left_cheek,483.6,352.3,583.2,493.5,764.5,530.4,889.1,706.8,extraversion_high5_FxVUG2R1y0Q.004.mp4,1280,720,29.97,459,extraversion,high
396,13213,right_cheek,691.2,349.1,803.4,492.5,1024.1,526.4,1164.3,705.7,extraversion_high5_FxVUG2R1y0Q.004.mp4,1280,720,29.97,459,extraversion,high
397,13246,left_eye,491.4,248.8,601.3,332.2,774.2,401.0,911.6,505.3,extraversion_high5_FxVUG2R1y0Q.004.mp4,1280,720,29.97,459,extraversion,high
397,13246,right_eye,664.4,249.8,787.2,329.6,990.5,402.3,1144.0,502.1,extraversion_high5_FxVUG2R1y0Q.004.mp4,1280,720,29.97,459,extraversion,high
397,13246,nose,589.7,305.1,678.7,433.5,897.1,471.4,1008.4,631.8,extraversion_high5_FxVUG2R1y0Q.004.mp4,1280,720,29.97,459,extraversion,high
397,13246,mouth,581.1,460.4,705.5,525.6,886.4,665.5,1041.8,747.0,extraversion_high5_FxVUG2R1y0Q.004.mp4,1280,720,29.97,459,extraversion,high
397,13246,forehead,472.2,185.2,824.0,472.9,750.3,321.6,1189.9,681.1,extraversion_high5_FxVUG2R1y0Q.004.mp4,1280,720,29.97,459,extraversion,high
397,13246,chin,475.0,345.8,823.2,586.0,753.7,522.2,1189.0,822.5,extraversion_high5_FxVUG2R1y0Q.004.mp4,1280,720,29.97,459,extraversion,high
397,13246,left_cheek,482.9,352.5,582.2,493.1,763.7,530.6,887.8,706.4,extraversion_high5_FxVUG2R1y0Q.004.mp4,1280,720,29.97,459,extraversion,high
397,13246,right_cheek,690.9,349.1,802.8,491.6,1023.6,526.3,1163.5,704.5,extraversion_high5_FxVUG2R1y0Q.004.mp4,1280,720,29.97,459,extraversion,high
398,13279,left_eye,492.2,249.5,601.3,332.7,775.3,401.9,911.6,505.9,extraversion_high5_FxVUG2R1y0Q.004.mp4,1280,720,29.97,459,extraversion,high
398,13279,right_eye,664.3,250.5,787.1,330.2,990.4,403.1,1143.8,502.8,extraversion_high5_FxVUG2R1y0Q.004.mp4,1280,720,29.97,459,extraversion,high
398,13279,nose,589.3,306.3,679.1,433.5,896.6,472.8,1008.9,631.9,extraversion_high5_FxVUG2R1y0Q.004.mp4,1280,720,29.97,459,extraversion,high
398,13279,mouth,580.0,459.9,709.5,526.6,885.0,664.8,1046.9,748.2,extraversion_high5_FxVUG2R1y0Q.004.mp4,1280,720,29.97,459,extraversion,high
398,13279,forehead,474.7,187.2,824.2,474.5,753.3,324.0,1190.2,683.1,extraversion_high5_FxVUG2R1y0Q.004.mp4,1280,720,29.97,459,extraversion,high
398,13279,chin,477.5,347.3,823.3,588.8,756.9,524.1,1189.2,826.0,extraversion_high5_FxVUG2R1y0Q.004.mp4,1280,720,29.97,459,extraversion,high
398,13279,left_cheek,483.6,353.4,582.2,493.4,764.5,531.8,887.8,706.7,extraversion_high5_FxVUG2R1y0Q.004.mp4,1280,720,29.97,459,extraversion,high
398,13279,right_cheek,691.0,349.6,803.0,491.9,1023.7,527.0,1163.7,704.9,extraversion_high5_FxVUG2R1y0Q.004.mp4,1280,720,29.97,459,extraversion,high
399,13313,left_eye,492.8,249.7,601.5,332.7,776.0,402.2,911.8,505.8,extraversion_high5_FxVUG2R1y0Q.004.mp4,1280,720,29.97,459,extraversion,high
399,13313,right_eye,664.4,250.3,787.3,330.4,990.5,402.9,1144.1,503.1,extraversion_high5_FxVUG2R1y0Q.004.mp4,1280,720,29.97,459,extraversion,high
399,13313,nose,588.8,306.2,680.2,431.6,896.0,472.8,1010.2,629.5,extraversion_high5_FxVUG2R1y0Q.004.mp4,1280,720,29.97,459,extraversion,high
399,13313,mouth,579.6,456.8,714.2,531.1,884.6,661.0,1052.7,753.8,extraversion_high5_FxVUG2R1y0Q.004.mp4,1280,720,29.97,459,extraversion,high
399,13313,forehead,476.9,187.3,825.3,475.4,756.1,324.2,1191.6,684.2,extraversion_high5_FxVUG2R1y0Q.004.mp4,1280,720,29.97,459,extraversion,high
399,13313,chin,480.1,347.7,824.9,595.1,760.1,524.7,1191.1,833.9,extraversion_high5_FxVUG2R1y0Q.004.mp4,1280,720,29.97,459,extraversion,high
399,13313,left_cheek,484.6,353.5,582.2,493.4,765.7,531.8,887.8,706.7,extraversion_high5_FxVUG2R1y0Q.004.mp4,1280,720,29.97,459,extraversion,high
399,13313,right_cheek,691.7,349.6,803.6,491.7,1024.6,527.0,1164.6,704.6,extraversion_high5_FxVUG2R1y0Q.004.mp4,1280,720,29.97,459,extraversion,high
400,13346,left_eye,493.5,249.8,601.5,332.6,776.9,402.3,911.8,505.7,extraversion_high5_FxVUG2R1y0Q.004.mp4,1280,720,29.97,459,extraversion,high
400,13346,right_eye,664.4,250.3,787.4,330.4,990.5,402.9,1144.3,503.1,extraversion_high5_FxVUG2R1y0Q.004.mp4,1280,720,29.97,459,extraversion,high
400,13346,nose,588.2,306.2,681.2,430.0,895.2,472.7,1011.5,627.5,extraversion_high5_FxVUG2R1y0Q.004.mp4,1280,720,29.97,459,extraversion,high
400,13346,mouth,579.2,455.1,717.8,534.5,884.0,658.8,1057.2,758.1,extraversion_high5_FxVUG2R1y0Q.004.mp4,1280,720,29.97,459,extraversion,high
400,13346,forehead,478.2,187.9,826.8,475.8,757.8,324.9,1193.5,684.8,extraversion_high5_FxVUG2R1y0Q.004.mp4,1280,720,29.97,459,extraversion,high
400,13346,chin,481.6,348.0,826.8,599.5,762.0,525.0,1193.5,839.4,extraversion_high5_FxVUG2R1y0Q.004.mp4,1280,720,29.97,459,extraversion,high
400,13346,left_cheek,485.2,353.5,582.2,493.3,766.5,531.9,887.8,706.6,extraversion_high5_FxVUG2R1y0Q.004.mp4,1280,720,29.97,459,extraversion,high
400,13346,right_cheek,692.1,349.4,804.1,491.1,1025.1,526.7,1165.1,703.8,extraversion_high5_FxVUG2R1y0Q.004.mp4,1280,720,29.97,459,extraversion,high
401,13380,left_eye,493.6,249.8,601.0,332.1,777.0,402.3,911.2,505.1,extraversion_high5_FxVUG2R1y0Q.004.mp4,1280,720,29.97,459,extraversion,high
401,13380,right_eye,663.6,249.9,787.2,328.7,989.5,402.4,1144.0,500.9,extraversion_high5_FxVUG2R1y0Q.004.mp4,1280,720,29.97,459,extraversion,high
401,13380,nose,586.0,306.1,681.2,428.3,892.5,472.7,1011.5,625.4,extraversion_high5_FxVUG2R1y0Q.004.mp4,1280,720,29.97,459,extraversion,high
401,13380,mouth,577.3,452.3,717.9,536.2,881.6,655.4,1057.4,760.3,extraversion_high5_FxVUG2R1y0Q.004.mp4,1280,720,29.97,459,extraversion,high
401,13380,forehead,479.0,189.1,829.1,476.7,758.7,326.3,1196.4,685.9,extraversion_high5_FxVUG2R1y0Q.004.mp4,1280,720,29.97,459,extraversion,high
401,13380,chin,482.6,348.0,829.1,600.0,763.2,525.0,1196.4,840.0,extraversion_high5_FxVUG2R1y0Q.004.mp4,1280,720,29.97,459,extraversion,high
401,13380,left_cheek,485.3,353.7,581.7,492.8,766.6,532.1,887.1,706.0,extraversion_high5_FxVUG2R1y0Q.004.mp4,1280,720,29.97,459,extraversion,high
401,13380,right_cheek,692.1,348.5,804.3,489.9,1025.1,525.6,1165.4,702.4,extraversion_high5_FxVUG2R1y0Q.004.mp4,1280,720,29.97,459,extraversion,high
402,13413,left_eye,493.0,247.8,598.0,330.4,776.3,399.7,907.4,503.0,extraversion_high5_FxVUG2R1y0Q.004.mp4,1280,720,29.97,459,extraversion,high
402,13413,right_eye,661.8,247.1,786.5,325.6,987.2,398.8,1143.2,497.0,extraversion_high5_FxVUG2R1y0Q.004.mp4,1280,720,29.97,459,extraversion,high
402,13413,nose,582.0,301.9,680.1,422.8,887.5,467.4,1010.1,618.5,extraversion_high5_FxVUG2R1y0Q.004.mp4,1280,720,29.97,459,extraversion,high
402,13413,mouth,571.6,445.7,717.2,536.2,874.5,647.1,1056.5,760.2,extraversion_high5_FxVUG2R1y0Q.004.mp4,1280,720,29.97,459,extraversion,high
402,13413,forehead,478.8,188.6,829.1,476.6,758.6,325.7,1196.4,685.7,extraversion_high5_FxVUG2R1y0Q.004.mp4,1280,720,29.97,459,extraversion,high
402,13413,chin,482.9,348.1,829.1,599.2,763.6,525.1,1196.4,839.1,extraversion_high5_FxVUG2R1y0Q.004.mp4,1280,720,29.97,459,extraversion,high
402,13413,left_cheek,485.1,352.4,579.3,489.2,766.4,530.5,884.1,701.5,extraversion_high5_FxVUG2R1y0Q.004.mp4,1280,720,29.97,459,extraversion,high
402,13413,right_cheek,690.8,346.7,803.9,486.9,1023.5,523.4,1164.9,698.7,extraversion_high5_FxVUG2R1y0Q.004.mp4,1280,720,29.97,459,extraversion,high
403,13446,left_eye,495.9,244.8,598.0,327.6,779.9,396.0,907.5,499.4,extraversion_high5_FxVUG2R1y0Q.004.mp4,1280,720,29.97,459,extraversion,high
403,13446,right_eye,661.9,245.0,786.7,323.2,987.4,396.2,1143.4,494.1,extraversion_high5_FxVUG2R1y0Q.004.mp4,1280,720,29.97,459,extraversion,high
403,13446,nose,581.8,298.1,680.1,417.9,887.3,462.7,1010.1,612.4,extraversion_high5_FxVUG2R1y0Q.004.mp4,1280,720,29.97,459,extraversion,high
403,13446,mouth,571.2,439.5,717.0,533.7,874.0,639.4,1056.2,757.1,extraversion_high5_FxVUG2R1y0Q.004.mp4,1280,720,29.97,459,extraversion,high
403,13446,forehead,484.6,186.2,833.0,476.5,765.8,322.7,1201.2,685.6,extraversion_high5_FxVUG2R1y0Q.004.mp4,1280,720,29.97,459,extraversion,high
403,13446,chin,488.7,348.5,833.0,598.8,770.9,525.6,1201.2,838.5,extraversion_high5_FxVUG2R1y0Q.004.mp4,1280,720,29.97,459,extraversion,high
403,13446,left_cheek,488.0,348.7,579.5,485.8,770.1,525.9,884.3,697.3,extraversion_high5_FxVUG2R1y0Q.004.mp4,1280,720,29.97,459,extraversion,high
403,13446,right_cheek,690.9,344.6,805.0,485.4,1023.6,520.7,1166.3,696.7,extraversion_high5_FxVUG2R1y0Q.004.mp4,1280,720,29.97,459,extraversion,high
404,13480,left_eye,496.4,241.9,598.2,324.9,780.5,392.4,907.7,496.1,extraversion_high5_FxVUG2R1y0Q.004.mp4,1280,720,29.97,459,extraversion,high
404,13480,right_eye,660.8,242.4,786.7,321.0,986.0,393.0,1143.3,491.2,extraversion_high5_FxVUG2R1y0Q.004.mp4,1280,720,29.97,459,extraversion,high
404,13480,nose,579.9,294.9,677.0,413.1,884.9,458.6,1006.3,606.4,extraversion_high5_FxVUG2R1y0Q.004.mp4,1280,720,29.97,459,extraversion,high
404,13480,mouth,569.0,436.0,715.9,528.1,871.3,635.0,1054.9,750.1,extraversion_high5_FxVUG2R1y0Q.004.mp4,1280,720,29.97,459,extraversion,high
404,13480,forehead,486.0,184.2,834.1,475.0,767.5,320.2,1202.6,683.7,extraversion_high5_FxVUG2R1y0Q.004.mp4,1280,720,29.97,459,extraversion,high
404,13480,chin,489.8,348.8,834.0,595.3,772.3,526.0,1202.5,834.1,extraversion_high5_FxVUG2R1y0Q.004.mp4,1280,720,29.97,459,extraversion,high
404,13480,left_cheek,488.4,344.9,578.8,481.7,770.5,521.2,883.5,692.1,extraversion_high5_FxVUG2R1y0Q.004.mp4,1280,720,29.97,459,extraversion,high
404,13480,right_cheek,689.8,342.7,805.1,483.4,1022.2,518.4,1166.3,694.3,extraversion_high5_FxVUG2R1y0Q.004.mp4,1280,720,29.97,459,extraversion,high
405,13513,left_eye,496.6,239.7,598.0,322.2,780.8,389.6,907.5,492.7,extraversion_high5_FxVUG2R1y0Q.004.mp4,1280,720,29.97,459,extraversion,high
405,13513,right_eye,658.5,241.0,785.2,319.3,983.1,391.3,1141.6,489.1,extraversion_high5_FxVUG2R1y0Q.004.mp4,1280,720,29.97,459,extraversion,high
405,13513,nose,577.3,292.5,673.0,409.8,881.6,455.7,1001.2,602.3,extraversion_high5_FxVUG2R1y0Q.004.mp4,1280,720,29.97,459,extraversion,high
405,13513,mouth,565.1,432.7,712.0,525.4,866.4,630.9,1050.0,746.8,extraversion_high5_FxVUG2R1y0Q.004.mp4,1280,720,29.97,459,extraversion,high
405,13513,forehead,486.8,182.6,833.8,475.5,768.5,318.2,1202.2,684.3,extraversion_high5_FxVUG2R1y0Q.004.mp4,1280,720,29.97,459,extraversion,high
405,13513,chin,490.4,349.7,833.5,592.5,773.0,527.2,1201.9,830.6,extraversion_high5_FxVUG2R1y0Q.004.mp4,1280,720,29.97,459,extraversion,high
405,13513,left_cheek,488.2,342.3,577.0,479.4,770.2,517.9,881.2,689.2,extraversion_high5_FxVUG2R1y0Q.004.mp4,1280,720,29.97,459,extraversion,high
405,13513,right_cheek,687.2,342.0,804.3,482.8,1018.9,517.5,1165.4,693.5,extraversion_high5_FxVUG2R1y0Q.004.mp4,1280,720,29.97,459,extraversion,high
406,13546,left_eye,496.4,237.7,597.1,320.4,780.5,387.1,906.4,490.4,extraversion_high5_FxVUG2R1y0Q.004.mp4,1280,720,29.97,459,extraversion,high
406,13546,right_eye,655.1,239.9,783.0,318.4,978.8,389.9,1138.7,488.0,extraversion_high5_FxVUG2R1y0Q.004.mp4,1280,720,29.97,459,extraversion,high
406,13546,nose,573.9,290.7,668.8,407.3,877.3,453.4,996.1,599.1,extraversion_high5_FxVUG2R1y0Q.004.mp4,1280,720,29.97,459,extraversion,high
406,13546,mouth,561.5,429.5,708.3,525.9,861.8,626.9,1045.4,747.3,extraversion_high5_FxVUG2R1y0Q.004.mp4,1280,720,29.97,459,extraversion,high
406,13546,forehead,486.8,181.6,833.5,475.6,768.5,317.0,1201.8,684.5,extraversion_high5_FxVUG2R1y0Q.004.mp4,1280,720,29.97,459,extraversion,high
406,13546,chin,489.9,350.1,833.2,591.9,772.4,527.6,1201.5,829.8,extraversion_high5_FxVUG2R1y0Q.004.mp4,1280,720,29.97,459,extraversion,high
406,13546,left_cheek,488.1,340.4,574.2,477.5,770.1,515.5,877.8,686.8,extraversion_high5_FxVUG2R1y0Q.004.mp4,1280,720,29.97,459,extraversion,high
406,13546,right_cheek,683.9,341.3,802.8,482.2,1014.9,516.6,1163.5,692.8,extraversion_high5_FxVUG2R1y0Q.004.mp4,1280,720,29.97,459,extraversion,high
407,13580,left_eye,496.4,236.4,596.0,318.6,780.5,385.5,905.0,488.3,extraversion_high5_FxVUG2R1y0Q.004.mp4,1280,720,29.97,459,extraversion,high
407,13580,right_eye,653.3,239.6,782.1,317.2,976.7,389.5,1137.7,486.5,extraversion_high5_FxVUG2R1y0Q.004.mp4,1280,720,29.97,459,extraversion,high
407,13580,nose,571.6,289.7,666.9,405.5,874.5,452.1,993.7,596.9,extraversion_high5_FxVUG2R1y0Q.004.mp4,1280,720,29.97,459,extraversion,high
407,13580,mouth,559.0,427.4,706.9,526.0,858.8,624.2,1043.6,747.5,extraversion_high5_FxVUG2R1y0Q.004.mp4,1280,720,29.97,459,extraversion,high
407,13580,forehead,487.6,181.2,834.2,475.6,769.5,316.5,1202.8,684.5,extraversion_high5_FxVUG2R1y0Q.004.mp4,1280,720,29.97,459,extraversion,high
407,13580,chin,490.7,350.1,833.8,588.4,773.3,527.7,1202.3,825.5,extraversion_high5_FxVUG2R1y0Q.004.mp4,1280,720,29.97,459,extraversion,high
407,13580,left_cheek,487.9,338.4,572.5,475.4,769.9,513.0,875.6,684.2,extraversion_high5_FxVUG2R1y0Q.004.mp4,1280,720,29.97,459,extraversion,high
407,13580,right_cheek,682.5,340.6,802.5,481.4,1013.1,515.8,1163.2,691.8,extraversion_high5_FxVUG2R1y0Q.004.mp4,1280,720,29.97,459,extraversion,high
408,13613,left_eye,496.3,235.0,594.6,317.0,780.4,383.8,903.2,486.2,extraversion_high5_FxVUG2R1y0Q.004.mp4,1280,720,29.97,459,extraversion,high
408,13613,right_eye,652.3,239.7,781.9,317.0,975.4,389.6,1137.4,486.3,extraversion_high5_FxVUG2R1y0Q.004.mp4,1280,720,29.97,459,extraversion,high
408,13613,nose,569.6,288.3,665.9,404.2,872.0,450.4,992.4,595.2,extraversion_high5_FxVUG2R1y0Q.004.mp4,1280,720,29.97,459,extraversion,high
408,13613,mouth,557.5,425.9,705.6,526.4,856.8,622.4,1041.9,748.0,extraversion_high5_FxVUG2R1y0Q.004.mp4,1280,720,29.97,459,extraversion,high
408,13613,forehead,487.7,180.6,834.9,476.7,769.7,315.7,1203.7,685.9,extraversion_high5_FxVUG2R1y0Q.004.mp4,1280,720,29.97,459,extraversion,high
408,13613,chin,490.9,349.7,834.4,588.9,773.6,527.1,1202.9,826.1,extraversion_high5_FxVUG2R1y0Q.004.mp4,1280,720,29.97,459,extraversion,high
408,13613,left_cheek,487.0,337.0,570.7,474.2,768.7,511.2,873.3,682.7,extraversion_high5_FxVUG2R1y0Q.004.mp4,1280,720,29.97,459,extraversion,high
408,13613,right_cheek,681.4,340.7,802.2,481.5,1011.8,515.8,1162.8,691.9,extraversion_high5_FxVUG2R1y0Q.004.mp4,1280,720,29.97,459,extraversion,high
409,13646,left_eye,496.3,235.8,594.0,317.1,780.4,384.8,902.5,486.4,extraversion_high5_FxVUG2R1y0Q.004.mp4,1280,720,29.97,459,extraversion,high
409,13646,right_eye,651.9,240.0,781.9,317.5,974.8,390.0,1137.4,486.9,extraversion_high5_FxVUG2R1y0Q.004.mp4,1280,720,29.97,459,extraversion,high
409,13646,nose,568.0,288.7,665.1,404.6,870.0,450.9,991.4,595.8,extraversion_high5_FxVUG2R1y0Q.004.mp4,1280,720,29.97,459,extraversion,high
409,13646,mouth,556.2,426.2,705.4,530.9,855.2,622.8,1041.8,753.6,extraversion_high5_FxVUG2R1y0Q.004.mp4,1280,720,29.97,459,extraversion,high
409,13646,forehead,488.7,180.9,835.8,480.1,770.8,316.1,1204.8,690.1,extraversion_high5_FxVUG2R1y0Q.004.mp4,1280,720,29.97,459,extraversion,high
409,13646,chin,491.2,350.0,835.1,593.3,774.0,527.5,1203.9,831.6,extraversion_high5_FxVUG2R1y0Q.004.mp4,1280,720,29.97,459,extraversion,high
409,13646,left_cheek,486.1,337.4,569.7,474.8,767.6,511.7,872.2,683.5,extraversion_high5_FxVUG2R1y0Q.004.mp4,1280,720,29.97,459,extraversion,high
409,13646,right_cheek,680.7,341.2,802.2,481.6,1010.9,516.5,1162.7,692.0,extraversion_high5_FxVUG2R1y0Q.004.mp4,1280,720,29.97,459,extraversion,high
410,13680,left_eye,496.6,236.5,594.0,318.1,780.7,385.6,902.5,487.6,extraversion_high5_FxVUG2R1y0Q.004.mp4,1280,720,29.97,459,extraversion,high
410,13680,right_eye,652.1,240.1,782.2,318.5,975.1,390.1,1137.7,488.1,extraversion_high5_FxVUG2R1y0Q.004.mp4,1280,720,29.97,459,extraversion,high
410,13680,nose,566.7,289.2,663.9,405.4,868.4,451.5,989.9,596.8,extraversion_high5_FxVUG2R1y0Q.004.mp4,1280,720,29.97,459,extraversion,high
410,13680,mouth,554.8,427.5,705.9,538.5,853.5,624.4,1042.3,763.1,extraversion_high5_FxVUG2R1y0Q.004.mp4,1280,720,29.97,459,extraversion,high
410,13680,forehead,489.2,181.0,837.1,482.8,771.5,316.2,1206.3,693.5,extraversion_high5_FxVUG2R1y0Q.004.mp4,1280,720,29.97,459,extraversion,high
410,13680,chin,491.4,352.0,836.2,600.0,774.3,530.0,1205.2,840.0,extraversion_high5_FxVUG2R1y0Q.004.mp4,1280,720,29.97,459,extraversion,high
410,13680,left_cheek,485.3,338.4,569.0,476.0,766.6,513.0,871.3,685.0,extraversion_high5_FxVUG2R1y0Q.004.mp4,1280,720,29.97,459,extraversion,high
410,13680,right_cheek,680.3,341.6,802.2,483.3,1010.4,517.0,1162.8,694.2,extraversion_high5_FxVUG2R1y0Q.004.mp4,1280,720,29.97,459,extraversion,high
411,13713,left_eye,496.6,236.8,594.0,318.6,780.8,386.1,902.5,488.3,extraversion_high5_FxVUG2R1y0Q.004.mp4,1280,720,29.97,459,extraversion,high
411,13713,right_eye,652.1,240.2,782.3,319.0,975.2,390.2,1137.9,488.8,extraversion_high5_FxVUG2R1y0Q.004.mp4,1280,720,29.97,459,extraversion,high
411,13713,nose,566.2,289.1,663.6,405.1,867.7,451.4,989.5,596.4,extraversion_high5_FxVUG2R1y0Q.004.mp4,1280,720,29.97,459,extraversion,high
411,13713,mouth,553.5,427.0,706.1,542.7,851.9,623.8,1042.6,768.4,extraversion_high5_FxVUG2R1y0Q.004.mp4,1280,720,29.97,459,extraversion,high
411,13713,forehead,489.2,181.1,838.0,483.3,771.5,316.3,1207.5,694.1,extraversion_high5_FxVUG2R1y0Q.004.mp4,1280,720,29.97,459,extraversion,high
411,13713,chin,491.3,352.5,836.9,602.7,774.1,530.7,1206.1,843.4,extraversion_high5_FxVUG2R1y0Q.004.mp4,1280,720,29.97,459,extraversion,high
411,13713,left_cheek,485.0,338.9,568.7,476.6,766.3,513.6,870.8,685.8,extraversion_high5_FxVUG2R1y0Q.004.mp4,1280,720,29.97,459,extraversion,high
411,13713,right_cheek,680.1,341.9,802.2,484.6,1010.2,517.4,1162.8,695.8,extraversion_high5_FxVUG2R1y0Q.004.mp4,1280,720,29.97,459,extraversion,high
412,13747,left_eye,496.6,236.9,594.2,318.4,780.7,386.2,902.7,488.0,extraversion_high5_FxVUG2R1y0Q.004.mp4,1280,720,29.97,459,extraversion,high
412,13747,right_eye,652.5,240.6,782.4,319.0,975.6,390.7,1138.0,488.7,extraversion_high5_FxVUG2R1y0Q.004.mp4,1280,720,29.97,459,extraversion,high
412,13747,nose,566.5,288.6,664.5,404.9,868.2,450.7,990.6,596.1,extraversion_high5_FxVUG2R1y0Q.004.mp4,1280,720,29.97,459,extraversion,high
412,13747,mouth,553.2,426.7,706.2,546.8,851.5,623.4,1042.8,773.5,extraversion_high5_FxVUG2R1y0Q.004.mp4,1280,720,29.97,459,extraversion,high
412,13747,forehead,489.1,181.2,837.6,482.7,771.4,316.5,1207.0,693.3,extraversion_high5_FxVUG2R1y0Q.004.mp4,1280,720,29.97,459,extraversion,high
412,13747,chin,491.1,352.5,836.6,606.2,773.9,530.7,1205.7,847.7,extraversion_high5_FxVUG2R1y0Q.004.mp4,1280,720,29.97,459,extraversion,high
412,13747,left_cheek,484.9,338.6,568.8,476.8,766.1,513.2,871.0,686.0,extraversion_high5_FxVUG2R1y0Q.004.mp4,1280,720,29.97,459,extraversion,high
412,13747,right_cheek,680.5,342.1,802.2,485.1,1010.6,517.6,1162.7,696.4,extraversion_high5_FxVUG2R1y0Q.004.mp4,1280,720,29.97,459,extraversion,high
413,13780,left_eye,496.6,236.7,594.2,317.8,780.7,385.8,902.8,487.3,extraversion_high5_FxVUG2R1y0Q.004.mp4,1280,720,29.97,459,extraversion,high
413,13780,right_eye,652.4,240.8,782.0,318.6,975.4,391.0,1137.6,488.2,extraversion_high5_FxVUG2R1y0Q.004.mp4,1280,720,29.97,459,extraversion,high
413,13780,nose,567.3,288.2,664.1,404.7,869.1,450.2,990.2,595.8,extraversion_high5_FxVUG2R1y0Q.004.mp4,1280,720,29.97,459,extraversion,high
413,13780,mouth,552.9,425.9,703.5,547.1,851.1,622.4,1039.4,773.9,extraversion_high5_FxVUG2R1y0Q.004.mp4,1280,720,29.97,459,extraversion,high
413,13780,forehead,488.8,181.0,836.7,482.3,771.0,316.3,1205.9,692.9,extraversion_high5_FxVUG2R1y0Q.004.mp4,1280,720,29.97,459,extraversion,high
413,13780,chin,491.0,352.2,835.0,605.3,773.8,530.3,1203.7,846.7,extraversion_high5_FxVUG2R1y0Q.004.mp4,1280,720,29.97,459,extraversion,high
413,13780,left_cheek,484.8,338.0,568.9,476.8,766.0,512.5,871.1,686.0,extraversion_high5_FxVUG2R1y0Q.004.mp4,1280,720,29.97,459,extraversion,high
413,13780,right_cheek,680.2,342.3,801.1,485.3,1010.2,517.8,1161.4,696.6,extraversion_high5_FxVUG2R1y0Q.004.mp4,1280,720,29.97,459,extraversion,high
414,13813,left_eye,496.8,236.4,594.3,316.8,781.0,385.5,902.8,486.0,extraversion_high5_FxVUG2R1y0Q.004.mp4,1280,720,29.97,459,extraversion,high
414,13813,right_eye,652.3,240.9,781.2,317.9,975.4,391.1,1136.5,487.4,extraversion_high5_FxVUG2R1y0Q.004.mp4,1280,720,29.97,459,extraversion,high
414,13813,nose,567.8,288.2,662.4,405.0,869.8,450.3,988.0,596.3,extraversion_high5_FxVUG2R1y0Q.004.mp4,1280,720,29.97,459,extraversion,high
414,13813,mouth,554.3,426.4,694.7,546.3,852.9,623.0,1028.4,772.9,extraversion_high5_FxVUG2R1y0Q.004.mp4,1280,720,29.97,459,extraversion,high
414,13813,forehead,489.0,180.4,833.8,482.5,771.3,315.5,1202.3,693.1,extraversion_high5_FxVUG2R1y0Q.004.mp4,1280,720,29.97,459,extraversion,high
414,13813,chin,490.9,350.8,831.7,604.2,773.6,528.5,1199.6,845.2,extraversion_high5_FxVUG2R1y0Q.004.mp4,1280,720,29.97,459,extraversion,high
414,13813,left_cheek,484.8,337.6,569.2,476.4,766.0,512.0,871.5,685.5,extraversion_high5_FxVUG2R1y0Q.004.mp4,1280,720,29.97,459,extraversion,high
414,13813,right_cheek,679.4,342.4,799.7,486.4,1009.2,518.0,1159.6,698.0,extraversion_high5_FxVUG2R1y0Q.004.mp4,1280,720,29.97,459,extraversion,high
415,13847,left_eye,498.8,236.6,594.3,317.1,783.5,385.7,902.9,486.4,extraversion_high5_FxVUG2R1y0Q.004.mp4,1280,720,29.97,459,extraversion,high
415,13847,right_eye,651.8,241.1,780.4,318.0,974.7,391.4,1135.5,487.5,extraversion_high5_FxVUG2R1y0Q.004.mp4,1280,720,29.97,459,extraversion,high
415,13847,nose,568.1,288.6,661.0,409.4,870.2,450.7,986.3,601.7,extraversion_high5_FxVUG2R1y0Q.004.mp4,1280,720,29.97,459,extraversion,high
415,13847,mouth,557.7,436.0,689.5,527.9,857.1,634.9,1021.9,749.9,extraversion_high5_FxVUG2R1y0Q.004.mp4,1280,720,29.97,459,extraversion,high
415,13847,forehead,491.9,179.6,833.2,482.9,774.9,314.5,1201.5,693.6,extraversion_high5_FxVUG2R1y0Q.004.mp4,1280,720,29.97,459,extraversion,high
415,13847,chin,493.6,349.7,831.1,595.2,777.0,527.1,1198.9,834.0,extraversion_high5_FxVUG2R1y0Q.004.mp4,1280,720,29.97,459,extraversion,high
415,13847,left_cheek,487.2,337.9,569.3,476.8,769.0,512.4,871.6,686.0,extraversion_high5_FxVUG2R1y0Q.004.mp4,1280,720,29.97,459,extraversion,high
415,13847,right_cheek,678.4,344.3,798.6,488.5,1008.0,520.4,1158.3,700.7,extraversion_high5_FxVUG2R1y0Q.004.mp4,1280,720,29.97,459,extraversion,high
416,13880,left_eye,501.1,236.6,595.4,317.3,786.4,385.8,904.3,486.7,extraversion_high5_FxVUG2R1y0Q.004.mp4,1280,720,29.97,459,extraversion,high
416,13880,right_eye,651.9,241.5,780.3,318.1,974.9,391.9,1135.4,487.6,extraversion_high5_FxVUG2R1y0Q.004.mp4,1280,720,29.97,459,extraversion,high
416,13880,nose,570.2,288.9,661.1,411.1,872.8,451.1,986.4,603.8,extraversion_high5_FxVUG2R1y0Q.004.mp4,1280,720,29.97,459,extraversion,high
416,13880,mouth,563.4,441.7,685.3,506.3,864.2,642.2,1016.7,722.9,extraversion_high5_FxVUG2R1y0Q.004.mp4,1280,720,29.97,459,extraversion,high
416,13880,forehead,494.3,179.6,833.0,482.8,777.9,314.5,1201.3,693.5,extraversion_high5_FxVUG2R1y0Q.004.mp4,1280,720,29.97,459,extraversion,high
416,13880,chin,495.9,349.5,831.0,582.1,779.9,526.8,1198.8,817.6,extraversion_high5_FxVUG2R1y0Q.004.mp4,1280,720,29.97,459,extraversion,high
416,13880,left_cheek,489.8,338.9,571.4,476.9,772.2,513.6,874.2,686.2,extraversion_high5_FxVUG2R1y0Q.004.mp4,1280,720,29.97,459,extraversion,high
416,13880,right_cheek,678.5,345.5,798.6,488.5,1008.2,521.8,1158.2,700.6,extraversion_high5_FxVUG2R1y0Q.004.mp4,1280,720,29.97,459,extraversion,high
417,13913,left_eye,503.2,236.2,596.1,316.4,789.0,385.2,905.2,485.5,extraversion_high5_FxVUG2R1y0Q.004.mp4,1280,720,29.97,459,extraversion,high
417,13913,right_eye,652.1,241.1,780.2,317.4,975.2,391.4,1135.2,486.8,extraversion_high5_FxVUG2R1y0Q.004.mp4,1280,720,29.97,459,extraversion,high
417,13913,nose,571.6,288.7,661.7,410.3,874.5,450.8,987.1,602.9,extraversion_high5_FxVUG2R1y0Q.004.mp4,1280,720,29.97,459,extraversion,high
417,13913,mouth,565.7,440.4,685.4,501.0,867.1,640.5,1016.7,716.3,extraversion_high5_FxVUG2R1y0Q.004.mp4,1280,720,29.97,459,extraversion,high
417,13913,forehead,496.8,179.0,832.7,481.1,781.0,313.8,1200.8,691.4,extraversion_high5_FxVUG2R1y0Q.004.mp4,1280,720,29.97,459,extraversion,high
417,13913,chin,498.1,348.5,830.9,578.2,782.6,525.6,1198.6,812.7,extraversion_high5_FxVUG2R1y0Q.004.mp4,1280,720,29.97,459,extraversion,high
417,13913,left_cheek,491.2,338.8,573.0,475.1,774.1,513.5,876.2,683.9,extraversion_high5_FxVUG2R1y0Q.004.mp4,1280,720,29.97,459,extraversion,high
417,13913,right_cheek,678.7,345.0,798.6,485.9,1008.4,521.3,1158.3,697.4,extraversion_high5_FxVUG2R1y0Q.004.mp4,1280,720,29.97,459,extraversion,high
418,13947,left_eye,504.4,236.1,596.8,315.2,790.5,385.1,906.0,484.0,extraversion_high5_FxVUG2R1y0Q.004.mp4,1280,720,29.97,459,extraversion,high
418,13947,right_eye,653.0,240.6,780.2,316.5,976.3,390.7,1135.3,485.7,extraversion_high5_FxVUG2R1y0Q.004.mp4,1280,720,29.97,459,extraversion,high
418,13947,nose,573.2,288.7,662.4,407.5,876.5,450.8,988.0,599.3,extraversion_high5_FxVUG2R1y0Q.004.mp4,1280,720,29.97,459,extraversion,high
418,13947,mouth,567.6,440.3,688.1,500.9,869.5,640.3,1020.2,716.1,extraversion_high5_FxVUG2R1y0Q.004.mp4,1280,720,29.97,459,extraversion,high
418,13947,forehead,497.5,179.1,832.4,477.8,781.9,313.8,1200.5,687.2,extraversion_high5_FxVUG2R1y0Q.004.mp4,1280,720,29.97,459,extraversion,high
418,13947,chin,498.7,347.7,830.9,576.1,783.4,524.6,1198.7,810.2,extraversion_high5_FxVUG2R1y0Q.004.mp4,1280,720,29.97,459,extraversion,high
418,13947,left_cheek,492.1,337.9,574.5,472.6,775.2,512.4,878.1,680.7,extraversion_high5_FxVUG2R1y0Q.004.mp4,1280,720,29.97,459,extraversion,high
418,13947,right_cheek,679.2,343.4,798.7,481.7,1009.0,519.2,1158.4,692.1,extraversion_high5_FxVUG2R1y0Q.004.mp4,1280,720,29.97,459,extraversion,high
419,13980,left_eye,505.2,234.6,597.7,314.9,791.5,383.3,907.1,483.7,extraversion_high5_FxVUG2R1y0Q.004.mp4,1280,720,29.97,459,extraversion,high
419,13980,right_eye,654.5,238.2,780.5,316.5,978.1,387.8,1135.6,485.6,extraversion_high5_FxVUG2R1y0Q.004.mp4,1280,720,29.97,459,extraversion,high
419,13980,nose,574.1,287.7,662.5,403.2,877.6,449.6,988.1,594.0,extraversion_high5_FxVUG2R1y0Q.004.mp4,1280,720,29.97,459,extraversion,high
419,13980,mouth,566.8,430.5,689.5,498.1,868.5,628.1,1021.9,712.6,extraversion_high5_FxVUG2R1y0Q.004.mp4,1280,720,29.97,459,extraversion,high
419,13980,forehead,498.3,179.1,832.1,475.5,782.8,313.9,1200.1,684.4,extraversion_high5_FxVUG2R1y0Q.004.mp4,1280,720,29.97,459,extraversion,high
419,13980,chin,499.4,347.7,830.8,573.1,784.2,524.7,1198.5,806.3,extraversion_high5_FxVUG2R1y0Q.004.mp4,1280,720,29.97,459,extraversion,high
419,13980,left_cheek,493.3,336.6,575.3,469.6,776.6,510.8,879.1,677.0,extraversion_high5_FxVUG2R1y0Q.004.mp4,1280,720,29.97,459,extraversion,high
419,13980,right_cheek,679.4,341.1,798.8,477.6,1009.2,516.4,1158.5,687.0,extraversion_high5_FxVUG2R1y0Q.004.mp4,1280,720,29.97,459,extraversion,high
420,14014,left_eye,505.4,232.4,599.2,314.1,791.7,380.6,909.0,482.6,extraversion_high5_FxVUG2R1y0Q.004.mp4,1280,720,29.97,459,extraversion,high
420,14014,right_eye,656.9,235.0,781.2,316.1,981.1,383.8,1136.5,485.1,extraversion_high5_FxVUG2R1y0Q.004.mp4,1280,720,29.97,459,extraversion,high
420,14014,nose,575.4,285.7,663.9,398.7,879.3,447.1,989.9,588.3,extraversion_high5_FxVUG2R1y0Q.004.mp4,1280,720,29.97,459,extraversion,high
420,14014,mouth,566.3,424.9,690.4,486.0,867.9,621.1,1023.0,697.5,extraversion_high5_FxVUG2R1y0Q.004.mp4,1280,720,29.97,459,extraversion,high
420,14014,forehead,497.9,179.2,830.7,472.9,782.4,314.0,1198.4,681.1,extraversion_high5_FxVUG2R1y0Q.004.mp4,1280,720,29.97,459,extraversion,high
420,14014,chin,499.0,347.9,829.8,567.5,783.8,524.8,1197.2,799.4,extraversion_high5_FxVUG2R1y0Q.004.mp4,1280,720,29.97,459,extraversion,high
420,14014,left_cheek,494.0,335.1,576.6,466.4,777.5,508.8,880.7,673.0,extraversion_high5_FxVUG2R1y0Q.004.mp4,1280,720,29.97,459,extraversion,high
420,14014,right_cheek,680.3,338.4,798.8,473.0,1010.4,513.0,1158.5,681.3,extraversion_high5_FxVUG2R1y0Q.004.mp4,1280,720,29.97,459,extraversion,high
421,14047,left_eye,505.1,230.9,600.1,312.8,791.3,378.6,910.1,481.1,extraversion_high5_FxVUG2R1y0Q.004.mp4,1280,720,29.97,459,extraversion,high
421,14047,right_eye,658.8,232.2,782.2,312.5,983.5,380.2,1137.8,480.7,extraversion_high5_FxVUG2R1y0Q.004.mp4,1280,720,29.97,459,extraversion,high
421,14047,nose,576.8,282.3,668.8,394.7,881.0,442.9,996.0,583.3,extraversion_high5_FxVUG2R1y0Q.004.mp4,1280,720,29.97,459,extraversion,high
421,14047,mouth,566.4,421.4,697.6,475.0,867.9,616.7,1032.0,683.7,extraversion_high5_FxVUG2R1y0Q.004.mp4,1280,720,29.97,459,extraversion,high
421,14047,forehead,497.5,178.3,830.3,470.0,781.9,312.9,1197.9,677.5,extraversion_high5_FxVUG2R1y0Q.004.mp4,1280,720,29.97,459,extraversion,high
421,14047,chin,498.9,348.1,829.5,567.1,783.6,525.1,1196.9,798.9,extraversion_high5_FxVUG2R1y0Q.004.mp4,1280,720,29.97,459,extraversion,high
421,14047,left_cheek,493.7,333.8,577.7,464.6,777.1,507.2,882.1,670.7,extraversion_high5_FxVUG2R1y0Q.004.mp4,1280,720,29.97,459,extraversion,high
421,14047,right_cheek,683.3,334.4,799.4,468.5,1014.1,508.0,1159.2,675.7,extraversion_high5_FxVUG2R1y0Q.004.mp4,1280,720,29.97,459,extraversion,high
422,14080,left_eye,505.0,231.0,600.5,312.2,791.2,378.7,910.6,480.2,extraversion_high5_FxVUG2R1y0Q.004.mp4,1280,720,29.97,459,extraversion,high
422,14080,right_eye,660.6,231.1,782.5,310.8,985.7,378.9,1138.2,478.5,extraversion_high5_FxVUG2R1y0Q.004.mp4,1280,720,29.97,459,extraversion,high
422,14080,nose,579.5,280.8,672.2,393.0,884.4,441.0,1000.3,581.2,extraversion_high5_FxVUG2R1y0Q.004.mp4,1280,720,29.97,459,extraversion,high
422,14080,mouth,567.2,418.8,703.6,473.5,869.0,613.5,1039.5,681.8,extraversion_high5_FxVUG2R1y0Q.004.mp4,1280,720,29.97,459,extraversion,high
422,14080,forehead,496.5,177.5,828.4,469.0,780.6,311.8,1195.5,676.2,extraversion_high5_FxVUG2R1y0Q.004.mp4,1280,720,29.97,459,extraversion,high
422,14080,chin,497.0,349.2,828.1,566.6,781.3,526.5,1195.1,798.3,extraversion_high5_FxVUG2R1y0Q.004.mp4,1280,720,29.97,459,extraversion,high
422,14080,left_cheek,493.4,333.5,579.0,464.1,776.7,506.8,883.7,670.1,extraversion_high5_FxVUG2R1y0Q.004.mp4,1280,720,29.97,459,extraversion,high
422,14080,right_cheek,686.1,332.9,799.9,466.4,1017.6,506.2,1159.8,673.0,extraversion_high5_FxVUG2R1y0Q.004.mp4,1280,720,29.97,459,extraversion,high
423,14114,left_eye,503.8,231.4,600.6,312.4,789.8,379.2,910.8,480.5,extraversion_high5_FxVUG2R1y0Q.004.mp4,1280,720,29.97,459,extraversion,high
423,14114,right_eye,661.0,231.3,782.5,310.4,986.2,379.1,1138.2,477.9,extraversion_high5_FxVUG2R1y0Q.004.mp4,1280,720,29.97,459,extraversion,high
423,14114,nose,581.3,280.9,674.0,393.2,886.7,441.2,1002.5,581.5,extraversion_high5_FxVUG2R1y0Q.004.mp4,1280,720,29.97,459,extraversion,high
423,14114,mouth,568.8,419.1,705.3,479.3,871.0,613.8,1041.7,689.1,extraversion_high5_FxVUG2R1y0Q.004.mp4,1280,720,29.97,459,extraversion,high
423,14114,forehead,491.2,177.5,825.8,469.3,774.0,311.9,1192.2,676.6,extraversion_high5_FxVUG2R1y0Q.004.mp4,1280,720,29.97,459,extraversion,high
423,14114,chin,491.6,350.2,825.6,568.8,774.6,527.7,1192.0,801.1,extraversion_high5_FxVUG2R1y0Q.004.mp4,1280,720,29.97,459,extraversion,high
423,14114,left_cheek,492.3,333.8,579.4,465.2,775.4,507.2,884.2,671.5,extraversion_high5_FxVUG2R1y0Q.004.mp4,1280,720,29.97,459,extraversion,high
423,14114,right_cheek,687.2,332.7,799.9,466.9,1019.0,505.8,1159.9,673.6,extraversion_high5_FxVUG2R1y0Q.004.mp4,1280,720,29.97,459,extraversion,high
424,14147,left_eye,500.7,232.4,600.7,312.9,785.9,380.5,910.8,481.1,extraversion_high5_FxVUG2R1y0Q.004.mp4,1280,720,29.97,459,extraversion,high
424,14147,right_eye,661.8,232.1,782.8,310.9,987.2,380.1,1138.4,478.6,extraversion_high5_FxVUG2R1y0Q.004.mp4,1280,720,29.97,459,extraversion,high
424,14147,nose,583.2,281.6,675.8,394.8,888.9,442.0,1004.7,583.5,extraversion_high5_FxVUG2R1y0Q.004.mp4,1280,720,29.97,459,extraversion,high
424,14147,mouth,570.4,420.0,707.0,485.7,873.0,615.0,1043.8,697.1,extraversion_high5_FxVUG2R1y0Q.004.mp4,1280,720,29.97,459,extraversion,high
424,14147,forehead,485.0,177.6,824.6,470.1,766.2,312.0,1190.8,677.6,extraversion_high5_FxVUG2R1y0Q.004.mp4,1280,720,29.97,459,extraversion,high
424,14147,chin,486.1,350.3,824.6,570.6,767.6,527.9,1190.8,803.3,extraversion_high5_FxVUG2R1y0Q.004.mp4,1280,720,29.97,459,extraversion,high
424,14147,left_cheek,489.8,334.3,579.6,466.7,772.3,507.8,884.4,673.4,extraversion_high5_FxVUG2R1y0Q.004.mp4,1280,720,29.97,459,extraversion,high
424,14147,right_cheek,688.5,333.6,800.3,468.7,1020.6,507.0,1160.4,675.9,extraversion_high5_FxVUG2R1y0Q.004.mp4,1280,720,29.97,459,extraversion,high
425,14180,left_eye,498.0,233.5,600.9,314.4,782.5,381.8,911.2,483.0,extraversion_high5_FxVUG2R1y0Q.004.mp4,1280,720,29.97,459,extraversion,high
425,14180,right_eye,663.1,232.6,783.7,311.2,988.9,380.7,1139.7,479.0,extraversion_high5_FxVUG2R1y0Q.004.mp4,1280,720,29.97,459,extraversion,high
425,14180,nose,584.9,282.1,676.7,395.3,891.2,442.6,1005.9,584.1,extraversion_high5_FxVUG2R1y0Q.004.mp4,1280,720,29.97,459,extraversion,high
425,14180,mouth,572.3,420.8,707.0,495.2,875.4,616.0,1043.7,709.0,extraversion_high5_FxVUG2R1y0Q.004.mp4,1280,720,29.97,459,extraversion,high
425,14180,forehead,479.4,177.7,823.9,471.2,759.3,312.1,1189.9,679.0,extraversion_high5_FxVUG2R1y0Q.004.mp4,1280,720,29.97,459,extraversion,high
425,14180,chin,480.6,350.5,823.8,571.2,760.8,528.1,1189.8,804.0,extraversion_high5_FxVUG2R1y0Q.004.mp4,1280,720,29.97,459,extraversion,high
425,14180,left_cheek,486.9,336.0,579.9,470.7,768.6,510.0,884.9,678.4,extraversion_high5_FxVUG2R1y0Q.004.mp4,1280,720,29.97,459,extraversion,high
425,14180,right_cheek,689.4,334.1,800.8,469.6,1021.8,507.6,1161.0,677.0,extraversion_high5_FxVUG2R1y0Q.004.mp4,1280,720,29.97,459,extraversion,high
426,14214,left_eye,495.2,233.7,601.2,314.7,778.9,382.1,911.5,483.3,extraversion_high5_FxVUG2R1y0Q.004.mp4,1280,720,29.97,459,extraversion,high
426,14214,right_eye,664.7,232.8,784.7,311.4,990.8,381.1,1140.9,479.3,extraversion_high5_FxVUG2R1y0Q.004.mp4,1280,720,29.97,459,extraversion,high
426,14214,nose,586.8,282.4,678.6,397.3,893.6,443.0,1008.2,586.6,extraversion_high5_FxVUG2R1y0Q.004.mp4,1280,720,29.97,459,extraversion,high
426,14214,mouth,575.8,424.3,706.9,498.2,879.7,620.3,1043.6,712.7,extraversion_high5_FxVUG2R1y0Q.004.mp4,1280,720,29.97,459,extraversion,high
426,14214,forehead,474.5,176.8,823.1,471.2,753.1,311.0,1188.9,679.0,extraversion_high5_FxVUG2R1y0Q.004.mp4,1280,720,29.97,459,extraversion,high
426,14214,chin,475.7,349.9,823.0,571.8,754.6,527.4,1188.7,804.7,extraversion_high5_FxVUG2R1y0Q.004.mp4,1280,720,29.97,459,extraversion,high
426,14214,left_cheek,484.2,337.4,580.3,473.4,765.3,511.7,885.4,681.7,extraversion_high5_FxVUG2R1y0Q.004.mp4,1280,720,29.97,459,extraversion,high
426,14214,right_cheek,690.8,334.2,801.4,469.9,1023.5,507.8,1161.7,677.4,extraversion_high5_FxVUG2R1y0Q.004.mp4,1280,720,29.97,459,extraversion,high
427,14247,left_eye,493.4,233.6,601.2,314.7,776.7,382.0,911.5,483.3,extraversion_high5_FxVUG2R1y0Q.004.mp4,1280,720,29.97,459,extraversion,high
427,14247,right_eye,664.6,233.0,784.6,311.6,990.7,381.3,1140.8,479.5,extraversion_high5_FxVUG2R1y0Q.004.mp4,1280,720,29.97,459,extraversion,high
427,14247,nose,587.8,282.6,678.6,399.0,894.7,443.2,1008.2,588.7,extraversion_high5_FxVUG2R1y0Q.004.mp4,1280,720,29.97,459,extraversion,high
427,14247,mouth,579.0,428.4,705.7,498.1,883.7,625.5,1042.1,712.7,extraversion_high5_FxVUG2R1y0Q.004.mp4,1280,720,29.97,459,extraversion,high
427,14247,forehead,471.7,175.9,820.6,471.1,749.7,309.9,1185.7,678.8,extraversion_high5_FxVUG2R1y0Q.004.mp4,1280,720,29.97,459,extraversion,high
427,14247,chin,472.7,349.6,820.4,572.1,750.8,527.0,1185.5,805.2,extraversion_high5_FxVUG2R1y0Q.004.mp4,1280,720,29.97,459,extraversion,high
427,14247,left_cheek,482.1,338.0,580.4,474.4,762.6,512.5,885.5,683.0,extraversion_high5_FxVUG2R1y0Q.004.mp4,1280,720,29.97,459,extraversion,high
427,14247,right_cheek,690.7,334.4,801.2,470.1,1023.4,508.0,1161.5,677.7,extraversion_high5_FxVUG2R1y0Q.004.mp4,1280,720,29.97,459,extraversion,high
428,14280,left_eye,492.4,233.2,601.3,314.7,775.5,381.5,911.7,483.4,extraversion_high5_FxVUG2R1y0Q.004.mp4,1280,720,29.97,459,extraversion,high
428,14280,right_eye,664.7,233.2,784.4,311.7,990.8,381.5,1140.5,479.7,extraversion_high5_FxVUG2R1y0Q.004.mp4,1280,720,29.97,459,extraversion,high
428,14280,nose,588.2,282.6,679.1,400.2,895.2,443.2,1008.9,590.3,extraversion_high5_FxVUG2R1y0Q.004.mp4,1280,720,29.97,459,extraversion,high
428,14280,mouth,578.5,430.5,703.8,498.1,883.1,628.2,1039.8,712.6,extraversion_high5_FxVUG2R1y0Q.004.mp4,1280,720,29.97,459,extraversion,high
428,14280,forehead,469.3,174.7,818.6,470.9,746.6,308.4,1183.2,678.6,extraversion_high5_FxVUG2R1y0Q.004.mp4,1280,720,29.97,459,extraversion,high
428,14280,chin,469.9,349.7,818.0,572.4,747.4,527.1,1182.5,805.5,extraversion_high5_FxVUG2R1y0Q.004.mp4,1280,720,29.97,459,extraversion,high
428,14280,left_cheek,480.4,338.3,580.3,474.9,760.5,512.9,885.4,683.6,extraversion_high5_FxVUG2R1y0Q.004.mp4,1280,720,29.97,459,extraversion,high
428,14280,right_cheek,690.6,334.9,800.6,470.7,1023.3,508.7,1160.7,678.4,extraversion_high5_FxVUG2R1y0Q.004.mp4,1280,720,29.97,459,extraversion,high
429,14314,left_eye,493.0,233.4,602.6,314.8,776.2,381.7,913.2,483.5,extraversion_high5_FxVUG2R1y0Q.004.mp4,1280,720,29.97,459,extraversion,high
429,14314,right_eye,665.4,234.1,784.4,312.0,991.8,382.6,1140.5,480.0,extraversion_high5_FxVUG2R1y0Q.004.mp4,1280,720,29.97,459,extraversion,high
429,14314,nose,591.0,282.6,681.1,402.2,898.8,443.3,1011.4,592.8,extraversion_high5_FxVUG2R1y0Q.004.mp4,1280,720,29.97,459,extraversion,high
429,14314,mouth,580.3,432.7,702.6,497.5,885.4,630.8,1038.2,711.9,extraversion_high5_FxVUG2R1y0Q.004.mp4,1280,720,29.97,459,extraversion,high
429,14314,forehead,469.8,174.9,818.0,471.7,747.2,308.6,1182.5,679.6,extraversion_high5_FxVUG2R1y0Q.004.mp4,1280,720,29.97,459,extraversion,high
429,14314,chin,470.2,350.4,817.3,573.3,747.8,528.0,1181.6,806.6,extraversion_high5_FxVUG2R1y0Q.004.mp4,1280,720,29.97,459,extraversion,high
429,14314,left_cheek,480.9,338.9,581.7,475.7,761.1,513.6,887.1,684.6,extraversion_high5_FxVUG2R1y0Q.004.mp4,1280,720,29.97,459,extraversion,high
429,14314,right_cheek,691.4,336.2,800.5,472.3,1024.2,510.3,1160.6,680.4,extraversion_high5_FxVUG2R1y0Q.004.mp4,1280,720,29.97,459,extraversion,high
430,14347,left_eye,493.3,234.3,604.4,315.4,776.6,382.9,915.5,484.3,extraversion_high5_FxVUG2R1y0Q.004.mp4,1280,720,29.97,459,extraversion,high
430,14347,right_eye,666.8,235.4,784.4,313.3,993.5,384.2,1140.5,481.6,extraversion_high5_FxVUG2R1y0Q.004.mp4,1280,720,29.97,459,extraversion,high
430,14347,nose,593.4,283.5,681.9,405.9,901.8,444.4,1012.3,597.3,extraversion_high5_FxVUG2R1y0Q.004.mp4,1280,720,29.97,459,extraversion,high
430,14347,mouth,582.7,434.8,702.2,497.4,888.4,633.4,1037.7,711.8,extraversion_high5_FxVUG2R1y0Q.004.mp4,1280,720,29.97,459,extraversion,high
430,14347,forehead,471.0,174.9,817.5,473.7,748.7,308.7,1181.9,682.1,extraversion_high5_FxVUG2R1y0Q.004.mp4,1280,720,29.97,459,extraversion,high
430,14347,chin,471.3,350.5,816.9,573.4,749.1,528.2,1181.1,806.8,extraversion_high5_FxVUG2R1y0Q.004.mp4,1280,720,29.97,459,extraversion,high
430,14347,left_cheek,481.6,340.5,583.7,477.9,762.0,515.7,889.6,687.4,extraversion_high5_FxVUG2R1y0Q.004.mp4,1280,720,29.97,459,extraversion,high
430,14347,right_cheek,692.0,338.1,800.4,474.8,1025.0,512.6,1160.5,683.5,extraversion_high5_FxVUG2R1y0Q.004.mp4,1280,720,29.97,459,extraversion,high
431,14381,left_eye,494.8,235.4,607.3,316.9,778.5,384.3,919.1,486.1,extraversion_high5_FxVUG2R1y0Q.004.mp4,1280,720,29.97,459,extraversion,high
431,14381,right_eye,668.7,237.9,784.6,315.7,995.9,387.4,1140.7,484.7,extraversion_high5_FxVUG2R1y0Q.004.mp4,1280,720,29.97,459,extraversion,high
431,14381,nose,596.1,285.4,682.8,409.6,905.1,446.7,1013.5,602.0,extraversion_high5_FxVUG2R1y0Q.004.mp4,1280,720,29.97,459,extraversion,high
431,14381,mouth,584.5,437.6,701.5,498.2,890.6,637.1,1036.8,712.8,extraversion_high5_FxVUG2R1y0Q.004.mp4,1280,720,29.97,459,extraversion,high
431,14381,forehead,471.9,175.1,816.6,476.0,749.9,308.8,1180.8,685.0,extraversion_high5_FxVUG2R1y0Q.004.mp4,1280,720,29.97,459,extraversion,high
431,14381,chin,472.1,352.8,815.7,577.3,750.2,531.1,1179.6,811.6,extraversion_high5_FxVUG2R1y0Q.004.mp4,1280,720,29.97,459,extraversion,high
431,14381,left_cheek,481.7,342.6,585.9,480.5,762.1,518.2,892.4,690.6,extraversion_high5_FxVUG2R1y0Q.004.mp4,1280,720,29.97,459,extraversion,high
431,14381,right_cheek,692.7,341.1,800.2,478.6,1025.9,516.4,1160.3,688.3,extraversion_high5_FxVUG2R1y0Q.004.mp4,1280,720,29.97,459,extraversion,high
432,14414,left_eye,495.1,237.5,609.1,318.3,778.9,386.9,921.4,487.8,extraversion_high5_FxVUG2R1y0Q.004.mp4,1280,720,29.97,459,extraversion,high
432,14414,right_eye,671.3,241.5,785.9,318.4,999.1,391.8,1142.4,488.0,extraversion_high5_FxVUG2R1y0Q.004.mp4,1280,720,29.97,459,extraversion,high
432,14414,nose,595.9,288.8,685.4,413.5,904.9,451.0,1016.7,606.8,extraversion_high5_FxVUG2R1y0Q.004.mp4,1280,720,29.97,459,extraversion,high
432,14414,mouth,583.2,443.7,701.6,505.3,889.0,644.6,1037.0,721.6,extraversion_high5_FxVUG2R1y0Q.004.mp4,1280,720,29.97,459,extraversion,high
432,14414,forehead,468.6,177.9,816.8,475.3,745.7,312.4,1181.0,684.1,extraversion_high5_FxVUG2R1y0Q.004.mp4,1280,720,29.97,459,extraversion,high
432,14414,chin,468.6,353.9,815.8,581.6,745.7,532.3,1179.8,817.0,extraversion_high5_FxVUG2R1y0Q.004.mp4,1280,720,29.97,459,extraversion,high
432,14414,left_cheek,481.5,343.6,586.2,481.2,761.9,519.5,892.8,691.5,extraversion_high5_FxVUG2R1y0Q.004.mp4,1280,720,29.97,459,extraversion,high
432,14414,right_cheek,694.8,344.2,800.8,481.3,1028.4,520.3,1161.0,691.6,extraversion_high5_FxVUG2R1y0Q.004.mp4,1280,720,29.97,459,extraversion,high
433,14447,left_eye,493.0,238.2,608.8,318.9,776.3,387.8,921.0,488.7,extraversion_high5_FxVUG2R1y0Q.004.mp4,1280,720,29.97,459,extraversion,high
433,14447,right_eye,672.6,243.5,787.4,320.4,1000.8,394.4,1144.2,490.5,extraversion_high5_FxVUG2R1y0Q.004.mp4,1280,720,29.97,459,extraversion,high
433,14447,nose,594.5,290.1,686.9,413.1,903.1,452.6,1018.6,606.3,extraversion_high5_FxVUG2R1y0Q.004.mp4,1280,720,29.97,459,extraversion,high
433,14447,mouth,574.7,441.6,707.3,515.2,878.4,642.0,1044.2,734.0,extraversion_high5_FxVUG2R1y0Q.004.mp4,1280,720,29.97,459,extraversion,high
433,14447,forehead,460.5,178.9,815.9,475.1,735.6,313.6,1179.9,683.9,extraversion_high5_FxVUG2R1y0Q.004.mp4,1280,720,29.97,459,extraversion,high
433,14447,chin,460.5,351.6,814.5,586.3,735.6,529.5,1178.2,822.8,extraversion_high5_FxVUG2R1y0Q.004.mp4,1280,720,29.97,459,extraversion,high
433,14447,left_cheek,476.9,343.4,586.0,481.5,756.2,519.2,892.5,691.9,extraversion_high5_FxVUG2R1y0Q.004.mp4,1280,720,29.97,459,extraversion,high
433,14447,right_cheek,696.0,345.4,800.9,482.7,1030.0,521.7,1161.1,693.3,extraversion_high5_FxVUG2R1y0Q.004.mp4,1280,720,29.97,459,extraversion,high
434,14481,left_eye,492.9,238.9,609.4,319.2,776.2,388.6,921.7,489.0,extraversion_high5_FxVUG2R1y0Q.004.mp4,1280,720,29.97,459,extraversion,high
434,14481,right_eye,673.9,245.0,788.9,322.8,1002.4,396.3,1146.1,493.5,extraversion_high5_FxVUG2R1y0Q.004.mp4,1280,720,29.97,459,extraversion,high
434,14481,nose,594.0,290.9,687.0,412.4,902.5,453.7,1018.7,605.6,extraversion_high5_FxVUG2R1y0Q.004.mp4,1280,720,29.97,459,extraversion,high
434,14481,mouth,568.3,440.1,710.9,525.2,870.4,640.2,1048.7,746.5,extraversion_high5_FxVUG2R1y0Q.004.mp4,1280,720,29.97,459,extraversion,high
434,14481,forehead,459.0,180.7,816.4,478.1,733.8,315.9,1180.4,687.6,extraversion_high5_FxVUG2R1y0Q.004.mp4,1280,720,29.97,459,extraversion,high
434,14481,chin,459.0,351.1,814.8,591.1,733.8,528.9,1178.5,828.8,extraversion_high5_FxVUG2R1y0Q.004.mp4,1280,720,29.97,459,extraversion,high
434,14481,left_cheek,475.6,343.1,585.5,481.6,754.4,518.9,891.9,692.0,extraversion_high5_FxVUG2R1y0Q.004.mp4,1280,720,29.97,459,extraversion,high
434,14481,right_cheek,696.5,347.3,801.1,484.9,1030.6,524.1,1161.4,696.1,extraversion_high5_FxVUG2R1y0Q.004.mp4,1280,720,29.97,459,extraversion,high
435,14514,left_eye,492.2,239.2,609.3,319.1,775.3,389.1,921.6,488.9,extraversion_high5_FxVUG2R1y0Q.004.mp4,1280,720,29.97,459,extraversion,high
435,14514,right_eye,673.9,246.3,788.9,323.9,1002.4,397.9,1146.1,494.8,extraversion_high5_FxVUG2R1y0Q.004.mp4,1280,720,29.97,459,extraversion,high
435,14514,nose,593.7,292.0,686.7,412.6,902.2,455.0,1018.3,605.8,extraversion_high5_FxVUG2R1y0Q.004.mp4,1280,720,29.97,459,extraversion,high
435,14514,mouth,565.8,439.3,711.5,526.6,867.2,639.1,1049.4,748.3,extraversion_high5_FxVUG2R1y0Q.004.mp4,1280,720,29.97,459,extraversion,high
435,14514,forehead,456.9,182.4,816.6,480.2,731.1,318.0,1180.7,690.3,extraversion_high5_FxVUG2R1y0Q.004.mp4,1280,720,29.97,459,extraversion,high
435,14514,chin,456.9,350.8,815.0,595.8,731.1,528.5,1178.7,834.7,extraversion_high5_FxVUG2R1y0Q.004.mp4,1280,720,29.97,459,extraversion,high
435,14514,left_cheek,473.9,343.0,584.5,482.0,752.3,518.7,890.6,692.5,extraversion_high5_FxVUG2R1y0Q.004.mp4,1280,720,29.97,459,extraversion,high
435,14514,right_cheek,696.3,348.3,801.2,486.6,1030.4,525.3,1161.5,698.2,extraversion_high5_FxVUG2R1y0Q.004.mp4,1280,720,29.97,459,extraversion,high
436,14547,left_eye,491.5,239.9,609.4,319.5,774.4,389.9,921.8,489.4,extraversion_high5_FxVUG2R1y0Q.004.mp4,1280,720,29.97,459,extraversion,high
436,14547,right_eye,674.0,247.3,788.7,325.3,1002.5,399.1,1145.8,496.7,extraversion_high5_FxVUG2R1y0Q.004.mp4,1280,720,29.97,459,extraversion,high
436,14547,nose,593.1,292.5,686.5,412.8,901.4,455.7,1018.1,606.1,extraversion_high5_FxVUG2R1y0Q.004.mp4,1280,720,29.97,459,extraversion,high
436,14547,mouth,565.9,438.7,710.6,524.6,867.3,638.4,1048.3,745.8,extraversion_high5_FxVUG2R1y0Q.004.mp4,1280,720,29.97,459,extraversion,high
436,14547,forehead,454.7,183.5,813.8,481.7,728.4,319.3,1177.2,692.1,extraversion_high5_FxVUG2R1y0Q.004.mp4,1280,720,29.97,459,extraversion,high
436,14547,chin,454.7,351.0,811.9,594.8,728.4,528.8,1174.8,833.5,extraversion_high5_FxVUG2R1y0Q.004.mp4,1280,720,29.97,459,extraversion,high
436,14547,left_cheek,472.9,342.9,584.2,482.3,751.2,518.6,890.3,692.8,extraversion_high5_FxVUG2R1y0Q.004.mp4,1280,720,29.97,459,extraversion,high
436,14547,right_cheek,696.0,349.3,800.0,487.0,1030.0,526.6,1159.9,698.7,extraversion_high5_FxVUG2R1y0Q.004.mp4,1280,720,29.97,459,extraversion,high
437,14581,left_eye,491.6,239.7,610.1,319.5,774.5,389.6,922.7,489.3,extraversion_high5_FxVUG2R1y0Q.004.mp4,1280,720,29.97,459,extraversion,high
437,14581,right_eye,674.1,246.8,788.4,324.9,1002.6,398.5,1145.5,496.1,extraversion_high5_FxVUG2R1y0Q.004.mp4,1280,720,29.97,459,extraversion,high
437,14581,nose,593.0,292.1,686.6,412.4,901.3,455.1,1018.3,605.5,extraversion_high5_FxVUG2R1y0Q.004.mp4,1280,720,29.97,459,extraversion,high
437,14581,mouth,566.0,438.4,709.9,520.7,867.5,638.0,1047.4,740.8,extraversion_high5_FxVUG2R1y0Q.004.mp4,1280,720,29.97,459,extraversion,high
437,14581,forehead,453.4,183.2,810.9,482.0,726.8,319.0,1173.7,692.5,extraversion_high5_FxVUG2R1y0Q.004.mp4,1280,720,29.97,459,extraversion,high
437,14581,chin,453.4,351.0,808.6,592.5,726.8,528.7,1170.7,830.6,extraversion_high5_FxVUG2R1y0Q.004.mp4,1280,720,29.97,459,extraversion,high
437,14581,left_cheek,473.1,342.5,584.0,481.9,751.3,518.1,890.0,692.4,extraversion_high5_FxVUG2R1y0Q.004.mp4,1280,720,29.97,459,extraversion,high
437,14581,right_cheek,695.8,348.8,797.9,486.2,1029.7,525.9,1157.4,697.7,extraversion_high5_FxVUG2R1y0Q.004.mp4,1280,720,29.97,459,extraversion,high
438,14614,left_eye,491.9,239.3,611.4,318.9,774.8,389.1,924.3,488.6,extraversion_high5_FxVUG2R1y0Q.004.mp4,1280,720,29.97,459,extraversion,high
438,14614,right_eye,674.4,246.6,788.3,324.4,1003.0,398.2,1145.3,495.4,extraversion_high5_FxVUG2R1y0Q.004.mp4,1280,720,29.97,459,extraversion,high
438,14614,nose,593.2,291.9,686.7,411.9,901.5,454.9,1018.4,604.8,extraversion_high5_FxVUG2R1y0Q.004.mp4,1280,720,29.97,459,extraversion,high
438,14614,mouth,566.0,436.2,709.6,514.2,867.5,635.2,1047.0,732.7,extraversion_high5_FxVUG2R1y0Q.004.mp4,1280,720,29.97,459,extraversion,high
438,14614,forehead,455.2,182.9,809.9,482.4,729.0,318.6,1172.4,693.0,extraversion_high5_FxVUG2R1y0Q.004.mp4,1280,720,29.97,459,extraversion,high
438,14614,chin,455.2,350.1,807.1,589.0,729.0,527.7,1168.9,826.2,extraversion_high5_FxVUG2R1y0Q.004.mp4,1280,720,29.97,459,extraversion,high
438,14614,left_cheek,473.9,340.9,583.9,480.5,752.3,516.1,889.9,690.7,extraversion_high5_FxVUG2R1y0Q.004.mp4,1280,720,29.97,459,extraversion,high
438,14614,right_cheek,695.7,348.4,797.1,485.6,1029.7,525.4,1156.4,697.0,extraversion_high5_FxVUG2R1y0Q.004.mp4,1280,720,29.97,459,extraversion,high
439,14647,left_eye,493.4,237.6,613.0,316.5,776.7,387.0,926.2,485.7,extraversion_high5_FxVUG2R1y0Q.004.mp4,1280,720,29.97,459,extraversion,high
439,14647,right_eye,674.8,246.3,788.1,324.0,1003.6,397.9,1145.2,495.0,extraversion_high5_FxVUG2R1y0Q.004.mp4,1280,720,29.97,459,extraversion,high
439,14647,nose,593.0,290.7,686.8,410.0,901.2,453.4,1018.4,602.5,extraversion_high5_FxVUG2R1y0Q.004.mp4,1280,720,29.97,459,extraversion,high
439,14647,mouth,562.6,432.4,709.4,506.4,863.2,630.5,1046.8,723.0,extraversion_high5_FxVUG2R1y0Q.004.mp4,1280,720,29.97,459,extraversion,high
439,14647,forehead,456.6,182.7,809.8,482.8,730.7,318.4,1172.2,693.5,extraversion_high5_FxVUG2R1y0Q.004.mp4,1280,720,29.97,459,extraversion,high
439,14647,chin,456.6,347.8,806.6,584.3,730.7,524.8,1168.3,820.4,extraversion_high5_FxVUG2R1y0Q.004.mp4,1280,720,29.97,459,extraversion,high
439,14647,left_cheek,474.3,337.3,583.8,475.9,752.8,511.7,889.8,684.9,extraversion_high5_FxVUG2R1y0Q.004.mp4,1280,720,29.97,459,extraversion,high
439,14647,right_cheek,695.7,348.1,796.7,485.5,1029.6,525.1,1155.9,696.9,extraversion_high5_FxVUG2R1y0Q.004.mp4,1280,720,29.97,459,extraversion,high
440,14681,left_eye,494.5,232.8,614.4,312.3,778.1,381.0,928.0,480.4,extraversion_high5_FxVUG2R1y0Q.004.mp4,1280,720,29.97,459,extraversion,high
440,14681,right_eye,674.8,246.2,788.1,323.7,1003.6,397.7,1145.1,494.6,extraversion_high5_FxVUG2R1y0Q.004.mp4,1280,720,29.97,459,extraversion,high
440,14681,nose,592.5,288.3,686.7,407.4,900.6,450.4,1018.4,599.3,extraversion_high5_FxVUG2R1y0Q.004.mp4,1280,720,29.97,459,extraversion,high
440,14681,mouth,558.6,427.8,709.3,501.6,858.2,624.8,1046.6,717.0,extraversion_high5_FxVUG2R1y0Q.004.mp4,1280,720,29.97,459,extraversion,high
440,14681,forehead,455.7,180.7,809.0,482.4,729.7,315.9,1171.2,693.0,extraversion_high5_FxVUG2R1y0Q.004.mp4,1280,720,29.97,459,extraversion,high
440,14681,chin,455.7,341.1,804.9,579.8,729.7,516.4,1166.1,814.7,extraversion_high5_FxVUG2R1y0Q.004.mp4,1280,720,29.97,459,extraversion,high
440,14681,left_cheek,474.4,331.8,583.8,469.6,753.0,504.7,889.7,677.1,extraversion_high5_FxVUG2R1y0Q.004.mp4,1280,720,29.97,459,extraversion,high
440,14681,right_cheek,695.6,347.4,795.7,483.9,1029.5,524.3,1154.7,694.8,extraversion_high5_FxVUG2R1y0Q.004.mp4,1280,720,29.97,459,extraversion,high
441,14714,left_eye,495.7,231.7,615.5,311.8,779.6,379.6,929.4,479.8,extraversion_high5_FxVUG2R1y0Q.004.mp4,1280,720,29.97,459,extraversion,high
441,14714,right_eye,674.8,246.7,788.0,323.9,1003.5,398.3,1145.1,494.9,extraversion_high5_FxVUG2R1y0Q.004.mp4,1280,720,29.97,459,extraversion,high
441,14714,nose,591.5,288.1,686.7,407.2,899.3,450.2,1018.4,599.0,extraversion_high5_FxVUG2R1y0Q.004.mp4,1280,720,29.97,459,extraversion,high
441,14714,mouth,556.6,427.2,709.0,502.8,855.7,624.0,1046.2,718.6,extraversion_high5_FxVUG2R1y0Q.004.mp4,1280,720,29.97,459,extraversion,high
441,14714,forehead,455.6,180.5,808.6,482.5,729.5,315.6,1170.8,693.1,extraversion_high5_FxVUG2R1y0Q.004.mp4,1280,720,29.97,459,extraversion,high
441,14714,chin,455.6,338.2,803.6,578.7,729.5,512.7,1164.6,813.4,extraversion_high5_FxVUG2R1y0Q.004.mp4,1280,720,29.97,459,extraversion,high
441,14714,left_cheek,474.5,330.1,583.5,467.4,753.1,502.6,889.3,674.3,extraversion_high5_FxVUG2R1y0Q.004.mp4,1280,720,29.97,459,extraversion,high
441,14714,right_cheek,695.5,347.5,795.0,483.8,1029.4,524.4,1153.7,694.8,extraversion_high5_FxVUG2R1y0Q.004.mp4,1280,720,29.97,459,extraversion,high
442,14748,left_eye,495.7,232.0,615.6,312.2,779.7,380.0,929.4,480.2,extraversion_high5_FxVUG2R1y0Q.004.mp4,1280,720,29.97,459,extraversion,high
442,14748,right_eye,674.8,249.0,788.3,326.0,1003.5,401.2,1145.4,497.5,extraversion_high5_FxVUG2R1y0Q.004.mp4,1280,720,29.97,459,extraversion,high
442,14748,nose,590.3,289.0,686.4,409.3,897.9,451.3,1018.0,601.6,extraversion_high5_FxVUG2R1y0Q.004.mp4,1280,720,29.97,459,extraversion,high
442,14748,mouth,552.1,428.0,708.3,510.2,850.1,625.0,1045.3,727.7,extraversion_high5_FxVUG2R1y0Q.004.mp4,1280,720,29.97,459,extraversion,high
442,14748,forehead,453.4,180.5,808.7,483.3,726.8,315.6,1170.9,694.1,extraversion_high5_FxVUG2R1y0Q.004.mp4,1280,720,29.97,459,extraversion,high
442,14748,chin,453.4,335.2,803.0,579.4,726.8,509.1,1163.7,814.3,extraversion_high5_FxVUG2R1y0Q.004.mp4,1280,720,29.97,459,extraversion,high
442,14748,left_cheek,472.7,330.0,582.5,468.4,750.9,502.5,888.1,675.5,extraversion_high5_FxVUG2R1y0Q.004.mp4,1280,720,29.97,459,extraversion,high
442,14748,right_cheek,695.3,349.9,794.7,485.7,1029.2,527.4,1153.3,697.1,extraversion_high5_FxVUG2R1y0Q.004.mp4,1280,720,29.97,459,extraversion,high
443,14781,left_eye,496.1,232.2,616.4,313.8,780.1,380.2,930.5,482.3,extraversion_high5_FxVUG2R1y0Q.004.mp4,1280,720,29.97,459,extraversion,high
443,14781,right_eye,675.8,251.4,789.6,328.9,1004.7,404.3,1147.0,501.1,extraversion_high5_FxVUG2R1y0Q.004.mp4,1280,720,29.97,459,extraversion,high
443,14781,nose,590.3,291.6,686.5,413.9,897.8,454.5,1018.1,607.4,extraversion_high5_FxVUG2R1y0Q.004.mp4,1280,720,29.97,459,extraversion,high
443,14781,mouth,552.0,431.4,708.2,531.3,850.0,629.2,1045.3,754.1,extraversion_high5_FxVUG2R1y0Q.004.mp4,1280,720,29.97,459,extraversion,high
443,14781,forehead,451.3,180.3,809.3,484.0,724.1,315.4,1171.6,694.9,extraversion_high5_FxVUG2R1y0Q.004.mp4,1280,720,29.97,459,extraversion,high
443,14781,chin,451.3,333.0,803.9,590.0,724.1,506.3,1164.9,827.5,extraversion_high5_FxVUG2R1y0Q.004.mp4,1280,720,29.97,459,extraversion,high
443,14781,left_cheek,471.8,330.4,582.5,468.5,749.7,503.0,888.1,675.6,extraversion_high5_FxVUG2R1y0Q.004.mp4,1280,720,29.97,459,extraversion,high
443,14781,right_cheek,695.3,352.5,794.9,489.6,1029.2,530.6,1153.6,702.0,extraversion_high5_FxVUG2R1y0Q.004.mp4,1280,720,29.97,459,extraversion,high
444,14814,left_eye,497.4,240.9,619.1,323.1,781.7,391.1,933.9,493.9,extraversion_high5_FxVUG2R1y0Q.004.mp4,1280,720,29.97,459,extraversion,high
444,14814,right_eye,677.7,259.2,793.5,336.7,1007.2,414.0,1151.8,510.9,extraversion_high5_FxVUG2R1y0Q.004.mp4,1280,720,29.97,459,extraversion,high
444,14814,nose,591.1,301.9,689.2,430.0,898.9,467.4,1021.5,627.5,extraversion_high5_FxVUG2R1y0Q.004.mp4,1280,720,29.97,459,extraversion,high
444,14814,mouth,552.8,444.7,708.3,554.9,851.0,645.8,1045.4,783.6,extraversion_high5_FxVUG2R1y0Q.004.mp4,1280,720,29.97,459,extraversion,high
444,14814,forehead,449.6,182.1,814.6,485.9,721.9,317.7,1178.2,697.3,extraversion_high5_FxVUG2R1y0Q.004.mp4,1280,720,29.97,459,extraversion,high
444,14814,chin,449.6,334.2,807.5,608.4,721.9,507.7,1169.4,850.6,extraversion_high5_FxVUG2R1y0Q.004.mp4,1280,720,29.97,459,extraversion,high
444,14814,left_cheek,472.1,334.1,583.8,481.6,750.1,507.6,889.8,692.0,extraversion_high5_FxVUG2R1y0Q.004.mp4,1280,720,29.97,459,extraversion,high
444,14814,right_cheek,697.1,361.2,797.7,499.1,1031.3,541.5,1157.1,713.9,extraversion_high5_FxVUG2R1y0Q.004.mp4,1280,720,29.97,459,extraversion,high
445,14848,left_eye,497.3,252.9,620.9,333.8,781.7,406.1,936.1,507.3,extraversion_high5_FxVUG2R1y0Q.004.mp4,1280,720,29.97,459,extraversion,high
445,14848,right_eye,679.9,268.6,797.3,344.9,1009.8,425.8,1156.6,521.1,extraversion_high5_FxVUG2R1y0Q.004.mp4,1280,720,29.97,459,extraversion,high
445,14848,nose,593.7,312.4,694.7,442.7,902.1,480.6,1028.4,643.3,extraversion_high5_FxVUG2R1y0Q.004.mp4,1280,720,29.97,459,extraversion,high
445,14848,mouth,553.8,459.9,711.3,566.6,852.2,664.9,1049.1,798.3,extraversion_high5_FxVUG2R1y0Q.004.mp4,1280,720,29.97,459,extraversion,high
445,14848,forehead,446.7,189.8,819.1,487.0,718.4,327.2,1183.9,698.8,extraversion_high5_FxVUG2R1y0Q.004.mp4,1280,720,29.97,459,extraversion,high
445,14848,chin,446.7,334.9,811.8,617.6,718.4,508.6,1174.8,862.0,extraversion_high5_FxVUG2R1y0Q.004.mp4,1280,720,29.97,459,extraversion,high
445,14848,left_cheek,472.1,344.3,585.9,492.7,750.1,520.4,892.3,705.9,extraversion_high5_FxVUG2R1y0Q.004.mp4,1280,720,29.97,459,extraversion,high
445,14848,right_cheek,700.6,367.2,802.0,505.9,1035.8,549.0,1162.4,722.4,extraversion_high5_FxVUG2R1y0Q.004.mp4,1280,720,29.97,459,extraversion,high
446,14881,left_eye,497.5,260.5,622.7,339.6,781.9,415.7,938.4,514.5,extraversion_high5_FxVUG2R1y0Q.004.mp4,1280,720,29.97,459,extraversion,high
446,14881,right_eye,681.4,274.0,799.0,349.2,1011.7,432.5,1158.7,526.5,extraversion_high5_FxVUG2R1y0Q.004.mp4,1280,720,29.97,459,extraversion,high
446,14881,nose,596.3,318.5,699.1,449.4,905.4,488.1,1033.9,651.7,extraversion_high5_FxVUG2R1y0Q.004.mp4,1280,720,29.97,459,extraversion,high
446,14881,mouth,554.5,468.4,717.9,567.5,853.1,675.6,1057.3,799.4,extraversion_high5_FxVUG2R1y0Q.004.mp4,1280,720,29.97,459,extraversion,high
446,14881,forehead,447.6,195.4,820.4,489.0,719.6,334.3,1185.5,701.2,extraversion_high5_FxVUG2R1y0Q.004.mp4,1280,720,29.97,459,extraversion,high
446,14881,chin,447.6,341.8,812.8,620.4,719.6,517.2,1176.0,865.6,extraversion_high5_FxVUG2R1y0Q.004.mp4,1280,720,29.97,459,extraversion,high
446,14881,left_cheek,472.2,352.1,588.4,499.1,750.2,530.2,895.5,713.9,extraversion_high5_FxVUG2R1y0Q.004.mp4,1280,720,29.97,459,extraversion,high
446,14881,right_cheek,703.7,370.3,804.3,509.1,1039.6,552.9,1165.3,726.4,extraversion_high5_FxVUG2R1y0Q.004.mp4,1280,720,29.97,459,extraversion,high
447,14914,left_eye,498.2,263.2,623.5,341.3,782.7,419.0,939.3,516.6,extraversion_high5_FxVUG2R1y0Q.004.mp4,1280,720,29.97,459,extraversion,high
447,14914,right_eye,681.6,276.5,798.2,350.2,1011.9,435.7,1157.8,527.8,extraversion_high5_FxVUG2R1y0Q.004.mp4,1280,720,29.97,459,extraversion,high
447,14914,nose,597.7,320.6,700.1,450.8,907.1,490.7,1035.1,653.5,extraversion_high5_FxVUG2R1y0Q.004.mp4,1280,720,29.97,459,extraversion,high
447,14914,mouth,556.0,470.7,720.7,560.5,855.1,678.4,1060.9,790.6,extraversion_high5_FxVUG2R1y0Q.004.mp4,1280,720,29.97,459,extraversion,high
447,14914,forehead,448.8,198.1,819.4,489.0,720.9,337.6,1184.3,701.3,extraversion_high5_FxVUG2R1y0Q.004.mp4,1280,720,29.97,459,extraversion,high
447,14914,chin,448.8,345.2,812.5,617.7,720.9,521.5,1175.7,862.1,extraversion_high5_FxVUG2R1y0Q.004.mp4,1280,720,29.97,459,extraversion,high
447,14914,left_cheek,473.4,354.3,589.9,499.6,751.7,532.9,897.4,714.5,extraversion_high5_FxVUG2R1y0Q.004.mp4,1280,720,29.97,459,extraversion,high
447,14914,right_cheek,704.1,370.1,803.7,508.2,1040.1,552.7,1164.6,725.2,extraversion_high5_FxVUG2R1y0Q.004.mp4,1280,720,29.97,459,extraversion,high
448,14948,left_eye,498.1,260.0,622.4,337.4,782.6,415.1,938.0,511.8,extraversion_high5_FxVUG2R1y0Q.004.mp4,1280,720,29.97,459,extraversion,high
448,14948,right_eye,681.1,272.5,798.8,346.1,1011.4,430.7,1158.4,522.7,extraversion_high5_FxVUG2R1y0Q.004.mp4,1280,720,29.97,459,extraversion,high
448,14948,nose,597.4,316.3,698.3,445.0,906.8,485.3,1032.8,646.3,extraversion_high5_FxVUG2R1y0Q.004.mp4,1280,720,29.97,459,extraversion,high
448,14948,mouth,557.6,462.9,721.2,553.3,857.0,668.6,1061.5,781.6,extraversion_high5_FxVUG2R1y0Q.004.mp4,1280,720,29.97,459,extraversion,high
448,14948,forehead,449.3,195.3,822.6,488.5,721.6,334.1,1188.3,700.6,extraversion_high5_FxVUG2R1y0Q.004.mp4,1280,720,29.97,459,extraversion,high
448,14948,chin,449.3,344.9,816.3,613.4,721.6,521.1,1180.4,856.7,extraversion_high5_FxVUG2R1y0Q.004.mp4,1280,720,29.97,459,extraversion,high
448,14948,left_cheek,473.4,351.3,589.2,495.7,751.8,529.1,896.5,709.6,extraversion_high5_FxVUG2R1y0Q.004.mp4,1280,720,29.97,459,extraversion,high
448,14948,right_cheek,703.5,367.9,805.6,505.0,1039.4,549.8,1167.0,721.2,extraversion_high5_FxVUG2R1y0Q.004.mp4,1280,720,29.97,459,extraversion,high
449,14981,left_eye,497.4,257.7,622.1,334.6,781.8,412.1,937.6,508.3,extraversion_high5_FxVUG2R1y0Q.004.mp4,1280,720,29.97,459,extraversion,high
449,14981,right_eye,681.0,271.1,798.5,343.0,1011.2,428.9,1158.1,518.8,extraversion_high5_FxVUG2R1y0Q.004.mp4,1280,720,29.97,459,extraversion,high
449,14981,nose,596.1,315.5,697.3,442.0,905.1,484.4,1031.6,642.5,extraversion_high5_FxVUG2R1y0Q.004.mp4,1280,720,29.97,459,extraversion,high
449,14981,mouth,557.6,458.5,721.1,552.2,857.0,663.2,1061.4,780.3,extraversion_high5_FxVUG2R1y0Q.004.mp4,1280,720,29.97,459,extraversion,high
449,14981,forehead,449.7,191.8,823.4,486.2,722.2,329.8,1189.3,697.8,extraversion_high5_FxVUG2R1y0Q.004.mp4,1280,720,29.97,459,extraversion,high
449,14981,chin,449.7,340.9,819.4,611.2,722.2,516.1,1184.3,854.0,extraversion_high5_FxVUG2R1y0Q.004.mp4,1280,720,29.97,459,extraversion,high
449,14981,left_cheek,472.8,347.1,588.8,493.1,750.9,523.9,896.1,706.4,extraversion_high5_FxVUG2R1y0Q.004.mp4,1280,720,29.97,459,extraversion,high
449,14981,right_cheek,703.0,361.9,806.8,502.8,1038.7,542.4,1168.5,718.5,extraversion_high5_FxVUG2R1y0Q.004.mp4,1280,720,29.97,459,extraversion,high
450,15015,left_eye,495.9,248.9,620.8,325.0,779.9,401.2,936.0,496.2,extraversion_high5_FxVUG2R1y0Q.004.mp4,1280,720,29.97,459,extraversion,high
450,15015,right_eye,679.8,258.9,798.5,332.9,1009.7,413.6,1158.1,506.1,extraversion_high5_FxVUG2R1y0Q.004.mp4,1280,720,29.97,459,extraversion,high
450,15015,nose,593.7,303.0,696.7,429.7,902.2,468.8,1030.8,627.2,extraversion_high5_FxVUG2R1y0Q.004.mp4,1280,720,29.97,459,extraversion,high
450,15015,mouth,557.0,445.6,720.9,549.8,856.3,647.0,1061.1,777.3,extraversion_high5_FxVUG2R1y0Q.004.mp4,1280,720,29.97,459,extraversion,high
450,15015,forehead,449.3,183.6,823.8,482.3,721.7,319.5,1189.7,692.8,extraversion_high5_FxVUG2R1y0Q.004.mp4,1280,720,29.97,459,extraversion,high
450,15015,chin,449.3,337.1,820.3,609.5,721.7,511.4,1185.4,851.9,extraversion_high5_FxVUG2R1y0Q.004.mp4,1280,720,29.97,459,extraversion,high
450,15015,left_cheek,471.7,340.1,587.2,487.0,749.6,515.1,894.0,698.7,extraversion_high5_FxVUG2R1y0Q.004.mp4,1280,720,29.97,459,extraversion,high
450,15015,right_cheek,702.6,354.2,807.2,496.4,1038.3,532.7,1168.9,710.5,extraversion_high5_FxVUG2R1y0Q.004.mp4,1280,720,29.97,459,extraversion,high
451,15048,left_eye,493.6,243.0,620.7,321.1,777.0,393.7,935.9,491.4,extraversion_high5_FxVUG2R1y0Q.004.mp4,1280,720,29.97,459,extraversion,high
451,15048,right_eye,679.6,253.1,798.3,328.9,1009.5,406.3,1157.8,501.1,extraversion_high5_FxVUG2R1y0Q.004.mp4,1280,720,29.97,459,extraversion,high
451,15048,nose,593.7,297.8,696.6,423.8,902.1,462.2,1030.7,619.8,extraversion_high5_FxVUG2R1y0Q.004.mp4,1280,720,29.97,459,extraversion,high
451,15048,mouth,556.8,442.2,721.0,557.7,855.9,642.7,1061.3,787.1,extraversion_high5_FxVUG2R1y0Q.004.mp4,1280,720,29.97,459,extraversion,high
451,15048,forehead,443.7,180.3,823.3,480.0,714.6,315.4,1189.1,690.0,extraversion_high5_FxVUG2R1y0Q.004.mp4,1280,720,29.97,459,extraversion,high
451,15048,chin,443.7,335.5,819.6,614.2,714.6,509.3,1184.6,857.7,extraversion_high5_FxVUG2R1y0Q.004.mp4,1280,720,29.97,459,extraversion,high
451,15048,left_cheek,468.7,337.3,586.6,485.6,745.9,511.7,893.3,697.0,extraversion_high5_FxVUG2R1y0Q.004.mp4,1280,720,29.97,459,extraversion,high
451,15048,right_cheek,702.8,351.4,807.1,494.6,1038.5,529.3,1168.9,708.3,extraversion_high5_FxVUG2R1y0Q.004.mp4,1280,720,29.97,459,extraversion,high
452,15081,left_eye,493.2,239.8,619.2,319.0,776.4,389.7,934.1,488.8,extraversion_high5_FxVUG2R1y0Q.004.mp4,1280,720,29.97,459,extraversion,high
452,15081,right_eye,678.8,249.3,799.3,325.9,1008.4,401.7,1159.1,497.4,extraversion_high5_FxVUG2R1y0Q.004.mp4,1280,720,29.97,459,extraversion,high
452,15081,nose,592.9,295.0,696.2,422.0,901.2,458.8,1030.3,617.6,extraversion_high5_FxVUG2R1y0Q.004.mp4,1280,720,29.97,459,extraversion,high
452,15081,mouth,556.6,441.5,721.0,562.5,855.8,641.9,1061.2,793.2,extraversion_high5_FxVUG2R1y0Q.004.mp4,1280,720,29.97,459,extraversion,high
452,15081,forehead,445.0,177.0,827.4,477.7,716.3,311.2,1194.2,687.2,extraversion_high5_FxVUG2R1y0Q.004.mp4,1280,720,29.97,459,extraversion,high
452,15081,chin,445.0,333.8,825.2,615.3,716.3,507.3,1191.5,859.2,extraversion_high5_FxVUG2R1y0Q.004.mp4,1280,720,29.97,459,extraversion,high
452,15081,left_cheek,468.8,335.7,585.6,485.2,746.0,509.7,892.1,696.5,extraversion_high5_FxVUG2R1y0Q.004.mp4,1280,720,29.97,459,extraversion,high
452,15081,right_cheek,702.7,349.2,809.2,493.4,1038.4,526.5,1171.5,706.8,extraversion_high5_FxVUG2R1y0Q.004.mp4,1280,720,29.97,459,extraversion,high
453,15115,left_eye,492.5,238.9,618.9,317.7,775.7,388.6,933.6,487.1,extraversion_high5_FxVUG2R1y0Q.004.mp4,1280,720,29.97,459,extraversion,high
453,15115,right_eye,678.4,248.1,799.2,324.0,1007.9,400.1,1159.0,495.0,extraversion_high5_FxVUG2R1y0Q.004.mp4,1280,720,29.97,459,extraversion,high
453,15115,nose,592.3,293.8,696.1,420.4,900.4,457.3,1030.1,615.5,extraversion_high5_FxVUG2R1y0Q.004.mp4,1280,720,29.97,459,extraversion,high
453,15115,mouth,555.9,440.5,720.7,567.0,854.9,640.6,1060.9,798.8,extraversion_high5_FxVUG2R1y0Q.004.mp4,1280,720,29.97,459,extraversion,high
453,15115,forehead,443.0,176.7,828.0,475.5,713.8,310.9,1194.9,684.3,extraversion_high5_FxVUG2R1y0Q.004.mp4,1280,720,29.97,459,extraversion,high
453,15115,chin,443.0,333.2,826.1,617.0,713.8,506.5,1192.6,861.3,extraversion_high5_FxVUG2R1y0Q.004.mp4,1280,720,29.97,459,extraversion,high
453,15115,left_cheek,467.6,334.9,584.8,484.7,744.5,508.7,891.1,695.9,extraversion_high5_FxVUG2R1y0Q.004.mp4,1280,720,29.97,459,extraversion,high
453,15115,right_cheek,702.6,347.2,809.8,491.8,1038.3,524.0,1172.3,704.8,extraversion_high5_FxVUG2R1y0Q.004.mp4,1280,720,29.97,459,extraversion,high
454,15148,left_eye,492.2,239.7,618.3,318.3,775.3,389.6,932.9,487.9,extraversion_high5_FxVUG2R1y0Q.004.mp4,1280,720,29.97,459,extraversion,high
454,15148,right_eye,677.9,249.2,799.0,325.0,1007.4,401.5,1158.7,496.3,extraversion_high5_FxVUG2R1y0Q.004.mp4,1280,720,29.97,459,extraversion,high
454,15148,nose,592.1,294.8,696.0,421.5,900.1,458.6,1030.0,616.9,extraversion_high5_FxVUG2R1y0Q.004.mp4,1280,720,29.97,459,extraversion,high
454,15148,mouth,555.5,441.4,720.5,569.5,854.4,641.8,1060.6,801.9,extraversion_high5_FxVUG2R1y0Q.004.mp4,1280,720,29.97,459,extraversion,high
454,15148,forehead,442.4,177.5,828.2,476.4,713.0,311.9,1195.2,685.5,extraversion_high5_FxVUG2R1y0Q.004.mp4,1280,720,29.97,459,extraversion,high
454,15148,chin,442.4,333.9,826.3,621.7,713.0,507.3,1192.9,867.1,extraversion_high5_FxVUG2R1y0Q.004.mp4,1280,720,29.97,459,extraversion,high
454,15148,left_cheek,467.2,335.6,584.5,486.0,744.0,509.5,890.6,697.5,extraversion_high5_FxVUG2R1y0Q.004.mp4,1280,720,29.97,459,extraversion,high
454,15148,right_cheek,702.6,348.5,809.7,492.1,1038.2,525.6,1172.2,705.1,extraversion_high5_FxVUG2R1y0Q.004.mp4,1280,720,29.97,459,extraversion,high
455,15181,left_eye,492.2,240.3,617.9,318.9,775.3,390.4,932.4,488.6,extraversion_high5_FxVUG2R1y0Q.004.mp4,1280,720,29.97,459,extraversion,high
455,15181,right_eye,677.3,250.3,798.9,326.0,1006.6,402.9,1158.6,497.5,extraversion_high5_FxVUG2R1y0Q.004.mp4,1280,720,29.97,459,extraversion,high
455,15181,nose,591.9,295.4,695.9,421.9,899.9,459.3,1029.8,617.3,extraversion_high5_FxVUG2R1y0Q.004.mp4,1280,720,29.97,459,extraversion,high
455,15181,mouth,555.5,442.1,720.0,570.3,854.4,642.6,1060.0,802.9,extraversion_high5_FxVUG2R1y0Q.004.mp4,1280,720,29.97,459,extraversion,high
455,15181,forehead,443.1,178.2,827.4,477.0,713.9,312.8,1194.2,686.2,extraversion_high5_FxVUG2R1y0Q.004.mp4,1280,720,29.97,459,extraversion,high
455,15181,chin,443.1,334.3,825.3,623.4,713.9,507.8,1191.7,869.2,extraversion_high5_FxVUG2R1y0Q.004.mp4,1280,720,29.97,459,extraversion,high
455,15181,left_cheek,467.5,335.7,584.2,488.0,744.4,509.6,890.3,700.0,extraversion_high5_FxVUG2R1y0Q.004.mp4,1280,720,29.97,459,extraversion,high
455,15181,right_cheek,702.3,349.4,809.4,493.1,1037.9,526.8,1171.7,706.3,extraversion_high5_FxVUG2R1y0Q.004.mp4,1280,720,29.97,459,extraversion,high
456,15215,left_eye,492.3,241.6,617.7,319.7,775.4,392.1,932.1,489.7,extraversion_high5_FxVUG2R1y0Q.004.mp4,1280,720,29.97,459,extraversion,high
456,15215,right_eye,677.3,251.2,798.8,326.4,1006.6,404.0,1158.5,498.0,extraversion_high5_FxVUG2R1y0Q.004.mp4,1280,720,29.97,459,extraversion,high
456,15215,nose,591.9,297.3,695.8,425.6,899.9,461.7,1029.7,622.0,extraversion_high5_FxVUG2R1y0Q.004.mp4,1280,720,29.97,459,extraversion,high
456,15215,mouth,555.7,446.1,718.5,571.0,854.7,647.7,1058.1,803.8,extraversion_high5_FxVUG2R1y0Q.004.mp4,1280,720,29.97,459,extraversion,high
456,15215,forehead,443.6,179.2,827.2,477.9,714.5,314.0,1194.0,687.4,extraversion_high5_FxVUG2R1y0Q.004.mp4,1280,720,29.97,459,extraversion,high
456,15215,chin,443.6,334.9,825.2,625.8,714.5,508.7,1191.5,872.3,extraversion_high5_FxVUG2R1y0Q.004.mp4,1280,720,29.97,459,extraversion,high
456,15215,left_cheek,467.6,337.4,584.2,490.4,744.6,511.8,890.3,703.0,extraversion_high5_FxVUG2R1y0Q.004.mp4,1280,720,29.97,459,extraversion,high
456,15215,right_cheek,702.0,350.1,809.1,495.9,1037.5,527.7,1171.3,709.9,extraversion_high5_FxVUG2R1y0Q.004.mp4,1280,720,29.97,459,extraversion,high
457,15248,left_eye,492.7,245.7,617.5,323.1,775.8,397.1,931.8,493.9,extraversion_high5_FxVUG2R1y0Q.004.mp4,1280,720,29.97,459,extraversion,high
457,15248,right_eye,677.2,255.2,798.5,329.8,1006.5,409.0,1158.2,502.3,extraversion_high5_FxVUG2R1y0Q.004.mp4,1280,720,29.97,459,extraversion,high
457,15248,nose,591.5,301.4,695.2,430.7,899.4,466.8,1029.0,628.3,extraversion_high5_FxVUG2R1y0Q.004.mp4,1280,720,29.97,459,extraversion,high
457,15248,mouth,556.0,452.2,716.7,570.8,855.0,655.2,1055.8,803.4,extraversion_high5_FxVUG2R1y0Q.004.mp4,1280,720,29.97,459,extraversion,high
457,15248,forehead,444.3,182.2,827.0,480.9,715.3,317.7,1193.7,691.1,extraversion_high5_FxVUG2R1y0Q.004.mp4,1280,720,29.97,459,extraversion,high
457,15248,chin,444.3,337.6,824.9,627.7,715.3,512.0,1191.1,874.6,extraversion_high5_FxVUG2R1y0Q.004.mp4,1280,720,29.97,459,extraversion,high
457,15248,left_cheek,468.1,341.0,584.2,493.6,745.1,516.3,890.2,707.0,extraversion_high5_FxVUG2R1y0Q.004.mp4,1280,720,29.97,459,extraversion,high
457,15248,right_cheek,701.1,353.6,808.2,499.8,1036.4,532.0,1170.3,714.7,extraversion_high5_FxVUG2R1y0Q.004.mp4,1280,720,29.97,459,extraversion,high
458,15281,left_eye,492.9,250.0,616.8,326.7,776.1,402.5,931.0,498.4,extraversion_high5_FxVUG2R1y0Q.004.mp4,1280,720,29.97,459,extraversion,high
458,15281,right_eye,677.0,259.5,797.6,333.8,1006.2,414.4,1157.1,507.2,extraversion_high5_FxVUG2R1y0Q.004.mp4,1280,720,29.97,459,extraversion,high
458,15281,nose,591.2,306.0,694.7,436.5,899.0,472.5,1028.4,635.7,extraversion_high5_FxVUG2R1y0Q.004.mp4,1280,720,29.97,459,extraversion,high
458,15281,mouth,559.1,458.4,714.2,569.7,858.9,662.9,1052.8,802.1,extraversion_high5_FxVUG2R1y0Q.004.mp4,1280,720,29.97,459,extraversion,high
458,15281,forehead,446.5,185.3,825.3,481.7,718.1,321.6,1191.6,692.2,extraversion_high5_FxVUG2R1y0Q.004.mp4,1280,720,29.97,459,extraversion,high
458,15281,chin,446.5,339.4,822.7,625.3,718.1,514.3,1188.4,871.6,extraversion_high5_FxVUG2R1y0Q.004.mp4,1280,720,29.97,459,extraversion,high
458,15281,left_cheek,468.7,344.0,584.1,494.7,745.9,520.0,890.1,708.4,extraversion_high5_FxVUG2R1y0Q.004.mp4,1280,720,29.97,459,extraversion,high
458,15281,right_cheek,700.2,356.8,806.4,501.5,1035.3,536.0,1168.1,716.8,extraversion_high5_FxVUG2R1y0Q.004.mp4,1280,720,29.97,459,extraversion,high
