frame,timestamp_ms,aoi_name,vid_x_min,vid_y_min,vid_x_max,vid_y_max,screen_x_min,screen_y_min,screen_x_max,screen_y_max,video_file,native_width,native_height,fps,total_frames,trait,level
0,0,left_eye,512.4,238.7,602.3,322.5,800.5,388.3,912.9,493.1,emotional_stability_low4_OLFhKCgexRU.000.mp4,1280,720,29.97,459,emotional_stability,low
0,0,right_eye,662.1,245.4,786.9,333.4,987.6,396.8,1143.7,506.8,emotional_stability_low4_OLFhKCgexRU.000.mp4,1280,720,29.97,459,emotional_stability,low
0,0,nose,575.4,301.7,664.9,426.9,879.3,467.2,991.1,623.6,emotional_stability_low4_OLFhKCgexRU.000.mp4,1280,720,29.97,459,emotional_stability,low
0,0,mouth,553.9,451.4,695.5,527.1,852.4,654.2,1029.4,748.9,emotional_stability_low4_OLFhKCgexRU.000.mp4,1280,720,29.97,459,emotional_stability,low
0,0,forehead,500.4,185.8,834.3,486.0,785.5,322.2,1202.9,697.5,emotional_stability_low4_OLFhKCgexRU.000.mp4,1280,720,29.97,459,emotional_stability,low
0,0,chin,503.1,340.1,834.3,582.9,788.9,515.1,1202.9,818.6,emotional_stability_low4_OLFhKCgexRU.000.mp4,1280,720,29.97,459,emotional_stability,low
0,0,left_cheek,496.9,339.0,578.9,477.6,781.1,513.8,883.6,687.1,emotional_stability_low4_OLFhKCgexRU.000.mp4,1280,720,29.97,459,emotional_stability,low
0,0,right_cheek,681.7,358.9,803.0,497.1,1012.2,538.6,1163.7,711.4,emotional_stability_low4_OLFhKCgexRU.000.mp4,1280,720,29.97,459,emotional_stability,low
1,33,left_eye,512.7,236.2,603.0,323.1,800.9,385.3,913.7,493.9,emotional_stability_low4_OLFhKCgexRU.000.mp4,1280,720,29.97,459,emotional_stability,low
1,33,right_eye,661.6,244.4,787.2,333.5,987.0,395.5,1144.0,506.9,emotional_stability_low4_OLFhKCgexRU.000.mp4,1280,720,29.97,459,emotional_stability,low
1,33,nose,575.6,301.7,664.0,427.6,879.5,467.1,990.0,624.5,emotional_stability_low4_OLFhKCgexRU.000.mp4,1280,720,29.97,459,emotional_stability,low
1,33,mouth,555.7,452.6,693.5,526.7,854.6,655.7,1026.9,748.4,emotional_stability_low4_OLFhKCgexRU.000.mp4,1280,720,29.97,459,emotional_stability,low
1,33,forehead,505.1,183.3,835.3,486.0,791.3,319.1,1204.2,697.5,emotional_stability_low4_OLFhKCgexRU.000.mp4,1280,720,29.97,459,emotional_stability,low
1,33,chin,508.2,338.4,835.3,583.5,795.3,513.1,1204.2,819.3,emotional_stability_low4_OLFhKCgexRU.000.mp4,1280,720,29.97,459,emotional_stability,low
1,33,left_cheek,498.9,338.7,578.9,477.8,783.6,513.4,883.7,687.2,emotional_stability_low4_OLFhKCgexRU.000.mp4,1280,720,29.97,459,emotional_stability,low
1,33,right_cheek,681.6,359.2,803.1,498.2,1012.0,539.0,1163.8,712.7,emotional_stability_low4_OLFhKCgexRU.000.mp4,1280,720,29.97,459,emotional_stability,low
2,66,left_eye,515.1,235.1,604.6,323.2,803.9,383.9,915.7,494.0,emotional_stability_low4_OLFhKCgexRU.000.mp4,1280,720,29.97,459,emotional_stability,low
2,66,right_eye,661.7,243.5,788.3,333.5,987.1,394.4,1145.4,506.8,emotional_stability_low4_OLFhKCgexRU.000.mp4,1280,720,29.97,459,emotional_stability,low
2,66,nose,576.8,301.3,664.0,427.6,881.0,466.7,990.1,624.5,emotional_stability_low4_OLFhKCgexRU.000.mp4,1280,720,29.97,459,emotional_stability,low
2,66,mouth,559.8,452.9,693.4,528.5,859.7,656.2,1026.8,750.7,emotional_stability_low4_OLFhKCgexRU.000.mp4,1280,720,29.97,459,emotional_stability,low
2,66,forehead,511.4,182.7,836.6,485.8,799.2,318.4,1205.8,697.3,emotional_stability_low4_OLFhKCgexRU.000.mp4,1280,720,29.97,459,emotional_stability,low
2,66,chin,514.6,338.0,836.6,586.2,803.3,512.5,1205.8,822.8,emotional_stability_low4_OLFhKCgexRU.000.mp4,1280,720,29.97,459,emotional_stability,low
2,66,left_cheek,502.9,338.4,579.9,477.8,788.6,513.0,884.9,687.3,emotional_stability_low4_OLFhKCgexRU.000.mp4,1280,720,29.97,459,emotional_stability,low
2,66,right_cheek,681.8,359.2,803.6,498.7,1012.2,539.0,1164.5,713.4,emotional_stability_low4_OLFhKCgexRU.000.mp4,1280,720,29.97,459,emotional_stability,low
3,100,left_eye,517.0,234.2,606.6,323.3,806.2,382.8,918.2,494.1,emotional_stability_low4_OLFhKCgexRU.000.mp4,1280,720,29.97,459,emotional_stability,low
3,100,right_eye,663.0,243.4,789.9,333.5,988.8,394.2,1147.4,506.9,emotional_stability_low4_OLFhKCgexRU.000.mp4,1280,720,29.97,459,emotional_stability,low
3,100,nose,579.5,301.2,664.4,427.3,884.4,466.5,990.5,624.1,emotional_stability_low4_OLFhKCgexRU.000.mp4,1280,720,29.97,459,emotional_stability,low
3,100,mouth,564.3,450.4,693.5,532.2,865.4,653.1,1026.8,755.2,emotional_stability_low4_OLFhKCgexRU.000.mp4,1280,720,29.97,459,emotional_stability,low
3,100,forehead,512.5,182.8,839.2,485.8,800.7,318.5,1209.0,697.3,emotional_stability_low4_OLFhKCgexRU.000.mp4,1280,720,29.97,459,emotional_stability,low
3,100,chin,516.0,337.4,838.9,588.5,805.1,511.7,1208.6,825.6,emotional_stability_low4_OLFhKCgexRU.000.mp4,1280,720,29.97,459,emotional_stability,low
3,100,left_cheek,504.5,337.4,581.9,477.2,790.7,511.7,887.4,686.5,emotional_stability_low4_OLFhKCgexRU.000.mp4,1280,720,29.97,459,emotional_stability,low
3,100,right_cheek,682.7,359.2,805.2,498.9,1013.4,539.0,1166.5,713.7,emotional_stability_low4_OLFhKCgexRU.000.mp4,1280,720,29.97,459,emotional_stability,low
4,133,left_eye,517.4,233.7,606.6,323.3,806.7,382.1,918.3,494.1,emotional_stability_low4_OLFhKCgexRU.000.mp4,1280,720,29.97,459,emotional_stability,low
4,133,right_eye,663.1,243.2,790.1,333.6,988.8,394.0,1147.6,507.0,emotional_stability_low4_OLFhKCgexRU.000.mp4,1280,720,29.97,459,emotional_stability,low
4,133,nose,579.3,300.9,664.1,427.2,884.2,466.1,990.1,624.0,emotional_stability_low4_OLFhKCgexRU.000.mp4,1280,720,29.97,459,emotional_stability,low
4,133,mouth,563.2,447.0,693.4,534.3,864.0,648.7,1026.7,757.9,emotional_stability_low4_OLFhKCgexRU.000.mp4,1280,720,29.97,459,emotional_stability,low
4,133,forehead,512.7,182.8,840.9,485.9,800.9,318.5,1211.1,697.3,emotional_stability_low4_OLFhKCgexRU.000.mp4,1280,720,29.97,459,emotional_stability,low
4,133,chin,516.2,336.2,840.4,590.0,805.3,510.3,1210.5,827.4,emotional_stability_low4_OLFhKCgexRU.000.mp4,1280,720,29.97,459,emotional_stability,low
4,133,left_cheek,504.2,336.1,582.0,475.9,790.2,510.1,887.5,684.9,emotional_stability_low4_OLFhKCgexRU.000.mp4,1280,720,29.97,459,emotional_stability,low
4,133,right_cheek,682.7,359.2,805.6,499.2,1013.4,539.0,1167.1,714.0,emotional_stability_low4_OLFhKCgexRU.000.mp4,1280,720,29.97,459,emotional_stability,low
5,166,left_eye,517.3,233.2,606.5,323.3,806.6,381.5,918.1,494.1,emotional_stability_low4_OLFhKCgexRU.000.mp4,1280,720,29.97,459,emotional_stability,low
5,166,right_eye,662.9,243.2,790.0,333.8,988.6,394.0,1147.5,507.2,emotional_stability_low4_OLFhKCgexRU.000.mp4,1280,720,29.97,459,emotional_stability,low
5,166,nose,579.1,300.8,663.1,427.3,883.9,466.0,988.8,624.1,emotional_stability_low4_OLFhKCgexRU.000.mp4,1280,720,29.97,459,emotional_stability,low
5,166,mouth,562.5,447.1,692.3,535.7,863.2,648.8,1025.4,759.7,emotional_stability_low4_OLFhKCgexRU.000.mp4,1280,720,29.97,459,emotional_stability,low
5,166,forehead,512.7,182.6,841.0,486.2,800.9,318.3,1211.2,697.7,emotional_stability_low4_OLFhKCgexRU.000.mp4,1280,720,29.97,459,emotional_stability,low
5,166,chin,516.1,335.7,840.5,591.5,805.2,509.7,1210.6,829.4,emotional_stability_low4_OLFhKCgexRU.000.mp4,1280,720,29.97,459,emotional_stability,low
5,166,left_cheek,503.8,335.7,581.9,475.8,789.8,509.6,887.4,684.7,emotional_stability_low4_OLFhKCgexRU.000.mp4,1280,720,29.97,459,emotional_stability,low
5,166,right_cheek,682.2,359.5,805.6,500.0,1012.7,539.4,1166.9,715.0,emotional_stability_low4_OLFhKCgexRU.000.mp4,1280,720,29.97,459,emotional_stability,low
6,200,left_eye,517.2,232.5,606.4,323.3,806.5,380.6,918.0,494.1,emotional_stability_low4_OLFhKCgexRU.000.mp4,1280,720,29.97,459,emotional_stability,low
6,200,right_eye,662.2,243.0,789.9,334.1,987.7,393.8,1147.4,507.7,emotional_stability_low4_OLFhKCgexRU.000.mp4,1280,720,29.97,459,emotional_stability,low
6,200,nose,578.9,300.6,662.0,428.0,883.6,465.8,987.5,625.0,emotional_stability_low4_OLFhKCgexRU.000.mp4,1280,720,29.97,459,emotional_stability,low
6,200,mouth,562.2,449.8,692.2,534.8,862.8,652.3,1025.3,758.5,emotional_stability_low4_OLFhKCgexRU.000.mp4,1280,720,29.97,459,emotional_stability,low
6,200,forehead,513.0,181.6,841.2,486.5,801.3,317.0,1211.5,698.1,emotional_stability_low4_OLFhKCgexRU.000.mp4,1280,720,29.97,459,emotional_stability,low
6,200,chin,516.8,335.7,840.7,590.8,805.9,509.6,1210.9,828.5,emotional_stability_low4_OLFhKCgexRU.000.mp4,1280,720,29.97,459,emotional_stability,low
6,200,left_cheek,503.8,335.8,581.7,475.9,789.8,509.7,887.1,684.9,emotional_stability_low4_OLFhKCgexRU.000.mp4,1280,720,29.97,459,emotional_stability,low
6,200,right_cheek,681.7,360.2,805.5,500.6,1012.1,540.3,1166.9,715.7,emotional_stability_low4_OLFhKCgexRU.000.mp4,1280,720,29.97,459,emotional_stability,low
7,233,left_eye,517.1,232.5,606.1,323.4,806.4,380.6,917.6,494.2,emotional_stability_low4_OLFhKCgexRU.000.mp4,1280,720,29.97,459,emotional_stability,low
7,233,right_eye,661.2,243.0,789.8,334.2,986.5,393.8,1147.2,507.8,emotional_stability_low4_OLFhKCgexRU.000.mp4,1280,720,29.97,459,emotional_stability,low
7,233,nose,578.2,300.4,661.6,428.3,882.8,465.5,987.0,625.4,emotional_stability_low4_OLFhKCgexRU.000.mp4,1280,720,29.97,459,emotional_stability,low
7,233,mouth,562.0,452.0,692.5,535.2,862.5,655.0,1025.7,759.0,emotional_stability_low4_OLFhKCgexRU.000.mp4,1280,720,29.97,459,emotional_stability,low
7,233,forehead,513.0,181.3,841.5,486.5,801.3,316.6,1211.9,698.1,emotional_stability_low4_OLFhKCgexRU.000.mp4,1280,720,29.97,459,emotional_stability,low
7,233,chin,516.9,335.8,841.1,591.0,806.1,509.7,1211.4,828.8,emotional_stability_low4_OLFhKCgexRU.000.mp4,1280,720,29.97,459,emotional_stability,low
7,233,left_cheek,503.7,335.8,581.2,476.5,789.6,509.7,886.5,685.6,emotional_stability_low4_OLFhKCgexRU.000.mp4,1280,720,29.97,459,emotional_stability,low
7,233,right_cheek,681.5,360.3,805.5,500.7,1011.8,540.4,1166.9,715.9,emotional_stability_low4_OLFhKCgexRU.000.mp4,1280,720,29.97,459,emotional_stability,low
8,266,left_eye,516.5,232.6,605.4,323.8,805.7,380.8,916.7,494.7,emotional_stability_low4_OLFhKCgexRU.000.mp4,1280,720,29.97,459,emotional_stability,low
8,266,right_eye,661.1,243.2,789.7,334.5,986.3,394.0,1147.1,508.1,emotional_stability_low4_OLFhKCgexRU.000.mp4,1280,720,29.97,459,emotional_stability,low
8,266,nose,576.6,300.6,661.9,428.3,880.7,465.8,987.4,625.4,emotional_stability_low4_OLFhKCgexRU.000.mp4,1280,720,29.97,459,emotional_stability,low
8,266,mouth,561.8,451.2,698.5,543.6,862.3,654.0,1033.1,769.5,emotional_stability_low4_OLFhKCgexRU.000.mp4,1280,720,29.97,459,emotional_stability,low
8,266,forehead,512.5,181.6,841.2,486.0,800.6,317.0,1211.5,697.5,emotional_stability_low4_OLFhKCgexRU.000.mp4,1280,720,29.97,459,emotional_stability,low
8,266,chin,516.2,335.9,840.9,595.7,805.2,509.8,1211.1,834.6,emotional_stability_low4_OLFhKCgexRU.000.mp4,1280,720,29.97,459,emotional_stability,low
8,266,left_cheek,503.1,336.0,580.4,476.9,788.9,509.9,885.5,686.1,emotional_stability_low4_OLFhKCgexRU.000.mp4,1280,720,29.97,459,emotional_stability,low
8,266,right_cheek,681.5,360.2,805.5,500.6,1011.9,540.3,1166.9,715.8,emotional_stability_low4_OLFhKCgexRU.000.mp4,1280,720,29.97,459,emotional_stability,low
9,300,left_eye,515.2,232.7,604.9,323.8,804.0,380.9,916.1,494.8,emotional_stability_low4_OLFhKCgexRU.000.mp4,1280,720,29.97,459,emotional_stability,low
9,300,right_eye,661.2,243.6,790.2,335.0,986.5,394.5,1147.8,508.7,emotional_stability_low4_OLFhKCgexRU.000.mp4,1280,720,29.97,459,emotional_stability,low
9,300,nose,576.1,300.3,662.8,428.6,880.1,465.4,988.5,625.7,emotional_stability_low4_OLFhKCgexRU.000.mp4,1280,720,29.97,459,emotional_stability,low
9,300,mouth,561.7,447.8,700.7,544.7,862.1,649.8,1035.9,770.8,emotional_stability_low4_OLFhKCgexRU.000.mp4,1280,720,29.97,459,emotional_stability,low
9,300,forehead,510.7,181.6,841.1,486.1,798.4,317.0,1211.4,697.7,emotional_stability_low4_OLFhKCgexRU.000.mp4,1280,720,29.97,459,emotional_stability,low
9,300,chin,514.0,335.9,840.8,597.9,802.4,509.9,1210.9,837.4,emotional_stability_low4_OLFhKCgexRU.000.mp4,1280,720,29.97,459,emotional_stability,low
9,300,left_cheek,501.9,336.0,579.8,476.9,787.4,510.0,884.7,686.1,emotional_stability_low4_OLFhKCgexRU.000.mp4,1280,720,29.97,459,emotional_stability,low
9,300,right_cheek,681.9,360.2,805.6,500.6,1012.4,540.3,1167.0,715.8,emotional_stability_low4_OLFhKCgexRU.000.mp4,1280,720,29.97,459,emotional_stability,low
10,333,left_eye,515.2,233.1,604.8,324.0,804.0,381.4,916.0,495.0,emotional_stability_low4_OLFhKCgexRU.000.mp4,1280,720,29.97,459,emotional_stability,low
10,333,right_eye,661.2,244.1,790.2,335.5,986.5,395.1,1147.7,509.3,emotional_stability_low4_OLFhKCgexRU.000.mp4,1280,720,29.97,459,emotional_stability,low
10,333,nose,575.9,300.6,662.8,428.7,879.9,465.8,988.5,625.8,emotional_stability_low4_OLFhKCgexRU.000.mp4,1280,720,29.97,459,emotional_stability,low
10,333,mouth,561.5,447.1,699.9,544.4,861.9,648.9,1034.8,770.5,emotional_stability_low4_OLFhKCgexRU.000.mp4,1280,720,29.97,459,emotional_stability,low
10,333,forehead,510.6,181.8,841.0,486.3,798.3,317.2,1211.2,697.8,emotional_stability_low4_OLFhKCgexRU.000.mp4,1280,720,29.97,459,emotional_stability,low
10,333,chin,513.8,336.0,840.6,596.7,802.3,509.9,1210.8,835.8,emotional_stability_low4_OLFhKCgexRU.000.mp4,1280,720,29.97,459,emotional_stability,low
10,333,left_cheek,501.7,336.1,579.6,476.8,787.2,510.1,884.5,686.0,emotional_stability_low4_OLFhKCgexRU.000.mp4,1280,720,29.97,459,emotional_stability,low
10,333,right_cheek,681.9,360.3,805.6,500.6,1012.4,540.3,1167.0,715.7,emotional_stability_low4_OLFhKCgexRU.000.mp4,1280,720,29.97,459,emotional_stability,low
11,367,left_eye,515.4,233.3,604.8,324.3,804.2,381.6,916.0,495.4,emotional_stability_low4_OLFhKCgexRU.000.mp4,1280,720,29.97,459,emotional_stability,low
11,367,right_eye,661.2,244.6,789.8,335.8,986.5,395.8,1147.3,509.8,emotional_stability_low4_OLFhKCgexRU.000.mp4,1280,720,29.97,459,emotional_stability,low
11,367,nose,576.0,301.3,662.4,428.7,879.9,466.6,987.9,625.9,emotional_stability_low4_OLFhKCgexRU.000.mp4,1280,720,29.97,459,emotional_stability,low
11,367,mouth,561.5,446.9,698.2,539.6,861.9,648.6,1032.7,764.5,emotional_stability_low4_OLFhKCgexRU.000.mp4,1280,720,29.97,459,emotional_stability,low
11,367,forehead,511.6,182.4,840.8,486.5,799.5,318.0,1211.0,698.1,emotional_stability_low4_OLFhKCgexRU.000.mp4,1280,720,29.97,459,emotional_stability,low
11,367,chin,514.7,336.0,840.4,595.9,803.4,510.0,1210.5,834.9,emotional_stability_low4_OLFhKCgexRU.000.mp4,1280,720,29.97,459,emotional_stability,low
11,367,left_cheek,501.8,336.1,579.6,476.4,787.2,510.1,884.5,685.5,emotional_stability_low4_OLFhKCgexRU.000.mp4,1280,720,29.97,459,emotional_stability,low
11,367,right_cheek,681.5,360.3,805.2,500.5,1011.9,540.4,1166.5,715.6,emotional_stability_low4_OLFhKCgexRU.000.mp4,1280,720,29.97,459,emotional_stability,low
12,400,left_eye,515.4,233.4,604.8,324.6,804.2,381.7,916.0,495.7,emotional_stability_low4_OLFhKCgexRU.000.mp4,1280,720,29.97,459,emotional_stability,low
12,400,right_eye,661.2,244.7,789.6,336.0,986.5,395.9,1146.9,510.0,emotional_stability_low4_OLFhKCgexRU.000.mp4,1280,720,29.97,459,emotional_stability,low
12,400,nose,576.6,301.4,661.7,428.9,880.8,466.8,987.1,626.2,emotional_stability_low4_OLFhKCgexRU.000.mp4,1280,720,29.97,459,emotional_stability,low
12,400,mouth,562.0,447.9,697.1,534.4,862.5,649.9,1031.4,758.0,emotional_stability_low4_OLFhKCgexRU.000.mp4,1280,720,29.97,459,emotional_stability,low
12,400,forehead,511.4,182.7,840.5,486.5,799.3,318.3,1210.6,698.1,emotional_stability_low4_OLFhKCgexRU.000.mp4,1280,720,29.97,459,emotional_stability,low
12,400,chin,514.7,336.7,840.0,592.2,803.4,510.9,1210.0,830.2,emotional_stability_low4_OLFhKCgexRU.000.mp4,1280,720,29.97,459,emotional_stability,low
12,400,left_cheek,501.9,336.6,579.8,476.5,787.4,510.7,884.8,685.7,emotional_stability_low4_OLFhKCgexRU.000.mp4,1280,720,29.97,459,emotional_stability,low
12,400,right_cheek,681.3,360.4,804.9,500.3,1011.6,540.5,1166.2,715.4,emotional_stability_low4_OLFhKCgexRU.000.mp4,1280,720,29.97,459,emotional_stability,low
13,433,left_eye,515.4,233.5,604.7,324.9,804.2,381.8,915.9,496.1,emotional_stability_low4_OLFhKCgexRU.000.mp4,1280,720,29.97,459,emotional_stability,low
13,433,right_eye,661.1,244.7,789.4,336.0,986.3,395.9,1146.7,510.1,emotional_stability_low4_OLFhKCgexRU.000.mp4,1280,720,29.97,459,emotional_stability,low
13,433,nose,576.9,301.5,660.8,429.0,881.1,466.8,986.0,626.3,emotional_stability_low4_OLFhKCgexRU.000.mp4,1280,720,29.97,459,emotional_stability,low
13,433,mouth,562.2,449.6,694.3,533.2,862.8,652.0,1027.9,756.5,emotional_stability_low4_OLFhKCgexRU.000.mp4,1280,720,29.97,459,emotional_stability,low
13,433,forehead,511.4,182.8,840.4,486.6,799.3,318.5,1210.5,698.2,emotional_stability_low4_OLFhKCgexRU.000.mp4,1280,720,29.97,459,emotional_stability,low
13,433,chin,515.1,337.3,839.9,591.0,803.8,511.7,1209.9,828.8,emotional_stability_low4_OLFhKCgexRU.000.mp4,1280,720,29.97,459,emotional_stability,low
13,433,left_cheek,502.3,337.1,579.9,476.9,787.9,511.4,884.8,686.1,emotional_stability_low4_OLFhKCgexRU.000.mp4,1280,720,29.97,459,emotional_stability,low
13,433,right_cheek,680.9,360.6,804.8,500.3,1011.1,540.8,1166.1,715.4,emotional_stability_low4_OLFhKCgexRU.000.mp4,1280,720,29.97,459,emotional_stability,low
14,467,left_eye,515.3,233.5,604.7,324.9,804.2,381.9,915.8,496.2,emotional_stability_low4_OLFhKCgexRU.000.mp4,1280,720,29.97,459,emotional_stability,low
14,467,right_eye,660.8,244.7,789.3,336.0,986.1,395.8,1146.6,510.1,emotional_stability_low4_OLFhKCgexRU.000.mp4,1280,720,29.97,459,emotional_stability,low
14,467,nose,577.2,301.4,660.3,429.2,881.5,466.8,985.4,626.5,emotional_stability_low4_OLFhKCgexRU.000.mp4,1280,720,29.97,459,emotional_stability,low
14,467,mouth,562.2,452.2,694.1,532.2,862.7,655.3,1027.6,755.3,emotional_stability_low4_OLFhKCgexRU.000.mp4,1280,720,29.97,459,emotional_stability,low
14,467,forehead,511.3,182.7,840.4,485.9,799.2,318.4,1210.5,697.4,emotional_stability_low4_OLFhKCgexRU.000.mp4,1280,720,29.97,459,emotional_stability,low
14,467,chin,515.0,337.3,839.9,589.4,803.8,511.6,1209.9,826.7,emotional_stability_low4_OLFhKCgexRU.000.mp4,1280,720,29.97,459,emotional_stability,low
14,467,left_cheek,502.4,337.2,579.9,476.9,788.0,511.5,884.9,686.2,emotional_stability_low4_OLFhKCgexRU.000.mp4,1280,720,29.97,459,emotional_stability,low
14,467,right_cheek,680.7,360.7,804.8,500.2,1010.8,540.8,1166.0,715.2,emotional_stability_low4_OLFhKCgexRU.000.mp4,1280,720,29.97,459,emotional_stability,low
15,500,left_eye,515.2,233.9,604.5,325.2,804.0,382.4,915.6,496.5,emotional_stability_low4_OLFhKCgexRU.000.mp4,1280,720,29.97,459,emotional_stability,low
15,500,right_eye,660.5,244.6,788.9,336.0,985.6,395.8,1146.1,510.0,emotional_stability_low4_OLFhKCgexRU.000.mp4,1280,720,29.97,459,emotional_stability,low
15,500,nose,577.2,301.4,660.8,429.9,881.5,466.8,986.0,627.4,emotional_stability_low4_OLFhKCgexRU.000.mp4,1280,720,29.97,459,emotional_stability,low
15,500,mouth,559.4,454.5,694.9,526.9,859.3,658.2,1028.6,748.7,emotional_stability_low4_OLFhKCgexRU.000.mp4,1280,720,29.97,459,emotional_stability,low
15,500,forehead,511.2,182.7,839.9,483.1,798.9,318.4,1209.9,693.9,emotional_stability_low4_OLFhKCgexRU.000.mp4,1280,720,29.97,459,emotional_stability,low
15,500,chin,514.8,337.1,839.6,583.6,803.5,511.4,1209.5,819.5,emotional_stability_low4_OLFhKCgexRU.000.mp4,1280,720,29.97,459,emotional_stability,low
15,500,left_cheek,502.4,337.5,579.9,476.9,788.0,511.9,884.8,686.2,emotional_stability_low4_OLFhKCgexRU.000.mp4,1280,720,29.97,459,emotional_stability,low
15,500,right_cheek,680.7,360.4,804.7,499.0,1010.9,540.5,1165.9,713.8,emotional_stability_low4_OLFhKCgexRU.000.mp4,1280,720,29.97,459,emotional_stability,low
16,533,left_eye,514.9,234.0,604.5,325.3,803.6,382.5,915.6,496.6,emotional_stability_low4_OLFhKCgexRU.000.mp4,1280,720,29.97,459,emotional_stability,low
16,533,right_eye,660.5,244.6,788.7,336.0,985.6,395.8,1145.9,510.0,emotional_stability_low4_OLFhKCgexRU.000.mp4,1280,720,29.97,459,emotional_stability,low
16,533,nose,577.1,301.4,661.9,430.3,881.4,466.7,987.4,627.9,emotional_stability_low4_OLFhKCgexRU.000.mp4,1280,720,29.97,459,emotional_stability,low
16,533,mouth,558.4,454.5,695.3,526.4,858.0,658.1,1029.1,748.0,emotional_stability_low4_OLFhKCgexRU.000.mp4,1280,720,29.97,459,emotional_stability,low
16,533,forehead,509.8,182.6,838.8,482.5,797.3,318.2,1208.5,693.1,emotional_stability_low4_OLFhKCgexRU.000.mp4,1280,720,29.97,459,emotional_stability,low
16,533,chin,513.2,336.7,838.1,582.6,801.5,510.9,1207.6,818.2,emotional_stability_low4_OLFhKCgexRU.000.mp4,1280,720,29.97,459,emotional_stability,low
16,533,left_cheek,502.4,337.5,579.8,476.9,788.0,511.9,884.8,686.1,emotional_stability_low4_OLFhKCgexRU.000.mp4,1280,720,29.97,459,emotional_stability,low
16,533,right_cheek,680.8,360.3,804.3,498.7,1011.1,540.4,1165.3,713.3,emotional_stability_low4_OLFhKCgexRU.000.mp4,1280,720,29.97,459,emotional_stability,low
17,567,left_eye,514.4,234.1,604.4,325.4,803.0,382.6,915.5,496.7,emotional_stability_low4_OLFhKCgexRU.000.mp4,1280,720,29.97,459,emotional_stability,low
17,567,right_eye,660.5,244.6,788.6,336.1,985.6,395.8,1145.7,510.1,emotional_stability_low4_OLFhKCgexRU.000.mp4,1280,720,29.97,459,emotional_stability,low
17,567,nose,577.2,301.3,662.9,430.3,881.5,466.7,988.6,627.8,emotional_stability_low4_OLFhKCgexRU.000.mp4,1280,720,29.97,459,emotional_stability,low
17,567,mouth,558.4,454.5,695.4,527.1,858.0,658.1,1029.3,748.8,emotional_stability_low4_OLFhKCgexRU.000.mp4,1280,720,29.97,459,emotional_stability,low
17,567,forehead,508.6,182.6,838.3,482.3,795.8,318.2,1207.9,692.9,emotional_stability_low4_OLFhKCgexRU.000.mp4,1280,720,29.97,459,emotional_stability,low
17,567,chin,512.1,336.3,837.7,582.9,800.2,510.4,1207.1,818.6,emotional_stability_low4_OLFhKCgexRU.000.mp4,1280,720,29.97,459,emotional_stability,low
17,567,left_cheek,502.3,337.5,579.8,476.9,787.9,511.9,884.8,686.1,emotional_stability_low4_OLFhKCgexRU.000.mp4,1280,720,29.97,459,emotional_stability,low
17,567,right_cheek,681.1,360.3,804.2,498.5,1011.4,540.4,1165.3,713.2,emotional_stability_low4_OLFhKCgexRU.000.mp4,1280,720,29.97,459,emotional_stability,low
18,600,left_eye,514.4,234.5,604.7,325.5,803.0,383.2,915.9,496.9,emotional_stability_low4_OLFhKCgexRU.000.mp4,1280,720,29.97,459,emotional_stability,low
18,600,right_eye,660.5,244.7,788.5,336.1,985.6,395.8,1145.6,510.1,emotional_stability_low4_OLFhKCgexRU.000.mp4,1280,720,29.97,459,emotional_stability,low
18,600,nose,577.5,301.6,663.2,429.9,881.9,467.1,989.0,627.4,emotional_stability_low4_OLFhKCgexRU.000.mp4,1280,720,29.97,459,emotional_stability,low
18,600,mouth,562.4,454.3,695.2,531.8,863.1,657.9,1029.0,754.8,emotional_stability_low4_OLFhKCgexRU.000.mp4,1280,720,29.97,459,emotional_stability,low
18,600,forehead,508.6,183.6,838.1,482.5,795.7,319.5,1207.7,693.2,emotional_stability_low4_OLFhKCgexRU.000.mp4,1280,720,29.97,459,emotional_stability,low
18,600,chin,512.1,336.3,837.7,586.2,800.2,510.4,1207.1,822.7,emotional_stability_low4_OLFhKCgexRU.000.mp4,1280,720,29.97,459,emotional_stability,low
18,600,left_cheek,502.6,337.7,580.0,477.3,788.2,512.1,885.0,686.6,emotional_stability_low4_OLFhKCgexRU.000.mp4,1280,720,29.97,459,emotional_stability,low
18,600,right_cheek,681.2,360.3,804.2,498.7,1011.5,540.4,1165.3,713.4,emotional_stability_low4_OLFhKCgexRU.000.mp4,1280,720,29.97,459,emotional_stability,low
19,633,left_eye,515.8,235.3,605.5,325.6,804.7,384.1,916.8,497.0,emotional_stability_low4_OLFhKCgexRU.000.mp4,1280,720,29.97,459,emotional_stability,low
19,633,right_eye,661.5,244.7,789.2,336.1,986.8,395.9,1146.5,510.1,emotional_stability_low4_OLFhKCgexRU.000.mp4,1280,720,29.97,459,emotional_stability,low
19,633,nose,577.8,302.2,663.2,429.4,882.3,467.7,989.0,626.7,emotional_stability_low4_OLFhKCgexRU.000.mp4,1280,720,29.97,459,emotional_stability,low
19,633,mouth,566.2,452.6,696.4,539.8,867.7,655.8,1030.4,764.8,emotional_stability_low4_OLFhKCgexRU.000.mp4,1280,720,29.97,459,emotional_stability,low
19,633,forehead,511.3,184.6,838.2,482.7,799.2,320.8,1207.8,693.3,emotional_stability_low4_OLFhKCgexRU.000.mp4,1280,720,29.97,459,emotional_stability,low
19,633,chin,514.8,336.3,837.8,589.9,803.6,510.4,1207.3,827.4,emotional_stability_low4_OLFhKCgexRU.000.mp4,1280,720,29.97,459,emotional_stability,low
19,633,left_cheek,503.4,337.7,580.6,477.4,789.3,512.1,885.7,686.7,emotional_stability_low4_OLFhKCgexRU.000.mp4,1280,720,29.97,459,emotional_stability,low
19,633,right_cheek,681.6,360.2,804.4,499.0,1012.0,540.3,1165.5,713.8,emotional_stability_low4_OLFhKCgexRU.000.mp4,1280,720,29.97,459,emotional_stability,low
20,667,left_eye,515.6,235.5,605.5,325.7,804.5,384.4,916.9,497.1,emotional_stability_low4_OLFhKCgexRU.000.mp4,1280,720,29.97,459,emotional_stability,low
20,667,right_eye,661.8,244.7,789.8,336.0,987.3,395.8,1147.2,510.0,emotional_stability_low4_OLFhKCgexRU.000.mp4,1280,720,29.97,459,emotional_stability,low
20,667,nose,577.8,302.2,664.6,429.4,882.3,467.7,990.7,626.7,emotional_stability_low4_OLFhKCgexRU.000.mp4,1280,720,29.97,459,emotional_stability,low
20,667,mouth,566.0,449.4,699.4,544.7,867.5,651.7,1034.3,770.9,emotional_stability_low4_OLFhKCgexRU.000.mp4,1280,720,29.97,459,emotional_stability,low
20,667,forehead,510.5,184.7,838.7,482.6,798.1,320.9,1208.3,693.2,emotional_stability_low4_OLFhKCgexRU.000.mp4,1280,720,29.97,459,emotional_stability,low
20,667,chin,514.1,336.4,838.2,594.6,802.6,510.5,1207.7,833.3,emotional_stability_low4_OLFhKCgexRU.000.mp4,1280,720,29.97,459,emotional_stability,low
20,667,left_cheek,503.1,337.7,580.7,477.5,788.9,512.2,885.8,686.9,emotional_stability_low4_OLFhKCgexRU.000.mp4,1280,720,29.97,459,emotional_stability,low
20,667,right_cheek,682.8,359.8,805.1,499.0,1013.4,539.7,1166.4,713.7,emotional_stability_low4_OLFhKCgexRU.000.mp4,1280,720,29.97,459,emotional_stability,low
21,700,left_eye,515.8,235.8,605.9,325.6,804.7,384.8,917.4,497.1,emotional_stability_low4_OLFhKCgexRU.000.mp4,1280,720,29.97,459,emotional_stability,low
21,700,right_eye,663.1,244.4,791.2,335.7,988.9,395.5,1149.0,509.7,emotional_stability_low4_OLFhKCgexRU.000.mp4,1280,720,29.97,459,emotional_stability,low
21,700,nose,578.5,302.1,666.2,429.3,883.1,467.6,992.7,626.6,emotional_stability_low4_OLFhKCgexRU.000.mp4,1280,720,29.97,459,emotional_stability,low
21,700,mouth,566.2,446.5,703.7,542.1,867.7,648.1,1039.6,767.7,emotional_stability_low4_OLFhKCgexRU.000.mp4,1280,720,29.97,459,emotional_stability,low
21,700,forehead,510.4,184.4,839.5,482.6,798.0,320.5,1209.4,693.3,emotional_stability_low4_OLFhKCgexRU.000.mp4,1280,720,29.97,459,emotional_stability,low
21,700,chin,513.8,336.5,838.9,594.4,802.2,510.6,1208.7,833.0,emotional_stability_low4_OLFhKCgexRU.000.mp4,1280,720,29.97,459,emotional_stability,low
21,700,left_cheek,502.9,337.7,581.2,477.4,788.7,512.2,886.5,686.8,emotional_stability_low4_OLFhKCgexRU.000.mp4,1280,720,29.97,459,emotional_stability,low
21,700,right_cheek,684.4,358.6,806.4,498.2,1015.5,538.3,1167.9,712.8,emotional_stability_low4_OLFhKCgexRU.000.mp4,1280,720,29.97,459,emotional_stability,low
22,734,left_eye,515.8,235.9,606.2,325.6,804.7,384.8,917.7,497.0,emotional_stability_low4_OLFhKCgexRU.000.mp4,1280,720,29.97,459,emotional_stability,low
22,734,right_eye,664.1,243.0,792.7,334.7,990.2,393.8,1150.9,508.4,emotional_stability_low4_OLFhKCgexRU.000.mp4,1280,720,29.97,459,emotional_stability,low
22,734,nose,578.9,301.2,667.9,428.4,883.6,466.5,994.9,625.5,emotional_stability_low4_OLFhKCgexRU.000.mp4,1280,720,29.97,459,emotional_stability,low
22,734,mouth,565.9,443.7,708.7,541.6,867.3,644.6,1045.9,766.9,emotional_stability_low4_OLFhKCgexRU.000.mp4,1280,720,29.97,459,emotional_stability,low
22,734,forehead,509.9,183.9,840.8,482.4,797.4,319.8,1210.9,693.0,emotional_stability_low4_OLFhKCgexRU.000.mp4,1280,720,29.97,459,emotional_stability,low
22,734,chin,513.0,337.0,840.1,593.9,801.3,511.2,1210.1,832.3,emotional_stability_low4_OLFhKCgexRU.000.mp4,1280,720,29.97,459,emotional_stability,low
22,734,left_cheek,502.3,337.7,581.5,477.0,787.9,512.2,886.9,686.2,emotional_stability_low4_OLFhKCgexRU.000.mp4,1280,720,29.97,459,emotional_stability,low
22,734,right_cheek,685.8,356.4,807.6,496.0,1017.2,535.5,1169.5,710.0,emotional_stability_low4_OLFhKCgexRU.000.mp4,1280,720,29.97,459,emotional_stability,low
23,767,left_eye,516.0,235.7,606.3,324.9,804.9,384.6,917.9,496.2,emotional_stability_low4_OLFhKCgexRU.000.mp4,1280,720,29.97,459,emotional_stability,low
23,767,right_eye,664.7,241.3,793.7,333.3,990.9,391.6,1152.1,506.7,emotional_stability_low4_OLFhKCgexRU.000.mp4,1280,720,29.97,459,emotional_stability,low
23,767,nose,578.9,300.0,668.8,427.8,883.7,465.0,995.9,624.8,emotional_stability_low4_OLFhKCgexRU.000.mp4,1280,720,29.97,459,emotional_stability,low
23,767,mouth,565.7,441.8,713.3,540.5,867.1,642.3,1051.6,765.6,emotional_stability_low4_OLFhKCgexRU.000.mp4,1280,720,29.97,459,emotional_stability,low
23,767,forehead,509.7,182.7,842.5,482.0,797.2,318.3,1213.1,692.5,emotional_stability_low4_OLFhKCgexRU.000.mp4,1280,720,29.97,459,emotional_stability,low
23,767,chin,512.8,336.9,841.7,593.7,801.0,511.2,1212.1,832.1,emotional_stability_low4_OLFhKCgexRU.000.mp4,1280,720,29.97,459,emotional_stability,low
23,767,left_cheek,501.7,337.2,581.7,475.8,787.2,511.5,887.1,684.7,emotional_stability_low4_OLFhKCgexRU.000.mp4,1280,720,29.97,459,emotional_stability,low
23,767,right_cheek,686.6,354.5,808.6,494.5,1018.3,533.1,1170.7,708.2,emotional_stability_low4_OLFhKCgexRU.000.mp4,1280,720,29.97,459,emotional_stability,low
24,800,left_eye,515.9,235.2,606.3,324.5,804.9,384.0,917.9,495.7,emotional_stability_low4_OLFhKCgexRU.000.mp4,1280,720,29.97,459,emotional_stability,low
24,800,right_eye,665.2,239.5,794.7,332.1,991.5,389.4,1153.3,505.1,emotional_stability_low4_OLFhKCgexRU.000.mp4,1280,720,29.97,459,emotional_stability,low
24,800,nose,578.7,298.4,669.7,427.6,883.4,463.0,997.1,624.5,emotional_stability_low4_OLFhKCgexRU.000.mp4,1280,720,29.97,459,emotional_stability,low
24,800,mouth,564.9,440.9,719.0,545.5,866.2,641.1,1058.8,771.9,emotional_stability_low4_OLFhKCgexRU.000.mp4,1280,720,29.97,459,emotional_stability,low
24,800,forehead,509.0,181.2,843.3,481.7,796.2,316.5,1214.1,692.2,emotional_stability_low4_OLFhKCgexRU.000.mp4,1280,720,29.97,459,emotional_stability,low
24,800,chin,511.8,337.0,842.3,596.4,799.8,511.2,1212.8,835.5,emotional_stability_low4_OLFhKCgexRU.000.mp4,1280,720,29.97,459,emotional_stability,low
24,800,left_cheek,500.7,337.0,581.7,475.6,785.8,511.2,887.1,684.5,emotional_stability_low4_OLFhKCgexRU.000.mp4,1280,720,29.97,459,emotional_stability,low
24,800,right_cheek,687.4,353.3,809.1,493.7,1019.2,531.6,1171.4,707.1,emotional_stability_low4_OLFhKCgexRU.000.mp4,1280,720,29.97,459,emotional_stability,low
25,834,left_eye,515.9,234.5,606.3,323.4,804.9,383.1,917.9,494.3,emotional_stability_low4_OLFhKCgexRU.000.mp4,1280,720,29.97,459,emotional_stability,low
25,834,right_eye,665.5,238.9,795.2,331.2,991.9,388.7,1154.0,504.0,emotional_stability_low4_OLFhKCgexRU.000.mp4,1280,720,29.97,459,emotional_stability,low
25,834,nose,578.2,297.1,669.8,427.4,882.7,461.4,997.3,624.2,emotional_stability_low4_OLFhKCgexRU.000.mp4,1280,720,29.97,459,emotional_stability,low
25,834,mouth,564.0,441.3,721.2,548.6,865.0,641.6,1061.5,775.7,emotional_stability_low4_OLFhKCgexRU.000.mp4,1280,720,29.97,459,emotional_stability,low
25,834,forehead,508.1,179.1,843.9,481.7,795.1,313.9,1214.9,692.1,emotional_stability_low4_OLFhKCgexRU.000.mp4,1280,720,29.97,459,emotional_stability,low
25,834,chin,510.9,336.7,842.6,598.3,798.7,510.9,1213.3,837.8,emotional_stability_low4_OLFhKCgexRU.000.mp4,1280,720,29.97,459,emotional_stability,low
25,834,left_cheek,499.4,336.1,581.6,475.1,784.2,510.1,887.0,683.9,emotional_stability_low4_OLFhKCgexRU.000.mp4,1280,720,29.97,459,emotional_stability,low
25,834,right_cheek,687.6,352.6,809.4,493.6,1019.5,530.7,1171.7,707.0,emotional_stability_low4_OLFhKCgexRU.000.mp4,1280,720,29.97,459,emotional_stability,low
26,867,left_eye,515.8,234.5,606.3,323.3,804.7,383.1,917.9,494.1,emotional_stability_low4_OLFhKCgexRU.000.mp4,1280,720,29.97,459,emotional_stability,low
26,867,right_eye,665.4,238.9,795.1,331.0,991.8,388.6,1153.9,503.7,emotional_stability_low4_OLFhKCgexRU.000.mp4,1280,720,29.97,459,emotional_stability,low
26,867,nose,577.2,296.9,669.7,427.3,881.5,461.1,997.1,624.1,emotional_stability_low4_OLFhKCgexRU.000.mp4,1280,720,29.97,459,emotional_stability,low
26,867,mouth,562.7,441.3,721.4,549.7,863.4,641.7,1061.7,777.1,emotional_stability_low4_OLFhKCgexRU.000.mp4,1280,720,29.97,459,emotional_stability,low
26,867,forehead,507.8,179.0,843.9,481.7,794.7,313.7,1214.8,692.1,emotional_stability_low4_OLFhKCgexRU.000.mp4,1280,720,29.97,459,emotional_stability,low
26,867,chin,510.6,336.8,842.6,598.6,798.3,511.0,1213.2,838.2,emotional_stability_low4_OLFhKCgexRU.000.mp4,1280,720,29.97,459,emotional_stability,low
26,867,left_cheek,498.4,336.0,581.1,474.9,783.1,510.0,886.4,683.7,emotional_stability_low4_OLFhKCgexRU.000.mp4,1280,720,29.97,459,emotional_stability,low
26,867,right_cheek,687.5,352.3,809.3,493.5,1019.3,530.4,1171.7,706.9,emotional_stability_low4_OLFhKCgexRU.000.mp4,1280,720,29.97,459,emotional_stability,low
27,900,left_eye,515.4,234.5,606.1,323.3,804.2,383.1,917.6,494.1,emotional_stability_low4_OLFhKCgexRU.000.mp4,1280,720,29.97,459,emotional_stability,low
27,900,right_eye,665.4,238.9,795.0,331.0,991.7,388.6,1153.7,503.8,emotional_stability_low4_OLFhKCgexRU.000.mp4,1280,720,29.97,459,emotional_stability,low
27,900,nose,576.7,296.8,669.6,427.3,880.8,461.0,997.0,624.1,emotional_stability_low4_OLFhKCgexRU.000.mp4,1280,720,29.97,459,emotional_stability,low
27,900,mouth,561.5,441.1,721.2,548.6,861.8,641.4,1061.5,775.7,emotional_stability_low4_OLFhKCgexRU.000.mp4,1280,720,29.97,459,emotional_stability,low
27,900,forehead,506.5,178.7,843.9,481.8,793.1,313.3,1214.8,692.3,emotional_stability_low4_OLFhKCgexRU.000.mp4,1280,720,29.97,459,emotional_stability,low
27,900,chin,509.2,336.9,842.6,598.5,796.5,511.1,1213.2,838.2,emotional_stability_low4_OLFhKCgexRU.000.mp4,1280,720,29.97,459,emotional_stability,low
27,900,left_cheek,497.0,336.0,580.7,474.8,781.3,510.0,885.8,683.5,emotional_stability_low4_OLFhKCgexRU.000.mp4,1280,720,29.97,459,emotional_stability,low
27,900,right_cheek,687.4,352.3,809.3,493.5,1019.2,530.3,1171.6,706.8,emotional_stability_low4_OLFhKCgexRU.000.mp4,1280,720,29.97,459,emotional_stability,low
28,934,left_eye,515.3,235.0,605.7,323.4,804.2,383.8,917.1,494.2,emotional_stability_low4_OLFhKCgexRU.000.mp4,1280,720,29.97,459,emotional_stability,low
28,934,right_eye,665.1,239.1,794.9,331.1,991.3,388.9,1153.6,503.9,emotional_stability_low4_OLFhKCgexRU.000.mp4,1280,720,29.97,459,emotional_stability,low
28,934,nose,575.9,296.9,669.4,427.5,879.8,461.2,996.8,624.4,emotional_stability_low4_OLFhKCgexRU.000.mp4,1280,720,29.97,459,emotional_stability,low
28,934,mouth,559.9,440.3,719.5,542.4,859.9,640.4,1059.4,768.0,emotional_stability_low4_OLFhKCgexRU.000.mp4,1280,720,29.97,459,emotional_stability,low
28,934,forehead,506.6,178.8,843.8,481.9,793.2,313.5,1214.8,692.3,emotional_stability_low4_OLFhKCgexRU.000.mp4,1280,720,29.97,459,emotional_stability,low
28,934,chin,509.2,336.9,842.6,598.1,796.5,511.1,1213.2,837.7,emotional_stability_low4_OLFhKCgexRU.000.mp4,1280,720,29.97,459,emotional_stability,low
28,934,left_cheek,496.3,335.9,580.2,473.7,780.4,509.9,885.2,682.1,emotional_stability_low4_OLFhKCgexRU.000.mp4,1280,720,29.97,459,emotional_stability,low
28,934,right_cheek,687.3,352.2,809.2,493.0,1019.1,530.2,1171.5,706.2,emotional_stability_low4_OLFhKCgexRU.000.mp4,1280,720,29.97,459,emotional_stability,low
29,967,left_eye,515.3,236.2,605.6,323.4,804.1,385.2,917.0,494.3,emotional_stability_low4_OLFhKCgexRU.000.mp4,1280,720,29.97,459,emotional_stability,low
29,967,right_eye,664.4,239.1,794.6,331.2,990.5,388.9,1153.2,504.0,emotional_stability_low4_OLFhKCgexRU.000.mp4,1280,720,29.97,459,emotional_stability,low
29,967,nose,575.9,297.0,669.3,427.6,879.9,461.3,996.6,624.6,emotional_stability_low4_OLFhKCgexRU.000.mp4,1280,720,29.97,459,emotional_stability,low
29,967,mouth,558.5,439.6,718.9,532.9,858.1,639.5,1058.6,756.2,emotional_stability_low4_OLFhKCgexRU.000.mp4,1280,720,29.97,459,emotional_stability,low
29,967,forehead,506.6,178.9,843.8,481.9,793.3,313.7,1214.7,692.4,emotional_stability_low4_OLFhKCgexRU.000.mp4,1280,720,29.97,459,emotional_stability,low
29,967,chin,509.1,336.9,842.5,593.5,796.4,511.1,1213.2,831.8,emotional_stability_low4_OLFhKCgexRU.000.mp4,1280,720,29.97,459,emotional_stability,low
29,967,left_cheek,496.1,335.9,580.1,472.2,780.2,509.8,885.1,680.3,emotional_stability_low4_OLFhKCgexRU.000.mp4,1280,720,29.97,459,emotional_stability,low
29,967,right_cheek,687.1,352.0,809.2,492.0,1018.8,530.0,1171.5,704.9,emotional_stability_low4_OLFhKCgexRU.000.mp4,1280,720,29.97,459,emotional_stability,low
30,1001,left_eye,515.6,237.4,605.5,323.7,804.5,386.8,916.9,494.6,emotional_stability_low4_OLFhKCgexRU.000.mp4,1280,720,29.97,459,emotional_stability,low
30,1001,right_eye,663.5,239.8,793.7,331.4,989.4,389.8,1152.1,504.3,emotional_stability_low4_OLFhKCgexRU.000.mp4,1280,720,29.97,459,emotional_stability,low
30,1001,nose,575.9,297.2,668.8,427.8,879.9,461.5,996.1,624.8,emotional_stability_low4_OLFhKCgexRU.000.mp4,1280,720,29.97,459,emotional_stability,low
30,1001,mouth,558.4,438.9,719.3,529.5,858.0,638.7,1059.2,751.9,emotional_stability_low4_OLFhKCgexRU.000.mp4,1280,720,29.97,459,emotional_stability,low
30,1001,forehead,507.6,179.5,843.8,481.9,794.5,314.3,1214.7,692.4,emotional_stability_low4_OLFhKCgexRU.000.mp4,1280,720,29.97,459,emotional_stability,low
30,1001,chin,509.6,337.7,842.5,589.1,797.0,512.1,1213.1,826.4,emotional_stability_low4_OLFhKCgexRU.000.mp4,1280,720,29.97,459,emotional_stability,low
30,1001,left_cheek,496.3,336.0,580.0,471.4,780.4,510.0,885.0,679.2,emotional_stability_low4_OLFhKCgexRU.000.mp4,1280,720,29.97,459,emotional_stability,low
30,1001,right_cheek,686.5,352.1,808.8,491.0,1018.1,530.1,1171.0,703.7,emotional_stability_low4_OLFhKCgexRU.000.mp4,1280,720,29.97,459,emotional_stability,low
31,1034,left_eye,515.7,237.6,605.5,323.8,804.7,387.0,916.9,494.7,emotional_stability_low4_OLFhKCgexRU.000.mp4,1280,720,29.97,459,emotional_stability,low
31,1034,right_eye,663.0,240.3,792.6,331.6,988.8,390.3,1150.7,504.4,emotional_stability_low4_OLFhKCgexRU.000.mp4,1280,720,29.97,459,emotional_stability,low
31,1034,nose,575.9,297.6,668.4,427.8,879.9,462.0,995.5,624.8,emotional_stability_low4_OLFhKCgexRU.000.mp4,1280,720,29.97,459,emotional_stability,low
31,1034,mouth,558.3,439.3,718.9,528.1,857.9,639.1,1058.6,750.1,emotional_stability_low4_OLFhKCgexRU.000.mp4,1280,720,29.97,459,emotional_stability,low
31,1034,forehead,508.5,180.3,843.2,482.0,795.6,315.3,1214.0,692.5,emotional_stability_low4_OLFhKCgexRU.000.mp4,1280,720,29.97,459,emotional_stability,low
31,1034,chin,510.5,337.8,842.2,587.0,798.2,512.3,1212.7,823.8,emotional_stability_low4_OLFhKCgexRU.000.mp4,1280,720,29.97,459,emotional_stability,low
31,1034,left_cheek,496.5,336.0,580.0,470.9,780.6,510.0,885.0,678.6,emotional_stability_low4_OLFhKCgexRU.000.mp4,1280,720,29.97,459,emotional_stability,low
31,1034,right_cheek,686.0,352.2,808.2,490.6,1017.4,530.2,1170.3,703.2,emotional_stability_low4_OLFhKCgexRU.000.mp4,1280,720,29.97,459,emotional_stability,low
32,1067,left_eye,515.6,237.7,605.1,323.8,804.5,387.2,916.4,494.8,emotional_stability_low4_OLFhKCgexRU.000.mp4,1280,720,29.97,459,emotional_stability,low
32,1067,right_eye,661.9,240.4,791.0,331.6,987.4,390.5,1148.7,504.5,emotional_stability_low4_OLFhKCgexRU.000.mp4,1280,720,29.97,459,emotional_stability,low
32,1067,nose,575.6,297.6,667.2,427.7,879.5,462.0,994.1,624.6,emotional_stability_low4_OLFhKCgexRU.000.mp4,1280,720,29.97,459,emotional_stability,low
32,1067,mouth,558.3,439.0,718.6,527.6,857.8,638.8,1058.3,749.4,emotional_stability_low4_OLFhKCgexRU.000.mp4,1280,720,29.97,459,emotional_stability,low
32,1067,forehead,508.5,180.7,841.6,481.3,795.6,315.9,1212.0,691.7,emotional_stability_low4_OLFhKCgexRU.000.mp4,1280,720,29.97,459,emotional_stability,low
32,1067,chin,510.9,337.9,840.8,585.5,798.6,512.4,1211.0,821.9,emotional_stability_low4_OLFhKCgexRU.000.mp4,1280,720,29.97,459,emotional_stability,low
32,1067,left_cheek,496.6,336.0,579.7,470.1,780.7,510.0,884.6,677.6,emotional_stability_low4_OLFhKCgexRU.000.mp4,1280,720,29.97,459,emotional_stability,low
32,1067,right_cheek,684.7,352.0,806.8,489.5,1015.9,530.1,1168.5,701.8,emotional_stability_low4_OLFhKCgexRU.000.mp4,1280,720,29.97,459,emotional_stability,low
33,1101,left_eye,515.5,237.9,604.8,323.9,804.4,387.3,916.1,494.9,emotional_stability_low4_OLFhKCgexRU.000.mp4,1280,720,29.97,459,emotional_stability,low
33,1101,right_eye,661.1,240.5,789.8,331.6,986.4,390.6,1147.2,504.5,emotional_stability_low4_OLFhKCgexRU.000.mp4,1280,720,29.97,459,emotional_stability,low
33,1101,nose,575.3,297.8,666.4,427.5,879.1,462.2,993.0,624.4,emotional_stability_low4_OLFhKCgexRU.000.mp4,1280,720,29.97,459,emotional_stability,low
33,1101,mouth,558.3,438.9,718.4,528.1,857.8,638.7,1058.0,750.2,emotional_stability_low4_OLFhKCgexRU.000.mp4,1280,720,29.97,459,emotional_stability,low
33,1101,forehead,508.6,181.4,840.6,481.1,795.8,316.7,1210.7,691.4,emotional_stability_low4_OLFhKCgexRU.000.mp4,1280,720,29.97,459,emotional_stability,low
33,1101,chin,511.2,338.1,840.0,585.9,799.0,512.6,1209.9,822.4,emotional_stability_low4_OLFhKCgexRU.000.mp4,1280,720,29.97,459,emotional_stability,low
33,1101,left_cheek,496.7,336.0,579.4,470.0,780.8,510.0,884.3,677.5,emotional_stability_low4_OLFhKCgexRU.000.mp4,1280,720,29.97,459,emotional_stability,low
33,1101,right_cheek,683.8,351.9,805.8,489.3,1014.8,529.9,1167.2,701.7,emotional_stability_low4_OLFhKCgexRU.000.mp4,1280,720,29.97,459,emotional_stability,low
34,1134,left_eye,515.2,237.9,604.4,324.2,804.0,387.4,915.5,495.3,emotional_stability_low4_OLFhKCgexRU.000.mp4,1280,720,29.97,459,emotional_stability,low
34,1134,right_eye,660.4,240.5,788.9,331.7,985.5,390.6,1146.1,504.6,emotional_stability_low4_OLFhKCgexRU.000.mp4,1280,720,29.97,459,emotional_stability,low
34,1134,nose,575.1,297.8,665.7,427.2,878.9,462.3,992.1,624.0,emotional_stability_low4_OLFhKCgexRU.000.mp4,1280,720,29.97,459,emotional_stability,low
34,1134,mouth,558.2,438.6,716.5,527.7,857.7,638.3,1055.7,749.7,emotional_stability_low4_OLFhKCgexRU.000.mp4,1280,720,29.97,459,emotional_stability,low
34,1134,forehead,508.5,181.5,839.6,480.8,795.6,316.9,1209.5,691.0,emotional_stability_low4_OLFhKCgexRU.000.mp4,1280,720,29.97,459,emotional_stability,low
34,1134,chin,511.2,338.1,839.0,585.0,799.0,512.7,1208.7,821.2,emotional_stability_low4_OLFhKCgexRU.000.mp4,1280,720,29.97,459,emotional_stability,low
34,1134,left_cheek,496.7,336.0,579.1,469.8,780.9,510.0,883.9,677.2,emotional_stability_low4_OLFhKCgexRU.000.mp4,1280,720,29.97,459,emotional_stability,low
34,1134,right_cheek,683.0,351.9,804.9,489.1,1013.8,529.9,1166.1,701.4,emotional_stability_low4_OLFhKCgexRU.000.mp4,1280,720,29.97,459,emotional_stability,low
35,1167,left_eye,515.0,237.9,604.3,324.5,803.7,387.4,915.4,495.6,emotional_stability_low4_OLFhKCgexRU.000.mp4,1280,720,29.97,459,emotional_stability,low
35,1167,right_eye,660.2,240.5,788.9,331.7,985.3,390.6,1146.1,504.6,emotional_stability_low4_OLFhKCgexRU.000.mp4,1280,720,29.97,459,emotional_stability,low
35,1167,nose,575.1,298.1,664.9,427.2,878.9,462.6,991.1,624.0,emotional_stability_low4_OLFhKCgexRU.000.mp4,1280,720,29.97,459,emotional_stability,low
35,1167,mouth,558.3,439.2,711.9,527.8,857.8,639.0,1049.9,749.7,emotional_stability_low4_OLFhKCgexRU.000.mp4,1280,720,29.97,459,emotional_stability,low
35,1167,forehead,508.6,181.8,839.6,480.9,795.7,317.3,1209.6,691.1,emotional_stability_low4_OLFhKCgexRU.000.mp4,1280,720,29.97,459,emotional_stability,low
35,1167,chin,511.6,338.4,839.0,585.6,799.5,513.0,1208.8,821.9,emotional_stability_low4_OLFhKCgexRU.000.mp4,1280,720,29.97,459,emotional_stability,low
35,1167,left_cheek,496.9,336.3,579.0,470.2,781.2,510.3,883.8,677.8,emotional_stability_low4_OLFhKCgexRU.000.mp4,1280,720,29.97,459,emotional_stability,low
35,1167,right_cheek,682.5,352.1,804.8,489.5,1013.1,530.1,1166.1,701.9,emotional_stability_low4_OLFhKCgexRU.000.mp4,1280,720,29.97,459,emotional_stability,low
36,1201,left_eye,514.3,237.7,604.2,324.6,802.9,387.1,915.3,495.7,emotional_stability_low4_OLFhKCgexRU.000.mp4,1280,720,29.97,459,emotional_stability,low
36,1201,right_eye,660.3,240.4,788.9,331.8,985.4,390.5,1146.1,504.7,emotional_stability_low4_OLFhKCgexRU.000.mp4,1280,720,29.97,459,emotional_stability,low
36,1201,nose,575.6,298.4,664.7,427.0,879.5,463.0,990.9,623.7,emotional_stability_low4_OLFhKCgexRU.000.mp4,1280,720,29.97,459,emotional_stability,low
36,1201,mouth,558.9,439.3,705.8,528.2,858.6,639.1,1042.3,750.3,emotional_stability_low4_OLFhKCgexRU.000.mp4,1280,720,29.97,459,emotional_stability,low
36,1201,forehead,508.2,181.9,839.4,480.9,795.2,317.3,1209.3,691.2,emotional_stability_low4_OLFhKCgexRU.000.mp4,1280,720,29.97,459,emotional_stability,low
36,1201,chin,511.5,338.6,839.0,585.9,799.4,513.2,1208.7,822.3,emotional_stability_low4_OLFhKCgexRU.000.mp4,1280,720,29.97,459,emotional_stability,low
36,1201,left_cheek,497.4,336.6,579.1,471.9,781.8,510.7,883.8,679.9,emotional_stability_low4_OLFhKCgexRU.000.mp4,1280,720,29.97,459,emotional_stability,low
36,1201,right_cheek,682.5,352.4,804.8,490.6,1013.1,530.5,1166.0,703.2,emotional_stability_low4_OLFhKCgexRU.000.mp4,1280,720,29.97,459,emotional_stability,low
37,1234,left_eye,513.8,237.3,604.0,324.7,802.2,386.6,915.0,495.9,emotional_stability_low4_OLFhKCgexRU.000.mp4,1280,720,29.97,459,emotional_stability,low
37,1234,right_eye,660.2,240.4,788.5,331.8,985.3,390.5,1145.7,504.7,emotional_stability_low4_OLFhKCgexRU.000.mp4,1280,720,29.97,459,emotional_stability,low
37,1234,nose,575.8,298.6,663.5,426.6,879.7,463.3,989.3,623.2,emotional_stability_low4_OLFhKCgexRU.000.mp4,1280,720,29.97,459,emotional_stability,low
37,1234,mouth,559.1,439.3,699.5,528.7,858.9,639.1,1034.3,750.9,emotional_stability_low4_OLFhKCgexRU.000.mp4,1280,720,29.97,459,emotional_stability,low
37,1234,forehead,508.1,182.0,838.9,480.9,795.1,317.5,1208.7,691.2,emotional_stability_low4_OLFhKCgexRU.000.mp4,1280,720,29.97,459,emotional_stability,low
37,1234,chin,511.5,338.6,838.6,586.1,799.4,513.3,1208.2,822.7,emotional_stability_low4_OLFhKCgexRU.000.mp4,1280,720,29.97,459,emotional_stability,low
37,1234,left_cheek,497.8,336.8,579.0,473.2,782.3,511.0,883.8,681.6,emotional_stability_low4_OLFhKCgexRU.000.mp4,1280,720,29.97,459,emotional_stability,low
37,1234,right_cheek,681.8,353.3,804.5,492.0,1012.3,531.6,1165.6,705.0,emotional_stability_low4_OLFhKCgexRU.000.mp4,1280,720,29.97,459,emotional_stability,low
38,1267,left_eye,513.8,236.4,603.8,324.7,802.2,385.5,914.8,495.8,emotional_stability_low4_OLFhKCgexRU.000.mp4,1280,720,29.97,459,emotional_stability,low
38,1267,right_eye,660.2,240.4,788.4,331.8,985.2,390.5,1145.6,504.8,emotional_stability_low4_OLFhKCgexRU.000.mp4,1280,720,29.97,459,emotional_stability,low
38,1267,nose,575.9,298.9,662.1,426.3,879.8,463.6,987.6,622.9,emotional_stability_low4_OLFhKCgexRU.000.mp4,1280,720,29.97,459,emotional_stability,low
38,1267,mouth,559.2,439.3,695.5,529.0,859.0,639.2,1029.4,751.3,emotional_stability_low4_OLFhKCgexRU.000.mp4,1280,720,29.97,459,emotional_stability,low
38,1267,forehead,508.3,182.0,839.0,481.1,795.4,317.5,1208.7,691.4,emotional_stability_low4_OLFhKCgexRU.000.mp4,1280,720,29.97,459,emotional_stability,low
38,1267,chin,512.1,338.2,838.6,586.0,800.2,512.7,1208.3,822.5,emotional_stability_low4_OLFhKCgexRU.000.mp4,1280,720,29.97,459,emotional_stability,low
38,1267,left_cheek,498.6,336.7,579.0,473.5,783.2,510.8,883.8,681.9,emotional_stability_low4_OLFhKCgexRU.000.mp4,1280,720,29.97,459,emotional_stability,low
38,1267,right_cheek,681.1,354.2,804.3,493.3,1011.4,532.8,1165.4,706.6,emotional_stability_low4_OLFhKCgexRU.000.mp4,1280,720,29.97,459,emotional_stability,low
39,1301,left_eye,513.8,235.6,603.7,324.5,802.3,384.5,914.7,495.6,emotional_stability_low4_OLFhKCgexRU.000.mp4,1280,720,29.97,459,emotional_stability,low
39,1301,right_eye,659.8,240.2,788.1,331.9,984.8,390.2,1145.1,504.8,emotional_stability_low4_OLFhKCgexRU.000.mp4,1280,720,29.97,459,emotional_stability,low
39,1301,nose,575.9,298.9,660.5,426.2,879.8,463.6,985.6,622.7,emotional_stability_low4_OLFhKCgexRU.000.mp4,1280,720,29.97,459,emotional_stability,low
39,1301,mouth,559.7,439.4,691.8,528.9,859.7,639.3,1024.8,751.1,emotional_stability_low4_OLFhKCgexRU.000.mp4,1280,720,29.97,459,emotional_stability,low
39,1301,forehead,509.0,182.1,839.0,481.1,796.3,317.6,1208.8,691.4,emotional_stability_low4_OLFhKCgexRU.000.mp4,1280,720,29.97,459,emotional_stability,low
39,1301,chin,513.1,337.1,838.7,584.8,801.4,511.4,1208.3,821.0,emotional_stability_low4_OLFhKCgexRU.000.mp4,1280,720,29.97,459,emotional_stability,low
39,1301,left_cheek,499.4,336.3,579.0,473.5,784.2,510.4,883.7,681.9,emotional_stability_low4_OLFhKCgexRU.000.mp4,1280,720,29.97,459,emotional_stability,low
39,1301,right_cheek,680.0,354.9,804.1,494.0,1010.1,533.6,1165.2,707.5,emotional_stability_low4_OLFhKCgexRU.000.mp4,1280,720,29.97,459,emotional_stability,low
40,1334,left_eye,513.8,234.6,603.7,324.4,802.3,383.2,914.7,495.5,emotional_stability_low4_OLFhKCgexRU.000.mp4,1280,720,29.97,459,emotional_stability,low
40,1334,right_eye,659.7,239.2,788.1,331.9,984.6,389.0,1145.1,504.9,emotional_stability_low4_OLFhKCgexRU.000.mp4,1280,720,29.97,459,emotional_stability,low
40,1334,nose,575.9,298.9,659.5,425.7,879.8,463.6,984.3,622.1,emotional_stability_low4_OLFhKCgexRU.000.mp4,1280,720,29.97,459,emotional_stability,low
40,1334,mouth,559.9,439.5,690.6,528.6,859.9,639.4,1023.3,750.7,emotional_stability_low4_OLFhKCgexRU.000.mp4,1280,720,29.97,459,emotional_stability,low
40,1334,forehead,509.3,182.0,840.4,481.7,796.6,317.5,1210.5,692.1,emotional_stability_low4_OLFhKCgexRU.000.mp4,1280,720,29.97,459,emotional_stability,low
40,1334,chin,513.6,337.1,840.3,584.2,802.0,511.3,1210.4,820.2,emotional_stability_low4_OLFhKCgexRU.000.mp4,1280,720,29.97,459,emotional_stability,low
40,1334,left_cheek,499.7,336.2,579.0,473.5,784.6,510.3,883.7,681.9,emotional_stability_low4_OLFhKCgexRU.000.mp4,1280,720,29.97,459,emotional_stability,low
40,1334,right_cheek,679.7,355.2,804.4,494.7,1009.7,534.0,1165.5,708.4,emotional_stability_low4_OLFhKCgexRU.000.mp4,1280,720,29.97,459,emotional_stability,low
41,1368,left_eye,514.2,233.2,603.7,323.7,802.8,381.5,914.6,494.7,emotional_stability_low4_OLFhKCgexRU.000.mp4,1280,720,29.97,459,emotional_stability,low
41,1368,right_eye,659.5,237.8,788.1,331.8,984.4,387.3,1145.1,504.7,emotional_stability_low4_OLFhKCgexRU.000.mp4,1280,720,29.97,459,emotional_stability,low
41,1368,nose,575.2,298.4,659.0,425.4,878.9,463.0,983.8,621.7,emotional_stability_low4_OLFhKCgexRU.000.mp4,1280,720,29.97,459,emotional_stability,low
41,1368,mouth,559.9,439.2,690.5,528.7,859.9,639.0,1023.2,750.9,emotional_stability_low4_OLFhKCgexRU.000.mp4,1280,720,29.97,459,emotional_stability,low
41,1368,forehead,510.5,181.1,841.3,482.0,798.1,316.3,1211.6,692.5,emotional_stability_low4_OLFhKCgexRU.000.mp4,1280,720,29.97,459,emotional_stability,low
41,1368,chin,515.0,336.5,841.1,584.3,803.8,510.6,1211.4,820.4,emotional_stability_low4_OLFhKCgexRU.000.mp4,1280,720,29.97,459,emotional_stability,low
41,1368,left_cheek,499.8,335.6,578.8,473.4,784.7,509.5,883.5,681.7,emotional_stability_low4_OLFhKCgexRU.000.mp4,1280,720,29.97,459,emotional_stability,low
41,1368,right_cheek,679.5,355.2,804.6,494.9,1009.4,534.0,1165.7,708.6,emotional_stability_low4_OLFhKCgexRU.000.mp4,1280,720,29.97,459,emotional_stability,low
42,1401,left_eye,514.1,231.3,603.1,322.7,802.6,379.1,913.9,493.4,emotional_stability_low4_OLFhKCgexRU.000.mp4,1280,720,29.97,459,emotional_stability,low
42,1401,right_eye,658.7,236.1,788.2,331.4,983.4,385.1,1145.2,504.2,emotional_stability_low4_OLFhKCgexRU.000.mp4,1280,720,29.97,459,emotional_stability,low
42,1401,nose,573.1,297.9,658.0,424.8,876.4,462.3,982.5,621.0,emotional_stability_low4_OLFhKCgexRU.000.mp4,1280,720,29.97,459,emotional_stability,low
42,1401,mouth,558.3,439.4,692.3,530.5,857.9,639.3,1025.4,753.1,emotional_stability_low4_OLFhKCgexRU.000.mp4,1280,720,29.97,459,emotional_stability,low
42,1401,forehead,510.8,179.8,841.4,482.8,798.5,314.8,1211.7,693.5,emotional_stability_low4_OLFhKCgexRU.000.mp4,1280,720,29.97,459,emotional_stability,low
42,1401,chin,515.2,336.1,841.4,586.3,804.0,510.2,1211.7,822.9,emotional_stability_low4_OLFhKCgexRU.000.mp4,1280,720,29.97,459,emotional_stability,low
42,1401,left_cheek,499.3,335.0,577.6,473.3,784.2,508.7,882.0,681.6,emotional_stability_low4_OLFhKCgexRU.000.mp4,1280,720,29.97,459,emotional_stability,low
42,1401,right_cheek,679.0,355.1,804.6,495.2,1008.7,533.9,1165.8,709.0,emotional_stability_low4_OLFhKCgexRU.000.mp4,1280,720,29.97,459,emotional_stability,low
43,1434,left_eye,513.1,229.6,602.0,322.0,801.4,377.0,912.5,492.4,emotional_stability_low4_OLFhKCgexRU.000.mp4,1280,720,29.97,459,emotional_stability,low
43,1434,right_eye,657.9,234.8,787.9,331.2,982.4,383.5,1144.9,504.0,emotional_stability_low4_OLFhKCgexRU.000.mp4,1280,720,29.97,459,emotional_stability,low
43,1434,nose,571.6,297.2,658.2,424.7,874.6,461.5,982.7,620.9,emotional_stability_low4_OLFhKCgexRU.000.mp4,1280,720,29.97,459,emotional_stability,low
43,1434,mouth,557.8,439.7,693.7,535.6,857.3,639.6,1027.1,759.6,emotional_stability_low4_OLFhKCgexRU.000.mp4,1280,720,29.97,459,emotional_stability,low
43,1434,forehead,509.6,178.5,841.4,483.2,797.0,313.1,1211.7,694.0,emotional_stability_low4_OLFhKCgexRU.000.mp4,1280,720,29.97,459,emotional_stability,low
43,1434,chin,514.2,335.7,841.4,588.8,802.7,509.7,1211.7,826.0,emotional_stability_low4_OLFhKCgexRU.000.mp4,1280,720,29.97,459,emotional_stability,low
43,1434,left_cheek,498.0,334.6,576.2,473.3,782.5,508.2,880.3,681.6,emotional_stability_low4_OLFhKCgexRU.000.mp4,1280,720,29.97,459,emotional_stability,low
43,1434,right_cheek,678.9,355.0,804.6,495.5,1008.6,533.8,1165.8,709.4,emotional_stability_low4_OLFhKCgexRU.000.mp4,1280,720,29.97,459,emotional_stability,low
44,1468,left_eye,512.3,228.8,601.6,321.6,800.4,376.0,912.0,492.0,emotional_stability_low4_OLFhKCgexRU.000.mp4,1280,720,29.97,459,emotional_stability,low
44,1468,right_eye,657.5,234.3,787.9,331.1,981.8,382.9,1144.8,503.9,emotional_stability_low4_OLFhKCgexRU.000.mp4,1280,720,29.97,459,emotional_stability,low
44,1468,nose,570.4,296.9,658.3,424.8,873.0,461.1,982.9,621.0,emotional_stability_low4_OLFhKCgexRU.000.mp4,1280,720,29.97,459,emotional_stability,low
44,1468,mouth,557.8,441.0,694.3,540.0,857.2,641.2,1027.9,765.0,emotional_stability_low4_OLFhKCgexRU.000.mp4,1280,720,29.97,459,emotional_stability,low
44,1468,forehead,508.7,178.0,841.3,483.4,795.8,312.5,1211.7,694.2,emotional_stability_low4_OLFhKCgexRU.000.mp4,1280,720,29.97,459,emotional_stability,low
44,1468,chin,513.1,335.5,841.3,591.5,801.3,509.4,1211.7,829.4,emotional_stability_low4_OLFhKCgexRU.000.mp4,1280,720,29.97,459,emotional_stability,low
44,1468,left_cheek,496.8,334.4,575.3,473.6,781.0,508.1,879.1,682.0,emotional_stability_low4_OLFhKCgexRU.000.mp4,1280,720,29.97,459,emotional_stability,low
44,1468,right_cheek,678.8,355.0,804.6,495.8,1008.5,533.8,1165.8,709.8,emotional_stability_low4_OLFhKCgexRU.000.mp4,1280,720,29.97,459,emotional_stability,low
45,1501,left_eye,512.0,228.4,601.1,321.5,800.0,375.5,911.4,491.8,emotional_stability_low4_OLFhKCgexRU.000.mp4,1280,720,29.97,459,emotional_stability,low
45,1501,right_eye,657.1,234.1,787.8,331.1,981.4,382.7,1144.8,503.9,emotional_stability_low4_OLFhKCgexRU.000.mp4,1280,720,29.97,459,emotional_stability,low
45,1501,nose,569.6,296.8,658.1,425.0,872.0,461.0,982.7,621.3,emotional_stability_low4_OLFhKCgexRU.000.mp4,1280,720,29.97,459,emotional_stability,low
45,1501,mouth,557.2,441.9,695.0,540.4,856.5,642.4,1028.7,765.6,emotional_stability_low4_OLFhKCgexRU.000.mp4,1280,720,29.97,459,emotional_stability,low
45,1501,forehead,508.6,177.6,841.4,483.7,795.7,312.0,1211.7,694.6,emotional_stability_low4_OLFhKCgexRU.000.mp4,1280,720,29.97,459,emotional_stability,low
45,1501,chin,513.0,335.2,841.4,593.6,801.2,509.1,1211.7,831.9,emotional_stability_low4_OLFhKCgexRU.000.mp4,1280,720,29.97,459,emotional_stability,low
45,1501,left_cheek,496.6,334.4,574.7,473.9,780.8,508.0,878.4,682.4,emotional_stability_low4_OLFhKCgexRU.000.mp4,1280,720,29.97,459,emotional_stability,low
45,1501,right_cheek,678.6,355.0,804.7,496.6,1008.3,533.8,1165.8,710.7,emotional_stability_low4_OLFhKCgexRU.000.mp4,1280,720,29.97,459,emotional_stability,low
46,1534,left_eye,512.0,227.9,600.9,321.4,800.0,374.9,911.1,491.8,emotional_stability_low4_OLFhKCgexRU.000.mp4,1280,720,29.97,459,emotional_stability,low
46,1534,right_eye,656.9,234.0,787.4,331.1,981.1,382.5,1144.3,503.9,emotional_stability_low4_OLFhKCgexRU.000.mp4,1280,720,29.97,459,emotional_stability,low
46,1534,nose,569.9,296.8,657.7,425.2,872.4,461.0,982.2,621.4,emotional_stability_low4_OLFhKCgexRU.000.mp4,1280,720,29.97,459,emotional_stability,low
46,1534,mouth,557.0,442.3,694.3,539.6,856.3,642.9,1027.9,764.5,emotional_stability_low4_OLFhKCgexRU.000.mp4,1280,720,29.97,459,emotional_stability,low
46,1534,forehead,508.6,177.3,841.4,484.6,795.7,311.6,1211.8,695.7,emotional_stability_low4_OLFhKCgexRU.000.mp4,1280,720,29.97,459,emotional_stability,low
46,1534,chin,513.1,335.1,841.4,593.5,801.4,508.9,1211.8,831.9,emotional_stability_low4_OLFhKCgexRU.000.mp4,1280,720,29.97,459,emotional_stability,low
46,1534,left_cheek,496.7,334.3,574.8,474.3,780.9,507.8,878.5,682.9,emotional_stability_low4_OLFhKCgexRU.000.mp4,1280,720,29.97,459,emotional_stability,low
46,1534,right_cheek,678.3,355.3,804.6,497.6,1007.9,534.1,1165.8,712.0,emotional_stability_low4_OLFhKCgexRU.000.mp4,1280,720,29.97,459,emotional_stability,low
47,1568,left_eye,512.8,228.3,600.9,321.5,801.0,375.3,911.1,491.8,emotional_stability_low4_OLFhKCgexRU.000.mp4,1280,720,29.97,459,emotional_stability,low
47,1568,right_eye,656.6,234.2,786.7,331.2,980.7,382.7,1143.4,504.0,emotional_stability_low4_OLFhKCgexRU.000.mp4,1280,720,29.97,459,emotional_stability,low
47,1568,nose,570.1,297.1,657.2,425.2,872.6,461.4,981.5,621.5,emotional_stability_low4_OLFhKCgexRU.000.mp4,1280,720,29.97,459,emotional_stability,low
47,1568,mouth,557.1,443.1,692.9,532.9,856.3,643.9,1026.1,756.1,emotional_stability_low4_OLFhKCgexRU.000.mp4,1280,720,29.97,459,emotional_stability,low
47,1568,forehead,510.8,177.4,841.4,484.6,798.6,311.7,1211.7,695.8,emotional_stability_low4_OLFhKCgexRU.000.mp4,1280,720,29.97,459,emotional_stability,low
47,1568,chin,515.2,335.1,841.4,592.6,804.1,508.9,1211.7,830.8,emotional_stability_low4_OLFhKCgexRU.000.mp4,1280,720,29.97,459,emotional_stability,low
47,1568,left_cheek,497.9,334.3,574.9,474.3,782.4,507.9,878.6,682.9,emotional_stability_low4_OLFhKCgexRU.000.mp4,1280,720,29.97,459,emotional_stability,low
47,1568,right_cheek,677.9,355.5,804.5,497.6,1007.4,534.4,1165.6,712.0,emotional_stability_low4_OLFhKCgexRU.000.mp4,1280,720,29.97,459,emotional_stability,low
48,1601,left_eye,513.2,228.4,600.7,321.6,801.5,375.5,910.9,491.9,emotional_stability_low4_OLFhKCgexRU.000.mp4,1280,720,29.97,459,emotional_stability,low
48,1601,right_eye,656.4,234.4,786.7,331.5,980.6,383.0,1143.4,504.4,emotional_stability_low4_OLFhKCgexRU.000.mp4,1280,720,29.97,459,emotional_stability,low
48,1601,nose,570.2,297.1,656.9,425.3,872.7,461.4,981.1,621.6,emotional_stability_low4_OLFhKCgexRU.000.mp4,1280,720,29.97,459,emotional_stability,low
48,1601,mouth,555.9,443.1,692.7,525.1,854.9,643.8,1025.8,746.4,emotional_stability_low4_OLFhKCgexRU.000.mp4,1280,720,29.97,459,emotional_stability,low
48,1601,forehead,511.0,177.5,841.3,484.4,798.7,311.9,1211.7,695.4,emotional_stability_low4_OLFhKCgexRU.000.mp4,1280,720,29.97,459,emotional_stability,low
48,1601,chin,515.3,335.1,841.3,584.3,804.1,508.9,1211.7,820.4,emotional_stability_low4_OLFhKCgexRU.000.mp4,1280,720,29.97,459,emotional_stability,low
48,1601,left_cheek,498.2,334.3,575.0,474.2,782.7,507.9,878.8,682.7,emotional_stability_low4_OLFhKCgexRU.000.mp4,1280,720,29.97,459,emotional_stability,low
48,1601,right_cheek,677.7,355.7,804.3,497.4,1007.1,534.7,1165.4,711.7,emotional_stability_low4_OLFhKCgexRU.000.mp4,1280,720,29.97,459,emotional_stability,low
49,1634,left_eye,513.7,228.8,600.8,321.7,802.1,376.0,911.0,492.1,emotional_stability_low4_OLFhKCgexRU.000.mp4,1280,720,29.97,459,emotional_stability,low
49,1634,right_eye,656.4,235.2,786.7,331.7,980.5,384.0,1143.3,504.7,emotional_stability_low4_OLFhKCgexRU.000.mp4,1280,720,29.97,459,emotional_stability,low
49,1634,nose,571.0,297.0,656.3,425.3,873.7,461.3,980.3,621.6,emotional_stability_low4_OLFhKCgexRU.000.mp4,1280,720,29.97,459,emotional_stability,low
49,1634,mouth,555.1,443.5,691.4,519.2,853.9,644.4,1024.2,738.9,emotional_stability_low4_OLFhKCgexRU.000.mp4,1280,720,29.97,459,emotional_stability,low
49,1634,forehead,511.2,177.6,841.3,484.3,799.0,312.0,1211.6,695.4,emotional_stability_low4_OLFhKCgexRU.000.mp4,1280,720,29.97,459,emotional_stability,low
49,1634,chin,515.2,335.4,841.3,580.7,804.0,509.3,1211.6,815.9,emotional_stability_low4_OLFhKCgexRU.000.mp4,1280,720,29.97,459,emotional_stability,low
49,1634,left_cheek,498.8,334.4,575.1,473.3,783.5,508.0,878.9,681.6,emotional_stability_low4_OLFhKCgexRU.000.mp4,1280,720,29.97,459,emotional_stability,low
49,1634,right_cheek,677.4,356.1,804.0,496.8,1006.8,535.1,1165.1,711.0,emotional_stability_low4_OLFhKCgexRU.000.mp4,1280,720,29.97,459,emotional_stability,low
50,1668,left_eye,514.9,230.3,600.8,321.9,803.6,377.9,911.0,492.4,emotional_stability_low4_OLFhKCgexRU.000.mp4,1280,720,29.97,459,emotional_stability,low
50,1668,right_eye,656.3,236.4,786.1,332.0,980.4,385.5,1142.6,505.0,emotional_stability_low4_OLFhKCgexRU.000.mp4,1280,720,29.97,459,emotional_stability,low
50,1668,nose,571.2,297.2,655.7,425.1,874.0,461.5,979.6,621.4,emotional_stability_low4_OLFhKCgexRU.000.mp4,1280,720,29.97,459,emotional_stability,low
50,1668,mouth,555.2,443.5,688.6,518.5,854.1,644.4,1020.8,738.1,emotional_stability_low4_OLFhKCgexRU.000.mp4,1280,720,29.97,459,emotional_stability,low
50,1668,forehead,512.8,178.3,840.3,484.2,801.0,312.8,1210.4,695.2,emotional_stability_low4_OLFhKCgexRU.000.mp4,1280,720,29.97,459,emotional_stability,low
50,1668,chin,516.6,335.7,840.3,578.4,805.7,509.6,1210.4,813.0,emotional_stability_low4_OLFhKCgexRU.000.mp4,1280,720,29.97,459,emotional_stability,low
50,1668,left_cheek,500.4,334.4,575.3,472.5,785.5,508.0,879.2,680.6,emotional_stability_low4_OLFhKCgexRU.000.mp4,1280,720,29.97,459,emotional_stability,low
50,1668,right_cheek,676.9,356.3,803.0,496.3,1006.2,535.4,1163.8,710.3,emotional_stability_low4_OLFhKCgexRU.000.mp4,1280,720,29.97,459,emotional_stability,low
51,1701,left_eye,515.0,230.4,600.8,322.0,803.7,378.0,911.0,492.5,emotional_stability_low4_OLFhKCgexRU.000.mp4,1280,720,29.97,459,emotional_stability,low
51,1701,right_eye,656.2,236.6,785.3,332.2,980.2,385.7,1141.7,505.2,emotional_stability_low4_OLFhKCgexRU.000.mp4,1280,720,29.97,459,emotional_stability,low
51,1701,nose,571.3,297.3,656.0,425.8,874.1,461.6,979.9,622.2,emotional_stability_low4_OLFhKCgexRU.000.mp4,1280,720,29.97,459,emotional_stability,low
51,1701,mouth,556.1,447.5,685.3,520.4,855.1,649.3,1016.7,740.5,emotional_stability_low4_OLFhKCgexRU.000.mp4,1280,720,29.97,459,emotional_stability,low
51,1701,forehead,512.8,178.4,838.2,484.0,801.0,313.0,1207.8,695.0,emotional_stability_low4_OLFhKCgexRU.000.mp4,1280,720,29.97,459,emotional_stability,low
51,1701,chin,516.4,335.7,838.1,580.0,805.5,509.6,1207.7,815.0,emotional_stability_low4_OLFhKCgexRU.000.mp4,1280,720,29.97,459,emotional_stability,low
51,1701,left_cheek,501.1,335.0,575.6,473.5,786.4,508.8,879.5,681.8,emotional_stability_low4_OLFhKCgexRU.000.mp4,1280,720,29.97,459,emotional_stability,low
51,1701,right_cheek,676.9,357.2,802.0,496.8,1006.1,536.5,1162.5,711.0,emotional_stability_low4_OLFhKCgexRU.000.mp4,1280,720,29.97,459,emotional_stability,low
52,1735,left_eye,516.0,230.4,601.5,322.0,805.0,378.1,911.9,492.5,emotional_stability_low4_OLFhKCgexRU.000.mp4,1280,720,29.97,459,emotional_stability,low
52,1735,right_eye,656.2,237.0,785.4,332.4,980.3,386.2,1141.7,505.5,emotional_stability_low4_OLFhKCgexRU.000.mp4,1280,720,29.97,459,emotional_stability,low
52,1735,nose,572.0,297.3,656.1,426.2,875.1,461.6,980.1,622.8,emotional_stability_low4_OLFhKCgexRU.000.mp4,1280,720,29.97,459,emotional_stability,low
52,1735,mouth,559.4,452.5,682.0,528.9,859.3,655.6,1012.5,751.1,emotional_stability_low4_OLFhKCgexRU.000.mp4,1280,720,29.97,459,emotional_stability,low
52,1735,forehead,513.3,178.5,838.3,484.6,801.7,313.2,1207.9,695.7,emotional_stability_low4_OLFhKCgexRU.000.mp4,1280,720,29.97,459,emotional_stability,low
52,1735,chin,517.9,335.7,838.3,586.9,807.3,509.6,1207.8,823.6,emotional_stability_low4_OLFhKCgexRU.000.mp4,1280,720,29.97,459,emotional_stability,low
52,1735,left_cheek,503.2,335.4,576.8,475.5,789.0,509.3,881.0,684.4,emotional_stability_low4_OLFhKCgexRU.000.mp4,1280,720,29.97,459,emotional_stability,low
52,1735,right_cheek,676.9,358.4,802.0,499.7,1006.2,538.0,1162.6,714.6,emotional_stability_low4_OLFhKCgexRU.000.mp4,1280,720,29.97,459,emotional_stability,low
53,1768,left_eye,517.2,230.6,602.3,322.0,806.5,378.2,912.9,492.5,emotional_stability_low4_OLFhKCgexRU.000.mp4,1280,720,29.97,459,emotional_stability,low
53,1768,right_eye,656.5,237.2,785.4,332.5,980.6,386.5,1141.8,505.7,emotional_stability_low4_OLFhKCgexRU.000.mp4,1280,720,29.97,459,emotional_stability,low
53,1768,nose,574.1,297.5,656.2,426.6,877.7,461.9,980.2,623.2,emotional_stability_low4_OLFhKCgexRU.000.mp4,1280,720,29.97,459,emotional_stability,low
53,1768,mouth,565.1,453.6,680.5,534.8,866.4,657.1,1010.6,758.5,emotional_stability_low4_OLFhKCgexRU.000.mp4,1280,720,29.97,459,emotional_stability,low
53,1768,forehead,514.9,179.2,838.3,484.8,803.6,314.0,1207.9,696.0,emotional_stability_low4_OLFhKCgexRU.000.mp4,1280,720,29.97,459,emotional_stability,low
53,1768,chin,520.3,335.7,838.3,588.2,810.4,509.7,1207.9,825.3,emotional_stability_low4_OLFhKCgexRU.000.mp4,1280,720,29.97,459,emotional_stability,low
53,1768,left_cheek,505.2,335.6,578.5,476.1,791.5,509.5,883.1,685.2,emotional_stability_low4_OLFhKCgexRU.000.mp4,1280,720,29.97,459,emotional_stability,low
53,1768,right_cheek,676.9,358.9,802.1,500.4,1006.2,538.6,1162.6,715.4,emotional_stability_low4_OLFhKCgexRU.000.mp4,1280,720,29.97,459,emotional_stability,low
54,1801,left_eye,517.2,231.6,602.9,322.2,806.5,379.5,913.7,492.7,emotional_stability_low4_OLFhKCgexRU.000.mp4,1280,720,29.97,459,emotional_stability,low
54,1801,right_eye,657.1,237.3,785.4,332.6,981.4,386.7,1141.8,505.8,emotional_stability_low4_OLFhKCgexRU.000.mp4,1280,720,29.97,459,emotional_stability,low
54,1801,nose,574.7,298.3,658.8,426.6,878.4,462.8,983.4,623.3,emotional_stability_low4_OLFhKCgexRU.000.mp4,1280,720,29.97,459,emotional_stability,low
54,1801,mouth,564.4,452.8,681.1,538.8,865.5,656.0,1011.4,763.5,emotional_stability_low4_OLFhKCgexRU.000.mp4,1280,720,29.97,459,emotional_stability,low
54,1801,forehead,514.6,180.1,838.4,484.9,803.2,315.1,1208.0,696.1,emotional_stability_low4_OLFhKCgexRU.000.mp4,1280,720,29.97,459,emotional_stability,low
54,1801,chin,519.8,336.2,838.4,590.4,809.7,510.2,1208.0,828.0,emotional_stability_low4_OLFhKCgexRU.000.mp4,1280,720,29.97,459,emotional_stability,low
54,1801,left_cheek,504.7,336.0,578.8,476.6,790.8,510.0,883.5,685.7,emotional_stability_low4_OLFhKCgexRU.000.mp4,1280,720,29.97,459,emotional_stability,low
54,1801,right_cheek,678.0,358.8,802.3,500.2,1007.5,538.6,1162.9,715.2,emotional_stability_low4_OLFhKCgexRU.000.mp4,1280,720,29.97,459,emotional_stability,low
55,1835,left_eye,517.1,232.0,603.3,322.5,806.4,380.0,914.2,493.1,emotional_stability_low4_OLFhKCgexRU.000.mp4,1280,720,29.97,459,emotional_stability,low
55,1835,right_eye,657.9,237.4,786.3,332.7,982.4,386.8,1142.9,505.9,emotional_stability_low4_OLFhKCgexRU.000.mp4,1280,720,29.97,459,emotional_stability,low
55,1835,nose,575.1,298.3,660.0,426.7,878.8,462.9,985.0,623.4,emotional_stability_low4_OLFhKCgexRU.000.mp4,1280,720,29.97,459,emotional_stability,low
55,1835,mouth,563.6,446.9,689.4,538.4,864.5,648.7,1021.7,763.1,emotional_stability_low4_OLFhKCgexRU.000.mp4,1280,720,29.97,459,emotional_stability,low
55,1835,forehead,514.2,180.1,838.9,485.1,802.8,315.1,1208.6,696.4,emotional_stability_low4_OLFhKCgexRU.000.mp4,1280,720,29.97,459,emotional_stability,low
55,1835,chin,518.9,336.4,838.6,591.2,808.6,510.5,1208.3,829.1,emotional_stability_low4_OLFhKCgexRU.000.mp4,1280,720,29.97,459,emotional_stability,low
55,1835,left_cheek,504.0,336.1,578.9,476.6,790.0,510.1,883.6,685.7,emotional_stability_low4_OLFhKCgexRU.000.mp4,1280,720,29.97,459,emotional_stability,low
55,1835,right_cheek,679.0,358.8,803.1,499.9,1008.8,538.5,1163.8,714.9,emotional_stability_low4_OLFhKCgexRU.000.mp4,1280,720,29.97,459,emotional_stability,low
56,1868,left_eye,517.1,232.8,603.7,322.7,806.4,381.0,914.7,493.4,emotional_stability_low4_OLFhKCgexRU.000.mp4,1280,720,29.97,459,emotional_stability,low
56,1868,right_eye,658.3,237.6,786.7,332.7,982.9,387.0,1143.4,505.9,emotional_stability_low4_OLFhKCgexRU.000.mp4,1280,720,29.97,459,emotional_stability,low
56,1868,nose,575.4,298.3,660.3,426.8,879.3,462.9,985.4,623.5,emotional_stability_low4_OLFhKCgexRU.000.mp4,1280,720,29.97,459,emotional_stability,low
56,1868,mouth,563.3,443.5,692.5,538.3,864.1,644.4,1025.6,762.9,emotional_stability_low4_OLFhKCgexRU.000.mp4,1280,720,29.97,459,emotional_stability,low
56,1868,forehead,514.1,180.1,839.2,486.2,802.6,315.1,1209.0,697.7,emotional_stability_low4_OLFhKCgexRU.000.mp4,1280,720,29.97,459,emotional_stability,low
56,1868,chin,518.3,337.6,838.8,591.2,807.8,512.0,1208.5,829.0,emotional_stability_low4_OLFhKCgexRU.000.mp4,1280,720,29.97,459,emotional_stability,low
56,1868,left_cheek,503.8,336.3,579.0,476.5,789.7,510.4,883.8,685.7,emotional_stability_low4_OLFhKCgexRU.000.mp4,1280,720,29.97,459,emotional_stability,low
56,1868,right_cheek,679.4,358.7,803.4,499.8,1009.2,538.4,1164.2,714.7,emotional_stability_low4_OLFhKCgexRU.000.mp4,1280,720,29.97,459,emotional_stability,low
57,1901,left_eye,517.1,233.3,604.0,322.8,806.3,381.6,915.0,493.6,emotional_stability_low4_OLFhKCgexRU.000.mp4,1280,720,29.97,459,emotional_stability,low
57,1901,right_eye,658.5,237.7,787.2,332.7,983.1,387.2,1144.0,505.9,emotional_stability_low4_OLFhKCgexRU.000.mp4,1280,720,29.97,459,emotional_stability,low
57,1901,nose,575.6,298.3,660.5,427.1,879.6,462.9,985.6,623.9,emotional_stability_low4_OLFhKCgexRU.000.mp4,1280,720,29.97,459,emotional_stability,low
57,1901,mouth,562.9,443.5,695.3,535.4,863.6,644.3,1029.1,759.2,emotional_stability_low4_OLFhKCgexRU.000.mp4,1280,720,29.97,459,emotional_stability,low
57,1901,forehead,514.1,180.1,839.9,486.3,802.6,315.1,1209.9,697.9,emotional_stability_low4_OLFhKCgexRU.000.mp4,1280,720,29.97,459,emotional_stability,low
57,1901,chin,517.7,338.6,839.5,590.9,807.1,513.2,1209.4,828.6,emotional_stability_low4_OLFhKCgexRU.000.mp4,1280,720,29.97,459,emotional_stability,low
57,1901,left_cheek,503.7,336.9,579.1,476.7,789.6,511.1,883.9,685.9,emotional_stability_low4_OLFhKCgexRU.000.mp4,1280,720,29.97,459,emotional_stability,low
57,1901,right_cheek,679.7,358.4,804.0,499.6,1009.7,538.0,1165.1,714.5,emotional_stability_low4_OLFhKCgexRU.000.mp4,1280,720,29.97,459,emotional_stability,low
58,1935,left_eye,517.0,233.5,604.3,323.0,806.3,381.9,915.3,493.7,emotional_stability_low4_OLFhKCgexRU.000.mp4,1280,720,29.97,459,emotional_stability,low
58,1935,right_eye,658.6,237.8,787.5,332.7,983.2,387.2,1144.4,505.9,emotional_stability_low4_OLFhKCgexRU.000.mp4,1280,720,29.97,459,emotional_stability,low
58,1935,nose,576.1,298.3,660.6,427.4,880.2,462.9,985.7,624.2,emotional_stability_low4_OLFhKCgexRU.000.mp4,1280,720,29.97,459,emotional_stability,low
58,1935,mouth,562.8,443.9,697.3,531.8,863.6,644.9,1031.6,754.7,emotional_stability_low4_OLFhKCgexRU.000.mp4,1280,720,29.97,459,emotional_stability,low
58,1935,forehead,514.0,180.1,840.4,486.3,802.5,315.1,1210.5,697.8,emotional_stability_low4_OLFhKCgexRU.000.mp4,1280,720,29.97,459,emotional_stability,low
58,1935,chin,517.3,338.8,840.3,590.5,806.6,513.5,1210.4,828.1,emotional_stability_low4_OLFhKCgexRU.000.mp4,1280,720,29.97,459,emotional_stability,low
58,1935,left_cheek,503.5,337.2,579.4,476.9,789.4,511.5,884.3,686.1,emotional_stability_low4_OLFhKCgexRU.000.mp4,1280,720,29.97,459,emotional_stability,low
58,1935,right_cheek,680.1,358.0,804.7,499.2,1010.1,537.5,1165.9,714.0,emotional_stability_low4_OLFhKCgexRU.000.mp4,1280,720,29.97,459,emotional_stability,low
59,1968,left_eye,517.1,233.5,604.4,323.0,806.4,381.9,915.6,493.8,emotional_stability_low4_OLFhKCgexRU.000.mp4,1280,720,29.97,459,emotional_stability,low
59,1968,right_eye,658.6,237.8,787.6,332.7,983.2,387.2,1144.6,505.9,emotional_stability_low4_OLFhKCgexRU.000.mp4,1280,720,29.97,459,emotional_stability,low
59,1968,nose,576.2,298.4,660.6,427.5,880.2,463.0,985.8,624.3,emotional_stability_low4_OLFhKCgexRU.000.mp4,1280,720,29.97,459,emotional_stability,low
59,1968,mouth,563.3,445.2,698.6,531.5,864.1,646.5,1033.2,754.3,emotional_stability_low4_OLFhKCgexRU.000.mp4,1280,720,29.97,459,emotional_stability,low
59,1968,forehead,514.0,180.1,841.2,486.2,802.6,315.1,1211.5,697.8,emotional_stability_low4_OLFhKCgexRU.000.mp4,1280,720,29.97,459,emotional_stability,low
59,1968,chin,517.4,338.9,841.2,590.5,806.7,513.6,1211.5,828.2,emotional_stability_low4_OLFhKCgexRU.000.mp4,1280,720,29.97,459,emotional_stability,low
59,1968,left_cheek,503.4,337.4,579.5,477.0,789.3,511.7,884.4,686.3,emotional_stability_low4_OLFhKCgexRU.000.mp4,1280,720,29.97,459,emotional_stability,low
59,1968,right_cheek,680.3,357.8,805.2,499.1,1010.4,537.2,1166.5,713.9,emotional_stability_low4_OLFhKCgexRU.000.mp4,1280,720,29.97,459,emotional_stability,low
60,2002,left_eye,517.4,233.6,604.6,323.0,806.8,382.0,915.7,493.8,emotional_stability_low4_OLFhKCgexRU.000.mp4,1280,720,29.97,459,emotional_stability,low
60,2002,right_eye,658.7,237.8,787.6,332.7,983.4,387.3,1144.5,505.9,emotional_stability_low4_OLFhKCgexRU.000.mp4,1280,720,29.97,459,emotional_stability,low
60,2002,nose,576.1,298.9,660.9,427.5,880.2,463.6,986.1,624.4,emotional_stability_low4_OLFhKCgexRU.000.mp4,1280,720,29.97,459,emotional_stability,low
60,2002,mouth,564.1,446.5,699.0,534.4,865.2,648.2,1033.8,758.0,emotional_stability_low4_OLFhKCgexRU.000.mp4,1280,720,29.97,459,emotional_stability,low
60,2002,forehead,514.4,180.6,841.2,486.4,803.0,315.7,1211.5,698.0,emotional_stability_low4_OLFhKCgexRU.000.mp4,1280,720,29.97,459,emotional_stability,low
60,2002,chin,517.9,339.0,841.2,594.1,807.4,513.7,1211.5,832.6,emotional_stability_low4_OLFhKCgexRU.000.mp4,1280,720,29.97,459,emotional_stability,low
60,2002,left_cheek,503.5,337.6,579.7,477.6,789.4,512.0,884.6,687.0,emotional_stability_low4_OLFhKCgexRU.000.mp4,1280,720,29.97,459,emotional_stability,low
60,2002,right_cheek,680.5,357.7,805.3,499.4,1010.6,537.2,1166.6,714.3,emotional_stability_low4_OLFhKCgexRU.000.mp4,1280,720,29.97,459,emotional_stability,low
61,2035,left_eye,516.9,233.4,604.1,323.1,806.1,381.7,915.1,493.8,emotional_stability_low4_OLFhKCgexRU.000.mp4,1280,720,29.97,459,emotional_stability,low
61,2035,right_eye,658.7,237.7,787.6,332.8,983.4,387.1,1144.5,506.0,emotional_stability_low4_OLFhKCgexRU.000.mp4,1280,720,29.97,459,emotional_stability,low
61,2035,nose,576.1,299.3,660.9,427.8,880.2,464.1,986.1,624.8,emotional_stability_low4_OLFhKCgexRU.000.mp4,1280,720,29.97,459,emotional_stability,low
61,2035,mouth,564.0,447.4,698.4,536.5,865.0,649.3,1033.0,760.6,emotional_stability_low4_OLFhKCgexRU.000.mp4,1280,720,29.97,459,emotional_stability,low
61,2035,forehead,514.1,180.6,840.7,486.4,802.6,315.7,1210.9,698.0,emotional_stability_low4_OLFhKCgexRU.000.mp4,1280,720,29.97,459,emotional_stability,low
61,2035,chin,517.9,338.7,840.7,597.3,807.4,513.4,1210.9,836.6,emotional_stability_low4_OLFhKCgexRU.000.mp4,1280,720,29.97,459,emotional_stability,low
61,2035,left_cheek,503.5,337.6,579.7,478.4,789.4,512.0,884.6,688.0,emotional_stability_low4_OLFhKCgexRU.000.mp4,1280,720,29.97,459,emotional_stability,low
61,2035,right_cheek,680.4,357.7,805.1,500.2,1010.5,537.2,1166.4,715.2,emotional_stability_low4_OLFhKCgexRU.000.mp4,1280,720,29.97,459,emotional_stability,low
62,2068,left_eye,516.4,233.1,604.1,323.1,805.5,381.4,915.1,493.8,emotional_stability_low4_OLFhKCgexRU.000.mp4,1280,720,29.97,459,emotional_stability,low
62,2068,right_eye,658.7,237.4,787.7,332.8,983.4,386.8,1144.6,506.0,emotional_stability_low4_OLFhKCgexRU.000.mp4,1280,720,29.97,459,emotional_stability,low
62,2068,nose,576.0,299.3,660.9,428.0,880.0,464.1,986.1,624.9,emotional_stability_low4_OLFhKCgexRU.000.mp4,1280,720,29.97,459,emotional_stability,low
62,2068,mouth,562.4,448.4,699.5,532.7,863.0,650.5,1034.4,755.9,emotional_stability_low4_OLFhKCgexRU.000.mp4,1280,720,29.97,459,emotional_stability,low
62,2068,forehead,513.1,180.1,840.7,484.8,801.4,315.1,1210.9,696.0,emotional_stability_low4_OLFhKCgexRU.000.mp4,1280,720,29.97,459,emotional_stability,low
62,2068,chin,517.1,338.2,840.7,595.3,806.4,512.8,1210.9,834.1,emotional_stability_low4_OLFhKCgexRU.000.mp4,1280,720,29.97,459,emotional_stability,low
62,2068,left_cheek,503.2,337.6,579.5,478.3,789.0,512.0,884.4,687.9,emotional_stability_low4_OLFhKCgexRU.000.mp4,1280,720,29.97,459,emotional_stability,low
62,2068,right_cheek,680.5,357.4,805.1,499.8,1010.6,536.8,1166.4,714.7,emotional_stability_low4_OLFhKCgexRU.000.mp4,1280,720,29.97,459,emotional_stability,low
63,2102,left_eye,516.3,233.1,604.2,323.1,805.4,381.4,915.2,493.8,emotional_stability_low4_OLFhKCgexRU.000.mp4,1280,720,29.97,459,emotional_stability,low
63,2102,right_eye,658.7,237.5,788.2,332.7,983.4,386.9,1145.2,505.8,emotional_stability_low4_OLFhKCgexRU.000.mp4,1280,720,29.97,459,emotional_stability,low
63,2102,nose,575.9,299.0,661.2,429.3,879.9,463.7,986.5,626.6,emotional_stability_low4_OLFhKCgexRU.000.mp4,1280,720,29.97,459,emotional_stability,low
63,2102,mouth,556.0,450.8,700.2,521.1,855.0,653.5,1035.2,741.4,emotional_stability_low4_OLFhKCgexRU.000.mp4,1280,720,29.97,459,emotional_stability,low
63,2102,forehead,512.7,179.3,840.9,483.7,800.8,314.2,1211.2,694.7,emotional_stability_low4_OLFhKCgexRU.000.mp4,1280,720,29.97,459,emotional_stability,low
63,2102,chin,516.3,337.7,840.9,583.5,805.4,512.2,1211.2,819.4,emotional_stability_low4_OLFhKCgexRU.000.mp4,1280,720,29.97,459,emotional_stability,low
63,2102,left_cheek,503.1,337.6,579.4,477.7,788.8,512.0,884.2,687.1,emotional_stability_low4_OLFhKCgexRU.000.mp4,1280,720,29.97,459,emotional_stability,low
63,2102,right_cheek,680.7,357.4,805.4,498.8,1010.9,536.7,1166.7,713.5,emotional_stability_low4_OLFhKCgexRU.000.mp4,1280,720,29.97,459,emotional_stability,low
64,2135,left_eye,516.2,233.2,604.3,322.9,805.2,381.5,915.4,493.6,emotional_stability_low4_OLFhKCgexRU.000.mp4,1280,720,29.97,459,emotional_stability,low
64,2135,right_eye,658.7,237.5,788.5,332.6,983.4,386.9,1145.7,505.7,emotional_stability_low4_OLFhKCgexRU.000.mp4,1280,720,29.97,459,emotional_stability,low
64,2135,nose,576.0,298.3,662.2,429.3,880.0,462.9,987.7,626.7,emotional_stability_low4_OLFhKCgexRU.000.mp4,1280,720,29.97,459,emotional_stability,low
64,2135,mouth,555.2,451.7,701.0,517.8,854.0,654.6,1036.2,737.3,emotional_stability_low4_OLFhKCgexRU.000.mp4,1280,720,29.97,459,emotional_stability,low
64,2135,forehead,511.9,178.7,841.0,483.4,799.9,313.4,1211.2,694.2,emotional_stability_low4_OLFhKCgexRU.000.mp4,1280,720,29.97,459,emotional_stability,low
64,2135,chin,515.5,337.6,841.0,579.3,804.4,512.0,1211.2,814.1,emotional_stability_low4_OLFhKCgexRU.000.mp4,1280,720,29.97,459,emotional_stability,low
64,2135,left_cheek,503.0,337.5,579.4,476.8,788.8,511.9,884.2,686.0,emotional_stability_low4_OLFhKCgexRU.000.mp4,1280,720,29.97,459,emotional_stability,low
64,2135,right_cheek,681.2,357.3,805.6,497.5,1011.6,536.7,1167.0,711.9,emotional_stability_low4_OLFhKCgexRU.000.mp4,1280,720,29.97,459,emotional_stability,low
65,2168,left_eye,516.2,233.2,604.5,322.8,805.2,381.4,915.6,493.5,emotional_stability_low4_OLFhKCgexRU.000.mp4,1280,720,29.97,459,emotional_stability,low
65,2168,right_eye,658.7,237.5,788.9,332.6,983.3,386.9,1146.2,505.7,emotional_stability_low4_OLFhKCgexRU.000.mp4,1280,720,29.97,459,emotional_stability,low
65,2168,nose,575.7,297.7,662.5,429.3,879.7,462.1,988.1,626.6,emotional_stability_low4_OLFhKCgexRU.000.mp4,1280,720,29.97,459,emotional_stability,low
65,2168,mouth,555.0,451.8,701.3,519.2,853.7,654.8,1036.6,739.0,emotional_stability_low4_OLFhKCgexRU.000.mp4,1280,720,29.97,459,emotional_stability,low
65,2168,forehead,511.9,178.5,841.2,483.2,799.9,313.1,1211.5,694.0,emotional_stability_low4_OLFhKCgexRU.000.mp4,1280,720,29.97,459,emotional_stability,low
65,2168,chin,515.5,337.6,841.0,578.9,804.4,512.0,1211.3,813.6,emotional_stability_low4_OLFhKCgexRU.000.mp4,1280,720,29.97,459,emotional_stability,low
65,2168,left_cheek,503.2,337.5,579.4,476.3,789.0,511.9,884.2,685.4,emotional_stability_low4_OLFhKCgexRU.000.mp4,1280,720,29.97,459,emotional_stability,low
65,2168,right_cheek,681.5,357.3,805.7,497.2,1011.8,536.7,1167.2,711.5,emotional_stability_low4_OLFhKCgexRU.000.mp4,1280,720,29.97,459,emotional_stability,low
66,2202,left_eye,516.7,232.8,604.6,322.0,805.9,381.0,915.8,492.6,emotional_stability_low4_OLFhKCgexRU.000.mp4,1280,720,29.97,459,emotional_stability,low
66,2202,right_eye,658.8,237.2,788.9,332.0,983.5,386.5,1146.2,505.0,emotional_stability_low4_OLFhKCgexRU.000.mp4,1280,720,29.97,459,emotional_stability,low
66,2202,nose,575.7,297.3,662.9,427.4,879.7,461.7,988.6,624.3,emotional_stability_low4_OLFhKCgexRU.000.mp4,1280,720,29.97,459,emotional_stability,low
66,2202,mouth,560.6,451.6,700.9,530.2,860.7,654.5,1036.1,752.7,emotional_stability_low4_OLFhKCgexRU.000.mp4,1280,720,29.97,459,emotional_stability,low
66,2202,forehead,512.7,178.4,841.2,483.1,800.9,313.1,1211.5,693.9,emotional_stability_low4_OLFhKCgexRU.000.mp4,1280,720,29.97,459,emotional_stability,low
66,2202,chin,516.4,337.5,841.1,583.6,805.5,511.8,1211.3,819.5,emotional_stability_low4_OLFhKCgexRU.000.mp4,1280,720,29.97,459,emotional_stability,low
66,2202,left_cheek,503.6,337.3,579.5,476.4,789.5,511.6,884.4,685.5,emotional_stability_low4_OLFhKCgexRU.000.mp4,1280,720,29.97,459,emotional_stability,low
66,2202,right_cheek,681.6,357.0,805.7,497.2,1012.0,536.2,1167.2,711.5,emotional_stability_low4_OLFhKCgexRU.000.mp4,1280,720,29.97,459,emotional_stability,low
67,2235,left_eye,517.0,232.9,604.9,322.1,806.2,381.1,916.2,492.6,emotional_stability_low4_OLFhKCgexRU.000.mp4,1280,720,29.97,459,emotional_stability,low
67,2235,right_eye,659.2,237.3,788.8,332.0,984.0,386.6,1146.0,505.1,emotional_stability_low4_OLFhKCgexRU.000.mp4,1280,720,29.97,459,emotional_stability,low
67,2235,nose,575.8,297.9,663.1,427.3,879.7,462.4,988.9,624.2,emotional_stability_low4_OLFhKCgexRU.000.mp4,1280,720,29.97,459,emotional_stability,low
67,2235,mouth,562.7,449.2,700.9,539.6,863.3,651.5,1036.1,764.5,emotional_stability_low4_OLFhKCgexRU.000.mp4,1280,720,29.97,459,emotional_stability,low
67,2235,forehead,512.7,179.6,840.6,483.2,800.9,314.5,1210.8,693.9,emotional_stability_low4_OLFhKCgexRU.000.mp4,1280,720,29.97,459,emotional_stability,low
67,2235,chin,516.4,337.0,840.6,590.6,805.5,511.3,1210.8,828.2,emotional_stability_low4_OLFhKCgexRU.000.mp4,1280,720,29.97,459,emotional_stability,low
67,2235,left_cheek,503.6,337.1,579.7,476.5,789.5,511.4,884.7,685.6,emotional_stability_low4_OLFhKCgexRU.000.mp4,1280,720,29.97,459,emotional_stability,low
67,2235,right_cheek,681.6,357.0,805.6,497.8,1012.0,536.2,1167.0,712.2,emotional_stability_low4_OLFhKCgexRU.000.mp4,1280,720,29.97,459,emotional_stability,low
68,2268,left_eye,517.1,233.3,604.9,322.5,806.4,381.7,916.2,493.1,emotional_stability_low4_OLFhKCgexRU.000.mp4,1280,720,29.97,459,emotional_stability,low
68,2268,right_eye,659.6,237.8,788.8,332.3,984.5,387.3,1146.0,505.3,emotional_stability_low4_OLFhKCgexRU.000.mp4,1280,720,29.97,459,emotional_stability,low
68,2268,nose,576.1,298.5,663.0,427.4,880.1,463.1,988.7,624.2,emotional_stability_low4_OLFhKCgexRU.000.mp4,1280,720,29.97,459,emotional_stability,low
68,2268,mouth,563.2,446.9,700.8,537.2,864.0,648.7,1036.0,761.5,emotional_stability_low4_OLFhKCgexRU.000.mp4,1280,720,29.97,459,emotional_stability,low
68,2268,forehead,513.0,180.1,840.7,483.5,801.3,315.1,1210.8,694.4,emotional_stability_low4_OLFhKCgexRU.000.mp4,1280,720,29.97,459,emotional_stability,low
68,2268,chin,516.9,337.1,840.7,592.0,806.2,511.3,1210.8,830.0,emotional_stability_low4_OLFhKCgexRU.000.mp4,1280,720,29.97,459,emotional_stability,low
68,2268,left_cheek,503.6,337.1,579.9,476.4,789.5,511.4,884.9,685.6,emotional_stability_low4_OLFhKCgexRU.000.mp4,1280,720,29.97,459,emotional_stability,low
68,2268,right_cheek,681.6,357.1,805.6,498.0,1012.0,536.3,1167.0,712.4,emotional_stability_low4_OLFhKCgexRU.000.mp4,1280,720,29.97,459,emotional_stability,low
69,2302,left_eye,518.3,234.1,605.5,322.8,807.9,382.7,916.9,493.5,emotional_stability_low4_OLFhKCgexRU.000.mp4,1280,720,29.97,459,emotional_stability,low
69,2302,right_eye,660.5,238.6,789.3,332.4,985.6,388.2,1146.6,505.5,emotional_stability_low4_OLFhKCgexRU.000.mp4,1280,720,29.97,459,emotional_stability,low
69,2302,nose,577.6,298.9,662.9,427.2,882.0,463.6,988.7,624.0,emotional_stability_low4_OLFhKCgexRU.000.mp4,1280,720,29.97,459,emotional_stability,low
69,2302,mouth,563.5,442.5,700.7,535.6,864.4,643.1,1035.8,759.5,emotional_stability_low4_OLFhKCgexRU.000.mp4,1280,720,29.97,459,emotional_stability,low
69,2302,forehead,514.5,180.8,841.3,483.5,803.2,316.0,1211.6,694.4,emotional_stability_low4_OLFhKCgexRU.000.mp4,1280,720,29.97,459,emotional_stability,low
69,2302,chin,518.3,337.2,841.3,591.4,807.9,511.6,1211.6,829.2,emotional_stability_low4_OLFhKCgexRU.000.mp4,1280,720,29.97,459,emotional_stability,low
69,2302,left_cheek,504.4,337.1,580.9,476.1,790.5,511.4,886.1,685.1,emotional_stability_low4_OLFhKCgexRU.000.mp4,1280,720,29.97,459,emotional_stability,low
69,2302,right_cheek,681.8,357.1,805.8,497.5,1012.3,536.3,1167.2,711.9,emotional_stability_low4_OLFhKCgexRU.000.mp4,1280,720,29.97,459,emotional_stability,low
70,2335,left_eye,518.4,234.4,605.7,323.0,808.0,383.0,917.1,493.8,emotional_stability_low4_OLFhKCgexRU.000.mp4,1280,720,29.97,459,emotional_stability,low
70,2335,right_eye,660.5,238.6,789.2,332.4,985.7,388.2,1146.6,505.5,emotional_stability_low4_OLFhKCgexRU.000.mp4,1280,720,29.97,459,emotional_stability,low
70,2335,nose,577.9,299.1,662.9,426.8,882.4,463.8,988.6,623.6,emotional_stability_low4_OLFhKCgexRU.000.mp4,1280,720,29.97,459,emotional_stability,low
70,2335,mouth,563.4,440.5,698.9,533.5,864.3,640.6,1033.6,756.8,emotional_stability_low4_OLFhKCgexRU.000.mp4,1280,720,29.97,459,emotional_stability,low
70,2335,forehead,514.5,181.6,841.6,483.2,803.1,317.0,1212.0,694.0,emotional_stability_low4_OLFhKCgexRU.000.mp4,1280,720,29.97,459,emotional_stability,low
70,2335,chin,518.3,337.2,841.6,589.2,807.9,511.6,1212.0,826.6,emotional_stability_low4_OLFhKCgexRU.000.mp4,1280,720,29.97,459,emotional_stability,low
70,2335,left_cheek,504.5,337.0,581.3,475.4,790.6,511.2,886.6,684.2,emotional_stability_low4_OLFhKCgexRU.000.mp4,1280,720,29.97,459,emotional_stability,low
70,2335,right_cheek,681.8,356.9,805.8,496.8,1012.2,536.2,1167.3,711.0,emotional_stability_low4_OLFhKCgexRU.000.mp4,1280,720,29.97,459,emotional_stability,low
71,2369,left_eye,518.5,234.6,605.8,323.2,808.1,383.3,917.3,494.0,emotional_stability_low4_OLFhKCgexRU.000.mp4,1280,720,29.97,459,emotional_stability,low
71,2369,right_eye,660.5,238.6,789.1,332.4,985.6,388.2,1146.4,505.5,emotional_stability_low4_OLFhKCgexRU.000.mp4,1280,720,29.97,459,emotional_stability,low
71,2369,nose,578.0,299.5,662.9,426.6,882.4,464.3,988.6,623.3,emotional_stability_low4_OLFhKCgexRU.000.mp4,1280,720,29.97,459,emotional_stability,low
71,2369,mouth,563.6,440.6,697.5,533.2,864.5,640.8,1031.9,756.5,emotional_stability_low4_OLFhKCgexRU.000.mp4,1280,720,29.97,459,emotional_stability,low
71,2369,forehead,515.0,182.3,841.6,482.9,803.7,317.9,1212.0,693.6,emotional_stability_low4_OLFhKCgexRU.000.mp4,1280,720,29.97,459,emotional_stability,low
71,2369,chin,519.0,337.2,841.6,588.2,808.8,511.6,1212.0,825.3,emotional_stability_low4_OLFhKCgexRU.000.mp4,1280,720,29.97,459,emotional_stability,low
71,2369,left_cheek,504.7,337.0,581.5,475.1,790.9,511.2,886.9,683.9,emotional_stability_low4_OLFhKCgexRU.000.mp4,1280,720,29.97,459,emotional_stability,low
71,2369,right_cheek,681.8,356.7,805.8,496.4,1012.2,535.8,1167.3,710.4,emotional_stability_low4_OLFhKCgexRU.000.mp4,1280,720,29.97,459,emotional_stability,low
72,2402,left_eye,518.5,234.8,605.8,323.3,808.1,383.5,917.3,494.1,emotional_stability_low4_OLFhKCgexRU.000.mp4,1280,720,29.97,459,emotional_stability,low
72,2402,right_eye,660.5,238.6,789.1,332.4,985.6,388.3,1146.3,505.5,emotional_stability_low4_OLFhKCgexRU.000.mp4,1280,720,29.97,459,emotional_stability,low
72,2402,nose,577.9,300.1,662.9,426.6,882.4,465.1,988.6,623.3,emotional_stability_low4_OLFhKCgexRU.000.mp4,1280,720,29.97,459,emotional_stability,low
72,2402,mouth,563.8,441.3,697.6,533.0,864.8,641.6,1032.0,756.2,emotional_stability_low4_OLFhKCgexRU.000.mp4,1280,720,29.97,459,emotional_stability,low
72,2402,forehead,515.1,183.0,841.6,482.6,803.9,318.7,1212.0,693.2,emotional_stability_low4_OLFhKCgexRU.000.mp4,1280,720,29.97,459,emotional_stability,low
72,2402,chin,519.4,337.2,841.6,588.2,809.2,511.6,1212.0,825.3,emotional_stability_low4_OLFhKCgexRU.000.mp4,1280,720,29.97,459,emotional_stability,low
72,2402,left_cheek,504.8,337.0,581.6,475.1,791.1,511.2,887.0,683.9,emotional_stability_low4_OLFhKCgexRU.000.mp4,1280,720,29.97,459,emotional_stability,low
72,2402,right_cheek,681.8,356.5,805.8,496.3,1012.2,535.7,1167.3,710.4,emotional_stability_low4_OLFhKCgexRU.000.mp4,1280,720,29.97,459,emotional_stability,low
73,2435,left_eye,518.3,235.0,605.8,323.6,807.9,383.7,917.2,494.5,emotional_stability_low4_OLFhKCgexRU.000.mp4,1280,720,29.97,459,emotional_stability,low
73,2435,right_eye,660.5,238.7,789.0,332.5,985.6,388.3,1146.3,505.6,emotional_stability_low4_OLFhKCgexRU.000.mp4,1280,720,29.97,459,emotional_stability,low
73,2435,nose,577.9,300.3,662.9,426.6,882.4,465.3,988.7,623.3,emotional_stability_low4_OLFhKCgexRU.000.mp4,1280,720,29.97,459,emotional_stability,low
73,2435,mouth,564.0,441.3,699.7,535.6,865.1,641.6,1034.7,759.5,emotional_stability_low4_OLFhKCgexRU.000.mp4,1280,720,29.97,459,emotional_stability,low
73,2435,forehead,514.8,183.3,841.4,482.2,803.5,319.1,1211.8,692.8,emotional_stability_low4_OLFhKCgexRU.000.mp4,1280,720,29.97,459,emotional_stability,low
73,2435,chin,519.2,337.2,841.4,588.8,809.0,511.6,1211.8,826.0,emotional_stability_low4_OLFhKCgexRU.000.mp4,1280,720,29.97,459,emotional_stability,low
73,2435,left_cheek,504.8,337.0,581.6,475.1,791.0,511.2,887.0,683.9,emotional_stability_low4_OLFhKCgexRU.000.mp4,1280,720,29.97,459,emotional_stability,low
73,2435,right_cheek,681.8,356.5,805.8,496.3,1012.2,535.7,1167.2,710.4,emotional_stability_low4_OLFhKCgexRU.000.mp4,1280,720,29.97,459,emotional_stability,low
74,2469,left_eye,517.6,235.2,605.6,323.8,807.0,384.0,917.0,494.7,emotional_stability_low4_OLFhKCgexRU.000.mp4,1280,720,29.97,459,emotional_stability,low
74,2469,right_eye,660.5,239.0,789.0,332.7,985.6,388.7,1146.3,505.9,emotional_stability_low4_OLFhKCgexRU.000.mp4,1280,720,29.97,459,emotional_stability,low
74,2469,nose,577.1,300.5,663.4,427.2,881.4,465.6,989.3,624.0,emotional_stability_low4_OLFhKCgexRU.000.mp4,1280,720,29.97,459,emotional_stability,low
74,2469,mouth,564.1,441.4,704.9,542.4,865.1,641.8,1041.1,768.0,emotional_stability_low4_OLFhKCgexRU.000.mp4,1280,720,29.97,459,emotional_stability,low
74,2469,forehead,513.7,183.4,841.4,482.1,802.2,319.2,1211.8,692.7,emotional_stability_low4_OLFhKCgexRU.000.mp4,1280,720,29.97,459,emotional_stability,low
74,2469,chin,518.6,337.0,841.4,591.8,808.2,511.3,1211.8,829.8,emotional_stability_low4_OLFhKCgexRU.000.mp4,1280,720,29.97,459,emotional_stability,low
74,2469,left_cheek,503.9,337.0,581.3,475.3,789.9,511.2,886.6,684.2,emotional_stability_low4_OLFhKCgexRU.000.mp4,1280,720,29.97,459,emotional_stability,low
74,2469,right_cheek,681.9,356.5,805.9,496.4,1012.4,535.6,1167.3,710.5,emotional_stability_low4_OLFhKCgexRU.000.mp4,1280,720,29.97,459,emotional_stability,low
75,2502,left_eye,516.8,235.2,605.2,323.8,806.0,384.0,916.5,494.8,emotional_stability_low4_OLFhKCgexRU.000.mp4,1280,720,29.97,459,emotional_stability,low
75,2502,right_eye,660.6,239.0,789.2,332.9,985.7,388.8,1146.5,506.2,emotional_stability_low4_OLFhKCgexRU.000.mp4,1280,720,29.97,459,emotional_stability,low
75,2502,nose,576.8,300.4,663.7,427.9,881.0,465.6,989.6,624.9,emotional_stability_low4_OLFhKCgexRU.000.mp4,1280,720,29.97,459,emotional_stability,low
75,2502,mouth,564.2,442.0,706.8,545.0,865.2,642.4,1043.5,771.2,emotional_stability_low4_OLFhKCgexRU.000.mp4,1280,720,29.97,459,emotional_stability,low
75,2502,forehead,512.0,183.3,841.4,482.4,800.0,319.2,1211.8,693.0,emotional_stability_low4_OLFhKCgexRU.000.mp4,1280,720,29.97,459,emotional_stability,low
75,2502,chin,516.7,337.0,841.4,595.5,805.9,511.2,1211.8,834.4,emotional_stability_low4_OLFhKCgexRU.000.mp4,1280,720,29.97,459,emotional_stability,low
75,2502,left_cheek,502.6,337.0,580.9,475.9,788.3,511.3,886.1,684.9,emotional_stability_low4_OLFhKCgexRU.000.mp4,1280,720,29.97,459,emotional_stability,low
75,2502,right_cheek,682.1,356.5,805.9,496.9,1012.6,535.7,1167.4,711.2,emotional_stability_low4_OLFhKCgexRU.000.mp4,1280,720,29.97,459,emotional_stability,low
76,2535,left_eye,515.7,235.2,604.9,324.0,804.7,384.0,916.1,495.0,emotional_stability_low4_OLFhKCgexRU.000.mp4,1280,720,29.97,459,emotional_stability,low
76,2535,right_eye,660.8,239.1,789.5,333.1,985.9,388.9,1146.9,506.4,emotional_stability_low4_OLFhKCgexRU.000.mp4,1280,720,29.97,459,emotional_stability,low
76,2535,nose,576.9,300.4,664.0,428.3,881.1,465.5,990.0,625.4,emotional_stability_low4_OLFhKCgexRU.000.mp4,1280,720,29.97,459,emotional_stability,low
76,2535,mouth,564.2,442.1,705.9,543.8,865.2,642.6,1042.4,769.8,emotional_stability_low4_OLFhKCgexRU.000.mp4,1280,720,29.97,459,emotional_stability,low
76,2535,forehead,510.1,183.2,841.4,482.4,797.6,319.0,1211.8,693.0,emotional_stability_low4_OLFhKCgexRU.000.mp4,1280,720,29.97,459,emotional_stability,low
76,2535,chin,514.4,337.0,841.4,595.5,803.0,511.2,1211.8,834.4,emotional_stability_low4_OLFhKCgexRU.000.mp4,1280,720,29.97,459,emotional_stability,low
76,2535,left_cheek,502.0,337.0,580.8,476.4,787.5,511.3,886.0,685.5,emotional_stability_low4_OLFhKCgexRU.000.mp4,1280,720,29.97,459,emotional_stability,low
76,2535,right_cheek,682.4,356.6,806.1,497.1,1013.0,535.7,1167.6,711.4,emotional_stability_low4_OLFhKCgexRU.000.mp4,1280,720,29.97,459,emotional_stability,low
77,2569,left_eye,515.8,235.1,604.9,324.1,804.7,383.9,916.1,495.1,emotional_stability_low4_OLFhKCgexRU.000.mp4,1280,720,29.97,459,emotional_stability,low
77,2569,right_eye,661.1,239.1,790.1,333.2,986.4,388.9,1147.6,506.5,emotional_stability_low4_OLFhKCgexRU.000.mp4,1280,720,29.97,459,emotional_stability,low
77,2569,nose,577.0,300.4,664.0,428.3,881.2,465.4,990.0,625.4,emotional_stability_low4_OLFhKCgexRU.000.mp4,1280,720,29.97,459,emotional_stability,low
77,2569,mouth,564.2,442.4,704.6,543.2,865.2,643.0,1040.8,769.0,emotional_stability_low4_OLFhKCgexRU.000.mp4,1280,720,29.97,459,emotional_stability,low
77,2569,forehead,510.2,183.0,841.8,483.3,797.8,318.8,1212.2,694.1,emotional_stability_low4_OLFhKCgexRU.000.mp4,1280,720,29.97,459,emotional_stability,low
77,2569,chin,514.6,337.1,841.8,594.8,803.2,511.4,1212.2,833.5,emotional_stability_low4_OLFhKCgexRU.000.mp4,1280,720,29.97,459,emotional_stability,low
77,2569,left_cheek,502.1,337.1,580.8,476.5,787.6,511.3,886.0,685.6,emotional_stability_low4_OLFhKCgexRU.000.mp4,1280,720,29.97,459,emotional_stability,low
77,2569,right_cheek,682.5,356.6,806.4,497.3,1013.1,535.8,1167.9,711.6,emotional_stability_low4_OLFhKCgexRU.000.mp4,1280,720,29.97,459,emotional_stability,low
78,2602,left_eye,516.0,235.2,605.1,324.3,805.0,384.0,916.4,495.4,emotional_stability_low4_OLFhKCgexRU.000.mp4,1280,720,29.97,459,emotional_stability,low
78,2602,right_eye,661.4,239.4,790.1,333.3,986.7,389.3,1147.6,506.6,emotional_stability_low4_OLFhKCgexRU.000.mp4,1280,720,29.97,459,emotional_stability,low
78,2602,nose,577.6,300.4,664.2,428.3,882.1,465.5,990.2,625.4,emotional_stability_low4_OLFhKCgexRU.000.mp4,1280,720,29.97,459,emotional_stability,low
78,2602,mouth,564.2,442.1,702.1,540.0,865.2,642.6,1037.6,765.0,emotional_stability_low4_OLFhKCgexRU.000.mp4,1280,720,29.97,459,emotional_stability,low
78,2602,forehead,511.1,183.0,841.9,483.5,798.9,318.8,1212.3,694.4,emotional_stability_low4_OLFhKCgexRU.000.mp4,1280,720,29.97,459,emotional_stability,low
78,2602,chin,515.4,337.3,841.9,594.3,804.2,511.6,1212.3,832.8,emotional_stability_low4_OLFhKCgexRU.000.mp4,1280,720,29.97,459,emotional_stability,low
78,2602,left_cheek,502.5,337.1,581.1,476.4,788.1,511.3,886.4,685.6,emotional_stability_low4_OLFhKCgexRU.000.mp4,1280,720,29.97,459,emotional_stability,low
78,2602,right_cheek,682.6,356.7,806.4,497.3,1013.2,535.8,1168.0,711.6,emotional_stability_low4_OLFhKCgexRU.000.mp4,1280,720,29.97,459,emotional_stability,low
79,2635,left_eye,516.0,235.2,605.1,324.4,805.1,384.0,916.4,495.5,emotional_stability_low4_OLFhKCgexRU.000.mp4,1280,720,29.97,459,emotional_stability,low
79,2635,right_eye,661.4,239.5,790.1,333.4,986.7,389.4,1147.6,506.8,emotional_stability_low4_OLFhKCgexRU.000.mp4,1280,720,29.97,459,emotional_stability,low
79,2635,nose,577.6,300.4,664.2,428.3,882.0,465.5,990.2,625.4,emotional_stability_low4_OLFhKCgexRU.000.mp4,1280,720,29.97,459,emotional_stability,low
79,2635,mouth,564.1,442.0,700.0,538.4,865.1,642.4,1035.0,763.0,emotional_stability_low4_OLFhKCgexRU.000.mp4,1280,720,29.97,459,emotional_stability,low
79,2635,forehead,511.4,183.0,842.2,483.7,799.2,318.7,1212.7,694.6,emotional_stability_low4_OLFhKCgexRU.000.mp4,1280,720,29.97,459,emotional_stability,low
79,2635,chin,515.9,337.2,842.2,592.5,804.9,511.5,1212.7,830.7,emotional_stability_low4_OLFhKCgexRU.000.mp4,1280,720,29.97,459,emotional_stability,low
79,2635,left_cheek,502.5,337.1,581.1,476.3,788.2,511.3,886.4,685.4,emotional_stability_low4_OLFhKCgexRU.000.mp4,1280,720,29.97,459,emotional_stability,low
79,2635,right_cheek,682.6,356.8,806.5,497.3,1013.2,536.0,1168.1,711.6,emotional_stability_low4_OLFhKCgexRU.000.mp4,1280,720,29.97,459,emotional_stability,low
80,2669,left_eye,516.1,235.4,605.0,324.6,805.1,384.3,916.3,495.7,emotional_stability_low4_OLFhKCgexRU.000.mp4,1280,720,29.97,459,emotional_stability,low
80,2669,right_eye,661.3,239.7,790.0,333.5,986.6,389.6,1147.5,506.9,emotional_stability_low4_OLFhKCgexRU.000.mp4,1280,720,29.97,459,emotional_stability,low
80,2669,nose,577.6,300.8,664.2,428.3,882.0,466.0,990.2,625.4,emotional_stability_low4_OLFhKCgexRU.000.mp4,1280,720,29.97,459,emotional_stability,low
80,2669,mouth,564.1,442.6,700.0,538.4,865.1,643.2,1035.0,763.0,emotional_stability_low4_OLFhKCgexRU.000.mp4,1280,720,29.97,459,emotional_stability,low
80,2669,forehead,511.9,183.2,842.2,483.5,799.8,319.0,1212.7,694.4,emotional_stability_low4_OLFhKCgexRU.000.mp4,1280,720,29.97,459,emotional_stability,low
80,2669,chin,516.7,337.5,842.2,591.9,805.8,511.9,1212.7,829.8,emotional_stability_low4_OLFhKCgexRU.000.mp4,1280,720,29.97,459,emotional_stability,low
80,2669,left_cheek,502.7,337.3,581.1,476.3,788.3,511.6,886.4,685.4,emotional_stability_low4_OLFhKCgexRU.000.mp4,1280,720,29.97,459,emotional_stability,low
80,2669,right_cheek,682.6,356.9,806.5,497.3,1013.2,536.1,1168.1,711.6,emotional_stability_low4_OLFhKCgexRU.000.mp4,1280,720,29.97,459,emotional_stability,low
81,2702,left_eye,516.4,236.0,605.5,324.9,805.5,385.0,916.8,496.2,emotional_stability_low4_OLFhKCgexRU.000.mp4,1280,720,29.97,459,emotional_stability,low
81,2702,right_eye,661.7,240.4,791.1,333.9,987.1,390.5,1148.9,507.3,emotional_stability_low4_OLFhKCgexRU.000.mp4,1280,720,29.97,459,emotional_stability,low
81,2702,nose,577.6,301.7,665.3,428.9,882.0,467.1,991.7,626.1,emotional_stability_low4_OLFhKCgexRU.000.mp4,1280,720,29.97,459,emotional_stability,low
81,2702,mouth,564.7,445.6,701.7,539.6,865.9,647.0,1037.1,764.6,emotional_stability_low4_OLFhKCgexRU.000.mp4,1280,720,29.97,459,emotional_stability,low
81,2702,forehead,512.7,183.8,844.0,483.6,800.8,319.7,1215.0,694.5,emotional_stability_low4_OLFhKCgexRU.000.mp4,1280,720,29.97,459,emotional_stability,low
81,2702,chin,518.0,337.6,844.0,591.8,807.5,512.0,1215.0,829.8,emotional_stability_low4_OLFhKCgexRU.000.mp4,1280,720,29.97,459,emotional_stability,low
81,2702,left_cheek,503.2,337.6,581.3,476.6,789.0,512.0,886.7,685.7,emotional_stability_low4_OLFhKCgexRU.000.mp4,1280,720,29.97,459,emotional_stability,low
81,2702,right_cheek,683.7,357.3,808.1,497.6,1014.6,536.6,1170.2,711.9,emotional_stability_low4_OLFhKCgexRU.000.mp4,1280,720,29.97,459,emotional_stability,low
82,2736,left_eye,516.9,237.0,605.9,325.8,806.2,386.2,917.4,497.2,emotional_stability_low4_OLFhKCgexRU.000.mp4,1280,720,29.97,459,emotional_stability,low
82,2736,right_eye,661.9,241.1,791.4,334.4,987.4,391.3,1149.3,508.0,emotional_stability_low4_OLFhKCgexRU.000.mp4,1280,720,29.97,459,emotional_stability,low
82,2736,nose,577.8,302.6,665.8,429.5,882.2,468.3,992.3,626.9,emotional_stability_low4_OLFhKCgexRU.000.mp4,1280,720,29.97,459,emotional_stability,low
82,2736,mouth,565.5,447.6,702.9,539.5,866.8,649.5,1038.6,764.4,emotional_stability_low4_OLFhKCgexRU.000.mp4,1280,720,29.97,459,emotional_stability,low
82,2736,forehead,513.8,184.4,844.7,483.7,802.2,320.5,1215.9,694.7,emotional_stability_low4_OLFhKCgexRU.000.mp4,1280,720,29.97,459,emotional_stability,low
82,2736,chin,519.1,338.0,844.7,592.3,808.9,512.5,1215.9,830.3,emotional_stability_low4_OLFhKCgexRU.000.mp4,1280,720,29.97,459,emotional_stability,low
82,2736,left_cheek,504.3,338.3,581.9,476.9,790.4,512.8,887.3,686.1,emotional_stability_low4_OLFhKCgexRU.000.mp4,1280,720,29.97,459,emotional_stability,low
82,2736,right_cheek,684.2,357.7,808.8,498.0,1015.2,537.2,1171.0,712.5,emotional_stability_low4_OLFhKCgexRU.000.mp4,1280,720,29.97,459,emotional_stability,low
83,2769,left_eye,517.0,237.4,606.0,326.0,806.3,386.7,917.5,497.5,emotional_stability_low4_OLFhKCgexRU.000.mp4,1280,720,29.97,459,emotional_stability,low
83,2769,right_eye,662.1,241.2,791.5,334.6,987.6,391.5,1149.4,508.3,emotional_stability_low4_OLFhKCgexRU.000.mp4,1280,720,29.97,459,emotional_stability,low
83,2769,nose,578.7,302.9,666.0,430.2,883.4,468.7,992.5,627.8,emotional_stability_low4_OLFhKCgexRU.000.mp4,1280,720,29.97,459,emotional_stability,low
83,2769,mouth,566.0,448.5,703.4,537.9,867.4,650.7,1039.3,762.4,emotional_stability_low4_OLFhKCgexRU.000.mp4,1280,720,29.97,459,emotional_stability,low
83,2769,forehead,513.8,184.4,844.6,483.6,802.2,320.5,1215.8,694.5,emotional_stability_low4_OLFhKCgexRU.000.mp4,1280,720,29.97,459,emotional_stability,low
83,2769,chin,519.1,338.2,844.6,592.5,808.9,512.8,1215.8,830.6,emotional_stability_low4_OLFhKCgexRU.000.mp4,1280,720,29.97,459,emotional_stability,low
83,2769,left_cheek,504.8,338.7,582.5,477.1,790.9,513.3,888.1,686.4,emotional_stability_low4_OLFhKCgexRU.000.mp4,1280,720,29.97,459,emotional_stability,low
83,2769,right_cheek,684.4,357.7,808.9,498.0,1015.5,537.2,1171.1,712.5,emotional_stability_low4_OLFhKCgexRU.000.mp4,1280,720,29.97,459,emotional_stability,low
84,2802,left_eye,516.9,237.4,606.0,326.0,806.2,386.8,917.5,497.5,emotional_stability_low4_OLFhKCgexRU.000.mp4,1280,720,29.97,459,emotional_stability,low
84,2802,right_eye,662.1,241.2,791.5,334.6,987.6,391.5,1149.4,508.3,emotional_stability_low4_OLFhKCgexRU.000.mp4,1280,720,29.97,459,emotional_stability,low
84,2802,nose,579.0,302.9,666.0,430.3,883.8,468.6,992.4,627.9,emotional_stability_low4_OLFhKCgexRU.000.mp4,1280,720,29.97,459,emotional_stability,low
84,2802,mouth,566.4,448.3,704.7,535.3,868.0,650.3,1040.9,759.2,emotional_stability_low4_OLFhKCgexRU.000.mp4,1280,720,29.97,459,emotional_stability,low
84,2802,forehead,513.6,184.4,844.6,482.4,801.9,320.5,1215.8,693.0,emotional_stability_low4_OLFhKCgexRU.000.mp4,1280,720,29.97,459,emotional_stability,low
84,2802,chin,519.1,338.1,844.6,592.4,808.8,512.7,1215.8,830.5,emotional_stability_low4_OLFhKCgexRU.000.mp4,1280,720,29.97,459,emotional_stability,low
84,2802,left_cheek,504.8,338.6,582.6,477.0,790.9,513.3,888.2,686.2,emotional_stability_low4_OLFhKCgexRU.000.mp4,1280,720,29.97,459,emotional_stability,low
84,2802,right_cheek,684.4,357.0,808.9,497.2,1015.5,536.2,1171.1,711.5,emotional_stability_low4_OLFhKCgexRU.000.mp4,1280,720,29.97,459,emotional_stability,low
85,2836,left_eye,516.9,237.6,606.1,326.0,806.2,387.0,917.6,497.5,emotional_stability_low4_OLFhKCgexRU.000.mp4,1280,720,29.97,459,emotional_stability,low
85,2836,right_eye,662.1,241.2,791.5,334.6,987.6,391.5,1149.4,508.3,emotional_stability_low4_OLFhKCgexRU.000.mp4,1280,720,29.97,459,emotional_stability,low
85,2836,nose,579.2,302.8,665.9,430.3,884.0,468.5,992.4,627.8,emotional_stability_low4_OLFhKCgexRU.000.mp4,1280,720,29.97,459,emotional_stability,low
85,2836,mouth,566.5,448.0,705.7,533.7,868.2,650.1,1042.1,757.1,emotional_stability_low4_OLFhKCgexRU.000.mp4,1280,720,29.97,459,emotional_stability,low
85,2836,forehead,513.6,184.3,844.6,481.9,801.9,320.4,1215.7,692.3,emotional_stability_low4_OLFhKCgexRU.000.mp4,1280,720,29.97,459,emotional_stability,low
85,2836,chin,519.1,338.1,844.6,591.6,808.8,512.6,1215.7,829.6,emotional_stability_low4_OLFhKCgexRU.000.mp4,1280,720,29.97,459,emotional_stability,low
85,2836,left_cheek,504.9,338.6,582.7,476.4,791.1,513.3,888.3,685.5,emotional_stability_low4_OLFhKCgexRU.000.mp4,1280,720,29.97,459,emotional_stability,low
85,2836,right_cheek,684.4,356.5,808.9,496.6,1015.5,535.6,1171.1,710.8,emotional_stability_low4_OLFhKCgexRU.000.mp4,1280,720,29.97,459,emotional_stability,low
86,2869,left_eye,516.9,237.6,606.1,326.0,806.2,387.0,917.6,497.5,emotional_stability_low4_OLFhKCgexRU.000.mp4,1280,720,29.97,459,emotional_stability,low
86,2869,right_eye,662.1,241.2,791.5,334.5,987.6,391.4,1149.3,508.2,emotional_stability_low4_OLFhKCgexRU.000.mp4,1280,720,29.97,459,emotional_stability,low
86,2869,nose,579.5,302.7,666.0,430.3,884.4,468.4,992.5,627.9,emotional_stability_low4_OLFhKCgexRU.000.mp4,1280,720,29.97,459,emotional_stability,low
86,2869,mouth,567.1,448.0,707.5,533.5,868.9,649.9,1044.4,756.9,emotional_stability_low4_OLFhKCgexRU.000.mp4,1280,720,29.97,459,emotional_stability,low
86,2869,forehead,513.2,184.3,844.5,481.2,801.5,320.3,1215.7,691.5,emotional_stability_low4_OLFhKCgexRU.000.mp4,1280,720,29.97,459,emotional_stability,low
86,2869,chin,518.9,338.0,844.5,590.9,808.6,512.5,1215.7,828.6,emotional_stability_low4_OLFhKCgexRU.000.mp4,1280,720,29.97,459,emotional_stability,low
86,2869,left_cheek,504.9,338.6,582.8,475.8,791.1,513.3,888.5,684.8,emotional_stability_low4_OLFhKCgexRU.000.mp4,1280,720,29.97,459,emotional_stability,low
86,2869,right_cheek,684.5,356.0,808.9,495.8,1015.7,535.0,1171.1,709.7,emotional_stability_low4_OLFhKCgexRU.000.mp4,1280,720,29.97,459,emotional_stability,low
87,2902,left_eye,516.8,237.7,606.0,325.9,806.0,387.2,917.5,497.4,emotional_stability_low4_OLFhKCgexRU.000.mp4,1280,720,29.97,459,emotional_stability,low
87,2902,right_eye,662.0,241.1,791.5,334.4,987.5,391.4,1149.4,508.1,emotional_stability_low4_OLFhKCgexRU.000.mp4,1280,720,29.97,459,emotional_stability,low
87,2902,nose,579.5,302.5,666.2,430.4,884.4,468.1,992.8,628.0,emotional_stability_low4_OLFhKCgexRU.000.mp4,1280,720,29.97,459,emotional_stability,low
87,2902,mouth,567.2,447.3,709.7,534.3,869.0,649.1,1047.1,757.9,emotional_stability_low4_OLFhKCgexRU.000.mp4,1280,720,29.97,459,emotional_stability,low
87,2902,forehead,512.8,184.2,844.5,480.3,801.0,320.3,1215.6,690.4,emotional_stability_low4_OLFhKCgexRU.000.mp4,1280,720,29.97,459,emotional_stability,low
87,2902,chin,518.6,337.6,844.5,590.8,808.2,512.0,1215.6,828.5,emotional_stability_low4_OLFhKCgexRU.000.mp4,1280,720,29.97,459,emotional_stability,low
87,2902,left_cheek,504.6,338.5,582.8,474.9,790.8,513.1,888.5,683.6,emotional_stability_low4_OLFhKCgexRU.000.mp4,1280,720,29.97,459,emotional_stability,low
87,2902,right_cheek,684.7,355.5,808.9,494.9,1015.8,534.3,1171.1,708.6,emotional_stability_low4_OLFhKCgexRU.000.mp4,1280,720,29.97,459,emotional_stability,low
88,2936,left_eye,516.4,237.6,605.9,325.7,805.5,386.9,917.4,497.1,emotional_stability_low4_OLFhKCgexRU.000.mp4,1280,720,29.97,459,emotional_stability,low
88,2936,right_eye,662.0,241.0,791.6,334.2,987.5,391.2,1149.5,507.8,emotional_stability_low4_OLFhKCgexRU.000.mp4,1280,720,29.97,459,emotional_stability,low
88,2936,nose,579.2,301.9,666.4,430.5,883.9,467.3,993.0,628.1,emotional_stability_low4_OLFhKCgexRU.000.mp4,1280,720,29.97,459,emotional_stability,low
88,2936,mouth,567.2,446.7,712.7,535.9,869.0,648.4,1050.9,759.9,emotional_stability_low4_OLFhKCgexRU.000.mp4,1280,720,29.97,459,emotional_stability,low
88,2936,forehead,512.1,183.8,844.5,480.0,800.1,319.7,1215.6,690.0,emotional_stability_low4_OLFhKCgexRU.000.mp4,1280,720,29.97,459,emotional_stability,low
88,2936,chin,518.0,337.0,844.5,590.9,807.5,511.2,1215.6,828.6,emotional_stability_low4_OLFhKCgexRU.000.mp4,1280,720,29.97,459,emotional_stability,low
88,2936,left_cheek,504.1,338.0,582.6,474.0,790.2,512.5,888.3,682.5,emotional_stability_low4_OLFhKCgexRU.000.mp4,1280,720,29.97,459,emotional_stability,low
88,2936,right_cheek,684.8,355.0,808.9,494.1,1016.0,533.7,1171.1,707.6,emotional_stability_low4_OLFhKCgexRU.000.mp4,1280,720,29.97,459,emotional_stability,low
89,2969,left_eye,516.3,237.2,605.8,325.1,805.4,386.5,917.3,496.4,emotional_stability_low4_OLFhKCgexRU.000.mp4,1280,720,29.97,459,emotional_stability,low
89,2969,right_eye,662.0,240.7,791.6,333.8,987.5,390.9,1149.5,507.3,emotional_stability_low4_OLFhKCgexRU.000.mp4,1280,720,29.97,459,emotional_stability,low
89,2969,nose,578.6,301.3,666.6,430.4,883.2,466.6,993.2,628.1,emotional_stability_low4_OLFhKCgexRU.000.mp4,1280,720,29.97,459,emotional_stability,low
89,2969,mouth,566.7,445.9,715.1,538.3,868.4,647.3,1053.9,762.9,emotional_stability_low4_OLFhKCgexRU.000.mp4,1280,720,29.97,459,emotional_stability,low
89,2969,forehead,511.9,183.4,844.3,479.8,799.8,319.2,1215.4,689.7,emotional_stability_low4_OLFhKCgexRU.000.mp4,1280,720,29.97,459,emotional_stability,low
89,2969,chin,517.6,336.5,844.3,591.1,807.0,510.6,1215.4,828.9,emotional_stability_low4_OLFhKCgexRU.000.mp4,1280,720,29.97,459,emotional_stability,low
89,2969,left_cheek,503.5,337.4,582.3,473.3,789.4,511.8,887.9,681.6,emotional_stability_low4_OLFhKCgexRU.000.mp4,1280,720,29.97,459,emotional_stability,low
89,2969,right_cheek,684.8,354.4,808.8,493.5,1016.0,533.0,1171.0,706.8,emotional_stability_low4_OLFhKCgexRU.000.mp4,1280,720,29.97,459,emotional_stability,low
90,3003,left_eye,515.9,236.9,605.6,324.8,804.9,386.2,917.0,496.0,emotional_stability_low4_OLFhKCgexRU.000.mp4,1280,720,29.97,459,emotional_stability,low
90,3003,right_eye,661.9,240.5,791.6,333.4,987.3,390.6,1149.5,506.8,emotional_stability_low4_OLFhKCgexRU.000.mp4,1280,720,29.97,459,emotional_stability,low
90,3003,nose,577.8,300.7,666.6,430.4,882.2,465.8,993.2,628.0,emotional_stability_low4_OLFhKCgexRU.000.mp4,1280,720,29.97,459,emotional_stability,low
90,3003,mouth,566.0,445.2,716.3,538.8,867.5,646.6,1055.4,763.5,emotional_stability_low4_OLFhKCgexRU.000.mp4,1280,720,29.97,459,emotional_stability,low
90,3003,forehead,511.4,182.9,844.2,479.6,799.3,318.7,1215.2,689.5,emotional_stability_low4_OLFhKCgexRU.000.mp4,1280,720,29.97,459,emotional_stability,low
90,3003,chin,517.2,336.2,844.2,591.2,806.4,510.3,1215.2,829.0,emotional_stability_low4_OLFhKCgexRU.000.mp4,1280,720,29.97,459,emotional_stability,low
90,3003,left_cheek,502.8,337.0,581.8,472.7,788.5,511.3,887.2,680.9,emotional_stability_low4_OLFhKCgexRU.000.mp4,1280,720,29.97,459,emotional_stability,low
90,3003,right_cheek,684.8,353.9,808.8,493.0,1016.0,532.4,1171.0,706.2,emotional_stability_low4_OLFhKCgexRU.000.mp4,1280,720,29.97,459,emotional_stability,low
91,3036,left_eye,515.8,236.9,605.4,324.4,804.7,386.1,916.7,495.5,emotional_stability_low4_OLFhKCgexRU.000.mp4,1280,720,29.97,459,emotional_stability,low
91,3036,right_eye,661.7,240.3,791.6,333.1,987.1,390.3,1149.5,506.4,emotional_stability_low4_OLFhKCgexRU.000.mp4,1280,720,29.97,459,emotional_stability,low
91,3036,nose,577.1,300.0,666.7,430.4,881.3,464.9,993.3,627.9,emotional_stability_low4_OLFhKCgexRU.000.mp4,1280,720,29.97,459,emotional_stability,low
91,3036,mouth,565.3,444.2,717.5,536.9,866.6,645.3,1056.9,761.2,emotional_stability_low4_OLFhKCgexRU.000.mp4,1280,720,29.97,459,emotional_stability,low
91,3036,forehead,511.4,182.3,844.2,479.3,799.2,317.8,1215.2,689.2,emotional_stability_low4_OLFhKCgexRU.000.mp4,1280,720,29.97,459,emotional_stability,low
91,3036,chin,517.1,336.0,844.2,590.3,806.3,510.0,1215.2,827.9,emotional_stability_low4_OLFhKCgexRU.000.mp4,1280,720,29.97,459,emotional_stability,low
91,3036,left_cheek,502.4,336.6,581.3,471.8,787.9,510.7,886.7,679.7,emotional_stability_low4_OLFhKCgexRU.000.mp4,1280,720,29.97,459,emotional_stability,low
91,3036,right_cheek,684.9,353.3,808.8,492.1,1016.1,531.6,1171.0,705.1,emotional_stability_low4_OLFhKCgexRU.000.mp4,1280,720,29.97,459,emotional_stability,low
92,3069,left_eye,515.6,237.2,605.0,324.4,804.5,386.5,916.2,495.5,emotional_stability_low4_OLFhKCgexRU.000.mp4,1280,720,29.97,459,emotional_stability,low
92,3069,right_eye,661.2,240.3,791.5,333.0,986.4,390.3,1149.3,506.3,emotional_stability_low4_OLFhKCgexRU.000.mp4,1280,720,29.97,459,emotional_stability,low
92,3069,nose,576.5,299.9,666.7,430.3,880.7,464.9,993.4,627.9,emotional_stability_low4_OLFhKCgexRU.000.mp4,1280,720,29.97,459,emotional_stability,low
92,3069,mouth,564.2,443.4,718.0,531.9,865.3,644.3,1057.6,754.8,emotional_stability_low4_OLFhKCgexRU.000.mp4,1280,720,29.97,459,emotional_stability,low
92,3069,forehead,511.3,182.2,844.2,479.1,799.1,317.8,1215.2,688.9,emotional_stability_low4_OLFhKCgexRU.000.mp4,1280,720,29.97,459,emotional_stability,low
92,3069,chin,516.8,336.0,844.2,588.2,806.0,510.0,1215.2,825.3,emotional_stability_low4_OLFhKCgexRU.000.mp4,1280,720,29.97,459,emotional_stability,low
92,3069,left_cheek,501.7,336.4,580.9,470.6,787.1,510.5,886.1,678.2,emotional_stability_low4_OLFhKCgexRU.000.mp4,1280,720,29.97,459,emotional_stability,low
92,3069,right_cheek,684.9,352.8,808.8,491.0,1016.1,531.0,1171.0,703.7,emotional_stability_low4_OLFhKCgexRU.000.mp4,1280,720,29.97,459,emotional_stability,low
93,3103,left_eye,515.4,237.9,604.9,324.5,804.3,387.4,916.1,495.6,emotional_stability_low4_OLFhKCgexRU.000.mp4,1280,720,29.97,459,emotional_stability,low
93,3103,right_eye,661.0,240.7,791.5,333.1,986.2,390.8,1149.4,506.3,emotional_stability_low4_OLFhKCgexRU.000.mp4,1280,720,29.97,459,emotional_stability,low
93,3103,nose,576.1,299.9,666.9,430.3,880.1,464.9,993.6,627.9,emotional_stability_low4_OLFhKCgexRU.000.mp4,1280,720,29.97,459,emotional_stability,low
93,3103,mouth,563.3,442.3,719.4,527.5,864.1,642.9,1059.3,749.4,emotional_stability_low4_OLFhKCgexRU.000.mp4,1280,720,29.97,459,emotional_stability,low
93,3103,forehead,511.3,182.3,844.5,478.9,799.1,317.9,1215.7,688.7,emotional_stability_low4_OLFhKCgexRU.000.mp4,1280,720,29.97,459,emotional_stability,low
93,3103,chin,516.8,336.1,844.5,583.5,805.9,510.2,1215.7,819.4,emotional_stability_low4_OLFhKCgexRU.000.mp4,1280,720,29.97,459,emotional_stability,low
93,3103,left_cheek,501.3,336.4,580.6,469.1,786.7,510.5,885.8,676.4,emotional_stability_low4_OLFhKCgexRU.000.mp4,1280,720,29.97,459,emotional_stability,low
93,3103,right_cheek,684.9,352.8,808.9,489.7,1016.1,531.0,1171.2,702.2,emotional_stability_low4_OLFhKCgexRU.000.mp4,1280,720,29.97,459,emotional_stability,low
94,3136,left_eye,515.4,238.2,605.1,324.6,804.3,387.8,916.4,495.7,emotional_stability_low4_OLFhKCgexRU.000.mp4,1280,720,29.97,459,emotional_stability,low
94,3136,right_eye,660.8,240.7,791.3,333.1,985.9,390.9,1149.2,506.3,emotional_stability_low4_OLFhKCgexRU.000.mp4,1280,720,29.97,459,emotional_stability,low
94,3136,nose,576.1,299.9,667.6,430.3,880.2,464.9,994.5,627.9,emotional_stability_low4_OLFhKCgexRU.000.mp4,1280,720,29.97,459,emotional_stability,low
94,3136,mouth,562.6,441.9,720.9,526.4,863.3,642.4,1061.2,748.0,emotional_stability_low4_OLFhKCgexRU.000.mp4,1280,720,29.97,459,emotional_stability,low
94,3136,forehead,511.3,182.6,844.4,479.0,799.1,318.2,1215.4,688.7,emotional_stability_low4_OLFhKCgexRU.000.mp4,1280,720,29.97,459,emotional_stability,low
94,3136,chin,516.7,337.3,844.4,583.8,805.8,511.6,1215.4,819.8,emotional_stability_low4_OLFhKCgexRU.000.mp4,1280,720,29.97,459,emotional_stability,low
94,3136,left_cheek,501.3,336.6,580.7,469.1,786.6,510.8,885.8,676.4,emotional_stability_low4_OLFhKCgexRU.000.mp4,1280,720,29.97,459,emotional_stability,low
94,3136,right_cheek,684.9,352.6,808.9,489.1,1016.2,530.8,1171.1,701.4,emotional_stability_low4_OLFhKCgexRU.000.mp4,1280,720,29.97,459,emotional_stability,low
95,3169,left_eye,515.4,238.3,605.1,324.7,804.2,387.9,916.4,495.9,emotional_stability_low4_OLFhKCgexRU.000.mp4,1280,720,29.97,459,emotional_stability,low
95,3169,right_eye,660.3,240.6,791.2,333.1,985.4,390.7,1148.9,506.4,emotional_stability_low4_OLFhKCgexRU.000.mp4,1280,720,29.97,459,emotional_stability,low
95,3169,nose,575.9,300.0,667.6,430.2,879.9,464.9,994.5,627.7,emotional_stability_low4_OLFhKCgexRU.000.mp4,1280,720,29.97,459,emotional_stability,low
95,3169,mouth,562.6,441.4,721.4,525.8,863.2,641.7,1061.8,747.2,emotional_stability_low4_OLFhKCgexRU.000.mp4,1280,720,29.97,459,emotional_stability,low
95,3169,forehead,511.3,182.7,844.3,478.7,799.1,318.3,1215.4,688.3,emotional_stability_low4_OLFhKCgexRU.000.mp4,1280,720,29.97,459,emotional_stability,low
95,3169,chin,516.7,337.5,844.3,582.4,805.8,511.9,1215.4,818.0,emotional_stability_low4_OLFhKCgexRU.000.mp4,1280,720,29.97,459,emotional_stability,low
95,3169,left_cheek,501.1,336.7,580.6,468.9,786.3,510.9,885.7,676.1,emotional_stability_low4_OLFhKCgexRU.000.mp4,1280,720,29.97,459,emotional_stability,low
95,3169,right_cheek,684.9,352.2,808.9,488.2,1016.1,530.2,1171.1,700.3,emotional_stability_low4_OLFhKCgexRU.000.mp4,1280,720,29.97,459,emotional_stability,low
96,3203,left_eye,515.4,238.6,605.1,324.9,804.3,388.3,916.4,496.1,emotional_stability_low4_OLFhKCgexRU.000.mp4,1280,720,29.97,459,emotional_stability,low
96,3203,right_eye,660.1,240.4,791.1,333.1,985.1,390.6,1148.9,506.4,emotional_stability_low4_OLFhKCgexRU.000.mp4,1280,720,29.97,459,emotional_stability,low
96,3203,nose,575.7,300.0,667.8,430.2,879.7,465.0,994.7,627.7,emotional_stability_low4_OLFhKCgexRU.000.mp4,1280,720,29.97,459,emotional_stability,low
96,3203,mouth,561.9,441.3,721.8,526.9,862.3,641.7,1062.2,748.6,emotional_stability_low4_OLFhKCgexRU.000.mp4,1280,720,29.97,459,emotional_stability,low
96,3203,forehead,511.5,182.7,844.2,478.9,799.4,318.4,1215.3,688.7,emotional_stability_low4_OLFhKCgexRU.000.mp4,1280,720,29.97,459,emotional_stability,low
96,3203,chin,516.8,338.8,844.2,582.6,806.0,513.5,1215.3,818.3,emotional_stability_low4_OLFhKCgexRU.000.mp4,1280,720,29.97,459,emotional_stability,low
96,3203,left_cheek,501.1,337.2,580.6,469.1,786.4,511.5,885.7,676.3,emotional_stability_low4_OLFhKCgexRU.000.mp4,1280,720,29.97,459,emotional_stability,low
96,3203,right_cheek,684.9,352.2,808.8,488.6,1016.1,530.2,1171.0,700.7,emotional_stability_low4_OLFhKCgexRU.000.mp4,1280,720,29.97,459,emotional_stability,low
97,3236,left_eye,515.4,238.5,604.8,325.0,804.2,388.1,916.0,496.2,emotional_stability_low4_OLFhKCgexRU.000.mp4,1280,720,29.97,459,emotional_stability,low
97,3236,right_eye,660.0,239.4,791.1,333.1,985.0,389.2,1148.9,506.4,emotional_stability_low4_OLFhKCgexRU.000.mp4,1280,720,29.97,459,emotional_stability,low
97,3236,nose,574.9,300.0,667.6,430.2,878.7,465.0,994.5,627.7,emotional_stability_low4_OLFhKCgexRU.000.mp4,1280,720,29.97,459,emotional_stability,low
97,3236,mouth,562.0,441.5,721.0,531.4,862.5,641.9,1061.3,754.3,emotional_stability_low4_OLFhKCgexRU.000.mp4,1280,720,29.97,459,emotional_stability,low
97,3236,forehead,511.5,182.7,844.2,479.1,799.4,318.3,1215.3,688.9,emotional_stability_low4_OLFhKCgexRU.000.mp4,1280,720,29.97,459,emotional_stability,low
97,3236,chin,517.0,338.8,844.2,587.4,806.3,513.5,1215.3,824.3,emotional_stability_low4_OLFhKCgexRU.000.mp4,1280,720,29.97,459,emotional_stability,low
97,3236,left_cheek,501.1,337.3,580.2,469.8,786.3,511.6,885.2,677.2,emotional_stability_low4_OLFhKCgexRU.000.mp4,1280,720,29.97,459,emotional_stability,low
97,3236,right_cheek,684.8,352.2,808.7,489.3,1016.0,530.3,1170.9,701.7,emotional_stability_low4_OLFhKCgexRU.000.mp4,1280,720,29.97,459,emotional_stability,low
98,3269,left_eye,515.2,237.8,604.2,325.0,804.0,387.2,915.3,496.2,emotional_stability_low4_OLFhKCgexRU.000.mp4,1280,720,29.97,459,emotional_stability,low
98,3269,right_eye,659.6,237.4,789.2,332.8,984.5,386.8,1146.5,506.0,emotional_stability_low4_OLFhKCgexRU.000.mp4,1280,720,29.97,459,emotional_stability,low
98,3269,nose,574.8,300.1,665.5,430.2,878.5,465.1,991.9,627.7,emotional_stability_low4_OLFhKCgexRU.000.mp4,1280,720,29.97,459,emotional_stability,low
98,3269,mouth,562.1,443.8,714.4,540.7,862.7,644.7,1053.0,765.8,emotional_stability_low4_OLFhKCgexRU.000.mp4,1280,720,29.97,459,emotional_stability,low
98,3269,forehead,511.3,182.5,842.1,479.2,799.1,318.2,1212.6,689.0,emotional_stability_low4_OLFhKCgexRU.000.mp4,1280,720,29.97,459,emotional_stability,low
98,3269,chin,516.9,338.7,842.1,593.6,806.1,513.4,1212.6,832.0,emotional_stability_low4_OLFhKCgexRU.000.mp4,1280,720,29.97,459,emotional_stability,low
98,3269,left_cheek,501.1,337.5,579.8,473.5,786.3,511.9,884.8,681.9,emotional_stability_low4_OLFhKCgexRU.000.mp4,1280,720,29.97,459,emotional_stability,low
98,3269,right_cheek,683.4,352.3,806.8,492.1,1014.2,530.3,1168.6,705.1,emotional_stability_low4_OLFhKCgexRU.000.mp4,1280,720,29.97,459,emotional_stability,low
99,3303,left_eye,514.0,237.2,603.2,325.0,802.5,386.6,914.0,496.2,emotional_stability_low4_OLFhKCgexRU.000.mp4,1280,720,29.97,459,emotional_stability,low
99,3303,right_eye,658.8,236.0,788.2,332.4,983.5,385.0,1145.3,505.5,emotional_stability_low4_OLFhKCgexRU.000.mp4,1280,720,29.97,459,emotional_stability,low
99,3303,nose,574.8,300.1,663.4,430.2,878.5,465.2,989.2,627.7,emotional_stability_low4_OLFhKCgexRU.000.mp4,1280,720,29.97,459,emotional_stability,low
99,3303,mouth,563.3,446.8,707.8,546.2,864.1,648.5,1044.8,772.8,emotional_stability_low4_OLFhKCgexRU.000.mp4,1280,720,29.97,459,emotional_stability,low
99,3303,forehead,510.2,182.0,840.6,479.3,797.8,317.5,1210.8,689.2,emotional_stability_low4_OLFhKCgexRU.000.mp4,1280,720,29.97,459,emotional_stability,low
99,3303,chin,516.2,338.7,840.6,597.6,805.2,513.4,1210.8,836.9,emotional_stability_low4_OLFhKCgexRU.000.mp4,1280,720,29.97,459,emotional_stability,low
99,3303,left_cheek,501.0,338.0,579.3,478.0,786.2,512.5,884.2,687.5,emotional_stability_low4_OLFhKCgexRU.000.mp4,1280,720,29.97,459,emotional_stability,low
99,3303,right_cheek,682.0,352.5,805.8,495.5,1012.5,530.7,1167.3,709.4,emotional_stability_low4_OLFhKCgexRU.000.mp4,1280,720,29.97,459,emotional_stability,low
100,3336,left_eye,511.7,236.5,602.4,325.0,799.6,385.6,913.0,496.2,emotional_stability_low4_OLFhKCgexRU.000.mp4,1280,720,29.97,459,emotional_stability,low
100,3336,right_eye,657.9,234.4,787.0,331.5,982.4,383.0,1143.8,504.3,emotional_stability_low4_OLFhKCgexRU.000.mp4,1280,720,29.97,459,emotional_stability,low
100,3336,nose,574.9,300.2,663.0,430.1,878.7,465.2,988.8,627.6,emotional_stability_low4_OLFhKCgexRU.000.mp4,1280,720,29.97,459,emotional_stability,low
100,3336,mouth,565.2,447.9,704.9,549.7,866.5,649.9,1041.1,777.1,emotional_stability_low4_OLFhKCgexRU.000.mp4,1280,720,29.97,459,emotional_stability,low
100,3336,forehead,507.0,181.4,838.9,479.2,793.7,316.8,1208.7,689.0,emotional_stability_low4_OLFhKCgexRU.000.mp4,1280,720,29.97,459,emotional_stability,low
100,3336,chin,513.6,338.7,838.9,600.2,802.1,513.3,1208.7,840.3,emotional_stability_low4_OLFhKCgexRU.000.mp4,1280,720,29.97,459,emotional_stability,low
100,3336,left_cheek,500.8,338.7,579.0,480.6,785.9,513.3,883.7,690.7,emotional_stability_low4_OLFhKCgexRU.000.mp4,1280,720,29.97,459,emotional_stability,low
100,3336,right_cheek,681.6,352.2,805.1,496.5,1012.0,530.2,1166.4,710.6,emotional_stability_low4_OLFhKCgexRU.000.mp4,1280,720,29.97,459,emotional_stability,low
101,3370,left_eye,511.7,236.9,602.4,325.9,799.6,386.1,913.1,497.4,emotional_stability_low4_OLFhKCgexRU.000.mp4,1280,720,29.97,459,emotional_stability,low
101,3370,right_eye,657.9,234.5,786.8,331.4,982.4,383.1,1143.5,504.3,emotional_stability_low4_OLFhKCgexRU.000.mp4,1280,720,29.97,459,emotional_stability,low
101,3370,nose,575.9,300.8,663.2,430.1,879.8,465.9,989.0,627.6,emotional_stability_low4_OLFhKCgexRU.000.mp4,1280,720,29.97,459,emotional_stability,low
101,3370,mouth,567.1,449.1,705.3,551.8,868.9,651.4,1041.6,779.8,emotional_stability_low4_OLFhKCgexRU.000.mp4,1280,720,29.97,459,emotional_stability,low
101,3370,forehead,507.0,181.5,838.4,479.0,793.8,316.9,1208.0,688.7,emotional_stability_low4_OLFhKCgexRU.000.mp4,1280,720,29.97,459,emotional_stability,low
101,3370,chin,513.8,339.8,838.4,600.7,802.3,514.7,1208.0,840.8,emotional_stability_low4_OLFhKCgexRU.000.mp4,1280,720,29.97,459,emotional_stability,low
101,3370,left_cheek,501.2,340.6,579.0,482.4,786.5,515.8,883.7,693.1,emotional_stability_low4_OLFhKCgexRU.000.mp4,1280,720,29.97,459,emotional_stability,low
101,3370,right_cheek,681.7,352.0,805.1,496.7,1012.1,530.1,1166.4,710.9,emotional_stability_low4_OLFhKCgexRU.000.mp4,1280,720,29.97,459,emotional_stability,low
102,3403,left_eye,511.1,236.5,602.6,325.9,798.8,385.6,913.3,497.4,emotional_stability_low4_OLFhKCgexRU.000.mp4,1280,720,29.97,459,emotional_stability,low
102,3403,right_eye,658.0,233.6,787.0,330.9,982.5,382.0,1143.7,503.6,emotional_stability_low4_OLFhKCgexRU.000.mp4,1280,720,29.97,459,emotional_stability,low
102,3403,nose,577.1,300.0,664.9,429.4,881.4,465.1,991.2,626.7,emotional_stability_low4_OLFhKCgexRU.000.mp4,1280,720,29.97,459,emotional_stability,low
102,3403,mouth,569.0,448.9,706.5,551.4,871.2,651.1,1043.1,779.3,emotional_stability_low4_OLFhKCgexRU.000.mp4,1280,720,29.97,459,emotional_stability,low
102,3403,forehead,505.7,180.8,838.7,477.6,792.1,316.0,1208.4,686.9,emotional_stability_low4_OLFhKCgexRU.000.mp4,1280,720,29.97,459,emotional_stability,low
102,3403,chin,512.7,339.7,838.7,600.4,800.9,514.6,1208.4,840.5,emotional_stability_low4_OLFhKCgexRU.000.mp4,1280,720,29.97,459,emotional_stability,low
102,3403,left_cheek,501.2,340.6,579.3,481.9,786.5,515.7,884.1,692.3,emotional_stability_low4_OLFhKCgexRU.000.mp4,1280,720,29.97,459,emotional_stability,low
102,3403,right_cheek,682.8,350.9,805.5,496.5,1013.5,528.6,1166.9,710.6,emotional_stability_low4_OLFhKCgexRU.000.mp4,1280,720,29.97,459,emotional_stability,low
103,3436,left_eye,511.0,236.7,602.9,326.3,798.8,385.9,913.6,497.9,emotional_stability_low4_OLFhKCgexRU.000.mp4,1280,720,29.97,459,emotional_stability,low
103,3436,right_eye,658.2,232.4,787.1,330.4,982.8,380.5,1143.9,503.0,emotional_stability_low4_OLFhKCgexRU.000.mp4,1280,720,29.97,459,emotional_stability,low
103,3436,nose,579.5,300.1,666.7,429.3,884.3,465.1,993.3,626.6,emotional_stability_low4_OLFhKCgexRU.000.mp4,1280,720,29.97,459,emotional_stability,low
103,3436,mouth,571.3,449.2,706.9,555.0,874.2,651.5,1043.7,783.7,emotional_stability_low4_OLFhKCgexRU.000.mp4,1280,720,29.97,459,emotional_stability,low
103,3436,forehead,505.1,180.6,838.9,476.7,791.4,315.8,1208.6,685.9,emotional_stability_low4_OLFhKCgexRU.000.mp4,1280,720,29.97,459,emotional_stability,low
103,3436,chin,512.2,341.0,838.9,601.9,800.3,516.2,1208.6,842.4,emotional_stability_low4_OLFhKCgexRU.000.mp4,1280,720,29.97,459,emotional_stability,low
103,3436,left_cheek,501.2,342.0,580.1,483.5,786.5,517.5,885.1,694.3,emotional_stability_low4_OLFhKCgexRU.000.mp4,1280,720,29.97,459,emotional_stability,low
103,3436,right_cheek,684.1,349.8,806.3,496.2,1015.1,527.3,1167.8,710.3,emotional_stability_low4_OLFhKCgexRU.000.mp4,1280,720,29.97,459,emotional_stability,low
104,3470,left_eye,511.2,236.7,604.4,326.3,798.9,385.9,915.5,497.9,emotional_stability_low4_OLFhKCgexRU.000.mp4,1280,720,29.97,459,emotional_stability,low
104,3470,right_eye,659.6,231.3,787.2,329.2,984.4,379.2,1144.0,501.4,emotional_stability_low4_OLFhKCgexRU.000.mp4,1280,720,29.97,459,emotional_stability,low
104,3470,nose,582.7,299.9,670.4,427.5,888.3,464.9,998.0,624.4,emotional_stability_low4_OLFhKCgexRU.000.mp4,1280,720,29.97,459,emotional_stability,low
104,3470,mouth,573.8,448.9,708.4,553.2,877.3,651.2,1045.5,781.5,emotional_stability_low4_OLFhKCgexRU.000.mp4,1280,720,29.97,459,emotional_stability,low
104,3470,forehead,504.9,180.3,839.0,472.4,791.1,315.4,1208.8,680.5,emotional_stability_low4_OLFhKCgexRU.000.mp4,1280,720,29.97,459,emotional_stability,low
104,3470,chin,512.0,340.9,839.0,600.8,800.0,516.1,1208.8,841.0,emotional_stability_low4_OLFhKCgexRU.000.mp4,1280,720,29.97,459,emotional_stability,low
104,3470,left_cheek,501.3,342.0,582.2,482.6,786.6,517.5,887.7,693.2,emotional_stability_low4_OLFhKCgexRU.000.mp4,1280,720,29.97,459,emotional_stability,low
104,3470,right_cheek,686.6,347.1,807.0,493.4,1018.2,523.8,1168.8,706.8,emotional_stability_low4_OLFhKCgexRU.000.mp4,1280,720,29.97,459,emotional_stability,low
105,3503,left_eye,511.7,239.1,605.8,329.6,799.7,388.9,917.3,502.0,emotional_stability_low4_OLFhKCgexRU.000.mp4,1280,720,29.97,459,emotional_stability,low
105,3503,right_eye,660.5,231.7,787.5,329.5,985.7,379.6,1144.4,501.9,emotional_stability_low4_OLFhKCgexRU.000.mp4,1280,720,29.97,459,emotional_stability,low
105,3503,nose,584.6,302.4,672.5,429.3,890.7,468.0,1000.7,626.7,emotional_stability_low4_OLFhKCgexRU.000.mp4,1280,720,29.97,459,emotional_stability,low
105,3503,mouth,576.0,452.3,712.7,559.1,880.0,655.4,1050.8,788.8,emotional_stability_low4_OLFhKCgexRU.000.mp4,1280,720,29.97,459,emotional_stability,low
105,3503,forehead,505.0,180.5,839.4,475.3,791.3,315.6,1209.3,684.2,emotional_stability_low4_OLFhKCgexRU.000.mp4,1280,720,29.97,459,emotional_stability,low
105,3503,chin,512.6,344.4,839.4,607.4,800.7,520.4,1209.3,849.3,emotional_stability_low4_OLFhKCgexRU.000.mp4,1280,720,29.97,459,emotional_stability,low
105,3503,left_cheek,502.3,347.3,584.1,489.1,787.9,524.1,890.1,701.4,emotional_stability_low4_OLFhKCgexRU.000.mp4,1280,720,29.97,459,emotional_stability,low
105,3503,right_cheek,688.3,347.4,808.0,496.3,1020.4,524.2,1170.0,710.4,emotional_stability_low4_OLFhKCgexRU.000.mp4,1280,720,29.97,459,emotional_stability,low
106,3536,left_eye,511.8,239.0,607.4,329.7,799.7,388.8,919.2,502.2,emotional_stability_low4_OLFhKCgexRU.000.mp4,1280,720,29.97,459,emotional_stability,low
106,3536,right_eye,662.7,231.1,789.4,329.2,988.4,378.9,1146.7,501.4,emotional_stability_low4_OLFhKCgexRU.000.mp4,1280,720,29.97,459,emotional_stability,low
106,3536,nose,586.3,302.3,676.8,429.0,892.9,467.9,1006.0,626.3,emotional_stability_low4_OLFhKCgexRU.000.mp4,1280,720,29.97,459,emotional_stability,low
106,3536,mouth,578.0,452.5,717.5,559.7,882.5,655.6,1056.9,789.6,emotional_stability_low4_OLFhKCgexRU.000.mp4,1280,720,29.97,459,emotional_stability,low
106,3536,forehead,504.5,180.3,840.2,474.4,790.7,315.3,1210.3,682.9,emotional_stability_low4_OLFhKCgexRU.000.mp4,1280,720,29.97,459,emotional_stability,low
106,3536,chin,512.3,343.8,840.2,606.6,800.4,519.7,1210.3,848.2,emotional_stability_low4_OLFhKCgexRU.000.mp4,1280,720,29.97,459,emotional_stability,low
106,3536,left_cheek,502.6,347.4,585.6,488.6,788.2,524.3,892.0,700.8,emotional_stability_low4_OLFhKCgexRU.000.mp4,1280,720,29.97,459,emotional_stability,low
106,3536,right_cheek,692.0,346.7,810.6,495.9,1025.0,523.4,1173.2,709.9,emotional_stability_low4_OLFhKCgexRU.000.mp4,1280,720,29.97,459,emotional_stability,low
107,3570,left_eye,511.8,239.1,608.0,330.0,799.8,388.9,920.1,502.4,emotional_stability_low4_OLFhKCgexRU.000.mp4,1280,720,29.97,459,emotional_stability,low
107,3570,right_eye,663.8,229.7,791.5,328.8,989.8,377.1,1149.3,501.0,emotional_stability_low4_OLFhKCgexRU.000.mp4,1280,720,29.97,459,emotional_stability,low
107,3570,nose,587.9,301.9,678.8,428.6,894.9,467.3,1008.5,625.8,emotional_stability_low4_OLFhKCgexRU.000.mp4,1280,720,29.97,459,emotional_stability,low
107,3570,mouth,578.8,452.4,721.1,561.9,883.6,655.4,1061.3,792.4,emotional_stability_low4_OLFhKCgexRU.000.mp4,1280,720,29.97,459,emotional_stability,low
107,3570,forehead,503.4,179.1,841.6,474.3,789.3,313.9,1212.0,682.8,emotional_stability_low4_OLFhKCgexRU.000.mp4,1280,720,29.97,459,emotional_stability,low
107,3570,chin,511.3,343.7,841.6,608.5,799.2,519.6,1212.0,850.6,emotional_stability_low4_OLFhKCgexRU.000.mp4,1280,720,29.97,459,emotional_stability,low
107,3570,left_cheek,502.8,348.5,586.6,489.7,788.4,525.7,893.3,702.1,emotional_stability_low4_OLFhKCgexRU.000.mp4,1280,720,29.97,459,emotional_stability,low
107,3570,right_cheek,694.0,346.1,812.4,495.6,1027.5,522.6,1175.4,709.5,emotional_stability_low4_OLFhKCgexRU.000.mp4,1280,720,29.97,459,emotional_stability,low
108,3603,left_eye,512.4,239.0,608.8,329.8,800.5,388.7,921.0,502.2,emotional_stability_low4_OLFhKCgexRU.000.mp4,1280,720,29.97,459,emotional_stability,low
108,3603,right_eye,664.2,226.2,791.7,328.0,990.3,372.7,1149.6,500.0,emotional_stability_low4_OLFhKCgexRU.000.mp4,1280,720,29.97,459,emotional_stability,low
108,3603,nose,589.3,301.1,681.0,427.2,896.6,466.4,1011.2,624.0,emotional_stability_low4_OLFhKCgexRU.000.mp4,1280,720,29.97,459,emotional_stability,low
108,3603,mouth,578.7,451.1,726.1,559.5,883.4,653.9,1067.6,789.3,emotional_stability_low4_OLFhKCgexRU.000.mp4,1280,720,29.97,459,emotional_stability,low
108,3603,forehead,503.4,177.9,842.3,472.5,789.3,312.3,1212.9,680.6,emotional_stability_low4_OLFhKCgexRU.000.mp4,1280,720,29.97,459,emotional_stability,low
108,3603,chin,511.3,341.0,842.3,607.0,799.2,516.3,1212.9,848.7,emotional_stability_low4_OLFhKCgexRU.000.mp4,1280,720,29.97,459,emotional_stability,low
108,3603,left_cheek,503.1,348.8,587.7,489.2,788.9,526.0,894.6,701.5,emotional_stability_low4_OLFhKCgexRU.000.mp4,1280,720,29.97,459,emotional_stability,low
108,3603,right_cheek,695.1,343.0,812.7,492.7,1028.8,518.7,1175.9,705.8,emotional_stability_low4_OLFhKCgexRU.000.mp4,1280,720,29.97,459,emotional_stability,low
109,3636,left_eye,512.3,244.6,610.0,337.4,800.4,395.8,922.6,511.7,emotional_stability_low4_OLFhKCgexRU.000.mp4,1280,720,29.97,459,emotional_stability,low
109,3636,right_eye,664.6,226.8,791.7,330.1,990.8,373.5,1149.6,502.7,emotional_stability_low4_OLFhKCgexRU.000.mp4,1280,720,29.97,459,emotional_stability,low
109,3636,nose,592.4,303.6,684.8,431.2,900.5,469.6,1016.0,629.0,emotional_stability_low4_OLFhKCgexRU.000.mp4,1280,720,29.97,459,emotional_stability,low
109,3636,mouth,579.9,453.6,730.1,559.2,884.9,657.0,1072.6,789.0,emotional_stability_low4_OLFhKCgexRU.000.mp4,1280,720,29.97,459,emotional_stability,low
109,3636,forehead,503.0,179.4,843.5,481.1,788.8,314.3,1214.4,691.4,emotional_stability_low4_OLFhKCgexRU.000.mp4,1280,720,29.97,459,emotional_stability,low
109,3636,chin,511.2,341.8,843.5,606.8,799.0,517.3,1214.4,848.5,emotional_stability_low4_OLFhKCgexRU.000.mp4,1280,720,29.97,459,emotional_stability,low
109,3636,left_cheek,503.6,358.0,589.4,496.1,789.5,537.5,896.7,710.1,emotional_stability_low4_OLFhKCgexRU.000.mp4,1280,720,29.97,459,emotional_stability,low
109,3636,right_cheek,697.5,343.8,814.1,492.8,1031.8,519.7,1177.6,706.0,emotional_stability_low4_OLFhKCgexRU.000.mp4,1280,720,29.97,459,emotional_stability,low
110,3670,left_eye,511.9,246.5,609.7,338.1,799.8,398.2,922.2,512.7,emotional_stability_low4_OLFhKCgexRU.000.mp4,1280,720,29.97,459,emotional_stability,low
110,3670,right_eye,664.2,227.0,791.0,330.0,990.3,373.7,1148.8,502.5,emotional_stability_low4_OLFhKCgexRU.000.mp4,1280,720,29.97,459,emotional_stability,low
110,3670,nose,592.0,303.7,685.6,431.8,899.9,469.6,1017.0,629.8,emotional_stability_low4_OLFhKCgexRU.000.mp4,1280,720,29.97,459,emotional_stability,low
110,3670,mouth,579.8,453.5,733.1,553.5,884.7,656.9,1076.4,781.9,emotional_stability_low4_OLFhKCgexRU.000.mp4,1280,720,29.97,459,emotional_stability,low
110,3670,forehead,501.3,179.2,844.5,484.3,786.7,313.9,1215.7,695.4,emotional_stability_low4_OLFhKCgexRU.000.mp4,1280,720,29.97,459,emotional_stability,low
110,3670,chin,510.0,340.5,844.5,606.7,797.5,515.6,1215.7,848.4,emotional_stability_low4_OLFhKCgexRU.000.mp4,1280,720,29.97,459,emotional_stability,low
110,3670,left_cheek,503.6,359.6,589.1,497.4,789.5,539.5,896.4,711.8,emotional_stability_low4_OLFhKCgexRU.000.mp4,1280,720,29.97,459,emotional_stability,low
110,3670,right_cheek,697.3,342.0,814.0,491.1,1031.6,517.5,1177.5,703.8,emotional_stability_low4_OLFhKCgexRU.000.mp4,1280,720,29.97,459,emotional_stability,low
111,3703,left_eye,507.0,251.1,608.2,340.0,793.7,403.9,920.2,515.0,emotional_stability_low4_OLFhKCgexRU.000.mp4,1280,720,29.97,459,emotional_stability,low
111,3703,right_eye,662.7,226.3,788.0,326.7,988.3,372.9,1145.0,498.4,emotional_stability_low4_OLFhKCgexRU.000.mp4,1280,720,29.97,459,emotional_stability,low
111,3703,nose,593.2,304.6,687.7,432.1,901.5,470.8,1019.7,630.2,emotional_stability_low4_OLFhKCgexRU.000.mp4,1280,720,29.97,459,emotional_stability,low
111,3703,mouth,581.2,453.5,733.2,549.9,886.6,656.9,1076.5,777.4,emotional_stability_low4_OLFhKCgexRU.000.mp4,1280,720,29.97,459,emotional_stability,low
111,3703,forehead,494.9,179.1,844.4,489.4,778.6,313.9,1215.5,701.7,emotional_stability_low4_OLFhKCgexRU.000.mp4,1280,720,29.97,459,emotional_stability,low
111,3703,chin,505.6,336.0,844.4,606.1,792.1,510.0,1215.5,847.6,emotional_stability_low4_OLFhKCgexRU.000.mp4,1280,720,29.97,459,emotional_stability,low
111,3703,left_cheek,501.9,363.4,588.8,501.9,787.4,544.2,896.1,717.4,emotional_stability_low4_OLFhKCgexRU.000.mp4,1280,720,29.97,459,emotional_stability,low
111,3703,right_cheek,697.5,337.8,813.7,488.0,1031.9,512.3,1177.2,700.0,emotional_stability_low4_OLFhKCgexRU.000.mp4,1280,720,29.97,459,emotional_stability,low
112,3737,left_eye,501.7,252.9,605.7,341.1,787.1,406.1,917.2,516.4,emotional_stability_low4_OLFhKCgexRU.000.mp4,1280,720,29.97,459,emotional_stability,low
112,3737,right_eye,659.2,224.7,784.1,324.7,984.1,370.9,1140.1,495.8,emotional_stability_low4_OLFhKCgexRU.000.mp4,1280,720,29.97,459,emotional_stability,low
112,3737,nose,593.8,303.7,687.0,431.7,902.3,469.7,1018.8,629.7,emotional_stability_low4_OLFhKCgexRU.000.mp4,1280,720,29.97,459,emotional_stability,low
112,3737,mouth,583.2,452.2,733.7,548.2,889.0,655.2,1077.1,775.2,emotional_stability_low4_OLFhKCgexRU.000.mp4,1280,720,29.97,459,emotional_stability,low
112,3737,forehead,488.9,176.5,844.1,491.2,771.1,310.7,1215.1,704.1,emotional_stability_low4_OLFhKCgexRU.000.mp4,1280,720,29.97,459,emotional_stability,low
112,3737,chin,500.1,330.5,844.1,602.7,785.2,503.2,1215.1,843.4,emotional_stability_low4_OLFhKCgexRU.000.mp4,1280,720,29.97,459,emotional_stability,low
112,3737,left_cheek,498.0,365.4,588.7,503.9,782.5,546.7,895.8,719.9,emotional_stability_low4_OLFhKCgexRU.000.mp4,1280,720,29.97,459,emotional_stability,low
112,3737,right_cheek,697.3,332.8,814.3,483.5,1031.6,506.0,1177.9,694.4,emotional_stability_low4_OLFhKCgexRU.000.mp4,1280,720,29.97,459,emotional_stability,low
113,3770,left_eye,496.2,251.7,603.6,340.7,780.2,404.6,914.4,515.9,emotional_stability_low4_OLFhKCgexRU.000.mp4,1280,720,29.97,459,emotional_stability,low
113,3770,right_eye,656.6,218.8,781.1,319.4,980.7,363.5,1136.3,489.3,emotional_stability_low4_OLFhKCgexRU.000.mp4,1280,720,29.97,459,emotional_stability,low
113,3770,nose,595.6,298.0,688.0,426.3,904.5,462.5,1020.0,622.9,emotional_stability_low4_OLFhKCgexRU.000.mp4,1280,720,29.97,459,emotional_stability,low
113,3770,mouth,586.7,446.2,734.6,547.8,893.3,647.7,1078.3,774.8,emotional_stability_low4_OLFhKCgexRU.000.mp4,1280,720,29.97,459,emotional_stability,low
113,3770,forehead,482.5,170.9,842.2,492.6,763.1,303.7,1212.8,705.7,emotional_stability_low4_OLFhKCgexRU.000.mp4,1280,720,29.97,459,emotional_stability,low
113,3770,chin,495.2,323.4,842.2,599.8,779.0,494.2,1212.8,839.7,emotional_stability_low4_OLFhKCgexRU.000.mp4,1280,720,29.97,459,emotional_stability,low
113,3770,left_cheek,494.6,364.4,588.6,504.1,778.3,545.6,895.7,720.2,emotional_stability_low4_OLFhKCgexRU.000.mp4,1280,720,29.97,459,emotional_stability,low
113,3770,right_cheek,697.4,324.9,814.3,476.4,1031.8,496.2,1177.8,685.5,emotional_stability_low4_OLFhKCgexRU.000.mp4,1280,720,29.97,459,emotional_stability,low
114,3803,left_eye,493.2,251.2,602.1,340.0,776.5,404.1,912.6,515.0,emotional_stability_low4_OLFhKCgexRU.000.mp4,1280,720,29.97,459,emotional_stability,low
114,3803,right_eye,654.5,212.6,777.4,314.2,978.1,355.7,1131.7,482.8,emotional_stability_low4_OLFhKCgexRU.000.mp4,1280,720,29.97,459,emotional_stability,low
114,3803,nose,596.5,293.0,688.5,421.6,905.6,456.3,1020.7,616.9,emotional_stability_low4_OLFhKCgexRU.000.mp4,1280,720,29.97,459,emotional_stability,low
114,3803,mouth,590.2,440.7,735.7,545.9,897.8,640.8,1079.7,772.3,emotional_stability_low4_OLFhKCgexRU.000.mp4,1280,720,29.97,459,emotional_stability,low
114,3803,forehead,478.4,166.4,838.3,493.9,758.0,298.0,1207.8,707.4,emotional_stability_low4_OLFhKCgexRU.000.mp4,1280,720,29.97,459,emotional_stability,low
114,3803,chin,491.7,317.8,838.3,598.8,774.6,487.3,1207.8,838.5,emotional_stability_low4_OLFhKCgexRU.000.mp4,1280,720,29.97,459,emotional_stability,low
114,3803,left_cheek,493.3,363.6,588.4,504.4,776.7,544.5,895.5,720.6,emotional_stability_low4_OLFhKCgexRU.000.mp4,1280,720,29.97,459,emotional_stability,low
114,3803,right_cheek,697.3,318.9,813.7,472.1,1031.6,488.7,1177.1,680.2,emotional_stability_low4_OLFhKCgexRU.000.mp4,1280,720,29.97,459,emotional_stability,low
115,3837,left_eye,488.8,249.9,599.8,339.6,771.0,402.4,909.7,514.5,emotional_stability_low4_OLFhKCgexRU.000.mp4,1280,720,29.97,459,emotional_stability,low
115,3837,right_eye,650.4,209.4,772.2,311.0,973.0,351.8,1125.2,478.8,emotional_stability_low4_OLFhKCgexRU.000.mp4,1280,720,29.97,459,emotional_stability,low
115,3837,nose,596.6,290.1,687.7,418.6,905.7,452.6,1019.7,613.2,emotional_stability_low4_OLFhKCgexRU.000.mp4,1280,720,29.97,459,emotional_stability,low
115,3837,mouth,592.1,438.2,734.7,527.2,900.1,637.7,1078.4,748.9,emotional_stability_low4_OLFhKCgexRU.000.mp4,1280,720,29.97,459,emotional_stability,low
115,3837,forehead,473.7,163.8,835.3,495.2,752.1,294.7,1204.1,709.0,emotional_stability_low4_OLFhKCgexRU.000.mp4,1280,720,29.97,459,emotional_stability,low
115,3837,chin,488.6,314.0,835.3,589.2,770.7,482.6,1204.1,826.5,emotional_stability_low4_OLFhKCgexRU.000.mp4,1280,720,29.97,459,emotional_stability,low
115,3837,left_cheek,491.2,363.0,587.6,503.3,774.0,543.8,894.6,719.1,emotional_stability_low4_OLFhKCgexRU.000.mp4,1280,720,29.97,459,emotional_stability,low
115,3837,right_cheek,696.9,314.4,813.6,466.7,1031.1,483.0,1177.0,673.4,emotional_stability_low4_OLFhKCgexRU.000.mp4,1280,720,29.97,459,emotional_stability,low
116,3870,left_eye,488.6,249.1,600.0,339.5,770.8,401.4,910.0,514.4,emotional_stability_low4_OLFhKCgexRU.000.mp4,1280,720,29.97,459,emotional_stability,low
116,3870,right_eye,648.1,209.0,770.7,310.3,970.1,351.2,1123.4,477.9,emotional_stability_low4_OLFhKCgexRU.000.mp4,1280,720,29.97,459,emotional_stability,low
116,3870,nose,598.2,289.0,687.1,417.1,907.8,451.3,1018.9,611.4,emotional_stability_low4_OLFhKCgexRU.000.mp4,1280,720,29.97,459,emotional_stability,low
116,3870,mouth,593.3,438.2,734.1,517.8,901.6,637.8,1077.6,737.2,emotional_stability_low4_OLFhKCgexRU.000.mp4,1280,720,29.97,459,emotional_stability,low
116,3870,forehead,473.6,163.2,834.8,494.3,752.0,294.0,1203.5,707.9,emotional_stability_low4_OLFhKCgexRU.000.mp4,1280,720,29.97,459,emotional_stability,low
116,3870,chin,489.7,311.3,834.8,581.1,772.2,479.2,1203.5,816.4,emotional_stability_low4_OLFhKCgexRU.000.mp4,1280,720,29.97,459,emotional_stability,low
116,3870,left_cheek,491.5,362.7,587.5,502.3,774.3,543.3,894.4,717.8,emotional_stability_low4_OLFhKCgexRU.000.mp4,1280,720,29.97,459,emotional_stability,low
116,3870,right_cheek,696.2,312.0,813.3,462.6,1030.3,480.0,1176.7,668.3,emotional_stability_low4_OLFhKCgexRU.000.mp4,1280,720,29.97,459,emotional_stability,low
117,3903,left_eye,487.4,249.3,598.9,340.2,769.3,401.6,908.7,515.2,emotional_stability_low4_OLFhKCgexRU.000.mp4,1280,720,29.97,459,emotional_stability,low
117,3903,right_eye,644.5,209.3,767.0,310.6,965.6,351.6,1118.7,478.3,emotional_stability_low4_OLFhKCgexRU.000.mp4,1280,720,29.97,459,emotional_stability,low
117,3903,nose,598.5,289.6,685.3,418.1,908.1,452.1,1016.7,612.6,emotional_stability_low4_OLFhKCgexRU.000.mp4,1280,720,29.97,459,emotional_stability,low
117,3903,mouth,595.9,439.8,732.4,521.3,904.9,639.7,1075.5,741.6,emotional_stability_low4_OLFhKCgexRU.000.mp4,1280,720,29.97,459,emotional_stability,low
117,3903,forehead,471.6,163.3,833.1,495.0,749.5,294.1,1201.4,708.8,emotional_stability_low4_OLFhKCgexRU.000.mp4,1280,720,29.97,459,emotional_stability,low
117,3903,chin,489.8,310.3,833.1,580.6,772.2,477.9,1201.4,815.7,emotional_stability_low4_OLFhKCgexRU.000.mp4,1280,720,29.97,459,emotional_stability,low
117,3903,left_cheek,491.1,363.3,587.3,502.6,773.9,544.2,894.1,718.3,emotional_stability_low4_OLFhKCgexRU.000.mp4,1280,720,29.97,459,emotional_stability,low
117,3903,right_cheek,693.4,311.7,812.5,462.5,1026.7,479.6,1175.6,668.2,emotional_stability_low4_OLFhKCgexRU.000.mp4,1280,720,29.97,459,emotional_stability,low
118,3937,left_eye,488.5,250.1,599.1,343.0,770.6,402.6,908.8,518.8,emotional_stability_low4_OLFhKCgexRU.000.mp4,1280,720,29.97,459,emotional_stability,low
118,3937,right_eye,643.6,210.8,766.4,311.8,964.4,353.5,1118.0,479.7,emotional_stability_low4_OLFhKCgexRU.000.mp4,1280,720,29.97,459,emotional_stability,low
118,3937,nose,600.4,290.7,685.2,418.6,910.5,453.3,1016.6,613.2,emotional_stability_low4_OLFhKCgexRU.000.mp4,1280,720,29.97,459,emotional_stability,low
118,3937,mouth,601.3,444.5,730.0,526.1,911.6,645.6,1072.5,747.6,emotional_stability_low4_OLFhKCgexRU.000.mp4,1280,720,29.97,459,emotional_stability,low
118,3937,forehead,472.3,164.5,833.3,498.1,750.3,295.6,1201.6,712.6,emotional_stability_low4_OLFhKCgexRU.000.mp4,1280,720,29.97,459,emotional_stability,low
118,3937,chin,491.0,311.4,833.3,582.6,773.8,479.2,1201.6,818.2,emotional_stability_low4_OLFhKCgexRU.000.mp4,1280,720,29.97,459,emotional_stability,low
118,3937,left_cheek,491.8,366.6,587.4,505.9,774.7,548.2,894.3,722.3,emotional_stability_low4_OLFhKCgexRU.000.mp4,1280,720,29.97,459,emotional_stability,low
118,3937,right_cheek,692.8,313.7,812.2,465.8,1026.0,482.1,1175.2,672.3,emotional_stability_low4_OLFhKCgexRU.000.mp4,1280,720,29.97,459,emotional_stability,low
119,3970,left_eye,487.9,255.3,597.6,346.9,769.9,409.1,907.0,523.6,emotional_stability_low4_OLFhKCgexRU.000.mp4,1280,720,29.97,459,emotional_stability,low
119,3970,right_eye,640.3,211.2,763.7,312.7,960.3,354.0,1114.6,480.9,emotional_stability_low4_OLFhKCgexRU.000.mp4,1280,720,29.97,459,emotional_stability,low
119,3970,nose,599.6,294.2,683.9,423.6,909.5,457.7,1014.9,619.5,emotional_stability_low4_OLFhKCgexRU.000.mp4,1280,720,29.97,459,emotional_stability,low
119,3970,mouth,602.6,450.5,728.2,528.2,913.3,653.1,1070.3,750.3,emotional_stability_low4_OLFhKCgexRU.000.mp4,1280,720,29.97,459,emotional_stability,low
119,3970,forehead,472.3,165.5,833.5,500.0,750.4,296.9,1201.9,714.9,emotional_stability_low4_OLFhKCgexRU.000.mp4,1280,720,29.97,459,emotional_stability,low
119,3970,chin,492.0,311.2,833.5,583.8,775.0,479.0,1201.9,819.8,emotional_stability_low4_OLFhKCgexRU.000.mp4,1280,720,29.97,459,emotional_stability,low
119,3970,left_cheek,492.2,370.9,587.1,509.5,775.2,553.7,893.9,726.9,emotional_stability_low4_OLFhKCgexRU.000.mp4,1280,720,29.97,459,emotional_stability,low
119,3970,right_cheek,690.8,314.9,812.0,467.5,1023.5,483.6,1175.0,674.3,emotional_stability_low4_OLFhKCgexRU.000.mp4,1280,720,29.97,459,emotional_stability,low
120,4004,left_eye,487.4,261.3,596.8,351.7,769.2,416.7,906.0,529.7,emotional_stability_low4_OLFhKCgexRU.000.mp4,1280,720,29.97,459,emotional_stability,low
120,4004,right_eye,638.6,215.0,762.7,316.6,958.2,358.8,1113.3,485.7,emotional_stability_low4_OLFhKCgexRU.000.mp4,1280,720,29.97,459,emotional_stability,low
120,4004,nose,599.2,299.5,683.8,429.3,909.0,464.3,1014.7,626.6,emotional_stability_low4_OLFhKCgexRU.000.mp4,1280,720,29.97,459,emotional_stability,low
120,4004,mouth,602.4,452.4,731.1,536.6,913.0,655.5,1073.9,760.7,emotional_stability_low4_OLFhKCgexRU.000.mp4,1280,720,29.97,459,emotional_stability,low
120,4004,forehead,472.4,167.4,835.8,502.8,750.5,299.2,1204.8,718.5,emotional_stability_low4_OLFhKCgexRU.000.mp4,1280,720,29.97,459,emotional_stability,low
120,4004,chin,492.1,310.7,835.8,584.7,775.1,478.4,1204.8,820.9,emotional_stability_low4_OLFhKCgexRU.000.mp4,1280,720,29.97,459,emotional_stability,low
120,4004,left_cheek,492.4,375.6,586.6,513.6,775.6,559.5,893.3,732.0,emotional_stability_low4_OLFhKCgexRU.000.mp4,1280,720,29.97,459,emotional_stability,low
120,4004,right_cheek,690.3,315.7,812.9,468.5,1022.9,484.6,1176.1,675.6,emotional_stability_low4_OLFhKCgexRU.000.mp4,1280,720,29.97,459,emotional_stability,low
121,4037,left_eye,487.1,265.5,596.7,354.9,768.9,421.9,905.9,533.7,emotional_stability_low4_OLFhKCgexRU.000.mp4,1280,720,29.97,459,emotional_stability,low
121,4037,right_eye,637.0,217.7,761.3,319.6,956.3,362.1,1111.6,489.6,emotional_stability_low4_OLFhKCgexRU.000.mp4,1280,720,29.97,459,emotional_stability,low
121,4037,nose,599.0,303.7,683.9,432.2,908.8,469.6,1014.8,630.3,emotional_stability_low4_OLFhKCgexRU.000.mp4,1280,720,29.97,459,emotional_stability,low
121,4037,mouth,601.5,452.3,736.3,544.4,911.9,655.4,1080.4,770.5,emotional_stability_low4_OLFhKCgexRU.000.mp4,1280,720,29.97,459,emotional_stability,low
121,4037,forehead,472.7,169.7,838.5,504.2,750.9,302.1,1208.1,720.3,emotional_stability_low4_OLFhKCgexRU.000.mp4,1280,720,29.97,459,emotional_stability,low
121,4037,chin,493.8,308.7,838.5,588.1,777.3,475.9,1208.1,825.1,emotional_stability_low4_OLFhKCgexRU.000.mp4,1280,720,29.97,459,emotional_stability,low
121,4037,left_cheek,492.6,378.3,586.3,515.8,775.7,562.8,892.9,734.7,emotional_stability_low4_OLFhKCgexRU.000.mp4,1280,720,29.97,459,emotional_stability,low
121,4037,right_cheek,690.2,315.1,814.9,468.4,1022.8,483.9,1178.7,675.5,emotional_stability_low4_OLFhKCgexRU.000.mp4,1280,720,29.97,459,emotional_stability,low
122,4070,left_eye,485.9,267.0,596.5,356.2,767.3,423.8,905.7,535.2,emotional_stability_low4_OLFhKCgexRU.000.mp4,1280,720,29.97,459,emotional_stability,low
122,4070,right_eye,636.5,218.5,761.5,321.0,955.6,363.1,1111.8,491.2,emotional_stability_low4_OLFhKCgexRU.000.mp4,1280,720,29.97,459,emotional_stability,low
122,4070,nose,597.4,305.5,684.0,434.2,906.7,471.9,1015.0,632.8,emotional_stability_low4_OLFhKCgexRU.000.mp4,1280,720,29.97,459,emotional_stability,low
122,4070,mouth,600.7,453.4,741.3,547.8,910.9,656.7,1086.7,774.7,emotional_stability_low4_OLFhKCgexRU.000.mp4,1280,720,29.97,459,emotional_stability,low
122,4070,forehead,471.5,170.4,841.3,504.7,749.4,303.0,1211.6,720.8,emotional_stability_low4_OLFhKCgexRU.000.mp4,1280,720,29.97,459,emotional_stability,low
122,4070,chin,494.1,306.5,841.3,590.9,777.6,473.1,1211.6,828.6,emotional_stability_low4_OLFhKCgexRU.000.mp4,1280,720,29.97,459,emotional_stability,low
122,4070,left_cheek,492.5,379.5,585.6,517.5,775.6,564.4,892.0,736.8,emotional_stability_low4_OLFhKCgexRU.000.mp4,1280,720,29.97,459,emotional_stability,low
122,4070,right_cheek,690.3,314.1,817.7,468.4,1022.9,482.6,1182.1,675.5,emotional_stability_low4_OLFhKCgexRU.000.mp4,1280,720,29.97,459,emotional_stability,low
123,4104,left_eye,485.6,267.0,596.8,356.0,767.0,423.8,905.9,535.0,emotional_stability_low4_OLFhKCgexRU.000.mp4,1280,720,29.97,459,emotional_stability,low
123,4104,right_eye,636.8,218.6,762.3,321.2,956.0,363.3,1112.9,491.5,emotional_stability_low4_OLFhKCgexRU.000.mp4,1280,720,29.97,459,emotional_stability,low
123,4104,nose,596.3,305.4,684.4,434.7,905.3,471.8,1015.6,633.3,emotional_stability_low4_OLFhKCgexRU.000.mp4,1280,720,29.97,459,emotional_stability,low
123,4104,mouth,600.1,454.0,743.7,548.5,910.1,657.5,1089.6,775.6,emotional_stability_low4_OLFhKCgexRU.000.mp4,1280,720,29.97,459,emotional_stability,low
123,4104,forehead,470.8,170.5,842.9,504.6,748.5,303.1,1213.6,720.8,emotional_stability_low4_OLFhKCgexRU.000.mp4,1280,720,29.97,459,emotional_stability,low
123,4104,chin,494.2,305.2,842.9,591.8,777.8,471.5,1213.6,829.8,emotional_stability_low4_OLFhKCgexRU.000.mp4,1280,720,29.97,459,emotional_stability,low
123,4104,left_cheek,492.4,379.4,585.3,517.5,775.5,564.3,891.6,736.9,emotional_stability_low4_OLFhKCgexRU.000.mp4,1280,720,29.97,459,emotional_stability,low
123,4104,right_cheek,690.4,313.2,819.4,467.8,1022.9,481.5,1184.3,674.8,emotional_stability_low4_OLFhKCgexRU.000.mp4,1280,720,29.97,459,emotional_stability,low
124,4137,left_eye,486.2,266.3,596.8,355.2,767.7,422.9,906.0,534.0,emotional_stability_low4_OLFhKCgexRU.000.mp4,1280,720,29.97,459,emotional_stability,low
124,4137,right_eye,637.6,218.6,763.1,321.1,957.0,363.3,1113.9,491.3,emotional_stability_low4_OLFhKCgexRU.000.mp4,1280,720,29.97,459,emotional_stability,low
124,4137,nose,596.0,304.9,685.8,433.9,905.0,471.1,1017.3,632.4,emotional_stability_low4_OLFhKCgexRU.000.mp4,1280,720,29.97,459,emotional_stability,low
124,4137,mouth,599.6,453.6,745.7,548.9,909.6,657.0,1092.1,776.1,emotional_stability_low4_OLFhKCgexRU.000.mp4,1280,720,29.97,459,emotional_stability,low
124,4137,forehead,471.4,170.5,843.2,504.3,749.2,303.1,1214.0,720.4,emotional_stability_low4_OLFhKCgexRU.000.mp4,1280,720,29.97,459,emotional_stability,low
124,4137,chin,494.7,305.0,843.2,592.5,778.4,471.3,1214.0,830.6,emotional_stability_low4_OLFhKCgexRU.000.mp4,1280,720,29.97,459,emotional_stability,low
124,4137,left_cheek,492.4,378.6,585.3,516.9,775.6,563.3,891.6,736.1,emotional_stability_low4_OLFhKCgexRU.000.mp4,1280,720,29.97,459,emotional_stability,low
124,4137,right_cheek,691.1,312.6,820.4,467.2,1023.9,480.8,1185.6,674.0,emotional_stability_low4_OLFhKCgexRU.000.mp4,1280,720,29.97,459,emotional_stability,low
125,4170,left_eye,486.5,265.8,597.3,354.6,768.1,422.2,906.7,533.3,emotional_stability_low4_OLFhKCgexRU.000.mp4,1280,720,29.97,459,emotional_stability,low
125,4170,right_eye,638.3,218.6,763.7,320.9,957.9,363.3,1114.6,491.1,emotional_stability_low4_OLFhKCgexRU.000.mp4,1280,720,29.97,459,emotional_stability,low
125,4170,nose,596.0,304.5,686.8,433.5,905.0,470.7,1018.5,631.8,emotional_stability_low4_OLFhKCgexRU.000.mp4,1280,720,29.97,459,emotional_stability,low
125,4170,mouth,599.4,453.5,746.9,548.0,909.2,656.8,1093.6,775.1,emotional_stability_low4_OLFhKCgexRU.000.mp4,1280,720,29.97,459,emotional_stability,low
125,4170,forehead,471.9,170.5,843.7,503.7,749.9,303.1,1214.6,719.6,emotional_stability_low4_OLFhKCgexRU.000.mp4,1280,720,29.97,459,emotional_stability,low
125,4170,chin,496.7,304.8,843.7,592.4,780.8,471.0,1214.6,830.5,emotional_stability_low4_OLFhKCgexRU.000.mp4,1280,720,29.97,459,emotional_stability,low
125,4170,left_cheek,493.2,378.0,585.4,516.2,776.4,562.6,891.8,735.2,emotional_stability_low4_OLFhKCgexRU.000.mp4,1280,720,29.97,459,emotional_stability,low
125,4170,right_cheek,692.0,312.2,821.3,466.4,1025.0,480.2,1186.6,673.0,emotional_stability_low4_OLFhKCgexRU.000.mp4,1280,720,29.97,459,emotional_stability,low
126,4204,left_eye,486.8,265.7,598.2,354.3,768.6,422.1,907.8,532.9,emotional_stability_low4_OLFhKCgexRU.000.mp4,1280,720,29.97,459,emotional_stability,low
126,4204,right_eye,638.7,218.7,764.1,320.8,958.4,363.3,1115.1,491.0,emotional_stability_low4_OLFhKCgexRU.000.mp4,1280,720,29.97,459,emotional_stability,low
126,4204,nose,596.0,304.4,687.6,433.2,905.0,470.5,1019.5,631.5,emotional_stability_low4_OLFhKCgexRU.000.mp4,1280,720,29.97,459,emotional_stability,low
126,4204,mouth,599.1,453.4,747.2,547.2,908.9,656.7,1094.0,774.0,emotional_stability_low4_OLFhKCgexRU.000.mp4,1280,720,29.97,459,emotional_stability,low
126,4204,forehead,472.1,170.5,843.8,503.1,750.2,303.1,1214.8,718.9,emotional_stability_low4_OLFhKCgexRU.000.mp4,1280,720,29.97,459,emotional_stability,low
126,4204,chin,499.4,304.9,843.8,592.1,784.3,471.1,1214.8,830.2,emotional_stability_low4_OLFhKCgexRU.000.mp4,1280,720,29.97,459,emotional_stability,low
126,4204,left_cheek,494.8,377.6,585.8,515.5,778.5,562.1,892.3,734.4,emotional_stability_low4_OLFhKCgexRU.000.mp4,1280,720,29.97,459,emotional_stability,low
126,4204,right_cheek,692.7,312.2,821.6,465.8,1025.9,480.2,1187.0,672.3,emotional_stability_low4_OLFhKCgexRU.000.mp4,1280,720,29.97,459,emotional_stability,low
127,4237,left_eye,487.6,265.8,599.0,354.4,769.6,422.3,908.8,533.0,emotional_stability_low4_OLFhKCgexRU.000.mp4,1280,720,29.97,459,emotional_stability,low
127,4237,right_eye,638.9,218.9,764.3,320.8,958.6,363.6,1115.3,491.0,emotional_stability_low4_OLFhKCgexRU.000.mp4,1280,720,29.97,459,emotional_stability,low
127,4237,nose,595.9,304.7,687.9,433.6,904.9,470.9,1019.8,631.9,emotional_stability_low4_OLFhKCgexRU.000.mp4,1280,720,29.97,459,emotional_stability,low
127,4237,mouth,599.1,453.7,747.7,546.8,908.8,657.1,1094.6,773.4,emotional_stability_low4_OLFhKCgexRU.000.mp4,1280,720,29.97,459,emotional_stability,low
127,4237,forehead,473.3,170.5,844.1,502.8,751.7,303.1,1215.1,718.5,emotional_stability_low4_OLFhKCgexRU.000.mp4,1280,720,29.97,459,emotional_stability,low
127,4237,chin,502.1,305.1,844.1,591.9,787.6,471.4,1215.1,829.9,emotional_stability_low4_OLFhKCgexRU.000.mp4,1280,720,29.97,459,emotional_stability,low
127,4237,left_cheek,496.3,377.6,586.1,515.1,780.4,562.0,892.6,733.9,emotional_stability_low4_OLFhKCgexRU.000.mp4,1280,720,29.97,459,emotional_stability,low
127,4237,right_cheek,693.0,312.4,821.9,465.7,1026.2,480.5,1187.4,672.2,emotional_stability_low4_OLFhKCgexRU.000.mp4,1280,720,29.97,459,emotional_stability,low
128,4270,left_eye,488.6,266.0,599.7,354.6,770.7,422.5,909.7,533.3,emotional_stability_low4_OLFhKCgexRU.000.mp4,1280,720,29.97,459,emotional_stability,low
128,4270,right_eye,639.1,219.2,764.4,321.1,958.8,363.9,1115.5,491.4,emotional_stability_low4_OLFhKCgexRU.000.mp4,1280,720,29.97,459,emotional_stability,low
128,4270,nose,595.9,305.0,688.0,434.0,904.9,471.3,1020.0,632.6,emotional_stability_low4_OLFhKCgexRU.000.mp4,1280,720,29.97,459,emotional_stability,low
128,4270,mouth,599.0,454.5,747.8,544.5,908.7,658.1,1094.8,770.6,emotional_stability_low4_OLFhKCgexRU.000.mp4,1280,720,29.97,459,emotional_stability,low
128,4270,forehead,474.3,170.5,844.2,502.6,752.9,303.1,1215.3,718.3,emotional_stability_low4_OLFhKCgexRU.000.mp4,1280,720,29.97,459,emotional_stability,low
128,4270,chin,503.1,305.6,844.2,591.7,788.9,472.0,1215.3,829.6,emotional_stability_low4_OLFhKCgexRU.000.mp4,1280,720,29.97,459,emotional_stability,low
128,4270,left_cheek,497.4,377.7,586.4,514.9,781.7,562.1,893.0,733.6,emotional_stability_low4_OLFhKCgexRU.000.mp4,1280,720,29.97,459,emotional_stability,low
128,4270,right_cheek,693.3,312.6,822.2,465.9,1026.6,480.8,1187.8,672.4,emotional_stability_low4_OLFhKCgexRU.000.mp4,1280,720,29.97,459,emotional_stability,low
129,4304,left_eye,489.9,266.1,600.6,354.7,772.4,422.6,910.7,533.4,emotional_stability_low4_OLFhKCgexRU.000.mp4,1280,720,29.97,459,emotional_stability,low
129,4304,right_eye,639.3,219.7,765.2,321.8,959.2,364.6,1116.5,492.2,emotional_stability_low4_OLFhKCgexRU.000.mp4,1280,720,29.97,459,emotional_stability,low
129,4304,nose,596.2,305.2,688.5,434.6,905.2,471.5,1020.6,633.2,emotional_stability_low4_OLFhKCgexRU.000.mp4,1280,720,29.97,459,emotional_stability,low
129,4304,mouth,598.9,454.8,747.5,544.2,908.6,658.5,1094.4,770.3,emotional_stability_low4_OLFhKCgexRU.000.mp4,1280,720,29.97,459,emotional_stability,low
129,4304,forehead,475.9,170.9,844.1,502.5,754.9,303.6,1215.1,718.1,emotional_stability_low4_OLFhKCgexRU.000.mp4,1280,720,29.97,459,emotional_stability,low
129,4304,chin,504.3,306.6,844.1,591.7,790.3,473.2,1215.1,829.6,emotional_stability_low4_OLFhKCgexRU.000.mp4,1280,720,29.97,459,emotional_stability,low
129,4304,left_cheek,498.6,377.9,587.0,514.7,783.3,562.3,893.8,733.4,emotional_stability_low4_OLFhKCgexRU.000.mp4,1280,720,29.97,459,emotional_stability,low
129,4304,right_cheek,693.9,313.4,822.3,466.1,1027.4,481.7,1187.9,672.7,emotional_stability_low4_OLFhKCgexRU.000.mp4,1280,720,29.97,459,emotional_stability,low
130,4337,left_eye,490.6,265.1,599.8,353.4,773.2,421.4,909.8,531.8,emotional_stability_low4_OLFhKCgexRU.000.mp4,1280,720,29.97,459,emotional_stability,low
130,4337,right_eye,640.0,214.0,767.2,320.5,960.0,357.5,1119.0,490.6,emotional_stability_low4_OLFhKCgexRU.000.mp4,1280,720,29.97,459,emotional_stability,low
130,4337,nose,596.8,304.5,689.6,431.6,906.0,470.6,1022.0,629.5,emotional_stability_low4_OLFhKCgexRU.000.mp4,1280,720,29.97,459,emotional_stability,low
130,4337,mouth,599.4,452.3,747.9,544.0,909.3,655.3,1094.9,770.0,emotional_stability_low4_OLFhKCgexRU.000.mp4,1280,720,29.97,459,emotional_stability,low
130,4337,forehead,476.4,170.4,844.6,499.3,755.5,303.0,1215.7,714.2,emotional_stability_low4_OLFhKCgexRU.000.mp4,1280,720,29.97,459,emotional_stability,low
130,4337,chin,503.9,303.8,844.6,590.6,789.8,469.7,1215.7,828.2,emotional_stability_low4_OLFhKCgexRU.000.mp4,1280,720,29.97,459,emotional_stability,low
130,4337,left_cheek,498.6,377.2,587.5,512.7,783.3,561.5,894.4,730.9,emotional_stability_low4_OLFhKCgexRU.000.mp4,1280,720,29.97,459,emotional_stability,low
130,4337,right_cheek,695.3,311.2,822.4,464.5,1029.1,479.0,1188.0,670.6,emotional_stability_low4_OLFhKCgexRU.000.mp4,1280,720,29.97,459,emotional_stability,low
131,4371,left_eye,492.0,263.9,599.6,353.4,775.0,419.9,909.5,531.8,emotional_stability_low4_OLFhKCgexRU.000.mp4,1280,720,29.97,459,emotional_stability,low
131,4371,right_eye,639.5,213.1,766.4,320.3,959.4,356.4,1117.9,490.4,emotional_stability_low4_OLFhKCgexRU.000.mp4,1280,720,29.97,459,emotional_stability,low
131,4371,nose,596.3,304.7,688.8,431.2,905.4,470.9,1021.0,629.0,emotional_stability_low4_OLFhKCgexRU.000.mp4,1280,720,29.97,459,emotional_stability,low
131,4371,mouth,600.0,452.3,747.5,547.5,909.9,655.3,1094.3,774.3,emotional_stability_low4_OLFhKCgexRU.000.mp4,1280,720,29.97,459,emotional_stability,low
131,4371,forehead,479.0,170.9,844.5,497.2,758.8,303.7,1215.6,711.5,emotional_stability_low4_OLFhKCgexRU.000.mp4,1280,720,29.97,459,emotional_stability,low
131,4371,chin,507.0,304.1,844.5,591.4,793.8,470.1,1215.6,829.2,emotional_stability_low4_OLFhKCgexRU.000.mp4,1280,720,29.97,459,emotional_stability,low
131,4371,left_cheek,500.3,377.1,587.5,511.8,785.4,561.4,894.4,729.8,emotional_stability_low4_OLFhKCgexRU.000.mp4,1280,720,29.97,459,emotional_stability,low
131,4371,right_cheek,694.4,311.5,821.6,464.6,1028.0,479.4,1187.0,670.8,emotional_stability_low4_OLFhKCgexRU.000.mp4,1280,720,29.97,459,emotional_stability,low
132,4404,left_eye,493.0,263.6,599.3,353.3,776.3,419.5,909.1,531.6,emotional_stability_low4_OLFhKCgexRU.000.mp4,1280,720,29.97,459,emotional_stability,low
132,4404,right_eye,639.1,213.1,766.3,319.5,958.9,356.4,1117.9,489.4,emotional_stability_low4_OLFhKCgexRU.000.mp4,1280,720,29.97,459,emotional_stability,low
132,4404,nose,595.7,304.8,687.6,430.3,904.7,471.0,1019.5,627.9,emotional_stability_low4_OLFhKCgexRU.000.mp4,1280,720,29.97,459,emotional_stability,low
132,4404,mouth,599.9,451.4,747.1,548.0,909.9,654.2,1093.9,775.0,emotional_stability_low4_OLFhKCgexRU.000.mp4,1280,720,29.97,459,emotional_stability,low
132,4404,forehead,481.3,171.7,844.9,492.6,761.6,304.7,1216.1,705.7,emotional_stability_low4_OLFhKCgexRU.000.mp4,1280,720,29.97,459,emotional_stability,low
132,4404,chin,509.6,303.1,844.9,590.6,797.0,468.9,1216.1,828.2,emotional_stability_low4_OLFhKCgexRU.000.mp4,1280,720,29.97,459,emotional_stability,low
132,4404,left_cheek,501.3,375.9,587.5,508.8,786.6,559.9,894.4,725.9,emotional_stability_low4_OLFhKCgexRU.000.mp4,1280,720,29.97,459,emotional_stability,low
132,4404,right_cheek,693.6,311.3,821.3,464.3,1027.0,479.2,1186.6,670.4,emotional_stability_low4_OLFhKCgexRU.000.mp4,1280,720,29.97,459,emotional_stability,low
133,4437,left_eye,494.8,263.6,598.9,352.5,778.5,419.5,908.7,530.6,emotional_stability_low4_OLFhKCgexRU.000.mp4,1280,720,29.97,459,emotional_stability,low
133,4437,right_eye,639.0,213.8,766.3,319.5,958.7,357.2,1117.9,489.3,emotional_stability_low4_OLFhKCgexRU.000.mp4,1280,720,29.97,459,emotional_stability,low
133,4437,nose,593.9,305.1,685.6,430.6,902.3,471.4,1017.0,628.2,emotional_stability_low4_OLFhKCgexRU.000.mp4,1280,720,29.97,459,emotional_stability,low
133,4437,mouth,599.9,452.5,746.9,548.3,909.8,655.6,1093.6,775.4,emotional_stability_low4_OLFhKCgexRU.000.mp4,1280,720,29.97,459,emotional_stability,low
133,4437,forehead,484.8,172.9,845.4,491.2,766.0,306.2,1216.8,704.0,emotional_stability_low4_OLFhKCgexRU.000.mp4,1280,720,29.97,459,emotional_stability,low
133,4437,chin,512.9,303.6,845.4,590.3,801.1,469.5,1216.8,827.8,emotional_stability_low4_OLFhKCgexRU.000.mp4,1280,720,29.97,459,emotional_stability,low
133,4437,left_cheek,503.1,375.3,587.4,507.7,788.8,559.1,894.3,724.7,emotional_stability_low4_OLFhKCgexRU.000.mp4,1280,720,29.97,459,emotional_stability,low
133,4437,right_cheek,692.6,312.8,821.2,465.1,1025.8,480.9,1186.4,671.4,emotional_stability_low4_OLFhKCgexRU.000.mp4,1280,720,29.97,459,emotional_stability,low
134,4471,left_eye,496.5,262.8,598.2,350.3,780.7,418.5,907.7,527.9,emotional_stability_low4_OLFhKCgexRU.000.mp4,1280,720,29.97,459,emotional_stability,low
134,4471,right_eye,638.7,217.7,766.9,319.5,958.4,362.2,1118.6,489.4,emotional_stability_low4_OLFhKCgexRU.000.mp4,1280,720,29.97,459,emotional_stability,low
134,4471,nose,590.5,305.5,681.9,432.5,898.2,471.9,1012.3,630.7,emotional_stability_low4_OLFhKCgexRU.000.mp4,1280,720,29.97,459,emotional_stability,low
134,4471,mouth,599.0,455.5,745.9,548.9,908.7,659.4,1092.4,776.2,emotional_stability_low4_OLFhKCgexRU.000.mp4,1280,720,29.97,459,emotional_stability,low
134,4471,forehead,488.1,174.3,846.5,487.8,770.1,307.9,1218.1,699.8,emotional_stability_low4_OLFhKCgexRU.000.mp4,1280,720,29.97,459,emotional_stability,low
134,4471,chin,516.6,306.4,846.5,590.1,805.7,473.0,1218.1,827.6,emotional_stability_low4_OLFhKCgexRU.000.mp4,1280,720,29.97,459,emotional_stability,low
134,4471,left_cheek,504.5,374.2,586.6,506.2,790.6,557.7,893.3,722.7,emotional_stability_low4_OLFhKCgexRU.000.mp4,1280,720,29.97,459,emotional_stability,low
134,4471,right_cheek,690.8,316.1,820.9,467.9,1023.5,485.2,1186.2,674.9,emotional_stability_low4_OLFhKCgexRU.000.mp4,1280,720,29.97,459,emotional_stability,low
135,4504,left_eye,496.8,260.5,597.3,345.9,781.0,415.7,906.6,522.4,emotional_stability_low4_OLFhKCgexRU.000.mp4,1280,720,29.97,459,emotional_stability,low
135,4504,right_eye,638.6,218.8,768.5,319.3,958.2,363.6,1120.6,489.2,emotional_stability_low4_OLFhKCgexRU.000.mp4,1280,720,29.97,459,emotional_stability,low
135,4504,nose,587.2,305.2,678.2,433.2,894.0,471.5,1007.7,631.4,emotional_stability_low4_OLFhKCgexRU.000.mp4,1280,720,29.97,459,emotional_stability,low
135,4504,mouth,596.2,456.0,743.5,549.5,905.3,660.0,1089.4,776.8,emotional_stability_low4_OLFhKCgexRU.000.mp4,1280,720,29.97,459,emotional_stability,low
135,4504,forehead,488.8,174.2,847.5,481.7,771.0,307.7,1219.3,692.1,emotional_stability_low4_OLFhKCgexRU.000.mp4,1280,720,29.97,459,emotional_stability,low
135,4504,chin,518.2,307.3,847.5,589.9,807.8,474.1,1219.3,827.4,emotional_stability_low4_OLFhKCgexRU.000.mp4,1280,720,29.97,459,emotional_stability,low
135,4504,left_cheek,504.9,370.7,585.0,502.5,791.1,553.4,891.2,718.1,emotional_stability_low4_OLFhKCgexRU.000.mp4,1280,720,29.97,459,emotional_stability,low
135,4504,right_cheek,688.7,317.7,820.3,469.5,1020.9,487.2,1185.4,676.9,emotional_stability_low4_OLFhKCgexRU.000.mp4,1280,720,29.97,459,emotional_stability,low
136,4537,left_eye,497.7,258.7,596.5,343.6,782.1,413.4,905.6,519.5,emotional_stability_low4_OLFhKCgexRU.000.mp4,1280,720,29.97,459,emotional_stability,low
136,4537,right_eye,637.8,220.8,768.6,319.3,957.2,366.0,1120.8,489.1,emotional_stability_low4_OLFhKCgexRU.000.mp4,1280,720,29.97,459,emotional_stability,low
136,4537,nose,584.5,305.2,674.2,433.5,890.7,471.5,1002.7,631.9,emotional_stability_low4_OLFhKCgexRU.000.mp4,1280,720,29.97,459,emotional_stability,low
136,4537,mouth,593.6,455.9,739.9,549.2,902.0,659.8,1084.8,776.5,emotional_stability_low4_OLFhKCgexRU.000.mp4,1280,720,29.97,459,emotional_stability,low
136,4537,forehead,491.0,174.2,848.0,478.1,773.7,307.7,1219.9,687.6,emotional_stability_low4_OLFhKCgexRU.000.mp4,1280,720,29.97,459,emotional_stability,low
136,4537,chin,520.3,307.8,848.0,589.8,810.3,474.8,1219.9,827.2,emotional_stability_low4_OLFhKCgexRU.000.mp4,1280,720,29.97,459,emotional_stability,low
136,4537,left_cheek,505.3,367.2,583.3,499.9,791.7,549.0,889.1,714.9,emotional_stability_low4_OLFhKCgexRU.000.mp4,1280,720,29.97,459,emotional_stability,low
136,4537,right_cheek,686.1,319.0,818.9,470.8,1017.7,488.7,1183.6,678.6,emotional_stability_low4_OLFhKCgexRU.000.mp4,1280,720,29.97,459,emotional_stability,low
137,4571,left_eye,499.0,259.0,596.6,344.3,783.8,413.8,905.7,520.3,emotional_stability_low4_OLFhKCgexRU.000.mp4,1280,720,29.97,459,emotional_stability,low
137,4571,right_eye,637.7,224.3,769.0,320.5,957.2,370.4,1121.3,490.6,emotional_stability_low4_OLFhKCgexRU.000.mp4,1280,720,29.97,459,emotional_stability,low
137,4571,nose,584.4,305.9,673.6,435.5,890.6,472.4,1002.0,634.4,emotional_stability_low4_OLFhKCgexRU.000.mp4,1280,720,29.97,459,emotional_stability,low
137,4571,mouth,593.7,457.6,738.2,548.9,902.1,662.0,1082.8,776.1,emotional_stability_low4_OLFhKCgexRU.000.mp4,1280,720,29.97,459,emotional_stability,low
137,4571,forehead,494.0,175.9,848.6,478.2,777.5,309.8,1220.7,687.8,emotional_stability_low4_OLFhKCgexRU.000.mp4,1280,720,29.97,459,emotional_stability,low
137,4571,chin,522.9,310.6,848.6,590.7,813.6,478.2,1220.7,828.3,emotional_stability_low4_OLFhKCgexRU.000.mp4,1280,720,29.97,459,emotional_stability,low
137,4571,left_cheek,506.8,367.5,583.2,500.1,793.5,549.3,889.0,715.1,emotional_stability_low4_OLFhKCgexRU.000.mp4,1280,720,29.97,459,emotional_stability,low
137,4571,right_cheek,685.7,322.0,818.4,473.3,1017.1,492.5,1183.0,681.6,emotional_stability_low4_OLFhKCgexRU.000.mp4,1280,720,29.97,459,emotional_stability,low
138,4604,left_eye,500.0,256.8,596.6,342.0,785.0,411.0,905.7,517.5,emotional_stability_low4_OLFhKCgexRU.000.mp4,1280,720,29.97,459,emotional_stability,low
138,4604,right_eye,638.1,224.1,771.3,320.5,957.7,370.1,1124.1,490.6,emotional_stability_low4_OLFhKCgexRU.000.mp4,1280,720,29.97,459,emotional_stability,low
138,4604,nose,584.6,305.6,672.8,435.3,890.8,472.0,1001.0,634.2,emotional_stability_low4_OLFhKCgexRU.000.mp4,1280,720,29.97,459,emotional_stability,low
138,4604,mouth,593.3,457.4,735.3,546.3,901.7,661.7,1079.2,772.9,emotional_stability_low4_OLFhKCgexRU.000.mp4,1280,720,29.97,459,emotional_stability,low
138,4604,forehead,495.2,175.7,849.0,473.5,779.0,309.6,1221.2,681.9,emotional_stability_low4_OLFhKCgexRU.000.mp4,1280,720,29.97,459,emotional_stability,low
138,4604,chin,524.1,310.8,849.0,590.6,815.1,478.5,1221.2,828.3,emotional_stability_low4_OLFhKCgexRU.000.mp4,1280,720,29.97,459,emotional_stability,low
138,4604,left_cheek,507.9,363.2,583.3,496.7,794.8,544.0,889.1,710.9,emotional_stability_low4_OLFhKCgexRU.000.mp4,1280,720,29.97,459,emotional_stability,low
138,4604,right_cheek,685.4,322.3,817.8,473.7,1016.8,492.9,1182.3,682.1,emotional_stability_low4_OLFhKCgexRU.000.mp4,1280,720,29.97,459,emotional_stability,low
139,4637,left_eye,501.2,256.4,596.7,341.1,786.5,410.5,905.9,516.4,emotional_stability_low4_OLFhKCgexRU.000.mp4,1280,720,29.97,459,emotional_stability,low
139,4637,right_eye,638.6,225.0,772.5,320.5,958.2,371.2,1125.7,490.6,emotional_stability_low4_OLFhKCgexRU.000.mp4,1280,720,29.97,459,emotional_stability,low
139,4637,nose,584.5,305.6,673.1,435.2,890.7,472.0,1001.3,634.0,emotional_stability_low4_OLFhKCgexRU.000.mp4,1280,720,29.97,459,emotional_stability,low
139,4637,mouth,593.5,457.1,734.4,546.3,901.9,661.4,1078.0,772.9,emotional_stability_low4_OLFhKCgexRU.000.mp4,1280,720,29.97,459,emotional_stability,low
139,4637,forehead,497.5,175.9,850.3,471.8,781.8,309.9,1222.8,679.7,emotional_stability_low4_OLFhKCgexRU.000.mp4,1280,720,29.97,459,emotional_stability,low
139,4637,chin,525.3,311.3,850.3,590.6,816.6,479.1,1222.8,828.3,emotional_stability_low4_OLFhKCgexRU.000.mp4,1280,720,29.97,459,emotional_stability,low
139,4637,left_cheek,508.7,362.2,583.4,495.5,795.8,542.7,889.2,709.4,emotional_stability_low4_OLFhKCgexRU.000.mp4,1280,720,29.97,459,emotional_stability,low
139,4637,right_cheek,685.7,323.0,817.8,474.1,1017.1,493.7,1182.3,682.6,emotional_stability_low4_OLFhKCgexRU.000.mp4,1280,720,29.97,459,emotional_stability,low
140,4671,left_eye,501.6,256.6,597.3,341.3,786.9,410.8,906.7,516.6,emotional_stability_low4_OLFhKCgexRU.000.mp4,1280,720,29.97,459,emotional_stability,low
140,4671,right_eye,639.1,226.1,772.5,321.0,958.9,372.7,1125.6,491.2,emotional_stability_low4_OLFhKCgexRU.000.mp4,1280,720,29.97,459,emotional_stability,low
140,4671,nose,584.7,305.9,673.3,435.2,890.9,472.4,1001.6,634.0,emotional_stability_low4_OLFhKCgexRU.000.mp4,1280,720,29.97,459,emotional_stability,low
140,4671,mouth,593.6,457.1,733.9,546.3,902.0,661.4,1077.3,772.9,emotional_stability_low4_OLFhKCgexRU.000.mp4,1280,720,29.97,459,emotional_stability,low
140,4671,forehead,498.1,177.0,850.1,471.8,782.6,311.2,1222.6,679.7,emotional_stability_low4_OLFhKCgexRU.000.mp4,1280,720,29.97,459,emotional_stability,low
140,4671,chin,525.7,312.4,850.1,590.6,817.1,480.5,1222.6,828.2,emotional_stability_low4_OLFhKCgexRU.000.mp4,1280,720,29.97,459,emotional_stability,low
140,4671,left_cheek,509.2,362.2,583.4,495.4,796.5,542.8,889.3,709.3,emotional_stability_low4_OLFhKCgexRU.000.mp4,1280,720,29.97,459,emotional_stability,low
140,4671,right_cheek,685.8,324.1,817.5,475.0,1017.2,495.2,1181.8,683.8,emotional_stability_low4_OLFhKCgexRU.000.mp4,1280,720,29.97,459,emotional_stability,low
141,4704,left_eye,501.3,256.6,597.4,341.1,786.6,410.7,906.7,516.3,emotional_stability_low4_OLFhKCgexRU.000.mp4,1280,720,29.97,459,emotional_stability,low
141,4704,right_eye,639.2,226.6,772.5,321.2,959.0,373.3,1125.7,491.5,emotional_stability_low4_OLFhKCgexRU.000.mp4,1280,720,29.97,459,emotional_stability,low
141,4704,nose,584.4,306.0,673.2,435.3,890.5,472.5,1001.5,634.2,emotional_stability_low4_OLFhKCgexRU.000.mp4,1280,720,29.97,459,emotional_stability,low
141,4704,mouth,593.6,457.2,733.3,546.4,901.9,661.5,1076.6,773.0,emotional_stability_low4_OLFhKCgexRU.000.mp4,1280,720,29.97,459,emotional_stability,low
141,4704,forehead,497.3,177.3,850.2,471.4,781.7,311.6,1222.7,679.3,emotional_stability_low4_OLFhKCgexRU.000.mp4,1280,720,29.97,459,emotional_stability,low
141,4704,chin,524.8,312.6,850.2,590.7,816.0,480.8,1222.7,828.3,emotional_stability_low4_OLFhKCgexRU.000.mp4,1280,720,29.97,459,emotional_stability,low
141,4704,left_cheek,509.0,361.8,583.4,495.3,796.2,542.3,889.3,709.1,emotional_stability_low4_OLFhKCgexRU.000.mp4,1280,720,29.97,459,emotional_stability,low
141,4704,right_cheek,685.6,324.5,817.3,475.5,1017.1,495.7,1181.6,684.4,emotional_stability_low4_OLFhKCgexRU.000.mp4,1280,720,29.97,459,emotional_stability,low
142,4738,left_eye,501.6,256.1,597.7,340.5,787.0,410.2,907.1,515.6,emotional_stability_low4_OLFhKCgexRU.000.mp4,1280,720,29.97,459,emotional_stability,low
142,4738,right_eye,639.9,226.7,773.5,321.3,959.9,373.4,1126.9,491.6,emotional_stability_low4_OLFhKCgexRU.000.mp4,1280,720,29.97,459,emotional_stability,low
142,4738,nose,584.5,305.9,673.5,435.5,890.6,472.3,1001.9,634.4,emotional_stability_low4_OLFhKCgexRU.000.mp4,1280,720,29.97,459,emotional_stability,low
142,4738,mouth,593.6,457.3,733.9,546.6,902.0,661.6,1077.4,773.3,emotional_stability_low4_OLFhKCgexRU.000.mp4,1280,720,29.97,459,emotional_stability,low
142,4738,forehead,497.4,177.1,850.3,470.9,781.7,311.4,1222.9,678.7,emotional_stability_low4_OLFhKCgexRU.000.mp4,1280,720,29.97,459,emotional_stability,low
142,4738,chin,524.5,312.8,850.3,591.0,815.7,481.1,1222.9,828.8,emotional_stability_low4_OLFhKCgexRU.000.mp4,1280,720,29.97,459,emotional_stability,low
142,4738,left_cheek,509.2,361.0,583.5,494.9,796.6,541.2,889.3,708.7,emotional_stability_low4_OLFhKCgexRU.000.mp4,1280,720,29.97,459,emotional_stability,low
142,4738,right_cheek,685.8,324.7,817.3,475.8,1017.2,495.9,1181.7,684.7,emotional_stability_low4_OLFhKCgexRU.000.mp4,1280,720,29.97,459,emotional_stability,low
143,4771,left_eye,502.4,256.3,598.7,340.6,788.0,410.4,908.3,515.8,emotional_stability_low4_OLFhKCgexRU.000.mp4,1280,720,29.97,459,emotional_stability,low
143,4771,right_eye,641.0,227.1,774.7,321.8,961.2,373.9,1128.3,492.2,emotional_stability_low4_OLFhKCgexRU.000.mp4,1280,720,29.97,459,emotional_stability,low
143,4771,nose,584.6,305.9,673.7,436.2,890.8,472.3,1002.2,635.2,emotional_stability_low4_OLFhKCgexRU.000.mp4,1280,720,29.97,459,emotional_stability,low
143,4771,mouth,593.7,457.6,734.7,548.1,902.1,662.0,1078.4,775.2,emotional_stability_low4_OLFhKCgexRU.000.mp4,1280,720,29.97,459,emotional_stability,low
143,4771,forehead,498.3,177.4,851.2,471.7,782.9,311.7,1224.0,679.6,emotional_stability_low4_OLFhKCgexRU.000.mp4,1280,720,29.97,459,emotional_stability,low
143,4771,chin,524.9,313.7,851.2,591.7,816.1,482.1,1224.0,829.6,emotional_stability_low4_OLFhKCgexRU.000.mp4,1280,720,29.97,459,emotional_stability,low
143,4771,left_cheek,509.6,361.4,583.7,495.3,797.1,541.7,889.6,709.1,emotional_stability_low4_OLFhKCgexRU.000.mp4,1280,720,29.97,459,emotional_stability,low
143,4771,right_cheek,686.1,325.4,818.1,476.3,1017.7,496.7,1182.6,685.4,emotional_stability_low4_OLFhKCgexRU.000.mp4,1280,720,29.97,459,emotional_stability,low
144,4804,left_eye,503.5,256.5,600.0,340.9,789.4,410.6,910.0,516.1,emotional_stability_low4_OLFhKCgexRU.000.mp4,1280,720,29.97,459,emotional_stability,low
144,4804,right_eye,643.5,228.3,778.0,322.6,964.3,375.4,1132.5,493.2,emotional_stability_low4_OLFhKCgexRU.000.mp4,1280,720,29.97,459,emotional_stability,low
144,4804,nose,584.7,306.0,675.1,437.7,890.9,472.5,1003.8,637.2,emotional_stability_low4_OLFhKCgexRU.000.mp4,1280,720,29.97,459,emotional_stability,low
144,4804,mouth,593.7,458.5,739.2,552.0,902.2,663.1,1084.0,780.0,emotional_stability_low4_OLFhKCgexRU.000.mp4,1280,720,29.97,459,emotional_stability,low
144,4804,forehead,499.7,177.8,852.3,472.6,784.6,312.2,1225.3,680.7,emotional_stability_low4_OLFhKCgexRU.000.mp4,1280,720,29.97,459,emotional_stability,low
144,4804,chin,525.9,315.8,852.3,595.0,817.4,484.7,1225.3,833.7,emotional_stability_low4_OLFhKCgexRU.000.mp4,1280,720,29.97,459,emotional_stability,low
144,4804,left_cheek,510.5,362.1,584.6,495.4,798.2,542.7,890.7,709.2,emotional_stability_low4_OLFhKCgexRU.000.mp4,1280,720,29.97,459,emotional_stability,low
144,4804,right_cheek,688.2,326.9,820.2,478.0,1020.3,498.6,1185.3,687.6,emotional_stability_low4_OLFhKCgexRU.000.mp4,1280,720,29.97,459,emotional_stability,low
145,4838,left_eye,504.1,256.5,600.9,341.0,790.2,410.7,911.1,516.3,emotional_stability_low4_OLFhKCgexRU.000.mp4,1280,720,29.97,459,emotional_stability,low
145,4838,right_eye,645.0,228.9,779.6,323.4,966.3,376.2,1134.5,494.2,emotional_stability_low4_OLFhKCgexRU.000.mp4,1280,720,29.97,459,emotional_stability,low
145,4838,nose,584.7,306.2,675.5,439.2,890.9,472.8,1004.3,638.9,emotional_stability_low4_OLFhKCgexRU.000.mp4,1280,720,29.97,459,emotional_stability,low
145,4838,mouth,593.8,459.6,740.4,554.4,902.2,664.5,1085.5,783.1,emotional_stability_low4_OLFhKCgexRU.000.mp4,1280,720,29.97,459,emotional_stability,low
145,4838,forehead,499.9,177.9,853.3,473.0,784.9,312.3,1226.7,681.2,emotional_stability_low4_OLFhKCgexRU.000.mp4,1280,720,29.97,459,emotional_stability,low
145,4838,chin,525.8,317.2,853.3,598.0,817.3,486.4,1226.7,837.5,emotional_stability_low4_OLFhKCgexRU.000.mp4,1280,720,29.97,459,emotional_stability,low
145,4838,left_cheek,510.8,362.4,585.2,496.0,798.5,543.0,891.4,710.0,emotional_stability_low4_OLFhKCgexRU.000.mp4,1280,720,29.97,459,emotional_stability,low
145,4838,right_cheek,689.1,328.2,821.3,480.2,1021.3,500.2,1186.6,690.3,emotional_stability_low4_OLFhKCgexRU.000.mp4,1280,720,29.97,459,emotional_stability,low
146,4871,left_eye,504.3,257.0,602.4,342.1,790.4,411.3,912.9,517.6,emotional_stability_low4_OLFhKCgexRU.000.mp4,1280,720,29.97,459,emotional_stability,low
146,4871,right_eye,646.6,230.1,781.2,324.8,968.3,377.6,1136.5,496.0,emotional_stability_low4_OLFhKCgexRU.000.mp4,1280,720,29.97,459,emotional_stability,low
146,4871,nose,586.6,307.2,677.4,440.2,893.3,474.1,1006.8,640.3,emotional_stability_low4_OLFhKCgexRU.000.mp4,1280,720,29.97,459,emotional_stability,low
146,4871,mouth,594.6,460.8,740.4,554.4,903.3,666.0,1085.5,783.0,emotional_stability_low4_OLFhKCgexRU.000.mp4,1280,720,29.97,459,emotional_stability,low
146,4871,forehead,499.8,178.9,855.2,474.0,784.7,313.6,1228.9,682.5,emotional_stability_low4_OLFhKCgexRU.000.mp4,1280,720,29.97,459,emotional_stability,low
146,4871,chin,525.5,318.7,855.2,598.2,816.9,488.4,1228.9,837.7,emotional_stability_low4_OLFhKCgexRU.000.mp4,1280,720,29.97,459,emotional_stability,low
146,4871,left_cheek,511.0,362.7,586.5,497.9,798.8,543.3,893.1,712.4,emotional_stability_low4_OLFhKCgexRU.000.mp4,1280,720,29.97,459,emotional_stability,low
146,4871,right_cheek,690.7,329.7,822.3,482.0,1023.4,502.1,1187.8,692.5,emotional_stability_low4_OLFhKCgexRU.000.mp4,1280,720,29.97,459,emotional_stability,low
147,4904,left_eye,504.3,257.6,602.8,342.5,790.4,412.0,913.5,518.1,emotional_stability_low4_OLFhKCgexRU.000.mp4,1280,720,29.97,459,emotional_stability,low
147,4904,right_eye,646.6,231.2,781.1,325.7,968.3,379.0,1136.3,497.2,emotional_stability_low4_OLFhKCgexRU.000.mp4,1280,720,29.97,459,emotional_stability,low
147,4904,nose,587.0,308.5,677.3,440.9,893.8,475.6,1006.6,641.1,emotional_stability_low4_OLFhKCgexRU.000.mp4,1280,720,29.97,459,emotional_stability,low
147,4904,mouth,594.4,461.0,735.1,554.0,903.0,666.2,1078.9,782.5,emotional_stability_low4_OLFhKCgexRU.000.mp4,1280,720,29.97,459,emotional_stability,low
147,4904,forehead,500.3,180.0,855.7,473.7,785.3,315.0,1229.6,682.2,emotional_stability_low4_OLFhKCgexRU.000.mp4,1280,720,29.97,459,emotional_stability,low
147,4904,chin,525.7,319.2,855.7,597.5,817.1,489.0,1229.6,836.9,emotional_stability_low4_OLFhKCgexRU.000.mp4,1280,720,29.97,459,emotional_stability,low
147,4904,left_cheek,511.0,362.8,586.7,498.0,798.7,543.5,893.3,712.5,emotional_stability_low4_OLFhKCgexRU.000.mp4,1280,720,29.97,459,emotional_stability,low
147,4904,right_cheek,690.6,330.8,822.2,483.3,1023.2,503.5,1187.8,694.1,emotional_stability_low4_OLFhKCgexRU.000.mp4,1280,720,29.97,459,emotional_stability,low
148,4938,left_eye,504.9,257.8,603.4,343.0,791.1,412.2,914.3,518.7,emotional_stability_low4_OLFhKCgexRU.000.mp4,1280,720,29.97,459,emotional_stability,low
148,4938,right_eye,646.4,232.0,780.4,326.2,968.0,380.1,1135.6,497.8,emotional_stability_low4_OLFhKCgexRU.000.mp4,1280,720,29.97,459,emotional_stability,low
148,4938,nose,588.2,309.7,677.1,440.6,895.3,477.1,1006.4,640.7,emotional_stability_low4_OLFhKCgexRU.000.mp4,1280,720,29.97,459,emotional_stability,low
148,4938,mouth,593.9,460.6,728.4,546.9,902.4,665.7,1070.5,773.6,emotional_stability_low4_OLFhKCgexRU.000.mp4,1280,720,29.97,459,emotional_stability,low
148,4938,forehead,502.2,181.5,856.4,473.9,787.7,316.9,1230.5,682.3,emotional_stability_low4_OLFhKCgexRU.000.mp4,1280,720,29.97,459,emotional_stability,low
148,4938,chin,528.0,320.3,856.4,596.0,820.0,490.4,1230.5,835.0,emotional_stability_low4_OLFhKCgexRU.000.mp4,1280,720,29.97,459,emotional_stability,low
148,4938,left_cheek,511.7,362.9,587.1,498.1,799.7,543.6,893.9,712.6,emotional_stability_low4_OLFhKCgexRU.000.mp4,1280,720,29.97,459,emotional_stability,low
148,4938,right_cheek,690.6,331.7,821.8,483.4,1023.2,504.7,1187.3,694.2,emotional_stability_low4_OLFhKCgexRU.000.mp4,1280,720,29.97,459,emotional_stability,low
149,4971,left_eye,504.8,257.4,603.3,342.9,791.0,411.7,914.1,518.6,emotional_stability_low4_OLFhKCgexRU.000.mp4,1280,720,29.97,459,emotional_stability,low
149,4971,right_eye,646.3,231.6,780.2,326.0,967.8,379.5,1135.3,497.4,emotional_stability_low4_OLFhKCgexRU.000.mp4,1280,720,29.97,459,emotional_stability,low
149,4971,nose,588.5,309.5,676.8,440.4,895.6,476.8,1006.0,640.5,emotional_stability_low4_OLFhKCgexRU.000.mp4,1280,720,29.97,459,emotional_stability,low
149,4971,mouth,593.2,458.9,725.3,542.6,901.4,663.6,1066.6,768.3,emotional_stability_low4_OLFhKCgexRU.000.mp4,1280,720,29.97,459,emotional_stability,low
149,4971,forehead,501.6,181.3,856.2,473.2,787.0,316.7,1230.2,681.6,emotional_stability_low4_OLFhKCgexRU.000.mp4,1280,720,29.97,459,emotional_stability,low
149,4971,chin,527.7,320.4,856.2,593.4,819.7,490.5,1230.2,831.7,emotional_stability_low4_OLFhKCgexRU.000.mp4,1280,720,29.97,459,emotional_stability,low
149,4971,left_cheek,511.6,362.3,587.2,497.6,799.5,542.8,894.0,712.1,emotional_stability_low4_OLFhKCgexRU.000.mp4,1280,720,29.97,459,emotional_stability,low
149,4971,right_cheek,690.3,331.4,821.0,482.9,1022.9,504.3,1186.3,693.6,emotional_stability_low4_OLFhKCgexRU.000.mp4,1280,720,29.97,459,emotional_stability,low
150,5005,left_eye,504.9,257.4,603.7,342.9,791.2,411.7,914.6,518.6,emotional_stability_low4_OLFhKCgexRU.000.mp4,1280,720,29.97,459,emotional_stability,low
150,5005,right_eye,646.3,231.3,780.1,325.9,967.9,379.1,1135.1,497.4,emotional_stability_low4_OLFhKCgexRU.000.mp4,1280,720,29.97,459,emotional_stability,low
150,5005,nose,589.0,309.5,676.7,440.4,896.3,476.8,1005.9,640.4,emotional_stability_low4_OLFhKCgexRU.000.mp4,1280,720,29.97,459,emotional_stability,low
150,5005,mouth,593.2,458.1,725.6,542.3,901.5,662.6,1067.0,767.9,emotional_stability_low4_OLFhKCgexRU.000.mp4,1280,720,29.97,459,emotional_stability,low
150,5005,forehead,502.2,181.4,856.2,473.2,787.7,316.8,1230.2,681.5,emotional_stability_low4_OLFhKCgexRU.000.mp4,1280,720,29.97,459,emotional_stability,low
150,5005,chin,528.3,320.5,856.2,592.6,820.3,490.6,1230.2,830.8,emotional_stability_low4_OLFhKCgexRU.000.mp4,1280,720,29.97,459,emotional_stability,low
150,5005,left_cheek,512.0,362.2,587.6,497.6,800.0,542.8,894.5,712.0,emotional_stability_low4_OLFhKCgexRU.000.mp4,1280,720,29.97,459,emotional_stability,low
150,5005,right_cheek,690.3,331.4,820.8,482.6,1022.8,504.2,1186.0,693.3,emotional_stability_low4_OLFhKCgexRU.000.mp4,1280,720,29.97,459,emotional_stability,low
151,5038,left_eye,505.0,257.1,603.7,342.9,791.2,411.4,914.6,518.6,emotional_stability_low4_OLFhKCgexRU.000.mp4,1280,720,29.97,459,emotional_stability,low
151,5038,right_eye,646.2,231.1,780.0,325.8,967.8,378.9,1134.9,497.2,emotional_stability_low4_OLFhKCgexRU.000.mp4,1280,720,29.97,459,emotional_stability,low
151,5038,nose,589.0,309.4,676.2,439.8,896.3,476.7,1005.3,639.7,emotional_stability_low4_OLFhKCgexRU.000.mp4,1280,720,29.97,459,emotional_stability,low
151,5038,mouth,593.1,458.0,726.3,541.3,901.4,662.4,1067.9,766.6,emotional_stability_low4_OLFhKCgexRU.000.mp4,1280,720,29.97,459,emotional_stability,low
151,5038,forehead,502.3,181.3,856.0,472.9,787.8,316.6,1230.0,681.2,emotional_stability_low4_OLFhKCgexRU.000.mp4,1280,720,29.97,459,emotional_stability,low
151,5038,chin,528.7,320.2,856.0,591.4,820.9,490.2,1230.0,829.3,emotional_stability_low4_OLFhKCgexRU.000.mp4,1280,720,29.97,459,emotional_stability,low
151,5038,left_cheek,512.3,362.0,587.6,497.3,800.4,542.5,894.5,711.6,emotional_stability_low4_OLFhKCgexRU.000.mp4,1280,720,29.97,459,emotional_stability,low
151,5038,right_cheek,690.0,331.1,820.2,482.4,1022.6,503.8,1185.3,693.0,emotional_stability_low4_OLFhKCgexRU.000.mp4,1280,720,29.97,459,emotional_stability,low
152,5071,left_eye,505.3,256.8,603.9,342.8,791.6,411.0,914.8,518.5,emotional_stability_low4_OLFhKCgexRU.000.mp4,1280,720,29.97,459,emotional_stability,low
152,5071,right_eye,646.2,230.9,779.8,325.7,967.7,378.7,1134.8,497.1,emotional_stability_low4_OLFhKCgexRU.000.mp4,1280,720,29.97,459,emotional_stability,low
152,5071,nose,589.0,309.3,676.2,439.2,896.3,476.7,1005.2,639.0,emotional_stability_low4_OLFhKCgexRU.000.mp4,1280,720,29.97,459,emotional_stability,low
152,5071,mouth,593.1,457.8,727.3,541.9,901.4,662.3,1069.1,767.4,emotional_stability_low4_OLFhKCgexRU.000.mp4,1280,720,29.97,459,emotional_stability,low
152,5071,forehead,502.5,181.2,855.8,472.4,788.1,316.5,1229.8,680.5,emotional_stability_low4_OLFhKCgexRU.000.mp4,1280,720,29.97,459,emotional_stability,low
152,5071,chin,529.1,320.0,855.8,591.2,821.4,490.0,1229.8,829.0,emotional_stability_low4_OLFhKCgexRU.000.mp4,1280,720,29.97,459,emotional_stability,low
152,5071,left_cheek,512.5,361.7,587.7,497.0,800.6,542.1,894.6,711.2,emotional_stability_low4_OLFhKCgexRU.000.mp4,1280,720,29.97,459,emotional_stability,low
152,5071,right_cheek,689.9,330.9,820.1,482.2,1022.4,503.6,1185.2,692.7,emotional_stability_low4_OLFhKCgexRU.000.mp4,1280,720,29.97,459,emotional_stability,low
153,5105,left_eye,505.4,256.7,604.0,342.8,791.7,410.8,915.1,518.4,emotional_stability_low4_OLFhKCgexRU.000.mp4,1280,720,29.97,459,emotional_stability,low
153,5105,right_eye,646.2,230.9,779.7,325.6,967.7,378.6,1134.7,497.0,emotional_stability_low4_OLFhKCgexRU.000.mp4,1280,720,29.97,459,emotional_stability,low
153,5105,nose,589.0,309.3,676.2,438.6,896.3,476.6,1005.2,638.3,emotional_stability_low4_OLFhKCgexRU.000.mp4,1280,720,29.97,459,emotional_stability,low
153,5105,mouth,593.2,457.8,727.8,542.2,901.4,662.3,1069.8,767.7,emotional_stability_low4_OLFhKCgexRU.000.mp4,1280,720,29.97,459,emotional_stability,low
153,5105,forehead,502.5,181.1,855.8,472.3,788.1,316.4,1229.8,680.4,emotional_stability_low4_OLFhKCgexRU.000.mp4,1280,720,29.97,459,emotional_stability,low
153,5105,chin,529.0,319.8,855.8,591.3,821.3,489.8,1229.8,829.1,emotional_stability_low4_OLFhKCgexRU.000.mp4,1280,720,29.97,459,emotional_stability,low
153,5105,left_cheek,512.5,361.6,587.7,496.8,800.6,541.9,894.6,711.0,emotional_stability_low4_OLFhKCgexRU.000.mp4,1280,720,29.97,459,emotional_stability,low
153,5105,right_cheek,689.9,330.7,820.1,482.0,1022.4,503.4,1185.1,692.5,emotional_stability_low4_OLFhKCgexRU.000.mp4,1280,720,29.97,459,emotional_stability,low
154,5138,left_eye,505.6,256.4,604.0,342.4,792.0,410.5,915.1,518.0,emotional_stability_low4_OLFhKCgexRU.000.mp4,1280,720,29.97,459,emotional_stability,low
154,5138,right_eye,646.4,230.7,779.8,325.6,967.9,378.4,1134.8,496.9,emotional_stability_low4_OLFhKCgexRU.000.mp4,1280,720,29.97,459,emotional_stability,low
154,5138,nose,589.0,309.3,676.2,438.4,896.3,476.6,1005.2,638.0,emotional_stability_low4_OLFhKCgexRU.000.mp4,1280,720,29.97,459,emotional_stability,low
154,5138,mouth,593.2,457.8,728.0,541.2,901.4,662.3,1070.0,766.6,emotional_stability_low4_OLFhKCgexRU.000.mp4,1280,720,29.97,459,emotional_stability,low
154,5138,forehead,503.0,181.1,855.7,472.2,788.7,316.4,1229.6,680.3,emotional_stability_low4_OLFhKCgexRU.000.mp4,1280,720,29.97,459,emotional_stability,low
154,5138,chin,529.3,319.8,855.7,590.8,821.6,489.8,1229.6,828.5,emotional_stability_low4_OLFhKCgexRU.000.mp4,1280,720,29.97,459,emotional_stability,low
154,5138,left_cheek,512.7,361.3,587.8,496.4,800.9,541.6,894.7,710.6,emotional_stability_low4_OLFhKCgexRU.000.mp4,1280,720,29.97,459,emotional_stability,low
154,5138,right_cheek,689.8,330.7,820.0,481.9,1022.3,503.3,1185.0,692.4,emotional_stability_low4_OLFhKCgexRU.000.mp4,1280,720,29.97,459,emotional_stability,low
155,5171,left_eye,506.3,256.3,604.5,342.3,792.8,410.3,915.6,517.9,emotional_stability_low4_OLFhKCgexRU.000.mp4,1280,720,29.97,459,emotional_stability,low
155,5171,right_eye,646.7,230.7,779.9,325.5,968.4,378.3,1134.9,496.9,emotional_stability_low4_OLFhKCgexRU.000.mp4,1280,720,29.97,459,emotional_stability,low
155,5171,nose,589.5,309.2,676.2,438.0,896.8,476.6,1005.3,637.5,emotional_stability_low4_OLFhKCgexRU.000.mp4,1280,720,29.97,459,emotional_stability,low
155,5171,mouth,593.2,457.5,727.0,539.4,901.5,661.9,1068.8,764.2,emotional_stability_low4_OLFhKCgexRU.000.mp4,1280,720,29.97,459,emotional_stability,low
155,5171,forehead,503.9,181.0,855.6,472.2,789.9,316.3,1229.6,680.2,emotional_stability_low4_OLFhKCgexRU.000.mp4,1280,720,29.97,459,emotional_stability,low
155,5171,chin,529.7,320.1,855.6,590.2,822.1,490.1,1229.6,827.7,emotional_stability_low4_OLFhKCgexRU.000.mp4,1280,720,29.97,459,emotional_stability,low
155,5171,left_cheek,513.2,361.1,588.1,496.0,801.6,541.4,895.1,710.0,emotional_stability_low4_OLFhKCgexRU.000.mp4,1280,720,29.97,459,emotional_stability,low
155,5171,right_cheek,689.8,330.7,819.9,481.9,1022.3,503.4,1184.9,692.3,emotional_stability_low4_OLFhKCgexRU.000.mp4,1280,720,29.97,459,emotional_stability,low
156,5205,left_eye,506.6,255.9,604.8,342.2,793.2,409.9,916.0,517.8,emotional_stability_low4_OLFhKCgexRU.000.mp4,1280,720,29.97,459,emotional_stability,low
156,5205,right_eye,647.2,230.6,780.2,325.5,969.0,378.3,1135.2,496.9,emotional_stability_low4_OLFhKCgexRU.000.mp4,1280,720,29.97,459,emotional_stability,low
156,5205,nose,590.2,309.1,676.3,437.7,897.7,476.4,1005.4,637.1,emotional_stability_low4_OLFhKCgexRU.000.mp4,1280,720,29.97,459,emotional_stability,low
156,5205,mouth,593.4,457.4,726.3,536.3,901.8,661.8,1067.9,760.4,emotional_stability_low4_OLFhKCgexRU.000.mp4,1280,720,29.97,459,emotional_stability,low
156,5205,forehead,504.2,181.0,855.6,471.9,790.3,316.3,1229.5,679.9,emotional_stability_low4_OLFhKCgexRU.000.mp4,1280,720,29.97,459,emotional_stability,low
156,5205,chin,529.9,320.3,855.6,588.2,822.3,490.4,1229.5,825.2,emotional_stability_low4_OLFhKCgexRU.000.mp4,1280,720,29.97,459,emotional_stability,low
156,5205,left_cheek,513.6,360.9,588.6,495.5,802.0,541.1,895.7,709.3,emotional_stability_low4_OLFhKCgexRU.000.mp4,1280,720,29.97,459,emotional_stability,low
156,5205,right_cheek,689.9,330.8,819.9,481.8,1022.4,503.5,1184.8,692.3,emotional_stability_low4_OLFhKCgexRU.000.mp4,1280,720,29.97,459,emotional_stability,low
157,5238,left_eye,507.8,255.2,606.1,341.9,794.8,409.1,917.7,517.4,emotional_stability_low4_OLFhKCgexRU.000.mp4,1280,720,29.97,459,emotional_stability,low
157,5238,right_eye,648.3,230.2,780.9,325.3,970.4,377.7,1136.1,496.6,emotional_stability_low4_OLFhKCgexRU.000.mp4,1280,720,29.97,459,emotional_stability,low
157,5238,nose,591.7,308.2,677.0,436.5,899.6,475.3,1006.2,635.7,emotional_stability_low4_OLFhKCgexRU.000.mp4,1280,720,29.97,459,emotional_stability,low
157,5238,mouth,593.8,455.9,725.9,534.5,902.2,659.9,1067.4,758.2,emotional_stability_low4_OLFhKCgexRU.000.mp4,1280,720,29.97,459,emotional_stability,low
157,5238,forehead,505.6,180.8,855.5,471.6,792.0,316.0,1229.4,679.5,emotional_stability_low4_OLFhKCgexRU.000.mp4,1280,720,29.97,459,emotional_stability,low
157,5238,chin,530.5,320.4,855.5,586.8,823.1,490.5,1229.4,823.5,emotional_stability_low4_OLFhKCgexRU.000.mp4,1280,720,29.97,459,emotional_stability,low
157,5238,left_cheek,514.9,360.4,589.9,494.4,803.6,540.5,897.3,708.1,emotional_stability_low4_OLFhKCgexRU.000.mp4,1280,720,29.97,459,emotional_stability,low
157,5238,right_cheek,690.5,330.8,819.7,481.2,1023.1,503.4,1184.6,691.5,emotional_stability_low4_OLFhKCgexRU.000.mp4,1280,720,29.97,459,emotional_stability,low
158,5271,left_eye,509.6,255.0,607.4,341.6,796.9,408.8,919.2,517.0,emotional_stability_low4_OLFhKCgexRU.000.mp4,1280,720,29.97,459,emotional_stability,low
158,5271,right_eye,649.8,229.4,782.4,324.9,972.3,376.8,1138.0,496.1,emotional_stability_low4_OLFhKCgexRU.000.mp4,1280,720,29.97,459,emotional_stability,low
158,5271,nose,593.0,307.9,677.8,435.5,901.2,474.8,1007.2,634.3,emotional_stability_low4_OLFhKCgexRU.000.mp4,1280,720,29.97,459,emotional_stability,low
158,5271,mouth,595.7,456.0,726.0,535.3,904.7,660.0,1067.5,759.1,emotional_stability_low4_OLFhKCgexRU.000.mp4,1280,720,29.97,459,emotional_stability,low
158,5271,forehead,507.2,180.6,855.6,471.2,794.0,315.7,1229.5,679.0,emotional_stability_low4_OLFhKCgexRU.000.mp4,1280,720,29.97,459,emotional_stability,low
158,5271,chin,532.2,320.4,855.6,586.4,825.3,490.5,1229.5,823.0,emotional_stability_low4_OLFhKCgexRU.000.mp4,1280,720,29.97,459,emotional_stability,low
158,5271,left_cheek,516.6,360.1,591.3,494.2,805.7,540.2,899.1,707.7,emotional_stability_low4_OLFhKCgexRU.000.mp4,1280,720,29.97,459,emotional_stability,low
158,5271,right_cheek,691.5,330.7,819.7,481.1,1024.4,503.4,1184.7,691.4,emotional_stability_low4_OLFhKCgexRU.000.mp4,1280,720,29.97,459,emotional_stability,low
159,5305,left_eye,510.1,254.9,607.2,340.7,797.6,408.6,919.0,515.8,emotional_stability_low4_OLFhKCgexRU.000.mp4,1280,720,29.97,459,emotional_stability,low
159,5305,right_eye,650.1,226.8,783.2,324.1,972.7,373.5,1139.0,495.1,emotional_stability_low4_OLFhKCgexRU.000.mp4,1280,720,29.97,459,emotional_stability,low
159,5305,nose,593.3,307.1,678.2,434.5,901.6,473.9,1007.8,633.1,emotional_stability_low4_OLFhKCgexRU.000.mp4,1280,720,29.97,459,emotional_stability,low
159,5305,mouth,597.2,456.4,727.1,535.8,906.5,660.5,1068.9,759.7,emotional_stability_low4_OLFhKCgexRU.000.mp4,1280,720,29.97,459,emotional_stability,low
159,5305,forehead,507.3,179.4,855.6,471.3,794.2,314.2,1229.5,679.1,emotional_stability_low4_OLFhKCgexRU.000.mp4,1280,720,29.97,459,emotional_stability,low
159,5305,chin,532.3,320.2,855.6,586.7,825.4,490.3,1229.5,823.4,emotional_stability_low4_OLFhKCgexRU.000.mp4,1280,720,29.97,459,emotional_stability,low
159,5305,left_cheek,516.9,360.2,591.5,494.2,806.1,540.2,899.4,707.8,emotional_stability_low4_OLFhKCgexRU.000.mp4,1280,720,29.97,459,emotional_stability,low
159,5305,right_cheek,692.2,330.3,819.8,481.1,1025.3,502.9,1184.8,691.4,emotional_stability_low4_OLFhKCgexRU.000.mp4,1280,720,29.97,459,emotional_stability,low
160,5338,left_eye,510.6,254.7,607.4,341.2,798.3,408.4,919.3,516.5,emotional_stability_low4_OLFhKCgexRU.000.mp4,1280,720,29.97,459,emotional_stability,low
160,5338,right_eye,650.8,225.8,783.5,324.3,973.5,372.2,1139.4,495.3,emotional_stability_low4_OLFhKCgexRU.000.mp4,1280,720,29.97,459,emotional_stability,low
160,5338,nose,596.2,306.7,679.3,434.4,905.2,473.3,1009.1,633.0,emotional_stability_low4_OLFhKCgexRU.000.mp4,1280,720,29.97,459,emotional_stability,low
160,5338,mouth,598.2,456.4,730.4,535.9,907.7,660.5,1073.0,759.9,emotional_stability_low4_OLFhKCgexRU.000.mp4,1280,720,29.97,459,emotional_stability,low
160,5338,forehead,507.4,178.5,855.6,475.9,794.3,313.1,1229.5,684.9,emotional_stability_low4_OLFhKCgexRU.000.mp4,1280,720,29.97,459,emotional_stability,low
160,5338,chin,532.2,320.4,855.6,587.7,825.2,490.6,1229.5,824.6,emotional_stability_low4_OLFhKCgexRU.000.mp4,1280,720,29.97,459,emotional_stability,low
160,5338,left_cheek,517.1,362.5,592.6,496.9,806.4,543.1,900.8,711.1,emotional_stability_low4_OLFhKCgexRU.000.mp4,1280,720,29.97,459,emotional_stability,low
160,5338,right_cheek,693.0,330.3,820.0,481.1,1026.3,502.8,1184.9,691.4,emotional_stability_low4_OLFhKCgexRU.000.mp4,1280,720,29.97,459,emotional_stability,low
161,5372,left_eye,510.5,257.3,609.4,346.4,798.2,411.7,921.7,523.0,emotional_stability_low4_OLFhKCgexRU.000.mp4,1280,720,29.97,459,emotional_stability,low
161,5372,right_eye,652.7,225.3,784.4,325.3,975.8,371.6,1140.5,496.7,emotional_stability_low4_OLFhKCgexRU.000.mp4,1280,720,29.97,459,emotional_stability,low
161,5372,nose,599.3,307.2,683.8,436.0,909.2,474.0,1014.8,635.0,emotional_stability_low4_OLFhKCgexRU.000.mp4,1280,720,29.97,459,emotional_stability,low
161,5372,mouth,601.9,458.5,737.6,543.5,912.4,663.1,1082.1,769.4,emotional_stability_low4_OLFhKCgexRU.000.mp4,1280,720,29.97,459,emotional_stability,low
161,5372,forehead,507.1,177.7,855.9,487.4,793.9,312.1,1229.8,699.3,emotional_stability_low4_OLFhKCgexRU.000.mp4,1280,720,29.97,459,emotional_stability,low
161,5372,chin,530.6,321.6,855.9,594.8,823.3,492.1,1229.8,833.5,emotional_stability_low4_OLFhKCgexRU.000.mp4,1280,720,29.97,459,emotional_stability,low
161,5372,left_cheek,517.3,369.6,594.8,505.8,806.6,552.0,903.4,722.2,emotional_stability_low4_OLFhKCgexRU.000.mp4,1280,720,29.97,459,emotional_stability,low
161,5372,right_cheek,695.7,330.3,821.9,483.7,1029.6,502.9,1187.4,694.7,emotional_stability_low4_OLFhKCgexRU.000.mp4,1280,720,29.97,459,emotional_stability,low
162,5405,left_eye,509.3,260.8,609.2,350.4,796.7,415.9,921.5,528.0,emotional_stability_low4_OLFhKCgexRU.000.mp4,1280,720,29.97,459,emotional_stability,low
162,5405,right_eye,652.3,221.2,783.4,323.7,975.4,366.5,1139.3,494.6,emotional_stability_low4_OLFhKCgexRU.000.mp4,1280,720,29.97,459,emotional_stability,low
162,5405,nose,603.6,307.2,687.5,436.8,914.5,474.0,1019.4,636.0,emotional_stability_low4_OLFhKCgexRU.000.mp4,1280,720,29.97,459,emotional_stability,low
162,5405,mouth,605.0,459.4,742.8,542.2,916.2,664.2,1088.4,767.8,emotional_stability_low4_OLFhKCgexRU.000.mp4,1280,720,29.97,459,emotional_stability,low
162,5405,forehead,502.0,174.1,855.4,496.5,787.5,307.6,1229.2,710.6,emotional_stability_low4_OLFhKCgexRU.000.mp4,1280,720,29.97,459,emotional_stability,low
162,5405,chin,527.9,318.9,855.4,594.8,819.9,488.6,1229.2,833.5,emotional_stability_low4_OLFhKCgexRU.000.mp4,1280,720,29.97,459,emotional_stability,low
162,5405,left_cheek,517.1,374.3,596.5,512.0,806.4,557.9,905.6,730.0,emotional_stability_low4_OLFhKCgexRU.000.mp4,1280,720,29.97,459,emotional_stability,low
162,5405,right_cheek,697.5,325.7,824.1,481.9,1031.9,497.2,1190.1,692.4,emotional_stability_low4_OLFhKCgexRU.000.mp4,1280,720,29.97,459,emotional_stability,low
163,5438,left_eye,504.6,264.5,608.2,352.9,790.8,420.7,920.3,531.1,emotional_stability_low4_OLFhKCgexRU.000.mp4,1280,720,29.97,459,emotional_stability,low
163,5438,right_eye,647.4,217.6,776.9,323.2,969.2,362.0,1131.2,494.0,emotional_stability_low4_OLFhKCgexRU.000.mp4,1280,720,29.97,459,emotional_stability,low
163,5438,nose,602.1,306.7,690.2,437.7,912.6,473.4,1022.8,637.2,emotional_stability_low4_OLFhKCgexRU.000.mp4,1280,720,29.97,459,emotional_stability,low
163,5438,mouth,604.5,462.3,748.8,536.6,915.7,667.9,1096.0,760.8,emotional_stability_low4_OLFhKCgexRU.000.mp4,1280,720,29.97,459,emotional_stability,low
163,5438,forehead,494.9,170.3,854.3,502.3,778.7,302.9,1227.9,717.9,emotional_stability_low4_OLFhKCgexRU.000.mp4,1280,720,29.97,459,emotional_stability,low
163,5438,chin,524.8,313.6,854.3,594.3,815.9,482.0,1227.9,832.9,emotional_stability_low4_OLFhKCgexRU.000.mp4,1280,720,29.97,459,emotional_stability,low
163,5438,left_cheek,515.2,378.2,595.8,516.0,804.1,562.8,904.8,735.0,emotional_stability_low4_OLFhKCgexRU.000.mp4,1280,720,29.97,459,emotional_stability,low
163,5438,right_cheek,698.4,319.7,826.8,475.9,1033.1,489.6,1193.6,684.8,emotional_stability_low4_OLFhKCgexRU.000.mp4,1280,720,29.97,459,emotional_stability,low
164,5472,left_eye,497.9,264.5,605.9,354.3,782.4,420.6,917.3,532.9,emotional_stability_low4_OLFhKCgexRU.000.mp4,1280,720,29.97,459,emotional_stability,low
164,5472,right_eye,641.7,212.2,770.1,320.8,962.1,355.3,1122.6,491.0,emotional_stability_low4_OLFhKCgexRU.000.mp4,1280,720,29.97,459,emotional_stability,low
164,5472,nose,601.2,304.3,690.5,437.5,911.5,470.4,1023.1,636.9,emotional_stability_low4_OLFhKCgexRU.000.mp4,1280,720,29.97,459,emotional_stability,low
164,5472,mouth,605.3,462.4,751.8,533.7,916.6,668.1,1099.7,757.1,emotional_stability_low4_OLFhKCgexRU.000.mp4,1280,720,29.97,459,emotional_stability,low
164,5472,forehead,485.8,165.3,851.6,504.5,767.3,296.6,1224.5,720.7,emotional_stability_low4_OLFhKCgexRU.000.mp4,1280,720,29.97,459,emotional_stability,low
164,5472,chin,518.8,306.2,851.6,591.2,808.5,472.8,1224.5,829.0,emotional_stability_low4_OLFhKCgexRU.000.mp4,1280,720,29.97,459,emotional_stability,low
164,5472,left_cheek,511.6,379.2,595.6,517.1,799.5,564.0,904.5,736.4,emotional_stability_low4_OLFhKCgexRU.000.mp4,1280,720,29.97,459,emotional_stability,low
164,5472,right_cheek,698.1,313.2,826.9,470.1,1032.6,481.5,1193.6,677.6,emotional_stability_low4_OLFhKCgexRU.000.mp4,1280,720,29.97,459,emotional_stability,low
165,5505,left_eye,493.2,263.6,604.7,354.9,776.5,419.5,915.8,533.6,emotional_stability_low4_OLFhKCgexRU.000.mp4,1280,720,29.97,459,emotional_stability,low
165,5505,right_eye,639.3,207.0,766.8,317.7,959.2,348.8,1118.5,487.1,emotional_stability_low4_OLFhKCgexRU.000.mp4,1280,720,29.97,459,emotional_stability,low
165,5505,nose,601.3,301.3,693.0,433.7,911.7,466.6,1026.2,632.1,emotional_stability_low4_OLFhKCgexRU.000.mp4,1280,720,29.97,459,emotional_stability,low
165,5505,mouth,613.0,461.4,755.3,537.7,926.3,666.8,1104.2,762.1,emotional_stability_low4_OLFhKCgexRU.000.mp4,1280,720,29.97,459,emotional_stability,low
165,5505,forehead,478.7,161.4,851.6,504.2,758.3,291.8,1224.5,720.3,emotional_stability_low4_OLFhKCgexRU.000.mp4,1280,720,29.97,459,emotional_stability,low
165,5505,chin,514.3,298.5,851.6,590.9,802.8,463.1,1224.5,828.7,emotional_stability_low4_OLFhKCgexRU.000.mp4,1280,720,29.97,459,emotional_stability,low
165,5505,left_cheek,509.0,379.1,595.6,517.8,796.2,563.9,904.4,737.2,emotional_stability_low4_OLFhKCgexRU.000.mp4,1280,720,29.97,459,emotional_stability,low
165,5505,right_cheek,698.6,306.0,827.6,464.8,1033.3,472.5,1194.4,670.9,emotional_stability_low4_OLFhKCgexRU.000.mp4,1280,720,29.97,459,emotional_stability,low
166,5538,left_eye,490.4,263.4,602.0,357.7,773.0,419.3,912.5,537.2,emotional_stability_low4_OLFhKCgexRU.000.mp4,1280,720,29.97,459,emotional_stability,low
166,5538,right_eye,635.7,207.9,763.0,317.9,954.6,349.8,1113.8,487.4,emotional_stability_low4_OLFhKCgexRU.000.mp4,1280,720,29.97,459,emotional_stability,low
166,5538,nose,600.8,301.9,691.6,433.8,911.1,467.3,1024.5,632.3,emotional_stability_low4_OLFhKCgexRU.000.mp4,1280,720,29.97,459,emotional_stability,low
166,5538,mouth,612.4,460.3,753.0,548.3,925.5,665.3,1101.2,775.4,emotional_stability_low4_OLFhKCgexRU.000.mp4,1280,720,29.97,459,emotional_stability,low
166,5538,forehead,475.3,162.5,851.1,506.1,754.1,293.1,1223.9,722.6,emotional_stability_low4_OLFhKCgexRU.000.mp4,1280,720,29.97,459,emotional_stability,low
166,5538,chin,510.6,298.2,851.1,595.7,798.2,462.8,1223.9,834.7,emotional_stability_low4_OLFhKCgexRU.000.mp4,1280,720,29.97,459,emotional_stability,low
166,5538,left_cheek,505.3,380.9,593.0,520.4,791.7,566.2,901.3,740.5,emotional_stability_low4_OLFhKCgexRU.000.mp4,1280,720,29.97,459,emotional_stability,low
166,5538,right_cheek,698.4,306.5,827.1,466.2,1033.0,473.2,1193.9,672.7,emotional_stability_low4_OLFhKCgexRU.000.mp4,1280,720,29.97,459,emotional_stability,low
167,5572,left_eye,488.3,265.1,599.8,361.6,770.4,421.4,909.8,542.0,emotional_stability_low4_OLFhKCgexRU.000.mp4,1280,720,29.97,459,emotional_stability,low
167,5572,right_eye,633.7,210.1,761.2,319.4,952.1,352.6,1111.5,489.3,emotional_stability_low4_OLFhKCgexRU.000.mp4,1280,720,29.97,459,emotional_stability,low
167,5572,nose,600.6,303.8,690.7,435.3,910.8,469.8,1023.4,634.2,emotional_stability_low4_OLFhKCgexRU.000.mp4,1280,720,29.97,459,emotional_stability,low
167,5572,mouth,611.2,459.8,751.0,552.9,924.0,664.7,1098.8,781.1,emotional_stability_low4_OLFhKCgexRU.000.mp4,1280,720,29.97,459,emotional_stability,low
167,5572,forehead,473.7,164.3,850.7,508.3,752.1,295.3,1223.4,725.4,emotional_stability_low4_OLFhKCgexRU.000.mp4,1280,720,29.97,459,emotional_stability,low
167,5572,chin,508.1,299.5,850.7,599.0,795.1,464.3,1223.4,838.8,emotional_stability_low4_OLFhKCgexRU.000.mp4,1280,720,29.97,459,emotional_stability,low
167,5572,left_cheek,502.9,384.0,590.8,523.0,788.6,570.0,898.4,743.8,emotional_stability_low4_OLFhKCgexRU.000.mp4,1280,720,29.97,459,emotional_stability,low
167,5572,right_cheek,696.8,308.4,826.9,467.9,1031.0,475.5,1193.6,674.9,emotional_stability_low4_OLFhKCgexRU.000.mp4,1280,720,29.97,459,emotional_stability,low
168,5605,left_eye,487.7,266.9,598.5,363.6,769.6,423.6,908.1,544.5,emotional_stability_low4_OLFhKCgexRU.000.mp4,1280,720,29.97,459,emotional_stability,low
168,5605,right_eye,631.4,210.9,759.1,321.1,949.3,353.7,1108.9,491.4,emotional_stability_low4_OLFhKCgexRU.000.mp4,1280,720,29.97,459,emotional_stability,low
168,5605,nose,600.4,306.7,688.7,437.9,910.5,473.4,1020.8,637.4,emotional_stability_low4_OLFhKCgexRU.000.mp4,1280,720,29.97,459,emotional_stability,low
168,5605,mouth,612.1,461.5,749.6,553.6,925.2,666.9,1097.0,782.0,emotional_stability_low4_OLFhKCgexRU.000.mp4,1280,720,29.97,459,emotional_stability,low
168,5605,forehead,474.0,165.2,850.7,507.9,752.5,296.5,1223.4,724.8,emotional_stability_low4_OLFhKCgexRU.000.mp4,1280,720,29.97,459,emotional_stability,low
168,5605,chin,509.5,298.9,850.7,599.3,796.9,463.6,1223.4,839.2,emotional_stability_low4_OLFhKCgexRU.000.mp4,1280,720,29.97,459,emotional_stability,low
168,5605,left_cheek,502.7,386.1,589.6,524.2,788.4,572.6,897.0,745.3,emotional_stability_low4_OLFhKCgexRU.000.mp4,1280,720,29.97,459,emotional_stability,low
168,5605,right_cheek,694.2,309.3,826.8,468.8,1027.7,476.6,1193.5,675.9,emotional_stability_low4_OLFhKCgexRU.000.mp4,1280,720,29.97,459,emotional_stability,low
169,5638,left_eye,487.4,268.7,597.3,366.0,769.3,425.8,906.6,547.5,emotional_stability_low4_OLFhKCgexRU.000.mp4,1280,720,29.97,459,emotional_stability,low
169,5638,right_eye,629.2,211.6,757.9,323.3,946.5,354.4,1107.4,494.2,emotional_stability_low4_OLFhKCgexRU.000.mp4,1280,720,29.97,459,emotional_stability,low
169,5638,nose,599.9,308.6,688.4,441.7,909.9,475.7,1020.5,642.1,emotional_stability_low4_OLFhKCgexRU.000.mp4,1280,720,29.97,459,emotional_stability,low
169,5638,mouth,617.2,468.0,749.2,554.8,931.6,675.0,1096.5,783.5,emotional_stability_low4_OLFhKCgexRU.000.mp4,1280,720,29.97,459,emotional_stability,low
169,5638,forehead,473.5,165.5,850.8,508.4,751.9,296.9,1223.5,725.4,emotional_stability_low4_OLFhKCgexRU.000.mp4,1280,720,29.97,459,emotional_stability,low
169,5638,chin,511.0,297.9,850.8,600.7,798.7,462.4,1223.5,840.9,emotional_stability_low4_OLFhKCgexRU.000.mp4,1280,720,29.97,459,emotional_stability,low
169,5638,left_cheek,503.3,389.0,588.9,527.0,789.1,576.3,896.1,748.8,emotional_stability_low4_OLFhKCgexRU.000.mp4,1280,720,29.97,459,emotional_stability,low
169,5638,right_cheek,693.0,309.8,826.7,469.6,1026.2,477.3,1193.4,677.0,emotional_stability_low4_OLFhKCgexRU.000.mp4,1280,720,29.97,459,emotional_stability,low
170,5672,left_eye,487.3,269.5,595.8,366.4,769.2,426.9,904.7,548.0,emotional_stability_low4_OLFhKCgexRU.000.mp4,1280,720,29.97,459,emotional_stability,low
170,5672,right_eye,627.6,211.8,756.8,324.0,944.5,354.7,1106.0,495.1,emotional_stability_low4_OLFhKCgexRU.000.mp4,1280,720,29.97,459,emotional_stability,low
170,5672,nose,598.5,309.2,687.9,443.2,908.1,476.5,1019.9,644.0,emotional_stability_low4_OLFhKCgexRU.000.mp4,1280,720,29.97,459,emotional_stability,low
170,5672,mouth,617.9,471.4,746.4,553.7,932.4,679.2,1093.0,782.1,emotional_stability_low4_OLFhKCgexRU.000.mp4,1280,720,29.97,459,emotional_stability,low
170,5672,forehead,473.5,165.6,851.0,509.0,751.8,297.0,1223.8,726.3,emotional_stability_low4_OLFhKCgexRU.000.mp4,1280,720,29.97,459,emotional_stability,low
170,5672,chin,512.0,297.7,851.0,599.8,800.0,462.1,1223.8,839.7,emotional_stability_low4_OLFhKCgexRU.000.mp4,1280,720,29.97,459,emotional_stability,low
170,5672,left_cheek,503.7,389.9,589.1,527.8,789.6,577.4,896.4,749.8,emotional_stability_low4_OLFhKCgexRU.000.mp4,1280,720,29.97,459,emotional_stability,low
170,5672,right_cheek,692.0,310.0,826.6,470.0,1025.0,477.5,1193.2,677.5,emotional_stability_low4_OLFhKCgexRU.000.mp4,1280,720,29.97,459,emotional_stability,low
171,5705,left_eye,487.3,269.4,596.0,364.6,769.2,426.8,905.0,545.7,emotional_stability_low4_OLFhKCgexRU.000.mp4,1280,720,29.97,459,emotional_stability,low
171,5705,right_eye,628.4,210.3,757.7,323.7,945.5,352.8,1107.1,494.6,emotional_stability_low4_OLFhKCgexRU.000.mp4,1280,720,29.97,459,emotional_stability,low
171,5705,nose,598.0,308.5,687.8,442.6,907.5,475.6,1019.8,643.2,emotional_stability_low4_OLFhKCgexRU.000.mp4,1280,720,29.97,459,emotional_stability,low
171,5705,mouth,617.6,470.2,744.4,552.7,932.1,677.8,1090.5,780.9,emotional_stability_low4_OLFhKCgexRU.000.mp4,1280,720,29.97,459,emotional_stability,low
171,5705,forehead,473.9,164.3,851.0,508.2,752.4,295.3,1223.8,725.2,emotional_stability_low4_OLFhKCgexRU.000.mp4,1280,720,29.97,459,emotional_stability,low
171,5705,chin,511.5,296.6,851.0,599.3,799.4,460.7,1223.8,839.1,emotional_stability_low4_OLFhKCgexRU.000.mp4,1280,720,29.97,459,emotional_stability,low
171,5705,left_cheek,503.6,388.1,588.7,526.1,789.5,575.1,895.9,747.7,emotional_stability_low4_OLFhKCgexRU.000.mp4,1280,720,29.97,459,emotional_stability,low
171,5705,right_cheek,691.9,308.6,826.4,470.2,1024.8,475.7,1193.0,677.7,emotional_stability_low4_OLFhKCgexRU.000.mp4,1280,720,29.97,459,emotional_stability,low
172,5739,left_eye,487.7,266.1,596.3,363.5,769.6,422.6,905.4,544.4,emotional_stability_low4_OLFhKCgexRU.000.mp4,1280,720,29.97,459,emotional_stability,low
172,5739,right_eye,629.3,207.7,758.6,321.0,946.6,349.6,1108.2,491.2,emotional_stability_low4_OLFhKCgexRU.000.mp4,1280,720,29.97,459,emotional_stability,low
172,5739,nose,597.2,305.1,687.1,440.0,906.6,471.4,1018.9,639.9,emotional_stability_low4_OLFhKCgexRU.000.mp4,1280,720,29.97,459,emotional_stability,low
172,5739,mouth,616.9,469.3,742.4,549.0,931.1,676.6,1088.0,776.2,emotional_stability_low4_OLFhKCgexRU.000.mp4,1280,720,29.97,459,emotional_stability,low
172,5739,forehead,474.6,162.4,851.0,507.6,753.2,292.9,1223.7,724.5,emotional_stability_low4_OLFhKCgexRU.000.mp4,1280,720,29.97,459,emotional_stability,low
172,5739,chin,511.2,295.1,851.0,594.4,798.9,458.9,1223.7,833.0,emotional_stability_low4_OLFhKCgexRU.000.mp4,1280,720,29.97,459,emotional_stability,low
172,5739,left_cheek,503.5,386.8,588.5,526.1,789.4,573.5,895.6,747.6,emotional_stability_low4_OLFhKCgexRU.000.mp4,1280,720,29.97,459,emotional_stability,low
172,5739,right_cheek,691.7,306.5,826.3,468.5,1024.6,473.1,1192.9,675.6,emotional_stability_low4_OLFhKCgexRU.000.mp4,1280,720,29.97,459,emotional_stability,low
173,5772,left_eye,488.3,262.7,596.4,360.4,770.4,418.3,905.5,540.5,emotional_stability_low4_OLFhKCgexRU.000.mp4,1280,720,29.97,459,emotional_stability,low
173,5772,right_eye,629.7,206.2,758.8,318.9,947.1,347.7,1108.5,488.6,emotional_stability_low4_OLFhKCgexRU.000.mp4,1280,720,29.97,459,emotional_stability,low
173,5772,nose,597.2,302.1,686.8,436.3,906.5,467.7,1018.5,635.4,emotional_stability_low4_OLFhKCgexRU.000.mp4,1280,720,29.97,459,emotional_stability,low
173,5772,mouth,616.2,466.5,742.0,548.3,930.3,673.1,1087.5,775.4,emotional_stability_low4_OLFhKCgexRU.000.mp4,1280,720,29.97,459,emotional_stability,low
173,5772,forehead,475.6,161.3,850.9,507.4,754.4,291.6,1223.7,724.2,emotional_stability_low4_OLFhKCgexRU.000.mp4,1280,720,29.97,459,emotional_stability,low
173,5772,chin,511.2,296.1,850.9,593.5,799.0,460.2,1223.7,831.8,emotional_stability_low4_OLFhKCgexRU.000.mp4,1280,720,29.97,459,emotional_stability,low
173,5772,left_cheek,503.6,383.3,588.2,523.3,789.5,569.1,895.3,744.1,emotional_stability_low4_OLFhKCgexRU.000.mp4,1280,720,29.97,459,emotional_stability,low
173,5772,right_cheek,691.7,306.5,826.2,468.4,1024.7,473.1,1192.8,675.5,emotional_stability_low4_OLFhKCgexRU.000.mp4,1280,720,29.97,459,emotional_stability,low
174,5805,left_eye,488.4,260.4,597.8,358.0,770.5,415.4,907.2,537.5,emotional_stability_low4_OLFhKCgexRU.000.mp4,1280,720,29.97,459,emotional_stability,low
174,5805,right_eye,631.9,205.8,762.4,317.9,949.9,347.3,1113.0,487.4,emotional_stability_low4_OLFhKCgexRU.000.mp4,1280,720,29.97,459,emotional_stability,low
174,5805,nose,597.2,301.1,686.7,435.0,906.5,466.4,1018.4,633.8,emotional_stability_low4_OLFhKCgexRU.000.mp4,1280,720,29.97,459,emotional_stability,low
174,5805,mouth,615.1,464.2,742.0,551.3,928.9,670.2,1087.5,779.1,emotional_stability_low4_OLFhKCgexRU.000.mp4,1280,720,29.97,459,emotional_stability,low
174,5805,forehead,475.6,161.1,851.3,505.6,754.5,291.4,1224.2,722.0,emotional_stability_low4_OLFhKCgexRU.000.mp4,1280,720,29.97,459,emotional_stability,low
174,5805,chin,511.5,296.7,851.3,594.6,799.4,460.9,1224.2,833.2,emotional_stability_low4_OLFhKCgexRU.000.mp4,1280,720,29.97,459,emotional_stability,low
174,5805,left_cheek,503.7,381.1,588.1,521.6,789.6,566.4,895.1,742.0,emotional_stability_low4_OLFhKCgexRU.000.mp4,1280,720,29.97,459,emotional_stability,low
174,5805,right_cheek,692.4,306.9,826.1,468.7,1025.5,473.6,1192.6,675.9,emotional_stability_low4_OLFhKCgexRU.000.mp4,1280,720,29.97,459,emotional_stability,low
175,5839,left_eye,490.1,260.2,599.1,357.1,772.7,415.2,908.9,536.4,emotional_stability_low4_OLFhKCgexRU.000.mp4,1280,720,29.97,459,emotional_stability,low
175,5839,right_eye,634.6,206.3,765.0,318.1,953.3,347.8,1116.3,487.6,emotional_stability_low4_OLFhKCgexRU.000.mp4,1280,720,29.97,459,emotional_stability,low
175,5839,nose,597.4,301.5,686.7,435.1,906.7,466.8,1018.3,633.9,emotional_stability_low4_OLFhKCgexRU.000.mp4,1280,720,29.97,459,emotional_stability,low
175,5839,mouth,614.5,464.0,742.9,552.6,928.1,670.0,1088.6,780.7,emotional_stability_low4_OLFhKCgexRU.000.mp4,1280,720,29.97,459,emotional_stability,low
175,5839,forehead,477.3,161.4,851.5,505.3,756.7,291.8,1224.4,721.7,emotional_stability_low4_OLFhKCgexRU.000.mp4,1280,720,29.97,459,emotional_stability,low
175,5839,chin,511.7,296.7,851.5,596.5,799.6,460.9,1224.4,835.7,emotional_stability_low4_OLFhKCgexRU.000.mp4,1280,720,29.97,459,emotional_stability,low
175,5839,left_cheek,503.8,380.6,588.4,521.5,789.7,565.7,895.5,741.9,emotional_stability_low4_OLFhKCgexRU.000.mp4,1280,720,29.97,459,emotional_stability,low
175,5839,right_cheek,693.2,307.2,826.1,470.0,1026.6,474.0,1192.6,677.5,emotional_stability_low4_OLFhKCgexRU.000.mp4,1280,720,29.97,459,emotional_stability,low
176,5872,left_eye,491.7,260.5,599.7,356.4,774.7,415.6,909.6,535.5,emotional_stability_low4_OLFhKCgexRU.000.mp4,1280,720,29.97,459,emotional_stability,low
176,5872,right_eye,635.4,206.7,765.8,318.3,954.3,348.4,1117.3,487.8,emotional_stability_low4_OLFhKCgexRU.000.mp4,1280,720,29.97,459,emotional_stability,low
176,5872,nose,597.3,301.7,686.4,435.2,906.6,467.1,1018.1,634.0,emotional_stability_low4_OLFhKCgexRU.000.mp4,1280,720,29.97,459,emotional_stability,low
176,5872,mouth,612.6,464.3,743.4,551.3,925.7,670.4,1089.3,779.1,emotional_stability_low4_OLFhKCgexRU.000.mp4,1280,720,29.97,459,emotional_stability,low
176,5872,forehead,479.2,161.4,852.0,504.7,759.0,291.7,1225.0,720.9,emotional_stability_low4_OLFhKCgexRU.000.mp4,1280,720,29.97,459,emotional_stability,low
176,5872,chin,513.0,297.1,852.0,596.5,801.2,461.3,1225.0,835.6,emotional_stability_low4_OLFhKCgexRU.000.mp4,1280,720,29.97,459,emotional_stability,low
176,5872,left_cheek,504.3,380.3,588.5,521.3,790.4,565.4,895.6,741.6,emotional_stability_low4_OLFhKCgexRU.000.mp4,1280,720,29.97,459,emotional_stability,low
176,5872,right_cheek,693.5,307.4,826.5,470.7,1026.9,474.2,1193.1,678.3,emotional_stability_low4_OLFhKCgexRU.000.mp4,1280,720,29.97,459,emotional_stability,low
177,5905,left_eye,492.7,260.6,600.3,355.1,775.8,415.7,910.3,533.9,emotional_stability_low4_OLFhKCgexRU.000.mp4,1280,720,29.97,459,emotional_stability,low
177,5905,right_eye,635.9,206.9,766.2,318.4,954.9,348.6,1117.7,488.0,emotional_stability_low4_OLFhKCgexRU.000.mp4,1280,720,29.97,459,emotional_stability,low
177,5905,nose,597.2,301.7,685.9,435.3,906.5,467.2,1017.4,634.1,emotional_stability_low4_OLFhKCgexRU.000.mp4,1280,720,29.97,459,emotional_stability,low
177,5905,mouth,611.4,464.7,743.6,547.1,924.3,670.8,1089.4,773.8,emotional_stability_low4_OLFhKCgexRU.000.mp4,1280,720,29.97,459,emotional_stability,low
177,5905,forehead,480.5,161.3,852.1,503.5,760.7,291.6,1225.2,719.3,emotional_stability_low4_OLFhKCgexRU.000.mp4,1280,720,29.97,459,emotional_stability,low
177,5905,chin,514.6,298.0,852.1,594.9,803.3,462.6,1225.2,833.6,emotional_stability_low4_OLFhKCgexRU.000.mp4,1280,720,29.97,459,emotional_stability,low
177,5905,left_cheek,505.0,379.7,588.6,520.2,791.3,564.6,895.7,740.3,emotional_stability_low4_OLFhKCgexRU.000.mp4,1280,720,29.97,459,emotional_stability,low
177,5905,right_cheek,693.6,307.8,826.6,470.8,1026.9,474.8,1193.2,678.5,emotional_stability_low4_OLFhKCgexRU.000.mp4,1280,720,29.97,459,emotional_stability,low
178,5939,left_eye,493.2,260.3,600.4,354.1,776.5,415.4,910.5,532.6,emotional_stability_low4_OLFhKCgexRU.000.mp4,1280,720,29.97,459,emotional_stability,low
178,5939,right_eye,636.5,207.0,766.8,318.4,955.7,348.8,1118.5,488.1,emotional_stability_low4_OLFhKCgexRU.000.mp4,1280,720,29.97,459,emotional_stability,low
178,5939,nose,596.7,301.7,685.0,435.4,905.9,467.2,1016.3,634.2,emotional_stability_low4_OLFhKCgexRU.000.mp4,1280,720,29.97,459,emotional_stability,low
178,5939,mouth,610.0,463.5,743.5,546.4,922.5,669.4,1089.3,773.1,emotional_stability_low4_OLFhKCgexRU.000.mp4,1280,720,29.97,459,emotional_stability,low
178,5939,forehead,481.5,161.5,852.1,502.7,761.9,291.8,1225.1,718.3,emotional_stability_low4_OLFhKCgexRU.000.mp4,1280,720,29.97,459,emotional_stability,low
178,5939,chin,514.8,300.5,852.1,594.4,803.5,465.6,1225.1,833.0,emotional_stability_low4_OLFhKCgexRU.000.mp4,1280,720,29.97,459,emotional_stability,low
178,5939,left_cheek,505.0,378.8,588.6,518.9,791.3,563.5,895.7,738.6,emotional_stability_low4_OLFhKCgexRU.000.mp4,1280,720,29.97,459,emotional_stability,low
178,5939,right_cheek,693.5,309.1,826.6,471.3,1026.9,476.4,1193.2,679.1,emotional_stability_low4_OLFhKCgexRU.000.mp4,1280,720,29.97,459,emotional_stability,low
179,5972,left_eye,494.3,260.4,601.0,354.0,777.9,415.5,911.3,532.5,emotional_stability_low4_OLFhKCgexRU.000.mp4,1280,720,29.97,459,emotional_stability,low
179,5972,right_eye,637.8,208.8,767.8,318.8,957.2,351.0,1119.7,488.5,emotional_stability_low4_OLFhKCgexRU.000.mp4,1280,720,29.97,459,emotional_stability,low
179,5972,nose,596.6,302.1,685.0,435.8,905.7,467.6,1016.3,634.7,emotional_stability_low4_OLFhKCgexRU.000.mp4,1280,720,29.97,459,emotional_stability,low
179,5972,mouth,609.4,463.4,743.8,546.6,921.8,669.2,1089.8,773.2,emotional_stability_low4_OLFhKCgexRU.000.mp4,1280,720,29.97,459,emotional_stability,low
179,5972,forehead,483.2,162.0,852.2,502.6,764.0,292.5,1225.3,718.2,emotional_stability_low4_OLFhKCgexRU.000.mp4,1280,720,29.97,459,emotional_stability,low
179,5972,chin,516.1,303.0,852.2,595.3,805.2,468.7,1225.3,834.1,emotional_stability_low4_OLFhKCgexRU.000.mp4,1280,720,29.97,459,emotional_stability,low
179,5972,left_cheek,505.5,378.8,588.6,518.9,791.9,563.5,895.8,738.6,emotional_stability_low4_OLFhKCgexRU.000.mp4,1280,720,29.97,459,emotional_stability,low
179,5972,right_cheek,693.7,311.3,826.5,473.0,1027.1,479.2,1193.2,681.3,emotional_stability_low4_OLFhKCgexRU.000.mp4,1280,720,29.97,459,emotional_stability,low
180,6006,left_eye,494.5,261.4,601.4,354.1,778.2,416.7,911.8,532.6,emotional_stability_low4_OLFhKCgexRU.000.mp4,1280,720,29.97,459,emotional_stability,low
180,6006,right_eye,639.2,211.7,769.2,319.7,959.0,354.7,1121.5,489.6,emotional_stability_low4_OLFhKCgexRU.000.mp4,1280,720,29.97,459,emotional_stability,low
180,6006,nose,596.8,302.8,685.1,437.4,906.0,468.5,1016.3,636.7,emotional_stability_low4_OLFhKCgexRU.000.mp4,1280,720,29.97,459,emotional_stability,low
180,6006,mouth,609.2,463.9,744.1,545.2,921.5,669.8,1090.2,771.5,emotional_stability_low4_OLFhKCgexRU.000.mp4,1280,720,29.97,459,emotional_stability,low
180,6006,forehead,483.4,162.6,852.3,502.5,764.2,293.3,1225.4,718.2,emotional_stability_low4_OLFhKCgexRU.000.mp4,1280,720,29.97,459,emotional_stability,low
180,6006,chin,516.1,304.9,852.3,595.1,805.1,471.2,1225.4,833.8,emotional_stability_low4_OLFhKCgexRU.000.mp4,1280,720,29.97,459,emotional_stability,low
180,6006,left_cheek,505.6,378.8,588.9,518.9,792.0,563.5,896.1,738.6,emotional_stability_low4_OLFhKCgexRU.000.mp4,1280,720,29.97,459,emotional_stability,low
180,6006,right_cheek,694.0,313.5,826.7,474.3,1027.5,481.8,1193.4,682.8,emotional_stability_low4_OLFhKCgexRU.000.mp4,1280,720,29.97,459,emotional_stability,low
181,6039,left_eye,495.3,262.1,602.4,354.2,779.1,417.6,913.0,532.8,emotional_stability_low4_OLFhKCgexRU.000.mp4,1280,720,29.97,459,emotional_stability,low
181,6039,right_eye,640.4,214.8,769.9,321.3,960.6,358.5,1122.4,491.6,emotional_stability_low4_OLFhKCgexRU.000.mp4,1280,720,29.97,459,emotional_stability,low
181,6039,nose,597.4,304.5,687.0,439.9,906.7,470.6,1018.7,639.9,emotional_stability_low4_OLFhKCgexRU.000.mp4,1280,720,29.97,459,emotional_stability,low
181,6039,mouth,609.3,466.2,745.1,544.9,921.6,672.7,1091.4,771.2,emotional_stability_low4_OLFhKCgexRU.000.mp4,1280,720,29.97,459,emotional_stability,low
181,6039,forehead,484.4,164.0,852.4,502.9,765.6,295.0,1225.5,718.6,emotional_stability_low4_OLFhKCgexRU.000.mp4,1280,720,29.97,459,emotional_stability,low
181,6039,chin,516.4,306.0,852.4,595.2,805.5,472.5,1225.5,834.0,emotional_stability_low4_OLFhKCgexRU.000.mp4,1280,720,29.97,459,emotional_stability,low
181,6039,left_cheek,505.9,379.7,589.6,519.7,792.4,564.6,897.0,739.6,emotional_stability_low4_OLFhKCgexRU.000.mp4,1280,720,29.97,459,emotional_stability,low
181,6039,right_cheek,695.4,315.3,827.3,475.4,1029.3,484.2,1194.2,684.3,emotional_stability_low4_OLFhKCgexRU.000.mp4,1280,720,29.97,459,emotional_stability,low
182,6072,left_eye,496.1,263.0,603.1,354.5,780.2,418.7,913.9,533.1,emotional_stability_low4_OLFhKCgexRU.000.mp4,1280,720,29.97,459,emotional_stability,low
182,6072,right_eye,641.4,216.6,771.2,322.4,961.8,360.7,1124.0,493.0,emotional_stability_low4_OLFhKCgexRU.000.mp4,1280,720,29.97,459,emotional_stability,low
182,6072,nose,597.7,306.1,688.1,442.4,907.2,472.6,1020.1,643.0,emotional_stability_low4_OLFhKCgexRU.000.mp4,1280,720,29.97,459,emotional_stability,low
182,6072,mouth,609.2,470.1,746.4,546.0,921.5,677.6,1092.9,772.5,emotional_stability_low4_OLFhKCgexRU.000.mp4,1280,720,29.97,459,emotional_stability,low
182,6072,forehead,485.8,165.1,852.7,503.3,767.3,296.4,1225.9,719.1,emotional_stability_low4_OLFhKCgexRU.000.mp4,1280,720,29.97,459,emotional_stability,low
182,6072,chin,517.5,306.4,852.7,597.9,806.9,473.0,1225.9,837.4,emotional_stability_low4_OLFhKCgexRU.000.mp4,1280,720,29.97,459,emotional_stability,low
182,6072,left_cheek,506.6,380.9,590.2,521.4,793.2,566.1,897.8,741.8,emotional_stability_low4_OLFhKCgexRU.000.mp4,1280,720,29.97,459,emotional_stability,low
182,6072,right_cheek,696.6,316.8,828.0,477.7,1030.7,486.0,1195.0,687.1,emotional_stability_low4_OLFhKCgexRU.000.mp4,1280,720,29.97,459,emotional_stability,low
183,6106,left_eye,496.1,264.0,603.1,355.3,780.1,419.9,913.9,534.2,emotional_stability_low4_OLFhKCgexRU.000.mp4,1280,720,29.97,459,emotional_stability,low
183,6106,right_eye,641.4,216.8,772.2,323.1,961.7,361.0,1125.2,493.9,emotional_stability_low4_OLFhKCgexRU.000.mp4,1280,720,29.97,459,emotional_stability,low
183,6106,nose,597.7,306.8,688.2,443.3,907.2,473.5,1020.2,644.1,emotional_stability_low4_OLFhKCgexRU.000.mp4,1280,720,29.97,459,emotional_stability,low
183,6106,mouth,612.0,471.6,747.0,553.6,925.0,679.5,1093.8,781.9,emotional_stability_low4_OLFhKCgexRU.000.mp4,1280,720,29.97,459,emotional_stability,low
183,6106,forehead,485.7,165.4,853.6,503.8,767.1,296.8,1227.0,719.8,emotional_stability_low4_OLFhKCgexRU.000.mp4,1280,720,29.97,459,emotional_stability,low
183,6106,chin,517.4,306.4,853.6,603.4,806.8,473.0,1227.0,844.2,emotional_stability_low4_OLFhKCgexRU.000.mp4,1280,720,29.97,459,emotional_stability,low
183,6106,left_cheek,506.6,382.0,590.3,523.6,793.2,567.5,897.8,744.5,emotional_stability_low4_OLFhKCgexRU.000.mp4,1280,720,29.97,459,emotional_stability,low
183,6106,right_cheek,696.8,317.2,828.6,479.7,1031.0,486.4,1195.8,689.6,emotional_stability_low4_OLFhKCgexRU.000.mp4,1280,720,29.97,459,emotional_stability,low
184,6139,left_eye,496.1,264.7,603.1,355.7,780.1,420.9,913.9,534.7,emotional_stability_low4_OLFhKCgexRU.000.mp4,1280,720,29.97,459,emotional_stability,low
184,6139,right_eye,641.8,217.0,773.2,323.5,962.2,361.2,1126.5,494.4,emotional_stability_low4_OLFhKCgexRU.000.mp4,1280,720,29.97,459,emotional_stability,low
184,6139,nose,597.0,307.5,688.1,443.6,906.3,474.4,1020.1,644.5,emotional_stability_low4_OLFhKCgexRU.000.mp4,1280,720,29.97,459,emotional_stability,low
184,6139,mouth,610.7,471.3,749.3,559.1,923.3,679.1,1096.6,788.8,emotional_stability_low4_OLFhKCgexRU.000.mp4,1280,720,29.97,459,emotional_stability,low
184,6139,forehead,485.5,165.6,854.4,503.8,766.9,297.0,1227.9,719.7,emotional_stability_low4_OLFhKCgexRU.000.mp4,1280,720,29.97,459,emotional_stability,low
184,6139,chin,517.3,306.3,854.4,606.9,806.6,472.8,1227.9,848.7,emotional_stability_low4_OLFhKCgexRU.000.mp4,1280,720,29.97,459,emotional_stability,low
184,6139,left_cheek,506.3,382.3,590.1,524.3,792.8,567.9,897.6,745.4,emotional_stability_low4_OLFhKCgexRU.000.mp4,1280,720,29.97,459,emotional_stability,low
184,6139,right_cheek,696.8,317.2,829.1,480.9,1031.0,486.5,1196.4,691.1,emotional_stability_low4_OLFhKCgexRU.000.mp4,1280,720,29.97,459,emotional_stability,low
185,6172,left_eye,494.7,265.1,602.9,355.9,778.3,421.3,913.6,534.8,emotional_stability_low4_OLFhKCgexRU.000.mp4,1280,720,29.97,459,emotional_stability,low
185,6172,right_eye,642.2,217.0,774.6,323.8,962.7,361.2,1128.3,494.8,emotional_stability_low4_OLFhKCgexRU.000.mp4,1280,720,29.97,459,emotional_stability,low
185,6172,nose,596.0,307.6,688.1,444.4,905.0,474.5,1020.1,645.5,emotional_stability_low4_OLFhKCgexRU.000.mp4,1280,720,29.97,459,emotional_stability,low
185,6172,mouth,606.5,470.9,750.9,562.6,918.1,678.6,1098.6,793.3,emotional_stability_low4_OLFhKCgexRU.000.mp4,1280,720,29.97,459,emotional_stability,low
185,6172,forehead,483.2,165.6,855.4,503.8,764.0,297.0,1229.3,719.8,emotional_stability_low4_OLFhKCgexRU.000.mp4,1280,720,29.97,459,emotional_stability,low
185,6172,chin,514.0,306.2,855.4,608.7,802.5,472.8,1229.3,850.9,emotional_stability_low4_OLFhKCgexRU.000.mp4,1280,720,29.97,459,emotional_stability,low
185,6172,left_cheek,504.0,382.3,589.4,524.6,790.0,567.9,896.7,745.8,emotional_stability_low4_OLFhKCgexRU.000.mp4,1280,720,29.97,459,emotional_stability,low
185,6172,right_cheek,696.9,317.3,829.9,481.3,1031.1,486.6,1197.4,691.6,emotional_stability_low4_OLFhKCgexRU.000.mp4,1280,720,29.97,459,emotional_stability,low
186,6206,left_eye,494.4,265.2,602.9,355.9,777.9,421.5,913.6,534.9,emotional_stability_low4_OLFhKCgexRU.000.mp4,1280,720,29.97,459,emotional_stability,low
186,6206,right_eye,642.7,217.0,775.6,324.1,963.4,361.3,1129.4,495.1,emotional_stability_low4_OLFhKCgexRU.000.mp4,1280,720,29.97,459,emotional_stability,low
186,6206,nose,595.4,307.6,688.1,444.9,904.2,474.6,1020.1,646.1,emotional_stability_low4_OLFhKCgexRU.000.mp4,1280,720,29.97,459,emotional_stability,low
186,6206,mouth,603.9,470.7,752.7,562.6,914.8,678.3,1100.9,793.3,emotional_stability_low4_OLFhKCgexRU.000.mp4,1280,720,29.97,459,emotional_stability,low
186,6206,forehead,482.4,165.6,856.2,504.2,763.0,296.9,1230.2,720.2,emotional_stability_low4_OLFhKCgexRU.000.mp4,1280,720,29.97,459,emotional_stability,low
186,6206,chin,513.1,306.7,856.2,609.5,801.3,473.4,1230.2,851.9,emotional_stability_low4_OLFhKCgexRU.000.mp4,1280,720,29.97,459,emotional_stability,low
186,6206,left_cheek,503.2,382.3,589.0,524.7,789.0,567.9,896.3,745.9,emotional_stability_low4_OLFhKCgexRU.000.mp4,1280,720,29.97,459,emotional_stability,low
186,6206,right_cheek,697.2,317.5,830.7,481.7,1031.5,486.9,1198.4,692.1,emotional_stability_low4_OLFhKCgexRU.000.mp4,1280,720,29.97,459,emotional_stability,low
187,6239,left_eye,494.4,265.3,602.9,355.9,778.0,421.6,913.7,534.9,emotional_stability_low4_OLFhKCgexRU.000.mp4,1280,720,29.97,459,emotional_stability,low
187,6239,right_eye,643.6,217.1,776.3,324.2,964.5,361.4,1130.3,495.3,emotional_stability_low4_OLFhKCgexRU.000.mp4,1280,720,29.97,459,emotional_stability,low
187,6239,nose,595.4,307.7,688.4,445.0,904.3,474.7,1020.5,646.2,emotional_stability_low4_OLFhKCgexRU.000.mp4,1280,720,29.97,459,emotional_stability,low
187,6239,mouth,603.8,469.2,753.1,561.6,914.7,676.5,1101.3,792.0,emotional_stability_low4_OLFhKCgexRU.000.mp4,1280,720,29.97,459,emotional_stability,low
187,6239,forehead,482.4,165.5,856.8,504.4,763.0,296.9,1231.0,720.5,emotional_stability_low4_OLFhKCgexRU.000.mp4,1280,720,29.97,459,emotional_stability,low
187,6239,chin,513.1,307.4,856.8,609.0,801.4,474.3,1231.0,851.2,emotional_stability_low4_OLFhKCgexRU.000.mp4,1280,720,29.97,459,emotional_stability,low
187,6239,left_cheek,503.2,382.3,589.0,524.5,789.0,567.8,896.3,745.7,emotional_stability_low4_OLFhKCgexRU.000.mp4,1280,720,29.97,459,emotional_stability,low
187,6239,right_cheek,697.7,317.8,831.3,481.8,1032.1,487.2,1199.2,692.2,emotional_stability_low4_OLFhKCgexRU.000.mp4,1280,720,29.97,459,emotional_stability,low
188,6272,left_eye,494.5,265.3,603.4,355.9,778.1,421.6,914.2,534.9,emotional_stability_low4_OLFhKCgexRU.000.mp4,1280,720,29.97,459,emotional_stability,low
188,6272,right_eye,644.9,217.0,777.5,324.2,966.1,361.3,1131.9,495.2,emotional_stability_low4_OLFhKCgexRU.000.mp4,1280,720,29.97,459,emotional_stability,low
188,6272,nose,596.0,307.6,688.7,444.8,905.0,474.5,1020.9,646.0,emotional_stability_low4_OLFhKCgexRU.000.mp4,1280,720,29.97,459,emotional_stability,low
188,6272,mouth,604.3,467.6,752.7,560.5,915.3,674.5,1100.9,790.6,emotional_stability_low4_OLFhKCgexRU.000.mp4,1280,720,29.97,459,emotional_stability,low
188,6272,forehead,482.7,165.5,857.1,504.1,763.3,296.8,1231.4,720.2,emotional_stability_low4_OLFhKCgexRU.000.mp4,1280,720,29.97,459,emotional_stability,low
188,6272,chin,513.2,307.4,857.1,608.0,801.5,474.2,1231.4,850.0,emotional_stability_low4_OLFhKCgexRU.000.mp4,1280,720,29.97,459,emotional_stability,low
188,6272,left_cheek,503.3,381.9,589.4,524.2,789.1,567.4,896.7,745.3,emotional_stability_low4_OLFhKCgexRU.000.mp4,1280,720,29.97,459,emotional_stability,low
188,6272,right_cheek,698.2,317.7,831.5,481.5,1032.8,487.1,1199.4,691.8,emotional_stability_low4_OLFhKCgexRU.000.mp4,1280,720,29.97,459,emotional_stability,low
189,6306,left_eye,494.7,265.3,603.4,355.7,778.4,421.6,914.3,534.7,emotional_stability_low4_OLFhKCgexRU.000.mp4,1280,720,29.97,459,emotional_stability,low
189,6306,right_eye,645.0,217.1,777.5,324.1,966.2,361.4,1131.8,495.1,emotional_stability_low4_OLFhKCgexRU.000.mp4,1280,720,29.97,459,emotional_stability,low
189,6306,nose,596.0,307.6,688.6,444.7,905.0,474.5,1020.8,645.8,emotional_stability_low4_OLFhKCgexRU.000.mp4,1280,720,29.97,459,emotional_stability,low
189,6306,mouth,604.0,465.9,751.2,560.0,915.0,672.3,1099.0,790.0,emotional_stability_low4_OLFhKCgexRU.000.mp4,1280,720,29.97,459,emotional_stability,low
189,6306,forehead,483.2,165.5,857.0,502.8,764.0,296.8,1231.2,718.5,emotional_stability_low4_OLFhKCgexRU.000.mp4,1280,720,29.97,459,emotional_stability,low
189,6306,chin,513.3,307.4,857.0,607.4,801.6,474.3,1231.2,849.2,emotional_stability_low4_OLFhKCgexRU.000.mp4,1280,720,29.97,459,emotional_stability,low
189,6306,left_cheek,503.3,381.5,589.4,523.6,789.2,566.9,896.8,744.5,emotional_stability_low4_OLFhKCgexRU.000.mp4,1280,720,29.97,459,emotional_stability,low
189,6306,right_cheek,698.2,317.8,831.4,481.4,1032.7,487.3,1199.2,691.7,emotional_stability_low4_OLFhKCgexRU.000.mp4,1280,720,29.97,459,emotional_stability,low
190,6339,left_eye,495.3,265.3,603.5,355.6,779.1,421.6,914.4,534.6,emotional_stability_low4_OLFhKCgexRU.000.mp4,1280,720,29.97,459,emotional_stability,low
190,6339,right_eye,645.0,217.6,777.4,324.2,966.3,362.0,1131.7,495.3,emotional_stability_low4_OLFhKCgexRU.000.mp4,1280,720,29.97,459,emotional_stability,low
190,6339,nose,596.0,307.7,688.5,444.9,905.1,474.6,1020.6,646.1,emotional_stability_low4_OLFhKCgexRU.000.mp4,1280,720,29.97,459,emotional_stability,low
190,6339,mouth,603.8,465.3,749.0,560.2,914.8,671.7,1096.3,790.3,emotional_stability_low4_OLFhKCgexRU.000.mp4,1280,720,29.97,459,emotional_stability,low
190,6339,forehead,484.6,165.8,856.8,501.4,765.8,297.2,1231.0,716.8,emotional_stability_low4_OLFhKCgexRU.000.mp4,1280,720,29.97,459,emotional_stability,low
190,6339,chin,514.1,307.6,856.8,607.0,802.6,474.5,1231.0,848.8,emotional_stability_low4_OLFhKCgexRU.000.mp4,1280,720,29.97,459,emotional_stability,low
190,6339,left_cheek,503.6,381.3,589.5,523.1,789.6,566.7,896.9,743.8,emotional_stability_low4_OLFhKCgexRU.000.mp4,1280,720,29.97,459,emotional_stability,low
190,6339,right_cheek,698.1,318.3,831.1,481.8,1032.7,487.9,1198.9,692.2,emotional_stability_low4_OLFhKCgexRU.000.mp4,1280,720,29.97,459,emotional_stability,low
191,6373,left_eye,495.8,265.4,603.5,355.8,779.7,421.7,914.3,534.7,emotional_stability_low4_OLFhKCgexRU.000.mp4,1280,720,29.97,459,emotional_stability,low
191,6373,right_eye,644.9,218.9,777.1,324.9,966.1,363.7,1131.4,496.1,emotional_stability_low4_OLFhKCgexRU.000.mp4,1280,720,29.97,459,emotional_stability,low
191,6373,nose,596.1,308.5,687.5,445.4,905.2,475.6,1019.4,646.8,emotional_stability_low4_OLFhKCgexRU.000.mp4,1280,720,29.97,459,emotional_stability,low
191,6373,mouth,603.9,465.4,745.6,561.4,914.9,671.7,1092.0,791.7,emotional_stability_low4_OLFhKCgexRU.000.mp4,1280,720,29.97,459,emotional_stability,low
191,6373,forehead,485.9,166.8,856.9,500.6,767.4,298.4,1231.2,715.7,emotional_stability_low4_OLFhKCgexRU.000.mp4,1280,720,29.97,459,emotional_stability,low
191,6373,chin,515.4,308.0,856.9,606.9,804.3,475.0,1231.2,848.6,emotional_stability_low4_OLFhKCgexRU.000.mp4,1280,720,29.97,459,emotional_stability,low
191,6373,left_cheek,504.1,381.4,589.5,522.9,790.2,566.7,896.9,743.6,emotional_stability_low4_OLFhKCgexRU.000.mp4,1280,720,29.97,459,emotional_stability,low
191,6373,right_cheek,697.6,319.2,831.0,482.7,1032.0,489.1,1198.7,693.4,emotional_stability_low4_OLFhKCgexRU.000.mp4,1280,720,29.97,459,emotional_stability,low
192,6406,left_eye,495.7,265.5,603.5,355.8,779.7,421.8,914.4,534.8,emotional_stability_low4_OLFhKCgexRU.000.mp4,1280,720,29.97,459,emotional_stability,low
192,6406,right_eye,644.8,219.3,777.4,325.0,966.0,364.1,1131.7,496.2,emotional_stability_low4_OLFhKCgexRU.000.mp4,1280,720,29.97,459,emotional_stability,low
192,6406,nose,596.1,308.5,687.0,445.6,905.1,475.6,1018.7,647.1,emotional_stability_low4_OLFhKCgexRU.000.mp4,1280,720,29.97,459,emotional_stability,low
192,6406,mouth,604.0,465.7,745.1,562.6,915.0,672.1,1091.4,793.2,emotional_stability_low4_OLFhKCgexRU.000.mp4,1280,720,29.97,459,emotional_stability,low
192,6406,forehead,485.9,166.9,857.3,499.2,767.3,298.6,1231.6,713.9,emotional_stability_low4_OLFhKCgexRU.000.mp4,1280,720,29.97,459,emotional_stability,low
192,6406,chin,515.4,308.0,857.3,606.8,804.3,475.0,1231.6,848.4,emotional_stability_low4_OLFhKCgexRU.000.mp4,1280,720,29.97,459,emotional_stability,low
192,6406,left_cheek,504.2,381.4,589.5,522.6,790.2,566.7,896.9,743.2,emotional_stability_low4_OLFhKCgexRU.000.mp4,1280,720,29.97,459,emotional_stability,low
192,6406,right_cheek,697.4,319.3,830.9,482.8,1031.8,489.2,1198.6,693.5,emotional_stability_low4_OLFhKCgexRU.000.mp4,1280,720,29.97,459,emotional_stability,low
193,6439,left_eye,495.9,265.5,603.6,355.8,779.8,421.9,914.5,534.8,emotional_stability_low4_OLFhKCgexRU.000.mp4,1280,720,29.97,459,emotional_stability,low
193,6439,right_eye,644.8,219.7,777.4,325.1,966.0,364.7,1131.7,496.3,emotional_stability_low4_OLFhKCgexRU.000.mp4,1280,720,29.97,459,emotional_stability,low
193,6439,nose,596.1,308.6,686.8,445.7,905.1,475.7,1018.5,647.1,emotional_stability_low4_OLFhKCgexRU.000.mp4,1280,720,29.97,459,emotional_stability,low
193,6439,mouth,604.1,466.3,744.4,563.1,915.1,672.8,1090.4,793.8,emotional_stability_low4_OLFhKCgexRU.000.mp4,1280,720,29.97,459,emotional_stability,low
193,6439,forehead,486.4,167.3,857.5,498.1,768.0,299.1,1231.9,712.6,emotional_stability_low4_OLFhKCgexRU.000.mp4,1280,720,29.97,459,emotional_stability,low
193,6439,chin,515.9,307.9,857.5,606.7,804.9,474.9,1231.9,848.4,emotional_stability_low4_OLFhKCgexRU.000.mp4,1280,720,29.97,459,emotional_stability,low
193,6439,left_cheek,504.5,381.3,589.5,522.3,790.6,566.6,896.9,742.8,emotional_stability_low4_OLFhKCgexRU.000.mp4,1280,720,29.97,459,emotional_stability,low
193,6439,right_cheek,697.3,319.6,830.9,483.2,1031.6,489.5,1198.6,694.0,emotional_stability_low4_OLFhKCgexRU.000.mp4,1280,720,29.97,459,emotional_stability,low
194,6473,left_eye,495.3,265.3,603.5,355.7,779.1,421.6,914.4,534.6,emotional_stability_low4_OLFhKCgexRU.000.mp4,1280,720,29.97,459,emotional_stability,low
194,6473,right_eye,644.7,219.7,777.4,325.1,965.9,364.6,1131.7,496.3,emotional_stability_low4_OLFhKCgexRU.000.mp4,1280,720,29.97,459,emotional_stability,low
194,6473,nose,595.9,308.4,686.4,445.7,904.9,475.5,1018.0,647.1,emotional_stability_low4_OLFhKCgexRU.000.mp4,1280,720,29.97,459,emotional_stability,low
194,6473,mouth,604.1,466.5,741.7,562.8,915.2,673.1,1087.1,793.4,emotional_stability_low4_OLFhKCgexRU.000.mp4,1280,720,29.97,459,emotional_stability,low
194,6473,forehead,486.4,167.2,857.6,497.9,768.0,299.0,1232.0,712.3,emotional_stability_low4_OLFhKCgexRU.000.mp4,1280,720,29.97,459,emotional_stability,low
194,6473,chin,515.5,307.9,857.6,606.6,804.4,474.9,1232.0,848.3,emotional_stability_low4_OLFhKCgexRU.000.mp4,1280,720,29.97,459,emotional_stability,low
194,6473,left_cheek,504.4,381.0,589.4,521.7,790.5,566.3,896.7,742.1,emotional_stability_low4_OLFhKCgexRU.000.mp4,1280,720,29.97,459,emotional_stability,low
194,6473,right_cheek,697.0,319.5,830.8,483.1,1031.2,489.4,1198.5,693.8,emotional_stability_low4_OLFhKCgexRU.000.mp4,1280,720,29.97,459,emotional_stability,low
195,6506,left_eye,494.4,265.0,603.2,355.4,778.0,421.2,914.0,534.2,emotional_stability_low4_OLFhKCgexRU.000.mp4,1280,720,29.97,459,emotional_stability,low
195,6506,right_eye,644.6,219.3,777.2,324.7,965.7,364.2,1131.4,495.9,emotional_stability_low4_OLFhKCgexRU.000.mp4,1280,720,29.97,459,emotional_stability,low
195,6506,nose,595.7,307.7,686.1,445.3,904.6,474.7,1017.6,646.6,emotional_stability_low4_OLFhKCgexRU.000.mp4,1280,720,29.97,459,emotional_stability,low
195,6506,mouth,604.5,468.9,739.8,560.2,915.6,676.1,1084.7,790.3,emotional_stability_low4_OLFhKCgexRU.000.mp4,1280,720,29.97,459,emotional_stability,low
195,6506,forehead,485.3,167.0,857.4,497.8,766.7,298.8,1231.7,712.2,emotional_stability_low4_OLFhKCgexRU.000.mp4,1280,720,29.97,459,emotional_stability,low
195,6506,chin,514.0,307.9,857.4,605.8,802.5,474.9,1231.7,847.3,emotional_stability_low4_OLFhKCgexRU.000.mp4,1280,720,29.97,459,emotional_stability,low
195,6506,left_cheek,503.8,380.7,589.0,521.2,789.8,565.9,896.2,741.5,emotional_stability_low4_OLFhKCgexRU.000.mp4,1280,720,29.97,459,emotional_stability,low
195,6506,right_cheek,696.7,319.5,830.4,483.1,1030.9,489.3,1198.1,693.8,emotional_stability_low4_OLFhKCgexRU.000.mp4,1280,720,29.97,459,emotional_stability,low
196,6539,left_eye,494.4,264.7,603.1,354.1,777.9,420.9,913.9,532.6,emotional_stability_low4_OLFhKCgexRU.000.mp4,1280,720,29.97,459,emotional_stability,low
196,6539,right_eye,644.6,219.2,776.8,324.4,965.7,364.0,1131.0,495.5,emotional_stability_low4_OLFhKCgexRU.000.mp4,1280,720,29.97,459,emotional_stability,low
196,6539,nose,595.7,307.3,686.8,445.1,904.6,474.1,1018.5,646.3,emotional_stability_low4_OLFhKCgexRU.000.mp4,1280,720,29.97,459,emotional_stability,low
196,6539,mouth,606.0,470.3,740.9,552.1,917.5,677.8,1086.2,780.1,emotional_stability_low4_OLFhKCgexRU.000.mp4,1280,720,29.97,459,emotional_stability,low
196,6539,forehead,485.2,166.6,856.2,497.9,766.5,298.3,1230.3,712.4,emotional_stability_low4_OLFhKCgexRU.000.mp4,1280,720,29.97,459,emotional_stability,low
196,6539,chin,514.0,307.9,856.2,602.1,802.5,474.9,1230.3,842.6,emotional_stability_low4_OLFhKCgexRU.000.mp4,1280,720,29.97,459,emotional_stability,low
196,6539,left_cheek,503.9,380.4,589.0,520.9,789.8,565.5,896.2,741.1,emotional_stability_low4_OLFhKCgexRU.000.mp4,1280,720,29.97,459,emotional_stability,low
196,6539,right_cheek,696.9,319.4,830.4,482.5,1031.1,489.3,1198.0,693.1,emotional_stability_low4_OLFhKCgexRU.000.mp4,1280,720,29.97,459,emotional_stability,low
197,6573,left_eye,495.9,264.0,602.9,353.6,779.9,420.0,913.6,532.0,emotional_stability_low4_OLFhKCgexRU.000.mp4,1280,720,29.97,459,emotional_stability,low
197,6573,right_eye,644.6,218.5,776.8,324.1,965.8,363.2,1131.0,495.1,emotional_stability_low4_OLFhKCgexRU.000.mp4,1280,720,29.97,459,emotional_stability,low
197,6573,nose,595.9,307.2,688.4,443.9,904.9,474.0,1020.5,644.9,emotional_stability_low4_OLFhKCgexRU.000.mp4,1280,720,29.97,459,emotional_stability,low
197,6573,mouth,601.2,469.6,743.7,542.8,911.4,677.0,1089.7,768.5,emotional_stability_low4_OLFhKCgexRU.000.mp4,1280,720,29.97,459,emotional_stability,low
197,6573,forehead,485.8,167.0,855.7,500.0,767.3,298.7,1229.6,715.0,emotional_stability_low4_OLFhKCgexRU.000.mp4,1280,720,29.97,459,emotional_stability,low
197,6573,chin,513.6,309.8,855.7,597.0,802.0,477.3,1229.6,836.2,emotional_stability_low4_OLFhKCgexRU.000.mp4,1280,720,29.97,459,emotional_stability,low
197,6573,left_cheek,504.0,380.3,589.2,520.3,790.0,565.4,896.5,740.4,emotional_stability_low4_OLFhKCgexRU.000.mp4,1280,720,29.97,459,emotional_stability,low
197,6573,right_cheek,697.7,319.6,830.4,480.7,1032.1,489.5,1198.0,690.8,emotional_stability_low4_OLFhKCgexRU.000.mp4,1280,720,29.97,459,emotional_stability,low
198,6606,left_eye,496.9,264.0,603.1,354.5,781.1,420.0,913.9,533.1,emotional_stability_low4_OLFhKCgexRU.000.mp4,1280,720,29.97,459,emotional_stability,low
198,6606,right_eye,644.8,217.5,776.9,325.2,966.1,361.9,1131.1,496.5,emotional_stability_low4_OLFhKCgexRU.000.mp4,1280,720,29.97,459,emotional_stability,low
198,6606,nose,596.8,307.5,689.7,443.3,906.0,474.3,1022.2,644.1,emotional_stability_low4_OLFhKCgexRU.000.mp4,1280,720,29.97,459,emotional_stability,low
198,6606,mouth,600.6,467.6,746.8,538.0,910.7,674.5,1093.5,762.5,emotional_stability_low4_OLFhKCgexRU.000.mp4,1280,720,29.97,459,emotional_stability,low
198,6606,forehead,486.8,169.0,855.6,503.9,768.6,301.2,1229.5,719.8,emotional_stability_low4_OLFhKCgexRU.000.mp4,1280,720,29.97,459,emotional_stability,low
198,6606,chin,513.6,314.6,855.6,594.0,802.0,483.2,1229.5,832.5,emotional_stability_low4_OLFhKCgexRU.000.mp4,1280,720,29.97,459,emotional_stability,low
198,6606,left_cheek,505.0,380.6,590.1,519.9,791.2,565.7,897.6,739.9,emotional_stability_low4_OLFhKCgexRU.000.mp4,1280,720,29.97,459,emotional_stability,low
198,6606,right_cheek,698.2,321.7,830.3,480.1,1032.8,492.1,1197.9,690.2,emotional_stability_low4_OLFhKCgexRU.000.mp4,1280,720,29.97,459,emotional_stability,low
199,6639,left_eye,495.7,264.3,602.3,358.6,779.6,420.3,912.9,538.2,emotional_stability_low4_OLFhKCgexRU.000.mp4,1280,720,29.97,459,emotional_stability,low
199,6639,right_eye,644.0,217.5,776.7,327.3,965.0,361.9,1130.9,499.1,emotional_stability_low4_OLFhKCgexRU.000.mp4,1280,720,29.97,459,emotional_stability,low
199,6639,nose,596.7,308.7,689.6,443.3,905.9,475.9,1022.0,644.1,emotional_stability_low4_OLFhKCgexRU.000.mp4,1280,720,29.97,459,emotional_stability,low
199,6639,mouth,599.5,467.1,748.3,540.7,909.4,673.9,1095.4,765.9,emotional_stability_low4_OLFhKCgexRU.000.mp4,1280,720,29.97,459,emotional_stability,low
199,6639,forehead,485.7,170.7,855.4,506.8,767.1,303.3,1229.3,723.5,emotional_stability_low4_OLFhKCgexRU.000.mp4,1280,720,29.97,459,emotional_stability,low
199,6639,chin,511.6,317.3,855.4,595.3,799.5,486.6,1229.3,834.2,emotional_stability_low4_OLFhKCgexRU.000.mp4,1280,720,29.97,459,emotional_stability,low
199,6639,left_cheek,504.6,382.6,589.7,520.2,790.7,568.2,897.1,740.3,emotional_stability_low4_OLFhKCgexRU.000.mp4,1280,720,29.97,459,emotional_stability,low
199,6639,right_cheek,698.0,323.9,829.8,480.4,1032.5,494.9,1197.2,690.5,emotional_stability_low4_OLFhKCgexRU.000.mp4,1280,720,29.97,459,emotional_stability,low
200,6673,left_eye,495.9,264.7,601.9,359.6,779.9,420.9,912.4,539.5,emotional_stability_low4_OLFhKCgexRU.000.mp4,1280,720,29.97,459,emotional_stability,low
200,6673,right_eye,643.9,219.2,776.7,329.1,964.9,364.0,1130.9,501.4,emotional_stability_low4_OLFhKCgexRU.000.mp4,1280,720,29.97,459,emotional_stability,low
200,6673,nose,593.9,309.5,686.9,443.0,902.4,476.9,1018.6,643.7,emotional_stability_low4_OLFhKCgexRU.000.mp4,1280,720,29.97,459,emotional_stability,low
200,6673,mouth,598.6,466.6,748.2,545.1,908.3,673.3,1095.3,771.4,emotional_stability_low4_OLFhKCgexRU.000.mp4,1280,720,29.97,459,emotional_stability,low
200,6673,forehead,486.7,173.9,854.8,506.3,768.4,307.4,1228.6,722.9,emotional_stability_low4_OLFhKCgexRU.000.mp4,1280,720,29.97,459,emotional_stability,low
200,6673,chin,512.7,320.4,854.8,598.6,800.9,490.5,1228.6,838.3,emotional_stability_low4_OLFhKCgexRU.000.mp4,1280,720,29.97,459,emotional_stability,low
200,6673,left_cheek,504.7,383.1,588.6,520.2,790.9,568.8,895.8,740.3,emotional_stability_low4_OLFhKCgexRU.000.mp4,1280,720,29.97,459,emotional_stability,low
200,6673,right_cheek,696.6,326.3,828.2,481.9,1030.7,497.9,1195.3,692.4,emotional_stability_low4_OLFhKCgexRU.000.mp4,1280,720,29.97,459,emotional_stability,low
201,6706,left_eye,495.9,266.0,600.9,360.7,779.9,422.5,911.1,540.8,emotional_stability_low4_OLFhKCgexRU.000.mp4,1280,720,29.97,459,emotional_stability,low
201,6706,right_eye,643.7,222.4,776.7,330.3,964.6,368.1,1130.8,502.8,emotional_stability_low4_OLFhKCgexRU.000.mp4,1280,720,29.97,459,emotional_stability,low
201,6706,nose,591.9,311.1,684.9,443.5,899.9,478.9,1016.2,644.4,emotional_stability_low4_OLFhKCgexRU.000.mp4,1280,720,29.97,459,emotional_stability,low
201,6706,mouth,595.7,466.4,747.4,558.0,904.7,673.0,1094.2,787.5,emotional_stability_low4_OLFhKCgexRU.000.mp4,1280,720,29.97,459,emotional_stability,low
201,6706,forehead,486.8,177.0,854.4,506.2,768.5,311.2,1228.1,722.8,emotional_stability_low4_OLFhKCgexRU.000.mp4,1280,720,29.97,459,emotional_stability,low
201,6706,chin,512.7,322.9,854.4,603.7,800.9,493.6,1228.1,844.7,emotional_stability_low4_OLFhKCgexRU.000.mp4,1280,720,29.97,459,emotional_stability,low
201,6706,left_cheek,504.1,383.7,587.2,520.4,790.2,569.6,894.0,740.5,emotional_stability_low4_OLFhKCgexRU.000.mp4,1280,720,29.97,459,emotional_stability,low
201,6706,right_cheek,695.1,329.0,826.4,484.2,1028.8,501.2,1193.0,695.3,emotional_stability_low4_OLFhKCgexRU.000.mp4,1280,720,29.97,459,emotional_stability,low
202,6740,left_eye,496.0,266.7,600.5,360.5,780.1,423.3,910.7,540.6,emotional_stability_low4_OLFhKCgexRU.000.mp4,1280,720,29.97,459,emotional_stability,low
202,6740,right_eye,643.7,225.1,776.9,330.4,964.6,371.4,1131.1,503.0,emotional_stability_low4_OLFhKCgexRU.000.mp4,1280,720,29.97,459,emotional_stability,low
202,6740,nose,591.7,311.9,684.8,444.4,899.6,479.9,1016.0,645.5,emotional_stability_low4_OLFhKCgexRU.000.mp4,1280,720,29.97,459,emotional_stability,low
202,6740,mouth,595.5,466.4,747.3,562.3,904.4,673.0,1094.1,792.9,emotional_stability_low4_OLFhKCgexRU.000.mp4,1280,720,29.97,459,emotional_stability,low
202,6740,forehead,487.0,178.3,854.2,505.9,768.7,312.9,1227.7,722.4,emotional_stability_low4_OLFhKCgexRU.000.mp4,1280,720,29.97,459,emotional_stability,low
202,6740,chin,512.6,324.0,854.2,605.4,800.7,494.9,1227.7,846.7,emotional_stability_low4_OLFhKCgexRU.000.mp4,1280,720,29.97,459,emotional_stability,low
202,6740,left_cheek,503.8,383.9,586.9,520.5,789.7,569.9,893.6,740.6,emotional_stability_low4_OLFhKCgexRU.000.mp4,1280,720,29.97,459,emotional_stability,low
202,6740,right_cheek,695.0,330.3,825.8,485.6,1028.8,502.9,1192.3,697.0,emotional_stability_low4_OLFhKCgexRU.000.mp4,1280,720,29.97,459,emotional_stability,low
203,6773,left_eye,497.0,267.4,600.6,360.4,781.2,424.3,910.8,540.5,emotional_stability_low4_OLFhKCgexRU.000.mp4,1280,720,29.97,459,emotional_stability,low
203,6773,right_eye,644.0,226.9,777.2,330.4,965.0,373.7,1131.5,503.0,emotional_stability_low4_OLFhKCgexRU.000.mp4,1280,720,29.97,459,emotional_stability,low
203,6773,nose,591.9,312.4,684.9,445.1,899.9,480.5,1016.1,646.4,emotional_stability_low4_OLFhKCgexRU.000.mp4,1280,720,29.97,459,emotional_stability,low
203,6773,mouth,595.9,466.7,747.3,562.4,904.9,673.4,1094.1,793.0,emotional_stability_low4_OLFhKCgexRU.000.mp4,1280,720,29.97,459,emotional_stability,low
203,6773,forehead,488.0,179.2,853.9,505.9,770.1,314.0,1227.4,722.3,emotional_stability_low4_OLFhKCgexRU.000.mp4,1280,720,29.97,459,emotional_stability,low
203,6773,chin,513.0,325.1,853.9,607.0,801.3,496.4,1227.4,848.7,emotional_stability_low4_OLFhKCgexRU.000.mp4,1280,720,29.97,459,emotional_stability,low
203,6773,left_cheek,504.1,384.0,586.9,520.6,790.2,570.0,893.6,740.8,emotional_stability_low4_OLFhKCgexRU.000.mp4,1280,720,29.97,459,emotional_stability,low
203,6773,right_cheek,695.0,331.2,825.7,486.6,1028.8,504.0,1192.1,698.2,emotional_stability_low4_OLFhKCgexRU.000.mp4,1280,720,29.97,459,emotional_stability,low
204,6806,left_eye,498.5,268.4,601.6,360.6,783.2,425.6,912.0,540.7,emotional_stability_low4_OLFhKCgexRU.000.mp4,1280,720,29.97,459,emotional_stability,low
204,6806,right_eye,644.7,228.8,777.3,330.8,965.9,375.9,1131.6,503.5,emotional_stability_low4_OLFhKCgexRU.000.mp4,1280,720,29.97,459,emotional_stability,low
204,6806,nose,592.6,313.3,685.3,445.3,900.7,481.7,1016.7,646.6,emotional_stability_low4_OLFhKCgexRU.000.mp4,1280,720,29.97,459,emotional_stability,low
204,6806,mouth,596.4,466.8,747.2,563.8,905.4,673.5,1094.0,794.8,emotional_stability_low4_OLFhKCgexRU.000.mp4,1280,720,29.97,459,emotional_stability,low
204,6806,forehead,490.0,181.1,853.8,505.9,772.5,316.4,1227.2,722.3,emotional_stability_low4_OLFhKCgexRU.000.mp4,1280,720,29.97,459,emotional_stability,low
204,6806,chin,514.5,326.1,853.8,608.3,803.1,497.6,1227.2,850.3,emotional_stability_low4_OLFhKCgexRU.000.mp4,1280,720,29.97,459,emotional_stability,low
204,6806,left_cheek,505.1,384.1,587.6,520.7,791.3,570.2,894.5,740.8,emotional_stability_low4_OLFhKCgexRU.000.mp4,1280,720,29.97,459,emotional_stability,low
204,6806,right_cheek,695.3,332.0,825.6,486.9,1029.1,505.0,1192.1,698.6,emotional_stability_low4_OLFhKCgexRU.000.mp4,1280,720,29.97,459,emotional_stability,low
205,6840,left_eye,499.6,269.4,602.6,360.7,784.6,426.7,913.2,540.9,emotional_stability_low4_OLFhKCgexRU.000.mp4,1280,720,29.97,459,emotional_stability,low
205,6840,right_eye,645.5,230.0,777.4,331.2,966.8,377.5,1131.7,504.0,emotional_stability_low4_OLFhKCgexRU.000.mp4,1280,720,29.97,459,emotional_stability,low
205,6840,nose,593.6,314.3,685.8,445.5,902.0,482.9,1017.2,646.9,emotional_stability_low4_OLFhKCgexRU.000.mp4,1280,720,29.97,459,emotional_stability,low
205,6840,mouth,596.7,467.2,747.3,564.2,905.8,674.0,1094.1,795.3,emotional_stability_low4_OLFhKCgexRU.000.mp4,1280,720,29.97,459,emotional_stability,low
205,6840,forehead,491.6,182.4,853.7,505.8,774.5,317.9,1227.1,722.3,emotional_stability_low4_OLFhKCgexRU.000.mp4,1280,720,29.97,459,emotional_stability,low
205,6840,chin,516.4,326.6,853.7,608.9,805.4,498.2,1227.1,851.1,emotional_stability_low4_OLFhKCgexRU.000.mp4,1280,720,29.97,459,emotional_stability,low
205,6840,left_cheek,506.3,384.3,588.5,520.7,792.8,570.4,895.6,740.9,emotional_stability_low4_OLFhKCgexRU.000.mp4,1280,720,29.97,459,emotional_stability,low
205,6840,right_cheek,695.7,332.6,825.7,487.2,1029.6,505.8,1192.1,699.1,emotional_stability_low4_OLFhKCgexRU.000.mp4,1280,720,29.97,459,emotional_stability,low
206,6873,left_eye,500.7,270.1,603.4,360.8,785.9,427.7,914.2,541.0,emotional_stability_low4_OLFhKCgexRU.000.mp4,1280,720,29.97,459,emotional_stability,low
206,6873,right_eye,646.2,231.0,777.6,331.5,967.8,378.7,1132.0,504.4,emotional_stability_low4_OLFhKCgexRU.000.mp4,1280,720,29.97,459,emotional_stability,low
206,6873,nose,594.2,315.2,686.1,445.8,902.7,484.0,1017.6,647.3,emotional_stability_low4_OLFhKCgexRU.000.mp4,1280,720,29.97,459,emotional_stability,low
206,6873,mouth,596.8,467.7,747.5,564.0,906.0,674.6,1094.4,795.0,emotional_stability_low4_OLFhKCgexRU.000.mp4,1280,720,29.97,459,emotional_stability,low
206,6873,forehead,492.9,183.3,853.6,505.8,776.1,319.1,1227.1,722.2,emotional_stability_low4_OLFhKCgexRU.000.mp4,1280,720,29.97,459,emotional_stability,low
206,6873,chin,517.8,326.7,853.6,608.7,807.3,498.4,1227.1,850.9,emotional_stability_low4_OLFhKCgexRU.000.mp4,1280,720,29.97,459,emotional_stability,low
206,6873,left_cheek,507.4,384.4,589.3,520.8,794.2,570.6,896.6,741.0,emotional_stability_low4_OLFhKCgexRU.000.mp4,1280,720,29.97,459,emotional_stability,low
206,6873,right_cheek,696.0,333.0,825.7,487.6,1030.0,506.3,1192.2,699.5,emotional_stability_low4_OLFhKCgexRU.000.mp4,1280,720,29.97,459,emotional_stability,low
207,6906,left_eye,501.4,270.3,604.0,360.8,786.7,427.9,915.0,541.0,emotional_stability_low4_OLFhKCgexRU.000.mp4,1280,720,29.97,459,emotional_stability,low
207,6906,right_eye,646.8,231.2,777.8,331.6,968.5,379.0,1132.3,504.6,emotional_stability_low4_OLFhKCgexRU.000.mp4,1280,720,29.97,459,emotional_stability,low
207,6906,nose,594.3,315.7,686.3,446.3,902.9,484.6,1017.8,647.8,emotional_stability_low4_OLFhKCgexRU.000.mp4,1280,720,29.97,459,emotional_stability,low
207,6906,mouth,597.0,468.4,747.8,563.4,906.3,675.5,1094.8,794.3,emotional_stability_low4_OLFhKCgexRU.000.mp4,1280,720,29.97,459,emotional_stability,low
207,6906,forehead,493.9,183.7,853.6,505.4,777.3,319.7,1227.1,721.8,emotional_stability_low4_OLFhKCgexRU.000.mp4,1280,720,29.97,459,emotional_stability,low
207,6906,chin,518.6,326.8,853.6,608.4,808.3,498.4,1227.1,850.5,emotional_stability_low4_OLFhKCgexRU.000.mp4,1280,720,29.97,459,emotional_stability,low
207,6906,left_cheek,508.0,384.5,589.6,520.8,794.9,570.6,897.1,741.0,emotional_stability_low4_OLFhKCgexRU.000.mp4,1280,720,29.97,459,emotional_stability,low
207,6906,right_cheek,696.2,333.4,825.8,487.8,1030.2,506.7,1192.2,699.8,emotional_stability_low4_OLFhKCgexRU.000.mp4,1280,720,29.97,459,emotional_stability,low
208,6940,left_eye,501.2,270.4,604.1,361.0,786.6,428.0,915.1,541.3,emotional_stability_low4_OLFhKCgexRU.000.mp4,1280,720,29.97,459,emotional_stability,low
208,6940,right_eye,646.9,231.5,777.9,332.0,968.6,379.3,1132.3,505.0,emotional_stability_low4_OLFhKCgexRU.000.mp4,1280,720,29.97,459,emotional_stability,low
208,6940,nose,594.3,316.1,686.3,446.6,902.9,485.1,1017.8,648.3,emotional_stability_low4_OLFhKCgexRU.000.mp4,1280,720,29.97,459,emotional_stability,low
208,6940,mouth,596.5,469.1,748.2,563.3,905.7,676.4,1095.2,794.1,emotional_stability_low4_OLFhKCgexRU.000.mp4,1280,720,29.97,459,emotional_stability,low
208,6940,forehead,493.6,184.1,853.6,505.4,777.0,320.1,1227.0,721.7,emotional_stability_low4_OLFhKCgexRU.000.mp4,1280,720,29.97,459,emotional_stability,low
208,6940,chin,518.4,327.2,853.6,608.4,808.0,499.0,1227.0,850.6,emotional_stability_low4_OLFhKCgexRU.000.mp4,1280,720,29.97,459,emotional_stability,low
208,6940,left_cheek,507.9,384.5,589.7,520.8,794.8,570.7,897.1,741.0,emotional_stability_low4_OLFhKCgexRU.000.mp4,1280,720,29.97,459,emotional_stability,low
208,6940,right_cheek,696.2,333.8,825.8,487.9,1030.2,507.2,1192.3,699.9,emotional_stability_low4_OLFhKCgexRU.000.mp4,1280,720,29.97,459,emotional_stability,low
209,6973,left_eye,502.1,270.8,604.4,361.3,787.6,428.5,915.5,541.6,emotional_stability_low4_OLFhKCgexRU.000.mp4,1280,720,29.97,459,emotional_stability,low
209,6973,right_eye,647.2,232.6,778.0,332.8,969.0,380.7,1132.6,506.0,emotional_stability_low4_OLFhKCgexRU.000.mp4,1280,720,29.97,459,emotional_stability,low
209,6973,nose,594.2,316.7,686.3,447.1,902.8,485.8,1017.8,648.9,emotional_stability_low4_OLFhKCgexRU.000.mp4,1280,720,29.97,459,emotional_stability,low
209,6973,mouth,595.1,469.4,748.4,563.5,903.9,676.8,1095.5,794.3,emotional_stability_low4_OLFhKCgexRU.000.mp4,1280,720,29.97,459,emotional_stability,low
209,6973,forehead,494.4,184.9,853.6,504.8,778.0,321.2,1227.1,721.0,emotional_stability_low4_OLFhKCgexRU.000.mp4,1280,720,29.97,459,emotional_stability,low
209,6973,chin,518.4,327.7,853.6,608.4,808.0,499.6,1227.1,850.5,emotional_stability_low4_OLFhKCgexRU.000.mp4,1280,720,29.97,459,emotional_stability,low
209,6973,left_cheek,507.9,384.6,589.7,520.5,794.9,570.8,897.1,740.6,emotional_stability_low4_OLFhKCgexRU.000.mp4,1280,720,29.97,459,emotional_stability,low
209,6973,right_cheek,696.2,334.6,825.8,488.1,1030.2,508.2,1192.3,700.1,emotional_stability_low4_OLFhKCgexRU.000.mp4,1280,720,29.97,459,emotional_stability,low
210,7007,left_eye,502.7,271.4,604.2,361.3,788.3,429.2,915.2,541.7,emotional_stability_low4_OLFhKCgexRU.000.mp4,1280,720,29.97,459,emotional_stability,low
210,7007,right_eye,647.4,232.8,778.3,335.9,969.3,381.0,1132.9,509.9,emotional_stability_low4_OLFhKCgexRU.000.mp4,1280,720,29.97,459,emotional_stability,low
210,7007,nose,594.1,317.7,685.8,448.6,902.6,487.1,1017.2,650.7,emotional_stability_low4_OLFhKCgexRU.000.mp4,1280,720,29.97,459,emotional_stability,low
210,7007,mouth,593.5,470.3,748.4,563.7,901.9,677.9,1095.5,794.6,emotional_stability_low4_OLFhKCgexRU.000.mp4,1280,720,29.97,459,emotional_stability,low
210,7007,forehead,494.8,185.4,853.6,505.0,778.5,321.8,1227.0,721.2,emotional_stability_low4_OLFhKCgexRU.000.mp4,1280,720,29.97,459,emotional_stability,low
210,7007,chin,518.3,330.3,853.6,608.8,807.9,502.9,1227.0,851.0,emotional_stability_low4_OLFhKCgexRU.000.mp4,1280,720,29.97,459,emotional_stability,low
210,7007,left_cheek,507.9,384.9,589.6,520.5,794.8,571.2,897.0,740.6,emotional_stability_low4_OLFhKCgexRU.000.mp4,1280,720,29.97,459,emotional_stability,low
210,7007,right_cheek,696.1,337.2,825.5,489.7,1030.1,511.5,1191.8,702.1,emotional_stability_low4_OLFhKCgexRU.000.mp4,1280,720,29.97,459,emotional_stability,low
211,7040,left_eye,503.8,267.4,604.1,357.5,789.7,424.3,915.1,536.9,emotional_stability_low4_OLFhKCgexRU.000.mp4,1280,720,29.97,459,emotional_stability,low
211,7040,right_eye,647.7,230.1,778.4,335.5,969.6,377.7,1133.0,509.4,emotional_stability_low4_OLFhKCgexRU.000.mp4,1280,720,29.97,459,emotional_stability,low
211,7040,nose,594.1,316.2,684.6,448.0,902.6,485.2,1015.8,650.0,emotional_stability_low4_OLFhKCgexRU.000.mp4,1280,720,29.97,459,emotional_stability,low
211,7040,mouth,593.4,470.3,748.3,563.4,901.7,677.8,1095.3,794.3,emotional_stability_low4_OLFhKCgexRU.000.mp4,1280,720,29.97,459,emotional_stability,low
211,7040,forehead,494.7,184.0,853.7,501.3,778.4,319.9,1227.1,716.6,emotional_stability_low4_OLFhKCgexRU.000.mp4,1280,720,29.97,459,emotional_stability,low
211,7040,chin,517.4,329.9,853.7,608.7,806.8,502.4,1227.1,850.8,emotional_stability_low4_OLFhKCgexRU.000.mp4,1280,720,29.97,459,emotional_stability,low
211,7040,left_cheek,507.8,382.4,589.6,517.9,794.8,567.9,897.0,737.4,emotional_stability_low4_OLFhKCgexRU.000.mp4,1280,720,29.97,459,emotional_stability,low
211,7040,right_cheek,695.7,336.5,824.7,489.5,1029.7,510.6,1190.9,701.8,emotional_stability_low4_OLFhKCgexRU.000.mp4,1280,720,29.97,459,emotional_stability,low
212,7073,left_eye,504.7,261.1,604.3,352.2,790.9,416.3,915.3,530.2,emotional_stability_low4_OLFhKCgexRU.000.mp4,1280,720,29.97,459,emotional_stability,low
212,7073,right_eye,650.2,222.2,780.3,329.1,972.8,367.7,1135.4,501.4,emotional_stability_low4_OLFhKCgexRU.000.mp4,1280,720,29.97,459,emotional_stability,low
212,7073,nose,596.4,310.2,684.7,441.5,905.5,477.8,1015.8,641.9,emotional_stability_low4_OLFhKCgexRU.000.mp4,1280,720,29.97,459,emotional_stability,low
212,7073,mouth,593.5,466.8,747.7,558.7,901.9,673.5,1094.6,788.4,emotional_stability_low4_OLFhKCgexRU.000.mp4,1280,720,29.97,459,emotional_stability,low
212,7073,forehead,494.5,176.5,853.6,498.9,778.2,310.6,1227.0,713.6,emotional_stability_low4_OLFhKCgexRU.000.mp4,1280,720,29.97,459,emotional_stability,low
212,7073,chin,517.1,322.6,853.6,606.7,806.4,493.2,1227.0,848.4,emotional_stability_low4_OLFhKCgexRU.000.mp4,1280,720,29.97,459,emotional_stability,low
212,7073,left_cheek,507.8,378.0,591.1,516.6,794.8,562.5,898.9,735.8,emotional_stability_low4_OLFhKCgexRU.000.mp4,1280,720,29.97,459,emotional_stability,low
212,7073,right_cheek,696.5,330.5,824.7,486.8,1030.6,503.1,1190.9,698.4,emotional_stability_low4_OLFhKCgexRU.000.mp4,1280,720,29.97,459,emotional_stability,low
213,7107,left_eye,504.4,254.3,604.8,348.4,790.5,407.9,916.0,525.5,emotional_stability_low4_OLFhKCgexRU.000.mp4,1280,720,29.97,459,emotional_stability,low
213,7107,right_eye,655.7,213.6,785.3,320.9,979.6,357.0,1141.6,491.1,emotional_stability_low4_OLFhKCgexRU.000.mp4,1280,720,29.97,459,emotional_stability,low
213,7107,nose,604.7,301.1,689.6,434.0,915.8,466.4,1022.0,632.5,emotional_stability_low4_OLFhKCgexRU.000.mp4,1280,720,29.97,459,emotional_stability,low
213,7107,mouth,604.0,464.0,742.2,533.5,915.0,670.0,1087.7,756.8,emotional_stability_low4_OLFhKCgexRU.000.mp4,1280,720,29.97,459,emotional_stability,low
213,7107,forehead,492.9,167.4,854.9,499.4,776.1,299.3,1228.6,714.3,emotional_stability_low4_OLFhKCgexRU.000.mp4,1280,720,29.97,459,emotional_stability,low
213,7107,chin,512.3,318.6,854.9,595.0,800.4,488.2,1228.6,833.8,emotional_stability_low4_OLFhKCgexRU.000.mp4,1280,720,29.97,459,emotional_stability,low
213,7107,left_cheek,507.5,374.5,594.9,514.9,794.4,558.1,903.6,733.7,emotional_stability_low4_OLFhKCgexRU.000.mp4,1280,720,29.97,459,emotional_stability,low
213,7107,right_cheek,701.8,324.1,827.2,481.8,1037.2,495.1,1194.0,692.2,emotional_stability_low4_OLFhKCgexRU.000.mp4,1280,720,29.97,459,emotional_stability,low
214,7140,left_eye,503.7,243.5,607.8,339.9,789.7,394.4,919.7,514.8,emotional_stability_low4_OLFhKCgexRU.000.mp4,1280,720,29.97,459,emotional_stability,low
214,7140,right_eye,658.5,200.7,784.4,308.3,983.1,340.9,1140.5,475.4,emotional_stability_low4_OLFhKCgexRU.000.mp4,1280,720,29.97,459,emotional_stability,low
214,7140,nose,611.6,286.1,697.5,415.8,924.5,447.6,1031.8,609.7,emotional_stability_low4_OLFhKCgexRU.000.mp4,1280,720,29.97,459,emotional_stability,low
214,7140,mouth,613.3,444.7,742.3,520.2,926.6,645.9,1087.8,740.3,emotional_stability_low4_OLFhKCgexRU.000.mp4,1280,720,29.97,459,emotional_stability,low
214,7140,forehead,487.8,156.0,851.7,499.4,769.7,285.0,1224.7,714.2,emotional_stability_low4_OLFhKCgexRU.000.mp4,1280,720,29.97,459,emotional_stability,low
214,7140,chin,505.7,309.1,851.7,581.2,792.1,476.4,1224.7,816.5,emotional_stability_low4_OLFhKCgexRU.000.mp4,1280,720,29.97,459,emotional_stability,low
214,7140,left_cheek,507.1,364.0,598.8,506.8,793.9,545.0,908.5,723.5,emotional_stability_low4_OLFhKCgexRU.000.mp4,1280,720,29.97,459,emotional_stability,low
214,7140,right_cheek,706.4,309.4,827.5,463.9,1043.0,476.7,1194.4,669.9,emotional_stability_low4_OLFhKCgexRU.000.mp4,1280,720,29.97,459,emotional_stability,low
215,7173,left_eye,501.2,237.1,608.1,333.7,786.6,386.3,920.1,507.1,emotional_stability_low4_OLFhKCgexRU.000.mp4,1280,720,29.97,459,emotional_stability,low
215,7173,right_eye,656.8,191.0,780.1,298.3,981.1,328.8,1135.2,462.9,emotional_stability_low4_OLFhKCgexRU.000.mp4,1280,720,29.97,459,emotional_stability,low
215,7173,nose,613.0,277.3,699.4,402.8,926.3,436.6,1034.3,593.5,emotional_stability_low4_OLFhKCgexRU.000.mp4,1280,720,29.97,459,emotional_stability,low
215,7173,mouth,612.7,428.4,743.2,512.4,925.9,625.5,1089.0,730.5,emotional_stability_low4_OLFhKCgexRU.000.mp4,1280,720,29.97,459,emotional_stability,low
215,7173,forehead,484.6,149.9,848.0,497.9,765.7,277.4,1220.0,712.4,emotional_stability_low4_OLFhKCgexRU.000.mp4,1280,720,29.97,459,emotional_stability,low
215,7173,chin,503.1,299.9,848.0,574.0,788.9,464.9,1220.0,807.5,emotional_stability_low4_OLFhKCgexRU.000.mp4,1280,720,29.97,459,emotional_stability,low
215,7173,left_cheek,506.3,356.1,599.2,499.4,792.9,535.1,909.0,714.2,emotional_stability_low4_OLFhKCgexRU.000.mp4,1280,720,29.97,459,emotional_stability,low
215,7173,right_cheek,706.5,297.8,827.5,450.4,1043.1,462.3,1194.4,653.0,emotional_stability_low4_OLFhKCgexRU.000.mp4,1280,720,29.97,459,emotional_stability,low
216,7207,left_eye,493.1,240.2,603.2,336.4,776.4,390.3,914.0,510.5,emotional_stability_low4_OLFhKCgexRU.000.mp4,1280,720,29.97,459,emotional_stability,low
216,7207,right_eye,644.7,189.1,767.7,297.6,965.8,326.4,1119.7,462.0,emotional_stability_low4_OLFhKCgexRU.000.mp4,1280,720,29.97,459,emotional_stability,low
216,7207,nose,611.8,278.9,696.8,402.2,924.7,438.6,1031.0,592.8,emotional_stability_low4_OLFhKCgexRU.000.mp4,1280,720,29.97,459,emotional_stability,low
216,7207,mouth,610.0,419.7,743.6,515.7,922.5,614.7,1089.4,734.6,emotional_stability_low4_OLFhKCgexRU.000.mp4,1280,720,29.97,459,emotional_stability,low
216,7207,forehead,477.5,149.9,846.8,498.2,756.9,277.4,1218.5,712.7,emotional_stability_low4_OLFhKCgexRU.000.mp4,1280,720,29.97,459,emotional_stability,low
216,7207,chin,500.2,292.6,846.8,573.4,785.3,455.7,1218.5,806.7,emotional_stability_low4_OLFhKCgexRU.000.mp4,1280,720,29.97,459,emotional_stability,low
216,7207,left_cheek,501.1,357.9,594.4,499.4,786.3,537.3,903.0,714.2,emotional_stability_low4_OLFhKCgexRU.000.mp4,1280,720,29.97,459,emotional_stability,low
216,7207,right_cheek,701.5,291.6,825.3,443.5,1036.9,454.5,1191.7,644.4,emotional_stability_low4_OLFhKCgexRU.000.mp4,1280,720,29.97,459,emotional_stability,low
217,7240,left_eye,487.3,245.1,592.9,339.0,769.2,396.3,901.1,513.8,emotional_stability_low4_OLFhKCgexRU.000.mp4,1280,720,29.97,459,emotional_stability,low
217,7240,right_eye,628.8,192.0,754.6,301.3,946.0,329.9,1103.2,466.6,emotional_stability_low4_OLFhKCgexRU.000.mp4,1280,720,29.97,459,emotional_stability,low
217,7240,nose,597.3,284.4,685.6,408.5,906.6,445.6,1017.0,600.6,emotional_stability_low4_OLFhKCgexRU.000.mp4,1280,720,29.97,459,emotional_stability,low
217,7240,mouth,605.8,421.5,742.2,521.9,917.3,616.8,1087.8,742.4,emotional_stability_low4_OLFhKCgexRU.000.mp4,1280,720,29.97,459,emotional_stability,low
217,7240,forehead,473.8,152.3,845.5,499.0,752.2,280.3,1216.9,713.8,emotional_stability_low4_OLFhKCgexRU.000.mp4,1280,720,29.97,459,emotional_stability,low
217,7240,chin,501.2,286.5,845.5,575.5,786.4,448.1,1216.9,809.4,emotional_stability_low4_OLFhKCgexRU.000.mp4,1280,720,29.97,459,emotional_stability,low
217,7240,left_cheek,497.2,362.2,584.8,502.4,781.6,542.7,890.9,718.1,emotional_stability_low4_OLFhKCgexRU.000.mp4,1280,720,29.97,459,emotional_stability,low
217,7240,right_cheek,691.0,289.2,821.2,441.9,1023.7,451.5,1186.5,642.4,emotional_stability_low4_OLFhKCgexRU.000.mp4,1280,720,29.97,459,emotional_stability,low
218,7273,left_eye,489.8,253.2,595.1,347.3,772.2,406.5,903.9,524.1,emotional_stability_low4_OLFhKCgexRU.000.mp4,1280,720,29.97,459,emotional_stability,low
218,7273,right_eye,629.3,197.0,753.5,305.2,946.6,336.2,1101.9,471.6,emotional_stability_low4_OLFhKCgexRU.000.mp4,1280,720,29.97,459,emotional_stability,low
218,7273,nose,598.0,285.1,685.9,413.6,907.5,446.4,1017.4,607.0,emotional_stability_low4_OLFhKCgexRU.000.mp4,1280,720,29.97,459,emotional_stability,low
218,7273,mouth,609.5,426.3,747.1,526.2,921.8,622.9,1093.9,747.8,emotional_stability_low4_OLFhKCgexRU.000.mp4,1280,720,29.97,459,emotional_stability,low
218,7273,forehead,477.0,155.7,845.8,500.9,756.2,284.6,1217.2,716.1,emotional_stability_low4_OLFhKCgexRU.000.mp4,1280,720,29.97,459,emotional_stability,low
218,7273,chin,509.6,283.6,845.8,577.5,797.1,444.5,1217.2,811.9,emotional_stability_low4_OLFhKCgexRU.000.mp4,1280,720,29.97,459,emotional_stability,low
218,7273,left_cheek,502.8,365.5,587.1,502.6,788.5,546.9,893.8,718.3,emotional_stability_low4_OLFhKCgexRU.000.mp4,1280,720,29.97,459,emotional_stability,low
218,7273,right_cheek,691.9,289.9,821.5,442.8,1024.9,452.3,1186.9,643.5,emotional_stability_low4_OLFhKCgexRU.000.mp4,1280,720,29.97,459,emotional_stability,low
219,7307,left_eye,491.1,261.9,594.5,355.2,773.9,417.3,903.2,534.1,emotional_stability_low4_OLFhKCgexRU.000.mp4,1280,720,29.97,459,emotional_stability,low
219,7307,right_eye,620.1,199.4,746.4,306.4,935.1,339.3,1092.9,473.0,emotional_stability_low4_OLFhKCgexRU.000.mp4,1280,720,29.97,459,emotional_stability,low
219,7307,nose,593.2,293.3,680.0,415.2,901.5,456.6,1010.0,609.0,emotional_stability_low4_OLFhKCgexRU.000.mp4,1280,720,29.97,459,emotional_stability,low
219,7307,mouth,607.2,429.2,745.8,527.7,919.0,626.5,1092.3,749.6,emotional_stability_low4_OLFhKCgexRU.000.mp4,1280,720,29.97,459,emotional_stability,low
219,7307,forehead,477.9,157.0,846.6,501.6,757.4,286.3,1218.3,717.0,emotional_stability_low4_OLFhKCgexRU.000.mp4,1280,720,29.97,459,emotional_stability,low
219,7307,chin,520.2,281.4,846.6,578.1,810.3,441.7,1218.3,812.7,emotional_stability_low4_OLFhKCgexRU.000.mp4,1280,720,29.97,459,emotional_stability,low
219,7307,left_cheek,506.0,372.0,587.6,504.6,792.5,555.1,894.5,720.8,emotional_stability_low4_OLFhKCgexRU.000.mp4,1280,720,29.97,459,emotional_stability,low
219,7307,right_cheek,685.6,289.7,820.7,442.4,1017.1,452.1,1185.9,642.9,emotional_stability_low4_OLFhKCgexRU.000.mp4,1280,720,29.97,459,emotional_stability,low
220,7340,left_eye,487.5,266.3,588.1,356.6,769.3,422.9,895.1,535.8,emotional_stability_low4_OLFhKCgexRU.000.mp4,1280,720,29.97,459,emotional_stability,low
220,7340,right_eye,610.2,199.1,735.1,307.7,922.7,338.8,1078.9,474.6,emotional_stability_low4_OLFhKCgexRU.000.mp4,1280,720,29.97,459,emotional_stability,low
220,7340,nose,585.2,296.6,671.3,416.7,891.5,460.7,999.1,610.9,emotional_stability_low4_OLFhKCgexRU.000.mp4,1280,720,29.97,459,emotional_stability,low
220,7340,mouth,599.8,427.6,739.4,528.9,909.8,624.5,1084.2,751.2,emotional_stability_low4_OLFhKCgexRU.000.mp4,1280,720,29.97,459,emotional_stability,low
220,7340,forehead,476.0,157.8,846.7,501.6,755.0,287.2,1218.4,717.0,emotional_stability_low4_OLFhKCgexRU.000.mp4,1280,720,29.97,459,emotional_stability,low
220,7340,chin,519.9,276.5,846.7,578.5,809.8,435.7,1218.4,813.1,emotional_stability_low4_OLFhKCgexRU.000.mp4,1280,720,29.97,459,emotional_stability,low
220,7340,left_cheek,505.4,373.9,586.1,504.7,791.7,557.4,892.7,720.9,emotional_stability_low4_OLFhKCgexRU.000.mp4,1280,720,29.97,459,emotional_stability,low
220,7340,right_cheek,676.4,286.3,817.0,439.4,1005.5,447.8,1181.2,639.3,emotional_stability_low4_OLFhKCgexRU.000.mp4,1280,720,29.97,459,emotional_stability,low
221,7374,left_eye,484.1,266.4,582.9,355.9,765.1,423.0,888.6,534.9,emotional_stability_low4_OLFhKCgexRU.000.mp4,1280,720,29.97,459,emotional_stability,low
221,7374,right_eye,603.1,197.7,726.7,307.1,913.9,337.1,1068.4,473.9,emotional_stability_low4_OLFhKCgexRU.000.mp4,1280,720,29.97,459,emotional_stability,low
221,7374,nose,578.3,297.9,663.7,414.7,882.9,462.4,989.7,608.4,emotional_stability_low4_OLFhKCgexRU.000.mp4,1280,720,29.97,459,emotional_stability,low
221,7374,mouth,593.9,423.5,734.5,529.8,902.4,619.4,1078.1,752.3,emotional_stability_low4_OLFhKCgexRU.000.mp4,1280,720,29.97,459,emotional_stability,low
221,7374,forehead,474.2,158.8,846.6,500.7,752.8,288.5,1218.3,715.9,emotional_stability_low4_OLFhKCgexRU.000.mp4,1280,720,29.97,459,emotional_stability,low
221,7374,chin,520.4,271.5,846.6,579.3,810.5,429.4,1218.3,814.2,emotional_stability_low4_OLFhKCgexRU.000.mp4,1280,720,29.97,459,emotional_stability,low
221,7374,left_cheek,503.4,373.9,585.4,505.6,789.2,557.4,891.8,722.0,emotional_stability_low4_OLFhKCgexRU.000.mp4,1280,720,29.97,459,emotional_stability,low
221,7374,right_cheek,669.5,281.9,812.9,435.3,996.8,442.4,1176.1,634.2,emotional_stability_low4_OLFhKCgexRU.000.mp4,1280,720,29.97,459,emotional_stability,low
222,7407,left_eye,482.2,266.0,581.8,355.7,762.8,422.5,887.2,534.6,emotional_stability_low4_OLFhKCgexRU.000.mp4,1280,720,29.97,459,emotional_stability,low
222,7407,right_eye,602.3,196.8,724.8,306.6,912.9,336.1,1066.0,473.3,emotional_stability_low4_OLFhKCgexRU.000.mp4,1280,720,29.97,459,emotional_stability,low
222,7407,nose,577.6,298.6,663.5,413.3,881.9,463.2,989.4,606.6,emotional_stability_low4_OLFhKCgexRU.000.mp4,1280,720,29.97,459,emotional_stability,low
222,7407,mouth,593.0,423.4,734.0,531.3,901.3,619.3,1077.6,754.1,emotional_stability_low4_OLFhKCgexRU.000.mp4,1280,720,29.97,459,emotional_stability,low
222,7407,forehead,471.8,159.4,846.7,500.7,749.7,289.2,1218.4,715.9,emotional_stability_low4_OLFhKCgexRU.000.mp4,1280,720,29.97,459,emotional_stability,low
222,7407,chin,519.4,271.7,846.7,580.0,809.2,429.6,1218.4,815.0,emotional_stability_low4_OLFhKCgexRU.000.mp4,1280,720,29.97,459,emotional_stability,low
222,7407,left_cheek,501.9,373.9,584.9,506.1,787.3,557.4,891.1,722.6,emotional_stability_low4_OLFhKCgexRU.000.mp4,1280,720,29.97,459,emotional_stability,low
222,7407,right_cheek,669.1,281.2,812.6,435.1,996.3,441.5,1175.8,633.9,emotional_stability_low4_OLFhKCgexRU.000.mp4,1280,720,29.97,459,emotional_stability,low
223,7440,left_eye,482.0,266.2,583.5,355.9,762.5,422.8,889.4,534.8,emotional_stability_low4_OLFhKCgexRU.000.mp4,1280,720,29.97,459,emotional_stability,low
223,7440,right_eye,605.2,197.6,728.3,307.0,916.5,337.0,1070.4,473.8,emotional_stability_low4_OLFhKCgexRU.000.mp4,1280,720,29.97,459,emotional_stability,low
223,7440,nose,579.9,299.1,665.9,413.9,884.9,463.9,992.4,607.4,emotional_stability_low4_OLFhKCgexRU.000.mp4,1280,720,29.97,459,emotional_stability,low
223,7440,mouth,595.0,425.4,735.1,532.1,903.8,621.8,1078.9,755.1,emotional_stability_low4_OLFhKCgexRU.000.mp4,1280,720,29.97,459,emotional_stability,low
223,7440,forehead,470.9,159.8,846.7,500.9,748.6,289.7,1218.4,716.1,emotional_stability_low4_OLFhKCgexRU.000.mp4,1280,720,29.97,459,emotional_stability,low
223,7440,chin,518.9,274.5,846.7,580.0,808.6,433.1,1218.4,815.0,emotional_stability_low4_OLFhKCgexRU.000.mp4,1280,720,29.97,459,emotional_stability,low
223,7440,left_cheek,501.6,374.0,585.0,506.2,787.0,557.5,891.2,722.8,emotional_stability_low4_OLFhKCgexRU.000.mp4,1280,720,29.97,459,emotional_stability,low
223,7440,right_cheek,671.7,283.3,813.6,436.8,999.6,444.1,1177.0,636.0,emotional_stability_low4_OLFhKCgexRU.000.mp4,1280,720,29.97,459,emotional_stability,low
224,7474,left_eye,483.5,266.7,585.1,356.7,764.4,423.4,891.3,535.9,emotional_stability_low4_OLFhKCgexRU.000.mp4,1280,720,29.97,459,emotional_stability,low
224,7474,right_eye,608.9,198.1,731.7,308.3,921.1,337.6,1074.7,475.4,emotional_stability_low4_OLFhKCgexRU.000.mp4,1280,720,29.97,459,emotional_stability,low
224,7474,nose,580.1,300.4,668.5,415.2,885.1,465.5,995.6,609.0,emotional_stability_low4_OLFhKCgexRU.000.mp4,1280,720,29.97,459,emotional_stability,low
224,7474,mouth,598.0,426.3,735.7,532.3,907.6,622.8,1079.6,755.4,emotional_stability_low4_OLFhKCgexRU.000.mp4,1280,720,29.97,459,emotional_stability,low
224,7474,forehead,472.5,159.9,846.8,502.5,750.6,289.9,1218.5,718.1,emotional_stability_low4_OLFhKCgexRU.000.mp4,1280,720,29.97,459,emotional_stability,low
224,7474,chin,520.7,277.6,846.8,579.9,810.9,437.0,1218.5,814.8,emotional_stability_low4_OLFhKCgexRU.000.mp4,1280,720,29.97,459,emotional_stability,low
224,7474,left_cheek,503.9,375.4,588.3,507.9,789.9,559.3,895.4,724.9,emotional_stability_low4_OLFhKCgexRU.000.mp4,1280,720,29.97,459,emotional_stability,low
224,7474,right_cheek,674.7,285.8,814.3,439.0,1003.3,447.2,1177.8,638.8,emotional_stability_low4_OLFhKCgexRU.000.mp4,1280,720,29.97,459,emotional_stability,low
225,7507,left_eye,488.2,268.7,588.7,359.1,770.2,425.9,895.9,538.9,emotional_stability_low4_OLFhKCgexRU.000.mp4,1280,720,29.97,459,emotional_stability,low
225,7507,right_eye,611.6,202.2,734.5,312.4,924.5,342.7,1078.2,480.5,emotional_stability_low4_OLFhKCgexRU.000.mp4,1280,720,29.97,459,emotional_stability,low
225,7507,nose,584.9,303.8,669.9,420.2,891.2,469.7,997.4,615.3,emotional_stability_low4_OLFhKCgexRU.000.mp4,1280,720,29.97,459,emotional_stability,low
225,7507,mouth,602.8,431.6,738.8,532.4,913.5,629.5,1083.5,755.5,emotional_stability_low4_OLFhKCgexRU.000.mp4,1280,720,29.97,459,emotional_stability,low
225,7507,forehead,476.8,163.3,847.1,503.4,756.0,294.2,1218.9,719.2,emotional_stability_low4_OLFhKCgexRU.000.mp4,1280,720,29.97,459,emotional_stability,low
225,7507,chin,525.5,278.7,847.1,579.7,816.9,438.3,1218.9,814.6,emotional_stability_low4_OLFhKCgexRU.000.mp4,1280,720,29.97,459,emotional_stability,low
225,7507,left_cheek,508.8,378.4,591.1,509.8,796.0,562.9,898.9,727.3,emotional_stability_low4_OLFhKCgexRU.000.mp4,1280,720,29.97,459,emotional_stability,low
225,7507,right_cheek,675.4,286.2,814.9,440.4,1004.3,447.7,1178.6,640.5,emotional_stability_low4_OLFhKCgexRU.000.mp4,1280,720,29.97,459,emotional_stability,low
226,7540,left_eye,491.7,272.2,591.1,360.4,774.6,430.2,898.9,540.6,emotional_stability_low4_OLFhKCgexRU.000.mp4,1280,720,29.97,459,emotional_stability,low
226,7540,right_eye,612.4,206.0,736.3,315.5,925.6,347.5,1080.4,484.4,emotional_stability_low4_OLFhKCgexRU.000.mp4,1280,720,29.97,459,emotional_stability,low
226,7540,nose,588.7,306.5,672.6,424.7,895.8,473.1,1000.8,620.9,emotional_stability_low4_OLFhKCgexRU.000.mp4,1280,720,29.97,459,emotional_stability,low
226,7540,mouth,605.4,436.7,741.1,533.0,916.8,635.9,1086.4,756.2,emotional_stability_low4_OLFhKCgexRU.000.mp4,1280,720,29.97,459,emotional_stability,low
226,7540,forehead,480.9,166.0,848.0,503.9,761.1,297.5,1220.0,719.9,emotional_stability_low4_OLFhKCgexRU.000.mp4,1280,720,29.97,459,emotional_stability,low
226,7540,chin,527.8,280.3,848.0,579.8,819.8,440.3,1220.0,814.8,emotional_stability_low4_OLFhKCgexRU.000.mp4,1280,720,29.97,459,emotional_stability,low
226,7540,left_cheek,511.4,380.8,592.9,511.6,799.3,566.1,901.1,729.5,emotional_stability_low4_OLFhKCgexRU.000.mp4,1280,720,29.97,459,emotional_stability,low
226,7540,right_cheek,676.6,289.7,816.3,441.9,1005.8,452.1,1180.4,642.3,emotional_stability_low4_OLFhKCgexRU.000.mp4,1280,720,29.97,459,emotional_stability,low
227,7574,left_eye,494.4,274.2,593.5,360.9,778.0,432.7,901.9,541.1,emotional_stability_low4_OLFhKCgexRU.000.mp4,1280,720,29.97,459,emotional_stability,low
227,7574,right_eye,614.4,208.3,736.4,317.1,928.1,350.4,1080.5,486.3,emotional_stability_low4_OLFhKCgexRU.000.mp4,1280,720,29.97,459,emotional_stability,low
227,7574,nose,591.4,308.4,676.3,427.1,899.3,475.5,1005.4,623.9,emotional_stability_low4_OLFhKCgexRU.000.mp4,1280,720,29.97,459,emotional_stability,low
227,7574,mouth,608.5,441.0,743.0,535.4,920.6,641.3,1088.8,759.3,emotional_stability_low4_OLFhKCgexRU.000.mp4,1280,720,29.97,459,emotional_stability,low
227,7574,forehead,483.3,167.4,849.8,503.9,764.1,299.2,1222.3,719.9,emotional_stability_low4_OLFhKCgexRU.000.mp4,1280,720,29.97,459,emotional_stability,low
227,7574,chin,529.3,280.8,849.8,580.3,821.7,441.0,1222.3,815.4,emotional_stability_low4_OLFhKCgexRU.000.mp4,1280,720,29.97,459,emotional_stability,low
227,7574,left_cheek,513.4,382.3,594.5,513.1,801.7,567.8,903.1,731.4,emotional_stability_low4_OLFhKCgexRU.000.mp4,1280,720,29.97,459,emotional_stability,low
227,7574,right_cheek,679.5,292.1,818.6,444.6,1009.4,455.1,1183.3,645.7,emotional_stability_low4_OLFhKCgexRU.000.mp4,1280,720,29.97,459,emotional_stability,low
228,7607,left_eye,495.9,274.9,595.3,361.1,779.9,433.6,904.1,541.4,emotional_stability_low4_OLFhKCgexRU.000.mp4,1280,720,29.97,459,emotional_stability,low
228,7607,right_eye,618.3,209.4,739.3,317.7,932.8,351.7,1084.1,487.1,emotional_stability_low4_OLFhKCgexRU.000.mp4,1280,720,29.97,459,emotional_stability,low
228,7607,nose,593.4,308.4,678.2,428.7,901.7,475.5,1007.7,625.8,emotional_stability_low4_OLFhKCgexRU.000.mp4,1280,720,29.97,459,emotional_stability,low
228,7607,mouth,613.1,446.8,743.5,534.7,926.4,648.5,1089.3,758.4,emotional_stability_low4_OLFhKCgexRU.000.mp4,1280,720,29.97,459,emotional_stability,low
228,7607,forehead,484.7,167.9,850.0,503.9,765.9,299.8,1222.5,719.8,emotional_stability_low4_OLFhKCgexRU.000.mp4,1280,720,29.97,459,emotional_stability,low
228,7607,chin,529.5,284.0,850.0,580.1,821.9,445.0,1222.5,815.1,emotional_stability_low4_OLFhKCgexRU.000.mp4,1280,720,29.97,459,emotional_stability,low
228,7607,left_cheek,515.2,383.4,597.1,514.2,804.0,569.2,906.4,732.8,emotional_stability_low4_OLFhKCgexRU.000.mp4,1280,720,29.97,459,emotional_stability,low
228,7607,right_cheek,682.8,294.9,819.3,448.3,1013.5,458.6,1184.2,650.4,emotional_stability_low4_OLFhKCgexRU.000.mp4,1280,720,29.97,459,emotional_stability,low
229,7640,left_eye,497.8,274.2,597.7,360.7,782.2,432.7,907.1,540.9,emotional_stability_low4_OLFhKCgexRU.000.mp4,1280,720,29.97,459,emotional_stability,low
229,7640,right_eye,622.1,210.0,743.7,317.8,937.6,352.5,1089.6,487.3,emotional_stability_low4_OLFhKCgexRU.000.mp4,1280,720,29.97,459,emotional_stability,low
229,7640,nose,595.6,308.0,680.8,429.4,904.5,475.0,1011.0,626.8,emotional_stability_low4_OLFhKCgexRU.000.mp4,1280,720,29.97,459,emotional_stability,low
229,7640,mouth,613.9,449.9,744.1,530.7,927.4,652.4,1090.2,753.4,emotional_stability_low4_OLFhKCgexRU.000.mp4,1280,720,29.97,459,emotional_stability,low
229,7640,forehead,486.4,168.0,850.3,503.9,768.0,300.1,1222.8,719.9,emotional_stability_low4_OLFhKCgexRU.000.mp4,1280,720,29.97,459,emotional_stability,low
229,7640,chin,530.0,287.0,850.3,579.4,822.5,448.8,1222.8,814.2,emotional_stability_low4_OLFhKCgexRU.000.mp4,1280,720,29.97,459,emotional_stability,low
229,7640,left_cheek,516.8,383.2,597.7,514.5,806.0,569.0,907.1,733.1,emotional_stability_low4_OLFhKCgexRU.000.mp4,1280,720,29.97,459,emotional_stability,low
229,7640,right_cheek,686.0,297.1,820.4,450.4,1017.4,461.4,1185.5,653.0,emotional_stability_low4_OLFhKCgexRU.000.mp4,1280,720,29.97,459,emotional_stability,low
230,7674,left_eye,498.3,273.5,599.7,360.4,782.9,431.9,909.6,540.5,emotional_stability_low4_OLFhKCgexRU.000.mp4,1280,720,29.97,459,emotional_stability,low
230,7674,right_eye,625.9,210.1,747.2,317.6,942.4,352.6,1094.0,487.1,emotional_stability_low4_OLFhKCgexRU.000.mp4,1280,720,29.97,459,emotional_stability,low
230,7674,nose,598.5,307.4,683.0,429.0,908.1,474.3,1013.8,626.3,emotional_stability_low4_OLFhKCgexRU.000.mp4,1280,720,29.97,459,emotional_stability,low
230,7674,mouth,614.5,448.6,744.0,530.0,928.2,650.7,1090.0,752.4,emotional_stability_low4_OLFhKCgexRU.000.mp4,1280,720,29.97,459,emotional_stability,low
230,7674,forehead,487.2,168.3,850.2,504.9,769.0,300.4,1222.8,721.1,emotional_stability_low4_OLFhKCgexRU.000.mp4,1280,720,29.97,459,emotional_stability,low
230,7674,chin,529.1,290.2,850.2,579.3,821.4,452.8,1222.8,814.1,emotional_stability_low4_OLFhKCgexRU.000.mp4,1280,720,29.97,459,emotional_stability,low
230,7674,left_cheek,516.9,382.8,597.0,514.6,806.1,568.5,906.2,733.3,emotional_stability_low4_OLFhKCgexRU.000.mp4,1280,720,29.97,459,emotional_stability,low
230,7674,right_cheek,688.2,298.7,821.0,451.4,1020.2,463.3,1186.2,654.3,emotional_stability_low4_OLFhKCgexRU.000.mp4,1280,720,29.97,459,emotional_stability,low
231,7707,left_eye,499.3,273.1,601.7,360.2,784.1,431.4,912.1,540.2,emotional_stability_low4_OLFhKCgexRU.000.mp4,1280,720,29.97,459,emotional_stability,low
231,7707,right_eye,628.7,210.5,750.0,317.6,945.9,353.1,1097.5,487.1,emotional_stability_low4_OLFhKCgexRU.000.mp4,1280,720,29.97,459,emotional_stability,low
231,7707,nose,601.2,307.2,684.8,428.8,911.5,474.0,1016.0,625.9,emotional_stability_low4_OLFhKCgexRU.000.mp4,1280,720,29.97,459,emotional_stability,low
231,7707,mouth,614.7,447.7,745.1,531.7,928.4,649.6,1091.3,754.6,emotional_stability_low4_OLFhKCgexRU.000.mp4,1280,720,29.97,459,emotional_stability,low
231,7707,forehead,488.3,168.5,850.3,506.0,770.3,300.7,1222.9,722.5,emotional_stability_low4_OLFhKCgexRU.000.mp4,1280,720,29.97,459,emotional_stability,low
231,7707,chin,528.8,291.3,850.3,580.0,820.9,454.2,1222.9,815.0,emotional_stability_low4_OLFhKCgexRU.000.mp4,1280,720,29.97,459,emotional_stability,low
231,7707,left_cheek,517.0,382.5,596.9,515.1,806.2,568.1,906.1,733.9,emotional_stability_low4_OLFhKCgexRU.000.mp4,1280,720,29.97,459,emotional_stability,low
231,7707,right_cheek,689.8,299.3,821.8,452.1,1022.3,464.1,1187.2,655.1,emotional_stability_low4_OLFhKCgexRU.000.mp4,1280,720,29.97,459,emotional_stability,low
232,7741,left_eye,500.5,272.8,603.3,360.2,785.7,431.0,914.2,540.2,emotional_stability_low4_OLFhKCgexRU.000.mp4,1280,720,29.97,459,emotional_stability,low
232,7741,right_eye,631.5,210.3,753.3,317.5,949.4,352.8,1101.6,486.8,emotional_stability_low4_OLFhKCgexRU.000.mp4,1280,720,29.97,459,emotional_stability,low
232,7741,nose,602.8,307.1,686.7,428.4,913.5,473.9,1018.4,625.5,emotional_stability_low4_OLFhKCgexRU.000.mp4,1280,720,29.97,459,emotional_stability,low
232,7741,mouth,614.3,444.2,747.9,533.4,927.8,645.2,1094.9,756.7,emotional_stability_low4_OLFhKCgexRU.000.mp4,1280,720,29.97,459,emotional_stability,low
232,7741,forehead,489.4,168.5,850.7,506.0,771.7,300.6,1223.4,722.5,emotional_stability_low4_OLFhKCgexRU.000.mp4,1280,720,29.97,459,emotional_stability,low
232,7741,chin,528.7,291.1,850.7,580.4,820.9,453.9,1223.4,815.6,emotional_stability_low4_OLFhKCgexRU.000.mp4,1280,720,29.97,459,emotional_stability,low
232,7741,left_cheek,517.1,382.4,596.8,515.1,806.4,568.0,906.0,733.9,emotional_stability_low4_OLFhKCgexRU.000.mp4,1280,720,29.97,459,emotional_stability,low
232,7741,right_cheek,691.9,299.1,823.4,452.0,1024.9,463.8,1189.2,655.0,emotional_stability_low4_OLFhKCgexRU.000.mp4,1280,720,29.97,459,emotional_stability,low
233,7774,left_eye,501.8,272.7,604.5,360.0,787.3,430.9,915.7,540.0,emotional_stability_low4_OLFhKCgexRU.000.mp4,1280,720,29.97,459,emotional_stability,low
233,7774,right_eye,632.9,210.6,754.7,317.9,951.2,353.2,1103.4,487.3,emotional_stability_low4_OLFhKCgexRU.000.mp4,1280,720,29.97,459,emotional_stability,low
233,7774,nose,604.2,306.9,688.4,428.4,915.3,473.6,1020.5,625.5,emotional_stability_low4_OLFhKCgexRU.000.mp4,1280,720,29.97,459,emotional_stability,low
233,7774,mouth,615.1,443.8,749.4,534.3,928.9,644.7,1096.8,757.9,emotional_stability_low4_OLFhKCgexRU.000.mp4,1280,720,29.97,459,emotional_stability,low
233,7774,forehead,490.4,168.5,850.9,506.3,773.0,300.6,1223.6,722.9,emotional_stability_low4_OLFhKCgexRU.000.mp4,1280,720,29.97,459,emotional_stability,low
233,7774,chin,528.9,292.7,850.9,581.0,821.2,455.9,1223.6,816.2,emotional_stability_low4_OLFhKCgexRU.000.mp4,1280,720,29.97,459,emotional_stability,low
233,7774,left_cheek,517.8,382.2,597.2,515.4,807.3,567.8,906.5,734.2,emotional_stability_low4_OLFhKCgexRU.000.mp4,1280,720,29.97,459,emotional_stability,low
233,7774,right_cheek,693.5,300.3,824.3,453.3,1026.9,465.3,1190.4,656.6,emotional_stability_low4_OLFhKCgexRU.000.mp4,1280,720,29.97,459,emotional_stability,low
234,7807,left_eye,502.8,272.0,606.5,360.0,788.5,430.0,918.1,540.0,emotional_stability_low4_OLFhKCgexRU.000.mp4,1280,720,29.97,459,emotional_stability,low
234,7807,right_eye,634.8,210.5,757.5,318.2,953.5,353.1,1106.9,487.8,emotional_stability_low4_OLFhKCgexRU.000.mp4,1280,720,29.97,459,emotional_stability,low
234,7807,nose,604.5,306.8,691.7,430.5,915.7,473.5,1024.6,628.1,emotional_stability_low4_OLFhKCgexRU.000.mp4,1280,720,29.97,459,emotional_stability,low
234,7807,mouth,615.7,449.3,756.3,528.8,929.6,651.6,1105.4,751.0,emotional_stability_low4_OLFhKCgexRU.000.mp4,1280,720,29.97,459,emotional_stability,low
234,7807,forehead,491.2,168.4,851.6,506.3,773.9,300.5,1224.5,722.8,emotional_stability_low4_OLFhKCgexRU.000.mp4,1280,720,29.97,459,emotional_stability,low
234,7807,chin,529.8,293.4,851.6,580.9,822.3,456.7,1224.5,816.1,emotional_stability_low4_OLFhKCgexRU.000.mp4,1280,720,29.97,459,emotional_stability,low
234,7807,left_cheek,519.3,382.3,597.8,515.7,809.2,567.9,907.3,734.6,emotional_stability_low4_OLFhKCgexRU.000.mp4,1280,720,29.97,459,emotional_stability,low
234,7807,right_cheek,696.7,301.2,826.8,454.1,1030.9,466.5,1193.5,657.6,emotional_stability_low4_OLFhKCgexRU.000.mp4,1280,720,29.97,459,emotional_stability,low
235,7841,left_eye,503.9,271.5,607.3,360.2,789.9,429.4,919.1,540.3,emotional_stability_low4_OLFhKCgexRU.000.mp4,1280,720,29.97,459,emotional_stability,low
235,7841,right_eye,635.6,211.0,758.5,319.6,954.6,353.7,1108.1,489.5,emotional_stability_low4_OLFhKCgexRU.000.mp4,1280,720,29.97,459,emotional_stability,low
235,7841,nose,604.6,307.2,693.2,433.6,915.8,474.1,1026.5,632.0,emotional_stability_low4_OLFhKCgexRU.000.mp4,1280,720,29.97,459,emotional_stability,low
235,7841,mouth,616.2,453.8,757.9,526.9,930.2,657.3,1107.3,748.6,emotional_stability_low4_OLFhKCgexRU.000.mp4,1280,720,29.97,459,emotional_stability,low
235,7841,forehead,492.4,168.8,851.7,506.2,775.4,301.0,1224.7,722.7,emotional_stability_low4_OLFhKCgexRU.000.mp4,1280,720,29.97,459,emotional_stability,low
235,7841,chin,530.8,295.2,851.7,580.9,823.5,459.0,1224.7,816.1,emotional_stability_low4_OLFhKCgexRU.000.mp4,1280,720,29.97,459,emotional_stability,low
235,7841,left_cheek,520.4,383.1,598.1,516.2,810.5,568.8,907.7,735.2,emotional_stability_low4_OLFhKCgexRU.000.mp4,1280,720,29.97,459,emotional_stability,low
235,7841,right_cheek,697.9,303.4,827.3,456.0,1032.4,469.3,1194.1,660.0,emotional_stability_low4_OLFhKCgexRU.000.mp4,1280,720,29.97,459,emotional_stability,low
236,7874,left_eye,503.9,271.4,607.7,361.5,789.8,429.3,919.7,541.9,emotional_stability_low4_OLFhKCgexRU.000.mp4,1280,720,29.97,459,emotional_stability,low
236,7874,right_eye,636.5,211.8,759.2,321.4,955.6,354.8,1109.0,491.7,emotional_stability_low4_OLFhKCgexRU.000.mp4,1280,720,29.97,459,emotional_stability,low
236,7874,nose,604.7,308.5,693.8,435.3,915.9,475.6,1027.2,634.1,emotional_stability_low4_OLFhKCgexRU.000.mp4,1280,720,29.97,459,emotional_stability,low
236,7874,mouth,619.2,456.7,758.8,528.6,934.1,660.8,1108.6,750.8,emotional_stability_low4_OLFhKCgexRU.000.mp4,1280,720,29.97,459,emotional_stability,low
236,7874,forehead,492.3,169.5,851.7,506.2,775.3,301.9,1224.6,722.7,emotional_stability_low4_OLFhKCgexRU.000.mp4,1280,720,29.97,459,emotional_stability,low
236,7874,chin,531.0,295.7,851.7,581.5,823.8,459.6,1224.6,816.9,emotional_stability_low4_OLFhKCgexRU.000.mp4,1280,720,29.97,459,emotional_stability,low
236,7874,left_cheek,520.7,384.5,599.2,517.4,810.8,570.7,909.0,736.7,emotional_stability_low4_OLFhKCgexRU.000.mp4,1280,720,29.97,459,emotional_stability,low
236,7874,right_cheek,698.7,304.8,827.6,458.0,1033.4,471.0,1194.5,662.5,emotional_stability_low4_OLFhKCgexRU.000.mp4,1280,720,29.97,459,emotional_stability,low
237,7907,left_eye,503.9,271.8,607.6,362.9,789.9,429.8,919.4,543.6,emotional_stability_low4_OLFhKCgexRU.000.mp4,1280,720,29.97,459,emotional_stability,low
237,7907,right_eye,636.9,213.9,759.8,323.4,956.1,357.3,1109.8,494.2,emotional_stability_low4_OLFhKCgexRU.000.mp4,1280,720,29.97,459,emotional_stability,low
237,7907,nose,604.4,310.3,694.1,436.6,915.5,477.9,1027.6,635.7,emotional_stability_low4_OLFhKCgexRU.000.mp4,1280,720,29.97,459,emotional_stability,low
237,7907,mouth,618.9,455.9,758.6,542.7,933.6,659.9,1108.3,768.4,emotional_stability_low4_OLFhKCgexRU.000.mp4,1280,720,29.97,459,emotional_stability,low
237,7907,forehead,492.0,170.9,851.7,505.7,775.0,303.6,1224.6,722.1,emotional_stability_low4_OLFhKCgexRU.000.mp4,1280,720,29.97,459,emotional_stability,low
237,7907,chin,530.8,296.2,851.7,586.2,823.6,460.2,1224.6,822.7,emotional_stability_low4_OLFhKCgexRU.000.mp4,1280,720,29.97,459,emotional_stability,low
237,7907,left_cheek,520.2,385.5,599.0,518.8,810.2,571.8,908.8,738.5,emotional_stability_low4_OLFhKCgexRU.000.mp4,1280,720,29.97,459,emotional_stability,low
237,7907,right_cheek,698.5,306.3,827.2,461.0,1033.1,472.9,1194.0,666.3,emotional_stability_low4_OLFhKCgexRU.000.mp4,1280,720,29.97,459,emotional_stability,low
238,7941,left_eye,504.4,272.9,607.8,363.7,790.5,431.1,919.8,544.6,emotional_stability_low4_OLFhKCgexRU.000.mp4,1280,720,29.97,459,emotional_stability,low
238,7941,right_eye,637.5,215.7,760.9,324.7,956.9,359.6,1111.1,495.8,emotional_stability_low4_OLFhKCgexRU.000.mp4,1280,720,29.97,459,emotional_stability,low
238,7941,nose,604.2,311.8,693.1,437.8,915.3,479.8,1026.4,637.2,emotional_stability_low4_OLFhKCgexRU.000.mp4,1280,720,29.97,459,emotional_stability,low
238,7941,mouth,618.3,454.8,757.9,547.7,932.9,658.5,1107.3,774.7,emotional_stability_low4_OLFhKCgexRU.000.mp4,1280,720,29.97,459,emotional_stability,low
238,7941,forehead,492.2,172.0,851.8,504.1,775.3,305.0,1224.8,720.2,emotional_stability_low4_OLFhKCgexRU.000.mp4,1280,720,29.97,459,emotional_stability,low
238,7941,chin,530.8,296.4,851.8,588.6,823.6,460.5,1224.8,825.7,emotional_stability_low4_OLFhKCgexRU.000.mp4,1280,720,29.97,459,emotional_stability,low
238,7941,left_cheek,519.9,385.8,598.8,519.0,809.9,572.2,908.5,738.7,emotional_stability_low4_OLFhKCgexRU.000.mp4,1280,720,29.97,459,emotional_stability,low
238,7941,right_cheek,698.0,307.4,827.0,463.0,1032.5,474.2,1193.8,668.8,emotional_stability_low4_OLFhKCgexRU.000.mp4,1280,720,29.97,459,emotional_stability,low
239,7974,left_eye,505.1,274.0,608.1,364.4,791.3,432.4,920.1,545.5,emotional_stability_low4_OLFhKCgexRU.000.mp4,1280,720,29.97,459,emotional_stability,low
239,7974,right_eye,638.4,216.6,762.3,325.5,958.0,360.7,1112.9,496.9,emotional_stability_low4_OLFhKCgexRU.000.mp4,1280,720,29.97,459,emotional_stability,low
239,7974,nose,605.5,312.8,692.5,439.1,916.9,481.0,1025.6,638.9,emotional_stability_low4_OLFhKCgexRU.000.mp4,1280,720,29.97,459,emotional_stability,low
239,7974,mouth,619.1,455.6,756.4,550.2,933.9,659.6,1105.5,777.8,emotional_stability_low4_OLFhKCgexRU.000.mp4,1280,720,29.97,459,emotional_stability,low
239,7974,forehead,493.3,172.7,852.1,503.5,776.6,305.8,1225.1,719.4,emotional_stability_low4_OLFhKCgexRU.000.mp4,1280,720,29.97,459,emotional_stability,low
239,7974,chin,531.8,297.3,852.1,589.9,824.8,461.6,1225.1,827.4,emotional_stability_low4_OLFhKCgexRU.000.mp4,1280,720,29.97,459,emotional_stability,low
239,7974,left_cheek,520.2,386.4,598.9,519.4,810.2,573.0,908.6,739.3,emotional_stability_low4_OLFhKCgexRU.000.mp4,1280,720,29.97,459,emotional_stability,low
239,7974,right_cheek,697.7,308.9,826.9,466.1,1032.1,476.2,1193.6,672.6,emotional_stability_low4_OLFhKCgexRU.000.mp4,1280,720,29.97,459,emotional_stability,low
240,8008,left_eye,504.8,275.0,608.0,365.2,791.0,433.7,920.0,546.6,emotional_stability_low4_OLFhKCgexRU.000.mp4,1280,720,29.97,459,emotional_stability,low
240,8008,right_eye,638.3,216.3,762.3,325.9,957.9,360.4,1112.9,497.4,emotional_stability_low4_OLFhKCgexRU.000.mp4,1280,720,29.97,459,emotional_stability,low
240,8008,nose,607.3,312.8,692.2,440.1,919.1,481.0,1025.2,640.1,emotional_stability_low4_OLFhKCgexRU.000.mp4,1280,720,29.97,459,emotional_stability,low
240,8008,mouth,623.5,457.4,746.9,548.7,939.4,661.8,1093.6,775.8,emotional_stability_low4_OLFhKCgexRU.000.mp4,1280,720,29.97,459,emotional_stability,low
240,8008,forehead,493.1,172.4,852.5,503.4,776.4,305.5,1225.6,719.3,emotional_stability_low4_OLFhKCgexRU.000.mp4,1280,720,29.97,459,emotional_stability,low
240,8008,chin,532.4,297.6,852.5,589.1,825.5,462.0,1225.6,826.4,emotional_stability_low4_OLFhKCgexRU.000.mp4,1280,720,29.97,459,emotional_stability,low
240,8008,left_cheek,520.7,387.2,600.6,519.7,810.9,574.0,910.8,739.7,emotional_stability_low4_OLFhKCgexRU.000.mp4,1280,720,29.97,459,emotional_stability,low
240,8008,right_cheek,697.4,309.5,826.8,467.2,1031.7,476.9,1193.4,674.0,emotional_stability_low4_OLFhKCgexRU.000.mp4,1280,720,29.97,459,emotional_stability,low
241,8041,left_eye,504.6,274.7,607.8,365.8,790.7,433.4,919.7,547.2,emotional_stability_low4_OLFhKCgexRU.000.mp4,1280,720,29.97,459,emotional_stability,low
241,8041,right_eye,638.0,216.3,762.2,326.2,957.5,360.4,1112.8,497.7,emotional_stability_low4_OLFhKCgexRU.000.mp4,1280,720,29.97,459,emotional_stability,low
241,8041,nose,607.4,312.5,692.0,440.8,919.2,480.6,1025.0,641.0,emotional_stability_low4_OLFhKCgexRU.000.mp4,1280,720,29.97,459,emotional_stability,low
241,8041,mouth,627.8,461.9,738.5,547.0,944.7,667.3,1083.1,773.7,emotional_stability_low4_OLFhKCgexRU.000.mp4,1280,720,29.97,459,emotional_stability,low
241,8041,forehead,492.9,172.3,852.4,503.1,776.2,305.4,1225.5,718.8,emotional_stability_low4_OLFhKCgexRU.000.mp4,1280,720,29.97,459,emotional_stability,low
241,8041,chin,532.7,298.5,852.4,589.0,825.9,463.1,1225.5,826.3,emotional_stability_low4_OLFhKCgexRU.000.mp4,1280,720,29.97,459,emotional_stability,low
241,8041,left_cheek,521.1,387.6,602.2,519.6,811.4,574.6,912.7,739.5,emotional_stability_low4_OLFhKCgexRU.000.mp4,1280,720,29.97,459,emotional_stability,low
241,8041,right_cheek,697.3,310.4,826.4,468.1,1031.6,478.0,1192.9,675.2,emotional_stability_low4_OLFhKCgexRU.000.mp4,1280,720,29.97,459,emotional_stability,low
242,8074,left_eye,504.5,274.6,607.6,365.5,790.6,433.3,919.5,546.9,emotional_stability_low4_OLFhKCgexRU.000.mp4,1280,720,29.97,459,emotional_stability,low
242,8074,right_eye,637.7,216.1,762.0,325.8,957.1,360.1,1112.5,497.2,emotional_stability_low4_OLFhKCgexRU.000.mp4,1280,720,29.97,459,emotional_stability,low
242,8074,nose,607.3,312.4,691.8,440.7,919.1,480.5,1024.8,640.9,emotional_stability_low4_OLFhKCgexRU.000.mp4,1280,720,29.97,459,emotional_stability,low
242,8074,mouth,629.9,464.2,734.5,546.5,947.4,670.2,1078.1,773.1,emotional_stability_low4_OLFhKCgexRU.000.mp4,1280,720,29.97,459,emotional_stability,low
242,8074,forehead,492.8,171.4,852.9,500.5,776.0,304.3,1226.1,715.6,emotional_stability_low4_OLFhKCgexRU.000.mp4,1280,720,29.97,459,emotional_stability,low
242,8074,chin,532.6,297.6,852.9,587.1,825.7,462.1,1226.1,823.8,emotional_stability_low4_OLFhKCgexRU.000.mp4,1280,720,29.97,459,emotional_stability,low
242,8074,left_cheek,521.0,387.4,602.7,518.8,811.2,574.3,913.4,738.5,emotional_stability_low4_OLFhKCgexRU.000.mp4,1280,720,29.97,459,emotional_stability,low
242,8074,right_cheek,697.1,309.7,826.3,467.3,1031.4,477.1,1192.9,674.2,emotional_stability_low4_OLFhKCgexRU.000.mp4,1280,720,29.97,459,emotional_stability,low
243,8108,left_eye,504.3,274.2,607.6,365.4,790.4,432.8,919.5,546.7,emotional_stability_low4_OLFhKCgexRU.000.mp4,1280,720,29.97,459,emotional_stability,low
243,8108,right_eye,637.7,216.0,762.1,325.5,957.2,359.9,1112.6,496.9,emotional_stability_low4_OLFhKCgexRU.000.mp4,1280,720,29.97,459,emotional_stability,low
243,8108,nose,607.4,312.3,691.8,440.6,919.3,480.4,1024.7,640.8,emotional_stability_low4_OLFhKCgexRU.000.mp4,1280,720,29.97,459,emotional_stability,low
243,8108,mouth,630.5,466.4,736.3,548.3,948.2,673.0,1080.4,775.3,emotional_stability_low4_OLFhKCgexRU.000.mp4,1280,720,29.97,459,emotional_stability,low
243,8108,forehead,492.8,171.4,852.6,501.3,776.0,304.3,1225.8,716.6,emotional_stability_low4_OLFhKCgexRU.000.mp4,1280,720,29.97,459,emotional_stability,low
243,8108,chin,532.0,298.4,852.6,588.9,824.9,462.9,1225.8,826.2,emotional_stability_low4_OLFhKCgexRU.000.mp4,1280,720,29.97,459,emotional_stability,low
243,8108,left_cheek,520.9,387.4,603.4,519.2,811.1,574.2,914.2,739.0,emotional_stability_low4_OLFhKCgexRU.000.mp4,1280,720,29.97,459,emotional_stability,low
243,8108,right_cheek,697.0,310.3,825.6,469.4,1031.3,477.8,1192.0,676.7,emotional_stability_low4_OLFhKCgexRU.000.mp4,1280,720,29.97,459,emotional_stability,low
244,8141,left_eye,503.6,274.1,607.5,365.4,789.5,432.7,919.4,546.8,emotional_stability_low4_OLFhKCgexRU.000.mp4,1280,720,29.97,459,emotional_stability,low
244,8141,right_eye,637.8,215.8,763.1,325.4,957.2,359.7,1113.9,496.7,emotional_stability_low4_OLFhKCgexRU.000.mp4,1280,720,29.97,459,emotional_stability,low
244,8141,nose,606.8,312.1,691.7,441.5,918.6,480.1,1024.6,641.9,emotional_stability_low4_OLFhKCgexRU.000.mp4,1280,720,29.97,459,emotional_stability,low
244,8141,mouth,628.8,468.2,746.5,553.5,946.0,675.3,1093.1,781.8,emotional_stability_low4_OLFhKCgexRU.000.mp4,1280,720,29.97,459,emotional_stability,low
244,8141,forehead,491.1,171.1,853.0,502.2,773.9,303.8,1226.2,717.7,emotional_stability_low4_OLFhKCgexRU.000.mp4,1280,720,29.97,459,emotional_stability,low
244,8141,chin,530.0,298.2,853.0,593.8,822.4,462.7,1226.2,832.2,emotional_stability_low4_OLFhKCgexRU.000.mp4,1280,720,29.97,459,emotional_stability,low
244,8141,left_cheek,519.8,387.9,602.8,522.6,809.8,574.8,913.4,743.2,emotional_stability_low4_OLFhKCgexRU.000.mp4,1280,720,29.97,459,emotional_stability,low
244,8141,right_cheek,697.1,310.1,826.1,470.8,1031.3,477.7,1192.7,678.5,emotional_stability_low4_OLFhKCgexRU.000.mp4,1280,720,29.97,459,emotional_stability,low
245,8174,left_eye,502.7,273.0,607.4,363.4,788.4,431.3,919.3,544.3,emotional_stability_low4_OLFhKCgexRU.000.mp4,1280,720,29.97,459,emotional_stability,low
245,8174,right_eye,638.0,214.7,764.1,324.6,957.4,358.4,1115.2,495.7,emotional_stability_low4_OLFhKCgexRU.000.mp4,1280,720,29.97,459,emotional_stability,low
245,8174,nose,605.1,311.1,691.6,441.4,916.4,478.8,1024.5,641.7,emotional_stability_low4_OLFhKCgexRU.000.mp4,1280,720,29.97,459,emotional_stability,low
245,8174,mouth,620.8,463.0,753.7,554.1,936.0,668.8,1102.1,782.7,emotional_stability_low4_OLFhKCgexRU.000.mp4,1280,720,29.97,459,emotional_stability,low
245,8174,forehead,490.3,169.4,853.3,501.7,772.9,301.7,1226.6,717.2,emotional_stability_low4_OLFhKCgexRU.000.mp4,1280,720,29.97,459,emotional_stability,low
245,8174,chin,527.8,296.4,853.3,595.6,819.8,460.6,1226.6,834.4,emotional_stability_low4_OLFhKCgexRU.000.mp4,1280,720,29.97,459,emotional_stability,low
245,8174,left_cheek,517.5,386.2,598.5,522.2,806.9,572.7,908.2,742.7,emotional_stability_low4_OLFhKCgexRU.000.mp4,1280,720,29.97,459,emotional_stability,low
245,8174,right_cheek,697.1,309.0,827.1,469.6,1031.3,476.3,1193.9,677.1,emotional_stability_low4_OLFhKCgexRU.000.mp4,1280,720,29.97,459,emotional_stability,low
246,8208,left_eye,501.8,272.1,607.3,361.6,787.2,430.2,919.2,542.0,emotional_stability_low4_OLFhKCgexRU.000.mp4,1280,720,29.97,459,emotional_stability,low
246,8208,right_eye,638.0,213.3,764.1,323.8,957.4,356.6,1115.2,494.7,emotional_stability_low4_OLFhKCgexRU.000.mp4,1280,720,29.97,459,emotional_stability,low
246,8208,nose,603.5,310.5,691.5,440.9,914.3,478.1,1024.4,641.2,emotional_stability_low4_OLFhKCgexRU.000.mp4,1280,720,29.97,459,emotional_stability,low
246,8208,mouth,616.3,459.2,756.3,553.3,930.3,664.0,1105.3,781.6,emotional_stability_low4_OLFhKCgexRU.000.mp4,1280,720,29.97,459,emotional_stability,low
246,8208,forehead,489.1,168.4,853.5,500.6,771.4,300.4,1226.9,715.8,emotional_stability_low4_OLFhKCgexRU.000.mp4,1280,720,29.97,459,emotional_stability,low
246,8208,chin,526.1,295.1,853.5,594.3,817.6,458.8,1226.9,832.9,emotional_stability_low4_OLFhKCgexRU.000.mp4,1280,720,29.97,459,emotional_stability,low
246,8208,left_cheek,515.3,384.6,596.7,521.2,804.1,570.8,905.9,741.5,emotional_stability_low4_OLFhKCgexRU.000.mp4,1280,720,29.97,459,emotional_stability,low
246,8208,right_cheek,697.1,307.9,827.9,469.0,1031.3,474.8,1194.9,676.3,emotional_stability_low4_OLFhKCgexRU.000.mp4,1280,720,29.97,459,emotional_stability,low
247,8241,left_eye,501.6,272.0,607.0,361.2,787.0,429.9,918.8,541.6,emotional_stability_low4_OLFhKCgexRU.000.mp4,1280,720,29.97,459,emotional_stability,low
247,8241,right_eye,637.7,213.4,763.9,323.8,957.1,356.7,1114.9,494.7,emotional_stability_low4_OLFhKCgexRU.000.mp4,1280,720,29.97,459,emotional_stability,low
247,8241,nose,599.9,310.5,690.4,440.6,909.8,478.2,1023.0,640.8,emotional_stability_low4_OLFhKCgexRU.000.mp4,1280,720,29.97,459,emotional_stability,low
247,8241,mouth,611.5,458.2,755.4,552.6,924.4,662.7,1104.2,780.8,emotional_stability_low4_OLFhKCgexRU.000.mp4,1280,720,29.97,459,emotional_stability,low
247,8241,forehead,489.1,168.5,853.6,500.1,771.4,300.7,1227.0,715.1,emotional_stability_low4_OLFhKCgexRU.000.mp4,1280,720,29.97,459,emotional_stability,low
247,8241,chin,526.2,295.2,853.6,593.6,817.7,459.0,1227.0,831.9,emotional_stability_low4_OLFhKCgexRU.000.mp4,1280,720,29.97,459,emotional_stability,low
247,8241,left_cheek,514.5,384.2,594.8,520.5,803.1,570.3,903.5,740.6,emotional_stability_low4_OLFhKCgexRU.000.mp4,1280,720,29.97,459,emotional_stability,low
247,8241,right_cheek,696.5,307.9,827.9,468.5,1030.6,474.9,1194.9,675.6,emotional_stability_low4_OLFhKCgexRU.000.mp4,1280,720,29.97,459,emotional_stability,low
248,8274,left_eye,501.6,272.4,606.8,361.3,787.0,430.5,918.5,541.6,emotional_stability_low4_OLFhKCgexRU.000.mp4,1280,720,29.97,459,emotional_stability,low
248,8274,right_eye,637.3,214.9,763.7,324.8,956.6,358.6,1114.7,496.1,emotional_stability_low4_OLFhKCgexRU.000.mp4,1280,720,29.97,459,emotional_stability,low
248,8274,nose,598.0,311.4,688.5,440.7,907.5,479.2,1020.7,640.9,emotional_stability_low4_OLFhKCgexRU.000.mp4,1280,720,29.97,459,emotional_stability,low
248,8274,mouth,609.1,458.1,754.6,552.0,921.4,662.6,1103.2,780.0,emotional_stability_low4_OLFhKCgexRU.000.mp4,1280,720,29.97,459,emotional_stability,low
248,8274,forehead,489.6,169.8,853.9,500.1,772.0,302.2,1227.4,715.1,emotional_stability_low4_OLFhKCgexRU.000.mp4,1280,720,29.97,459,emotional_stability,low
248,8274,chin,526.5,296.5,853.9,593.1,818.1,460.6,1227.4,831.4,emotional_stability_low4_OLFhKCgexRU.000.mp4,1280,720,29.97,459,emotional_stability,low
248,8274,left_cheek,514.5,384.2,593.5,520.1,803.2,570.3,901.9,740.2,emotional_stability_low4_OLFhKCgexRU.000.mp4,1280,720,29.97,459,emotional_stability,low
248,8274,right_cheek,695.5,309.1,828.0,468.2,1029.4,476.3,1194.9,675.2,emotional_stability_low4_OLFhKCgexRU.000.mp4,1280,720,29.97,459,emotional_stability,low
249,8308,left_eye,501.9,273.1,605.8,361.4,787.3,431.4,917.3,541.7,emotional_stability_low4_OLFhKCgexRU.000.mp4,1280,720,29.97,459,emotional_stability,low
249,8308,right_eye,636.9,218.2,763.6,327.3,956.1,362.7,1114.5,499.2,emotional_stability_low4_OLFhKCgexRU.000.mp4,1280,720,29.97,459,emotional_stability,low
249,8308,nose,596.5,313.5,687.7,441.3,905.6,481.8,1019.6,641.6,emotional_stability_low4_OLFhKCgexRU.000.mp4,1280,720,29.97,459,emotional_stability,low
249,8308,mouth,606.3,458.0,753.9,551.7,917.8,662.6,1102.4,779.6,emotional_stability_low4_OLFhKCgexRU.000.mp4,1280,720,29.97,459,emotional_stability,low
249,8308,forehead,491.5,173.5,853.9,500.7,774.4,306.8,1227.4,715.9,emotional_stability_low4_OLFhKCgexRU.000.mp4,1280,720,29.97,459,emotional_stability,low
249,8308,chin,526.8,300.6,853.9,593.1,818.5,465.7,1227.4,831.4,emotional_stability_low4_OLFhKCgexRU.000.mp4,1280,720,29.97,459,emotional_stability,low
249,8308,left_cheek,514.5,384.6,592.4,520.1,803.1,570.7,900.5,740.1,emotional_stability_low4_OLFhKCgexRU.000.mp4,1280,720,29.97,459,emotional_stability,low
249,8308,right_cheek,694.8,312.1,827.9,468.8,1028.5,480.1,1194.9,676.0,emotional_stability_low4_OLFhKCgexRU.000.mp4,1280,720,29.97,459,emotional_stability,low
250,8341,left_eye,501.6,273.7,603.9,362.9,787.0,432.1,914.9,543.7,emotional_stability_low4_OLFhKCgexRU.000.mp4,1280,720,29.97,459,emotional_stability,low
250,8341,right_eye,636.9,219.2,763.9,328.9,956.1,364.0,1114.8,501.1,emotional_stability_low4_OLFhKCgexRU.000.mp4,1280,720,29.97,459,emotional_stability,low
250,8341,nose,596.4,314.7,687.7,442.8,905.5,483.3,1019.7,643.5,emotional_stability_low4_OLFhKCgexRU.000.mp4,1280,720,29.97,459,emotional_stability,low
250,8341,mouth,604.9,458.2,753.6,551.6,916.1,662.8,1102.0,779.5,emotional_stability_low4_OLFhKCgexRU.000.mp4,1280,720,29.97,459,emotional_stability,low
250,8341,forehead,491.5,175.9,853.6,503.2,774.4,309.9,1227.1,719.0,emotional_stability_low4_OLFhKCgexRU.000.mp4,1280,720,29.97,459,emotional_stability,low
250,8341,chin,526.5,305.2,853.6,593.0,818.1,471.5,1227.1,831.3,emotional_stability_low4_OLFhKCgexRU.000.mp4,1280,720,29.97,459,emotional_stability,low
250,8341,left_cheek,514.0,386.2,591.9,520.2,802.5,572.7,899.9,740.3,emotional_stability_low4_OLFhKCgexRU.000.mp4,1280,720,29.97,459,emotional_stability,low
250,8341,right_cheek,694.7,315.2,827.8,469.4,1028.4,484.0,1194.7,676.8,emotional_stability_low4_OLFhKCgexRU.000.mp4,1280,720,29.97,459,emotional_stability,low
251,8375,left_eye,501.9,274.5,603.4,365.7,787.4,433.1,914.2,547.1,emotional_stability_low4_OLFhKCgexRU.000.mp4,1280,720,29.97,459,emotional_stability,low
251,8375,right_eye,637.0,221.6,764.3,332.4,956.3,367.0,1115.3,505.6,emotional_stability_low4_OLFhKCgexRU.000.mp4,1280,720,29.97,459,emotional_stability,low
251,8375,nose,595.9,317.1,687.8,443.7,904.9,486.4,1019.7,644.6,emotional_stability_low4_OLFhKCgexRU.000.mp4,1280,720,29.97,459,emotional_stability,low
251,8375,mouth,605.0,459.8,753.3,550.6,916.2,664.8,1101.6,778.2,emotional_stability_low4_OLFhKCgexRU.000.mp4,1280,720,29.97,459,emotional_stability,low
251,8375,forehead,492.9,180.0,853.6,505.5,776.1,314.9,1227.0,721.9,emotional_stability_low4_OLFhKCgexRU.000.mp4,1280,720,29.97,459,emotional_stability,low
251,8375,chin,526.5,310.5,853.6,593.0,818.1,478.1,1227.0,831.2,emotional_stability_low4_OLFhKCgexRU.000.mp4,1280,720,29.97,459,emotional_stability,low
251,8375,left_cheek,514.1,388.3,591.7,520.4,802.7,575.3,899.6,740.5,emotional_stability_low4_OLFhKCgexRU.000.mp4,1280,720,29.97,459,emotional_stability,low
251,8375,right_cheek,694.7,319.8,827.7,471.9,1028.4,489.7,1194.6,679.9,emotional_stability_low4_OLFhKCgexRU.000.mp4,1280,720,29.97,459,emotional_stability,low
252,8408,left_eye,502.7,275.1,603.4,368.8,788.3,433.9,914.3,551.0,emotional_stability_low4_OLFhKCgexRU.000.mp4,1280,720,29.97,459,emotional_stability,low
252,8408,right_eye,637.4,224.0,766.2,335.4,956.8,370.0,1117.8,509.3,emotional_stability_low4_OLFhKCgexRU.000.mp4,1280,720,29.97,459,emotional_stability,low
252,8408,nose,596.1,318.8,687.7,445.9,905.1,488.5,1019.6,647.4,emotional_stability_low4_OLFhKCgexRU.000.mp4,1280,720,29.97,459,emotional_stability,low
252,8408,mouth,604.9,462.4,753.3,550.5,916.1,668.0,1101.7,778.1,emotional_stability_low4_OLFhKCgexRU.000.mp4,1280,720,29.97,459,emotional_stability,low
252,8408,forehead,495.2,182.0,853.6,507.6,779.0,317.5,1227.0,724.5,emotional_stability_low4_OLFhKCgexRU.000.mp4,1280,720,29.97,459,emotional_stability,low
252,8408,chin,528.2,315.1,853.6,594.5,820.3,483.9,1227.0,833.1,emotional_stability_low4_OLFhKCgexRU.000.mp4,1280,720,29.97,459,emotional_stability,low
252,8408,left_cheek,515.2,390.2,591.8,521.0,804.0,577.8,899.7,741.3,emotional_stability_low4_OLFhKCgexRU.000.mp4,1280,720,29.97,459,emotional_stability,low
252,8408,right_cheek,694.7,323.9,827.6,475.1,1028.4,494.8,1194.6,683.8,emotional_stability_low4_OLFhKCgexRU.000.mp4,1280,720,29.97,459,emotional_stability,low
253,8441,left_eye,502.9,276.4,603.5,369.7,788.7,435.5,914.4,552.1,emotional_stability_low4_OLFhKCgexRU.000.mp4,1280,720,29.97,459,emotional_stability,low
253,8441,right_eye,638.8,227.0,768.4,336.8,958.4,373.8,1120.5,511.0,emotional_stability_low4_OLFhKCgexRU.000.mp4,1280,720,29.97,459,emotional_stability,low
253,8441,nose,596.4,320.1,687.7,447.6,905.5,490.1,1019.6,649.4,emotional_stability_low4_OLFhKCgexRU.000.mp4,1280,720,29.97,459,emotional_stability,low
253,8441,mouth,603.8,462.7,753.2,550.2,914.7,668.4,1101.5,777.7,emotional_stability_low4_OLFhKCgexRU.000.mp4,1280,720,29.97,459,emotional_stability,low
253,8441,forehead,496.4,183.9,853.5,507.7,780.5,319.9,1226.8,724.6,emotional_stability_low4_OLFhKCgexRU.000.mp4,1280,720,29.97,459,emotional_stability,low
253,8441,chin,529.3,317.3,853.5,594.5,821.6,486.6,1226.8,833.1,emotional_stability_low4_OLFhKCgexRU.000.mp4,1280,720,29.97,459,emotional_stability,low
253,8441,left_cheek,515.7,391.1,591.9,521.1,804.6,578.8,899.9,741.4,emotional_stability_low4_OLFhKCgexRU.000.mp4,1280,720,29.97,459,emotional_stability,low
253,8441,right_cheek,694.9,326.0,827.6,476.3,1028.6,497.4,1194.5,685.4,emotional_stability_low4_OLFhKCgexRU.000.mp4,1280,720,29.97,459,emotional_stability,low
254,8475,left_eye,503.3,277.5,604.2,369.9,789.2,436.9,915.3,552.4,emotional_stability_low4_OLFhKCgexRU.000.mp4,1280,720,29.97,459,emotional_stability,low
254,8475,right_eye,641.7,229.5,770.6,337.8,962.1,376.9,1123.2,512.2,emotional_stability_low4_OLFhKCgexRU.000.mp4,1280,720,29.97,459,emotional_stability,low
254,8475,nose,596.7,321.6,688.2,448.1,905.9,492.0,1020.3,650.1,emotional_stability_low4_OLFhKCgexRU.000.mp4,1280,720,29.97,459,emotional_stability,low
254,8475,mouth,604.7,465.1,753.1,550.7,915.9,671.4,1101.4,778.3,emotional_stability_low4_OLFhKCgexRU.000.mp4,1280,720,29.97,459,emotional_stability,low
254,8475,forehead,497.0,186.3,853.3,509.6,781.3,322.9,1226.6,727.0,emotional_stability_low4_OLFhKCgexRU.000.mp4,1280,720,29.97,459,emotional_stability,low
254,8475,chin,529.3,321.8,853.3,598.2,821.6,492.3,1226.6,837.8,emotional_stability_low4_OLFhKCgexRU.000.mp4,1280,720,29.97,459,emotional_stability,low
254,8475,left_cheek,515.8,391.7,592.2,522.3,804.7,579.6,900.3,742.9,emotional_stability_low4_OLFhKCgexRU.000.mp4,1280,720,29.97,459,emotional_stability,low
254,8475,right_cheek,695.9,329.4,827.6,480.2,1029.8,501.7,1194.5,690.3,emotional_stability_low4_OLFhKCgexRU.000.mp4,1280,720,29.97,459,emotional_stability,low
255,8508,left_eye,504.8,279.0,606.4,370.4,791.0,438.8,918.0,553.0,emotional_stability_low4_OLFhKCgexRU.000.mp4,1280,720,29.97,459,emotional_stability,low
255,8508,right_eye,646.0,233.6,774.0,338.6,967.5,382.0,1127.4,513.2,emotional_stability_low4_OLFhKCgexRU.000.mp4,1280,720,29.97,459,emotional_stability,low
255,8508,nose,598.4,323.2,690.4,449.3,908.0,494.0,1023.0,651.6,emotional_stability_low4_OLFhKCgexRU.000.mp4,1280,720,29.97,459,emotional_stability,low
255,8508,mouth,605.3,467.5,753.7,552.9,916.6,674.4,1102.1,781.2,emotional_stability_low4_OLFhKCgexRU.000.mp4,1280,720,29.97,459,emotional_stability,low
255,8508,forehead,498.7,189.4,853.6,510.6,783.4,326.8,1227.0,728.3,emotional_stability_low4_OLFhKCgexRU.000.mp4,1280,720,29.97,459,emotional_stability,low
255,8508,chin,529.6,325.7,853.6,600.7,822.0,497.1,1227.0,840.8,emotional_stability_low4_OLFhKCgexRU.000.mp4,1280,720,29.97,459,emotional_stability,low
255,8508,left_cheek,516.2,392.3,594.0,523.4,805.3,580.4,902.5,744.2,emotional_stability_low4_OLFhKCgexRU.000.mp4,1280,720,29.97,459,emotional_stability,low
255,8508,right_cheek,698.2,332.6,827.9,483.1,1032.8,505.8,1194.8,693.9,emotional_stability_low4_OLFhKCgexRU.000.mp4,1280,720,29.97,459,emotional_stability,low
256,8541,left_eye,506.4,279.4,608.2,370.1,793.1,439.2,920.3,552.6,emotional_stability_low4_OLFhKCgexRU.000.mp4,1280,720,29.97,459,emotional_stability,low
256,8541,right_eye,648.5,234.9,776.5,338.7,970.6,383.6,1130.7,513.3,emotional_stability_low4_OLFhKCgexRU.000.mp4,1280,720,29.97,459,emotional_stability,low
256,8541,nose,600.8,322.6,691.6,449.1,911.0,493.3,1024.5,651.3,emotional_stability_low4_OLFhKCgexRU.000.mp4,1280,720,29.97,459,emotional_stability,low
256,8541,mouth,605.5,467.7,753.9,555.4,916.9,674.6,1102.4,784.3,emotional_stability_low4_OLFhKCgexRU.000.mp4,1280,720,29.97,459,emotional_stability,low
256,8541,forehead,500.0,189.5,853.7,512.2,785.0,326.9,1227.2,730.2,emotional_stability_low4_OLFhKCgexRU.000.mp4,1280,720,29.97,459,emotional_stability,low
256,8541,chin,529.4,329.2,853.7,603.5,821.8,501.5,1227.2,844.4,emotional_stability_low4_OLFhKCgexRU.000.mp4,1280,720,29.97,459,emotional_stability,low
256,8541,left_cheek,516.6,392.1,595.6,524.1,805.7,580.2,904.5,745.1,emotional_stability_low4_OLFhKCgexRU.000.mp4,1280,720,29.97,459,emotional_stability,low
256,8541,right_cheek,699.9,334.8,827.9,485.4,1034.8,508.4,1194.9,696.7,emotional_stability_low4_OLFhKCgexRU.000.mp4,1280,720,29.97,459,emotional_stability,low
257,8575,left_eye,507.7,279.2,609.5,369.8,794.6,439.0,921.9,552.3,emotional_stability_low4_OLFhKCgexRU.000.mp4,1280,720,29.97,459,emotional_stability,low
257,8575,right_eye,650.4,235.8,778.7,338.5,973.0,384.8,1133.4,513.1,emotional_stability_low4_OLFhKCgexRU.000.mp4,1280,720,29.97,459,emotional_stability,low
257,8575,nose,602.2,322.1,692.7,449.0,912.7,492.7,1025.9,651.3,emotional_stability_low4_OLFhKCgexRU.000.mp4,1280,720,29.97,459,emotional_stability,low
257,8575,mouth,605.5,467.9,753.7,557.0,916.9,674.9,1102.1,786.3,emotional_stability_low4_OLFhKCgexRU.000.mp4,1280,720,29.97,459,emotional_stability,low
257,8575,forehead,501.0,189.7,854.1,512.9,786.2,327.1,1227.7,731.2,emotional_stability_low4_OLFhKCgexRU.000.mp4,1280,720,29.97,459,emotional_stability,low
257,8575,chin,529.0,331.7,854.1,604.8,821.3,504.6,1227.7,846.0,emotional_stability_low4_OLFhKCgexRU.000.mp4,1280,720,29.97,459,emotional_stability,low
257,8575,left_cheek,516.7,391.9,596.7,524.4,805.9,579.9,905.9,745.5,emotional_stability_low4_OLFhKCgexRU.000.mp4,1280,720,29.97,459,emotional_stability,low
257,8575,right_cheek,701.2,336.4,828.0,487.4,1036.5,510.5,1195.0,699.2,emotional_stability_low4_OLFhKCgexRU.000.mp4,1280,720,29.97,459,emotional_stability,low
258,8608,left_eye,507.9,279.1,610.1,369.6,794.8,438.9,922.6,552.0,emotional_stability_low4_OLFhKCgexRU.000.mp4,1280,720,29.97,459,emotional_stability,low
258,8608,right_eye,651.4,236.3,780.3,338.0,974.3,385.3,1135.4,512.5,emotional_stability_low4_OLFhKCgexRU.000.mp4,1280,720,29.97,459,emotional_stability,low
258,8608,nose,602.8,322.0,692.8,448.7,913.6,492.5,1025.9,650.9,emotional_stability_low4_OLFhKCgexRU.000.mp4,1280,720,29.97,459,emotional_stability,low
258,8608,mouth,604.4,467.6,753.0,557.7,915.5,674.5,1101.3,787.2,emotional_stability_low4_OLFhKCgexRU.000.mp4,1280,720,29.97,459,emotional_stability,low
258,8608,forehead,501.1,189.2,854.2,512.8,786.3,326.5,1227.8,731.0,emotional_stability_low4_OLFhKCgexRU.000.mp4,1280,720,29.97,459,emotional_stability,low
258,8608,chin,527.4,333.0,854.2,605.0,819.2,506.3,1227.8,846.3,emotional_stability_low4_OLFhKCgexRU.000.mp4,1280,720,29.97,459,emotional_stability,low
258,8608,left_cheek,516.6,391.6,597.0,524.3,805.8,579.5,906.2,745.4,emotional_stability_low4_OLFhKCgexRU.000.mp4,1280,720,29.97,459,emotional_stability,low
258,8608,right_cheek,701.5,337.1,828.0,488.4,1036.9,511.4,1195.0,700.5,emotional_stability_low4_OLFhKCgexRU.000.mp4,1280,720,29.97,459,emotional_stability,low
259,8641,left_eye,508.0,278.8,610.3,368.4,795.0,438.5,922.9,550.5,emotional_stability_low4_OLFhKCgexRU.000.mp4,1280,720,29.97,459,emotional_stability,low
259,8641,right_eye,652.0,236.6,780.9,337.6,975.0,385.7,1136.1,512.0,emotional_stability_low4_OLFhKCgexRU.000.mp4,1280,720,29.97,459,emotional_stability,low
259,8641,nose,603.1,321.9,692.6,448.2,913.9,492.4,1025.7,650.2,emotional_stability_low4_OLFhKCgexRU.000.mp4,1280,720,29.97,459,emotional_stability,low
259,8641,mouth,603.7,467.5,750.0,557.5,914.6,674.4,1097.5,786.9,emotional_stability_low4_OLFhKCgexRU.000.mp4,1280,720,29.97,459,emotional_stability,low
259,8641,forehead,501.1,189.4,854.3,512.4,786.4,326.8,1227.9,730.4,emotional_stability_low4_OLFhKCgexRU.000.mp4,1280,720,29.97,459,emotional_stability,low
259,8641,chin,526.3,333.8,854.3,604.5,817.9,507.3,1227.9,845.6,emotional_stability_low4_OLFhKCgexRU.000.mp4,1280,720,29.97,459,emotional_stability,low
259,8641,left_cheek,516.3,390.5,597.0,524.1,805.4,578.1,906.3,745.1,emotional_stability_low4_OLFhKCgexRU.000.mp4,1280,720,29.97,459,emotional_stability,low
259,8641,right_cheek,701.5,337.5,827.9,488.6,1036.9,511.9,1194.9,700.7,emotional_stability_low4_OLFhKCgexRU.000.mp4,1280,720,29.97,459,emotional_stability,low
260,8675,left_eye,507.8,277.4,610.2,366.6,794.7,436.7,922.7,548.2,emotional_stability_low4_OLFhKCgexRU.000.mp4,1280,720,29.97,459,emotional_stability,low
260,8675,right_eye,652.0,236.1,780.7,337.4,975.0,385.1,1135.8,511.7,emotional_stability_low4_OLFhKCgexRU.000.mp4,1280,720,29.97,459,emotional_stability,low
260,8675,nose,603.0,320.6,692.6,446.3,913.7,490.7,1025.7,647.8,emotional_stability_low4_OLFhKCgexRU.000.mp4,1280,720,29.97,459,emotional_stability,low
260,8675,mouth,602.8,465.6,746.7,557.1,913.4,671.9,1093.4,786.4,emotional_stability_low4_OLFhKCgexRU.000.mp4,1280,720,29.97,459,emotional_stability,low
260,8675,forehead,500.9,189.0,854.0,511.7,786.2,326.3,1227.5,729.7,emotional_stability_low4_OLFhKCgexRU.000.mp4,1280,720,29.97,459,emotional_stability,low
260,8675,chin,524.5,333.7,854.0,604.4,815.6,507.1,1227.5,845.5,emotional_stability_low4_OLFhKCgexRU.000.mp4,1280,720,29.97,459,emotional_stability,low
260,8675,left_cheek,515.6,388.4,597.0,522.3,804.5,575.4,906.2,742.9,emotional_stability_low4_OLFhKCgexRU.000.mp4,1280,720,29.97,459,emotional_stability,low
260,8675,right_cheek,701.3,337.1,826.9,487.9,1036.6,511.4,1193.7,699.9,emotional_stability_low4_OLFhKCgexRU.000.mp4,1280,720,29.97,459,emotional_stability,low
261,8708,left_eye,506.5,274.1,609.8,363.3,793.1,432.7,922.3,544.2,emotional_stability_low4_OLFhKCgexRU.000.mp4,1280,720,29.97,459,emotional_stability,low
261,8708,right_eye,651.3,235.5,779.6,334.2,974.1,384.4,1134.5,507.7,emotional_stability_low4_OLFhKCgexRU.000.mp4,1280,720,29.97,459,emotional_stability,low
261,8708,nose,603.0,317.2,691.8,441.5,913.8,486.5,1024.7,641.8,emotional_stability_low4_OLFhKCgexRU.000.mp4,1280,720,29.97,459,emotional_stability,low
261,8708,mouth,602.7,461.5,741.7,548.9,913.4,666.9,1087.2,776.1,emotional_stability_low4_OLFhKCgexRU.000.mp4,1280,720,29.97,459,emotional_stability,low
261,8708,forehead,498.7,188.8,852.0,509.5,783.4,325.9,1225.0,726.9,emotional_stability_low4_OLFhKCgexRU.000.mp4,1280,720,29.97,459,emotional_stability,low
261,8708,chin,520.8,331.9,852.0,596.3,811.0,504.8,1225.0,835.4,emotional_stability_low4_OLFhKCgexRU.000.mp4,1280,720,29.97,459,emotional_stability,low
261,8708,left_cheek,513.2,384.9,596.7,518.5,801.5,571.1,905.8,738.1,emotional_stability_low4_OLFhKCgexRU.000.mp4,1280,720,29.97,459,emotional_stability,low
261,8708,right_cheek,700.7,335.8,824.8,486.4,1035.9,509.8,1191.0,698.0,emotional_stability_low4_OLFhKCgexRU.000.mp4,1280,720,29.97,459,emotional_stability,low
262,8742,left_eye,503.2,269.9,607.2,358.8,788.9,427.4,919.1,538.5,emotional_stability_low4_OLFhKCgexRU.000.mp4,1280,720,29.97,459,emotional_stability,low
262,8742,right_eye,650.9,231.1,776.5,329.4,973.7,378.9,1130.6,501.7,emotional_stability_low4_OLFhKCgexRU.000.mp4,1280,720,29.97,459,emotional_stability,low
262,8742,nose,603.3,311.9,690.1,434.1,914.1,479.8,1022.6,632.7,emotional_stability_low4_OLFhKCgexRU.000.mp4,1280,720,29.97,459,emotional_stability,low
262,8742,mouth,602.9,452.4,738.4,537.4,913.6,655.5,1082.9,761.7,emotional_stability_low4_OLFhKCgexRU.000.mp4,1280,720,29.97,459,emotional_stability,low
262,8742,forehead,494.8,186.0,847.8,506.6,778.4,322.4,1219.8,723.3,emotional_stability_low4_OLFhKCgexRU.000.mp4,1280,720,29.97,459,emotional_stability,low
262,8742,chin,516.3,330.8,847.8,588.6,805.4,503.5,1219.8,825.7,emotional_stability_low4_OLFhKCgexRU.000.mp4,1280,720,29.97,459,emotional_stability,low
262,8742,left_cheek,510.1,380.2,595.7,513.4,797.6,565.2,904.7,731.7,emotional_stability_low4_OLFhKCgexRU.000.mp4,1280,720,29.97,459,emotional_stability,low
262,8742,right_cheek,698.8,331.2,822.1,477.3,1033.4,503.9,1187.6,686.6,emotional_stability_low4_OLFhKCgexRU.000.mp4,1280,720,29.97,459,emotional_stability,low
263,8775,left_eye,498.1,265.7,602.1,358.3,782.6,422.2,912.6,537.9,emotional_stability_low4_OLFhKCgexRU.000.mp4,1280,720,29.97,459,emotional_stability,low
263,8775,right_eye,642.9,221.9,765.0,323.0,963.7,367.4,1116.2,493.8,emotional_stability_low4_OLFhKCgexRU.000.mp4,1280,720,29.97,459,emotional_stability,low
263,8775,nose,602.9,305.0,687.5,425.4,913.7,471.2,1019.4,621.7,emotional_stability_low4_OLFhKCgexRU.000.mp4,1280,720,29.97,459,emotional_stability,low
263,8775,mouth,603.0,440.9,735.9,528.4,913.8,641.1,1079.9,750.5,emotional_stability_low4_OLFhKCgexRU.000.mp4,1280,720,29.97,459,emotional_stability,low
263,8775,forehead,488.3,179.6,843.3,507.3,770.4,314.5,1214.2,724.1,emotional_stability_low4_OLFhKCgexRU.000.mp4,1280,720,29.97,459,emotional_stability,low
263,8775,chin,512.3,321.7,843.3,583.0,800.3,492.1,1214.2,818.7,emotional_stability_low4_OLFhKCgexRU.000.mp4,1280,720,29.97,459,emotional_stability,low
263,8775,left_cheek,507.8,377.7,593.0,511.5,794.7,562.1,901.3,729.4,emotional_stability_low4_OLFhKCgexRU.000.mp4,1280,720,29.97,459,emotional_stability,low
263,8775,right_cheek,694.1,320.1,818.4,464.9,1027.6,490.1,1183.0,671.1,emotional_stability_low4_OLFhKCgexRU.000.mp4,1280,720,29.97,459,emotional_stability,low
264,8808,left_eye,487.2,265.3,590.6,359.2,769.0,421.7,898.3,539.0,emotional_stability_low4_OLFhKCgexRU.000.mp4,1280,720,29.97,459,emotional_stability,low
264,8808,right_eye,631.1,215.2,753.8,315.0,948.8,359.0,1102.3,483.8,emotional_stability_low4_OLFhKCgexRU.000.mp4,1280,720,29.97,459,emotional_stability,low
264,8808,nose,596.8,303.0,683.2,420.4,906.0,468.7,1014.0,615.5,emotional_stability_low4_OLFhKCgexRU.000.mp4,1280,720,29.97,459,emotional_stability,low
264,8808,mouth,602.7,432.6,732.5,523.3,913.3,630.7,1075.7,744.1,emotional_stability_low4_OLFhKCgexRU.000.mp4,1280,720,29.97,459,emotional_stability,low
264,8808,forehead,474.3,174.3,842.2,508.5,752.9,307.9,1212.8,725.6,emotional_stability_low4_OLFhKCgexRU.000.mp4,1280,720,29.97,459,emotional_stability,low
264,8808,chin,504.8,307.7,842.2,579.0,791.0,474.6,1212.8,813.8,emotional_stability_low4_OLFhKCgexRU.000.mp4,1280,720,29.97,459,emotional_stability,low
264,8808,left_cheek,500.0,377.4,585.0,511.6,785.0,561.8,891.2,729.5,emotional_stability_low4_OLFhKCgexRU.000.mp4,1280,720,29.97,459,emotional_stability,low
264,8808,right_cheek,687.4,307.2,816.5,453.8,1019.2,474.0,1180.6,657.2,emotional_stability_low4_OLFhKCgexRU.000.mp4,1280,720,29.97,459,emotional_stability,low
265,8842,left_eye,471.8,266.8,572.4,360.0,749.7,423.5,875.4,540.0,emotional_stability_low4_OLFhKCgexRU.000.mp4,1280,720,29.97,459,emotional_stability,low
265,8842,right_eye,607.1,210.8,732.0,308.7,918.9,353.5,1075.0,475.9,emotional_stability_low4_OLFhKCgexRU.000.mp4,1280,720,29.97,459,emotional_stability,low
265,8842,nose,577.8,300.9,661.3,413.6,882.3,466.1,986.6,607.0,emotional_stability_low4_OLFhKCgexRU.000.mp4,1280,720,29.97,459,emotional_stability,low
265,8842,mouth,589.0,425.6,716.2,517.9,896.2,622.0,1055.2,737.4,emotional_stability_low4_OLFhKCgexRU.000.mp4,1280,720,29.97,459,emotional_stability,low
265,8842,forehead,459.9,171.4,837.1,512.5,734.9,304.2,1206.4,730.6,emotional_stability_low4_OLFhKCgexRU.000.mp4,1280,720,29.97,459,emotional_stability,low
265,8842,chin,500.0,298.3,837.1,576.8,785.0,462.8,1206.4,811.0,emotional_stability_low4_OLFhKCgexRU.000.mp4,1280,720,29.97,459,emotional_stability,low
265,8842,left_cheek,488.7,376.5,567.2,511.5,770.9,560.6,869.0,729.3,emotional_stability_low4_OLFhKCgexRU.000.mp4,1280,720,29.97,459,emotional_stability,low
265,8842,right_cheek,667.2,297.3,805.1,444.2,994.0,461.7,1166.4,645.2,emotional_stability_low4_OLFhKCgexRU.000.mp4,1280,720,29.97,459,emotional_stability,low
266,8875,left_eye,464.5,263.7,563.8,356.8,740.7,419.6,864.7,536.0,emotional_stability_low4_OLFhKCgexRU.000.mp4,1280,720,29.97,459,emotional_stability,low
266,8875,right_eye,587.2,204.3,713.5,303.0,894.1,345.4,1051.9,468.7,emotional_stability_low4_OLFhKCgexRU.000.mp4,1280,720,29.97,459,emotional_stability,low
266,8875,nose,561.7,293.2,642.2,402.6,862.1,456.4,962.8,593.2,emotional_stability_low4_OLFhKCgexRU.000.mp4,1280,720,29.97,459,emotional_stability,low
266,8875,mouth,578.6,417.0,696.8,514.5,883.2,611.3,1031.0,733.2,emotional_stability_low4_OLFhKCgexRU.000.mp4,1280,720,29.97,459,emotional_stability,low
266,8875,forehead,455.6,164.1,830.8,514.1,729.5,295.1,1198.5,732.6,emotional_stability_low4_OLFhKCgexRU.000.mp4,1280,720,29.97,459,emotional_stability,low
266,8875,chin,499.3,288.4,830.8,575.6,784.1,450.5,1198.5,809.4,emotional_stability_low4_OLFhKCgexRU.000.mp4,1280,720,29.97,459,emotional_stability,low
266,8875,left_cheek,483.2,371.3,561.7,508.1,764.0,554.1,862.1,725.1,emotional_stability_low4_OLFhKCgexRU.000.mp4,1280,720,29.97,459,emotional_stability,low
266,8875,right_cheek,651.2,286.4,792.2,434.3,974.0,448.0,1150.2,632.8,emotional_stability_low4_OLFhKCgexRU.000.mp4,1280,720,29.97,459,emotional_stability,low
267,8908,left_eye,463.0,257.2,559.4,353.7,738.8,411.5,859.3,532.1,emotional_stability_low4_OLFhKCgexRU.000.mp4,1280,720,29.97,459,emotional_stability,low
267,8908,right_eye,578.0,193.9,703.0,296.6,882.5,332.3,1038.8,460.7,emotional_stability_low4_OLFhKCgexRU.000.mp4,1280,720,29.97,459,emotional_stability,low
267,8908,nose,554.4,285.5,632.4,394.7,853.0,446.9,950.5,583.3,emotional_stability_low4_OLFhKCgexRU.000.mp4,1280,720,29.97,459,emotional_stability,low
267,8908,mouth,577.1,411.1,686.5,506.5,881.4,603.9,1018.1,723.2,emotional_stability_low4_OLFhKCgexRU.000.mp4,1280,720,29.97,459,emotional_stability,low
267,8908,forehead,456.0,157.8,825.2,514.5,730.0,287.2,1191.4,733.1,emotional_stability_low4_OLFhKCgexRU.000.mp4,1280,720,29.97,459,emotional_stability,low
267,8908,chin,499.4,281.8,825.2,572.5,784.2,442.2,1191.4,805.6,emotional_stability_low4_OLFhKCgexRU.000.mp4,1280,720,29.97,459,emotional_stability,low
267,8908,left_cheek,482.3,365.4,560.0,503.7,762.9,546.7,860.1,719.6,emotional_stability_low4_OLFhKCgexRU.000.mp4,1280,720,29.97,459,emotional_stability,low
267,8908,right_cheek,642.7,278.0,783.8,425.6,963.4,437.5,1139.8,622.0,emotional_stability_low4_OLFhKCgexRU.000.mp4,1280,720,29.97,459,emotional_stability,low
268,8942,left_eye,465.3,253.3,561.5,350.4,741.7,406.6,861.8,528.0,emotional_stability_low4_OLFhKCgexRU.000.mp4,1280,720,29.97,459,emotional_stability,low
268,8942,right_eye,580.1,190.0,703.8,293.1,885.2,327.4,1039.7,456.4,emotional_stability_low4_OLFhKCgexRU.000.mp4,1280,720,29.97,459,emotional_stability,low
268,8942,nose,555.5,281.7,634.2,389.7,854.4,442.2,952.8,577.1,emotional_stability_low4_OLFhKCgexRU.000.mp4,1280,720,29.97,459,emotional_stability,low
268,8942,mouth,580.1,407.2,684.0,496.1,885.1,599.0,1015.0,710.2,emotional_stability_low4_OLFhKCgexRU.000.mp4,1280,720,29.97,459,emotional_stability,low
268,8942,forehead,458.4,156.1,823.7,514.3,733.0,285.1,1189.6,732.8,emotional_stability_low4_OLFhKCgexRU.000.mp4,1280,720,29.97,459,emotional_stability,low
268,8942,chin,500.3,280.4,823.7,570.1,785.3,440.5,1189.6,802.6,emotional_stability_low4_OLFhKCgexRU.000.mp4,1280,720,29.97,459,emotional_stability,low
268,8942,left_cheek,484.1,361.4,560.3,500.0,765.1,541.8,860.4,715.0,emotional_stability_low4_OLFhKCgexRU.000.mp4,1280,720,29.97,459,emotional_stability,low
268,8942,right_cheek,643.9,274.9,783.6,420.2,964.8,433.6,1139.6,615.2,emotional_stability_low4_OLFhKCgexRU.000.mp4,1280,720,29.97,459,emotional_stability,low
269,8975,left_eye,467.7,250.9,564.8,348.4,744.6,403.6,866.0,525.5,emotional_stability_low4_OLFhKCgexRU.000.mp4,1280,720,29.97,459,emotional_stability,low
269,8975,right_eye,585.8,189.6,708.7,291.5,892.2,326.9,1045.9,454.4,emotional_stability_low4_OLFhKCgexRU.000.mp4,1280,720,29.97,459,emotional_stability,low
269,8975,nose,560.0,279.5,639.3,386.4,860.0,439.4,959.1,573.0,emotional_stability_low4_OLFhKCgexRU.000.mp4,1280,720,29.97,459,emotional_stability,low
269,8975,mouth,583.9,403.7,684.3,488.9,889.9,594.6,1015.3,701.1,emotional_stability_low4_OLFhKCgexRU.000.mp4,1280,720,29.97,459,emotional_stability,low
269,8975,forehead,461.1,156.1,823.9,514.1,736.3,285.1,1189.9,732.6,emotional_stability_low4_OLFhKCgexRU.000.mp4,1280,720,29.97,459,emotional_stability,low
269,8975,chin,501.8,280.9,823.9,568.6,787.3,441.2,1189.9,800.8,emotional_stability_low4_OLFhKCgexRU.000.mp4,1280,720,29.97,459,emotional_stability,low
269,8975,left_cheek,486.3,359.0,561.7,498.3,767.9,538.7,862.1,712.9,emotional_stability_low4_OLFhKCgexRU.000.mp4,1280,720,29.97,459,emotional_stability,low
269,8975,right_cheek,648.4,274.0,786.2,416.8,970.5,432.5,1142.8,610.9,emotional_stability_low4_OLFhKCgexRU.000.mp4,1280,720,29.97,459,emotional_stability,low
270,9009,left_eye,470.7,247.2,568.2,345.7,748.4,398.9,870.3,522.2,emotional_stability_low4_OLFhKCgexRU.000.mp4,1280,720,29.97,459,emotional_stability,low
270,9009,right_eye,591.3,187.5,712.9,289.1,899.1,324.3,1051.2,451.4,emotional_stability_low4_OLFhKCgexRU.000.mp4,1280,720,29.97,459,emotional_stability,low
270,9009,nose,564.9,276.1,645.3,382.4,866.2,435.2,966.6,568.0,emotional_stability_low4_OLFhKCgexRU.000.mp4,1280,720,29.97,459,emotional_stability,low
270,9009,mouth,584.4,399.1,690.4,484.0,890.5,588.8,1022.9,695.0,emotional_stability_low4_OLFhKCgexRU.000.mp4,1280,720,29.97,459,emotional_stability,low
270,9009,forehead,463.9,155.1,825.6,514.1,739.9,283.9,1192.0,732.6,emotional_stability_low4_OLFhKCgexRU.000.mp4,1280,720,29.97,459,emotional_stability,low
270,9009,chin,502.7,283.5,825.6,566.7,788.4,444.4,1192.0,798.3,emotional_stability_low4_OLFhKCgexRU.000.mp4,1280,720,29.97,459,emotional_stability,low
270,9009,left_cheek,488.3,355.5,563.5,496.1,770.4,534.4,864.3,710.1,emotional_stability_low4_OLFhKCgexRU.000.mp4,1280,720,29.97,459,emotional_stability,low
270,9009,right_cheek,653.3,274.2,789.8,415.1,976.6,432.7,1147.3,608.9,emotional_stability_low4_OLFhKCgexRU.000.mp4,1280,720,29.97,459,emotional_stability,low
271,9042,left_eye,472.5,244.4,570.5,343.5,750.6,395.5,873.1,519.4,emotional_stability_low4_OLFhKCgexRU.000.mp4,1280,720,29.97,459,emotional_stability,low
271,9042,right_eye,595.2,186.0,716.9,288.0,904.0,322.5,1056.1,450.0,emotional_stability_low4_OLFhKCgexRU.000.mp4,1280,720,29.97,459,emotional_stability,low
271,9042,nose,567.7,274.0,648.6,380.4,869.6,432.5,970.8,565.5,emotional_stability_low4_OLFhKCgexRU.000.mp4,1280,720,29.97,459,emotional_stability,low
271,9042,mouth,586.4,397.1,695.4,485.2,893.0,586.4,1029.2,696.5,emotional_stability_low4_OLFhKCgexRU.000.mp4,1280,720,29.97,459,emotional_stability,low
271,9042,forehead,465.3,153.6,827.2,513.9,741.6,282.0,1194.0,732.3,emotional_stability_low4_OLFhKCgexRU.000.mp4,1280,720,29.97,459,emotional_stability,low
271,9042,chin,503.4,283.9,827.2,566.3,789.2,444.9,1194.0,797.9,emotional_stability_low4_OLFhKCgexRU.000.mp4,1280,720,29.97,459,emotional_stability,low
271,9042,left_cheek,489.3,353.4,564.1,494.5,771.7,531.8,865.1,708.2,emotional_stability_low4_OLFhKCgexRU.000.mp4,1280,720,29.97,459,emotional_stability,low
271,9042,right_cheek,656.6,273.7,792.4,415.0,980.8,432.1,1150.6,608.7,emotional_stability_low4_OLFhKCgexRU.000.mp4,1280,720,29.97,459,emotional_stability,low
272,9075,left_eye,473.8,246.3,571.3,344.7,752.3,397.9,874.1,520.9,emotional_stability_low4_OLFhKCgexRU.000.mp4,1280,720,29.97,459,emotional_stability,low
272,9075,right_eye,596.4,188.7,720.0,290.7,905.5,325.9,1060.0,453.3,emotional_stability_low4_OLFhKCgexRU.000.mp4,1280,720,29.97,459,emotional_stability,low
272,9075,nose,571.1,276.0,652.4,382.6,873.9,435.0,975.5,568.3,emotional_stability_low4_OLFhKCgexRU.000.mp4,1280,720,29.97,459,emotional_stability,low
272,9075,mouth,586.7,396.8,704.0,490.3,893.3,586.0,1039.9,702.8,emotional_stability_low4_OLFhKCgexRU.000.mp4,1280,720,29.97,459,emotional_stability,low
272,9075,forehead,465.8,155.2,828.0,515.2,742.3,284.0,1195.0,734.0,emotional_stability_low4_OLFhKCgexRU.000.mp4,1280,720,29.97,459,emotional_stability,low
272,9075,chin,502.8,286.5,828.0,568.2,788.5,448.1,1195.0,800.3,emotional_stability_low4_OLFhKCgexRU.000.mp4,1280,720,29.97,459,emotional_stability,low
272,9075,left_cheek,489.7,355.1,564.9,496.3,772.2,533.9,866.2,710.4,emotional_stability_low4_OLFhKCgexRU.000.mp4,1280,720,29.97,459,emotional_stability,low
272,9075,right_cheek,658.3,277.0,793.6,418.6,982.9,436.3,1152.0,613.2,emotional_stability_low4_OLFhKCgexRU.000.mp4,1280,720,29.97,459,emotional_stability,low
273,9109,left_eye,477.3,248.0,575.2,345.7,756.6,400.0,879.0,522.1,emotional_stability_low4_OLFhKCgexRU.000.mp4,1280,720,29.97,459,emotional_stability,low
273,9109,right_eye,603.8,191.4,723.0,292.9,914.8,329.3,1063.7,456.2,emotional_stability_low4_OLFhKCgexRU.000.mp4,1280,720,29.97,459,emotional_stability,low
273,9109,nose,577.4,278.1,659.6,384.9,881.8,437.6,984.4,571.2,emotional_stability_low4_OLFhKCgexRU.000.mp4,1280,720,29.97,459,emotional_stability,low
273,9109,mouth,588.9,397.1,713.7,493.0,896.2,586.4,1052.2,706.3,emotional_stability_low4_OLFhKCgexRU.000.mp4,1280,720,29.97,459,emotional_stability,low
273,9109,forehead,468.4,156.9,828.9,516.0,745.5,286.1,1196.1,735.0,emotional_stability_low4_OLFhKCgexRU.000.mp4,1280,720,29.97,459,emotional_stability,low
273,9109,chin,502.9,287.0,828.9,569.4,788.6,448.8,1196.1,801.8,emotional_stability_low4_OLFhKCgexRU.000.mp4,1280,720,29.97,459,emotional_stability,low
273,9109,left_cheek,491.6,356.5,568.3,497.5,774.5,535.6,870.4,711.8,emotional_stability_low4_OLFhKCgexRU.000.mp4,1280,720,29.97,459,emotional_stability,low
273,9109,right_cheek,664.7,279.9,798.2,421.7,990.9,439.8,1157.7,617.1,emotional_stability_low4_OLFhKCgexRU.000.mp4,1280,720,29.97,459,emotional_stability,low
274,9142,left_eye,481.0,249.0,581.1,346.1,761.3,401.2,886.3,522.6,emotional_stability_low4_OLFhKCgexRU.000.mp4,1280,720,29.97,459,emotional_stability,low
274,9142,right_eye,612.6,192.3,731.3,294.3,925.8,330.4,1074.1,457.9,emotional_stability_low4_OLFhKCgexRU.000.mp4,1280,720,29.97,459,emotional_stability,low
274,9142,nose,584.8,279.5,666.7,387.5,891.0,439.4,993.4,574.4,emotional_stability_low4_OLFhKCgexRU.000.mp4,1280,720,29.97,459,emotional_stability,low
274,9142,mouth,594.8,400.5,718.6,495.4,903.5,590.6,1058.2,709.3,emotional_stability_low4_OLFhKCgexRU.000.mp4,1280,720,29.97,459,emotional_stability,low
274,9142,forehead,471.2,157.7,831.2,516.4,749.0,287.2,1198.9,735.5,emotional_stability_low4_OLFhKCgexRU.000.mp4,1280,720,29.97,459,emotional_stability,low
274,9142,chin,502.9,290.5,831.2,570.0,788.6,453.2,1198.9,802.5,emotional_stability_low4_OLFhKCgexRU.000.mp4,1280,720,29.97,459,emotional_stability,low
274,9142,left_cheek,494.0,357.7,574.3,498.2,777.5,537.1,877.9,712.8,emotional_stability_low4_OLFhKCgexRU.000.mp4,1280,720,29.97,459,emotional_stability,low
274,9142,right_cheek,672.1,280.6,803.5,423.9,1000.1,440.8,1164.4,619.9,emotional_stability_low4_OLFhKCgexRU.000.mp4,1280,720,29.97,459,emotional_stability,low
275,9175,left_eye,484.6,249.6,586.8,346.4,765.8,402.1,893.5,523.0,emotional_stability_low4_OLFhKCgexRU.000.mp4,1280,720,29.97,459,emotional_stability,low
275,9175,right_eye,620.3,195.5,740.2,295.4,935.4,334.4,1085.2,459.2,emotional_stability_low4_OLFhKCgexRU.000.mp4,1280,720,29.97,459,emotional_stability,low
275,9175,nose,590.6,280.4,671.6,388.5,898.2,440.5,999.5,575.6,emotional_stability_low4_OLFhKCgexRU.000.mp4,1280,720,29.97,459,emotional_stability,low
275,9175,mouth,599.1,401.9,721.4,496.8,908.8,592.4,1061.7,711.1,emotional_stability_low4_OLFhKCgexRU.000.mp4,1280,720,29.97,459,emotional_stability,low
275,9175,forehead,473.5,158.6,834.6,516.4,751.9,288.2,1203.2,735.5,emotional_stability_low4_OLFhKCgexRU.000.mp4,1280,720,29.97,459,emotional_stability,low
275,9175,chin,502.8,295.9,834.6,571.7,788.6,459.9,1203.2,804.6,emotional_stability_low4_OLFhKCgexRU.000.mp4,1280,720,29.97,459,emotional_stability,low
275,9175,left_cheek,496.2,358.5,579.1,498.4,780.3,538.2,883.9,713.0,emotional_stability_low4_OLFhKCgexRU.000.mp4,1280,720,29.97,459,emotional_stability,low
275,9175,right_cheek,677.8,285.6,808.1,428.6,1007.2,447.0,1170.1,625.8,emotional_stability_low4_OLFhKCgexRU.000.mp4,1280,720,29.97,459,emotional_stability,low
276,9209,left_eye,487.4,251.2,591.0,346.8,769.3,404.0,898.7,523.4,emotional_stability_low4_OLFhKCgexRU.000.mp4,1280,720,29.97,459,emotional_stability,low
276,9209,right_eye,626.3,201.7,746.9,299.4,942.9,342.2,1093.6,464.2,emotional_stability_low4_OLFhKCgexRU.000.mp4,1280,720,29.97,459,emotional_stability,low
276,9209,nose,595.7,283.0,675.5,395.1,904.6,443.7,1004.4,583.9,emotional_stability_low4_OLFhKCgexRU.000.mp4,1280,720,29.97,459,emotional_stability,low
276,9209,mouth,605.6,415.4,723.7,502.3,917.0,609.3,1064.7,717.9,emotional_stability_low4_OLFhKCgexRU.000.mp4,1280,720,29.97,459,emotional_stability,low
276,9209,forehead,475.3,160.7,836.3,516.2,754.1,290.9,1205.3,735.3,emotional_stability_low4_OLFhKCgexRU.000.mp4,1280,720,29.97,459,emotional_stability,low
276,9209,chin,503.0,299.6,836.3,573.0,788.7,464.5,1205.3,806.2,emotional_stability_low4_OLFhKCgexRU.000.mp4,1280,720,29.97,459,emotional_stability,low
276,9209,left_cheek,498.3,360.9,583.3,500.6,782.9,541.1,889.1,715.8,emotional_stability_low4_OLFhKCgexRU.000.mp4,1280,720,29.97,459,emotional_stability,low
276,9209,right_cheek,682.6,291.5,811.3,435.6,1013.3,454.4,1174.1,634.5,emotional_stability_low4_OLFhKCgexRU.000.mp4,1280,720,29.97,459,emotional_stability,low
277,9242,left_eye,489.9,254.2,594.2,347.3,772.3,407.8,902.8,524.1,emotional_stability_low4_OLFhKCgexRU.000.mp4,1280,720,29.97,459,emotional_stability,low
277,9242,right_eye,631.1,208.4,752.7,305.3,948.9,350.4,1100.8,471.7,emotional_stability_low4_OLFhKCgexRU.000.mp4,1280,720,29.97,459,emotional_stability,low
277,9242,nose,598.6,287.8,678.1,404.6,908.2,449.7,1007.6,595.8,emotional_stability_low4_OLFhKCgexRU.000.mp4,1280,720,29.97,459,emotional_stability,low
277,9242,mouth,609.5,426.2,725.9,508.2,921.9,622.8,1067.4,725.2,emotional_stability_low4_OLFhKCgexRU.000.mp4,1280,720,29.97,459,emotional_stability,low
277,9242,forehead,476.8,163.5,836.8,515.9,756.0,294.4,1205.9,734.9,emotional_stability_low4_OLFhKCgexRU.000.mp4,1280,720,29.97,459,emotional_stability,low
277,9242,chin,503.0,305.7,836.8,574.8,788.7,472.1,1205.9,808.5,emotional_stability_low4_OLFhKCgexRU.000.mp4,1280,720,29.97,459,emotional_stability,low
277,9242,left_cheek,499.6,365.3,586.1,503.9,784.4,546.7,892.6,719.9,emotional_stability_low4_OLFhKCgexRU.000.mp4,1280,720,29.97,459,emotional_stability,low
277,9242,right_cheek,685.9,299.6,813.1,444.7,1017.4,464.5,1176.4,645.8,emotional_stability_low4_OLFhKCgexRU.000.mp4,1280,720,29.97,459,emotional_stability,low
278,9275,left_eye,493.2,258.7,597.1,349.9,776.5,413.4,906.4,527.4,emotional_stability_low4_OLFhKCgexRU.000.mp4,1280,720,29.97,459,emotional_stability,low
278,9275,right_eye,634.3,214.5,756.4,311.5,952.9,358.1,1105.5,479.4,emotional_stability_low4_OLFhKCgexRU.000.mp4,1280,720,29.97,459,emotional_stability,low
278,9275,nose,599.6,293.7,680.0,413.0,909.6,457.1,1009.9,606.3,emotional_stability_low4_OLFhKCgexRU.000.mp4,1280,720,29.97,459,emotional_stability,low
278,9275,mouth,608.4,432.7,728.7,516.5,920.5,630.9,1070.9,735.6,emotional_stability_low4_OLFhKCgexRU.000.mp4,1280,720,29.97,459,emotional_stability,low
278,9275,forehead,480.2,167.8,836.8,515.4,760.3,299.8,1206.0,734.3,emotional_stability_low4_OLFhKCgexRU.000.mp4,1280,720,29.97,459,emotional_stability,low
278,9275,chin,503.7,311.2,836.8,577.8,789.6,479.0,1206.0,812.2,emotional_stability_low4_OLFhKCgexRU.000.mp4,1280,720,29.97,459,emotional_stability,low
278,9275,left_cheek,501.4,369.7,587.9,507.3,786.8,552.1,894.8,724.2,emotional_stability_low4_OLFhKCgexRU.000.mp4,1280,720,29.97,459,emotional_stability,low
278,9275,right_cheek,688.0,306.9,813.7,453.1,1020.0,473.6,1177.1,656.4,emotional_stability_low4_OLFhKCgexRU.000.mp4,1280,720,29.97,459,emotional_stability,low
279,9309,left_eye,493.7,263.3,599.3,353.1,777.1,419.1,909.1,531.3,emotional_stability_low4_OLFhKCgexRU.000.mp4,1280,720,29.97,459,emotional_stability,low
279,9309,right_eye,637.5,219.8,760.6,316.9,956.8,364.7,1110.7,486.1,emotional_stability_low4_OLFhKCgexRU.000.mp4,1280,720,29.97,459,emotional_stability,low
279,9309,nose,599.3,299.0,681.9,418.5,909.1,463.7,1012.3,613.1,emotional_stability_low4_OLFhKCgexRU.000.mp4,1280,720,29.97,459,emotional_stability,low
279,9309,mouth,606.6,436.3,733.3,529.8,918.2,635.4,1076.6,752.2,emotional_stability_low4_OLFhKCgexRU.000.mp4,1280,720,29.97,459,emotional_stability,low
279,9309,forehead,480.2,172.3,837.8,515.4,760.3,305.4,1207.2,734.3,emotional_stability_low4_OLFhKCgexRU.000.mp4,1280,720,29.97,459,emotional_stability,low
279,9309,chin,502.9,314.4,837.8,583.7,788.6,483.0,1207.2,819.6,emotional_stability_low4_OLFhKCgexRU.000.mp4,1280,720,29.97,459,emotional_stability,low
279,9309,left_cheek,500.9,373.9,588.0,512.3,786.1,557.4,895.0,730.4,emotional_stability_low4_OLFhKCgexRU.000.mp4,1280,720,29.97,459,emotional_stability,low
279,9309,right_cheek,690.0,312.4,814.9,460.7,1022.5,480.5,1178.7,665.9,emotional_stability_low4_OLFhKCgexRU.000.mp4,1280,720,29.97,459,emotional_stability,low
280,9342,left_eye,492.9,266.8,599.6,355.8,776.1,423.4,909.5,534.7,emotional_stability_low4_OLFhKCgexRU.000.mp4,1280,720,29.97,459,emotional_stability,low
280,9342,right_eye,638.4,223.9,762.8,320.5,958.0,369.9,1113.5,490.7,emotional_stability_low4_OLFhKCgexRU.000.mp4,1280,720,29.97,459,emotional_stability,low
280,9342,nose,598.0,303.1,683.3,424.8,907.5,468.8,1014.1,621.0,emotional_stability_low4_OLFhKCgexRU.000.mp4,1280,720,29.97,459,emotional_stability,low
280,9342,mouth,606.2,442.8,738.1,543.9,917.8,643.5,1082.6,769.9,emotional_stability_low4_OLFhKCgexRU.000.mp4,1280,720,29.97,459,emotional_stability,low
280,9342,forehead,479.7,176.0,838.3,515.4,759.7,310.0,1207.9,734.2,emotional_stability_low4_OLFhKCgexRU.000.mp4,1280,720,29.97,459,emotional_stability,low
280,9342,chin,501.4,315.3,838.3,593.4,786.8,484.1,1207.9,831.7,emotional_stability_low4_OLFhKCgexRU.000.mp4,1280,720,29.97,459,emotional_stability,low
280,9342,left_cheek,500.7,377.7,587.2,517.4,785.8,562.1,894.0,736.7,emotional_stability_low4_OLFhKCgexRU.000.mp4,1280,720,29.97,459,emotional_stability,low
280,9342,right_cheek,691.0,316.0,815.2,466.6,1023.7,485.0,1179.0,673.3,emotional_stability_low4_OLFhKCgexRU.000.mp4,1280,720,29.97,459,emotional_stability,low
281,9376,left_eye,492.8,269.6,599.4,357.8,776.0,427.0,909.2,537.3,emotional_stability_low4_OLFhKCgexRU.000.mp4,1280,720,29.97,459,emotional_stability,low
281,9376,right_eye,639.6,227.2,764.2,323.9,959.5,374.0,1115.3,494.9,emotional_stability_low4_OLFhKCgexRU.000.mp4,1280,720,29.97,459,emotional_stability,low
281,9376,nose,596.6,306.7,684.2,427.7,905.7,473.4,1015.2,624.7,emotional_stability_low4_OLFhKCgexRU.000.mp4,1280,720,29.97,459,emotional_stability,low
281,9376,mouth,603.7,446.9,739.4,551.4,914.7,648.7,1084.2,779.2,emotional_stability_low4_OLFhKCgexRU.000.mp4,1280,720,29.97,459,emotional_stability,low
281,9376,forehead,479.6,179.3,838.9,515.3,759.4,314.1,1208.6,734.2,emotional_stability_low4_OLFhKCgexRU.000.mp4,1280,720,29.97,459,emotional_stability,low
281,9376,chin,500.5,318.3,838.9,599.0,785.7,487.9,1208.6,838.7,emotional_stability_low4_OLFhKCgexRU.000.mp4,1280,720,29.97,459,emotional_stability,low
281,9376,left_cheek,499.6,379.7,586.4,519.0,784.5,564.7,893.0,738.8,emotional_stability_low4_OLFhKCgexRU.000.mp4,1280,720,29.97,459,emotional_stability,low
281,9376,right_cheek,691.9,319.6,816.2,470.7,1024.9,489.5,1180.2,678.4,emotional_stability_low4_OLFhKCgexRU.000.mp4,1280,720,29.97,459,emotional_stability,low
282,9409,left_eye,493.0,271.0,598.9,359.1,776.3,428.7,908.6,538.9,emotional_stability_low4_OLFhKCgexRU.000.mp4,1280,720,29.97,459,emotional_stability,low
282,9409,right_eye,639.7,229.1,763.5,325.1,959.7,376.4,1114.4,496.4,emotional_stability_low4_OLFhKCgexRU.000.mp4,1280,720,29.97,459,emotional_stability,low
282,9409,nose,596.1,308.4,682.9,429.2,905.1,475.5,1013.7,626.5,emotional_stability_low4_OLFhKCgexRU.000.mp4,1280,720,29.97,459,emotional_stability,low
282,9409,mouth,602.5,448.1,735.9,543.9,913.2,650.1,1079.9,769.9,emotional_stability_low4_OLFhKCgexRU.000.mp4,1280,720,29.97,459,emotional_stability,low
282,9409,forehead,480.3,181.2,838.6,514.4,760.4,316.4,1208.2,732.9,emotional_stability_low4_OLFhKCgexRU.000.mp4,1280,720,29.97,459,emotional_stability,low
282,9409,chin,500.7,320.2,838.6,595.2,785.9,490.2,1208.2,834.0,emotional_stability_low4_OLFhKCgexRU.000.mp4,1280,720,29.97,459,emotional_stability,low
282,9409,left_cheek,499.5,380.6,586.1,518.3,784.4,565.7,892.6,737.8,emotional_stability_low4_OLFhKCgexRU.000.mp4,1280,720,29.97,459,emotional_stability,low
282,9409,right_cheek,691.0,321.5,815.6,471.3,1023.8,491.9,1179.5,679.2,emotional_stability_low4_OLFhKCgexRU.000.mp4,1280,720,29.97,459,emotional_stability,low
283,9442,left_eye,493.0,270.6,599.1,358.6,776.2,428.3,908.9,538.2,emotional_stability_low4_OLFhKCgexRU.000.mp4,1280,720,29.97,459,emotional_stability,low
283,9442,right_eye,641.0,229.1,764.1,324.9,961.2,376.4,1115.1,496.1,emotional_stability_low4_OLFhKCgexRU.000.mp4,1280,720,29.97,459,emotional_stability,low
283,9442,nose,596.7,307.6,683.0,428.5,905.9,474.5,1013.8,625.7,emotional_stability_low4_OLFhKCgexRU.000.mp4,1280,720,29.97,459,emotional_stability,low
283,9442,mouth,601.5,447.2,734.7,538.1,911.9,649.0,1078.4,762.6,emotional_stability_low4_OLFhKCgexRU.000.mp4,1280,720,29.97,459,emotional_stability,low
283,9442,forehead,480.2,180.9,838.2,513.8,760.2,316.1,1207.8,732.2,emotional_stability_low4_OLFhKCgexRU.000.mp4,1280,720,29.97,459,emotional_stability,low
283,9442,chin,499.7,321.7,838.2,592.9,784.7,492.1,1207.8,831.2,emotional_stability_low4_OLFhKCgexRU.000.mp4,1280,720,29.97,459,emotional_stability,low
283,9442,left_cheek,499.2,379.8,586.3,517.3,783.9,564.7,892.9,736.6,emotional_stability_low4_OLFhKCgexRU.000.mp4,1280,720,29.97,459,emotional_stability,low
283,9442,right_cheek,691.4,322.2,815.3,471.0,1024.2,492.8,1179.2,678.7,emotional_stability_low4_OLFhKCgexRU.000.mp4,1280,720,29.97,459,emotional_stability,low
284,9476,left_eye,494.3,269.4,601.4,358.1,777.9,426.8,911.8,537.6,emotional_stability_low4_OLFhKCgexRU.000.mp4,1280,720,29.97,459,emotional_stability,low
284,9476,right_eye,644.4,228.3,766.9,323.8,965.5,375.4,1118.6,494.7,emotional_stability_low4_OLFhKCgexRU.000.mp4,1280,720,29.97,459,emotional_stability,low
284,9476,nose,598.7,306.3,685.5,426.9,908.3,472.8,1016.9,623.6,emotional_stability_low4_OLFhKCgexRU.000.mp4,1280,720,29.97,459,emotional_stability,low
284,9476,mouth,601.3,446.4,736.6,535.3,911.6,648.0,1080.7,759.2,emotional_stability_low4_OLFhKCgexRU.000.mp4,1280,720,29.97,459,emotional_stability,low
284,9476,forehead,481.2,180.5,838.2,513.5,761.5,315.7,1207.7,731.8,emotional_stability_low4_OLFhKCgexRU.000.mp4,1280,720,29.97,459,emotional_stability,low
284,9476,chin,499.7,322.8,838.2,591.7,784.6,493.6,1207.7,829.7,emotional_stability_low4_OLFhKCgexRU.000.mp4,1280,720,29.97,459,emotional_stability,low
284,9476,left_cheek,499.2,378.7,588.0,516.4,784.0,563.4,895.0,735.6,emotional_stability_low4_OLFhKCgexRU.000.mp4,1280,720,29.97,459,emotional_stability,low
284,9476,right_cheek,693.5,322.4,816.1,471.2,1026.9,493.0,1180.2,679.0,emotional_stability_low4_OLFhKCgexRU.000.mp4,1280,720,29.97,459,emotional_stability,low
285,9509,left_eye,494.3,269.3,600.3,356.2,777.8,426.6,910.3,535.3,emotional_stability_low4_OLFhKCgexRU.000.mp4,1280,720,29.97,459,emotional_stability,low
285,9509,right_eye,643.4,226.7,766.2,322.4,964.3,373.4,1117.8,493.0,emotional_stability_low4_OLFhKCgexRU.000.mp4,1280,720,29.97,459,emotional_stability,low
285,9509,nose,598.3,305.1,684.2,425.7,907.8,471.4,1015.2,622.1,emotional_stability_low4_OLFhKCgexRU.000.mp4,1280,720,29.97,459,emotional_stability,low
285,9509,mouth,599.4,446.2,735.4,534.0,909.3,647.8,1079.3,757.5,emotional_stability_low4_OLFhKCgexRU.000.mp4,1280,720,29.97,459,emotional_stability,low
285,9509,forehead,480.1,179.4,835.5,511.4,760.1,314.3,1204.4,729.3,emotional_stability_low4_OLFhKCgexRU.000.mp4,1280,720,29.97,459,emotional_stability,low
285,9509,chin,496.8,322.9,835.5,591.0,781.0,493.6,1204.4,828.7,emotional_stability_low4_OLFhKCgexRU.000.mp4,1280,720,29.97,459,emotional_stability,low
285,9509,left_cheek,497.5,378.4,587.4,516.2,781.9,563.0,894.3,735.3,emotional_stability_low4_OLFhKCgexRU.000.mp4,1280,720,29.97,459,emotional_stability,low
285,9509,right_cheek,692.4,322.0,815.1,470.8,1025.5,492.5,1178.9,678.5,emotional_stability_low4_OLFhKCgexRU.000.mp4,1280,720,29.97,459,emotional_stability,low
286,9542,left_eye,493.7,266.1,599.8,352.8,777.1,422.6,909.7,531.0,emotional_stability_low4_OLFhKCgexRU.000.mp4,1280,720,29.97,459,emotional_stability,low
286,9542,right_eye,644.0,225.6,766.2,321.6,965.0,372.0,1117.8,492.0,emotional_stability_low4_OLFhKCgexRU.000.mp4,1280,720,29.97,459,emotional_stability,low
286,9542,nose,598.5,303.3,683.9,424.4,908.2,469.1,1014.9,620.5,emotional_stability_low4_OLFhKCgexRU.000.mp4,1280,720,29.97,459,emotional_stability,low
286,9542,mouth,597.6,445.1,735.1,532.6,907.0,646.4,1078.8,755.7,emotional_stability_low4_OLFhKCgexRU.000.mp4,1280,720,29.97,459,emotional_stability,low
286,9542,forehead,478.4,179.0,832.4,509.8,758.0,313.8,1200.5,727.2,emotional_stability_low4_OLFhKCgexRU.000.mp4,1280,720,29.97,459,emotional_stability,low
286,9542,chin,493.1,323.8,832.4,590.4,776.3,494.7,1200.5,828.0,emotional_stability_low4_OLFhKCgexRU.000.mp4,1280,720,29.97,459,emotional_stability,low
286,9542,left_cheek,495.4,375.6,587.1,514.4,779.3,559.6,893.8,733.0,emotional_stability_low4_OLFhKCgexRU.000.mp4,1280,720,29.97,459,emotional_stability,low
286,9542,right_cheek,692.1,321.9,813.7,470.3,1025.1,492.4,1177.2,677.9,emotional_stability_low4_OLFhKCgexRU.000.mp4,1280,720,29.97,459,emotional_stability,low
287,9576,left_eye,493.5,262.9,600.9,350.3,776.9,418.7,911.1,527.8,emotional_stability_low4_OLFhKCgexRU.000.mp4,1280,720,29.97,459,emotional_stability,low
287,9576,right_eye,646.6,225.1,767.6,321.2,968.3,371.4,1119.4,491.4,emotional_stability_low4_OLFhKCgexRU.000.mp4,1280,720,29.97,459,emotional_stability,low
287,9576,nose,601.1,301.6,686.0,424.3,911.4,467.0,1017.5,620.3,emotional_stability_low4_OLFhKCgexRU.000.mp4,1280,720,29.97,459,emotional_stability,low
287,9576,mouth,597.3,444.8,734.4,529.0,906.6,646.0,1078.0,751.2,emotional_stability_low4_OLFhKCgexRU.000.mp4,1280,720,29.97,459,emotional_stability,low
287,9576,forehead,476.0,178.4,831.5,509.2,755.0,313.0,1199.4,726.6,emotional_stability_low4_OLFhKCgexRU.000.mp4,1280,720,29.97,459,emotional_stability,low
287,9576,chin,489.0,325.1,831.5,589.4,771.3,496.4,1199.4,826.7,emotional_stability_low4_OLFhKCgexRU.000.mp4,1280,720,29.97,459,emotional_stability,low
287,9576,left_cheek,494.0,373.2,587.8,512.5,777.5,556.5,894.7,730.6,emotional_stability_low4_OLFhKCgexRU.000.mp4,1280,720,29.97,459,emotional_stability,low
287,9576,right_cheek,693.6,322.3,813.5,470.0,1027.0,492.9,1176.9,677.5,emotional_stability_low4_OLFhKCgexRU.000.mp4,1280,720,29.97,459,emotional_stability,low
288,9609,left_eye,493.6,260.9,601.0,349.3,777.0,416.1,911.3,526.6,emotional_stability_low4_OLFhKCgexRU.000.mp4,1280,720,29.97,459,emotional_stability,low
288,9609,right_eye,647.3,224.7,768.5,320.8,969.1,370.9,1120.6,491.0,emotional_stability_low4_OLFhKCgexRU.000.mp4,1280,720,29.97,459,emotional_stability,low
288,9609,nose,601.2,301.6,685.7,423.9,911.5,467.0,1017.2,619.9,emotional_stability_low4_OLFhKCgexRU.000.mp4,1280,720,29.97,459,emotional_stability,low
288,9609,mouth,595.9,444.2,734.2,526.6,904.9,645.2,1077.7,748.2,emotional_stability_low4_OLFhKCgexRU.000.mp4,1280,720,29.97,459,emotional_stability,low
288,9609,forehead,476.3,178.7,831.6,507.9,755.4,313.4,1199.5,724.9,emotional_stability_low4_OLFhKCgexRU.000.mp4,1280,720,29.97,459,emotional_stability,low
288,9609,chin,490.7,326.2,831.6,587.6,773.4,497.8,1199.5,824.5,emotional_stability_low4_OLFhKCgexRU.000.mp4,1280,720,29.97,459,emotional_stability,low
288,9609,left_cheek,494.2,371.9,587.9,510.3,777.7,554.9,894.9,727.9,emotional_stability_low4_OLFhKCgexRU.000.mp4,1280,720,29.97,459,emotional_stability,low
288,9609,right_cheek,693.7,323.0,813.2,470.0,1027.1,493.8,1176.5,677.5,emotional_stability_low4_OLFhKCgexRU.000.mp4,1280,720,29.97,459,emotional_stability,low
289,9642,left_eye,493.5,259.3,600.8,349.3,776.9,414.1,911.0,526.6,emotional_stability_low4_OLFhKCgexRU.000.mp4,1280,720,29.97,459,emotional_stability,low
289,9642,right_eye,647.1,224.5,768.1,320.6,968.9,370.6,1120.1,490.7,emotional_stability_low4_OLFhKCgexRU.000.mp4,1280,720,29.97,459,emotional_stability,low
289,9642,nose,601.2,301.0,685.3,422.9,911.5,466.2,1016.6,618.6,emotional_stability_low4_OLFhKCgexRU.000.mp4,1280,720,29.97,459,emotional_stability,low
289,9642,mouth,594.8,443.9,731.7,524.9,903.5,644.9,1074.6,746.2,emotional_stability_low4_OLFhKCgexRU.000.mp4,1280,720,29.97,459,emotional_stability,low
289,9642,forehead,476.9,179.0,829.5,509.8,756.1,313.7,1196.8,727.2,emotional_stability_low4_OLFhKCgexRU.000.mp4,1280,720,29.97,459,emotional_stability,low
289,9642,chin,490.1,330.6,829.5,587.0,772.7,503.2,1196.8,823.8,emotional_stability_low4_OLFhKCgexRU.000.mp4,1280,720,29.97,459,emotional_stability,low
289,9642,left_cheek,494.2,371.5,587.8,510.3,777.7,554.4,894.8,727.9,emotional_stability_low4_OLFhKCgexRU.000.mp4,1280,720,29.97,459,emotional_stability,low
289,9642,right_cheek,693.2,325.1,810.4,470.3,1026.5,496.4,1173.0,677.9,emotional_stability_low4_OLFhKCgexRU.000.mp4,1280,720,29.97,459,emotional_stability,low
290,9676,left_eye,493.0,258.1,600.6,349.3,776.3,412.7,910.8,526.6,emotional_stability_low4_OLFhKCgexRU.000.mp4,1280,720,29.97,459,emotional_stability,low
290,9676,right_eye,647.5,224.4,768.3,320.3,969.4,370.5,1120.4,490.4,emotional_stability_low4_OLFhKCgexRU.000.mp4,1280,720,29.97,459,emotional_stability,low
290,9676,nose,600.9,300.4,684.9,421.9,911.1,465.5,1016.1,617.4,emotional_stability_low4_OLFhKCgexRU.000.mp4,1280,720,29.97,459,emotional_stability,low
290,9676,mouth,594.6,443.8,730.8,523.4,903.3,644.8,1073.5,744.3,emotional_stability_low4_OLFhKCgexRU.000.mp4,1280,720,29.97,459,emotional_stability,low
290,9676,forehead,476.8,179.1,828.9,510.0,756.1,313.9,1196.1,727.5,emotional_stability_low4_OLFhKCgexRU.000.mp4,1280,720,29.97,459,emotional_stability,low
290,9676,chin,488.9,331.2,828.9,585.8,771.2,504.0,1196.1,822.2,emotional_stability_low4_OLFhKCgexRU.000.mp4,1280,720,29.97,459,emotional_stability,low
290,9676,left_cheek,493.4,371.1,587.7,509.9,776.7,553.9,894.6,727.3,emotional_stability_low4_OLFhKCgexRU.000.mp4,1280,720,29.97,459,emotional_stability,low
290,9676,right_cheek,692.9,325.4,809.8,470.1,1026.2,496.7,1172.3,677.6,emotional_stability_low4_OLFhKCgexRU.000.mp4,1280,720,29.97,459,emotional_stability,low
291,9709,left_eye,492.9,257.6,600.5,348.6,776.2,412.0,910.6,525.7,emotional_stability_low4_OLFhKCgexRU.000.mp4,1280,720,29.97,459,emotional_stability,low
291,9709,right_eye,648.5,224.2,769.4,320.1,970.7,370.3,1121.8,490.1,emotional_stability_low4_OLFhKCgexRU.000.mp4,1280,720,29.97,459,emotional_stability,low
291,9709,nose,600.7,299.7,684.9,421.2,910.9,464.6,1016.1,616.5,emotional_stability_low4_OLFhKCgexRU.000.mp4,1280,720,29.97,459,emotional_stability,low
291,9709,mouth,594.2,443.6,730.2,519.7,902.7,644.5,1072.7,739.6,emotional_stability_low4_OLFhKCgexRU.000.mp4,1280,720,29.97,459,emotional_stability,low
291,9709,forehead,476.9,179.1,828.4,509.7,756.1,313.8,1195.5,727.1,emotional_stability_low4_OLFhKCgexRU.000.mp4,1280,720,29.97,459,emotional_stability,low
291,9709,chin,488.4,331.4,828.4,584.7,770.5,504.3,1195.5,820.9,emotional_stability_low4_OLFhKCgexRU.000.mp4,1280,720,29.97,459,emotional_stability,low
291,9709,left_cheek,493.1,370.0,587.6,508.4,776.3,552.5,894.5,725.5,emotional_stability_low4_OLFhKCgexRU.000.mp4,1280,720,29.97,459,emotional_stability,low
291,9709,right_cheek,693.0,325.4,809.6,469.9,1026.3,496.8,1172.0,677.4,emotional_stability_low4_OLFhKCgexRU.000.mp4,1280,720,29.97,459,emotional_stability,low
292,9743,left_eye,492.8,257.7,601.0,346.8,776.0,412.1,911.2,523.5,emotional_stability_low4_OLFhKCgexRU.000.mp4,1280,720,29.97,459,emotional_stability,low
292,9743,right_eye,649.6,224.4,770.0,320.0,971.9,370.5,1122.4,490.0,emotional_stability_low4_OLFhKCgexRU.000.mp4,1280,720,29.97,459,emotional_stability,low
292,9743,nose,600.7,298.8,685.2,421.1,910.9,463.4,1016.5,616.4,emotional_stability_low4_OLFhKCgexRU.000.mp4,1280,720,29.97,459,emotional_stability,low
292,9743,mouth,593.4,443.5,729.9,517.8,901.7,644.4,1072.4,737.2,emotional_stability_low4_OLFhKCgexRU.000.mp4,1280,720,29.97,459,emotional_stability,low
292,9743,forehead,476.6,179.0,827.4,508.6,755.8,313.7,1194.2,725.7,emotional_stability_low4_OLFhKCgexRU.000.mp4,1280,720,29.97,459,emotional_stability,low
292,9743,chin,487.3,331.5,827.4,583.8,769.2,504.4,1194.2,819.7,emotional_stability_low4_OLFhKCgexRU.000.mp4,1280,720,29.97,459,emotional_stability,low
292,9743,left_cheek,492.8,368.8,587.6,507.1,776.1,551.0,894.5,723.9,emotional_stability_low4_OLFhKCgexRU.000.mp4,1280,720,29.97,459,emotional_stability,low
292,9743,right_cheek,693.3,325.7,809.4,470.0,1026.7,497.2,1171.7,677.5,emotional_stability_low4_OLFhKCgexRU.000.mp4,1280,720,29.97,459,emotional_stability,low
293,9776,left_eye,492.8,256.9,601.7,345.4,775.9,411.2,912.2,521.8,emotional_stability_low4_OLFhKCgexRU.000.mp4,1280,720,29.97,459,emotional_stability,low
293,9776,right_eye,650.5,224.3,771.0,319.8,973.2,370.4,1123.8,489.8,emotional_stability_low4_OLFhKCgexRU.000.mp4,1280,720,29.97,459,emotional_stability,low
293,9776,nose,600.6,297.4,685.6,420.4,910.8,461.7,1017.1,615.5,emotional_stability_low4_OLFhKCgexRU.000.mp4,1280,720,29.97,459,emotional_stability,low
293,9776,mouth,592.8,442.9,729.7,516.8,901.0,643.6,1072.1,736.0,emotional_stability_low4_OLFhKCgexRU.000.mp4,1280,720,29.97,459,emotional_stability,low
293,9776,forehead,476.8,178.1,827.3,505.7,756.0,312.6,1194.2,722.2,emotional_stability_low4_OLFhKCgexRU.000.mp4,1280,720,29.97,459,emotional_stability,low
293,9776,chin,487.5,330.7,827.3,582.5,769.4,503.4,1194.2,818.2,emotional_stability_low4_OLFhKCgexRU.000.mp4,1280,720,29.97,459,emotional_stability,low
293,9776,left_cheek,492.8,367.4,587.7,505.4,776.0,549.2,894.6,721.7,emotional_stability_low4_OLFhKCgexRU.000.mp4,1280,720,29.97,459,emotional_stability,low
293,9776,right_cheek,693.8,325.5,809.3,469.9,1027.3,496.9,1171.6,677.4,emotional_stability_low4_OLFhKCgexRU.000.mp4,1280,720,29.97,459,emotional_stability,low
294,9809,left_eye,492.5,255.9,602.2,344.9,775.6,409.9,912.8,521.2,emotional_stability_low4_OLFhKCgexRU.000.mp4,1280,720,29.97,459,emotional_stability,low
294,9809,right_eye,651.2,224.2,771.1,319.7,974.0,370.3,1123.9,489.7,emotional_stability_low4_OLFhKCgexRU.000.mp4,1280,720,29.97,459,emotional_stability,low
294,9809,nose,602.2,296.8,688.4,420.7,912.8,461.0,1020.5,615.9,emotional_stability_low4_OLFhKCgexRU.000.mp4,1280,720,29.97,459,emotional_stability,low
294,9809,mouth,593.1,444.5,729.5,520.4,901.4,645.6,1071.9,740.5,emotional_stability_low4_OLFhKCgexRU.000.mp4,1280,720,29.97,459,emotional_stability,low
294,9809,forehead,474.5,176.2,826.8,506.0,753.2,310.3,1193.5,722.5,emotional_stability_low4_OLFhKCgexRU.000.mp4,1280,720,29.97,459,emotional_stability,low
294,9809,chin,484.8,331.1,826.8,583.4,766.0,503.9,1193.5,819.3,emotional_stability_low4_OLFhKCgexRU.000.mp4,1280,720,29.97,459,emotional_stability,low
294,9809,left_cheek,491.8,367.5,588.2,505.6,774.8,549.4,895.3,722.0,emotional_stability_low4_OLFhKCgexRU.000.mp4,1280,720,29.97,459,emotional_stability,low
294,9809,right_cheek,694.9,326.7,808.9,472.9,1028.6,498.4,1171.2,681.2,emotional_stability_low4_OLFhKCgexRU.000.mp4,1280,720,29.97,459,emotional_stability,low
295,9843,left_eye,492.6,253.7,603.5,343.0,775.8,407.2,914.3,518.8,emotional_stability_low4_OLFhKCgexRU.000.mp4,1280,720,29.97,459,emotional_stability,low
295,9843,right_eye,653.1,223.6,773.1,319.3,976.4,369.5,1126.4,489.1,emotional_stability_low4_OLFhKCgexRU.000.mp4,1280,720,29.97,459,emotional_stability,low
295,9843,nose,604.2,295.4,689.5,420.7,915.3,459.2,1021.8,615.9,emotional_stability_low4_OLFhKCgexRU.000.mp4,1280,720,29.97,459,emotional_stability,low
295,9843,mouth,598.8,448.2,725.6,525.2,908.5,650.2,1067.0,746.5,emotional_stability_low4_OLFhKCgexRU.000.mp4,1280,720,29.97,459,emotional_stability,low
295,9843,forehead,474.9,174.7,827.0,504.1,753.6,308.4,1193.8,720.1,emotional_stability_low4_OLFhKCgexRU.000.mp4,1280,720,29.97,459,emotional_stability,low
295,9843,chin,485.5,330.7,827.0,584.5,766.9,503.4,1193.8,820.7,emotional_stability_low4_OLFhKCgexRU.000.mp4,1280,720,29.97,459,emotional_stability,low
295,9843,left_cheek,492.0,366.6,589.6,505.9,774.9,548.2,897.0,722.4,emotional_stability_low4_OLFhKCgexRU.000.mp4,1280,720,29.97,459,emotional_stability,low
295,9843,right_cheek,695.9,326.8,808.9,474.5,1029.9,498.5,1171.1,683.1,emotional_stability_low4_OLFhKCgexRU.000.mp4,1280,720,29.97,459,emotional_stability,low
296,9876,left_eye,492.9,253.6,604.1,342.3,776.1,407.0,915.1,517.9,emotional_stability_low4_OLFhKCgexRU.000.mp4,1280,720,29.97,459,emotional_stability,low
296,9876,right_eye,654.2,223.6,773.6,319.1,977.7,369.5,1127.0,488.9,emotional_stability_low4_OLFhKCgexRU.000.mp4,1280,720,29.97,459,emotional_stability,low
296,9876,nose,606.1,295.2,690.4,421.3,917.7,459.0,1023.0,616.7,emotional_stability_low4_OLFhKCgexRU.000.mp4,1280,720,29.97,459,emotional_stability,low
296,9876,mouth,602.5,450.8,724.3,529.1,913.1,653.5,1065.4,751.3,emotional_stability_low4_OLFhKCgexRU.000.mp4,1280,720,29.97,459,emotional_stability,low
296,9876,forehead,475.1,174.5,827.2,503.4,753.9,308.2,1194.0,719.3,emotional_stability_low4_OLFhKCgexRU.000.mp4,1280,720,29.97,459,emotional_stability,low
296,9876,chin,485.9,330.4,827.2,586.0,767.4,503.0,1194.0,822.5,emotional_stability_low4_OLFhKCgexRU.000.mp4,1280,720,29.97,459,emotional_stability,low
296,9876,left_cheek,492.1,366.5,591.1,506.1,775.1,548.1,898.8,722.6,emotional_stability_low4_OLFhKCgexRU.000.mp4,1280,720,29.97,459,emotional_stability,low
296,9876,right_cheek,696.6,326.9,808.7,475.7,1030.7,498.7,1170.9,684.6,emotional_stability_low4_OLFhKCgexRU.000.mp4,1280,720,29.97,459,emotional_stability,low
297,9909,left_eye,492.9,254.0,604.1,342.3,776.2,407.4,915.2,517.8,emotional_stability_low4_OLFhKCgexRU.000.mp4,1280,720,29.97,459,emotional_stability,low
297,9909,right_eye,655.2,223.6,774.6,319.1,978.9,369.5,1128.3,488.8,emotional_stability_low4_OLFhKCgexRU.000.mp4,1280,720,29.97,459,emotional_stability,low
297,9909,nose,605.7,295.3,690.7,421.6,917.2,459.1,1023.3,617.0,emotional_stability_low4_OLFhKCgexRU.000.mp4,1280,720,29.97,459,emotional_stability,low
297,9909,mouth,601.8,450.2,724.7,537.2,912.2,652.7,1065.9,761.5,emotional_stability_low4_OLFhKCgexRU.000.mp4,1280,720,29.97,459,emotional_stability,low
297,9909,forehead,475.3,174.7,827.3,503.0,754.1,308.4,1194.1,718.7,emotional_stability_low4_OLFhKCgexRU.000.mp4,1280,720,29.97,459,emotional_stability,low
297,9909,chin,485.8,330.4,827.3,590.4,767.2,503.0,1194.1,828.0,emotional_stability_low4_OLFhKCgexRU.000.mp4,1280,720,29.97,459,emotional_stability,low
297,9909,left_cheek,492.0,366.6,591.0,506.3,775.1,548.2,898.7,722.8,emotional_stability_low4_OLFhKCgexRU.000.mp4,1280,720,29.97,459,emotional_stability,low
297,9909,right_cheek,697.1,327.4,808.6,477.1,1031.4,499.2,1170.8,686.4,emotional_stability_low4_OLFhKCgexRU.000.mp4,1280,720,29.97,459,emotional_stability,low
298,9943,left_eye,493.1,254.3,604.8,342.6,776.3,407.9,916.0,518.3,emotional_stability_low4_OLFhKCgexRU.000.mp4,1280,720,29.97,459,emotional_stability,low
298,9943,right_eye,655.6,225.1,776.1,320.0,979.5,371.3,1130.1,490.0,emotional_stability_low4_OLFhKCgexRU.000.mp4,1280,720,29.97,459,emotional_stability,low
298,9943,nose,605.5,296.6,691.9,424.3,916.8,460.8,1024.8,620.4,emotional_stability_low4_OLFhKCgexRU.000.mp4,1280,720,29.97,459,emotional_stability,low
298,9943,mouth,598.6,449.3,727.7,540.9,908.2,651.6,1069.6,766.2,emotional_stability_low4_OLFhKCgexRU.000.mp4,1280,720,29.97,459,emotional_stability,low
298,9943,forehead,475.3,175.0,830.0,502.2,754.1,308.8,1197.5,717.8,emotional_stability_low4_OLFhKCgexRU.000.mp4,1280,720,29.97,459,emotional_stability,low
298,9943,chin,485.6,330.3,830.0,592.6,767.0,502.9,1197.5,830.8,emotional_stability_low4_OLFhKCgexRU.000.mp4,1280,720,29.97,459,emotional_stability,low
298,9943,left_cheek,491.9,366.9,590.8,507.1,774.9,548.7,898.6,723.8,emotional_stability_low4_OLFhKCgexRU.000.mp4,1280,720,29.97,459,emotional_stability,low
298,9943,right_cheek,698.2,328.1,810.0,478.0,1032.7,500.1,1172.5,687.5,emotional_stability_low4_OLFhKCgexRU.000.mp4,1280,720,29.97,459,emotional_stability,low
299,9976,left_eye,494.7,257.2,605.0,344.7,778.4,411.5,916.3,520.8,emotional_stability_low4_OLFhKCgexRU.000.mp4,1280,720,29.97,459,emotional_stability,low
299,9976,right_eye,655.7,228.4,776.6,323.2,979.7,375.5,1130.7,494.0,emotional_stability_low4_OLFhKCgexRU.000.mp4,1280,720,29.97,459,emotional_stability,low
299,9976,nose,604.3,300.7,691.9,428.9,915.3,465.9,1024.9,626.2,emotional_stability_low4_OLFhKCgexRU.000.mp4,1280,720,29.97,459,emotional_stability,low
299,9976,mouth,595.1,449.4,730.8,542.6,903.9,651.8,1073.5,768.3,emotional_stability_low4_OLFhKCgexRU.000.mp4,1280,720,29.97,459,emotional_stability,low
299,9976,forehead,476.3,176.8,831.7,502.6,755.4,311.0,1199.6,718.3,emotional_stability_low4_OLFhKCgexRU.000.mp4,1280,720,29.97,459,emotional_stability,low
299,9976,chin,485.9,331.0,831.7,595.2,767.4,503.8,1199.6,834.1,emotional_stability_low4_OLFhKCgexRU.000.mp4,1280,720,29.97,459,emotional_stability,low
299,9976,left_cheek,491.9,369.2,590.7,509.1,774.9,551.5,898.4,726.3,emotional_stability_low4_OLFhKCgexRU.000.mp4,1280,720,29.97,459,emotional_stability,low
299,9976,right_cheek,698.4,330.9,810.9,480.9,1032.9,503.7,1173.7,691.1,emotional_stability_low4_OLFhKCgexRU.000.mp4,1280,720,29.97,459,emotional_stability,low
300,10010,left_eye,494.6,258.9,605.1,344.8,778.3,413.6,916.3,521.0,emotional_stability_low4_OLFhKCgexRU.000.mp4,1280,720,29.97,459,emotional_stability,low
300,10010,right_eye,656.0,228.8,777.1,323.3,980.0,376.0,1131.4,494.1,emotional_stability_low4_OLFhKCgexRU.000.mp4,1280,720,29.97,459,emotional_stability,low
300,10010,nose,602.0,301.7,692.3,428.7,912.5,467.1,1025.3,625.9,emotional_stability_low4_OLFhKCgexRU.000.mp4,1280,720,29.97,459,emotional_stability,low
300,10010,mouth,593.1,449.2,732.6,539.7,901.3,651.6,1075.8,764.6,emotional_stability_low4_OLFhKCgexRU.000.mp4,1280,720,29.97,459,emotional_stability,low
300,10010,forehead,476.3,177.3,833.2,500.5,755.4,311.6,1201.6,715.6,emotional_stability_low4_OLFhKCgexRU.000.mp4,1280,720,29.97,459,emotional_stability,low
300,10010,chin,485.9,330.0,833.2,594.1,767.4,502.4,1201.6,832.7,emotional_stability_low4_OLFhKCgexRU.000.mp4,1280,720,29.97,459,emotional_stability,low
300,10010,left_cheek,491.5,369.2,590.5,508.6,774.4,551.5,898.1,725.8,emotional_stability_low4_OLFhKCgexRU.000.mp4,1280,720,29.97,459,emotional_stability,low
300,10010,right_cheek,698.6,330.3,812.3,479.7,1033.2,502.9,1175.4,689.6,emotional_stability_low4_OLFhKCgexRU.000.mp4,1280,720,29.97,459,emotional_stability,low
301,10043,left_eye,494.7,260.2,605.0,345.5,778.4,415.2,916.2,521.8,emotional_stability_low4_OLFhKCgexRU.000.mp4,1280,720,29.97,459,emotional_stability,low
301,10043,right_eye,655.8,229.7,776.9,324.0,979.8,377.2,1131.2,495.0,emotional_stability_low4_OLFhKCgexRU.000.mp4,1280,720,29.97,459,emotional_stability,low
301,10043,nose,600.9,302.2,692.1,429.7,911.2,467.8,1025.1,627.1,emotional_stability_low4_OLFhKCgexRU.000.mp4,1280,720,29.97,459,emotional_stability,low
301,10043,mouth,591.3,449.3,734.4,538.8,899.1,651.6,1078.1,763.5,emotional_stability_low4_OLFhKCgexRU.000.mp4,1280,720,29.97,459,emotional_stability,low
301,10043,forehead,476.3,177.5,833.3,501.0,755.3,311.9,1201.6,716.3,emotional_stability_low4_OLFhKCgexRU.000.mp4,1280,720,29.97,459,emotional_stability,low
301,10043,chin,486.0,330.2,833.3,593.7,767.5,502.7,1201.6,832.1,emotional_stability_low4_OLFhKCgexRU.000.mp4,1280,720,29.97,459,emotional_stability,low
301,10043,left_cheek,491.5,369.8,590.3,508.9,774.3,552.3,897.9,726.2,emotional_stability_low4_OLFhKCgexRU.000.mp4,1280,720,29.97,459,emotional_stability,low
301,10043,right_cheek,698.5,330.9,812.5,480.0,1033.1,503.6,1175.7,689.9,emotional_stability_low4_OLFhKCgexRU.000.mp4,1280,720,29.97,459,emotional_stability,low
302,10076,left_eye,494.8,261.2,604.9,346.5,778.5,416.5,916.2,523.1,emotional_stability_low4_OLFhKCgexRU.000.mp4,1280,720,29.97,459,emotional_stability,low
302,10076,right_eye,655.6,230.6,776.6,324.8,979.5,378.2,1130.7,496.0,emotional_stability_low4_OLFhKCgexRU.000.mp4,1280,720,29.97,459,emotional_stability,low
302,10076,nose,599.5,303.4,692.0,431.0,909.4,469.2,1025.0,628.8,emotional_stability_low4_OLFhKCgexRU.000.mp4,1280,720,29.97,459,emotional_stability,low
302,10076,mouth,589.3,449.9,734.6,538.7,896.6,652.4,1078.2,763.4,emotional_stability_low4_OLFhKCgexRU.000.mp4,1280,720,29.97,459,emotional_stability,low
302,10076,forehead,476.5,177.9,833.4,501.4,755.6,312.4,1201.7,716.7,emotional_stability_low4_OLFhKCgexRU.000.mp4,1280,720,29.97,459,emotional_stability,low
302,10076,chin,486.4,330.1,833.4,594.2,768.0,502.6,1201.7,832.8,emotional_stability_low4_OLFhKCgexRU.000.mp4,1280,720,29.97,459,emotional_stability,low
302,10076,left_cheek,491.4,370.6,589.8,509.3,774.3,553.3,897.2,726.6,emotional_stability_low4_OLFhKCgexRU.000.mp4,1280,720,29.97,459,emotional_stability,low
302,10076,right_cheek,698.4,331.1,812.5,480.3,1033.0,503.9,1175.6,690.3,emotional_stability_low4_OLFhKCgexRU.000.mp4,1280,720,29.97,459,emotional_stability,low
303,10110,left_eye,494.6,262.6,604.2,347.6,778.3,418.3,915.2,524.5,emotional_stability_low4_OLFhKCgexRU.000.mp4,1280,720,29.97,459,emotional_stability,low
303,10110,right_eye,654.5,231.4,776.5,325.8,978.1,379.3,1130.6,497.2,emotional_stability_low4_OLFhKCgexRU.000.mp4,1280,720,29.97,459,emotional_stability,low
303,10110,nose,597.1,304.9,690.5,432.3,906.4,471.2,1023.1,630.4,emotional_stability_low4_OLFhKCgexRU.000.mp4,1280,720,29.97,459,emotional_stability,low
303,10110,mouth,588.4,451.1,734.2,539.9,895.5,653.8,1077.7,764.9,emotional_stability_low4_OLFhKCgexRU.000.mp4,1280,720,29.97,459,emotional_stability,low
303,10110,forehead,476.4,178.7,833.8,501.5,755.5,313.4,1202.3,716.9,emotional_stability_low4_OLFhKCgexRU.000.mp4,1280,720,29.97,459,emotional_stability,low
303,10110,chin,486.4,329.9,833.8,594.8,768.1,502.3,1202.3,833.5,emotional_stability_low4_OLFhKCgexRU.000.mp4,1280,720,29.97,459,emotional_stability,low
303,10110,left_cheek,490.6,371.6,588.1,510.0,773.2,554.5,895.1,727.4,emotional_stability_low4_OLFhKCgexRU.000.mp4,1280,720,29.97,459,emotional_stability,low
303,10110,right_cheek,697.4,331.2,812.4,480.6,1031.8,504.0,1175.6,690.8,emotional_stability_low4_OLFhKCgexRU.000.mp4,1280,720,29.97,459,emotional_stability,low
304,10143,left_eye,491.6,262.6,601.6,348.2,774.5,418.3,912.1,525.3,emotional_stability_low4_OLFhKCgexRU.000.mp4,1280,720,29.97,459,emotional_stability,low
304,10143,right_eye,651.2,231.0,773.0,325.6,974.0,378.7,1126.3,497.0,emotional_stability_low4_OLFhKCgexRU.000.mp4,1280,720,29.97,459,emotional_stability,low
304,10143,nose,595.5,305.1,687.7,433.3,904.4,471.4,1019.7,631.6,emotional_stability_low4_OLFhKCgexRU.000.mp4,1280,720,29.97,459,emotional_stability,low
304,10143,mouth,588.0,451.9,733.7,540.4,895.0,654.8,1077.1,765.6,emotional_stability_low4_OLFhKCgexRU.000.mp4,1280,720,29.97,459,emotional_stability,low
304,10143,forehead,473.9,178.5,832.8,501.4,752.3,313.2,1201.0,716.8,emotional_stability_low4_OLFhKCgexRU.000.mp4,1280,720,29.97,459,emotional_stability,low
304,10143,chin,485.0,327.2,832.8,594.6,766.2,499.0,1201.0,833.2,emotional_stability_low4_OLFhKCgexRU.000.mp4,1280,720,29.97,459,emotional_stability,low
304,10143,left_cheek,488.4,372.2,585.9,510.5,770.5,555.3,892.4,728.2,emotional_stability_low4_OLFhKCgexRU.000.mp4,1280,720,29.97,459,emotional_stability,low
304,10143,right_cheek,694.8,330.8,811.0,480.3,1028.6,503.5,1173.8,690.3,emotional_stability_low4_OLFhKCgexRU.000.mp4,1280,720,29.97,459,emotional_stability,low
305,10176,left_eye,491.0,262.8,601.1,349.1,773.7,418.5,911.3,526.4,emotional_stability_low4_OLFhKCgexRU.000.mp4,1280,720,29.97,459,emotional_stability,low
305,10176,right_eye,649.7,231.3,771.7,326.4,972.1,379.2,1124.6,498.1,emotional_stability_low4_OLFhKCgexRU.000.mp4,1280,720,29.97,459,emotional_stability,low
305,10176,nose,595.8,305.8,687.5,436.6,904.7,472.3,1019.4,635.8,emotional_stability_low4_OLFhKCgexRU.000.mp4,1280,720,29.97,459,emotional_stability,low
305,10176,mouth,588.5,460.1,733.6,540.0,895.6,665.1,1076.9,765.0,emotional_stability_low4_OLFhKCgexRU.000.mp4,1280,720,29.97,459,emotional_stability,low
305,10176,forehead,472.9,178.5,832.0,501.5,751.2,313.1,1200.0,716.9,emotional_stability_low4_OLFhKCgexRU.000.mp4,1280,720,29.97,459,emotional_stability,low
305,10176,chin,484.9,327.0,832.0,594.4,766.1,498.8,1200.0,833.0,emotional_stability_low4_OLFhKCgexRU.000.mp4,1280,720,29.97,459,emotional_stability,low
305,10176,left_cheek,488.4,374.4,585.8,512.3,770.5,557.9,892.3,730.3,emotional_stability_low4_OLFhKCgexRU.000.mp4,1280,720,29.97,459,emotional_stability,low
305,10176,right_cheek,694.3,330.9,810.5,480.6,1027.9,503.6,1173.2,690.7,emotional_stability_low4_OLFhKCgexRU.000.mp4,1280,720,29.97,459,emotional_stability,low
306,10210,left_eye,490.7,263.1,600.8,351.5,773.4,418.9,911.0,529.4,emotional_stability_low4_OLFhKCgexRU.000.mp4,1280,720,29.97,459,emotional_stability,low
306,10210,right_eye,648.5,231.7,770.7,328.3,970.6,379.7,1123.4,500.3,emotional_stability_low4_OLFhKCgexRU.000.mp4,1280,720,29.97,459,emotional_stability,low
306,10210,nose,596.0,307.4,687.2,441.4,905.0,474.2,1019.0,641.8,emotional_stability_low4_OLFhKCgexRU.000.mp4,1280,720,29.97,459,emotional_stability,low
306,10210,mouth,588.9,466.7,735.0,537.2,896.1,673.3,1078.7,761.5,emotional_stability_low4_OLFhKCgexRU.000.mp4,1280,720,29.97,459,emotional_stability,low
306,10210,forehead,472.8,178.5,832.0,502.4,751.0,313.1,1200.0,718.0,emotional_stability_low4_OLFhKCgexRU.000.mp4,1280,720,29.97,459,emotional_stability,low
306,10210,chin,485.0,327.1,832.0,594.3,766.2,498.9,1200.0,832.9,emotional_stability_low4_OLFhKCgexRU.000.mp4,1280,720,29.97,459,emotional_stability,low
306,10210,left_cheek,488.5,377.4,585.9,514.8,770.6,561.7,892.3,733.5,emotional_stability_low4_OLFhKCgexRU.000.mp4,1280,720,29.97,459,emotional_stability,low
306,10210,right_cheek,694.0,332.1,810.5,482.3,1027.4,505.1,1173.2,692.9,emotional_stability_low4_OLFhKCgexRU.000.mp4,1280,720,29.97,459,emotional_stability,low
307,10243,left_eye,490.7,263.0,600.8,351.5,773.4,418.7,911.0,529.3,emotional_stability_low4_OLFhKCgexRU.000.mp4,1280,720,29.97,459,emotional_stability,low
307,10243,right_eye,648.3,231.5,770.4,328.0,970.4,379.4,1123.0,500.0,emotional_stability_low4_OLFhKCgexRU.000.mp4,1280,720,29.97,459,emotional_stability,low
307,10243,nose,596.2,307.2,687.2,440.9,905.3,473.9,1019.1,641.1,emotional_stability_low4_OLFhKCgexRU.000.mp4,1280,720,29.97,459,emotional_stability,low
307,10243,mouth,589.0,466.7,735.9,534.5,896.3,673.3,1079.8,758.1,emotional_stability_low4_OLFhKCgexRU.000.mp4,1280,720,29.97,459,emotional_stability,low
307,10243,forehead,473.0,177.9,832.0,502.1,751.3,312.4,1200.0,717.7,emotional_stability_low4_OLFhKCgexRU.000.mp4,1280,720,29.97,459,emotional_stability,low
307,10243,chin,485.3,325.8,832.0,592.0,766.6,497.3,1200.0,830.0,emotional_stability_low4_OLFhKCgexRU.000.mp4,1280,720,29.97,459,emotional_stability,low
307,10243,left_cheek,488.6,377.2,585.9,514.6,770.7,561.5,892.4,733.2,emotional_stability_low4_OLFhKCgexRU.000.mp4,1280,720,29.97,459,emotional_stability,low
307,10243,right_cheek,694.0,332.0,810.6,482.0,1027.4,505.0,1173.2,692.5,emotional_stability_low4_OLFhKCgexRU.000.mp4,1280,720,29.97,459,emotional_stability,low
308,10276,left_eye,490.7,261.9,600.9,351.3,773.4,417.3,911.1,529.2,emotional_stability_low4_OLFhKCgexRU.000.mp4,1280,720,29.97,459,emotional_stability,low
308,10276,right_eye,648.3,229.1,770.3,327.7,970.4,376.4,1122.9,499.6,emotional_stability_low4_OLFhKCgexRU.000.mp4,1280,720,29.97,459,emotional_stability,low
308,10276,nose,596.4,306.8,687.3,439.8,905.5,473.5,1019.1,639.8,emotional_stability_low4_OLFhKCgexRU.000.mp4,1280,720,29.97,459,emotional_stability,low
308,10276,mouth,589.2,467.2,736.0,535.8,896.5,674.0,1080.1,759.8,emotional_stability_low4_OLFhKCgexRU.000.mp4,1280,720,29.97,459,emotional_stability,low
308,10276,forehead,473.1,177.0,831.9,502.1,751.4,311.3,1199.9,717.6,emotional_stability_low4_OLFhKCgexRU.000.mp4,1280,720,29.97,459,emotional_stability,low
308,10276,chin,485.7,324.7,831.9,592.7,767.2,495.8,1199.9,830.9,emotional_stability_low4_OLFhKCgexRU.000.mp4,1280,720,29.97,459,emotional_stability,low
308,10276,left_cheek,488.6,376.9,586.0,515.0,770.8,561.2,892.5,733.7,emotional_stability_low4_OLFhKCgexRU.000.mp4,1280,720,29.97,459,emotional_stability,low
308,10276,right_cheek,694.0,331.6,810.6,482.0,1027.5,504.6,1173.2,692.5,emotional_stability_low4_OLFhKCgexRU.000.mp4,1280,720,29.97,459,emotional_stability,low
309,10310,left_eye,489.6,258.5,600.8,350.1,772.0,413.2,911.1,527.7,emotional_stability_low4_OLFhKCgexRU.000.mp4,1280,720,29.97,459,emotional_stability,low
309,10310,right_eye,648.4,223.3,770.4,325.9,970.5,369.1,1122.9,497.4,emotional_stability_low4_OLFhKCgexRU.000.mp4,1280,720,29.97,459,emotional_stability,low
309,10310,nose,596.5,303.6,688.2,437.0,905.6,469.5,1020.3,636.3,emotional_stability_low4_OLFhKCgexRU.000.mp4,1280,720,29.97,459,emotional_stability,low
309,10310,mouth,589.7,463.5,737.2,547.3,897.1,669.4,1081.6,774.2,emotional_stability_low4_OLFhKCgexRU.000.mp4,1280,720,29.97,459,emotional_stability,low
309,10310,forehead,471.0,174.3,831.9,501.0,748.8,307.9,1199.9,716.2,emotional_stability_low4_OLFhKCgexRU.000.mp4,1280,720,29.97,459,emotional_stability,low
309,10310,chin,484.1,321.3,831.9,597.3,765.1,491.6,1199.9,836.6,emotional_stability_low4_OLFhKCgexRU.000.mp4,1280,720,29.97,459,emotional_stability,low
309,10310,left_cheek,488.3,375.7,586.0,514.8,770.4,559.6,892.5,733.5,emotional_stability_low4_OLFhKCgexRU.000.mp4,1280,720,29.97,459,emotional_stability,low
309,10310,right_cheek,694.5,328.1,810.5,481.8,1028.2,500.1,1173.2,692.3,emotional_stability_low4_OLFhKCgexRU.000.mp4,1280,720,29.97,459,emotional_stability,low
310,10343,left_eye,487.9,257.1,600.9,350.0,769.9,411.4,911.1,527.5,emotional_stability_low4_OLFhKCgexRU.000.mp4,1280,720,29.97,459,emotional_stability,low
310,10343,right_eye,648.5,221.8,770.4,324.9,970.6,367.2,1123.0,496.1,emotional_stability_low4_OLFhKCgexRU.000.mp4,1280,720,29.97,459,emotional_stability,low
310,10343,nose,596.6,302.2,688.8,435.3,905.7,467.7,1020.9,634.1,emotional_stability_low4_OLFhKCgexRU.000.mp4,1280,720,29.97,459,emotional_stability,low
310,10343,mouth,589.8,455.2,736.9,549.0,897.2,659.0,1081.2,776.2,emotional_stability_low4_OLFhKCgexRU.000.mp4,1280,720,29.97,459,emotional_stability,low
310,10343,forehead,469.0,173.8,830.8,500.7,746.3,307.3,1198.6,715.8,emotional_stability_low4_OLFhKCgexRU.000.mp4,1280,720,29.97,459,emotional_stability,low
310,10343,chin,482.4,320.4,830.8,598.8,763.0,490.5,1198.6,838.5,emotional_stability_low4_OLFhKCgexRU.000.mp4,1280,720,29.97,459,emotional_stability,low
310,10343,left_cheek,487.8,374.9,586.0,514.7,769.8,558.6,892.5,733.3,emotional_stability_low4_OLFhKCgexRU.000.mp4,1280,720,29.97,459,emotional_stability,low
310,10343,right_cheek,694.7,326.3,809.7,480.7,1028.3,497.9,1172.2,690.9,emotional_stability_low4_OLFhKCgexRU.000.mp4,1280,720,29.97,459,emotional_stability,low
311,10377,left_eye,487.9,257.3,600.9,350.3,769.8,411.7,911.1,527.9,emotional_stability_low4_OLFhKCgexRU.000.mp4,1280,720,29.97,459,emotional_stability,low
311,10377,right_eye,648.6,222.1,770.0,324.9,970.7,367.7,1122.5,496.1,emotional_stability_low4_OLFhKCgexRU.000.mp4,1280,720,29.97,459,emotional_stability,low
311,10377,nose,596.9,302.2,688.9,435.3,906.1,467.8,1021.1,634.1,emotional_stability_low4_OLFhKCgexRU.000.mp4,1280,720,29.97,459,emotional_stability,low
311,10377,mouth,589.8,451.6,735.6,548.2,897.3,654.5,1079.5,775.2,emotional_stability_low4_OLFhKCgexRU.000.mp4,1280,720,29.97,459,emotional_stability,low
311,10377,forehead,469.2,174.0,829.2,500.7,746.5,307.5,1196.6,715.9,emotional_stability_low4_OLFhKCgexRU.000.mp4,1280,720,29.97,459,emotional_stability,low
311,10377,chin,482.4,320.9,829.2,598.8,763.0,491.2,1196.6,838.5,emotional_stability_low4_OLFhKCgexRU.000.mp4,1280,720,29.97,459,emotional_stability,low
311,10377,left_cheek,487.9,374.8,586.0,514.5,769.9,558.5,892.6,733.2,emotional_stability_low4_OLFhKCgexRU.000.mp4,1280,720,29.97,459,emotional_stability,low
311,10377,right_cheek,694.6,326.4,808.4,480.4,1028.3,498.0,1170.5,690.5,emotional_stability_low4_OLFhKCgexRU.000.mp4,1280,720,29.97,459,emotional_stability,low
312,10410,left_eye,487.9,258.7,600.5,351.6,769.9,413.4,910.7,529.5,emotional_stability_low4_OLFhKCgexRU.000.mp4,1280,720,29.97,459,emotional_stability,low
312,10410,right_eye,648.4,222.6,769.6,325.9,970.5,368.3,1122.0,497.3,emotional_stability_low4_OLFhKCgexRU.000.mp4,1280,720,29.97,459,emotional_stability,low
312,10410,nose,596.8,303.6,688.2,436.1,906.0,469.5,1020.3,635.1,emotional_stability_low4_OLFhKCgexRU.000.mp4,1280,720,29.97,459,emotional_stability,low
312,10410,mouth,590.0,451.2,732.9,551.7,897.5,654.0,1076.2,779.7,emotional_stability_low4_OLFhKCgexRU.000.mp4,1280,720,29.97,459,emotional_stability,low
312,10410,forehead,469.5,174.8,829.3,501.4,746.9,308.4,1196.6,716.7,emotional_stability_low4_OLFhKCgexRU.000.mp4,1280,720,29.97,459,emotional_stability,low
312,10410,chin,482.6,321.3,829.3,600.4,763.3,491.7,1196.6,840.5,emotional_stability_low4_OLFhKCgexRU.000.mp4,1280,720,29.97,459,emotional_stability,low
312,10410,left_cheek,488.0,375.3,585.9,514.9,769.9,559.2,892.3,733.6,emotional_stability_low4_OLFhKCgexRU.000.mp4,1280,720,29.97,459,emotional_stability,low
312,10410,right_cheek,693.8,326.4,807.8,480.5,1027.3,498.1,1169.8,690.7,emotional_stability_low4_OLFhKCgexRU.000.mp4,1280,720,29.97,459,emotional_stability,low
313,10443,left_eye,487.6,259.7,599.8,352.5,769.5,414.6,909.7,530.6,emotional_stability_low4_OLFhKCgexRU.000.mp4,1280,720,29.97,459,emotional_stability,low
313,10443,right_eye,648.1,223.0,769.3,326.7,970.1,368.7,1121.7,498.4,emotional_stability_low4_OLFhKCgexRU.000.mp4,1280,720,29.97,459,emotional_stability,low
313,10443,nose,596.1,304.6,687.0,436.9,905.2,470.7,1018.8,636.1,emotional_stability_low4_OLFhKCgexRU.000.mp4,1280,720,29.97,459,emotional_stability,low
313,10443,mouth,590.1,450.8,730.0,553.1,897.6,653.4,1072.4,781.4,emotional_stability_low4_OLFhKCgexRU.000.mp4,1280,720,29.97,459,emotional_stability,low
313,10443,forehead,469.8,175.0,829.3,502.0,747.2,308.7,1196.7,717.5,emotional_stability_low4_OLFhKCgexRU.000.mp4,1280,720,29.97,459,emotional_stability,low
313,10443,chin,482.7,321.6,829.3,601.7,763.4,492.0,1196.7,842.2,emotional_stability_low4_OLFhKCgexRU.000.mp4,1280,720,29.97,459,emotional_stability,low
313,10443,left_cheek,487.8,375.9,585.2,515.5,769.7,559.8,891.5,734.4,emotional_stability_low4_OLFhKCgexRU.000.mp4,1280,720,29.97,459,emotional_stability,low
313,10443,right_cheek,692.9,326.5,807.4,480.9,1026.1,498.1,1169.3,691.1,emotional_stability_low4_OLFhKCgexRU.000.mp4,1280,720,29.97,459,emotional_stability,low
314,10477,left_eye,486.4,258.2,598.8,352.4,768.0,412.8,908.5,530.5,emotional_stability_low4_OLFhKCgexRU.000.mp4,1280,720,29.97,459,emotional_stability,low
314,10477,right_eye,647.9,220.9,769.5,326.6,969.9,366.2,1121.8,498.2,emotional_stability_low4_OLFhKCgexRU.000.mp4,1280,720,29.97,459,emotional_stability,low
314,10477,nose,595.8,304.0,686.4,436.4,904.7,470.0,1018.0,635.4,emotional_stability_low4_OLFhKCgexRU.000.mp4,1280,720,29.97,459,emotional_stability,low
314,10477,mouth,591.3,449.9,728.9,557.0,899.1,652.3,1071.1,786.2,emotional_stability_low4_OLFhKCgexRU.000.mp4,1280,720,29.97,459,emotional_stability,low
314,10477,forehead,469.1,173.8,831.9,502.0,746.3,307.2,1199.9,717.5,emotional_stability_low4_OLFhKCgexRU.000.mp4,1280,720,29.97,459,emotional_stability,low
314,10477,chin,482.1,320.3,831.9,602.5,762.6,490.4,1199.9,843.1,emotional_stability_low4_OLFhKCgexRU.000.mp4,1280,720,29.97,459,emotional_stability,low
314,10477,left_cheek,486.2,375.6,584.3,515.5,767.7,559.5,890.4,734.3,emotional_stability_low4_OLFhKCgexRU.000.mp4,1280,720,29.97,459,emotional_stability,low
314,10477,right_cheek,692.8,325.8,808.3,480.8,1026.0,497.3,1170.3,691.1,emotional_stability_low4_OLFhKCgexRU.000.mp4,1280,720,29.97,459,emotional_stability,low
315,10510,left_eye,485.4,254.0,598.2,350.8,766.7,407.4,907.8,528.5,emotional_stability_low4_OLFhKCgexRU.000.mp4,1280,720,29.97,459,emotional_stability,low
315,10510,right_eye,647.5,216.9,769.7,324.5,969.4,361.1,1122.1,495.6,emotional_stability_low4_OLFhKCgexRU.000.mp4,1280,720,29.97,459,emotional_stability,low
315,10510,nose,594.4,301.0,685.5,433.3,903.0,466.2,1016.9,631.6,emotional_stability_low4_OLFhKCgexRU.000.mp4,1280,720,29.97,459,emotional_stability,low
315,10510,mouth,590.9,448.6,728.8,560.6,898.6,650.8,1071.0,790.8,emotional_stability_low4_OLFhKCgexRU.000.mp4,1280,720,29.97,459,emotional_stability,low
315,10510,forehead,469.0,171.0,834.4,502.0,746.3,303.7,1203.0,717.5,emotional_stability_low4_OLFhKCgexRU.000.mp4,1280,720,29.97,459,emotional_stability,low
315,10510,chin,482.1,319.1,834.4,605.5,762.6,488.8,1203.0,846.9,emotional_stability_low4_OLFhKCgexRU.000.mp4,1280,720,29.97,459,emotional_stability,low
315,10510,left_cheek,485.4,373.9,583.2,515.4,766.8,557.3,888.9,734.3,emotional_stability_low4_OLFhKCgexRU.000.mp4,1280,720,29.97,459,emotional_stability,low
315,10510,right_cheek,692.8,324.4,809.4,480.8,1026.0,495.5,1171.8,691.0,emotional_stability_low4_OLFhKCgexRU.000.mp4,1280,720,29.97,459,emotional_stability,low
316,10543,left_eye,483.5,251.4,597.6,349.3,764.4,404.2,907.0,526.6,emotional_stability_low4_OLFhKCgexRU.000.mp4,1280,720,29.97,459,emotional_stability,low
316,10543,right_eye,647.3,214.1,770.4,322.7,969.1,357.6,1122.9,493.3,emotional_stability_low4_OLFhKCgexRU.000.mp4,1280,720,29.97,459,emotional_stability,low
316,10543,nose,592.7,298.6,684.8,430.7,900.9,463.3,1015.9,628.3,emotional_stability_low4_OLFhKCgexRU.000.mp4,1280,720,29.97,459,emotional_stability,low
316,10543,mouth,588.7,448.6,729.4,562.4,895.9,650.8,1071.8,793.0,emotional_stability_low4_OLFhKCgexRU.000.mp4,1280,720,29.97,459,emotional_stability,low
316,10543,forehead,467.5,168.6,836.0,502.0,744.4,300.8,1205.1,717.5,emotional_stability_low4_OLFhKCgexRU.000.mp4,1280,720,29.97,459,emotional_stability,low
316,10543,chin,481.5,318.2,836.0,608.7,761.9,487.8,1205.1,850.9,emotional_stability_low4_OLFhKCgexRU.000.mp4,1280,720,29.97,459,emotional_stability,low
316,10543,left_cheek,484.3,372.3,581.8,515.4,765.4,555.4,887.3,734.2,emotional_stability_low4_OLFhKCgexRU.000.mp4,1280,720,29.97,459,emotional_stability,low
316,10543,right_cheek,692.8,323.2,810.7,480.8,1026.0,494.0,1173.4,691.0,emotional_stability_low4_OLFhKCgexRU.000.mp4,1280,720,29.97,459,emotional_stability,low
317,10577,left_eye,483.0,250.7,597.4,348.7,763.7,403.4,906.7,525.9,emotional_stability_low4_OLFhKCgexRU.000.mp4,1280,720,29.97,459,emotional_stability,low
317,10577,right_eye,647.1,213.4,770.7,321.8,968.9,356.7,1123.4,492.3,emotional_stability_low4_OLFhKCgexRU.000.mp4,1280,720,29.97,459,emotional_stability,low
317,10577,nose,591.2,297.8,684.6,429.6,899.0,462.2,1015.8,627.0,emotional_stability_low4_OLFhKCgexRU.000.mp4,1280,720,29.97,459,emotional_stability,low
317,10577,mouth,587.1,448.9,731.3,561.5,893.9,651.2,1074.2,791.8,emotional_stability_low4_OLFhKCgexRU.000.mp4,1280,720,29.97,459,emotional_stability,low
317,10577,forehead,466.8,167.5,836.7,501.6,743.5,299.4,1205.9,717.0,emotional_stability_low4_OLFhKCgexRU.000.mp4,1280,720,29.97,459,emotional_stability,low
317,10577,chin,481.5,316.8,836.7,607.8,761.9,486.0,1205.9,849.7,emotional_stability_low4_OLFhKCgexRU.000.mp4,1280,720,29.97,459,emotional_stability,low
317,10577,left_cheek,484.1,371.6,581.0,515.3,765.1,554.5,886.2,734.2,emotional_stability_low4_OLFhKCgexRU.000.mp4,1280,720,29.97,459,emotional_stability,low
317,10577,right_cheek,692.8,322.2,811.8,480.5,1026.0,492.7,1174.7,690.6,emotional_stability_low4_OLFhKCgexRU.000.mp4,1280,720,29.97,459,emotional_stability,low
318,10610,left_eye,483.3,251.4,597.5,348.7,764.2,404.2,906.8,525.9,emotional_stability_low4_OLFhKCgexRU.000.mp4,1280,720,29.97,459,emotional_stability,low
318,10610,right_eye,647.1,214.3,771.2,322.0,968.9,357.9,1124.0,492.4,emotional_stability_low4_OLFhKCgexRU.000.mp4,1280,720,29.97,459,emotional_stability,low
318,10610,nose,591.3,298.1,685.2,429.8,899.2,462.6,1016.4,627.2,emotional_stability_low4_OLFhKCgexRU.000.mp4,1280,720,29.97,459,emotional_stability,low
318,10610,mouth,586.2,450.2,734.6,559.7,892.7,652.7,1078.3,789.6,emotional_stability_low4_OLFhKCgexRU.000.mp4,1280,720,29.97,459,emotional_stability,low
318,10610,forehead,467.0,168.1,836.5,501.5,743.7,300.2,1205.6,716.9,emotional_stability_low4_OLFhKCgexRU.000.mp4,1280,720,29.97,459,emotional_stability,low
318,10610,chin,481.6,317.0,836.5,607.2,762.0,486.3,1205.6,849.0,emotional_stability_low4_OLFhKCgexRU.000.mp4,1280,720,29.97,459,emotional_stability,low
318,10610,left_cheek,484.2,371.6,581.1,515.3,765.3,554.5,886.4,734.1,emotional_stability_low4_OLFhKCgexRU.000.mp4,1280,720,29.97,459,emotional_stability,low
318,10610,right_cheek,693.4,322.3,812.9,480.1,1026.8,492.9,1176.2,690.1,emotional_stability_low4_OLFhKCgexRU.000.mp4,1280,720,29.97,459,emotional_stability,low
319,10643,left_eye,483.6,251.9,597.5,348.7,764.5,404.9,906.8,525.9,emotional_stability_low4_OLFhKCgexRU.000.mp4,1280,720,29.97,459,emotional_stability,low
319,10643,right_eye,647.5,214.9,772.0,322.0,969.4,358.6,1125.0,492.5,emotional_stability_low4_OLFhKCgexRU.000.mp4,1280,720,29.97,459,emotional_stability,low
319,10643,nose,591.5,298.3,686.7,429.8,899.4,462.9,1018.4,627.2,emotional_stability_low4_OLFhKCgexRU.000.mp4,1280,720,29.97,459,emotional_stability,low
319,10643,mouth,585.2,450.9,738.3,556.1,891.5,653.6,1082.9,785.1,emotional_stability_low4_OLFhKCgexRU.000.mp4,1280,720,29.97,459,emotional_stability,low
319,10643,forehead,467.1,168.6,836.3,501.4,743.9,300.8,1205.4,716.7,emotional_stability_low4_OLFhKCgexRU.000.mp4,1280,720,29.97,459,emotional_stability,low
319,10643,chin,481.7,317.3,836.3,607.0,762.1,486.6,1205.4,848.7,emotional_stability_low4_OLFhKCgexRU.000.mp4,1280,720,29.97,459,emotional_stability,low
319,10643,left_cheek,484.4,371.7,581.3,514.8,765.5,554.6,886.6,733.5,emotional_stability_low4_OLFhKCgexRU.000.mp4,1280,720,29.97,459,emotional_stability,low
319,10643,right_cheek,694.3,322.4,814.0,479.3,1027.9,493.0,1177.5,689.1,emotional_stability_low4_OLFhKCgexRU.000.mp4,1280,720,29.97,459,emotional_stability,low
320,10677,left_eye,483.7,252.2,597.7,348.7,764.6,405.2,907.1,525.9,emotional_stability_low4_OLFhKCgexRU.000.mp4,1280,720,29.97,459,emotional_stability,low
320,10677,right_eye,647.7,215.1,772.2,322.0,969.7,358.9,1125.3,492.5,emotional_stability_low4_OLFhKCgexRU.000.mp4,1280,720,29.97,459,emotional_stability,low
320,10677,nose,591.7,298.5,688.0,429.9,899.6,463.2,1020.0,627.4,emotional_stability_low4_OLFhKCgexRU.000.mp4,1280,720,29.97,459,emotional_stability,low
320,10677,mouth,584.3,451.0,741.5,548.0,890.3,653.8,1086.8,775.0,emotional_stability_low4_OLFhKCgexRU.000.mp4,1280,720,29.97,459,emotional_stability,low
320,10677,forehead,467.3,168.8,836.2,501.2,744.1,301.0,1205.2,716.5,emotional_stability_low4_OLFhKCgexRU.000.mp4,1280,720,29.97,459,emotional_stability,low
320,10677,chin,481.7,317.0,836.2,603.6,762.1,486.3,1205.2,844.5,emotional_stability_low4_OLFhKCgexRU.000.mp4,1280,720,29.97,459,emotional_stability,low
320,10677,left_cheek,484.4,371.7,581.4,513.7,765.5,554.6,886.7,732.2,emotional_stability_low4_OLFhKCgexRU.000.mp4,1280,720,29.97,459,emotional_stability,low
320,10677,right_cheek,694.9,322.0,814.6,477.6,1028.7,492.6,1178.3,687.0,emotional_stability_low4_OLFhKCgexRU.000.mp4,1280,720,29.97,459,emotional_stability,low
321,10710,left_eye,484.2,252.6,597.8,348.7,765.3,405.7,907.2,525.9,emotional_stability_low4_OLFhKCgexRU.000.mp4,1280,720,29.97,459,emotional_stability,low
321,10710,right_eye,647.8,215.4,772.2,322.1,969.7,359.3,1125.3,492.6,emotional_stability_low4_OLFhKCgexRU.000.mp4,1280,720,29.97,459,emotional_stability,low
321,10710,nose,591.8,298.7,688.3,430.2,899.7,463.3,1020.4,627.8,emotional_stability_low4_OLFhKCgexRU.000.mp4,1280,720,29.97,459,emotional_stability,low
321,10710,mouth,584.3,451.2,741.8,542.5,890.3,654.0,1087.3,768.1,emotional_stability_low4_OLFhKCgexRU.000.mp4,1280,720,29.97,459,emotional_stability,low
321,10710,forehead,467.3,169.0,836.1,501.1,744.2,301.2,1205.1,716.3,emotional_stability_low4_OLFhKCgexRU.000.mp4,1280,720,29.97,459,emotional_stability,low
321,10710,chin,482.0,317.2,836.1,599.7,762.5,486.5,1205.1,839.6,emotional_stability_low4_OLFhKCgexRU.000.mp4,1280,720,29.97,459,emotional_stability,low
321,10710,left_cheek,484.5,371.7,581.5,513.0,765.6,554.6,886.9,731.2,emotional_stability_low4_OLFhKCgexRU.000.mp4,1280,720,29.97,459,emotional_stability,low
321,10710,right_cheek,695.1,322.1,814.8,476.8,1028.9,492.7,1178.5,686.0,emotional_stability_low4_OLFhKCgexRU.000.mp4,1280,720,29.97,459,emotional_stability,low
322,10744,left_eye,485.1,252.6,597.9,348.7,766.4,405.8,907.4,525.8,emotional_stability_low4_OLFhKCgexRU.000.mp4,1280,720,29.97,459,emotional_stability,low
322,10744,right_eye,647.8,215.6,772.3,322.2,969.8,359.5,1125.3,492.7,emotional_stability_low4_OLFhKCgexRU.000.mp4,1280,720,29.97,459,emotional_stability,low
322,10744,nose,591.9,298.8,688.6,431.1,899.9,463.6,1020.7,628.9,emotional_stability_low4_OLFhKCgexRU.000.mp4,1280,720,29.97,459,emotional_stability,low
322,10744,mouth,584.1,451.5,741.4,542.4,890.1,654.4,1086.8,768.0,emotional_stability_low4_OLFhKCgexRU.000.mp4,1280,720,29.97,459,emotional_stability,low
322,10744,forehead,468.0,169.1,836.0,500.8,745.0,301.3,1205.0,716.1,emotional_stability_low4_OLFhKCgexRU.000.mp4,1280,720,29.97,459,emotional_stability,low
322,10744,chin,483.1,317.3,836.0,599.2,763.9,486.6,1205.0,839.0,emotional_stability_low4_OLFhKCgexRU.000.mp4,1280,720,29.97,459,emotional_stability,low
322,10744,left_cheek,485.0,371.7,581.9,512.7,766.3,554.7,887.4,730.8,emotional_stability_low4_OLFhKCgexRU.000.mp4,1280,720,29.97,459,emotional_stability,low
322,10744,right_cheek,695.3,322.2,814.8,476.8,1029.1,492.8,1178.6,686.0,emotional_stability_low4_OLFhKCgexRU.000.mp4,1280,720,29.97,459,emotional_stability,low
323,10777,left_eye,486.1,253.0,598.1,348.6,767.7,406.2,907.7,525.7,emotional_stability_low4_OLFhKCgexRU.000.mp4,1280,720,29.97,459,emotional_stability,low
323,10777,right_eye,648.1,215.7,772.4,322.3,970.2,359.6,1125.5,492.9,emotional_stability_low4_OLFhKCgexRU.000.mp4,1280,720,29.97,459,emotional_stability,low
323,10777,nose,592.0,299.2,688.7,431.6,900.0,464.0,1020.9,629.4,emotional_stability_low4_OLFhKCgexRU.000.mp4,1280,720,29.97,459,emotional_stability,low
323,10777,mouth,584.3,451.7,740.9,543.5,890.3,654.6,1086.1,769.4,emotional_stability_low4_OLFhKCgexRU.000.mp4,1280,720,29.97,459,emotional_stability,low
323,10777,forehead,469.0,169.2,835.9,500.4,746.3,301.5,1204.9,715.5,emotional_stability_low4_OLFhKCgexRU.000.mp4,1280,720,29.97,459,emotional_stability,low
323,10777,chin,483.8,317.4,835.9,599.4,764.8,486.7,1204.9,839.2,emotional_stability_low4_OLFhKCgexRU.000.mp4,1280,720,29.97,459,emotional_stability,low
323,10777,left_cheek,485.6,371.8,582.3,512.5,767.0,554.7,887.9,730.7,emotional_stability_low4_OLFhKCgexRU.000.mp4,1280,720,29.97,459,emotional_stability,low
323,10777,right_cheek,695.5,322.3,814.8,476.9,1029.4,492.9,1178.5,686.1,emotional_stability_low4_OLFhKCgexRU.000.mp4,1280,720,29.97,459,emotional_stability,low
324,10810,left_eye,486.3,253.1,599.0,348.4,767.9,406.4,908.7,525.5,emotional_stability_low4_OLFhKCgexRU.000.mp4,1280,720,29.97,459,emotional_stability,low
324,10810,right_eye,649.0,215.8,772.5,322.3,971.2,359.8,1125.7,492.9,emotional_stability_low4_OLFhKCgexRU.000.mp4,1280,720,29.97,459,emotional_stability,low
324,10810,nose,593.4,299.3,689.2,431.5,901.7,464.1,1021.5,629.4,emotional_stability_low4_OLFhKCgexRU.000.mp4,1280,720,29.97,459,emotional_stability,low
324,10810,mouth,584.6,451.4,740.5,541.8,890.7,654.3,1085.6,767.3,emotional_stability_low4_OLFhKCgexRU.000.mp4,1280,720,29.97,459,emotional_stability,low
324,10810,forehead,469.1,169.3,835.9,499.2,746.3,301.6,1204.8,714.0,emotional_stability_low4_OLFhKCgexRU.000.mp4,1280,720,29.97,459,emotional_stability,low
324,10810,chin,483.8,316.9,835.9,598.2,764.8,486.1,1204.8,837.7,emotional_stability_low4_OLFhKCgexRU.000.mp4,1280,720,29.97,459,emotional_stability,low
324,10810,left_cheek,485.8,371.6,583.2,511.8,767.2,554.5,888.9,729.7,emotional_stability_low4_OLFhKCgexRU.000.mp4,1280,720,29.97,459,emotional_stability,low
324,10810,right_cheek,695.9,322.2,814.9,476.6,1029.9,492.7,1178.6,685.7,emotional_stability_low4_OLFhKCgexRU.000.mp4,1280,720,29.97,459,emotional_stability,low
325,10844,left_eye,487.8,253.2,600.1,347.9,769.7,406.6,910.1,524.8,emotional_stability_low4_OLFhKCgexRU.000.mp4,1280,720,29.97,459,emotional_stability,low
325,10844,right_eye,649.9,215.9,773.1,322.4,972.4,359.8,1126.3,493.0,emotional_stability_low4_OLFhKCgexRU.000.mp4,1280,720,29.97,459,emotional_stability,low
325,10844,nose,594.6,299.4,689.5,431.5,903.2,464.2,1021.8,629.4,emotional_stability_low4_OLFhKCgexRU.000.mp4,1280,720,29.97,459,emotional_stability,low
325,10844,mouth,585.4,451.2,740.2,540.5,891.8,654.0,1085.3,765.6,emotional_stability_low4_OLFhKCgexRU.000.mp4,1280,720,29.97,459,emotional_stability,low
325,10844,forehead,470.6,169.7,835.9,498.0,748.2,302.1,1204.8,712.4,emotional_stability_low4_OLFhKCgexRU.000.mp4,1280,720,29.97,459,emotional_stability,low
325,10844,chin,484.8,317.0,835.9,596.8,766.0,486.2,1204.8,836.0,emotional_stability_low4_OLFhKCgexRU.000.mp4,1280,720,29.97,459,emotional_stability,low
325,10844,left_cheek,487.0,371.2,584.3,510.6,768.8,554.0,890.4,728.3,emotional_stability_low4_OLFhKCgexRU.000.mp4,1280,720,29.97,459,emotional_stability,low
325,10844,right_cheek,696.3,322.3,814.9,476.3,1030.4,492.8,1178.6,685.4,emotional_stability_low4_OLFhKCgexRU.000.mp4,1280,720,29.97,459,emotional_stability,low
326,10877,left_eye,489.0,253.3,600.7,346.7,771.3,406.6,910.9,523.4,emotional_stability_low4_OLFhKCgexRU.000.mp4,1280,720,29.97,459,emotional_stability,low
326,10877,right_eye,651.0,216.0,773.6,322.4,973.8,360.0,1127.0,492.9,emotional_stability_low4_OLFhKCgexRU.000.mp4,1280,720,29.97,459,emotional_stability,low
326,10877,nose,595.4,299.4,689.8,430.7,904.3,464.3,1022.2,628.4,emotional_stability_low4_OLFhKCgexRU.000.mp4,1280,720,29.97,459,emotional_stability,low
326,10877,mouth,586.7,449.4,740.1,539.5,893.3,651.8,1085.1,764.4,emotional_stability_low4_OLFhKCgexRU.000.mp4,1280,720,29.97,459,emotional_stability,low
326,10877,forehead,472.2,169.9,835.8,497.1,750.3,302.4,1204.8,711.4,emotional_stability_low4_OLFhKCgexRU.000.mp4,1280,720,29.97,459,emotional_stability,low
326,10877,chin,486.1,317.1,835.8,595.5,767.7,486.3,1204.8,834.4,emotional_stability_low4_OLFhKCgexRU.000.mp4,1280,720,29.97,459,emotional_stability,low
326,10877,left_cheek,488.2,370.4,585.2,509.4,770.2,553.0,891.5,726.7,emotional_stability_low4_OLFhKCgexRU.000.mp4,1280,720,29.97,459,emotional_stability,low
326,10877,right_cheek,696.8,322.3,814.9,475.8,1031.0,492.9,1178.7,684.8,emotional_stability_low4_OLFhKCgexRU.000.mp4,1280,720,29.97,459,emotional_stability,low
327,10910,left_eye,489.2,254.4,599.9,347.0,771.5,408.0,909.9,523.8,emotional_stability_low4_OLFhKCgexRU.000.mp4,1280,720,29.97,459,emotional_stability,low
327,10910,right_eye,651.2,216.0,774.2,322.3,974.0,360.0,1127.7,492.9,emotional_stability_low4_OLFhKCgexRU.000.mp4,1280,720,29.97,459,emotional_stability,low
327,10910,nose,595.6,300.9,690.2,430.3,904.4,466.1,1022.7,627.8,emotional_stability_low4_OLFhKCgexRU.000.mp4,1280,720,29.97,459,emotional_stability,low
327,10910,mouth,586.9,448.3,740.0,540.0,893.6,650.4,1085.0,764.9,emotional_stability_low4_OLFhKCgexRU.000.mp4,1280,720,29.97,459,emotional_stability,low
327,10910,forehead,472.1,172.7,836.5,497.4,750.1,305.9,1205.6,711.8,emotional_stability_low4_OLFhKCgexRU.000.mp4,1280,720,29.97,459,emotional_stability,low
327,10910,chin,486.0,318.1,836.5,595.3,767.5,487.6,1205.6,834.2,emotional_stability_low4_OLFhKCgexRU.000.mp4,1280,720,29.97,459,emotional_stability,low
327,10910,left_cheek,488.2,370.6,585.2,509.4,770.2,553.2,891.5,726.7,emotional_stability_low4_OLFhKCgexRU.000.mp4,1280,720,29.97,459,emotional_stability,low
327,10910,right_cheek,697.1,322.3,815.4,474.9,1031.4,492.9,1179.2,683.6,emotional_stability_low4_OLFhKCgexRU.000.mp4,1280,720,29.97,459,emotional_stability,low
328,10944,left_eye,490.9,254.8,600.4,347.6,773.6,408.5,910.5,524.5,emotional_stability_low4_OLFhKCgexRU.000.mp4,1280,720,29.97,459,emotional_stability,low
328,10944,right_eye,651.2,216.8,773.5,322.1,974.0,361.0,1126.9,492.7,emotional_stability_low4_OLFhKCgexRU.000.mp4,1280,720,29.97,459,emotional_stability,low
328,10944,nose,596.5,302.4,690.1,428.9,905.6,468.1,1022.7,626.1,emotional_stability_low4_OLFhKCgexRU.000.mp4,1280,720,29.97,459,emotional_stability,low
328,10944,mouth,587.3,446.4,739.1,537.9,894.2,647.9,1083.9,762.3,emotional_stability_low4_OLFhKCgexRU.000.mp4,1280,720,29.97,459,emotional_stability,low
328,10944,forehead,474.5,176.2,835.6,497.1,753.2,310.2,1204.5,711.4,emotional_stability_low4_OLFhKCgexRU.000.mp4,1280,720,29.97,459,emotional_stability,low
328,10944,chin,487.4,319.0,835.6,592.6,769.3,488.7,1204.5,830.8,emotional_stability_low4_OLFhKCgexRU.000.mp4,1280,720,29.97,459,emotional_stability,low
328,10944,left_cheek,489.9,370.6,586.1,507.7,772.3,553.3,892.6,724.6,emotional_stability_low4_OLFhKCgexRU.000.mp4,1280,720,29.97,459,emotional_stability,low
328,10944,right_cheek,697.1,322.6,814.5,473.5,1031.3,493.2,1178.1,681.9,emotional_stability_low4_OLFhKCgexRU.000.mp4,1280,720,29.97,459,emotional_stability,low
329,10977,left_eye,494.0,254.6,601.0,347.6,777.5,408.3,911.3,524.5,emotional_stability_low4_OLFhKCgexRU.000.mp4,1280,720,29.97,459,emotional_stability,low
329,10977,right_eye,651.3,216.9,773.5,321.9,974.2,361.2,1126.8,492.3,emotional_stability_low4_OLFhKCgexRU.000.mp4,1280,720,29.97,459,emotional_stability,low
329,10977,nose,596.5,302.3,689.8,425.6,905.7,467.8,1022.3,622.0,emotional_stability_low4_OLFhKCgexRU.000.mp4,1280,720,29.97,459,emotional_stability,low
329,10977,mouth,587.3,443.1,737.9,536.0,894.2,643.8,1082.3,760.0,emotional_stability_low4_OLFhKCgexRU.000.mp4,1280,720,29.97,459,emotional_stability,low
329,10977,forehead,479.7,176.6,834.8,494.5,759.6,310.8,1203.5,708.2,emotional_stability_low4_OLFhKCgexRU.000.mp4,1280,720,29.97,459,emotional_stability,low
329,10977,chin,491.5,319.7,834.8,588.9,774.4,489.6,1203.5,826.2,emotional_stability_low4_OLFhKCgexRU.000.mp4,1280,720,29.97,459,emotional_stability,low
329,10977,left_cheek,493.0,369.4,586.7,503.5,776.3,551.8,893.4,719.4,emotional_stability_low4_OLFhKCgexRU.000.mp4,1280,720,29.97,459,emotional_stability,low
329,10977,right_cheek,696.8,322.6,812.7,471.3,1031.0,493.2,1175.9,679.1,emotional_stability_low4_OLFhKCgexRU.000.mp4,1280,720,29.97,459,emotional_stability,low
330,11011,left_eye,495.0,254.4,601.2,347.4,778.7,407.9,911.5,524.3,emotional_stability_low4_OLFhKCgexRU.000.mp4,1280,720,29.97,459,emotional_stability,low
330,11011,right_eye,651.4,217.3,773.8,321.7,974.2,361.6,1127.2,492.1,emotional_stability_low4_OLFhKCgexRU.000.mp4,1280,720,29.97,459,emotional_stability,low
330,11011,nose,596.4,301.4,689.7,424.7,905.6,466.8,1022.2,620.9,emotional_stability_low4_OLFhKCgexRU.000.mp4,1280,720,29.97,459,emotional_stability,low
330,11011,mouth,586.6,442.7,737.3,536.4,893.3,643.3,1081.7,760.5,emotional_stability_low4_OLFhKCgexRU.000.mp4,1280,720,29.97,459,emotional_stability,low
330,11011,forehead,482.3,176.6,834.7,491.9,762.9,310.7,1203.4,704.9,emotional_stability_low4_OLFhKCgexRU.000.mp4,1280,720,29.97,459,emotional_stability,low
330,11011,chin,493.8,319.9,834.7,587.9,777.3,489.9,1203.4,824.9,emotional_stability_low4_OLFhKCgexRU.000.mp4,1280,720,29.97,459,emotional_stability,low
330,11011,left_cheek,494.2,367.8,586.8,500.6,777.8,549.8,893.5,715.8,emotional_stability_low4_OLFhKCgexRU.000.mp4,1280,720,29.97,459,emotional_stability,low
330,11011,right_cheek,696.5,322.6,811.8,470.1,1030.6,493.3,1174.7,677.6,emotional_stability_low4_OLFhKCgexRU.000.mp4,1280,720,29.97,459,emotional_stability,low
331,11044,left_eye,495.1,254.5,601.2,347.6,778.9,408.2,911.5,524.5,emotional_stability_low4_OLFhKCgexRU.000.mp4,1280,720,29.97,459,emotional_stability,low
331,11044,right_eye,651.4,219.7,774.4,322.2,974.2,364.6,1128.0,492.7,emotional_stability_low4_OLFhKCgexRU.000.mp4,1280,720,29.97,459,emotional_stability,low
331,11044,nose,596.0,301.7,689.2,425.0,904.9,467.1,1021.5,621.3,emotional_stability_low4_OLFhKCgexRU.000.mp4,1280,720,29.97,459,emotional_stability,low
331,11044,mouth,584.2,443.4,737.3,538.5,890.2,644.3,1081.6,763.1,emotional_stability_low4_OLFhKCgexRU.000.mp4,1280,720,29.97,459,emotional_stability,low
331,11044,forehead,483.1,177.4,834.8,490.5,763.8,311.8,1203.5,703.1,emotional_stability_low4_OLFhKCgexRU.000.mp4,1280,720,29.97,459,emotional_stability,low
331,11044,chin,494.6,321.0,834.8,588.9,778.2,491.2,1203.5,826.1,emotional_stability_low4_OLFhKCgexRU.000.mp4,1280,720,29.97,459,emotional_stability,low
331,11044,left_cheek,494.2,367.9,586.8,500.3,777.8,549.9,893.5,715.4,emotional_stability_low4_OLFhKCgexRU.000.mp4,1280,720,29.97,459,emotional_stability,low
331,11044,right_cheek,696.1,323.9,811.1,470.6,1030.1,494.8,1173.9,678.2,emotional_stability_low4_OLFhKCgexRU.000.mp4,1280,720,29.97,459,emotional_stability,low
332,11077,left_eye,495.6,254.6,601.2,345.6,779.6,408.2,911.5,522.0,emotional_stability_low4_OLFhKCgexRU.000.mp4,1280,720,29.97,459,emotional_stability,low
332,11077,right_eye,652.0,221.8,775.0,322.2,975.0,367.3,1128.8,492.7,emotional_stability_low4_OLFhKCgexRU.000.mp4,1280,720,29.97,459,emotional_stability,low
332,11077,nose,594.1,301.7,689.2,425.4,902.7,467.1,1021.5,621.8,emotional_stability_low4_OLFhKCgexRU.000.mp4,1280,720,29.97,459,emotional_stability,low
332,11077,mouth,580.8,443.7,737.3,541.1,886.0,644.6,1081.6,766.4,emotional_stability_low4_OLFhKCgexRU.000.mp4,1280,720,29.97,459,emotional_stability,low
332,11077,forehead,483.3,178.5,833.9,486.3,764.2,313.2,1202.3,697.8,emotional_stability_low4_OLFhKCgexRU.000.mp4,1280,720,29.97,459,emotional_stability,low
332,11077,chin,494.2,322.2,833.9,589.5,777.7,492.8,1202.3,826.9,emotional_stability_low4_OLFhKCgexRU.000.mp4,1280,720,29.97,459,emotional_stability,low
332,11077,left_cheek,493.9,366.3,586.6,497.6,777.4,547.8,893.2,712.0,emotional_stability_low4_OLFhKCgexRU.000.mp4,1280,720,29.97,459,emotional_stability,low
332,11077,right_cheek,695.9,325.2,810.1,470.9,1029.9,496.5,1172.6,678.6,emotional_stability_low4_OLFhKCgexRU.000.mp4,1280,720,29.97,459,emotional_stability,low
333,11111,left_eye,495.2,254.8,600.2,344.9,779.0,408.5,910.2,521.1,emotional_stability_low4_OLFhKCgexRU.000.mp4,1280,720,29.97,459,emotional_stability,low
333,11111,right_eye,652.1,224.9,775.6,322.7,975.1,371.1,1129.5,493.4,emotional_stability_low4_OLFhKCgexRU.000.mp4,1280,720,29.97,459,emotional_stability,low
333,11111,nose,592.7,301.8,688.8,427.2,900.9,467.3,1021.0,623.9,emotional_stability_low4_OLFhKCgexRU.000.mp4,1280,720,29.97,459,emotional_stability,low
333,11111,mouth,577.4,444.6,737.3,549.2,881.8,645.7,1081.7,776.5,emotional_stability_low4_OLFhKCgexRU.000.mp4,1280,720,29.97,459,emotional_stability,low
333,11111,forehead,482.2,179.7,832.6,486.1,762.8,314.6,1200.8,697.6,emotional_stability_low4_OLFhKCgexRU.000.mp4,1280,720,29.97,459,emotional_stability,low
333,11111,chin,493.5,324.6,832.6,593.8,776.9,495.8,1200.8,832.2,emotional_stability_low4_OLFhKCgexRU.000.mp4,1280,720,29.97,459,emotional_stability,low
333,11111,left_cheek,493.7,366.4,585.5,498.2,777.1,548.0,891.9,712.7,emotional_stability_low4_OLFhKCgexRU.000.mp4,1280,720,29.97,459,emotional_stability,low
333,11111,right_cheek,695.6,327.7,809.0,471.8,1029.5,499.6,1171.2,679.7,emotional_stability_low4_OLFhKCgexRU.000.mp4,1280,720,29.97,459,emotional_stability,low
334,11144,left_eye,494.9,255.3,599.7,344.1,778.7,409.1,909.6,520.1,emotional_stability_low4_OLFhKCgexRU.000.mp4,1280,720,29.97,459,emotional_stability,low
334,11144,right_eye,652.5,226.2,776.5,322.9,975.6,372.8,1130.7,493.6,emotional_stability_low4_OLFhKCgexRU.000.mp4,1280,720,29.97,459,emotional_stability,low
334,11144,nose,591.2,302.1,688.4,428.4,899.0,467.6,1020.5,625.5,emotional_stability_low4_OLFhKCgexRU.000.mp4,1280,720,29.97,459,emotional_stability,low
334,11144,mouth,575.3,446.4,737.0,550.6,879.1,648.0,1081.3,778.3,emotional_stability_low4_OLFhKCgexRU.000.mp4,1280,720,29.97,459,emotional_stability,low
334,11144,forehead,481.7,180.2,832.0,485.3,762.1,315.2,1200.0,696.7,emotional_stability_low4_OLFhKCgexRU.000.mp4,1280,720,29.97,459,emotional_stability,low
334,11144,chin,493.2,325.9,832.0,596.5,776.5,497.4,1200.0,835.6,emotional_stability_low4_OLFhKCgexRU.000.mp4,1280,720,29.97,459,emotional_stability,low
334,11144,left_cheek,493.2,366.0,584.6,497.9,776.6,547.4,890.8,712.4,emotional_stability_low4_OLFhKCgexRU.000.mp4,1280,720,29.97,459,emotional_stability,low
334,11144,right_cheek,695.1,329.0,808.2,473.1,1028.9,501.3,1170.2,681.3,emotional_stability_low4_OLFhKCgexRU.000.mp4,1280,720,29.97,459,emotional_stability,low
335,11177,left_eye,494.8,255.9,598.9,343.8,778.5,409.8,908.6,519.8,emotional_stability_low4_OLFhKCgexRU.000.mp4,1280,720,29.97,459,emotional_stability,low
335,11177,right_eye,652.5,228.0,777.0,323.7,975.6,375.0,1131.2,494.6,emotional_stability_low4_OLFhKCgexRU.000.mp4,1280,720,29.97,459,emotional_stability,low
335,11177,nose,589.7,302.8,687.5,430.7,897.2,468.5,1019.3,628.4,emotional_stability_low4_OLFhKCgexRU.000.mp4,1280,720,29.97,459,emotional_stability,low
335,11177,mouth,574.2,448.8,736.3,553.8,877.7,651.0,1080.4,782.2,emotional_stability_low4_OLFhKCgexRU.000.mp4,1280,720,29.97,459,emotional_stability,low
335,11177,forehead,481.3,180.7,831.3,485.2,761.6,315.8,1199.2,696.6,emotional_stability_low4_OLFhKCgexRU.000.mp4,1280,720,29.97,459,emotional_stability,low
335,11177,chin,492.8,327.5,831.3,599.1,776.0,499.4,1199.2,838.8,emotional_stability_low4_OLFhKCgexRU.000.mp4,1280,720,29.97,459,emotional_stability,low
335,11177,left_cheek,492.2,366.1,583.5,498.3,775.3,547.6,889.3,712.9,emotional_stability_low4_OLFhKCgexRU.000.mp4,1280,720,29.97,459,emotional_stability,low
335,11177,right_cheek,694.3,330.9,807.3,475.2,1027.9,503.6,1169.1,684.1,emotional_stability_low4_OLFhKCgexRU.000.mp4,1280,720,29.97,459,emotional_stability,low
336,11211,left_eye,494.7,256.8,598.2,343.8,778.3,411.0,907.7,519.8,emotional_stability_low4_OLFhKCgexRU.000.mp4,1280,720,29.97,459,emotional_stability,low
336,11211,right_eye,652.5,229.8,776.9,324.7,975.6,377.2,1131.2,495.8,emotional_stability_low4_OLFhKCgexRU.000.mp4,1280,720,29.97,459,emotional_stability,low
336,11211,nose,588.3,304.0,686.4,432.8,895.3,469.9,1018.1,631.0,emotional_stability_low4_OLFhKCgexRU.000.mp4,1280,720,29.97,459,emotional_stability,low
336,11211,mouth,572.7,451.5,735.7,556.4,875.8,654.4,1079.6,785.5,emotional_stability_low4_OLFhKCgexRU.000.mp4,1280,720,29.97,459,emotional_stability,low
336,11211,forehead,481.0,181.6,829.9,485.7,761.3,317.0,1197.4,697.1,emotional_stability_low4_OLFhKCgexRU.000.mp4,1280,720,29.97,459,emotional_stability,low
336,11211,chin,492.3,329.5,829.9,601.7,775.4,501.9,1197.4,842.2,emotional_stability_low4_OLFhKCgexRU.000.mp4,1280,720,29.97,459,emotional_stability,low
336,11211,left_cheek,491.4,366.2,582.4,498.6,774.2,547.8,888.0,713.3,emotional_stability_low4_OLFhKCgexRU.000.mp4,1280,720,29.97,459,emotional_stability,low
336,11211,right_cheek,693.3,332.8,806.0,477.4,1026.6,506.0,1167.5,686.7,emotional_stability_low4_OLFhKCgexRU.000.mp4,1280,720,29.97,459,emotional_stability,low
337,11244,left_eye,494.5,258.2,598.0,344.0,778.2,412.7,907.5,520.0,emotional_stability_low4_OLFhKCgexRU.000.mp4,1280,720,29.97,459,emotional_stability,low
337,11244,right_eye,652.6,232.3,776.9,326.3,975.7,380.3,1131.2,497.8,emotional_stability_low4_OLFhKCgexRU.000.mp4,1280,720,29.97,459,emotional_stability,low
337,11244,nose,588.3,305.6,686.1,434.8,895.4,472.0,1017.6,633.5,emotional_stability_low4_OLFhKCgexRU.000.mp4,1280,720,29.97,459,emotional_stability,low
337,11244,mouth,572.0,454.4,734.7,557.0,875.0,658.0,1078.4,786.3,emotional_stability_low4_OLFhKCgexRU.000.mp4,1280,720,29.97,459,emotional_stability,low
337,11244,forehead,480.8,183.3,828.0,486.1,761.1,319.1,1195.1,697.6,emotional_stability_low4_OLFhKCgexRU.000.mp4,1280,720,29.97,459,emotional_stability,low
337,11244,chin,491.7,331.6,828.0,602.4,774.7,504.5,1195.1,843.0,emotional_stability_low4_OLFhKCgexRU.000.mp4,1280,720,29.97,459,emotional_stability,low
337,11244,left_cheek,491.0,366.6,582.2,498.9,773.8,548.2,887.7,713.7,emotional_stability_low4_OLFhKCgexRU.000.mp4,1280,720,29.97,459,emotional_stability,low
337,11244,right_cheek,692.9,334.8,805.0,479.0,1026.1,508.4,1166.3,688.7,emotional_stability_low4_OLFhKCgexRU.000.mp4,1280,720,29.97,459,emotional_stability,low
338,11277,left_eye,494.3,258.4,597.7,344.0,777.9,413.0,907.1,520.1,emotional_stability_low4_OLFhKCgexRU.000.mp4,1280,720,29.97,459,emotional_stability,low
338,11277,right_eye,652.7,232.4,776.9,326.3,975.9,380.5,1131.1,497.9,emotional_stability_low4_OLFhKCgexRU.000.mp4,1280,720,29.97,459,emotional_stability,low
338,11277,nose,588.3,305.7,686.0,435.0,895.3,472.1,1017.5,633.7,emotional_stability_low4_OLFhKCgexRU.000.mp4,1280,720,29.97,459,emotional_stability,low
338,11277,mouth,571.6,454.5,734.4,557.4,874.5,658.1,1078.0,786.7,emotional_stability_low4_OLFhKCgexRU.000.mp4,1280,720,29.97,459,emotional_stability,low
338,11277,forehead,480.5,183.6,826.6,484.8,760.7,319.4,1193.2,696.0,emotional_stability_low4_OLFhKCgexRU.000.mp4,1280,720,29.97,459,emotional_stability,low
338,11277,chin,490.5,331.0,826.6,601.6,773.1,503.8,1193.2,842.1,emotional_stability_low4_OLFhKCgexRU.000.mp4,1280,720,29.97,459,emotional_stability,low
338,11277,left_cheek,490.4,366.6,581.9,498.1,773.0,548.3,887.3,712.7,emotional_stability_low4_OLFhKCgexRU.000.mp4,1280,720,29.97,459,emotional_stability,low
338,11277,right_cheek,692.7,334.4,804.3,478.6,1025.9,508.0,1165.4,688.3,emotional_stability_low4_OLFhKCgexRU.000.mp4,1280,720,29.97,459,emotional_stability,low
339,11311,left_eye,494.2,258.3,597.6,342.9,777.8,412.9,907.0,518.6,emotional_stability_low4_OLFhKCgexRU.000.mp4,1280,720,29.97,459,emotional_stability,low
339,11311,right_eye,653.3,232.1,777.0,326.3,976.6,380.2,1131.3,497.8,emotional_stability_low4_OLFhKCgexRU.000.mp4,1280,720,29.97,459,emotional_stability,low
339,11311,nose,588.3,305.5,686.0,434.6,895.3,471.9,1017.5,633.2,emotional_stability_low4_OLFhKCgexRU.000.mp4,1280,720,29.97,459,emotional_stability,low
339,11311,mouth,571.8,453.9,734.0,556.9,874.8,657.4,1077.5,786.2,emotional_stability_low4_OLFhKCgexRU.000.mp4,1280,720,29.97,459,emotional_stability,low
339,11311,forehead,480.2,183.7,826.0,482.3,760.3,319.6,1192.4,692.9,emotional_stability_low4_OLFhKCgexRU.000.mp4,1280,720,29.97,459,emotional_stability,low
339,11311,chin,489.4,330.4,826.0,601.2,771.7,503.0,1192.4,841.5,emotional_stability_low4_OLFhKCgexRU.000.mp4,1280,720,29.97,459,emotional_stability,low
339,11311,left_cheek,489.7,365.4,581.7,496.3,772.1,546.8,887.2,710.4,emotional_stability_low4_OLFhKCgexRU.000.mp4,1280,720,29.97,459,emotional_stability,low
339,11311,right_cheek,692.7,333.9,803.8,478.5,1025.8,507.3,1164.8,688.1,emotional_stability_low4_OLFhKCgexRU.000.mp4,1280,720,29.97,459,emotional_stability,low
340,11344,left_eye,494.1,258.2,597.6,342.6,777.6,412.7,907.0,518.3,emotional_stability_low4_OLFhKCgexRU.000.mp4,1280,720,29.97,459,emotional_stability,low
340,11344,right_eye,654.0,232.7,777.1,326.3,977.5,380.9,1131.4,497.8,emotional_stability_low4_OLFhKCgexRU.000.mp4,1280,720,29.97,459,emotional_stability,low
340,11344,nose,588.4,305.5,686.0,434.3,895.5,471.9,1017.5,632.9,emotional_stability_low4_OLFhKCgexRU.000.mp4,1280,720,29.97,459,emotional_stability,low
340,11344,mouth,571.3,454.0,733.3,557.1,874.2,657.5,1076.6,786.4,emotional_stability_low4_OLFhKCgexRU.000.mp4,1280,720,29.97,459,emotional_stability,low
340,11344,forehead,480.1,184.1,824.5,481.9,760.1,320.2,1190.7,692.3,emotional_stability_low4_OLFhKCgexRU.000.mp4,1280,720,29.97,459,emotional_stability,low
340,11344,chin,488.6,331.1,824.5,601.2,770.7,503.8,1190.7,841.5,emotional_stability_low4_OLFhKCgexRU.000.mp4,1280,720,29.97,459,emotional_stability,low
340,11344,left_cheek,489.5,364.9,581.8,495.9,771.8,546.1,887.2,709.9,emotional_stability_low4_OLFhKCgexRU.000.mp4,1280,720,29.97,459,emotional_stability,low
340,11344,right_cheek,692.7,334.5,803.1,478.5,1025.8,508.1,1163.8,688.1,emotional_stability_low4_OLFhKCgexRU.000.mp4,1280,720,29.97,459,emotional_stability,low
341,11378,left_eye,494.1,258.1,597.7,342.6,777.7,412.7,907.1,518.2,emotional_stability_low4_OLFhKCgexRU.000.mp4,1280,720,29.97,459,emotional_stability,low
341,11378,right_eye,654.9,233.5,777.4,326.5,978.6,381.8,1131.7,498.1,emotional_stability_low4_OLFhKCgexRU.000.mp4,1280,720,29.97,459,emotional_stability,low
341,11378,nose,588.5,305.8,686.1,434.6,895.7,472.3,1017.7,633.2,emotional_stability_low4_OLFhKCgexRU.000.mp4,1280,720,29.97,459,emotional_stability,low
341,11378,mouth,571.0,454.2,733.0,557.7,873.7,657.7,1076.2,787.1,emotional_stability_low4_OLFhKCgexRU.000.mp4,1280,720,29.97,459,emotional_stability,low
341,11378,forehead,479.9,184.8,823.7,481.6,759.9,321.0,1189.7,692.0,emotional_stability_low4_OLFhKCgexRU.000.mp4,1280,720,29.97,459,emotional_stability,low
341,11378,chin,487.9,331.6,823.7,601.2,769.9,504.5,1189.7,841.5,emotional_stability_low4_OLFhKCgexRU.000.mp4,1280,720,29.97,459,emotional_stability,low
341,11378,left_cheek,489.3,364.7,581.8,495.9,771.6,545.9,887.3,709.8,emotional_stability_low4_OLFhKCgexRU.000.mp4,1280,720,29.97,459,emotional_stability,low
341,11378,right_cheek,692.7,335.2,802.6,478.7,1025.9,509.0,1163.3,688.4,emotional_stability_low4_OLFhKCgexRU.000.mp4,1280,720,29.97,459,emotional_stability,low
342,11411,left_eye,494.1,258.2,597.9,342.6,777.6,412.8,907.3,518.3,emotional_stability_low4_OLFhKCgexRU.000.mp4,1280,720,29.97,459,emotional_stability,low
342,11411,right_eye,655.5,234.4,777.7,327.2,979.3,383.1,1132.1,499.0,emotional_stability_low4_OLFhKCgexRU.000.mp4,1280,720,29.97,459,emotional_stability,low
342,11411,nose,588.6,306.2,686.3,435.3,895.8,472.7,1017.8,634.1,emotional_stability_low4_OLFhKCgexRU.000.mp4,1280,720,29.97,459,emotional_stability,low
342,11411,mouth,570.9,454.5,732.8,557.8,873.6,658.2,1076.0,787.2,emotional_stability_low4_OLFhKCgexRU.000.mp4,1280,720,29.97,459,emotional_stability,low
342,11411,forehead,479.9,185.4,823.3,482.0,759.9,321.8,1189.2,692.5,emotional_stability_low4_OLFhKCgexRU.000.mp4,1280,720,29.97,459,emotional_stability,low
342,11411,chin,487.6,332.8,823.3,601.3,769.5,506.0,1189.2,841.7,emotional_stability_low4_OLFhKCgexRU.000.mp4,1280,720,29.97,459,emotional_stability,low
342,11411,left_cheek,489.2,364.9,581.8,496.1,771.5,546.1,887.3,710.1,emotional_stability_low4_OLFhKCgexRU.000.mp4,1280,720,29.97,459,emotional_stability,low
342,11411,right_cheek,692.7,336.2,802.4,479.2,1025.9,510.3,1163.0,688.9,emotional_stability_low4_OLFhKCgexRU.000.mp4,1280,720,29.97,459,emotional_stability,low
343,11444,left_eye,493.9,258.3,597.9,342.6,777.4,412.8,907.3,518.2,emotional_stability_low4_OLFhKCgexRU.000.mp4,1280,720,29.97,459,emotional_stability,low
343,11444,right_eye,656.0,234.6,778.3,327.3,980.1,383.2,1132.9,499.1,emotional_stability_low4_OLFhKCgexRU.000.mp4,1280,720,29.97,459,emotional_stability,low
343,11444,nose,588.7,306.2,686.4,435.5,895.8,472.8,1018.1,634.3,emotional_stability_low4_OLFhKCgexRU.000.mp4,1280,720,29.97,459,emotional_stability,low
343,11444,mouth,570.9,454.5,732.8,557.5,873.6,658.1,1076.0,786.8,emotional_stability_low4_OLFhKCgexRU.000.mp4,1280,720,29.97,459,emotional_stability,low
343,11444,forehead,478.7,185.5,823.3,481.8,758.4,321.9,1189.2,692.2,emotional_stability_low4_OLFhKCgexRU.000.mp4,1280,720,29.97,459,emotional_stability,low
343,11444,chin,486.2,332.5,823.3,601.2,767.7,505.6,1189.2,841.5,emotional_stability_low4_OLFhKCgexRU.000.mp4,1280,720,29.97,459,emotional_stability,low
343,11444,left_cheek,488.5,364.9,581.9,496.0,770.7,546.1,887.3,710.0,emotional_stability_low4_OLFhKCgexRU.000.mp4,1280,720,29.97,459,emotional_stability,low
343,11444,right_cheek,692.8,336.1,802.4,479.0,1026.0,510.1,1163.0,688.8,emotional_stability_low4_OLFhKCgexRU.000.mp4,1280,720,29.97,459,emotional_stability,low
344,11478,left_eye,493.9,258.3,598.0,342.5,777.4,412.8,907.6,518.2,emotional_stability_low4_OLFhKCgexRU.000.mp4,1280,720,29.97,459,emotional_stability,low
344,11478,right_eye,656.5,234.7,778.3,327.3,980.6,383.4,1132.8,499.1,emotional_stability_low4_OLFhKCgexRU.000.mp4,1280,720,29.97,459,emotional_stability,low
344,11478,nose,588.7,306.2,686.8,435.7,895.9,472.8,1018.5,634.7,emotional_stability_low4_OLFhKCgexRU.000.mp4,1280,720,29.97,459,emotional_stability,low
344,11478,mouth,570.6,454.8,732.6,557.2,873.2,658.5,1075.7,786.5,emotional_stability_low4_OLFhKCgexRU.000.mp4,1280,720,29.97,459,emotional_stability,low
344,11478,forehead,478.2,185.5,821.5,481.5,757.7,321.9,1186.9,691.9,emotional_stability_low4_OLFhKCgexRU.000.mp4,1280,720,29.97,459,emotional_stability,low
344,11478,chin,485.7,332.5,821.5,601.2,767.2,505.6,1186.9,841.5,emotional_stability_low4_OLFhKCgexRU.000.mp4,1280,720,29.97,459,emotional_stability,low
344,11478,left_cheek,488.4,364.8,581.9,495.9,770.6,546.0,887.3,709.9,emotional_stability_low4_OLFhKCgexRU.000.mp4,1280,720,29.97,459,emotional_stability,low
344,11478,right_cheek,692.9,336.1,801.8,479.0,1026.1,510.2,1162.3,688.7,emotional_stability_low4_OLFhKCgexRU.000.mp4,1280,720,29.97,459,emotional_stability,low
345,11511,left_eye,493.3,258.3,598.0,341.9,776.7,412.8,907.5,517.4,emotional_stability_low4_OLFhKCgexRU.000.mp4,1280,720,29.97,459,emotional_stability,low
345,11511,right_eye,656.4,234.6,778.1,327.1,980.6,383.2,1132.7,498.9,emotional_stability_low4_OLFhKCgexRU.000.mp4,1280,720,29.97,459,emotional_stability,low
345,11511,nose,588.7,306.1,687.1,435.6,895.9,472.7,1018.8,634.6,emotional_stability_low4_OLFhKCgexRU.000.mp4,1280,720,29.97,459,emotional_stability,low
345,11511,mouth,570.7,454.7,731.8,555.4,873.4,658.4,1074.8,784.2,emotional_stability_low4_OLFhKCgexRU.000.mp4,1280,720,29.97,459,emotional_stability,low
345,11511,forehead,476.9,185.4,820.1,480.8,756.2,321.8,1185.2,691.0,emotional_stability_low4_OLFhKCgexRU.000.mp4,1280,720,29.97,459,emotional_stability,low
345,11511,chin,484.8,332.3,820.1,599.9,766.0,505.3,1185.2,839.9,emotional_stability_low4_OLFhKCgexRU.000.mp4,1280,720,29.97,459,emotional_stability,low
345,11511,left_cheek,488.1,364.4,581.9,495.4,770.2,545.5,887.3,709.3,emotional_stability_low4_OLFhKCgexRU.000.mp4,1280,720,29.97,459,emotional_stability,low
345,11511,right_cheek,692.9,336.1,801.1,478.5,1026.1,510.1,1161.4,688.2,emotional_stability_low4_OLFhKCgexRU.000.mp4,1280,720,29.97,459,emotional_stability,low
346,11544,left_eye,492.3,258.2,598.0,341.6,775.4,412.7,907.4,517.0,emotional_stability_low4_OLFhKCgexRU.000.mp4,1280,720,29.97,459,emotional_stability,low
346,11544,right_eye,656.4,234.4,777.8,326.9,980.5,383.0,1132.2,498.6,emotional_stability_low4_OLFhKCgexRU.000.mp4,1280,720,29.97,459,emotional_stability,low
346,11544,nose,588.6,305.9,687.1,435.6,895.7,472.4,1018.8,634.5,emotional_stability_low4_OLFhKCgexRU.000.mp4,1280,720,29.97,459,emotional_stability,low
346,11544,mouth,570.6,454.7,731.1,554.1,873.2,658.3,1073.9,782.7,emotional_stability_low4_OLFhKCgexRU.000.mp4,1280,720,29.97,459,emotional_stability,low
346,11544,forehead,475.6,185.4,819.4,480.3,754.6,321.7,1184.2,690.4,emotional_stability_low4_OLFhKCgexRU.000.mp4,1280,720,29.97,459,emotional_stability,low
346,11544,chin,483.9,331.8,819.4,599.5,764.9,504.8,1184.2,839.4,emotional_stability_low4_OLFhKCgexRU.000.mp4,1280,720,29.97,459,emotional_stability,low
346,11544,left_cheek,487.6,364.1,581.6,495.1,769.4,545.2,887.0,708.9,emotional_stability_low4_OLFhKCgexRU.000.mp4,1280,720,29.97,459,emotional_stability,low
346,11544,right_cheek,692.7,335.9,800.4,478.2,1025.9,509.9,1160.5,687.7,emotional_stability_low4_OLFhKCgexRU.000.mp4,1280,720,29.97,459,emotional_stability,low
347,11578,left_eye,491.7,258.1,597.8,341.4,774.6,412.6,907.2,516.7,emotional_stability_low4_OLFhKCgexRU.000.mp4,1280,720,29.97,459,emotional_stability,low
347,11578,right_eye,656.2,234.3,777.2,326.7,980.2,382.8,1131.5,498.4,emotional_stability_low4_OLFhKCgexRU.000.mp4,1280,720,29.97,459,emotional_stability,low
347,11578,nose,588.3,305.7,687.1,435.6,895.4,472.1,1018.8,634.4,emotional_stability_low4_OLFhKCgexRU.000.mp4,1280,720,29.97,459,emotional_stability,low
347,11578,mouth,570.1,454.6,730.4,551.3,872.7,658.2,1073.0,779.2,emotional_stability_low4_OLFhKCgexRU.000.mp4,1280,720,29.97,459,emotional_stability,low
347,11578,forehead,474.6,185.3,818.6,480.1,753.2,321.6,1183.2,690.2,emotional_stability_low4_OLFhKCgexRU.000.mp4,1280,720,29.97,459,emotional_stability,low
347,11578,chin,483.1,331.5,818.6,598.2,763.9,504.4,1183.2,837.8,emotional_stability_low4_OLFhKCgexRU.000.mp4,1280,720,29.97,459,emotional_stability,low
347,11578,left_cheek,487.0,363.9,581.3,494.9,768.8,544.9,886.6,708.6,emotional_stability_low4_OLFhKCgexRU.000.mp4,1280,720,29.97,459,emotional_stability,low
347,11578,right_cheek,692.5,335.7,799.8,477.9,1025.6,509.7,1159.8,687.3,emotional_stability_low4_OLFhKCgexRU.000.mp4,1280,720,29.97,459,emotional_stability,low
348,11611,left_eye,491.3,258.1,597.7,341.3,774.2,412.6,907.2,516.7,emotional_stability_low4_OLFhKCgexRU.000.mp4,1280,720,29.97,459,emotional_stability,low
348,11611,right_eye,655.9,234.2,776.5,326.7,979.9,382.7,1130.7,498.3,emotional_stability_low4_OLFhKCgexRU.000.mp4,1280,720,29.97,459,emotional_stability,low
348,11611,nose,588.2,305.5,686.7,435.5,895.3,471.9,1018.4,634.4,emotional_stability_low4_OLFhKCgexRU.000.mp4,1280,720,29.97,459,emotional_stability,low
348,11611,mouth,569.9,454.5,729.2,545.8,872.3,658.2,1071.4,772.3,emotional_stability_low4_OLFhKCgexRU.000.mp4,1280,720,29.97,459,emotional_stability,low
348,11611,forehead,473.9,185.2,818.1,480.2,752.4,321.5,1182.6,690.2,emotional_stability_low4_OLFhKCgexRU.000.mp4,1280,720,29.97,459,emotional_stability,low
348,11611,chin,482.4,331.2,818.1,595.4,763.0,503.9,1182.6,834.2,emotional_stability_low4_OLFhKCgexRU.000.mp4,1280,720,29.97,459,emotional_stability,low
348,11611,left_cheek,486.5,363.8,581.1,494.6,768.1,544.8,886.4,708.3,emotional_stability_low4_OLFhKCgexRU.000.mp4,1280,720,29.97,459,emotional_stability,low
348,11611,right_cheek,692.0,335.5,799.3,477.5,1025.0,509.4,1159.1,686.9,emotional_stability_low4_OLFhKCgexRU.000.mp4,1280,720,29.97,459,emotional_stability,low
349,11644,left_eye,491.0,258.1,597.7,341.4,773.8,412.7,907.2,516.7,emotional_stability_low4_OLFhKCgexRU.000.mp4,1280,720,29.97,459,emotional_stability,low
349,11644,right_eye,655.2,234.1,775.8,326.6,978.9,382.7,1129.7,498.2,emotional_stability_low4_OLFhKCgexRU.000.mp4,1280,720,29.97,459,emotional_stability,low
349,11644,nose,588.2,305.3,686.0,435.5,895.2,471.6,1017.4,634.4,emotional_stability_low4_OLFhKCgexRU.000.mp4,1280,720,29.97,459,emotional_stability,low
349,11644,mouth,569.8,454.5,727.8,540.2,872.3,658.2,1069.8,765.3,emotional_stability_low4_OLFhKCgexRU.000.mp4,1280,720,29.97,459,emotional_stability,low
349,11644,forehead,473.2,185.2,818.0,480.2,751.5,321.5,1182.5,690.3,emotional_stability_low4_OLFhKCgexRU.000.mp4,1280,720,29.97,459,emotional_stability,low
349,11644,chin,481.3,330.9,818.0,591.6,761.6,503.6,1182.5,829.5,emotional_stability_low4_OLFhKCgexRU.000.mp4,1280,720,29.97,459,emotional_stability,low
349,11644,left_cheek,486.1,363.8,581.0,494.4,767.6,544.7,886.2,708.0,emotional_stability_low4_OLFhKCgexRU.000.mp4,1280,720,29.97,459,emotional_stability,low
349,11644,right_cheek,691.3,335.4,799.2,477.0,1024.1,509.2,1159.0,686.3,emotional_stability_low4_OLFhKCgexRU.000.mp4,1280,720,29.97,459,emotional_stability,low
350,11678,left_eye,490.8,258.2,597.7,341.4,773.6,412.7,907.2,516.7,emotional_stability_low4_OLFhKCgexRU.000.mp4,1280,720,29.97,459,emotional_stability,low
350,11678,right_eye,654.5,234.1,775.3,326.2,978.1,382.6,1129.1,497.7,emotional_stability_low4_OLFhKCgexRU.000.mp4,1280,720,29.97,459,emotional_stability,low
350,11678,nose,588.2,304.9,685.6,435.2,895.2,471.1,1017.0,634.0,emotional_stability_low4_OLFhKCgexRU.000.mp4,1280,720,29.97,459,emotional_stability,low
350,11678,mouth,569.8,454.5,727.5,536.4,872.2,658.1,1069.3,760.5,emotional_stability_low4_OLFhKCgexRU.000.mp4,1280,720,29.97,459,emotional_stability,low
350,11678,forehead,472.6,184.6,818.3,480.0,750.7,320.8,1182.9,690.0,emotional_stability_low4_OLFhKCgexRU.000.mp4,1280,720,29.97,459,emotional_stability,low
350,11678,chin,480.4,329.8,818.3,587.9,760.5,502.3,1182.9,824.9,emotional_stability_low4_OLFhKCgexRU.000.mp4,1280,720,29.97,459,emotional_stability,low
350,11678,left_cheek,485.8,363.7,581.0,494.0,767.3,544.6,886.2,707.5,emotional_stability_low4_OLFhKCgexRU.000.mp4,1280,720,29.97,459,emotional_stability,low
350,11678,right_cheek,690.9,334.6,799.2,476.1,1023.6,508.3,1159.0,685.1,emotional_stability_low4_OLFhKCgexRU.000.mp4,1280,720,29.97,459,emotional_stability,low
351,11711,left_eye,490.8,258.1,597.7,341.2,773.5,412.6,907.2,516.5,emotional_stability_low4_OLFhKCgexRU.000.mp4,1280,720,29.97,459,emotional_stability,low
351,11711,right_eye,654.1,233.8,774.8,325.4,977.6,382.3,1128.5,496.7,emotional_stability_low4_OLFhKCgexRU.000.mp4,1280,720,29.97,459,emotional_stability,low
351,11711,nose,588.2,304.1,684.6,434.7,895.3,470.1,1015.7,633.3,emotional_stability_low4_OLFhKCgexRU.000.mp4,1280,720,29.97,459,emotional_stability,low
351,11711,mouth,569.7,454.4,727.2,535.0,872.2,658.0,1069.0,758.8,emotional_stability_low4_OLFhKCgexRU.000.mp4,1280,720,29.97,459,emotional_stability,low
351,11711,forehead,472.5,183.8,818.3,479.5,750.6,319.7,1182.9,689.4,emotional_stability_low4_OLFhKCgexRU.000.mp4,1280,720,29.97,459,emotional_stability,low
351,11711,chin,480.0,329.1,818.3,586.6,760.1,501.4,1182.9,823.2,emotional_stability_low4_OLFhKCgexRU.000.mp4,1280,720,29.97,459,emotional_stability,low
351,11711,left_cheek,485.7,363.2,581.0,493.3,767.1,544.0,886.2,706.7,emotional_stability_low4_OLFhKCgexRU.000.mp4,1280,720,29.97,459,emotional_stability,low
351,11711,right_cheek,690.3,333.8,799.1,475.4,1022.9,507.3,1158.8,684.2,emotional_stability_low4_OLFhKCgexRU.000.mp4,1280,720,29.97,459,emotional_stability,low
352,11745,left_eye,490.9,257.4,597.7,340.4,773.6,411.7,907.2,515.5,emotional_stability_low4_OLFhKCgexRU.000.mp4,1280,720,29.97,459,emotional_stability,low
352,11745,right_eye,653.8,232.9,774.6,324.4,977.3,381.1,1128.2,495.5,emotional_stability_low4_OLFhKCgexRU.000.mp4,1280,720,29.97,459,emotional_stability,low
352,11745,nose,588.2,303.0,684.2,433.6,895.3,468.8,1015.2,632.0,emotional_stability_low4_OLFhKCgexRU.000.mp4,1280,720,29.97,459,emotional_stability,low
352,11745,mouth,569.8,454.0,727.2,535.5,872.2,657.5,1068.9,759.4,emotional_stability_low4_OLFhKCgexRU.000.mp4,1280,720,29.97,459,emotional_stability,low
352,11745,forehead,472.5,182.3,818.4,479.2,750.7,317.9,1183.0,689.0,emotional_stability_low4_OLFhKCgexRU.000.mp4,1280,720,29.97,459,emotional_stability,low
352,11745,chin,480.0,328.3,818.4,586.2,760.0,500.3,1183.0,822.7,emotional_stability_low4_OLFhKCgexRU.000.mp4,1280,720,29.97,459,emotional_stability,low
352,11745,left_cheek,485.6,362.6,581.0,492.8,767.0,543.2,886.2,706.0,emotional_stability_low4_OLFhKCgexRU.000.mp4,1280,720,29.97,459,emotional_stability,low
352,11745,right_cheek,690.1,332.9,799.0,474.7,1022.6,506.1,1158.7,683.4,emotional_stability_low4_OLFhKCgexRU.000.mp4,1280,720,29.97,459,emotional_stability,low
353,11778,left_eye,490.9,256.1,597.7,339.2,773.6,410.1,907.2,514.0,emotional_stability_low4_OLFhKCgexRU.000.mp4,1280,720,29.97,459,emotional_stability,low
353,11778,right_eye,653.8,231.8,774.6,323.3,977.3,379.7,1128.2,494.1,emotional_stability_low4_OLFhKCgexRU.000.mp4,1280,720,29.97,459,emotional_stability,low
353,11778,nose,588.1,301.8,684.2,432.5,895.1,467.2,1015.3,630.7,emotional_stability_low4_OLFhKCgexRU.000.mp4,1280,720,29.97,459,emotional_stability,low
353,11778,mouth,569.7,453.5,727.1,537.3,872.2,656.9,1068.9,761.6,emotional_stability_low4_OLFhKCgexRU.000.mp4,1280,720,29.97,459,emotional_stability,low
353,11778,forehead,472.6,181.2,818.2,478.5,750.7,316.5,1182.8,688.1,emotional_stability_low4_OLFhKCgexRU.000.mp4,1280,720,29.97,459,emotional_stability,low
353,11778,chin,479.8,328.0,818.2,587.4,759.7,500.0,1182.8,824.2,emotional_stability_low4_OLFhKCgexRU.000.mp4,1280,720,29.97,459,emotional_stability,low
353,11778,left_cheek,485.4,361.6,580.9,492.4,766.8,542.0,886.1,705.5,emotional_stability_low4_OLFhKCgexRU.000.mp4,1280,720,29.97,459,emotional_stability,low
353,11778,right_cheek,690.1,332.5,798.8,474.6,1022.7,505.6,1158.4,683.3,emotional_stability_low4_OLFhKCgexRU.000.mp4,1280,720,29.97,459,emotional_stability,low
354,11811,left_eye,490.9,254.2,597.7,338.2,773.6,407.8,907.2,512.8,emotional_stability_low4_OLFhKCgexRU.000.mp4,1280,720,29.97,459,emotional_stability,low
354,11811,right_eye,653.8,231.0,774.6,322.7,977.3,378.7,1128.2,493.4,emotional_stability_low4_OLFhKCgexRU.000.mp4,1280,720,29.97,459,emotional_stability,low
354,11811,nose,587.6,300.8,684.3,431.8,894.5,466.0,1015.3,629.8,emotional_stability_low4_OLFhKCgexRU.000.mp4,1280,720,29.97,459,emotional_stability,low
354,11811,mouth,569.7,453.4,727.0,544.0,872.2,656.8,1068.8,770.0,emotional_stability_low4_OLFhKCgexRU.000.mp4,1280,720,29.97,459,emotional_stability,low
354,11811,forehead,472.6,180.7,818.3,478.4,750.8,315.8,1182.9,688.0,emotional_stability_low4_OLFhKCgexRU.000.mp4,1280,720,29.97,459,emotional_stability,low
354,11811,chin,479.9,328.0,818.3,589.2,759.8,500.0,1182.9,826.5,emotional_stability_low4_OLFhKCgexRU.000.mp4,1280,720,29.97,459,emotional_stability,low
354,11811,left_cheek,485.3,361.2,580.7,492.4,766.6,541.4,885.8,705.5,emotional_stability_low4_OLFhKCgexRU.000.mp4,1280,720,29.97,459,emotional_stability,low
354,11811,right_cheek,690.2,332.4,798.8,474.7,1022.7,505.6,1158.5,683.4,emotional_stability_low4_OLFhKCgexRU.000.mp4,1280,720,29.97,459,emotional_stability,low
355,11845,left_eye,490.9,253.5,597.7,337.7,773.6,406.9,907.1,512.1,emotional_stability_low4_OLFhKCgexRU.000.mp4,1280,720,29.97,459,emotional_stability,low
355,11845,right_eye,653.9,230.4,775.0,322.4,977.4,378.0,1128.8,493.0,emotional_stability_low4_OLFhKCgexRU.000.mp4,1280,720,29.97,459,emotional_stability,low
355,11845,nose,587.4,300.4,684.3,430.9,894.2,465.5,1015.3,628.7,emotional_stability_low4_OLFhKCgexRU.000.mp4,1280,720,29.97,459,emotional_stability,low
355,11845,mouth,570.1,452.9,726.5,547.2,872.6,656.2,1068.1,773.9,emotional_stability_low4_OLFhKCgexRU.000.mp4,1280,720,29.97,459,emotional_stability,low
355,11845,forehead,472.7,180.4,818.4,478.3,750.8,315.5,1183.0,687.9,emotional_stability_low4_OLFhKCgexRU.000.mp4,1280,720,29.97,459,emotional_stability,low
355,11845,chin,479.9,328.1,818.4,591.6,759.9,500.1,1183.0,829.6,emotional_stability_low4_OLFhKCgexRU.000.mp4,1280,720,29.97,459,emotional_stability,low
355,11845,left_cheek,485.3,360.8,580.5,492.5,766.6,541.0,885.6,705.6,emotional_stability_low4_OLFhKCgexRU.000.mp4,1280,720,29.97,459,emotional_stability,low
355,11845,right_cheek,690.2,332.3,798.8,474.9,1022.7,505.4,1158.5,683.6,emotional_stability_low4_OLFhKCgexRU.000.mp4,1280,720,29.97,459,emotional_stability,low
356,11878,left_eye,490.8,253.4,597.3,336.6,773.4,406.7,906.7,510.7,emotional_stability_low4_OLFhKCgexRU.000.mp4,1280,720,29.97,459,emotional_stability,low
356,11878,right_eye,653.9,229.9,775.3,321.4,977.4,377.4,1129.2,491.7,emotional_stability_low4_OLFhKCgexRU.000.mp4,1280,720,29.97,459,emotional_stability,low
356,11878,nose,587.1,299.9,684.3,429.3,893.9,464.9,1015.4,626.7,emotional_stability_low4_OLFhKCgexRU.000.mp4,1280,720,29.97,459,emotional_stability,low
356,11878,mouth,570.4,451.6,725.9,547.0,873.0,654.4,1067.4,773.7,emotional_stability_low4_OLFhKCgexRU.000.mp4,1280,720,29.97,459,emotional_stability,low
356,11878,forehead,472.7,179.9,818.5,478.1,750.9,314.9,1183.2,687.6,emotional_stability_low4_OLFhKCgexRU.000.mp4,1280,720,29.97,459,emotional_stability,low
356,11878,chin,480.1,327.7,818.5,592.1,760.2,499.7,1183.2,830.1,emotional_stability_low4_OLFhKCgexRU.000.mp4,1280,720,29.97,459,emotional_stability,low
356,11878,left_cheek,485.3,360.1,580.3,492.4,766.6,540.1,885.3,705.5,emotional_stability_low4_OLFhKCgexRU.000.mp4,1280,720,29.97,459,emotional_stability,low
356,11878,right_cheek,690.2,331.5,798.8,474.8,1022.7,504.4,1158.5,683.5,emotional_stability_low4_OLFhKCgexRU.000.mp4,1280,720,29.97,459,emotional_stability,low
357,11911,left_eye,490.5,253.2,597.3,336.3,773.1,406.6,906.6,510.3,emotional_stability_low4_OLFhKCgexRU.000.mp4,1280,720,29.97,459,emotional_stability,low
357,11911,right_eye,653.9,229.5,775.7,321.0,977.4,376.8,1129.6,491.3,emotional_stability_low4_OLFhKCgexRU.000.mp4,1280,720,29.97,459,emotional_stability,low
357,11911,nose,587.0,299.6,684.3,429.2,893.8,464.5,1015.4,626.5,emotional_stability_low4_OLFhKCgexRU.000.mp4,1280,720,29.97,459,emotional_stability,low
357,11911,mouth,570.6,451.0,725.7,542.1,873.2,653.8,1067.2,767.6,emotional_stability_low4_OLFhKCgexRU.000.mp4,1280,720,29.97,459,emotional_stability,low
357,11911,forehead,472.5,179.1,818.9,477.9,750.6,313.9,1183.6,687.4,emotional_stability_low4_OLFhKCgexRU.000.mp4,1280,720,29.97,459,emotional_stability,low
357,11911,chin,480.0,326.9,818.9,590.3,760.0,498.7,1183.6,827.9,emotional_stability_low4_OLFhKCgexRU.000.mp4,1280,720,29.97,459,emotional_stability,low
357,11911,left_cheek,485.0,359.8,580.1,492.3,766.3,539.8,885.2,705.4,emotional_stability_low4_OLFhKCgexRU.000.mp4,1280,720,29.97,459,emotional_stability,low
357,11911,right_cheek,690.2,330.8,799.1,474.4,1022.8,503.5,1158.8,683.0,emotional_stability_low4_OLFhKCgexRU.000.mp4,1280,720,29.97,459,emotional_stability,low
358,11945,left_eye,490.6,253.3,597.6,336.5,773.2,406.6,907.0,510.6,emotional_stability_low4_OLFhKCgexRU.000.mp4,1280,720,29.97,459,emotional_stability,low
358,11945,right_eye,653.9,229.5,775.7,321.1,977.4,376.9,1129.7,491.4,emotional_stability_low4_OLFhKCgexRU.000.mp4,1280,720,29.97,459,emotional_stability,low
358,11945,nose,587.3,299.6,684.3,429.3,894.2,464.5,1015.4,626.7,emotional_stability_low4_OLFhKCgexRU.000.mp4,1280,720,29.97,459,emotional_stability,low
358,11945,mouth,570.4,451.1,725.8,538.7,873.0,653.8,1067.3,763.4,emotional_stability_low4_OLFhKCgexRU.000.mp4,1280,720,29.97,459,emotional_stability,low
358,11945,forehead,472.4,179.0,820.0,477.9,750.5,313.7,1185.0,687.4,emotional_stability_low4_OLFhKCgexRU.000.mp4,1280,720,29.97,459,emotional_stability,low
358,11945,chin,479.7,326.8,820.0,589.6,759.7,498.6,1185.0,827.0,emotional_stability_low4_OLFhKCgexRU.000.mp4,1280,720,29.97,459,emotional_stability,low
358,11945,left_cheek,485.0,359.9,580.2,492.3,766.3,539.9,885.3,705.3,emotional_stability_low4_OLFhKCgexRU.000.mp4,1280,720,29.97,459,emotional_stability,low
358,11945,right_cheek,690.2,330.8,799.4,474.4,1022.8,503.5,1159.3,683.0,emotional_stability_low4_OLFhKCgexRU.000.mp4,1280,720,29.97,459,emotional_stability,low
359,11978,left_eye,491.3,253.8,599.2,338.2,774.1,407.3,909.0,512.8,emotional_stability_low4_OLFhKCgexRU.000.mp4,1280,720,29.97,459,emotional_stability,low
359,11978,right_eye,654.1,230.4,776.2,322.5,977.6,378.0,1130.2,493.2,emotional_stability_low4_OLFhKCgexRU.000.mp4,1280,720,29.97,459,emotional_stability,low
359,11978,nose,587.9,300.6,684.2,431.2,894.9,465.7,1015.3,629.0,emotional_stability_low4_OLFhKCgexRU.000.mp4,1280,720,29.97,459,emotional_stability,low
359,11978,mouth,570.4,452.6,725.9,538.0,873.0,655.7,1067.4,762.5,emotional_stability_low4_OLFhKCgexRU.000.mp4,1280,720,29.97,459,emotional_stability,low
359,11978,forehead,472.5,179.4,821.2,479.3,750.7,314.3,1186.5,689.1,emotional_stability_low4_OLFhKCgexRU.000.mp4,1280,720,29.97,459,emotional_stability,low
359,11978,chin,479.8,328.2,821.2,589.7,759.8,500.2,1186.5,827.2,emotional_stability_low4_OLFhKCgexRU.000.mp4,1280,720,29.97,459,emotional_stability,low
359,11978,left_cheek,485.2,360.8,580.9,493.2,766.5,541.0,886.1,706.5,emotional_stability_low4_OLFhKCgexRU.000.mp4,1280,720,29.97,459,emotional_stability,low
359,11978,right_cheek,690.3,332.2,799.9,476.0,1022.8,505.3,1159.9,685.0,emotional_stability_low4_OLFhKCgexRU.000.mp4,1280,720,29.97,459,emotional_stability,low
360,12012,left_eye,492.2,256.1,600.0,340.4,775.2,410.1,910.0,515.5,emotional_stability_low4_OLFhKCgexRU.000.mp4,1280,720,29.97,459,emotional_stability,low
360,12012,right_eye,654.2,232.5,776.9,324.8,977.8,380.6,1131.1,496.0,emotional_stability_low4_OLFhKCgexRU.000.mp4,1280,720,29.97,459,emotional_stability,low
360,12012,nose,588.5,303.1,684.1,434.9,895.6,468.9,1015.1,633.6,emotional_stability_low4_OLFhKCgexRU.000.mp4,1280,720,29.97,459,emotional_stability,low
360,12012,mouth,570.5,455.4,725.8,538.0,873.2,659.2,1067.3,762.5,emotional_stability_low4_OLFhKCgexRU.000.mp4,1280,720,29.97,459,emotional_stability,low
360,12012,forehead,473.4,180.7,823.0,480.0,751.8,315.9,1188.8,690.0,emotional_stability_low4_OLFhKCgexRU.000.mp4,1280,720,29.97,459,emotional_stability,low
360,12012,chin,480.9,329.0,823.0,589.9,761.1,501.2,1188.8,827.3,emotional_stability_low4_OLFhKCgexRU.000.mp4,1280,720,29.97,459,emotional_stability,low
360,12012,left_cheek,485.8,362.1,581.6,494.6,767.3,542.7,886.9,708.3,emotional_stability_low4_OLFhKCgexRU.000.mp4,1280,720,29.97,459,emotional_stability,low
360,12012,right_cheek,690.3,333.9,800.8,477.9,1022.8,507.3,1161.1,687.3,emotional_stability_low4_OLFhKCgexRU.000.mp4,1280,720,29.97,459,emotional_stability,low
361,12045,left_eye,492.6,259.0,600.1,342.6,775.7,413.7,910.1,518.3,emotional_stability_low4_OLFhKCgexRU.000.mp4,1280,720,29.97,459,emotional_stability,low
361,12045,right_eye,654.3,235.5,777.2,327.0,977.9,384.4,1131.5,498.8,emotional_stability_low4_OLFhKCgexRU.000.mp4,1280,720,29.97,459,emotional_stability,low
361,12045,nose,588.7,306.2,684.0,438.8,895.8,472.8,1014.9,638.5,emotional_stability_low4_OLFhKCgexRU.000.mp4,1280,720,29.97,459,emotional_stability,low
361,12045,mouth,570.9,459.0,725.5,538.4,873.7,663.8,1066.9,763.0,emotional_stability_low4_OLFhKCgexRU.000.mp4,1280,720,29.97,459,emotional_stability,low
361,12045,forehead,474.0,183.0,823.5,481.0,752.5,318.7,1189.3,691.3,emotional_stability_low4_OLFhKCgexRU.000.mp4,1280,720,29.97,459,emotional_stability,low
361,12045,chin,481.9,330.2,823.5,590.3,762.4,502.8,1189.3,827.9,emotional_stability_low4_OLFhKCgexRU.000.mp4,1280,720,29.97,459,emotional_stability,low
361,12045,left_cheek,486.3,364.1,581.8,496.9,767.9,545.1,887.3,711.1,emotional_stability_low4_OLFhKCgexRU.000.mp4,1280,720,29.97,459,emotional_stability,low
361,12045,right_cheek,690.3,336.0,801.2,480.3,1022.9,510.0,1161.5,690.4,emotional_stability_low4_OLFhKCgexRU.000.mp4,1280,720,29.97,459,emotional_stability,low
362,12078,left_eye,492.9,261.2,600.2,344.8,776.1,416.5,910.2,521.0,emotional_stability_low4_OLFhKCgexRU.000.mp4,1280,720,29.97,459,emotional_stability,low
362,12078,right_eye,654.5,238.5,777.5,329.6,978.1,388.1,1131.9,502.1,emotional_stability_low4_OLFhKCgexRU.000.mp4,1280,720,29.97,459,emotional_stability,low
362,12078,nose,588.9,309.0,683.8,441.9,896.2,476.3,1014.7,642.4,emotional_stability_low4_OLFhKCgexRU.000.mp4,1280,720,29.97,459,emotional_stability,low
362,12078,mouth,571.1,462.5,725.5,539.5,873.9,668.1,1066.8,764.3,emotional_stability_low4_OLFhKCgexRU.000.mp4,1280,720,29.97,459,emotional_stability,low
362,12078,forehead,474.2,185.5,823.6,481.8,752.8,321.9,1189.5,692.2,emotional_stability_low4_OLFhKCgexRU.000.mp4,1280,720,29.97,459,emotional_stability,low
362,12078,chin,482.2,331.9,823.6,591.5,762.8,504.8,1189.5,829.4,emotional_stability_low4_OLFhKCgexRU.000.mp4,1280,720,29.97,459,emotional_stability,low
362,12078,left_cheek,486.6,365.8,582.0,498.7,768.2,547.3,887.5,713.4,emotional_stability_low4_OLFhKCgexRU.000.mp4,1280,720,29.97,459,emotional_stability,low
362,12078,right_cheek,690.3,338.5,801.3,482.8,1022.9,513.1,1161.7,693.5,emotional_stability_low4_OLFhKCgexRU.000.mp4,1280,720,29.97,459,emotional_stability,low
363,12112,left_eye,492.8,262.3,600.1,345.9,776.1,417.8,910.2,522.4,emotional_stability_low4_OLFhKCgexRU.000.mp4,1280,720,29.97,459,emotional_stability,low
363,12112,right_eye,654.6,239.3,777.7,330.7,978.3,389.2,1132.2,503.4,emotional_stability_low4_OLFhKCgexRU.000.mp4,1280,720,29.97,459,emotional_stability,low
363,12112,nose,588.9,310.1,683.7,442.9,896.2,477.6,1014.6,643.6,emotional_stability_low4_OLFhKCgexRU.000.mp4,1280,720,29.97,459,emotional_stability,low
363,12112,mouth,571.3,463.9,725.2,541.7,874.1,669.8,1066.5,767.1,emotional_stability_low4_OLFhKCgexRU.000.mp4,1280,720,29.97,459,emotional_stability,low
363,12112,forehead,474.2,186.4,823.5,482.4,752.7,323.0,1189.4,693.0,emotional_stability_low4_OLFhKCgexRU.000.mp4,1280,720,29.97,459,emotional_stability,low
363,12112,chin,482.2,332.4,823.5,593.6,762.8,505.5,1189.4,832.0,emotional_stability_low4_OLFhKCgexRU.000.mp4,1280,720,29.97,459,emotional_stability,low
363,12112,left_cheek,486.6,366.8,582.0,500.1,768.2,548.6,887.5,715.2,emotional_stability_low4_OLFhKCgexRU.000.mp4,1280,720,29.97,459,emotional_stability,low
363,12112,right_cheek,690.3,339.4,801.4,484.1,1022.9,514.3,1161.7,695.2,emotional_stability_low4_OLFhKCgexRU.000.mp4,1280,720,29.97,459,emotional_stability,low
364,12145,left_eye,492.9,262.2,600.2,345.7,776.1,417.7,910.3,522.1,emotional_stability_low4_OLFhKCgexRU.000.mp4,1280,720,29.97,459,emotional_stability,low
364,12145,right_eye,655.2,238.9,778.2,330.7,979.0,388.6,1132.7,503.4,emotional_stability_low4_OLFhKCgexRU.000.mp4,1280,720,29.97,459,emotional_stability,low
364,12145,nose,589.2,309.7,683.8,442.0,896.5,477.1,1014.7,642.5,emotional_stability_low4_OLFhKCgexRU.000.mp4,1280,720,29.97,459,emotional_stability,low
364,12145,mouth,571.3,463.0,725.1,541.8,874.2,668.8,1066.4,767.2,emotional_stability_low4_OLFhKCgexRU.000.mp4,1280,720,29.97,459,emotional_stability,low
364,12145,forehead,474.0,186.4,823.4,482.7,752.5,323.0,1189.3,693.4,emotional_stability_low4_OLFhKCgexRU.000.mp4,1280,720,29.97,459,emotional_stability,low
364,12145,chin,481.9,333.0,823.4,594.3,762.4,506.2,1189.3,832.8,emotional_stability_low4_OLFhKCgexRU.000.mp4,1280,720,29.97,459,emotional_stability,low
364,12145,left_cheek,486.6,366.9,582.2,500.1,768.3,548.6,887.8,715.2,emotional_stability_low4_OLFhKCgexRU.000.mp4,1280,720,29.97,459,emotional_stability,low
364,12145,right_cheek,690.5,339.5,801.5,484.2,1023.1,514.4,1161.9,695.3,emotional_stability_low4_OLFhKCgexRU.000.mp4,1280,720,29.97,459,emotional_stability,low
365,12178,left_eye,492.6,261.4,600.2,345.1,775.7,416.8,910.2,521.3,emotional_stability_low4_OLFhKCgexRU.000.mp4,1280,720,29.97,459,emotional_stability,low
365,12178,right_eye,655.9,237.5,779.0,330.6,979.9,386.8,1133.7,503.3,emotional_stability_low4_OLFhKCgexRU.000.mp4,1280,720,29.97,459,emotional_stability,low
365,12178,nose,589.5,309.3,684.2,441.9,896.9,476.6,1015.3,642.3,emotional_stability_low4_OLFhKCgexRU.000.mp4,1280,720,29.97,459,emotional_stability,low
365,12178,mouth,572.0,462.3,725.1,541.5,875.1,667.8,1066.4,766.9,emotional_stability_low4_OLFhKCgexRU.000.mp4,1280,720,29.97,459,emotional_stability,low
365,12178,forehead,473.3,185.6,823.4,482.7,751.6,322.0,1189.2,693.3,emotional_stability_low4_OLFhKCgexRU.000.mp4,1280,720,29.97,459,emotional_stability,low
365,12178,chin,481.2,332.9,823.4,594.2,761.5,506.1,1189.2,832.8,emotional_stability_low4_OLFhKCgexRU.000.mp4,1280,720,29.97,459,emotional_stability,low
365,12178,left_cheek,486.5,366.8,582.3,499.7,768.2,548.5,887.8,714.7,emotional_stability_low4_OLFhKCgexRU.000.mp4,1280,720,29.97,459,emotional_stability,low
365,12178,right_cheek,691.1,339.3,802.0,483.6,1023.9,514.2,1162.4,694.6,emotional_stability_low4_OLFhKCgexRU.000.mp4,1280,720,29.97,459,emotional_stability,low
366,12212,left_eye,492.1,257.5,600.2,341.8,775.2,411.8,910.2,517.3,emotional_stability_low4_OLFhKCgexRU.000.mp4,1280,720,29.97,459,emotional_stability,low
366,12212,right_eye,656.5,233.4,779.5,327.0,980.6,381.8,1134.4,498.8,emotional_stability_low4_OLFhKCgexRU.000.mp4,1280,720,29.97,459,emotional_stability,low
366,12212,nose,590.0,305.3,685.2,436.6,897.5,471.6,1016.5,635.7,emotional_stability_low4_OLFhKCgexRU.000.mp4,1280,720,29.97,459,emotional_stability,low
366,12212,mouth,572.6,458.6,725.0,541.6,875.8,663.2,1066.3,767.0,emotional_stability_low4_OLFhKCgexRU.000.mp4,1280,720,29.97,459,emotional_stability,low
366,12212,forehead,473.0,182.6,823.5,481.6,751.2,318.3,1189.3,692.0,emotional_stability_low4_OLFhKCgexRU.000.mp4,1280,720,29.97,459,emotional_stability,low
366,12212,chin,480.8,331.3,823.5,594.1,761.0,504.1,1189.3,832.7,emotional_stability_low4_OLFhKCgexRU.000.mp4,1280,720,29.97,459,emotional_stability,low
366,12212,left_cheek,486.5,364.8,582.4,498.6,768.1,546.0,887.9,713.3,emotional_stability_low4_OLFhKCgexRU.000.mp4,1280,720,29.97,459,emotional_stability,low
366,12212,right_cheek,692.0,336.9,802.5,482.3,1025.0,511.1,1163.1,692.9,emotional_stability_low4_OLFhKCgexRU.000.mp4,1280,720,29.97,459,emotional_stability,low
367,12245,left_eye,492.2,254.9,600.6,340.2,775.2,408.6,910.7,515.2,emotional_stability_low4_OLFhKCgexRU.000.mp4,1280,720,29.97,459,emotional_stability,low
367,12245,right_eye,657.0,231.6,779.7,324.9,981.2,379.6,1134.6,496.1,emotional_stability_low4_OLFhKCgexRU.000.mp4,1280,720,29.97,459,emotional_stability,low
367,12245,nose,590.6,302.9,685.7,433.8,898.2,468.6,1017.1,632.3,emotional_stability_low4_OLFhKCgexRU.000.mp4,1280,720,29.97,459,emotional_stability,low
367,12245,mouth,574.0,456.8,725.0,542.8,877.5,661.0,1066.3,768.5,emotional_stability_low4_OLFhKCgexRU.000.mp4,1280,720,29.97,459,emotional_stability,low
367,12245,forehead,473.0,181.3,823.5,479.6,751.3,316.6,1189.4,689.4,emotional_stability_low4_OLFhKCgexRU.000.mp4,1280,720,29.97,459,emotional_stability,low
367,12245,chin,480.9,329.5,823.5,593.8,761.1,501.8,1189.4,832.2,emotional_stability_low4_OLFhKCgexRU.000.mp4,1280,720,29.97,459,emotional_stability,low
367,12245,left_cheek,486.6,363.0,582.8,496.9,768.3,543.7,888.5,711.1,emotional_stability_low4_OLFhKCgexRU.000.mp4,1280,720,29.97,459,emotional_stability,low
367,12245,right_cheek,692.6,334.9,802.8,480.6,1025.7,508.6,1163.5,690.7,emotional_stability_low4_OLFhKCgexRU.000.mp4,1280,720,29.97,459,emotional_stability,low
368,12278,left_eye,492.4,253.2,600.5,338.6,775.5,406.5,910.7,513.2,emotional_stability_low4_OLFhKCgexRU.000.mp4,1280,720,29.97,459,emotional_stability,low
368,12278,right_eye,657.2,230.7,779.8,323.7,981.5,378.4,1134.8,494.6,emotional_stability_low4_OLFhKCgexRU.000.mp4,1280,720,29.97,459,emotional_stability,low
368,12278,nose,590.5,301.9,685.7,432.9,898.2,467.4,1017.1,631.1,emotional_stability_low4_OLFhKCgexRU.000.mp4,1280,720,29.97,459,emotional_stability,low
368,12278,mouth,574.1,456.2,725.0,546.3,877.6,660.3,1066.2,772.9,emotional_stability_low4_OLFhKCgexRU.000.mp4,1280,720,29.97,459,emotional_stability,low
368,12278,forehead,473.6,180.7,823.3,477.0,752.0,315.9,1189.1,686.2,emotional_stability_low4_OLFhKCgexRU.000.mp4,1280,720,29.97,459,emotional_stability,low
368,12278,chin,481.3,328.7,823.3,593.7,761.6,500.9,1189.1,832.2,emotional_stability_low4_OLFhKCgexRU.000.mp4,1280,720,29.97,459,emotional_stability,low
368,12278,left_cheek,486.8,361.1,582.8,495.4,768.5,541.3,888.5,709.2,emotional_stability_low4_OLFhKCgexRU.000.mp4,1280,720,29.97,459,emotional_stability,low
368,12278,right_cheek,692.6,334.2,802.8,480.1,1025.8,507.7,1163.5,690.1,emotional_stability_low4_OLFhKCgexRU.000.mp4,1280,720,29.97,459,emotional_stability,low
369,12312,left_eye,492.6,252.7,600.5,338.3,775.8,405.9,910.6,512.8,emotional_stability_low4_OLFhKCgexRU.000.mp4,1280,720,29.97,459,emotional_stability,low
369,12312,right_eye,657.4,230.6,780.0,323.6,981.7,378.2,1135.0,494.5,emotional_stability_low4_OLFhKCgexRU.000.mp4,1280,720,29.97,459,emotional_stability,low
369,12312,nose,590.5,301.8,685.6,432.8,898.2,467.2,1017.0,631.0,emotional_stability_low4_OLFhKCgexRU.000.mp4,1280,720,29.97,459,emotional_stability,low
369,12312,mouth,574.2,456.2,724.7,549.3,877.8,660.2,1065.8,776.6,emotional_stability_low4_OLFhKCgexRU.000.mp4,1280,720,29.97,459,emotional_stability,low
369,12312,forehead,474.2,180.6,823.3,476.5,752.7,315.8,1189.1,685.6,emotional_stability_low4_OLFhKCgexRU.000.mp4,1280,720,29.97,459,emotional_stability,low
369,12312,chin,481.7,328.7,823.3,594.9,762.2,500.9,1189.1,833.6,emotional_stability_low4_OLFhKCgexRU.000.mp4,1280,720,29.97,459,emotional_stability,low
369,12312,left_cheek,486.9,360.5,582.8,495.2,768.7,540.7,888.5,708.9,emotional_stability_low4_OLFhKCgexRU.000.mp4,1280,720,29.97,459,emotional_stability,low
369,12312,right_cheek,692.6,334.2,802.8,480.1,1025.8,507.7,1163.5,690.2,emotional_stability_low4_OLFhKCgexRU.000.mp4,1280,720,29.97,459,emotional_stability,low
370,12345,left_eye,492.6,252.8,600.5,338.4,775.8,406.1,910.6,513.0,emotional_stability_low4_OLFhKCgexRU.000.mp4,1280,720,29.97,459,emotional_stability,low
370,12345,right_eye,657.4,230.8,780.0,323.6,981.7,378.4,1134.9,494.5,emotional_stability_low4_OLFhKCgexRU.000.mp4,1280,720,29.97,459,emotional_stability,low
370,12345,nose,590.5,301.8,685.1,433.0,898.1,467.3,1016.4,631.2,emotional_stability_low4_OLFhKCgexRU.000.mp4,1280,720,29.97,459,emotional_stability,low
370,12345,mouth,574.2,456.4,723.5,549.7,877.8,660.4,1064.4,777.2,emotional_stability_low4_OLFhKCgexRU.000.mp4,1280,720,29.97,459,emotional_stability,low
370,12345,forehead,474.2,180.8,823.3,476.0,752.7,316.0,1189.1,685.0,emotional_stability_low4_OLFhKCgexRU.000.mp4,1280,720,29.97,459,emotional_stability,low
370,12345,chin,481.8,328.7,823.3,596.3,762.2,500.9,1189.1,835.4,emotional_stability_low4_OLFhKCgexRU.000.mp4,1280,720,29.97,459,emotional_stability,low
370,12345,left_cheek,486.9,360.4,582.8,495.2,768.7,540.5,888.5,708.9,emotional_stability_low4_OLFhKCgexRU.000.mp4,1280,720,29.97,459,emotional_stability,low
370,12345,right_cheek,692.5,334.3,802.8,480.5,1025.7,507.8,1163.5,690.7,emotional_stability_low4_OLFhKCgexRU.000.mp4,1280,720,29.97,459,emotional_stability,low
371,12379,left_eye,492.4,253.0,600.5,338.4,775.6,406.3,910.6,513.0,emotional_stability_low4_OLFhKCgexRU.000.mp4,1280,720,29.97,459,emotional_stability,low
371,12379,right_eye,657.6,230.8,780.1,323.8,982.0,378.5,1135.1,494.8,emotional_stability_low4_OLFhKCgexRU.000.mp4,1280,720,29.97,459,emotional_stability,low
371,12379,nose,590.5,302.2,685.1,433.0,898.1,467.7,1016.4,631.2,emotional_stability_low4_OLFhKCgexRU.000.mp4,1280,720,29.97,459,emotional_stability,low
371,12379,mouth,574.2,456.3,722.7,548.6,877.8,660.4,1063.4,775.8,emotional_stability_low4_OLFhKCgexRU.000.mp4,1280,720,29.97,459,emotional_stability,low
371,12379,forehead,474.0,181.1,823.2,475.5,752.4,316.4,1189.0,684.4,emotional_stability_low4_OLFhKCgexRU.000.mp4,1280,720,29.97,459,emotional_stability,low
371,12379,chin,481.5,328.8,823.2,596.1,761.9,500.9,1189.0,835.2,emotional_stability_low4_OLFhKCgexRU.000.mp4,1280,720,29.97,459,emotional_stability,low
371,12379,left_cheek,486.8,360.2,582.8,495.1,768.5,540.3,888.4,708.9,emotional_stability_low4_OLFhKCgexRU.000.mp4,1280,720,29.97,459,emotional_stability,low
371,12379,right_cheek,692.5,334.4,802.8,480.8,1025.6,508.0,1163.4,691.0,emotional_stability_low4_OLFhKCgexRU.000.mp4,1280,720,29.97,459,emotional_stability,low
372,12412,left_eye,491.8,253.1,600.5,338.4,774.7,406.4,910.6,513.0,emotional_stability_low4_OLFhKCgexRU.000.mp4,1280,720,29.97,459,emotional_stability,low
372,12412,right_eye,657.7,230.7,780.3,323.8,982.1,378.4,1135.4,494.7,emotional_stability_low4_OLFhKCgexRU.000.mp4,1280,720,29.97,459,emotional_stability,low
372,12412,nose,590.5,301.9,684.7,431.8,898.1,467.4,1015.9,629.7,emotional_stability_low4_OLFhKCgexRU.000.mp4,1280,720,29.97,459,emotional_stability,low
372,12412,mouth,574.3,454.6,721.2,533.5,877.9,658.3,1061.5,756.8,emotional_stability_low4_OLFhKCgexRU.000.mp4,1280,720,29.97,459,emotional_stability,low
372,12412,forehead,473.4,180.9,822.9,475.7,751.8,316.1,1188.6,684.6,emotional_stability_low4_OLFhKCgexRU.000.mp4,1280,720,29.97,459,emotional_stability,low
372,12412,chin,480.9,328.7,822.9,587.5,761.1,500.9,1188.6,824.4,emotional_stability_low4_OLFhKCgexRU.000.mp4,1280,720,29.97,459,emotional_stability,low
372,12412,left_cheek,486.6,360.2,582.7,494.6,768.3,540.2,888.4,708.3,emotional_stability_low4_OLFhKCgexRU.000.mp4,1280,720,29.97,459,emotional_stability,low
372,12412,right_cheek,692.5,334.1,802.7,479.8,1025.6,507.7,1163.4,689.7,emotional_stability_low4_OLFhKCgexRU.000.mp4,1280,720,29.97,459,emotional_stability,low
373,12445,left_eye,491.9,253.2,601.1,338.5,774.9,406.5,911.4,513.1,emotional_stability_low4_OLFhKCgexRU.000.mp4,1280,720,29.97,459,emotional_stability,low
373,12445,right_eye,657.8,230.1,780.4,323.5,982.3,377.6,1135.5,494.4,emotional_stability_low4_OLFhKCgexRU.000.mp4,1280,720,29.97,459,emotional_stability,low
373,12445,nose,593.0,301.2,683.9,430.6,901.3,466.5,1014.9,628.2,emotional_stability_low4_OLFhKCgexRU.000.mp4,1280,720,29.97,459,emotional_stability,low
373,12445,mouth,574.3,452.4,721.2,524.8,877.9,655.5,1061.5,746.0,emotional_stability_low4_OLFhKCgexRU.000.mp4,1280,720,29.97,459,emotional_stability,low
373,12445,forehead,473.4,180.5,823.1,475.7,751.8,315.6,1188.9,684.7,emotional_stability_low4_OLFhKCgexRU.000.mp4,1280,720,29.97,459,emotional_stability,low
373,12445,chin,480.6,328.7,823.1,580.4,760.7,500.9,1188.9,815.6,emotional_stability_low4_OLFhKCgexRU.000.mp4,1280,720,29.97,459,emotional_stability,low
373,12445,left_cheek,486.7,360.2,583.5,493.7,768.4,540.3,889.4,707.1,emotional_stability_low4_OLFhKCgexRU.000.mp4,1280,720,29.97,459,emotional_stability,low
373,12445,right_cheek,692.5,333.8,802.9,478.0,1025.6,507.3,1163.6,687.5,emotional_stability_low4_OLFhKCgexRU.000.mp4,1280,720,29.97,459,emotional_stability,low
374,12479,left_eye,491.9,254.1,601.1,340.1,774.9,407.6,911.4,515.2,emotional_stability_low4_OLFhKCgexRU.000.mp4,1280,720,29.97,459,emotional_stability,low
374,12479,right_eye,658.0,230.2,780.4,324.5,982.5,377.7,1135.5,495.7,emotional_stability_low4_OLFhKCgexRU.000.mp4,1280,720,29.97,459,emotional_stability,low
374,12479,nose,595.3,301.3,683.4,430.8,904.2,466.6,1014.3,628.5,emotional_stability_low4_OLFhKCgexRU.000.mp4,1280,720,29.97,459,emotional_stability,low
374,12479,mouth,578.9,451.6,720.2,528.4,883.7,654.5,1060.2,750.5,emotional_stability_low4_OLFhKCgexRU.000.mp4,1280,720,29.97,459,emotional_stability,low
374,12479,forehead,473.4,180.6,823.1,481.1,751.8,315.8,1188.9,691.4,emotional_stability_low4_OLFhKCgexRU.000.mp4,1280,720,29.97,459,emotional_stability,low
374,12479,chin,480.6,330.6,823.1,581.7,760.7,503.2,1188.9,817.1,emotional_stability_low4_OLFhKCgexRU.000.mp4,1280,720,29.97,459,emotional_stability,low
374,12479,left_cheek,487.2,363.0,584.6,495.7,769.0,543.7,890.7,709.6,emotional_stability_low4_OLFhKCgexRU.000.mp4,1280,720,29.97,459,emotional_stability,low
374,12479,right_cheek,692.4,334.5,802.7,478.3,1025.5,508.1,1163.3,687.9,emotional_stability_low4_OLFhKCgexRU.000.mp4,1280,720,29.97,459,emotional_stability,low
375,12512,left_eye,493.4,255.0,601.6,342.6,776.8,408.8,912.0,518.2,emotional_stability_low4_OLFhKCgexRU.000.mp4,1280,720,29.97,459,emotional_stability,low
375,12512,right_eye,658.4,230.2,780.4,324.6,982.9,377.8,1135.5,495.7,emotional_stability_low4_OLFhKCgexRU.000.mp4,1280,720,29.97,459,emotional_stability,low
375,12512,nose,599.5,301.6,683.5,431.0,909.4,467.0,1014.3,628.7,emotional_stability_low4_OLFhKCgexRU.000.mp4,1280,720,29.97,459,emotional_stability,low
375,12512,mouth,586.1,451.2,719.6,533.5,892.7,654.0,1059.4,756.8,emotional_stability_low4_OLFhKCgexRU.000.mp4,1280,720,29.97,459,emotional_stability,low
375,12512,forehead,475.5,181.1,825.1,488.1,754.3,316.4,1191.3,700.1,emotional_stability_low4_OLFhKCgexRU.000.mp4,1280,720,29.97,459,emotional_stability,low
375,12512,chin,482.0,331.1,825.1,585.2,762.6,503.8,1191.3,821.5,emotional_stability_low4_OLFhKCgexRU.000.mp4,1280,720,29.97,459,emotional_stability,low
375,12512,left_cheek,489.3,365.8,587.1,500.8,771.7,547.3,893.9,716.0,emotional_stability_low4_OLFhKCgexRU.000.mp4,1280,720,29.97,459,emotional_stability,low
375,12512,right_cheek,692.4,334.5,802.8,479.6,1025.5,508.2,1163.5,689.5,emotional_stability_low4_OLFhKCgexRU.000.mp4,1280,720,29.97,459,emotional_stability,low
376,12545,left_eye,493.3,257.2,601.0,344.1,776.6,411.5,911.3,520.1,emotional_stability_low4_OLFhKCgexRU.000.mp4,1280,720,29.97,459,emotional_stability,low
376,12545,right_eye,658.3,230.3,780.0,323.7,982.9,377.9,1135.0,494.6,emotional_stability_low4_OLFhKCgexRU.000.mp4,1280,720,29.97,459,emotional_stability,low
376,12545,nose,601.1,302.5,684.6,432.4,911.4,468.1,1015.8,630.5,emotional_stability_low4_OLFhKCgexRU.000.mp4,1280,720,29.97,459,emotional_stability,low
376,12545,mouth,592.8,456.2,719.0,541.7,901.0,660.3,1058.7,767.1,emotional_stability_low4_OLFhKCgexRU.000.mp4,1280,720,29.97,459,emotional_stability,low
376,12545,forehead,475.4,181.2,826.5,492.9,754.3,316.5,1193.1,706.1,emotional_stability_low4_OLFhKCgexRU.000.mp4,1280,720,29.97,459,emotional_stability,low
376,12545,chin,482.5,331.0,826.5,590.4,763.2,503.7,1193.1,828.0,emotional_stability_low4_OLFhKCgexRU.000.mp4,1280,720,29.97,459,emotional_stability,low
376,12545,left_cheek,489.4,368.9,587.9,507.3,771.8,551.1,894.9,724.2,emotional_stability_low4_OLFhKCgexRU.000.mp4,1280,720,29.97,459,emotional_stability,low
376,12545,right_cheek,693.0,334.4,803.6,482.0,1026.3,508.0,1164.5,692.5,emotional_stability_low4_OLFhKCgexRU.000.mp4,1280,720,29.97,459,emotional_stability,low
377,12579,left_eye,490.6,255.9,598.6,342.4,773.2,409.8,908.2,518.0,emotional_stability_low4_OLFhKCgexRU.000.mp4,1280,720,29.97,459,emotional_stability,low
377,12579,right_eye,654.9,226.3,777.0,317.6,978.6,372.9,1131.3,487.0,emotional_stability_low4_OLFhKCgexRU.000.mp4,1280,720,29.97,459,emotional_stability,low
377,12579,nose,599.8,299.4,685.6,430.0,909.8,464.3,1017.0,627.5,emotional_stability_low4_OLFhKCgexRU.000.mp4,1280,720,29.97,459,emotional_stability,low
377,12579,mouth,596.6,456.9,719.1,540.5,905.7,661.1,1058.9,765.6,emotional_stability_low4_OLFhKCgexRU.000.mp4,1280,720,29.97,459,emotional_stability,low
377,12579,forehead,472.8,177.6,827.1,490.7,750.9,312.0,1193.9,703.4,emotional_stability_low4_OLFhKCgexRU.000.mp4,1280,720,29.97,459,emotional_stability,low
377,12579,chin,481.4,322.3,827.1,589.7,761.7,492.9,1193.9,827.1,emotional_stability_low4_OLFhKCgexRU.000.mp4,1280,720,29.97,459,emotional_stability,low
377,12579,left_cheek,487.9,368.4,587.8,506.0,769.8,550.5,894.7,722.6,emotional_stability_low4_OLFhKCgexRU.000.mp4,1280,720,29.97,459,emotional_stability,low
377,12579,right_cheek,693.3,326.9,804.7,478.7,1026.6,498.6,1165.9,688.4,emotional_stability_low4_OLFhKCgexRU.000.mp4,1280,720,29.97,459,emotional_stability,low
378,12612,left_eye,489.4,250.0,598.6,337.4,771.8,402.5,908.3,511.8,emotional_stability_low4_OLFhKCgexRU.000.mp4,1280,720,29.97,459,emotional_stability,low
378,12612,right_eye,653.7,218.2,774.4,310.1,977.1,362.8,1128.0,477.6,emotional_stability_low4_OLFhKCgexRU.000.mp4,1280,720,29.97,459,emotional_stability,low
378,12612,nose,601.7,290.8,686.9,419.8,912.1,453.5,1018.6,614.8,emotional_stability_low4_OLFhKCgexRU.000.mp4,1280,720,29.97,459,emotional_stability,low
378,12612,mouth,604.6,452.6,719.3,530.1,915.7,655.8,1059.1,752.6,emotional_stability_low4_OLFhKCgexRU.000.mp4,1280,720,29.97,459,emotional_stability,low
378,12612,forehead,472.4,168.9,826.9,489.2,750.5,301.2,1193.6,701.5,emotional_stability_low4_OLFhKCgexRU.000.mp4,1280,720,29.97,459,emotional_stability,low
378,12612,chin,481.9,314.1,826.9,582.0,762.3,482.6,1193.6,817.4,emotional_stability_low4_OLFhKCgexRU.000.mp4,1280,720,29.97,459,emotional_stability,low
378,12612,left_cheek,488.2,363.0,588.1,504.0,770.3,543.7,895.2,720.0,emotional_stability_low4_OLFhKCgexRU.000.mp4,1280,720,29.97,459,emotional_stability,low
378,12612,right_cheek,693.7,317.2,805.6,469.0,1027.1,486.5,1167.0,676.3,emotional_stability_low4_OLFhKCgexRU.000.mp4,1280,720,29.97,459,emotional_stability,low
379,12645,left_eye,487.8,247.2,598.9,336.0,769.7,399.0,908.6,510.0,emotional_stability_low4_OLFhKCgexRU.000.mp4,1280,720,29.97,459,emotional_stability,low
379,12645,right_eye,651.4,211.6,772.5,306.4,974.2,354.5,1125.6,473.0,emotional_stability_low4_OLFhKCgexRU.000.mp4,1280,720,29.97,459,emotional_stability,low
379,12645,nose,603.6,286.8,687.8,416.5,914.5,448.5,1019.8,610.7,emotional_stability_low4_OLFhKCgexRU.000.mp4,1280,720,29.97,459,emotional_stability,low
379,12645,mouth,608.6,448.2,719.6,525.0,920.8,650.3,1059.6,746.3,emotional_stability_low4_OLFhKCgexRU.000.mp4,1280,720,29.97,459,emotional_stability,low
379,12645,forehead,472.2,163.5,828.9,489.3,750.3,294.3,1196.1,701.6,emotional_stability_low4_OLFhKCgexRU.000.mp4,1280,720,29.97,459,emotional_stability,low
379,12645,chin,482.9,309.0,828.9,578.9,763.6,476.3,1196.1,813.7,emotional_stability_low4_OLFhKCgexRU.000.mp4,1280,720,29.97,459,emotional_stability,low
379,12645,left_cheek,488.6,360.9,588.8,503.5,770.8,541.2,896.0,719.4,emotional_stability_low4_OLFhKCgexRU.000.mp4,1280,720,29.97,459,emotional_stability,low
379,12645,right_cheek,694.0,311.7,807.4,464.1,1027.5,479.6,1169.3,670.1,emotional_stability_low4_OLFhKCgexRU.000.mp4,1280,720,29.97,459,emotional_stability,low
380,12679,left_eye,486.6,244.4,599.2,334.4,768.3,395.5,909.0,508.1,emotional_stability_low4_OLFhKCgexRU.000.mp4,1280,720,29.97,459,emotional_stability,low
380,12679,right_eye,649.5,206.8,771.4,303.2,971.9,348.5,1124.2,469.0,emotional_stability_low4_OLFhKCgexRU.000.mp4,1280,720,29.97,459,emotional_stability,low
380,12679,nose,603.8,283.7,689.2,412.9,914.8,444.6,1021.5,606.1,emotional_stability_low4_OLFhKCgexRU.000.mp4,1280,720,29.97,459,emotional_stability,low
380,12679,mouth,608.9,442.6,722.2,523.4,921.1,643.2,1062.7,744.2,emotional_stability_low4_OLFhKCgexRU.000.mp4,1280,720,29.97,459,emotional_stability,low
380,12679,forehead,471.5,159.7,831.9,489.4,749.4,289.6,1199.9,701.7,emotional_stability_low4_OLFhKCgexRU.000.mp4,1280,720,29.97,459,emotional_stability,low
380,12679,chin,483.8,303.9,831.9,577.0,764.7,469.9,1199.9,811.2,emotional_stability_low4_OLFhKCgexRU.000.mp4,1280,720,29.97,459,emotional_stability,low
380,12679,left_cheek,489.1,359.1,589.1,502.3,771.4,538.8,896.3,717.8,emotional_stability_low4_OLFhKCgexRU.000.mp4,1280,720,29.97,459,emotional_stability,low
380,12679,right_cheek,694.5,306.5,809.9,459.3,1028.2,473.1,1172.4,664.2,emotional_stability_low4_OLFhKCgexRU.000.mp4,1280,720,29.97,459,emotional_stability,low
381,12712,left_eye,484.4,243.9,598.5,333.9,765.5,394.8,908.1,507.3,emotional_stability_low4_OLFhKCgexRU.000.mp4,1280,720,29.97,459,emotional_stability,low
381,12712,right_eye,646.1,205.5,767.4,302.4,967.6,346.9,1119.3,467.9,emotional_stability_low4_OLFhKCgexRU.000.mp4,1280,720,29.97,459,emotional_stability,low
381,12712,nose,603.3,282.9,689.1,411.1,914.1,443.6,1021.4,603.8,emotional_stability_low4_OLFhKCgexRU.000.mp4,1280,720,29.97,459,emotional_stability,low
381,12712,mouth,609.8,439.5,722.0,524.4,922.2,639.4,1062.5,745.6,emotional_stability_low4_OLFhKCgexRU.000.mp4,1280,720,29.97,459,emotional_stability,low
381,12712,forehead,469.5,159.2,831.0,490.8,746.8,289.0,1198.7,703.4,emotional_stability_low4_OLFhKCgexRU.000.mp4,1280,720,29.97,459,emotional_stability,low
381,12712,chin,483.7,303.2,831.0,577.7,764.7,469.0,1198.7,812.1,emotional_stability_low4_OLFhKCgexRU.000.mp4,1280,720,29.97,459,emotional_stability,low
381,12712,left_cheek,489.1,358.3,588.9,501.9,771.4,537.8,896.1,717.4,emotional_stability_low4_OLFhKCgexRU.000.mp4,1280,720,29.97,459,emotional_stability,low
381,12712,right_cheek,693.9,304.6,809.1,457.3,1027.4,470.8,1171.4,661.6,emotional_stability_low4_OLFhKCgexRU.000.mp4,1280,720,29.97,459,emotional_stability,low
382,12746,left_eye,484.0,244.1,598.1,334.0,765.0,395.2,907.7,507.5,emotional_stability_low4_OLFhKCgexRU.000.mp4,1280,720,29.97,459,emotional_stability,low
382,12746,right_eye,644.9,205.7,766.7,303.1,966.1,347.2,1118.3,468.9,emotional_stability_low4_OLFhKCgexRU.000.mp4,1280,720,29.97,459,emotional_stability,low
382,12746,nose,602.7,283.5,687.8,410.9,913.4,444.4,1019.8,603.7,emotional_stability_low4_OLFhKCgexRU.000.mp4,1280,720,29.97,459,emotional_stability,low
382,12746,mouth,606.9,438.3,721.9,525.3,918.6,637.9,1062.4,746.7,emotional_stability_low4_OLFhKCgexRU.000.mp4,1280,720,29.97,459,emotional_stability,low
382,12746,forehead,469.5,160.5,830.7,491.0,746.9,290.7,1198.4,703.8,emotional_stability_low4_OLFhKCgexRU.000.mp4,1280,720,29.97,459,emotional_stability,low
382,12746,chin,484.5,304.9,830.7,578.5,765.6,471.2,1198.4,813.1,emotional_stability_low4_OLFhKCgexRU.000.mp4,1280,720,29.97,459,emotional_stability,low
382,12746,left_cheek,489.1,358.1,588.5,501.4,771.4,537.6,895.6,716.7,emotional_stability_low4_OLFhKCgexRU.000.mp4,1280,720,29.97,459,emotional_stability,low
382,12746,right_cheek,692.9,306.0,808.4,458.7,1026.2,472.6,1170.5,663.4,emotional_stability_low4_OLFhKCgexRU.000.mp4,1280,720,29.97,459,emotional_stability,low
383,12779,left_eye,483.6,245.3,597.7,334.3,764.5,396.6,907.2,507.9,emotional_stability_low4_OLFhKCgexRU.000.mp4,1280,720,29.97,459,emotional_stability,low
383,12779,right_eye,644.2,207.7,766.1,304.3,965.2,349.6,1117.7,470.4,emotional_stability_low4_OLFhKCgexRU.000.mp4,1280,720,29.97,459,emotional_stability,low
383,12779,nose,601.8,284.9,685.9,412.0,912.2,446.2,1017.4,605.0,emotional_stability_low4_OLFhKCgexRU.000.mp4,1280,720,29.97,459,emotional_stability,low
383,12779,mouth,605.0,438.5,721.7,533.4,916.3,638.2,1062.1,756.8,emotional_stability_low4_OLFhKCgexRU.000.mp4,1280,720,29.97,459,emotional_stability,low
383,12779,forehead,469.6,162.4,830.3,490.7,747.0,292.9,1197.9,703.3,emotional_stability_low4_OLFhKCgexRU.000.mp4,1280,720,29.97,459,emotional_stability,low
383,12779,chin,484.5,305.6,830.3,581.3,765.6,472.0,1197.9,816.6,emotional_stability_low4_OLFhKCgexRU.000.mp4,1280,720,29.97,459,emotional_stability,low
383,12779,left_cheek,489.1,358.4,587.1,501.2,771.3,538.0,893.8,716.5,emotional_stability_low4_OLFhKCgexRU.000.mp4,1280,720,29.97,459,emotional_stability,low
383,12779,right_cheek,691.6,307.4,808.1,460.3,1024.5,474.3,1170.1,665.4,emotional_stability_low4_OLFhKCgexRU.000.mp4,1280,720,29.97,459,emotional_stability,low
384,12812,left_eye,483.3,246.0,597.4,334.4,764.1,397.5,906.7,508.1,emotional_stability_low4_OLFhKCgexRU.000.mp4,1280,720,29.97,459,emotional_stability,low
384,12812,right_eye,644.5,208.9,766.9,305.2,965.7,351.2,1118.7,471.6,emotional_stability_low4_OLFhKCgexRU.000.mp4,1280,720,29.97,459,emotional_stability,low
384,12812,nose,600.1,285.9,684.1,412.4,910.1,447.3,1015.1,605.5,emotional_stability_low4_OLFhKCgexRU.000.mp4,1280,720,29.97,459,emotional_stability,low
384,12812,mouth,603.2,437.6,721.9,537.8,914.0,636.9,1062.4,762.3,emotional_stability_low4_OLFhKCgexRU.000.mp4,1280,720,29.97,459,emotional_stability,low
384,12812,forehead,469.6,163.6,830.5,490.5,747.0,294.5,1198.1,703.1,emotional_stability_low4_OLFhKCgexRU.000.mp4,1280,720,29.97,459,emotional_stability,low
384,12812,chin,484.4,307.0,830.5,584.5,765.5,473.7,1198.1,820.6,emotional_stability_low4_OLFhKCgexRU.000.mp4,1280,720,29.97,459,emotional_stability,low
384,12812,left_cheek,488.5,358.6,585.6,501.1,770.6,538.3,892.0,716.3,emotional_stability_low4_OLFhKCgexRU.000.mp4,1280,720,29.97,459,emotional_stability,low
384,12812,right_cheek,690.9,308.9,807.9,461.5,1023.6,476.1,1169.8,666.8,emotional_stability_low4_OLFhKCgexRU.000.mp4,1280,720,29.97,459,emotional_stability,low
385,12846,left_eye,483.4,246.4,597.2,334.5,764.3,398.0,906.5,508.1,emotional_stability_low4_OLFhKCgexRU.000.mp4,1280,720,29.97,459,emotional_stability,low
385,12846,right_eye,645.0,210.0,767.6,305.9,966.2,352.5,1119.5,472.3,emotional_stability_low4_OLFhKCgexRU.000.mp4,1280,720,29.97,459,emotional_stability,low
385,12846,nose,598.1,286.5,683.1,412.9,907.6,448.1,1013.9,606.2,emotional_stability_low4_OLFhKCgexRU.000.mp4,1280,720,29.97,459,emotional_stability,low
385,12846,mouth,600.2,437.7,723.2,539.6,910.2,637.1,1064.0,764.5,emotional_stability_low4_OLFhKCgexRU.000.mp4,1280,720,29.97,459,emotional_stability,low
385,12846,forehead,469.6,164.2,831.1,490.3,747.0,295.3,1198.8,702.9,emotional_stability_low4_OLFhKCgexRU.000.mp4,1280,720,29.97,459,emotional_stability,low
385,12846,chin,483.8,308.0,831.1,586.3,764.8,474.9,1198.8,822.8,emotional_stability_low4_OLFhKCgexRU.000.mp4,1280,720,29.97,459,emotional_stability,low
385,12846,left_cheek,487.6,358.8,584.4,501.0,769.5,538.5,890.5,716.3,emotional_stability_low4_OLFhKCgexRU.000.mp4,1280,720,29.97,459,emotional_stability,low
385,12846,right_cheek,690.7,309.9,807.7,462.2,1023.3,477.4,1169.6,667.8,emotional_stability_low4_OLFhKCgexRU.000.mp4,1280,720,29.97,459,emotional_stability,low
386,12879,left_eye,483.7,248.2,597.2,336.0,764.6,400.2,906.5,509.9,emotional_stability_low4_OLFhKCgexRU.000.mp4,1280,720,29.97,459,emotional_stability,low
386,12879,right_eye,645.4,210.9,767.9,307.0,966.8,353.6,1119.9,473.8,emotional_stability_low4_OLFhKCgexRU.000.mp4,1280,720,29.97,459,emotional_stability,low
386,12879,nose,597.4,287.4,683.3,413.1,906.7,449.3,1014.1,606.4,emotional_stability_low4_OLFhKCgexRU.000.mp4,1280,720,29.97,459,emotional_stability,low
386,12879,mouth,597.5,438.7,726.2,541.1,906.9,638.4,1067.7,766.3,emotional_stability_low4_OLFhKCgexRU.000.mp4,1280,720,29.97,459,emotional_stability,low
386,12879,forehead,469.4,164.6,830.9,490.4,746.8,295.7,1198.6,702.9,emotional_stability_low4_OLFhKCgexRU.000.mp4,1280,720,29.97,459,emotional_stability,low
386,12879,chin,483.7,308.5,830.9,587.4,764.7,475.7,1198.6,824.2,emotional_stability_low4_OLFhKCgexRU.000.mp4,1280,720,29.97,459,emotional_stability,low
386,12879,left_cheek,487.3,359.6,584.2,501.1,769.1,539.5,890.2,716.4,emotional_stability_low4_OLFhKCgexRU.000.mp4,1280,720,29.97,459,emotional_stability,low
386,12879,right_cheek,690.7,310.6,807.6,462.5,1023.4,478.2,1169.5,668.1,emotional_stability_low4_OLFhKCgexRU.000.mp4,1280,720,29.97,459,emotional_stability,low
387,12912,left_eye,483.7,250.5,597.2,338.0,764.7,403.2,906.5,512.5,emotional_stability_low4_OLFhKCgexRU.000.mp4,1280,720,29.97,459,emotional_stability,low
387,12912,right_eye,645.4,213.5,768.1,309.4,966.7,356.9,1120.1,476.8,emotional_stability_low4_OLFhKCgexRU.000.mp4,1280,720,29.97,459,emotional_stability,low
387,12912,nose,595.5,290.0,683.3,417.2,904.4,452.4,1014.2,611.5,emotional_stability_low4_OLFhKCgexRU.000.mp4,1280,720,29.97,459,emotional_stability,low
387,12912,mouth,594.6,439.7,729.1,544.0,903.2,639.6,1071.3,770.0,emotional_stability_low4_OLFhKCgexRU.000.mp4,1280,720,29.97,459,emotional_stability,low
387,12912,forehead,468.7,165.8,830.8,490.3,745.8,297.2,1198.5,702.9,emotional_stability_low4_OLFhKCgexRU.000.mp4,1280,720,29.97,459,emotional_stability,low
387,12912,chin,483.4,308.9,830.8,589.1,764.2,476.1,1198.5,826.3,emotional_stability_low4_OLFhKCgexRU.000.mp4,1280,720,29.97,459,emotional_stability,low
387,12912,left_cheek,486.5,361.6,583.4,501.8,768.1,542.0,889.3,717.3,emotional_stability_low4_OLFhKCgexRU.000.mp4,1280,720,29.97,459,emotional_stability,low
387,12912,right_cheek,690.7,310.7,807.5,462.9,1023.4,478.4,1169.4,668.6,emotional_stability_low4_OLFhKCgexRU.000.mp4,1280,720,29.97,459,emotional_stability,low
388,12946,left_eye,484.2,254.3,597.7,340.9,765.2,407.9,907.1,516.2,emotional_stability_low4_OLFhKCgexRU.000.mp4,1280,720,29.97,459,emotional_stability,low
388,12946,right_eye,645.6,217.7,768.2,313.4,967.0,362.2,1120.3,481.8,emotional_stability_low4_OLFhKCgexRU.000.mp4,1280,720,29.97,459,emotional_stability,low
388,12946,nose,595.5,294.4,684.4,422.9,904.4,457.9,1015.5,618.7,emotional_stability_low4_OLFhKCgexRU.000.mp4,1280,720,29.97,459,emotional_stability,low
388,12946,mouth,593.8,443.9,731.8,545.6,902.3,644.8,1074.8,772.0,emotional_stability_low4_OLFhKCgexRU.000.mp4,1280,720,29.97,459,emotional_stability,low
388,12946,forehead,468.7,168.8,830.7,491.1,745.9,301.0,1198.4,703.8,emotional_stability_low4_OLFhKCgexRU.000.mp4,1280,720,29.97,459,emotional_stability,low
388,12946,chin,483.5,309.7,830.7,591.1,764.4,477.1,1198.4,828.9,emotional_stability_low4_OLFhKCgexRU.000.mp4,1280,720,29.97,459,emotional_stability,low
388,12946,left_cheek,486.5,365.0,583.5,504.3,768.1,546.3,889.3,720.3,emotional_stability_low4_OLFhKCgexRU.000.mp4,1280,720,29.97,459,emotional_stability,low
388,12946,right_cheek,691.1,313.8,807.7,466.1,1023.8,482.2,1169.7,672.6,emotional_stability_low4_OLFhKCgexRU.000.mp4,1280,720,29.97,459,emotional_stability,low
389,12979,left_eye,485.6,258.6,598.0,344.8,767.0,413.3,907.5,521.0,emotional_stability_low4_OLFhKCgexRU.000.mp4,1280,720,29.97,459,emotional_stability,low
389,12979,right_eye,645.7,222.7,768.4,318.1,967.2,368.4,1120.5,487.6,emotional_stability_low4_OLFhKCgexRU.000.mp4,1280,720,29.97,459,emotional_stability,low
389,12979,nose,595.6,299.6,685.3,428.6,904.5,464.5,1016.6,625.8,emotional_stability_low4_OLFhKCgexRU.000.mp4,1280,720,29.97,459,emotional_stability,low
389,12979,mouth,593.4,449.5,731.6,547.0,901.7,651.9,1074.5,773.7,emotional_stability_low4_OLFhKCgexRU.000.mp4,1280,720,29.97,459,emotional_stability,low
389,12979,forehead,469.1,172.8,830.8,493.7,746.3,306.0,1198.5,707.2,emotional_stability_low4_OLFhKCgexRU.000.mp4,1280,720,29.97,459,emotional_stability,low
389,12979,chin,484.1,313.4,830.8,593.6,765.1,481.8,1198.5,832.0,emotional_stability_low4_OLFhKCgexRU.000.mp4,1280,720,29.97,459,emotional_stability,low
389,12979,left_cheek,486.8,369.2,583.7,507.7,768.5,551.5,889.6,724.7,emotional_stability_low4_OLFhKCgexRU.000.mp4,1280,720,29.97,459,emotional_stability,low
389,12979,right_cheek,691.4,318.9,807.9,471.1,1024.3,488.6,1169.9,678.9,emotional_stability_low4_OLFhKCgexRU.000.mp4,1280,720,29.97,459,emotional_stability,low
390,13013,left_eye,487.9,263.8,598.6,350.6,769.9,419.8,908.3,528.2,emotional_stability_low4_OLFhKCgexRU.000.mp4,1280,720,29.97,459,emotional_stability,low
390,13013,right_eye,645.8,229.7,768.4,324.0,967.2,377.2,1120.6,495.0,emotional_stability_low4_OLFhKCgexRU.000.mp4,1280,720,29.97,459,emotional_stability,low
390,13013,nose,596.5,305.0,686.0,434.6,905.6,471.2,1017.5,633.3,emotional_stability_low4_OLFhKCgexRU.000.mp4,1280,720,29.97,459,emotional_stability,low
390,13013,mouth,593.6,454.6,731.3,549.5,902.0,658.2,1074.1,776.8,emotional_stability_low4_OLFhKCgexRU.000.mp4,1280,720,29.97,459,emotional_stability,low
390,13013,forehead,471.4,177.7,831.0,498.8,749.2,312.2,1198.7,713.5,emotional_stability_low4_OLFhKCgexRU.000.mp4,1280,720,29.97,459,emotional_stability,low
390,13013,chin,486.2,320.1,831.0,596.3,767.8,490.1,1198.7,835.3,emotional_stability_low4_OLFhKCgexRU.000.mp4,1280,720,29.97,459,emotional_stability,low
390,13013,left_cheek,488.7,374.8,585.0,512.8,770.8,558.5,891.2,731.0,emotional_stability_low4_OLFhKCgexRU.000.mp4,1280,720,29.97,459,emotional_stability,low
390,13013,right_cheek,691.9,325.6,807.9,477.6,1024.9,497.0,1169.9,687.0,emotional_stability_low4_OLFhKCgexRU.000.mp4,1280,720,29.97,459,emotional_stability,low
391,13046,left_eye,488.7,267.8,598.7,353.4,770.9,424.7,908.4,531.7,emotional_stability_low4_OLFhKCgexRU.000.mp4,1280,720,29.97,459,emotional_stability,low
391,13046,right_eye,645.8,232.7,767.7,326.8,967.3,380.9,1119.6,498.5,emotional_stability_low4_OLFhKCgexRU.000.mp4,1280,720,29.97,459,emotional_stability,low
391,13046,nose,597.2,308.0,686.0,437.7,906.5,474.9,1017.5,637.1,emotional_stability_low4_OLFhKCgexRU.000.mp4,1280,720,29.97,459,emotional_stability,low
391,13046,mouth,594.5,457.6,729.5,549.6,903.1,662.0,1071.9,777.0,emotional_stability_low4_OLFhKCgexRU.000.mp4,1280,720,29.97,459,emotional_stability,low
391,13046,forehead,472.6,180.6,830.8,500.9,750.8,315.8,1198.5,716.1,emotional_stability_low4_OLFhKCgexRU.000.mp4,1280,720,29.97,459,emotional_stability,low
391,13046,chin,487.1,322.5,830.8,596.7,768.9,493.1,1198.5,835.9,emotional_stability_low4_OLFhKCgexRU.000.mp4,1280,720,29.97,459,emotional_stability,low
391,13046,left_cheek,489.5,377.4,585.6,514.8,771.9,561.7,892.0,733.5,emotional_stability_low4_OLFhKCgexRU.000.mp4,1280,720,29.97,459,emotional_stability,low
391,13046,right_cheek,691.8,328.4,807.5,479.9,1024.7,500.4,1169.3,689.9,emotional_stability_low4_OLFhKCgexRU.000.mp4,1280,720,29.97,459,emotional_stability,low
392,13079,left_eye,489.1,269.1,599.0,354.4,771.3,426.4,908.7,533.0,emotional_stability_low4_OLFhKCgexRU.000.mp4,1280,720,29.97,459,emotional_stability,low
392,13079,right_eye,645.9,233.8,767.3,328.0,967.4,382.3,1119.1,500.0,emotional_stability_low4_OLFhKCgexRU.000.mp4,1280,720,29.97,459,emotional_stability,low
392,13079,nose,598.6,308.9,686.1,438.6,908.2,476.1,1017.6,638.3,emotional_stability_low4_OLFhKCgexRU.000.mp4,1280,720,29.97,459,emotional_stability,low
392,13079,mouth,597.2,459.2,727.2,548.4,906.5,664.0,1069.0,775.5,emotional_stability_low4_OLFhKCgexRU.000.mp4,1280,720,29.97,459,emotional_stability,low
392,13079,forehead,473.1,181.8,830.4,502.2,751.4,317.2,1198.0,717.8,emotional_stability_low4_OLFhKCgexRU.000.mp4,1280,720,29.97,459,emotional_stability,low
392,13079,chin,487.3,323.8,830.4,595.8,769.1,494.7,1198.0,834.8,emotional_stability_low4_OLFhKCgexRU.000.mp4,1280,720,29.97,459,emotional_stability,low
392,13079,left_cheek,490.2,378.4,586.4,515.6,772.7,563.0,893.0,734.5,emotional_stability_low4_OLFhKCgexRU.000.mp4,1280,720,29.97,459,emotional_stability,low
392,13079,right_cheek,691.8,329.5,807.1,480.8,1024.7,501.9,1168.9,691.0,emotional_stability_low4_OLFhKCgexRU.000.mp4,1280,720,29.97,459,emotional_stability,low
393,13113,left_eye,489.8,269.4,599.3,354.7,772.3,426.8,909.2,533.4,emotional_stability_low4_OLFhKCgexRU.000.mp4,1280,720,29.97,459,emotional_stability,low
393,13113,right_eye,645.9,234.0,767.3,328.3,967.4,382.5,1119.1,500.3,emotional_stability_low4_OLFhKCgexRU.000.mp4,1280,720,29.97,459,emotional_stability,low
393,13113,nose,600.0,308.9,686.2,438.6,910.0,476.1,1017.8,638.2,emotional_stability_low4_OLFhKCgexRU.000.mp4,1280,720,29.97,459,emotional_stability,low
393,13113,mouth,600.0,461.5,725.3,547.8,910.0,666.9,1066.6,774.7,emotional_stability_low4_OLFhKCgexRU.000.mp4,1280,720,29.97,459,emotional_stability,low
393,13113,forehead,473.7,181.7,830.4,503.1,752.2,317.1,1198.0,718.9,emotional_stability_low4_OLFhKCgexRU.000.mp4,1280,720,29.97,459,emotional_stability,low
393,13113,chin,488.4,324.8,830.4,595.3,770.5,496.0,1198.0,834.1,emotional_stability_low4_OLFhKCgexRU.000.mp4,1280,720,29.97,459,emotional_stability,low
393,13113,left_cheek,491.2,378.9,587.3,516.3,774.0,563.7,894.1,735.4,emotional_stability_low4_OLFhKCgexRU.000.mp4,1280,720,29.97,459,emotional_stability,low
393,13113,right_cheek,691.8,330.4,807.1,482.0,1024.7,502.9,1168.9,692.5,emotional_stability_low4_OLFhKCgexRU.000.mp4,1280,720,29.97,459,emotional_stability,low
394,13146,left_eye,491.1,268.9,601.1,354.7,773.9,426.1,911.3,533.4,emotional_stability_low4_OLFhKCgexRU.000.mp4,1280,720,29.97,459,emotional_stability,low
394,13146,right_eye,647.1,233.7,768.5,328.0,968.9,382.1,1120.7,500.0,emotional_stability_low4_OLFhKCgexRU.000.mp4,1280,720,29.97,459,emotional_stability,low
394,13146,nose,600.9,308.8,689.8,439.3,911.1,476.0,1022.2,639.1,emotional_stability_low4_OLFhKCgexRU.000.mp4,1280,720,29.97,459,emotional_stability,low
394,13146,mouth,601.3,464.3,725.8,547.4,911.6,670.4,1067.3,774.2,emotional_stability_low4_OLFhKCgexRU.000.mp4,1280,720,29.97,459,emotional_stability,low
394,13146,forehead,474.8,181.3,832.2,502.1,753.5,316.6,1200.3,717.6,emotional_stability_low4_OLFhKCgexRU.000.mp4,1280,720,29.97,459,emotional_stability,low
394,13146,chin,489.7,323.7,832.2,595.0,772.2,494.7,1200.3,833.7,emotional_stability_low4_OLFhKCgexRU.000.mp4,1280,720,29.97,459,emotional_stability,low
394,13146,left_cheek,492.6,379.2,588.6,516.4,775.7,564.0,895.8,735.5,emotional_stability_low4_OLFhKCgexRU.000.mp4,1280,720,29.97,459,emotional_stability,low
394,13146,right_cheek,694.0,330.1,808.8,482.3,1027.5,502.6,1171.0,692.9,emotional_stability_low4_OLFhKCgexRU.000.mp4,1280,720,29.97,459,emotional_stability,low
395,13179,left_eye,493.5,268.8,603.1,354.5,776.9,425.9,913.9,533.1,emotional_stability_low4_OLFhKCgexRU.000.mp4,1280,720,29.97,459,emotional_stability,low
395,13179,right_eye,648.5,233.6,770.1,327.7,970.7,382.1,1122.6,499.6,emotional_stability_low4_OLFhKCgexRU.000.mp4,1280,720,29.97,459,emotional_stability,low
395,13179,nose,602.1,308.8,692.2,440.2,912.6,476.0,1025.2,640.3,emotional_stability_low4_OLFhKCgexRU.000.mp4,1280,720,29.97,459,emotional_stability,low
395,13179,mouth,603.2,466.9,728.4,547.1,914.0,673.6,1070.5,773.9,emotional_stability_low4_OLFhKCgexRU.000.mp4,1280,720,29.97,459,emotional_stability,low
395,13179,forehead,477.3,180.8,834.2,501.4,756.6,316.0,1202.8,716.7,emotional_stability_low4_OLFhKCgexRU.000.mp4,1280,720,29.97,459,emotional_stability,low
395,13179,chin,492.7,323.1,834.2,594.7,775.9,493.9,1202.8,833.4,emotional_stability_low4_OLFhKCgexRU.000.mp4,1280,720,29.97,459,emotional_stability,low
395,13179,left_cheek,494.9,379.4,590.5,516.5,778.7,564.2,898.1,735.6,emotional_stability_low4_OLFhKCgexRU.000.mp4,1280,720,29.97,459,emotional_stability,low
395,13179,right_cheek,696.0,329.9,810.8,482.6,1030.0,502.4,1173.4,693.2,emotional_stability_low4_OLFhKCgexRU.000.mp4,1280,720,29.97,459,emotional_stability,low
396,13213,left_eye,493.8,268.1,603.6,353.8,777.3,425.1,914.5,532.2,emotional_stability_low4_OLFhKCgexRU.000.mp4,1280,720,29.97,459,emotional_stability,low
396,13213,right_eye,649.2,232.7,770.9,327.0,971.5,380.9,1123.6,498.8,emotional_stability_low4_OLFhKCgexRU.000.mp4,1280,720,29.97,459,emotional_stability,low
396,13213,nose,602.3,308.0,692.6,439.3,912.9,475.0,1025.8,639.1,emotional_stability_low4_OLFhKCgexRU.000.mp4,1280,720,29.97,459,emotional_stability,low
396,13213,mouth,604.7,467.8,729.5,547.9,915.9,674.7,1071.9,774.8,emotional_stability_low4_OLFhKCgexRU.000.mp4,1280,720,29.97,459,emotional_stability,low
396,13213,forehead,478.1,180.3,834.8,501.0,757.7,315.4,1203.5,716.3,emotional_stability_low4_OLFhKCgexRU.000.mp4,1280,720,29.97,459,emotional_stability,low
396,13213,chin,493.5,322.6,834.8,595.0,776.9,493.3,1203.5,833.7,emotional_stability_low4_OLFhKCgexRU.000.mp4,1280,720,29.97,459,emotional_stability,low
396,13213,left_cheek,495.5,378.7,591.0,516.1,779.4,563.4,898.7,735.1,emotional_stability_low4_OLFhKCgexRU.000.mp4,1280,720,29.97,459,emotional_stability,low
396,13213,right_cheek,696.7,329.2,811.3,482.3,1030.9,501.5,1174.2,692.8,emotional_stability_low4_OLFhKCgexRU.000.mp4,1280,720,29.97,459,emotional_stability,low
397,13246,left_eye,494.0,267.6,603.7,353.3,777.4,424.4,914.6,531.6,emotional_stability_low4_OLFhKCgexRU.000.mp4,1280,720,29.97,459,emotional_stability,low
397,13246,right_eye,649.7,232.1,771.6,326.5,972.2,380.1,1124.5,498.1,emotional_stability_low4_OLFhKCgexRU.000.mp4,1280,720,29.97,459,emotional_stability,low
397,13246,nose,602.3,307.5,692.3,438.4,912.8,474.3,1025.4,638.0,emotional_stability_low4_OLFhKCgexRU.000.mp4,1280,720,29.97,459,emotional_stability,low
397,13246,mouth,604.2,468.1,730.3,552.4,915.3,675.1,1072.9,780.5,emotional_stability_low4_OLFhKCgexRU.000.mp4,1280,720,29.97,459,emotional_stability,low
397,13246,forehead,478.6,180.0,835.4,500.7,758.2,315.0,1204.2,715.9,emotional_stability_low4_OLFhKCgexRU.000.mp4,1280,720,29.97,459,emotional_stability,low
397,13246,chin,493.5,322.4,835.4,599.1,776.8,492.9,1204.2,838.9,emotional_stability_low4_OLFhKCgexRU.000.mp4,1280,720,29.97,459,emotional_stability,low
397,13246,left_cheek,495.6,378.1,591.0,515.9,779.6,562.7,898.7,734.8,emotional_stability_low4_OLFhKCgexRU.000.mp4,1280,720,29.97,459,emotional_stability,low
397,13246,right_cheek,696.9,328.7,811.6,482.1,1031.1,500.9,1174.6,692.7,emotional_stability_low4_OLFhKCgexRU.000.mp4,1280,720,29.97,459,emotional_stability,low
398,13279,left_eye,493.6,267.3,603.8,353.0,777.0,424.1,914.7,531.2,emotional_stability_low4_OLFhKCgexRU.000.mp4,1280,720,29.97,459,emotional_stability,low
398,13279,right_eye,651.4,231.8,773.5,326.2,974.3,379.7,1126.9,497.8,emotional_stability_low4_OLFhKCgexRU.000.mp4,1280,720,29.97,459,emotional_stability,low
398,13279,nose,602.2,307.2,693.3,438.1,912.7,474.0,1026.7,637.7,emotional_stability_low4_OLFhKCgexRU.000.mp4,1280,720,29.97,459,emotional_stability,low
398,13279,mouth,604.2,466.5,738.0,558.6,915.2,673.1,1082.5,788.2,emotional_stability_low4_OLFhKCgexRU.000.mp4,1280,720,29.97,459,emotional_stability,low
398,13279,forehead,478.4,179.8,836.0,500.5,758.0,314.7,1205.0,715.7,emotional_stability_low4_OLFhKCgexRU.000.mp4,1280,720,29.97,459,emotional_stability,low
398,13279,chin,492.8,321.5,836.0,603.2,775.9,491.9,1205.0,844.0,emotional_stability_low4_OLFhKCgexRU.000.mp4,1280,720,29.97,459,emotional_stability,low
398,13279,left_cheek,495.3,377.8,590.9,515.9,779.2,562.2,898.7,734.9,emotional_stability_low4_OLFhKCgexRU.000.mp4,1280,720,29.97,459,emotional_stability,low
398,13279,right_cheek,698.1,328.6,812.9,481.7,1032.7,500.8,1176.1,692.1,emotional_stability_low4_OLFhKCgexRU.000.mp4,1280,720,29.97,459,emotional_stability,low
399,13313,left_eye,493.2,267.0,604.0,352.8,776.5,423.7,915.0,531.0,emotional_stability_low4_OLFhKCgexRU.000.mp4,1280,720,29.97,459,emotional_stability,low
399,13313,right_eye,652.7,231.7,774.8,326.0,975.9,379.7,1128.6,497.5,emotional_stability_low4_OLFhKCgexRU.000.mp4,1280,720,29.97,459,emotional_stability,low
399,13313,nose,602.1,307.1,694.1,437.8,912.6,473.8,1027.6,637.2,emotional_stability_low4_OLFhKCgexRU.000.mp4,1280,720,29.97,459,emotional_stability,low
399,13313,mouth,602.3,466.4,743.1,561.0,912.9,673.0,1088.9,791.3,emotional_stability_low4_OLFhKCgexRU.000.mp4,1280,720,29.97,459,emotional_stability,low
399,13313,forehead,476.4,179.7,836.5,500.1,755.5,314.6,1205.6,715.1,emotional_stability_low4_OLFhKCgexRU.000.mp4,1280,720,29.97,459,emotional_stability,low
399,13313,chin,489.8,319.1,836.5,604.0,772.3,488.9,1205.6,845.0,emotional_stability_low4_OLFhKCgexRU.000.mp4,1280,720,29.97,459,emotional_stability,low
399,13313,left_cheek,494.5,377.5,590.8,515.7,778.1,561.9,898.5,734.7,emotional_stability_low4_OLFhKCgexRU.000.mp4,1280,720,29.97,459,emotional_stability,low
399,13313,right_cheek,699.1,327.5,814.4,481.4,1033.9,499.4,1178.0,691.8,emotional_stability_low4_OLFhKCgexRU.000.mp4,1280,720,29.97,459,emotional_stability,low
400,13346,left_eye,492.1,266.4,604.0,352.2,775.1,423.0,915.0,530.3,emotional_stability_low4_OLFhKCgexRU.000.mp4,1280,720,29.97,459,emotional_stability,low
400,13346,right_eye,653.1,230.7,776.2,325.7,976.3,378.4,1130.2,497.2,emotional_stability_low4_OLFhKCgexRU.000.mp4,1280,720,29.97,459,emotional_stability,low
400,13346,nose,601.9,306.8,694.2,437.6,912.3,473.6,1027.7,637.0,emotional_stability_low4_OLFhKCgexRU.000.mp4,1280,720,29.97,459,emotional_stability,low
400,13346,mouth,600.2,465.6,745.2,561.5,910.2,672.0,1091.5,791.8,emotional_stability_low4_OLFhKCgexRU.000.mp4,1280,720,29.97,459,emotional_stability,low
400,13346,forehead,474.2,178.5,838.2,499.1,752.7,313.2,1207.7,713.9,emotional_stability_low4_OLFhKCgexRU.000.mp4,1280,720,29.97,459,emotional_stability,low
400,13346,chin,487.6,317.0,838.2,604.0,769.5,486.2,1207.7,845.0,emotional_stability_low4_OLFhKCgexRU.000.mp4,1280,720,29.97,459,emotional_stability,low
400,13346,left_cheek,492.9,377.1,590.7,515.6,776.1,561.3,898.4,734.5,emotional_stability_low4_OLFhKCgexRU.000.mp4,1280,720,29.97,459,emotional_stability,low
400,13346,right_cheek,699.6,325.8,816.1,480.5,1034.5,497.3,1180.1,690.6,emotional_stability_low4_OLFhKCgexRU.000.mp4,1280,720,29.97,459,emotional_stability,low
401,13380,left_eye,492.0,266.3,604.3,352.2,775.0,422.9,915.3,530.2,emotional_stability_low4_OLFhKCgexRU.000.mp4,1280,720,29.97,459,emotional_stability,low
401,13380,right_eye,653.5,230.5,776.3,325.6,976.8,378.1,1130.3,497.0,emotional_stability_low4_OLFhKCgexRU.000.mp4,1280,720,29.97,459,emotional_stability,low
401,13380,nose,601.8,306.8,694.9,437.5,912.3,473.4,1028.6,636.9,emotional_stability_low4_OLFhKCgexRU.000.mp4,1280,720,29.97,459,emotional_stability,low
401,13380,mouth,597.7,465.1,745.7,560.4,907.1,671.4,1092.2,790.5,emotional_stability_low4_OLFhKCgexRU.000.mp4,1280,720,29.97,459,emotional_stability,low
401,13380,forehead,473.7,178.3,837.8,499.1,752.2,312.9,1207.3,713.8,emotional_stability_low4_OLFhKCgexRU.000.mp4,1280,720,29.97,459,emotional_stability,low
401,13380,chin,487.3,317.0,837.8,604.0,769.1,486.2,1207.3,845.0,emotional_stability_low4_OLFhKCgexRU.000.mp4,1280,720,29.97,459,emotional_stability,low
401,13380,left_cheek,492.7,377.0,590.6,515.4,775.8,561.2,898.2,734.3,emotional_stability_low4_OLFhKCgexRU.000.mp4,1280,720,29.97,459,emotional_stability,low
401,13380,right_cheek,700.2,325.6,816.3,480.2,1035.2,497.0,1180.3,690.3,emotional_stability_low4_OLFhKCgexRU.000.mp4,1280,720,29.97,459,emotional_stability,low
402,13413,left_eye,491.5,266.3,604.2,352.1,774.4,422.8,915.3,530.1,emotional_stability_low4_OLFhKCgexRU.000.mp4,1280,720,29.97,459,emotional_stability,low
402,13413,right_eye,653.3,230.1,776.2,325.5,976.6,377.6,1130.2,496.9,emotional_stability_low4_OLFhKCgexRU.000.mp4,1280,720,29.97,459,emotional_stability,low
402,13413,nose,601.1,306.7,694.8,437.3,911.4,473.4,1028.5,636.7,emotional_stability_low4_OLFhKCgexRU.000.mp4,1280,720,29.97,459,emotional_stability,low
402,13413,mouth,594.6,464.3,745.4,559.6,903.2,670.3,1091.8,789.4,emotional_stability_low4_OLFhKCgexRU.000.mp4,1280,720,29.97,459,emotional_stability,low
402,13413,forehead,473.0,177.8,838.4,499.1,751.2,312.2,1208.0,713.9,emotional_stability_low4_OLFhKCgexRU.000.mp4,1280,720,29.97,459,emotional_stability,low
402,13413,chin,486.9,316.9,838.4,603.6,768.6,486.1,1208.0,844.4,emotional_stability_low4_OLFhKCgexRU.000.mp4,1280,720,29.97,459,emotional_stability,low
402,13413,left_cheek,491.9,376.9,590.2,515.3,774.9,561.2,897.8,734.2,emotional_stability_low4_OLFhKCgexRU.000.mp4,1280,720,29.97,459,emotional_stability,low
402,13413,right_cheek,700.1,325.2,816.9,479.7,1035.1,496.5,1181.1,689.7,emotional_stability_low4_OLFhKCgexRU.000.mp4,1280,720,29.97,459,emotional_stability,low
403,13446,left_eye,491.0,266.0,603.9,352.0,773.7,422.5,914.9,530.0,emotional_stability_low4_OLFhKCgexRU.000.mp4,1280,720,29.97,459,emotional_stability,low
403,13446,right_eye,652.0,229.4,775.4,325.5,975.0,376.7,1129.2,496.9,emotional_stability_low4_OLFhKCgexRU.000.mp4,1280,720,29.97,459,emotional_stability,low
403,13446,nose,599.5,306.6,694.8,437.2,909.4,473.2,1028.5,636.6,emotional_stability_low4_OLFhKCgexRU.000.mp4,1280,720,29.97,459,emotional_stability,low
403,13446,mouth,592.3,463.2,745.0,557.5,900.3,669.0,1091.2,786.8,emotional_stability_low4_OLFhKCgexRU.000.mp4,1280,720,29.97,459,emotional_stability,low
403,13446,forehead,472.6,177.1,838.2,499.3,750.8,311.4,1207.7,714.2,emotional_stability_low4_OLFhKCgexRU.000.mp4,1280,720,29.97,459,emotional_stability,low
403,13446,chin,486.9,316.8,838.2,603.5,768.6,486.0,1207.7,844.4,emotional_stability_low4_OLFhKCgexRU.000.mp4,1280,720,29.97,459,emotional_stability,low
403,13446,left_cheek,491.4,376.9,589.2,515.3,774.3,561.1,896.5,734.1,emotional_stability_low4_OLFhKCgexRU.000.mp4,1280,720,29.97,459,emotional_stability,low
403,13446,right_cheek,699.9,324.7,816.5,478.7,1034.8,495.9,1180.7,688.4,emotional_stability_low4_OLFhKCgexRU.000.mp4,1280,720,29.97,459,emotional_stability,low
404,13480,left_eye,489.4,265.8,601.9,351.9,771.8,422.2,912.3,529.9,emotional_stability_low4_OLFhKCgexRU.000.mp4,1280,720,29.97,459,emotional_stability,low
404,13480,right_eye,648.7,228.5,772.9,325.1,970.9,375.6,1126.2,496.3,emotional_stability_low4_OLFhKCgexRU.000.mp4,1280,720,29.97,459,emotional_stability,low
404,13480,nose,596.9,306.3,692.7,437.1,906.2,472.9,1025.8,636.4,emotional_stability_low4_OLFhKCgexRU.000.mp4,1280,720,29.97,459,emotional_stability,low
404,13480,mouth,590.2,461.4,743.8,553.2,897.7,666.7,1089.7,781.5,emotional_stability_low4_OLFhKCgexRU.000.mp4,1280,720,29.97,459,emotional_stability,low
404,13480,forehead,471.6,176.3,838.0,499.4,749.4,310.4,1207.5,714.3,emotional_stability_low4_OLFhKCgexRU.000.mp4,1280,720,29.97,459,emotional_stability,low
404,13480,chin,486.8,316.6,838.0,601.6,768.5,485.7,1207.5,842.0,emotional_stability_low4_OLFhKCgexRU.000.mp4,1280,720,29.97,459,emotional_stability,low
404,13480,left_cheek,490.3,376.7,587.1,515.1,772.9,560.9,893.9,733.9,emotional_stability_low4_OLFhKCgexRU.000.mp4,1280,720,29.97,459,emotional_stability,low
404,13480,right_cheek,697.6,323.9,816.4,477.4,1032.1,494.9,1180.5,686.8,emotional_stability_low4_OLFhKCgexRU.000.mp4,1280,720,29.97,459,emotional_stability,low
405,13513,left_eye,488.9,265.0,601.7,351.3,771.1,421.3,912.2,529.2,emotional_stability_low4_OLFhKCgexRU.000.mp4,1280,720,29.97,459,emotional_stability,low
405,13513,right_eye,647.7,227.0,771.9,323.7,969.7,373.7,1124.9,494.7,emotional_stability_low4_OLFhKCgexRU.000.mp4,1280,720,29.97,459,emotional_stability,low
405,13513,nose,596.9,304.9,692.2,435.0,906.2,471.2,1025.2,633.8,emotional_stability_low4_OLFhKCgexRU.000.mp4,1280,720,29.97,459,emotional_stability,low
405,13513,mouth,590.7,458.1,743.4,547.3,898.3,662.6,1089.3,774.1,emotional_stability_low4_OLFhKCgexRU.000.mp4,1280,720,29.97,459,emotional_stability,low
405,13513,forehead,471.2,175.3,837.9,499.4,749.0,309.1,1207.4,714.3,emotional_stability_low4_OLFhKCgexRU.000.mp4,1280,720,29.97,459,emotional_stability,low
405,13513,chin,486.9,315.8,837.9,597.9,768.6,484.7,1207.4,837.3,emotional_stability_low4_OLFhKCgexRU.000.mp4,1280,720,29.97,459,emotional_stability,low
405,13513,left_cheek,490.2,375.8,586.9,514.1,772.8,559.7,893.6,732.7,emotional_stability_low4_OLFhKCgexRU.000.mp4,1280,720,29.97,459,emotional_stability,low
405,13513,right_cheek,697.1,322.2,816.1,474.8,1031.4,492.7,1180.1,683.6,emotional_stability_low4_OLFhKCgexRU.000.mp4,1280,720,29.97,459,emotional_stability,low
406,13546,left_eye,488.2,264.6,600.6,350.7,770.3,420.8,910.7,528.4,emotional_stability_low4_OLFhKCgexRU.000.mp4,1280,720,29.97,459,emotional_stability,low
406,13546,right_eye,645.4,226.2,769.6,322.6,966.7,372.7,1122.0,493.3,emotional_stability_low4_OLFhKCgexRU.000.mp4,1280,720,29.97,459,emotional_stability,low
406,13546,nose,595.8,304.1,689.4,433.6,904.7,470.1,1021.8,632.0,emotional_stability_low4_OLFhKCgexRU.000.mp4,1280,720,29.97,459,emotional_stability,low
406,13546,mouth,590.7,455.6,742.8,543.4,898.3,659.5,1088.4,769.3,emotional_stability_low4_OLFhKCgexRU.000.mp4,1280,720,29.97,459,emotional_stability,low
406,13546,forehead,471.1,174.4,837.9,499.3,748.8,308.0,1207.3,714.2,emotional_stability_low4_OLFhKCgexRU.000.mp4,1280,720,29.97,459,emotional_stability,low
406,13546,chin,487.2,315.0,837.9,593.5,769.0,483.8,1207.3,831.8,emotional_stability_low4_OLFhKCgexRU.000.mp4,1280,720,29.97,459,emotional_stability,low
406,13546,left_cheek,490.1,374.8,585.9,512.7,772.7,558.5,892.4,730.9,emotional_stability_low4_OLFhKCgexRU.000.mp4,1280,720,29.97,459,emotional_stability,low
406,13546,right_cheek,694.9,320.8,815.6,472.8,1028.6,491.0,1179.5,680.9,emotional_stability_low4_OLFhKCgexRU.000.mp4,1280,720,29.97,459,emotional_stability,low
407,13580,left_eye,488.2,264.4,600.0,350.6,770.2,420.5,910.0,528.2,emotional_stability_low4_OLFhKCgexRU.000.mp4,1280,720,29.97,459,emotional_stability,low
407,13580,right_eye,643.8,225.8,767.9,322.1,964.7,372.3,1119.8,492.6,emotional_stability_low4_OLFhKCgexRU.000.mp4,1280,720,29.97,459,emotional_stability,low
407,13580,nose,595.6,303.7,686.8,433.1,904.5,469.6,1018.5,631.4,emotional_stability_low4_OLFhKCgexRU.000.mp4,1280,720,29.97,459,emotional_stability,low
407,13580,mouth,591.0,455.1,739.6,544.0,898.7,658.9,1084.5,770.1,emotional_stability_low4_OLFhKCgexRU.000.mp4,1280,720,29.97,459,emotional_stability,low
407,13580,forehead,471.1,174.1,837.7,499.3,748.9,307.6,1207.2,714.1,emotional_stability_low4_OLFhKCgexRU.000.mp4,1280,720,29.97,459,emotional_stability,low
407,13580,chin,488.7,314.7,837.7,593.1,770.9,483.4,1207.2,831.3,emotional_stability_low4_OLFhKCgexRU.000.mp4,1280,720,29.97,459,emotional_stability,low
407,13580,left_cheek,490.1,374.5,585.6,512.4,772.7,558.1,891.9,730.5,emotional_stability_low4_OLFhKCgexRU.000.mp4,1280,720,29.97,459,emotional_stability,low
407,13580,right_cheek,692.8,320.5,814.3,472.8,1026.0,490.6,1177.8,680.9,emotional_stability_low4_OLFhKCgexRU.000.mp4,1280,720,29.97,459,emotional_stability,low
408,13613,left_eye,487.9,264.4,599.4,350.6,769.8,420.6,909.3,528.3,emotional_stability_low4_OLFhKCgexRU.000.mp4,1280,720,29.97,459,emotional_stability,low
408,13613,right_eye,642.8,225.9,766.6,322.0,963.5,372.4,1118.2,492.5,emotional_stability_low4_OLFhKCgexRU.000.mp4,1280,720,29.97,459,emotional_stability,low
408,13613,nose,595.4,303.6,684.9,432.8,904.3,469.5,1016.2,631.0,emotional_stability_low4_OLFhKCgexRU.000.mp4,1280,720,29.97,459,emotional_stability,low
408,13613,mouth,591.2,454.0,736.2,543.8,898.9,657.5,1080.3,769.8,emotional_stability_low4_OLFhKCgexRU.000.mp4,1280,720,29.97,459,emotional_stability,low
408,13613,forehead,471.2,174.1,836.6,499.4,749.0,307.7,1205.8,714.2,emotional_stability_low4_OLFhKCgexRU.000.mp4,1280,720,29.97,459,emotional_stability,low
408,13613,chin,489.2,314.8,836.6,592.3,771.5,483.5,1205.8,830.4,emotional_stability_low4_OLFhKCgexRU.000.mp4,1280,720,29.97,459,emotional_stability,low
408,13613,left_cheek,490.2,374.5,585.2,512.4,772.7,558.1,891.4,730.5,emotional_stability_low4_OLFhKCgexRU.000.mp4,1280,720,29.97,459,emotional_stability,low
408,13613,right_cheek,691.4,320.5,812.7,472.9,1024.3,490.6,1175.9,681.1,emotional_stability_low4_OLFhKCgexRU.000.mp4,1280,720,29.97,459,emotional_stability,low
409,13646,left_eye,487.9,264.7,599.5,350.8,769.9,420.9,909.4,528.5,emotional_stability_low4_OLFhKCgexRU.000.mp4,1280,720,29.97,459,emotional_stability,low
409,13646,right_eye,643.4,225.9,766.8,322.0,964.2,372.4,1118.5,492.5,emotional_stability_low4_OLFhKCgexRU.000.mp4,1280,720,29.97,459,emotional_stability,low
409,13646,nose,596.9,303.7,685.5,432.8,906.2,469.6,1016.8,631.0,emotional_stability_low4_OLFhKCgexRU.000.mp4,1280,720,29.97,459,emotional_stability,low
409,13646,mouth,595.2,453.0,736.1,543.2,904.0,656.3,1080.1,769.0,emotional_stability_low4_OLFhKCgexRU.000.mp4,1280,720,29.97,459,emotional_stability,low
409,13646,forehead,471.2,174.2,836.6,500.6,749.0,307.7,1205.7,715.7,emotional_stability_low4_OLFhKCgexRU.000.mp4,1280,720,29.97,459,emotional_stability,low
409,13646,chin,489.6,314.9,836.6,592.3,771.9,483.6,1205.7,830.3,emotional_stability_low4_OLFhKCgexRU.000.mp4,1280,720,29.97,459,emotional_stability,low
409,13646,left_cheek,490.8,374.7,585.7,512.8,773.5,558.3,892.1,731.0,emotional_stability_low4_OLFhKCgexRU.000.mp4,1280,720,29.97,459,emotional_stability,low
409,13646,right_cheek,691.8,320.6,812.7,473.1,1024.8,490.7,1175.9,681.3,emotional_stability_low4_OLFhKCgexRU.000.mp4,1280,720,29.97,459,emotional_stability,low
410,13680,left_eye,488.0,265.0,599.6,351.2,769.9,421.2,909.5,528.9,emotional_stability_low4_OLFhKCgexRU.000.mp4,1280,720,29.97,459,emotional_stability,low
410,13680,right_eye,643.7,226.0,767.1,322.0,964.7,372.5,1118.8,492.6,emotional_stability_low4_OLFhKCgexRU.000.mp4,1280,720,29.97,459,emotional_stability,low
410,13680,nose,598.6,303.8,685.9,432.8,908.2,469.7,1017.4,631.1,emotional_stability_low4_OLFhKCgexRU.000.mp4,1280,720,29.97,459,emotional_stability,low
410,13680,mouth,599.1,453.4,735.2,543.1,908.8,656.8,1079.0,768.9,emotional_stability_low4_OLFhKCgexRU.000.mp4,1280,720,29.97,459,emotional_stability,low
410,13680,forehead,471.7,174.2,836.5,501.4,749.6,307.8,1205.7,716.8,emotional_stability_low4_OLFhKCgexRU.000.mp4,1280,720,29.97,459,emotional_stability,low
410,13680,chin,490.2,314.9,836.5,592.2,772.8,483.6,1205.7,830.2,emotional_stability_low4_OLFhKCgexRU.000.mp4,1280,720,29.97,459,emotional_stability,low
410,13680,left_cheek,491.5,375.1,586.5,513.4,774.4,558.9,893.1,731.8,emotional_stability_low4_OLFhKCgexRU.000.mp4,1280,720,29.97,459,emotional_stability,low
410,13680,right_cheek,692.1,320.7,812.7,473.1,1025.1,490.8,1175.9,681.4,emotional_stability_low4_OLFhKCgexRU.000.mp4,1280,720,29.97,459,emotional_stability,low
411,13713,left_eye,488.5,265.1,599.7,351.5,770.6,421.4,909.7,529.4,emotional_stability_low4_OLFhKCgexRU.000.mp4,1280,720,29.97,459,emotional_stability,low
411,13713,right_eye,644.0,226.0,767.3,322.2,965.0,372.5,1119.1,492.7,emotional_stability_low4_OLFhKCgexRU.000.mp4,1280,720,29.97,459,emotional_stability,low
411,13713,nose,599.6,303.8,686.1,432.9,909.5,469.8,1017.7,631.1,emotional_stability_low4_OLFhKCgexRU.000.mp4,1280,720,29.97,459,emotional_stability,low
411,13713,mouth,602.1,456.0,732.6,541.6,912.6,660.0,1075.7,767.0,emotional_stability_low4_OLFhKCgexRU.000.mp4,1280,720,29.97,459,emotional_stability,low
411,13713,forehead,472.7,174.2,837.2,502.0,750.8,307.8,1206.5,717.5,emotional_stability_low4_OLFhKCgexRU.000.mp4,1280,720,29.97,459,emotional_stability,low
411,13713,chin,492.2,315.0,837.2,591.2,775.3,483.8,1206.5,828.9,emotional_stability_low4_OLFhKCgexRU.000.mp4,1280,720,29.97,459,emotional_stability,low
411,13713,left_cheek,492.8,375.7,587.3,514.0,775.9,559.6,894.1,732.5,emotional_stability_low4_OLFhKCgexRU.000.mp4,1280,720,29.97,459,emotional_stability,low
411,13713,right_cheek,692.1,320.8,813.0,473.5,1025.2,491.0,1176.3,681.9,emotional_stability_low4_OLFhKCgexRU.000.mp4,1280,720,29.97,459,emotional_stability,low
412,13747,left_eye,489.0,265.1,600.2,351.5,771.3,421.3,910.2,529.4,emotional_stability_low4_OLFhKCgexRU.000.mp4,1280,720,29.97,459,emotional_stability,low
412,13747,right_eye,644.1,225.9,767.4,322.1,965.1,372.4,1119.2,492.7,emotional_stability_low4_OLFhKCgexRU.000.mp4,1280,720,29.97,459,emotional_stability,low
412,13747,nose,599.9,303.8,686.3,433.4,909.9,469.8,1017.9,631.8,emotional_stability_low4_OLFhKCgexRU.000.mp4,1280,720,29.97,459,emotional_stability,low
412,13747,mouth,602.3,457.6,732.9,540.0,912.9,661.9,1076.2,765.0,emotional_stability_low4_OLFhKCgexRU.000.mp4,1280,720,29.97,459,emotional_stability,low
412,13747,forehead,473.9,173.4,837.8,501.8,752.4,306.7,1207.3,717.3,emotional_stability_low4_OLFhKCgexRU.000.mp4,1280,720,29.97,459,emotional_stability,low
412,13747,chin,494.1,314.2,837.8,589.3,777.6,482.7,1207.3,826.7,emotional_stability_low4_OLFhKCgexRU.000.mp4,1280,720,29.97,459,emotional_stability,low
412,13747,left_cheek,493.7,375.9,587.8,514.0,777.1,559.8,894.8,732.5,emotional_stability_low4_OLFhKCgexRU.000.mp4,1280,720,29.97,459,emotional_stability,low
412,13747,right_cheek,692.2,320.7,813.7,473.6,1025.3,490.9,1177.2,682.0,emotional_stability_low4_OLFhKCgexRU.000.mp4,1280,720,29.97,459,emotional_stability,low
413,13780,left_eye,489.2,265.1,600.2,351.8,771.5,421.4,910.3,529.7,emotional_stability_low4_OLFhKCgexRU.000.mp4,1280,720,29.97,459,emotional_stability,low
413,13780,right_eye,643.9,225.9,767.5,322.3,964.9,372.3,1119.4,492.9,emotional_stability_low4_OLFhKCgexRU.000.mp4,1280,720,29.97,459,emotional_stability,low
413,13780,nose,599.8,303.9,686.5,434.0,909.7,469.9,1018.1,632.5,emotional_stability_low4_OLFhKCgexRU.000.mp4,1280,720,29.97,459,emotional_stability,low
413,13780,mouth,601.9,457.6,733.3,539.1,912.3,662.1,1076.6,763.9,emotional_stability_low4_OLFhKCgexRU.000.mp4,1280,720,29.97,459,emotional_stability,low
413,13780,forehead,474.5,173.2,837.8,501.8,753.2,306.5,1207.3,717.2,emotional_stability_low4_OLFhKCgexRU.000.mp4,1280,720,29.97,459,emotional_stability,low
413,13780,chin,495.5,314.3,837.8,588.8,779.4,482.8,1207.3,826.0,emotional_stability_low4_OLFhKCgexRU.000.mp4,1280,720,29.97,459,emotional_stability,low
413,13780,left_cheek,494.2,376.4,587.8,514.2,777.7,560.5,894.8,732.7,emotional_stability_low4_OLFhKCgexRU.000.mp4,1280,720,29.97,459,emotional_stability,low
413,13780,right_cheek,692.4,320.8,814.1,473.7,1025.4,490.9,1177.7,682.1,emotional_stability_low4_OLFhKCgexRU.000.mp4,1280,720,29.97,459,emotional_stability,low
414,13813,left_eye,489.5,266.9,600.2,354.2,771.9,423.7,910.3,532.7,emotional_stability_low4_OLFhKCgexRU.000.mp4,1280,720,29.97,459,emotional_stability,low
414,13813,right_eye,644.0,227.5,767.3,324.5,965.0,374.4,1119.1,495.7,emotional_stability_low4_OLFhKCgexRU.000.mp4,1280,720,29.97,459,emotional_stability,low
414,13813,nose,599.9,306.1,686.6,436.3,909.8,472.6,1018.3,635.4,emotional_stability_low4_OLFhKCgexRU.000.mp4,1280,720,29.97,459,emotional_stability,low
414,13813,mouth,601.4,457.7,733.5,539.9,911.7,662.1,1076.9,764.8,emotional_stability_low4_OLFhKCgexRU.000.mp4,1280,720,29.97,459,emotional_stability,low
414,13813,forehead,475.0,174.6,836.8,503.8,753.7,308.2,1206.0,719.7,emotional_stability_low4_OLFhKCgexRU.000.mp4,1280,720,29.97,459,emotional_stability,low
414,13813,chin,495.8,316.3,836.8,590.8,779.8,485.4,1206.0,828.5,emotional_stability_low4_OLFhKCgexRU.000.mp4,1280,720,29.97,459,emotional_stability,low
414,13813,left_cheek,494.6,378.4,587.9,516.3,778.2,563.0,894.9,735.4,emotional_stability_low4_OLFhKCgexRU.000.mp4,1280,720,29.97,459,emotional_stability,low
414,13813,right_cheek,692.5,322.6,814.0,475.3,1025.6,493.2,1177.5,684.1,emotional_stability_low4_OLFhKCgexRU.000.mp4,1280,720,29.97,459,emotional_stability,low
415,13847,left_eye,489.7,270.2,600.2,357.9,772.1,427.7,910.3,537.3,emotional_stability_low4_OLFhKCgexRU.000.mp4,1280,720,29.97,459,emotional_stability,low
415,13847,right_eye,644.1,230.5,767.4,328.1,965.2,378.1,1119.3,500.2,emotional_stability_low4_OLFhKCgexRU.000.mp4,1280,720,29.97,459,emotional_stability,low
415,13847,nose,599.7,310.2,687.4,441.7,909.6,477.7,1019.3,642.1,emotional_stability_low4_OLFhKCgexRU.000.mp4,1280,720,29.97,459,emotional_stability,low
415,13847,mouth,601.1,457.8,736.4,550.7,911.4,662.3,1080.5,778.3,emotional_stability_low4_OLFhKCgexRU.000.mp4,1280,720,29.97,459,emotional_stability,low
415,13847,forehead,475.3,177.4,836.9,505.9,754.1,311.7,1206.1,722.3,emotional_stability_low4_OLFhKCgexRU.000.mp4,1280,720,29.97,459,emotional_stability,low
415,13847,chin,495.5,318.2,836.9,598.4,779.4,487.7,1206.1,838.1,emotional_stability_low4_OLFhKCgexRU.000.mp4,1280,720,29.97,459,emotional_stability,low
415,13847,left_cheek,494.5,381.9,588.0,520.1,778.1,567.4,894.9,740.1,emotional_stability_low4_OLFhKCgexRU.000.mp4,1280,720,29.97,459,emotional_stability,low
415,13847,right_cheek,692.9,325.2,814.3,478.6,1026.1,496.5,1177.9,688.3,emotional_stability_low4_OLFhKCgexRU.000.mp4,1280,720,29.97,459,emotional_stability,low
416,13880,left_eye,489.9,273.8,600.3,361.1,772.4,432.3,910.4,541.4,emotional_stability_low4_OLFhKCgexRU.000.mp4,1280,720,29.97,459,emotional_stability,low
416,13880,right_eye,644.9,234.1,768.2,332.1,966.1,382.6,1120.3,505.1,emotional_stability_low4_OLFhKCgexRU.000.mp4,1280,720,29.97,459,emotional_stability,low
416,13880,nose,599.7,314.2,688.8,445.7,909.6,482.7,1021.1,647.1,emotional_stability_low4_OLFhKCgexRU.000.mp4,1280,720,29.97,459,emotional_stability,low
416,13880,mouth,601.0,459.5,738.8,557.0,911.3,664.4,1083.5,786.3,emotional_stability_low4_OLFhKCgexRU.000.mp4,1280,720,29.97,459,emotional_stability,low
416,13880,forehead,475.3,180.8,837.2,507.7,754.2,316.1,1206.5,724.6,emotional_stability_low4_OLFhKCgexRU.000.mp4,1280,720,29.97,459,emotional_stability,low
416,13880,chin,495.3,320.4,837.2,602.7,779.1,490.5,1206.5,843.3,emotional_stability_low4_OLFhKCgexRU.000.mp4,1280,720,29.97,459,emotional_stability,low
416,13880,left_cheek,494.5,385.3,588.2,522.8,778.2,571.6,895.2,743.5,emotional_stability_low4_OLFhKCgexRU.000.mp4,1280,720,29.97,459,emotional_stability,low
416,13880,right_cheek,694.1,328.3,815.0,481.6,1027.6,500.4,1178.7,691.9,emotional_stability_low4_OLFhKCgexRU.000.mp4,1280,720,29.97,459,emotional_stability,low
417,13913,left_eye,490.6,275.8,600.7,363.1,773.3,434.7,910.9,543.9,emotional_stability_low4_OLFhKCgexRU.000.mp4,1280,720,29.97,459,emotional_stability,low
417,13913,right_eye,646.8,235.7,769.8,334.5,968.6,384.7,1122.2,508.2,emotional_stability_low4_OLFhKCgexRU.000.mp4,1280,720,29.97,459,emotional_stability,low
417,13913,nose,600.1,316.5,691.5,446.7,910.1,485.6,1024.4,648.4,emotional_stability_low4_OLFhKCgexRU.000.mp4,1280,720,29.97,459,emotional_stability,low
417,13913,mouth,600.8,461.3,742.1,560.1,911.0,666.6,1087.6,790.1,emotional_stability_low4_OLFhKCgexRU.000.mp4,1280,720,29.97,459,emotional_stability,low
417,13913,forehead,475.4,184.6,838.1,512.2,754.3,320.7,1207.6,730.2,emotional_stability_low4_OLFhKCgexRU.000.mp4,1280,720,29.97,459,emotional_stability,low
417,13913,chin,495.1,324.7,838.1,606.2,778.9,495.9,1207.6,847.7,emotional_stability_low4_OLFhKCgexRU.000.mp4,1280,720,29.97,459,emotional_stability,low
417,13913,left_cheek,494.7,387.7,588.9,525.5,778.4,574.6,896.2,746.9,emotional_stability_low4_OLFhKCgexRU.000.mp4,1280,720,29.97,459,emotional_stability,low
417,13913,right_cheek,696.3,331.6,816.1,484.0,1030.4,504.4,1180.1,695.0,emotional_stability_low4_OLFhKCgexRU.000.mp4,1280,720,29.97,459,emotional_stability,low
418,13947,left_eye,491.1,278.7,600.7,365.3,773.9,438.4,910.9,546.7,emotional_stability_low4_OLFhKCgexRU.000.mp4,1280,720,29.97,459,emotional_stability,low
418,13947,right_eye,648.2,235.4,771.2,334.4,970.3,384.3,1124.0,508.0,emotional_stability_low4_OLFhKCgexRU.000.mp4,1280,720,29.97,459,emotional_stability,low
418,13947,nose,601.2,319.1,693.2,446.3,911.5,488.9,1026.4,647.8,emotional_stability_low4_OLFhKCgexRU.000.mp4,1280,720,29.97,459,emotional_stability,low
418,13947,mouth,601.4,462.6,745.4,562.0,911.7,668.2,1091.7,792.5,emotional_stability_low4_OLFhKCgexRU.000.mp4,1280,720,29.97,459,emotional_stability,low
418,13947,forehead,475.4,188.8,841.1,515.5,754.3,326.0,1211.3,734.3,emotional_stability_low4_OLFhKCgexRU.000.mp4,1280,720,29.97,459,emotional_stability,low
418,13947,chin,494.9,325.9,841.1,608.6,778.6,497.3,1211.3,850.8,emotional_stability_low4_OLFhKCgexRU.000.mp4,1280,720,29.97,459,emotional_stability,low
418,13947,left_cheek,495.0,389.5,590.0,527.2,778.7,576.9,897.6,749.0,emotional_stability_low4_OLFhKCgexRU.000.mp4,1280,720,29.97,459,emotional_stability,low
418,13947,right_cheek,697.7,332.1,817.7,484.1,1032.1,505.2,1182.1,695.2,emotional_stability_low4_OLFhKCgexRU.000.mp4,1280,720,29.97,459,emotional_stability,low
419,13980,left_eye,490.9,278.0,600.7,364.9,773.7,437.5,910.8,546.2,emotional_stability_low4_OLFhKCgexRU.000.mp4,1280,720,29.97,459,emotional_stability,low
419,13980,right_eye,648.1,234.9,772.0,333.5,970.2,383.6,1125.0,506.9,emotional_stability_low4_OLFhKCgexRU.000.mp4,1280,720,29.97,459,emotional_stability,low
419,13980,nose,601.5,317.9,693.8,446.5,911.8,487.4,1027.2,648.1,emotional_stability_low4_OLFhKCgexRU.000.mp4,1280,720,29.97,459,emotional_stability,low
419,13980,mouth,601.6,466.1,747.5,559.9,911.9,672.7,1094.3,789.9,emotional_stability_low4_OLFhKCgexRU.000.mp4,1280,720,29.97,459,emotional_stability,low
419,13980,forehead,474.7,187.1,841.4,514.1,753.4,323.8,1211.8,732.6,emotional_stability_low4_OLFhKCgexRU.000.mp4,1280,720,29.97,459,emotional_stability,low
419,13980,chin,494.0,324.9,841.4,606.4,777.5,496.1,1211.8,847.9,emotional_stability_low4_OLFhKCgexRU.000.mp4,1280,720,29.97,459,emotional_stability,low
419,13980,left_cheek,494.9,389.6,590.2,527.2,778.7,577.1,897.8,749.0,emotional_stability_low4_OLFhKCgexRU.000.mp4,1280,720,29.97,459,emotional_stability,low
419,13980,right_cheek,698.4,331.2,818.6,483.4,1032.9,503.9,1183.2,694.3,emotional_stability_low4_OLFhKCgexRU.000.mp4,1280,720,29.97,459,emotional_stability,low
420,14014,left_eye,491.2,277.2,600.9,364.3,774.0,436.5,911.1,545.4,emotional_stability_low4_OLFhKCgexRU.000.mp4,1280,720,29.97,459,emotional_stability,low
420,14014,right_eye,647.8,232.7,771.9,332.2,969.7,380.9,1124.9,505.3,emotional_stability_low4_OLFhKCgexRU.000.mp4,1280,720,29.97,459,emotional_stability,low
420,14014,nose,602.4,316.9,693.5,445.9,913.1,486.1,1026.9,647.4,emotional_stability_low4_OLFhKCgexRU.000.mp4,1280,720,29.97,459,emotional_stability,low
420,14014,mouth,600.7,470.4,746.8,544.6,910.9,678.0,1093.4,770.7,emotional_stability_low4_OLFhKCgexRU.000.mp4,1280,720,29.97,459,emotional_stability,low
420,14014,forehead,475.7,186.8,841.2,513.3,754.6,323.5,1211.5,731.6,emotional_stability_low4_OLFhKCgexRU.000.mp4,1280,720,29.97,459,emotional_stability,low
420,14014,chin,495.8,323.6,841.2,598.6,779.8,494.5,1211.5,838.2,emotional_stability_low4_OLFhKCgexRU.000.mp4,1280,720,29.97,459,emotional_stability,low
420,14014,left_cheek,496.0,388.8,590.7,526.6,780.1,576.0,898.4,748.2,emotional_stability_low4_OLFhKCgexRU.000.mp4,1280,720,29.97,459,emotional_stability,low
420,14014,right_cheek,698.2,330.5,818.5,482.7,1032.7,503.1,1183.1,693.4,emotional_stability_low4_OLFhKCgexRU.000.mp4,1280,720,29.97,459,emotional_stability,low
421,14047,left_eye,490.9,272.8,600.9,359.3,773.6,431.0,911.1,539.1,emotional_stability_low4_OLFhKCgexRU.000.mp4,1280,720,29.97,459,emotional_stability,low
421,14047,right_eye,645.7,228.8,770.0,329.0,967.1,376.0,1122.5,501.3,emotional_stability_low4_OLFhKCgexRU.000.mp4,1280,720,29.97,459,emotional_stability,low
421,14047,nose,602.3,311.9,692.5,443.7,912.9,479.9,1025.6,644.7,emotional_stability_low4_OLFhKCgexRU.000.mp4,1280,720,29.97,459,emotional_stability,low
421,14047,mouth,598.9,468.6,745.8,537.8,908.6,675.8,1092.3,762.2,emotional_stability_low4_OLFhKCgexRU.000.mp4,1280,720,29.97,459,emotional_stability,low
421,14047,forehead,475.7,180.1,840.3,512.1,754.6,315.1,1210.4,730.1,emotional_stability_low4_OLFhKCgexRU.000.mp4,1280,720,29.97,459,emotional_stability,low
421,14047,chin,496.0,322.2,840.3,592.7,780.0,492.7,1210.4,830.9,emotional_stability_low4_OLFhKCgexRU.000.mp4,1280,720,29.97,459,emotional_stability,low
421,14047,left_cheek,496.0,386.3,590.5,523.6,780.0,572.8,898.1,744.5,emotional_stability_low4_OLFhKCgexRU.000.mp4,1280,720,29.97,459,emotional_stability,low
421,14047,right_cheek,697.5,328.2,818.1,480.1,1031.9,500.2,1182.6,690.2,emotional_stability_low4_OLFhKCgexRU.000.mp4,1280,720,29.97,459,emotional_stability,low
422,14080,left_eye,490.9,268.5,601.2,356.7,773.6,425.7,911.5,535.9,emotional_stability_low4_OLFhKCgexRU.000.mp4,1280,720,29.97,459,emotional_stability,low
422,14080,right_eye,645.5,226.2,769.2,325.6,966.9,372.7,1121.5,497.0,emotional_stability_low4_OLFhKCgexRU.000.mp4,1280,720,29.97,459,emotional_stability,low
422,14080,nose,602.5,307.5,692.5,438.4,913.1,474.4,1025.6,637.9,emotional_stability_low4_OLFhKCgexRU.000.mp4,1280,720,29.97,459,emotional_stability,low
422,14080,mouth,600.4,466.0,745.6,539.4,910.5,672.5,1091.9,764.3,emotional_stability_low4_OLFhKCgexRU.000.mp4,1280,720,29.97,459,emotional_stability,low
422,14080,forehead,475.5,176.7,839.7,511.0,754.3,310.9,1209.7,728.8,emotional_stability_low4_OLFhKCgexRU.000.mp4,1280,720,29.97,459,emotional_stability,low
422,14080,chin,496.2,319.5,839.7,592.2,780.2,489.4,1209.7,830.2,emotional_stability_low4_OLFhKCgexRU.000.mp4,1280,720,29.97,459,emotional_stability,low
422,14080,left_cheek,496.4,383.1,590.6,521.5,780.5,568.8,898.2,741.9,emotional_stability_low4_OLFhKCgexRU.000.mp4,1280,720,29.97,459,emotional_stability,low
422,14080,right_cheek,697.4,324.6,817.8,477.1,1031.8,495.7,1182.2,686.4,emotional_stability_low4_OLFhKCgexRU.000.mp4,1280,720,29.97,459,emotional_stability,low
423,14114,left_eye,490.8,267.3,601.1,356.0,773.5,424.1,911.4,535.0,emotional_stability_low4_OLFhKCgexRU.000.mp4,1280,720,29.97,459,emotional_stability,low
423,14114,right_eye,643.9,225.2,766.9,324.2,964.9,371.5,1118.7,495.2,emotional_stability_low4_OLFhKCgexRU.000.mp4,1280,720,29.97,459,emotional_stability,low
423,14114,nose,602.4,306.1,691.9,435.3,913.0,472.6,1024.9,634.1,emotional_stability_low4_OLFhKCgexRU.000.mp4,1280,720,29.97,459,emotional_stability,low
423,14114,mouth,602.1,462.7,744.1,541.2,912.7,668.3,1090.1,766.5,emotional_stability_low4_OLFhKCgexRU.000.mp4,1280,720,29.97,459,emotional_stability,low
423,14114,forehead,475.3,175.8,839.2,510.9,754.1,309.8,1209.0,728.6,emotional_stability_low4_OLFhKCgexRU.000.mp4,1280,720,29.97,459,emotional_stability,low
423,14114,chin,496.6,317.9,839.2,592.7,780.8,487.4,1209.0,830.8,emotional_stability_low4_OLFhKCgexRU.000.mp4,1280,720,29.97,459,emotional_stability,low
423,14114,left_cheek,496.7,381.7,590.5,520.6,780.9,567.1,898.1,740.7,emotional_stability_low4_OLFhKCgexRU.000.mp4,1280,720,29.97,459,emotional_stability,low
423,14114,right_cheek,696.6,322.3,817.0,475.1,1030.8,492.9,1181.3,683.9,emotional_stability_low4_OLFhKCgexRU.000.mp4,1280,720,29.97,459,emotional_stability,low
424,14147,left_eye,491.6,267.1,602.3,356.0,774.4,423.8,912.9,535.0,emotional_stability_low4_OLFhKCgexRU.000.mp4,1280,720,29.97,459,emotional_stability,low
424,14147,right_eye,643.8,224.3,767.0,323.5,964.7,370.4,1118.7,494.4,emotional_stability_low4_OLFhKCgexRU.000.mp4,1280,720,29.97,459,emotional_stability,low
424,14147,nose,603.8,305.5,693.1,434.8,914.7,471.8,1026.3,633.5,emotional_stability_low4_OLFhKCgexRU.000.mp4,1280,720,29.97,459,emotional_stability,low
424,14147,mouth,603.3,461.9,746.8,533.9,914.1,667.4,1093.6,757.3,emotional_stability_low4_OLFhKCgexRU.000.mp4,1280,720,29.97,459,emotional_stability,low
424,14147,forehead,475.5,174.6,840.1,510.6,754.3,308.2,1210.1,728.3,emotional_stability_low4_OLFhKCgexRU.000.mp4,1280,720,29.97,459,emotional_stability,low
424,14147,chin,498.9,316.0,840.1,590.4,783.6,485.1,1210.1,828.0,emotional_stability_low4_OLFhKCgexRU.000.mp4,1280,720,29.97,459,emotional_stability,low
424,14147,left_cheek,498.8,381.3,591.7,519.7,783.5,566.6,899.6,739.7,emotional_stability_low4_OLFhKCgexRU.000.mp4,1280,720,29.97,459,emotional_stability,low
424,14147,right_cheek,697.3,320.4,819.0,472.7,1031.7,490.4,1183.7,680.8,emotional_stability_low4_OLFhKCgexRU.000.mp4,1280,720,29.97,459,emotional_stability,low
425,14180,left_eye,491.8,267.4,603.3,357.4,774.8,424.2,914.1,536.7,emotional_stability_low4_OLFhKCgexRU.000.mp4,1280,720,29.97,459,emotional_stability,low
425,14180,right_eye,643.2,223.7,766.4,323.3,964.0,369.7,1118.0,494.1,emotional_stability_low4_OLFhKCgexRU.000.mp4,1280,720,29.97,459,emotional_stability,low
425,14180,nose,605.8,305.7,694.1,435.2,917.2,472.1,1027.6,634.0,emotional_stability_low4_OLFhKCgexRU.000.mp4,1280,720,29.97,459,emotional_stability,low
425,14180,mouth,607.0,461.6,750.2,530.4,918.7,667.0,1097.7,753.0,emotional_stability_low4_OLFhKCgexRU.000.mp4,1280,720,29.97,459,emotional_stability,low
425,14180,forehead,475.9,174.1,841.8,510.3,754.8,307.6,1212.2,727.9,emotional_stability_low4_OLFhKCgexRU.000.mp4,1280,720,29.97,459,emotional_stability,low
425,14180,chin,501.6,313.6,841.8,587.7,787.0,482.0,1212.2,824.7,emotional_stability_low4_OLFhKCgexRU.000.mp4,1280,720,29.97,459,emotional_stability,low
425,14180,left_cheek,501.2,381.5,593.2,519.6,786.5,566.9,901.5,739.4,emotional_stability_low4_OLFhKCgexRU.000.mp4,1280,720,29.97,459,emotional_stability,low
425,14180,right_cheek,698.0,318.1,820.9,469.8,1032.5,487.6,1186.1,677.2,emotional_stability_low4_OLFhKCgexRU.000.mp4,1280,720,29.97,459,emotional_stability,low
426,14214,left_eye,491.9,268.7,603.5,360.3,774.9,425.9,914.3,540.4,emotional_stability_low4_OLFhKCgexRU.000.mp4,1280,720,29.97,459,emotional_stability,low
426,14214,right_eye,640.5,222.9,763.4,322.9,960.6,368.6,1114.2,493.6,emotional_stability_low4_OLFhKCgexRU.000.mp4,1280,720,29.97,459,emotional_stability,low
426,14214,nose,606.6,306.0,694.6,435.2,918.3,472.5,1028.2,634.0,emotional_stability_low4_OLFhKCgexRU.000.mp4,1280,720,29.97,459,emotional_stability,low
426,14214,mouth,611.8,460.9,752.0,532.6,924.7,666.1,1100.0,755.8,emotional_stability_low4_OLFhKCgexRU.000.mp4,1280,720,29.97,459,emotional_stability,low
426,14214,forehead,476.2,173.7,843.6,511.2,755.2,307.2,1214.5,729.0,emotional_stability_low4_OLFhKCgexRU.000.mp4,1280,720,29.97,459,emotional_stability,low
426,14214,chin,505.6,308.2,843.6,587.3,792.0,475.2,1214.5,824.1,emotional_stability_low4_OLFhKCgexRU.000.mp4,1280,720,29.97,459,emotional_stability,low
426,14214,left_cheek,503.8,383.4,594.0,520.3,789.8,569.2,902.5,740.3,emotional_stability_low4_OLFhKCgexRU.000.mp4,1280,720,29.97,459,emotional_stability,low
426,14214,right_cheek,698.0,313.8,822.0,465.7,1032.5,482.2,1187.5,672.1,emotional_stability_low4_OLFhKCgexRU.000.mp4,1280,720,29.97,459,emotional_stability,low
427,14247,left_eye,489.4,271.1,601.0,363.9,771.8,428.9,911.3,544.9,emotional_stability_low4_OLFhKCgexRU.000.mp4,1280,720,29.97,459,emotional_stability,low
427,14247,right_eye,632.7,220.6,755.4,321.3,950.9,365.8,1104.2,491.6,emotional_stability_low4_OLFhKCgexRU.000.mp4,1280,720,29.97,459,emotional_stability,low
427,14247,nose,606.4,306.2,693.7,430.8,918.0,472.8,1027.1,628.5,emotional_stability_low4_OLFhKCgexRU.000.mp4,1280,720,29.97,459,emotional_stability,low
427,14247,mouth,617.7,451.4,751.0,536.2,932.1,654.3,1098.7,760.3,emotional_stability_low4_OLFhKCgexRU.000.mp4,1280,720,29.97,459,emotional_stability,low
427,14247,forehead,473.5,173.2,845.0,512.0,751.9,306.5,1216.3,729.9,emotional_stability_low4_OLFhKCgexRU.000.mp4,1280,720,29.97,459,emotional_stability,low
427,14247,chin,506.3,298.7,845.0,586.9,792.8,463.4,1216.3,823.6,emotional_stability_low4_OLFhKCgexRU.000.mp4,1280,720,29.97,459,emotional_stability,low
427,14247,left_cheek,503.5,384.9,593.4,520.6,789.4,571.1,901.8,740.8,emotional_stability_low4_OLFhKCgexRU.000.mp4,1280,720,29.97,459,emotional_stability,low
427,14247,right_cheek,695.8,305.6,821.8,457.9,1029.8,472.0,1187.2,662.3,emotional_stability_low4_OLFhKCgexRU.000.mp4,1280,720,29.97,459,emotional_stability,low
428,14280,left_eye,488.6,272.6,600.0,366.1,770.7,430.7,910.0,547.7,emotional_stability_low4_OLFhKCgexRU.000.mp4,1280,720,29.97,459,emotional_stability,low
428,14280,right_eye,628.3,216.7,750.9,318.4,945.4,360.9,1098.7,488.0,emotional_stability_low4_OLFhKCgexRU.000.mp4,1280,720,29.97,459,emotional_stability,low
428,14280,nose,606.2,305.9,693.6,426.4,917.8,472.4,1027.0,623.1,emotional_stability_low4_OLFhKCgexRU.000.mp4,1280,720,29.97,459,emotional_stability,low
428,14280,mouth,620.4,441.8,754.1,536.4,935.5,642.3,1102.7,760.5,emotional_stability_low4_OLFhKCgexRU.000.mp4,1280,720,29.97,459,emotional_stability,low
428,14280,forehead,471.1,170.7,846.2,516.0,748.8,303.3,1217.8,735.0,emotional_stability_low4_OLFhKCgexRU.000.mp4,1280,720,29.97,459,emotional_stability,low
428,14280,chin,508.4,292.5,846.2,584.9,795.5,455.7,1217.8,821.1,emotional_stability_low4_OLFhKCgexRU.000.mp4,1280,720,29.97,459,emotional_stability,low
428,14280,left_cheek,505.2,385.0,596.8,521.1,791.5,571.2,906.0,741.4,emotional_stability_low4_OLFhKCgexRU.000.mp4,1280,720,29.97,459,emotional_stability,low
428,14280,right_cheek,694.8,298.0,822.2,450.6,1028.5,462.5,1187.7,653.3,emotional_stability_low4_OLFhKCgexRU.000.mp4,1280,720,29.97,459,emotional_stability,low
429,14314,left_eye,483.9,274.3,591.7,367.6,764.9,432.9,899.6,549.6,emotional_stability_low4_OLFhKCgexRU.000.mp4,1280,720,29.97,459,emotional_stability,low
429,14314,right_eye,615.2,211.9,737.9,316.9,929.1,354.9,1082.4,486.1,emotional_stability_low4_OLFhKCgexRU.000.mp4,1280,720,29.97,459,emotional_stability,low
429,14314,nose,598.4,305.8,682.6,423.6,908.0,472.2,1013.3,619.5,emotional_stability_low4_OLFhKCgexRU.000.mp4,1280,720,29.97,459,emotional_stability,low
429,14314,mouth,615.1,435.6,751.1,525.1,928.8,634.5,1098.9,746.4,emotional_stability_low4_OLFhKCgexRU.000.mp4,1280,720,29.97,459,emotional_stability,low
429,14314,forehead,466.3,167.5,846.8,521.0,742.9,299.4,1218.5,741.2,emotional_stability_low4_OLFhKCgexRU.000.mp4,1280,720,29.97,459,emotional_stability,low
429,14314,chin,508.7,288.3,846.8,580.5,795.9,450.3,1218.5,815.6,emotional_stability_low4_OLFhKCgexRU.000.mp4,1280,720,29.97,459,emotional_stability,low
429,14314,left_cheek,504.5,385.0,593.3,521.3,790.6,571.2,901.6,741.6,emotional_stability_low4_OLFhKCgexRU.000.mp4,1280,720,29.97,459,emotional_stability,low
429,14314,right_cheek,684.4,292.7,821.1,443.5,1015.4,455.8,1186.4,644.4,emotional_stability_low4_OLFhKCgexRU.000.mp4,1280,720,29.97,459,emotional_stability,low
430,14347,left_eye,483.3,274.2,587.3,367.7,764.1,432.8,894.2,549.6,emotional_stability_low4_OLFhKCgexRU.000.mp4,1280,720,29.97,459,emotional_stability,low
430,14347,right_eye,608.7,208.5,729.6,314.8,920.9,350.6,1072.1,483.4,emotional_stability_low4_OLFhKCgexRU.000.mp4,1280,720,29.97,459,emotional_stability,low
430,14347,nose,593.4,305.2,676.5,420.7,901.7,471.5,1005.7,615.9,emotional_stability_low4_OLFhKCgexRU.000.mp4,1280,720,29.97,459,emotional_stability,low
430,14347,mouth,609.7,431.4,740.4,515.1,922.1,629.2,1085.5,733.9,emotional_stability_low4_OLFhKCgexRU.000.mp4,1280,720,29.97,459,emotional_stability,low
430,14347,forehead,467.5,166.5,846.5,522.3,744.4,298.1,1218.1,742.9,emotional_stability_low4_OLFhKCgexRU.000.mp4,1280,720,29.97,459,emotional_stability,low
430,14347,chin,511.9,286.3,846.5,577.4,799.9,447.9,1218.1,811.8,emotional_stability_low4_OLFhKCgexRU.000.mp4,1280,720,29.97,459,emotional_stability,low
430,14347,left_cheek,504.1,384.3,591.4,520.4,790.1,570.4,899.3,740.6,emotional_stability_low4_OLFhKCgexRU.000.mp4,1280,720,29.97,459,emotional_stability,low
430,14347,right_cheek,678.1,289.4,818.2,437.8,1007.6,451.7,1182.8,637.3,emotional_stability_low4_OLFhKCgexRU.000.mp4,1280,720,29.97,459,emotional_stability,low
431,14381,left_eye,483.7,273.9,586.9,366.8,764.6,432.3,893.6,548.5,emotional_stability_low4_OLFhKCgexRU.000.mp4,1280,720,29.97,459,emotional_stability,low
431,14381,right_eye,608.4,204.8,729.3,311.7,920.6,346.1,1071.6,479.6,emotional_stability_low4_OLFhKCgexRU.000.mp4,1280,720,29.97,459,emotional_stability,low
431,14381,nose,592.1,302.3,674.9,416.9,900.1,467.9,1003.7,611.1,emotional_stability_low4_OLFhKCgexRU.000.mp4,1280,720,29.97,459,emotional_stability,low
431,14381,mouth,608.2,427.2,736.7,509.9,920.3,624.0,1080.9,727.4,emotional_stability_low4_OLFhKCgexRU.000.mp4,1280,720,29.97,459,emotional_stability,low
431,14381,forehead,468.6,163.7,846.5,522.2,745.8,294.7,1218.1,742.7,emotional_stability_low4_OLFhKCgexRU.000.mp4,1280,720,29.97,459,emotional_stability,low
431,14381,chin,514.1,284.8,846.5,575.9,802.6,446.0,1218.1,809.8,emotional_stability_low4_OLFhKCgexRU.000.mp4,1280,720,29.97,459,emotional_stability,low
431,14381,left_cheek,504.5,382.0,590.6,518.2,790.6,567.4,898.2,737.7,emotional_stability_low4_OLFhKCgexRU.000.mp4,1280,720,29.97,459,emotional_stability,low
431,14381,right_cheek,676.9,286.4,817.2,433.8,1006.2,448.0,1181.4,632.3,emotional_stability_low4_OLFhKCgexRU.000.mp4,1280,720,29.97,459,emotional_stability,low
432,14414,left_eye,484.1,272.1,588.2,366.4,765.2,430.1,895.2,548.0,emotional_stability_low4_OLFhKCgexRU.000.mp4,1280,720,29.97,459,emotional_stability,low
432,14414,right_eye,610.6,204.0,732.3,310.0,923.3,345.0,1075.4,477.5,emotional_stability_low4_OLFhKCgexRU.000.mp4,1280,720,29.97,459,emotional_stability,low
432,14414,nose,593.6,300.1,675.0,414.8,902.0,465.1,1003.7,608.5,emotional_stability_low4_OLFhKCgexRU.000.mp4,1280,720,29.97,459,emotional_stability,low
432,14414,mouth,610.2,429.8,734.6,511.6,922.8,627.3,1078.2,729.6,emotional_stability_low4_OLFhKCgexRU.000.mp4,1280,720,29.97,459,emotional_stability,low
432,14414,forehead,469.2,161.8,847.1,521.2,746.5,292.3,1218.8,741.5,emotional_stability_low4_OLFhKCgexRU.000.mp4,1280,720,29.97,459,emotional_stability,low
432,14414,chin,515.4,284.1,847.1,575.4,804.3,445.1,1218.8,809.3,emotional_stability_low4_OLFhKCgexRU.000.mp4,1280,720,29.97,459,emotional_stability,low
432,14414,left_cheek,505.5,380.2,591.7,517.0,791.8,565.3,899.6,736.3,emotional_stability_low4_OLFhKCgexRU.000.mp4,1280,720,29.97,459,emotional_stability,low
432,14414,right_cheek,678.3,285.8,817.2,434.6,1007.9,447.2,1181.4,633.3,emotional_stability_low4_OLFhKCgexRU.000.mp4,1280,720,29.97,459,emotional_stability,low
433,14447,left_eye,484.8,270.5,589.4,366.2,766.1,428.2,896.7,547.7,emotional_stability_low4_OLFhKCgexRU.000.mp4,1280,720,29.97,459,emotional_stability,low
433,14447,right_eye,613.1,204.1,735.5,309.6,926.4,345.2,1079.4,477.0,emotional_stability_low4_OLFhKCgexRU.000.mp4,1280,720,29.97,459,emotional_stability,low
433,14447,nose,594.2,299.2,675.5,414.8,902.8,464.0,1004.3,608.5,emotional_stability_low4_OLFhKCgexRU.000.mp4,1280,720,29.97,459,emotional_stability,low
433,14447,mouth,617.1,432.1,732.6,515.9,931.3,630.1,1075.8,734.9,emotional_stability_low4_OLFhKCgexRU.000.mp4,1280,720,29.97,459,emotional_stability,low
433,14447,forehead,470.7,162.1,847.4,521.2,748.4,292.6,1219.2,741.5,emotional_stability_low4_OLFhKCgexRU.000.mp4,1280,720,29.97,459,emotional_stability,low
433,14447,chin,517.4,285.9,847.4,575.8,806.8,447.4,1219.2,809.8,emotional_stability_low4_OLFhKCgexRU.000.mp4,1280,720,29.97,459,emotional_stability,low
433,14447,left_cheek,507.5,380.0,595.6,517.1,794.4,565.0,904.6,736.4,emotional_stability_low4_OLFhKCgexRU.000.mp4,1280,720,29.97,459,emotional_stability,low
433,14447,right_cheek,679.9,287.4,817.1,437.7,1009.8,449.2,1181.4,637.2,emotional_stability_low4_OLFhKCgexRU.000.mp4,1280,720,29.97,459,emotional_stability,low
434,14481,left_eye,486.1,270.3,589.5,365.9,767.6,427.9,896.8,547.4,emotional_stability_low4_OLFhKCgexRU.000.mp4,1280,720,29.97,459,emotional_stability,low
434,14481,right_eye,615.2,205.5,737.8,310.4,929.0,346.8,1082.3,478.1,emotional_stability_low4_OLFhKCgexRU.000.mp4,1280,720,29.97,459,emotional_stability,low
434,14481,nose,594.8,299.5,676.3,416.0,903.5,464.4,1005.4,610.1,emotional_stability_low4_OLFhKCgexRU.000.mp4,1280,720,29.97,459,emotional_stability,low
434,14481,mouth,620.7,434.4,732.4,518.7,935.8,633.0,1075.5,738.4,emotional_stability_low4_OLFhKCgexRU.000.mp4,1280,720,29.97,459,emotional_stability,low
434,14481,forehead,472.5,163.4,847.6,521.0,750.7,294.2,1219.4,741.2,emotional_stability_low4_OLFhKCgexRU.000.mp4,1280,720,29.97,459,emotional_stability,low
434,14481,chin,518.0,288.0,847.6,576.8,807.5,450.0,1219.4,811.0,emotional_stability_low4_OLFhKCgexRU.000.mp4,1280,720,29.97,459,emotional_stability,low
434,14481,left_cheek,508.7,380.3,597.5,517.2,795.9,565.4,906.8,736.5,emotional_stability_low4_OLFhKCgexRU.000.mp4,1280,720,29.97,459,emotional_stability,low
434,14481,right_cheek,681.0,289.8,817.1,440.7,1011.3,452.3,1181.4,640.9,emotional_stability_low4_OLFhKCgexRU.000.mp4,1280,720,29.97,459,emotional_stability,low
435,14514,left_eye,488.6,270.1,592.1,365.4,770.7,427.6,900.1,546.8,emotional_stability_low4_OLFhKCgexRU.000.mp4,1280,720,29.97,459,emotional_stability,low
435,14514,right_eye,615.3,206.4,738.7,311.0,929.1,348.0,1083.4,478.8,emotional_stability_low4_OLFhKCgexRU.000.mp4,1280,720,29.97,459,emotional_stability,low
435,14514,nose,597.6,299.7,677.0,416.7,906.9,464.6,1006.3,610.9,emotional_stability_low4_OLFhKCgexRU.000.mp4,1280,720,29.97,459,emotional_stability,low
435,14514,mouth,623.6,435.4,733.8,523.6,939.5,634.2,1077.2,744.5,emotional_stability_low4_OLFhKCgexRU.000.mp4,1280,720,29.97,459,emotional_stability,low
435,14514,forehead,475.3,164.1,847.8,520.9,754.2,295.1,1219.7,741.1,emotional_stability_low4_OLFhKCgexRU.000.mp4,1280,720,29.97,459,emotional_stability,low
435,14514,chin,518.8,289.1,847.8,577.3,808.4,451.4,1219.7,811.6,emotional_stability_low4_OLFhKCgexRU.000.mp4,1280,720,29.97,459,emotional_stability,low
435,14514,left_cheek,510.4,380.4,599.1,517.3,798.0,565.6,908.9,736.6,emotional_stability_low4_OLFhKCgexRU.000.mp4,1280,720,29.97,459,emotional_stability,low
435,14514,right_cheek,681.9,291.2,817.4,442.2,1012.4,454.0,1181.7,642.8,emotional_stability_low4_OLFhKCgexRU.000.mp4,1280,720,29.97,459,emotional_stability,low
436,14547,left_eye,490.7,270.1,595.2,364.9,773.4,427.6,904.0,546.1,emotional_stability_low4_OLFhKCgexRU.000.mp4,1280,720,29.97,459,emotional_stability,low
436,14547,right_eye,618.6,207.2,742.5,311.5,933.3,349.0,1088.1,479.3,emotional_stability_low4_OLFhKCgexRU.000.mp4,1280,720,29.97,459,emotional_stability,low
436,14547,nose,600.8,300.0,679.2,417.5,911.0,465.0,1009.0,611.9,emotional_stability_low4_OLFhKCgexRU.000.mp4,1280,720,29.97,459,emotional_stability,low
436,14547,mouth,622.3,435.7,739.9,528.8,937.9,634.7,1084.8,751.0,emotional_stability_low4_OLFhKCgexRU.000.mp4,1280,720,29.97,459,emotional_stability,low
436,14547,forehead,477.2,164.6,848.0,520.7,756.5,295.7,1220.0,740.8,emotional_stability_low4_OLFhKCgexRU.000.mp4,1280,720,29.97,459,emotional_stability,low
436,14547,chin,518.1,289.7,848.0,578.2,807.6,452.1,1220.0,812.7,emotional_stability_low4_OLFhKCgexRU.000.mp4,1280,720,29.97,459,emotional_stability,low
436,14547,left_cheek,510.6,380.6,598.4,517.4,798.2,565.7,908.0,736.8,emotional_stability_low4_OLFhKCgexRU.000.mp4,1280,720,29.97,459,emotional_stability,low
436,14547,right_cheek,684.7,292.1,818.4,442.9,1015.9,455.1,1183.0,643.6,emotional_stability_low4_OLFhKCgexRU.000.mp4,1280,720,29.97,459,emotional_stability,low
437,14581,left_eye,492.9,270.1,597.9,364.5,776.2,427.6,907.3,545.6,emotional_stability_low4_OLFhKCgexRU.000.mp4,1280,720,29.97,459,emotional_stability,low
437,14581,right_eye,622.4,207.5,746.1,311.8,938.1,349.4,1092.6,479.7,emotional_stability_low4_OLFhKCgexRU.000.mp4,1280,720,29.97,459,emotional_stability,low
437,14581,nose,602.7,300.2,681.6,417.9,913.4,465.2,1011.9,612.4,emotional_stability_low4_OLFhKCgexRU.000.mp4,1280,720,29.97,459,emotional_stability,low
437,14581,mouth,621.6,435.5,743.0,529.6,937.0,634.4,1088.7,752.0,emotional_stability_low4_OLFhKCgexRU.000.mp4,1280,720,29.97,459,emotional_stability,low
437,14581,forehead,479.7,164.8,848.3,520.4,759.6,296.0,1220.4,740.5,emotional_stability_low4_OLFhKCgexRU.000.mp4,1280,720,29.97,459,emotional_stability,low
437,14581,chin,518.5,290.1,848.3,578.3,808.1,452.6,1220.4,812.9,emotional_stability_low4_OLFhKCgexRU.000.mp4,1280,720,29.97,459,emotional_stability,low
437,14581,left_cheek,511.2,380.6,598.1,517.5,799.0,565.8,907.6,736.9,emotional_stability_low4_OLFhKCgexRU.000.mp4,1280,720,29.97,459,emotional_stability,low
437,14581,right_cheek,687.4,292.6,820.0,443.4,1019.3,455.7,1185.0,644.3,emotional_stability_low4_OLFhKCgexRU.000.mp4,1280,720,29.97,459,emotional_stability,low
438,14614,left_eye,494.2,270.1,599.3,363.9,777.7,427.6,909.1,544.9,emotional_stability_low4_OLFhKCgexRU.000.mp4,1280,720,29.97,459,emotional_stability,low
438,14614,right_eye,624.6,207.9,747.3,311.9,940.8,349.8,1094.2,479.9,emotional_stability_low4_OLFhKCgexRU.000.mp4,1280,720,29.97,459,emotional_stability,low
438,14614,nose,604.2,300.2,683.5,418.1,915.2,465.3,1014.4,612.6,emotional_stability_low4_OLFhKCgexRU.000.mp4,1280,720,29.97,459,emotional_stability,low
438,14614,mouth,621.1,435.0,744.9,529.3,936.3,633.8,1091.2,751.6,emotional_stability_low4_OLFhKCgexRU.000.mp4,1280,720,29.97,459,emotional_stability,low
438,14614,forehead,481.3,165.0,848.5,520.4,761.6,296.3,1220.6,740.4,emotional_stability_low4_OLFhKCgexRU.000.mp4,1280,720,29.97,459,emotional_stability,low
438,14614,chin,518.8,290.2,848.5,578.6,808.5,452.7,1220.6,813.2,emotional_stability_low4_OLFhKCgexRU.000.mp4,1280,720,29.97,459,emotional_stability,low
438,14614,left_cheek,511.8,380.7,597.8,517.5,799.7,565.8,907.3,736.9,emotional_stability_low4_OLFhKCgexRU.000.mp4,1280,720,29.97,459,emotional_stability,low
438,14614,right_cheek,688.9,292.8,821.0,443.9,1021.1,456.0,1186.2,644.9,emotional_stability_low4_OLFhKCgexRU.000.mp4,1280,720,29.97,459,emotional_stability,low
439,14647,left_eye,494.8,270.1,600.2,363.3,778.5,427.6,910.3,544.2,emotional_stability_low4_OLFhKCgexRU.000.mp4,1280,720,29.97,459,emotional_stability,low
439,14647,right_eye,626.7,209.0,749.1,312.0,943.3,351.2,1096.4,480.0,emotional_stability_low4_OLFhKCgexRU.000.mp4,1280,720,29.97,459,emotional_stability,low
439,14647,nose,605.4,300.3,685.4,419.0,916.8,465.4,1016.7,613.7,emotional_stability_low4_OLFhKCgexRU.000.mp4,1280,720,29.97,459,emotional_stability,low
439,14647,mouth,620.7,435.2,746.4,528.1,935.8,634.0,1093.0,750.2,emotional_stability_low4_OLFhKCgexRU.000.mp4,1280,720,29.97,459,emotional_stability,low
439,14647,forehead,482.1,165.7,848.6,520.3,762.7,297.1,1220.7,740.4,emotional_stability_low4_OLFhKCgexRU.000.mp4,1280,720,29.97,459,emotional_stability,low
439,14647,chin,518.8,291.2,848.6,578.8,808.6,453.9,1220.7,813.4,emotional_stability_low4_OLFhKCgexRU.000.mp4,1280,720,29.97,459,emotional_stability,low
439,14647,left_cheek,512.2,380.7,597.8,517.5,800.3,565.9,907.2,736.9,emotional_stability_low4_OLFhKCgexRU.000.mp4,1280,720,29.97,459,emotional_stability,low
439,14647,right_cheek,690.3,293.4,821.9,444.1,1022.9,456.7,1187.3,645.1,emotional_stability_low4_OLFhKCgexRU.000.mp4,1280,720,29.97,459,emotional_stability,low
440,14681,left_eye,495.2,270.1,600.9,363.0,779.0,427.7,911.1,543.8,emotional_stability_low4_OLFhKCgexRU.000.mp4,1280,720,29.97,459,emotional_stability,low
440,14681,right_eye,627.9,210.5,750.2,312.3,944.8,353.1,1097.7,480.4,emotional_stability_low4_OLFhKCgexRU.000.mp4,1280,720,29.97,459,emotional_stability,low
440,14681,nose,606.7,300.4,686.3,419.6,918.3,465.5,1017.9,614.5,emotional_stability_low4_OLFhKCgexRU.000.mp4,1280,720,29.97,459,emotional_stability,low
440,14681,mouth,620.4,435.4,747.2,527.2,935.5,634.2,1094.0,749.0,emotional_stability_low4_OLFhKCgexRU.000.mp4,1280,720,29.97,459,emotional_stability,low
440,14681,forehead,482.5,166.4,848.6,520.3,763.1,297.9,1220.8,740.3,emotional_stability_low4_OLFhKCgexRU.000.mp4,1280,720,29.97,459,emotional_stability,low
440,14681,chin,519.0,292.4,848.6,578.9,808.8,455.5,1220.8,813.6,emotional_stability_low4_OLFhKCgexRU.000.mp4,1280,720,29.97,459,emotional_stability,low
440,14681,left_cheek,512.8,380.7,598.0,517.6,801.0,565.9,907.6,736.9,emotional_stability_low4_OLFhKCgexRU.000.mp4,1280,720,29.97,459,emotional_stability,low
440,14681,right_cheek,691.2,294.4,822.4,444.4,1024.0,458.0,1188.0,645.4,emotional_stability_low4_OLFhKCgexRU.000.mp4,1280,720,29.97,459,emotional_stability,low
441,14714,left_eye,496.0,270.1,601.5,362.6,779.9,427.7,911.9,543.2,emotional_stability_low4_OLFhKCgexRU.000.mp4,1280,720,29.97,459,emotional_stability,low
441,14714,right_eye,629.0,211.8,751.7,312.7,946.3,354.7,1099.6,480.9,emotional_stability_low4_OLFhKCgexRU.000.mp4,1280,720,29.97,459,emotional_stability,low
441,14714,nose,607.1,300.6,686.9,420.8,918.9,465.7,1018.7,616.0,emotional_stability_low4_OLFhKCgexRU.000.mp4,1280,720,29.97,459,emotional_stability,low
441,14714,mouth,620.2,436.8,747.6,526.9,935.3,636.0,1094.5,748.6,emotional_stability_low4_OLFhKCgexRU.000.mp4,1280,720,29.97,459,emotional_stability,low
441,14714,forehead,483.4,166.9,848.8,519.4,764.3,298.7,1220.9,739.2,emotional_stability_low4_OLFhKCgexRU.000.mp4,1280,720,29.97,459,emotional_stability,low
441,14714,chin,519.8,293.5,848.8,578.9,809.8,456.9,1220.9,813.7,emotional_stability_low4_OLFhKCgexRU.000.mp4,1280,720,29.97,459,emotional_stability,low
441,14714,left_cheek,513.4,380.8,598.1,517.6,801.8,565.9,907.7,737.0,emotional_stability_low4_OLFhKCgexRU.000.mp4,1280,720,29.97,459,emotional_stability,low
441,14714,right_cheek,692.0,295.8,822.9,445.5,1025.0,459.7,1188.6,646.9,emotional_stability_low4_OLFhKCgexRU.000.mp4,1280,720,29.97,459,emotional_stability,low
442,14748,left_eye,496.8,270.9,602.2,363.1,781.0,428.6,912.8,543.8,emotional_stability_low4_OLFhKCgexRU.000.mp4,1280,720,29.97,459,emotional_stability,low
442,14748,right_eye,629.7,214.8,752.3,315.5,947.1,358.6,1100.4,484.4,emotional_stability_low4_OLFhKCgexRU.000.mp4,1280,720,29.97,459,emotional_stability,low
442,14748,nose,607.4,302.5,687.9,423.7,919.3,468.1,1019.9,619.6,emotional_stability_low4_OLFhKCgexRU.000.mp4,1280,720,29.97,459,emotional_stability,low
442,14748,mouth,620.1,439.1,748.2,527.5,935.1,638.9,1095.2,749.3,emotional_stability_low4_OLFhKCgexRU.000.mp4,1280,720,29.97,459,emotional_stability,low
442,14748,forehead,484.2,169.0,848.8,519.4,765.2,301.3,1221.0,739.3,emotional_stability_low4_OLFhKCgexRU.000.mp4,1280,720,29.97,459,emotional_stability,low
442,14748,chin,520.5,296.6,848.8,579.6,810.6,460.8,1221.0,814.5,emotional_stability_low4_OLFhKCgexRU.000.mp4,1280,720,29.97,459,emotional_stability,low
442,14748,left_cheek,514.1,382.0,598.3,518.4,802.6,567.5,907.9,738.0,emotional_stability_low4_OLFhKCgexRU.000.mp4,1280,720,29.97,459,emotional_stability,low
442,14748,right_cheek,692.6,299.4,823.0,449.3,1025.7,464.3,1188.7,651.7,emotional_stability_low4_OLFhKCgexRU.000.mp4,1280,720,29.97,459,emotional_stability,low
443,14781,left_eye,497.4,272.0,603.3,363.9,781.8,430.0,914.1,544.9,emotional_stability_low4_OLFhKCgexRU.000.mp4,1280,720,29.97,459,emotional_stability,low
443,14781,right_eye,631.2,216.8,754.3,317.5,949.1,361.0,1102.9,486.9,emotional_stability_low4_OLFhKCgexRU.000.mp4,1280,720,29.97,459,emotional_stability,low
443,14781,nose,607.9,304.3,689.3,425.9,919.9,470.4,1021.6,622.3,emotional_stability_low4_OLFhKCgexRU.000.mp4,1280,720,29.97,459,emotional_stability,low
443,14781,mouth,620.9,442.2,749.7,528.7,936.1,642.7,1097.1,750.8,emotional_stability_low4_OLFhKCgexRU.000.mp4,1280,720,29.97,459,emotional_stability,low
443,14781,forehead,484.7,170.4,849.0,519.4,765.9,303.0,1221.2,739.3,emotional_stability_low4_OLFhKCgexRU.000.mp4,1280,720,29.97,459,emotional_stability,low
443,14781,chin,521.3,297.9,849.0,580.6,811.6,462.4,1221.2,815.7,emotional_stability_low4_OLFhKCgexRU.000.mp4,1280,720,29.97,459,emotional_stability,low
443,14781,left_cheek,514.7,383.4,598.7,519.5,803.4,569.2,908.4,739.4,emotional_stability_low4_OLFhKCgexRU.000.mp4,1280,720,29.97,459,emotional_stability,low
443,14781,right_cheek,694.0,301.3,823.7,452.0,1027.5,466.7,1189.7,655.0,emotional_stability_low4_OLFhKCgexRU.000.mp4,1280,720,29.97,459,emotional_stability,low
444,14814,left_eye,497.3,273.0,603.5,364.4,781.6,431.3,914.4,545.6,emotional_stability_low4_OLFhKCgexRU.000.mp4,1280,720,29.97,459,emotional_stability,low
444,14814,right_eye,631.7,217.8,755.1,318.8,949.7,362.3,1103.8,488.5,emotional_stability_low4_OLFhKCgexRU.000.mp4,1280,720,29.97,459,emotional_stability,low
444,14814,nose,607.7,305.6,689.7,427.0,919.6,472.0,1022.1,623.8,emotional_stability_low4_OLFhKCgexRU.000.mp4,1280,720,29.97,459,emotional_stability,low
444,14814,mouth,620.8,444.4,749.8,530.6,935.9,645.6,1097.3,753.3,emotional_stability_low4_OLFhKCgexRU.000.mp4,1280,720,29.97,459,emotional_stability,low
444,14814,forehead,484.4,171.2,849.2,519.6,765.5,304.0,1221.5,739.4,emotional_stability_low4_OLFhKCgexRU.000.mp4,1280,720,29.97,459,emotional_stability,low
444,14814,chin,521.0,299.2,849.2,581.9,811.2,464.0,1221.5,817.4,emotional_stability_low4_OLFhKCgexRU.000.mp4,1280,720,29.97,459,emotional_stability,low
444,14814,left_cheek,514.5,384.6,598.6,520.7,803.1,570.7,908.3,740.9,emotional_stability_low4_OLFhKCgexRU.000.mp4,1280,720,29.97,459,emotional_stability,low
444,14814,right_cheek,694.4,302.8,824.0,454.2,1028.0,468.5,1190.0,657.7,emotional_stability_low4_OLFhKCgexRU.000.mp4,1280,720,29.97,459,emotional_stability,low
445,14848,left_eye,497.0,273.5,603.4,364.7,781.2,431.8,914.3,545.9,emotional_stability_low4_OLFhKCgexRU.000.mp4,1280,720,29.97,459,emotional_stability,low
445,14848,right_eye,631.8,218.5,755.6,319.7,949.8,363.2,1104.5,489.6,emotional_stability_low4_OLFhKCgexRU.000.mp4,1280,720,29.97,459,emotional_stability,low
445,14848,nose,607.5,306.2,689.8,427.5,919.4,472.7,1022.2,624.4,emotional_stability_low4_OLFhKCgexRU.000.mp4,1280,720,29.97,459,emotional_stability,low
445,14848,mouth,620.7,446.8,749.8,531.2,935.8,648.5,1097.2,753.9,emotional_stability_low4_OLFhKCgexRU.000.mp4,1280,720,29.97,459,emotional_stability,low
445,14848,forehead,484.1,171.7,849.2,519.5,765.1,304.7,1221.5,739.4,emotional_stability_low4_OLFhKCgexRU.000.mp4,1280,720,29.97,459,emotional_stability,low
445,14848,chin,520.9,300.0,849.2,582.5,811.1,465.0,1221.5,818.1,emotional_stability_low4_OLFhKCgexRU.000.mp4,1280,720,29.97,459,emotional_stability,low
445,14848,left_cheek,514.3,385.2,598.1,521.2,802.9,571.5,907.7,741.5,emotional_stability_low4_OLFhKCgexRU.000.mp4,1280,720,29.97,459,emotional_stability,low
445,14848,right_cheek,694.5,303.8,824.1,455.6,1028.1,469.8,1190.1,659.5,emotional_stability_low4_OLFhKCgexRU.000.mp4,1280,720,29.97,459,emotional_stability,low
446,14881,left_eye,496.8,273.4,603.4,364.6,781.0,431.7,914.2,545.8,emotional_stability_low4_OLFhKCgexRU.000.mp4,1280,720,29.97,459,emotional_stability,low
446,14881,right_eye,632.1,218.2,756.8,319.9,950.1,362.7,1106.0,489.8,emotional_stability_low4_OLFhKCgexRU.000.mp4,1280,720,29.97,459,emotional_stability,low
446,14881,nose,606.7,306.2,689.8,428.9,918.4,472.8,1022.3,626.1,emotional_stability_low4_OLFhKCgexRU.000.mp4,1280,720,29.97,459,emotional_stability,low
446,14881,mouth,618.9,449.4,751.0,530.9,933.6,651.8,1098.8,753.6,emotional_stability_low4_OLFhKCgexRU.000.mp4,1280,720,29.97,459,emotional_stability,low
446,14881,forehead,483.9,171.6,849.6,519.4,764.9,304.5,1222.0,739.3,emotional_stability_low4_OLFhKCgexRU.000.mp4,1280,720,29.97,459,emotional_stability,low
446,14881,chin,520.6,300.2,849.6,582.9,810.7,465.3,1222.0,818.7,emotional_stability_low4_OLFhKCgexRU.000.mp4,1280,720,29.97,459,emotional_stability,low
446,14881,left_cheek,513.9,385.7,596.3,521.8,802.4,572.1,905.4,742.3,emotional_stability_low4_OLFhKCgexRU.000.mp4,1280,720,29.97,459,emotional_stability,low
446,14881,right_cheek,694.8,304.4,824.6,456.8,1028.5,470.5,1190.8,661.0,emotional_stability_low4_OLFhKCgexRU.000.mp4,1280,720,29.97,459,emotional_stability,low
447,14914,left_eye,496.7,273.0,603.4,364.5,780.9,431.2,914.2,545.6,emotional_stability_low4_OLFhKCgexRU.000.mp4,1280,720,29.97,459,emotional_stability,low
447,14914,right_eye,632.7,217.9,758.3,319.7,950.9,362.4,1107.9,489.7,emotional_stability_low4_OLFhKCgexRU.000.mp4,1280,720,29.97,459,emotional_stability,low
447,14914,nose,606.6,306.1,690.0,429.8,918.3,472.6,1022.6,627.3,emotional_stability_low4_OLFhKCgexRU.000.mp4,1280,720,29.97,459,emotional_stability,low
447,14914,mouth,617.5,450.9,751.6,529.5,931.9,653.6,1099.5,751.9,emotional_stability_low4_OLFhKCgexRU.000.mp4,1280,720,29.97,459,emotional_stability,low
447,14914,forehead,483.8,171.5,849.7,518.9,764.7,304.4,1222.1,738.7,emotional_stability_low4_OLFhKCgexRU.000.mp4,1280,720,29.97,459,emotional_stability,low
447,14914,chin,520.4,300.7,849.7,583.0,810.5,465.9,1222.1,818.7,emotional_stability_low4_OLFhKCgexRU.000.mp4,1280,720,29.97,459,emotional_stability,low
447,14914,left_cheek,513.6,385.7,595.9,521.9,802.0,572.1,904.9,742.3,emotional_stability_low4_OLFhKCgexRU.000.mp4,1280,720,29.97,459,emotional_stability,low
447,14914,right_cheek,695.2,305.0,824.9,457.8,1029.1,471.2,1191.1,662.2,emotional_stability_low4_OLFhKCgexRU.000.mp4,1280,720,29.97,459,emotional_stability,low
448,14948,left_eye,496.8,272.2,603.7,363.7,781.0,430.2,914.6,544.7,emotional_stability_low4_OLFhKCgexRU.000.mp4,1280,720,29.97,459,emotional_stability,low
448,14948,right_eye,633.7,217.7,759.4,319.6,952.1,362.2,1109.3,489.5,emotional_stability_low4_OLFhKCgexRU.000.mp4,1280,720,29.97,459,emotional_stability,low
448,14948,nose,606.6,306.0,690.1,429.8,918.2,472.5,1022.7,627.3,emotional_stability_low4_OLFhKCgexRU.000.mp4,1280,720,29.97,459,emotional_stability,low
448,14948,mouth,616.8,451.1,751.3,528.2,931.0,653.8,1099.1,750.3,emotional_stability_low4_OLFhKCgexRU.000.mp4,1280,720,29.97,459,emotional_stability,low
448,14948,forehead,484.0,171.0,849.7,518.0,765.0,303.8,1222.1,737.5,emotional_stability_low4_OLFhKCgexRU.000.mp4,1280,720,29.97,459,emotional_stability,low
448,14948,chin,520.4,301.3,849.7,583.0,810.4,466.6,1222.1,818.8,emotional_stability_low4_OLFhKCgexRU.000.mp4,1280,720,29.97,459,emotional_stability,low
448,14948,left_cheek,513.5,385.5,595.8,521.8,801.9,571.9,904.7,742.3,emotional_stability_low4_OLFhKCgexRU.000.mp4,1280,720,29.97,459,emotional_stability,low
448,14948,right_cheek,695.5,305.5,824.9,458.4,1029.4,471.8,1191.2,663.0,emotional_stability_low4_OLFhKCgexRU.000.mp4,1280,720,29.97,459,emotional_stability,low
449,14981,left_eye,496.2,271.5,603.6,363.0,780.2,429.4,914.4,543.7,emotional_stability_low4_OLFhKCgexRU.000.mp4,1280,720,29.97,459,emotional_stability,low
449,14981,right_eye,633.4,217.6,758.7,319.5,951.7,362.1,1108.4,489.3,emotional_stability_low4_OLFhKCgexRU.000.mp4,1280,720,29.97,459,emotional_stability,low
449,14981,nose,606.4,305.8,690.1,429.8,918.0,472.3,1022.6,627.2,emotional_stability_low4_OLFhKCgexRU.000.mp4,1280,720,29.97,459,emotional_stability,low
449,14981,mouth,615.6,451.4,751.2,527.0,929.5,654.2,1099.0,748.7,emotional_stability_low4_OLFhKCgexRU.000.mp4,1280,720,29.97,459,emotional_stability,low
449,14981,forehead,483.4,170.4,849.7,517.9,764.2,303.1,1222.1,737.4,emotional_stability_low4_OLFhKCgexRU.000.mp4,1280,720,29.97,459,emotional_stability,low
449,14981,chin,517.8,301.6,849.7,583.1,807.2,467.0,1222.1,818.9,emotional_stability_low4_OLFhKCgexRU.000.mp4,1280,720,29.97,459,emotional_stability,low
449,14981,left_cheek,511.9,385.4,595.4,521.8,799.9,571.7,904.3,742.2,emotional_stability_low4_OLFhKCgexRU.000.mp4,1280,720,29.97,459,emotional_stability,low
449,14981,right_cheek,695.4,305.8,824.9,458.9,1029.3,472.3,1191.2,663.6,emotional_stability_low4_OLFhKCgexRU.000.mp4,1280,720,29.97,459,emotional_stability,low
450,15015,left_eye,496.0,271.0,603.5,362.4,780.0,428.8,914.4,543.0,emotional_stability_low4_OLFhKCgexRU.000.mp4,1280,720,29.97,459,emotional_stability,low
450,15015,right_eye,633.6,217.6,759.2,319.4,952.0,362.0,1109.0,489.2,emotional_stability_low4_OLFhKCgexRU.000.mp4,1280,720,29.97,459,emotional_stability,low
450,15015,nose,606.2,305.8,690.0,430.5,917.7,472.3,1022.5,628.2,emotional_stability_low4_OLFhKCgexRU.000.mp4,1280,720,29.97,459,emotional_stability,low
450,15015,mouth,614.6,452.4,751.1,526.7,928.2,655.5,1098.9,748.3,emotional_stability_low4_OLFhKCgexRU.000.mp4,1280,720,29.97,459,emotional_stability,low
450,15015,forehead,483.1,170.2,849.7,517.8,763.9,302.8,1222.1,737.2,emotional_stability_low4_OLFhKCgexRU.000.mp4,1280,720,29.97,459,emotional_stability,low
450,15015,chin,516.5,302.1,849.7,583.4,805.6,467.7,1222.1,819.2,emotional_stability_low4_OLFhKCgexRU.000.mp4,1280,720,29.97,459,emotional_stability,low
450,15015,left_cheek,510.9,385.3,595.2,521.7,798.6,571.6,904.0,742.2,emotional_stability_low4_OLFhKCgexRU.000.mp4,1280,720,29.97,459,emotional_stability,low
450,15015,right_cheek,695.3,306.4,824.9,459.7,1029.1,473.0,1191.1,664.6,emotional_stability_low4_OLFhKCgexRU.000.mp4,1280,720,29.97,459,emotional_stability,low
451,15048,left_eye,495.4,271.0,603.4,362.5,779.3,428.8,914.2,543.1,emotional_stability_low4_OLFhKCgexRU.000.mp4,1280,720,29.97,459,emotional_stability,low
451,15048,right_eye,633.6,217.9,759.2,319.9,952.0,362.4,1108.9,489.8,emotional_stability_low4_OLFhKCgexRU.000.mp4,1280,720,29.97,459,emotional_stability,low
451,15048,nose,606.1,305.9,690.0,432.0,917.7,472.4,1022.4,629.9,emotional_stability_low4_OLFhKCgexRU.000.mp4,1280,720,29.97,459,emotional_stability,low
451,15048,mouth,614.4,454.1,750.9,526.7,928.0,657.6,1098.7,748.4,emotional_stability_low4_OLFhKCgexRU.000.mp4,1280,720,29.97,459,emotional_stability,low
451,15048,forehead,482.6,170.2,849.6,518.2,763.3,302.8,1222.0,737.8,emotional_stability_low4_OLFhKCgexRU.000.mp4,1280,720,29.97,459,emotional_stability,low
451,15048,chin,514.8,303.3,849.6,583.8,803.5,469.2,1222.0,819.8,emotional_stability_low4_OLFhKCgexRU.000.mp4,1280,720,29.97,459,emotional_stability,low
451,15048,left_cheek,509.8,385.4,595.0,522.4,797.2,571.8,903.8,743.0,emotional_stability_low4_OLFhKCgexRU.000.mp4,1280,720,29.97,459,emotional_stability,low
451,15048,right_cheek,695.2,307.8,824.8,461.2,1029.0,474.8,1191.1,666.4,emotional_stability_low4_OLFhKCgexRU.000.mp4,1280,720,29.97,459,emotional_stability,low
452,15081,left_eye,494.8,271.1,603.2,362.6,778.6,428.9,914.0,543.3,emotional_stability_low4_OLFhKCgexRU.000.mp4,1280,720,29.97,459,emotional_stability,low
452,15081,right_eye,633.7,218.6,759.4,320.6,952.1,363.2,1109.3,490.7,emotional_stability_low4_OLFhKCgexRU.000.mp4,1280,720,29.97,459,emotional_stability,low
452,15081,nose,606.0,306.3,689.9,433.0,917.5,472.9,1022.4,631.2,emotional_stability_low4_OLFhKCgexRU.000.mp4,1280,720,29.97,459,emotional_stability,low
452,15081,mouth,614.1,455.1,750.8,526.7,927.6,658.9,1098.5,748.4,emotional_stability_low4_OLFhKCgexRU.000.mp4,1280,720,29.97,459,emotional_stability,low
452,15081,forehead,482.0,170.3,849.6,518.4,762.5,302.8,1222.0,738.0,emotional_stability_low4_OLFhKCgexRU.000.mp4,1280,720,29.97,459,emotional_stability,low
452,15081,chin,513.7,303.9,849.6,584.3,802.2,469.8,1222.0,820.4,emotional_stability_low4_OLFhKCgexRU.000.mp4,1280,720,29.97,459,emotional_stability,low
452,15081,left_cheek,508.7,385.7,594.7,522.9,795.9,572.1,903.4,743.7,emotional_stability_low4_OLFhKCgexRU.000.mp4,1280,720,29.97,459,emotional_stability,low
452,15081,right_cheek,695.2,308.7,824.8,462.1,1029.0,475.8,1191.0,667.6,emotional_stability_low4_OLFhKCgexRU.000.mp4,1280,720,29.97,459,emotional_stability,low
453,15115,left_eye,492.9,271.3,601.7,362.9,776.1,429.1,912.1,543.7,emotional_stability_low4_OLFhKCgexRU.000.mp4,1280,720,29.97,459,emotional_stability,low
453,15115,right_eye,633.6,219.0,759.2,321.1,952.1,363.8,1109.0,491.4,emotional_stability_low4_OLFhKCgexRU.000.mp4,1280,720,29.97,459,emotional_stability,low
453,15115,nose,605.1,306.7,689.7,434.0,916.4,473.4,1022.2,632.5,emotional_stability_low4_OLFhKCgexRU.000.mp4,1280,720,29.97,459,emotional_stability,low
453,15115,mouth,612.8,456.2,750.5,527.2,926.0,660.3,1098.1,749.0,emotional_stability_low4_OLFhKCgexRU.000.mp4,1280,720,29.97,459,emotional_stability,low
453,15115,forehead,479.7,170.3,849.6,519.1,759.7,302.9,1222.0,738.8,emotional_stability_low4_OLFhKCgexRU.000.mp4,1280,720,29.97,459,emotional_stability,low
453,15115,chin,510.6,304.5,849.6,585.0,798.3,470.6,1222.0,821.3,emotional_stability_low4_OLFhKCgexRU.000.mp4,1280,720,29.97,459,emotional_stability,low
453,15115,left_cheek,506.1,386.2,593.3,523.8,792.7,572.7,901.6,744.7,emotional_stability_low4_OLFhKCgexRU.000.mp4,1280,720,29.97,459,emotional_stability,low
453,15115,right_cheek,695.0,309.5,824.8,463.2,1028.7,476.9,1191.0,669.0,emotional_stability_low4_OLFhKCgexRU.000.mp4,1280,720,29.97,459,emotional_stability,low
454,15148,left_eye,491.8,271.2,601.3,362.8,774.8,429.0,911.6,543.5,emotional_stability_low4_OLFhKCgexRU.000.mp4,1280,720,29.97,459,emotional_stability,low
454,15148,right_eye,633.6,218.9,759.2,321.1,952.0,363.7,1109.1,491.4,emotional_stability_low4_OLFhKCgexRU.000.mp4,1280,720,29.97,459,emotional_stability,low
454,15148,nose,604.5,306.7,689.5,434.2,915.6,473.3,1021.9,632.7,emotional_stability_low4_OLFhKCgexRU.000.mp4,1280,720,29.97,459,emotional_stability,low
454,15148,mouth,611.5,456.5,750.4,527.3,924.4,660.6,1098.1,749.2,emotional_stability_low4_OLFhKCgexRU.000.mp4,1280,720,29.97,459,emotional_stability,low
454,15148,forehead,478.6,170.2,849.6,519.0,758.3,302.7,1222.0,738.8,emotional_stability_low4_OLFhKCgexRU.000.mp4,1280,720,29.97,459,emotional_stability,low
454,15148,chin,509.3,304.4,849.6,585.4,796.7,470.4,1222.0,821.8,emotional_stability_low4_OLFhKCgexRU.000.mp4,1280,720,29.97,459,emotional_stability,low
454,15148,left_cheek,504.9,386.2,592.6,523.8,791.2,572.7,900.7,744.7,emotional_stability_low4_OLFhKCgexRU.000.mp4,1280,720,29.97,459,emotional_stability,low
454,15148,right_cheek,694.9,309.4,824.8,463.4,1028.6,476.8,1191.0,669.2,emotional_stability_low4_OLFhKCgexRU.000.mp4,1280,720,29.97,459,emotional_stability,low
455,15181,left_eye,491.0,270.5,601.2,362.4,773.7,428.2,911.5,543.0,emotional_stability_low4_OLFhKCgexRU.000.mp4,1280,720,29.97,459,emotional_stability,low
455,15181,right_eye,633.8,218.9,760.3,321.1,952.3,363.6,1110.4,491.3,emotional_stability_low4_OLFhKCgexRU.000.mp4,1280,720,29.97,459,emotional_stability,low
455,15181,nose,604.4,306.5,689.7,434.2,915.5,473.1,1022.1,632.8,emotional_stability_low4_OLFhKCgexRU.000.mp4,1280,720,29.97,459,emotional_stability,low
455,15181,mouth,611.5,456.5,750.5,527.6,924.4,660.6,1098.1,749.6,emotional_stability_low4_OLFhKCgexRU.000.mp4,1280,720,29.97,459,emotional_stability,low
455,15181,forehead,477.6,169.7,849.6,519.0,757.1,302.1,1222.0,738.8,emotional_stability_low4_OLFhKCgexRU.000.mp4,1280,720,29.97,459,emotional_stability,low
455,15181,chin,507.8,304.5,849.6,586.2,794.7,470.6,1222.0,822.7,emotional_stability_low4_OLFhKCgexRU.000.mp4,1280,720,29.97,459,emotional_stability,low
455,15181,left_cheek,503.9,386.1,592.3,523.9,789.9,572.6,900.4,744.9,emotional_stability_low4_OLFhKCgexRU.000.mp4,1280,720,29.97,459,emotional_stability,low
455,15181,right_cheek,695.0,309.5,824.9,463.9,1028.8,476.8,1191.2,669.8,emotional_stability_low4_OLFhKCgexRU.000.mp4,1280,720,29.97,459,emotional_stability,low
456,15215,left_eye,489.6,269.9,599.6,361.5,772.0,427.4,909.5,541.9,emotional_stability_low4_OLFhKCgexRU.000.mp4,1280,720,29.97,459,emotional_stability,low
456,15215,right_eye,633.8,218.8,760.2,320.8,952.2,363.5,1110.2,491.0,emotional_stability_low4_OLFhKCgexRU.000.mp4,1280,720,29.97,459,emotional_stability,low
456,15215,nose,603.6,306.1,689.2,434.0,914.5,472.7,1021.6,632.5,emotional_stability_low4_OLFhKCgexRU.000.mp4,1280,720,29.97,459,emotional_stability,low
456,15215,mouth,609.5,456.3,748.9,527.7,921.9,660.3,1096.1,749.6,emotional_stability_low4_OLFhKCgexRU.000.mp4,1280,720,29.97,459,emotional_stability,low
456,15215,forehead,476.0,169.3,849.4,519.0,755.0,301.6,1221.7,738.8,emotional_stability_low4_OLFhKCgexRU.000.mp4,1280,720,29.97,459,emotional_stability,low
456,15215,chin,505.8,305.0,849.4,586.4,792.3,471.2,1221.7,823.0,emotional_stability_low4_OLFhKCgexRU.000.mp4,1280,720,29.97,459,emotional_stability,low
456,15215,left_cheek,502.2,385.7,591.2,523.9,787.8,572.1,898.9,744.8,emotional_stability_low4_OLFhKCgexRU.000.mp4,1280,720,29.97,459,emotional_stability,low
456,15215,right_cheek,694.7,309.6,824.7,464.1,1028.4,477.1,1190.9,670.1,emotional_stability_low4_OLFhKCgexRU.000.mp4,1280,720,29.97,459,emotional_stability,low
457,15248,left_eye,489.8,268.3,599.6,359.5,772.2,425.4,909.5,539.4,emotional_stability_low4_OLFhKCgexRU.000.mp4,1280,720,29.97,459,emotional_stability,low
457,15248,right_eye,634.3,218.3,761.0,319.5,952.9,362.9,1111.3,489.4,emotional_stability_low4_OLFhKCgexRU.000.mp4,1280,720,29.97,459,emotional_stability,low
457,15248,nose,603.6,304.2,689.5,432.5,914.4,470.3,1021.8,630.6,emotional_stability_low4_OLFhKCgexRU.000.mp4,1280,720,29.97,459,emotional_stability,low
457,15248,mouth,609.5,456.2,748.7,527.4,921.9,660.2,1095.9,749.3,emotional_stability_low4_OLFhKCgexRU.000.mp4,1280,720,29.97,459,emotional_stability,low
457,15248,forehead,476.0,168.9,849.3,518.7,755.0,301.1,1221.6,738.3,emotional_stability_low4_OLFhKCgexRU.000.mp4,1280,720,29.97,459,emotional_stability,low
457,15248,chin,505.6,305.9,849.3,586.3,792.0,472.4,1221.6,822.9,emotional_stability_low4_OLFhKCgexRU.000.mp4,1280,720,29.97,459,emotional_stability,low
457,15248,left_cheek,502.3,383.8,591.2,523.0,787.8,569.7,899.0,743.8,emotional_stability_low4_OLFhKCgexRU.000.mp4,1280,720,29.97,459,emotional_stability,low
457,15248,right_cheek,694.9,309.6,824.7,463.9,1028.6,477.0,1190.9,669.8,emotional_stability_low4_OLFhKCgexRU.000.mp4,1280,720,29.97,459,emotional_stability,low
458,15281,left_eye,489.4,266.2,599.6,356.5,771.7,422.8,909.5,535.6,emotional_stability_low4_OLFhKCgexRU.000.mp4,1280,720,29.97,459,emotional_stability,low
458,15281,right_eye,634.7,217.1,761.3,317.6,953.4,361.3,1111.6,487.1,emotional_stability_low4_OLFhKCgexRU.000.mp4,1280,720,29.97,459,emotional_stability,low
458,15281,nose,603.5,301.9,689.6,430.2,914.4,467.4,1022.0,627.7,emotional_stability_low4_OLFhKCgexRU.000.mp4,1280,720,29.97,459,emotional_stability,low
458,15281,mouth,608.6,454.1,747.7,526.3,920.7,657.7,1094.6,747.9,emotional_stability_low4_OLFhKCgexRU.000.mp4,1280,720,29.97,459,emotional_stability,low
458,15281,forehead,475.2,167.7,849.2,518.5,754.0,299.6,1221.4,738.1,emotional_stability_low4_OLFhKCgexRU.000.mp4,1280,720,29.97,459,emotional_stability,low
458,15281,chin,503.1,306.1,849.2,586.2,788.9,472.6,1221.4,822.8,emotional_stability_low4_OLFhKCgexRU.000.mp4,1280,720,29.97,459,emotional_stability,low
458,15281,left_cheek,501.3,381.3,591.1,521.8,786.6,566.6,898.9,742.3,emotional_stability_low4_OLFhKCgexRU.000.mp4,1280,720,29.97,459,emotional_stability,low
458,15281,right_cheek,694.9,309.5,824.7,463.7,1028.6,476.9,1190.8,669.6,emotional_stability_low4_OLFhKCgexRU.000.mp4,1280,720,29.97,459,emotional_stability,low
