frame,timestamp_ms,aoi_name,vid_x_min,vid_y_min,vid_x_max,vid_y_max,screen_x_min,screen_y_min,screen_x_max,screen_y_max,video_file,native_width,native_height,fps,total_frames,trait,level
0,0,left_eye,512.1,206.5,634.0,306.2,800.1,348.1,952.5,472.7,NBacfF-K2eQ.004.mp4,1280,720,15.0,230,agreeableness,low
0,0,right_eye,686.4,243.2,794.7,342.7,1018.0,394.1,1153.4,518.3,NBacfF-K2eQ.004.mp4,1280,720,15.0,230,agreeableness,low
0,0,nose,597.8,287.4,690.3,404.5,907.3,449.2,1022.8,595.7,NBacfF-K2eQ.004.mp4,1280,720,15.0,230,agreeableness,low
0,0,mouth,558.6,421.4,683.5,522.8,858.2,616.7,1014.4,743.5,NBacfF-K2eQ.004.mp4,1280,720,15.0,230,agreeableness,low
0,0,forehead,458.5,176.2,804.3,487.4,733.1,310.3,1165.4,699.2,NBacfF-K2eQ.004.mp4,1280,720,15.0,230,agreeableness,low
0,0,chin,458.5,312.5,791.3,572.3,733.1,480.7,1149.1,805.4,NBacfF-K2eQ.004.mp4,1280,720,15.0,230,agreeableness,low
0,0,left_cheek,480.1,309.4,590.0,451.6,760.1,476.8,897.5,654.5,NBacfF-K2eQ.004.mp4,1280,720,15.0,230,agreeableness,low
0,0,right_cheek,698.9,360.0,789.9,492.0,1033.6,540.0,1147.4,705.0,NBacfF-K2eQ.004.mp4,1280,720,15.0,230,agreeableness,low
1,66,left_eye,511.1,205.0,633.9,306.2,798.8,346.3,952.4,472.7,NBacfF-K2eQ.004.mp4,1280,720,15.0,230,agreeableness,low
1,66,right_eye,685.5,239.6,794.6,342.7,1016.9,389.5,1153.3,518.3,NBacfF-K2eQ.004.mp4,1280,720,15.0,230,agreeableness,low
1,66,nose,597.8,285.3,689.7,404.5,907.3,446.6,1022.1,595.6,NBacfF-K2eQ.004.mp4,1280,720,15.0,230,agreeableness,low
1,66,mouth,558.7,421.8,682.4,524.7,858.3,617.2,1013.0,745.8,NBacfF-K2eQ.004.mp4,1280,720,15.0,230,agreeableness,low
1,66,forehead,456.4,169.7,804.4,489.2,730.5,302.1,1165.4,701.4,NBacfF-K2eQ.004.mp4,1280,720,15.0,230,agreeableness,low
1,66,chin,456.4,313.6,789.6,575.1,730.5,481.9,1147.1,808.8,NBacfF-K2eQ.004.mp4,1280,720,15.0,230,agreeableness,low
1,66,left_cheek,479.2,309.8,589.3,454.0,759.0,477.3,896.7,657.5,NBacfF-K2eQ.004.mp4,1280,720,15.0,230,agreeableness,low
1,66,right_cheek,698.4,360.0,788.6,493.2,1033.0,540.0,1145.7,706.5,NBacfF-K2eQ.004.mp4,1280,720,15.0,230,agreeableness,low
2,133,left_eye,510.3,205.3,633.2,307.9,797.9,346.6,951.5,474.9,NBacfF-K2eQ.004.mp4,1280,720,15.0,230,agreeableness,low
2,133,right_eye,685.5,240.0,794.6,343.1,1016.8,390.0,1153.3,518.8,NBacfF-K2eQ.004.mp4,1280,720,15.0,230,agreeableness,low
2,133,nose,595.7,285.4,689.1,406.5,904.6,446.7,1021.3,598.1,NBacfF-K2eQ.004.mp4,1280,720,15.0,230,agreeableness,low
2,133,mouth,561.0,431.0,678.8,521.1,861.3,628.7,1008.6,741.4,NBacfF-K2eQ.004.mp4,1280,720,15.0,230,agreeableness,low
2,133,forehead,456.4,169.7,805.0,489.1,730.5,302.1,1166.3,701.3,NBacfF-K2eQ.004.mp4,1280,720,15.0,230,agreeableness,low
2,133,chin,456.4,314.5,789.9,574.8,730.5,483.1,1147.4,808.4,NBacfF-K2eQ.004.mp4,1280,720,15.0,230,agreeableness,low
2,133,left_cheek,479.2,312.1,587.8,456.2,758.9,480.1,894.8,660.2,NBacfF-K2eQ.004.mp4,1280,720,15.0,230,agreeableness,low
2,133,right_cheek,697.5,360.7,788.5,493.5,1031.9,540.8,1145.6,706.9,NBacfF-K2eQ.004.mp4,1280,720,15.0,230,agreeableness,low
3,200,left_eye,509.6,206.8,632.4,307.9,797.0,348.6,950.5,474.9,NBacfF-K2eQ.004.mp4,1280,720,15.0,230,agreeableness,low
3,200,right_eye,685.4,240.0,794.8,343.1,1016.7,390.1,1153.4,518.8,NBacfF-K2eQ.004.mp4,1280,720,15.0,230,agreeableness,low
3,200,nose,593.8,285.5,689.4,408.0,902.2,446.9,1021.8,600.0,NBacfF-K2eQ.004.mp4,1280,720,15.0,230,agreeableness,low
3,200,mouth,563.0,433.2,680.4,515.4,863.8,631.4,1010.5,734.3,NBacfF-K2eQ.004.mp4,1280,720,15.0,230,agreeableness,low
3,200,forehead,456.6,168.8,806.5,486.6,730.7,301.0,1168.1,698.3,NBacfF-K2eQ.004.mp4,1280,720,15.0,230,agreeableness,low
3,200,chin,456.6,314.1,791.5,574.0,730.7,482.6,1149.4,807.4,NBacfF-K2eQ.004.mp4,1280,720,15.0,230,agreeableness,low
3,200,left_cheek,479.0,312.2,587.1,456.0,758.8,480.2,893.9,660.1,NBacfF-K2eQ.004.mp4,1280,720,15.0,230,agreeableness,low
3,200,right_cheek,697.6,360.7,789.3,493.5,1031.9,540.8,1146.7,706.9,NBacfF-K2eQ.004.mp4,1280,720,15.0,230,agreeableness,low
4,266,left_eye,509.5,208.9,632.3,308.4,796.9,351.2,950.4,475.4,NBacfF-K2eQ.004.mp4,1280,720,15.0,230,agreeableness,low
4,266,right_eye,685.2,242.9,794.7,343.1,1016.5,393.6,1153.4,518.8,NBacfF-K2eQ.004.mp4,1280,720,15.0,230,agreeableness,low
4,266,nose,592.9,286.6,690.2,410.2,901.1,448.3,1022.7,602.8,NBacfF-K2eQ.004.mp4,1280,720,15.0,230,agreeableness,low
4,266,mouth,562.9,434.9,681.8,512.7,863.6,633.7,1012.2,730.9,NBacfF-K2eQ.004.mp4,1280,720,15.0,230,agreeableness,low
4,266,forehead,456.6,168.8,806.6,486.7,730.8,301.1,1168.2,698.4,NBacfF-K2eQ.004.mp4,1280,720,15.0,230,agreeableness,low
4,266,chin,456.6,314.1,791.6,573.9,730.8,482.7,1149.5,807.3,NBacfF-K2eQ.004.mp4,1280,720,15.0,230,agreeableness,low
4,266,left_cheek,479.0,312.9,587.0,456.7,758.7,481.1,893.8,660.9,NBacfF-K2eQ.004.mp4,1280,720,15.0,230,agreeableness,low
4,266,right_cheek,697.6,361.3,789.4,494.0,1032.0,541.6,1146.8,707.6,NBacfF-K2eQ.004.mp4,1280,720,15.0,230,agreeableness,low
5,333,left_eye,508.6,212.1,631.6,309.9,795.8,355.1,949.5,477.4,NBacfF-K2eQ.004.mp4,1280,720,15.0,230,agreeableness,low
5,333,right_eye,684.5,245.5,794.5,343.9,1015.6,396.9,1153.2,519.8,NBacfF-K2eQ.004.mp4,1280,720,15.0,230,agreeableness,low
5,333,nose,591.2,288.9,690.3,411.9,899.0,451.1,1022.8,604.9,NBacfF-K2eQ.004.mp4,1280,720,15.0,230,agreeableness,low
5,333,mouth,559.7,434.2,683.4,513.2,859.6,632.7,1014.2,731.5,NBacfF-K2eQ.004.mp4,1280,720,15.0,230,agreeableness,low
5,333,forehead,456.4,169.0,806.5,486.9,730.5,301.2,1168.1,698.6,NBacfF-K2eQ.004.mp4,1280,720,15.0,230,agreeableness,low
5,333,chin,456.4,314.6,791.6,573.8,730.5,483.3,1149.5,807.2,NBacfF-K2eQ.004.mp4,1280,720,15.0,230,agreeableness,low
5,333,left_cheek,477.9,314.0,586.2,456.7,757.4,482.5,892.7,660.9,NBacfF-K2eQ.004.mp4,1280,720,15.0,230,agreeableness,low
5,333,right_cheek,697.5,362.4,789.4,494.2,1031.9,543.0,1146.8,707.8,NBacfF-K2eQ.004.mp4,1280,720,15.0,230,agreeableness,low
6,400,left_eye,507.4,212.1,631.5,310.7,794.3,355.2,949.4,478.4,NBacfF-K2eQ.004.mp4,1280,720,15.0,230,agreeableness,low
6,400,right_eye,684.5,246.0,794.4,344.2,1015.6,397.5,1153.0,520.2,NBacfF-K2eQ.004.mp4,1280,720,15.0,230,agreeableness,low
6,400,nose,591.8,289.2,691.1,411.6,899.8,451.6,1023.9,604.5,NBacfF-K2eQ.004.mp4,1280,720,15.0,230,agreeableness,low
6,400,mouth,559.1,433.6,685.9,520.3,858.9,632.0,1017.3,740.4,NBacfF-K2eQ.004.mp4,1280,720,15.0,230,agreeableness,low
6,400,forehead,455.2,169.3,806.5,487.2,729.0,301.6,1168.1,699.0,NBacfF-K2eQ.004.mp4,1280,720,15.0,230,agreeableness,low
6,400,chin,455.2,316.1,791.5,574.8,729.0,485.2,1149.3,808.5,NBacfF-K2eQ.004.mp4,1280,720,15.0,230,agreeableness,low
6,400,left_cheek,477.5,315.2,586.2,458.3,756.9,483.9,892.8,662.9,NBacfF-K2eQ.004.mp4,1280,720,15.0,230,agreeableness,low
6,400,right_cheek,698.0,362.7,789.4,494.8,1032.6,543.3,1146.8,708.4,NBacfF-K2eQ.004.mp4,1280,720,15.0,230,agreeableness,low
7,466,left_eye,507.2,213.2,631.7,311.9,794.0,356.5,949.6,479.9,NBacfF-K2eQ.004.mp4,1280,720,15.0,230,agreeableness,low
7,466,right_eye,684.5,247.9,794.9,345.5,1015.6,399.9,1153.6,521.9,NBacfF-K2eQ.004.mp4,1280,720,15.0,230,agreeableness,low
7,466,nose,592.3,291.0,692.4,412.8,900.4,453.7,1025.5,606.0,NBacfF-K2eQ.004.mp4,1280,720,15.0,230,agreeableness,low
7,466,mouth,557.4,433.5,687.0,521.9,856.7,631.9,1018.7,742.4,NBacfF-K2eQ.004.mp4,1280,720,15.0,230,agreeableness,low
7,466,forehead,454.6,170.1,807.6,487.4,728.3,302.6,1169.5,699.3,NBacfF-K2eQ.004.mp4,1280,720,15.0,230,agreeableness,low
7,466,chin,454.6,316.1,792.1,575.6,728.3,485.1,1150.1,809.5,NBacfF-K2eQ.004.mp4,1280,720,15.0,230,agreeableness,low
7,466,left_cheek,477.1,315.7,586.2,459.0,756.4,484.6,892.8,663.8,NBacfF-K2eQ.004.mp4,1280,720,15.0,230,agreeableness,low
7,466,right_cheek,699.2,364.1,790.2,495.8,1034.0,545.2,1147.8,709.7,NBacfF-K2eQ.004.mp4,1280,720,15.0,230,agreeableness,low
8,533,left_eye,507.5,215.3,632.4,313.6,794.4,359.1,950.4,482.1,NBacfF-K2eQ.004.mp4,1280,720,15.0,230,agreeableness,low
8,533,right_eye,684.8,250.6,797.2,347.1,1016.0,403.2,1156.5,523.9,NBacfF-K2eQ.004.mp4,1280,720,15.0,230,agreeableness,low
8,533,nose,592.4,293.3,692.9,414.8,900.5,456.7,1026.1,608.5,NBacfF-K2eQ.004.mp4,1280,720,15.0,230,agreeableness,low
8,533,mouth,553.5,435.5,687.6,521.1,851.9,634.4,1019.5,741.4,NBacfF-K2eQ.004.mp4,1280,720,15.0,230,agreeableness,low
8,533,forehead,454.8,171.8,811.3,487.2,728.5,304.7,1174.1,699.0,NBacfF-K2eQ.004.mp4,1280,720,15.0,230,agreeableness,low
8,533,chin,454.8,314.9,796.5,575.5,728.5,483.6,1155.6,809.3,NBacfF-K2eQ.004.mp4,1280,720,15.0,230,agreeableness,low
8,533,left_cheek,476.9,315.6,586.3,458.1,756.1,484.4,892.8,662.6,NBacfF-K2eQ.004.mp4,1280,720,15.0,230,agreeableness,low
8,533,right_cheek,700.1,365.6,792.9,495.7,1035.1,547.0,1151.1,709.7,NBacfF-K2eQ.004.mp4,1280,720,15.0,230,agreeableness,low
9,600,left_eye,508.3,216.5,633.1,313.7,795.4,360.6,951.4,482.1,NBacfF-K2eQ.004.mp4,1280,720,15.0,230,agreeableness,low
9,600,right_eye,684.9,251.7,797.7,347.1,1016.1,404.6,1157.2,523.8,NBacfF-K2eQ.004.mp4,1280,720,15.0,230,agreeableness,low
9,600,nose,592.4,293.9,693.5,416.0,900.6,457.4,1026.9,610.0,NBacfF-K2eQ.004.mp4,1280,720,15.0,230,agreeableness,low
9,600,mouth,551.8,435.4,690.7,518.5,849.7,634.2,1023.4,738.1,NBacfF-K2eQ.004.mp4,1280,720,15.0,230,agreeableness,low
9,600,forehead,456.2,172.2,812.3,487.1,730.2,305.3,1175.4,698.8,NBacfF-K2eQ.004.mp4,1280,720,15.0,230,agreeableness,low
9,600,chin,456.2,313.6,798.1,575.1,730.2,482.0,1157.6,808.9,NBacfF-K2eQ.004.mp4,1280,720,15.0,230,agreeableness,low
9,600,left_cheek,476.9,315.4,586.5,456.5,756.1,484.2,893.2,660.7,NBacfF-K2eQ.004.mp4,1280,720,15.0,230,agreeableness,low
9,600,right_cheek,700.6,365.5,793.9,495.3,1035.8,546.9,1152.4,709.2,NBacfF-K2eQ.004.mp4,1280,720,15.0,230,agreeableness,low
10,666,left_eye,510.0,218.2,634.3,314.0,797.5,362.8,952.8,482.6,NBacfF-K2eQ.004.mp4,1280,720,15.0,230,agreeableness,low
10,666,right_eye,686.3,253.4,799.2,347.0,1017.9,406.7,1159.0,523.7,NBacfF-K2eQ.004.mp4,1280,720,15.0,230,agreeableness,low
10,666,nose,594.0,294.8,695.5,416.7,902.5,458.5,1029.4,610.9,NBacfF-K2eQ.004.mp4,1280,720,15.0,230,agreeableness,low
10,666,mouth,552.0,435.4,694.9,517.1,850.0,634.3,1028.6,736.3,NBacfF-K2eQ.004.mp4,1280,720,15.0,230,agreeableness,low
10,666,forehead,458.5,173.6,814.1,486.6,733.2,307.0,1177.6,698.2,NBacfF-K2eQ.004.mp4,1280,720,15.0,230,agreeableness,low
10,666,chin,458.5,313.1,800.7,574.7,733.2,481.4,1160.9,808.3,NBacfF-K2eQ.004.mp4,1280,720,15.0,230,agreeableness,low
10,666,left_cheek,477.8,315.3,588.3,455.0,757.2,484.1,895.3,658.7,NBacfF-K2eQ.004.mp4,1280,720,15.0,230,agreeableness,low
10,666,right_cheek,702.5,365.5,796.4,494.3,1038.1,546.8,1155.5,707.9,NBacfF-K2eQ.004.mp4,1280,720,15.0,230,agreeableness,low
11,733,left_eye,510.3,221.0,634.5,315.8,797.9,366.3,953.2,484.7,NBacfF-K2eQ.004.mp4,1280,720,15.0,230,agreeableness,low
11,733,right_eye,686.5,256.2,799.4,347.9,1018.1,410.2,1159.2,524.8,NBacfF-K2eQ.004.mp4,1280,720,15.0,230,agreeableness,low
11,733,nose,593.8,296.9,695.3,419.5,902.2,461.1,1029.2,614.3,NBacfF-K2eQ.004.mp4,1280,720,15.0,230,agreeableness,low
11,733,mouth,551.6,436.1,695.6,517.1,849.5,635.2,1029.5,736.4,NBacfF-K2eQ.004.mp4,1280,720,15.0,230,agreeableness,low
11,733,forehead,459.4,175.2,814.2,488.6,734.3,309.0,1177.7,700.7,NBacfF-K2eQ.004.mp4,1280,720,15.0,230,agreeableness,low
11,733,chin,459.4,314.1,800.6,574.6,734.3,482.6,1160.7,808.3,NBacfF-K2eQ.004.mp4,1280,720,15.0,230,agreeableness,low
11,733,left_cheek,477.8,316.1,588.3,455.0,757.2,485.1,895.3,658.7,NBacfF-K2eQ.004.mp4,1280,720,15.0,230,agreeableness,low
11,733,right_cheek,702.4,366.7,796.5,494.8,1038.0,548.3,1155.6,708.5,NBacfF-K2eQ.004.mp4,1280,720,15.0,230,agreeableness,low
12,800,left_eye,510.1,221.0,633.9,315.5,797.6,366.2,952.3,484.4,NBacfF-K2eQ.004.mp4,1280,720,15.0,230,agreeableness,low
12,800,right_eye,686.1,255.5,799.3,347.6,1017.7,409.3,1159.1,524.5,NBacfF-K2eQ.004.mp4,1280,720,15.0,230,agreeableness,low
12,800,nose,592.4,296.4,695.1,418.9,900.5,460.6,1028.9,613.6,NBacfF-K2eQ.004.mp4,1280,720,15.0,230,agreeableness,low
12,800,mouth,549.9,434.6,695.8,517.1,847.4,633.3,1029.8,736.4,NBacfF-K2eQ.004.mp4,1280,720,15.0,230,agreeableness,low
12,800,forehead,459.4,175.1,813.9,488.5,734.2,308.9,1177.4,700.7,NBacfF-K2eQ.004.mp4,1280,720,15.0,230,agreeableness,low
12,800,chin,459.4,314.1,800.7,574.6,734.2,482.6,1160.8,808.2,NBacfF-K2eQ.004.mp4,1280,720,15.0,230,agreeableness,low
12,800,left_cheek,476.9,316.0,587.7,454.6,756.1,485.0,894.6,658.2,NBacfF-K2eQ.004.mp4,1280,720,15.0,230,agreeableness,low
12,800,right_cheek,702.2,366.0,796.3,494.2,1037.7,547.6,1155.4,707.7,NBacfF-K2eQ.004.mp4,1280,720,15.0,230,agreeableness,low
13,866,left_eye,509.3,219.6,632.7,313.3,796.6,364.5,950.9,481.6,NBacfF-K2eQ.004.mp4,1280,720,15.0,230,agreeableness,low
13,866,right_eye,685.9,253.3,799.7,345.0,1017.4,406.7,1159.6,521.2,NBacfF-K2eQ.004.mp4,1280,720,15.0,230,agreeableness,low
13,866,nose,590.5,294.1,694.8,416.1,898.1,457.7,1028.5,610.1,NBacfF-K2eQ.004.mp4,1280,720,15.0,230,agreeableness,low
13,866,mouth,549.9,430.5,695.7,517.1,847.4,628.1,1029.6,736.4,NBacfF-K2eQ.004.mp4,1280,720,15.0,230,agreeableness,low
13,866,forehead,459.3,173.6,815.0,488.4,734.1,307.0,1178.8,700.5,NBacfF-K2eQ.004.mp4,1280,720,15.0,230,agreeableness,low
13,866,chin,459.3,313.4,802.4,575.0,734.1,481.8,1163.1,808.7,NBacfF-K2eQ.004.mp4,1280,720,15.0,230,agreeableness,low
13,866,left_cheek,476.2,314.2,586.6,453.6,755.2,482.8,893.2,657.1,NBacfF-K2eQ.004.mp4,1280,720,15.0,230,agreeableness,low
13,866,right_cheek,702.1,363.3,796.9,493.3,1037.6,544.1,1156.1,706.7,NBacfF-K2eQ.004.mp4,1280,720,15.0,230,agreeableness,low
14,933,left_eye,508.5,216.3,632.7,310.0,795.6,360.4,950.9,477.5,NBacfF-K2eQ.004.mp4,1280,720,15.0,230,agreeableness,low
14,933,right_eye,686.7,250.3,803.3,343.4,1018.4,402.9,1164.1,519.3,NBacfF-K2eQ.004.mp4,1280,720,15.0,230,agreeableness,low
14,933,nose,588.8,291.9,694.8,414.7,896.0,454.9,1028.5,608.3,NBacfF-K2eQ.004.mp4,1280,720,15.0,230,agreeableness,low
14,933,mouth,550.4,427.7,694.7,517.2,848.0,624.6,1028.3,736.5,NBacfF-K2eQ.004.mp4,1280,720,15.0,230,agreeableness,low
14,933,forehead,458.6,170.3,820.0,487.6,733.2,302.9,1185.0,699.5,NBacfF-K2eQ.004.mp4,1280,720,15.0,230,agreeableness,low
14,933,chin,458.6,309.8,807.0,575.8,733.2,477.3,1168.7,809.7,NBacfF-K2eQ.004.mp4,1280,720,15.0,230,agreeableness,low
14,933,left_cheek,475.1,311.0,585.9,453.0,753.9,478.8,892.4,656.2,NBacfF-K2eQ.004.mp4,1280,720,15.0,230,agreeableness,low
14,933,right_cheek,702.4,361.8,800.2,493.3,1038.0,542.3,1160.2,706.7,NBacfF-K2eQ.004.mp4,1280,720,15.0,230,agreeableness,low
15,1000,left_eye,505.1,209.9,632.7,300.4,791.4,352.3,950.9,465.5,NBacfF-K2eQ.004.mp4,1280,720,15.0,230,agreeableness,low
15,1000,right_eye,696.1,242.8,806.4,337.0,1030.1,393.5,1168.0,511.2,NBacfF-K2eQ.004.mp4,1280,720,15.0,230,agreeableness,low
15,1000,nose,588.9,285.4,695.3,407.4,896.2,446.7,1029.1,599.2,NBacfF-K2eQ.004.mp4,1280,720,15.0,230,agreeableness,low
15,1000,mouth,550.4,420.0,694.1,515.4,848.1,615.0,1027.6,734.2,NBacfF-K2eQ.004.mp4,1280,720,15.0,230,agreeableness,low
15,1000,forehead,447.6,161.3,825.5,481.1,719.5,291.6,1191.8,691.3,NBacfF-K2eQ.004.mp4,1280,720,15.0,230,agreeableness,low
15,1000,chin,447.6,299.7,813.7,575.3,719.5,464.7,1177.2,809.1,NBacfF-K2eQ.004.mp4,1280,720,15.0,230,agreeableness,low
15,1000,left_cheek,468.3,302.3,585.6,447.9,745.4,467.9,892.1,649.8,NBacfF-K2eQ.004.mp4,1280,720,15.0,230,agreeableness,low
15,1000,right_cheek,704.3,354.3,806.4,488.6,1040.4,532.8,1168.1,700.7,NBacfF-K2eQ.004.mp4,1280,720,15.0,230,agreeableness,low
16,1066,left_eye,505.7,175.7,635.6,275.0,792.2,309.6,954.5,433.8,NBacfF-K2eQ.004.mp4,1280,720,15.0,230,agreeableness,low
16,1066,right_eye,695.2,217.2,803.7,312.6,1029.0,361.5,1164.7,480.7,NBacfF-K2eQ.004.mp4,1280,720,15.0,230,agreeableness,low
16,1066,nose,591.8,259.0,694.9,376.1,899.7,413.7,1028.6,560.1,NBacfF-K2eQ.004.mp4,1280,720,15.0,230,agreeableness,low
16,1066,mouth,546.3,389.8,689.9,489.1,842.8,577.2,1022.4,701.3,NBacfF-K2eQ.004.mp4,1280,720,15.0,230,agreeableness,low
16,1066,forehead,443.5,135.9,819.7,463.8,714.4,259.9,1184.6,669.7,NBacfF-K2eQ.004.mp4,1280,720,15.0,230,agreeableness,low
16,1066,chin,443.5,270.6,799.5,560.3,714.4,428.3,1159.3,790.4,NBacfF-K2eQ.004.mp4,1280,720,15.0,230,agreeableness,low
16,1066,left_cheek,465.6,270.9,586.5,417.1,742.0,428.7,893.1,611.4,NBacfF-K2eQ.004.mp4,1280,720,15.0,230,agreeableness,low
16,1066,right_cheek,703.8,329.9,799.4,466.5,1039.7,502.4,1159.2,673.1,NBacfF-K2eQ.004.mp4,1280,720,15.0,230,agreeableness,low
17,1133,left_eye,497.0,166.0,629.7,264.3,781.3,297.5,947.1,420.4,NBacfF-K2eQ.004.mp4,1280,720,15.0,230,agreeableness,low
17,1133,right_eye,689.3,198.2,792.3,297.8,1021.6,337.7,1150.3,462.2,NBacfF-K2eQ.004.mp4,1280,720,15.0,230,agreeableness,low
17,1133,nose,591.5,243.9,695.5,369.0,899.4,394.9,1029.4,551.2,NBacfF-K2eQ.004.mp4,1280,720,15.0,230,agreeableness,low
17,1133,mouth,544.8,382.3,690.7,481.0,841.0,567.9,1023.3,691.3,NBacfF-K2eQ.004.mp4,1280,720,15.0,230,agreeableness,low
17,1133,forehead,438.6,128.5,801.5,449.5,708.3,250.6,1161.8,651.9,NBacfF-K2eQ.004.mp4,1280,720,15.0,230,agreeableness,low
17,1133,chin,438.6,272.9,788.0,559.7,708.3,431.1,1145.0,789.6,NBacfF-K2eQ.004.mp4,1280,720,15.0,230,agreeableness,low
17,1133,left_cheek,464.3,270.0,584.1,415.7,740.3,427.5,890.1,609.6,NBacfF-K2eQ.004.mp4,1280,720,15.0,230,agreeableness,low
17,1133,right_cheek,702.1,315.8,790.9,453.6,1037.7,484.8,1148.7,657.0,NBacfF-K2eQ.004.mp4,1280,720,15.0,230,agreeableness,low
18,1200,left_eye,499.0,174.7,629.5,272.0,783.8,308.3,946.8,430.0,NBacfF-K2eQ.004.mp4,1280,720,15.0,230,agreeableness,low
18,1200,right_eye,689.0,205.2,792.0,304.9,1021.3,346.5,1150.0,471.1,NBacfF-K2eQ.004.mp4,1280,720,15.0,230,agreeableness,low
18,1200,nose,592.2,249.3,695.8,369.7,900.3,401.6,1029.8,552.1,NBacfF-K2eQ.004.mp4,1280,720,15.0,230,agreeableness,low
18,1200,mouth,546.2,385.8,691.3,482.4,842.7,572.2,1024.1,693.0,NBacfF-K2eQ.004.mp4,1280,720,15.0,230,agreeableness,low
18,1200,forehead,441.4,137.1,801.9,458.6,711.7,261.3,1162.4,663.3,NBacfF-K2eQ.004.mp4,1280,720,15.0,230,agreeableness,low
18,1200,chin,441.4,276.3,787.5,561.9,711.7,435.4,1144.4,792.4,NBacfF-K2eQ.004.mp4,1280,720,15.0,230,agreeableness,low
18,1200,left_cheek,465.0,278.9,584.2,422.9,741.3,438.7,890.2,618.6,NBacfF-K2eQ.004.mp4,1280,720,15.0,230,agreeableness,low
18,1200,right_cheek,701.9,321.8,789.6,460.1,1037.4,492.3,1147.0,665.1,NBacfF-K2eQ.004.mp4,1280,720,15.0,230,agreeableness,low
19,1266,left_eye,497.0,176.9,624.3,273.2,781.3,311.1,940.4,431.5,NBacfF-K2eQ.004.mp4,1280,720,15.0,230,agreeableness,low
19,1266,right_eye,681.3,203.5,775.5,302.7,1011.6,344.4,1129.4,468.4,NBacfF-K2eQ.004.mp4,1280,720,15.0,230,agreeableness,low
19,1266,nose,591.5,248.1,693.0,366.0,899.4,400.2,1026.2,547.5,NBacfF-K2eQ.004.mp4,1280,720,15.0,230,agreeableness,low
19,1266,mouth,545.7,378.7,689.8,470.1,842.1,563.4,1022.2,677.6,NBacfF-K2eQ.004.mp4,1280,720,15.0,230,agreeableness,low
19,1266,forehead,439.9,138.0,783.2,454.5,709.9,262.5,1139.0,658.1,NBacfF-K2eQ.004.mp4,1280,720,15.0,230,agreeableness,low
19,1266,chin,439.9,280.2,772.0,554.3,709.9,440.2,1125.0,782.9,NBacfF-K2eQ.004.mp4,1280,720,15.0,230,agreeableness,low
19,1266,left_cheek,465.8,281.0,582.2,421.1,742.2,441.3,887.7,616.4,NBacfF-K2eQ.004.mp4,1280,720,15.0,230,agreeableness,low
19,1266,right_cheek,695.6,318.3,776.9,453.0,1029.5,487.9,1131.1,656.3,NBacfF-K2eQ.004.mp4,1280,720,15.0,230,agreeableness,low
20,1333,left_eye,489.6,169.3,614.2,263.1,772.0,301.7,927.8,418.9,NBacfF-K2eQ.004.mp4,1280,720,15.0,230,agreeableness,low
20,1333,right_eye,670.5,194.1,765.6,293.5,998.1,332.6,1117.0,456.9,NBacfF-K2eQ.004.mp4,1280,720,15.0,230,agreeableness,low
20,1333,nose,581.8,238.7,683.6,352.3,887.3,388.3,1014.5,530.4,NBacfF-K2eQ.004.mp4,1280,720,15.0,230,agreeableness,low
20,1333,mouth,538.5,365.8,682.6,454.3,833.2,547.3,1013.2,657.9,NBacfF-K2eQ.004.mp4,1280,720,15.0,230,agreeableness,low
20,1333,forehead,436.3,132.8,772.5,444.2,705.4,256.0,1125.6,645.2,NBacfF-K2eQ.004.mp4,1280,720,15.0,230,agreeableness,low
20,1333,chin,436.3,281.1,761.6,537.4,705.4,441.3,1112.0,761.7,NBacfF-K2eQ.004.mp4,1280,720,15.0,230,agreeableness,low
20,1333,left_cheek,462.4,273.2,573.9,408.1,738.0,431.5,877.4,600.2,NBacfF-K2eQ.004.mp4,1280,720,15.0,230,agreeableness,low
20,1333,right_cheek,685.8,307.9,766.1,440.3,1017.2,474.8,1117.6,640.3,NBacfF-K2eQ.004.mp4,1280,720,15.0,230,agreeableness,low
21,1400,left_eye,484.4,172.6,604.7,267.6,765.5,305.8,915.8,424.4,NBacfF-K2eQ.004.mp4,1280,720,15.0,230,agreeableness,low
21,1400,right_eye,661.3,197.4,755.2,297.6,986.6,336.8,1103.9,462.0,NBacfF-K2eQ.004.mp4,1280,720,15.0,230,agreeableness,low
21,1400,nose,574.0,241.2,672.9,353.3,877.5,391.5,1001.2,531.7,NBacfF-K2eQ.004.mp4,1280,720,15.0,230,agreeableness,low
21,1400,mouth,531.7,364.6,675.9,456.9,824.6,545.8,1004.9,661.1,NBacfF-K2eQ.004.mp4,1280,720,15.0,230,agreeableness,low
21,1400,forehead,434.9,134.2,763.0,447.2,703.6,257.7,1113.8,649.0,NBacfF-K2eQ.004.mp4,1280,720,15.0,230,agreeableness,low
21,1400,chin,434.9,288.1,752.6,540.2,703.6,450.1,1100.7,765.2,NBacfF-K2eQ.004.mp4,1280,720,15.0,230,agreeableness,low
21,1400,left_cheek,459.4,275.7,566.4,411.4,734.2,434.7,868.0,604.2,NBacfF-K2eQ.004.mp4,1280,720,15.0,230,agreeableness,low
21,1400,right_cheek,675.3,310.1,755.8,441.3,1004.2,477.6,1104.7,641.6,NBacfF-K2eQ.004.mp4,1280,720,15.0,230,agreeableness,low
22,1466,left_eye,479.8,179.1,598.5,278.2,759.7,313.8,908.2,437.7,NBacfF-K2eQ.004.mp4,1280,720,15.0,230,agreeableness,low
22,1466,right_eye,652.4,199.3,743.9,302.0,975.5,339.1,1089.9,467.5,NBacfF-K2eQ.004.mp4,1280,720,15.0,230,agreeableness,low
22,1466,nose,568.0,246.7,661.7,355.0,870.0,398.4,987.2,533.8,NBacfF-K2eQ.004.mp4,1280,720,15.0,230,agreeableness,low
22,1466,mouth,529.5,370.0,663.5,459.9,821.9,552.5,989.4,664.9,NBacfF-K2eQ.004.mp4,1280,720,15.0,230,agreeableness,low
22,1466,forehead,431.0,143.9,752.8,450.8,698.8,269.9,1101.0,653.5,NBacfF-K2eQ.004.mp4,1280,720,15.0,230,agreeableness,low
22,1466,chin,431.0,300.0,741.9,546.2,698.8,465.0,1087.4,772.7,NBacfF-K2eQ.004.mp4,1280,720,15.0,230,agreeableness,low
22,1466,left_cheek,454.9,288.4,559.7,423.3,728.6,450.5,859.7,619.1,NBacfF-K2eQ.004.mp4,1280,720,15.0,230,agreeableness,low
22,1466,right_cheek,665.5,312.5,744.8,444.4,991.8,480.7,1091.0,645.5,NBacfF-K2eQ.004.mp4,1280,720,15.0,230,agreeableness,low
23,1533,left_eye,469.9,182.5,583.3,280.8,747.4,318.2,889.1,441.0,NBacfF-K2eQ.004.mp4,1280,720,15.0,230,agreeableness,low
23,1533,right_eye,640.7,199.9,732.5,302.8,960.8,339.9,1075.6,468.5,NBacfF-K2eQ.004.mp4,1280,720,15.0,230,agreeableness,low
23,1533,nose,552.2,251.3,646.7,361.1,850.3,404.1,968.3,541.3,NBacfF-K2eQ.004.mp4,1280,720,15.0,230,agreeableness,low
23,1533,mouth,521.3,372.5,653.6,462.4,811.7,555.6,977.0,668.0,NBacfF-K2eQ.004.mp4,1280,720,15.0,230,agreeableness,low
23,1533,forehead,428.7,149.0,743.9,450.8,695.8,276.3,1089.8,653.5,NBacfF-K2eQ.004.mp4,1280,720,15.0,230,agreeableness,low
23,1533,chin,428.7,305.7,736.7,542.2,695.8,472.2,1080.9,767.7,NBacfF-K2eQ.004.mp4,1280,720,15.0,230,agreeableness,low
23,1533,left_cheek,447.9,293.2,546.7,424.8,719.9,456.5,843.4,621.0,NBacfF-K2eQ.004.mp4,1280,720,15.0,230,agreeableness,low
23,1533,right_cheek,651.7,313.3,735.3,445.3,974.6,481.6,1079.1,646.6,NBacfF-K2eQ.004.mp4,1280,720,15.0,230,agreeableness,low
24,1600,left_eye,461.8,218.7,565.7,291.7,737.3,363.4,867.1,454.7,NBacfF-K2eQ.004.mp4,1280,720,15.0,230,agreeableness,low
24,1600,right_eye,625.2,227.7,721.3,309.6,941.5,374.6,1061.7,477.1,NBacfF-K2eQ.004.mp4,1280,720,15.0,230,agreeableness,low
24,1600,nose,540.2,269.0,631.1,370.9,835.2,426.3,948.9,553.6,NBacfF-K2eQ.004.mp4,1280,720,15.0,230,agreeableness,low
24,1600,mouth,518.0,381.5,639.5,468.2,807.5,566.9,959.3,675.2,NBacfF-K2eQ.004.mp4,1280,720,15.0,230,agreeableness,low
24,1600,forehead,429.9,171.6,738.1,448.7,697.4,304.6,1082.6,650.9,NBacfF-K2eQ.004.mp4,1280,720,15.0,230,agreeableness,low
24,1600,chin,429.9,319.8,733.1,543.9,697.4,489.8,1076.3,769.9,NBacfF-K2eQ.004.mp4,1280,720,15.0,230,agreeableness,low
24,1600,left_cheek,445.1,306.5,536.2,433.4,716.4,473.1,830.2,631.8,NBacfF-K2eQ.004.mp4,1280,720,15.0,230,agreeableness,low
24,1600,right_cheek,636.9,321.4,724.9,446.5,956.1,491.7,1066.1,648.1,NBacfF-K2eQ.004.mp4,1280,720,15.0,230,agreeableness,low
25,1666,left_eye,452.4,226.1,550.9,310.1,725.5,372.7,848.6,477.6,NBacfF-K2eQ.004.mp4,1280,720,15.0,230,agreeableness,low
25,1666,right_eye,610.7,233.9,712.7,321.6,923.4,382.4,1050.9,492.0,NBacfF-K2eQ.004.mp4,1280,720,15.0,230,agreeableness,low
25,1666,nose,525.4,282.5,618.8,389.2,816.7,443.2,933.5,576.5,NBacfF-K2eQ.004.mp4,1280,720,15.0,230,agreeableness,low
25,1666,mouth,509.5,398.3,630.3,483.3,796.8,587.9,947.9,694.1,NBacfF-K2eQ.004.mp4,1280,720,15.0,230,agreeableness,low
25,1666,forehead,429.1,180.4,735.7,457.1,696.4,315.5,1079.6,661.4,NBacfF-K2eQ.004.mp4,1280,720,15.0,230,agreeableness,low
25,1666,chin,429.1,333.8,732.9,556.2,696.4,507.2,1076.1,785.3,NBacfF-K2eQ.004.mp4,1280,720,15.0,230,agreeableness,low
25,1666,left_cheek,437.7,323.8,523.6,450.0,707.2,494.7,814.5,652.5,NBacfF-K2eQ.004.mp4,1280,720,15.0,230,agreeableness,low
25,1666,right_cheek,626.1,335.8,719.8,459.5,942.6,509.7,1059.7,664.4,NBacfF-K2eQ.004.mp4,1280,720,15.0,230,agreeableness,low
26,1733,left_eye,441.1,224.1,539.4,316.4,711.4,370.1,834.2,485.5,NBacfF-K2eQ.004.mp4,1280,720,15.0,230,agreeableness,low
26,1733,right_eye,601.7,231.2,707.9,323.8,912.1,379.0,1044.9,494.8,NBacfF-K2eQ.004.mp4,1280,720,15.0,230,agreeableness,low
26,1733,nose,516.7,286.0,610.0,389.6,805.9,447.5,922.5,577.0,NBacfF-K2eQ.004.mp4,1280,720,15.0,230,agreeableness,low
26,1733,mouth,501.2,401.7,621.9,484.8,786.5,592.1,937.4,696.1,NBacfF-K2eQ.004.mp4,1280,720,15.0,230,agreeableness,low
26,1733,forehead,419.1,182.2,736.3,459.5,683.9,317.8,1080.4,664.4,NBacfF-K2eQ.004.mp4,1280,720,15.0,230,agreeableness,low
26,1733,chin,419.2,336.0,735.2,558.2,684.0,510.0,1079.0,787.7,NBacfF-K2eQ.004.mp4,1280,720,15.0,230,agreeableness,low
26,1733,left_cheek,424.7,327.1,513.6,451.7,690.9,498.9,802.0,654.7,NBacfF-K2eQ.004.mp4,1280,720,15.0,230,agreeableness,low
26,1733,right_cheek,619.2,337.0,719.0,461.2,934.1,511.2,1058.7,666.6,NBacfF-K2eQ.004.mp4,1280,720,15.0,230,agreeableness,low
27,1800,left_eye,436.8,217.7,531.2,312.4,706.1,362.1,824.0,480.5,NBacfF-K2eQ.004.mp4,1280,720,15.0,230,agreeableness,low
27,1800,right_eye,591.0,229.3,700.3,320.7,898.8,376.7,1035.4,490.8,NBacfF-K2eQ.004.mp4,1280,720,15.0,230,agreeableness,low
27,1800,nose,507.6,280.2,599.2,385.6,794.5,440.3,909.0,572.0,NBacfF-K2eQ.004.mp4,1280,720,15.0,230,agreeableness,low
27,1800,mouth,490.8,398.9,613.8,482.3,773.5,588.6,927.2,692.9,NBacfF-K2eQ.004.mp4,1280,720,15.0,230,agreeableness,low
27,1800,forehead,418.4,178.5,733.7,459.7,683.0,313.2,1077.1,664.6,NBacfF-K2eQ.004.mp4,1280,720,15.0,230,agreeableness,low
27,1800,chin,418.4,332.9,732.4,557.0,683.0,506.2,1075.5,786.3,NBacfF-K2eQ.004.mp4,1280,720,15.0,230,agreeableness,low
27,1800,left_cheek,420.0,323.2,505.7,448.7,685.0,494.0,792.1,650.9,NBacfF-K2eQ.004.mp4,1280,720,15.0,230,agreeableness,low
27,1800,right_cheek,609.6,334.4,712.0,459.9,921.9,508.0,1050.0,664.9,NBacfF-K2eQ.004.mp4,1280,720,15.0,230,agreeableness,low
28,1866,left_eye,441.6,227.1,533.4,318.8,712.0,373.9,826.8,488.5,NBacfF-K2eQ.004.mp4,1280,720,15.0,230,agreeableness,low
28,1866,right_eye,596.6,234.2,709.5,326.7,905.8,382.7,1046.8,498.4,NBacfF-K2eQ.004.mp4,1280,720,15.0,230,agreeableness,low
28,1866,nose,506.6,286.1,599.3,392.9,793.3,447.6,909.1,581.1,NBacfF-K2eQ.004.mp4,1280,720,15.0,230,agreeableness,low
28,1866,mouth,491.6,406.9,615.5,481.7,774.5,598.6,929.4,692.1,NBacfF-K2eQ.004.mp4,1280,720,15.0,230,agreeableness,low
28,1866,forehead,421.5,182.5,748.9,467.3,686.9,318.1,1096.2,674.1,NBacfF-K2eQ.004.mp4,1280,720,15.0,230,agreeableness,low
28,1866,chin,425.0,336.6,746.2,558.1,691.2,510.8,1092.8,787.7,NBacfF-K2eQ.004.mp4,1280,720,15.0,230,agreeableness,low
28,1866,left_cheek,424.2,328.0,507.0,451.2,690.3,500.0,793.8,654.0,NBacfF-K2eQ.004.mp4,1280,720,15.0,230,agreeableness,low
28,1866,right_cheek,612.8,341.1,718.5,466.5,926.0,516.4,1058.2,673.1,NBacfF-K2eQ.004.mp4,1280,720,15.0,230,agreeableness,low
29,1933,left_eye,457.3,239.0,552.2,328.9,731.7,388.7,850.2,501.2,NBacfF-K2eQ.004.mp4,1280,720,15.0,230,agreeableness,low
29,1933,right_eye,613.0,249.9,723.9,341.7,926.3,402.3,1064.9,517.1,NBacfF-K2eQ.004.mp4,1280,720,15.0,230,agreeableness,low
29,1933,nose,520.1,300.5,610.3,405.2,810.1,465.6,922.9,596.5,NBacfF-K2eQ.004.mp4,1280,720,15.0,230,agreeableness,low
29,1933,mouth,504.0,417.7,630.2,493.5,789.9,612.1,947.7,706.9,NBacfF-K2eQ.004.mp4,1280,720,15.0,230,agreeableness,low
29,1933,forehead,434.3,194.2,757.8,478.7,702.8,332.7,1107.2,688.4,NBacfF-K2eQ.004.mp4,1280,720,15.0,230,agreeableness,low
29,1933,chin,434.3,341.7,755.1,563.5,702.8,517.2,1103.8,794.4,NBacfF-K2eQ.004.mp4,1280,720,15.0,230,agreeableness,low
29,1933,left_cheek,437.9,336.4,522.0,461.0,707.4,510.5,812.5,666.2,NBacfF-K2eQ.004.mp4,1280,720,15.0,230,agreeableness,low
29,1933,right_cheek,626.6,355.8,732.5,479.0,943.2,534.8,1075.7,688.8,NBacfF-K2eQ.004.mp4,1280,720,15.0,230,agreeableness,low
30,2000,left_eye,480.3,237.7,589.2,327.1,760.4,387.1,896.5,498.9,NBacfF-K2eQ.004.mp4,1280,720,15.0,230,agreeableness,low
30,2000,right_eye,649.3,249.6,741.9,340.5,971.6,402.1,1087.4,515.6,NBacfF-K2eQ.004.mp4,1280,720,15.0,230,agreeableness,low
30,2000,nose,566.6,299.2,660.2,398.7,868.3,464.0,985.2,588.4,NBacfF-K2eQ.004.mp4,1280,720,15.0,230,agreeableness,low
30,2000,mouth,537.2,411.9,664.7,501.0,831.5,604.9,990.8,716.3,NBacfF-K2eQ.004.mp4,1280,720,15.0,230,agreeableness,low
30,2000,forehead,435.3,198.7,760.0,475.6,704.1,338.4,1110.0,684.5,NBacfF-K2eQ.004.mp4,1280,720,15.0,230,agreeableness,low
30,2000,chin,435.3,349.7,758.6,565.7,704.1,527.1,1108.3,797.2,NBacfF-K2eQ.004.mp4,1280,720,15.0,230,agreeableness,low
30,2000,left_cheek,458.8,337.9,558.8,462.0,733.5,512.3,858.5,667.5,NBacfF-K2eQ.004.mp4,1280,720,15.0,230,agreeableness,low
30,2000,right_cheek,664.9,352.1,752.2,474.2,991.1,530.1,1100.3,682.7,NBacfF-K2eQ.004.mp4,1280,720,15.0,230,agreeableness,low
31,2066,left_eye,510.0,236.4,618.1,320.2,797.4,385.5,932.7,490.2,NBacfF-K2eQ.004.mp4,1280,720,15.0,230,agreeableness,low
31,2066,right_eye,671.9,247.7,758.5,336.9,999.9,399.6,1108.1,511.1,NBacfF-K2eQ.004.mp4,1280,720,15.0,230,agreeableness,low
31,2066,nose,592.7,295.5,682.6,389.5,900.9,459.4,1013.3,576.9,NBacfF-K2eQ.004.mp4,1280,720,15.0,230,agreeableness,low
31,2066,mouth,570.1,412.4,682.7,466.7,872.6,605.5,1013.4,673.3,NBacfF-K2eQ.004.mp4,1280,720,15.0,230,agreeableness,low
31,2066,forehead,461.9,193.5,765.6,475.0,737.4,331.9,1117.0,683.8,NBacfF-K2eQ.004.mp4,1280,720,15.0,230,agreeableness,low
31,2066,chin,461.9,345.3,759.6,552.4,737.4,521.7,1109.5,780.5,NBacfF-K2eQ.004.mp4,1280,720,15.0,230,agreeableness,low
31,2066,left_cheek,488.9,332.1,587.1,452.2,771.1,505.1,893.9,655.3,NBacfF-K2eQ.004.mp4,1280,720,15.0,230,agreeableness,low
31,2066,right_cheek,683.2,349.2,760.0,469.6,1014.0,526.5,1110.0,677.1,NBacfF-K2eQ.004.mp4,1280,720,15.0,230,agreeableness,low
32,2133,left_eye,516.9,209.7,628.6,305.5,806.1,352.1,945.8,471.9,NBacfF-K2eQ.004.mp4,1280,720,15.0,230,agreeableness,low
32,2133,right_eye,678.8,233.2,766.0,330.1,1008.5,381.5,1117.5,502.6,NBacfF-K2eQ.004.mp4,1280,720,15.0,230,agreeableness,low
32,2133,nose,602.4,275.0,687.8,380.4,913.1,433.7,1019.7,565.5,NBacfF-K2eQ.004.mp4,1280,720,15.0,230,agreeableness,low
32,2133,mouth,574.6,406.5,687.4,456.7,878.3,598.2,1019.2,660.9,NBacfF-K2eQ.004.mp4,1280,720,15.0,230,agreeableness,low
32,2133,forehead,469.0,177.1,772.9,474.2,746.3,311.4,1126.1,682.7,NBacfF-K2eQ.004.mp4,1280,720,15.0,230,agreeableness,low
32,2133,chin,469.0,333.7,764.9,544.5,746.3,507.1,1116.2,770.7,NBacfF-K2eQ.004.mp4,1280,720,15.0,230,agreeableness,low
32,2133,left_cheek,493.3,315.4,593.3,438.6,776.7,484.3,901.7,638.2,NBacfF-K2eQ.004.mp4,1280,720,15.0,230,agreeableness,low
32,2133,right_cheek,691.1,342.4,767.9,464.7,1023.9,518.0,1119.9,670.9,NBacfF-K2eQ.004.mp4,1280,720,15.0,230,agreeableness,low
33,2200,left_eye,521.0,214.8,631.8,308.1,811.3,358.5,949.8,475.2,NBacfF-K2eQ.004.mp4,1280,720,15.0,230,agreeableness,low
33,2200,right_eye,681.5,237.4,770.5,334.7,1011.9,386.7,1123.1,508.3,NBacfF-K2eQ.004.mp4,1280,720,15.0,230,agreeableness,low
33,2200,nose,601.2,277.6,690.1,381.3,911.6,437.0,1022.6,566.7,NBacfF-K2eQ.004.mp4,1280,720,15.0,230,agreeableness,low
33,2200,mouth,571.1,403.9,688.7,475.8,873.9,594.9,1020.9,684.8,NBacfF-K2eQ.004.mp4,1280,720,15.0,230,agreeableness,low
33,2200,forehead,469.5,178.0,776.9,486.3,746.9,312.5,1131.1,697.8,NBacfF-K2eQ.004.mp4,1280,720,15.0,230,agreeableness,low
33,2200,chin,469.5,336.5,768.9,555.7,746.9,510.6,1121.1,784.7,NBacfF-K2eQ.004.mp4,1280,720,15.0,230,agreeableness,low
33,2200,left_cheek,494.3,318.6,594.3,445.3,777.9,488.2,902.9,646.7,NBacfF-K2eQ.004.mp4,1280,720,15.0,230,agreeableness,low
33,2200,right_cheek,693.2,346.8,770.5,475.2,1026.5,523.5,1123.2,684.0,NBacfF-K2eQ.004.mp4,1280,720,15.0,230,agreeableness,low
34,2266,left_eye,522.5,216.0,634.3,311.5,813.1,359.9,952.8,479.4,NBacfF-K2eQ.004.mp4,1280,720,15.0,230,agreeableness,low
34,2266,right_eye,683.9,239.3,773.7,338.3,1014.9,389.2,1127.1,512.8,NBacfF-K2eQ.004.mp4,1280,720,15.0,230,agreeableness,low
34,2266,nose,603.9,278.0,691.1,389.3,914.9,437.5,1023.8,576.6,NBacfF-K2eQ.004.mp4,1280,720,15.0,230,agreeableness,low
34,2266,mouth,571.0,406.0,690.3,478.6,873.7,597.6,1022.9,688.2,NBacfF-K2eQ.004.mp4,1280,720,15.0,230,agreeableness,low
34,2266,forehead,472.0,179.0,781.8,489.7,749.9,313.8,1137.3,702.1,NBacfF-K2eQ.004.mp4,1280,720,15.0,230,agreeableness,low
34,2266,chin,472.0,339.8,773.9,559.4,749.9,514.7,1127.4,789.2,NBacfF-K2eQ.004.mp4,1280,720,15.0,230,agreeableness,low
34,2266,left_cheek,495.6,321.7,596.1,450.6,779.5,492.2,905.1,653.3,NBacfF-K2eQ.004.mp4,1280,720,15.0,230,agreeableness,low
34,2266,right_cheek,695.1,351.3,773.6,479.1,1028.9,529.1,1127.0,688.9,NBacfF-K2eQ.004.mp4,1280,720,15.0,230,agreeableness,low
35,2333,left_eye,521.6,211.3,635.4,308.7,812.0,354.1,954.3,475.9,NBacfF-K2eQ.004.mp4,1280,720,15.0,230,agreeableness,low
35,2333,right_eye,686.0,235.3,779.5,337.0,1017.4,384.1,1134.3,511.2,NBacfF-K2eQ.004.mp4,1280,720,15.0,230,agreeableness,low
35,2333,nose,603.1,278.4,690.7,389.3,913.9,438.0,1023.4,576.7,NBacfF-K2eQ.004.mp4,1280,720,15.0,230,agreeableness,low
35,2333,mouth,565.9,405.6,689.5,478.8,867.4,597.0,1021.9,688.5,NBacfF-K2eQ.004.mp4,1280,720,15.0,230,agreeableness,low
35,2333,forehead,471.4,173.5,789.3,486.3,749.3,306.9,1146.6,697.9,NBacfF-K2eQ.004.mp4,1280,720,15.0,230,agreeableness,low
35,2333,chin,471.4,331.1,779.9,558.8,749.3,503.9,1134.8,788.5,NBacfF-K2eQ.004.mp4,1280,720,15.0,230,agreeableness,low
35,2333,left_cheek,493.4,317.8,595.3,448.0,776.7,487.2,904.2,650.0,NBacfF-K2eQ.004.mp4,1280,720,15.0,230,agreeableness,low
35,2333,right_cheek,696.5,350.5,778.4,477.4,1030.6,528.1,1133.0,686.8,NBacfF-K2eQ.004.mp4,1280,720,15.0,230,agreeableness,low
36,2400,left_eye,520.5,200.7,636.6,300.3,810.7,340.9,955.8,465.3,NBacfF-K2eQ.004.mp4,1280,720,15.0,230,agreeableness,low
36,2400,right_eye,685.9,229.4,784.1,332.7,1017.4,376.7,1140.1,505.8,NBacfF-K2eQ.004.mp4,1280,720,15.0,230,agreeableness,low
36,2400,nose,601.6,274.6,690.0,389.3,912.0,433.3,1022.6,576.6,NBacfF-K2eQ.004.mp4,1280,720,15.0,230,agreeableness,low
36,2400,mouth,564.0,403.2,689.1,478.4,865.0,594.0,1021.4,688.0,NBacfF-K2eQ.004.mp4,1280,720,15.0,230,agreeableness,low
36,2400,forehead,470.5,166.5,794.4,482.2,748.1,298.1,1153.0,692.7,NBacfF-K2eQ.004.mp4,1280,720,15.0,230,agreeableness,low
36,2400,chin,470.5,317.4,782.5,558.6,748.1,486.8,1138.1,788.3,NBacfF-K2eQ.004.mp4,1280,720,15.0,230,agreeableness,low
36,2400,left_cheek,491.0,307.4,594.2,440.3,773.8,474.3,902.8,640.3,NBacfF-K2eQ.004.mp4,1280,720,15.0,230,agreeableness,low
36,2400,right_cheek,697.0,347.0,780.7,476.8,1031.3,523.8,1135.9,686.0,NBacfF-K2eQ.004.mp4,1280,720,15.0,230,agreeableness,low
37,2466,left_eye,528.5,199.8,645.7,301.7,820.6,339.7,967.1,467.1,NBacfF-K2eQ.004.mp4,1280,720,15.0,230,agreeableness,low
37,2466,right_eye,696.3,231.0,799.1,335.0,1030.4,378.7,1158.8,508.7,NBacfF-K2eQ.004.mp4,1280,720,15.0,230,agreeableness,low
37,2466,nose,606.9,276.3,696.9,393.6,918.6,435.4,1031.1,582.1,NBacfF-K2eQ.004.mp4,1280,720,15.0,230,agreeableness,low
37,2466,mouth,566.0,406.6,696.8,487.9,867.4,598.2,1031.0,699.9,NBacfF-K2eQ.004.mp4,1280,720,15.0,230,agreeableness,low
37,2466,forehead,476.1,165.1,811.1,483.3,755.1,296.3,1173.9,694.2,NBacfF-K2eQ.004.mp4,1280,720,15.0,230,agreeableness,low
37,2466,chin,476.1,311.7,797.2,562.7,755.1,479.6,1156.5,793.4,NBacfF-K2eQ.004.mp4,1280,720,15.0,230,agreeableness,low
37,2466,left_cheek,493.5,305.0,600.2,440.7,776.9,471.3,910.2,640.8,NBacfF-K2eQ.004.mp4,1280,720,15.0,230,agreeableness,low
37,2466,right_cheek,705.8,349.5,793.3,480.0,1042.3,526.8,1151.6,690.0,NBacfF-K2eQ.004.mp4,1280,720,15.0,230,agreeableness,low
38,2533,left_eye,535.2,202.9,654.9,305.7,829.0,343.6,978.6,472.2,NBacfF-K2eQ.004.mp4,1280,720,15.0,230,agreeableness,low
38,2533,right_eye,704.2,237.6,810.2,343.0,1040.2,387.0,1172.7,518.7,NBacfF-K2eQ.004.mp4,1280,720,15.0,230,agreeableness,low
38,2533,nose,613.5,284.1,703.3,405.7,926.9,445.1,1039.1,597.1,NBacfF-K2eQ.004.mp4,1280,720,15.0,230,agreeableness,low
38,2533,mouth,569.5,420.9,702.8,503.1,871.9,616.1,1038.5,718.9,NBacfF-K2eQ.004.mp4,1280,720,15.0,230,agreeableness,low
38,2533,forehead,480.9,167.2,824.3,490.1,761.1,299.1,1190.3,702.7,NBacfF-K2eQ.004.mp4,1280,720,15.0,230,agreeableness,low
38,2533,chin,480.9,311.4,807.6,569.7,761.1,479.3,1169.5,802.1,NBacfF-K2eQ.004.mp4,1280,720,15.0,230,agreeableness,low
38,2533,left_cheek,497.6,307.9,607.0,447.1,782.1,474.8,918.8,648.8,NBacfF-K2eQ.004.mp4,1280,720,15.0,230,agreeableness,low
38,2533,right_cheek,713.5,359.4,803.2,490.9,1051.9,539.2,1163.9,703.6,NBacfF-K2eQ.004.mp4,1280,720,15.0,230,agreeableness,low
39,2600,left_eye,541.2,204.0,662.5,312.5,836.5,345.0,988.1,480.6,NBacfF-K2eQ.004.mp4,1280,720,15.0,230,agreeableness,low
39,2600,right_eye,710.8,243.3,821.8,350.7,1048.5,394.2,1187.3,528.3,NBacfF-K2eQ.004.mp4,1280,720,15.0,230,agreeableness,low
39,2600,nose,618.0,291.2,709.0,415.9,932.6,454.0,1046.3,609.8,NBacfF-K2eQ.004.mp4,1280,720,15.0,230,agreeableness,low
39,2600,mouth,572.6,430.7,706.2,521.2,875.8,628.4,1042.7,741.5,NBacfF-K2eQ.004.mp4,1280,720,15.0,230,agreeableness,low
39,2600,forehead,485.2,168.5,838.0,492.6,766.5,300.6,1207.5,705.7,NBacfF-K2eQ.004.mp4,1280,720,15.0,230,agreeableness,low
39,2600,chin,485.2,309.5,818.7,572.0,766.5,476.8,1183.3,805.0,NBacfF-K2eQ.004.mp4,1280,720,15.0,230,agreeableness,low
39,2600,left_cheek,501.8,309.2,612.0,452.3,787.3,476.5,925.0,655.3,NBacfF-K2eQ.004.mp4,1280,720,15.0,230,agreeableness,low
39,2600,right_cheek,720.3,367.8,812.9,498.0,1060.4,549.8,1176.1,712.4,NBacfF-K2eQ.004.mp4,1280,720,15.0,230,agreeableness,low
40,2666,left_eye,545.6,209.6,668.4,320.7,842.0,352.0,995.6,490.9,NBacfF-K2eQ.004.mp4,1280,720,15.0,230,agreeableness,low
40,2666,right_eye,716.4,250.7,830.3,359.0,1055.5,403.4,1197.8,538.7,NBacfF-K2eQ.004.mp4,1280,720,15.0,230,agreeableness,low
40,2666,nose,623.0,300.0,714.4,428.5,938.7,465.0,1053.0,625.6,NBacfF-K2eQ.004.mp4,1280,720,15.0,230,agreeableness,low
40,2666,mouth,580.8,441.8,709.1,534.4,886.0,642.2,1046.3,758.0,NBacfF-K2eQ.004.mp4,1280,720,15.0,230,agreeableness,low
40,2666,forehead,489.5,172.1,845.7,495.0,771.9,305.1,1217.2,708.8,NBacfF-K2eQ.004.mp4,1280,720,15.0,230,agreeableness,low
40,2666,chin,489.5,310.3,824.7,581.4,771.9,477.9,1190.9,816.7,NBacfF-K2eQ.004.mp4,1280,720,15.0,230,agreeableness,low
40,2666,left_cheek,507.3,313.8,617.5,461.0,794.1,482.2,931.8,666.2,NBacfF-K2eQ.004.mp4,1280,720,15.0,230,agreeableness,low
40,2666,right_cheek,726.2,376.6,820.1,506.4,1067.7,560.7,1185.1,722.9,NBacfF-K2eQ.004.mp4,1280,720,15.0,230,agreeableness,low
41,2733,left_eye,547.7,213.1,671.7,324.7,844.6,356.3,999.6,495.9,NBacfF-K2eQ.004.mp4,1280,720,15.0,230,agreeableness,low
41,2733,right_eye,719.6,253.3,834.6,362.4,1059.5,406.6,1203.3,543.0,NBacfF-K2eQ.004.mp4,1280,720,15.0,230,agreeableness,low
41,2733,nose,625.4,304.2,718.4,435.6,941.7,470.3,1058.0,634.5,NBacfF-K2eQ.004.mp4,1280,720,15.0,230,agreeableness,low
41,2733,mouth,587.8,446.8,711.1,547.2,894.7,648.5,1048.9,774.0,NBacfF-K2eQ.004.mp4,1280,720,15.0,230,agreeableness,low
41,2733,forehead,491.1,174.5,848.8,494.6,773.9,308.1,1221.0,708.3,NBacfF-K2eQ.004.mp4,1280,720,15.0,230,agreeableness,low
41,2733,chin,491.1,310.6,828.3,590.0,773.9,478.3,1195.4,827.5,NBacfF-K2eQ.004.mp4,1280,720,15.0,230,agreeableness,low
41,2733,left_cheek,510.4,317.8,621.0,467.2,798.0,487.2,936.2,674.0,NBacfF-K2eQ.004.mp4,1280,720,15.0,230,agreeableness,low
41,2733,right_cheek,729.2,380.0,824.1,510.2,1071.6,565.0,1190.1,727.8,NBacfF-K2eQ.004.mp4,1280,720,15.0,230,agreeableness,low
42,2800,left_eye,548.9,212.8,673.1,323.9,846.2,356.0,1001.4,494.8,NBacfF-K2eQ.004.mp4,1280,720,15.0,230,agreeableness,low
42,2800,right_eye,721.1,252.3,837.3,360.5,1061.4,405.4,1206.6,540.6,NBacfF-K2eQ.004.mp4,1280,720,15.0,230,agreeableness,low
42,2800,nose,627.9,303.1,718.9,434.8,944.8,468.9,1058.6,633.6,NBacfF-K2eQ.004.mp4,1280,720,15.0,230,agreeableness,low
42,2800,mouth,589.7,446.3,711.9,554.3,897.1,647.8,1049.8,782.9,NBacfF-K2eQ.004.mp4,1280,720,15.0,230,agreeableness,low
42,2800,forehead,492.3,174.9,852.5,496.8,775.4,308.6,1225.7,711.0,NBacfF-K2eQ.004.mp4,1280,720,15.0,230,agreeableness,low
42,2800,chin,492.3,311.4,833.6,597.3,775.4,479.2,1202.0,836.6,NBacfF-K2eQ.004.mp4,1280,720,15.0,230,agreeableness,low
42,2800,left_cheek,512.0,318.7,622.7,469.2,800.0,488.4,938.4,676.6,NBacfF-K2eQ.004.mp4,1280,720,15.0,230,agreeableness,low
42,2800,right_cheek,730.8,379.0,827.8,511.6,1073.5,563.7,1194.7,729.5,NBacfF-K2eQ.004.mp4,1280,720,15.0,230,agreeableness,low
43,2866,left_eye,550.0,213.0,674.0,324.2,847.5,356.2,1002.5,495.2,NBacfF-K2eQ.004.mp4,1280,720,15.0,230,agreeableness,low
43,2866,right_eye,721.7,252.8,839.8,361.1,1062.1,406.0,1209.8,541.4,NBacfF-K2eQ.004.mp4,1280,720,15.0,230,agreeableness,low
43,2866,nose,628.9,304.1,719.9,436.9,946.2,470.1,1059.9,636.1,NBacfF-K2eQ.004.mp4,1280,720,15.0,230,agreeableness,low
43,2866,mouth,588.8,448.1,713.4,560.1,896.0,650.1,1051.8,790.1,NBacfF-K2eQ.004.mp4,1280,720,15.0,230,agreeableness,low
43,2866,forehead,492.3,175.1,856.4,500.7,775.4,308.9,1230.5,715.9,NBacfF-K2eQ.004.mp4,1280,720,15.0,230,agreeableness,low
43,2866,chin,492.3,311.7,838.2,602.8,775.4,479.7,1207.7,843.5,NBacfF-K2eQ.004.mp4,1280,720,15.0,230,agreeableness,low
43,2866,left_cheek,512.1,319.6,623.9,471.5,800.1,489.6,939.8,679.4,NBacfF-K2eQ.004.mp4,1280,720,15.0,230,agreeableness,low
43,2866,right_cheek,732.1,380.3,830.9,515.1,1075.2,565.4,1198.7,733.9,NBacfF-K2eQ.004.mp4,1280,720,15.0,230,agreeableness,low
44,2933,left_eye,549.2,214.8,673.1,324.8,846.6,358.5,1001.4,496.0,NBacfF-K2eQ.004.mp4,1280,720,15.0,230,agreeableness,low
44,2933,right_eye,721.4,253.4,839.9,361.1,1061.7,406.7,1209.9,541.4,NBacfF-K2eQ.004.mp4,1280,720,15.0,230,agreeableness,low
44,2933,nose,628.2,304.9,720.7,437.5,945.3,471.1,1060.8,636.9,NBacfF-K2eQ.004.mp4,1280,720,15.0,230,agreeableness,low
44,2933,mouth,588.0,450.0,715.0,561.2,894.9,652.5,1053.8,791.5,NBacfF-K2eQ.004.mp4,1280,720,15.0,230,agreeableness,low
44,2933,forehead,492.9,175.5,858.2,502.9,776.2,309.3,1232.8,718.6,NBacfF-K2eQ.004.mp4,1280,720,15.0,230,agreeableness,low
44,2933,chin,492.9,312.7,840.7,604.6,776.2,480.8,1210.9,845.8,NBacfF-K2eQ.004.mp4,1280,720,15.0,230,agreeableness,low
44,2933,left_cheek,511.8,321.0,623.1,473.6,799.7,491.2,938.9,682.0,NBacfF-K2eQ.004.mp4,1280,720,15.0,230,agreeableness,low
44,2933,right_cheek,732.8,381.1,832.6,516.7,1076.0,566.4,1200.8,735.8,NBacfF-K2eQ.004.mp4,1280,720,15.0,230,agreeableness,low
45,3000,left_eye,548.4,214.8,671.7,324.1,845.5,358.5,999.6,495.1,NBacfF-K2eQ.004.mp4,1280,720,15.0,230,agreeableness,low
45,3000,right_eye,720.0,252.8,838.6,360.3,1060.0,406.1,1208.2,540.4,NBacfF-K2eQ.004.mp4,1280,720,15.0,230,agreeableness,low
45,3000,nose,627.2,303.9,720.1,435.1,944.0,469.9,1060.1,633.9,NBacfF-K2eQ.004.mp4,1280,720,15.0,230,agreeableness,low
45,3000,mouth,587.3,449.4,714.1,560.1,894.1,651.8,1052.6,790.2,NBacfF-K2eQ.004.mp4,1280,720,15.0,230,agreeableness,low
45,3000,forehead,493.1,175.3,858.1,503.4,776.4,309.1,1232.6,719.3,NBacfF-K2eQ.004.mp4,1280,720,15.0,230,agreeableness,low
45,3000,chin,493.1,313.9,840.5,604.1,776.4,482.4,1210.6,845.1,NBacfF-K2eQ.004.mp4,1280,720,15.0,230,agreeableness,low
45,3000,left_cheek,511.5,321.0,622.0,473.6,799.4,491.3,937.5,682.0,NBacfF-K2eQ.004.mp4,1280,720,15.0,230,agreeableness,low
45,3000,right_cheek,731.9,380.1,831.9,516.0,1074.9,565.1,1199.9,735.1,NBacfF-K2eQ.004.mp4,1280,720,15.0,230,agreeableness,low
46,3066,left_eye,545.5,214.7,669.1,324.0,841.8,358.3,996.4,495.0,NBacfF-K2eQ.004.mp4,1280,720,15.0,230,agreeableness,low
46,3066,right_eye,718.4,252.5,837.0,360.0,1057.9,405.6,1206.3,540.0,NBacfF-K2eQ.004.mp4,1280,720,15.0,230,agreeableness,low
46,3066,nose,625.4,303.7,719.2,434.1,941.8,469.7,1059.0,632.6,NBacfF-K2eQ.004.mp4,1280,720,15.0,230,agreeableness,low
46,3066,mouth,584.8,448.5,713.6,557.2,891.0,650.6,1052.0,786.4,NBacfF-K2eQ.004.mp4,1280,720,15.0,230,agreeableness,low
46,3066,forehead,492.8,174.9,856.1,502.9,776.0,308.6,1230.2,718.6,NBacfF-K2eQ.004.mp4,1280,720,15.0,230,agreeableness,low
46,3066,chin,492.8,314.1,838.7,603.0,776.0,482.6,1208.3,843.7,NBacfF-K2eQ.004.mp4,1280,720,15.0,230,agreeableness,low
46,3066,left_cheek,511.2,320.8,619.8,472.7,799.0,491.0,934.8,680.9,NBacfF-K2eQ.004.mp4,1280,720,15.0,230,agreeableness,low
46,3066,right_cheek,731.6,379.5,830.1,515.2,1074.5,564.3,1197.6,734.0,NBacfF-K2eQ.004.mp4,1280,720,15.0,230,agreeableness,low
47,3133,left_eye,540.7,215.8,662.3,323.6,835.9,359.8,987.9,494.6,NBacfF-K2eQ.004.mp4,1280,720,15.0,230,agreeableness,low
47,3133,right_eye,711.2,252.3,830.7,358.2,1049.1,405.3,1198.4,537.7,NBacfF-K2eQ.004.mp4,1280,720,15.0,230,agreeableness,low
47,3133,nose,619.8,303.3,712.8,434.1,934.7,469.1,1051.0,632.6,NBacfF-K2eQ.004.mp4,1280,720,15.0,230,agreeableness,low
47,3133,mouth,581.4,449.3,709.3,553.6,886.7,651.6,1046.6,782.0,NBacfF-K2eQ.004.mp4,1280,720,15.0,230,agreeableness,low
47,3133,forehead,492.3,174.9,851.3,502.5,775.4,308.6,1224.1,718.1,NBacfF-K2eQ.004.mp4,1280,720,15.0,230,agreeableness,low
47,3133,chin,492.3,315.0,836.7,601.8,775.4,483.7,1205.9,842.3,NBacfF-K2eQ.004.mp4,1280,720,15.0,230,agreeableness,low
47,3133,left_cheek,508.5,321.3,614.5,472.6,795.6,491.6,928.2,680.8,NBacfF-K2eQ.004.mp4,1280,720,15.0,230,agreeableness,low
47,3133,right_cheek,725.1,379.4,825.6,514.6,1066.3,564.2,1191.9,733.2,NBacfF-K2eQ.004.mp4,1280,720,15.0,230,agreeableness,low
48,3200,left_eye,534.7,216.1,655.7,323.5,828.4,360.1,979.6,494.3,NBacfF-K2eQ.004.mp4,1280,720,15.0,230,agreeableness,low
48,3200,right_eye,705.1,251.5,823.9,356.2,1041.3,404.4,1189.9,535.2,NBacfF-K2eQ.004.mp4,1280,720,15.0,230,agreeableness,low
48,3200,nose,614.6,302.6,706.2,433.9,928.3,468.3,1042.7,632.3,NBacfF-K2eQ.004.mp4,1280,720,15.0,230,agreeableness,low
48,3200,mouth,577.9,449.5,703.1,545.6,882.3,651.9,1038.9,772.0,NBacfF-K2eQ.004.mp4,1280,720,15.0,230,agreeableness,low
48,3200,forehead,488.4,174.9,844.2,499.4,770.5,308.6,1215.3,714.2,NBacfF-K2eQ.004.mp4,1280,720,15.0,230,agreeableness,low
48,3200,chin,488.4,315.3,828.9,596.4,770.5,484.1,1196.1,835.5,NBacfF-K2eQ.004.mp4,1280,720,15.0,230,agreeableness,low
48,3200,left_cheek,504.4,321.3,608.8,472.6,790.5,491.6,921.0,680.7,NBacfF-K2eQ.004.mp4,1280,720,15.0,230,agreeableness,low
48,3200,right_cheek,718.5,377.7,818.0,512.0,1058.1,562.1,1182.4,729.9,NBacfF-K2eQ.004.mp4,1280,720,15.0,230,agreeableness,low
49,3266,left_eye,529.8,216.0,649.9,322.6,822.3,360.0,972.4,493.3,NBacfF-K2eQ.004.mp4,1280,720,15.0,230,agreeableness,low
49,3266,right_eye,700.3,250.6,817.7,354.6,1035.3,403.3,1182.1,533.2,NBacfF-K2eQ.004.mp4,1280,720,15.0,230,agreeableness,low
49,3266,nose,608.1,301.2,700.1,432.9,920.1,466.5,1035.1,631.1,NBacfF-K2eQ.004.mp4,1280,720,15.0,230,agreeableness,low
49,3266,mouth,573.1,448.5,699.0,541.3,876.4,650.6,1033.8,766.7,NBacfF-K2eQ.004.mp4,1280,720,15.0,230,agreeableness,low
49,3266,forehead,483.5,174.8,837.5,498.5,764.3,308.4,1206.9,713.2,NBacfF-K2eQ.004.mp4,1280,720,15.0,230,agreeableness,low
49,3266,chin,483.5,316.1,822.3,593.0,764.3,485.2,1187.8,831.2,NBacfF-K2eQ.004.mp4,1280,720,15.0,230,agreeableness,low
49,3266,left_cheek,499.4,321.3,603.2,471.8,784.3,491.6,914.0,679.7,NBacfF-K2eQ.004.mp4,1280,720,15.0,230,agreeableness,low
49,3266,right_cheek,712.7,375.9,811.8,509.9,1050.8,559.8,1174.7,727.3,NBacfF-K2eQ.004.mp4,1280,720,15.0,230,agreeableness,low
50,3333,left_eye,524.3,216.9,644.4,322.7,815.4,361.1,965.5,493.3,NBacfF-K2eQ.004.mp4,1280,720,15.0,230,agreeableness,low
50,3333,right_eye,694.6,250.6,811.4,354.2,1028.3,403.2,1174.2,532.8,NBacfF-K2eQ.004.mp4,1280,720,15.0,230,agreeableness,low
50,3333,nose,601.9,301.1,695.0,432.8,912.3,466.4,1028.8,630.9,NBacfF-K2eQ.004.mp4,1280,720,15.0,230,agreeableness,low
50,3333,mouth,568.1,447.1,695.0,541.3,870.1,648.8,1028.8,766.7,NBacfF-K2eQ.004.mp4,1280,720,15.0,230,agreeableness,low
50,3333,forehead,478.5,175.0,831.0,498.5,758.1,308.8,1198.7,713.2,NBacfF-K2eQ.004.mp4,1280,720,15.0,230,agreeableness,low
50,3333,chin,478.5,318.9,816.3,593.2,758.1,488.6,1180.4,831.5,NBacfF-K2eQ.004.mp4,1280,720,15.0,230,agreeableness,low
50,3333,left_cheek,494.1,322.7,597.7,471.7,777.6,493.3,907.2,679.7,NBacfF-K2eQ.004.mp4,1280,720,15.0,230,agreeableness,low
50,3333,right_cheek,707.2,375.3,806.0,509.5,1044.0,559.1,1167.6,726.8,NBacfF-K2eQ.004.mp4,1280,720,15.0,230,agreeableness,low
51,3400,left_eye,517.4,215.3,635.4,320.1,806.8,359.2,954.2,490.1,NBacfF-K2eQ.004.mp4,1280,720,15.0,230,agreeableness,low
51,3400,right_eye,688.5,245.4,808.0,349.0,1020.7,396.7,1170.0,526.2,NBacfF-K2eQ.004.mp4,1280,720,15.0,230,agreeableness,low
51,3400,nose,597.5,296.6,689.2,426.9,906.8,460.7,1021.6,623.6,NBacfF-K2eQ.004.mp4,1280,720,15.0,230,agreeableness,low
51,3400,mouth,567.3,444.0,689.8,537.0,869.1,645.0,1022.3,761.3,NBacfF-K2eQ.004.mp4,1280,720,15.0,230,agreeableness,low
51,3400,forehead,474.2,173.2,829.1,495.3,752.8,306.5,1196.4,709.1,NBacfF-K2eQ.004.mp4,1280,720,15.0,230,agreeableness,low
51,3400,chin,474.2,318.9,816.2,589.2,752.8,488.6,1180.2,826.5,NBacfF-K2eQ.004.mp4,1280,720,15.0,230,agreeableness,low
51,3400,left_cheek,489.5,322.4,592.0,470.2,771.9,492.9,900.0,677.7,NBacfF-K2eQ.004.mp4,1280,720,15.0,230,agreeableness,low
51,3400,right_cheek,702.3,369.9,803.6,504.8,1037.9,552.3,1164.5,721.0,NBacfF-K2eQ.004.mp4,1280,720,15.0,230,agreeableness,low
52,3466,left_eye,511.5,209.2,628.0,313.3,799.4,351.5,944.9,481.6,NBacfF-K2eQ.004.mp4,1280,720,15.0,230,agreeableness,low
52,3466,right_eye,681.8,237.8,799.7,341.0,1012.2,387.2,1159.6,516.2,NBacfF-K2eQ.004.mp4,1280,720,15.0,230,agreeableness,low
52,3466,nose,590.5,289.3,681.7,419.5,898.2,451.6,1012.2,614.4,NBacfF-K2eQ.004.mp4,1280,720,15.0,230,agreeableness,low
52,3466,mouth,562.1,443.8,682.9,528.2,862.6,644.8,1013.7,750.2,NBacfF-K2eQ.004.mp4,1280,720,15.0,230,agreeableness,low
52,3466,forehead,468.6,168.7,819.2,485.9,745.8,300.9,1184.0,697.4,NBacfF-K2eQ.004.mp4,1280,720,15.0,230,agreeableness,low
52,3466,chin,468.6,314.9,807.1,579.7,745.8,483.6,1168.9,814.6,NBacfF-K2eQ.004.mp4,1280,720,15.0,230,agreeableness,low
52,3466,left_cheek,484.0,317.7,585.4,463.9,765.0,487.1,891.7,669.9,NBacfF-K2eQ.004.mp4,1280,720,15.0,230,agreeableness,low
52,3466,right_cheek,694.8,362.5,795.3,497.2,1028.5,543.1,1154.1,711.5,NBacfF-K2eQ.004.mp4,1280,720,15.0,230,agreeableness,low
53,3533,left_eye,511.1,207.2,627.0,311.2,798.8,349.1,943.8,479.0,NBacfF-K2eQ.004.mp4,1280,720,15.0,230,agreeableness,low
53,3533,right_eye,681.1,234.0,797.1,337.0,1011.4,382.5,1156.4,511.3,NBacfF-K2eQ.004.mp4,1280,720,15.0,230,agreeableness,low
53,3533,nose,591.5,286.1,683.9,418.5,899.4,447.6,1014.9,613.2,NBacfF-K2eQ.004.mp4,1280,720,15.0,230,agreeableness,low
53,3533,mouth,563.3,448.9,685.1,521.0,864.1,651.1,1016.4,741.2,NBacfF-K2eQ.004.mp4,1280,720,15.0,230,agreeableness,low
53,3533,forehead,469.3,166.7,817.7,483.2,746.7,298.4,1182.1,694.0,NBacfF-K2eQ.004.mp4,1280,720,15.0,230,agreeableness,low
53,3533,chin,469.3,314.4,807.1,575.9,746.7,483.0,1168.9,809.9,NBacfF-K2eQ.004.mp4,1280,720,15.0,230,agreeableness,low
53,3533,left_cheek,484.0,317.4,585.6,464.2,765.0,486.7,892.0,670.2,NBacfF-K2eQ.004.mp4,1280,720,15.0,230,agreeableness,low
53,3533,right_cheek,695.4,359.6,795.9,495.4,1029.2,539.5,1154.8,709.3,NBacfF-K2eQ.004.mp4,1280,720,15.0,230,agreeableness,low
54,3600,left_eye,511.7,202.7,627.0,307.9,799.7,343.3,943.8,474.9,NBacfF-K2eQ.004.mp4,1280,720,15.0,230,agreeableness,low
54,3600,right_eye,681.5,229.0,799.2,332.6,1011.9,376.3,1158.9,505.7,NBacfF-K2eQ.004.mp4,1280,720,15.0,230,agreeableness,low
54,3600,nose,592.1,281.7,684.8,414.9,900.2,442.1,1016.1,608.6,NBacfF-K2eQ.004.mp4,1280,720,15.0,230,agreeableness,low
54,3600,mouth,564.3,448.5,686.0,512.1,865.3,650.6,1017.5,730.2,NBacfF-K2eQ.004.mp4,1280,720,15.0,230,agreeableness,low
54,3600,forehead,470.6,163.2,820.8,478.1,748.2,294.0,1186.1,687.6,NBacfF-K2eQ.004.mp4,1280,720,15.0,230,agreeableness,low
54,3600,chin,470.6,311.1,808.9,570.1,748.2,478.8,1171.2,802.6,NBacfF-K2eQ.004.mp4,1280,720,15.0,230,agreeableness,low
54,3600,left_cheek,484.9,314.4,586.2,460.7,766.1,483.1,892.7,665.8,NBacfF-K2eQ.004.mp4,1280,720,15.0,230,agreeableness,low
54,3600,right_cheek,696.6,355.4,798.2,491.0,1030.7,534.3,1157.8,703.8,NBacfF-K2eQ.004.mp4,1280,720,15.0,230,agreeableness,low
55,3666,left_eye,505.1,203.9,618.7,308.2,791.3,344.8,933.3,475.2,NBacfF-K2eQ.004.mp4,1280,720,15.0,230,agreeableness,low
55,3666,right_eye,675.1,230.6,792.5,332.6,1003.9,378.3,1150.6,505.7,NBacfF-K2eQ.004.mp4,1280,720,15.0,230,agreeableness,low
55,3666,nose,585.3,282.3,676.8,415.2,891.6,442.9,1006.0,609.0,NBacfF-K2eQ.004.mp4,1280,720,15.0,230,agreeableness,low
55,3666,mouth,559.9,449.3,683.2,508.4,859.9,651.6,1014.0,725.5,NBacfF-K2eQ.004.mp4,1280,720,15.0,230,agreeableness,low
55,3666,forehead,465.8,161.8,816.7,479.5,742.3,292.3,1180.9,689.3,NBacfF-K2eQ.004.mp4,1280,720,15.0,230,agreeableness,low
55,3666,chin,465.8,310.5,808.1,572.2,742.3,478.1,1170.1,805.3,NBacfF-K2eQ.004.mp4,1280,720,15.0,230,agreeableness,low
55,3666,left_cheek,478.4,314.1,579.7,460.6,758.0,482.6,884.6,665.8,NBacfF-K2eQ.004.mp4,1280,720,15.0,230,agreeableness,low
55,3666,right_cheek,689.5,355.0,794.0,491.9,1021.9,533.8,1152.5,704.9,NBacfF-K2eQ.004.mp4,1280,720,15.0,230,agreeableness,low
56,3733,left_eye,498.8,204.3,612.1,308.6,783.6,345.3,925.1,475.8,NBacfF-K2eQ.004.mp4,1280,720,15.0,230,agreeableness,low
56,3733,right_eye,669.0,230.2,786.9,331.7,996.2,377.7,1143.6,504.7,NBacfF-K2eQ.004.mp4,1280,720,15.0,230,agreeableness,low
56,3733,nose,579.2,282.0,670.3,415.2,884.1,442.5,997.9,609.0,NBacfF-K2eQ.004.mp4,1280,720,15.0,230,agreeableness,low
56,3733,mouth,554.6,449.3,678.6,508.6,853.3,651.6,1008.3,725.8,NBacfF-K2eQ.004.mp4,1280,720,15.0,230,agreeableness,low
56,3733,forehead,460.6,161.2,812.2,477.7,735.7,291.5,1175.3,687.2,NBacfF-K2eQ.004.mp4,1280,720,15.0,230,agreeableness,low
56,3733,chin,460.6,310.4,804.4,570.3,735.7,478.0,1165.5,802.8,NBacfF-K2eQ.004.mp4,1280,720,15.0,230,agreeableness,low
56,3733,left_cheek,473.0,314.2,573.7,460.3,751.2,482.7,877.2,665.3,NBacfF-K2eQ.004.mp4,1280,720,15.0,230,agreeableness,low
56,3733,right_cheek,683.6,354.2,789.0,490.7,1014.5,532.8,1146.2,703.3,NBacfF-K2eQ.004.mp4,1280,720,15.0,230,agreeableness,low
57,3800,left_eye,491.7,203.0,605.9,306.8,774.6,343.7,917.4,473.5,NBacfF-K2eQ.004.mp4,1280,720,15.0,230,agreeableness,low
57,3800,right_eye,664.1,227.4,783.4,329.0,990.2,374.2,1139.3,501.2,NBacfF-K2eQ.004.mp4,1280,720,15.0,230,agreeableness,low
57,3800,nose,574.1,279.9,666.7,413.7,877.6,439.9,993.3,607.2,NBacfF-K2eQ.004.mp4,1280,720,15.0,230,agreeableness,low
57,3800,mouth,550.1,448.9,675.0,508.1,847.6,651.2,1003.8,725.1,NBacfF-K2eQ.004.mp4,1280,720,15.0,230,agreeableness,low
57,3800,forehead,454.3,159.5,809.8,475.9,727.9,289.4,1172.3,684.9,NBacfF-K2eQ.004.mp4,1280,720,15.0,230,agreeableness,low
57,3800,chin,454.3,309.5,803.2,571.1,727.9,476.9,1164.0,803.8,NBacfF-K2eQ.004.mp4,1280,720,15.0,230,agreeableness,low
57,3800,left_cheek,466.9,313.4,568.2,459.7,743.7,481.7,870.3,664.6,NBacfF-K2eQ.004.mp4,1280,720,15.0,230,agreeableness,low
57,3800,right_cheek,679.8,352.1,786.9,489.4,1009.8,530.1,1143.7,701.8,NBacfF-K2eQ.004.mp4,1280,720,15.0,230,agreeableness,low
58,3866,left_eye,487.1,203.1,600.4,307.2,768.9,343.9,910.5,474.0,NBacfF-K2eQ.004.mp4,1280,720,15.0,230,agreeableness,low
58,3866,right_eye,659.3,228.4,779.2,330.3,984.2,375.5,1134.0,502.9,NBacfF-K2eQ.004.mp4,1280,720,15.0,230,agreeableness,low
58,3866,nose,567.4,280.8,660.8,414.3,869.3,441.0,986.0,607.8,NBacfF-K2eQ.004.mp4,1280,720,15.0,230,agreeableness,low
58,3866,mouth,544.0,447.3,667.8,517.8,840.0,649.1,994.8,737.3,NBacfF-K2eQ.004.mp4,1280,720,15.0,230,agreeableness,low
58,3866,forehead,450.4,160.3,807.2,477.0,723.0,290.3,1169.0,686.2,NBacfF-K2eQ.004.mp4,1280,720,15.0,230,agreeableness,low
58,3866,chin,450.4,310.7,801.2,574.7,723.0,478.3,1161.5,808.4,NBacfF-K2eQ.004.mp4,1280,720,15.0,230,agreeableness,low
58,3866,left_cheek,461.9,314.0,562.6,460.6,737.3,482.5,863.2,665.8,NBacfF-K2eQ.004.mp4,1280,720,15.0,230,agreeableness,low
58,3866,right_cheek,674.5,353.1,784.0,489.8,1003.1,531.4,1140.0,702.3,NBacfF-K2eQ.004.mp4,1280,720,15.0,230,agreeableness,low
59,3933,left_eye,485.3,205.5,597.7,309.6,766.6,346.8,907.1,477.0,NBacfF-K2eQ.004.mp4,1280,720,15.0,230,agreeableness,low
59,3933,right_eye,656.5,229.4,778.6,330.9,980.6,376.7,1133.3,503.7,NBacfF-K2eQ.004.mp4,1280,720,15.0,230,agreeableness,low
59,3933,nose,564.7,282.0,656.8,414.6,865.8,442.5,981.0,608.2,NBacfF-K2eQ.004.mp4,1280,720,15.0,230,agreeableness,low
59,3933,mouth,539.5,442.6,662.2,529.7,834.3,643.3,987.8,752.2,NBacfF-K2eQ.004.mp4,1280,720,15.0,230,agreeableness,low
59,3933,forehead,449.1,161.1,808.2,481.5,721.4,291.4,1170.2,691.9,NBacfF-K2eQ.004.mp4,1280,720,15.0,230,agreeableness,low
59,3933,chin,449.1,313.3,801.9,583.1,721.4,481.6,1162.4,818.9,NBacfF-K2eQ.004.mp4,1280,720,15.0,230,agreeableness,low
59,3933,left_cheek,459.5,315.5,559.9,463.1,734.4,484.4,859.9,668.9,NBacfF-K2eQ.004.mp4,1280,720,15.0,230,agreeableness,low
59,3933,right_cheek,671.6,353.7,783.3,494.3,999.5,532.1,1139.1,707.9,NBacfF-K2eQ.004.mp4,1280,720,15.0,230,agreeableness,low
60,4000,left_eye,479.2,204.8,593.8,308.6,759.0,346.0,902.2,475.8,NBacfF-K2eQ.004.mp4,1280,720,15.0,230,agreeableness,low
60,4000,right_eye,653.3,228.6,777.7,330.8,976.6,375.8,1132.2,503.5,NBacfF-K2eQ.004.mp4,1280,720,15.0,230,agreeableness,low
60,4000,nose,561.7,280.8,654.6,409.5,862.1,441.0,978.3,601.9,NBacfF-K2eQ.004.mp4,1280,720,15.0,230,agreeableness,low
60,4000,mouth,536.7,434.1,657.2,528.2,830.9,632.7,981.5,750.3,NBacfF-K2eQ.004.mp4,1280,720,15.0,230,agreeableness,low
60,4000,forehead,442.3,161.3,807.9,481.4,712.9,291.7,1169.9,691.8,NBacfF-K2eQ.004.mp4,1280,720,15.0,230,agreeableness,low
60,4000,chin,442.3,313.6,801.3,582.0,712.9,482.0,1161.6,817.6,NBacfF-K2eQ.004.mp4,1280,720,15.0,230,agreeableness,low
60,4000,left_cheek,454.4,314.9,556.1,461.8,728.0,483.7,855.2,667.2,NBacfF-K2eQ.004.mp4,1280,720,15.0,230,agreeableness,low
60,4000,right_cheek,669.4,352.6,781.7,493.0,996.8,530.8,1137.1,706.3,NBacfF-K2eQ.004.mp4,1280,720,15.0,230,agreeableness,low
61,4066,left_eye,474.7,204.3,589.7,308.0,753.4,345.3,897.1,475.0,NBacfF-K2eQ.004.mp4,1280,720,15.0,230,agreeableness,low
61,4066,right_eye,649.6,228.4,772.9,330.2,972.0,375.5,1126.1,502.7,NBacfF-K2eQ.004.mp4,1280,720,15.0,230,agreeableness,low
61,4066,nose,558.2,280.3,651.3,408.6,857.7,440.3,974.2,600.7,NBacfF-K2eQ.004.mp4,1280,720,15.0,230,agreeableness,low
61,4066,mouth,533.0,430.8,654.8,527.3,826.2,628.4,978.5,749.1,NBacfF-K2eQ.004.mp4,1280,720,15.0,230,agreeableness,low
61,4066,forehead,437.8,161.5,802.0,481.1,707.2,291.8,1162.4,691.3,NBacfF-K2eQ.004.mp4,1280,720,15.0,230,agreeableness,low
61,4066,chin,437.8,313.9,795.5,581.9,707.2,482.4,1154.3,817.4,NBacfF-K2eQ.004.mp4,1280,720,15.0,230,agreeableness,low
61,4066,left_cheek,451.0,314.8,552.6,461.1,723.8,483.5,850.7,666.3,NBacfF-K2eQ.004.mp4,1280,720,15.0,230,agreeableness,low
61,4066,right_cheek,665.6,351.7,776.3,491.5,992.0,529.7,1130.4,704.4,NBacfF-K2eQ.004.mp4,1280,720,15.0,230,agreeableness,low
62,4133,left_eye,470.7,205.3,586.3,308.6,748.4,346.6,892.8,475.8,NBacfF-K2eQ.004.mp4,1280,720,15.0,230,agreeableness,low
62,4133,right_eye,645.6,228.6,766.6,330.2,967.0,375.7,1118.2,502.8,NBacfF-K2eQ.004.mp4,1280,720,15.0,230,agreeableness,low
62,4133,nose,555.2,280.4,648.7,409.2,854.0,440.5,970.9,601.5,NBacfF-K2eQ.004.mp4,1280,720,15.0,230,agreeableness,low
62,4133,mouth,529.8,431.3,652.1,520.5,822.3,629.2,975.1,740.6,NBacfF-K2eQ.004.mp4,1280,720,15.0,230,agreeableness,low
62,4133,forehead,434.7,161.8,792.9,481.5,703.3,292.2,1151.1,691.9,NBacfF-K2eQ.004.mp4,1280,720,15.0,230,agreeableness,low
62,4133,chin,434.7,316.5,785.7,578.1,703.3,485.7,1142.1,812.6,NBacfF-K2eQ.004.mp4,1280,720,15.0,230,agreeableness,low
62,4133,left_cheek,448.6,316.3,549.6,461.2,720.8,485.4,847.0,666.6,NBacfF-K2eQ.004.mp4,1280,720,15.0,230,agreeableness,low
62,4133,right_cheek,661.5,352.0,769.1,491.3,986.9,530.0,1121.4,704.1,NBacfF-K2eQ.004.mp4,1280,720,15.0,230,agreeableness,low
63,4200,left_eye,468.7,205.4,585.7,308.8,745.9,346.7,892.1,476.0,NBacfF-K2eQ.004.mp4,1280,720,15.0,230,agreeableness,low
63,4200,right_eye,644.6,228.7,764.9,330.1,965.7,375.9,1116.1,502.7,NBacfF-K2eQ.004.mp4,1280,720,15.0,230,agreeableness,low
63,4200,nose,554.0,280.5,649.5,409.4,852.5,440.6,971.9,601.7,NBacfF-K2eQ.004.mp4,1280,720,15.0,230,agreeableness,low
63,4200,mouth,527.1,429.3,651.7,507.2,818.9,626.7,974.7,724.1,NBacfF-K2eQ.004.mp4,1280,720,15.0,230,agreeableness,low
63,4200,forehead,433.2,162.0,788.5,478.4,701.5,292.5,1145.6,688.0,NBacfF-K2eQ.004.mp4,1280,720,15.0,230,agreeableness,low
63,4200,chin,433.2,316.5,779.8,572.7,701.5,485.6,1134.7,805.8,NBacfF-K2eQ.004.mp4,1280,720,15.0,230,agreeableness,low
63,4200,left_cheek,447.7,316.4,548.8,460.4,719.6,485.5,846.0,665.5,NBacfF-K2eQ.004.mp4,1280,720,15.0,230,agreeableness,low
63,4200,right_cheek,660.9,351.8,766.1,488.0,986.1,529.7,1117.7,700.0,NBacfF-K2eQ.004.mp4,1280,720,15.0,230,agreeableness,low
64,4266,left_eye,470.9,202.9,587.7,307.1,748.6,343.7,894.6,473.8,NBacfF-K2eQ.004.mp4,1280,720,15.0,230,agreeableness,low
64,4266,right_eye,646.5,227.4,767.2,329.2,968.1,374.2,1119.0,501.5,NBacfF-K2eQ.004.mp4,1280,720,15.0,230,agreeableness,low
64,4266,nose,555.2,279.1,650.5,407.2,854.0,438.9,973.2,599.0,NBacfF-K2eQ.004.mp4,1280,720,15.0,230,agreeableness,low
64,4266,mouth,529.5,428.0,652.4,509.3,821.8,625.0,975.5,726.6,NBacfF-K2eQ.004.mp4,1280,720,15.0,230,agreeableness,low
64,4266,forehead,434.3,162.0,792.1,475.9,702.9,292.5,1150.1,684.8,NBacfF-K2eQ.004.mp4,1280,720,15.0,230,agreeableness,low
64,4266,chin,434.3,314.2,783.5,570.5,702.9,482.8,1139.3,803.2,NBacfF-K2eQ.004.mp4,1280,720,15.0,230,agreeableness,low
64,4266,left_cheek,448.7,314.2,550.1,457.2,720.9,482.7,847.6,661.5,NBacfF-K2eQ.004.mp4,1280,720,15.0,230,agreeableness,low
64,4266,right_cheek,662.6,350.8,768.8,486.0,988.3,528.5,1121.0,697.5,NBacfF-K2eQ.004.mp4,1280,720,15.0,230,agreeableness,low
65,4333,left_eye,473.1,203.0,591.3,306.9,751.4,343.7,899.1,473.6,NBacfF-K2eQ.004.mp4,1280,720,15.0,230,agreeableness,low
65,4333,right_eye,650.9,228.7,768.5,329.9,973.6,375.8,1120.6,502.3,NBacfF-K2eQ.004.mp4,1280,720,15.0,230,agreeableness,low
65,4333,nose,556.7,280.0,651.1,408.4,855.8,440.0,973.9,600.6,NBacfF-K2eQ.004.mp4,1280,720,15.0,230,agreeableness,low
65,4333,mouth,531.3,431.5,653.1,509.5,824.1,629.4,976.4,726.8,NBacfF-K2eQ.004.mp4,1280,720,15.0,230,agreeableness,low
65,4333,forehead,435.6,162.5,792.2,475.8,704.5,293.1,1150.2,684.7,NBacfF-K2eQ.004.mp4,1280,720,15.0,230,agreeableness,low
65,4333,chin,435.6,312.1,784.8,569.7,704.5,480.1,1141.0,802.1,NBacfF-K2eQ.004.mp4,1280,720,15.0,230,agreeableness,low
65,4333,left_cheek,449.2,313.5,551.8,456.8,721.5,481.9,849.7,661.1,NBacfF-K2eQ.004.mp4,1280,720,15.0,230,agreeableness,low
65,4333,right_cheek,664.3,352.0,769.7,486.5,990.4,530.0,1122.1,698.2,NBacfF-K2eQ.004.mp4,1280,720,15.0,230,agreeableness,low
66,4400,left_eye,477.8,205.5,596.8,310.0,757.3,346.9,906.1,477.5,NBacfF-K2eQ.004.mp4,1280,720,15.0,230,agreeableness,low
66,4400,right_eye,655.7,232.8,769.1,335.3,979.7,381.0,1121.3,509.1,NBacfF-K2eQ.004.mp4,1280,720,15.0,230,agreeableness,low
66,4400,nose,561.4,284.7,653.9,414.7,861.8,445.9,977.4,608.3,NBacfF-K2eQ.004.mp4,1280,720,15.0,230,agreeableness,low
66,4400,mouth,536.9,436.5,656.2,511.1,831.2,635.6,980.3,728.9,NBacfF-K2eQ.004.mp4,1280,720,15.0,230,agreeableness,low
66,4400,forehead,437.5,164.7,793.0,477.8,706.8,295.9,1151.2,687.2,NBacfF-K2eQ.004.mp4,1280,720,15.0,230,agreeableness,low
66,4400,chin,437.5,313.0,783.3,570.0,706.8,481.3,1139.2,802.5,NBacfF-K2eQ.004.mp4,1280,720,15.0,230,agreeableness,low
66,4400,left_cheek,452.2,315.1,556.3,459.0,725.2,483.9,855.3,663.7,NBacfF-K2eQ.004.mp4,1280,720,15.0,230,agreeableness,low
66,4400,right_cheek,667.1,357.2,770.6,489.6,993.9,536.5,1123.2,702.0,NBacfF-K2eQ.004.mp4,1280,720,15.0,230,agreeableness,low
67,4466,left_eye,480.3,210.6,600.5,313.8,760.4,353.3,910.6,482.3,NBacfF-K2eQ.004.mp4,1280,720,15.0,230,agreeableness,low
67,4466,right_eye,659.2,237.0,771.7,339.3,984.0,386.2,1124.6,514.2,NBacfF-K2eQ.004.mp4,1280,720,15.0,230,agreeableness,low
67,4466,nose,564.9,288.8,658.8,419.5,866.1,451.0,983.5,614.4,NBacfF-K2eQ.004.mp4,1280,720,15.0,230,agreeableness,low
67,4466,mouth,539.8,441.1,659.3,512.6,834.7,641.4,984.1,730.7,NBacfF-K2eQ.004.mp4,1280,720,15.0,230,agreeableness,low
67,4466,forehead,439.3,168.5,792.6,478.1,709.1,300.6,1150.7,687.6,NBacfF-K2eQ.004.mp4,1280,720,15.0,230,agreeableness,low
67,4466,chin,439.3,314.5,782.3,569.7,709.1,483.1,1137.8,802.2,NBacfF-K2eQ.004.mp4,1280,720,15.0,230,agreeableness,low
67,4466,left_cheek,454.8,317.8,559.8,460.7,728.5,487.2,859.8,665.9,NBacfF-K2eQ.004.mp4,1280,720,15.0,230,agreeableness,low
67,4466,right_cheek,670.9,360.6,771.2,491.0,998.6,540.8,1124.0,703.7,NBacfF-K2eQ.004.mp4,1280,720,15.0,230,agreeableness,low
68,4533,left_eye,484.5,213.0,606.0,315.9,765.7,356.2,917.5,484.9,NBacfF-K2eQ.004.mp4,1280,720,15.0,230,agreeableness,low
68,4533,right_eye,663.4,240.1,775.9,343.4,989.2,390.1,1129.9,519.2,NBacfF-K2eQ.004.mp4,1280,720,15.0,230,agreeableness,low
68,4533,nose,567.8,292.0,664.1,424.6,869.8,455.0,990.1,620.7,NBacfF-K2eQ.004.mp4,1280,720,15.0,230,agreeableness,low
68,4533,mouth,541.7,448.2,659.8,516.7,837.1,650.3,984.7,735.8,NBacfF-K2eQ.004.mp4,1280,720,15.0,230,agreeableness,low
68,4533,forehead,441.0,169.9,792.5,479.6,711.3,302.4,1150.7,689.5,NBacfF-K2eQ.004.mp4,1280,720,15.0,230,agreeableness,low
68,4533,chin,441.0,314.6,781.2,571.3,711.3,483.3,1136.4,804.2,NBacfF-K2eQ.004.mp4,1280,720,15.0,230,agreeableness,low
68,4533,left_cheek,457.5,319.2,563.2,463.7,731.9,488.9,864.0,669.6,NBacfF-K2eQ.004.mp4,1280,720,15.0,230,agreeableness,low
68,4533,right_cheek,675.0,364.9,773.2,495.5,1003.8,546.1,1126.4,709.3,NBacfF-K2eQ.004.mp4,1280,720,15.0,230,agreeableness,low
69,4600,left_eye,490.7,215.5,615.2,319.9,773.4,359.4,928.9,489.9,NBacfF-K2eQ.004.mp4,1280,720,15.0,230,agreeableness,low
69,4600,right_eye,672.1,246.8,784.0,350.0,1000.1,398.5,1140.0,527.5,NBacfF-K2eQ.004.mp4,1280,720,15.0,230,agreeableness,low
69,4600,nose,575.5,297.5,672.9,429.2,879.4,461.8,1001.2,626.6,NBacfF-K2eQ.004.mp4,1280,720,15.0,230,agreeableness,low
69,4600,mouth,547.1,451.8,663.7,527.7,843.9,654.7,989.6,749.7,NBacfF-K2eQ.004.mp4,1280,720,15.0,230,agreeableness,low
69,4600,forehead,444.4,172.6,796.6,481.8,715.5,305.7,1155.7,692.2,NBacfF-K2eQ.004.mp4,1280,720,15.0,230,agreeableness,low
69,4600,chin,444.4,314.6,781.8,576.0,715.5,483.3,1137.3,810.0,NBacfF-K2eQ.004.mp4,1280,720,15.0,230,agreeableness,low
69,4600,left_cheek,463.6,320.8,570.6,467.5,739.5,491.1,873.3,674.4,NBacfF-K2eQ.004.mp4,1280,720,15.0,230,agreeableness,low
69,4600,right_cheek,683.1,370.4,779.6,500.4,1013.9,553.0,1134.5,715.5,NBacfF-K2eQ.004.mp4,1280,720,15.0,230,agreeableness,low
70,4666,left_eye,498.8,215.4,625.1,321.1,783.5,359.3,941.4,491.4,NBacfF-K2eQ.004.mp4,1280,720,15.0,230,agreeableness,low
70,4666,right_eye,679.5,249.0,790.5,352.8,1009.3,401.3,1148.2,531.1,NBacfF-K2eQ.004.mp4,1280,720,15.0,230,agreeableness,low
70,4666,nose,586.0,299.2,680.5,430.8,892.5,464.0,1010.6,628.5,NBacfF-K2eQ.004.mp4,1280,720,15.0,230,agreeableness,low
70,4666,mouth,552.4,450.2,672.8,534.8,850.6,652.7,1001.0,758.5,NBacfF-K2eQ.004.mp4,1280,720,15.0,230,agreeableness,low
70,4666,forehead,447.2,173.0,803.9,487.6,719.0,306.3,1164.8,699.5,NBacfF-K2eQ.004.mp4,1280,720,15.0,230,agreeableness,low
70,4666,chin,447.2,314.8,786.6,580.6,719.0,483.5,1143.3,815.8,NBacfF-K2eQ.004.mp4,1280,720,15.0,230,agreeableness,low
70,4666,left_cheek,469.7,321.2,579.3,468.9,747.1,491.5,884.1,676.2,NBacfF-K2eQ.004.mp4,1280,720,15.0,230,agreeableness,low
70,4666,right_cheek,690.6,373.2,785.5,504.1,1023.3,556.5,1141.8,720.1,NBacfF-K2eQ.004.mp4,1280,720,15.0,230,agreeableness,low
71,4733,left_eye,501.3,215.0,627.8,320.6,786.6,358.7,944.7,490.7,NBacfF-K2eQ.004.mp4,1280,720,15.0,230,agreeableness,low
71,4733,right_eye,681.9,248.0,791.9,351.9,1012.4,399.9,1149.8,529.9,NBacfF-K2eQ.004.mp4,1280,720,15.0,230,agreeableness,low
71,4733,nose,588.4,298.3,682.9,429.6,895.6,462.8,1013.6,627.1,NBacfF-K2eQ.004.mp4,1280,720,15.0,230,agreeableness,low
71,4733,mouth,552.3,449.3,676.6,534.0,850.4,651.7,1005.7,757.5,NBacfF-K2eQ.004.mp4,1280,720,15.0,230,agreeableness,low
71,4733,forehead,448.9,172.7,804.9,488.7,721.1,305.8,1166.2,700.8,NBacfF-K2eQ.004.mp4,1280,720,15.0,230,agreeableness,low
71,4733,chin,448.9,315.2,787.6,579.9,721.1,484.1,1144.5,814.9,NBacfF-K2eQ.004.mp4,1280,720,15.0,230,agreeableness,low
71,4733,left_cheek,471.1,321.1,581.2,468.2,748.9,491.4,886.5,675.2,NBacfF-K2eQ.004.mp4,1280,720,15.0,230,agreeableness,low
71,4733,right_cheek,692.6,372.3,786.2,502.5,1025.7,555.3,1142.7,718.1,NBacfF-K2eQ.004.mp4,1280,720,15.0,230,agreeableness,low
72,4800,left_eye,504.1,213.6,629.9,319.8,790.1,357.0,947.4,489.7,NBacfF-K2eQ.004.mp4,1280,720,15.0,230,agreeableness,low
72,4800,right_eye,685.0,247.0,795.3,350.8,1016.3,398.8,1154.1,528.4,NBacfF-K2eQ.004.mp4,1280,720,15.0,230,agreeableness,low
72,4800,nose,591.7,297.8,686.3,428.6,899.6,462.3,1017.9,625.7,NBacfF-K2eQ.004.mp4,1280,720,15.0,230,agreeableness,low
72,4800,mouth,554.4,445.2,680.1,525.8,853.0,646.5,1010.1,747.3,NBacfF-K2eQ.004.mp4,1280,720,15.0,230,agreeableness,low
72,4800,forehead,452.5,172.1,808.5,488.1,725.7,305.1,1170.6,700.1,NBacfF-K2eQ.004.mp4,1280,720,15.0,230,agreeableness,low
72,4800,chin,452.5,315.0,792.0,577.7,725.7,483.8,1150.0,812.2,NBacfF-K2eQ.004.mp4,1280,720,15.0,230,agreeableness,low
72,4800,left_cheek,474.6,319.9,584.3,466.2,753.2,489.9,890.4,672.7,NBacfF-K2eQ.004.mp4,1280,720,15.0,230,agreeableness,low
72,4800,right_cheek,695.9,371.2,789.7,502.2,1029.8,554.0,1147.1,717.8,NBacfF-K2eQ.004.mp4,1280,720,15.0,230,agreeableness,low
73,4866,left_eye,506.2,211.9,631.5,318.8,792.8,354.9,949.4,488.5,NBacfF-K2eQ.004.mp4,1280,720,15.0,230,agreeableness,low
73,4866,right_eye,687.0,246.6,799.1,350.5,1018.7,398.3,1158.9,528.1,NBacfF-K2eQ.004.mp4,1280,720,15.0,230,agreeableness,low
73,4866,nose,593.2,296.5,688.3,426.9,901.4,460.7,1020.3,623.6,NBacfF-K2eQ.004.mp4,1280,720,15.0,230,agreeableness,low
73,4866,mouth,556.0,441.9,682.1,534.6,854.9,642.3,1012.7,758.3,NBacfF-K2eQ.004.mp4,1280,720,15.0,230,agreeableness,low
73,4866,forehead,455.6,171.3,814.1,487.8,729.5,304.1,1177.6,699.7,NBacfF-K2eQ.004.mp4,1280,720,15.0,230,agreeableness,low
73,4866,chin,455.6,314.5,799.3,581.8,729.5,483.1,1159.1,817.3,NBacfF-K2eQ.004.mp4,1280,720,15.0,230,agreeableness,low
73,4866,left_cheek,476.9,319.2,586.2,466.2,756.1,489.0,892.7,672.7,NBacfF-K2eQ.004.mp4,1280,720,15.0,230,agreeableness,low
73,4866,right_cheek,698.4,371.0,794.8,501.7,1033.0,553.7,1153.5,717.1,NBacfF-K2eQ.004.mp4,1280,720,15.0,230,agreeableness,low
74,4933,left_eye,506.4,211.9,631.3,318.5,793.0,354.9,949.2,488.1,NBacfF-K2eQ.004.mp4,1280,720,15.0,230,agreeableness,low
74,4933,right_eye,685.8,246.3,798.1,350.0,1017.3,397.9,1157.6,527.5,NBacfF-K2eQ.004.mp4,1280,720,15.0,230,agreeableness,low
74,4933,nose,592.5,296.4,688.1,426.7,900.7,460.5,1020.2,623.4,NBacfF-K2eQ.004.mp4,1280,720,15.0,230,agreeableness,low
74,4933,mouth,554.6,442.3,683.9,543.4,853.2,642.9,1014.9,769.2,NBacfF-K2eQ.004.mp4,1280,720,15.0,230,agreeableness,low
74,4933,forehead,455.6,171.7,813.0,489.3,729.5,304.6,1176.2,701.7,NBacfF-K2eQ.004.mp4,1280,720,15.0,230,agreeableness,low
74,4933,chin,455.6,315.3,798.4,589.7,729.5,484.2,1158.1,827.1,NBacfF-K2eQ.004.mp4,1280,720,15.0,230,agreeableness,low
74,4933,left_cheek,476.7,319.5,585.5,467.9,755.9,489.4,891.8,674.9,NBacfF-K2eQ.004.mp4,1280,720,15.0,230,agreeableness,low
74,4933,right_cheek,697.7,370.5,793.6,503.0,1032.2,553.1,1152.0,718.7,NBacfF-K2eQ.004.mp4,1280,720,15.0,230,agreeableness,low
75,5000,left_eye,508.5,210.8,632.3,317.6,795.6,353.5,950.4,487.0,NBacfF-K2eQ.004.mp4,1280,720,15.0,230,agreeableness,low
75,5000,right_eye,687.5,245.0,800.5,349.9,1019.3,396.2,1160.6,527.4,NBacfF-K2eQ.004.mp4,1280,720,15.0,230,agreeableness,low
75,5000,nose,592.3,296.3,689.2,427.3,900.4,460.4,1021.5,624.1,NBacfF-K2eQ.004.mp4,1280,720,15.0,230,agreeableness,low
75,5000,mouth,555.7,452.5,683.7,529.6,854.7,655.6,1014.6,752.1,NBacfF-K2eQ.004.mp4,1280,720,15.0,230,agreeableness,low
75,5000,forehead,459.6,169.9,813.6,489.3,734.5,302.3,1177.0,701.6,NBacfF-K2eQ.004.mp4,1280,720,15.0,230,agreeableness,low
75,5000,chin,459.6,314.1,797.3,585.0,734.5,482.6,1156.6,821.2,NBacfF-K2eQ.004.mp4,1280,720,15.0,230,agreeableness,low
75,5000,left_cheek,478.6,319.4,586.0,467.8,758.3,489.2,892.5,674.8,NBacfF-K2eQ.004.mp4,1280,720,15.0,230,agreeableness,low
75,5000,right_cheek,698.5,370.3,793.2,502.9,1033.1,552.8,1151.6,718.6,NBacfF-K2eQ.004.mp4,1280,720,15.0,230,agreeableness,low
76,5066,left_eye,513.5,210.4,637.2,317.5,801.9,353.0,956.5,486.8,NBacfF-K2eQ.004.mp4,1280,720,15.0,230,agreeableness,low
76,5066,right_eye,691.9,245.6,804.3,350.2,1024.9,397.0,1165.4,527.8,NBacfF-K2eQ.004.mp4,1280,720,15.0,230,agreeableness,low
76,5066,nose,592.6,296.2,691.7,427.4,900.7,460.3,1024.7,624.3,NBacfF-K2eQ.004.mp4,1280,720,15.0,230,agreeableness,low
76,5066,mouth,555.2,455.1,684.5,524.3,854.0,658.8,1015.6,745.3,NBacfF-K2eQ.004.mp4,1280,720,15.0,230,agreeableness,low
76,5066,forehead,462.5,168.8,817.6,489.0,738.1,301.0,1182.0,701.3,NBacfF-K2eQ.004.mp4,1280,720,15.0,230,agreeableness,low
76,5066,chin,462.5,310.8,798.2,577.9,738.1,478.5,1157.8,812.3,NBacfF-K2eQ.004.mp4,1280,720,15.0,230,agreeableness,low
76,5066,left_cheek,480.0,317.6,588.1,465.8,760.0,487.0,895.1,672.3,NBacfF-K2eQ.004.mp4,1280,720,15.0,230,agreeableness,low
76,5066,right_cheek,700.9,370.9,795.2,503.1,1036.1,553.6,1154.0,718.8,NBacfF-K2eQ.004.mp4,1280,720,15.0,230,agreeableness,low
77,5133,left_eye,513.9,212.2,638.7,321.8,802.4,355.3,958.4,492.2,NBacfF-K2eQ.004.mp4,1280,720,15.0,230,agreeableness,low
77,5133,right_eye,694.0,250.7,806.4,358.1,1027.5,403.4,1168.0,537.6,NBacfF-K2eQ.004.mp4,1280,720,15.0,230,agreeableness,low
77,5133,nose,594.9,300.3,691.7,429.5,903.7,465.4,1024.6,626.9,NBacfF-K2eQ.004.mp4,1280,720,15.0,230,agreeableness,low
77,5133,mouth,552.9,453.6,685.4,535.9,851.2,657.0,1016.7,759.9,NBacfF-K2eQ.004.mp4,1280,720,15.0,230,agreeableness,low
77,5133,forehead,462.5,172.2,820.1,493.9,738.1,305.3,1185.1,707.3,NBacfF-K2eQ.004.mp4,1280,720,15.0,230,agreeableness,low
77,5133,chin,462.5,313.5,800.6,585.3,738.1,481.9,1160.8,821.6,NBacfF-K2eQ.004.mp4,1280,720,15.0,230,agreeableness,low
77,5133,left_cheek,481.0,319.2,590.1,467.3,761.3,489.0,897.7,674.1,NBacfF-K2eQ.004.mp4,1280,720,15.0,230,agreeableness,low
77,5133,right_cheek,701.7,375.0,796.7,506.9,1037.1,558.8,1155.9,723.6,NBacfF-K2eQ.004.mp4,1280,720,15.0,230,agreeableness,low
78,5200,left_eye,516.3,209.8,641.1,318.4,805.3,352.3,961.4,487.9,NBacfF-K2eQ.004.mp4,1280,720,15.0,230,agreeableness,low
78,5200,right_eye,699.0,248.9,810.6,356.5,1033.7,401.1,1173.3,535.6,NBacfF-K2eQ.004.mp4,1280,720,15.0,230,agreeableness,low
78,5200,nose,599.4,298.4,695.7,425.2,909.3,463.0,1029.6,621.4,NBacfF-K2eQ.004.mp4,1280,720,15.0,230,agreeableness,low
78,5200,mouth,556.4,442.9,689.1,526.4,855.5,643.6,1021.4,748.0,NBacfF-K2eQ.004.mp4,1280,720,15.0,230,agreeableness,low
78,5200,forehead,465.0,169.4,825.0,493.1,741.2,301.8,1191.3,706.4,NBacfF-K2eQ.004.mp4,1280,720,15.0,230,agreeableness,low
78,5200,chin,465.0,312.1,806.0,580.8,741.2,480.2,1167.6,815.9,NBacfF-K2eQ.004.mp4,1280,720,15.0,230,agreeableness,low
78,5200,left_cheek,482.0,316.2,593.3,462.9,762.5,485.3,901.6,668.7,NBacfF-K2eQ.004.mp4,1280,720,15.0,230,agreeableness,low
78,5200,right_cheek,706.3,372.8,802.2,503.5,1042.9,556.0,1162.7,719.4,NBacfF-K2eQ.004.mp4,1280,720,15.0,230,agreeableness,low
79,5266,left_eye,517.1,207.3,642.3,311.7,806.4,349.2,962.9,479.6,NBacfF-K2eQ.004.mp4,1280,720,15.0,230,agreeableness,low
79,5266,right_eye,699.7,242.4,810.0,347.9,1034.7,392.9,1172.5,524.9,NBacfF-K2eQ.004.mp4,1280,720,15.0,230,agreeableness,low
79,5266,nose,601.4,292.0,698.5,419.0,911.7,455.1,1033.2,613.7,NBacfF-K2eQ.004.mp4,1280,720,15.0,230,agreeableness,low
79,5266,mouth,560.7,436.9,691.2,514.5,860.9,636.2,1024.0,733.2,NBacfF-K2eQ.004.mp4,1280,720,15.0,230,agreeableness,low
79,5266,forehead,465.3,166.3,823.7,488.7,741.7,297.8,1189.6,700.8,NBacfF-K2eQ.004.mp4,1280,720,15.0,230,agreeableness,low
79,5266,chin,465.3,311.9,805.2,574.0,741.7,479.9,1166.5,807.5,NBacfF-K2eQ.004.mp4,1280,720,15.0,230,agreeableness,low
79,5266,left_cheek,483.6,314.1,595.1,459.5,764.5,482.6,903.9,664.4,NBacfF-K2eQ.004.mp4,1280,720,15.0,230,agreeableness,low
79,5266,right_cheek,708.1,366.1,802.4,497.6,1045.2,547.7,1162.9,712.0,NBacfF-K2eQ.004.mp4,1280,720,15.0,230,agreeableness,low
80,5333,left_eye,517.3,204.8,642.7,310.2,806.7,346.1,963.4,477.7,NBacfF-K2eQ.004.mp4,1280,720,15.0,230,agreeableness,low
80,5333,right_eye,698.2,239.0,808.6,344.8,1032.8,388.8,1170.8,521.0,NBacfF-K2eQ.004.mp4,1280,720,15.0,230,agreeableness,low
80,5333,nose,601.3,289.3,697.5,416.7,911.6,451.6,1031.9,610.9,NBacfF-K2eQ.004.mp4,1280,720,15.0,230,agreeableness,low
80,5333,mouth,559.6,433.2,692.0,513.9,859.5,631.5,1025.0,732.4,NBacfF-K2eQ.004.mp4,1280,720,15.0,230,agreeableness,low
80,5333,forehead,464.8,164.5,822.7,487.5,740.9,295.7,1188.4,699.3,NBacfF-K2eQ.004.mp4,1280,720,15.0,230,agreeableness,low
80,5333,chin,464.8,309.6,803.9,574.5,740.9,477.0,1164.8,808.2,NBacfF-K2eQ.004.mp4,1280,720,15.0,230,agreeableness,low
80,5333,left_cheek,483.2,311.8,594.7,457.7,764.0,479.8,903.4,662.1,NBacfF-K2eQ.004.mp4,1280,720,15.0,230,agreeableness,low
80,5333,right_cheek,707.0,364.0,802.0,496.4,1043.7,545.0,1162.5,710.6,NBacfF-K2eQ.004.mp4,1280,720,15.0,230,agreeableness,low
81,5400,left_eye,516.8,205.0,641.9,310.5,806.0,346.3,962.4,478.1,NBacfF-K2eQ.004.mp4,1280,720,15.0,230,agreeableness,low
81,5400,right_eye,693.7,238.4,802.7,343.5,1027.1,388.0,1163.4,519.4,NBacfF-K2eQ.004.mp4,1280,720,15.0,230,agreeableness,low
81,5400,nose,599.7,288.9,695.4,416.4,909.7,451.1,1029.2,610.5,NBacfF-K2eQ.004.mp4,1280,720,15.0,230,agreeableness,low
81,5400,mouth,556.9,432.8,691.5,516.1,856.2,631.0,1024.4,735.1,NBacfF-K2eQ.004.mp4,1280,720,15.0,230,agreeableness,low
81,5400,forehead,461.8,164.9,817.8,487.4,737.2,296.1,1182.2,699.3,NBacfF-K2eQ.004.mp4,1280,720,15.0,230,agreeableness,low
81,5400,chin,461.8,309.7,800.5,574.9,737.2,477.1,1160.7,808.7,NBacfF-K2eQ.004.mp4,1280,720,15.0,230,agreeableness,low
81,5400,left_cheek,480.5,312.1,592.9,457.9,760.6,480.1,901.2,662.4,NBacfF-K2eQ.004.mp4,1280,720,15.0,230,agreeableness,low
81,5400,right_cheek,704.1,363.5,797.3,496.5,1040.1,544.4,1156.7,710.6,NBacfF-K2eQ.004.mp4,1280,720,15.0,230,agreeableness,low
82,5466,left_eye,512.2,205.1,637.2,310.6,800.2,346.4,956.5,478.3,NBacfF-K2eQ.004.mp4,1280,720,15.0,230,agreeableness,low
82,5466,right_eye,689.9,237.5,799.7,343.4,1022.4,386.9,1159.6,519.2,NBacfF-K2eQ.004.mp4,1280,720,15.0,230,agreeableness,low
82,5466,nose,596.6,288.2,693.1,415.7,905.7,450.3,1026.4,609.6,NBacfF-K2eQ.004.mp4,1280,720,15.0,230,agreeableness,low
82,5466,mouth,555.2,432.0,689.6,517.0,854.0,630.0,1022.0,736.3,NBacfF-K2eQ.004.mp4,1280,720,15.0,230,agreeableness,low
82,5466,forehead,458.0,165.1,814.6,486.4,732.5,296.3,1178.2,698.0,NBacfF-K2eQ.004.mp4,1280,720,15.0,230,agreeableness,low
82,5466,chin,458.0,309.8,798.4,575.2,732.5,477.3,1158.0,809.0,NBacfF-K2eQ.004.mp4,1280,720,15.0,230,agreeableness,low
82,5466,left_cheek,478.0,312.2,589.3,457.7,757.6,480.3,896.6,662.2,NBacfF-K2eQ.004.mp4,1280,720,15.0,230,agreeableness,low
82,5466,right_cheek,701.5,363.0,794.6,495.5,1036.9,543.8,1153.3,709.4,NBacfF-K2eQ.004.mp4,1280,720,15.0,230,agreeableness,low
83,5533,left_eye,508.4,203.8,633.6,309.9,795.5,344.7,952.0,477.4,NBacfF-K2eQ.004.mp4,1280,720,15.0,230,agreeableness,low
83,5533,right_eye,686.8,235.2,796.7,342.5,1018.5,384.0,1155.8,518.1,NBacfF-K2eQ.004.mp4,1280,720,15.0,230,agreeableness,low
83,5533,nose,594.2,286.4,691.1,414.1,902.7,448.0,1023.9,607.6,NBacfF-K2eQ.004.mp4,1280,720,15.0,230,agreeableness,low
83,5533,mouth,553.5,430.1,688.1,517.2,851.9,627.6,1020.2,736.5,NBacfF-K2eQ.004.mp4,1280,720,15.0,230,agreeableness,low
83,5533,forehead,455.5,164.4,810.7,484.1,729.4,295.6,1173.4,695.1,NBacfF-K2eQ.004.mp4,1280,720,15.0,230,agreeableness,low
83,5533,chin,455.5,309.9,795.2,574.8,729.4,477.3,1153.9,808.5,NBacfF-K2eQ.004.mp4,1280,720,15.0,230,agreeableness,low
83,5533,left_cheek,476.6,311.9,586.6,457.0,755.8,479.9,893.2,661.2,NBacfF-K2eQ.004.mp4,1280,720,15.0,230,agreeableness,low
83,5533,right_cheek,699.2,361.4,791.6,493.5,1034.1,541.8,1149.5,706.9,NBacfF-K2eQ.004.mp4,1280,720,15.0,230,agreeableness,low
84,5600,left_eye,506.7,205.4,631.2,310.8,793.4,346.8,949.1,478.4,NBacfF-K2eQ.004.mp4,1280,720,15.0,230,agreeableness,low
84,5600,right_eye,685.4,235.8,795.2,342.5,1016.8,384.8,1153.9,518.2,NBacfF-K2eQ.004.mp4,1280,720,15.0,230,agreeableness,low
84,5600,nose,590.9,286.7,687.7,414.6,898.6,448.4,1019.7,608.2,NBacfF-K2eQ.004.mp4,1280,720,15.0,230,agreeableness,low
84,5600,mouth,551.6,431.1,684.7,517.2,849.5,628.9,1015.9,736.6,NBacfF-K2eQ.004.mp4,1280,720,15.0,230,agreeableness,low
84,5600,forehead,453.1,165.3,809.9,485.4,726.4,296.7,1172.3,696.7,NBacfF-K2eQ.004.mp4,1280,720,15.0,230,agreeableness,low
84,5600,chin,453.1,310.9,795.0,574.9,726.4,478.6,1153.7,808.6,NBacfF-K2eQ.004.mp4,1280,720,15.0,230,agreeableness,low
84,5600,left_cheek,474.1,312.8,583.9,457.2,752.6,481.0,889.9,661.4,NBacfF-K2eQ.004.mp4,1280,720,15.0,230,agreeableness,low
84,5600,right_cheek,697.0,361.6,791.0,493.6,1031.2,542.0,1148.7,707.0,NBacfF-K2eQ.004.mp4,1280,720,15.0,230,agreeableness,low
85,5666,left_eye,505.5,208.8,629.5,313.1,791.8,351.0,946.9,481.4,NBacfF-K2eQ.004.mp4,1280,720,15.0,230,agreeableness,low
85,5666,right_eye,683.7,238.5,793.2,344.4,1014.6,388.1,1151.5,520.4,NBacfF-K2eQ.004.mp4,1280,720,15.0,230,agreeableness,low
85,5666,nose,588.8,289.0,685.3,416.2,896.0,451.3,1016.6,610.2,NBacfF-K2eQ.004.mp4,1280,720,15.0,230,agreeableness,low
85,5666,mouth,549.7,431.5,682.9,523.3,847.2,629.3,1013.6,744.1,NBacfF-K2eQ.004.mp4,1280,720,15.0,230,agreeableness,low
85,5666,forehead,451.9,168.2,807.5,486.8,724.8,300.3,1169.4,698.5,NBacfF-K2eQ.004.mp4,1280,720,15.0,230,agreeableness,low
85,5666,chin,451.9,313.7,792.5,576.5,724.8,482.2,1150.7,810.6,NBacfF-K2eQ.004.mp4,1280,720,15.0,230,agreeableness,low
85,5666,left_cheek,472.8,315.4,582.1,459.3,751.0,484.2,887.7,664.1,NBacfF-K2eQ.004.mp4,1280,720,15.0,230,agreeableness,low
85,5666,right_cheek,694.9,363.7,788.7,495.2,1028.7,544.6,1145.9,709.0,NBacfF-K2eQ.004.mp4,1280,720,15.0,230,agreeableness,low
86,5733,left_eye,504.3,208.6,628.6,313.1,790.4,350.7,945.7,481.4,NBacfF-K2eQ.004.mp4,1280,720,15.0,230,agreeableness,low
86,5733,right_eye,682.4,238.7,792.6,344.6,1013.0,388.4,1150.7,520.8,NBacfF-K2eQ.004.mp4,1280,720,15.0,230,agreeableness,low
86,5733,nose,589.1,289.1,684.9,415.9,896.4,451.3,1016.2,609.9,NBacfF-K2eQ.004.mp4,1280,720,15.0,230,agreeableness,low
86,5733,mouth,549.4,431.7,681.9,524.8,846.8,629.7,1012.4,746.0,NBacfF-K2eQ.004.mp4,1280,720,15.0,230,agreeableness,low
86,5733,forehead,451.6,168.7,807.0,486.4,724.5,300.9,1168.8,698.0,NBacfF-K2eQ.004.mp4,1280,720,15.0,230,agreeableness,low
86,5733,chin,451.6,313.8,792.2,576.6,724.5,482.3,1150.2,810.8,NBacfF-K2eQ.004.mp4,1280,720,15.0,230,agreeableness,low
86,5733,left_cheek,472.8,315.4,581.7,459.3,750.9,484.2,887.2,664.1,NBacfF-K2eQ.004.mp4,1280,720,15.0,230,agreeableness,low
86,5733,right_cheek,694.4,363.7,787.8,495.3,1028.1,544.7,1144.8,709.1,NBacfF-K2eQ.004.mp4,1280,720,15.0,230,agreeableness,low
87,5800,left_eye,502.8,208.0,627.1,311.9,788.4,350.0,943.9,479.8,NBacfF-K2eQ.004.mp4,1280,720,15.0,230,agreeableness,low
87,5800,right_eye,681.5,238.0,791.7,344.2,1011.9,387.5,1149.7,520.2,NBacfF-K2eQ.004.mp4,1280,720,15.0,230,agreeableness,low
87,5800,nose,588.6,288.2,684.3,414.2,895.8,450.2,1015.4,607.8,NBacfF-K2eQ.004.mp4,1280,720,15.0,230,agreeableness,low
87,5800,mouth,548.8,430.6,680.9,527.2,846.0,628.3,1011.1,748.9,NBacfF-K2eQ.004.mp4,1280,720,15.0,230,agreeableness,low
87,5800,forehead,450.4,168.7,805.9,485.4,723.0,300.8,1167.4,696.8,NBacfF-K2eQ.004.mp4,1280,720,15.0,230,agreeableness,low
87,5800,chin,450.4,313.5,791.3,577.1,723.0,481.8,1149.1,811.4,NBacfF-K2eQ.004.mp4,1280,720,15.0,230,agreeableness,low
87,5800,left_cheek,471.6,314.7,580.6,459.1,749.6,483.4,885.7,663.8,NBacfF-K2eQ.004.mp4,1280,720,15.0,230,agreeableness,low
87,5800,right_cheek,693.6,362.9,786.8,494.9,1027.0,543.6,1143.5,708.6,NBacfF-K2eQ.004.mp4,1280,720,15.0,230,agreeableness,low
88,5866,left_eye,500.9,208.7,624.7,311.8,786.1,350.9,940.8,479.8,NBacfF-K2eQ.004.mp4,1280,720,15.0,230,agreeableness,low
88,5866,right_eye,677.5,239.2,789.0,343.6,1006.9,389.0,1146.2,519.5,NBacfF-K2eQ.004.mp4,1280,720,15.0,230,agreeableness,low
88,5866,nose,585.7,288.6,681.2,414.3,892.1,450.7,1011.5,607.9,NBacfF-K2eQ.004.mp4,1280,720,15.0,230,agreeableness,low
88,5866,mouth,546.4,430.8,678.1,534.0,843.0,628.4,1007.7,757.5,NBacfF-K2eQ.004.mp4,1280,720,15.0,230,agreeableness,low
88,5866,forehead,448.1,169.1,804.2,486.3,720.1,301.3,1165.2,697.9,NBacfF-K2eQ.004.mp4,1280,720,15.0,230,agreeableness,low
88,5866,chin,448.1,314.1,790.5,581.7,720.1,482.7,1148.1,817.2,NBacfF-K2eQ.004.mp4,1280,720,15.0,230,agreeableness,low
88,5866,left_cheek,468.6,315.2,577.6,460.6,745.7,484.0,882.0,665.7,NBacfF-K2eQ.004.mp4,1280,720,15.0,230,agreeableness,low
88,5866,right_cheek,690.6,362.9,785.1,495.8,1023.3,543.7,1141.4,709.8,NBacfF-K2eQ.004.mp4,1280,720,15.0,230,agreeableness,low
89,5933,left_eye,495.2,204.1,617.8,310.3,779.0,345.2,932.3,477.8,NBacfF-K2eQ.004.mp4,1280,720,15.0,230,agreeableness,low
89,5933,right_eye,670.5,237.5,788.5,342.9,998.1,386.9,1145.6,518.6,NBacfF-K2eQ.004.mp4,1280,720,15.0,230,agreeableness,low
89,5933,nose,577.8,287.1,673.3,413.4,882.2,448.9,1001.6,606.8,NBacfF-K2eQ.004.mp4,1280,720,15.0,230,agreeableness,low
89,5933,mouth,541.0,430.9,670.4,532.5,836.2,628.7,998.0,755.6,NBacfF-K2eQ.004.mp4,1280,720,15.0,230,agreeableness,low
89,5933,forehead,443.2,166.1,804.7,486.6,714.0,297.6,1165.9,698.2,NBacfF-K2eQ.004.mp4,1280,720,15.0,230,agreeableness,low
89,5933,chin,443.2,309.1,791.6,581.6,714.0,476.4,1149.5,817.0,NBacfF-K2eQ.004.mp4,1280,720,15.0,230,agreeableness,low
89,5933,left_cheek,462.9,311.7,570.9,459.2,738.7,479.6,873.6,664.0,NBacfF-K2eQ.004.mp4,1280,720,15.0,230,agreeableness,low
89,5933,right_cheek,684.6,362.6,784.3,496.6,1015.7,543.2,1140.4,710.8,NBacfF-K2eQ.004.mp4,1280,720,15.0,230,agreeableness,low
90,6000,left_eye,493.1,203.7,615.1,308.9,776.4,344.6,928.9,476.1,NBacfF-K2eQ.004.mp4,1280,720,15.0,230,agreeableness,low
90,6000,right_eye,668.3,236.4,788.2,341.2,995.4,385.6,1145.2,516.5,NBacfF-K2eQ.004.mp4,1280,720,15.0,230,agreeableness,low
90,6000,nose,574.8,285.6,670.2,412.8,878.6,447.0,997.7,606.0,NBacfF-K2eQ.004.mp4,1280,720,15.0,230,agreeableness,low
90,6000,mouth,538.1,430.6,667.1,523.1,832.6,628.3,993.9,743.8,NBacfF-K2eQ.004.mp4,1280,720,15.0,230,agreeableness,low
90,6000,forehead,443.4,163.8,804.8,486.6,714.3,294.8,1166.1,698.2,NBacfF-K2eQ.004.mp4,1280,720,15.0,230,agreeableness,low
90,6000,chin,443.4,306.6,792.5,578.2,714.3,473.3,1150.6,812.8,NBacfF-K2eQ.004.mp4,1280,720,15.0,230,agreeableness,low
90,6000,left_cheek,462.1,309.3,568.6,456.2,737.6,476.6,870.8,660.3,NBacfF-K2eQ.004.mp4,1280,720,15.0,230,agreeableness,low
90,6000,right_cheek,682.3,361.5,783.9,496.4,1012.9,541.9,1139.9,710.5,NBacfF-K2eQ.004.mp4,1280,720,15.0,230,agreeableness,low
91,6066,left_eye,493.0,203.8,614.1,308.9,776.3,344.7,927.6,476.2,NBacfF-K2eQ.004.mp4,1280,720,15.0,230,agreeableness,low
91,6066,right_eye,667.8,236.5,787.2,340.6,994.8,385.6,1144.0,515.8,NBacfF-K2eQ.004.mp4,1280,720,15.0,230,agreeableness,low
91,6066,nose,573.5,285.7,668.4,413.4,876.9,447.1,995.4,606.8,NBacfF-K2eQ.004.mp4,1280,720,15.0,230,agreeableness,low
91,6066,mouth,536.8,431.0,667.4,518.9,831.0,628.7,994.2,738.6,NBacfF-K2eQ.004.mp4,1280,720,15.0,230,agreeableness,low
91,6066,forehead,444.0,163.6,805.1,486.7,715.0,294.5,1166.3,698.4,NBacfF-K2eQ.004.mp4,1280,720,15.0,230,agreeableness,low
91,6066,chin,444.0,307.2,792.5,576.6,715.0,474.0,1150.6,810.7,NBacfF-K2eQ.004.mp4,1280,720,15.0,230,agreeableness,low
91,6066,left_cheek,461.7,309.7,567.9,456.3,737.2,477.1,869.9,660.3,NBacfF-K2eQ.004.mp4,1280,720,15.0,230,agreeableness,low
91,6066,right_cheek,681.0,361.5,783.3,496.4,1011.2,541.8,1139.1,710.5,NBacfF-K2eQ.004.mp4,1280,720,15.0,230,agreeableness,low
92,6133,left_eye,491.9,203.8,613.3,309.4,774.9,344.8,926.6,476.8,NBacfF-K2eQ.004.mp4,1280,720,15.0,230,agreeableness,low
92,6133,right_eye,667.0,236.7,786.5,340.7,993.8,385.8,1143.1,515.9,NBacfF-K2eQ.004.mp4,1280,720,15.0,230,agreeableness,low
92,6133,nose,573.3,285.8,668.0,413.5,876.7,447.2,995.0,606.9,NBacfF-K2eQ.004.mp4,1280,720,15.0,230,agreeableness,low
92,6133,mouth,534.6,431.0,667.1,526.4,828.3,628.8,993.8,748.0,NBacfF-K2eQ.004.mp4,1280,720,15.0,230,agreeableness,low
92,6133,forehead,441.7,163.7,805.1,489.1,712.1,294.6,1166.4,701.3,NBacfF-K2eQ.004.mp4,1280,720,15.0,230,agreeableness,low
92,6133,chin,441.7,308.4,792.5,582.3,712.1,475.5,1150.6,817.9,NBacfF-K2eQ.004.mp4,1280,720,15.0,230,agreeableness,low
92,6133,left_cheek,459.6,310.2,567.3,458.5,734.5,477.8,869.1,663.1,NBacfF-K2eQ.004.mp4,1280,720,15.0,230,agreeableness,low
92,6133,right_cheek,680.3,361.5,782.8,498.3,1010.4,541.9,1138.5,712.8,NBacfF-K2eQ.004.mp4,1280,720,15.0,230,agreeableness,low
93,6200,left_eye,488.3,203.3,612.1,308.7,770.4,344.2,925.1,475.9,NBacfF-K2eQ.004.mp4,1280,720,15.0,230,agreeableness,low
93,6200,right_eye,666.0,236.0,786.1,339.9,992.5,384.9,1142.7,514.8,NBacfF-K2eQ.004.mp4,1280,720,15.0,230,agreeableness,low
93,6200,nose,572.9,285.1,668.1,413.4,876.2,446.4,995.2,606.8,NBacfF-K2eQ.004.mp4,1280,720,15.0,230,agreeableness,low
93,6200,mouth,532.8,431.1,666.0,530.0,826.0,628.9,992.5,752.5,NBacfF-K2eQ.004.mp4,1280,720,15.0,230,agreeableness,low
93,6200,forehead,436.1,163.1,804.6,489.3,705.1,293.9,1165.7,701.7,NBacfF-K2eQ.004.mp4,1280,720,15.0,230,agreeableness,low
93,6200,chin,436.1,308.3,791.7,584.5,705.1,475.4,1149.6,820.7,NBacfF-K2eQ.004.mp4,1280,720,15.0,230,agreeableness,low
93,6200,left_cheek,456.4,310.2,566.0,459.2,730.4,477.8,867.5,664.0,NBacfF-K2eQ.004.mp4,1280,720,15.0,230,agreeableness,low
93,6200,right_cheek,679.9,361.0,782.0,498.6,1009.8,541.2,1137.5,713.3,NBacfF-K2eQ.004.mp4,1280,720,15.0,230,agreeableness,low
94,6266,left_eye,487.5,203.4,610.7,308.2,769.4,344.3,923.4,475.2,NBacfF-K2eQ.004.mp4,1280,720,15.0,230,agreeableness,low
94,6266,right_eye,665.0,235.5,784.7,339.3,991.2,384.4,1140.9,514.2,NBacfF-K2eQ.004.mp4,1280,720,15.0,230,agreeableness,low
94,6266,nose,572.6,285.0,666.9,413.6,875.7,446.3,993.6,607.0,NBacfF-K2eQ.004.mp4,1280,720,15.0,230,agreeableness,low
94,6266,mouth,532.8,436.3,663.3,531.5,826.0,635.4,989.2,754.4,NBacfF-K2eQ.004.mp4,1280,720,15.0,230,agreeableness,low
94,6266,forehead,436.6,163.2,803.1,488.6,705.7,294.0,1163.9,700.8,NBacfF-K2eQ.004.mp4,1280,720,15.0,230,agreeableness,low
94,6266,chin,436.6,308.3,790.9,584.3,705.7,475.4,1148.6,820.4,NBacfF-K2eQ.004.mp4,1280,720,15.0,230,agreeableness,low
94,6266,left_cheek,456.6,310.3,565.2,459.7,730.7,477.8,866.5,664.6,NBacfF-K2eQ.004.mp4,1280,720,15.0,230,agreeableness,low
94,6266,right_cheek,678.6,360.8,780.8,498.6,1008.3,541.1,1136.0,713.2,NBacfF-K2eQ.004.mp4,1280,720,15.0,230,agreeableness,low
95,6333,left_eye,487.4,203.6,610.0,308.2,769.3,344.5,922.5,475.2,NBacfF-K2eQ.004.mp4,1280,720,15.0,230,agreeableness,low
95,6333,right_eye,664.1,235.5,784.0,339.2,990.1,384.4,1140.0,513.9,NBacfF-K2eQ.004.mp4,1280,720,15.0,230,agreeableness,low
95,6333,nose,572.0,285.2,665.9,415.9,875.0,446.5,992.3,609.8,NBacfF-K2eQ.004.mp4,1280,720,15.0,230,agreeableness,low
95,6333,mouth,532.5,441.1,660.3,532.0,825.7,641.4,985.4,755.0,NBacfF-K2eQ.004.mp4,1280,720,15.0,230,agreeableness,low
95,6333,forehead,437.4,163.3,802.2,488.1,706.7,294.1,1162.7,700.2,NBacfF-K2eQ.004.mp4,1280,720,15.0,230,agreeableness,low
95,6333,chin,437.4,308.2,789.9,584.6,706.7,475.3,1147.4,820.8,NBacfF-K2eQ.004.mp4,1280,720,15.0,230,agreeableness,low
95,6333,left_cheek,456.8,310.5,564.8,460.4,731.0,478.1,866.0,665.5,NBacfF-K2eQ.004.mp4,1280,720,15.0,230,agreeableness,low
95,6333,right_cheek,677.5,361.0,779.7,498.8,1006.8,541.2,1134.6,713.6,NBacfF-K2eQ.004.mp4,1280,720,15.0,230,agreeableness,low
96,6400,left_eye,487.2,203.7,610.5,307.9,769.0,344.6,923.1,474.8,NBacfF-K2eQ.004.mp4,1280,720,15.0,230,agreeableness,low
96,6400,right_eye,664.4,235.6,784.1,339.1,990.5,384.5,1140.2,513.9,NBacfF-K2eQ.004.mp4,1280,720,15.0,230,agreeableness,low
96,6400,nose,572.3,285.3,665.8,417.6,875.4,446.6,992.2,612.0,NBacfF-K2eQ.004.mp4,1280,720,15.0,230,agreeableness,low
96,6400,mouth,532.7,443.9,660.9,518.3,825.8,644.8,986.1,737.9,NBacfF-K2eQ.004.mp4,1280,720,15.0,230,agreeableness,low
96,6400,forehead,437.1,162.7,801.2,487.3,706.3,293.4,1161.5,699.2,NBacfF-K2eQ.004.mp4,1280,720,15.0,230,agreeableness,low
96,6400,chin,437.1,307.3,787.5,576.8,706.3,474.1,1144.3,811.0,NBacfF-K2eQ.004.mp4,1280,720,15.0,230,agreeableness,low
96,6400,left_cheek,456.9,310.5,565.1,460.4,731.1,478.2,866.4,665.4,NBacfF-K2eQ.004.mp4,1280,720,15.0,230,agreeableness,low
96,6400,right_cheek,677.6,361.5,779.0,498.8,1007.0,541.9,1133.8,713.5,NBacfF-K2eQ.004.mp4,1280,720,15.0,230,agreeableness,low
97,6466,left_eye,492.2,203.7,616.6,307.8,775.2,344.6,930.8,474.8,NBacfF-K2eQ.004.mp4,1280,720,15.0,230,agreeableness,low
97,6466,right_eye,669.3,236.6,787.3,340.1,996.6,385.8,1144.1,515.2,NBacfF-K2eQ.004.mp4,1280,720,15.0,230,agreeableness,low
97,6466,nose,576.5,285.6,672.0,417.9,880.6,447.0,1000.0,612.3,NBacfF-K2eQ.004.mp4,1280,720,15.0,230,agreeableness,low
97,6466,mouth,538.2,444.0,666.1,514.9,832.7,645.0,992.6,733.7,NBacfF-K2eQ.004.mp4,1280,720,15.0,230,agreeableness,low
97,6466,forehead,440.8,162.8,802.0,485.8,711.0,293.5,1162.5,697.3,NBacfF-K2eQ.004.mp4,1280,720,15.0,230,agreeableness,low
97,6466,chin,440.8,305.3,788.1,572.6,711.0,471.6,1145.2,805.8,NBacfF-K2eQ.004.mp4,1280,720,15.0,230,agreeableness,low
97,6466,left_cheek,461.0,310.3,569.7,459.0,736.3,477.8,872.1,663.8,NBacfF-K2eQ.004.mp4,1280,720,15.0,230,agreeableness,low
97,6466,right_cheek,682.8,362.4,782.1,498.7,1013.5,542.9,1137.6,713.4,NBacfF-K2eQ.004.mp4,1280,720,15.0,230,agreeableness,low
98,6533,left_eye,498.1,203.7,622.1,307.8,782.6,344.6,937.6,474.8,NBacfF-K2eQ.004.mp4,1280,720,15.0,230,agreeableness,low
98,6533,right_eye,674.4,237.0,793.5,341.6,1003.0,386.3,1151.9,517.0,NBacfF-K2eQ.004.mp4,1280,720,15.0,230,agreeableness,low
98,6533,nose,580.7,285.6,676.2,417.0,885.9,447.0,1005.2,611.3,NBacfF-K2eQ.004.mp4,1280,720,15.0,230,agreeableness,low
98,6533,mouth,549.6,441.9,668.3,525.0,847.1,642.4,995.4,746.2,NBacfF-K2eQ.004.mp4,1280,720,15.0,230,agreeableness,low
98,6533,forehead,446.9,163.1,809.0,488.0,718.7,293.9,1171.3,700.0,NBacfF-K2eQ.004.mp4,1280,720,15.0,230,agreeableness,low
98,6533,chin,446.9,305.4,796.7,576.7,718.7,471.7,1155.9,810.9,NBacfF-K2eQ.004.mp4,1280,720,15.0,230,agreeableness,low
98,6533,left_cheek,466.7,310.1,574.6,458.8,743.4,477.7,878.2,663.5,NBacfF-K2eQ.004.mp4,1280,720,15.0,230,agreeableness,low
98,6533,right_cheek,688.1,362.6,788.8,499.6,1020.1,543.3,1146.0,714.4,NBacfF-K2eQ.004.mp4,1280,720,15.0,230,agreeableness,low
99,6600,left_eye,504.1,198.8,627.9,306.3,790.1,338.6,944.8,472.8,NBacfF-K2eQ.004.mp4,1280,720,15.0,230,agreeableness,low
99,6600,right_eye,679.2,233.9,800.7,341.4,1009.0,382.3,1160.9,516.7,NBacfF-K2eQ.004.mp4,1280,720,15.0,230,agreeableness,low
99,6600,nose,586.4,283.4,681.5,415.1,893.0,444.3,1011.8,608.8,NBacfF-K2eQ.004.mp4,1280,720,15.0,230,agreeableness,low
99,6600,mouth,556.2,435.8,673.7,525.0,855.2,634.7,1002.2,746.2,NBacfF-K2eQ.004.mp4,1280,720,15.0,230,agreeableness,low
99,6600,forehead,453.4,161.0,816.1,488.7,726.7,291.2,1180.1,700.9,NBacfF-K2eQ.004.mp4,1280,720,15.0,230,agreeableness,low
99,6600,chin,453.4,305.6,803.2,577.0,726.7,471.9,1164.0,811.2,NBacfF-K2eQ.004.mp4,1280,720,15.0,230,agreeableness,low
99,6600,left_cheek,472.7,308.9,580.5,457.9,750.8,476.2,885.6,662.4,NBacfF-K2eQ.004.mp4,1280,720,15.0,230,agreeableness,low
99,6600,right_cheek,693.2,361.5,794.7,499.4,1026.5,541.9,1153.3,714.2,NBacfF-K2eQ.004.mp4,1280,720,15.0,230,agreeableness,low
100,6666,left_eye,512.1,198.0,635.6,304.5,800.1,337.5,954.5,470.6,NBacfF-K2eQ.004.mp4,1280,720,15.0,230,agreeableness,low
100,6666,right_eye,684.4,233.7,803.6,341.4,1015.5,382.1,1164.5,516.7,NBacfF-K2eQ.004.mp4,1280,720,15.0,230,agreeableness,low
100,6666,nose,591.2,283.4,688.2,414.9,899.0,444.3,1020.3,608.6,NBacfF-K2eQ.004.mp4,1280,720,15.0,230,agreeableness,low
100,6666,mouth,561.8,432.6,681.9,516.3,862.2,630.8,1012.4,735.3,NBacfF-K2eQ.004.mp4,1280,720,15.0,230,agreeableness,low
100,6666,forehead,458.8,160.3,818.0,486.2,733.4,290.4,1182.5,697.8,NBacfF-K2eQ.004.mp4,1280,720,15.0,230,agreeableness,low
100,6666,chin,458.8,303.5,802.9,574.3,733.4,469.4,1163.7,807.9,NBacfF-K2eQ.004.mp4,1280,720,15.0,230,agreeableness,low
100,6666,left_cheek,477.6,307.1,586.1,455.5,757.0,473.8,892.7,659.4,NBacfF-K2eQ.004.mp4,1280,720,15.0,230,agreeableness,low
100,6666,right_cheek,698.2,361.2,797.0,497.0,1032.8,541.5,1156.2,711.2,NBacfF-K2eQ.004.mp4,1280,720,15.0,230,agreeableness,low
101,6733,left_eye,516.8,198.5,642.3,305.7,806.1,338.1,962.9,472.2,NBacfF-K2eQ.004.mp4,1280,720,15.0,230,agreeableness,low
101,6733,right_eye,692.1,234.6,804.6,342.9,1025.1,383.3,1165.7,518.6,NBacfF-K2eQ.004.mp4,1280,720,15.0,230,agreeableness,low
101,6733,nose,598.4,284.1,694.6,414.6,908.0,445.1,1028.2,608.2,NBacfF-K2eQ.004.mp4,1280,720,15.0,230,agreeableness,low
101,6733,mouth,566.4,431.0,688.9,514.2,868.0,628.7,1021.1,732.7,NBacfF-K2eQ.004.mp4,1280,720,15.0,230,agreeableness,low
101,6733,forehead,461.3,160.3,818.6,486.7,736.6,290.4,1183.2,698.4,NBacfF-K2eQ.004.mp4,1280,720,15.0,230,agreeableness,low
101,6733,chin,461.3,304.5,801.9,573.9,736.6,470.6,1162.4,807.4,NBacfF-K2eQ.004.mp4,1280,720,15.0,230,agreeableness,low
101,6733,left_cheek,481.5,307.2,592.3,455.7,761.9,474.0,900.3,659.7,NBacfF-K2eQ.004.mp4,1280,720,15.0,230,agreeableness,low
101,6733,right_cheek,703.9,361.9,798.3,496.9,1039.9,542.4,1157.9,711.2,NBacfF-K2eQ.004.mp4,1280,720,15.0,230,agreeableness,low
102,6800,left_eye,520.4,197.9,647.9,305.8,810.4,337.4,969.8,472.3,NBacfF-K2eQ.004.mp4,1280,720,15.0,230,agreeableness,low
102,6800,right_eye,697.5,234.4,806.8,342.8,1031.9,383.0,1168.4,518.5,NBacfF-K2eQ.004.mp4,1280,720,15.0,230,agreeableness,low
102,6800,nose,606.5,284.3,703.1,417.1,918.1,445.4,1038.9,611.4,NBacfF-K2eQ.004.mp4,1280,720,15.0,230,agreeableness,low
102,6800,mouth,568.6,441.7,698.8,511.7,870.8,642.1,1033.5,729.6,NBacfF-K2eQ.004.mp4,1280,720,15.0,230,agreeableness,low
102,6800,forehead,462.8,159.9,817.7,486.2,738.5,289.9,1182.1,697.7,NBacfF-K2eQ.004.mp4,1280,720,15.0,230,agreeableness,low
102,6800,chin,462.8,304.6,798.6,571.2,738.5,470.7,1158.2,804.0,NBacfF-K2eQ.004.mp4,1280,720,15.0,230,agreeableness,low
102,6800,left_cheek,485.2,307.7,598.5,456.9,766.5,474.6,908.1,661.1,NBacfF-K2eQ.004.mp4,1280,720,15.0,230,agreeableness,low
102,6800,right_cheek,710.1,362.3,799.4,496.8,1047.7,542.9,1159.3,711.0,NBacfF-K2eQ.004.mp4,1280,720,15.0,230,agreeableness,low
103,6866,left_eye,521.3,196.9,650.9,305.8,811.6,336.2,973.6,472.3,NBacfF-K2eQ.004.mp4,1280,720,15.0,230,agreeableness,low
103,6866,right_eye,700.6,234.3,808.7,342.8,1035.8,382.9,1170.9,518.5,NBacfF-K2eQ.004.mp4,1280,720,15.0,230,agreeableness,low
103,6866,nose,609.6,284.3,705.8,417.3,922.0,445.4,1042.3,611.6,NBacfF-K2eQ.004.mp4,1280,720,15.0,230,agreeableness,low
103,6866,mouth,570.7,444.5,696.5,513.3,873.4,645.7,1030.6,731.7,NBacfF-K2eQ.004.mp4,1280,720,15.0,230,agreeableness,low
103,6866,forehead,461.8,160.0,818.4,488.2,737.2,290.0,1183.1,700.3,NBacfF-K2eQ.004.mp4,1280,720,15.0,230,agreeableness,low
103,6866,chin,461.8,305.6,798.6,571.5,737.2,472.0,1158.2,804.4,NBacfF-K2eQ.004.mp4,1280,720,15.0,230,agreeableness,low
103,6866,left_cheek,486.5,308.2,601.2,458.2,768.1,475.2,911.5,662.8,NBacfF-K2eQ.004.mp4,1280,720,15.0,230,agreeableness,low
103,6866,right_cheek,712.8,363.1,801.1,498.3,1051.0,543.9,1161.4,712.9,NBacfF-K2eQ.004.mp4,1280,720,15.0,230,agreeableness,low
104,6933,left_eye,519.5,197.9,650.0,307.7,809.4,337.4,972.6,474.6,NBacfF-K2eQ.004.mp4,1280,720,15.0,230,agreeableness,low
104,6933,right_eye,699.7,235.1,807.5,344.1,1034.6,383.9,1169.4,520.1,NBacfF-K2eQ.004.mp4,1280,720,15.0,230,agreeableness,low
104,6933,nose,610.4,285.1,705.2,417.0,923.0,446.3,1041.5,611.2,NBacfF-K2eQ.004.mp4,1280,720,15.0,230,agreeableness,low
104,6933,mouth,568.7,440.2,697.7,517.0,870.8,640.2,1032.2,736.2,NBacfF-K2eQ.004.mp4,1280,720,15.0,230,agreeableness,low
104,6933,forehead,460.4,161.3,818.2,491.0,735.5,291.6,1182.8,703.7,NBacfF-K2eQ.004.mp4,1280,720,15.0,230,agreeableness,low
104,6933,chin,460.4,310.2,796.7,574.6,735.5,477.8,1155.9,808.2,NBacfF-K2eQ.004.mp4,1280,720,15.0,230,agreeableness,low
104,6933,left_cheek,485.0,310.9,601.0,460.0,766.2,478.6,911.3,665.0,NBacfF-K2eQ.004.mp4,1280,720,15.0,230,agreeableness,low
104,6933,right_cheek,712.2,364.0,800.2,499.1,1050.3,544.9,1160.3,713.9,NBacfF-K2eQ.004.mp4,1280,720,15.0,230,agreeableness,low
105,7000,left_eye,518.4,199.5,648.1,309.2,808.0,339.4,970.1,476.5,NBacfF-K2eQ.004.mp4,1280,720,15.0,230,agreeableness,low
105,7000,right_eye,697.7,235.9,805.1,344.9,1032.2,384.9,1166.4,521.2,NBacfF-K2eQ.004.mp4,1280,720,15.0,230,agreeableness,low
105,7000,nose,608.4,285.8,703.2,416.8,920.5,447.2,1039.0,610.9,NBacfF-K2eQ.004.mp4,1280,720,15.0,230,agreeableness,low
105,7000,mouth,567.6,438.8,695.6,519.7,869.5,638.5,1029.6,739.7,NBacfF-K2eQ.004.mp4,1280,720,15.0,230,agreeableness,low
105,7000,forehead,453.0,162.1,814.6,490.8,726.3,292.6,1178.3,703.4,NBacfF-K2eQ.004.mp4,1280,720,15.0,230,agreeableness,low
105,7000,chin,453.0,311.8,792.6,575.6,726.3,479.7,1150.8,809.5,NBacfF-K2eQ.004.mp4,1280,720,15.0,230,agreeableness,low
105,7000,left_cheek,483.2,312.5,599.0,461.7,764.0,480.7,908.8,667.2,NBacfF-K2eQ.004.mp4,1280,720,15.0,230,agreeableness,low
105,7000,right_cheek,710.4,364.2,797.8,499.1,1048.0,545.3,1157.2,713.8,NBacfF-K2eQ.004.mp4,1280,720,15.0,230,agreeableness,low
106,7066,left_eye,512.3,199.6,644.7,309.6,800.4,339.5,965.9,477.0,NBacfF-K2eQ.004.mp4,1280,720,15.0,230,agreeableness,low
106,7066,right_eye,693.6,235.9,798.8,344.9,1027.0,384.9,1158.6,521.1,NBacfF-K2eQ.004.mp4,1280,720,15.0,230,agreeableness,low
106,7066,nose,608.2,286.0,700.4,416.7,920.2,447.5,1035.5,610.9,NBacfF-K2eQ.004.mp4,1280,720,15.0,230,agreeableness,low
106,7066,mouth,567.1,437.1,693.2,518.5,868.9,636.4,1026.5,738.1,NBacfF-K2eQ.004.mp4,1280,720,15.0,230,agreeableness,low
106,7066,forehead,446.7,162.1,807.0,487.4,718.4,292.7,1168.7,699.3,NBacfF-K2eQ.004.mp4,1280,720,15.0,230,agreeableness,low
106,7066,chin,446.7,311.5,786.1,574.5,718.4,479.3,1142.7,808.2,NBacfF-K2eQ.004.mp4,1280,720,15.0,230,agreeableness,low
106,7066,left_cheek,478.8,312.8,596.7,461.8,758.5,481.0,905.8,667.2,NBacfF-K2eQ.004.mp4,1280,720,15.0,230,agreeableness,low
106,7066,right_cheek,706.6,363.9,791.8,497.0,1043.2,544.9,1149.8,711.2,NBacfF-K2eQ.004.mp4,1280,720,15.0,230,agreeableness,low
107,7133,left_eye,505.7,201.0,638.5,311.2,792.1,341.3,958.1,479.0,NBacfF-K2eQ.004.mp4,1280,720,15.0,230,agreeableness,low
107,7133,right_eye,688.2,237.6,793.5,345.8,1020.3,387.0,1151.9,522.3,NBacfF-K2eQ.004.mp4,1280,720,15.0,230,agreeableness,low
107,7133,nose,601.5,288.4,695.3,418.7,911.9,450.5,1029.1,613.3,NBacfF-K2eQ.004.mp4,1280,720,15.0,230,agreeableness,low
107,7133,mouth,566.7,434.8,691.5,516.4,868.4,633.5,1024.4,735.5,NBacfF-K2eQ.004.mp4,1280,720,15.0,230,agreeableness,low
107,7133,forehead,441.7,163.2,801.4,482.6,712.1,294.1,1161.8,693.2,NBacfF-K2eQ.004.mp4,1280,720,15.0,230,agreeableness,low
107,7133,chin,441.7,311.0,782.1,571.7,712.1,478.8,1137.7,804.6,NBacfF-K2eQ.004.mp4,1280,720,15.0,230,agreeableness,low
107,7133,left_cheek,473.9,313.4,591.4,461.7,752.4,481.7,899.3,667.2,NBacfF-K2eQ.004.mp4,1280,720,15.0,230,agreeableness,low
107,7133,right_cheek,701.9,364.1,788.3,495.1,1037.3,545.1,1145.4,708.9,NBacfF-K2eQ.004.mp4,1280,720,15.0,230,agreeableness,low
108,7200,left_eye,501.9,201.8,633.9,311.2,787.4,342.3,952.4,479.1,NBacfF-K2eQ.004.mp4,1280,720,15.0,230,agreeableness,low
108,7200,right_eye,683.1,237.7,787.8,345.7,1013.8,387.2,1144.7,522.1,NBacfF-K2eQ.004.mp4,1280,720,15.0,230,agreeableness,low
108,7200,nose,597.2,288.7,690.6,419.8,906.5,450.9,1023.3,614.7,NBacfF-K2eQ.004.mp4,1280,720,15.0,230,agreeableness,low
108,7200,mouth,565.6,434.9,686.0,513.2,866.9,633.6,1017.5,731.5,NBacfF-K2eQ.004.mp4,1280,720,15.0,230,agreeableness,low
108,7200,forehead,438.7,163.3,794.8,478.1,708.4,294.2,1153.5,687.6,NBacfF-K2eQ.004.mp4,1280,720,15.0,230,agreeableness,low
108,7200,chin,438.7,309.9,775.6,570.1,708.4,477.4,1129.5,802.6,NBacfF-K2eQ.004.mp4,1280,720,15.0,230,agreeableness,low
108,7200,left_cheek,471.2,313.6,587.6,461.8,749.0,482.0,894.6,667.3,NBacfF-K2eQ.004.mp4,1280,720,15.0,230,agreeableness,low
108,7200,right_cheek,696.7,363.7,782.5,492.8,1030.8,544.6,1138.1,706.1,NBacfF-K2eQ.004.mp4,1280,720,15.0,230,agreeableness,low
109,7266,left_eye,496.2,202.0,628.2,311.6,780.2,342.6,945.2,479.5,NBacfF-K2eQ.004.mp4,1280,720,15.0,230,agreeableness,low
109,7266,right_eye,677.9,237.8,783.7,345.5,1007.4,387.3,1139.6,521.9,NBacfF-K2eQ.004.mp4,1280,720,15.0,230,agreeableness,low
109,7266,nose,590.9,289.4,685.6,421.6,898.7,451.7,1017.1,617.0,NBacfF-K2eQ.004.mp4,1280,720,15.0,230,agreeableness,low
109,7266,mouth,560.4,438.0,678.1,518.8,860.6,637.5,1007.7,738.5,NBacfF-K2eQ.004.mp4,1280,720,15.0,230,agreeableness,low
109,7266,forehead,433.8,164.1,790.8,477.2,702.3,295.1,1148.5,686.6,NBacfF-K2eQ.004.mp4,1280,720,15.0,230,agreeableness,low
109,7266,chin,433.8,309.6,770.2,572.0,702.3,476.9,1122.8,805.0,NBacfF-K2eQ.004.mp4,1280,720,15.0,230,agreeableness,low
109,7266,left_cheek,465.8,314.2,581.6,463.0,742.2,482.7,887.0,668.8,NBacfF-K2eQ.004.mp4,1280,720,15.0,230,agreeableness,low
109,7266,right_cheek,691.2,363.7,777.6,493.2,1024.0,544.6,1132.1,706.5,NBacfF-K2eQ.004.mp4,1280,720,15.0,230,agreeableness,low
110,7333,left_eye,487.1,204.1,616.6,313.0,768.8,345.1,930.8,481.2,NBacfF-K2eQ.004.mp4,1280,720,15.0,230,agreeableness,low
110,7333,right_eye,669.5,238.3,776.2,345.3,996.9,387.9,1130.2,521.6,NBacfF-K2eQ.004.mp4,1280,720,15.0,230,agreeableness,low
110,7333,nose,581.7,289.7,673.4,421.3,887.1,452.1,1001.8,616.6,NBacfF-K2eQ.004.mp4,1280,720,15.0,230,agreeableness,low
110,7333,mouth,549.6,437.9,667.9,521.5,847.0,637.4,994.9,741.9,NBacfF-K2eQ.004.mp4,1280,720,15.0,230,agreeableness,low
110,7333,forehead,430.7,166.5,786.1,478.3,698.3,298.1,1142.6,687.8,NBacfF-K2eQ.004.mp4,1280,720,15.0,230,agreeableness,low
110,7333,chin,430.7,312.7,768.0,572.2,698.3,480.9,1119.9,805.2,NBacfF-K2eQ.004.mp4,1280,720,15.0,230,agreeableness,low
110,7333,left_cheek,459.0,316.8,572.0,464.2,733.8,486.0,875.0,670.2,NBacfF-K2eQ.004.mp4,1280,720,15.0,230,agreeableness,low
110,7333,right_cheek,681.2,363.7,770.5,493.3,1011.5,544.6,1123.1,706.7,NBacfF-K2eQ.004.mp4,1280,720,15.0,230,agreeableness,low
111,7400,left_eye,477.7,205.6,602.8,312.9,757.2,347.0,913.5,481.1,NBacfF-K2eQ.004.mp4,1280,720,15.0,230,agreeableness,low
111,7400,right_eye,660.5,237.3,768.5,342.8,985.6,386.6,1120.7,518.5,NBacfF-K2eQ.004.mp4,1280,720,15.0,230,agreeableness,low
111,7400,nose,572.1,289.1,664.2,419.8,875.1,451.4,990.2,614.7,NBacfF-K2eQ.004.mp4,1280,720,15.0,230,agreeableness,low
111,7400,mouth,538.1,435.7,661.2,527.8,832.6,634.6,986.5,749.8,NBacfF-K2eQ.004.mp4,1280,720,15.0,230,agreeableness,low
111,7400,forehead,429.5,166.8,780.5,477.6,696.8,298.6,1135.6,687.0,NBacfF-K2eQ.004.mp4,1280,720,15.0,230,agreeableness,low
111,7400,chin,429.5,314.4,764.9,573.5,696.8,482.9,1116.2,806.8,NBacfF-K2eQ.004.mp4,1280,720,15.0,230,agreeableness,low
111,7400,left_cheek,454.0,317.6,562.9,464.2,727.5,487.0,863.6,670.3,NBacfF-K2eQ.004.mp4,1280,720,15.0,230,agreeableness,low
111,7400,right_cheek,672.3,361.3,763.9,491.7,1000.4,541.6,1114.9,704.6,NBacfF-K2eQ.004.mp4,1280,720,15.0,230,agreeableness,low
112,7466,left_eye,479.4,218.0,607.4,325.0,759.3,362.5,919.2,496.3,NBacfF-K2eQ.004.mp4,1280,720,15.0,230,agreeableness,low
112,7466,right_eye,665.2,252.0,772.2,349.6,991.5,405.1,1125.3,527.0,NBacfF-K2eQ.004.mp4,1280,720,15.0,230,agreeableness,low
112,7466,nose,572.7,303.8,669.6,437.4,875.9,469.7,997.0,636.8,NBacfF-K2eQ.004.mp4,1280,720,15.0,230,agreeableness,low
112,7466,mouth,539.9,463.3,661.5,538.7,834.9,669.1,986.9,763.4,NBacfF-K2eQ.004.mp4,1280,720,15.0,230,agreeableness,low
112,7466,forehead,429.2,173.2,782.1,471.0,696.5,306.5,1137.6,678.7,NBacfF-K2eQ.004.mp4,1280,720,15.0,230,agreeableness,low
112,7466,chin,429.2,310.5,763.0,576.1,696.5,478.1,1113.7,810.1,NBacfF-K2eQ.004.mp4,1280,720,15.0,230,agreeableness,low
112,7466,left_cheek,453.7,322.8,564.5,472.1,727.1,493.5,865.6,680.2,NBacfF-K2eQ.004.mp4,1280,720,15.0,230,agreeableness,low
112,7466,right_cheek,675.9,364.6,766.5,496.9,1004.9,545.8,1118.2,711.1,NBacfF-K2eQ.004.mp4,1280,720,15.0,230,agreeableness,low
113,7533,left_eye,490.0,233.2,625.6,341.5,772.4,381.5,942.0,516.9,NBacfF-K2eQ.004.mp4,1280,720,15.0,230,agreeableness,low
113,7533,right_eye,679.2,267.0,779.0,363.7,1009.0,423.7,1133.7,544.7,NBacfF-K2eQ.004.mp4,1280,720,15.0,230,agreeableness,low
113,7533,nose,595.7,318.8,691.9,459.7,904.6,488.5,1024.9,664.6,NBacfF-K2eQ.004.mp4,1280,720,15.0,230,agreeableness,low
113,7533,mouth,567.0,493.1,679.3,541.0,868.7,706.3,1009.1,766.2,NBacfF-K2eQ.004.mp4,1280,720,15.0,230,agreeableness,low
113,7533,forehead,430.4,182.0,783.8,478.4,697.9,317.5,1139.7,688.0,NBacfF-K2eQ.004.mp4,1280,720,15.0,230,agreeableness,low
113,7533,chin,430.4,323.2,757.2,588.0,697.9,494.0,1106.6,825.0,NBacfF-K2eQ.004.mp4,1280,720,15.0,230,agreeableness,low
113,7533,left_cheek,462.3,340.4,583.7,493.2,737.9,515.5,889.6,706.5,NBacfF-K2eQ.004.mp4,1280,720,15.0,230,agreeableness,low
113,7533,right_cheek,691.2,376.5,769.3,511.8,1024.0,560.7,1121.6,729.7,NBacfF-K2eQ.004.mp4,1280,720,15.0,230,agreeableness,low
114,7600,left_eye,494.9,244.1,632.2,350.3,778.6,395.2,950.2,527.9,NBacfF-K2eQ.004.mp4,1280,720,15.0,230,agreeableness,low
114,7600,right_eye,681.6,277.0,784.7,374.4,1012.0,436.3,1140.8,558.0,NBacfF-K2eQ.004.mp4,1280,720,15.0,230,agreeableness,low
114,7600,nose,598.0,327.2,693.4,466.4,907.5,499.0,1026.7,673.0,NBacfF-K2eQ.004.mp4,1280,720,15.0,230,agreeableness,low
114,7600,mouth,566.7,496.2,677.5,555.4,868.4,710.2,1006.9,784.3,NBacfF-K2eQ.004.mp4,1280,720,15.0,230,agreeableness,low
114,7600,forehead,428.9,191.7,787.8,494.8,696.1,329.7,1144.8,708.5,NBacfF-K2eQ.004.mp4,1280,720,15.0,230,agreeableness,low
114,7600,chin,428.9,333.2,760.4,602.5,696.1,506.5,1110.4,843.1,NBacfF-K2eQ.004.mp4,1280,720,15.0,230,agreeableness,low
114,7600,left_cheek,464.3,349.1,586.9,502.2,740.3,526.4,893.6,717.8,NBacfF-K2eQ.004.mp4,1280,720,15.0,230,agreeableness,low
114,7600,right_cheek,694.8,389.5,775.6,523.7,1028.4,576.9,1129.5,744.6,NBacfF-K2eQ.004.mp4,1280,720,15.0,230,agreeableness,low
115,7666,left_eye,501.5,238.7,638.5,344.3,786.9,388.3,958.1,520.4,NBacfF-K2eQ.004.mp4,1280,720,15.0,230,agreeableness,low
115,7666,right_eye,686.7,272.6,788.8,370.1,1018.3,430.7,1146.0,552.7,NBacfF-K2eQ.004.mp4,1280,720,15.0,230,agreeableness,low
115,7666,nose,602.8,322.3,699.6,460.0,913.5,492.9,1034.6,664.9,NBacfF-K2eQ.004.mp4,1280,720,15.0,230,agreeableness,low
115,7666,mouth,568.0,484.8,684.7,551.1,870.0,696.0,1015.9,778.9,NBacfF-K2eQ.004.mp4,1280,720,15.0,230,agreeableness,low
115,7666,forehead,429.3,187.1,792.1,493.0,696.7,323.8,1150.2,706.3,NBacfF-K2eQ.004.mp4,1280,720,15.0,230,agreeableness,low
115,7666,chin,429.3,330.3,760.9,599.8,696.7,502.9,1111.1,839.7,NBacfF-K2eQ.004.mp4,1280,720,15.0,230,agreeableness,low
115,7666,left_cheek,468.4,344.6,591.9,498.2,745.5,520.8,899.9,712.7,NBacfF-K2eQ.004.mp4,1280,720,15.0,230,agreeableness,low
115,7666,right_cheek,700.6,386.6,781.6,519.6,1035.8,573.2,1137.0,739.5,NBacfF-K2eQ.004.mp4,1280,720,15.0,230,agreeableness,low
116,7733,left_eye,509.6,235.0,647.8,341.0,797.0,383.7,969.8,516.2,NBacfF-K2eQ.004.mp4,1280,720,15.0,230,agreeableness,low
116,7733,right_eye,692.8,271.7,794.5,369.1,1026.0,429.6,1153.1,551.4,NBacfF-K2eQ.004.mp4,1280,720,15.0,230,agreeableness,low
116,7733,nose,611.0,319.9,708.6,455.5,923.7,489.9,1045.7,659.4,NBacfF-K2eQ.004.mp4,1280,720,15.0,230,agreeableness,low
116,7733,mouth,566.5,481.7,692.0,561.5,868.1,692.1,1025.0,791.8,NBacfF-K2eQ.004.mp4,1280,720,15.0,230,agreeableness,low
116,7733,forehead,429.9,185.3,797.3,494.3,697.4,321.6,1156.6,707.8,NBacfF-K2eQ.004.mp4,1280,720,15.0,230,agreeableness,low
116,7733,chin,429.9,328.0,764.4,606.4,697.4,500.0,1115.5,848.0,NBacfF-K2eQ.004.mp4,1280,720,15.0,230,agreeableness,low
116,7733,left_cheek,470.2,341.3,598.5,495.0,747.7,516.7,908.2,708.7,NBacfF-K2eQ.004.mp4,1280,720,15.0,230,agreeableness,low
116,7733,right_cheek,707.9,387.4,786.4,519.8,1044.9,574.3,1143.0,739.8,NBacfF-K2eQ.004.mp4,1280,720,15.0,230,agreeableness,low
117,7800,left_eye,516.3,235.2,655.8,341.0,805.4,384.0,979.7,516.3,NBacfF-K2eQ.004.mp4,1280,720,15.0,230,agreeableness,low
117,7800,right_eye,699.8,273.6,800.3,370.9,1034.8,432.0,1160.4,553.7,NBacfF-K2eQ.004.mp4,1280,720,15.0,230,agreeableness,low
117,7800,nose,618.2,321.2,714.6,455.0,932.8,491.5,1053.3,658.8,NBacfF-K2eQ.004.mp4,1280,720,15.0,230,agreeableness,low
117,7800,mouth,567.7,479.4,698.5,565.8,869.6,689.2,1033.1,797.3,NBacfF-K2eQ.004.mp4,1280,720,15.0,230,agreeableness,low
117,7800,forehead,432.4,186.6,803.2,499.7,700.5,323.3,1164.0,714.6,NBacfF-K2eQ.004.mp4,1280,720,15.0,230,agreeableness,low
117,7800,chin,432.4,328.1,771.9,614.4,700.5,500.1,1124.9,858.0,NBacfF-K2eQ.004.mp4,1280,720,15.0,230,agreeableness,low
117,7800,left_cheek,473.5,340.9,605.2,497.3,751.8,516.1,916.5,711.7,NBacfF-K2eQ.004.mp4,1280,720,15.0,230,agreeableness,low
117,7800,right_cheek,714.8,391.7,792.2,524.2,1053.5,579.6,1150.3,745.2,NBacfF-K2eQ.004.mp4,1280,720,15.0,230,agreeableness,low
118,7866,left_eye,529.6,234.4,666.1,339.6,822.0,382.9,992.6,514.6,NBacfF-K2eQ.004.mp4,1280,720,15.0,230,agreeableness,low
118,7866,right_eye,709.9,269.2,810.7,366.5,1047.4,426.5,1173.3,548.1,NBacfF-K2eQ.004.mp4,1280,720,15.0,230,agreeableness,low
118,7866,nose,628.9,317.5,724.4,448.8,946.2,486.9,1065.5,650.9,NBacfF-K2eQ.004.mp4,1280,720,15.0,230,agreeableness,low
118,7866,mouth,578.7,464.5,708.7,555.8,883.4,670.6,1045.9,784.7,NBacfF-K2eQ.004.mp4,1280,720,15.0,230,agreeableness,low
118,7866,forehead,449.9,183.2,814.9,497.3,722.4,319.0,1178.7,711.6,NBacfF-K2eQ.004.mp4,1280,720,15.0,230,agreeableness,low
118,7866,chin,449.9,327.4,784.1,608.8,722.4,499.2,1140.1,851.0,NBacfF-K2eQ.004.mp4,1280,720,15.0,230,agreeableness,low
118,7866,left_cheek,486.1,338.3,616.8,494.4,767.7,512.8,931.0,708.1,NBacfF-K2eQ.004.mp4,1280,720,15.0,230,agreeableness,low
118,7866,right_cheek,724.0,387.6,802.1,522.3,1065.0,574.5,1162.6,742.9,NBacfF-K2eQ.004.mp4,1280,720,15.0,230,agreeableness,low
119,7933,left_eye,539.9,224.7,679.9,331.7,834.8,370.9,1009.8,504.6,NBacfF-K2eQ.004.mp4,1280,720,15.0,230,agreeableness,low
119,7933,right_eye,720.4,262.3,820.4,360.7,1060.5,417.9,1185.5,540.9,NBacfF-K2eQ.004.mp4,1280,720,15.0,230,agreeableness,low
119,7933,nose,643.0,310.2,736.3,441.7,963.7,477.7,1080.4,642.1,NBacfF-K2eQ.004.mp4,1280,720,15.0,230,agreeableness,low
119,7933,mouth,592.5,458.5,722.8,535.3,900.7,663.1,1063.5,759.2,NBacfF-K2eQ.004.mp4,1280,720,15.0,230,agreeableness,low
119,7933,forehead,459.3,176.7,825.6,492.7,734.1,310.9,1192.0,705.8,NBacfF-K2eQ.004.mp4,1280,720,15.0,230,agreeableness,low
119,7933,chin,459.3,321.6,791.1,595.9,734.1,492.0,1148.9,834.9,NBacfF-K2eQ.004.mp4,1280,720,15.0,230,agreeableness,low
119,7933,left_cheek,496.7,330.5,629.4,484.5,780.9,503.1,946.7,695.6,NBacfF-K2eQ.004.mp4,1280,720,15.0,230,agreeableness,low
119,7933,right_cheek,736.3,381.1,809.8,511.8,1080.4,566.4,1172.3,729.8,NBacfF-K2eQ.004.mp4,1280,720,15.0,230,agreeableness,low
120,8000,left_eye,543.8,224.1,683.5,330.7,839.7,370.2,1014.3,503.3,NBacfF-K2eQ.004.mp4,1280,720,15.0,230,agreeableness,low
120,8000,right_eye,723.9,262.1,819.3,361.0,1064.8,417.7,1184.1,541.2,NBacfF-K2eQ.004.mp4,1280,720,15.0,230,agreeableness,low
120,8000,nose,647.7,309.8,740.3,440.8,969.6,477.2,1085.4,641.0,NBacfF-K2eQ.004.mp4,1280,720,15.0,230,agreeableness,low
120,8000,mouth,598.2,458.3,726.1,535.4,907.8,662.9,1067.7,759.2,NBacfF-K2eQ.004.mp4,1280,720,15.0,230,agreeableness,low
120,8000,forehead,462.0,177.2,824.1,493.2,737.5,311.4,1190.2,706.5,NBacfF-K2eQ.004.mp4,1280,720,15.0,230,agreeableness,low
120,8000,chin,462.0,321.7,789.3,592.1,737.5,492.1,1146.7,830.2,NBacfF-K2eQ.004.mp4,1280,720,15.0,230,agreeableness,low
120,8000,left_cheek,502.3,330.5,633.6,483.8,787.9,503.2,952.0,694.8,NBacfF-K2eQ.004.mp4,1280,720,15.0,230,agreeableness,low
120,8000,right_cheek,739.0,381.4,809.7,511.4,1083.8,566.7,1172.1,729.2,NBacfF-K2eQ.004.mp4,1280,720,15.0,230,agreeableness,low
121,8066,left_eye,542.5,221.9,681.2,329.7,838.1,367.4,1011.5,502.1,NBacfF-K2eQ.004.mp4,1280,720,15.0,230,agreeableness,low
121,8066,right_eye,724.3,257.6,820.2,360.0,1065.4,412.1,1185.3,540.0,NBacfF-K2eQ.004.mp4,1280,720,15.0,230,agreeableness,low
121,8066,nose,645.6,308.0,739.2,440.4,967.0,475.1,1084.0,640.4,NBacfF-K2eQ.004.mp4,1280,720,15.0,230,agreeableness,low
121,8066,mouth,600.1,459.0,725.8,529.1,910.1,663.7,1067.3,751.3,NBacfF-K2eQ.004.mp4,1280,720,15.0,230,agreeableness,low
121,8066,forehead,464.7,175.2,824.0,492.7,740.9,309.0,1190.0,705.9,NBacfF-K2eQ.004.mp4,1280,720,15.0,230,agreeableness,low
121,8066,chin,464.7,321.8,791.0,589.1,740.9,492.3,1148.7,826.4,NBacfF-K2eQ.004.mp4,1280,720,15.0,230,agreeableness,low
121,8066,left_cheek,503.7,330.5,632.2,483.5,789.6,503.1,950.3,694.3,NBacfF-K2eQ.004.mp4,1280,720,15.0,230,agreeableness,low
121,8066,right_cheek,738.8,380.5,811.0,510.1,1083.6,565.6,1173.7,727.6,NBacfF-K2eQ.004.mp4,1280,720,15.0,230,agreeableness,low
122,8133,left_eye,538.6,217.3,680.9,324.6,833.2,361.7,1011.2,495.8,NBacfF-K2eQ.004.mp4,1280,720,15.0,230,agreeableness,low
122,8133,right_eye,720.4,251.4,817.7,354.7,1060.5,404.3,1182.1,533.4,NBacfF-K2eQ.004.mp4,1280,720,15.0,230,agreeableness,low
122,8133,nose,642.1,303.3,735.1,437.5,962.6,469.2,1078.9,636.9,NBacfF-K2eQ.004.mp4,1280,720,15.0,230,agreeableness,low
122,8133,mouth,596.5,458.2,723.3,519.5,905.6,662.7,1064.2,739.4,NBacfF-K2eQ.004.mp4,1280,720,15.0,230,agreeableness,low
122,8133,forehead,464.9,172.2,822.7,483.9,741.2,305.2,1188.4,694.9,NBacfF-K2eQ.004.mp4,1280,720,15.0,230,agreeableness,low
122,8133,chin,464.9,316.8,789.7,580.7,741.2,486.0,1147.1,815.9,NBacfF-K2eQ.004.mp4,1280,720,15.0,230,agreeableness,low
122,8133,left_cheek,500.9,326.0,628.3,476.7,786.1,497.5,945.4,685.8,NBacfF-K2eQ.004.mp4,1280,720,15.0,230,agreeableness,low
122,8133,right_cheek,735.0,374.3,808.7,503.0,1078.8,557.9,1170.8,718.7,NBacfF-K2eQ.004.mp4,1280,720,15.0,230,agreeableness,low
123,8200,left_eye,533.5,211.3,665.0,319.5,826.9,354.1,991.3,489.4,NBacfF-K2eQ.004.mp4,1280,720,15.0,230,agreeableness,low
123,8200,right_eye,719.0,245.7,816.7,349.9,1058.7,397.1,1180.8,527.4,NBacfF-K2eQ.004.mp4,1280,720,15.0,230,agreeableness,low
123,8200,nose,628.5,298.0,724.6,431.6,945.6,462.5,1065.8,629.5,NBacfF-K2eQ.004.mp4,1280,720,15.0,230,agreeableness,low
123,8200,mouth,591.2,450.0,717.9,521.4,898.9,652.5,1057.3,741.7,NBacfF-K2eQ.004.mp4,1280,720,15.0,230,agreeableness,low
123,8200,forehead,467.1,169.7,822.1,482.2,743.9,302.1,1187.7,692.7,NBacfF-K2eQ.004.mp4,1280,720,15.0,230,agreeableness,low
123,8200,chin,467.1,314.2,798.6,575.2,743.9,482.7,1158.3,809.0,NBacfF-K2eQ.004.mp4,1280,720,15.0,230,agreeableness,low
123,8200,left_cheek,499.2,321.4,618.4,470.1,784.0,491.7,932.9,677.6,NBacfF-K2eQ.004.mp4,1280,720,15.0,230,agreeableness,low
123,8200,right_cheek,729.3,370.6,809.2,499.1,1071.7,553.3,1171.5,713.9,NBacfF-K2eQ.004.mp4,1280,720,15.0,230,agreeableness,low
124,8266,left_eye,516.4,211.2,645.9,318.8,805.6,354.0,967.4,488.5,NBacfF-K2eQ.004.mp4,1280,720,15.0,230,agreeableness,low
124,8266,right_eye,699.8,244.5,809.5,348.8,1034.8,395.6,1171.9,526.0,NBacfF-K2eQ.004.mp4,1280,720,15.0,230,agreeableness,low
124,8266,nose,605.8,296.8,701.7,429.6,917.3,461.0,1037.2,627.0,NBacfF-K2eQ.004.mp4,1280,720,15.0,230,agreeableness,low
124,8266,mouth,562.2,444.3,697.2,530.8,862.8,645.4,1031.5,753.5,NBacfF-K2eQ.004.mp4,1280,720,15.0,230,agreeableness,low
124,8266,forehead,456.6,168.4,821.1,481.0,730.7,300.6,1186.3,691.3,NBacfF-K2eQ.004.mp4,1280,720,15.0,230,agreeableness,low
124,8266,chin,456.6,307.9,800.0,579.2,730.7,474.8,1160.0,814.0,NBacfF-K2eQ.004.mp4,1280,720,15.0,230,agreeableness,low
124,8266,left_cheek,481.9,317.5,598.0,467.6,762.4,486.8,907.5,674.5,NBacfF-K2eQ.004.mp4,1280,720,15.0,230,agreeableness,low
124,8266,right_cheek,710.4,369.1,803.5,499.7,1048.0,551.4,1164.3,714.6,NBacfF-K2eQ.004.mp4,1280,720,15.0,230,agreeableness,low
125,8333,left_eye,495.7,212.1,622.6,318.1,779.7,355.1,938.2,487.6,NBacfF-K2eQ.004.mp4,1280,720,15.0,230,agreeableness,low
125,8333,right_eye,678.3,244.2,798.0,347.9,1007.9,395.3,1157.5,524.9,NBacfF-K2eQ.004.mp4,1280,720,15.0,230,agreeableness,low
125,8333,nose,581.8,297.0,677.7,429.9,887.3,461.2,1007.2,627.4,NBacfF-K2eQ.004.mp4,1280,720,15.0,230,agreeableness,low
125,8333,mouth,543.8,445.5,679.6,545.3,839.8,646.8,1009.5,771.7,NBacfF-K2eQ.004.mp4,1280,720,15.0,230,agreeableness,low
125,8333,forehead,441.2,168.6,818.2,481.2,711.4,300.7,1182.8,691.5,NBacfF-K2eQ.004.mp4,1280,720,15.0,230,agreeableness,low
125,8333,chin,441.2,308.0,802.7,590.6,711.4,475.0,1163.4,828.2,NBacfF-K2eQ.004.mp4,1280,720,15.0,230,agreeableness,low
125,8333,left_cheek,463.3,317.8,575.8,468.9,739.1,487.2,879.7,676.1,NBacfF-K2eQ.004.mp4,1280,720,15.0,230,agreeableness,low
125,8333,right_cheek,690.2,368.9,795.0,500.6,1022.7,551.1,1153.7,715.7,NBacfF-K2eQ.004.mp4,1280,720,15.0,230,agreeableness,low
126,8400,left_eye,494.2,212.6,615.7,319.0,777.7,355.7,929.6,488.7,NBacfF-K2eQ.004.mp4,1280,720,15.0,230,agreeableness,low
126,8400,right_eye,672.4,243.0,794.7,347.7,1000.5,393.8,1153.3,524.6,NBacfF-K2eQ.004.mp4,1280,720,15.0,230,agreeableness,low
126,8400,nose,576.2,296.6,671.8,430.4,880.2,460.8,999.8,628.1,NBacfF-K2eQ.004.mp4,1280,720,15.0,230,agreeableness,low
126,8400,mouth,545.4,445.4,671.2,534.7,841.8,646.7,998.9,758.4,NBacfF-K2eQ.004.mp4,1280,720,15.0,230,agreeableness,low
126,8400,forehead,445.6,169.0,817.1,481.5,717.0,301.2,1181.3,691.9,NBacfF-K2eQ.004.mp4,1280,720,15.0,230,agreeableness,low
126,8400,chin,445.6,309.1,803.8,584.2,717.0,476.3,1164.7,820.3,NBacfF-K2eQ.004.mp4,1280,720,15.0,230,agreeableness,low
126,8400,left_cheek,465.6,318.4,571.4,467.1,742.0,487.9,874.3,673.8,NBacfF-K2eQ.004.mp4,1280,720,15.0,230,agreeableness,low
126,8400,right_cheek,685.1,369.4,791.7,501.4,1016.3,551.7,1149.6,716.7,NBacfF-K2eQ.004.mp4,1280,720,15.0,230,agreeableness,low
127,8466,left_eye,487.5,210.4,609.4,318.5,769.4,353.0,921.7,488.1,NBacfF-K2eQ.004.mp4,1280,720,15.0,230,agreeableness,low
127,8466,right_eye,667.1,240.5,788.3,345.6,993.9,390.7,1145.4,522.0,NBacfF-K2eQ.004.mp4,1280,720,15.0,230,agreeableness,low
127,8466,nose,570.5,293.9,666.1,429.1,873.1,457.4,992.6,626.4,NBacfF-K2eQ.004.mp4,1280,720,15.0,230,agreeableness,low
127,8466,mouth,540.9,444.5,665.8,526.3,836.1,645.6,992.3,747.9,NBacfF-K2eQ.004.mp4,1280,720,15.0,230,agreeableness,low
127,8466,forehead,443.3,167.3,810.8,482.3,714.2,299.2,1173.5,692.9,NBacfF-K2eQ.004.mp4,1280,720,15.0,230,agreeableness,low
127,8466,chin,443.3,308.9,799.6,579.8,714.2,476.2,1159.5,814.8,NBacfF-K2eQ.004.mp4,1280,720,15.0,230,agreeableness,low
127,8466,left_cheek,460.1,317.3,566.0,465.6,735.1,486.6,867.5,671.9,NBacfF-K2eQ.004.mp4,1280,720,15.0,230,agreeableness,low
127,8466,right_cheek,679.2,367.5,785.5,500.7,1009.0,549.4,1141.9,715.9,NBacfF-K2eQ.004.mp4,1280,720,15.0,230,agreeableness,low
128,8533,left_eye,483.0,209.8,604.6,318.6,763.7,352.2,915.7,488.3,NBacfF-K2eQ.004.mp4,1280,720,15.0,230,agreeableness,low
128,8533,right_eye,662.4,239.8,783.7,345.0,988.0,389.8,1139.6,521.2,NBacfF-K2eQ.004.mp4,1280,720,15.0,230,agreeableness,low
128,8533,nose,566.5,293.3,661.1,428.8,868.2,456.6,986.3,626.0,NBacfF-K2eQ.004.mp4,1280,720,15.0,230,agreeableness,low
128,8533,mouth,538.1,444.9,663.2,525.7,832.6,646.1,988.9,747.1,NBacfF-K2eQ.004.mp4,1280,720,15.0,230,agreeableness,low
128,8533,forehead,440.6,167.3,805.9,481.8,710.7,299.1,1167.3,692.3,NBacfF-K2eQ.004.mp4,1280,720,15.0,230,agreeableness,low
128,8533,chin,440.6,309.1,794.9,577.6,710.7,476.4,1153.7,812.0,NBacfF-K2eQ.004.mp4,1280,720,15.0,230,agreeableness,low
128,8533,left_cheek,456.3,317.6,561.9,465.5,730.4,487.0,862.4,671.9,NBacfF-K2eQ.004.mp4,1280,720,15.0,230,agreeableness,low
128,8533,right_cheek,674.9,366.9,781.8,500.0,1003.6,548.6,1137.2,715.0,NBacfF-K2eQ.004.mp4,1280,720,15.0,230,agreeableness,low
129,8600,left_eye,478.6,210.0,599.7,318.7,758.2,352.5,909.6,488.4,NBacfF-K2eQ.004.mp4,1280,720,15.0,230,agreeableness,low
129,8600,right_eye,658.7,239.1,780.1,344.7,983.3,388.9,1135.1,520.9,NBacfF-K2eQ.004.mp4,1280,720,15.0,230,agreeableness,low
129,8600,nose,562.4,293.3,657.4,429.1,863.0,456.6,981.7,626.4,NBacfF-K2eQ.004.mp4,1280,720,15.0,230,agreeableness,low
129,8600,mouth,533.9,445.3,660.5,526.6,827.3,646.6,985.6,748.3,NBacfF-K2eQ.004.mp4,1280,720,15.0,230,agreeableness,low
129,8600,forehead,437.4,167.4,802.4,481.9,706.8,299.2,1162.9,692.4,NBacfF-K2eQ.004.mp4,1280,720,15.0,230,agreeableness,low
129,8600,chin,437.4,309.5,791.5,578.4,706.8,476.9,1149.4,813.0,NBacfF-K2eQ.004.mp4,1280,720,15.0,230,agreeableness,low
129,8600,left_cheek,452.4,317.7,557.7,466.0,725.6,487.1,857.1,672.5,NBacfF-K2eQ.004.mp4,1280,720,15.0,230,agreeableness,low
129,8600,right_cheek,671.3,366.8,778.7,500.2,999.1,548.5,1133.3,715.3,NBacfF-K2eQ.004.mp4,1280,720,15.0,230,agreeableness,low
130,8666,left_eye,475.9,209.0,597.2,318.3,754.8,351.2,906.5,487.9,NBacfF-K2eQ.004.mp4,1280,720,15.0,230,agreeableness,low
130,8666,right_eye,658.1,237.0,777.8,342.4,982.6,386.2,1132.2,518.0,NBacfF-K2eQ.004.mp4,1280,720,15.0,230,agreeableness,low
130,8666,nose,562.8,291.1,658.5,427.1,863.5,453.9,983.1,623.9,NBacfF-K2eQ.004.mp4,1280,720,15.0,230,agreeableness,low
130,8666,mouth,534.7,445.3,660.2,524.6,828.4,646.6,985.3,745.8,NBacfF-K2eQ.004.mp4,1280,720,15.0,230,agreeableness,low
130,8666,forehead,436.4,166.6,799.4,481.3,705.6,298.2,1159.2,691.7,NBacfF-K2eQ.004.mp4,1280,720,15.0,230,agreeableness,low
130,8666,chin,436.4,311.9,789.0,577.1,705.6,479.8,1146.2,811.4,NBacfF-K2eQ.004.mp4,1280,720,15.0,230,agreeableness,low
130,8666,left_cheek,451.9,318.0,557.1,466.3,724.9,487.5,856.4,672.9,NBacfF-K2eQ.004.mp4,1280,720,15.0,230,agreeableness,low
130,8666,right_cheek,671.2,364.3,777.2,498.2,999.0,545.4,1131.4,712.8,NBacfF-K2eQ.004.mp4,1280,720,15.0,230,agreeableness,low
131,8733,left_eye,475.2,208.4,597.8,316.9,754.0,350.5,907.3,486.2,NBacfF-K2eQ.004.mp4,1280,720,15.0,230,agreeableness,low
131,8733,right_eye,658.9,236.3,778.2,340.4,983.6,385.4,1132.7,515.5,NBacfF-K2eQ.004.mp4,1280,720,15.0,230,agreeableness,low
131,8733,nose,564.9,289.6,661.3,424.8,866.2,452.0,986.6,621.0,NBacfF-K2eQ.004.mp4,1280,720,15.0,230,agreeableness,low
131,8733,mouth,536.9,445.3,662.4,520.2,831.1,646.7,988.0,740.3,NBacfF-K2eQ.004.mp4,1280,720,15.0,230,agreeableness,low
131,8733,forehead,436.0,166.3,798.4,480.7,704.9,297.9,1158.0,690.9,NBacfF-K2eQ.004.mp4,1280,720,15.0,230,agreeableness,low
131,8733,chin,436.0,313.9,788.5,575.1,704.9,482.4,1145.6,808.9,NBacfF-K2eQ.004.mp4,1280,720,15.0,230,agreeableness,low
131,8733,left_cheek,452.0,318.4,558.3,466.4,725.0,488.0,857.8,673.0,NBacfF-K2eQ.004.mp4,1280,720,15.0,230,agreeableness,low
131,8733,right_cheek,673.2,362.5,777.8,496.2,1001.5,543.1,1132.2,710.3,NBacfF-K2eQ.004.mp4,1280,720,15.0,230,agreeableness,low
132,8800,left_eye,475.0,208.6,597.3,316.6,753.7,350.7,906.6,485.8,NBacfF-K2eQ.004.mp4,1280,720,15.0,230,agreeableness,low
132,8800,right_eye,658.3,236.0,776.6,339.5,982.9,385.0,1130.8,514.4,NBacfF-K2eQ.004.mp4,1280,720,15.0,230,agreeableness,low
132,8800,nose,565.5,289.0,662.5,423.2,866.8,451.3,988.1,618.9,NBacfF-K2eQ.004.mp4,1280,720,15.0,230,agreeableness,low
132,8800,mouth,537.7,445.4,663.4,518.0,832.1,646.8,989.2,737.5,NBacfF-K2eQ.004.mp4,1280,720,15.0,230,agreeableness,low
132,8800,forehead,436.2,166.4,796.0,478.4,705.3,298.0,1155.1,688.0,NBacfF-K2eQ.004.mp4,1280,720,15.0,230,agreeableness,low
132,8800,chin,436.2,315.1,786.5,572.1,705.3,483.8,1143.2,805.1,NBacfF-K2eQ.004.mp4,1280,720,15.0,230,agreeableness,low
132,8800,left_cheek,452.3,319.1,558.7,466.2,725.4,488.8,858.4,672.7,NBacfF-K2eQ.004.mp4,1280,720,15.0,230,agreeableness,low
132,8800,right_cheek,673.4,361.2,776.8,493.8,1001.8,541.5,1131.0,707.3,NBacfF-K2eQ.004.mp4,1280,720,15.0,230,agreeableness,low
133,8866,left_eye,473.8,208.0,595.9,315.7,752.3,350.0,904.9,484.6,NBacfF-K2eQ.004.mp4,1280,720,15.0,230,agreeableness,low
133,8866,right_eye,658.1,232.1,775.9,336.7,982.6,380.2,1129.9,510.9,NBacfF-K2eQ.004.mp4,1280,720,15.0,230,agreeableness,low
133,8866,nose,566.1,286.6,663.0,420.6,867.7,448.3,988.8,615.8,NBacfF-K2eQ.004.mp4,1280,720,15.0,230,agreeableness,low
133,8866,mouth,539.2,443.9,663.8,515.5,834.1,644.9,989.7,734.3,NBacfF-K2eQ.004.mp4,1280,720,15.0,230,agreeableness,low
133,8866,forehead,436.2,165.8,795.1,475.3,705.2,297.3,1153.9,684.1,NBacfF-K2eQ.004.mp4,1280,720,15.0,230,agreeableness,low
133,8866,chin,436.2,316.4,786.0,571.1,705.2,485.5,1142.6,803.8,NBacfF-K2eQ.004.mp4,1280,720,15.0,230,agreeableness,low
133,8866,left_cheek,452.5,319.6,559.0,466.1,725.6,489.5,858.8,672.7,NBacfF-K2eQ.004.mp4,1280,720,15.0,230,agreeableness,low
133,8866,right_cheek,673.5,358.1,776.3,490.8,1001.9,537.6,1130.4,703.5,NBacfF-K2eQ.004.mp4,1280,720,15.0,230,agreeableness,low
134,8933,left_eye,474.4,207.1,597.0,313.6,753.0,348.9,906.3,482.0,NBacfF-K2eQ.004.mp4,1280,720,15.0,230,agreeableness,low
134,8933,right_eye,658.7,231.2,776.0,335.5,983.4,379.0,1130.0,509.4,NBacfF-K2eQ.004.mp4,1280,720,15.0,230,agreeableness,low
134,8933,nose,567.2,284.8,663.5,416.8,869.0,445.9,989.4,611.0,NBacfF-K2eQ.004.mp4,1280,720,15.0,230,agreeableness,low
134,8933,mouth,543.5,437.4,664.7,515.1,839.4,636.7,990.9,733.9,NBacfF-K2eQ.004.mp4,1280,720,15.0,230,agreeableness,low
134,8933,forehead,436.0,165.5,794.7,475.1,705.0,296.8,1153.3,683.9,NBacfF-K2eQ.004.mp4,1280,720,15.0,230,agreeableness,low
134,8933,chin,436.0,318.0,785.6,570.7,705.0,487.5,1142.0,803.3,NBacfF-K2eQ.004.mp4,1280,720,15.0,230,agreeableness,low
134,8933,left_cheek,453.0,319.7,559.5,465.5,726.2,489.6,859.3,671.8,NBacfF-K2eQ.004.mp4,1280,720,15.0,230,agreeableness,low
134,8933,right_cheek,673.8,356.1,776.4,489.0,1002.3,535.1,1130.5,701.3,NBacfF-K2eQ.004.mp4,1280,720,15.0,230,agreeableness,low
135,9000,left_eye,477.5,206.0,605.0,312.2,756.8,347.5,916.2,480.2,NBacfF-K2eQ.004.mp4,1280,720,15.0,230,agreeableness,low
135,9000,right_eye,664.7,231.3,777.9,335.9,990.9,379.1,1132.3,509.9,NBacfF-K2eQ.004.mp4,1280,720,15.0,230,agreeableness,low
135,9000,nose,573.8,285.3,669.5,417.0,877.2,446.6,996.8,611.3,NBacfF-K2eQ.004.mp4,1280,720,15.0,230,agreeableness,low
135,9000,mouth,547.0,437.3,666.4,519.6,843.8,636.7,993.0,739.4,NBacfF-K2eQ.004.mp4,1280,720,15.0,230,agreeableness,low
135,9000,forehead,433.8,165.7,794.2,474.7,702.3,297.2,1152.7,683.4,NBacfF-K2eQ.004.mp4,1280,720,15.0,230,agreeableness,low
135,9000,chin,433.8,315.7,783.4,571.0,702.3,484.7,1139.3,803.7,NBacfF-K2eQ.004.mp4,1280,720,15.0,230,agreeableness,low
135,9000,left_cheek,453.2,318.2,564.0,464.1,726.5,487.8,865.1,670.1,NBacfF-K2eQ.004.mp4,1280,720,15.0,230,agreeableness,low
135,9000,right_cheek,678.7,357.0,776.6,489.5,1008.4,536.2,1130.7,701.9,NBacfF-K2eQ.004.mp4,1280,720,15.0,230,agreeableness,low
136,9066,left_eye,482.3,206.1,614.2,312.5,762.9,347.7,927.7,480.6,NBacfF-K2eQ.004.mp4,1280,720,15.0,230,agreeableness,low
136,9066,right_eye,672.0,235.1,781.9,340.0,1000.0,383.9,1137.4,515.0,NBacfF-K2eQ.004.mp4,1280,720,15.0,230,agreeableness,low
136,9066,nose,582.3,286.9,676.8,417.2,887.9,448.6,1006.0,611.5,NBacfF-K2eQ.004.mp4,1280,720,15.0,230,agreeableness,low
136,9066,mouth,547.0,437.9,671.3,530.5,843.8,637.3,999.1,753.1,NBacfF-K2eQ.004.mp4,1280,720,15.0,230,agreeableness,low
136,9066,forehead,430.0,166.4,794.3,481.6,697.5,298.0,1152.9,692.0,NBacfF-K2eQ.004.mp4,1280,720,15.0,230,agreeableness,low
136,9066,chin,430.0,316.0,783.6,580.3,697.5,485.0,1139.5,815.3,NBacfF-K2eQ.004.mp4,1280,720,15.0,230,agreeableness,low
136,9066,left_cheek,455.2,318.4,571.2,467.0,729.0,487.9,874.0,673.7,NBacfF-K2eQ.004.mp4,1280,720,15.0,230,agreeableness,low
136,9066,right_cheek,685.6,360.4,780.3,495.4,1017.0,540.5,1135.4,709.3,NBacfF-K2eQ.004.mp4,1280,720,15.0,230,agreeableness,low
137,9133,left_eye,485.9,207.8,618.9,315.4,767.4,349.8,933.6,484.2,NBacfF-K2eQ.004.mp4,1280,720,15.0,230,agreeableness,low
137,9133,right_eye,675.2,237.6,783.6,343.2,1004.1,387.0,1139.5,519.0,NBacfF-K2eQ.004.mp4,1280,720,15.0,230,agreeableness,low
137,9133,nose,584.8,291.1,681.1,427.5,891.0,453.9,1011.3,624.3,NBacfF-K2eQ.004.mp4,1280,720,15.0,230,agreeableness,low
137,9133,mouth,547.7,454.4,674.5,530.8,844.6,658.1,1003.2,753.5,NBacfF-K2eQ.004.mp4,1280,720,15.0,230,agreeableness,low
137,9133,forehead,430.7,166.6,794.3,485.8,698.4,298.2,1152.8,697.3,NBacfF-K2eQ.004.mp4,1280,720,15.0,230,agreeableness,low
137,9133,chin,430.7,317.0,779.8,582.9,698.4,486.3,1134.8,818.6,NBacfF-K2eQ.004.mp4,1280,720,15.0,230,agreeableness,low
137,9133,left_cheek,457.8,321.7,574.4,473.4,732.2,492.1,878.0,681.7,NBacfF-K2eQ.004.mp4,1280,720,15.0,230,agreeableness,low
137,9133,right_cheek,688.4,366.0,780.4,501.5,1020.5,547.5,1135.5,716.9,NBacfF-K2eQ.004.mp4,1280,720,15.0,230,agreeableness,low
138,9200,left_eye,485.1,207.0,616.1,315.4,766.4,348.8,930.1,484.2,NBacfF-K2eQ.004.mp4,1280,720,15.0,230,agreeableness,low
138,9200,right_eye,673.4,236.9,783.4,343.0,1001.8,386.2,1139.2,518.7,NBacfF-K2eQ.004.mp4,1280,720,15.0,230,agreeableness,low
138,9200,nose,582.6,291.1,679.5,430.3,888.3,453.9,1009.3,627.9,NBacfF-K2eQ.004.mp4,1280,720,15.0,230,agreeableness,low
138,9200,mouth,546.0,456.4,674.2,524.6,842.5,660.5,1002.8,745.7,NBacfF-K2eQ.004.mp4,1280,720,15.0,230,agreeableness,low
138,9200,forehead,431.1,164.6,793.7,484.7,698.9,295.8,1152.1,695.9,NBacfF-K2eQ.004.mp4,1280,720,15.0,230,agreeableness,low
138,9200,chin,431.1,315.3,775.9,581.5,698.9,484.1,1129.9,816.9,NBacfF-K2eQ.004.mp4,1280,720,15.0,230,agreeableness,low
138,9200,left_cheek,457.7,321.6,572.8,473.2,732.1,492.0,876.0,681.4,NBacfF-K2eQ.004.mp4,1280,720,15.0,230,agreeableness,low
138,9200,right_cheek,686.9,366.3,779.0,501.5,1018.6,547.9,1133.8,716.9,NBacfF-K2eQ.004.mp4,1280,720,15.0,230,agreeableness,low
139,9266,left_eye,483.5,206.6,613.6,315.1,764.3,348.2,927.0,483.9,NBacfF-K2eQ.004.mp4,1280,720,15.0,230,agreeableness,low
139,9266,right_eye,671.6,236.9,783.3,343.6,999.5,386.2,1139.1,519.6,NBacfF-K2eQ.004.mp4,1280,720,15.0,230,agreeableness,low
139,9266,nose,572.9,291.0,674.5,429.6,876.1,453.7,1003.1,627.0,NBacfF-K2eQ.004.mp4,1280,720,15.0,230,agreeableness,low
139,9266,mouth,528.1,452.5,666.7,532.7,820.1,655.6,993.4,755.9,NBacfF-K2eQ.004.mp4,1280,720,15.0,230,agreeableness,low
139,9266,forehead,430.1,164.3,794.7,487.2,697.7,295.4,1153.4,699.0,NBacfF-K2eQ.004.mp4,1280,720,15.0,230,agreeableness,low
139,9266,chin,430.1,313.4,777.0,584.1,697.7,481.7,1131.2,820.1,NBacfF-K2eQ.004.mp4,1280,720,15.0,230,agreeableness,low
139,9266,left_cheek,452.9,319.3,565.6,471.6,726.2,489.2,867.0,679.5,NBacfF-K2eQ.004.mp4,1280,720,15.0,230,agreeableness,low
139,9266,right_cheek,683.3,366.8,778.7,503.5,1014.1,548.5,1133.4,719.4,NBacfF-K2eQ.004.mp4,1280,720,15.0,230,agreeableness,low
140,9333,left_eye,483.3,206.5,613.7,315.5,764.2,348.1,927.1,484.4,NBacfF-K2eQ.004.mp4,1280,720,15.0,230,agreeableness,low
140,9333,right_eye,671.3,238.3,783.9,345.0,999.1,387.9,1139.9,521.2,NBacfF-K2eQ.004.mp4,1280,720,15.0,230,agreeableness,low
140,9333,nose,573.5,292.3,675.0,429.5,876.9,455.4,1003.7,626.9,NBacfF-K2eQ.004.mp4,1280,720,15.0,230,agreeableness,low
140,9333,mouth,532.7,451.6,666.3,533.9,825.8,654.4,992.8,757.4,NBacfF-K2eQ.004.mp4,1280,720,15.0,230,agreeableness,low
140,9333,forehead,429.8,164.3,795.0,486.7,697.2,295.4,1153.8,698.3,NBacfF-K2eQ.004.mp4,1280,720,15.0,230,agreeableness,low
140,9333,chin,429.8,312.1,777.8,586.6,697.2,480.2,1132.2,823.3,NBacfF-K2eQ.004.mp4,1280,720,15.0,230,agreeableness,low
140,9333,left_cheek,452.9,319.1,565.9,471.8,726.1,488.9,867.3,679.7,NBacfF-K2eQ.004.mp4,1280,720,15.0,230,agreeableness,low
140,9333,right_cheek,683.4,367.9,778.8,504.2,1014.2,549.9,1133.5,720.3,NBacfF-K2eQ.004.mp4,1280,720,15.0,230,agreeableness,low
141,9400,left_eye,483.4,206.5,616.2,315.9,764.2,348.1,930.3,484.9,NBacfF-K2eQ.004.mp4,1280,720,15.0,230,agreeableness,low
141,9400,right_eye,673.1,238.2,785.4,345.8,1001.3,387.8,1141.7,522.2,NBacfF-K2eQ.004.mp4,1280,720,15.0,230,agreeableness,low
141,9400,nose,581.0,293.1,680.4,430.9,886.3,456.4,1010.6,628.6,NBacfF-K2eQ.004.mp4,1280,720,15.0,230,agreeableness,low
141,9400,mouth,550.8,452.6,669.7,538.0,848.5,655.7,997.1,762.5,NBacfF-K2eQ.004.mp4,1280,720,15.0,230,agreeableness,low
141,9400,forehead,427.7,164.4,795.0,482.2,694.6,295.5,1153.8,692.8,NBacfF-K2eQ.004.mp4,1280,720,15.0,230,agreeableness,low
141,9400,chin,427.7,310.9,776.6,587.5,694.6,478.6,1130.8,824.4,NBacfF-K2eQ.004.mp4,1280,720,15.0,230,agreeableness,low
141,9400,left_cheek,453.7,319.2,570.4,472.8,727.1,489.0,873.0,681.0,NBacfF-K2eQ.004.mp4,1280,720,15.0,230,agreeableness,low
141,9400,right_cheek,686.4,367.9,780.3,503.8,1018.0,549.9,1135.4,719.7,NBacfF-K2eQ.004.mp4,1280,720,15.0,230,agreeableness,low
142,9466,left_eye,483.3,205.2,616.4,315.6,764.2,346.5,930.5,484.5,NBacfF-K2eQ.004.mp4,1280,720,15.0,230,agreeableness,low
142,9466,right_eye,673.3,236.6,786.0,345.7,1001.6,385.7,1142.5,522.2,NBacfF-K2eQ.004.mp4,1280,720,15.0,230,agreeableness,low
142,9466,nose,581.9,292.8,681.2,430.4,887.3,456.0,1011.5,628.0,NBacfF-K2eQ.004.mp4,1280,720,15.0,230,agreeableness,low
142,9466,mouth,553.2,451.4,671.4,536.8,851.5,654.3,999.2,761.0,NBacfF-K2eQ.004.mp4,1280,720,15.0,230,agreeableness,low
142,9466,forehead,427.8,164.2,795.2,478.5,694.7,295.2,1154.0,688.2,NBacfF-K2eQ.004.mp4,1280,720,15.0,230,agreeableness,low
142,9466,chin,427.8,309.6,776.7,586.6,694.7,477.0,1130.9,823.2,NBacfF-K2eQ.004.mp4,1280,720,15.0,230,agreeableness,low
142,9466,left_cheek,454.6,318.8,571.2,472.7,728.2,488.5,874.0,680.9,NBacfF-K2eQ.004.mp4,1280,720,15.0,230,agreeableness,low
142,9466,right_cheek,687.0,367.1,780.7,501.3,1018.7,548.9,1135.9,716.6,NBacfF-K2eQ.004.mp4,1280,720,15.0,230,agreeableness,low
143,9533,left_eye,483.0,205.4,616.1,315.9,763.8,346.8,930.1,484.8,NBacfF-K2eQ.004.mp4,1280,720,15.0,230,agreeableness,low
143,9533,right_eye,673.2,237.1,785.6,346.1,1001.4,386.4,1142.0,522.7,NBacfF-K2eQ.004.mp4,1280,720,15.0,230,agreeableness,low
143,9533,nose,581.4,292.8,680.1,430.3,886.8,456.0,1010.1,627.8,NBacfF-K2eQ.004.mp4,1280,720,15.0,230,agreeableness,low
143,9533,mouth,552.8,451.2,671.3,536.0,851.0,654.0,999.1,760.0,NBacfF-K2eQ.004.mp4,1280,720,15.0,230,agreeableness,low
143,9533,forehead,427.9,164.5,794.6,479.0,694.9,295.6,1153.3,688.7,NBacfF-K2eQ.004.mp4,1280,720,15.0,230,agreeableness,low
143,9533,chin,427.9,310.4,775.6,586.1,694.9,478.0,1129.5,822.6,NBacfF-K2eQ.004.mp4,1280,720,15.0,230,agreeableness,low
143,9533,left_cheek,454.7,319.4,571.0,472.8,728.3,489.3,873.8,681.0,NBacfF-K2eQ.004.mp4,1280,720,15.0,230,agreeableness,low
143,9533,right_cheek,686.6,367.2,780.0,501.1,1018.2,548.9,1135.0,716.4,NBacfF-K2eQ.004.mp4,1280,720,15.0,230,agreeableness,low
144,9600,left_eye,482.3,207.4,616.1,317.3,762.8,349.2,930.1,486.6,NBacfF-K2eQ.004.mp4,1280,720,15.0,230,agreeableness,low
144,9600,right_eye,673.1,238.8,785.5,347.2,1001.4,388.5,1141.8,524.0,NBacfF-K2eQ.004.mp4,1280,720,15.0,230,agreeableness,low
144,9600,nose,581.4,293.8,679.9,431.4,886.8,457.3,1009.9,629.3,NBacfF-K2eQ.004.mp4,1280,720,15.0,230,agreeableness,low
144,9600,mouth,551.3,451.9,672.3,539.7,849.1,654.8,1000.4,764.6,NBacfF-K2eQ.004.mp4,1280,720,15.0,230,agreeableness,low
144,9600,forehead,427.7,166.0,794.6,485.4,694.7,297.6,1153.3,696.7,NBacfF-K2eQ.004.mp4,1280,720,15.0,230,agreeableness,low
144,9600,chin,427.7,315.0,776.5,589.6,694.7,483.8,1130.6,827.0,NBacfF-K2eQ.004.mp4,1280,720,15.0,230,agreeableness,low
144,9600,left_cheek,454.7,322.1,571.0,476.1,728.3,492.6,873.7,685.1,NBacfF-K2eQ.004.mp4,1280,720,15.0,230,agreeableness,low
144,9600,right_cheek,686.4,368.8,780.1,504.8,1018.0,550.9,1135.1,721.1,NBacfF-K2eQ.004.mp4,1280,720,15.0,230,agreeableness,low
145,9666,left_eye,481.1,207.3,615.6,317.2,761.4,349.1,929.5,486.5,NBacfF-K2eQ.004.mp4,1280,720,15.0,230,agreeableness,low
145,9666,right_eye,673.1,238.2,786.1,347.0,1001.4,387.7,1142.6,523.8,NBacfF-K2eQ.004.mp4,1280,720,15.0,230,agreeableness,low
145,9666,nose,581.3,293.7,679.9,431.4,886.7,457.1,1009.9,629.2,NBacfF-K2eQ.004.mp4,1280,720,15.0,230,agreeableness,low
145,9666,mouth,543.6,451.8,673.5,548.1,839.5,654.8,1001.9,775.1,NBacfF-K2eQ.004.mp4,1280,720,15.0,230,agreeableness,low
145,9666,forehead,426.6,166.0,796.2,489.5,693.3,297.5,1155.3,701.9,NBacfF-K2eQ.004.mp4,1280,720,15.0,230,agreeableness,low
145,9666,chin,426.6,316.8,779.8,600.7,693.3,486.0,1134.7,840.8,NBacfF-K2eQ.004.mp4,1280,720,15.0,230,agreeableness,low
145,9666,left_cheek,453.8,322.4,570.8,478.6,727.3,493.0,873.5,688.2,NBacfF-K2eQ.004.mp4,1280,720,15.0,230,agreeableness,low
145,9666,right_cheek,686.8,368.7,780.9,507.3,1018.5,550.8,1136.1,724.1,NBacfF-K2eQ.004.mp4,1280,720,15.0,230,agreeableness,low
146,9733,left_eye,480.7,206.0,615.5,316.5,760.8,347.5,929.4,485.7,NBacfF-K2eQ.004.mp4,1280,720,15.0,230,agreeableness,low
146,9733,right_eye,673.4,237.6,788.5,347.0,1001.8,387.0,1145.6,523.8,NBacfF-K2eQ.004.mp4,1280,720,15.0,230,agreeableness,low
146,9733,nose,581.3,292.5,681.3,429.4,886.6,455.6,1011.6,626.7,NBacfF-K2eQ.004.mp4,1280,720,15.0,230,agreeableness,low
146,9733,mouth,539.4,449.9,675.4,546.0,834.3,652.4,1004.2,772.5,NBacfF-K2eQ.004.mp4,1280,720,15.0,230,agreeableness,low
146,9733,forehead,426.4,165.0,800.6,491.3,693.0,296.2,1160.7,704.1,NBacfF-K2eQ.004.mp4,1280,720,15.0,230,agreeableness,low
146,9733,chin,426.4,316.9,784.8,601.0,693.0,486.1,1141.0,841.3,NBacfF-K2eQ.004.mp4,1280,720,15.0,230,agreeableness,low
146,9733,left_cheek,453.4,322.3,570.7,478.0,726.7,492.9,873.4,687.5,NBacfF-K2eQ.004.mp4,1280,720,15.0,230,agreeableness,low
146,9733,right_cheek,688.5,368.5,783.5,507.2,1020.6,550.6,1139.4,724.1,NBacfF-K2eQ.004.mp4,1280,720,15.0,230,agreeableness,low
147,9800,left_eye,482.2,208.8,616.8,318.2,762.8,351.0,931.0,487.7,NBacfF-K2eQ.004.mp4,1280,720,15.0,230,agreeableness,low
147,9800,right_eye,674.2,241.9,788.8,349.2,1002.8,392.3,1146.0,526.6,NBacfF-K2eQ.004.mp4,1280,720,15.0,230,agreeableness,low
147,9800,nose,582.2,294.9,682.3,430.9,887.7,458.6,1012.8,628.6,NBacfF-K2eQ.004.mp4,1280,720,15.0,230,agreeableness,low
147,9800,mouth,540.3,450.6,675.5,540.5,835.4,653.2,1004.3,765.6,NBacfF-K2eQ.004.mp4,1280,720,15.0,230,agreeableness,low
147,9800,forehead,427.6,166.5,800.7,493.0,694.4,298.2,1160.8,706.2,NBacfF-K2eQ.004.mp4,1280,720,15.0,230,agreeableness,low
147,9800,chin,427.6,318.5,784.3,598.7,694.4,488.1,1140.4,838.4,NBacfF-K2eQ.004.mp4,1280,720,15.0,230,agreeableness,low
147,9800,left_cheek,454.2,323.5,571.6,478.2,727.8,494.4,874.5,687.7,NBacfF-K2eQ.004.mp4,1280,720,15.0,230,agreeableness,low
147,9800,right_cheek,689.3,370.8,783.6,508.1,1021.6,553.5,1139.4,725.2,NBacfF-K2eQ.004.mp4,1280,720,15.0,230,agreeableness,low
148,9866,left_eye,484.8,209.3,618.9,318.6,766.0,351.6,933.7,488.3,NBacfF-K2eQ.004.mp4,1280,720,15.0,230,agreeableness,low
148,9866,right_eye,675.1,241.6,789.1,349.2,1003.9,392.0,1146.4,526.4,NBacfF-K2eQ.004.mp4,1280,720,15.0,230,agreeableness,low
148,9866,nose,583.4,295.0,683.7,431.7,889.2,458.7,1014.6,629.6,NBacfF-K2eQ.004.mp4,1280,720,15.0,230,agreeableness,low
148,9866,mouth,541.1,452.6,676.8,521.9,836.4,655.7,1006.0,742.4,NBacfF-K2eQ.004.mp4,1280,720,15.0,230,agreeableness,low
148,9866,forehead,429.2,166.0,800.4,492.5,696.5,297.4,1160.5,705.7,NBacfF-K2eQ.004.mp4,1280,720,15.0,230,agreeableness,low
148,9866,chin,429.2,316.8,783.6,585.9,696.5,486.0,1139.5,822.4,NBacfF-K2eQ.004.mp4,1280,720,15.0,230,agreeableness,low
148,9866,left_cheek,455.7,323.3,573.5,475.4,729.6,494.1,876.9,684.2,NBacfF-K2eQ.004.mp4,1280,720,15.0,230,agreeableness,low
148,9866,right_cheek,690.3,370.9,783.8,507.1,1022.9,553.6,1139.7,723.8,NBacfF-K2eQ.004.mp4,1280,720,15.0,230,agreeableness,low
149,9933,left_eye,484.6,209.2,618.9,316.6,765.7,351.5,933.6,485.8,NBacfF-K2eQ.004.mp4,1280,720,15.0,230,agreeableness,low
149,9933,right_eye,675.1,241.4,788.5,345.8,1003.9,391.7,1145.7,522.2,NBacfF-K2eQ.004.mp4,1280,720,15.0,230,agreeableness,low
149,9933,nose,583.0,293.9,681.7,430.5,888.7,457.4,1012.1,628.1,NBacfF-K2eQ.004.mp4,1280,720,15.0,230,agreeableness,low
149,9933,mouth,541.2,449.6,676.3,522.9,836.5,652.0,1005.4,743.6,NBacfF-K2eQ.004.mp4,1280,720,15.0,230,agreeableness,low
149,9933,forehead,429.9,165.1,800.2,489.5,697.4,296.4,1160.2,701.9,NBacfF-K2eQ.004.mp4,1280,720,15.0,230,agreeableness,low
149,9933,chin,429.9,315.8,783.4,582.1,697.4,484.7,1139.2,817.7,NBacfF-K2eQ.004.mp4,1280,720,15.0,230,agreeableness,low
149,9933,left_cheek,455.8,321.7,573.4,472.8,729.8,492.1,876.8,681.0,NBacfF-K2eQ.004.mp4,1280,720,15.0,230,agreeableness,low
149,9933,right_cheek,689.4,368.6,783.4,503.7,1021.8,550.8,1139.3,719.6,NBacfF-K2eQ.004.mp4,1280,720,15.0,230,agreeableness,low
150,10000,left_eye,483.7,209.1,613.4,316.3,764.6,351.4,926.7,485.4,NBacfF-K2eQ.004.mp4,1280,720,15.0,230,agreeableness,low
150,10000,right_eye,671.4,241.0,787.7,344.5,999.2,391.2,1144.7,520.6,NBacfF-K2eQ.004.mp4,1280,720,15.0,230,agreeableness,low
150,10000,nose,579.3,292.5,675.7,428.3,884.2,455.7,1004.6,625.4,NBacfF-K2eQ.004.mp4,1280,720,15.0,230,agreeableness,low
150,10000,mouth,541.3,445.4,673.1,524.6,836.6,646.8,1001.4,745.7,NBacfF-K2eQ.004.mp4,1280,720,15.0,230,agreeableness,low
150,10000,forehead,430.1,164.6,801.2,486.8,697.6,295.8,1161.5,698.5,NBacfF-K2eQ.004.mp4,1280,720,15.0,230,agreeableness,low
150,10000,chin,430.1,313.2,789.3,583.7,697.6,481.5,1146.7,819.6,NBacfF-K2eQ.004.mp4,1280,720,15.0,230,agreeableness,low
150,10000,left_cheek,455.1,319.6,570.2,470.9,728.9,489.5,872.7,678.6,NBacfF-K2eQ.004.mp4,1280,720,15.0,230,agreeableness,low
150,10000,right_cheek,685.3,365.3,783.8,501.7,1016.6,546.7,1139.8,717.1,NBacfF-K2eQ.004.mp4,1280,720,15.0,230,agreeableness,low
151,10066,left_eye,483.0,210.0,609.6,316.5,763.7,352.5,922.0,485.7,NBacfF-K2eQ.004.mp4,1280,720,15.0,230,agreeableness,low
151,10066,right_eye,669.3,241.2,785.9,344.6,996.6,391.6,1142.4,520.8,NBacfF-K2eQ.004.mp4,1280,720,15.0,230,agreeableness,low
151,10066,nose,575.8,292.5,672.4,427.6,879.7,455.7,1000.5,624.5,NBacfF-K2eQ.004.mp4,1280,720,15.0,230,agreeableness,low
151,10066,mouth,541.5,443.5,671.1,526.4,836.9,644.4,998.8,748.0,NBacfF-K2eQ.004.mp4,1280,720,15.0,230,agreeableness,low
151,10066,forehead,430.7,165.1,800.8,485.3,698.4,296.4,1161.1,696.6,NBacfF-K2eQ.004.mp4,1280,720,15.0,230,agreeableness,low
151,10066,chin,430.7,312.5,789.5,583.7,698.4,480.6,1146.9,819.6,NBacfF-K2eQ.004.mp4,1280,720,15.0,230,agreeableness,low
151,10066,left_cheek,454.6,319.2,567.7,469.6,728.3,489.0,869.6,676.9,NBacfF-K2eQ.004.mp4,1280,720,15.0,230,agreeableness,low
151,10066,right_cheek,682.2,364.7,783.5,500.2,1012.8,545.9,1139.3,715.3,NBacfF-K2eQ.004.mp4,1280,720,15.0,230,agreeableness,low
152,10133,left_eye,482.7,210.3,607.5,316.6,763.4,352.9,919.4,485.7,NBacfF-K2eQ.004.mp4,1280,720,15.0,230,agreeableness,low
152,10133,right_eye,667.7,241.2,786.0,344.7,994.6,391.4,1142.5,520.9,NBacfF-K2eQ.004.mp4,1280,720,15.0,230,agreeableness,low
152,10133,nose,573.2,292.5,669.9,427.3,876.5,455.6,997.4,624.1,NBacfF-K2eQ.004.mp4,1280,720,15.0,230,agreeableness,low
152,10133,mouth,541.7,440.9,669.2,526.4,837.1,641.1,996.5,748.0,NBacfF-K2eQ.004.mp4,1280,720,15.0,230,agreeableness,low
152,10133,forehead,433.2,165.3,804.7,484.9,701.5,296.6,1165.8,696.1,NBacfF-K2eQ.004.mp4,1280,720,15.0,230,agreeableness,low
152,10133,chin,433.2,311.5,794.8,583.6,701.5,479.3,1153.5,819.4,NBacfF-K2eQ.004.mp4,1280,720,15.0,230,agreeableness,low
152,10133,left_cheek,454.5,318.2,566.3,467.3,728.1,487.8,867.9,674.1,NBacfF-K2eQ.004.mp4,1280,720,15.0,230,agreeableness,low
152,10133,right_cheek,680.9,364.2,784.3,499.5,1011.1,545.2,1140.4,714.4,NBacfF-K2eQ.004.mp4,1280,720,15.0,230,agreeableness,low
153,10200,left_eye,482.5,210.3,607.0,317.1,763.2,352.9,918.7,486.3,NBacfF-K2eQ.004.mp4,1280,720,15.0,230,agreeableness,low
153,10200,right_eye,667.1,241.4,785.1,344.7,993.9,391.7,1141.4,520.9,NBacfF-K2eQ.004.mp4,1280,720,15.0,230,agreeableness,low
153,10200,nose,571.4,292.6,668.9,427.3,874.3,455.8,996.1,624.2,NBacfF-K2eQ.004.mp4,1280,720,15.0,230,agreeableness,low
153,10200,mouth,539.4,440.8,668.8,528.6,834.2,641.0,996.0,750.7,NBacfF-K2eQ.004.mp4,1280,720,15.0,230,agreeableness,low
153,10200,forehead,433.6,165.4,804.1,484.9,702.0,296.8,1165.1,696.2,NBacfF-K2eQ.004.mp4,1280,720,15.0,230,agreeableness,low
153,10200,chin,433.6,311.3,793.5,583.8,702.0,479.1,1151.9,819.8,NBacfF-K2eQ.004.mp4,1280,720,15.0,230,agreeableness,low
153,10200,left_cheek,453.8,318.1,565.0,467.3,727.3,487.6,866.3,674.1,NBacfF-K2eQ.004.mp4,1280,720,15.0,230,agreeableness,low
153,10200,right_cheek,679.8,364.3,783.9,499.7,1009.7,545.4,1139.9,714.6,NBacfF-K2eQ.004.mp4,1280,720,15.0,230,agreeableness,low
154,10266,left_eye,481.9,210.1,606.8,317.0,762.4,352.6,918.5,486.3,NBacfF-K2eQ.004.mp4,1280,720,15.0,230,agreeableness,low
154,10266,right_eye,666.8,241.2,785.2,344.8,993.5,391.5,1141.5,520.9,NBacfF-K2eQ.004.mp4,1280,720,15.0,230,agreeableness,low
154,10266,nose,570.4,292.3,668.5,427.2,873.0,455.3,995.6,624.0,NBacfF-K2eQ.004.mp4,1280,720,15.0,230,agreeableness,low
154,10266,mouth,535.5,441.1,668.7,535.3,829.4,641.4,995.9,759.1,NBacfF-K2eQ.004.mp4,1280,720,15.0,230,agreeableness,low
154,10266,forehead,433.2,165.3,804.4,488.9,701.5,296.7,1165.5,701.1,NBacfF-K2eQ.004.mp4,1280,720,15.0,230,agreeableness,low
154,10266,chin,433.2,311.9,793.5,591.7,701.5,479.9,1151.9,829.6,NBacfF-K2eQ.004.mp4,1280,720,15.0,230,agreeableness,low
154,10266,left_cheek,452.6,318.1,564.1,469.2,725.7,487.6,865.1,676.5,NBacfF-K2eQ.004.mp4,1280,720,15.0,230,agreeableness,low
154,10266,right_cheek,679.5,364.4,783.8,503.1,1009.3,545.5,1139.8,718.8,NBacfF-K2eQ.004.mp4,1280,720,15.0,230,agreeableness,low
155,10333,left_eye,481.1,209.7,606.9,316.5,761.4,352.1,918.7,485.7,NBacfF-K2eQ.004.mp4,1280,720,15.0,230,agreeableness,low
155,10333,right_eye,666.7,240.3,785.4,344.7,993.4,390.4,1141.7,520.9,NBacfF-K2eQ.004.mp4,1280,720,15.0,230,agreeableness,low
155,10333,nose,570.6,291.3,669.1,426.3,873.2,454.1,996.3,622.9,NBacfF-K2eQ.004.mp4,1280,720,15.0,230,agreeableness,low
155,10333,mouth,533.8,441.4,668.8,537.3,827.3,641.7,996.0,761.6,NBacfF-K2eQ.004.mp4,1280,720,15.0,230,agreeableness,low
155,10333,forehead,430.6,163.8,804.4,493.4,698.3,294.8,1165.5,706.7,NBacfF-K2eQ.004.mp4,1280,720,15.0,230,agreeableness,low
155,10333,chin,430.6,313.1,793.2,593.4,698.3,481.4,1151.5,831.8,NBacfF-K2eQ.004.mp4,1280,720,15.0,230,agreeableness,low
155,10333,left_cheek,451.6,318.2,563.8,470.8,724.5,487.7,864.8,678.5,NBacfF-K2eQ.004.mp4,1280,720,15.0,230,agreeableness,low
155,10333,right_cheek,679.8,364.6,783.8,506.0,1009.7,545.7,1139.8,722.5,NBacfF-K2eQ.004.mp4,1280,720,15.0,230,agreeableness,low
156,10400,left_eye,481.4,210.4,608.6,317.3,761.8,353.0,920.8,486.6,NBacfF-K2eQ.004.mp4,1280,720,15.0,230,agreeableness,low
156,10400,right_eye,667.6,241.4,786.3,346.3,994.5,391.7,1142.9,522.9,NBacfF-K2eQ.004.mp4,1280,720,15.0,230,agreeableness,low
156,10400,nose,571.5,291.7,671.2,426.4,874.4,454.7,999.0,623.0,NBacfF-K2eQ.004.mp4,1280,720,15.0,230,agreeableness,low
156,10400,mouth,534.1,443.1,670.5,540.2,827.6,643.9,998.1,765.2,NBacfF-K2eQ.004.mp4,1280,720,15.0,230,agreeableness,low
156,10400,forehead,429.5,164.3,804.9,496.2,696.9,295.3,1166.2,710.2,NBacfF-K2eQ.004.mp4,1280,720,15.0,230,agreeableness,low
156,10400,chin,429.5,314.5,793.9,596.2,696.9,483.2,1152.3,835.2,NBacfF-K2eQ.004.mp4,1280,720,15.0,230,agreeableness,low
156,10400,left_cheek,451.7,319.4,564.4,473.1,724.6,489.2,865.5,681.3,NBacfF-K2eQ.004.mp4,1280,720,15.0,230,agreeableness,low
156,10400,right_cheek,681.1,366.5,784.5,509.0,1011.4,548.2,1140.6,726.3,NBacfF-K2eQ.004.mp4,1280,720,15.0,230,agreeableness,low
157,10466,left_eye,484.1,211.9,610.6,317.9,765.1,354.9,923.3,487.4,NBacfF-K2eQ.004.mp4,1280,720,15.0,230,agreeableness,low
157,10466,right_eye,667.6,243.0,787.3,348.4,994.5,393.8,1144.1,525.5,NBacfF-K2eQ.004.mp4,1280,720,15.0,230,agreeableness,low
157,10466,nose,572.4,293.6,672.9,429.3,875.5,457.0,1001.2,626.6,NBacfF-K2eQ.004.mp4,1280,720,15.0,230,agreeableness,low
157,10466,mouth,539.2,452.1,670.1,537.5,834.0,655.2,997.6,761.8,NBacfF-K2eQ.004.mp4,1280,720,15.0,230,agreeableness,low
157,10466,forehead,431.3,164.9,804.0,497.8,699.2,296.2,1165.0,712.2,NBacfF-K2eQ.004.mp4,1280,720,15.0,230,agreeableness,low
157,10466,chin,431.3,315.3,792.0,595.2,699.2,484.2,1150.0,834.0,NBacfF-K2eQ.004.mp4,1280,720,15.0,230,agreeableness,low
157,10466,left_cheek,454.1,320.8,565.8,474.8,727.7,491.0,867.3,683.5,NBacfF-K2eQ.004.mp4,1280,720,15.0,230,agreeableness,low
157,10466,right_cheek,682.1,370.2,784.5,511.7,1012.6,552.7,1140.6,729.7,NBacfF-K2eQ.004.mp4,1280,720,15.0,230,agreeableness,low
158,10533,left_eye,486.8,211.1,614.7,317.5,768.5,353.9,928.3,486.9,NBacfF-K2eQ.004.mp4,1280,720,15.0,230,agreeableness,low
158,10533,right_eye,668.2,243.0,787.3,348.6,995.3,393.7,1144.1,525.8,NBacfF-K2eQ.004.mp4,1280,720,15.0,230,agreeableness,low
158,10533,nose,577.4,293.5,675.8,429.3,881.7,456.9,1004.7,626.7,NBacfF-K2eQ.004.mp4,1280,720,15.0,230,agreeableness,low
158,10533,mouth,551.7,453.8,670.4,529.3,849.7,657.2,998.0,751.6,NBacfF-K2eQ.004.mp4,1280,720,15.0,230,agreeableness,low
158,10533,forehead,431.6,164.9,800.3,490.9,699.5,296.2,1160.4,703.6,NBacfF-K2eQ.004.mp4,1280,720,15.0,230,agreeableness,low
158,10533,chin,431.6,312.7,785.4,585.3,699.5,480.9,1141.8,821.6,NBacfF-K2eQ.004.mp4,1280,720,15.0,230,agreeableness,low
158,10533,left_cheek,456.8,320.2,569.5,473.8,731.0,490.2,871.9,682.2,NBacfF-K2eQ.004.mp4,1280,720,15.0,230,agreeableness,low
158,10533,right_cheek,683.7,369.9,783.8,508.7,1014.6,552.4,1139.7,725.8,NBacfF-K2eQ.004.mp4,1280,720,15.0,230,agreeableness,low
159,10600,left_eye,488.0,211.4,618.2,318.7,769.9,354.3,932.7,488.4,NBacfF-K2eQ.004.mp4,1280,720,15.0,230,agreeableness,low
159,10600,right_eye,670.9,246.7,787.6,352.6,998.6,398.4,1144.5,530.7,NBacfF-K2eQ.004.mp4,1280,720,15.0,230,agreeableness,low
159,10600,nose,577.7,297.4,677.3,433.7,882.1,461.8,1006.6,632.1,NBacfF-K2eQ.004.mp4,1280,720,15.0,230,agreeableness,low
159,10600,mouth,551.9,456.9,669.3,532.2,849.9,661.1,996.6,755.2,NBacfF-K2eQ.004.mp4,1280,720,15.0,230,agreeableness,low
159,10600,forehead,431.2,165.5,799.0,487.7,699.0,296.9,1158.8,699.7,NBacfF-K2eQ.004.mp4,1280,720,15.0,230,agreeableness,low
159,10600,chin,431.2,308.4,780.6,585.9,699.0,475.5,1135.7,822.4,NBacfF-K2eQ.004.mp4,1280,720,15.0,230,agreeableness,low
159,10600,left_cheek,456.8,319.5,570.8,473.7,731.0,489.4,873.6,682.1,NBacfF-K2eQ.004.mp4,1280,720,15.0,230,agreeableness,low
159,10600,right_cheek,684.6,372.7,782.7,508.6,1015.7,555.8,1138.3,725.8,NBacfF-K2eQ.004.mp4,1280,720,15.0,230,agreeableness,low
160,10666,left_eye,487.6,211.4,620.0,324.4,769.5,354.3,935.0,495.5,NBacfF-K2eQ.004.mp4,1280,720,15.0,230,agreeableness,low
160,10666,right_eye,672.8,248.3,788.8,358.8,1001.0,400.4,1146.0,538.5,NBacfF-K2eQ.004.mp4,1280,720,15.0,230,agreeableness,low
160,10666,nose,578.8,301.8,679.5,437.7,883.5,467.2,1009.4,637.2,NBacfF-K2eQ.004.mp4,1280,720,15.0,230,agreeableness,low
160,10666,mouth,550.3,456.9,669.5,555.2,847.8,661.1,996.8,784.0,NBacfF-K2eQ.004.mp4,1280,720,15.0,230,agreeableness,low
160,10666,forehead,429.8,169.0,800.2,495.3,697.2,301.2,1160.2,709.1,NBacfF-K2eQ.004.mp4,1280,720,15.0,230,agreeableness,low
160,10666,chin,429.8,312.1,782.3,601.6,697.2,480.2,1137.8,842.0,NBacfF-K2eQ.004.mp4,1280,720,15.0,230,agreeableness,low
160,10666,left_cheek,456.7,322.6,571.3,479.9,730.9,493.2,874.2,689.8,NBacfF-K2eQ.004.mp4,1280,720,15.0,230,agreeableness,low
160,10666,right_cheek,686.9,378.6,784.1,516.4,1018.6,563.3,1140.1,735.4,NBacfF-K2eQ.004.mp4,1280,720,15.0,230,agreeableness,low
161,10733,left_eye,489.8,207.2,626.2,323.5,772.3,348.9,942.8,494.4,NBacfF-K2eQ.004.mp4,1280,720,15.0,230,agreeableness,low
161,10733,right_eye,679.5,243.5,788.7,357.9,1009.3,394.3,1145.9,537.3,NBacfF-K2eQ.004.mp4,1280,720,15.0,230,agreeableness,low
161,10733,nose,593.1,298.8,690.3,432.7,901.3,463.5,1022.8,630.8,NBacfF-K2eQ.004.mp4,1280,720,15.0,230,agreeableness,low
161,10733,mouth,554.6,447.8,683.8,542.5,853.3,649.7,1014.8,768.1,NBacfF-K2eQ.004.mp4,1280,720,15.0,230,agreeableness,low
161,10733,forehead,429.1,167.5,796.1,491.7,696.4,299.3,1155.1,704.6,NBacfF-K2eQ.004.mp4,1280,720,15.0,230,agreeableness,low
161,10733,chin,429.1,318.1,775.0,599.9,696.4,487.6,1128.7,839.8,NBacfF-K2eQ.004.mp4,1280,720,15.0,230,agreeableness,low
161,10733,left_cheek,459.0,324.5,580.7,480.8,733.8,495.6,885.8,691.0,NBacfF-K2eQ.004.mp4,1280,720,15.0,230,agreeableness,low
161,10733,right_cheek,694.1,374.9,784.0,509.5,1027.6,558.7,1140.0,726.9,NBacfF-K2eQ.004.mp4,1280,720,15.0,230,agreeableness,low
162,10800,left_eye,490.3,204.1,627.0,319.6,772.9,345.1,943.7,489.5,NBacfF-K2eQ.004.mp4,1280,720,15.0,230,agreeableness,low
162,10800,right_eye,682.2,235.7,788.0,347.8,1012.8,384.6,1145.0,524.8,NBacfF-K2eQ.004.mp4,1280,720,15.0,230,agreeableness,low
162,10800,nose,597.7,292.1,692.7,425.1,907.2,455.1,1025.9,621.4,NBacfF-K2eQ.004.mp4,1280,720,15.0,230,agreeableness,low
162,10800,mouth,566.4,440.5,688.3,523.8,868.1,640.6,1020.4,744.8,NBacfF-K2eQ.004.mp4,1280,720,15.0,230,agreeableness,low
162,10800,forehead,428.9,165.8,794.2,488.4,696.1,297.3,1152.8,700.5,NBacfF-K2eQ.004.mp4,1280,720,15.0,230,agreeableness,low
162,10800,chin,428.9,321.3,776.0,586.9,696.1,491.6,1130.0,823.6,NBacfF-K2eQ.004.mp4,1280,720,15.0,230,agreeableness,low
162,10800,left_cheek,462.8,324.3,585.0,478.3,738.6,495.4,891.2,687.9,NBacfF-K2eQ.004.mp4,1280,720,15.0,230,agreeableness,low
162,10800,right_cheek,696.8,366.2,784.1,500.2,1031.0,547.8,1140.1,715.2,NBacfF-K2eQ.004.mp4,1280,720,15.0,230,agreeableness,low
163,10866,left_eye,491.4,204.5,628.6,319.6,774.3,345.6,945.8,489.5,NBacfF-K2eQ.004.mp4,1280,720,15.0,230,agreeableness,low
163,10866,right_eye,683.2,236.7,788.0,348.2,1014.0,385.9,1145.0,525.3,NBacfF-K2eQ.004.mp4,1280,720,15.0,230,agreeableness,low
163,10866,nose,596.7,292.7,693.7,426.1,905.9,455.9,1027.2,622.6,NBacfF-K2eQ.004.mp4,1280,720,15.0,230,agreeableness,low
163,10866,mouth,562.4,442.2,689.7,527.6,863.0,642.8,1022.1,749.5,NBacfF-K2eQ.004.mp4,1280,720,15.0,230,agreeableness,low
163,10866,forehead,427.7,166.7,794.4,488.6,694.7,298.3,1153.0,700.8,NBacfF-K2eQ.004.mp4,1280,720,15.0,230,agreeableness,low
163,10866,chin,427.7,321.1,775.6,587.9,694.7,491.4,1129.5,824.8,NBacfF-K2eQ.004.mp4,1280,720,15.0,230,agreeableness,low
163,10866,left_cheek,462.8,324.7,584.7,478.2,738.5,495.9,890.9,687.7,NBacfF-K2eQ.004.mp4,1280,720,15.0,230,agreeableness,low
163,10866,right_cheek,697.4,367.0,784.1,501.9,1031.8,548.8,1140.1,717.4,NBacfF-K2eQ.004.mp4,1280,720,15.0,230,agreeableness,low
164,10933,left_eye,490.2,209.7,628.5,322.5,772.7,352.1,945.6,493.1,NBacfF-K2eQ.004.mp4,1280,720,15.0,230,agreeableness,low
164,10933,right_eye,683.1,244.1,786.6,352.8,1013.9,395.1,1143.3,531.0,NBacfF-K2eQ.004.mp4,1280,720,15.0,230,agreeableness,low
164,10933,nose,595.6,297.1,692.6,430.3,904.5,461.3,1025.7,627.8,NBacfF-K2eQ.004.mp4,1280,720,15.0,230,agreeableness,low
164,10933,mouth,555.3,449.1,684.0,529.3,854.2,651.4,1015.0,751.6,NBacfF-K2eQ.004.mp4,1280,720,15.0,230,agreeableness,low
164,10933,forehead,427.4,170.1,793.6,498.6,694.2,302.6,1152.0,713.3,NBacfF-K2eQ.004.mp4,1280,720,15.0,230,agreeableness,low
164,10933,chin,427.4,326.4,774.4,591.0,694.2,498.0,1128.0,828.8,NBacfF-K2eQ.004.mp4,1280,720,15.0,230,agreeableness,low
164,10933,left_cheek,460.5,328.2,583.7,480.2,735.6,500.3,889.6,690.3,NBacfF-K2eQ.004.mp4,1280,720,15.0,230,agreeableness,low
164,10933,right_cheek,695.9,373.0,781.5,508.4,1029.8,556.2,1136.9,725.5,NBacfF-K2eQ.004.mp4,1280,720,15.0,230,agreeableness,low
165,11000,left_eye,488.1,210.6,625.0,322.3,770.2,353.3,941.2,492.9,NBacfF-K2eQ.004.mp4,1280,720,15.0,230,agreeableness,low
165,11000,right_eye,680.1,244.0,785.6,352.7,1010.1,395.0,1142.0,530.9,NBacfF-K2eQ.004.mp4,1280,720,15.0,230,agreeableness,low
165,11000,nose,592.1,297.0,690.3,430.5,900.1,461.3,1022.9,628.1,NBacfF-K2eQ.004.mp4,1280,720,15.0,230,agreeableness,low
165,11000,mouth,549.1,449.9,680.5,528.7,846.4,652.3,1010.6,750.9,NBacfF-K2eQ.004.mp4,1280,720,15.0,230,agreeableness,low
165,11000,forehead,427.2,169.8,793.2,497.4,694.0,302.3,1151.6,711.7,NBacfF-K2eQ.004.mp4,1280,720,15.0,230,agreeableness,low
165,11000,chin,427.2,325.1,774.2,591.0,694.0,496.3,1127.8,828.8,NBacfF-K2eQ.004.mp4,1280,720,15.0,230,agreeableness,low
165,11000,left_cheek,458.5,327.7,580.5,480.0,733.2,499.7,885.6,690.0,NBacfF-K2eQ.004.mp4,1280,720,15.0,230,agreeableness,low
165,11000,right_cheek,693.7,372.8,780.3,508.3,1027.1,556.0,1135.4,725.4,NBacfF-K2eQ.004.mp4,1280,720,15.0,230,agreeableness,low
166,11066,left_eye,490.9,208.5,625.0,316.9,773.6,350.6,941.2,486.1,NBacfF-K2eQ.004.mp4,1280,720,15.0,230,agreeableness,low
166,11066,right_eye,681.4,240.2,785.9,346.4,1011.8,390.2,1142.4,523.0,NBacfF-K2eQ.004.mp4,1280,720,15.0,230,agreeableness,low
166,11066,nose,591.5,293.1,690.1,422.9,899.4,456.3,1022.6,618.6,NBacfF-K2eQ.004.mp4,1280,720,15.0,230,agreeableness,low
166,11066,mouth,543.9,446.0,680.0,526.1,839.8,647.5,1010.0,747.6,NBacfF-K2eQ.004.mp4,1280,720,15.0,230,agreeableness,low
166,11066,forehead,428.7,164.5,794.6,483.8,695.9,295.7,1153.2,694.7,NBacfF-K2eQ.004.mp4,1280,720,15.0,230,agreeableness,low
166,11066,chin,428.7,313.5,774.8,582.5,695.9,481.9,1128.5,818.2,NBacfF-K2eQ.004.mp4,1280,720,15.0,230,agreeableness,low
166,11066,left_cheek,458.3,319.1,580.3,468.9,732.9,488.8,885.4,676.1,NBacfF-K2eQ.004.mp4,1280,720,15.0,230,agreeableness,low
166,11066,right_cheek,693.5,365.7,781.7,497.7,1026.9,547.1,1137.1,712.1,NBacfF-K2eQ.004.mp4,1280,720,15.0,230,agreeableness,low
167,11133,left_eye,493.2,192.5,627.6,304.0,776.5,330.6,944.5,470.0,NBacfF-K2eQ.004.mp4,1280,720,15.0,230,agreeableness,low
167,11133,right_eye,683.2,226.5,785.8,333.1,1014.0,373.1,1142.2,506.4,NBacfF-K2eQ.004.mp4,1280,720,15.0,230,agreeableness,low
167,11133,nose,596.8,277.5,689.8,403.8,906.1,436.9,1022.2,594.7,NBacfF-K2eQ.004.mp4,1280,720,15.0,230,agreeableness,low
167,11133,mouth,552.1,422.8,683.7,499.8,850.2,618.5,1014.7,714.8,NBacfF-K2eQ.004.mp4,1280,720,15.0,230,agreeableness,low
167,11133,forehead,428.8,151.7,794.0,472.5,696.0,279.6,1152.5,680.7,NBacfF-K2eQ.004.mp4,1280,720,15.0,230,agreeableness,low
167,11133,chin,428.8,308.2,772.4,568.6,696.0,475.3,1125.4,800.7,NBacfF-K2eQ.004.mp4,1280,720,15.0,230,agreeableness,low
167,11133,left_cheek,460.6,308.0,583.6,456.8,735.8,475.0,889.5,661.0,NBacfF-K2eQ.004.mp4,1280,720,15.0,230,agreeableness,low
167,11133,right_cheek,693.6,348.8,780.3,481.1,1027.0,526.0,1135.4,691.4,NBacfF-K2eQ.004.mp4,1280,720,15.0,230,agreeableness,low
168,11200,left_eye,494.7,190.5,630.5,294.6,778.4,328.1,948.1,458.2,NBacfF-K2eQ.004.mp4,1280,720,15.0,230,agreeableness,low
168,11200,right_eye,684.9,221.1,784.4,325.1,1016.2,366.4,1140.5,496.3,NBacfF-K2eQ.004.mp4,1280,720,15.0,230,agreeableness,low
168,11200,nose,598.7,273.3,692.6,401.8,908.4,431.7,1025.8,592.2,NBacfF-K2eQ.004.mp4,1280,720,15.0,230,agreeableness,low
168,11200,mouth,565.8,413.8,686.4,493.7,867.3,607.3,1018.0,707.1,NBacfF-K2eQ.004.mp4,1280,720,15.0,230,agreeableness,low
168,11200,forehead,428.0,147.7,789.5,464.4,695.0,274.7,1146.9,670.5,NBacfF-K2eQ.004.mp4,1280,720,15.0,230,agreeableness,low
168,11200,chin,428.0,301.0,767.3,562.5,695.0,466.3,1119.2,793.2,NBacfF-K2eQ.004.mp4,1280,720,15.0,230,agreeableness,low
168,11200,left_cheek,461.4,301.9,586.1,448.9,736.8,467.4,892.6,651.2,NBacfF-K2eQ.004.mp4,1280,720,15.0,230,agreeableness,low
168,11200,right_cheek,696.1,343.3,780.0,474.0,1030.1,519.1,1135.0,682.5,NBacfF-K2eQ.004.mp4,1280,720,15.0,230,agreeableness,low
169,11266,left_eye,500.0,190.8,634.6,299.4,785.0,328.6,953.3,464.3,NBacfF-K2eQ.004.mp4,1280,720,15.0,230,agreeableness,low
169,11266,right_eye,687.9,224.7,782.1,327.0,1019.9,370.9,1137.6,498.8,NBacfF-K2eQ.004.mp4,1280,720,15.0,230,agreeableness,low
169,11266,nose,603.9,275.7,695.9,402.1,914.9,434.7,1029.8,592.7,NBacfF-K2eQ.004.mp4,1280,720,15.0,230,agreeableness,low
169,11266,mouth,571.7,414.4,690.0,494.6,874.7,608.0,1022.5,708.2,NBacfF-K2eQ.004.mp4,1280,720,15.0,230,agreeableness,low
169,11266,forehead,428.1,151.2,786.1,466.0,695.1,279.0,1142.6,672.4,NBacfF-K2eQ.004.mp4,1280,720,15.0,230,agreeableness,low
169,11266,chin,428.1,304.5,765.0,563.4,695.1,470.6,1116.2,794.2,NBacfF-K2eQ.004.mp4,1280,720,15.0,230,agreeableness,low
169,11266,left_cheek,466.0,305.9,591.3,452.7,742.5,472.4,899.1,655.9,NBacfF-K2eQ.004.mp4,1280,720,15.0,230,agreeableness,low
169,11266,right_cheek,698.7,345.3,779.3,475.6,1033.4,521.6,1134.1,684.5,NBacfF-K2eQ.004.mp4,1280,720,15.0,230,agreeableness,low
170,11333,left_eye,503.4,191.4,636.4,293.4,789.3,329.3,955.5,456.8,NBacfF-K2eQ.004.mp4,1280,720,15.0,230,agreeableness,low
170,11333,right_eye,688.3,225.5,781.6,318.1,1020.4,371.9,1136.9,487.6,NBacfF-K2eQ.004.mp4,1280,720,15.0,230,agreeableness,low
170,11333,nose,607.8,269.2,698.9,389.9,919.7,426.5,1033.7,577.4,NBacfF-K2eQ.004.mp4,1280,720,15.0,230,agreeableness,low
170,11333,mouth,574.7,405.8,691.8,483.8,878.4,597.3,1024.7,694.7,NBacfF-K2eQ.004.mp4,1280,720,15.0,230,agreeableness,low
170,11333,forehead,431.3,147.9,784.2,454.5,699.1,274.9,1140.3,658.1,NBacfF-K2eQ.004.mp4,1280,720,15.0,230,agreeableness,low
170,11333,chin,431.3,296.8,762.6,558.5,699.1,461.0,1113.2,788.1,NBacfF-K2eQ.004.mp4,1280,720,15.0,230,agreeableness,low
170,11333,left_cheek,471.2,298.0,595.1,443.0,749.0,462.5,903.8,643.7,NBacfF-K2eQ.004.mp4,1280,720,15.0,230,agreeableness,low
170,11333,right_cheek,699.7,335.3,778.2,464.6,1034.6,509.1,1132.8,670.8,NBacfF-K2eQ.004.mp4,1280,720,15.0,230,agreeableness,low
171,11400,left_eye,501.9,175.2,635.4,281.1,787.4,309.0,954.3,441.4,NBacfF-K2eQ.004.mp4,1280,720,15.0,230,agreeableness,low
171,11400,right_eye,684.3,202.9,772.8,308.4,1015.4,343.6,1126.0,475.5,NBacfF-K2eQ.004.mp4,1280,720,15.0,230,agreeableness,low
171,11400,nose,605.5,253.3,698.0,378.5,916.9,406.6,1032.5,563.2,NBacfF-K2eQ.004.mp4,1280,720,15.0,230,agreeableness,low
171,11400,mouth,575.0,398.0,689.6,476.7,878.7,587.5,1021.9,685.9,NBacfF-K2eQ.004.mp4,1280,720,15.0,230,agreeableness,low
171,11400,forehead,429.5,136.0,773.7,455.6,696.9,260.0,1127.1,659.5,NBacfF-K2eQ.004.mp4,1280,720,15.0,230,agreeableness,low
171,11400,chin,429.5,294.8,751.3,556.7,696.9,458.5,1099.1,785.8,NBacfF-K2eQ.004.mp4,1280,720,15.0,230,agreeableness,low
171,11400,left_cheek,469.5,289.7,593.1,435.5,746.9,452.1,901.3,634.4,NBacfF-K2eQ.004.mp4,1280,720,15.0,230,agreeableness,low
171,11400,right_cheek,698.7,325.5,769.9,459.1,1033.3,496.9,1122.4,663.9,NBacfF-K2eQ.004.mp4,1280,720,15.0,230,agreeableness,low
172,11466,left_eye,500.8,177.8,629.9,282.4,786.0,312.3,947.3,443.0,NBacfF-K2eQ.004.mp4,1280,720,15.0,230,agreeableness,low
172,11466,right_eye,679.5,206.8,771.7,312.1,1009.3,348.4,1124.6,480.1,NBacfF-K2eQ.004.mp4,1280,720,15.0,230,agreeableness,low
172,11466,nose,600.4,254.3,690.7,375.0,910.5,407.9,1023.3,558.8,NBacfF-K2eQ.004.mp4,1280,720,15.0,230,agreeableness,low
172,11466,mouth,567.5,392.5,684.3,478.5,869.4,580.6,1015.4,688.2,NBacfF-K2eQ.004.mp4,1280,720,15.0,230,agreeableness,low
172,11466,forehead,429.8,140.5,775.0,456.9,697.3,265.6,1128.8,661.1,NBacfF-K2eQ.004.mp4,1280,720,15.0,230,agreeableness,low
172,11466,chin,429.8,295.5,755.6,556.9,697.3,459.4,1104.5,786.1,NBacfF-K2eQ.004.mp4,1280,720,15.0,230,agreeableness,low
172,11466,left_cheek,468.9,292.0,588.1,436.3,746.2,455.0,895.1,635.3,NBacfF-K2eQ.004.mp4,1280,720,15.0,230,agreeableness,low
172,11466,right_cheek,693.0,328.0,769.1,462.2,1026.3,500.0,1121.4,667.8,NBacfF-K2eQ.004.mp4,1280,720,15.0,230,agreeableness,low
173,11533,left_eye,496.8,176.5,624.9,280.6,781.1,310.6,941.1,440.7,NBacfF-K2eQ.004.mp4,1280,720,15.0,230,agreeableness,low
173,11533,right_eye,675.7,204.4,769.5,311.4,1004.6,345.5,1121.9,479.3,NBacfF-K2eQ.004.mp4,1280,720,15.0,230,agreeableness,low
173,11533,nose,595.0,251.7,684.5,370.8,903.8,404.6,1015.7,553.5,NBacfF-K2eQ.004.mp4,1280,720,15.0,230,agreeableness,low
173,11533,mouth,556.6,387.7,678.8,479.1,855.8,574.6,1008.4,688.9,NBacfF-K2eQ.004.mp4,1280,720,15.0,230,agreeableness,low
173,11533,forehead,430.2,140.7,774.4,460.1,697.7,265.9,1128.0,665.1,NBacfF-K2eQ.004.mp4,1280,720,15.0,230,agreeableness,low
173,11533,chin,430.2,297.6,757.2,555.8,697.7,461.9,1106.5,784.8,NBacfF-K2eQ.004.mp4,1280,720,15.0,230,agreeableness,low
173,11533,left_cheek,467.4,289.9,582.5,433.2,744.2,452.3,888.1,631.5,NBacfF-K2eQ.004.mp4,1280,720,15.0,230,agreeableness,low
173,11533,right_cheek,688.7,326.8,767.5,462.4,1020.8,498.5,1119.3,668.0,NBacfF-K2eQ.004.mp4,1280,720,15.0,230,agreeableness,low
174,11600,left_eye,495.1,165.3,622.0,271.3,778.8,296.7,937.5,429.2,NBacfF-K2eQ.004.mp4,1280,720,15.0,230,agreeableness,low
174,11600,right_eye,673.4,189.6,769.2,302.6,1001.7,327.0,1121.6,468.2,NBacfF-K2eQ.004.mp4,1280,720,15.0,230,agreeableness,low
174,11600,nose,590.4,240.3,682.1,358.7,898.0,390.3,1012.7,538.3,NBacfF-K2eQ.004.mp4,1280,720,15.0,230,agreeableness,low
174,11600,mouth,551.0,373.9,676.2,471.1,848.7,557.4,1005.3,678.9,NBacfF-K2eQ.004.mp4,1280,720,15.0,230,agreeableness,low
174,11600,forehead,431.4,130.6,774.5,456.9,699.2,253.2,1128.1,661.2,NBacfF-K2eQ.004.mp4,1280,720,15.0,230,agreeableness,low
174,11600,chin,431.4,290.2,757.8,550.2,699.2,452.8,1107.2,777.8,NBacfF-K2eQ.004.mp4,1280,720,15.0,230,agreeableness,low
174,11600,left_cheek,466.5,279.3,579.1,422.2,743.1,439.2,883.9,617.8,NBacfF-K2eQ.004.mp4,1280,720,15.0,230,agreeableness,low
174,11600,right_cheek,686.3,316.3,765.9,453.6,1017.9,485.3,1117.3,656.9,NBacfF-K2eQ.004.mp4,1280,720,15.0,230,agreeableness,low
175,11666,left_eye,494.7,161.6,620.8,265.9,778.4,292.0,936.0,422.4,NBacfF-K2eQ.004.mp4,1280,720,15.0,230,agreeableness,low
175,11666,right_eye,671.8,185.1,765.9,296.2,999.7,321.4,1117.4,460.2,NBacfF-K2eQ.004.mp4,1280,720,15.0,230,agreeableness,low
175,11666,nose,588.4,234.4,679.9,350.0,895.4,383.0,1009.8,527.5,NBacfF-K2eQ.004.mp4,1280,720,15.0,230,agreeableness,low
175,11666,mouth,548.3,367.0,675.6,464.3,845.4,548.7,1004.5,670.3,NBacfF-K2eQ.004.mp4,1280,720,15.0,230,agreeableness,low
175,11666,forehead,432.6,129.0,771.3,454.5,700.8,251.2,1124.1,658.2,NBacfF-K2eQ.004.mp4,1280,720,15.0,230,agreeableness,low
175,11666,chin,432.6,290.1,756.3,544.2,700.8,452.6,1105.4,770.3,NBacfF-K2eQ.004.mp4,1280,720,15.0,230,agreeableness,low
175,11666,left_cheek,466.3,276.2,577.3,417.1,742.8,435.3,881.6,611.3,NBacfF-K2eQ.004.mp4,1280,720,15.0,230,agreeableness,low
175,11666,right_cheek,683.9,309.9,762.6,447.7,1014.9,477.3,1113.3,649.7,NBacfF-K2eQ.004.mp4,1280,720,15.0,230,agreeableness,low
176,11733,left_eye,493.5,165.0,616.5,268.9,776.9,296.3,930.6,426.1,NBacfF-K2eQ.004.mp4,1280,720,15.0,230,agreeableness,low
176,11733,right_eye,668.3,186.2,761.6,297.6,995.3,322.8,1112.0,461.9,NBacfF-K2eQ.004.mp4,1280,720,15.0,230,agreeableness,low
176,11733,nose,585.5,236.5,677.2,351.5,891.8,385.6,1006.5,529.4,NBacfF-K2eQ.004.mp4,1280,720,15.0,230,agreeableness,low
176,11733,mouth,547.2,366.5,675.7,465.6,844.0,548.1,1004.6,672.0,NBacfF-K2eQ.004.mp4,1280,720,15.0,230,agreeableness,low
176,11733,forehead,433.7,130.4,767.3,455.6,702.1,253.0,1119.1,659.6,NBacfF-K2eQ.004.mp4,1280,720,15.0,230,agreeableness,low
176,11733,chin,433.7,296.2,756.4,547.0,702.1,460.3,1105.5,773.7,NBacfF-K2eQ.004.mp4,1280,720,15.0,230,agreeableness,low
176,11733,left_cheek,465.8,280.1,574.8,420.6,742.3,440.1,878.5,615.7,NBacfF-K2eQ.004.mp4,1280,720,15.0,230,agreeableness,low
176,11733,right_cheek,681.2,311.3,761.2,449.3,1011.5,479.2,1111.5,651.6,NBacfF-K2eQ.004.mp4,1280,720,15.0,230,agreeableness,low
177,11800,left_eye,491.4,166.4,612.6,269.5,774.3,298.0,925.7,426.9,NBacfF-K2eQ.004.mp4,1280,720,15.0,230,agreeableness,low
177,11800,right_eye,665.6,189.4,759.4,299.7,992.0,326.8,1109.3,464.6,NBacfF-K2eQ.004.mp4,1280,720,15.0,230,agreeableness,low
177,11800,nose,581.5,239.1,675.0,353.7,886.9,388.9,1003.7,532.1,NBacfF-K2eQ.004.mp4,1280,720,15.0,230,agreeableness,low
177,11800,mouth,545.2,369.2,674.8,468.4,841.5,551.5,1003.5,675.5,NBacfF-K2eQ.004.mp4,1280,720,15.0,230,agreeableness,low
177,11800,forehead,434.5,137.6,766.2,460.0,703.1,262.0,1117.8,665.0,NBacfF-K2eQ.004.mp4,1280,720,15.0,230,agreeableness,low
177,11800,chin,434.5,304.6,756.6,554.0,703.1,470.8,1105.7,782.5,NBacfF-K2eQ.004.mp4,1280,720,15.0,230,agreeableness,low
177,11800,left_cheek,464.8,281.9,571.9,422.1,741.0,442.3,874.9,617.6,NBacfF-K2eQ.004.mp4,1280,720,15.0,230,agreeableness,low
177,11800,right_cheek,679.0,313.6,760.2,451.3,1008.8,482.0,1110.2,654.1,NBacfF-K2eQ.004.mp4,1280,720,15.0,230,agreeableness,low
178,11866,left_eye,491.7,184.3,610.9,283.6,774.6,320.3,923.6,444.5,NBacfF-K2eQ.004.mp4,1280,720,15.0,230,agreeableness,low
178,11866,right_eye,666.9,200.0,759.6,304.1,993.6,340.0,1109.5,470.1,NBacfF-K2eQ.004.mp4,1280,720,15.0,230,agreeableness,low
178,11866,nose,583.2,247.5,676.3,359.7,889.0,399.4,1005.4,539.6,NBacfF-K2eQ.004.mp4,1280,720,15.0,230,agreeableness,low
178,11866,mouth,545.9,378.8,677.4,480.5,842.4,563.5,1006.7,690.6,NBacfF-K2eQ.004.mp4,1280,720,15.0,230,agreeableness,low
178,11866,forehead,437.8,148.0,766.9,462.2,707.2,275.0,1118.7,667.8,NBacfF-K2eQ.004.mp4,1280,720,15.0,230,agreeableness,low
178,11866,chin,437.8,316.2,761.5,561.1,707.2,485.2,1111.9,791.3,NBacfF-K2eQ.004.mp4,1280,720,15.0,230,agreeableness,low
178,11866,left_cheek,466.0,295.5,573.2,433.8,742.5,459.4,876.5,632.2,NBacfF-K2eQ.004.mp4,1280,720,15.0,230,agreeableness,low
178,11866,right_cheek,680.1,316.7,761.4,452.6,1010.1,485.8,1111.8,655.7,NBacfF-K2eQ.004.mp4,1280,720,15.0,230,agreeableness,low
179,11933,left_eye,494.3,201.7,610.6,297.2,777.9,342.1,923.2,461.5,NBacfF-K2eQ.004.mp4,1280,720,15.0,230,agreeableness,low
179,11933,right_eye,667.2,214.6,760.1,312.7,994.0,358.2,1110.2,480.8,NBacfF-K2eQ.004.mp4,1280,720,15.0,230,agreeableness,low
179,11933,nose,587.0,262.4,677.0,375.1,893.8,418.0,1006.3,558.9,NBacfF-K2eQ.004.mp4,1280,720,15.0,230,agreeableness,low
179,11933,mouth,550.0,394.8,683.3,491.8,847.4,583.5,1014.2,704.8,NBacfF-K2eQ.004.mp4,1280,720,15.0,230,agreeableness,low
179,11933,forehead,446.7,163.0,770.7,463.3,718.4,293.8,1123.3,669.1,NBacfF-K2eQ.004.mp4,1280,720,15.0,230,agreeableness,low
179,11933,chin,446.7,327.5,767.8,566.2,718.4,499.3,1119.8,797.7,NBacfF-K2eQ.004.mp4,1280,720,15.0,230,agreeableness,low
179,11933,left_cheek,472.4,311.1,576.4,447.4,750.4,478.9,880.5,649.3,NBacfF-K2eQ.004.mp4,1280,720,15.0,230,agreeableness,low
179,11933,right_cheek,681.0,326.3,765.2,457.8,1011.3,497.8,1116.5,662.2,NBacfF-K2eQ.004.mp4,1280,720,15.0,230,agreeableness,low
180,12000,left_eye,496.8,214.6,609.1,309.1,781.0,358.2,921.4,476.3,NBacfF-K2eQ.004.mp4,1280,720,15.0,230,agreeableness,low
180,12000,right_eye,667.4,224.3,760.5,321.6,994.2,370.3,1110.7,491.9,NBacfF-K2eQ.004.mp4,1280,720,15.0,230,agreeableness,low
180,12000,nose,588.6,274.0,677.5,385.8,895.8,432.5,1006.8,572.2,NBacfF-K2eQ.004.mp4,1280,720,15.0,230,agreeableness,low
180,12000,mouth,553.9,405.5,685.3,501.6,852.4,596.9,1016.7,717.0,NBacfF-K2eQ.004.mp4,1280,720,15.0,230,agreeableness,low
180,12000,forehead,455.2,173.0,776.1,465.8,728.9,306.2,1130.2,672.3,NBacfF-K2eQ.004.mp4,1280,720,15.0,230,agreeableness,low
180,12000,chin,455.2,334.2,774.0,567.6,728.9,507.8,1127.5,799.5,NBacfF-K2eQ.004.mp4,1280,720,15.0,230,agreeableness,low
180,12000,left_cheek,477.7,322.5,578.4,456.5,757.2,493.2,883.0,660.6,NBacfF-K2eQ.004.mp4,1280,720,15.0,230,agreeableness,low
180,12000,right_cheek,681.5,335.9,768.5,465.1,1011.9,509.9,1120.6,671.3,NBacfF-K2eQ.004.mp4,1280,720,15.0,230,agreeableness,low
181,12066,left_eye,497.6,218.5,608.8,314.0,782.0,363.1,921.0,482.5,NBacfF-K2eQ.004.mp4,1280,720,15.0,230,agreeableness,low
181,12066,right_eye,667.5,227.9,760.7,325.5,994.4,374.9,1110.9,496.8,NBacfF-K2eQ.004.mp4,1280,720,15.0,230,agreeableness,low
181,12066,nose,590.5,277.4,677.7,389.1,898.1,436.8,1007.1,576.4,NBacfF-K2eQ.004.mp4,1280,720,15.0,230,agreeableness,low
181,12066,mouth,558.4,407.6,686.4,504.7,858.0,599.6,1018.0,720.9,NBacfF-K2eQ.004.mp4,1280,720,15.0,230,agreeableness,low
181,12066,forehead,458.9,176.1,777.2,468.4,733.6,310.1,1131.5,675.6,NBacfF-K2eQ.004.mp4,1280,720,15.0,230,agreeableness,low
181,12066,chin,458.9,339.7,774.9,569.0,733.6,514.6,1128.6,801.3,NBacfF-K2eQ.004.mp4,1280,720,15.0,230,agreeableness,low
181,12066,left_cheek,480.1,326.9,579.8,460.0,760.2,498.7,884.7,665.0,NBacfF-K2eQ.004.mp4,1280,720,15.0,230,agreeableness,low
181,12066,right_cheek,681.8,339.4,769.0,467.7,1012.3,514.2,1121.2,674.7,NBacfF-K2eQ.004.mp4,1280,720,15.0,230,agreeableness,low
182,12133,left_eye,502.4,227.4,609.3,321.3,788.1,374.3,921.6,491.6,NBacfF-K2eQ.004.mp4,1280,720,15.0,230,agreeableness,low
182,12133,right_eye,668.5,234.6,763.0,331.1,995.7,383.3,1113.7,503.9,NBacfF-K2eQ.004.mp4,1280,720,15.0,230,agreeableness,low
182,12133,nose,592.3,285.3,677.8,395.9,900.3,446.7,1007.2,584.9,NBacfF-K2eQ.004.mp4,1280,720,15.0,230,agreeableness,low
182,12133,mouth,564.4,415.1,688.2,506.1,865.5,608.9,1020.3,722.6,NBacfF-K2eQ.004.mp4,1280,720,15.0,230,agreeableness,low
182,12133,forehead,466.5,184.1,783.4,472.9,743.1,320.2,1139.2,681.1,NBacfF-K2eQ.004.mp4,1280,720,15.0,230,agreeableness,low
182,12133,chin,466.5,347.2,781.5,568.2,743.1,524.0,1136.9,800.2,NBacfF-K2eQ.004.mp4,1280,720,15.0,230,agreeableness,low
182,12133,left_cheek,485.5,335.2,582.5,465.4,766.8,509.0,888.1,671.8,NBacfF-K2eQ.004.mp4,1280,720,15.0,230,agreeableness,low
182,12133,right_cheek,683.6,345.5,772.6,471.9,1014.5,521.8,1125.7,679.9,NBacfF-K2eQ.004.mp4,1280,720,15.0,230,agreeableness,low
183,12200,left_eye,504.4,222.9,613.1,317.5,790.4,368.7,926.4,486.9,NBacfF-K2eQ.004.mp4,1280,720,15.0,230,agreeableness,low
183,12200,right_eye,671.7,232.0,770.0,328.7,999.6,380.0,1122.6,500.9,NBacfF-K2eQ.004.mp4,1280,720,15.0,230,agreeableness,low
183,12200,nose,595.0,282.4,682.8,394.6,903.7,443.0,1013.5,583.3,NBacfF-K2eQ.004.mp4,1280,720,15.0,230,agreeableness,low
183,12200,mouth,567.9,411.8,693.6,497.9,869.8,604.8,1027.0,712.4,NBacfF-K2eQ.004.mp4,1280,720,15.0,230,agreeableness,low
183,12200,forehead,469.6,180.0,790.4,471.5,747.0,315.0,1148.0,679.4,NBacfF-K2eQ.004.mp4,1280,720,15.0,230,agreeableness,low
183,12200,chin,469.6,342.1,788.1,563.8,747.0,517.6,1145.1,794.7,NBacfF-K2eQ.004.mp4,1280,720,15.0,230,agreeableness,low
183,12200,left_cheek,488.0,330.9,586.0,460.6,770.0,503.6,892.5,665.8,NBacfF-K2eQ.004.mp4,1280,720,15.0,230,agreeableness,low
183,12200,right_cheek,688.5,343.0,778.2,469.8,1020.7,518.7,1132.8,677.3,NBacfF-K2eQ.004.mp4,1280,720,15.0,230,agreeableness,low
184,12266,left_eye,509.6,222.9,617.3,317.8,797.0,368.6,931.6,487.3,NBacfF-K2eQ.004.mp4,1280,720,15.0,230,agreeableness,low
184,12266,right_eye,675.2,234.5,773.8,330.4,1004.0,383.1,1127.2,503.0,NBacfF-K2eQ.004.mp4,1280,720,15.0,230,agreeableness,low
184,12266,nose,595.7,284.5,683.9,396.4,904.7,445.7,1014.9,585.4,NBacfF-K2eQ.004.mp4,1280,720,15.0,230,agreeableness,low
184,12266,mouth,568.1,414.2,694.1,491.5,870.2,607.8,1027.6,704.4,NBacfF-K2eQ.004.mp4,1280,720,15.0,230,agreeableness,low
184,12266,forehead,475.1,180.1,793.9,470.9,753.9,315.2,1152.4,678.6,NBacfF-K2eQ.004.mp4,1280,720,15.0,230,agreeableness,low
184,12266,chin,475.1,339.8,791.2,561.1,753.9,514.8,1149.0,791.4,NBacfF-K2eQ.004.mp4,1280,720,15.0,230,agreeableness,low
184,12266,left_cheek,491.8,329.2,587.9,459.4,774.7,501.5,894.8,664.2,NBacfF-K2eQ.004.mp4,1280,720,15.0,230,agreeableness,low
184,12266,right_cheek,690.7,344.6,780.9,469.2,1023.3,520.7,1136.2,676.5,NBacfF-K2eQ.004.mp4,1280,720,15.0,230,agreeableness,low
185,12333,left_eye,513.6,230.9,619.1,325.8,802.0,378.7,933.8,497.2,NBacfF-K2eQ.004.mp4,1280,720,15.0,230,agreeableness,low
185,12333,right_eye,679.1,246.1,780.7,339.6,1008.9,397.7,1135.9,514.5,NBacfF-K2eQ.004.mp4,1280,720,15.0,230,agreeableness,low
185,12333,nose,595.3,294.8,684.2,405.7,904.1,458.5,1015.2,597.1,NBacfF-K2eQ.004.mp4,1280,720,15.0,230,agreeableness,low
185,12333,mouth,568.4,423.7,693.5,500.5,870.4,619.7,1026.9,715.7,NBacfF-K2eQ.004.mp4,1280,720,15.0,230,agreeableness,low
185,12333,forehead,480.3,186.6,803.9,477.1,760.4,323.2,1164.9,686.3,NBacfF-K2eQ.004.mp4,1280,720,15.0,230,agreeableness,low
185,12333,chin,480.3,340.0,801.3,566.5,760.4,515.0,1161.6,798.1,NBacfF-K2eQ.004.mp4,1280,720,15.0,230,agreeableness,low
185,12333,left_cheek,493.8,333.8,588.2,463.6,777.2,507.2,895.3,669.5,NBacfF-K2eQ.004.mp4,1280,720,15.0,230,agreeableness,low
185,12333,right_cheek,692.7,354.7,787.7,479.3,1025.9,533.4,1144.7,689.2,NBacfF-K2eQ.004.mp4,1280,720,15.0,230,agreeableness,low
186,12400,left_eye,520.4,234.8,623.9,327.9,810.5,383.5,939.8,499.8,NBacfF-K2eQ.004.mp4,1280,720,15.0,230,agreeableness,low
186,12400,right_eye,686.8,252.4,796.6,347.8,1018.6,405.6,1155.8,524.8,NBacfF-K2eQ.004.mp4,1280,720,15.0,230,agreeableness,low
186,12400,nose,594.6,303.2,684.1,413.4,903.3,468.9,1015.1,606.8,NBacfF-K2eQ.004.mp4,1280,720,15.0,230,agreeableness,low
186,12400,mouth,568.1,432.8,693.3,521.0,870.1,631.0,1026.6,741.2,NBacfF-K2eQ.004.mp4,1280,720,15.0,230,agreeableness,low
186,12400,forehead,486.2,191.0,827.1,492.3,767.7,328.8,1193.8,705.4,NBacfF-K2eQ.004.mp4,1280,720,15.0,230,agreeableness,low
186,12400,chin,486.2,340.4,823.8,578.8,767.7,515.5,1189.8,813.5,NBacfF-K2eQ.004.mp4,1280,720,15.0,230,agreeableness,low
186,12400,left_cheek,494.2,335.2,589.0,468.9,777.7,509.1,896.3,676.2,NBacfF-K2eQ.004.mp4,1280,720,15.0,230,agreeableness,low
186,12400,right_cheek,697.2,364.1,803.4,494.6,1031.5,545.2,1164.2,708.2,NBacfF-K2eQ.004.mp4,1280,720,15.0,230,agreeableness,low
187,12466,left_eye,540.1,232.5,648.1,325.1,835.2,380.6,970.1,496.4,NBacfF-K2eQ.004.mp4,1280,720,15.0,230,agreeableness,low
187,12466,right_eye,705.6,249.3,822.3,350.6,1041.9,401.6,1187.9,528.2,NBacfF-K2eQ.004.mp4,1280,720,15.0,230,agreeableness,low
187,12466,nose,605.5,299.9,696.7,413.2,916.9,464.9,1030.9,606.5,NBacfF-K2eQ.004.mp4,1280,720,15.0,230,agreeableness,low
187,12466,mouth,579.3,434.4,698.6,520.5,884.1,633.0,1033.3,740.6,NBacfF-K2eQ.004.mp4,1280,720,15.0,230,agreeableness,low
187,12466,forehead,494.8,188.1,850.6,495.9,778.5,325.2,1223.2,709.8,NBacfF-K2eQ.004.mp4,1280,720,15.0,230,agreeableness,low
187,12466,chin,494.8,332.5,844.0,580.1,778.5,505.7,1215.0,815.2,NBacfF-K2eQ.004.mp4,1280,720,15.0,230,agreeableness,low
187,12466,left_cheek,503.8,329.2,603.8,467.1,789.8,501.4,914.8,673.8,NBacfF-K2eQ.004.mp4,1280,720,15.0,230,agreeableness,low
187,12466,right_cheek,714.1,366.7,824.1,498.2,1052.6,548.3,1190.2,712.8,NBacfF-K2eQ.004.mp4,1280,720,15.0,230,agreeableness,low
188,12533,left_eye,560.8,224.8,672.7,323.7,860.9,370.9,1000.9,494.6,NBacfF-K2eQ.004.mp4,1280,720,15.0,230,agreeableness,low
188,12533,right_eye,723.0,257.0,838.5,359.7,1063.7,411.3,1208.1,539.6,NBacfF-K2eQ.004.mp4,1280,720,15.0,230,agreeableness,low
188,12533,nose,623.6,303.0,717.2,424.9,939.5,468.8,1056.5,621.1,NBacfF-K2eQ.004.mp4,1280,720,15.0,230,agreeableness,low
188,12533,mouth,594.5,445.3,713.7,516.8,903.1,646.6,1052.2,736.0,NBacfF-K2eQ.004.mp4,1280,720,15.0,230,agreeableness,low
188,12533,forehead,508.3,183.5,856.1,496.1,795.4,319.4,1230.1,710.2,NBacfF-K2eQ.004.mp4,1280,720,15.0,230,agreeableness,low
188,12533,chin,508.3,318.4,841.4,577.5,795.4,488.0,1211.8,811.9,NBacfF-K2eQ.004.mp4,1280,720,15.0,230,agreeableness,low
188,12533,left_cheek,520.2,321.7,624.1,465.3,810.2,492.1,940.2,671.6,NBacfF-K2eQ.004.mp4,1280,720,15.0,230,agreeableness,low
188,12533,right_cheek,731.6,375.8,831.7,503.4,1074.5,559.7,1199.6,719.2,NBacfF-K2eQ.004.mp4,1280,720,15.0,230,agreeableness,low
189,12600,left_eye,569.2,224.6,684.1,329.2,871.6,370.8,1015.1,501.5,NBacfF-K2eQ.004.mp4,1280,720,15.0,230,agreeableness,low
189,12600,right_eye,729.4,262.9,842.7,368.4,1071.7,418.6,1213.4,550.5,NBacfF-K2eQ.004.mp4,1280,720,15.0,230,agreeableness,low
189,12600,nose,629.9,310.7,725.8,438.7,947.4,478.4,1067.2,638.4,NBacfF-K2eQ.004.mp4,1280,720,15.0,230,agreeableness,low
189,12600,mouth,599.9,455.2,721.5,523.8,909.9,659.0,1061.9,744.7,NBacfF-K2eQ.004.mp4,1280,720,15.0,230,agreeableness,low
189,12600,forehead,513.9,183.5,857.5,498.5,802.4,319.4,1231.9,713.1,NBacfF-K2eQ.004.mp4,1280,720,15.0,230,agreeableness,low
189,12600,chin,513.9,315.5,839.6,579.1,802.4,484.4,1209.5,813.9,NBacfF-K2eQ.004.mp4,1280,720,15.0,230,agreeableness,low
189,12600,left_cheek,527.4,322.5,631.8,466.6,819.2,493.1,949.8,673.3,NBacfF-K2eQ.004.mp4,1280,720,15.0,230,agreeableness,low
189,12600,right_cheek,737.9,385.4,833.4,511.0,1082.4,571.8,1201.8,728.7,NBacfF-K2eQ.004.mp4,1280,720,15.0,230,agreeableness,low
190,12666,left_eye,572.6,220.5,689.0,328.3,875.8,365.6,1021.3,500.4,NBacfF-K2eQ.004.mp4,1280,720,15.0,230,agreeableness,low
190,12666,right_eye,735.3,260.2,848.1,363.7,1079.1,415.2,1220.1,544.7,NBacfF-K2eQ.004.mp4,1280,720,15.0,230,agreeableness,low
190,12666,nose,635.2,307.6,732.4,436.3,954.0,474.5,1075.5,635.4,NBacfF-K2eQ.004.mp4,1280,720,15.0,230,agreeableness,low
190,12666,mouth,604.4,450.6,728.2,523.1,915.5,653.2,1070.2,743.9,NBacfF-K2eQ.004.mp4,1280,720,15.0,230,agreeableness,low
190,12666,forehead,517.0,178.3,862.0,496.5,806.2,312.9,1237.5,710.7,NBacfF-K2eQ.004.mp4,1280,720,15.0,230,agreeableness,low
190,12666,chin,517.0,308.1,844.7,576.0,806.2,475.1,1215.9,810.0,NBacfF-K2eQ.004.mp4,1280,720,15.0,230,agreeableness,low
190,12666,left_cheek,531.6,318.1,637.1,464.5,824.5,487.6,956.4,670.6,NBacfF-K2eQ.004.mp4,1280,720,15.0,230,agreeableness,low
190,12666,right_cheek,743.8,381.1,840.0,506.3,1089.8,566.4,1210.0,722.9,NBacfF-K2eQ.004.mp4,1280,720,15.0,230,agreeableness,low
191,12733,left_eye,575.6,215.5,694.8,326.0,879.5,359.4,1028.5,497.5,NBacfF-K2eQ.004.mp4,1280,720,15.0,230,agreeableness,low
191,12733,right_eye,739.6,258.3,853.7,363.0,1084.6,412.9,1227.1,543.7,NBacfF-K2eQ.004.mp4,1280,720,15.0,230,agreeableness,low
191,12733,nose,640.7,306.2,739.4,436.2,960.9,472.7,1084.3,635.2,NBacfF-K2eQ.004.mp4,1280,720,15.0,230,agreeableness,low
191,12733,mouth,610.8,450.2,734.4,522.4,923.5,652.8,1078.0,743.0,NBacfF-K2eQ.004.mp4,1280,720,15.0,230,agreeableness,low
191,12733,forehead,519.3,174.1,865.2,494.8,809.1,307.7,1241.4,708.4,NBacfF-K2eQ.004.mp4,1280,720,15.0,230,agreeableness,low
191,12733,chin,519.3,305.8,846.8,576.8,809.1,472.3,1218.5,810.9,NBacfF-K2eQ.004.mp4,1280,720,15.0,230,agreeableness,low
191,12733,left_cheek,535.1,316.0,642.1,464.3,828.9,484.9,962.6,670.4,NBacfF-K2eQ.004.mp4,1280,720,15.0,230,agreeableness,low
191,12733,right_cheek,749.6,380.4,844.1,507.4,1097.0,565.5,1215.1,724.3,NBacfF-K2eQ.004.mp4,1280,720,15.0,230,agreeableness,low
192,12800,left_eye,577.9,212.0,698.3,322.9,882.4,355.0,1032.9,493.7,NBacfF-K2eQ.004.mp4,1280,720,15.0,230,agreeableness,low
192,12800,right_eye,744.4,257.8,857.2,361.5,1090.4,412.2,1231.4,541.8,NBacfF-K2eQ.004.mp4,1280,720,15.0,230,agreeableness,low
192,12800,nose,645.9,305.8,744.2,435.4,967.4,472.3,1090.2,634.2,NBacfF-K2eQ.004.mp4,1280,720,15.0,230,agreeableness,low
192,12800,mouth,614.6,450.6,740.3,522.4,928.2,653.2,1085.3,743.0,NBacfF-K2eQ.004.mp4,1280,720,15.0,230,agreeableness,low
192,12800,forehead,521.0,170.4,868.6,493.8,811.2,303.0,1245.7,707.3,NBacfF-K2eQ.004.mp4,1280,720,15.0,230,agreeableness,low
192,12800,chin,521.0,305.2,851.7,577.2,811.2,471.5,1224.6,811.5,NBacfF-K2eQ.004.mp4,1280,720,15.0,230,agreeableness,low
192,12800,left_cheek,537.3,315.0,646.1,464.0,831.6,483.7,967.6,670.0,NBacfF-K2eQ.004.mp4,1280,720,15.0,230,agreeableness,low
192,12800,right_cheek,754.0,379.0,849.1,507.3,1102.5,563.7,1221.4,724.1,NBacfF-K2eQ.004.mp4,1280,720,15.0,230,agreeableness,low
193,12866,left_eye,577.5,205.7,699.1,314.9,881.9,347.1,1033.9,483.7,NBacfF-K2eQ.004.mp4,1280,720,15.0,230,agreeableness,low
193,12866,right_eye,746.1,249.3,859.7,354.6,1092.7,401.7,1234.6,533.3,NBacfF-K2eQ.004.mp4,1280,720,15.0,230,agreeableness,low
193,12866,nose,648.2,298.2,744.8,434.5,970.2,462.8,1091.0,633.2,NBacfF-K2eQ.004.mp4,1280,720,15.0,230,agreeableness,low
193,12866,mouth,617.6,449.9,739.2,520.5,932.0,652.3,1084.0,740.6,NBacfF-K2eQ.004.mp4,1280,720,15.0,230,agreeableness,low
193,12866,forehead,520.8,164.4,871.1,492.3,811.0,295.5,1248.8,705.4,NBacfF-K2eQ.004.mp4,1280,720,15.0,230,agreeableness,low
193,12866,chin,520.8,302.5,855.4,576.3,811.0,468.1,1229.3,810.4,NBacfF-K2eQ.004.mp4,1280,720,15.0,230,agreeableness,low
193,12866,left_cheek,537.4,310.8,647.3,461.1,831.8,478.5,969.1,666.4,NBacfF-K2eQ.004.mp4,1280,720,15.0,230,agreeableness,low
193,12866,right_cheek,755.8,374.4,852.3,506.2,1104.7,558.0,1225.3,722.8,NBacfF-K2eQ.004.mp4,1280,720,15.0,230,agreeableness,low
194,12933,left_eye,574.1,203.7,695.9,312.2,877.6,344.6,1029.9,480.2,NBacfF-K2eQ.004.mp4,1280,720,15.0,230,agreeableness,low
194,12933,right_eye,743.6,246.6,858.3,350.8,1089.4,398.3,1232.9,528.5,NBacfF-K2eQ.004.mp4,1280,720,15.0,230,agreeableness,low
194,12933,nose,647.5,295.4,743.7,433.5,969.4,459.2,1089.6,631.9,NBacfF-K2eQ.004.mp4,1280,720,15.0,230,agreeableness,low
194,12933,mouth,616.1,448.9,741.1,520.3,930.1,651.2,1086.4,740.4,NBacfF-K2eQ.004.mp4,1280,720,15.0,230,agreeableness,low
194,12933,forehead,518.8,163.2,869.7,492.2,808.6,294.0,1247.1,705.2,NBacfF-K2eQ.004.mp4,1280,720,15.0,230,agreeableness,low
194,12933,chin,518.8,303.3,854.9,576.9,808.6,469.1,1228.6,811.1,NBacfF-K2eQ.004.mp4,1280,720,15.0,230,agreeableness,low
194,12933,left_cheek,535.6,310.5,645.6,460.7,829.5,478.1,967.0,665.9,NBacfF-K2eQ.004.mp4,1280,720,15.0,230,agreeableness,low
194,12933,right_cheek,754.6,371.7,851.5,505.6,1103.3,554.7,1224.3,722.0,NBacfF-K2eQ.004.mp4,1280,720,15.0,230,agreeableness,low
195,13000,left_eye,566.3,204.5,693.9,313.3,867.9,345.7,1027.4,481.6,NBacfF-K2eQ.004.mp4,1280,720,15.0,230,agreeableness,low
195,13000,right_eye,742.1,246.8,855.4,351.5,1087.6,398.6,1229.3,529.3,NBacfF-K2eQ.004.mp4,1280,720,15.0,230,agreeableness,low
195,13000,nose,646.4,296.1,741.1,434.6,968.0,460.1,1086.4,633.3,NBacfF-K2eQ.004.mp4,1280,720,15.0,230,agreeableness,low
195,13000,mouth,603.0,452.4,738.5,530.3,913.8,655.5,1083.1,752.9,NBacfF-K2eQ.004.mp4,1280,720,15.0,230,agreeableness,low
195,13000,forehead,513.2,164.6,867.3,493.7,801.4,295.7,1244.2,707.2,NBacfF-K2eQ.004.mp4,1280,720,15.0,230,agreeableness,low
195,13000,chin,513.2,304.5,852.7,584.7,801.4,470.6,1225.8,820.9,NBacfF-K2eQ.004.mp4,1280,720,15.0,230,agreeableness,low
195,13000,left_cheek,530.2,311.4,641.7,462.5,822.7,479.3,962.1,668.2,NBacfF-K2eQ.004.mp4,1280,720,15.0,230,agreeableness,low
195,13000,right_cheek,752.0,372.0,848.7,506.4,1100.0,555.0,1220.8,723.0,NBacfF-K2eQ.004.mp4,1280,720,15.0,230,agreeableness,low
196,13066,left_eye,557.0,202.0,680.0,309.6,856.2,342.5,1010.0,477.0,NBacfF-K2eQ.004.mp4,1280,720,15.0,230,agreeableness,low
196,13066,right_eye,734.9,239.8,849.2,345.4,1078.6,389.8,1221.5,521.8,NBacfF-K2eQ.004.mp4,1280,720,15.0,230,agreeableness,low
196,13066,nose,634.3,291.4,732.7,431.0,952.8,454.3,1075.9,628.8,NBacfF-K2eQ.004.mp4,1280,720,15.0,230,agreeableness,low
196,13066,mouth,594.6,449.5,734.4,528.3,903.2,651.8,1078.0,750.4,NBacfF-K2eQ.004.mp4,1280,720,15.0,230,agreeableness,low
196,13066,forehead,503.6,160.4,861.0,488.3,789.5,290.5,1236.2,700.4,NBacfF-K2eQ.004.mp4,1280,720,15.0,230,agreeableness,low
196,13066,chin,503.6,301.0,848.5,584.4,789.5,466.2,1220.6,820.5,NBacfF-K2eQ.004.mp4,1280,720,15.0,230,agreeableness,low
196,13066,left_cheek,520.6,308.1,630.9,459.4,810.7,475.1,948.6,664.3,NBacfF-K2eQ.004.mp4,1280,720,15.0,230,agreeableness,low
196,13066,right_cheek,744.3,366.6,843.5,501.4,1090.3,548.3,1214.4,716.7,NBacfF-K2eQ.004.mp4,1280,720,15.0,230,agreeableness,low
197,13133,left_eye,545.0,198.0,666.6,306.0,841.3,337.5,993.2,472.5,NBacfF-K2eQ.004.mp4,1280,720,15.0,230,agreeableness,low
197,13133,right_eye,723.4,235.2,842.6,340.2,1064.3,384.0,1213.2,515.3,NBacfF-K2eQ.004.mp4,1280,720,15.0,230,agreeableness,low
197,13133,nose,616.4,287.9,717.9,426.3,930.5,449.9,1057.4,622.9,NBacfF-K2eQ.004.mp4,1280,720,15.0,230,agreeableness,low
197,13133,mouth,580.3,444.8,723.0,528.1,885.4,646.1,1063.7,750.2,NBacfF-K2eQ.004.mp4,1280,720,15.0,230,agreeableness,low
197,13133,forehead,492.5,157.7,860.4,485.6,775.6,287.1,1235.5,697.0,NBacfF-K2eQ.004.mp4,1280,720,15.0,230,agreeableness,low
197,13133,chin,492.5,297.2,848.3,583.5,775.6,461.5,1220.3,819.3,NBacfF-K2eQ.004.mp4,1280,720,15.0,230,agreeableness,low
197,13133,left_cheek,505.6,304.5,615.6,455.1,792.0,470.6,929.5,658.8,NBacfF-K2eQ.004.mp4,1280,720,15.0,230,agreeableness,low
197,13133,right_cheek,732.0,362.6,838.3,498.6,1075.0,543.3,1207.9,713.3,NBacfF-K2eQ.004.mp4,1280,720,15.0,230,agreeableness,low
198,13200,left_eye,528.3,198.3,650.1,308.6,820.4,337.9,972.6,475.8,NBacfF-K2eQ.004.mp4,1280,720,15.0,230,agreeableness,low
198,13200,right_eye,707.9,237.6,830.6,341.5,1044.8,387.0,1198.3,516.9,NBacfF-K2eQ.004.mp4,1280,720,15.0,230,agreeableness,low
198,13200,nose,602.0,288.1,702.0,429.6,912.5,450.1,1037.5,627.0,NBacfF-K2eQ.004.mp4,1280,720,15.0,230,agreeableness,low
198,13200,mouth,570.7,453.3,705.0,531.1,873.4,656.6,1041.3,753.8,NBacfF-K2eQ.004.mp4,1280,720,15.0,230,agreeableness,low
198,13200,forehead,480.0,158.2,851.4,485.9,760.0,287.8,1224.3,697.4,NBacfF-K2eQ.004.mp4,1280,720,15.0,230,agreeableness,low
198,13200,chin,480.0,300.4,838.1,585.5,760.0,465.5,1207.6,821.9,NBacfF-K2eQ.004.mp4,1280,720,15.0,230,agreeableness,low
198,13200,left_cheek,492.8,308.9,600.9,461.5,776.0,476.1,911.1,666.8,NBacfF-K2eQ.004.mp4,1280,720,15.0,230,agreeableness,low
198,13200,right_cheek,716.8,364.8,825.7,502.2,1056.0,546.0,1192.1,717.8,NBacfF-K2eQ.004.mp4,1280,720,15.0,230,agreeableness,low
199,13266,left_eye,518.7,202.2,638.3,312.5,808.4,342.7,957.9,480.6,NBacfF-K2eQ.004.mp4,1280,720,15.0,230,agreeableness,low
199,13266,right_eye,697.2,238.7,821.1,343.0,1031.5,388.4,1186.4,518.7,NBacfF-K2eQ.004.mp4,1280,720,15.0,230,agreeableness,low
199,13266,nose,593.1,289.2,692.4,433.5,901.4,451.5,1025.5,631.9,NBacfF-K2eQ.004.mp4,1280,720,15.0,230,agreeableness,low
199,13266,mouth,560.5,459.5,698.6,527.7,860.6,664.4,1033.3,749.6,NBacfF-K2eQ.004.mp4,1280,720,15.0,230,agreeableness,low
199,13266,forehead,473.5,158.9,844.3,488.2,751.8,288.6,1215.4,700.2,NBacfF-K2eQ.004.mp4,1280,720,15.0,230,agreeableness,low
199,13266,chin,473.5,302.5,830.4,584.9,751.8,468.1,1198.0,821.2,NBacfF-K2eQ.004.mp4,1280,720,15.0,230,agreeableness,low
199,13266,left_cheek,483.8,312.0,591.5,464.5,764.7,480.0,899.4,670.7,NBacfF-K2eQ.004.mp4,1280,720,15.0,230,agreeableness,low
199,13266,right_cheek,707.2,367.3,817.3,505.7,1044.0,549.1,1181.6,722.1,NBacfF-K2eQ.004.mp4,1280,720,15.0,230,agreeableness,low
200,13333,left_eye,509.4,202.4,628.9,312.5,796.8,343.0,946.1,480.7,NBacfF-K2eQ.004.mp4,1280,720,15.0,230,agreeableness,low
200,13333,right_eye,689.5,237.9,812.9,343.1,1021.9,387.4,1176.1,518.9,NBacfF-K2eQ.004.mp4,1280,720,15.0,230,agreeableness,low
200,13333,nose,584.4,290.3,684.1,433.7,890.4,452.8,1015.1,632.2,NBacfF-K2eQ.004.mp4,1280,720,15.0,230,agreeableness,low
200,13333,mouth,552.9,459.6,691.4,527.6,851.1,664.5,1024.3,749.6,NBacfF-K2eQ.004.mp4,1280,720,15.0,230,agreeableness,low
200,13333,forehead,466.3,159.6,836.3,486.1,742.8,289.5,1205.4,697.6,NBacfF-K2eQ.004.mp4,1280,720,15.0,230,agreeableness,low
200,13333,chin,466.3,302.2,822.5,584.5,742.8,467.8,1188.2,820.6,NBacfF-K2eQ.004.mp4,1280,720,15.0,230,agreeableness,low
200,13333,left_cheek,476.3,312.0,582.8,464.5,755.3,480.0,888.5,670.6,NBacfF-K2eQ.004.mp4,1280,720,15.0,230,agreeableness,low
200,13333,right_cheek,699.0,367.4,809.5,505.5,1033.7,549.3,1171.9,721.9,NBacfF-K2eQ.004.mp4,1280,720,15.0,230,agreeableness,low
201,13400,left_eye,498.9,205.9,618.8,318.6,783.7,347.4,933.4,488.3,NBacfF-K2eQ.004.mp4,1280,720,15.0,230,agreeableness,low
201,13400,right_eye,678.6,239.3,803.3,346.6,1008.3,389.2,1164.1,523.2,NBacfF-K2eQ.004.mp4,1280,720,15.0,230,agreeableness,low
201,13400,nose,575.1,294.9,675.7,436.3,878.9,458.7,1004.6,635.4,NBacfF-K2eQ.004.mp4,1280,720,15.0,230,agreeableness,low
201,13400,mouth,545.4,460.2,681.9,549.9,841.7,665.2,1012.3,777.3,NBacfF-K2eQ.004.mp4,1280,720,15.0,230,agreeableness,low
201,13400,forehead,456.7,164.9,828.3,490.9,730.9,296.1,1195.4,703.6,NBacfF-K2eQ.004.mp4,1280,720,15.0,230,agreeableness,low
201,13400,chin,456.7,311.2,816.6,600.6,730.9,479.0,1180.7,840.8,NBacfF-K2eQ.004.mp4,1280,720,15.0,230,agreeableness,low
201,13400,left_cheek,467.6,319.1,573.0,474.3,744.5,488.9,876.2,682.9,NBacfF-K2eQ.004.mp4,1280,720,15.0,230,agreeableness,low
201,13400,right_cheek,690.3,370.7,802.3,510.4,1022.9,553.3,1162.9,728.1,NBacfF-K2eQ.004.mp4,1280,720,15.0,230,agreeableness,low
202,13466,left_eye,499.1,211.7,614.0,320.8,783.9,354.6,927.5,490.9,NBacfF-K2eQ.004.mp4,1280,720,15.0,230,agreeableness,low
202,13466,right_eye,676.2,240.5,802.0,347.6,1005.3,390.6,1162.5,524.5,NBacfF-K2eQ.004.mp4,1280,720,15.0,230,agreeableness,low
202,13466,nose,571.9,297.1,673.6,437.8,874.9,461.4,1002.0,637.3,NBacfF-K2eQ.004.mp4,1280,720,15.0,230,agreeableness,low
202,13466,mouth,544.1,460.0,685.0,549.8,840.2,665.0,1016.3,777.2,NBacfF-K2eQ.004.mp4,1280,720,15.0,230,agreeableness,low
202,13466,forehead,461.4,167.6,830.4,495.7,736.8,299.5,1198.0,709.7,NBacfF-K2eQ.004.mp4,1280,720,15.0,230,agreeableness,low
202,13466,chin,461.4,315.7,819.8,604.5,736.8,484.6,1184.8,845.7,NBacfF-K2eQ.004.mp4,1280,720,15.0,230,agreeableness,low
202,13466,left_cheek,469.1,322.5,570.9,476.8,746.4,493.1,873.6,686.0,NBacfF-K2eQ.004.mp4,1280,720,15.0,230,agreeableness,low
202,13466,right_cheek,689.4,371.9,803.5,512.8,1021.7,554.9,1164.4,731.0,NBacfF-K2eQ.004.mp4,1280,720,15.0,230,agreeableness,low
203,13533,left_eye,494.5,210.5,608.1,320.2,778.2,353.1,920.1,490.3,NBacfF-K2eQ.004.mp4,1280,720,15.0,230,agreeableness,low
203,13533,right_eye,673.7,237.5,798.4,344.9,1002.2,386.9,1158.0,521.1,NBacfF-K2eQ.004.mp4,1280,720,15.0,230,agreeableness,low
203,13533,nose,570.1,295.8,668.7,434.5,872.7,459.7,995.9,633.1,NBacfF-K2eQ.004.mp4,1280,720,15.0,230,agreeableness,low
203,13533,mouth,543.4,456.5,682.3,547.0,839.2,660.6,1012.8,773.7,NBacfF-K2eQ.004.mp4,1280,720,15.0,230,agreeableness,low
203,13533,forehead,458.7,167.3,828.5,493.0,733.4,299.1,1195.6,706.2,NBacfF-K2eQ.004.mp4,1280,720,15.0,230,agreeableness,low
203,13533,chin,458.7,314.7,819.4,600.2,733.4,483.4,1184.3,840.3,NBacfF-K2eQ.004.mp4,1280,720,15.0,230,agreeableness,low
203,13533,left_cheek,465.2,321.2,567.5,474.6,741.5,491.5,869.4,683.3,NBacfF-K2eQ.004.mp4,1280,720,15.0,230,agreeableness,low
203,13533,right_cheek,685.2,368.3,800.7,508.4,1016.5,550.4,1160.9,725.5,NBacfF-K2eQ.004.mp4,1280,720,15.0,230,agreeableness,low
204,13600,left_eye,488.0,210.8,599.6,319.8,770.1,353.4,909.5,489.8,NBacfF-K2eQ.004.mp4,1280,720,15.0,230,agreeableness,low
204,13600,right_eye,665.7,237.5,788.9,344.3,992.1,386.9,1146.2,520.4,NBacfF-K2eQ.004.mp4,1280,720,15.0,230,agreeableness,low
204,13600,nose,563.0,295.8,660.7,433.4,863.7,459.7,985.9,631.8,NBacfF-K2eQ.004.mp4,1280,720,15.0,230,agreeableness,low
204,13600,mouth,538.9,455.1,676.6,534.3,833.6,658.9,1005.8,757.9,NBacfF-K2eQ.004.mp4,1280,720,15.0,230,agreeableness,low
204,13600,forehead,456.3,168.6,819.9,490.8,730.3,300.7,1184.9,703.5,NBacfF-K2eQ.004.mp4,1280,720,15.0,230,agreeableness,low
204,13600,chin,456.3,316.7,813.2,594.0,730.3,485.9,1176.5,832.5,NBacfF-K2eQ.004.mp4,1280,720,15.0,230,agreeableness,low
204,13600,left_cheek,460.5,321.9,561.4,474.2,735.6,492.4,861.7,682.8,NBacfF-K2eQ.004.mp4,1280,720,15.0,230,agreeableness,low
204,13600,right_cheek,677.2,367.0,792.9,504.6,1006.5,548.8,1151.1,720.7,NBacfF-K2eQ.004.mp4,1280,720,15.0,230,agreeableness,low
205,13666,left_eye,475.9,215.8,579.5,320.0,754.9,359.8,884.4,490.0,NBacfF-K2eQ.004.mp4,1280,720,15.0,230,agreeableness,low
205,13666,right_eye,651.7,233.9,774.6,339.8,974.6,382.3,1128.3,514.7,NBacfF-K2eQ.004.mp4,1280,720,15.0,230,agreeableness,low
205,13666,nose,547.5,297.1,647.6,429.9,844.4,461.3,969.5,627.4,NBacfF-K2eQ.004.mp4,1280,720,15.0,230,agreeableness,low
205,13666,mouth,532.0,451.5,664.9,528.5,825.0,654.3,991.2,750.7,NBacfF-K2eQ.004.mp4,1280,720,15.0,230,agreeableness,low
205,13666,forehead,456.2,173.2,811.7,484.0,730.3,306.6,1174.6,694.9,NBacfF-K2eQ.004.mp4,1280,720,15.0,230,agreeableness,low
205,13666,chin,456.2,322.2,809.4,587.5,730.3,492.8,1171.7,824.4,NBacfF-K2eQ.004.mp4,1280,720,15.0,230,agreeableness,low
205,13666,left_cheek,453.6,326.0,548.2,473.4,727.1,497.6,845.2,681.8,NBacfF-K2eQ.004.mp4,1280,720,15.0,230,agreeableness,low
205,13666,right_cheek,664.0,361.5,784.1,499.2,990.0,541.9,1140.2,714.0,NBacfF-K2eQ.004.mp4,1280,720,15.0,230,agreeableness,low
206,13733,left_eye,448.0,231.1,541.4,328.6,720.0,378.8,836.8,500.7,NBacfF-K2eQ.004.mp4,1280,720,15.0,230,agreeableness,low
206,13733,right_eye,602.2,228.4,737.6,330.8,912.8,375.5,1082.0,503.5,NBacfF-K2eQ.004.mp4,1280,720,15.0,230,agreeableness,low
206,13733,nose,513.3,300.1,613.4,428.8,801.7,465.2,926.8,626.0,NBacfF-K2eQ.004.mp4,1280,720,15.0,230,agreeableness,low
206,13733,mouth,511.4,450.0,647.5,525.2,799.2,652.5,969.4,746.6,NBacfF-K2eQ.004.mp4,1280,720,15.0,230,agreeableness,low
206,13733,forehead,443.8,181.8,809.3,475.3,714.8,317.3,1171.6,684.1,NBacfF-K2eQ.004.mp4,1280,720,15.0,230,agreeableness,low
206,13733,chin,457.1,342.1,809.3,588.2,731.4,517.6,1171.6,825.2,NBacfF-K2eQ.004.mp4,1280,720,15.0,230,agreeableness,low
206,13733,left_cheek,440.0,344.3,517.4,481.9,710.0,520.4,806.7,692.4,NBacfF-K2eQ.004.mp4,1280,720,15.0,230,agreeableness,low
206,13733,right_cheek,631.4,346.5,764.7,492.5,949.3,523.2,1115.9,705.7,NBacfF-K2eQ.004.mp4,1280,720,15.0,230,agreeableness,low
207,13800,left_eye,427.6,255.6,503.2,348.1,694.5,409.5,789.0,525.1,NBacfF-K2eQ.004.mp4,1280,720,15.0,230,agreeableness,low
207,13800,right_eye,546.5,230.0,694.1,333.3,843.2,377.5,1027.7,506.6,NBacfF-K2eQ.004.mp4,1280,720,15.0,230,agreeableness,low
207,13800,nose,474.0,307.9,567.0,439.2,752.5,474.9,868.8,639.0,NBacfF-K2eQ.004.mp4,1280,720,15.0,230,agreeableness,low
207,13800,mouth,485.4,455.4,610.9,533.7,766.7,659.2,923.7,757.1,NBacfF-K2eQ.004.mp4,1280,720,15.0,230,agreeableness,low
207,13800,forehead,429.9,182.7,803.5,488.3,697.4,318.3,1164.4,700.4,NBacfF-K2eQ.004.mp4,1280,720,15.0,230,agreeableness,low
207,13800,chin,459.6,336.7,803.5,599.5,734.5,510.9,1164.4,839.4,NBacfF-K2eQ.004.mp4,1280,720,15.0,230,agreeableness,low
207,13800,left_cheek,426.6,370.7,484.2,504.5,693.2,553.3,765.2,720.6,NBacfF-K2eQ.004.mp4,1280,720,15.0,230,agreeableness,low
207,13800,right_cheek,589.9,343.2,738.4,494.8,897.4,519.0,1082.9,708.5,NBacfF-K2eQ.004.mp4,1280,720,15.0,230,agreeableness,low
208,13866,left_eye,423.9,257.2,490.8,354.8,689.9,411.5,773.5,533.5,NBacfF-K2eQ.004.mp4,1280,720,15.0,230,agreeableness,low
208,13866,right_eye,528.0,230.6,673.3,334.3,820.1,378.2,1001.6,507.9,NBacfF-K2eQ.004.mp4,1280,720,15.0,230,agreeableness,low
208,13866,nose,458.5,310.0,548.4,442.1,733.2,477.5,845.5,642.7,NBacfF-K2eQ.004.mp4,1280,720,15.0,230,agreeableness,low
208,13866,mouth,466.2,457.4,587.9,535.4,742.8,661.7,894.8,759.3,NBacfF-K2eQ.004.mp4,1280,720,15.0,230,agreeableness,low
208,13866,forehead,429.6,183.9,777.5,482.6,697.0,319.9,1131.9,693.2,NBacfF-K2eQ.004.mp4,1280,720,15.0,230,agreeableness,low
208,13866,chin,471.1,337.2,777.5,601.1,748.9,511.5,1131.9,841.4,NBacfF-K2eQ.004.mp4,1280,720,15.0,230,agreeableness,low
208,13866,left_cheek,431.3,370.5,473.8,502.3,699.1,553.1,752.2,717.8,NBacfF-K2eQ.004.mp4,1280,720,15.0,230,agreeableness,low
208,13866,right_cheek,569.0,343.5,712.1,494.7,871.2,519.4,1050.1,708.4,NBacfF-K2eQ.004.mp4,1280,720,15.0,230,agreeableness,low
209,13933,left_eye,426.1,260.4,495.9,356.3,692.6,415.5,779.9,535.4,NBacfF-K2eQ.004.mp4,1280,720,15.0,230,agreeableness,low
209,13933,right_eye,532.3,231.4,678.8,336.9,825.4,379.2,1008.5,511.1,NBacfF-K2eQ.004.mp4,1280,720,15.0,230,agreeableness,low
209,13933,nose,465.3,312.8,553.2,443.3,741.6,481.0,851.5,644.2,NBacfF-K2eQ.004.mp4,1280,720,15.0,230,agreeableness,low
209,13933,mouth,468.9,457.8,591.0,541.3,746.2,662.2,898.8,766.7,NBacfF-K2eQ.004.mp4,1280,720,15.0,230,agreeableness,low
209,13933,forehead,430.3,188.9,780.3,492.4,697.9,326.1,1135.4,705.4,NBacfF-K2eQ.004.mp4,1280,720,15.0,230,agreeableness,low
209,13933,chin,466.7,340.7,780.3,607.5,743.3,515.9,1135.4,849.4,NBacfF-K2eQ.004.mp4,1280,720,15.0,230,agreeableness,low
209,13933,left_cheek,427.9,374.8,477.1,507.7,694.9,558.5,756.4,724.6,NBacfF-K2eQ.004.mp4,1280,720,15.0,230,agreeableness,low
209,13933,right_cheek,573.8,345.8,713.6,497.0,877.2,522.3,1052.0,711.3,NBacfF-K2eQ.004.mp4,1280,720,15.0,230,agreeableness,low
210,14000,left_eye,427.7,259.0,499.3,355.8,694.7,413.7,784.1,534.8,NBacfF-K2eQ.004.mp4,1280,720,15.0,230,agreeableness,low
210,14000,right_eye,535.6,231.6,681.0,338.0,829.5,379.5,1011.3,512.5,NBacfF-K2eQ.004.mp4,1280,720,15.0,230,agreeableness,low
210,14000,nose,467.7,312.4,557.2,443.1,744.6,480.5,856.5,643.9,NBacfF-K2eQ.004.mp4,1280,720,15.0,230,agreeableness,low
210,14000,mouth,473.7,457.9,601.0,546.8,752.1,662.3,911.2,773.5,NBacfF-K2eQ.004.mp4,1280,720,15.0,230,agreeableness,low
210,14000,forehead,432.2,188.9,785.3,494.8,700.2,326.1,1141.6,708.5,NBacfF-K2eQ.004.mp4,1280,720,15.0,230,agreeableness,low
210,14000,chin,466.8,341.8,785.3,611.6,743.5,517.2,1141.6,854.5,NBacfF-K2eQ.004.mp4,1280,720,15.0,230,agreeableness,low
210,14000,left_cheek,427.9,374.7,479.1,508.9,694.8,558.4,758.8,726.2,NBacfF-K2eQ.004.mp4,1280,720,15.0,230,agreeableness,low
210,14000,right_cheek,577.8,346.4,717.4,499.2,882.3,523.1,1056.8,714.0,NBacfF-K2eQ.004.mp4,1280,720,15.0,230,agreeableness,low
211,14066,left_eye,427.8,263.7,501.5,361.5,694.7,419.6,786.9,541.9,NBacfF-K2eQ.004.mp4,1280,720,15.0,230,agreeableness,low
211,14066,right_eye,541.5,234.9,687.4,343.6,836.9,383.6,1019.2,519.4,NBacfF-K2eQ.004.mp4,1280,720,15.0,230,agreeableness,low
211,14066,nose,473.0,315.7,564.6,446.6,751.2,484.7,865.8,648.3,NBacfF-K2eQ.004.mp4,1280,720,15.0,230,agreeableness,low
211,14066,mouth,479.6,462.0,607.0,557.7,759.5,667.4,918.8,787.1,NBacfF-K2eQ.004.mp4,1280,720,15.0,230,agreeableness,low
211,14066,forehead,430.3,191.5,787.1,500.4,697.9,329.4,1143.8,715.5,NBacfF-K2eQ.004.mp4,1280,720,15.0,230,agreeableness,low
211,14066,chin,466.0,344.0,787.1,623.8,742.5,520.0,1143.8,869.7,NBacfF-K2eQ.004.mp4,1280,720,15.0,230,agreeableness,low
211,14066,left_cheek,428.5,379.7,482.2,516.6,695.6,564.7,762.8,735.8,NBacfF-K2eQ.004.mp4,1280,720,15.0,230,agreeableness,low
211,14066,right_cheek,584.2,348.8,722.1,506.3,890.3,526.0,1062.6,722.9,NBacfF-K2eQ.004.mp4,1280,720,15.0,230,agreeableness,low
212,14133,left_eye,426.3,263.4,503.2,360.0,692.9,419.2,789.0,540.0,NBacfF-K2eQ.004.mp4,1280,720,15.0,230,agreeableness,low
212,14133,right_eye,545.6,235.3,692.3,344.2,842.0,384.1,1025.4,520.2,NBacfF-K2eQ.004.mp4,1280,720,15.0,230,agreeableness,low
212,14133,nose,475.6,317.3,568.8,451.6,754.6,486.6,871.0,654.5,NBacfF-K2eQ.004.mp4,1280,720,15.0,230,agreeableness,low
212,14133,mouth,480.2,471.6,613.6,561.4,760.2,679.5,927.0,791.7,NBacfF-K2eQ.004.mp4,1280,720,15.0,230,agreeableness,low
212,14133,forehead,429.9,191.6,792.0,498.2,697.3,329.5,1150.0,712.7,NBacfF-K2eQ.004.mp4,1280,720,15.0,230,agreeableness,low
212,14133,chin,469.3,344.0,792.0,627.0,746.6,520.0,1150.0,873.8,NBacfF-K2eQ.004.mp4,1280,720,15.0,230,agreeableness,low
212,14133,left_cheek,429.9,378.8,484.5,517.8,697.4,563.5,765.6,737.3,NBacfF-K2eQ.004.mp4,1280,720,15.0,230,agreeableness,low
212,14133,right_cheek,588.5,349.9,729.1,508.2,895.7,527.4,1071.4,725.2,NBacfF-K2eQ.004.mp4,1280,720,15.0,230,agreeableness,low
213,14200,left_eye,427.1,258.4,504.2,357.2,693.9,413.0,790.3,536.6,NBacfF-K2eQ.004.mp4,1280,720,15.0,230,agreeableness,low
213,14200,right_eye,548.5,231.4,695.5,341.1,845.6,379.2,1029.4,516.4,NBacfF-K2eQ.004.mp4,1280,720,15.0,230,agreeableness,low
213,14200,nose,477.6,314.1,570.3,449.9,757.0,482.6,872.9,652.3,NBacfF-K2eQ.004.mp4,1280,720,15.0,230,agreeableness,low
213,14200,mouth,488.8,473.9,614.2,541.8,771.0,682.3,927.8,767.3,NBacfF-K2eQ.004.mp4,1280,720,15.0,230,agreeableness,low
213,14200,forehead,430.9,183.9,796.4,496.7,698.6,319.9,1155.5,710.8,NBacfF-K2eQ.004.mp4,1280,720,15.0,230,agreeableness,low
213,14200,chin,472.4,339.0,796.4,618.1,750.5,513.7,1155.5,862.7,NBacfF-K2eQ.004.mp4,1280,720,15.0,230,agreeableness,low
213,14200,left_cheek,432.7,376.5,486.0,514.5,700.9,560.6,767.5,733.2,NBacfF-K2eQ.004.mp4,1280,720,15.0,230,agreeableness,low
213,14200,right_cheek,589.0,347.1,734.8,505.5,896.2,523.9,1078.5,721.9,NBacfF-K2eQ.004.mp4,1280,720,15.0,230,agreeableness,low
214,14266,left_eye,426.1,246.1,505.2,347.1,692.6,397.7,791.4,523.9,NBacfF-K2eQ.004.mp4,1280,720,15.0,230,agreeableness,low
214,14266,right_eye,557.1,227.5,704.9,335.8,856.4,374.3,1041.1,509.7,NBacfF-K2eQ.004.mp4,1280,720,15.0,230,agreeableness,low
214,14266,nose,485.5,310.7,576.4,446.2,766.9,478.4,880.5,647.8,NBacfF-K2eQ.004.mp4,1280,720,15.0,230,agreeableness,low
214,14266,mouth,497.8,472.8,617.1,538.6,782.2,681.0,931.3,763.3,NBacfF-K2eQ.004.mp4,1280,720,15.0,230,agreeableness,low
214,14266,forehead,430.0,181.2,800.1,482.5,697.5,316.5,1160.1,693.2,NBacfF-K2eQ.004.mp4,1280,720,15.0,230,agreeableness,low
214,14266,chin,465.7,338.1,800.1,610.2,742.1,512.6,1160.1,852.7,NBacfF-K2eQ.004.mp4,1280,720,15.0,230,agreeableness,low
214,14266,left_cheek,430.4,366.0,489.8,506.9,697.9,547.5,772.2,723.6,NBacfF-K2eQ.004.mp4,1280,720,15.0,230,agreeableness,low
214,14266,right_cheek,598.1,346.2,742.3,504.1,907.6,522.8,1087.9,720.1,NBacfF-K2eQ.004.mp4,1280,720,15.0,230,agreeableness,low
215,14333,left_eye,431.0,246.4,514.1,348.9,698.8,398.0,802.6,526.1,NBacfF-K2eQ.004.mp4,1280,720,15.0,230,agreeableness,low
215,14333,right_eye,566.3,227.8,708.7,337.4,867.9,374.7,1045.9,511.7,NBacfF-K2eQ.004.mp4,1280,720,15.0,230,agreeableness,low
215,14333,nose,495.9,312.6,586.5,446.9,779.9,480.7,893.2,648.6,NBacfF-K2eQ.004.mp4,1280,720,15.0,230,agreeableness,low
215,14333,mouth,505.0,471.8,622.1,540.0,791.2,679.8,937.6,765.0,NBacfF-K2eQ.004.mp4,1280,720,15.0,230,agreeableness,low
215,14333,forehead,433.8,182.1,799.7,479.0,702.2,317.6,1159.6,688.7,NBacfF-K2eQ.004.mp4,1280,720,15.0,230,agreeableness,low
215,14333,chin,466.0,338.3,799.7,604.4,742.5,512.8,1159.6,845.5,NBacfF-K2eQ.004.mp4,1280,720,15.0,230,agreeableness,low
215,14333,left_cheek,434.1,364.6,498.7,505.4,702.7,545.8,783.4,721.8,NBacfF-K2eQ.004.mp4,1280,720,15.0,230,agreeableness,low
215,14333,right_cheek,605.4,346.6,743.0,504.0,916.7,523.3,1088.8,720.0,NBacfF-K2eQ.004.mp4,1280,720,15.0,230,agreeableness,low
216,14400,left_eye,439.4,244.2,526.6,349.2,709.2,395.3,818.3,526.5,NBacfF-K2eQ.004.mp4,1280,720,15.0,230,agreeableness,low
216,14400,right_eye,577.8,228.4,719.2,338.5,882.2,375.5,1059.0,513.1,NBacfF-K2eQ.004.mp4,1280,720,15.0,230,agreeableness,low
216,14400,nose,507.0,313.2,601.5,446.6,793.8,481.5,911.8,648.2,NBacfF-K2eQ.004.mp4,1280,720,15.0,230,agreeableness,low
216,14400,mouth,513.1,471.6,633.6,538.3,801.4,679.5,951.9,762.9,NBacfF-K2eQ.004.mp4,1280,720,15.0,230,agreeableness,low
216,14400,forehead,439.7,182.3,805.5,478.2,709.7,317.9,1166.9,687.8,NBacfF-K2eQ.004.mp4,1280,720,15.0,230,agreeableness,low
216,14400,chin,468.9,337.9,805.5,602.6,746.2,512.4,1166.9,843.2,NBacfF-K2eQ.004.mp4,1280,720,15.0,230,agreeableness,low
216,14400,left_cheek,440.7,363.5,509.4,504.7,710.8,544.4,796.8,720.8,NBacfF-K2eQ.004.mp4,1280,720,15.0,230,agreeableness,low
216,14400,right_cheek,618.8,346.8,754.2,503.4,933.6,523.5,1102.8,719.2,NBacfF-K2eQ.004.mp4,1280,720,15.0,230,agreeableness,low
217,14466,left_eye,441.3,239.2,529.4,343.6,711.6,389.1,821.7,519.5,NBacfF-K2eQ.004.mp4,1280,720,15.0,230,agreeableness,low
217,14466,right_eye,583.8,224.1,729.0,331.1,889.7,370.2,1071.3,503.9,NBacfF-K2eQ.004.mp4,1280,720,15.0,230,agreeableness,low
217,14466,nose,509.0,311.4,604.7,440.8,796.2,479.2,915.9,641.1,NBacfF-K2eQ.004.mp4,1280,720,15.0,230,agreeableness,low
217,14466,mouth,519.8,466.6,638.6,537.3,809.7,673.2,958.2,761.7,NBacfF-K2eQ.004.mp4,1280,720,15.0,230,agreeableness,low
217,14466,forehead,445.2,179.4,821.1,471.9,716.5,314.3,1186.4,679.8,NBacfF-K2eQ.004.mp4,1280,720,15.0,230,agreeableness,low
217,14466,chin,473.9,330.8,821.1,602.0,752.4,503.6,1186.4,842.5,NBacfF-K2eQ.004.mp4,1280,720,15.0,230,agreeableness,low
217,14466,left_cheek,442.4,358.0,512.1,498.6,713.0,537.5,800.1,713.3,NBacfF-K2eQ.004.mp4,1280,720,15.0,230,agreeableness,low
217,14466,right_cheek,624.8,340.7,766.3,497.1,941.0,515.9,1117.8,711.3,NBacfF-K2eQ.004.mp4,1280,720,15.0,230,agreeableness,low
218,14533,left_eye,442.2,237.4,533.2,339.7,712.7,386.8,826.6,514.6,NBacfF-K2eQ.004.mp4,1280,720,15.0,230,agreeableness,low
218,14533,right_eye,591.8,222.8,734.3,327.2,899.7,368.5,1077.9,499.0,NBacfF-K2eQ.004.mp4,1280,720,15.0,230,agreeableness,low
218,14533,nose,515.6,307.7,610.0,435.9,804.4,474.7,922.5,634.8,NBacfF-K2eQ.004.mp4,1280,720,15.0,230,agreeableness,low
218,14533,mouth,523.9,460.1,642.7,534.5,814.9,665.2,963.4,758.1,NBacfF-K2eQ.004.mp4,1280,720,15.0,230,agreeableness,low
218,14533,forehead,445.2,179.2,820.3,469.7,716.5,314.0,1185.4,677.2,NBacfF-K2eQ.004.mp4,1280,720,15.0,230,agreeableness,low
218,14533,chin,470.6,331.7,820.3,601.0,748.3,504.6,1185.4,841.3,NBacfF-K2eQ.004.mp4,1280,720,15.0,230,agreeableness,low
218,14533,left_cheek,441.7,355.3,516.3,494.3,712.1,534.1,805.3,707.8,NBacfF-K2eQ.004.mp4,1280,720,15.0,230,agreeableness,low
218,14533,right_cheek,630.1,339.5,769.4,492.3,947.7,514.4,1121.7,705.4,NBacfF-K2eQ.004.mp4,1280,720,15.0,230,agreeableness,low
219,14600,left_eye,442.8,236.8,538.3,339.2,713.6,386.0,832.9,514.0,NBacfF-K2eQ.004.mp4,1280,720,15.0,230,agreeableness,low
219,14600,right_eye,597.2,222.3,740.5,328.0,906.5,367.9,1085.6,499.9,NBacfF-K2eQ.004.mp4,1280,720,15.0,230,agreeableness,low
219,14600,nose,520.2,304.7,616.9,432.2,810.3,470.9,931.1,630.3,NBacfF-K2eQ.004.mp4,1280,720,15.0,230,agreeableness,low
219,14600,mouth,526.9,455.3,644.9,531.9,818.6,659.1,966.2,754.9,NBacfF-K2eQ.004.mp4,1280,720,15.0,230,agreeableness,low
219,14600,forehead,445.5,179.4,823.6,470.8,716.8,314.2,1189.5,678.5,NBacfF-K2eQ.004.mp4,1280,720,15.0,230,agreeableness,low
219,14600,chin,468.2,331.8,823.6,601.4,745.2,504.8,1189.5,841.8,NBacfF-K2eQ.004.mp4,1280,720,15.0,230,agreeableness,low
219,14600,left_cheek,442.2,355.7,520.1,494.1,712.8,534.6,810.1,707.7,NBacfF-K2eQ.004.mp4,1280,720,15.0,230,agreeableness,low
219,14600,right_cheek,635.6,339.9,773.6,491.4,954.5,514.9,1127.0,704.3,NBacfF-K2eQ.004.mp4,1280,720,15.0,230,agreeableness,low
220,14666,left_eye,443.9,235.2,543.3,337.8,714.9,384.0,839.1,512.3,NBacfF-K2eQ.004.mp4,1280,720,15.0,230,agreeableness,low
220,14666,right_eye,603.6,221.4,745.1,327.6,914.4,366.7,1091.3,499.5,NBacfF-K2eQ.004.mp4,1280,720,15.0,230,agreeableness,low
220,14666,nose,526.5,300.5,621.9,428.1,818.2,465.6,937.4,625.1,NBacfF-K2eQ.004.mp4,1280,720,15.0,230,agreeableness,low
220,14666,mouth,528.2,449.2,650.3,529.2,820.3,651.5,972.8,751.5,NBacfF-K2eQ.004.mp4,1280,720,15.0,230,agreeableness,low
220,14666,forehead,445.1,177.3,820.5,471.5,716.4,311.6,1185.7,679.4,NBacfF-K2eQ.004.mp4,1280,720,15.0,230,agreeableness,low
220,14666,chin,463.5,333.7,820.5,598.8,739.4,507.1,1185.7,838.5,NBacfF-K2eQ.004.mp4,1280,720,15.0,230,agreeableness,low
220,14666,left_cheek,443.2,354.5,524.9,491.6,714.0,533.1,816.1,704.5,NBacfF-K2eQ.004.mp4,1280,720,15.0,230,agreeableness,low
220,14666,right_cheek,640.2,339.7,774.6,488.2,960.2,514.6,1128.2,700.2,NBacfF-K2eQ.004.mp4,1280,720,15.0,230,agreeableness,low
221,14733,left_eye,445.7,233.0,547.7,336.1,717.1,381.2,844.6,510.2,NBacfF-K2eQ.004.mp4,1280,720,15.0,230,agreeableness,low
221,14733,right_eye,607.5,219.8,749.2,326.4,919.3,364.7,1096.5,498.0,NBacfF-K2eQ.004.mp4,1280,720,15.0,230,agreeableness,low
221,14733,nose,531.6,297.8,626.2,425.7,824.5,462.2,942.8,622.2,NBacfF-K2eQ.004.mp4,1280,720,15.0,230,agreeableness,low
221,14733,mouth,532.2,447.4,653.8,528.0,825.3,649.3,977.3,750.1,NBacfF-K2eQ.004.mp4,1280,720,15.0,230,agreeableness,low
221,14733,forehead,445.3,175.4,820.3,471.9,716.6,309.3,1185.3,679.9,NBacfF-K2eQ.004.mp4,1280,720,15.0,230,agreeableness,low
221,14733,chin,462.1,334.8,820.3,598.5,737.6,508.5,1185.3,838.1,NBacfF-K2eQ.004.mp4,1280,720,15.0,230,agreeableness,low
221,14733,left_cheek,444.7,353.5,528.7,490.6,715.8,531.8,820.8,703.3,NBacfF-K2eQ.004.mp4,1280,720,15.0,230,agreeableness,low
221,14733,right_cheek,644.5,339.0,777.7,487.1,965.6,513.8,1132.1,698.8,NBacfF-K2eQ.004.mp4,1280,720,15.0,230,agreeableness,low
222,14800,left_eye,449.8,229.2,550.9,332.2,722.3,376.5,848.6,505.2,NBacfF-K2eQ.004.mp4,1280,720,15.0,230,agreeableness,low
222,14800,right_eye,611.3,216.6,751.2,322.5,924.1,360.8,1098.9,493.2,NBacfF-K2eQ.004.mp4,1280,720,15.0,230,agreeableness,low
222,14800,nose,536.2,293.7,631.1,420.8,830.2,457.1,948.8,616.0,NBacfF-K2eQ.004.mp4,1280,720,15.0,230,agreeableness,low
222,14800,mouth,535.4,438.6,659.9,520.6,829.2,638.2,984.9,740.8,NBacfF-K2eQ.004.mp4,1280,720,15.0,230,agreeableness,low
222,14800,forehead,447.3,171.9,821.1,470.7,719.1,304.9,1186.3,678.4,NBacfF-K2eQ.004.mp4,1280,720,15.0,230,agreeableness,low
222,14800,chin,461.8,334.3,821.1,591.7,737.3,507.8,1186.3,829.7,NBacfF-K2eQ.004.mp4,1280,720,15.0,230,agreeableness,low
222,14800,left_cheek,447.3,350.1,533.0,486.6,719.1,527.7,826.2,698.2,NBacfF-K2eQ.004.mp4,1280,720,15.0,230,agreeableness,low
222,14800,right_cheek,648.5,335.7,779.9,482.4,970.6,509.6,1134.9,692.9,NBacfF-K2eQ.004.mp4,1280,720,15.0,230,agreeableness,low
223,14866,left_eye,454.7,219.5,550.2,323.3,728.3,364.4,847.7,494.2,NBacfF-K2eQ.004.mp4,1280,720,15.0,230,agreeableness,low
223,14866,right_eye,609.3,206.9,749.4,314.9,921.6,348.6,1096.7,483.6,NBacfF-K2eQ.004.mp4,1280,720,15.0,230,agreeableness,low
223,14866,nose,532.6,284.8,626.5,409.7,825.8,446.0,943.1,602.1,NBacfF-K2eQ.004.mp4,1280,720,15.0,230,agreeableness,low
223,14866,mouth,533.1,425.1,656.1,512.0,826.4,621.4,980.1,730.0,NBacfF-K2eQ.004.mp4,1280,720,15.0,230,agreeableness,low
223,14866,forehead,453.7,165.8,820.1,463.4,727.1,297.2,1185.1,669.3,NBacfF-K2eQ.004.mp4,1280,720,15.0,230,agreeableness,low
223,14866,chin,465.8,329.6,820.1,584.4,742.3,502.1,1185.1,820.5,NBacfF-K2eQ.004.mp4,1280,720,15.0,230,agreeableness,low
223,14866,left_cheek,449.7,340.7,531.4,476.3,722.1,515.8,824.2,685.3,NBacfF-K2eQ.004.mp4,1280,720,15.0,230,agreeableness,low
223,14866,right_cheek,644.7,328.3,777.6,473.8,965.8,500.4,1132.0,682.2,NBacfF-K2eQ.004.mp4,1280,720,15.0,230,agreeableness,low
224,14933,left_eye,462.4,207.8,550.7,311.3,738.0,349.8,848.3,479.1,NBacfF-K2eQ.004.mp4,1280,720,15.0,230,agreeableness,low
224,14933,right_eye,613.7,206.6,752.4,314.7,927.2,348.2,1100.6,483.4,NBacfF-K2eQ.004.mp4,1280,720,15.0,230,agreeableness,low
224,14933,nose,527.9,279.7,619.0,400.6,819.8,439.6,933.7,590.8,NBacfF-K2eQ.004.mp4,1280,720,15.0,230,agreeableness,low
224,14933,mouth,521.0,418.2,642.3,516.1,811.3,612.8,962.9,735.1,NBacfF-K2eQ.004.mp4,1280,720,15.0,230,agreeableness,low
224,14933,forehead,463.0,165.5,819.6,464.8,738.7,296.8,1184.5,671.0,NBacfF-K2eQ.004.mp4,1280,720,15.0,230,agreeableness,low
224,14933,chin,470.2,333.3,819.6,583.2,747.8,506.6,1184.5,819.0,NBacfF-K2eQ.004.mp4,1280,720,15.0,230,agreeableness,low
224,14933,left_cheek,449.7,326.7,530.0,463.8,722.2,498.4,822.4,669.8,NBacfF-K2eQ.004.mp4,1280,720,15.0,230,agreeableness,low
224,14933,right_cheek,644.1,329.9,776.6,476.6,965.1,502.4,1130.8,685.8,NBacfF-K2eQ.004.mp4,1280,720,15.0,230,agreeableness,low
225,15000,left_eye,473.4,204.0,556.2,304.5,751.7,345.0,855.2,470.7,NBacfF-K2eQ.004.mp4,1280,720,15.0,230,agreeableness,low
225,15000,right_eye,624.5,208.9,761.9,316.0,940.6,351.1,1112.4,484.9,NBacfF-K2eQ.004.mp4,1280,720,15.0,230,agreeableness,low
225,15000,nose,527.3,278.6,618.8,399.9,819.2,438.3,933.5,589.9,NBacfF-K2eQ.004.mp4,1280,720,15.0,230,agreeableness,low
225,15000,mouth,519.5,418.0,634.5,509.6,809.4,612.5,953.1,726.9,NBacfF-K2eQ.004.mp4,1280,720,15.0,230,agreeableness,low
225,15000,forehead,475.9,164.7,822.5,480.4,754.9,295.9,1188.2,690.5,NBacfF-K2eQ.004.mp4,1280,720,15.0,230,agreeableness,low
225,15000,chin,477.2,324.2,822.5,583.0,756.6,495.3,1188.2,818.8,NBacfF-K2eQ.004.mp4,1280,720,15.0,230,agreeableness,low
225,15000,left_cheek,451.7,317.3,530.7,455.1,724.6,486.7,823.4,658.9,NBacfF-K2eQ.004.mp4,1280,720,15.0,230,agreeableness,low
225,15000,right_cheek,644.0,337.1,778.8,482.0,965.0,511.4,1133.5,692.5,NBacfF-K2eQ.004.mp4,1280,720,15.0,230,agreeableness,low
226,15066,left_eye,476.4,203.5,566.1,307.3,755.5,344.4,867.6,474.1,NBacfF-K2eQ.004.mp4,1280,720,15.0,230,agreeableness,low
226,15066,right_eye,634.1,215.6,767.6,323.9,952.6,359.4,1119.5,494.9,NBacfF-K2eQ.004.mp4,1280,720,15.0,230,agreeableness,low
226,15066,nose,530.6,279.8,621.6,403.4,823.2,439.7,937.1,594.2,NBacfF-K2eQ.004.mp4,1280,720,15.0,230,agreeableness,low
226,15066,mouth,520.0,422.6,636.8,511.3,810.0,618.3,956.0,729.2,NBacfF-K2eQ.004.mp4,1280,720,15.0,230,agreeableness,low
226,15066,forehead,474.2,166.1,822.3,486.0,752.7,297.6,1187.9,697.5,NBacfF-K2eQ.004.mp4,1280,720,15.0,230,agreeableness,low
226,15066,chin,474.7,321.6,822.3,583.0,753.3,492.0,1187.9,818.8,NBacfF-K2eQ.004.mp4,1280,720,15.0,230,agreeableness,low
226,15066,left_cheek,453.4,316.2,535.0,455.6,726.7,485.2,828.8,659.4,NBacfF-K2eQ.004.mp4,1280,720,15.0,230,agreeableness,low
226,15066,right_cheek,646.9,345.3,779.6,488.8,968.7,521.6,1134.5,701.1,NBacfF-K2eQ.004.mp4,1280,720,15.0,230,agreeableness,low
227,15133,left_eye,478.6,202.4,572.8,308.4,758.3,343.0,876.0,475.5,NBacfF-K2eQ.004.mp4,1280,720,15.0,230,agreeableness,low
227,15133,right_eye,640.8,219.8,772.1,330.1,961.1,364.8,1125.1,502.7,NBacfF-K2eQ.004.mp4,1280,720,15.0,230,agreeableness,low
227,15133,nose,533.5,280.9,624.3,404.5,826.9,441.2,940.3,595.6,NBacfF-K2eQ.004.mp4,1280,720,15.0,230,agreeableness,low
227,15133,mouth,517.7,424.2,636.2,525.2,807.2,620.2,955.2,746.5,NBacfF-K2eQ.004.mp4,1280,720,15.0,230,agreeableness,low
227,15133,forehead,468.3,166.3,820.6,491.0,745.4,297.9,1185.7,703.8,NBacfF-K2eQ.004.mp4,1280,720,15.0,230,agreeableness,low
227,15133,chin,468.3,319.9,818.6,585.0,745.4,489.9,1183.2,821.3,NBacfF-K2eQ.004.mp4,1280,720,15.0,230,agreeableness,low
227,15133,left_cheek,453.3,315.1,537.3,456.9,726.6,483.9,831.6,661.2,NBacfF-K2eQ.004.mp4,1280,720,15.0,230,agreeableness,low
227,15133,right_cheek,649.1,352.0,779.8,495.7,971.4,530.0,1134.8,709.7,NBacfF-K2eQ.004.mp4,1280,720,15.0,230,agreeableness,low
228,15200,left_eye,481.5,203.8,579.0,309.5,761.9,344.7,883.8,476.9,NBacfF-K2eQ.004.mp4,1280,720,15.0,230,agreeableness,low
228,15200,right_eye,646.2,225.6,775.4,335.6,967.7,371.9,1129.2,509.5,NBacfF-K2eQ.004.mp4,1280,720,15.0,230,agreeableness,low
228,15200,nose,537.8,285.1,628.6,408.8,832.2,446.3,945.8,601.0,NBacfF-K2eQ.004.mp4,1280,720,15.0,230,agreeableness,low
228,15200,mouth,518.2,425.4,638.6,528.1,807.8,621.8,958.3,750.1,NBacfF-K2eQ.004.mp4,1280,720,15.0,230,agreeableness,low
228,15200,forehead,463.5,167.0,820.5,496.2,739.4,298.8,1185.6,710.2,NBacfF-K2eQ.004.mp4,1280,720,15.0,230,agreeableness,low
228,15200,chin,463.5,322.3,815.8,585.6,739.4,492.9,1179.8,822.0,NBacfF-K2eQ.004.mp4,1280,720,15.0,230,agreeableness,low
228,15200,left_cheek,453.2,317.4,540.6,459.3,726.5,486.7,835.7,664.2,NBacfF-K2eQ.004.mp4,1280,720,15.0,230,agreeableness,low
228,15200,right_cheek,652.3,356.1,780.4,500.1,975.4,535.1,1135.5,715.1,NBacfF-K2eQ.004.mp4,1280,720,15.0,230,agreeableness,low
229,15266,left_eye,481.8,202.3,580.9,308.7,762.3,342.9,886.1,475.9,NBacfF-K2eQ.004.mp4,1280,720,15.0,230,agreeableness,low
229,15266,right_eye,649.7,224.7,780.1,334.5,972.1,370.9,1135.2,508.2,NBacfF-K2eQ.004.mp4,1280,720,15.0,230,agreeableness,low
229,15266,nose,538.5,284.0,631.3,407.9,833.1,445.0,949.2,599.9,NBacfF-K2eQ.004.mp4,1280,720,15.0,230,agreeableness,low
229,15266,mouth,518.7,425.8,639.0,523.7,808.4,622.3,958.8,744.7,NBacfF-K2eQ.004.mp4,1280,720,15.0,230,agreeableness,low
229,15266,forehead,460.1,164.9,822.9,497.0,735.1,296.1,1188.6,711.2,NBacfF-K2eQ.004.mp4,1280,720,15.0,230,agreeableness,low
229,15266,chin,460.1,322.0,817.4,584.1,735.1,492.5,1181.8,820.2,NBacfF-K2eQ.004.mp4,1280,720,15.0,230,agreeableness,low
229,15266,left_cheek,452.9,316.2,540.8,459.0,726.1,485.2,836.0,663.7,NBacfF-K2eQ.004.mp4,1280,720,15.0,230,agreeableness,low
229,15266,right_cheek,655.7,355.5,784.5,499.2,979.6,534.4,1140.7,714.0,NBacfF-K2eQ.004.mp4,1280,720,15.0,230,agreeableness,low
